game_id,play_id,play_type,yards_gained,starting_yard,ending_yard,posteam,qtr,game_seconds_remaining,yardline_100,time_of_play,time_on_clock_start,time_on_clock_end,timeout_team,home_team_score,away_team_score,down,yds_to_go,defense_personnel,defense_positions,n_defense,defenders_in_box,number_of_pass_rushers,defense_man_zone_type,defense_coverage_type,was_pressure,offense_player_ids,offense_player_names,defense_player_ids,defense_player_names
2020_04_LAC_TB,1,start_quarter_1,,,,,1.0,3600.0,,0.0,15:00,15:00,,0.0,0.0,,0.0,,,0,,,,,,,,,
2020_04_LAC_TB,41,kickoff,0.0,35.0,35.0,TB,1.0,3600.0,35.0,0.0,15:00,15:00,,0.0,0.0,,0.0,,;;;;;;;;;;,11,,,,,,00-0033566;00-0034545;00-0032725;00-0035908;00-0035432;00-0032892;00-0034903;00-0035538;00-0031543;00-0034835;00-0036380,Desmond King;Brandon Facyson;Stephen Anderson;Gabe Nabers;Jason Moore;Nick Vigil;Tevaughn Campbell;Emeke Egbule;Ty Long;Malik Jefferson;Alohi Gilman,00-0032772;00-0033595;00-0035254;00-0032637;00-0034613;00-0034415;00-0030382;00-0033006;00-0035000;00-0030465;00-0035681,Ryan Smith;Pat O'Connor;Anthony Nelson;Andrew Adams;Tanner Hudson;Jack Cichy;Kevin Minter;Jaydon Mickens;Quinton Bell;Kenjon Barner;Mike Edwards
2020_04_LAC_TB,56,pass,3.0,75.0,72.0,TB,1.0,3600.0,75.0,35.0,15:00,14:25,,0.0,0.0,1.0,10.0,"3 DL, 3 LB, 5 DB",;;;;;;;;;;,11,7,4,ZONE_COVERAGE,COVER_3,True,00-0029895;00-0034816;00-0031408;00-0032243;00-0032217;00-0034386;00-0019596;00-0035298;00-0036406;00-0034678;00-0027656,Ryan Jensen;Ronald Jones;Mike Evans;Ali Marpet;Donovan Smith;Justin Watson;Tom Brady;Scott Miller;Tristan Wirfs;Alex Cappa;Rob Gronkowski,00-0033566;00-0033941;00-0027885;00-0036441;00-0034375;00-0035674;00-0033156;00-0033697;00-0029261;00-0034350;00-0035677,"Desmond King;Rayshawn Jenkins;Linval Joseph;Kenneth Murray, Jr.;Kyzir White;Jerry Tillery;Joey Bosa;Michael Davis;Casey Hayward;Uchenna Nwosu;Nasir Adderley"
2020_04_LAC_TB,80,run,9.0,72.0,63.0,TB,1.0,3565.0,72.0,31.0,14:25,13:54,,0.0,0.0,2.0,7.0,"3 DL, 4 LB, 4 DB",;;;;;;;;;;,11,7,,,,,00-0029895;00-0034816;00-0033879;00-0032243;00-0032217;00-0031408;00-0019596;00-0036427;00-0036406;00-0034678;00-0027656,Ryan Jensen;Ronald Jones;O.J. Howard;Ali Marpet;Donovan Smith;Mike Evans;Tom Brady;Tyler Johnson;Tristan Wirfs;Alex Cappa;Rob Gronkowski,00-0033941;00-0027885;00-0036441;00-0034375;00-0035674;00-0032103;00-0033156;00-0033697;00-0029261;00-0034350;00-0035677,"Rayshawn Jenkins;Linval Joseph;Kenneth Murray, Jr.;Kyzir White;Jerry Tillery;Denzel Perryman;Joey Bosa;Michael Davis;Casey Hayward;Uchenna Nwosu;Nasir Adderley"
2020_04_LAC_TB,101,pass,7.0,63.0,56.0,TB,1.0,3534.0,63.0,38.0,13:54,13:16,,0.0,0.0,1.0,10.0,"3 DL, 3 LB, 5 DB",;;;;;;;;;;,11,4,4,ZONE_COVERAGE,COVER_3,False,00-0029895;00-0034816;00-0031408;00-0032243;00-0032217;00-0034386;00-0019596;00-0036427;00-0036406;00-0034678;00-0027656,Ryan Jensen;Ronald Jones;Mike Evans;Ali Marpet;Donovan Smith;Justin Watson;Tom Brady;Tyler Johnson;Tristan Wirfs;Alex Cappa;Rob Gronkowski,00-0033941;00-0027885;00-0036441;00-0034375;00-0035674;00-0034903;00-0033156;00-0033697;00-0029261;00-0034350;00-0035677,"Rayshawn Jenkins;Linval Joseph;Kenneth Murray, Jr.;Kyzir White;Jerry Tillery;Tevaughn Campbell;Joey Bosa;Michael Davis;Casey Hayward;Uchenna Nwosu;Nasir Adderley"
2020_04_LAC_TB,125,run,4.0,56.0,52.0,TB,1.0,3496.0,56.0,39.0,13:16,12:37,,0.0,0.0,2.0,3.0,"3 DL, 4 LB, 4 DB",;;;;;;;;;;,11,7,,,,,00-0029895;00-0034816;00-0033879;00-0031408;00-0032243;00-0032217;00-0034386;00-0019596;00-0036406;00-0034678;00-0027656,Ryan Jensen;Ronald Jones;O.J. Howard;Mike Evans;Ali Marpet;Donovan Smith;Justin Watson;Tom Brady;Tristan Wirfs;Alex Cappa;Rob Gronkowski,00-0033941;00-0027885;00-0036441;00-0034375;00-0035674;00-0032103;00-0033156;00-0033697;00-0029261;00-0034350;00-0035677,"Rayshawn Jenkins;Linval Joseph;Kenneth Murray, Jr.;Kyzir White;Jerry Tillery;Denzel Perryman;Joey Bosa;Michael Davis;Casey Hayward;Uchenna Nwosu;Nasir Adderley"
2020_04_LAC_TB,146,pass,24.0,52.0,28.0,TB,1.0,3457.0,52.0,40.0,12:37,11:57,,0.0,0.0,1.0,10.0,"3 DL, 3 LB, 5 DB",;;;;;;;;;;,11,7,4,ZONE_COVERAGE,COVER_3,False,00-0029895;00-0031408;00-0032243;00-0032217;00-0034386;00-0019596;00-0035298;00-0027029;00-0036406;00-0034678;00-0027656,Ryan Jensen;Mike Evans;Ali Marpet;Donovan Smith;Justin Watson;Tom Brady;Scott Miller;LeSean McCoy;Tristan Wirfs;Alex Cappa;Rob Gronkowski,00-0033566;00-0033941;00-0027885;00-0036441;00-0034375;00-0035674;00-0033156;00-0033697;00-0029261;00-0034350;00-0035677,"Desmond King;Rayshawn Jenkins;Linval Joseph;Kenneth Murray, Jr.;Kyzir White;Jerry Tillery;Joey Bosa;Michael Davis;Casey Hayward;Uchenna Nwosu;Nasir Adderley"
2020_04_LAC_TB,170,run,3.0,28.0,25.0,TB,1.0,3417.0,28.0,38.0,11:57,11:19,,0.0,0.0,1.0,10.0,"3 DL, 3 LB, 5 DB",;;;;;;;;;;,11,7,,,,,00-0029895;00-0031408;00-0032243;00-0032217;00-0034386;00-0019596;00-0027029;00-0035298;00-0036406;00-0034678;00-0027656,Ryan Jensen;Mike Evans;Ali Marpet;Donovan Smith;Justin Watson;Tom Brady;LeSean McCoy;Scott Miller;Tristan Wirfs;Alex Cappa;Rob Gronkowski,00-0033566;00-0033941;00-0027885;00-0036441;00-0034375;00-0035674;00-0033156;00-0033697;00-0029261;00-0034350;00-0035677,"Desmond King;Rayshawn Jenkins;Linval Joseph;Kenneth Murray, Jr.;Kyzir White;Jerry Tillery;Joey Bosa;Michael Davis;Casey Hayward;Uchenna Nwosu;Nasir Adderley"
2020_04_LAC_TB,191,pass,17.0,25.0,8.0,TB,1.0,3379.0,25.0,33.0,11:19,10:46,,0.0,0.0,2.0,7.0,"3 DL, 3 LB, 5 DB",;;;;;;;;;;,11,7,4,MAN_COVERAGE,COVER_1,False,00-0029895;00-0034816;00-0032243;00-0032217;00-0031408;00-0034386;00-0019596;00-0035298;00-0036406;00-0034678;00-0027656,Ryan Jensen;Ronald Jones;Ali Marpet;Donovan Smith;Mike Evans;Justin Watson;Tom Brady;Scott Miller;Tristan Wirfs;Alex Cappa;Rob Gronkowski,00-0033566;00-0033941;00-0027885;00-0036441;00-0034375;00-0035674;00-0033156;00-0033697;00-0029261;00-0034350;00-0035677,"Desmond King;Rayshawn Jenkins;Linval Joseph;Kenneth Murray, Jr.;Kyzir White;Jerry Tillery;Joey Bosa;Michael Davis;Casey Hayward;Uchenna Nwosu;Nasir Adderley"
2020_04_LAC_TB,220,run,5.0,8.0,3.0,TB,1.0,3346.0,8.0,37.0,10:46,10:09,,0.0,0.0,1.0,8.0,"3 DL, 4 LB, 4 DB",;;;;;;;;;;,11,8,,,,,00-0029895;00-0034816;00-0033879;00-0031408;00-0032243;00-0032217;00-0034386;00-0019596;00-0036406;00-0034678;00-0027656,Ryan Jensen;Ronald Jones;O.J. Howard;Mike Evans;Ali Marpet;Donovan Smith;Justin Watson;Tom Brady;Tristan Wirfs;Alex Cappa;Rob Gronkowski,00-0033941;00-0027885;00-0036441;00-0034375;00-0035674;00-0032103;00-0033156;00-0033697;00-0029261;00-0034350;00-0035677,"Rayshawn Jenkins;Linval Joseph;Kenneth Murray, Jr.;Kyzir White;Jerry Tillery;Denzel Perryman;Joey Bosa;Michael Davis;Casey Hayward;Uchenna Nwosu;Nasir Adderley"
2020_04_LAC_TB,241,pass,0.0,3.0,3.0,TB,1.0,3309.0,3.0,4.0,10:09,10:05,,0.0,0.0,2.0,3.0,"3 DL, 3 LB, 5 DB",;;;;;;;;;;,11,7,4,ZONE_COVERAGE,COVER_3,False,00-0029895;00-0034816;00-0031408;00-0032243;00-0032217;00-0034386;00-0019596;00-0036427;00-0036406;00-0034678;00-0027656,Ryan Jensen;Ronald Jones;Mike Evans;Ali Marpet;Donovan Smith;Justin Watson;Tom Brady;Tyler Johnson;Tristan Wirfs;Alex Cappa;Rob Gronkowski,00-0033566;00-0033941;00-0027885;00-0036441;00-0034375;00-0035674;00-0033156;00-0033697;00-0029261;00-0034350;00-0035677,"Desmond King;Rayshawn Jenkins;Linval Joseph;Kenneth Murray, Jr.;Kyzir White;Jerry Tillery;Joey Bosa;Michael Davis;Casey Hayward;Uchenna Nwosu;Nasir Adderley"
2020_04_LAC_TB,263,pass,3.0,3.0,0.0,TB,1.0,3305.0,3.0,5.0,10:05,10:00,,6.0,0.0,3.0,3.0,"3 DL, 3 LB, 5 DB",;;;;;;;;;;,11,5,3,ZONE_COVERAGE,COVER_4,False,00-0029895;00-0031273;00-0033879;00-0031408;00-0032243;00-0032217;00-0034386;00-0019596;00-0036406;00-0034678;00-0027656,Ryan Jensen;Cameron Brate;O.J. Howard;Mike Evans;Ali Marpet;Donovan Smith;Justin Watson;Tom Brady;Tristan Wirfs;Alex Cappa;Rob Gronkowski,00-0033566;00-0033941;00-0027885;00-0036441;00-0034375;00-0035674;00-0033156;00-0033697;00-0029261;00-0034350;00-0035677,"Desmond King;Rayshawn Jenkins;Linval Joseph;Kenneth Murray, Jr.;Kyzir White;Jerry Tillery;Joey Bosa;Michael Davis;Casey Hayward;Uchenna Nwosu;Nasir Adderley"
2020_04_LAC_TB,288,extra_point,0.0,15.0,15.0,TB,1.0,3300.0,15.0,0.0,10:00,10:00,,7.0,0.0,,0.0,,;;;;;;;;;;,11,,,,,,00-0032065;00-0033196;00-0033879;00-0032243;00-0032217;00-0034773;00-0026968;00-0030386;00-0030829;00-0036406;00-0034678,Bradley Pinion;Zach Triner;O.J. Howard;Ali Marpet;Donovan Smith;Vita Vea;Ryan Succop;William Gholston;Josh Wells;Tristan Wirfs;Alex Cappa,00-0033566;00-0035315;00-0033588;00-0027885;00-0030148;00-0036441;00-0034545;00-0035674;00-0033697;00-0034350;00-0035677,"Desmond King;Cortez Broughton;Isaac Rochell;Linval Joseph;Damion Square;Kenneth Murray, Jr.;Brandon Facyson;Jerry Tillery;Michael Davis;Uchenna Nwosu;Nasir Adderley"
2020_04_LAC_TB,304,kickoff,0.0,35.0,35.0,LAC,1.0,3300.0,35.0,0.0,10:00,10:00,,7.0,0.0,,0.0,,;;;;;;;;;;,11,,,,,,00-0036106;00-0032065;00-0032772;00-0034778;00-0033595;00-0035239;00-0032637;00-0034415;00-0030382;00-0035000;00-0035681,Parnell Motley;Bradley Pinion;Ryan Smith;Carlton Davis III;Pat O'Connor;Sean Murphy-Bunting;Andrew Adams;Jack Cichy;Kevin Minter;Quinton Bell;Mike Edwards,00-0032725;00-0034545;00-0035908;00-0032892;00-0035906;00-0035457;00-0035538;00-0034835;00-0036370;00-0036380;00-0036382,Stephen Anderson;Brandon Facyson;Gabe Nabers;Nick Vigil;Jessie Lemonier;Tyron Johnson;Emeke Egbule;Malik Jefferson;Joshua Kelley;Alohi Gilman;K.J. Hill
2020_04_LAC_TB,319,pass,2.0,75.0,73.0,LAC,1.0,3300.0,75.0,28.0,10:00,9:32,,7.0,0.0,1.0,10.0,"3 DL, 4 LB, 4 DB",;;;;;;;;;;,11,7,4,ZONE_COVERAGE,COVER_3,True,00-0033542;00-0033699;00-0033090;00-0033578;00-0035688;00-0031128;00-0033910;00-0036355;00-0035414;00-0030279;00-0028142,Forrest Lamp;Austin Ekeler;Hunter Henry;Sam Tevi;Trey Pipkins;Ryan Groy;Dan Feeney;Justin Herbert;Jalen Guyton;Keenan Allen;Virgil Green,00-0034374;00-0034778;00-0036411;00-0034773;00-0031101;00-0027867;00-0035239;00-0030386;00-0027855;00-0029562;00-0035707,Jordan Whitehead;Carlton Davis III;Antoine Winfield Jr.;Vita Vea;Shaquil Barrett;Jason Pierre-Paul;Sean Murphy-Bunting;William Gholston;Ndamukong Suh;Lavonte David;Devin White
2020_04_LAC_TB,348,run,10.0,73.0,63.0,LAC,1.0,3272.0,73.0,36.0,9:32,8:56,,7.0,0.0,2.0,8.0,"3 DL, 4 LB, 4 DB",;;;;;;;;;;,11,7,,,,,00-0033542;00-0033699;00-0033090;00-0033578;00-0035688;00-0031128;00-0033910;00-0036355;00-0035414;00-0030279;00-0028142,Forrest Lamp;Austin Ekeler;Hunter Henry;Sam Tevi;Trey Pipkins;Ryan Groy;Dan Feeney;Justin Herbert;Jalen Guyton;Keenan Allen;Virgil Green,00-0034374;00-0034778;00-0036411;00-0034773;00-0031101;00-0027867;00-0035239;00-0030386;00-0027855;00-0029562;00-0035707,Jordan Whitehead;Carlton Davis III;Antoine Winfield Jr.;Vita Vea;Shaquil Barrett;Jason Pierre-Paul;Sean Murphy-Bunting;William Gholston;Ndamukong Suh;Lavonte David;Devin White
2020_04_LAC_TB,374,pass,10.0,63.0,53.0,LAC,1.0,3236.0,63.0,32.0,8:56,8:24,,7.0,0.0,1.0,10.0,"2 DL, 4 LB, 5 DB",;;;;;;;;;;,11,6,2,MAN_COVERAGE,COVER_1,False,00-0033542;00-0033090;00-0035432;00-0033578;00-0035688;00-0031128;00-0033910;00-0036355;00-0035414;00-0030279;00-0036370,Forrest Lamp;Hunter Henry;Jason Moore;Sam Tevi;Trey Pipkins;Ryan Groy;Dan Feeney;Justin Herbert;Jalen Guyton;Keenan Allen;Joshua Kelley,00-0034374;00-0034778;00-0036411;00-0034773;00-0031101;00-0035239;00-0027867;00-0027855;00-0035707;00-0029562;00-0035699,Jordan Whitehead;Carlton Davis III;Antoine Winfield Jr.;Vita Vea;Shaquil Barrett;Sean Murphy-Bunting;Jason Pierre-Paul;Ndamukong Suh;Devin White;Lavonte David;Jamel Dean
2020_04_LAC_TB,403,pass,53.0,53.0,0.0,LAC,1.0,3204.0,53.0,10.0,8:24,8:14,,7.0,6.0,1.0,10.0,"3 DL, 4 LB, 4 DB",;;;;;;;;;;,11,7,4,ZONE_COVERAGE,COVER_6,True,00-0033542;00-0033090;00-0033578;00-0035688;00-0031128;00-0035457;00-0033910;00-0036355;00-0030279;00-0036370;00-0028142,Forrest Lamp;Hunter Henry;Sam Tevi;Trey Pipkins;Ryan Groy;Tyron Johnson;Dan Feeney;Justin Herbert;Keenan Allen;Joshua Kelley;Virgil Green,00-0034374;00-0034778;00-0036411;00-0034773;00-0031101;00-0027867;00-0035239;00-0030386;00-0027855;00-0029562;00-0035707,Jordan Whitehead;Carlton Davis III;Antoine Winfield Jr.;Vita Vea;Shaquil Barrett;Jason Pierre-Paul;Sean Murphy-Bunting;William Gholston;Ndamukong Suh;Lavonte David;Devin White
2020_04_LAC_TB,428,extra_point,0.0,15.0,15.0,LAC,1.0,3194.0,15.0,0.0,8:14,8:14,,7.0,7.0,,0.0,,;;;;;;;;;;,11,,,,,,00-0034084;00-0033588;00-0033542;00-0032725;00-0034392;00-0034917;00-0033578;00-0035688;00-0031543;00-0033910;00-0028142,Mike Badgley;Isaac Rochell;Forrest Lamp;Stephen Anderson;Scott Quessenberry;Cole Mazza;Sam Tevi;Trey Pipkins;Ty Long;Dan Feeney;Virgil Green,00-0031957;00-0034374;00-0032772;00-0033595;00-0036411;00-0034773;00-0031101;00-0035254;00-0030386;00-0035707;00-0035699,Rakeem Nunez-Roches;Jordan Whitehead;Ryan Smith;Pat O'Connor;Antoine Winfield Jr.;Vita Vea;Shaquil Barrett;Anthony Nelson;William Gholston;Devin White;Jamel Dean
2020_04_LAC_TB,444,kickoff,0.0,35.0,35.0,TB,1.0,3194.0,35.0,7.0,8:14,8:07,,7.0,7.0,,0.0,,;;;;;;;;;;,11,,,,,,00-0033566;00-0034545;00-0032725;00-0035908;00-0035432;00-0032892;00-0034903;00-0035538;00-0031543;00-0034835;00-0036380,Desmond King;Brandon Facyson;Stephen Anderson;Gabe Nabers;Jason Moore;Nick Vigil;Tevaughn Campbell;Emeke Egbule;Ty Long;Malik Jefferson;Alohi Gilman,00-0032772;00-0033595;00-0035254;00-0032637;00-0034613;00-0034415;00-0030382;00-0033006;00-0035000;00-0030465;00-0035681,Ryan Smith;Pat O'Connor;Anthony Nelson;Andrew Adams;Tanner Hudson;Jack Cichy;Kevin Minter;Jaydon Mickens;Quinton Bell;Kenjon Barner;Mike Edwards
2020_04_LAC_TB,466,no_play,0.0,67.0,67.0,TB,1.0,3187.0,67.0,0.0,8:07,8:07,,7.0,7.0,1.0,10.0,"3 DL, 3 LB, 5 DB",;;;;;;;;;;,11,,,,,,00-0029895;00-0034816;00-0032217;00-0032243;00-0031408;00-0034386;00-0019596;00-0036406;00-0036427;00-0034678;00-0027656,Ryan Jensen;Ronald Jones;Donovan Smith;Ali Marpet;Mike Evans;Justin Watson;Tom Brady;Tristan Wirfs;Tyler Johnson;Alex Cappa;Rob Gronkowski,00-0035315;00-0033566;00-0033941;00-0033588;00-0027885;00-0036441;00-0034375;00-0033697;00-0029261;00-0034350;00-0035677,"Cortez Broughton;Desmond King;Rayshawn Jenkins;Isaac Rochell;Linval Joseph;Kenneth Murray, Jr.;Kyzir White;Michael Davis;Casey Hayward;Uchenna Nwosu;Nasir Adderley"
2020_04_LAC_TB,489,pass,6.0,72.0,66.0,TB,1.0,3187.0,72.0,35.0,8:07,7:32,,7.0,7.0,1.0,15.0,"3 DL, 3 LB, 5 DB",;;;;;;;;;;,11,6,4,ZONE_COVERAGE,COVER_3,False,00-0029895;00-0034816;00-0032243;00-0032217;00-0031408;00-0034386;00-0019596;00-0035298;00-0036406;00-0034678;00-0027656,Ryan Jensen;Ronald Jones;Ali Marpet;Donovan Smith;Mike Evans;Justin Watson;Tom Brady;Scott Miller;Tristan Wirfs;Alex Cappa;Rob Gronkowski,00-0033566;00-0035315;00-0033941;00-0033588;00-0027885;00-0036441;00-0034375;00-0033697;00-0029261;00-0034350;00-0035677,"Desmond King;Cortez Broughton;Rayshawn Jenkins;Isaac Rochell;Linval Joseph;Kenneth Murray, Jr.;Kyzir White;Michael Davis;Casey Hayward;Uchenna Nwosu;Nasir Adderley"
2020_04_LAC_TB,513,no_play,0.0,66.0,66.0,TB,1.0,3152.0,66.0,5.0,7:32,7:27,,7.0,7.0,2.0,9.0,"3 DL, 3 LB, 5 DB",;;;;;;;;;;,11,6,,,,,00-0029895;00-0034816;00-0032217;00-0032243;00-0034386;00-0019596;00-0035298;00-0036406;00-0034678;00-0033006;00-0027656,Ryan Jensen;Ronald Jones;Donovan Smith;Ali Marpet;Justin Watson;Tom Brady;Scott Miller;Tristan Wirfs;Alex Cappa;Jaydon Mickens;Rob Gronkowski,00-0033566;00-0035315;00-0033941;00-0033588;00-0027885;00-0036441;00-0034375;00-0033697;00-0029261;00-0034350;00-0035677,"Desmond King;Cortez Broughton;Rayshawn Jenkins;Isaac Rochell;Linval Joseph;Kenneth Murray, Jr.;Kyzir White;Michael Davis;Casey Hayward;Uchenna Nwosu;Nasir Adderley"
2020_04_LAC_TB,546,run,7.0,61.0,54.0,TB,1.0,3147.0,61.0,43.0,7:27,6:44,,7.0,7.0,1.0,10.0,"3 DL, 3 LB, 5 DB",;;;;;;;;;;,11,7,,,,,00-0029895;00-0034816;00-0032243;00-0032217;00-0034386;00-0019596;00-0035298;00-0036427;00-0036406;00-0034678;00-0027656,Ryan Jensen;Ronald Jones;Ali Marpet;Donovan Smith;Justin Watson;Tom Brady;Scott Miller;Tyler Johnson;Tristan Wirfs;Alex Cappa;Rob Gronkowski,00-0033566;00-0033941;00-0027885;00-0036441;00-0034375;00-0035674;00-0033156;00-0033697;00-0029261;00-0034350;00-0035677,"Desmond King;Rayshawn Jenkins;Linval Joseph;Kenneth Murray, Jr.;Kyzir White;Jerry Tillery;Joey Bosa;Michael Davis;Casey Hayward;Uchenna Nwosu;Nasir Adderley"
2020_04_LAC_TB,567,run,8.0,54.0,46.0,TB,1.0,3104.0,54.0,39.0,6:44,6:05,,7.0,7.0,2.0,3.0,"3 DL, 4 LB, 4 DB",;;;;;;;;;;,11,8,,,,,00-0029895;00-0034816;00-0033879;00-0032243;00-0032217;00-0034386;00-0019596;00-0035298;00-0036406;00-0034678;00-0027656,Ryan Jensen;Ronald Jones;O.J. Howard;Ali Marpet;Donovan Smith;Justin Watson;Tom Brady;Scott Miller;Tristan Wirfs;Alex Cappa;Rob Gronkowski,00-0033941;00-0030148;00-0036441;00-0034375;00-0035674;00-0032103;00-0033156;00-0033697;00-0029261;00-0034350;00-0035677,"Rayshawn Jenkins;Damion Square;Kenneth Murray, Jr.;Kyzir White;Jerry Tillery;Denzel Perryman;Joey Bosa;Michael Davis;Casey Hayward;Uchenna Nwosu;Nasir Adderley"
2020_04_LAC_TB,588,pass,-2.0,46.0,48.0,TB,1.0,3065.0,46.0,41.0,6:05,5:24,,7.0,7.0,1.0,10.0,"3 DL, 4 LB, 4 DB",;;;;;;;;;;,11,8,4,ZONE_COVERAGE,COVER_3,False,00-0029895;00-0034816;00-0033879;00-0032243;00-0032217;00-0034386;00-0019596;00-0036406;00-0034678;00-0033006;00-0027656,Ryan Jensen;Ronald Jones;O.J. Howard;Ali Marpet;Donovan Smith;Justin Watson;Tom Brady;Tristan Wirfs;Alex Cappa;Jaydon Mickens;Rob Gronkowski,00-0033941;00-0030148;00-0036441;00-0034375;00-0035674;00-0032103;00-0033156;00-0033697;00-0029261;00-0034350;00-0035677,"Rayshawn Jenkins;Damion Square;Kenneth Murray, Jr.;Kyzir White;Jerry Tillery;Denzel Perryman;Joey Bosa;Michael Davis;Casey Hayward;Uchenna Nwosu;Nasir Adderley"
2020_04_LAC_TB,612,pass,15.0,48.0,33.0,TB,1.0,3024.0,48.0,39.0,5:24,4:45,,7.0,7.0,2.0,12.0,"4 DL, 2 LB, 5 DB",;;;;;;;;;;,11,6,4,MAN_COVERAGE,COVER_1,False,00-0029895;00-0032243;00-0032217;00-0034386;00-0019596;00-0035298;00-0036406;00-0034678;00-0033006;00-0027656;00-0030465,Ryan Jensen;Ali Marpet;Donovan Smith;Justin Watson;Tom Brady;Scott Miller;Tristan Wirfs;Alex Cappa;Jaydon Mickens;Rob Gronkowski;Kenjon Barner,00-0033566;00-0033941;00-0033588;00-0027885;00-0036441;00-0034375;00-0035674;00-0033156;00-0033697;00-0029261;00-0035677,"Desmond King;Rayshawn Jenkins;Isaac Rochell;Linval Joseph;Kenneth Murray, Jr.;Kyzir White;Jerry Tillery;Joey Bosa;Michael Davis;Casey Hayward;Nasir Adderley"
2020_04_LAC_TB,636,run,1.0,33.0,32.0,TB,1.0,2985.0,33.0,37.0,4:45,4:08,,7.0,7.0,1.0,10.0,"4 DL, 3 LB, 4 DB",;;;;;;;;;;,11,7,,,,,00-0029895;00-0033879;00-0032243;00-0032217;00-0034386;00-0019596;00-0036406;00-0034678;00-0033006;00-0036450;00-0027656,Ryan Jensen;O.J. Howard;Ali Marpet;Donovan Smith;Justin Watson;Tom Brady;Tristan Wirfs;Alex Cappa;Jaydon Mickens;Ke'Shawn Vaughn;Rob Gronkowski,00-0035315;00-0033941;00-0033588;00-0027885;00-0036441;00-0034375;00-0032103;00-0033156;00-0033697;00-0029261;00-0035677,"Cortez Broughton;Rayshawn Jenkins;Isaac Rochell;Linval Joseph;Kenneth Murray, Jr.;Kyzir White;Denzel Perryman;Joey Bosa;Michael Davis;Casey Hayward;Nasir Adderley"
2020_04_LAC_TB,657,turnover,0.0,32.0,32.0,TB,1.0,2948.0,32.0,13.0,4:08,3:55,,7.0,13.0,2.0,9.0,"4 DL, 2 LB, 5 DB",;;;;;;;;;;,11,6,4,ZONE_COVERAGE,COVER_6,False,00-0029895;00-0033879;00-0032217;00-0032243;00-0034386;00-0019596;00-0035298;00-0036406;00-0036427;00-0034678;00-0036450,Ryan Jensen;O.J. Howard;Donovan Smith;Ali Marpet;Justin Watson;Tom Brady;Scott Miller;Tristan Wirfs;Tyler Johnson;Alex Cappa;Ke'Shawn Vaughn,00-0033566;00-0035315;00-0033941;00-0033588;00-0027885;00-0036441;00-0034375;00-0033156;00-0033697;00-0029261;00-0035677,"Desmond King;Cortez Broughton;Rayshawn Jenkins;Isaac Rochell;Linval Joseph;Kenneth Murray, Jr.;Kyzir White;Joey Bosa;Michael Davis;Casey Hayward;Nasir Adderley"
2020_04_LAC_TB,684,extra_point,0.0,15.0,15.0,LAC,1.0,2935.0,15.0,0.0,3:55,3:55,,7.0,14.0,,0.0,,;;;;;;;;;;,11,,,,,,00-0034084;00-0033588;00-0033542;00-0032725;00-0034392;00-0034917;00-0033578;00-0035688;00-0031543;00-0033910;00-0028142,Mike Badgley;Isaac Rochell;Forrest Lamp;Stephen Anderson;Scott Quessenberry;Cole Mazza;Sam Tevi;Trey Pipkins;Ty Long;Dan Feeney;Virgil Green,00-0031957;00-0034374;00-0032772;00-0033595;00-0036411;00-0034773;00-0031101;00-0035254;00-0030386;00-0035707;00-0035699,Rakeem Nunez-Roches;Jordan Whitehead;Ryan Smith;Pat O'Connor;Antoine Winfield Jr.;Vita Vea;Shaquil Barrett;Anthony Nelson;William Gholston;Devin White;Jamel Dean
2020_04_LAC_TB,700,kickoff,0.0,35.0,35.0,TB,1.0,2935.0,35.0,0.0,3:55,3:55,,7.0,14.0,,0.0,,;;;;;;;;;;,11,,,,,,00-0033566;00-0034545;00-0032725;00-0035432;00-0035908;00-0032892;00-0034903;00-0035538;00-0031543;00-0034835;00-0036380,Desmond King;Brandon Facyson;Stephen Anderson;Jason Moore;Gabe Nabers;Nick Vigil;Tevaughn Campbell;Emeke Egbule;Ty Long;Malik Jefferson;Alohi Gilman,00-0032772;00-0033595;00-0035254;00-0032637;00-0034613;00-0034415;00-0030382;00-0033006;00-0035000;00-0030465;00-0035681,Ryan Smith;Pat O'Connor;Anthony Nelson;Andrew Adams;Tanner Hudson;Jack Cichy;Kevin Minter;Jaydon Mickens;Quinton Bell;Kenjon Barner;Mike Edwards
2020_04_LAC_TB,715,no_play,0.0,75.0,75.0,TB,1.0,2935.0,75.0,22.0,3:55,3:33,,7.0,14.0,1.0,10.0,"4 DL, 2 LB, 5 DB",;;;;;;;;;;,11,7,,,,,00-0029895;00-0034816;00-0032243;00-0032217;00-0034386;00-0019596;00-0036427;00-0036406;00-0034678;00-0033006;00-0027656,Ryan Jensen;Ronald Jones;Ali Marpet;Donovan Smith;Justin Watson;Tom Brady;Tyler Johnson;Tristan Wirfs;Alex Cappa;Jaydon Mickens;Rob Gronkowski,00-0033566;00-0033941;00-0033588;00-0030148;00-0036441;00-0034375;00-0035674;00-0035906;00-0033697;00-0029261;00-0035677,"Desmond King;Rayshawn Jenkins;Isaac Rochell;Damion Square;Kenneth Murray, Jr.;Kyzir White;Jerry Tillery;Jessie Lemonier;Michael Davis;Casey Hayward;Nasir Adderley"
2020_04_LAC_TB,747,pass,0.0,85.0,85.0,TB,1.0,2913.0,85.0,6.0,3:33,3:27,,7.0,14.0,1.0,20.0,"4 DL, 2 LB, 5 DB",;;;;;;;;;;,11,6,4,ZONE_COVERAGE,COVER_3,False,00-0029895;00-0034816;00-0032243;00-0032217;00-0034386;00-0019596;00-0035298;00-0036406;00-0036427;00-0034678;00-0027656,Ryan Jensen;Ronald Jones;Ali Marpet;Donovan Smith;Justin Watson;Tom Brady;Scott Miller;Tristan Wirfs;Tyler Johnson;Alex Cappa;Rob Gronkowski,00-0033566;00-0033941;00-0033588;00-0030148;00-0036441;00-0034375;00-0035674;00-0035906;00-0033697;00-0029261;00-0035677,"Desmond King;Rayshawn Jenkins;Isaac Rochell;Damion Square;Kenneth Murray, Jr.;Kyzir White;Jerry Tillery;Jessie Lemonier;Michael Davis;Casey Hayward;Nasir Adderley"
2020_04_LAC_TB,769,pass,3.0,85.0,82.0,TB,1.0,2907.0,85.0,34.0,3:27,2:53,,7.0,14.0,2.0,20.0,"4 DL, 2 LB, 5 DB",;;;;;;;;;;,11,6,4,ZONE_COVERAGE,COVER_6,False,00-0029895;00-0034816;00-0032243;00-0032217;00-0034386;00-0019596;00-0035298;00-0036406;00-0036427;00-0034678;00-0027656,Ryan Jensen;Ronald Jones;Ali Marpet;Donovan Smith;Justin Watson;Tom Brady;Scott Miller;Tristan Wirfs;Tyler Johnson;Alex Cappa;Rob Gronkowski,00-0033566;00-0033941;00-0033588;00-0030148;00-0036441;00-0034375;00-0035674;00-0035906;00-0033697;00-0029261;00-0035677,"Desmond King;Rayshawn Jenkins;Isaac Rochell;Damion Square;Kenneth Murray, Jr.;Kyzir White;Jerry Tillery;Jessie Lemonier;Michael Davis;Casey Hayward;Nasir Adderley"
2020_04_LAC_TB,793,pass,3.0,82.0,79.0,TB,1.0,2873.0,82.0,43.0,2:53,2:10,,7.0,14.0,3.0,17.0,"3 DL, 3 LB, 5 DB",;;;;;;;;;;,11,4,4,ZONE_COVERAGE,COVER_3,False,00-0029895;00-0033879;00-0031408;00-0032243;00-0032217;00-0034386;00-0019596;00-0027029;00-0035298;00-0036406;00-0034678,Ryan Jensen;O.J. Howard;Mike Evans;Ali Marpet;Donovan Smith;Justin Watson;Tom Brady;LeSean McCoy;Scott Miller;Tristan Wirfs;Alex Cappa,00-0033566;00-0033941;00-0027885;00-0036441;00-0034375;00-0035674;00-0033156;00-0033697;00-0029261;00-0034350;00-0035677,"Desmond King;Rayshawn Jenkins;Linval Joseph;Kenneth Murray, Jr.;Kyzir White;Jerry Tillery;Joey Bosa;Michael Davis;Casey Hayward;Uchenna Nwosu;Nasir Adderley"
2020_04_LAC_TB,817,punt,0.0,79.0,79.0,TB,1.0,2830.0,79.0,16.0,2:10,1:54,,7.0,14.0,4.0,14.0,,;;;;;;;;;;,11,,,,,,00-0032065;00-0034374;00-0033196;00-0032772;00-0035254;00-0034386;00-0034415;00-0030382;00-0033006;00-0035000;00-0035681,Bradley Pinion;Jordan Whitehead;Zach Triner;Ryan Smith;Anthony Nelson;Justin Watson;Jack Cichy;Kevin Minter;Jaydon Mickens;Quinton Bell;Mike Edwards,00-0035432;00-0035908;00-0034903;00-0035906;00-0034440;00-0035457;00-0035538;00-0034835;00-0036370;00-0036380;00-0036382,Jason Moore;Gabe Nabers;Tevaughn Campbell;Jessie Lemonier;Justin Jackson;Tyron Johnson;Emeke Egbule;Malik Jefferson;Joshua Kelley;Alohi Gilman;K.J. Hill
2020_04_LAC_TB,853,run,2.0,78.0,76.0,LAC,1.0,2814.0,78.0,33.0,1:54,1:21,,7.0,14.0,1.0,10.0,"3 DL, 4 LB, 4 DB",;;;;;;;;;;,11,7,,,,,00-0033542;00-0033699;00-0033090;00-0033578;00-0035688;00-0031128;00-0033910;00-0036355;00-0035414;00-0030279;00-0028142,Forrest Lamp;Austin Ekeler;Hunter Henry;Sam Tevi;Trey Pipkins;Ryan Groy;Dan Feeney;Justin Herbert;Jalen Guyton;Keenan Allen;Virgil Green,00-0034374;00-0034778;00-0036411;00-0034773;00-0031101;00-0035239;00-0027867;00-0030386;00-0035707;00-0027855;00-0029562,Jordan Whitehead;Carlton Davis III;Antoine Winfield Jr.;Vita Vea;Shaquil Barrett;Sean Murphy-Bunting;Jason Pierre-Paul;William Gholston;Devin White;Ndamukong Suh;Lavonte David
2020_04_LAC_TB,882,pass,0.0,76.0,76.0,LAC,1.0,2781.0,76.0,4.0,1:21,1:17,,7.0,14.0,2.0,8.0,"2 DL, 4 LB, 5 DB",;;;;;;;;;;,11,6,5,ZONE_COVERAGE,COVER_3,False,00-0033542;00-0033090;00-0035432;00-0033578;00-0035688;00-0031128;00-0033910;00-0036355;00-0035414;00-0030279;00-0036370,Forrest Lamp;Hunter Henry;Jason Moore;Sam Tevi;Trey Pipkins;Ryan Groy;Dan Feeney;Justin Herbert;Jalen Guyton;Keenan Allen;Joshua Kelley,00-0034374;00-0034778;00-0036411;00-0034773;00-0031101;00-0035239;00-0027867;00-0035707;00-0027855;00-0029562;00-0035699,Jordan Whitehead;Carlton Davis III;Antoine Winfield Jr.;Vita Vea;Shaquil Barrett;Sean Murphy-Bunting;Jason Pierre-Paul;Devin White;Ndamukong Suh;Lavonte David;Jamel Dean
2020_04_LAC_TB,908,pass,0.0,76.0,76.0,LAC,1.0,2777.0,76.0,6.0,1:17,1:11,,7.0,14.0,3.0,8.0,"2 DL, 4 LB, 5 DB",;;;;;;;;;;,11,6,4,ZONE_COVERAGE,COVER_6,True,00-0033542;00-0033090;00-0033578;00-0035688;00-0031128;00-0033910;00-0036355;00-0035414;00-0030279;00-0036370;00-0028142,Forrest Lamp;Hunter Henry;Sam Tevi;Trey Pipkins;Ryan Groy;Dan Feeney;Justin Herbert;Jalen Guyton;Keenan Allen;Joshua Kelley;Virgil Green,00-0034374;00-0034778;00-0036411;00-0034773;00-0031101;00-0035239;00-0027867;00-0027855;00-0035707;00-0029562;00-0035699,Jordan Whitehead;Carlton Davis III;Antoine Winfield Jr.;Vita Vea;Shaquil Barrett;Sean Murphy-Bunting;Jason Pierre-Paul;Ndamukong Suh;Devin White;Lavonte David;Jamel Dean
2020_04_LAC_TB,930,punt,0.0,76.0,76.0,LAC,1.0,2771.0,76.0,11.0,1:11,1:00,,7.0,14.0,4.0,8.0,,;;;;;;;;;;,11,,,,,,00-0033588;00-0034545;00-0034917;00-0035908;00-0034903;00-0034440;00-0035538;00-0031543;00-0034835;00-0034350;00-0036370,Isaac Rochell;Brandon Facyson;Cole Mazza;Gabe Nabers;Tevaughn Campbell;Justin Jackson;Emeke Egbule;Ty Long;Malik Jefferson;Uchenna Nwosu;Joshua Kelley,00-0036106;00-0032772;00-0033595;00-0032637;00-0034386;00-0034613;00-0034415;00-0030382;00-0033006;00-0035000;00-0035681,Parnell Motley;Ryan Smith;Pat O'Connor;Andrew Adams;Justin Watson;Tanner Hudson;Jack Cichy;Kevin Minter;Jaydon Mickens;Quinton Bell;Mike Edwards
2020_04_LAC_TB,955,run,0.0,63.0,63.0,TB,1.0,2760.0,63.0,32.0,1:00,0:28,,7.0,14.0,1.0,10.0,"3 DL, 4 LB, 4 DB",;;;;;;;;;;,11,8,,,,,00-0029895;00-0034816;00-0033879;00-0031408;00-0032243;00-0032217;00-0034386;00-0019596;00-0036406;00-0034678;00-0027656,Ryan Jensen;Ronald Jones;O.J. Howard;Mike Evans;Ali Marpet;Donovan Smith;Justin Watson;Tom Brady;Tristan Wirfs;Alex Cappa;Rob Gronkowski,00-0035315;00-0033941;00-0033588;00-0027885;00-0036441;00-0034375;00-0032103;00-0033697;00-0029261;00-0034350;00-0035677,"Cortez Broughton;Rayshawn Jenkins;Isaac Rochell;Linval Joseph;Kenneth Murray, Jr.;Kyzir White;Denzel Perryman;Michael Davis;Casey Hayward;Uchenna Nwosu;Nasir Adderley"
2020_04_LAC_TB,976,pass,0.0,63.0,63.0,TB,1.0,2728.0,63.0,6.0,0:28,0:22,,7.0,14.0,2.0,10.0,"3 DL, 3 LB, 5 DB",;;;;;;;;;;,11,6,4,ZONE_COVERAGE,COVER_2,False,00-0029895;00-0034816;00-0033879;00-0032243;00-0032217;00-0031408;00-0034386;00-0019596;00-0036427;00-0036406;00-0034678,Ryan Jensen;Ronald Jones;O.J. Howard;Ali Marpet;Donovan Smith;Mike Evans;Justin Watson;Tom Brady;Tyler Johnson;Tristan Wirfs;Alex Cappa,00-0033566;00-0035315;00-0033941;00-0033588;00-0027885;00-0034375;00-0032103;00-0033697;00-0029261;00-0034350;00-0035677,Desmond King;Cortez Broughton;Rayshawn Jenkins;Isaac Rochell;Linval Joseph;Kyzir White;Denzel Perryman;Michael Davis;Casey Hayward;Uchenna Nwosu;Nasir Adderley
2020_04_LAC_TB,998,pass,0.0,63.0,63.0,TB,1.0,2722.0,63.0,5.0,0:22,0:17,,7.0,14.0,3.0,10.0,"3 DL, 3 LB, 5 DB",;;;;;;;;;;,11,6,6,MAN_COVERAGE,COVER_1,True,00-0029895;00-0033879;00-0031408;00-0032243;00-0032217;00-0034386;00-0019596;00-0027029;00-0035298;00-0036406;00-0034678,Ryan Jensen;O.J. Howard;Mike Evans;Ali Marpet;Donovan Smith;Justin Watson;Tom Brady;LeSean McCoy;Scott Miller;Tristan Wirfs;Alex Cappa,00-0033566;00-0033941;00-0027885;00-0034375;00-0035674;00-0032103;00-0033156;00-0033697;00-0029261;00-0034350;00-0035677,Desmond King;Rayshawn Jenkins;Linval Joseph;Kyzir White;Jerry Tillery;Denzel Perryman;Joey Bosa;Michael Davis;Casey Hayward;Uchenna Nwosu;Nasir Adderley
2020_04_LAC_TB,1020,punt,0.0,63.0,63.0,TB,1.0,2717.0,63.0,12.0,0:17,0:05,,7.0,14.0,4.0,10.0,,;;;;;;;;;;,11,,,,,,00-0032065;00-0033196;00-0032772;00-0035254;00-0032637;00-0034386;00-0034415;00-0030382;00-0033006;00-0035000;00-0035681,Bradley Pinion;Zach Triner;Ryan Smith;Anthony Nelson;Andrew Adams;Justin Watson;Jack Cichy;Kevin Minter;Jaydon Mickens;Quinton Bell;Mike Edwards,00-0034545;00-0035432;00-0035908;00-0034903;00-0035906;00-0034440;00-0035457;00-0035538;00-0034835;00-0036380;00-0036382,Brandon Facyson;Jason Moore;Gabe Nabers;Tevaughn Campbell;Jessie Lemonier;Justin Jackson;Tyron Johnson;Emeke Egbule;Malik Jefferson;Alohi Gilman;K.J. Hill
2020_04_LAC_TB,1050,run,4.0,97.0,93.0,LAC,1.0,2705.0,97.0,5.0,0:05,0:00,,7.0,14.0,1.0,10.0,"4 DL, 3 LB, 4 DB",;;;;;;;;;;,11,7,,,,,00-0033542;00-0033090;00-0035908;00-0033578;00-0035688;00-0031128;00-0033910;00-0036355;00-0030279;00-0036370;00-0028142,Forrest Lamp;Hunter Henry;Gabe Nabers;Sam Tevi;Trey Pipkins;Ryan Groy;Dan Feeney;Justin Herbert;Keenan Allen;Joshua Kelley;Virgil Green,00-0031957;00-0034374;00-0034778;00-0036411;00-0034773;00-0035239;00-0027867;00-0030386;00-0027855;00-0029562;00-0035707,Rakeem Nunez-Roches;Jordan Whitehead;Carlton Davis III;Antoine Winfield Jr.;Vita Vea;Sean Murphy-Bunting;Jason Pierre-Paul;William Gholston;Ndamukong Suh;Lavonte David;Devin White
2020_04_LAC_TB,1071,start_quarter_2,,,,LAC,1.0,2700.0,,0.0,0:00,0:00,,7.0,14.0,,0.0,,,0,,,,,,,,,
2020_04_LAC_TB,1090,no_play,0.0,93.0,93.0,LAC,2.0,2700.0,93.0,0.0,15:00,15:00,,7.0,14.0,2.0,6.0,"3 DL, 4 LB, 4 DB",;;;;;;;;;;,11,,,,,,00-0033542;00-0033090;00-0035908;00-0033578;00-0035688;00-0031128;00-0033910;00-0036355;00-0035414;00-0030279;00-0036370,Forrest Lamp;Hunter Henry;Gabe Nabers;Sam Tevi;Trey Pipkins;Ryan Groy;Dan Feeney;Justin Herbert;Jalen Guyton;Keenan Allen;Joshua Kelley,00-0031957;00-0034374;00-0034778;00-0036411;00-0031101;00-0035239;00-0027867;00-0030386;00-0035707;00-0027855;00-0029562,Rakeem Nunez-Roches;Jordan Whitehead;Carlton Davis III;Antoine Winfield Jr.;Shaquil Barrett;Sean Murphy-Bunting;Jason Pierre-Paul;William Gholston;Devin White;Ndamukong Suh;Lavonte David
2020_04_LAC_TB,1113,pass,5.0,96.0,91.0,LAC,2.0,2700.0,96.0,33.0,15:00,14:27,,7.0,14.0,2.0,9.0,"3 DL, 4 LB, 4 DB",;;;;;;;;;;,11,7,4,ZONE_COVERAGE,COVER_4,False,00-0033542;00-0033090;00-0035908;00-0033578;00-0035688;00-0031128;00-0033910;00-0036355;00-0035414;00-0030279;00-0036370,Forrest Lamp;Hunter Henry;Gabe Nabers;Sam Tevi;Trey Pipkins;Ryan Groy;Dan Feeney;Justin Herbert;Jalen Guyton;Keenan Allen;Joshua Kelley,00-0031957;00-0034374;00-0034778;00-0036411;00-0031101;00-0035239;00-0027867;00-0030386;00-0035707;00-0027855;00-0029562,Rakeem Nunez-Roches;Jordan Whitehead;Carlton Davis III;Antoine Winfield Jr.;Shaquil Barrett;Sean Murphy-Bunting;Jason Pierre-Paul;William Gholston;Devin White;Ndamukong Suh;Lavonte David
2020_04_LAC_TB,1142,run,5.0,91.0,86.0,LAC,2.0,2667.0,91.0,32.0,14:27,13:55,,7.0,14.0,3.0,4.0,"2 DL, 4 LB, 5 DB",;;;;;;;;;;,11,6,4,,,,00-0033542;00-0033090;00-0035432;00-0033578;00-0035688;00-0031128;00-0034440;00-0033910;00-0036355;00-0035414;00-0030279,Forrest Lamp;Hunter Henry;Jason Moore;Sam Tevi;Trey Pipkins;Ryan Groy;Justin Jackson;Dan Feeney;Justin Herbert;Jalen Guyton;Keenan Allen,00-0031957;00-0034374;00-0034778;00-0036411;00-0031101;00-0035239;00-0027867;00-0027855;00-0029562;00-0035707;00-0035699,Rakeem Nunez-Roches;Jordan Whitehead;Carlton Davis III;Antoine Winfield Jr.;Shaquil Barrett;Sean Murphy-Bunting;Jason Pierre-Paul;Ndamukong Suh;Lavonte David;Devin White;Jamel Dean
2020_04_LAC_TB,1179,run,0.0,71.0,71.0,LAC,2.0,2635.0,71.0,35.0,13:55,13:20,,7.0,14.0,1.0,10.0,"3 DL, 4 LB, 4 DB",;;;;;;;;;;,11,7,,,,,00-0033542;00-0033090;00-0033578;00-0035688;00-0031128;00-0034440;00-0033910;00-0036355;00-0035414;00-0030279;00-0028142,Forrest Lamp;Hunter Henry;Sam Tevi;Trey Pipkins;Ryan Groy;Justin Jackson;Dan Feeney;Justin Herbert;Jalen Guyton;Keenan Allen;Virgil Green,00-0031957;00-0034374;00-0034778;00-0036411;00-0034773;00-0031101;00-0027867;00-0035239;00-0030386;00-0029562;00-0035707,Rakeem Nunez-Roches;Jordan Whitehead;Carlton Davis III;Antoine Winfield Jr.;Vita Vea;Shaquil Barrett;Jason Pierre-Paul;Sean Murphy-Bunting;William Gholston;Lavonte David;Devin White
2020_04_LAC_TB,1200,pass,9.0,71.0,62.0,LAC,2.0,2600.0,71.0,36.0,13:20,12:44,,7.0,14.0,2.0,10.0,"3 DL, 4 LB, 4 DB",;;;;;;;;;;,11,7,4,ZONE_COVERAGE,COVER_6,False,00-0033542;00-0033090;00-0033578;00-0035688;00-0031128;00-0034440;00-0035457;00-0033910;00-0036355;00-0030279;00-0028142,Forrest Lamp;Hunter Henry;Sam Tevi;Trey Pipkins;Ryan Groy;Justin Jackson;Tyron Johnson;Dan Feeney;Justin Herbert;Keenan Allen;Virgil Green,00-0031957;00-0034374;00-0034778;00-0036411;00-0034773;00-0031101;00-0027867;00-0035239;00-0030386;00-0029562;00-0035707,Rakeem Nunez-Roches;Jordan Whitehead;Carlton Davis III;Antoine Winfield Jr.;Vita Vea;Shaquil Barrett;Jason Pierre-Paul;Sean Murphy-Bunting;William Gholston;Lavonte David;Devin White
2020_04_LAC_TB,1229,run,3.0,62.0,59.0,LAC,2.0,2564.0,62.0,43.0,12:44,12:01,,7.0,14.0,3.0,1.0,"3 DL, 4 LB, 4 DB",;;;;;;;;;;,11,7,,,,,00-0033542;00-0035908;00-0033578;00-0035688;00-0031128;00-0033910;00-0036355;00-0035414;00-0030279;00-0036370;00-0028142,Forrest Lamp;Gabe Nabers;Sam Tevi;Trey Pipkins;Ryan Groy;Dan Feeney;Justin Herbert;Jalen Guyton;Keenan Allen;Joshua Kelley;Virgil Green,00-0031957;00-0034374;00-0034778;00-0036411;00-0034773;00-0031101;00-0035239;00-0027867;00-0030386;00-0035707;00-0029562,Rakeem Nunez-Roches;Jordan Whitehead;Carlton Davis III;Antoine Winfield Jr.;Vita Vea;Shaquil Barrett;Sean Murphy-Bunting;Jason Pierre-Paul;William Gholston;Devin White;Lavonte David
2020_04_LAC_TB,1250,pass,1.0,59.0,58.0,LAC,2.0,2521.0,59.0,35.0,12:01,11:26,,7.0,14.0,1.0,10.0,"3 DL, 4 LB, 4 DB",;;;;;;;;;;,11,7,5,MAN_COVERAGE,COVER_1,False,00-0033542;00-0032725;00-0033090;00-0033578;00-0035688;00-0031128;00-0033910;00-0036355;00-0035414;00-0036370;00-0028142,Forrest Lamp;Stephen Anderson;Hunter Henry;Sam Tevi;Trey Pipkins;Ryan Groy;Dan Feeney;Justin Herbert;Jalen Guyton;Joshua Kelley;Virgil Green,00-0031957;00-0034374;00-0034778;00-0036411;00-0034773;00-0035254;00-0035239;00-0027867;00-0035707;00-0027855;00-0029562,Rakeem Nunez-Roches;Jordan Whitehead;Carlton Davis III;Antoine Winfield Jr.;Vita Vea;Anthony Nelson;Sean Murphy-Bunting;Jason Pierre-Paul;Devin White;Ndamukong Suh;Lavonte David
2020_04_LAC_TB,1278,run,1.0,58.0,57.0,LAC,2.0,2486.0,58.0,42.0,11:26,10:44,,7.0,14.0,2.0,9.0,"2 DL, 4 LB, 5 DB",;;;;;;;;;;,11,5,,,,,00-0033542;00-0033090;00-0033578;00-0035688;00-0031128;00-0035457;00-0033910;00-0036355;00-0030279;00-0036370;00-0036382,Forrest Lamp;Hunter Henry;Sam Tevi;Trey Pipkins;Ryan Groy;Tyron Johnson;Dan Feeney;Justin Herbert;Keenan Allen;Joshua Kelley;K.J. Hill,00-0034374;00-0034778;00-0036411;00-0034773;00-0035254;00-0035239;00-0027867;00-0027855;00-0035707;00-0029562;00-0035699,Jordan Whitehead;Carlton Davis III;Antoine Winfield Jr.;Vita Vea;Anthony Nelson;Sean Murphy-Bunting;Jason Pierre-Paul;Ndamukong Suh;Devin White;Lavonte David;Jamel Dean
2020_04_LAC_TB,1299,no_play,0.0,57.0,57.0,LAC,2.0,2444.0,57.0,6.0,10:44,10:38,,7.0,14.0,3.0,8.0,"2 DL, 4 LB, 5 DB",;;;;;;;;;;,11,6,,,,,00-0033542;00-0033090;00-0035432;00-0033578;00-0035688;00-0031128;00-0034440;00-0033910;00-0036355;00-0035414;00-0030279,Forrest Lamp;Hunter Henry;Jason Moore;Sam Tevi;Trey Pipkins;Ryan Groy;Justin Jackson;Dan Feeney;Justin Herbert;Jalen Guyton;Keenan Allen,00-0034374;00-0034778;00-0036411;00-0034773;00-0031101;00-0035239;00-0027867;00-0035707;00-0027855;00-0029562;00-0035699,Jordan Whitehead;Carlton Davis III;Antoine Winfield Jr.;Vita Vea;Shaquil Barrett;Sean Murphy-Bunting;Jason Pierre-Paul;Devin White;Ndamukong Suh;Lavonte David;Jamel Dean
2020_04_LAC_TB,1332,pass,0.0,37.0,37.0,LAC,2.0,2438.0,37.0,7.0,10:38,10:31,,7.0,14.0,1.0,10.0,"3 DL, 4 LB, 4 DB",;;;;;;;;;;,11,7,4,MAN_COVERAGE,COVER_1,False,00-0033542;00-0032725;00-0033090;00-0033578;00-0035688;00-0031128;00-0034440;00-0033910;00-0036355;00-0030279;00-0028142,Forrest Lamp;Stephen Anderson;Hunter Henry;Sam Tevi;Trey Pipkins;Ryan Groy;Justin Jackson;Dan Feeney;Justin Herbert;Keenan Allen;Virgil Green,00-0031957;00-0034374;00-0034778;00-0036411;00-0034773;00-0031101;00-0035254;00-0035239;00-0035707;00-0027855;00-0029562,Rakeem Nunez-Roches;Jordan Whitehead;Carlton Davis III;Antoine Winfield Jr.;Vita Vea;Shaquil Barrett;Anthony Nelson;Sean Murphy-Bunting;Devin White;Ndamukong Suh;Lavonte David
2020_04_LAC_TB,1354,run,-1.0,37.0,38.0,LAC,2.0,2431.0,37.0,32.0,10:31,9:59,,7.0,14.0,2.0,10.0,"2 DL, 4 LB, 5 DB",;;;;;;;;;;,11,6,,,,,00-0033542;00-0032725;00-0035432;00-0033578;00-0035688;00-0031128;00-0034440;00-0033910;00-0036355;00-0035414;00-0030279,Forrest Lamp;Stephen Anderson;Jason Moore;Sam Tevi;Trey Pipkins;Ryan Groy;Justin Jackson;Dan Feeney;Justin Herbert;Jalen Guyton;Keenan Allen,00-0034374;00-0034778;00-0036411;00-0034773;00-0031101;00-0035254;00-0035239;00-0027855;00-0029562;00-0035707;00-0035699,Jordan Whitehead;Carlton Davis III;Antoine Winfield Jr.;Vita Vea;Shaquil Barrett;Anthony Nelson;Sean Murphy-Bunting;Ndamukong Suh;Lavonte David;Devin White;Jamel Dean
2020_04_LAC_TB,1375,timeout,0.0,,,,2.0,2399.0,,1.0,9:59,9:58,TB,7.0,14.0,,0.0,,,0,,,,,,,,,
2020_04_LAC_TB,1392,pass,17.0,38.0,21.0,LAC,2.0,2398.0,38.0,31.0,9:58,9:27,,7.0,14.0,3.0,11.0,"2 DL, 4 LB, 5 DB",;;;;;;;;;;,11,5,4,ZONE_COVERAGE,COVER_4,False,00-0033542;00-0033090;00-0035432;00-0033578;00-0035688;00-0031128;00-0033910;00-0036355;00-0035414;00-0030279;00-0036370,Forrest Lamp;Hunter Henry;Jason Moore;Sam Tevi;Trey Pipkins;Ryan Groy;Dan Feeney;Justin Herbert;Jalen Guyton;Keenan Allen;Joshua Kelley,00-0034374;00-0034778;00-0036411;00-0034773;00-0031101;00-0035239;00-0027867;00-0035707;00-0027855;00-0029562;00-0035699,Jordan Whitehead;Carlton Davis III;Antoine Winfield Jr.;Vita Vea;Shaquil Barrett;Sean Murphy-Bunting;Jason Pierre-Paul;Devin White;Ndamukong Suh;Lavonte David;Jamel Dean
2020_04_LAC_TB,1416,run,2.0,21.0,19.0,LAC,2.0,2367.0,21.0,31.0,9:27,8:56,,7.0,14.0,1.0,10.0,"2 DL, 4 LB, 5 DB",;;;;;;;;;;,11,6,,,,,00-0033542;00-0033090;00-0035432;00-0033578;00-0035688;00-0031128;00-0034440;00-0033910;00-0036355;00-0035414;00-0030279,Forrest Lamp;Hunter Henry;Jason Moore;Sam Tevi;Trey Pipkins;Ryan Groy;Justin Jackson;Dan Feeney;Justin Herbert;Jalen Guyton;Keenan Allen,00-0034374;00-0034778;00-0036411;00-0034773;00-0031101;00-0035239;00-0027867;00-0027855;00-0035707;00-0029562;00-0035699,Jordan Whitehead;Carlton Davis III;Antoine Winfield Jr.;Vita Vea;Shaquil Barrett;Sean Murphy-Bunting;Jason Pierre-Paul;Ndamukong Suh;Devin White;Lavonte David;Jamel Dean
2020_04_LAC_TB,1442,pass,19.0,19.0,0.0,LAC,2.0,2336.0,19.0,6.0,8:56,8:50,,7.0,20.0,2.0,8.0,"3 DL, 4 LB, 4 DB",;;;;;;;;;;,11,7,5,MAN_COVERAGE,COVER_1,False,00-0033542;00-0033090;00-0033578;00-0035688;00-0031128;00-0034440;00-0033910;00-0036355;00-0030279;00-0035329;00-0028142,Forrest Lamp;Hunter Henry;Sam Tevi;Trey Pipkins;Ryan Groy;Justin Jackson;Dan Feeney;Justin Herbert;Keenan Allen;Donald Parham;Virgil Green,00-0034374;00-0034778;00-0036411;00-0034773;00-0031101;00-0027867;00-0035239;00-0030386;00-0035707;00-0027855;00-0029562,Jordan Whitehead;Carlton Davis III;Antoine Winfield Jr.;Vita Vea;Shaquil Barrett;Jason Pierre-Paul;Sean Murphy-Bunting;William Gholston;Devin White;Ndamukong Suh;Lavonte David
2020_04_LAC_TB,1467,extra_point,0.0,15.0,15.0,LAC,2.0,2330.0,15.0,0.0,8:50,8:50,,7.0,21.0,,0.0,,;;;;;;;;;;,11,,,,,,00-0034084;00-0033588;00-0033542;00-0032725;00-0034392;00-0034917;00-0033578;00-0035688;00-0031543;00-0033910;00-0028142,Mike Badgley;Isaac Rochell;Forrest Lamp;Stephen Anderson;Scott Quessenberry;Cole Mazza;Sam Tevi;Trey Pipkins;Ty Long;Dan Feeney;Virgil Green,00-0031957;00-0034374;00-0032772;00-0033595;00-0036411;00-0034773;00-0031101;00-0035254;00-0030386;00-0035707;00-0035699,Rakeem Nunez-Roches;Jordan Whitehead;Ryan Smith;Pat O'Connor;Antoine Winfield Jr.;Vita Vea;Shaquil Barrett;Anthony Nelson;William Gholston;Devin White;Jamel Dean
2020_04_LAC_TB,1483,kickoff,0.0,35.0,35.0,TB,2.0,2330.0,35.0,8.0,8:50,8:42,,7.0,21.0,,0.0,,;;;;;;;;;;,11,,,,,,00-0033566;00-0034545;00-0032725;00-0035432;00-0035908;00-0032892;00-0034903;00-0035538;00-0031543;00-0034835;00-0036380,Desmond King;Brandon Facyson;Stephen Anderson;Jason Moore;Gabe Nabers;Nick Vigil;Tevaughn Campbell;Emeke Egbule;Ty Long;Malik Jefferson;Alohi Gilman,00-0032772;00-0033595;00-0035254;00-0032637;00-0034613;00-0034415;00-0030382;00-0033006;00-0035000;00-0030465;00-0035681,Ryan Smith;Pat O'Connor;Anthony Nelson;Andrew Adams;Tanner Hudson;Jack Cichy;Kevin Minter;Jaydon Mickens;Quinton Bell;Kenjon Barner;Mike Edwards
2020_04_LAC_TB,1505,pass,5.0,71.0,66.0,TB,2.0,2322.0,71.0,30.0,8:42,8:12,,7.0,21.0,1.0,10.0,"3 DL, 3 LB, 5 DB",;;;;;;;;;;,11,5,4,ZONE_COVERAGE,COVER_4,False,00-0029895;00-0034816;00-0031408;00-0032243;00-0032217;00-0034386;00-0019596;00-0036427;00-0036406;00-0034678;00-0027656,Ryan Jensen;Ronald Jones;Mike Evans;Ali Marpet;Donovan Smith;Justin Watson;Tom Brady;Tyler Johnson;Tristan Wirfs;Alex Cappa;Rob Gronkowski,00-0033566;00-0033941;00-0027885;00-0036441;00-0034375;00-0035674;00-0033156;00-0033697;00-0029261;00-0034350;00-0035677,"Desmond King;Rayshawn Jenkins;Linval Joseph;Kenneth Murray, Jr.;Kyzir White;Jerry Tillery;Joey Bosa;Michael Davis;Casey Hayward;Uchenna Nwosu;Nasir Adderley"
2020_04_LAC_TB,1529,pass,1.0,66.0,65.0,TB,2.0,2292.0,66.0,40.0,8:12,7:32,,7.0,21.0,2.0,5.0,"3 DL, 3 LB, 5 DB",;;;;;;;;;;,11,6,4,ZONE_COVERAGE,COVER_6,False,00-0029895;00-0034816;00-0031408;00-0032243;00-0032217;00-0034386;00-0019596;00-0035298;00-0036406;00-0034678;00-0027656,Ryan Jensen;Ronald Jones;Mike Evans;Ali Marpet;Donovan Smith;Justin Watson;Tom Brady;Scott Miller;Tristan Wirfs;Alex Cappa;Rob Gronkowski,00-0033566;00-0033941;00-0027885;00-0036441;00-0034375;00-0035674;00-0033156;00-0033697;00-0029261;00-0034350;00-0035677,"Desmond King;Rayshawn Jenkins;Linval Joseph;Kenneth Murray, Jr.;Kyzir White;Jerry Tillery;Joey Bosa;Michael Davis;Casey Hayward;Uchenna Nwosu;Nasir Adderley"
2020_04_LAC_TB,1553,timeout,5.0,65.0,60.0,TB,2.0,2252.0,65.0,23.0,7:32,7:09,LAC,7.0,21.0,3.0,4.0,"3 DL, 3 LB, 5 DB",;;;;;;;;;;,11,6,3,ZONE_COVERAGE,COVER_2,False,00-0029895;00-0033879;00-0031408;00-0032243;00-0032217;00-0034386;00-0019596;00-0027029;00-0036406;00-0034678;00-0027656,Ryan Jensen;O.J. Howard;Mike Evans;Ali Marpet;Donovan Smith;Justin Watson;Tom Brady;LeSean McCoy;Tristan Wirfs;Alex Cappa;Rob Gronkowski,00-0033566;00-0033941;00-0027885;00-0036441;00-0034375;00-0035674;00-0033156;00-0033697;00-0029261;00-0034350;00-0035677,"Desmond King;Rayshawn Jenkins;Linval Joseph;Kenneth Murray, Jr.;Kyzir White;Jerry Tillery;Joey Bosa;Michael Davis;Casey Hayward;Uchenna Nwosu;Nasir Adderley"
2020_04_LAC_TB,1577,run,7.0,60.0,53.0,TB,2.0,2229.0,60.0,33.0,7:09,6:36,,7.0,21.0,1.0,10.0,"3 DL, 3 LB, 5 DB",;;;;;;;;;;,11,7,,,,,00-0029895;00-0034816;00-0031408;00-0032243;00-0032217;00-0034386;00-0019596;00-0036427;00-0036406;00-0034678;00-0027656,Ryan Jensen;Ronald Jones;Mike Evans;Ali Marpet;Donovan Smith;Justin Watson;Tom Brady;Tyler Johnson;Tristan Wirfs;Alex Cappa;Rob Gronkowski,00-0033566;00-0033941;00-0033588;00-0027885;00-0036441;00-0034375;00-0035674;00-0033697;00-0029261;00-0034350;00-0035677,"Desmond King;Rayshawn Jenkins;Isaac Rochell;Linval Joseph;Kenneth Murray, Jr.;Kyzir White;Jerry Tillery;Michael Davis;Casey Hayward;Uchenna Nwosu;Nasir Adderley"
2020_04_LAC_TB,1610,run,23.0,53.0,30.0,TB,2.0,2196.0,53.0,43.0,6:36,5:53,,7.0,21.0,2.0,3.0,"3 DL, 3 LB, 5 DB",;;;;;;;;;;,11,7,,,,,00-0029895;00-0034816;00-0032243;00-0032217;00-0031408;00-0034386;00-0019596;00-0035298;00-0036406;00-0034678;00-0027656,Ryan Jensen;Ronald Jones;Ali Marpet;Donovan Smith;Mike Evans;Justin Watson;Tom Brady;Scott Miller;Tristan Wirfs;Alex Cappa;Rob Gronkowski,00-0033566;00-0033941;00-0033588;00-0027885;00-0036441;00-0034375;00-0035674;00-0033697;00-0029261;00-0034350;00-0035677,"Desmond King;Rayshawn Jenkins;Isaac Rochell;Linval Joseph;Kenneth Murray, Jr.;Kyzir White;Jerry Tillery;Michael Davis;Casey Hayward;Uchenna Nwosu;Nasir Adderley"
2020_04_LAC_TB,1641,run,4.0,30.0,26.0,TB,2.0,2153.0,30.0,43.0,5:53,5:10,,7.0,21.0,1.0,10.0,"3 DL, 4 LB, 4 DB",;;;;;;;;;;,11,8,,,,,00-0029895;00-0034816;00-0031273;00-0033879;00-0031408;00-0032243;00-0032217;00-0019596;00-0036406;00-0034678;00-0027656,Ryan Jensen;Ronald Jones;Cameron Brate;O.J. Howard;Mike Evans;Ali Marpet;Donovan Smith;Tom Brady;Tristan Wirfs;Alex Cappa;Rob Gronkowski,00-0033941;00-0027885;00-0036441;00-0034375;00-0035674;00-0032103;00-0033156;00-0033697;00-0029261;00-0034350;00-0035677,"Rayshawn Jenkins;Linval Joseph;Kenneth Murray, Jr.;Kyzir White;Jerry Tillery;Denzel Perryman;Joey Bosa;Michael Davis;Casey Hayward;Uchenna Nwosu;Nasir Adderley"
2020_04_LAC_TB,1662,pass,0.0,26.0,26.0,TB,2.0,2110.0,26.0,5.0,5:10,5:05,,7.0,21.0,2.0,6.0,"3 DL, 3 LB, 5 DB",;;;;;;;;;;,11,6,4,ZONE_COVERAGE,COVER_3,True,00-0029895;00-0034816;00-0032243;00-0032217;00-0031408;00-0034386;00-0019596;00-0035298;00-0036406;00-0034678;00-0027656,Ryan Jensen;Ronald Jones;Ali Marpet;Donovan Smith;Mike Evans;Justin Watson;Tom Brady;Scott Miller;Tristan Wirfs;Alex Cappa;Rob Gronkowski,00-0033566;00-0033941;00-0027885;00-0036441;00-0034375;00-0035674;00-0033156;00-0033697;00-0029261;00-0034350;00-0035677,"Desmond King;Rayshawn Jenkins;Linval Joseph;Kenneth Murray, Jr.;Kyzir White;Jerry Tillery;Joey Bosa;Michael Davis;Casey Hayward;Uchenna Nwosu;Nasir Adderley"
2020_04_LAC_TB,1684,pass,0.0,26.0,26.0,TB,2.0,2105.0,26.0,6.0,5:05,4:59,,7.0,21.0,3.0,6.0,"3 DL, 3 LB, 5 DB",;;;;;;;;;;,11,5,4,MAN_COVERAGE,COVER_1,False,00-0029895;00-0031273;00-0033879;00-0031408;00-0032243;00-0032217;00-0019596;00-0035298;00-0036406;00-0034678;00-0027656,Ryan Jensen;Cameron Brate;O.J. Howard;Mike Evans;Ali Marpet;Donovan Smith;Tom Brady;Scott Miller;Tristan Wirfs;Alex Cappa;Rob Gronkowski,00-0033566;00-0033941;00-0027885;00-0036441;00-0034375;00-0035674;00-0033156;00-0033697;00-0029261;00-0034350;00-0035677,"Desmond King;Rayshawn Jenkins;Linval Joseph;Kenneth Murray, Jr.;Kyzir White;Jerry Tillery;Joey Bosa;Michael Davis;Casey Hayward;Uchenna Nwosu;Nasir Adderley"
2020_04_LAC_TB,1706,field_goal,0.0,26.0,26.0,TB,2.0,2099.0,26.0,5.0,4:59,4:54,,7.0,21.0,4.0,6.0,,;;;;;;;;;;,11,,,,,,00-0032065;00-0033196;00-0033879;00-0032243;00-0032217;00-0034773;00-0026968;00-0030386;00-0030829;00-0036406;00-0034678,Bradley Pinion;Zach Triner;O.J. Howard;Ali Marpet;Donovan Smith;Vita Vea;Ryan Succop;William Gholston;Josh Wells;Tristan Wirfs;Alex Cappa,00-0033566;00-0035315;00-0033588;00-0027885;00-0030148;00-0036441;00-0034545;00-0035674;00-0033697;00-0034350;00-0035677,"Desmond King;Cortez Broughton;Isaac Rochell;Linval Joseph;Damion Square;Kenneth Murray, Jr.;Brandon Facyson;Jerry Tillery;Michael Davis;Uchenna Nwosu;Nasir Adderley"
2020_04_LAC_TB,1726,run,4.0,66.0,62.0,LAC,2.0,2094.0,66.0,40.0,4:54,4:14,,7.0,21.0,1.0,10.0,"3 DL, 4 LB, 4 DB",;;;;;;;;;;,11,7,,,,,00-0033542;00-0033090;00-0033578;00-0035688;00-0031128;00-0033910;00-0036355;00-0035414;00-0030279;00-0036370;00-0028142,Forrest Lamp;Hunter Henry;Sam Tevi;Trey Pipkins;Ryan Groy;Dan Feeney;Justin Herbert;Jalen Guyton;Keenan Allen;Joshua Kelley;Virgil Green,00-0031957;00-0034374;00-0034778;00-0036411;00-0031101;00-0027867;00-0035239;00-0030386;00-0027855;00-0029562;00-0035707,Rakeem Nunez-Roches;Jordan Whitehead;Carlton Davis III;Antoine Winfield Jr.;Shaquil Barrett;Jason Pierre-Paul;Sean Murphy-Bunting;William Gholston;Ndamukong Suh;Lavonte David;Devin White
2020_04_LAC_TB,1747,pass,7.0,62.0,55.0,LAC,2.0,2054.0,62.0,37.0,4:14,3:37,,7.0,21.0,2.0,6.0,"2 DL, 4 LB, 5 DB",;;;;;;;;;;,11,5,4,ZONE_COVERAGE,COVER_3,False,00-0033542;00-0033090;00-0035432;00-0033578;00-0035688;00-0031128;00-0033910;00-0036355;00-0035414;00-0030279;00-0036370,Forrest Lamp;Hunter Henry;Jason Moore;Sam Tevi;Trey Pipkins;Ryan Groy;Dan Feeney;Justin Herbert;Jalen Guyton;Keenan Allen;Joshua Kelley,00-0034374;00-0034778;00-0036411;00-0031101;00-0035239;00-0027867;00-0030386;00-0027855;00-0035707;00-0029562;00-0035699,Jordan Whitehead;Carlton Davis III;Antoine Winfield Jr.;Shaquil Barrett;Sean Murphy-Bunting;Jason Pierre-Paul;William Gholston;Ndamukong Suh;Devin White;Lavonte David;Jamel Dean
2020_04_LAC_TB,1771,run,3.0,55.0,52.0,LAC,2.0,2017.0,55.0,37.0,3:37,3:00,,7.0,21.0,1.0,10.0,"3 DL, 4 LB, 4 DB",;;;;;;;;;;,11,7,,,,,00-0033542;00-0035908;00-0033578;00-0035688;00-0031128;00-0034440;00-0035457;00-0033910;00-0036355;00-0030279;00-0028142,Forrest Lamp;Gabe Nabers;Sam Tevi;Trey Pipkins;Ryan Groy;Justin Jackson;Tyron Johnson;Dan Feeney;Justin Herbert;Keenan Allen;Virgil Green,00-0031957;00-0034374;00-0034778;00-0036411;00-0031101;00-0035239;00-0027867;00-0030386;00-0027855;00-0035707;00-0029562,Rakeem Nunez-Roches;Jordan Whitehead;Carlton Davis III;Antoine Winfield Jr.;Shaquil Barrett;Sean Murphy-Bunting;Jason Pierre-Paul;William Gholston;Ndamukong Suh;Devin White;Lavonte David
2020_04_LAC_TB,1792,pass,17.0,52.0,35.0,LAC,2.0,1980.0,52.0,38.0,3:00,2:22,,7.0,21.0,2.0,7.0,"2 DL, 4 LB, 5 DB",;;;;;;;;;;,11,6,5,MAN_COVERAGE,COVER_1,True,00-0033542;00-0035432;00-0033578;00-0035688;00-0031128;00-0034440;00-0033910;00-0036355;00-0035414;00-0030279;00-0028142,Forrest Lamp;Jason Moore;Sam Tevi;Trey Pipkins;Ryan Groy;Justin Jackson;Dan Feeney;Justin Herbert;Jalen Guyton;Keenan Allen;Virgil Green,00-0031957;00-0034374;00-0034778;00-0036411;00-0031101;00-0035239;00-0027867;00-0027855;00-0035707;00-0029562;00-0035699,Rakeem Nunez-Roches;Jordan Whitehead;Carlton Davis III;Antoine Winfield Jr.;Shaquil Barrett;Sean Murphy-Bunting;Jason Pierre-Paul;Ndamukong Suh;Devin White;Lavonte David;Jamel Dean
2020_04_LAC_TB,1826,run,-1.0,35.0,36.0,LAC,2.0,1942.0,35.0,22.0,2:22,2:00,,7.0,21.0,1.0,10.0,"3 DL, 4 LB, 4 DB",;;;;;;;;;;,11,7,,,,,00-0033542;00-0033090;00-0033578;00-0035688;00-0031128;00-0033910;00-0036355;00-0035414;00-0030279;00-0036370;00-0028142,Forrest Lamp;Hunter Henry;Sam Tevi;Trey Pipkins;Ryan Groy;Dan Feeney;Justin Herbert;Jalen Guyton;Keenan Allen;Joshua Kelley;Virgil Green,00-0034374;00-0034778;00-0036411;00-0034773;00-0031101;00-0035239;00-0027867;00-0030386;00-0027855;00-0029562;00-0035707,Jordan Whitehead;Carlton Davis III;Antoine Winfield Jr.;Vita Vea;Shaquil Barrett;Sean Murphy-Bunting;Jason Pierre-Paul;William Gholston;Ndamukong Suh;Lavonte David;Devin White
2020_04_LAC_TB,1864,no_play,0.0,36.0,36.0,LAC,2.0,1920.0,36.0,3.0,2:00,1:57,,7.0,21.0,2.0,11.0,"2 DL, 4 LB, 5 DB",;;;;;;;;;;,11,6,,,,,00-0033542;00-0033090;00-0035432;00-0033578;00-0035688;00-0031128;00-0033910;00-0036355;00-0035414;00-0030279;00-0036370,Forrest Lamp;Hunter Henry;Jason Moore;Sam Tevi;Trey Pipkins;Ryan Groy;Dan Feeney;Justin Herbert;Jalen Guyton;Keenan Allen;Joshua Kelley,00-0034374;00-0034778;00-0036411;00-0034773;00-0031101;00-0035239;00-0027867;00-0035707;00-0027855;00-0029562;00-0035699,Jordan Whitehead;Carlton Davis III;Antoine Winfield Jr.;Vita Vea;Shaquil Barrett;Sean Murphy-Bunting;Jason Pierre-Paul;Devin White;Ndamukong Suh;Lavonte David;Jamel Dean
2020_04_LAC_TB,1897,run,3.0,46.0,43.0,LAC,2.0,1917.0,46.0,8.0,1:57,1:49,,7.0,21.0,2.0,21.0,"2 DL, 4 LB, 5 DB",;;;;;;;;;;,11,6,,,,,00-0033542;00-0033090;00-0035432;00-0033578;00-0035688;00-0031128;00-0034440;00-0033910;00-0036355;00-0035414;00-0030279,Forrest Lamp;Hunter Henry;Jason Moore;Sam Tevi;Trey Pipkins;Ryan Groy;Justin Jackson;Dan Feeney;Justin Herbert;Jalen Guyton;Keenan Allen,00-0034374;00-0034778;00-0036411;00-0034773;00-0031101;00-0035239;00-0027867;00-0035707;00-0027855;00-0029562;00-0035699,Jordan Whitehead;Carlton Davis III;Antoine Winfield Jr.;Vita Vea;Shaquil Barrett;Sean Murphy-Bunting;Jason Pierre-Paul;Devin White;Ndamukong Suh;Lavonte David;Jamel Dean
2020_04_LAC_TB,1918,timeout,0.0,,,,2.0,1909.0,,0.0,1:49,1:49,TB,7.0,21.0,,0.0,,,0,,,,,,,,,
2020_04_LAC_TB,1935,pass,8.0,43.0,35.0,LAC,2.0,1909.0,43.0,8.0,1:49,1:41,,7.0,21.0,3.0,18.0,"2 DL, 4 LB, 5 DB",;;;;;;;;;;,11,6,4,ZONE_COVERAGE,COVER_6,True,00-0033542;00-0033090;00-0035688;00-0031128;00-0034440;00-0033910;00-0036355;00-0035414;00-0034958;00-0030279;00-0028142,Forrest Lamp;Hunter Henry;Trey Pipkins;Ryan Groy;Justin Jackson;Dan Feeney;Justin Herbert;Jalen Guyton;Tyree St. Louis;Keenan Allen;Virgil Green,00-0034374;00-0034778;00-0036411;00-0034773;00-0031101;00-0035239;00-0027867;00-0027855;00-0029562;00-0035707;00-0035699,Jordan Whitehead;Carlton Davis III;Antoine Winfield Jr.;Vita Vea;Shaquil Barrett;Sean Murphy-Bunting;Jason Pierre-Paul;Ndamukong Suh;Lavonte David;Devin White;Jamel Dean
2020_04_LAC_TB,1970,field_goal,0.0,35.0,35.0,LAC,2.0,1901.0,35.0,4.0,1:41,1:37,,7.0,24.0,4.0,10.0,,;;;;;;;;;;,11,,,,,,00-0034084;00-0033588;00-0033542;00-0032725;00-0034392;00-0034917;00-0033578;00-0035688;00-0031543;00-0033910;00-0028142,Mike Badgley;Isaac Rochell;Forrest Lamp;Stephen Anderson;Scott Quessenberry;Cole Mazza;Sam Tevi;Trey Pipkins;Ty Long;Dan Feeney;Virgil Green,00-0031957;00-0034374;00-0032772;00-0033595;00-0036411;00-0034773;00-0031101;00-0035254;00-0030386;00-0035707;00-0035699,Rakeem Nunez-Roches;Jordan Whitehead;Ryan Smith;Pat O'Connor;Antoine Winfield Jr.;Vita Vea;Shaquil Barrett;Anthony Nelson;William Gholston;Devin White;Jamel Dean
2020_04_LAC_TB,2000,kickoff,0.0,35.0,35.0,TB,2.0,1897.0,35.0,0.0,1:37,1:37,,7.0,24.0,,0.0,,;;;;;;;;;;,11,,,,,,00-0033566;00-0034545;00-0032725;00-0035908;00-0035432;00-0032892;00-0034903;00-0035538;00-0031543;00-0034835;00-0036380,Desmond King;Brandon Facyson;Stephen Anderson;Gabe Nabers;Jason Moore;Nick Vigil;Tevaughn Campbell;Emeke Egbule;Ty Long;Malik Jefferson;Alohi Gilman,00-0032772;00-0033595;00-0035254;00-0032637;00-0034613;00-0034415;00-0030382;00-0033006;00-0035000;00-0030465;00-0035681,Ryan Smith;Pat O'Connor;Anthony Nelson;Andrew Adams;Tanner Hudson;Jack Cichy;Kevin Minter;Jaydon Mickens;Quinton Bell;Kenjon Barner;Mike Edwards
2020_04_LAC_TB,2015,pass,0.0,75.0,75.0,TB,2.0,1897.0,75.0,6.0,1:37,1:31,,7.0,24.0,1.0,10.0,"3 DL, 3 LB, 5 DB",;;;;;;;;;;,11,7,3,ZONE_COVERAGE,COVER_2,True,00-0029895;00-0031408;00-0032243;00-0032217;00-0034386;00-0019596;00-0035298;00-0036406;00-0034678;00-0027656;00-0030465,Ryan Jensen;Mike Evans;Ali Marpet;Donovan Smith;Justin Watson;Tom Brady;Scott Miller;Tristan Wirfs;Alex Cappa;Rob Gronkowski;Kenjon Barner,00-0033566;00-0033941;00-0027885;00-0036441;00-0034375;00-0035674;00-0033156;00-0033697;00-0029261;00-0034350;00-0035677,"Desmond King;Rayshawn Jenkins;Linval Joseph;Kenneth Murray, Jr.;Kyzir White;Jerry Tillery;Joey Bosa;Michael Davis;Casey Hayward;Uchenna Nwosu;Nasir Adderley"
2020_04_LAC_TB,2037,pass,10.0,75.0,65.0,TB,2.0,1891.0,75.0,18.0,1:31,1:13,,7.0,24.0,2.0,10.0,"3 DL, 3 LB, 5 DB",;;;;;;;;;;,11,5,4,ZONE_COVERAGE,COVER_3,False,00-0029895;00-0031408;00-0032243;00-0032217;00-0034386;00-0019596;00-0035298;00-0036406;00-0034678;00-0027656;00-0030465,Ryan Jensen;Mike Evans;Ali Marpet;Donovan Smith;Justin Watson;Tom Brady;Scott Miller;Tristan Wirfs;Alex Cappa;Rob Gronkowski;Kenjon Barner,00-0033566;00-0033941;00-0027885;00-0036441;00-0034375;00-0035674;00-0033156;00-0033697;00-0029261;00-0034350;00-0035677,"Desmond King;Rayshawn Jenkins;Linval Joseph;Kenneth Murray, Jr.;Kyzir White;Jerry Tillery;Joey Bosa;Michael Davis;Casey Hayward;Uchenna Nwosu;Nasir Adderley"
2020_04_LAC_TB,2061,pass,0.0,65.0,65.0,TB,2.0,1873.0,65.0,4.0,1:13,1:09,,7.0,24.0,1.0,10.0,"3 DL, 3 LB, 5 DB",;;;;;;;;;;,11,4,4,ZONE_COVERAGE,COVER_2,True,00-0029895;00-0031408;00-0032243;00-0032217;00-0034386;00-0019596;00-0035298;00-0036406;00-0034678;00-0027656;00-0030465,Ryan Jensen;Mike Evans;Ali Marpet;Donovan Smith;Justin Watson;Tom Brady;Scott Miller;Tristan Wirfs;Alex Cappa;Rob Gronkowski;Kenjon Barner,00-0033566;00-0033941;00-0027885;00-0036441;00-0034375;00-0035674;00-0033156;00-0033697;00-0029261;00-0034350;00-0035677,"Desmond King;Rayshawn Jenkins;Linval Joseph;Kenneth Murray, Jr.;Kyzir White;Jerry Tillery;Joey Bosa;Michael Davis;Casey Hayward;Uchenna Nwosu;Nasir Adderley"
2020_04_LAC_TB,2097,pass,0.0,50.0,50.0,TB,2.0,1869.0,50.0,3.0,1:09,1:06,,7.0,24.0,1.0,10.0,"3 DL, 3 LB, 5 DB",;;;;;;;;;;,11,5,4,ZONE_COVERAGE,COVER_6,False,00-0029895;00-0034816;00-0033879;00-0032243;00-0032217;00-0031408;00-0034386;00-0019596;00-0035298;00-0036406;00-0034678,Ryan Jensen;Ronald Jones;O.J. Howard;Ali Marpet;Donovan Smith;Mike Evans;Justin Watson;Tom Brady;Scott Miller;Tristan Wirfs;Alex Cappa,00-0033566;00-0033941;00-0027885;00-0036441;00-0034375;00-0035674;00-0033156;00-0033697;00-0029261;00-0034350;00-0035677,"Desmond King;Rayshawn Jenkins;Linval Joseph;Kenneth Murray, Jr.;Kyzir White;Jerry Tillery;Joey Bosa;Michael Davis;Casey Hayward;Uchenna Nwosu;Nasir Adderley"
2020_04_LAC_TB,2119,pass,0.0,50.0,50.0,TB,2.0,1866.0,50.0,6.0,1:06,1:00,,7.0,24.0,2.0,10.0,"3 DL, 3 LB, 5 DB",;;;;;;;;;;,11,6,4,MAN_COVERAGE,COVER_1,True,00-0029895;00-0034816;00-0033879;00-0032243;00-0032217;00-0031408;00-0034386;00-0019596;00-0035298;00-0036406;00-0034678,Ryan Jensen;Ronald Jones;O.J. Howard;Ali Marpet;Donovan Smith;Mike Evans;Justin Watson;Tom Brady;Scott Miller;Tristan Wirfs;Alex Cappa,00-0033566;00-0033941;00-0027885;00-0036441;00-0034375;00-0035674;00-0033156;00-0033697;00-0029261;00-0034350;00-0035677,"Desmond King;Rayshawn Jenkins;Linval Joseph;Kenneth Murray, Jr.;Kyzir White;Jerry Tillery;Joey Bosa;Michael Davis;Casey Hayward;Uchenna Nwosu;Nasir Adderley"
2020_04_LAC_TB,2141,pass,0.0,50.0,50.0,TB,2.0,1860.0,50.0,5.0,1:00,0:55,,7.0,24.0,3.0,10.0,"3 DL, 3 LB, 5 DB",;;;;;;;;;;,11,6,5,ZONE_COVERAGE,COVER_3,True,00-0029895;00-0033879;00-0032243;00-0032217;00-0031408;00-0034386;00-0019596;00-0035298;00-0036406;00-0034678;00-0036450,Ryan Jensen;O.J. Howard;Ali Marpet;Donovan Smith;Mike Evans;Justin Watson;Tom Brady;Scott Miller;Tristan Wirfs;Alex Cappa;Ke'Shawn Vaughn,00-0033566;00-0033941;00-0033588;00-0027885;00-0036441;00-0034375;00-0035674;00-0033697;00-0029261;00-0034350;00-0035677,"Desmond King;Rayshawn Jenkins;Isaac Rochell;Linval Joseph;Kenneth Murray, Jr.;Kyzir White;Jerry Tillery;Michael Davis;Casey Hayward;Uchenna Nwosu;Nasir Adderley"
2020_04_LAC_TB,2186,punt,0.0,65.0,65.0,TB,2.0,1855.0,65.0,8.0,0:55,0:47,,7.0,24.0,4.0,25.0,,;;;;;;;;;;,11,,,,,,00-0032065;00-0033196;00-0032772;00-0035254;00-0032637;00-0034386;00-0034415;00-0030382;00-0033006;00-0035000;00-0035681,Bradley Pinion;Zach Triner;Ryan Smith;Anthony Nelson;Andrew Adams;Justin Watson;Jack Cichy;Kevin Minter;Jaydon Mickens;Quinton Bell;Mike Edwards,00-0032725;00-0034545;00-0035432;00-0034903;00-0035906;00-0034440;00-0035457;00-0035538;00-0034835;00-0036380;00-0036382,Stephen Anderson;Brandon Facyson;Jason Moore;Tevaughn Campbell;Jessie Lemonier;Justin Jackson;Tyron Johnson;Emeke Egbule;Malik Jefferson;Alohi Gilman;K.J. Hill
2020_04_LAC_TB,2204,turnover,-1.0,91.0,92.0,LAC,2.0,1847.0,91.0,9.0,0:47,0:38,,7.0,24.0,1.0,10.0,"2 DL, 4 LB, 5 DB",;;;;;;;;;;,11,6,,,,,00-0035432;00-0035688;00-0036370;00-0033578;00-0035414;00-0033542;00-0033910;00-0030279;00-0031128;00-0033090;00-0036355,Jason Moore;Trey Pipkins;Joshua Kelley;Sam Tevi;Jalen Guyton;Forrest Lamp;Dan Feeney;Keenan Allen;Ryan Groy;Hunter Henry;Justin Herbert,00-0034773;00-0035699;00-0036411;00-0034374;00-0035707;00-0035239;00-0027855;00-0034778;00-0031101;00-0029562;00-0027867,Vita Vea;Jamel Dean;Antoine Winfield Jr.;Jordan Whitehead;Devin White;Sean Murphy-Bunting;Ndamukong Suh;Carlton Davis III;Shaquil Barrett;Lavonte David;Jason Pierre-Paul
2020_04_LAC_TB,2241,pass,0.0,6.0,6.0,TB,2.0,1838.0,6.0,5.0,0:38,0:33,,7.0,24.0,1.0,6.0,"3 DL, 3 LB, 5 DB",;;;;;;;;;;,11,4,4,MAN_COVERAGE,COVER_1,True,00-0029895;00-0034816;00-0031408;00-0032243;00-0032217;00-0034386;00-0019596;00-0036427;00-0036406;00-0034678;00-0027656,Ryan Jensen;Ronald Jones;Mike Evans;Ali Marpet;Donovan Smith;Justin Watson;Tom Brady;Tyler Johnson;Tristan Wirfs;Alex Cappa;Rob Gronkowski,00-0033566;00-0033941;00-0027885;00-0036441;00-0034375;00-0035674;00-0033156;00-0033697;00-0029261;00-0034350;00-0035677,"Desmond King;Rayshawn Jenkins;Linval Joseph;Kenneth Murray, Jr.;Kyzir White;Jerry Tillery;Joey Bosa;Michael Davis;Casey Hayward;Uchenna Nwosu;Nasir Adderley"
2020_04_LAC_TB,2263,pass,0.0,6.0,6.0,TB,2.0,1833.0,6.0,5.0,0:33,0:28,,7.0,24.0,2.0,6.0,"3 DL, 3 LB, 5 DB",;;;;;;;;;;,11,6,4,ZONE_COVERAGE,COVER_3,False,00-0029895;00-0034816;00-0031408;00-0032243;00-0032217;00-0034386;00-0019596;00-0035298;00-0036406;00-0034678;00-0027656,Ryan Jensen;Ronald Jones;Mike Evans;Ali Marpet;Donovan Smith;Justin Watson;Tom Brady;Scott Miller;Tristan Wirfs;Alex Cappa;Rob Gronkowski,00-0033566;00-0033941;00-0027885;00-0036441;00-0034375;00-0035674;00-0033156;00-0033697;00-0029261;00-0034350;00-0035677,"Desmond King;Rayshawn Jenkins;Linval Joseph;Kenneth Murray, Jr.;Kyzir White;Jerry Tillery;Joey Bosa;Michael Davis;Casey Hayward;Uchenna Nwosu;Nasir Adderley"
2020_04_LAC_TB,2285,pass,6.0,6.0,0.0,TB,2.0,1828.0,6.0,6.0,0:28,0:22,,13.0,24.0,3.0,6.0,"3 DL, 3 LB, 5 DB",;;;;;;;;;;,11,7,3,ZONE_COVERAGE,COVER_2,False,00-0029895;00-0034816;00-0031408;00-0032243;00-0032217;00-0034386;00-0019596;00-0036427;00-0036406;00-0034678;00-0027656,Ryan Jensen;Ronald Jones;Mike Evans;Ali Marpet;Donovan Smith;Justin Watson;Tom Brady;Tyler Johnson;Tristan Wirfs;Alex Cappa;Rob Gronkowski,00-0033566;00-0033941;00-0027885;00-0036441;00-0034375;00-0035674;00-0033156;00-0033697;00-0029261;00-0034350;00-0035677,"Desmond King;Rayshawn Jenkins;Linval Joseph;Kenneth Murray, Jr.;Kyzir White;Jerry Tillery;Joey Bosa;Michael Davis;Casey Hayward;Uchenna Nwosu;Nasir Adderley"
2020_04_LAC_TB,2310,extra_point,0.0,15.0,15.0,TB,2.0,1822.0,15.0,0.0,0:22,0:22,,14.0,24.0,,0.0,,;;;;;;;;;;,11,,,,,,00-0032065;00-0033196;00-0033879;00-0032243;00-0032217;00-0034773;00-0026968;00-0030386;00-0030829;00-0036406;00-0034678,Bradley Pinion;Zach Triner;O.J. Howard;Ali Marpet;Donovan Smith;Vita Vea;Ryan Succop;William Gholston;Josh Wells;Tristan Wirfs;Alex Cappa,00-0033566;00-0035315;00-0033588;00-0027885;00-0030148;00-0036441;00-0034545;00-0035674;00-0033697;00-0034350;00-0035677,"Desmond King;Cortez Broughton;Isaac Rochell;Linval Joseph;Damion Square;Kenneth Murray, Jr.;Brandon Facyson;Jerry Tillery;Michael Davis;Uchenna Nwosu;Nasir Adderley"
2020_04_LAC_TB,2326,kickoff,0.0,35.0,35.0,LAC,2.0,1822.0,35.0,0.0,0:22,0:22,,14.0,24.0,,0.0,,;;;;;;;;;;,11,,,,,,00-0036106;00-0032065;00-0032772;00-0034778;00-0033595;00-0035239;00-0032637;00-0034415;00-0030382;00-0035000;00-0035681,Parnell Motley;Bradley Pinion;Ryan Smith;Carlton Davis III;Pat O'Connor;Sean Murphy-Bunting;Andrew Adams;Jack Cichy;Kevin Minter;Quinton Bell;Mike Edwards,00-0032725;00-0034545;00-0035432;00-0035908;00-0032892;00-0035906;00-0035457;00-0035538;00-0034835;00-0036380;00-0036382,Stephen Anderson;Brandon Facyson;Jason Moore;Gabe Nabers;Nick Vigil;Jessie Lemonier;Tyron Johnson;Emeke Egbule;Malik Jefferson;Alohi Gilman;K.J. Hill
2020_04_LAC_TB,2341,qb_kneel,-1.0,75.0,76.0,LAC,2.0,1822.0,75.0,22.0,0:22,0:00,,14.0,24.0,1.0,10.0,"3 DL, 4 LB, 4 DB",;;;;;;;;;;,11,7,,,,,00-0033542;00-0033090;00-0035908;00-0033578;00-0035688;00-0031128;00-0033910;00-0036355;00-0035414;00-0036370;00-0028142,Forrest Lamp;Hunter Henry;Gabe Nabers;Sam Tevi;Trey Pipkins;Ryan Groy;Dan Feeney;Justin Herbert;Jalen Guyton;Joshua Kelley;Virgil Green,00-0034374;00-0034778;00-0036411;00-0034773;00-0035254;00-0035239;00-0027867;00-0030386;00-0035707;00-0027855;00-0029562,Jordan Whitehead;Carlton Davis III;Antoine Winfield Jr.;Vita Vea;Anthony Nelson;Sean Murphy-Bunting;Jason Pierre-Paul;William Gholston;Devin White;Ndamukong Suh;Lavonte David
2020_04_LAC_TB,2362,start_quarter_3,,,,,2.0,1800.0,,0.0,0:00,0:00,,14.0,24.0,,0.0,,,0,,,,,,,,,
2020_04_LAC_TB,2381,kickoff,0.0,35.0,35.0,LAC,3.0,1800.0,35.0,0.0,15:00,15:00,,14.0,24.0,,0.0,,;;;;;;;;;;,11,,,,,,00-0032065;00-0036106;00-0032772;00-0034778;00-0033595;00-0035239;00-0032637;00-0034415;00-0030382;00-0035000;00-0035681,Bradley Pinion;Parnell Motley;Ryan Smith;Carlton Davis III;Pat O'Connor;Sean Murphy-Bunting;Andrew Adams;Jack Cichy;Kevin Minter;Quinton Bell;Mike Edwards,00-0032725;00-0034545;00-0035432;00-0035908;00-0032892;00-0035906;00-0035457;00-0035538;00-0034835;00-0036380;00-0036382,Stephen Anderson;Brandon Facyson;Jason Moore;Gabe Nabers;Nick Vigil;Jessie Lemonier;Tyron Johnson;Emeke Egbule;Malik Jefferson;Alohi Gilman;K.J. Hill
2020_04_LAC_TB,2396,run,2.0,75.0,73.0,LAC,3.0,1800.0,75.0,33.0,15:00,14:27,,14.0,24.0,1.0,10.0,"3 DL, 4 LB, 4 DB",;;;;;;;;;;,11,8,,,,,00-0033542;00-0033090;00-0033578;00-0035688;00-0031128;00-0033910;00-0036355;00-0035414;00-0030279;00-0036370;00-0028142,Forrest Lamp;Hunter Henry;Sam Tevi;Trey Pipkins;Ryan Groy;Dan Feeney;Justin Herbert;Jalen Guyton;Keenan Allen;Joshua Kelley;Virgil Green,00-0034374;00-0034778;00-0036411;00-0034773;00-0031101;00-0035239;00-0027867;00-0030386;00-0027855;00-0035707;00-0029562,Jordan Whitehead;Carlton Davis III;Antoine Winfield Jr.;Vita Vea;Shaquil Barrett;Sean Murphy-Bunting;Jason Pierre-Paul;William Gholston;Ndamukong Suh;Devin White;Lavonte David
2020_04_LAC_TB,2421,run,2.0,73.0,71.0,LAC,3.0,1767.0,73.0,35.0,14:27,13:52,,14.0,24.0,2.0,8.0,"2 DL, 4 LB, 5 DB",;;;;;;;;;;,11,6,,,,,00-0033542;00-0033090;00-0035432;00-0033578;00-0035688;00-0031128;00-0033910;00-0036355;00-0035414;00-0030279;00-0036370,Forrest Lamp;Hunter Henry;Jason Moore;Sam Tevi;Trey Pipkins;Ryan Groy;Dan Feeney;Justin Herbert;Jalen Guyton;Keenan Allen;Joshua Kelley,00-0034374;00-0034778;00-0036411;00-0034773;00-0031101;00-0035239;00-0027867;00-0027855;00-0035707;00-0029562;00-0035699,Jordan Whitehead;Carlton Davis III;Antoine Winfield Jr.;Vita Vea;Shaquil Barrett;Sean Murphy-Bunting;Jason Pierre-Paul;Ndamukong Suh;Devin White;Lavonte David;Jamel Dean
2020_04_LAC_TB,2442,pass,-9.0,71.0,80.0,LAC,3.0,1732.0,71.0,48.0,13:52,13:04,,14.0,24.0,3.0,6.0,"2 DL, 4 LB, 5 DB",;;;;;;;;;;,11,6,6,,,,00-0033542;00-0033090;00-0035432;00-0033578;00-0035688;00-0031128;00-0034440;00-0033910;00-0036355;00-0035414;00-0030279,Forrest Lamp;Hunter Henry;Jason Moore;Sam Tevi;Trey Pipkins;Ryan Groy;Justin Jackson;Dan Feeney;Justin Herbert;Jalen Guyton;Keenan Allen,00-0034374;00-0034778;00-0036411;00-0034773;00-0031101;00-0035239;00-0027867;00-0027855;00-0029562;00-0035707;00-0035699,Jordan Whitehead;Carlton Davis III;Antoine Winfield Jr.;Vita Vea;Shaquil Barrett;Sean Murphy-Bunting;Jason Pierre-Paul;Ndamukong Suh;Lavonte David;Devin White;Jamel Dean
2020_04_LAC_TB,2461,punt,0.0,80.0,80.0,LAC,3.0,1684.0,80.0,14.0,13:04,12:50,,14.0,24.0,4.0,15.0,,;;;;;;;;;;,11,,,,,,00-0033588;00-0034545;00-0034917;00-0035908;00-0034903;00-0034440;00-0035538;00-0031543;00-0034835;00-0034350;00-0036370,Isaac Rochell;Brandon Facyson;Cole Mazza;Gabe Nabers;Tevaughn Campbell;Justin Jackson;Emeke Egbule;Ty Long;Malik Jefferson;Uchenna Nwosu;Joshua Kelley,00-0036106;00-0032772;00-0033595;00-0032637;00-0034386;00-0034613;00-0034415;00-0030382;00-0033006;00-0035000;00-0035681,Parnell Motley;Ryan Smith;Pat O'Connor;Andrew Adams;Justin Watson;Tanner Hudson;Jack Cichy;Kevin Minter;Jaydon Mickens;Quinton Bell;Mike Edwards
2020_04_LAC_TB,2486,run,2.0,69.0,67.0,TB,3.0,1670.0,69.0,34.0,12:50,12:16,,14.0,24.0,1.0,10.0,"3 DL, 4 LB, 4 DB",;;;;;;;;;;,11,7,,,,,00-0029895;00-0034816;00-0033879;00-0032243;00-0032217;00-0031408;00-0019596;00-0036427;00-0036406;00-0034678;00-0027656,Ryan Jensen;Ronald Jones;O.J. Howard;Ali Marpet;Donovan Smith;Mike Evans;Tom Brady;Tyler Johnson;Tristan Wirfs;Alex Cappa;Rob Gronkowski,00-0033941;00-0027885;00-0036441;00-0034375;00-0035674;00-0032103;00-0033156;00-0033697;00-0029261;00-0034350;00-0035677,"Rayshawn Jenkins;Linval Joseph;Kenneth Murray, Jr.;Kyzir White;Jerry Tillery;Denzel Perryman;Joey Bosa;Michael Davis;Casey Hayward;Uchenna Nwosu;Nasir Adderley"
2020_04_LAC_TB,2508,pass,9.0,67.0,58.0,TB,3.0,1636.0,67.0,42.0,12:16,11:34,,14.0,24.0,2.0,8.0,"3 DL, 3 LB, 5 DB",;;;;;;;;;;,11,6,4,MAN_COVERAGE,COVER_1,True,00-0029895;00-0034816;00-0032243;00-0032217;00-0031408;00-0034386;00-0019596;00-0035298;00-0036406;00-0034678;00-0027656,Ryan Jensen;Ronald Jones;Ali Marpet;Donovan Smith;Mike Evans;Justin Watson;Tom Brady;Scott Miller;Tristan Wirfs;Alex Cappa;Rob Gronkowski,00-0033566;00-0033941;00-0027885;00-0036441;00-0034375;00-0035674;00-0033156;00-0033697;00-0029261;00-0034350;00-0035677,"Desmond King;Rayshawn Jenkins;Linval Joseph;Kenneth Murray, Jr.;Kyzir White;Jerry Tillery;Joey Bosa;Michael Davis;Casey Hayward;Uchenna Nwosu;Nasir Adderley"
2020_04_LAC_TB,2532,pass,5.0,58.0,53.0,TB,3.0,1594.0,58.0,31.0,11:34,11:03,,14.0,24.0,1.0,10.0,"3 DL, 3 LB, 5 DB",;;;;;;;;;;,11,7,4,ZONE_COVERAGE,COVER_3,False,00-0029895;00-0034816;00-0031408;00-0032243;00-0032217;00-0034386;00-0019596;00-0035298;00-0036406;00-0034678;00-0027656,Ryan Jensen;Ronald Jones;Mike Evans;Ali Marpet;Donovan Smith;Justin Watson;Tom Brady;Scott Miller;Tristan Wirfs;Alex Cappa;Rob Gronkowski,00-0033566;00-0033941;00-0027885;00-0036441;00-0034375;00-0035674;00-0033156;00-0033697;00-0029261;00-0034350;00-0035677,"Desmond King;Rayshawn Jenkins;Linval Joseph;Kenneth Murray, Jr.;Kyzir White;Jerry Tillery;Joey Bosa;Michael Davis;Casey Hayward;Uchenna Nwosu;Nasir Adderley"
2020_04_LAC_TB,2561,run,1.0,53.0,52.0,TB,3.0,1563.0,53.0,41.0,11:03,10:22,,14.0,24.0,2.0,5.0,"3 DL, 4 LB, 4 DB",;;;;;;;;;;,11,8,,,,,00-0029895;00-0034816;00-0033879;00-0032243;00-0032217;00-0031408;00-0019596;00-0036427;00-0036406;00-0034678;00-0027656,Ryan Jensen;Ronald Jones;O.J. Howard;Ali Marpet;Donovan Smith;Mike Evans;Tom Brady;Tyler Johnson;Tristan Wirfs;Alex Cappa;Rob Gronkowski,00-0033941;00-0030148;00-0036441;00-0034375;00-0035674;00-0032103;00-0033156;00-0033697;00-0029261;00-0034350;00-0035677,"Rayshawn Jenkins;Damion Square;Kenneth Murray, Jr.;Kyzir White;Jerry Tillery;Denzel Perryman;Joey Bosa;Michael Davis;Casey Hayward;Uchenna Nwosu;Nasir Adderley"
2020_04_LAC_TB,2582,pass,10.0,52.0,42.0,TB,3.0,1522.0,52.0,38.0,10:22,9:44,,14.0,24.0,3.0,4.0,"3 DL, 3 LB, 5 DB",;;;;;;;;;;,11,6,5,MAN_COVERAGE,COVER_1,False,00-0029895;00-0032243;00-0032217;00-0031408;00-0034386;00-0019596;00-0035298;00-0036406;00-0034678;00-0036450;00-0027656,Ryan Jensen;Ali Marpet;Donovan Smith;Mike Evans;Justin Watson;Tom Brady;Scott Miller;Tristan Wirfs;Alex Cappa;Ke'Shawn Vaughn;Rob Gronkowski,00-0033566;00-0033941;00-0030148;00-0036441;00-0034375;00-0035674;00-0033156;00-0033697;00-0029261;00-0034350;00-0035677,"Desmond King;Rayshawn Jenkins;Damion Square;Kenneth Murray, Jr.;Kyzir White;Jerry Tillery;Joey Bosa;Michael Davis;Casey Hayward;Uchenna Nwosu;Nasir Adderley"
2020_04_LAC_TB,2606,pass,12.0,42.0,30.0,TB,3.0,1484.0,42.0,39.0,9:44,9:05,,14.0,24.0,1.0,10.0,"3 DL, 4 LB, 4 DB",;;;;;;;;;;,11,8,4,ZONE_COVERAGE,COVER_3,False,00-0029895;00-0033879;00-0032243;00-0032217;00-0031408;00-0019596;00-0036406;00-0036427;00-0034678;00-0036450;00-0027656,Ryan Jensen;O.J. Howard;Ali Marpet;Donovan Smith;Mike Evans;Tom Brady;Tristan Wirfs;Tyler Johnson;Alex Cappa;Ke'Shawn Vaughn;Rob Gronkowski,00-0035315;00-0033941;00-0033588;00-0030148;00-0036441;00-0034375;00-0032103;00-0033697;00-0029261;00-0034350;00-0035677,"Cortez Broughton;Rayshawn Jenkins;Isaac Rochell;Damion Square;Kenneth Murray, Jr.;Kyzir White;Denzel Perryman;Michael Davis;Casey Hayward;Uchenna Nwosu;Nasir Adderley"
2020_04_LAC_TB,2630,run,2.0,30.0,28.0,TB,3.0,1445.0,30.0,36.0,9:05,8:29,,14.0,24.0,1.0,10.0,"3 DL, 4 LB, 4 DB",;;;;;;;;;;,11,7,,,,,00-0029895;00-0034816;00-0033879;00-0032243;00-0032217;00-0019596;00-0035298;00-0036427;00-0036406;00-0034678;00-0027656,Ryan Jensen;Ronald Jones;O.J. Howard;Ali Marpet;Donovan Smith;Tom Brady;Scott Miller;Tyler Johnson;Tristan Wirfs;Alex Cappa;Rob Gronkowski,00-0035315;00-0033941;00-0033588;00-0030148;00-0036441;00-0034375;00-0032103;00-0033697;00-0029261;00-0034350;00-0035677,"Cortez Broughton;Rayshawn Jenkins;Isaac Rochell;Damion Square;Kenneth Murray, Jr.;Kyzir White;Denzel Perryman;Michael Davis;Casey Hayward;Uchenna Nwosu;Nasir Adderley"
2020_04_LAC_TB,2651,pass,28.0,28.0,0.0,TB,3.0,1409.0,28.0,7.0,8:29,8:22,,20.0,24.0,2.0,8.0,"4 DL, 2 LB, 5 DB",;;;;;;;;;;,11,7,4,ZONE_COVERAGE,COVER_3,False,00-0029895;00-0034816;00-0031273;00-0033879;00-0032243;00-0032217;00-0034386;00-0019596;00-0036406;00-0034678;00-0027656,Ryan Jensen;Ronald Jones;Cameron Brate;O.J. Howard;Ali Marpet;Donovan Smith;Justin Watson;Tom Brady;Tristan Wirfs;Alex Cappa;Rob Gronkowski,00-0033566;00-0035315;00-0033941;00-0033588;00-0027885;00-0036441;00-0034375;00-0033156;00-0033697;00-0029261;00-0035677,"Desmond King;Cortez Broughton;Rayshawn Jenkins;Isaac Rochell;Linval Joseph;Kenneth Murray, Jr.;Kyzir White;Joey Bosa;Michael Davis;Casey Hayward;Nasir Adderley"
2020_04_LAC_TB,2676,extra_point,0.0,15.0,15.0,TB,3.0,1402.0,15.0,0.0,8:22,8:22,,21.0,24.0,,0.0,,;;;;;;;;;;,11,,,,,,00-0032065;00-0033196;00-0033879;00-0032217;00-0034773;00-0032243;00-0026968;00-0030386;00-0030829;00-0036406;00-0034678,Bradley Pinion;Zach Triner;O.J. Howard;Donovan Smith;Vita Vea;Ali Marpet;Ryan Succop;William Gholston;Josh Wells;Tristan Wirfs;Alex Cappa,00-0035315;00-0033566;00-0033588;00-0027885;00-0030148;00-0036441;00-0034545;00-0033697;00-0034958;00-0034350;00-0035677,"Cortez Broughton;Desmond King;Isaac Rochell;Linval Joseph;Damion Square;Kenneth Murray, Jr.;Brandon Facyson;Michael Davis;Tyree St. Louis;Uchenna Nwosu;Nasir Adderley"
2020_04_LAC_TB,2692,kickoff,0.0,35.0,35.0,LAC,3.0,1402.0,35.0,0.0,8:22,8:22,,21.0,24.0,,0.0,,;;;;;;;;;;,11,,,,,,00-0036106;00-0032065;00-0032772;00-0034778;00-0033595;00-0035239;00-0032637;00-0034415;00-0030382;00-0035000;00-0035681,Parnell Motley;Bradley Pinion;Ryan Smith;Carlton Davis III;Pat O'Connor;Sean Murphy-Bunting;Andrew Adams;Jack Cichy;Kevin Minter;Quinton Bell;Mike Edwards,00-0032725;00-0034545;00-0035432;00-0035908;00-0032892;00-0035906;00-0035457;00-0035538;00-0034835;00-0036380;00-0036382,Stephen Anderson;Brandon Facyson;Jason Moore;Gabe Nabers;Nick Vigil;Jessie Lemonier;Tyron Johnson;Emeke Egbule;Malik Jefferson;Alohi Gilman;K.J. Hill
2020_04_LAC_TB,2707,pass,29.0,75.0,46.0,LAC,3.0,1402.0,75.0,38.0,8:22,7:44,,21.0,24.0,1.0,10.0,"2 DL, 4 LB, 5 DB",;;;;;;;;;;,11,6,4,ZONE_COVERAGE,COVER_3,False,00-0033542;00-0033090;00-0035432;00-0033578;00-0035688;00-0031128;00-0034440;00-0033910;00-0036355;00-0035414;00-0030279,Forrest Lamp;Hunter Henry;Jason Moore;Sam Tevi;Trey Pipkins;Ryan Groy;Justin Jackson;Dan Feeney;Justin Herbert;Jalen Guyton;Keenan Allen,00-0034374;00-0034778;00-0036411;00-0034773;00-0031101;00-0035239;00-0027867;00-0035707;00-0027855;00-0029562;00-0035699,Jordan Whitehead;Carlton Davis III;Antoine Winfield Jr.;Vita Vea;Shaquil Barrett;Sean Murphy-Bunting;Jason Pierre-Paul;Devin White;Ndamukong Suh;Lavonte David;Jamel Dean
2020_04_LAC_TB,2731,run,1.0,46.0,45.0,LAC,3.0,1364.0,46.0,37.0,7:44,7:07,,21.0,24.0,1.0,10.0,"2 DL, 4 LB, 5 DB",;;;;;;;;;;,11,6,,,,,00-0033542;00-0033090;00-0035432;00-0033578;00-0035688;00-0031128;00-0034440;00-0033910;00-0036355;00-0035414;00-0030279,Forrest Lamp;Hunter Henry;Jason Moore;Sam Tevi;Trey Pipkins;Ryan Groy;Justin Jackson;Dan Feeney;Justin Herbert;Jalen Guyton;Keenan Allen,00-0034374;00-0034778;00-0036411;00-0034773;00-0031101;00-0035239;00-0027867;00-0027855;00-0035707;00-0029562;00-0035699,Jordan Whitehead;Carlton Davis III;Antoine Winfield Jr.;Vita Vea;Shaquil Barrett;Sean Murphy-Bunting;Jason Pierre-Paul;Ndamukong Suh;Devin White;Lavonte David;Jamel Dean
2020_04_LAC_TB,2752,pass,10.0,45.0,35.0,LAC,3.0,1327.0,45.0,36.0,7:07,6:31,,21.0,24.0,2.0,9.0,"2 DL, 4 LB, 5 DB",;;;;;;;;;;,11,6,6,MAN_COVERAGE,COVER_1,True,00-0033542;00-0033090;00-0035432;00-0033578;00-0035688;00-0031128;00-0034440;00-0033910;00-0036355;00-0035414;00-0030279,Forrest Lamp;Hunter Henry;Jason Moore;Sam Tevi;Trey Pipkins;Ryan Groy;Justin Jackson;Dan Feeney;Justin Herbert;Jalen Guyton;Keenan Allen,00-0034374;00-0034778;00-0036411;00-0034773;00-0031101;00-0035239;00-0027867;00-0027855;00-0029562;00-0035707;00-0035699,Jordan Whitehead;Carlton Davis III;Antoine Winfield Jr.;Vita Vea;Shaquil Barrett;Sean Murphy-Bunting;Jason Pierre-Paul;Ndamukong Suh;Lavonte David;Devin White;Jamel Dean
2020_04_LAC_TB,2776,pass,9.0,35.0,26.0,LAC,3.0,1291.0,35.0,35.0,6:31,5:56,,21.0,24.0,1.0,10.0,"2 DL, 4 LB, 5 DB",;;;;;;;;;;,11,6,4,ZONE_COVERAGE,COVER_4,True,00-0033542;00-0035432;00-0033578;00-0035688;00-0031128;00-0033910;00-0036355;00-0035414;00-0030279;00-0036370;00-0028142,Forrest Lamp;Jason Moore;Sam Tevi;Trey Pipkins;Ryan Groy;Dan Feeney;Justin Herbert;Jalen Guyton;Keenan Allen;Joshua Kelley;Virgil Green,00-0034374;00-0034778;00-0036411;00-0034773;00-0031101;00-0035239;00-0027867;00-0035707;00-0027855;00-0029562;00-0035699,Jordan Whitehead;Carlton Davis III;Antoine Winfield Jr.;Vita Vea;Shaquil Barrett;Sean Murphy-Bunting;Jason Pierre-Paul;Devin White;Ndamukong Suh;Lavonte David;Jamel Dean
2020_04_LAC_TB,2805,run,0.0,26.0,26.0,LAC,3.0,1256.0,26.0,34.0,5:56,5:22,,21.0,24.0,2.0,1.0,"3 DL, 4 LB, 4 DB",;;;;;;;;;;,11,6,,,,,00-0033542;00-0035908;00-0033578;00-0035688;00-0031128;00-0035457;00-0033910;00-0036355;00-0030279;00-0036370;00-0028142,Forrest Lamp;Gabe Nabers;Sam Tevi;Trey Pipkins;Ryan Groy;Tyron Johnson;Dan Feeney;Justin Herbert;Keenan Allen;Joshua Kelley;Virgil Green,00-0034374;00-0034778;00-0036411;00-0034773;00-0031101;00-0035239;00-0027867;00-0030386;00-0027855;00-0035707;00-0029562,Jordan Whitehead;Carlton Davis III;Antoine Winfield Jr.;Vita Vea;Shaquil Barrett;Sean Murphy-Bunting;Jason Pierre-Paul;William Gholston;Ndamukong Suh;Devin White;Lavonte David
2020_04_LAC_TB,2826,run,0.0,26.0,26.0,LAC,3.0,1222.0,26.0,39.0,5:22,4:43,,21.0,24.0,3.0,1.0,"3 DL, 4 LB, 4 DB",;;;;;;;;;;,11,7,,,,,00-0033542;00-0035908;00-0033578;00-0035688;00-0031128;00-0033910;00-0036355;00-0035414;00-0030279;00-0036370;00-0028142,Forrest Lamp;Gabe Nabers;Sam Tevi;Trey Pipkins;Ryan Groy;Dan Feeney;Justin Herbert;Jalen Guyton;Keenan Allen;Joshua Kelley;Virgil Green,00-0034374;00-0034778;00-0036411;00-0034773;00-0031101;00-0035239;00-0027867;00-0030386;00-0035707;00-0027855;00-0029562,Jordan Whitehead;Carlton Davis III;Antoine Winfield Jr.;Vita Vea;Shaquil Barrett;Sean Murphy-Bunting;Jason Pierre-Paul;William Gholston;Devin White;Ndamukong Suh;Lavonte David
2020_04_LAC_TB,2847,run,1.0,26.0,25.0,LAC,3.0,1183.0,26.0,35.0,4:43,4:08,,21.0,24.0,4.0,1.0,"2 DL, 4 LB, 5 DB",;;;;;;;;;;,11,6,,,,,00-0033542;00-0033090;00-0035432;00-0033578;00-0035688;00-0031128;00-0033910;00-0036355;00-0035414;00-0030279;00-0036370,Forrest Lamp;Hunter Henry;Jason Moore;Sam Tevi;Trey Pipkins;Ryan Groy;Dan Feeney;Justin Herbert;Jalen Guyton;Keenan Allen;Joshua Kelley,00-0034374;00-0034778;00-0036411;00-0034773;00-0031101;00-0035239;00-0027867;00-0027855;00-0035707;00-0029562;00-0035699,Jordan Whitehead;Carlton Davis III;Antoine Winfield Jr.;Vita Vea;Shaquil Barrett;Sean Murphy-Bunting;Jason Pierre-Paul;Ndamukong Suh;Devin White;Lavonte David;Jamel Dean
2020_04_LAC_TB,2868,run,3.0,25.0,22.0,LAC,3.0,1148.0,25.0,34.0,4:08,3:34,,21.0,24.0,1.0,10.0,"2 DL, 4 LB, 5 DB",;;;;;;;;;;,11,6,,,,,00-0033542;00-0033090;00-0035432;00-0033578;00-0035688;00-0031128;00-0034440;00-0033910;00-0036355;00-0035414;00-0030279,Forrest Lamp;Hunter Henry;Jason Moore;Sam Tevi;Trey Pipkins;Ryan Groy;Justin Jackson;Dan Feeney;Justin Herbert;Jalen Guyton;Keenan Allen,00-0034374;00-0034778;00-0036411;00-0034773;00-0031101;00-0035239;00-0027867;00-0030386;00-0029562;00-0035707;00-0035699,Jordan Whitehead;Carlton Davis III;Antoine Winfield Jr.;Vita Vea;Shaquil Barrett;Sean Murphy-Bunting;Jason Pierre-Paul;William Gholston;Lavonte David;Devin White;Jamel Dean
2020_04_LAC_TB,2889,no_play,0.0,22.0,22.0,LAC,3.0,1114.0,22.0,29.0,3:34,3:05,,21.0,24.0,2.0,7.0,"2 DL, 4 LB, 5 DB",;;;;;;;;;;,11,6,,,,,00-0033542;00-0033090;00-0035432;00-0033578;00-0035688;00-0031128;00-0034440;00-0033910;00-0036355;00-0035414;00-0030279,Forrest Lamp;Hunter Henry;Jason Moore;Sam Tevi;Trey Pipkins;Ryan Groy;Justin Jackson;Dan Feeney;Justin Herbert;Jalen Guyton;Keenan Allen,00-0034374;00-0034778;00-0036411;00-0034773;00-0031101;00-0035239;00-0027867;00-0030386;00-0029562;00-0035707;00-0035699,Jordan Whitehead;Carlton Davis III;Antoine Winfield Jr.;Vita Vea;Shaquil Barrett;Sean Murphy-Bunting;Jason Pierre-Paul;William Gholston;Lavonte David;Devin White;Jamel Dean
2020_04_LAC_TB,2924,pass,1.0,37.0,36.0,LAC,3.0,1085.0,37.0,37.0,3:05,2:28,,21.0,24.0,2.0,22.0,"2 DL, 4 LB, 5 DB",;;;;;;;;;;,11,7,4,ZONE_COVERAGE,COVER_3,False,00-0033542;00-0033090;00-0035432;00-0033578;00-0035688;00-0031128;00-0033910;00-0036355;00-0035414;00-0030279;00-0036370,Forrest Lamp;Hunter Henry;Jason Moore;Sam Tevi;Trey Pipkins;Ryan Groy;Dan Feeney;Justin Herbert;Jalen Guyton;Keenan Allen;Joshua Kelley,00-0031957;00-0034374;00-0034778;00-0036411;00-0031101;00-0035239;00-0027867;00-0030386;00-0030382;00-0035707;00-0035699,Rakeem Nunez-Roches;Jordan Whitehead;Carlton Davis III;Antoine Winfield Jr.;Shaquil Barrett;Sean Murphy-Bunting;Jason Pierre-Paul;William Gholston;Kevin Minter;Devin White;Jamel Dean
2020_04_LAC_TB,2948,pass,7.0,36.0,29.0,LAC,3.0,1048.0,36.0,44.0,2:28,1:44,,21.0,24.0,3.0,21.0,"2 DL, 4 LB, 5 DB",;;;;;;;;;;,11,6,4,ZONE_COVERAGE,COVER_4,False,00-0033542;00-0033090;00-0035432;00-0033578;00-0035688;00-0031128;00-0033910;00-0036355;00-0035414;00-0030279;00-0036370,Forrest Lamp;Hunter Henry;Jason Moore;Sam Tevi;Trey Pipkins;Ryan Groy;Dan Feeney;Justin Herbert;Jalen Guyton;Keenan Allen;Joshua Kelley,00-0034374;00-0034778;00-0036411;00-0034773;00-0031101;00-0035239;00-0027867;00-0030382;00-0027855;00-0035707;00-0035699,Jordan Whitehead;Carlton Davis III;Antoine Winfield Jr.;Vita Vea;Shaquil Barrett;Sean Murphy-Bunting;Jason Pierre-Paul;Kevin Minter;Ndamukong Suh;Devin White;Jamel Dean
2020_04_LAC_TB,2972,field_goal,0.0,29.0,29.0,LAC,3.0,1004.0,29.0,4.0,1:44,1:40,,21.0,24.0,4.0,14.0,,;;;;;;;;;;,11,,,,,,00-0034084;00-0033588;00-0033542;00-0032725;00-0034392;00-0034917;00-0033578;00-0035688;00-0031543;00-0033910;00-0028142,Mike Badgley;Isaac Rochell;Forrest Lamp;Stephen Anderson;Scott Quessenberry;Cole Mazza;Sam Tevi;Trey Pipkins;Ty Long;Dan Feeney;Virgil Green,00-0031957;00-0034374;00-0032772;00-0033595;00-0036411;00-0034773;00-0031101;00-0035254;00-0030386;00-0035707;00-0035699,Rakeem Nunez-Roches;Jordan Whitehead;Ryan Smith;Pat O'Connor;Antoine Winfield Jr.;Vita Vea;Shaquil Barrett;Anthony Nelson;William Gholston;Devin White;Jamel Dean
2020_04_LAC_TB,2992,pass,44.0,63.0,19.0,TB,3.0,1000.0,63.0,44.0,1:40,0:56,,21.0,24.0,1.0,10.0,"3 DL, 4 LB, 4 DB",;;;;;;;;;;,11,8,4,ZONE_COVERAGE,COVER_3,False,00-0029895;00-0034816;00-0033879;00-0032243;00-0032217;00-0031408;00-0019596;00-0035298;00-0036406;00-0034678;00-0027656,Ryan Jensen;Ronald Jones;O.J. Howard;Ali Marpet;Donovan Smith;Mike Evans;Tom Brady;Scott Miller;Tristan Wirfs;Alex Cappa;Rob Gronkowski,00-0033941;00-0027885;00-0036441;00-0034375;00-0035674;00-0032103;00-0033156;00-0033697;00-0029261;00-0034350;00-0035677,"Rayshawn Jenkins;Linval Joseph;Kenneth Murray, Jr.;Kyzir White;Jerry Tillery;Denzel Perryman;Joey Bosa;Michael Davis;Casey Hayward;Uchenna Nwosu;Nasir Adderley"
2020_04_LAC_TB,3036,pass,19.0,19.0,0.0,TB,3.0,956.0,19.0,4.0,0:56,0:52,,27.0,24.0,1.0,10.0,"3 DL, 3 LB, 5 DB",;;;;;;;;;;,11,6,4,ZONE_COVERAGE,COVER_3,False,00-0029895;00-0034816;00-0031408;00-0032243;00-0032217;00-0034386;00-0019596;00-0035298;00-0036406;00-0034678;00-0027656,Ryan Jensen;Ronald Jones;Mike Evans;Ali Marpet;Donovan Smith;Justin Watson;Tom Brady;Scott Miller;Tristan Wirfs;Alex Cappa;Rob Gronkowski,00-0033566;00-0033941;00-0027885;00-0036441;00-0034375;00-0035674;00-0033156;00-0033697;00-0029261;00-0034350;00-0035677,"Desmond King;Rayshawn Jenkins;Linval Joseph;Kenneth Murray, Jr.;Kyzir White;Jerry Tillery;Joey Bosa;Michael Davis;Casey Hayward;Uchenna Nwosu;Nasir Adderley"
2020_04_LAC_TB,3061,extra_point,0.0,15.0,15.0,TB,3.0,952.0,15.0,0.0,0:52,0:52,,28.0,24.0,,0.0,,;;;;;;;;;;,11,,,,,,00-0032065;00-0033196;00-0033879;00-0032217;00-0034773;00-0032243;00-0026968;00-0030386;00-0030829;00-0036406;00-0034678,Bradley Pinion;Zach Triner;O.J. Howard;Donovan Smith;Vita Vea;Ali Marpet;Ryan Succop;William Gholston;Josh Wells;Tristan Wirfs;Alex Cappa,00-0035315;00-0033566;00-0033588;00-0027885;00-0030148;00-0036441;00-0034545;00-0035674;00-0033697;00-0034350;00-0035677,"Cortez Broughton;Desmond King;Isaac Rochell;Linval Joseph;Damion Square;Kenneth Murray, Jr.;Brandon Facyson;Jerry Tillery;Michael Davis;Uchenna Nwosu;Nasir Adderley"
2020_04_LAC_TB,3077,kickoff,0.0,35.0,35.0,LAC,3.0,952.0,35.0,0.0,0:52,0:52,,28.0,24.0,,0.0,,;;;;;;;;;;,11,,,,,,00-0036106;00-0032065;00-0032772;00-0034778;00-0033595;00-0035239;00-0032637;00-0034415;00-0030382;00-0035000;00-0035681,Parnell Motley;Bradley Pinion;Ryan Smith;Carlton Davis III;Pat O'Connor;Sean Murphy-Bunting;Andrew Adams;Jack Cichy;Kevin Minter;Quinton Bell;Mike Edwards,00-0032725;00-0034545;00-0035432;00-0035908;00-0032892;00-0035906;00-0035457;00-0035538;00-0034835;00-0036380;00-0036382,Stephen Anderson;Brandon Facyson;Jason Moore;Gabe Nabers;Nick Vigil;Jessie Lemonier;Tyron Johnson;Emeke Egbule;Malik Jefferson;Alohi Gilman;K.J. Hill
2020_04_LAC_TB,3093,pass,3.0,75.0,72.0,LAC,3.0,952.0,75.0,36.0,0:52,0:16,,28.0,24.0,1.0,10.0,"2 DL, 4 LB, 5 DB",;;;;;;;;;;,11,7,5,ZONE_COVERAGE,COVER_2,False,00-0033542;00-0033578;00-0035688;00-0031128;00-0035457;00-0033910;00-0036355;00-0035414;00-0030279;00-0036370;00-0028142,Forrest Lamp;Sam Tevi;Trey Pipkins;Ryan Groy;Tyron Johnson;Dan Feeney;Justin Herbert;Jalen Guyton;Keenan Allen;Joshua Kelley;Virgil Green,00-0031957;00-0034374;00-0034778;00-0036411;00-0031101;00-0035254;00-0035239;00-0030386;00-0029562;00-0035707;00-0035699,Rakeem Nunez-Roches;Jordan Whitehead;Carlton Davis III;Antoine Winfield Jr.;Shaquil Barrett;Anthony Nelson;Sean Murphy-Bunting;William Gholston;Lavonte David;Devin White;Jamel Dean
2020_04_LAC_TB,3117,pass,0.0,72.0,72.0,LAC,3.0,916.0,72.0,4.0,0:16,0:12,,28.0,24.0,2.0,7.0,"2 DL, 4 LB, 5 DB",;;;;;;;;;;,11,7,6,ZONE_COVERAGE,COVER_3,False,00-0033542;00-0033090;00-0033578;00-0035688;00-0031128;00-0035457;00-0033910;00-0036355;00-0035414;00-0030279;00-0036370,Forrest Lamp;Hunter Henry;Sam Tevi;Trey Pipkins;Ryan Groy;Tyron Johnson;Dan Feeney;Justin Herbert;Jalen Guyton;Keenan Allen;Joshua Kelley,00-0031957;00-0034374;00-0034778;00-0036411;00-0031101;00-0035254;00-0035239;00-0030386;00-0035707;00-0029562;00-0035699,Rakeem Nunez-Roches;Jordan Whitehead;Carlton Davis III;Antoine Winfield Jr.;Shaquil Barrett;Anthony Nelson;Sean Murphy-Bunting;William Gholston;Devin White;Lavonte David;Jamel Dean
2020_04_LAC_TB,3139,pass,72.0,72.0,0.0,LAC,3.0,912.0,72.0,12.0,0:12,0:00,,28.0,30.0,3.0,7.0,"2 DL, 4 LB, 5 DB",;;;;;;;;;;,11,6,7,MAN_COVERAGE,COVER_0,True,00-0033542;00-0033090;00-0035432;00-0033578;00-0035688;00-0031128;00-0033910;00-0036355;00-0035414;00-0030279;00-0036370,Forrest Lamp;Hunter Henry;Jason Moore;Sam Tevi;Trey Pipkins;Ryan Groy;Dan Feeney;Justin Herbert;Jalen Guyton;Keenan Allen;Joshua Kelley,00-0034374;00-0034778;00-0036411;00-0034773;00-0031101;00-0035254;00-0035239;00-0035707;00-0027855;00-0029562;00-0035699,Jordan Whitehead;Carlton Davis III;Antoine Winfield Jr.;Vita Vea;Shaquil Barrett;Anthony Nelson;Sean Murphy-Bunting;Devin White;Ndamukong Suh;Lavonte David;Jamel Dean
2020_04_LAC_TB,3164,extra_point,0.0,15.0,15.0,LAC,3.0,900.0,15.0,0.0,0:00,0:00,,28.0,31.0,,0.0,,;;;;;;;;;;,11,,,,,,00-0034084;00-0033588;00-0033542;00-0032725;00-0034392;00-0034917;00-0033578;00-0035688;00-0031543;00-0033910;00-0028142,Mike Badgley;Isaac Rochell;Forrest Lamp;Stephen Anderson;Scott Quessenberry;Cole Mazza;Sam Tevi;Trey Pipkins;Ty Long;Dan Feeney;Virgil Green,00-0031957;00-0034374;00-0032772;00-0033595;00-0036411;00-0034773;00-0031101;00-0035254;00-0030386;00-0035707;00-0035699,Rakeem Nunez-Roches;Jordan Whitehead;Ryan Smith;Pat O'Connor;Antoine Winfield Jr.;Vita Vea;Shaquil Barrett;Anthony Nelson;William Gholston;Devin White;Jamel Dean
2020_04_LAC_TB,3180,start_quarter_4,,,,TB,3.0,900.0,,0.0,0:00,0:00,,28.0,31.0,,0.0,,,0,,,,,,,,,
2020_04_LAC_TB,3197,kickoff,0.0,35.0,35.0,TB,4.0,900.0,35.0,0.0,15:00,15:00,,28.0,31.0,,0.0,,;;;;;;;;;;,11,,,,,,00-0033566;00-0034545;00-0032725;00-0035908;00-0035432;00-0032892;00-0034903;00-0035538;00-0031543;00-0034835;00-0036380,Desmond King;Brandon Facyson;Stephen Anderson;Gabe Nabers;Jason Moore;Nick Vigil;Tevaughn Campbell;Emeke Egbule;Ty Long;Malik Jefferson;Alohi Gilman,00-0032772;00-0033595;00-0035254;00-0032637;00-0034386;00-0034613;00-0034415;00-0030382;00-0033006;00-0035000;00-0035681,Ryan Smith;Pat O'Connor;Anthony Nelson;Andrew Adams;Justin Watson;Tanner Hudson;Jack Cichy;Kevin Minter;Jaydon Mickens;Quinton Bell;Mike Edwards
2020_04_LAC_TB,3212,pass,6.0,75.0,69.0,TB,4.0,900.0,75.0,38.0,15:00,14:22,,28.0,31.0,1.0,10.0,"3 DL, 3 LB, 5 DB",;;;;;;;;;;,11,6,4,ZONE_COVERAGE,COVER_6,True,00-0029895;00-0031408;00-0032243;00-0032217;00-0034386;00-0019596;00-0035298;00-0036406;00-0034678;00-0036450;00-0027656,Ryan Jensen;Mike Evans;Ali Marpet;Donovan Smith;Justin Watson;Tom Brady;Scott Miller;Tristan Wirfs;Alex Cappa;Ke'Shawn Vaughn;Rob Gronkowski,00-0033566;00-0033941;00-0030148;00-0036441;00-0034375;00-0035674;00-0033156;00-0033697;00-0029261;00-0034350;00-0035677,"Desmond King;Rayshawn Jenkins;Damion Square;Kenneth Murray, Jr.;Kyzir White;Jerry Tillery;Joey Bosa;Michael Davis;Casey Hayward;Uchenna Nwosu;Nasir Adderley"
2020_04_LAC_TB,3236,pass,7.0,69.0,62.0,TB,4.0,862.0,69.0,40.0,14:22,13:42,,28.0,31.0,2.0,4.0,"3 DL, 3 LB, 5 DB",;;;;;;;;;;,11,6,3,ZONE_COVERAGE,COVER_3,False,00-0029895;00-0032243;00-0032217;00-0031408;00-0034386;00-0019596;00-0035298;00-0036406;00-0034678;00-0036450;00-0027656,Ryan Jensen;Ali Marpet;Donovan Smith;Mike Evans;Justin Watson;Tom Brady;Scott Miller;Tristan Wirfs;Alex Cappa;Ke'Shawn Vaughn;Rob Gronkowski,00-0033566;00-0033941;00-0030148;00-0036441;00-0034375;00-0035674;00-0033156;00-0033697;00-0029261;00-0034350;00-0035677,"Desmond King;Rayshawn Jenkins;Damion Square;Kenneth Murray, Jr.;Kyzir White;Jerry Tillery;Joey Bosa;Michael Davis;Casey Hayward;Uchenna Nwosu;Nasir Adderley"
2020_04_LAC_TB,3260,pass,17.0,62.0,45.0,TB,4.0,822.0,62.0,38.0,13:42,13:04,,28.0,31.0,1.0,10.0,"3 DL, 4 LB, 4 DB",;;;;;;;;;;,11,6,5,ZONE_COVERAGE,COVER_3,False,00-0029895;00-0033879;00-0031408;00-0032243;00-0032217;00-0019596;00-0035298;00-0036406;00-0034678;00-0036450;00-0027656,Ryan Jensen;O.J. Howard;Mike Evans;Ali Marpet;Donovan Smith;Tom Brady;Scott Miller;Tristan Wirfs;Alex Cappa;Ke'Shawn Vaughn;Rob Gronkowski,00-0033941;00-0030148;00-0036441;00-0034375;00-0035674;00-0032103;00-0033156;00-0033697;00-0029261;00-0034350;00-0035677,"Rayshawn Jenkins;Damion Square;Kenneth Murray, Jr.;Kyzir White;Jerry Tillery;Denzel Perryman;Joey Bosa;Michael Davis;Casey Hayward;Uchenna Nwosu;Nasir Adderley"
2020_04_LAC_TB,3284,no_play,0.0,45.0,45.0,TB,4.0,784.0,45.0,8.0,13:04,12:56,,28.0,31.0,1.0,10.0,"3 DL, 3 LB, 5 DB",;;;;;;;;;;,11,6,,,,,00-0029895;00-0032243;00-0032217;00-0031408;00-0034386;00-0019596;00-0035298;00-0036406;00-0034678;00-0036450;00-0027656,Ryan Jensen;Ali Marpet;Donovan Smith;Mike Evans;Justin Watson;Tom Brady;Scott Miller;Tristan Wirfs;Alex Cappa;Ke'Shawn Vaughn;Rob Gronkowski,00-0033566;00-0035315;00-0033941;00-0033588;00-0027885;00-0036441;00-0034375;00-0033697;00-0029261;00-0034350;00-0035677,"Desmond King;Cortez Broughton;Rayshawn Jenkins;Isaac Rochell;Linval Joseph;Kenneth Murray, Jr.;Kyzir White;Michael Davis;Casey Hayward;Uchenna Nwosu;Nasir Adderley"
2020_04_LAC_TB,3317,pass,0.0,55.0,55.0,TB,4.0,776.0,55.0,5.0,12:56,12:51,,28.0,31.0,1.0,20.0,"3 DL, 3 LB, 5 DB",;;;;;;;;;;,11,7,4,ZONE_COVERAGE,COVER_3,False,00-0029895;00-0032217;00-0032243;00-0034386;00-0019596;00-0036406;00-0036427;00-0034678;00-0033006;00-0036450;00-0027656,Ryan Jensen;Donovan Smith;Ali Marpet;Justin Watson;Tom Brady;Tristan Wirfs;Tyler Johnson;Alex Cappa;Jaydon Mickens;Ke'Shawn Vaughn;Rob Gronkowski,00-0033566;00-0035315;00-0033941;00-0033588;00-0027885;00-0036441;00-0034375;00-0033697;00-0029261;00-0034350;00-0035677,"Desmond King;Cortez Broughton;Rayshawn Jenkins;Isaac Rochell;Linval Joseph;Kenneth Murray, Jr.;Kyzir White;Michael Davis;Casey Hayward;Uchenna Nwosu;Nasir Adderley"
2020_04_LAC_TB,3339,pass,48.0,55.0,7.0,TB,4.0,771.0,55.0,47.0,12:51,12:04,,28.0,31.0,2.0,20.0,"3 DL, 3 LB, 5 DB",;;;;;;;;;;,11,4,4,ZONE_COVERAGE,COVER_3,True,00-0029895;00-0033879;00-0032243;00-0032217;00-0031408;00-0034386;00-0019596;00-0036406;00-0036427;00-0034678;00-0036450,Ryan Jensen;O.J. Howard;Ali Marpet;Donovan Smith;Mike Evans;Justin Watson;Tom Brady;Tristan Wirfs;Tyler Johnson;Alex Cappa;Ke'Shawn Vaughn,00-0033566;00-0033941;00-0027885;00-0036441;00-0034375;00-0035674;00-0033156;00-0033697;00-0029261;00-0034350;00-0035677,"Desmond King;Rayshawn Jenkins;Linval Joseph;Kenneth Murray, Jr.;Kyzir White;Jerry Tillery;Joey Bosa;Michael Davis;Casey Hayward;Uchenna Nwosu;Nasir Adderley"
2020_04_LAC_TB,3363,run,3.0,7.0,4.0,TB,4.0,724.0,7.0,41.0,12:04,11:23,,28.0,31.0,1.0,7.0,"3 DL, 4 LB, 4 DB",;;;;;;;;;;,11,7,,,,,00-0029895;00-0031273;00-0033879;00-0032243;00-0032217;00-0034386;00-0019596;00-0036406;00-0034678;00-0036450;00-0027656,Ryan Jensen;Cameron Brate;O.J. Howard;Ali Marpet;Donovan Smith;Justin Watson;Tom Brady;Tristan Wirfs;Alex Cappa;Ke'Shawn Vaughn;Rob Gronkowski,00-0033941;00-0027885;00-0036441;00-0034375;00-0035674;00-0032103;00-0033156;00-0033697;00-0029261;00-0034350;00-0035677,"Rayshawn Jenkins;Linval Joseph;Kenneth Murray, Jr.;Kyzir White;Jerry Tillery;Denzel Perryman;Joey Bosa;Michael Davis;Casey Hayward;Uchenna Nwosu;Nasir Adderley"
2020_04_LAC_TB,3384,no_play,0.0,4.0,4.0,TB,4.0,683.0,4.0,13.0,11:23,11:10,,28.0,31.0,2.0,4.0,"3 DL, 3 LB, 5 DB",;;;;;;;;;;,11,,,,,,00-0029895;00-0031273;00-0033879;00-0032243;00-0032217;00-0031408;00-0034386;00-0019596;00-0036406;00-0034678;00-0027656,Ryan Jensen;Cameron Brate;O.J. Howard;Ali Marpet;Donovan Smith;Mike Evans;Justin Watson;Tom Brady;Tristan Wirfs;Alex Cappa;Rob Gronkowski,00-0033566;00-0033941;00-0027885;00-0036441;00-0034375;00-0035674;00-0033156;00-0033697;00-0029261;00-0034350;00-0035677,"Desmond King;Rayshawn Jenkins;Linval Joseph;Kenneth Murray, Jr.;Kyzir White;Jerry Tillery;Joey Bosa;Michael Davis;Casey Hayward;Uchenna Nwosu;Nasir Adderley"
2020_04_LAC_TB,3407,pass,9.0,9.0,0.0,TB,4.0,670.0,9.0,5.0,11:10,11:05,,34.0,31.0,2.0,9.0,"3 DL, 3 LB, 5 DB",;;;;;;;;;;,11,6,3,ZONE_COVERAGE,COVER_3,False,00-0029895;00-0033879;00-0032243;00-0032217;00-0031408;00-0034386;00-0019596;00-0036406;00-0034678;00-0036450;00-0027656,Ryan Jensen;O.J. Howard;Ali Marpet;Donovan Smith;Mike Evans;Justin Watson;Tom Brady;Tristan Wirfs;Alex Cappa;Ke'Shawn Vaughn;Rob Gronkowski,00-0033566;00-0033941;00-0027885;00-0036441;00-0034375;00-0035674;00-0033156;00-0033697;00-0029261;00-0034350;00-0035677,"Desmond King;Rayshawn Jenkins;Linval Joseph;Kenneth Murray, Jr.;Kyzir White;Jerry Tillery;Joey Bosa;Michael Davis;Casey Hayward;Uchenna Nwosu;Nasir Adderley"
2020_04_LAC_TB,3432,extra_point,0.0,15.0,15.0,TB,4.0,665.0,15.0,0.0,11:05,11:05,,35.0,31.0,,0.0,,;;;;;;;;;;,11,,,,,,00-0032065;00-0031273;00-0033196;00-0032243;00-0032217;00-0034773;00-0026968;00-0030386;00-0030829;00-0036406;00-0034678,Bradley Pinion;Cameron Brate;Zach Triner;Ali Marpet;Donovan Smith;Vita Vea;Ryan Succop;William Gholston;Josh Wells;Tristan Wirfs;Alex Cappa,00-0033566;00-0035315;00-0033941;00-0033588;00-0027885;00-0030148;00-0036441;00-0034545;00-0035674;00-0033697;00-0034350,"Desmond King;Cortez Broughton;Rayshawn Jenkins;Isaac Rochell;Linval Joseph;Damion Square;Kenneth Murray, Jr.;Brandon Facyson;Jerry Tillery;Michael Davis;Uchenna Nwosu"
2020_04_LAC_TB,3448,kickoff,0.0,35.0,35.0,LAC,4.0,665.0,35.0,0.0,11:05,11:05,,35.0,31.0,,0.0,,;;;;;;;;;;,11,,,,,,00-0036106;00-0032065;00-0032772;00-0033595;00-0034778;00-0035239;00-0032637;00-0034415;00-0030382;00-0035000;00-0035681,Parnell Motley;Bradley Pinion;Ryan Smith;Pat O'Connor;Carlton Davis III;Sean Murphy-Bunting;Andrew Adams;Jack Cichy;Kevin Minter;Quinton Bell;Mike Edwards,00-0032725;00-0034545;00-0035432;00-0035908;00-0032892;00-0035906;00-0035457;00-0035538;00-0034835;00-0036380;00-0036382,Stephen Anderson;Brandon Facyson;Jason Moore;Gabe Nabers;Nick Vigil;Jessie Lemonier;Tyron Johnson;Emeke Egbule;Malik Jefferson;Alohi Gilman;K.J. Hill
2020_04_LAC_TB,3463,pass,-3.0,75.0,78.0,LAC,4.0,665.0,75.0,42.0,11:05,10:23,,35.0,31.0,1.0,10.0,"3 DL, 4 LB, 4 DB",;;;;;;;;;;,11,7,5,,,,00-0033542;00-0033090;00-0033578;00-0035688;00-0031128;00-0033910;00-0036355;00-0035414;00-0030279;00-0036370;00-0028142,Forrest Lamp;Hunter Henry;Sam Tevi;Trey Pipkins;Ryan Groy;Dan Feeney;Justin Herbert;Jalen Guyton;Keenan Allen;Joshua Kelley;Virgil Green,00-0034374;00-0034778;00-0036411;00-0034773;00-0031101;00-0035239;00-0027867;00-0030386;00-0027855;00-0035707;00-0029562,Jordan Whitehead;Carlton Davis III;Antoine Winfield Jr.;Vita Vea;Shaquil Barrett;Sean Murphy-Bunting;Jason Pierre-Paul;William Gholston;Ndamukong Suh;Devin White;Lavonte David
2020_04_LAC_TB,3482,run,4.0,78.0,74.0,LAC,4.0,623.0,78.0,38.0,10:23,9:45,,35.0,31.0,2.0,13.0,"2 DL, 4 LB, 5 DB",;;;;;;;;;;,11,6,,,,,00-0033542;00-0033090;00-0033578;00-0035688;00-0031128;00-0034440;00-0033910;00-0036355;00-0035414;00-0036370;00-0036382,Forrest Lamp;Hunter Henry;Sam Tevi;Trey Pipkins;Ryan Groy;Justin Jackson;Dan Feeney;Justin Herbert;Jalen Guyton;Joshua Kelley;K.J. Hill,00-0034374;00-0034778;00-0036411;00-0034773;00-0031101;00-0035239;00-0027867;00-0035707;00-0027855;00-0029562;00-0035699,Jordan Whitehead;Carlton Davis III;Antoine Winfield Jr.;Vita Vea;Shaquil Barrett;Sean Murphy-Bunting;Jason Pierre-Paul;Devin White;Ndamukong Suh;Lavonte David;Jamel Dean
2020_04_LAC_TB,3507,pass,8.0,74.0,66.0,LAC,4.0,585.0,74.0,49.0,9:45,8:56,,35.0,31.0,3.0,9.0,"2 DL, 4 LB, 5 DB",;;;;;;;;;;,11,6,4,ZONE_COVERAGE,COVER_6,True,00-0033542;00-0033090;00-0035432;00-0033578;00-0035688;00-0031128;00-0033910;00-0036355;00-0035414;00-0030279;00-0036370,Forrest Lamp;Hunter Henry;Jason Moore;Sam Tevi;Trey Pipkins;Ryan Groy;Dan Feeney;Justin Herbert;Jalen Guyton;Keenan Allen;Joshua Kelley,00-0034374;00-0034778;00-0036411;00-0034773;00-0031101;00-0035239;00-0027867;00-0035707;00-0027855;00-0029562;00-0035699,Jordan Whitehead;Carlton Davis III;Antoine Winfield Jr.;Vita Vea;Shaquil Barrett;Sean Murphy-Bunting;Jason Pierre-Paul;Devin White;Ndamukong Suh;Lavonte David;Jamel Dean
2020_04_LAC_TB,3531,punt,0.0,66.0,66.0,LAC,4.0,536.0,66.0,11.0,8:56,8:45,,35.0,31.0,4.0,1.0,,;;;;;;;;;;,11,,,,,,00-0033588;00-0034545;00-0034917;00-0035908;00-0034903;00-0034440;00-0035538;00-0031543;00-0034835;00-0034350;00-0036370,Isaac Rochell;Brandon Facyson;Cole Mazza;Gabe Nabers;Tevaughn Campbell;Justin Jackson;Emeke Egbule;Ty Long;Malik Jefferson;Uchenna Nwosu;Joshua Kelley,00-0036106;00-0032772;00-0033595;00-0032637;00-0034386;00-0034613;00-0034415;00-0030382;00-0033006;00-0035000;00-0035681,Parnell Motley;Ryan Smith;Pat O'Connor;Andrew Adams;Justin Watson;Tanner Hudson;Jack Cichy;Kevin Minter;Jaydon Mickens;Quinton Bell;Mike Edwards
2020_04_LAC_TB,3556,run,3.0,79.0,76.0,TB,4.0,525.0,79.0,43.0,8:45,8:02,,35.0,31.0,1.0,10.0,"3 DL, 4 LB, 4 DB",;;;;;;;;;;,11,8,,,,,00-0029895;00-0034816;00-0031273;00-0031408;00-0032243;00-0032217;00-0019596;00-0036427;00-0036406;00-0034678;00-0027656,Ryan Jensen;Ronald Jones;Cameron Brate;Mike Evans;Ali Marpet;Donovan Smith;Tom Brady;Tyler Johnson;Tristan Wirfs;Alex Cappa;Rob Gronkowski,00-0033941;00-0027885;00-0030148;00-0036441;00-0034375;00-0032103;00-0033156;00-0033697;00-0029261;00-0034350;00-0035677,"Rayshawn Jenkins;Linval Joseph;Damion Square;Kenneth Murray, Jr.;Kyzir White;Denzel Perryman;Joey Bosa;Michael Davis;Casey Hayward;Uchenna Nwosu;Nasir Adderley"
2020_04_LAC_TB,3577,pass,7.0,76.0,69.0,TB,4.0,482.0,76.0,37.0,8:02,7:25,,35.0,31.0,2.0,7.0,"3 DL, 3 LB, 5 DB",;;;;;;;;;;,11,5,4,ZONE_COVERAGE,COVER_3,True,00-0029895;00-0034816;00-0031408;00-0032243;00-0032217;00-0019596;00-0035298;00-0036427;00-0036406;00-0034678;00-0027656,Ryan Jensen;Ronald Jones;Mike Evans;Ali Marpet;Donovan Smith;Tom Brady;Scott Miller;Tyler Johnson;Tristan Wirfs;Alex Cappa;Rob Gronkowski,00-0033566;00-0033941;00-0027885;00-0030148;00-0036441;00-0034375;00-0033156;00-0033697;00-0029261;00-0034350;00-0035677,"Desmond King;Rayshawn Jenkins;Linval Joseph;Damion Square;Kenneth Murray, Jr.;Kyzir White;Joey Bosa;Michael Davis;Casey Hayward;Uchenna Nwosu;Nasir Adderley"
2020_04_LAC_TB,3606,run,2.0,69.0,67.0,TB,4.0,445.0,69.0,38.0,7:25,6:47,,35.0,31.0,1.0,10.0,"3 DL, 4 LB, 4 DB",;;;;;;;;;;,11,8,,,,,00-0029895;00-0034816;00-0031273;00-0032243;00-0032217;00-0034386;00-0019596;00-0036406;00-0034678;00-0034613;00-0027656,Ryan Jensen;Ronald Jones;Cameron Brate;Ali Marpet;Donovan Smith;Justin Watson;Tom Brady;Tristan Wirfs;Alex Cappa;Tanner Hudson;Rob Gronkowski,00-0033941;00-0027885;00-0030148;00-0036441;00-0034375;00-0032103;00-0033156;00-0033697;00-0029261;00-0034350;00-0035677,"Rayshawn Jenkins;Linval Joseph;Damion Square;Kenneth Murray, Jr.;Kyzir White;Denzel Perryman;Joey Bosa;Michael Davis;Casey Hayward;Uchenna Nwosu;Nasir Adderley"
2020_04_LAC_TB,3627,run,4.0,67.0,63.0,TB,4.0,407.0,67.0,38.0,6:47,6:09,,35.0,31.0,2.0,8.0,"3 DL, 3 LB, 5 DB",;;;;;;;;;;,11,7,,,,,00-0029895;00-0034816;00-0031408;00-0032243;00-0032217;00-0034386;00-0019596;00-0035298;00-0036406;00-0034678;00-0027656,Ryan Jensen;Ronald Jones;Mike Evans;Ali Marpet;Donovan Smith;Justin Watson;Tom Brady;Scott Miller;Tristan Wirfs;Alex Cappa;Rob Gronkowski,00-0033566;00-0033941;00-0027885;00-0030148;00-0036441;00-0034375;00-0033156;00-0033697;00-0029261;00-0034350;00-0035677,"Desmond King;Rayshawn Jenkins;Linval Joseph;Damion Square;Kenneth Murray, Jr.;Kyzir White;Joey Bosa;Michael Davis;Casey Hayward;Uchenna Nwosu;Nasir Adderley"
2020_04_LAC_TB,3648,pass,13.0,63.0,50.0,TB,4.0,369.0,63.0,48.0,6:09,5:21,,35.0,31.0,3.0,4.0,"3 DL, 3 LB, 5 DB",;;;;;;;;;;,11,6,4,ZONE_COVERAGE,COVER_2,False,00-0029895;00-0031408;00-0032243;00-0032217;00-0034386;00-0019596;00-0035298;00-0036406;00-0034678;00-0036450;00-0027656,Ryan Jensen;Mike Evans;Ali Marpet;Donovan Smith;Justin Watson;Tom Brady;Scott Miller;Tristan Wirfs;Alex Cappa;Ke'Shawn Vaughn;Rob Gronkowski,00-0033566;00-0033941;00-0027885;00-0030148;00-0036441;00-0034375;00-0033156;00-0033697;00-0029261;00-0034350;00-0035677,"Desmond King;Rayshawn Jenkins;Linval Joseph;Damion Square;Kenneth Murray, Jr.;Kyzir White;Joey Bosa;Michael Davis;Casey Hayward;Uchenna Nwosu;Nasir Adderley"
2020_04_LAC_TB,3672,run,-1.0,50.0,51.0,TB,4.0,321.0,50.0,50.0,5:21,4:31,,35.0,31.0,1.0,10.0,"3 DL, 3 LB, 5 DB",;;;;;;;;;;,11,7,,,,,00-0029895;00-0034816;00-0031273;00-0031408;00-0032243;00-0032217;00-0019596;00-0036427;00-0036406;00-0034678;00-0027656,Ryan Jensen;Ronald Jones;Cameron Brate;Mike Evans;Ali Marpet;Donovan Smith;Tom Brady;Tyler Johnson;Tristan Wirfs;Alex Cappa;Rob Gronkowski,00-0033566;00-0033941;00-0027885;00-0030148;00-0036441;00-0034375;00-0033156;00-0033697;00-0029261;00-0034350;00-0035677,"Desmond King;Rayshawn Jenkins;Linval Joseph;Damion Square;Kenneth Murray, Jr.;Kyzir White;Joey Bosa;Michael Davis;Casey Hayward;Uchenna Nwosu;Nasir Adderley"
2020_04_LAC_TB,3699,pass,29.0,51.0,22.0,TB,4.0,271.0,51.0,46.0,4:31,3:45,,35.0,31.0,2.0,11.0,"3 DL, 3 LB, 5 DB",;;;;;;;;;;,11,7,3,MAN_COVERAGE,COVER_1,False,00-0029895;00-0034816;00-0032243;00-0032217;00-0031408;00-0034386;00-0019596;00-0035298;00-0036406;00-0034678;00-0027656,Ryan Jensen;Ronald Jones;Ali Marpet;Donovan Smith;Mike Evans;Justin Watson;Tom Brady;Scott Miller;Tristan Wirfs;Alex Cappa;Rob Gronkowski,00-0033566;00-0033941;00-0030148;00-0036441;00-0034375;00-0035674;00-0033156;00-0033697;00-0029261;00-0034350;00-0035677,"Desmond King;Rayshawn Jenkins;Damion Square;Kenneth Murray, Jr.;Kyzir White;Jerry Tillery;Joey Bosa;Michael Davis;Casey Hayward;Uchenna Nwosu;Nasir Adderley"
2020_04_LAC_TB,3723,run,10.0,22.0,12.0,TB,4.0,225.0,22.0,46.0,3:45,2:59,,35.0,31.0,1.0,10.0,"3 DL, 4 LB, 4 DB",;;;;;;;;;;,11,8,,,,,00-0029895;00-0034816;00-0031273;00-0032243;00-0032217;00-0034386;00-0019596;00-0036406;00-0034678;00-0034613;00-0027656,Ryan Jensen;Ronald Jones;Cameron Brate;Ali Marpet;Donovan Smith;Justin Watson;Tom Brady;Tristan Wirfs;Alex Cappa;Tanner Hudson;Rob Gronkowski,00-0033941;00-0030148;00-0036441;00-0034375;00-0035674;00-0032103;00-0033156;00-0033697;00-0029261;00-0034350;00-0035677,"Rayshawn Jenkins;Damion Square;Kenneth Murray, Jr.;Kyzir White;Jerry Tillery;Denzel Perryman;Joey Bosa;Michael Davis;Casey Hayward;Uchenna Nwosu;Nasir Adderley"
2020_04_LAC_TB,3744,run,5.0,12.0,7.0,TB,4.0,179.0,12.0,7.0,2:59,2:52,,35.0,31.0,1.0,10.0,"3 DL, 4 LB, 4 DB",;;;;;;;;;;,11,8,,,,,00-0029895;00-0034816;00-0031273;00-0032243;00-0032217;00-0019596;00-0036406;00-0034678;00-0034613;00-0033006;00-0027656,Ryan Jensen;Ronald Jones;Cameron Brate;Ali Marpet;Donovan Smith;Tom Brady;Tristan Wirfs;Alex Cappa;Tanner Hudson;Jaydon Mickens;Rob Gronkowski,00-0033941;00-0027885;00-0036441;00-0034375;00-0035674;00-0032103;00-0033156;00-0033697;00-0029261;00-0034350;00-0035677,"Rayshawn Jenkins;Linval Joseph;Kenneth Murray, Jr.;Kyzir White;Jerry Tillery;Denzel Perryman;Joey Bosa;Michael Davis;Casey Hayward;Uchenna Nwosu;Nasir Adderley"
2020_04_LAC_TB,3765,timeout,0.0,,,,4.0,172.0,,0.0,2:52,2:52,LAC,35.0,31.0,,0.0,,,0,,,,,,,,,
2020_04_LAC_TB,3782,run,0.0,7.0,7.0,TB,4.0,172.0,7.0,4.0,2:52,2:48,,35.0,31.0,2.0,5.0,"3 DL, 4 LB, 4 DB",;;;;;;;;;;,11,8,,,,,00-0029895;00-0031273;00-0032243;00-0032217;00-0031408;00-0019596;00-0036406;00-0034678;00-0034613;00-0036450;00-0027656,Ryan Jensen;Cameron Brate;Ali Marpet;Donovan Smith;Mike Evans;Tom Brady;Tristan Wirfs;Alex Cappa;Tanner Hudson;Ke'Shawn Vaughn;Rob Gronkowski,00-0033941;00-0027885;00-0036441;00-0034375;00-0035674;00-0032103;00-0033156;00-0033697;00-0029261;00-0034350;00-0035677,"Rayshawn Jenkins;Linval Joseph;Kenneth Murray, Jr.;Kyzir White;Jerry Tillery;Denzel Perryman;Joey Bosa;Michael Davis;Casey Hayward;Uchenna Nwosu;Nasir Adderley"
2020_04_LAC_TB,3803,pass,0.0,7.0,7.0,TB,4.0,168.0,7.0,4.0,2:48,2:44,,35.0,31.0,3.0,5.0,"3 DL, 3 LB, 5 DB",;;;;;;;;;;,11,7,4,ZONE_COVERAGE,COVER_3,True,00-0029895;00-0031408;00-0032243;00-0032217;00-0019596;00-0035298;00-0036406;00-0036427;00-0034678;00-0036450;00-0027656,Ryan Jensen;Mike Evans;Ali Marpet;Donovan Smith;Tom Brady;Scott Miller;Tristan Wirfs;Tyler Johnson;Alex Cappa;Ke'Shawn Vaughn;Rob Gronkowski,00-0033566;00-0033941;00-0027885;00-0036441;00-0034375;00-0035674;00-0033156;00-0033697;00-0029261;00-0034350;00-0035677,"Desmond King;Rayshawn Jenkins;Linval Joseph;Kenneth Murray, Jr.;Kyzir White;Jerry Tillery;Joey Bosa;Michael Davis;Casey Hayward;Uchenna Nwosu;Nasir Adderley"
2020_04_LAC_TB,3825,field_goal,0.0,7.0,7.0,TB,4.0,164.0,7.0,4.0,2:44,2:40,,38.0,31.0,4.0,5.0,,;;;;;;;;;;,11,,,,,,00-0032065;00-0031273;00-0033196;00-0032243;00-0032217;00-0034773;00-0026968;00-0030386;00-0030829;00-0036406;00-0034678,Bradley Pinion;Cameron Brate;Zach Triner;Ali Marpet;Donovan Smith;Vita Vea;Ryan Succop;William Gholston;Josh Wells;Tristan Wirfs;Alex Cappa,00-0033566;00-0035315;00-0033941;00-0033588;00-0027885;00-0030148;00-0036441;00-0034545;00-0035674;00-0033697;00-0034350,"Desmond King;Cortez Broughton;Rayshawn Jenkins;Isaac Rochell;Linval Joseph;Damion Square;Kenneth Murray, Jr.;Brandon Facyson;Jerry Tillery;Michael Davis;Uchenna Nwosu"
2020_04_LAC_TB,3844,kickoff,0.0,35.0,35.0,LAC,4.0,160.0,35.0,0.0,2:40,2:40,,38.0,31.0,,0.0,,;;;;;;;;;;,11,,,,,,00-0036106;00-0032065;00-0032772;00-0034778;00-0033595;00-0035239;00-0032637;00-0034415;00-0030382;00-0035000;00-0035681,Parnell Motley;Bradley Pinion;Ryan Smith;Carlton Davis III;Pat O'Connor;Sean Murphy-Bunting;Andrew Adams;Jack Cichy;Kevin Minter;Quinton Bell;Mike Edwards,00-0032725;00-0034545;00-0035432;00-0035908;00-0032892;00-0035906;00-0035457;00-0035538;00-0034835;00-0036380;00-0036382,Stephen Anderson;Brandon Facyson;Jason Moore;Gabe Nabers;Nick Vigil;Jessie Lemonier;Tyron Johnson;Emeke Egbule;Malik Jefferson;Alohi Gilman;K.J. Hill
2020_04_LAC_TB,3859,pass,3.0,75.0,72.0,LAC,4.0,160.0,75.0,-8.0,2:40,2:48,,38.0,31.0,1.0,10.0,"2 DL, 4 LB, 5 DB",;;;;;;;;;;,11,6,4,ZONE_COVERAGE,COVER_6,False,00-0033542;00-0033090;00-0033578;00-0035688;00-0031128;00-0035457;00-0034440;00-0033910;00-0036355;00-0035414;00-0030279,Forrest Lamp;Hunter Henry;Sam Tevi;Trey Pipkins;Ryan Groy;Tyron Johnson;Justin Jackson;Dan Feeney;Justin Herbert;Jalen Guyton;Keenan Allen,00-0034374;00-0034778;00-0036411;00-0034773;00-0031101;00-0035239;00-0027867;00-0027855;00-0035707;00-0029562;00-0035699,Jordan Whitehead;Carlton Davis III;Antoine Winfield Jr.;Vita Vea;Shaquil Barrett;Sean Murphy-Bunting;Jason Pierre-Paul;Ndamukong Suh;Devin White;Lavonte David;Jamel Dean
2020_04_LAC_TB,3870,timeout,0.0,,,,4.0,168.0,,13.0,2:48,2:35,LAC,35.0,31.0,,0.0,,,0,,,,,,,,,
2020_04_LAC_TB,3894,turnover,0.0,72.0,72.0,LAC,4.0,155.0,72.0,13.0,2:35,2:22,,38.0,31.0,2.0,7.0,"2 DL, 4 LB, 5 DB",;;;;;;;;;;,11,6,4,ZONE_COVERAGE,COVER_3,True,00-0033542;00-0033090;00-0033578;00-0035688;00-0031128;00-0034440;00-0033910;00-0036355;00-0035414;00-0030279;00-0028142,Forrest Lamp;Hunter Henry;Sam Tevi;Trey Pipkins;Ryan Groy;Justin Jackson;Dan Feeney;Justin Herbert;Jalen Guyton;Keenan Allen;Virgil Green,00-0034374;00-0034778;00-0036411;00-0034773;00-0031101;00-0027867;00-0035239;00-0027855;00-0029562;00-0035707;00-0035699,Jordan Whitehead;Carlton Davis III;Antoine Winfield Jr.;Vita Vea;Shaquil Barrett;Jason Pierre-Paul;Sean Murphy-Bunting;Ndamukong Suh;Lavonte David;Devin White;Jamel Dean
2020_04_LAC_TB,3935,run,2.0,59.0,57.0,TB,4.0,142.0,59.0,5.0,2:22,2:17,,38.0,31.0,1.0,10.0,"3 DL, 4 LB, 4 DB",;;;;;;;;;;,11,8,,,,,00-0029895;00-0034816;00-0031273;00-0032243;00-0032217;00-0019596;00-0036427;00-0036406;00-0034678;00-0034613;00-0027656,Ryan Jensen;Ronald Jones;Cameron Brate;Ali Marpet;Donovan Smith;Tom Brady;Tyler Johnson;Tristan Wirfs;Alex Cappa;Tanner Hudson;Rob Gronkowski,00-0033941;00-0027885;00-0030148;00-0036441;00-0034375;00-0032892;00-0033156;00-0033697;00-0029261;00-0034350;00-0035677,"Rayshawn Jenkins;Linval Joseph;Damion Square;Kenneth Murray, Jr.;Kyzir White;Nick Vigil;Joey Bosa;Michael Davis;Casey Hayward;Uchenna Nwosu;Nasir Adderley"
2020_04_LAC_TB,3956,run,14.0,57.0,43.0,TB,4.0,137.0,57.0,17.0,2:17,2:00,,38.0,31.0,2.0,8.0,"4 DL, 3 LB, 4 DB",;;;;;;;;;;,11,7,,,,,00-0029895;00-0034816;00-0031273;00-0032243;00-0032217;00-0019596;00-0036406;00-0036427;00-0034678;00-0033006;00-0027656,Ryan Jensen;Ronald Jones;Cameron Brate;Ali Marpet;Donovan Smith;Tom Brady;Tristan Wirfs;Tyler Johnson;Alex Cappa;Jaydon Mickens;Rob Gronkowski,00-0033941;00-0033588;00-0027885;00-0030148;00-0036441;00-0034375;00-0032892;00-0033156;00-0033697;00-0029261;00-0035677,"Rayshawn Jenkins;Isaac Rochell;Linval Joseph;Damion Square;Kenneth Murray, Jr.;Kyzir White;Nick Vigil;Joey Bosa;Michael Davis;Casey Hayward;Nasir Adderley"
2020_04_LAC_TB,3994,qb_kneel,-1.0,43.0,44.0,TB,4.0,120.0,43.0,-17.0,2:00,2:17,,38.0,31.0,1.0,10.0,"4 DL, 3 LB, 4 DB",;;;;;;;;;;,11,8,,,,,00-0029895;00-0034816;00-0031273;00-0032243;00-0032217;00-0019596;00-0036406;00-0034678;00-0034613;00-0033006;00-0036450,Ryan Jensen;Ronald Jones;Cameron Brate;Ali Marpet;Donovan Smith;Tom Brady;Tristan Wirfs;Alex Cappa;Tanner Hudson;Jaydon Mickens;Ke'Shawn Vaughn,00-0033941;00-0033588;00-0027885;00-0030148;00-0036441;00-0034375;00-0032892;00-0033156;00-0033697;00-0029261;00-0035677,"Rayshawn Jenkins;Isaac Rochell;Linval Joseph;Damion Square;Kenneth Murray, Jr.;Kyzir White;Nick Vigil;Joey Bosa;Michael Davis;Casey Hayward;Nasir Adderley"
2020_04_LAC_TB,4005,timeout,0.0,,,,4.0,137.0,,58.0,2:17,1:19,LAC,38.0,31.0,,0.0,,,0,,,,,,,,,
2020_04_LAC_TB,4021,qb_kneel,-1.0,44.0,45.0,TB,4.0,79.0,44.0,40.0,1:19,0:39,,38.0,31.0,2.0,11.0,"4 DL, 3 LB, 4 DB",;;;;;;;;;;,11,8,,,,,00-0029895;00-0034816;00-0031273;00-0032243;00-0032217;00-0019596;00-0036406;00-0034678;00-0034613;00-0033006;00-0036450,Ryan Jensen;Ronald Jones;Cameron Brate;Ali Marpet;Donovan Smith;Tom Brady;Tristan Wirfs;Alex Cappa;Tanner Hudson;Jaydon Mickens;Ke'Shawn Vaughn,00-0033941;00-0033588;00-0027885;00-0030148;00-0036441;00-0034375;00-0032892;00-0033156;00-0033697;00-0029261;00-0035677,"Rayshawn Jenkins;Isaac Rochell;Linval Joseph;Damion Square;Kenneth Murray, Jr.;Kyzir White;Nick Vigil;Joey Bosa;Michael Davis;Casey Hayward;Nasir Adderley"
2020_04_LAC_TB,4043,qb_kneel,-1.0,45.0,46.0,TB,4.0,39.0,45.0,39.0,0:39,0:00,,38.0,31.0,3.0,12.0,"4 DL, 3 LB, 4 DB",;;;;;;;;;;,11,8,,,,,00-0029895;00-0034816;00-0031273;00-0032243;00-0032217;00-0019596;00-0036406;00-0034678;00-0034613;00-0033006;00-0036450,Ryan Jensen;Ronald Jones;Cameron Brate;Ali Marpet;Donovan Smith;Tom Brady;Tristan Wirfs;Alex Cappa;Tanner Hudson;Jaydon Mickens;Ke'Shawn Vaughn,00-0033941;00-0033588;00-0027885;00-0030148;00-0036441;00-0034375;00-0032892;00-0033156;00-0033697;00-0029261;00-0035677,"Rayshawn Jenkins;Isaac Rochell;Linval Joseph;Damion Square;Kenneth Murray, Jr.;Kyzir White;Nick Vigil;Joey Bosa;Michael Davis;Casey Hayward;Nasir Adderley"
2020_04_LAC_TB,4069,end_game,,,,TB,4.0,0.0,,0.0,0:00,0:00,,38.0,31.0,,0.0,,,0,,,,,,,,,
