game_id,play_id,play_type,yards_gained,starting_yard,ending_yard,time_of_play,time_on_clock_start,time_on_clock_end,timeout_team,home_team_score,away_team_score,down,yds_to_go,defense_personnel,defense_positions,n_defense,defenders_in_box,number_of_pass_rushers,defense_man_zone_type,defense_coverage_type,was_pressure,offense_player_ids,offense_player_names,defense_player_ids,defense_player_names
2020_04_MIN_HOU,1,start_quarter_1,,,,0.0,15:00,15:00,,0.0,0.0,,0.0,,,0,,,,,,,,,
2020_04_MIN_HOU,40,kickoff,0.0,35.0,35.0,0.0,15:00,15:00,,0.0,0.0,,0.0,,;;;;;;;;;;,11,,,,,,00-0036344;00-0033344;00-0032918;00-0035006;00-0035533;00-0036345;00-0034208;00-0035976;00-0032104;00-0036348;00-0028660,Harrison Hand;Hardy Nickerson;C.J. Ham;Bisi Johnson;Ryan Connelly;K.J. Osborn;Mike Boone;Dan Chisena;Ameer Abdullah;Josh Metellus;Dan Bailey,00-0028908;00-0034435;00-0032734;00-0034449;00-0032094;00-0033439;00-0031015;00-0033765;00-0036224;00-0031763;00-0032393,Michael Thomas;Keion Crossen;Brennan Scarlett;Buddy Howell;Tyrell Adams;Pharaoh Brown;Phillip Gaines;Dylan Cole;Jonathan Greenard;DeAndre Carter;C.J. Prosise
2020_04_MIN_HOU,55,run,2.0,75.0,73.0,24.0,15:00,14:36,,0.0,0.0,1.0,10.0,"4 DL, 3 LB, 4 DB",;;;;;;;;;;,11,7,,,,,00-0029738;00-0032380;00-0033537;00-0035234;00-0031236;00-0033439;00-0030997;00-0032969;00-0033127;00-0032187;00-0029546,Darren Fells;Laremy Tunsil;Deshaun Watson;Tytus Howard;Brandin Cooks;Pharaoh Brown;Zach Fulton;Nick Martin;Will Fuller;David Johnson;Senio Kelemete,00-0033969;00-0033344;00-0033336;00-0036330;00-0031799;00-0033940;00-0029606;00-0033123;00-0036324;00-0031242;00-0031554,Ifeadi Odenigbo;Hardy Nickerson;Eric Wilson;Cameron Dantzler;Anthony Harris;Jaleel Johnson;Harrison Smith;Yannick Ngakoue;Jeff Gladney;Shamar Stephen;Eric Kendricks
2020_04_MIN_HOU,76,pass,6.0,73.0,67.0,39.0,14:36,13:57,,0.0,0.0,2.0,8.0,"4 DL, 3 LB, 4 DB",;;;;;;;;;;,11,7,3,ZONE_COVERAGE,COVER_2,True,00-0029738;00-0032380;00-0033537;00-0035234;00-0031236;00-0034364;00-0030997;00-0032969;00-0033127;00-0032187;00-0029546,Darren Fells;Laremy Tunsil;Deshaun Watson;Tytus Howard;Brandin Cooks;Jordan Akins;Zach Fulton;Nick Martin;Will Fuller;David Johnson;Senio Kelemete,00-0033969;00-0033344;00-0033336;00-0036330;00-0031799;00-0033940;00-0029606;00-0033123;00-0036324;00-0031242;00-0031554,Ifeadi Odenigbo;Hardy Nickerson;Eric Wilson;Cameron Dantzler;Anthony Harris;Jaleel Johnson;Harrison Smith;Yannick Ngakoue;Jeff Gladney;Shamar Stephen;Eric Kendricks
2020_04_MIN_HOU,100,pass,0.0,67.0,67.0,4.0,13:57,13:53,,0.0,0.0,3.0,2.0,"3 DL, 2 LB, 5 DB",;;;;;;;;;,10,5,3,,,False,00-0032380;00-0033537;00-0035234;00-0031236;00-0034364;00-0030997;00-0032969;00-0033127;00-0032187;00-0028002;00-0029546,Laremy Tunsil;Deshaun Watson;Tytus Howard;Brandin Cooks;Jordan Akins;Zach Fulton;Nick Martin;Will Fuller;David Johnson;Randall Cobb;Senio Kelemete,00-0033969;00-0034213;00-0033336;00-0036330;00-0034264;00-0031799;00-0029606;00-0033123;00-0036324;00-0031554,Ifeadi Odenigbo;Holton Hill;Eric Wilson;Cameron Dantzler;Jalyn Holmes;Anthony Harris;Harrison Smith;Yannick Ngakoue;Jeff Gladney;Eric Kendricks
2020_04_MIN_HOU,122,no_play,0.0,67.0,67.0,0.0,13:53,13:53,,0.0,0.0,4.0,2.0,,;;;;;;;;;;,11,,,,,,00-0036304;00-0028908;00-0034435;00-0034163;00-0032734;00-0034449;00-0032094;00-0029692;00-0027224;00-0033765;00-0032393,John Reid;Michael Thomas;Keion Crossen;Jacob Martin;Brennan Scarlett;Buddy Howell;Tyrell Adams;Bryan Anger;Jon Weeks;Dylan Cole;C.J. Prosise,00-0036344;00-0033344;00-0034213;00-0032918;00-0035533;00-0036345;00-0034208;00-0035976;00-0032104;00-0036348;00-0036335,Harrison Hand;Hardy Nickerson;Holton Hill;C.J. Ham;Ryan Connelly;K.J. Osborn;Mike Boone;Dan Chisena;Ameer Abdullah;Josh Metellus;D.J. Wonnum
2020_04_MIN_HOU,145,punt,0.0,72.0,72.0,8.0,13:53,13:45,,0.0,0.0,4.0,7.0,,;;;;;;;;;;,11,,,,,,00-0036304;00-0028908;00-0034435;00-0034163;00-0032734;00-0034449;00-0032094;00-0029692;00-0027224;00-0033765;00-0032393,John Reid;Michael Thomas;Keion Crossen;Jacob Martin;Brennan Scarlett;Buddy Howell;Tyrell Adams;Bryan Anger;Jon Weeks;Dylan Cole;C.J. Prosise,00-0036344;00-0033344;00-0034213;00-0032918;00-0035533;00-0036345;00-0034208;00-0035976;00-0032104;00-0036348;00-0036335,Harrison Hand;Hardy Nickerson;Holton Hill;C.J. Ham;Ryan Connelly;K.J. Osborn;Mike Boone;Dan Chisena;Ameer Abdullah;Josh Metellus;D.J. Wonnum
2020_04_MIN_HOU,164,run,11.0,79.0,68.0,30.0,13:45,13:15,,0.0,0.0,1.0,10.0,"3 DL, 4 LB, 4 DB",;;;;;;;;;;,11,8,,,,,00-0033893;00-0032918;00-0027981;00-0036322;00-0035588;00-0029604;00-0029672;00-0034158;00-0034976;00-0031017;00-0030035,Dalvin Cook;C.J. Ham;Kyle Rudolph;Justin Jefferson;Garrett Bradbury;Kirk Cousins;Riley Reiff;Brian O'Neill;Dru Samia;Dakota Dozier;Adam Thielen,00-0033038;00-0032758;00-0032734;00-0027949;00-0033547;00-0031553;00-0034361;00-0031372;00-0034262;00-0031127;00-0029643,Eric Murray;Vernon Hargreaves III;Brennan Scarlett;J.J. Watt;Zach Cunningham;Benardrick McKinney;Justin Reid;Bradley Roby;P.J. Hall;Brandon Dunn;Whitney Mercilus
2020_04_MIN_HOU,185,run,1.0,68.0,67.0,32.0,13:15,12:43,,0.0,0.0,1.0,10.0,"3 DL, 4 LB, 4 DB",;;;;;;;;;;,11,6,,,,,00-0033893;00-0032918;00-0027981;00-0036322;00-0035588;00-0029604;00-0029672;00-0034976;00-0034158;00-0031017;00-0030035,Dalvin Cook;C.J. Ham;Kyle Rudolph;Justin Jefferson;Garrett Bradbury;Kirk Cousins;Riley Reiff;Dru Samia;Brian O'Neill;Dakota Dozier;Adam Thielen,00-0033038;00-0032758;00-0032734;00-0027949;00-0033547;00-0031553;00-0034361;00-0031372;00-0034262;00-0031127;00-0029643,Eric Murray;Vernon Hargreaves III;Brennan Scarlett;J.J. Watt;Zach Cunningham;Benardrick McKinney;Justin Reid;Bradley Roby;P.J. Hall;Brandon Dunn;Whitney Mercilus
2020_04_MIN_HOU,206,pass,18.0,67.0,49.0,35.0,12:43,12:08,,0.0,0.0,2.0,9.0,"3 DL, 4 LB, 4 DB",;;;;;;;;;;,11,6,4,ZONE_COVERAGE,COVER_4,False,00-0033893;00-0032918;00-0027981;00-0036322;00-0035588;00-0029604;00-0029672;00-0034158;00-0034976;00-0031017;00-0030035,Dalvin Cook;C.J. Ham;Kyle Rudolph;Justin Jefferson;Garrett Bradbury;Kirk Cousins;Riley Reiff;Brian O'Neill;Dru Samia;Dakota Dozier;Adam Thielen,00-0033038;00-0032758;00-0032734;00-0027949;00-0033547;00-0031553;00-0034361;00-0031372;00-0034262;00-0031127;00-0029643,Eric Murray;Vernon Hargreaves III;Brennan Scarlett;J.J. Watt;Zach Cunningham;Benardrick McKinney;Justin Reid;Bradley Roby;P.J. Hall;Brandon Dunn;Whitney Mercilus
2020_04_MIN_HOU,230,run,2.0,49.0,47.0,45.0,12:08,11:23,,0.0,0.0,1.0,10.0,"3 DL, 4 LB, 4 DB",;;;;;;;;;;,11,8,,,,,00-0033893;00-0032918;00-0036322;00-0035588;00-0029604;00-0029672;00-0034970;00-0034158;00-0034976;00-0031017;00-0030035,Dalvin Cook;C.J. Ham;Justin Jefferson;Garrett Bradbury;Kirk Cousins;Riley Reiff;Irv Smith;Brian O'Neill;Dru Samia;Dakota Dozier;Adam Thielen,00-0033038;00-0032758;00-0032734;00-0027949;00-0033547;00-0031553;00-0034361;00-0034262;00-0031372;00-0031127;00-0029643,Eric Murray;Vernon Hargreaves III;Brennan Scarlett;J.J. Watt;Zach Cunningham;Benardrick McKinney;Justin Reid;P.J. Hall;Bradley Roby;Brandon Dunn;Whitney Mercilus
2020_04_MIN_HOU,251,pass,0.0,47.0,47.0,4.0,11:23,11:19,,0.0,0.0,2.0,8.0,"3 DL, 4 LB, 4 DB",;;;;;;;;;;,11,7,5,ZONE_COVERAGE,COVER_3,True,00-0032918;00-0035006;00-0036322;00-0035588;00-0029604;00-0029672;00-0034970;00-0034158;00-0034976;00-0031017;00-0034972,C.J. Ham;Bisi Johnson;Justin Jefferson;Garrett Bradbury;Kirk Cousins;Riley Reiff;Irv Smith;Brian O'Neill;Dru Samia;Dakota Dozier;Alexander Mattison,00-0033038;00-0032758;00-0032734;00-0027949;00-0033547;00-0031553;00-0034361;00-0034262;00-0031372;00-0031127;00-0029643,Eric Murray;Vernon Hargreaves III;Brennan Scarlett;J.J. Watt;Zach Cunningham;Benardrick McKinney;Justin Reid;P.J. Hall;Bradley Roby;Brandon Dunn;Whitney Mercilus
2020_04_MIN_HOU,273,pass,-5.0,47.0,52.0,21.0,11:19,10:58,,0.0,0.0,3.0,8.0,"2 DL, 3 LB, 6 DB",;;;;;;;;;;,11,6,3,,,,00-0027981;00-0034309;00-0036322;00-0035588;00-0029604;00-0029672;00-0034970;00-0034158;00-0034976;00-0031017;00-0030035,Kyle Rudolph;Chad Beebe;Justin Jefferson;Garrett Bradbury;Kirk Cousins;Riley Reiff;Irv Smith;Brian O'Neill;Dru Samia;Dakota Dozier;Adam Thielen,00-0036304;00-0034163;00-0033038;00-0032758;00-0027949;00-0032094;00-0035244;00-0035279;00-0034361;00-0031372;00-0029643,John Reid;Jacob Martin;Eric Murray;Vernon Hargreaves III;J.J. Watt;Tyrell Adams;Lonnie Johnson;Charles Omenihu;Justin Reid;Bradley Roby;Whitney Mercilus
2020_04_MIN_HOU,303,punt,0.0,52.0,52.0,10.0,10:58,10:48,,0.0,0.0,4.0,13.0,,;;;;;;;;;;,11,,,,,,00-0033344;00-0034270;00-0032918;00-0035709;00-0034208;00-0034309;00-0035976;00-0032104;00-0036348;00-0034970;00-0026516,Hardy Nickerson;Tyler Conklin;C.J. Ham;Austin Cutting;Mike Boone;Chad Beebe;Dan Chisena;Ameer Abdullah;Josh Metellus;Irv Smith;Britton Colquitt,00-0036304;00-0028908;00-0034435;00-0034449;00-0032094;00-0033439;00-0035244;00-0033765;00-0036224;00-0031763;00-0032393,John Reid;Michael Thomas;Keion Crossen;Buddy Howell;Tyrell Adams;Pharaoh Brown;Lonnie Johnson;Dylan Cole;Jonathan Greenard;DeAndre Carter;C.J. Prosise
2020_04_MIN_HOU,322,pass,0.0,85.0,85.0,5.0,10:48,10:43,,0.0,0.0,1.0,10.0,"4 DL, 2 LB, 5 DB",;;;;;;;;;;,11,6,4,ZONE_COVERAGE,COVER_2,False,00-0032380;00-0033537;00-0035234;00-0030085;00-0031236;00-0030997;00-0034364;00-0032969;00-0033127;00-0032187;00-0029546,Laremy Tunsil;Deshaun Watson;Tytus Howard;Kenny Stills;Brandin Cooks;Zach Fulton;Jordan Akins;Nick Martin;Will Fuller;David Johnson;Senio Kelemete,00-0033969;00-0034213;00-0033336;00-0036330;00-0031799;00-0033940;00-0029606;00-0033123;00-0036324;00-0031242;00-0031554,Ifeadi Odenigbo;Holton Hill;Eric Wilson;Cameron Dantzler;Anthony Harris;Jaleel Johnson;Harrison Smith;Yannick Ngakoue;Jeff Gladney;Shamar Stephen;Eric Kendricks
2020_04_MIN_HOU,344,run,4.0,85.0,81.0,35.0,10:43,10:08,,0.0,0.0,2.0,10.0,"4 DL, 2 LB, 5 DB",;;;;;;;;;;,11,6,,,,,00-0032380;00-0033537;00-0035234;00-0031236;00-0030085;00-0030997;00-0034364;00-0032969;00-0032187;00-0028002;00-0029546,Laremy Tunsil;Deshaun Watson;Tytus Howard;Brandin Cooks;Kenny Stills;Zach Fulton;Jordan Akins;Nick Martin;David Johnson;Randall Cobb;Senio Kelemete,00-0033969;00-0034213;00-0029215;00-0033336;00-0031799;00-0033940;00-0029606;00-0033123;00-0036324;00-0031242;00-0031554,Ifeadi Odenigbo;Holton Hill;George Iloka;Eric Wilson;Anthony Harris;Jaleel Johnson;Harrison Smith;Yannick Ngakoue;Jeff Gladney;Shamar Stephen;Eric Kendricks
2020_04_MIN_HOU,368,pass,-7.0,81.0,88.0,40.0,10:08,9:28,,0.0,0.0,3.0,6.0,"4 DL, 2 LB, 5 DB",;;;;;;;;;;,11,7,6,,,,00-0032380;00-0033537;00-0035234;00-0031236;00-0030997;00-0034364;00-0032969;00-0033127;00-0032187;00-0028002;00-0029546,Laremy Tunsil;Deshaun Watson;Tytus Howard;Brandin Cooks;Zach Fulton;Jordan Akins;Nick Martin;Will Fuller;David Johnson;Randall Cobb;Senio Kelemete,00-0033969;00-0034213;00-0033336;00-0029215;00-0034264;00-0031799;00-0029606;00-0036335;00-0033123;00-0036324;00-0031554,Ifeadi Odenigbo;Holton Hill;Eric Wilson;George Iloka;Jalyn Holmes;Anthony Harris;Harrison Smith;D.J. Wonnum;Yannick Ngakoue;Jeff Gladney;Eric Kendricks
2020_04_MIN_HOU,388,punt,0.0,88.0,88.0,10.0,9:28,9:18,,0.0,0.0,4.0,13.0,,;;;;;;;;;;,11,,,,,,00-0036304;00-0028908;00-0034435;00-0034163;00-0032734;00-0034449;00-0032094;00-0029692;00-0027224;00-0033765;00-0032393,John Reid;Michael Thomas;Keion Crossen;Jacob Martin;Brennan Scarlett;Buddy Howell;Tyrell Adams;Bryan Anger;Jon Weeks;Dylan Cole;C.J. Prosise,00-0036344;00-0033344;00-0034213;00-0032918;00-0035533;00-0036345;00-0034208;00-0035976;00-0032104;00-0036348;00-0036335,Harrison Hand;Hardy Nickerson;Holton Hill;C.J. Ham;Ryan Connelly;K.J. Osborn;Mike Boone;Dan Chisena;Ameer Abdullah;Josh Metellus;D.J. Wonnum
2020_04_MIN_HOU,418,pass,29.0,56.0,27.0,42.0,9:18,8:36,,0.0,0.0,1.0,10.0,"3 DL, 4 LB, 4 DB",;;;;;;;;;;,11,7,4,ZONE_COVERAGE,COVER_3,False,00-0033893;00-0034270;00-0036322;00-0035588;00-0029604;00-0029672;00-0034970;00-0034158;00-0034976;00-0031017;00-0030035,Dalvin Cook;Tyler Conklin;Justin Jefferson;Garrett Bradbury;Kirk Cousins;Riley Reiff;Irv Smith;Brian O'Neill;Dru Samia;Dakota Dozier;Adam Thielen,00-0033038;00-0034163;00-0032758;00-0032734;00-0027949;00-0033547;00-0031553;00-0033563;00-0034361;00-0031372;00-0031127,Eric Murray;Jacob Martin;Vernon Hargreaves III;Brennan Scarlett;J.J. Watt;Zach Cunningham;Benardrick McKinney;Carlos Watkins;Justin Reid;Bradley Roby;Brandon Dunn
2020_04_MIN_HOU,446,run,1.0,27.0,26.0,45.0,8:36,7:51,,0.0,0.0,1.0,10.0,"3 DL, 4 LB, 4 DB",;;;;;;;;;;,11,7,,,,,00-0033893;00-0034270;00-0027981;00-0035588;00-0029604;00-0029672;00-0034970;00-0034158;00-0034976;00-0031017;00-0030035,Dalvin Cook;Tyler Conklin;Kyle Rudolph;Garrett Bradbury;Kirk Cousins;Riley Reiff;Irv Smith;Brian O'Neill;Dru Samia;Dakota Dozier;Adam Thielen,00-0033038;00-0034163;00-0032758;00-0032734;00-0027949;00-0033547;00-0031553;00-0033563;00-0034361;00-0031372;00-0031127,Eric Murray;Jacob Martin;Vernon Hargreaves III;Brennan Scarlett;J.J. Watt;Zach Cunningham;Benardrick McKinney;Carlos Watkins;Justin Reid;Bradley Roby;Brandon Dunn
2020_04_MIN_HOU,467,pass,11.0,26.0,15.0,41.0,7:51,7:10,,0.0,0.0,2.0,9.0,"3 DL, 3 LB, 5 DB",;;;;;;;;;;,11,6,5,ZONE_COVERAGE,COVER_3,True,00-0033893;00-0027981;00-0036322;00-0034309;00-0035588;00-0029604;00-0029672;00-0034158;00-0034976;00-0031017;00-0030035,Dalvin Cook;Kyle Rudolph;Justin Jefferson;Chad Beebe;Garrett Bradbury;Kirk Cousins;Riley Reiff;Brian O'Neill;Dru Samia;Dakota Dozier;Adam Thielen,00-0036304;00-0033038;00-0034163;00-0032758;00-0027949;00-0033547;00-0031553;00-0033563;00-0035279;00-0034361;00-0031372,John Reid;Eric Murray;Jacob Martin;Vernon Hargreaves III;J.J. Watt;Zach Cunningham;Benardrick McKinney;Carlos Watkins;Charles Omenihu;Justin Reid;Bradley Roby
2020_04_MIN_HOU,495,run,6.0,15.0,9.0,41.0,7:10,6:29,,0.0,0.0,1.0,10.0,"3 DL, 4 LB, 4 DB",;;;;;;;;;;,11,8,,,,,00-0033893;00-0027981;00-0036322;00-0035588;00-0029604;00-0029672;00-0034970;00-0034158;00-0034976;00-0031017;00-0030035,Dalvin Cook;Kyle Rudolph;Justin Jefferson;Garrett Bradbury;Kirk Cousins;Riley Reiff;Irv Smith;Brian O'Neill;Dru Samia;Dakota Dozier;Adam Thielen,00-0033038;00-0032758;00-0032734;00-0027949;00-0033547;00-0031553;00-0033563;00-0034361;00-0031372;00-0034262;00-0029643,Eric Murray;Vernon Hargreaves III;Brennan Scarlett;J.J. Watt;Zach Cunningham;Benardrick McKinney;Carlos Watkins;Justin Reid;Bradley Roby;P.J. Hall;Whitney Mercilus
2020_04_MIN_HOU,516,run,2.0,9.0,7.0,41.0,6:29,5:48,,0.0,0.0,2.0,4.0,"3 DL, 4 LB, 4 DB",;;;;;;;;;;,11,8,,,,,00-0027981;00-0036322;00-0035588;00-0029604;00-0029672;00-0034970;00-0034158;00-0034976;00-0031017;00-0034972;00-0030035,Kyle Rudolph;Justin Jefferson;Garrett Bradbury;Kirk Cousins;Riley Reiff;Irv Smith;Brian O'Neill;Dru Samia;Dakota Dozier;Alexander Mattison;Adam Thielen,00-0033038;00-0032758;00-0032734;00-0027949;00-0033547;00-0031553;00-0033563;00-0034361;00-0031372;00-0034262;00-0029643,Eric Murray;Vernon Hargreaves III;Brennan Scarlett;J.J. Watt;Zach Cunningham;Benardrick McKinney;Carlos Watkins;Justin Reid;Bradley Roby;P.J. Hall;Whitney Mercilus
2020_04_MIN_HOU,537,run,2.0,7.0,5.0,37.0,5:48,5:11,,0.0,0.0,3.0,2.0,"3 DL, 3 LB, 5 DB",;;;;;;;;;;,11,7,,,,,00-0033893;00-0027981;00-0036322;00-0034309;00-0035588;00-0029604;00-0029672;00-0034158;00-0034976;00-0031017;00-0030035,Dalvin Cook;Kyle Rudolph;Justin Jefferson;Chad Beebe;Garrett Bradbury;Kirk Cousins;Riley Reiff;Brian O'Neill;Dru Samia;Dakota Dozier;Adam Thielen,00-0036304;00-0033038;00-0032758;00-0027949;00-0033547;00-0031553;00-0033563;00-0034361;00-0031372;00-0034262;00-0029643,John Reid;Eric Murray;Vernon Hargreaves III;J.J. Watt;Zach Cunningham;Benardrick McKinney;Carlos Watkins;Justin Reid;Bradley Roby;P.J. Hall;Whitney Mercilus
2020_04_MIN_HOU,558,run,5.0,5.0,0.0,6.0,5:11,5:05,,0.0,6.0,1.0,5.0,"3 DL, 3 LB, 5 DB",;;;;;;;;;;,11,7,,,,,00-0033893;00-0027981;00-0034309;00-0036322;00-0035588;00-0029604;00-0029672;00-0034158;00-0034976;00-0031017;00-0030035,Dalvin Cook;Kyle Rudolph;Chad Beebe;Justin Jefferson;Garrett Bradbury;Kirk Cousins;Riley Reiff;Brian O'Neill;Dru Samia;Dakota Dozier;Adam Thielen,00-0036304;00-0033038;00-0032758;00-0027949;00-0033547;00-0031553;00-0033563;00-0034361;00-0031372;00-0034262;00-0029643,John Reid;Eric Murray;Vernon Hargreaves III;J.J. Watt;Zach Cunningham;Benardrick McKinney;Carlos Watkins;Justin Reid;Bradley Roby;P.J. Hall;Whitney Mercilus
2020_04_MIN_HOU,580,extra_point,0.0,15.0,15.0,0.0,5:05,5:05,,0.0,7.0,,0.0,,;;;;;;;;;;,11,,,,,,00-0036327;00-0027981;00-0032520;00-0035709;00-0031489;00-0029672;00-0034158;00-0034976;00-0026516;00-0031017;00-0028660,Ezra Cleveland;Kyle Rudolph;Rashod Hill;Austin Cutting;Brett Jones;Riley Reiff;Brian O'Neill;Dru Samia;Britton Colquitt;Dakota Dozier;Dan Bailey,00-0028908;00-0034435;00-0032734;00-0036289;00-0033547;00-0031553;00-0035244;00-0033563;00-0034361;00-0034262;00-0031127,Michael Thomas;Keion Crossen;Brennan Scarlett;Ross Blacklock;Zach Cunningham;Benardrick McKinney;Lonnie Johnson;Carlos Watkins;Justin Reid;P.J. Hall;Brandon Dunn
2020_04_MIN_HOU,596,kickoff,0.0,35.0,35.0,0.0,5:05,5:05,,0.0,7.0,,0.0,,;;;;;;;;;;,11,,,,,,00-0036344;00-0033344;00-0032918;00-0035006;00-0035533;00-0036345;00-0034208;00-0035976;00-0032104;00-0036348;00-0028660,Harrison Hand;Hardy Nickerson;C.J. Ham;Bisi Johnson;Ryan Connelly;K.J. Osborn;Mike Boone;Dan Chisena;Ameer Abdullah;Josh Metellus;Dan Bailey,00-0028908;00-0034435;00-0032734;00-0034449;00-0032094;00-0033439;00-0031015;00-0033765;00-0036224;00-0031763;00-0032393,Michael Thomas;Keion Crossen;Brennan Scarlett;Buddy Howell;Tyrell Adams;Pharaoh Brown;Phillip Gaines;Dylan Cole;Jonathan Greenard;DeAndre Carter;C.J. Prosise
2020_04_MIN_HOU,619,run,-1.0,75.0,76.0,30.0,5:05,4:35,,0.0,7.0,1.0,10.0,"4 DL, 3 LB, 4 DB",;;;;;;;;;;,11,7,,,,,00-0029738;00-0032380;00-0033537;00-0035234;00-0031236;00-0033439;00-0030997;00-0032969;00-0033127;00-0032187;00-0029546,Darren Fells;Laremy Tunsil;Deshaun Watson;Tytus Howard;Brandin Cooks;Pharaoh Brown;Zach Fulton;Nick Martin;Will Fuller;David Johnson;Senio Kelemete,00-0033969;00-0033344;00-0033336;00-0036330;00-0034264;00-0031799;00-0033940;00-0029606;00-0036324;00-0031242;00-0031554,Ifeadi Odenigbo;Hardy Nickerson;Eric Wilson;Cameron Dantzler;Jalyn Holmes;Anthony Harris;Jaleel Johnson;Harrison Smith;Jeff Gladney;Shamar Stephen;Eric Kendricks
2020_04_MIN_HOU,640,pass,10.0,76.0,66.0,28.0,4:35,4:07,,0.0,7.0,2.0,11.0,"4 DL, 2 LB, 5 DB",;;;;;;;;;;,11,6,3,ZONE_COVERAGE,COVER_6,False,00-0029738;00-0032380;00-0033537;00-0035234;00-0031236;00-0030997;00-0032969;00-0033127;00-0032187;00-0028002;00-0029546,Darren Fells;Laremy Tunsil;Deshaun Watson;Tytus Howard;Brandin Cooks;Zach Fulton;Nick Martin;Will Fuller;David Johnson;Randall Cobb;Senio Kelemete,00-0033969;00-0034213;00-0033336;00-0036330;00-0034264;00-0031799;00-0033940;00-0029606;00-0036324;00-0031242;00-0031554,Ifeadi Odenigbo;Holton Hill;Eric Wilson;Cameron Dantzler;Jalyn Holmes;Anthony Harris;Jaleel Johnson;Harrison Smith;Jeff Gladney;Shamar Stephen;Eric Kendricks
2020_04_MIN_HOU,664,run,5.0,66.0,61.0,26.0,4:07,3:41,,0.0,7.0,3.0,1.0,"4 DL, 2 LB, 5 DB",;;;;;;;;;;,11,7,,,,,00-0029738;00-0032380;00-0033537;00-0035234;00-0031236;00-0030997;00-0032969;00-0033127;00-0032187;00-0028002;00-0029546,Darren Fells;Laremy Tunsil;Deshaun Watson;Tytus Howard;Brandin Cooks;Zach Fulton;Nick Martin;Will Fuller;David Johnson;Randall Cobb;Senio Kelemete,00-0033969;00-0034213;00-0033336;00-0036330;00-0034264;00-0031799;00-0033940;00-0029606;00-0036324;00-0031242;00-0031554,Ifeadi Odenigbo;Holton Hill;Eric Wilson;Cameron Dantzler;Jalyn Holmes;Anthony Harris;Jaleel Johnson;Harrison Smith;Jeff Gladney;Shamar Stephen;Eric Kendricks
2020_04_MIN_HOU,685,pass,0.0,61.0,61.0,5.0,3:41,3:36,,0.0,7.0,1.0,10.0,"4 DL, 2 LB, 5 DB",;;;;;;;;;;,11,6,2,ZONE_COVERAGE,COVER_2,False,00-0029738;00-0032380;00-0032969;00-0030997;00-0033127;00-0028002;00-0033537;00-0029546;00-0032187;00-0035234;00-0031236,Darren Fells;Laremy Tunsil;Nick Martin;Zach Fulton;Will Fuller;Randall Cobb;Deshaun Watson;Senio Kelemete;David Johnson;Tytus Howard;Brandin Cooks,00-0034213;00-0033969;00-0031242;00-0031799;00-0036330;00-0031554;00-0036324;00-0033940;00-0033123;00-0033336;00-0029606,Holton Hill;Ifeadi Odenigbo;Shamar Stephen;Anthony Harris;Cameron Dantzler;Eric Kendricks;Jeff Gladney;Jaleel Johnson;Yannick Ngakoue;Eric Wilson;Harrison Smith
2020_04_MIN_HOU,707,run,2.0,61.0,59.0,36.0,3:36,3:00,,0.0,7.0,2.0,10.0,"4 DL, 2 LB, 5 DB",;;;;;;;;;;,11,6,4,,,,00-0029738;00-0032380;00-0033537;00-0035234;00-0031236;00-0030997;00-0032969;00-0033127;00-0032187;00-0028002;00-0029546,Darren Fells;Laremy Tunsil;Deshaun Watson;Tytus Howard;Brandin Cooks;Zach Fulton;Nick Martin;Will Fuller;David Johnson;Randall Cobb;Senio Kelemete,00-0034213;00-0033336;00-0036330;00-0031799;00-0033940;00-0029606;00-0036335;00-0033123;00-0036324;00-0031242;00-0031554,Holton Hill;Eric Wilson;Cameron Dantzler;Anthony Harris;Jaleel Johnson;Harrison Smith;D.J. Wonnum;Yannick Ngakoue;Jeff Gladney;Shamar Stephen;Eric Kendricks
2020_04_MIN_HOU,733,pass,0.0,59.0,59.0,4.0,3:00,2:56,,0.0,7.0,3.0,8.0,"3 DL, 2 LB, 6 DB",;;;;;;;;;;,11,7,6,MAN_COVERAGE,COVER_1,False,00-0032380;00-0033537;00-0035234;00-0032257;00-0030085;00-0031236;00-0030997;00-0034364;00-0032969;00-0028002;00-0029546,Laremy Tunsil;Deshaun Watson;Tytus Howard;Duke Johnson;Kenny Stills;Brandin Cooks;Zach Fulton;Jordan Akins;Nick Martin;Randall Cobb;Senio Kelemete,00-0033969;00-0034213;00-0033336;00-0029215;00-0036330;00-0034264;00-0031799;00-0029606;00-0033123;00-0036324;00-0031554,Ifeadi Odenigbo;Holton Hill;Eric Wilson;George Iloka;Cameron Dantzler;Jalyn Holmes;Anthony Harris;Harrison Smith;Yannick Ngakoue;Jeff Gladney;Eric Kendricks
2020_04_MIN_HOU,755,punt,0.0,59.0,59.0,8.0,2:56,2:48,,0.0,7.0,4.0,8.0,,;;;;;;;;;;,11,,,,,,00-0036304;00-0028908;00-0034435;00-0034163;00-0032734;00-0034449;00-0032094;00-0029692;00-0027224;00-0033765;00-0032393,John Reid;Michael Thomas;Keion Crossen;Jacob Martin;Brennan Scarlett;Buddy Howell;Tyrell Adams;Bryan Anger;Jon Weeks;Dylan Cole;C.J. Prosise,00-0036344;00-0033344;00-0034213;00-0032918;00-0035533;00-0036345;00-0034208;00-0035976;00-0032104;00-0036348;00-0036335,Harrison Hand;Hardy Nickerson;Holton Hill;C.J. Ham;Ryan Connelly;K.J. Osborn;Mike Boone;Dan Chisena;Ameer Abdullah;Josh Metellus;D.J. Wonnum
2020_04_MIN_HOU,773,pass,0.0,80.0,80.0,6.0,2:48,2:42,,0.0,7.0,1.0,10.0,"3 DL, 4 LB, 4 DB",;;;;;;;;;;,11,8,6,MAN_COVERAGE,COVER_1,True,00-0032918;00-0027981;00-0035588;00-0029604;00-0029672;00-0034970;00-0034158;00-0034976;00-0031017;00-0034972;00-0030035,C.J. Ham;Kyle Rudolph;Garrett Bradbury;Kirk Cousins;Riley Reiff;Irv Smith;Brian O'Neill;Dru Samia;Dakota Dozier;Alexander Mattison;Adam Thielen,00-0033038;00-0032734;00-0027949;00-0033547;00-0031553;00-0031015;00-0035279;00-0034361;00-0031372;00-0031127;00-0029643,Eric Murray;Brennan Scarlett;J.J. Watt;Zach Cunningham;Benardrick McKinney;Phillip Gaines;Charles Omenihu;Justin Reid;Bradley Roby;Brandon Dunn;Whitney Mercilus
2020_04_MIN_HOU,795,run,2.0,80.0,78.0,42.0,2:42,2:00,,0.0,7.0,2.0,10.0,"3 DL, 4 LB, 4 DB",;;;;;;;;;;,11,8,,,,,00-0032918;00-0027981;00-0035588;00-0029604;00-0029672;00-0034970;00-0034158;00-0034976;00-0031017;00-0034972;00-0030035,C.J. Ham;Kyle Rudolph;Garrett Bradbury;Kirk Cousins;Riley Reiff;Irv Smith;Brian O'Neill;Dru Samia;Dakota Dozier;Alexander Mattison;Adam Thielen,00-0033038;00-0032734;00-0027949;00-0033547;00-0031553;00-0031015;00-0035279;00-0034361;00-0031372;00-0031127;00-0029643,Eric Murray;Brennan Scarlett;J.J. Watt;Zach Cunningham;Benardrick McKinney;Phillip Gaines;Charles Omenihu;Justin Reid;Bradley Roby;Brandon Dunn;Whitney Mercilus
2020_04_MIN_HOU,816,run,2.0,78.0,76.0,42.0,2:00,1:18,,0.0,7.0,3.0,8.0,"2 DL, 3 LB, 6 DB",;;;;;;;;;;,11,5,4,,,,00-0035006;00-0034309;00-0036322;00-0035588;00-0029604;00-0029672;00-0034970;00-0034158;00-0034976;00-0031017;00-0034972,Bisi Johnson;Chad Beebe;Justin Jefferson;Garrett Bradbury;Kirk Cousins;Riley Reiff;Irv Smith;Brian O'Neill;Dru Samia;Dakota Dozier;Alexander Mattison,00-0036304;00-0034163;00-0033038;00-0027949;00-0032094;00-0031015;00-0035244;00-0035279;00-0034361;00-0031372;00-0029643,John Reid;Jacob Martin;Eric Murray;J.J. Watt;Tyrell Adams;Phillip Gaines;Lonnie Johnson;Charles Omenihu;Justin Reid;Bradley Roby;Whitney Mercilus
2020_04_MIN_HOU,837,turnover,0.0,76.0,76.0,11.0,1:18,1:07,,0.0,7.0,4.0,6.0,,;;;;;;;;;;,11,,,,,,00-0035709;00-0026516;00-0032918;00-0036348;00-0033344;00-0036345;00-0035976;00-0034270;00-0034970;00-0032104;00-0034208,Austin Cutting;Britton Colquitt;C.J. Ham;Josh Metellus;Hardy Nickerson;K.J. Osborn;Dan Chisena;Tyler Conklin;Irv Smith;Ameer Abdullah;Mike Boone,00-0032094;00-0028908;00-0036304;00-0034435;00-0034449;00-0031763;00-0033765;00-0036224;00-0032393;00-0033439;00-0035244,Tyrell Adams;Michael Thomas;John Reid;Keion Crossen;Buddy Howell;DeAndre Carter;Dylan Cole;Jonathan Greenard;C.J. Prosise;Pharaoh Brown;Lonnie Johnson
2020_04_MIN_HOU,898,run,8.0,35.0,27.0,40.0,1:07,0:27,,0.0,7.0,1.0,10.0,"3 DL, 4 LB, 4 DB",;;;;;;;;;;,11,7,,,,,00-0033893;00-0032918;00-0034270;00-0036322;00-0035588;00-0029604;00-0029672;00-0034158;00-0034976;00-0031017;00-0030035,Dalvin Cook;C.J. Ham;Tyler Conklin;Justin Jefferson;Garrett Bradbury;Kirk Cousins;Riley Reiff;Brian O'Neill;Dru Samia;Dakota Dozier;Adam Thielen,00-0033038;00-0034163;00-0032734;00-0033547;00-0031553;00-0031015;00-0033563;00-0035279;00-0034361;00-0034262;00-0031372,Eric Murray;Jacob Martin;Brennan Scarlett;Zach Cunningham;Benardrick McKinney;Phillip Gaines;Carlos Watkins;Charles Omenihu;Justin Reid;P.J. Hall;Bradley Roby
2020_04_MIN_HOU,919,run,1.0,27.0,26.0,27.0,0:27,0:00,,0.0,7.0,2.0,2.0,"3 DL, 4 LB, 4 DB",;;;;;;;;;;,11,7,,,,,00-0033893;00-0035006;00-0027981;00-0036322;00-0035588;00-0029604;00-0029672;00-0034970;00-0034158;00-0034976;00-0031017,Dalvin Cook;Bisi Johnson;Kyle Rudolph;Justin Jefferson;Garrett Bradbury;Kirk Cousins;Riley Reiff;Irv Smith;Brian O'Neill;Dru Samia;Dakota Dozier,00-0033038;00-0034163;00-0032734;00-0033547;00-0031553;00-0031015;00-0033563;00-0035279;00-0034361;00-0034262;00-0031372,Eric Murray;Jacob Martin;Brennan Scarlett;Zach Cunningham;Benardrick McKinney;Phillip Gaines;Carlos Watkins;Charles Omenihu;Justin Reid;P.J. Hall;Bradley Roby
2020_04_MIN_HOU,941,start_quarter_2,,,,0.0,0:00,0:00,,0.0,7.0,,0.0,,,0,,,,,,,,,
2020_04_MIN_HOU,960,run,6.0,26.0,20.0,37.0,15:00,14:23,,0.0,7.0,3.0,1.0,"3 DL, 3 LB, 5 DB",;;;;;;;;;;,11,7,,,,,00-0033893;00-0036322;00-0034309;00-0035588;00-0029604;00-0029672;00-0034970;00-0034158;00-0034976;00-0031017;00-0030035,Dalvin Cook;Justin Jefferson;Chad Beebe;Garrett Bradbury;Kirk Cousins;Riley Reiff;Irv Smith;Brian O'Neill;Dru Samia;Dakota Dozier;Adam Thielen,00-0036304;00-0033038;00-0032734;00-0027949;00-0033547;00-0031553;00-0031015;00-0034361;00-0034262;00-0031372;00-0031127,John Reid;Eric Murray;Brennan Scarlett;J.J. Watt;Zach Cunningham;Benardrick McKinney;Phillip Gaines;Justin Reid;P.J. Hall;Bradley Roby;Brandon Dunn
2020_04_MIN_HOU,981,pass,0.0,20.0,20.0,7.0,14:23,14:16,,0.0,7.0,1.0,10.0,"3 DL, 4 LB, 4 DB",;;;;;;;;;;,11,8,5,ZONE_COVERAGE,COVER_2,True,00-0033893;00-0027981;00-0036322;00-0035588;00-0029604;00-0029672;00-0034970;00-0034158;00-0034976;00-0031017;00-0030035,Dalvin Cook;Kyle Rudolph;Justin Jefferson;Garrett Bradbury;Kirk Cousins;Riley Reiff;Irv Smith;Brian O'Neill;Dru Samia;Dakota Dozier;Adam Thielen,00-0033038;00-0032734;00-0027949;00-0033547;00-0031553;00-0031015;00-0034361;00-0031372;00-0034262;00-0031127;00-0029643,Eric Murray;Brennan Scarlett;J.J. Watt;Zach Cunningham;Benardrick McKinney;Phillip Gaines;Justin Reid;Bradley Roby;P.J. Hall;Brandon Dunn;Whitney Mercilus
2020_04_MIN_HOU,1003,run,4.0,20.0,16.0,46.0,14:16,13:30,,0.0,7.0,2.0,10.0,"3 DL, 4 LB, 4 DB",;;;;;;;;;;,11,7,,,,,00-0033893;00-0032918;00-0027981;00-0036322;00-0035588;00-0029604;00-0029672;00-0034976;00-0034158;00-0031017;00-0030035,Dalvin Cook;C.J. Ham;Kyle Rudolph;Justin Jefferson;Garrett Bradbury;Kirk Cousins;Riley Reiff;Dru Samia;Brian O'Neill;Dakota Dozier;Adam Thielen,00-0033038;00-0032734;00-0027949;00-0033547;00-0031553;00-0031015;00-0034361;00-0031372;00-0034262;00-0031127;00-0029643,Eric Murray;Brennan Scarlett;J.J. Watt;Zach Cunningham;Benardrick McKinney;Phillip Gaines;Justin Reid;Bradley Roby;P.J. Hall;Brandon Dunn;Whitney Mercilus
2020_04_MIN_HOU,1024,timeout,0.0,,,0.0,13:30,13:30,MIN,0.0,7.0,,0.0,,,0,,,,,,,,,
2020_04_MIN_HOU,1040,pass,3.0,16.0,13.0,45.0,13:30,12:45,,0.0,7.0,3.0,6.0,"2 DL, 3 LB, 6 DB",;;;;;;;;;;,11,6,3,MAN_COVERAGE,COVER_1,False,00-0033893;00-0027981;00-0034309;00-0036322;00-0035588;00-0029604;00-0029672;00-0034158;00-0034976;00-0031017;00-0030035,Dalvin Cook;Kyle Rudolph;Chad Beebe;Justin Jefferson;Garrett Bradbury;Kirk Cousins;Riley Reiff;Brian O'Neill;Dru Samia;Dakota Dozier;Adam Thielen,00-0036304;00-0034163;00-0033038;00-0027949;00-0032094;00-0031015;00-0035244;00-0035279;00-0034361;00-0031372;00-0029643,John Reid;Jacob Martin;Eric Murray;J.J. Watt;Tyrell Adams;Phillip Gaines;Lonnie Johnson;Charles Omenihu;Justin Reid;Bradley Roby;Whitney Mercilus
2020_04_MIN_HOU,1064,field_goal,0.0,13.0,13.0,4.0,12:45,12:41,,0.0,10.0,4.0,3.0,,;;;;;;;;;;,11,,,,,,00-0036327;00-0027981;00-0032520;00-0035709;00-0031489;00-0029672;00-0034158;00-0034976;00-0026516;00-0031017;00-0028660,Ezra Cleveland;Kyle Rudolph;Rashod Hill;Austin Cutting;Brett Jones;Riley Reiff;Brian O'Neill;Dru Samia;Britton Colquitt;Dakota Dozier;Dan Bailey,00-0028908;00-0034435;00-0032734;00-0036289;00-0033547;00-0031553;00-0035244;00-0033563;00-0034361;00-0034262;00-0031127,Michael Thomas;Keion Crossen;Brennan Scarlett;Ross Blacklock;Zach Cunningham;Benardrick McKinney;Lonnie Johnson;Carlos Watkins;Justin Reid;P.J. Hall;Brandon Dunn
2020_04_MIN_HOU,1084,kickoff,0.0,35.0,35.0,0.0,12:41,12:41,,0.0,10.0,,0.0,,;;;;;;;;;;,11,,,,,,00-0036344;00-0033344;00-0032918;00-0035006;00-0035533;00-0036345;00-0034208;00-0035976;00-0032104;00-0036348;00-0028660,Harrison Hand;Hardy Nickerson;C.J. Ham;Bisi Johnson;Ryan Connelly;K.J. Osborn;Mike Boone;Dan Chisena;Ameer Abdullah;Josh Metellus;Dan Bailey,00-0028908;00-0034435;00-0032734;00-0034449;00-0032094;00-0033439;00-0031015;00-0033765;00-0036224;00-0031763;00-0032393,Michael Thomas;Keion Crossen;Brennan Scarlett;Buddy Howell;Tyrell Adams;Pharaoh Brown;Phillip Gaines;Dylan Cole;Jonathan Greenard;DeAndre Carter;C.J. Prosise
2020_04_MIN_HOU,1099,pass,8.0,75.0,67.0,29.0,12:41,12:12,,0.0,10.0,1.0,10.0,"4 DL, 3 LB, 4 DB",;;;;;;;;;;,11,7,4,ZONE_COVERAGE,COVER_2,False,00-0029738;00-0032380;00-0033537;00-0035234;00-0031236;00-0034364;00-0030997;00-0032969;00-0033127;00-0032187;00-0029546,Darren Fells;Laremy Tunsil;Deshaun Watson;Tytus Howard;Brandin Cooks;Jordan Akins;Zach Fulton;Nick Martin;Will Fuller;David Johnson;Senio Kelemete,00-0033344;00-0033336;00-0036330;00-0034264;00-0031799;00-0029606;00-0034992;00-0033123;00-0036324;00-0031242;00-0031554,Hardy Nickerson;Eric Wilson;Cameron Dantzler;Jalyn Holmes;Anthony Harris;Harrison Smith;Armon Watts;Yannick Ngakoue;Jeff Gladney;Shamar Stephen;Eric Kendricks
2020_04_MIN_HOU,1123,run,6.0,67.0,61.0,28.0,12:12,11:44,,0.0,10.0,2.0,2.0,"4 DL, 3 LB, 4 DB",;;;;;;;;;;,11,7,,,,,00-0029738;00-0032380;00-0033537;00-0035234;00-0031236;00-0030997;00-0034364;00-0032969;00-0033127;00-0032187;00-0029546,Darren Fells;Laremy Tunsil;Deshaun Watson;Tytus Howard;Brandin Cooks;Zach Fulton;Jordan Akins;Nick Martin;Will Fuller;David Johnson;Senio Kelemete,00-0033344;00-0033336;00-0036330;00-0034264;00-0031799;00-0029606;00-0034992;00-0033123;00-0036324;00-0031242;00-0031554,Hardy Nickerson;Eric Wilson;Cameron Dantzler;Jalyn Holmes;Anthony Harris;Harrison Smith;Armon Watts;Yannick Ngakoue;Jeff Gladney;Shamar Stephen;Eric Kendricks
2020_04_MIN_HOU,1144,run,5.0,61.0,56.0,31.0,11:44,11:13,,0.0,10.0,1.0,10.0,"4 DL, 3 LB, 4 DB",;;;;;;;;;;,11,7,,,,,00-0029738;00-0032380;00-0033537;00-0035234;00-0030085;00-0031236;00-0030997;00-0034364;00-0032969;00-0032187;00-0029546,Darren Fells;Laremy Tunsil;Deshaun Watson;Tytus Howard;Kenny Stills;Brandin Cooks;Zach Fulton;Jordan Akins;Nick Martin;David Johnson;Senio Kelemete,00-0033344;00-0033336;00-0036330;00-0034264;00-0031799;00-0029606;00-0034992;00-0036335;00-0036324;00-0031242;00-0031554,Hardy Nickerson;Eric Wilson;Cameron Dantzler;Jalyn Holmes;Anthony Harris;Harrison Smith;Armon Watts;D.J. Wonnum;Jeff Gladney;Shamar Stephen;Eric Kendricks
2020_04_MIN_HOU,1165,run,4.0,56.0,52.0,31.0,11:13,10:42,,0.0,10.0,2.0,5.0,"4 DL, 3 LB, 4 DB",;;;;;;;;;;,11,6,,,,,00-0029738;00-0032380;00-0033537;00-0035234;00-0030085;00-0031236;00-0030997;00-0034364;00-0032969;00-0032187;00-0029546,Darren Fells;Laremy Tunsil;Deshaun Watson;Tytus Howard;Kenny Stills;Brandin Cooks;Zach Fulton;Jordan Akins;Nick Martin;David Johnson;Senio Kelemete,00-0033344;00-0033336;00-0036330;00-0034264;00-0031799;00-0034992;00-0029606;00-0036335;00-0036324;00-0031242;00-0031554,Hardy Nickerson;Eric Wilson;Cameron Dantzler;Jalyn Holmes;Anthony Harris;Armon Watts;Harrison Smith;D.J. Wonnum;Jeff Gladney;Shamar Stephen;Eric Kendricks
2020_04_MIN_HOU,1186,run,4.0,52.0,48.0,27.0,10:42,10:15,,0.0,10.0,3.0,1.0,"4 DL, 3 LB, 4 DB",;;;;;;;;;;,11,8,,,,,00-0029738;00-0032380;00-0033537;00-0035234;00-0030085;00-0033439;00-0030997;00-0034364;00-0032969;00-0032187;00-0029546,Darren Fells;Laremy Tunsil;Deshaun Watson;Tytus Howard;Kenny Stills;Pharaoh Brown;Zach Fulton;Jordan Akins;Nick Martin;David Johnson;Senio Kelemete,00-0033344;00-0033336;00-0036330;00-0034264;00-0031799;00-0029606;00-0034992;00-0036335;00-0036324;00-0031242;00-0031554,Hardy Nickerson;Eric Wilson;Cameron Dantzler;Jalyn Holmes;Anthony Harris;Harrison Smith;Armon Watts;D.J. Wonnum;Jeff Gladney;Shamar Stephen;Eric Kendricks
2020_04_MIN_HOU,1207,pass,15.0,48.0,33.0,37.0,10:15,9:38,,0.0,10.0,1.0,10.0,"4 DL, 3 LB, 4 DB",;;;;;;;;;;,11,7,4,ZONE_COVERAGE,COVER_2,True,00-0029738;00-0032380;00-0033537;00-0035234;00-0032257;00-0031236;00-0034364;00-0030997;00-0032969;00-0033127;00-0029546,Darren Fells;Laremy Tunsil;Deshaun Watson;Tytus Howard;Duke Johnson;Brandin Cooks;Jordan Akins;Zach Fulton;Nick Martin;Will Fuller;Senio Kelemete,00-0033344;00-0033336;00-0036330;00-0034264;00-0031799;00-0029606;00-0034992;00-0036335;00-0036324;00-0031242;00-0031554,Hardy Nickerson;Eric Wilson;Cameron Dantzler;Jalyn Holmes;Anthony Harris;Harrison Smith;Armon Watts;D.J. Wonnum;Jeff Gladney;Shamar Stephen;Eric Kendricks
2020_04_MIN_HOU,1236,run,1.0,33.0,32.0,38.0,9:38,9:00,,0.0,10.0,1.0,10.0,"4 DL, 2 LB, 5 DB",;;;;;;;;;;,11,7,,,,,00-0032380;00-0033537;00-0035234;00-0032257;00-0030085;00-0031236;00-0034364;00-0030997;00-0032969;00-0028002;00-0029546,Laremy Tunsil;Deshaun Watson;Tytus Howard;Duke Johnson;Kenny Stills;Brandin Cooks;Jordan Akins;Zach Fulton;Nick Martin;Randall Cobb;Senio Kelemete,00-0034213;00-0033336;00-0036330;00-0034264;00-0031799;00-0033940;00-0029606;00-0034992;00-0036335;00-0036324;00-0031554,Holton Hill;Eric Wilson;Cameron Dantzler;Jalyn Holmes;Anthony Harris;Jaleel Johnson;Harrison Smith;Armon Watts;D.J. Wonnum;Jeff Gladney;Eric Kendricks
2020_04_MIN_HOU,1257,pass,0.0,32.0,32.0,4.0,9:00,8:56,,0.0,10.0,2.0,9.0,"4 DL, 2 LB, 5 DB",;;;;;;;;;;,11,6,5,ZONE_COVERAGE,COVER_3,False,00-0032380;00-0033537;00-0035234;00-0032257;00-0030085;00-0031236;00-0034364;00-0030997;00-0032969;00-0028002;00-0029546,Laremy Tunsil;Deshaun Watson;Tytus Howard;Duke Johnson;Kenny Stills;Brandin Cooks;Jordan Akins;Zach Fulton;Nick Martin;Randall Cobb;Senio Kelemete,00-0034213;00-0033336;00-0036330;00-0034264;00-0031799;00-0033940;00-0029606;00-0034992;00-0036335;00-0036324;00-0031554,Holton Hill;Eric Wilson;Cameron Dantzler;Jalyn Holmes;Anthony Harris;Jaleel Johnson;Harrison Smith;Armon Watts;D.J. Wonnum;Jeff Gladney;Eric Kendricks
2020_04_MIN_HOU,1279,pass,0.0,32.0,32.0,6.0,8:56,8:50,,0.0,10.0,3.0,9.0,"4 DL, 2 LB, 5 DB",;;;;;;;;;;,11,6,4,ZONE_COVERAGE,COVER_6,False,00-0032380;00-0033537;00-0035234;00-0030085;00-0031236;00-0034364;00-0030997;00-0032969;00-0033127;00-0032187;00-0029546,Laremy Tunsil;Deshaun Watson;Tytus Howard;Kenny Stills;Brandin Cooks;Jordan Akins;Zach Fulton;Nick Martin;Will Fuller;David Johnson;Senio Kelemete,00-0033969;00-0034213;00-0033336;00-0036330;00-0034264;00-0031799;00-0029606;00-0034215;00-0033123;00-0036324;00-0031554,Ifeadi Odenigbo;Holton Hill;Eric Wilson;Cameron Dantzler;Jalyn Holmes;Anthony Harris;Harrison Smith;Hercules Mata'afa;Yannick Ngakoue;Jeff Gladney;Eric Kendricks
2020_04_MIN_HOU,1307,field_goal,0.0,32.0,32.0,4.0,8:50,8:46,,3.0,10.0,4.0,9.0,,;;;;;;;;;;,11,,,,,,00-0035245;00-0031031;00-0029738;00-0032380;00-0035234;00-0033439;00-0032726;00-0029692;00-0030997;00-0027224;00-0029546,Max Scharping;Brent Qvale;Darren Fells;Laremy Tunsil;Tytus Howard;Pharaoh Brown;Ka'imi Fairbairn;Bryan Anger;Zach Fulton;Jon Weeks;Senio Kelemete,00-0033336;00-0035976;00-0034264;00-0031799;00-0033940;00-0029606;00-0034992;00-0033123;00-0036324;00-0031242;00-0031554,Eric Wilson;Dan Chisena;Jalyn Holmes;Anthony Harris;Jaleel Johnson;Harrison Smith;Armon Watts;Yannick Ngakoue;Jeff Gladney;Shamar Stephen;Eric Kendricks
2020_04_MIN_HOU,1326,kickoff,0.0,35.0,35.0,0.0,8:46,8:46,,3.0,10.0,,0.0,,;;;;;;;;;;,11,,,,,,00-0036304;00-0028908;00-0034435;00-0034449;00-0032094;00-0031015;00-0032726;00-0035244;00-0033765;00-0036224;00-0032393,John Reid;Michael Thomas;Keion Crossen;Buddy Howell;Tyrell Adams;Phillip Gaines;Ka'imi Fairbairn;Lonnie Johnson;Dylan Cole;Jonathan Greenard;C.J. Prosise,00-0033344;00-0032918;00-0034270;00-0035006;00-0035533;00-0036345;00-0034208;00-0035976;00-0032104;00-0036348;00-0036335,Hardy Nickerson;C.J. Ham;Tyler Conklin;Bisi Johnson;Ryan Connelly;K.J. Osborn;Mike Boone;Dan Chisena;Ameer Abdullah;Josh Metellus;D.J. Wonnum
2020_04_MIN_HOU,1341,pass,8.0,75.0,67.0,29.0,8:46,8:17,,3.0,10.0,1.0,10.0,"3 DL, 4 LB, 4 DB",;;;;;;;;;;,11,7,4,ZONE_COVERAGE,COVER_4,False,00-0033893;00-0032918;00-0027981;00-0036322;00-0035588;00-0029604;00-0029672;00-0034158;00-0034976;00-0031017;00-0030035,Dalvin Cook;C.J. Ham;Kyle Rudolph;Justin Jefferson;Garrett Bradbury;Kirk Cousins;Riley Reiff;Brian O'Neill;Dru Samia;Dakota Dozier;Adam Thielen,00-0033038;00-0032758;00-0032734;00-0027949;00-0033547;00-0031553;00-0035279;00-0034361;00-0031372;00-0034262;00-0029643,Eric Murray;Vernon Hargreaves III;Brennan Scarlett;J.J. Watt;Zach Cunningham;Benardrick McKinney;Charles Omenihu;Justin Reid;Bradley Roby;P.J. Hall;Whitney Mercilus
2020_04_MIN_HOU,1370,run,3.0,67.0,64.0,39.0,8:17,7:38,,3.0,10.0,2.0,2.0,"3 DL, 4 LB, 4 DB",;;;;;;;;;;,11,8,,,,,00-0032918;00-0029604;00-0030035;00-0036322;00-0034158;00-0033893;00-0031017;00-0035588;00-0029672;00-0034976;00-0027981,C.J. Ham;Kirk Cousins;Adam Thielen;Justin Jefferson;Brian O'Neill;Dalvin Cook;Dakota Dozier;Garrett Bradbury;Riley Reiff;Dru Samia;Kyle Rudolph,00-0033038;00-0032758;00-0033547;00-0035279;00-0031372;00-0032734;00-0034262;00-0031553;00-0034361;00-0027949;00-0029643,Eric Murray;Vernon Hargreaves III;Zach Cunningham;Charles Omenihu;Bradley Roby;Brennan Scarlett;P.J. Hall;Benardrick McKinney;Justin Reid;J.J. Watt;Whitney Mercilus
2020_04_MIN_HOU,1391,pass,26.0,64.0,38.0,49.0,7:38,6:49,,3.0,10.0,1.0,10.0,"3 DL, 4 LB, 4 DB",;;;;;;;;;;,11,8,5,MAN_COVERAGE,COVER_1,True,00-0033893;00-0032918;00-0027981;00-0036322;00-0035588;00-0029604;00-0029672;00-0034976;00-0034158;00-0031017;00-0030035,Dalvin Cook;C.J. Ham;Kyle Rudolph;Justin Jefferson;Garrett Bradbury;Kirk Cousins;Riley Reiff;Dru Samia;Brian O'Neill;Dakota Dozier;Adam Thielen,00-0033038;00-0032758;00-0032734;00-0033547;00-0031553;00-0035279;00-0034361;00-0031372;00-0034262;00-0031127;00-0029643,Eric Murray;Vernon Hargreaves III;Brennan Scarlett;Zach Cunningham;Benardrick McKinney;Charles Omenihu;Justin Reid;Bradley Roby;P.J. Hall;Brandon Dunn;Whitney Mercilus
2020_04_MIN_HOU,1415,run,0.0,38.0,38.0,42.0,6:49,6:07,,3.0,10.0,1.0,10.0,"3 DL, 4 LB, 4 DB",;;;;;;;;;;,11,8,,,,,00-0033893;00-0027981;00-0036322;00-0035588;00-0029604;00-0029672;00-0034970;00-0034158;00-0034976;00-0031017;00-0030035,Dalvin Cook;Kyle Rudolph;Justin Jefferson;Garrett Bradbury;Kirk Cousins;Riley Reiff;Irv Smith;Brian O'Neill;Dru Samia;Dakota Dozier;Adam Thielen,00-0033038;00-0032758;00-0032734;00-0033547;00-0031553;00-0035279;00-0034361;00-0031372;00-0034262;00-0031127;00-0029643,Eric Murray;Vernon Hargreaves III;Brennan Scarlett;Zach Cunningham;Benardrick McKinney;Charles Omenihu;Justin Reid;Bradley Roby;P.J. Hall;Brandon Dunn;Whitney Mercilus
2020_04_MIN_HOU,1436,pass,0.0,38.0,38.0,6.0,6:07,6:01,,3.0,10.0,2.0,10.0,"3 DL, 4 LB, 4 DB",;;;;;;;;;;,11,7,5,ZONE_COVERAGE,COVER_6,False,00-0033893;00-0035006;00-0027981;00-0035588;00-0029604;00-0029672;00-0034970;00-0034158;00-0034976;00-0031017;00-0030035,Dalvin Cook;Bisi Johnson;Kyle Rudolph;Garrett Bradbury;Kirk Cousins;Riley Reiff;Irv Smith;Brian O'Neill;Dru Samia;Dakota Dozier;Adam Thielen,00-0033038;00-0034163;00-0032758;00-0032734;00-0027949;00-0033547;00-0031553;00-0034361;00-0031372;00-0034262;00-0031127,Eric Murray;Jacob Martin;Vernon Hargreaves III;Brennan Scarlett;J.J. Watt;Zach Cunningham;Benardrick McKinney;Justin Reid;Bradley Roby;P.J. Hall;Brandon Dunn
2020_04_MIN_HOU,1458,pass,8.0,38.0,30.0,46.0,6:01,5:15,,3.0,10.0,3.0,10.0,"2 DL, 3 LB, 6 DB",;;;;;;;;;;,11,5,4,ZONE_COVERAGE,COVER_2,True,00-0027981;00-0034309;00-0036322;00-0035588;00-0029604;00-0029672;00-0034970;00-0034158;00-0034976;00-0031017;00-0030035,Kyle Rudolph;Chad Beebe;Justin Jefferson;Garrett Bradbury;Kirk Cousins;Riley Reiff;Irv Smith;Brian O'Neill;Dru Samia;Dakota Dozier;Adam Thielen,00-0034163;00-0033038;00-0032758;00-0027949;00-0032094;00-0031015;00-0035244;00-0035279;00-0034361;00-0031372;00-0029643,Jacob Martin;Eric Murray;Vernon Hargreaves III;J.J. Watt;Tyrell Adams;Phillip Gaines;Lonnie Johnson;Charles Omenihu;Justin Reid;Bradley Roby;Whitney Mercilus
2020_04_MIN_HOU,1482,run,5.0,30.0,25.0,36.0,5:15,4:39,,3.0,10.0,4.0,2.0,"3 DL, 4 LB, 4 DB",;;;;;;;;;;,11,7,,,,,00-0033893;00-0027981;00-0036322;00-0034309;00-0035588;00-0029604;00-0029672;00-0034158;00-0034976;00-0031017;00-0030035,Dalvin Cook;Kyle Rudolph;Justin Jefferson;Chad Beebe;Garrett Bradbury;Kirk Cousins;Riley Reiff;Brian O'Neill;Dru Samia;Dakota Dozier;Adam Thielen,00-0033038;00-0032758;00-0032734;00-0027949;00-0033547;00-0031553;00-0033563;00-0034361;00-0031372;00-0031127;00-0029643,Eric Murray;Vernon Hargreaves III;Brennan Scarlett;J.J. Watt;Zach Cunningham;Benardrick McKinney;Carlos Watkins;Justin Reid;Bradley Roby;Brandon Dunn;Whitney Mercilus
2020_04_MIN_HOU,1508,pass,5.0,25.0,20.0,42.0,4:39,3:57,,3.0,10.0,1.0,10.0,"3 DL, 4 LB, 4 DB",;;;;;;;;;;,11,8,5,MAN_COVERAGE,COVER_1,False,00-0029604;00-0030035;00-0036322;00-0034270;00-0034158;00-0033893;00-0031017;00-0029672;00-0034970;00-0035588;00-0034976,Kirk Cousins;Adam Thielen;Justin Jefferson;Tyler Conklin;Brian O'Neill;Dalvin Cook;Dakota Dozier;Riley Reiff;Irv Smith;Garrett Bradbury;Dru Samia,00-0033038;00-0032758;00-0033547;00-0031372;00-0032734;00-0031553;00-0031127;00-0034361;00-0033563;00-0029643;00-0027949,Eric Murray;Vernon Hargreaves III;Zach Cunningham;Bradley Roby;Brennan Scarlett;Benardrick McKinney;Brandon Dunn;Justin Reid;Carlos Watkins;Whitney Mercilus;J.J. Watt
2020_04_MIN_HOU,1543,run,4.0,20.0,16.0,44.0,3:57,3:13,,3.0,10.0,2.0,5.0,"3 DL, 3 LB, 5 DB",;;;;;;;;;;,11,7,,,,,00-0033893;00-0036322;00-0034309;00-0035588;00-0029604;00-0029672;00-0034970;00-0034158;00-0034976;00-0031017;00-0030035,Dalvin Cook;Justin Jefferson;Chad Beebe;Garrett Bradbury;Kirk Cousins;Riley Reiff;Irv Smith;Brian O'Neill;Dru Samia;Dakota Dozier;Adam Thielen,00-0033038;00-0034163;00-0032758;00-0027949;00-0033547;00-0031553;00-0031015;00-0033563;00-0034361;00-0031372;00-0031127,Eric Murray;Jacob Martin;Vernon Hargreaves III;J.J. Watt;Zach Cunningham;Benardrick McKinney;Phillip Gaines;Carlos Watkins;Justin Reid;Bradley Roby;Brandon Dunn
2020_04_MIN_HOU,1564,run,2.0,16.0,14.0,40.0,3:13,2:33,,3.0,10.0,3.0,1.0,"3 DL, 4 LB, 4 DB",;;;;;;;;;;,11,8,,,,,00-0033893;00-0032918;00-0027981;00-0032520;00-0035588;00-0029604;00-0029672;00-0034158;00-0034976;00-0031017;00-0030035,Dalvin Cook;C.J. Ham;Kyle Rudolph;Rashod Hill;Garrett Bradbury;Kirk Cousins;Riley Reiff;Brian O'Neill;Dru Samia;Dakota Dozier;Adam Thielen,00-0033038;00-0034163;00-0032758;00-0032734;00-0027949;00-0033547;00-0031553;00-0035279;00-0034361;00-0034262;00-0031372,Eric Murray;Jacob Martin;Vernon Hargreaves III;Brennan Scarlett;J.J. Watt;Zach Cunningham;Benardrick McKinney;Charles Omenihu;Justin Reid;P.J. Hall;Bradley Roby
2020_04_MIN_HOU,1585,run,7.0,14.0,7.0,33.0,2:33,2:00,,3.0,10.0,1.0,10.0,"3 DL, 4 LB, 4 DB",;;;;;;;;;;,11,7,,,,,00-0033893;00-0032918;00-0027981;00-0036322;00-0035588;00-0029604;00-0029672;00-0034158;00-0034976;00-0031017;00-0030035,Dalvin Cook;C.J. Ham;Kyle Rudolph;Justin Jefferson;Garrett Bradbury;Kirk Cousins;Riley Reiff;Brian O'Neill;Dru Samia;Dakota Dozier;Adam Thielen,00-0033038;00-0034163;00-0032758;00-0032734;00-0027949;00-0033547;00-0031553;00-0035279;00-0034361;00-0031372;00-0034262,Eric Murray;Jacob Martin;Vernon Hargreaves III;Brennan Scarlett;J.J. Watt;Zach Cunningham;Benardrick McKinney;Charles Omenihu;Justin Reid;Bradley Roby;P.J. Hall
2020_04_MIN_HOU,1622,run,7.0,7.0,0.0,7.0,2:00,1:53,,3.0,16.0,2.0,3.0,"3 DL, 4 LB, 4 DB",;;;;;;;;;;,11,9,,,,,00-0033893;00-0032918;00-0027981;00-0036322;00-0035588;00-0029604;00-0029672;00-0034158;00-0034976;00-0031017;00-0030035,Dalvin Cook;C.J. Ham;Kyle Rudolph;Justin Jefferson;Garrett Bradbury;Kirk Cousins;Riley Reiff;Brian O'Neill;Dru Samia;Dakota Dozier;Adam Thielen,00-0033038;00-0034163;00-0032758;00-0032734;00-0027949;00-0033547;00-0031553;00-0034361;00-0031372;00-0034262;00-0031127,Eric Murray;Jacob Martin;Vernon Hargreaves III;Brennan Scarlett;J.J. Watt;Zach Cunningham;Benardrick McKinney;Justin Reid;Bradley Roby;P.J. Hall;Brandon Dunn
2020_04_MIN_HOU,1645,extra_point,0.0,15.0,15.0,0.0,1:53,1:53,,3.0,17.0,,0.0,,;;;;;;;;;;,11,,,,,,00-0036327;00-0027981;00-0032520;00-0035709;00-0031489;00-0029672;00-0034158;00-0034976;00-0026516;00-0031017;00-0028660,Ezra Cleveland;Kyle Rudolph;Rashod Hill;Austin Cutting;Brett Jones;Riley Reiff;Brian O'Neill;Dru Samia;Britton Colquitt;Dakota Dozier;Dan Bailey,00-0028908;00-0034435;00-0032734;00-0036289;00-0033547;00-0031553;00-0035244;00-0033563;00-0034361;00-0034262;00-0031127,Michael Thomas;Keion Crossen;Brennan Scarlett;Ross Blacklock;Zach Cunningham;Benardrick McKinney;Lonnie Johnson;Carlos Watkins;Justin Reid;P.J. Hall;Brandon Dunn
2020_04_MIN_HOU,1661,kickoff,0.0,35.0,35.0,6.0,1:53,1:47,,3.0,17.0,,0.0,,;;;;;;;;;;,11,,,,,,00-0036344;00-0033344;00-0032918;00-0035006;00-0035533;00-0036345;00-0034208;00-0035976;00-0032104;00-0036348;00-0028660,Harrison Hand;Hardy Nickerson;C.J. Ham;Bisi Johnson;Ryan Connelly;K.J. Osborn;Mike Boone;Dan Chisena;Ameer Abdullah;Josh Metellus;Dan Bailey,00-0028908;00-0034435;00-0032734;00-0034449;00-0032094;00-0033439;00-0031015;00-0033765;00-0036224;00-0031763;00-0032393,Michael Thomas;Keion Crossen;Brennan Scarlett;Buddy Howell;Tyrell Adams;Pharaoh Brown;Phillip Gaines;Dylan Cole;Jonathan Greenard;DeAndre Carter;C.J. Prosise
2020_04_MIN_HOU,1683,run,8.0,68.0,60.0,21.0,1:47,1:26,,3.0,17.0,1.0,10.0,"4 DL, 2 LB, 5 DB",;;;;;;;;;;,11,6,,,,,00-0032380;00-0033537;00-0035234;00-0032257;00-0031236;00-0034364;00-0030997;00-0032969;00-0033127;00-0028002;00-0029546,Laremy Tunsil;Deshaun Watson;Tytus Howard;Duke Johnson;Brandin Cooks;Jordan Akins;Zach Fulton;Nick Martin;Will Fuller;Randall Cobb;Senio Kelemete,00-0033969;00-0034213;00-0033336;00-0036330;00-0034264;00-0031799;00-0029606;00-0034215;00-0033123;00-0036324;00-0031554,Ifeadi Odenigbo;Holton Hill;Eric Wilson;Cameron Dantzler;Jalyn Holmes;Anthony Harris;Harrison Smith;Hercules Mata'afa;Yannick Ngakoue;Jeff Gladney;Eric Kendricks
2020_04_MIN_HOU,1704,pass,14.0,60.0,46.0,9.0,1:26,1:17,,3.0,17.0,2.0,2.0,"4 DL, 2 LB, 5 DB",;;;;;;;;;;,11,6,4,ZONE_COVERAGE,COVER_2,True,00-0032380;00-0033537;00-0035234;00-0032257;00-0031236;00-0034364;00-0030997;00-0032969;00-0033127;00-0028002;00-0029546,Laremy Tunsil;Deshaun Watson;Tytus Howard;Duke Johnson;Brandin Cooks;Jordan Akins;Zach Fulton;Nick Martin;Will Fuller;Randall Cobb;Senio Kelemete,00-0033969;00-0034213;00-0033336;00-0036330;00-0034264;00-0031799;00-0029606;00-0034215;00-0033123;00-0036324;00-0031554,Ifeadi Odenigbo;Holton Hill;Eric Wilson;Cameron Dantzler;Jalyn Holmes;Anthony Harris;Harrison Smith;Hercules Mata'afa;Yannick Ngakoue;Jeff Gladney;Eric Kendricks
2020_04_MIN_HOU,1728,timeout,0.0,,,0.0,1:17,1:17,HOU,3.0,17.0,,0.0,,,0,,,,,,,,,
2020_04_MIN_HOU,1745,pass,0.0,46.0,46.0,4.0,1:17,1:13,,3.0,17.0,1.0,10.0,"4 DL, 2 LB, 5 DB",;;;;;;;;;;,11,6,5,MAN_COVERAGE,COVER_1,False,00-0032380;00-0033537;00-0035234;00-0032257;00-0030085;00-0031236;00-0034364;00-0030997;00-0032969;00-0028002;00-0029546,Laremy Tunsil;Deshaun Watson;Tytus Howard;Duke Johnson;Kenny Stills;Brandin Cooks;Jordan Akins;Zach Fulton;Nick Martin;Randall Cobb;Senio Kelemete,00-0033969;00-0034213;00-0033336;00-0036330;00-0034264;00-0031799;00-0029606;00-0034215;00-0033123;00-0036324;00-0031554,Ifeadi Odenigbo;Holton Hill;Eric Wilson;Cameron Dantzler;Jalyn Holmes;Anthony Harris;Harrison Smith;Hercules Mata'afa;Yannick Ngakoue;Jeff Gladney;Eric Kendricks
2020_04_MIN_HOU,1767,pass,26.0,46.0,20.0,8.0,1:13,1:05,,3.0,17.0,2.0,10.0,"4 DL, 2 LB, 5 DB",;;;;;;;;;;,11,6,4,MAN_COVERAGE,2_MAN,False,00-0032380;00-0033537;00-0035234;00-0032257;00-0030085;00-0031236;00-0030997;00-0034364;00-0032969;00-0028002;00-0029546,Laremy Tunsil;Deshaun Watson;Tytus Howard;Duke Johnson;Kenny Stills;Brandin Cooks;Zach Fulton;Jordan Akins;Nick Martin;Randall Cobb;Senio Kelemete,00-0033969;00-0034213;00-0033336;00-0036330;00-0034264;00-0031799;00-0029606;00-0034215;00-0033123;00-0036324;00-0031554,Ifeadi Odenigbo;Holton Hill;Eric Wilson;Cameron Dantzler;Jalyn Holmes;Anthony Harris;Harrison Smith;Hercules Mata'afa;Yannick Ngakoue;Jeff Gladney;Eric Kendricks
2020_04_MIN_HOU,1802,pass,0.0,10.0,10.0,23.0,1:05,0:42,,3.0,17.0,1.0,10.0,"4 DL, 2 LB, 5 DB",;;;;;;;;;;,11,6,4,,,,00-0029738;00-0032380;00-0033537;00-0035234;00-0032257;00-0031236;00-0030085;00-0030997;00-0032969;00-0028002;00-0029546,Darren Fells;Laremy Tunsil;Deshaun Watson;Tytus Howard;Duke Johnson;Brandin Cooks;Kenny Stills;Zach Fulton;Nick Martin;Randall Cobb;Senio Kelemete,00-0033969;00-0034213;00-0029215;00-0033336;00-0036330;00-0031799;00-0033940;00-0033123;00-0036324;00-0031242;00-0031554,Ifeadi Odenigbo;Holton Hill;George Iloka;Eric Wilson;Cameron Dantzler;Anthony Harris;Jaleel Johnson;Yannick Ngakoue;Jeff Gladney;Shamar Stephen;Eric Kendricks
2020_04_MIN_HOU,1821,pass,0.0,10.0,10.0,7.0,0:42,0:35,,3.0,17.0,2.0,10.0,"4 DL, 2 LB, 5 DB",;;;;;;;;;;,11,6,4,ZONE_COVERAGE,COVER_4,True,00-0029738;00-0032380;00-0033537;00-0035234;00-0032257;00-0030085;00-0031236;00-0030997;00-0032969;00-0028002;00-0029546,Darren Fells;Laremy Tunsil;Deshaun Watson;Tytus Howard;Duke Johnson;Kenny Stills;Brandin Cooks;Zach Fulton;Nick Martin;Randall Cobb;Senio Kelemete,00-0033969;00-0034213;00-0029215;00-0033336;00-0036330;00-0031799;00-0033940;00-0033123;00-0036324;00-0031242;00-0031554,Ifeadi Odenigbo;Holton Hill;George Iloka;Eric Wilson;Cameron Dantzler;Anthony Harris;Jaleel Johnson;Yannick Ngakoue;Jeff Gladney;Shamar Stephen;Eric Kendricks
2020_04_MIN_HOU,1843,pass,0.0,10.0,10.0,5.0,0:35,0:30,,3.0,17.0,3.0,10.0,"4 DL, 2 LB, 5 DB",;;;;;;;;;;,11,6,4,ZONE_COVERAGE,COVER_6,False,00-0029738;00-0032380;00-0033537;00-0035234;00-0032257;00-0031236;00-0030997;00-0032969;00-0033127;00-0028002;00-0029546,Darren Fells;Laremy Tunsil;Deshaun Watson;Tytus Howard;Duke Johnson;Brandin Cooks;Zach Fulton;Nick Martin;Will Fuller;Randall Cobb;Senio Kelemete,00-0033969;00-0034213;00-0033336;00-0029215;00-0036330;00-0034264;00-0031799;00-0034215;00-0033123;00-0036324;00-0031554,Ifeadi Odenigbo;Holton Hill;Eric Wilson;George Iloka;Cameron Dantzler;Jalyn Holmes;Anthony Harris;Hercules Mata'afa;Yannick Ngakoue;Jeff Gladney;Eric Kendricks
2020_04_MIN_HOU,1865,field_goal,0.0,10.0,10.0,3.0,0:30,0:27,,6.0,17.0,4.0,10.0,,;;;;;;;;;;,11,,,,,,00-0035245;00-0031031;00-0029738;00-0032380;00-0035234;00-0033439;00-0032726;00-0029692;00-0030997;00-0027224;00-0029546,Max Scharping;Brent Qvale;Darren Fells;Laremy Tunsil;Tytus Howard;Pharaoh Brown;Ka'imi Fairbairn;Bryan Anger;Zach Fulton;Jon Weeks;Senio Kelemete,00-0033344;00-0033336;00-0035976;00-0034264;00-0031799;00-0033940;00-0034992;00-0033123;00-0036324;00-0031242;00-0031554,Hardy Nickerson;Eric Wilson;Dan Chisena;Jalyn Holmes;Anthony Harris;Jaleel Johnson;Armon Watts;Yannick Ngakoue;Jeff Gladney;Shamar Stephen;Eric Kendricks
2020_04_MIN_HOU,1884,kickoff,0.0,35.0,35.0,0.0,0:27,0:27,,6.0,17.0,,0.0,,;;;;;;;;;;,11,,,,,,00-0036304;00-0028908;00-0034435;00-0034449;00-0032094;00-0031015;00-0032726;00-0035244;00-0033765;00-0036224;00-0032393,John Reid;Michael Thomas;Keion Crossen;Buddy Howell;Tyrell Adams;Phillip Gaines;Ka'imi Fairbairn;Lonnie Johnson;Dylan Cole;Jonathan Greenard;C.J. Prosise,00-0033344;00-0032918;00-0034270;00-0035006;00-0035533;00-0036345;00-0034208;00-0035976;00-0032104;00-0036348;00-0036335,Hardy Nickerson;C.J. Ham;Tyler Conklin;Bisi Johnson;Ryan Connelly;K.J. Osborn;Mike Boone;Dan Chisena;Ameer Abdullah;Josh Metellus;D.J. Wonnum
2020_04_MIN_HOU,1902,run,3.0,75.0,72.0,27.0,0:27,0:00,,6.0,17.0,1.0,10.0,"2 DL, 3 LB, 6 DB",;;;;;;;;;;,11,5,,,,,00-0034309;00-0036322;00-0035588;00-0029604;00-0029672;00-0034970;00-0034158;00-0034976;00-0031017;00-0034972;00-0030035,Chad Beebe;Justin Jefferson;Garrett Bradbury;Kirk Cousins;Riley Reiff;Irv Smith;Brian O'Neill;Dru Samia;Dakota Dozier;Alexander Mattison;Adam Thielen,00-0034163;00-0033038;00-0032758;00-0027949;00-0032094;00-0031015;00-0035244;00-0033563;00-0034361;00-0031372;00-0029643,Jacob Martin;Eric Murray;Vernon Hargreaves III;J.J. Watt;Tyrell Adams;Phillip Gaines;Lonnie Johnson;Carlos Watkins;Justin Reid;Bradley Roby;Whitney Mercilus
2020_04_MIN_HOU,1923,start_quarter_3,,,,0.0,0:00,0:00,,6.0,17.0,,0.0,,,0,,,,,,,,,
2020_04_MIN_HOU,1942,kickoff,0.0,35.0,35.0,4.0,15:00,14:56,,6.0,17.0,,0.0,,;;;;;;;;;;,11,,,,,,00-0036304;00-0028908;00-0034435;00-0034449;00-0032094;00-0031015;00-0032726;00-0035244;00-0033765;00-0036224;00-0032393,John Reid;Michael Thomas;Keion Crossen;Buddy Howell;Tyrell Adams;Phillip Gaines;Ka'imi Fairbairn;Lonnie Johnson;Dylan Cole;Jonathan Greenard;C.J. Prosise,00-0033344;00-0034270;00-0032918;00-0035006;00-0035533;00-0036345;00-0034208;00-0035976;00-0032104;00-0036348;00-0036335,Hardy Nickerson;Tyler Conklin;C.J. Ham;Bisi Johnson;Ryan Connelly;K.J. Osborn;Mike Boone;Dan Chisena;Ameer Abdullah;Josh Metellus;D.J. Wonnum
2020_04_MIN_HOU,1965,run,4.0,77.0,73.0,35.0,14:56,14:21,,6.0,17.0,1.0,10.0,"3 DL, 4 LB, 4 DB",;;;;;;;;;;,11,7,,,,,00-0033893;00-0032918;00-0036322;00-0035588;00-0029604;00-0029672;00-0034970;00-0034976;00-0034158;00-0031017;00-0030035,Dalvin Cook;C.J. Ham;Justin Jefferson;Garrett Bradbury;Kirk Cousins;Riley Reiff;Irv Smith;Dru Samia;Brian O'Neill;Dakota Dozier;Adam Thielen,00-0033038;00-0032758;00-0032734;00-0027949;00-0033547;00-0031553;00-0034361;00-0031372;00-0034262;00-0031127;00-0029643,Eric Murray;Vernon Hargreaves III;Brennan Scarlett;J.J. Watt;Zach Cunningham;Benardrick McKinney;Justin Reid;Bradley Roby;P.J. Hall;Brandon Dunn;Whitney Mercilus
2020_04_MIN_HOU,1986,pass,-5.0,73.0,78.0,40.0,14:21,13:41,,6.0,17.0,2.0,6.0,"3 DL, 4 LB, 4 DB",;;;;;;;;;;,11,8,5,,,,00-0033893;00-0027981;00-0036322;00-0035588;00-0029604;00-0029672;00-0034970;00-0034158;00-0034976;00-0031017;00-0030035,Dalvin Cook;Kyle Rudolph;Justin Jefferson;Garrett Bradbury;Kirk Cousins;Riley Reiff;Irv Smith;Brian O'Neill;Dru Samia;Dakota Dozier;Adam Thielen,00-0033038;00-0032758;00-0032734;00-0027949;00-0033547;00-0031553;00-0034361;00-0031372;00-0034262;00-0031127;00-0029643,Eric Murray;Vernon Hargreaves III;Brennan Scarlett;J.J. Watt;Zach Cunningham;Benardrick McKinney;Justin Reid;Bradley Roby;P.J. Hall;Brandon Dunn;Whitney Mercilus
2020_04_MIN_HOU,2005,pass,5.0,78.0,73.0,44.0,13:41,12:57,,6.0,17.0,3.0,11.0,"2 DL, 3 LB, 6 DB",;;;;;;;;;;,11,5,4,ZONE_COVERAGE,COVER_2,False,00-0033893;00-0027981;00-0034309;00-0036322;00-0035588;00-0029604;00-0029672;00-0034158;00-0034976;00-0031017;00-0030035,Dalvin Cook;Kyle Rudolph;Chad Beebe;Justin Jefferson;Garrett Bradbury;Kirk Cousins;Riley Reiff;Brian O'Neill;Dru Samia;Dakota Dozier;Adam Thielen,00-0036304;00-0033038;00-0034163;00-0032758;00-0027949;00-0032094;00-0035244;00-0033563;00-0034361;00-0031372;00-0029643,John Reid;Eric Murray;Jacob Martin;Vernon Hargreaves III;J.J. Watt;Tyrell Adams;Lonnie Johnson;Carlos Watkins;Justin Reid;Bradley Roby;Whitney Mercilus
2020_04_MIN_HOU,2029,punt,0.0,73.0,73.0,8.0,12:57,12:49,,6.0,17.0,4.0,6.0,,;;;;;;;;;;,11,,,,,,00-0033344;00-0034270;00-0032918;00-0036345;00-0035709;00-0034208;00-0035976;00-0032104;00-0036348;00-0034970;00-0026516,Hardy Nickerson;Tyler Conklin;C.J. Ham;K.J. Osborn;Austin Cutting;Mike Boone;Dan Chisena;Ameer Abdullah;Josh Metellus;Irv Smith;Britton Colquitt,00-0036304;00-0028908;00-0034435;00-0034449;00-0032094;00-0033439;00-0035244;00-0033765;00-0036224;00-0031763;00-0032393,John Reid;Michael Thomas;Keion Crossen;Buddy Howell;Tyrell Adams;Pharaoh Brown;Lonnie Johnson;Dylan Cole;Jonathan Greenard;DeAndre Carter;C.J. Prosise
2020_04_MIN_HOU,2048,pass,13.0,73.0,60.0,24.0,12:49,12:25,,6.0,17.0,1.0,10.0,"4 DL, 2 LB, 5 DB",;;;;;;;;;;,11,6,5,ZONE_COVERAGE,COVER_3,False,00-0029738;00-0032380;00-0033537;00-0035234;00-0031236;00-0030085;00-0030997;00-0032969;00-0033127;00-0028002;00-0029546,Darren Fells;Laremy Tunsil;Deshaun Watson;Tytus Howard;Brandin Cooks;Kenny Stills;Zach Fulton;Nick Martin;Will Fuller;Randall Cobb;Senio Kelemete,00-0033969;00-0034213;00-0033336;00-0029215;00-0036330;00-0031799;00-0033940;00-0033123;00-0036324;00-0031242;00-0031554,Ifeadi Odenigbo;Holton Hill;Eric Wilson;George Iloka;Cameron Dantzler;Anthony Harris;Jaleel Johnson;Yannick Ngakoue;Jeff Gladney;Shamar Stephen;Eric Kendricks
2020_04_MIN_HOU,2076,pass,7.0,60.0,53.0,25.0,12:25,12:00,,6.0,17.0,1.0,10.0,"4 DL, 2 LB, 5 DB",;;;;;;;;;;,11,6,5,ZONE_COVERAGE,COVER_3,False,00-0029738;00-0032380;00-0033537;00-0035234;00-0030085;00-0031236;00-0030997;00-0032969;00-0033127;00-0028002;00-0029546,Darren Fells;Laremy Tunsil;Deshaun Watson;Tytus Howard;Kenny Stills;Brandin Cooks;Zach Fulton;Nick Martin;Will Fuller;Randall Cobb;Senio Kelemete,00-0033969;00-0034213;00-0033336;00-0029215;00-0036330;00-0031799;00-0033940;00-0033123;00-0036324;00-0031242;00-0031554,Ifeadi Odenigbo;Holton Hill;Eric Wilson;George Iloka;Cameron Dantzler;Anthony Harris;Jaleel Johnson;Yannick Ngakoue;Jeff Gladney;Shamar Stephen;Eric Kendricks
2020_04_MIN_HOU,2100,run,5.0,53.0,48.0,31.0,12:00,11:29,,6.0,17.0,2.0,3.0,"4 DL, 2 LB, 5 DB",;;;;;;;;;;,11,6,4,,,,00-0029738;00-0032380;00-0033537;00-0035234;00-0030085;00-0031236;00-0030997;00-0032969;00-0033127;00-0028002;00-0029546,Darren Fells;Laremy Tunsil;Deshaun Watson;Tytus Howard;Kenny Stills;Brandin Cooks;Zach Fulton;Nick Martin;Will Fuller;Randall Cobb;Senio Kelemete,00-0033969;00-0034213;00-0029215;00-0033336;00-0036330;00-0031799;00-0033940;00-0033123;00-0036324;00-0031242;00-0031554,Ifeadi Odenigbo;Holton Hill;George Iloka;Eric Wilson;Cameron Dantzler;Anthony Harris;Jaleel Johnson;Yannick Ngakoue;Jeff Gladney;Shamar Stephen;Eric Kendricks
2020_04_MIN_HOU,2126,run,3.0,48.0,45.0,35.0,11:29,10:54,,6.0,17.0,1.0,10.0,"4 DL, 3 LB, 4 DB",;;;;;;;;;;,11,7,,,,,00-0029738;00-0032380;00-0033537;00-0035234;00-0031236;00-0033439;00-0030997;00-0032969;00-0033127;00-0032187;00-0029546,Darren Fells;Laremy Tunsil;Deshaun Watson;Tytus Howard;Brandin Cooks;Pharaoh Brown;Zach Fulton;Nick Martin;Will Fuller;David Johnson;Senio Kelemete,00-0033969;00-0029215;00-0033336;00-0036330;00-0031799;00-0033940;00-0031427;00-0033123;00-0036324;00-0031242;00-0031554,Ifeadi Odenigbo;George Iloka;Eric Wilson;Cameron Dantzler;Anthony Harris;Jaleel Johnson;Todd Davis;Yannick Ngakoue;Jeff Gladney;Shamar Stephen;Eric Kendricks
2020_04_MIN_HOU,2147,pass,6.0,45.0,39.0,36.0,10:54,10:18,,6.0,17.0,2.0,7.0,"4 DL, 3 LB, 4 DB",;;;;;;;;;;,11,6,4,ZONE_COVERAGE,COVER_2,False,00-0029738;00-0032380;00-0033537;00-0035234;00-0032257;00-0031236;00-0030997;00-0032969;00-0033127;00-0032187;00-0029546,Darren Fells;Laremy Tunsil;Deshaun Watson;Tytus Howard;Duke Johnson;Brandin Cooks;Zach Fulton;Nick Martin;Will Fuller;David Johnson;Senio Kelemete,00-0033969;00-0029215;00-0033336;00-0036330;00-0031799;00-0033940;00-0031427;00-0033123;00-0036324;00-0031242;00-0031554,Ifeadi Odenigbo;George Iloka;Eric Wilson;Cameron Dantzler;Anthony Harris;Jaleel Johnson;Todd Davis;Yannick Ngakoue;Jeff Gladney;Shamar Stephen;Eric Kendricks
2020_04_MIN_HOU,2176,run,15.0,39.0,24.0,26.0,10:18,9:52,,6.0,17.0,3.0,1.0,"4 DL, 2 LB, 5 DB",;;;;;;;;;;,11,7,,,,,00-0029738;00-0032380;00-0033537;00-0035234;00-0031236;00-0030085;00-0030997;00-0032969;00-0032187;00-0028002;00-0029546,Darren Fells;Laremy Tunsil;Deshaun Watson;Tytus Howard;Brandin Cooks;Kenny Stills;Zach Fulton;Nick Martin;David Johnson;Randall Cobb;Senio Kelemete,00-0034213;00-0033336;00-0029215;00-0036330;00-0034264;00-0031799;00-0033940;00-0033123;00-0036324;00-0031242;00-0031554,Holton Hill;Eric Wilson;George Iloka;Cameron Dantzler;Jalyn Holmes;Anthony Harris;Jaleel Johnson;Yannick Ngakoue;Jeff Gladney;Shamar Stephen;Eric Kendricks
2020_04_MIN_HOU,2202,pass,24.0,24.0,0.0,5.0,9:52,9:47,,12.0,17.0,1.0,10.0,"4 DL, 2 LB, 5 DB",;;;;;;;;;;,11,6,3,ZONE_COVERAGE,COVER_3,False,00-0029738;00-0032380;00-0033537;00-0035234;00-0031236;00-0030997;00-0032969;00-0033127;00-0032187;00-0028002;00-0029546,Darren Fells;Laremy Tunsil;Deshaun Watson;Tytus Howard;Brandin Cooks;Zach Fulton;Nick Martin;Will Fuller;David Johnson;Randall Cobb;Senio Kelemete,00-0034213;00-0033336;00-0029215;00-0036330;00-0034264;00-0031799;00-0033940;00-0034992;00-0033123;00-0036324;00-0031554,Holton Hill;Eric Wilson;George Iloka;Cameron Dantzler;Jalyn Holmes;Anthony Harris;Jaleel Johnson;Armon Watts;Yannick Ngakoue;Jeff Gladney;Eric Kendricks
2020_04_MIN_HOU,2227,extra_point,0.0,15.0,15.0,0.0,9:47,9:47,,13.0,17.0,,0.0,,;;;;;;;;;;,11,,,,,,00-0035245;00-0031031;00-0029738;00-0032380;00-0035234;00-0033439;00-0032726;00-0029692;00-0030997;00-0027224;00-0029546,Max Scharping;Brent Qvale;Darren Fells;Laremy Tunsil;Tytus Howard;Pharaoh Brown;Ka'imi Fairbairn;Bryan Anger;Zach Fulton;Jon Weeks;Senio Kelemete,00-0033344;00-0033336;00-0035976;00-0034264;00-0031799;00-0033940;00-0034992;00-0033123;00-0036324;00-0031242;00-0031554,Hardy Nickerson;Eric Wilson;Dan Chisena;Jalyn Holmes;Anthony Harris;Jaleel Johnson;Armon Watts;Yannick Ngakoue;Jeff Gladney;Shamar Stephen;Eric Kendricks
2020_04_MIN_HOU,2243,kickoff,0.0,35.0,35.0,0.0,9:47,9:47,,13.0,17.0,,0.0,,;;;;;;;;;;,11,,,,,,00-0036304;00-0028908;00-0034435;00-0034449;00-0032094;00-0031015;00-0032726;00-0035244;00-0033765;00-0036224;00-0032393,John Reid;Michael Thomas;Keion Crossen;Buddy Howell;Tyrell Adams;Phillip Gaines;Ka'imi Fairbairn;Lonnie Johnson;Dylan Cole;Jonathan Greenard;C.J. Prosise,00-0033344;00-0032918;00-0034270;00-0035006;00-0035533;00-0036345;00-0034208;00-0035976;00-0032104;00-0036348;00-0036335,Hardy Nickerson;C.J. Ham;Tyler Conklin;Bisi Johnson;Ryan Connelly;K.J. Osborn;Mike Boone;Dan Chisena;Ameer Abdullah;Josh Metellus;D.J. Wonnum
2020_04_MIN_HOU,2258,pass,39.0,75.0,36.0,39.0,9:47,9:08,,13.0,17.0,1.0,10.0,"3 DL, 4 LB, 4 DB",;;;;;;;;;;,11,6,5,ZONE_COVERAGE,COVER_3,False,00-0033893;00-0032918;00-0036322;00-0035588;00-0029604;00-0029672;00-0034970;00-0034158;00-0034976;00-0031017;00-0030035,Dalvin Cook;C.J. Ham;Justin Jefferson;Garrett Bradbury;Kirk Cousins;Riley Reiff;Irv Smith;Brian O'Neill;Dru Samia;Dakota Dozier;Adam Thielen,00-0033038;00-0034163;00-0032758;00-0032734;00-0027949;00-0036289;00-0033547;00-0031553;00-0034361;00-0031372;00-0031127,Eric Murray;Jacob Martin;Vernon Hargreaves III;Brennan Scarlett;J.J. Watt;Ross Blacklock;Zach Cunningham;Benardrick McKinney;Justin Reid;Bradley Roby;Brandon Dunn
2020_04_MIN_HOU,2292,run,2.0,36.0,34.0,44.0,9:08,8:24,,13.0,17.0,1.0,10.0,"3 DL, 4 LB, 4 DB",;;;;;;;;;;,11,7,,,,,00-0033893;00-0032918;00-0035006;00-0036322;00-0035588;00-0029604;00-0029672;00-0034970;00-0034158;00-0034976;00-0031017,Dalvin Cook;C.J. Ham;Bisi Johnson;Justin Jefferson;Garrett Bradbury;Kirk Cousins;Riley Reiff;Irv Smith;Brian O'Neill;Dru Samia;Dakota Dozier,00-0034163;00-0033038;00-0032758;00-0032734;00-0027949;00-0036289;00-0033547;00-0031553;00-0034361;00-0031372;00-0031127,Jacob Martin;Eric Murray;Vernon Hargreaves III;Brennan Scarlett;J.J. Watt;Ross Blacklock;Zach Cunningham;Benardrick McKinney;Justin Reid;Bradley Roby;Brandon Dunn
2020_04_MIN_HOU,2313,run,7.0,34.0,27.0,45.0,8:24,7:39,,13.0,17.0,2.0,8.0,"3 DL, 3 LB, 5 DB",;;;;;;;;;;,11,6,,,,,00-0033893;00-0034309;00-0036322;00-0035588;00-0029604;00-0029672;00-0034970;00-0034158;00-0034976;00-0031017;00-0030035,Dalvin Cook;Chad Beebe;Justin Jefferson;Garrett Bradbury;Kirk Cousins;Riley Reiff;Irv Smith;Brian O'Neill;Dru Samia;Dakota Dozier;Adam Thielen,00-0036304;00-0033038;00-0032758;00-0032734;00-0027949;00-0036289;00-0033547;00-0031553;00-0034361;00-0031372;00-0031127,John Reid;Eric Murray;Vernon Hargreaves III;Brennan Scarlett;J.J. Watt;Ross Blacklock;Zach Cunningham;Benardrick McKinney;Justin Reid;Bradley Roby;Brandon Dunn
2020_04_MIN_HOU,2334,no_play,0.0,27.0,27.0,7.0,7:39,7:32,,13.0,17.0,3.0,1.0,"3 DL, 4 LB, 4 DB",;;;;;;;;;;,11,8,,,,,00-0034270;00-0027981;00-0035588;00-0029604;00-0029672;00-0034970;00-0034158;00-0034976;00-0031017;00-0034972;00-0030035,Tyler Conklin;Kyle Rudolph;Garrett Bradbury;Kirk Cousins;Riley Reiff;Irv Smith;Brian O'Neill;Dru Samia;Dakota Dozier;Alexander Mattison;Adam Thielen,00-0033038;00-0034163;00-0032758;00-0032734;00-0027949;00-0033547;00-0031553;00-0034361;00-0034262;00-0031372;00-0031127,Eric Murray;Jacob Martin;Vernon Hargreaves III;Brennan Scarlett;J.J. Watt;Zach Cunningham;Benardrick McKinney;Justin Reid;P.J. Hall;Bradley Roby;Brandon Dunn
2020_04_MIN_HOU,2356,pass,0.0,37.0,37.0,3.0,7:32,7:29,,13.0,17.0,3.0,11.0,"2 DL, 3 LB, 6 DB",;;;;;;;;;;,11,6,4,ZONE_COVERAGE,COVER_3,False,00-0035006;00-0027981;00-0034309;00-0036322;00-0035588;00-0029604;00-0029672;00-0034158;00-0034976;00-0031017;00-0034972,Bisi Johnson;Kyle Rudolph;Chad Beebe;Justin Jefferson;Garrett Bradbury;Kirk Cousins;Riley Reiff;Brian O'Neill;Dru Samia;Dakota Dozier;Alexander Mattison,00-0036304;00-0033038;00-0034163;00-0032758;00-0032734;00-0027949;00-0032094;00-0035244;00-0033563;00-0034361;00-0031372,John Reid;Eric Murray;Jacob Martin;Vernon Hargreaves III;Brennan Scarlett;J.J. Watt;Tyrell Adams;Lonnie Johnson;Carlos Watkins;Justin Reid;Bradley Roby
2020_04_MIN_HOU,2402,field_goal,0.0,37.0,37.0,5.0,7:29,7:24,,13.0,17.0,4.0,11.0,,;;;;;;;;;;,11,,,,,,00-0036327;00-0027981;00-0032520;00-0035709;00-0031489;00-0029672;00-0034158;00-0034976;00-0026516;00-0031017;00-0028660,Ezra Cleveland;Kyle Rudolph;Rashod Hill;Austin Cutting;Brett Jones;Riley Reiff;Brian O'Neill;Dru Samia;Britton Colquitt;Dakota Dozier;Dan Bailey,00-0028908;00-0034435;00-0032734;00-0036289;00-0033547;00-0031553;00-0035244;00-0033563;00-0034361;00-0034262;00-0031127,Michael Thomas;Keion Crossen;Brennan Scarlett;Ross Blacklock;Zach Cunningham;Benardrick McKinney;Lonnie Johnson;Carlos Watkins;Justin Reid;P.J. Hall;Brandon Dunn
2020_04_MIN_HOU,2422,run,4.0,55.0,51.0,25.0,7:24,6:59,,13.0,17.0,1.0,10.0,"4 DL, 2 LB, 5 DB",;;;;;;;;;;,11,6,,,,,00-0029738;00-0032380;00-0033537;00-0035234;00-0031236;00-0030997;00-0032969;00-0033127;00-0032187;00-0028002;00-0029546,Darren Fells;Laremy Tunsil;Deshaun Watson;Tytus Howard;Brandin Cooks;Zach Fulton;Nick Martin;Will Fuller;David Johnson;Randall Cobb;Senio Kelemete,00-0034213;00-0029215;00-0033336;00-0036330;00-0034264;00-0031799;00-0033940;00-0033123;00-0036324;00-0031242;00-0031554,Holton Hill;George Iloka;Eric Wilson;Cameron Dantzler;Jalyn Holmes;Anthony Harris;Jaleel Johnson;Yannick Ngakoue;Jeff Gladney;Shamar Stephen;Eric Kendricks
2020_04_MIN_HOU,2443,pass,43.0,51.0,8.0,33.0,6:59,6:26,,13.0,17.0,2.0,6.0,"4 DL, 2 LB, 5 DB",;;;;;;;;;;,11,6,4,MAN_COVERAGE,COVER_1,False,00-0029738;00-0032380;00-0033537;00-0035234;00-0030085;00-0031236;00-0030997;00-0032969;00-0033127;00-0028002;00-0029546,Darren Fells;Laremy Tunsil;Deshaun Watson;Tytus Howard;Kenny Stills;Brandin Cooks;Zach Fulton;Nick Martin;Will Fuller;Randall Cobb;Senio Kelemete,00-0034213;00-0033336;00-0029215;00-0036330;00-0034264;00-0031799;00-0033940;00-0033123;00-0036324;00-0031242;00-0031554,Holton Hill;Eric Wilson;George Iloka;Cameron Dantzler;Jalyn Holmes;Anthony Harris;Jaleel Johnson;Yannick Ngakoue;Jeff Gladney;Shamar Stephen;Eric Kendricks
2020_04_MIN_HOU,2467,pass,0.0,8.0,8.0,5.0,6:26,6:21,,13.0,17.0,1.0,8.0,"4 DL, 2 LB, 5 DB",;;;;;;;;;;,11,6,3,ZONE_COVERAGE,COVER_3,True,00-0029738;00-0032380;00-0033537;00-0035234;00-0031236;00-0030997;00-0032969;00-0033127;00-0032187;00-0028002;00-0029546,Darren Fells;Laremy Tunsil;Deshaun Watson;Tytus Howard;Brandin Cooks;Zach Fulton;Nick Martin;Will Fuller;David Johnson;Randall Cobb;Senio Kelemete,00-0034213;00-0033336;00-0029215;00-0036330;00-0034264;00-0031799;00-0033940;00-0033123;00-0036324;00-0031242;00-0031554,Holton Hill;Eric Wilson;George Iloka;Cameron Dantzler;Jalyn Holmes;Anthony Harris;Jaleel Johnson;Yannick Ngakoue;Jeff Gladney;Shamar Stephen;Eric Kendricks
2020_04_MIN_HOU,2489,run,1.0,8.0,7.0,41.0,6:21,5:40,,13.0,17.0,2.0,8.0,"4 DL, 2 LB, 5 DB",;;;;;;;;;;,11,6,,,,,00-0029738;00-0032380;00-0033537;00-0035234;00-0032257;00-0031236;00-0030997;00-0032969;00-0033127;00-0032187;00-0029546,Darren Fells;Laremy Tunsil;Deshaun Watson;Tytus Howard;Duke Johnson;Brandin Cooks;Zach Fulton;Nick Martin;Will Fuller;David Johnson;Senio Kelemete,00-0034213;00-0029215;00-0033336;00-0036330;00-0034264;00-0031799;00-0033940;00-0033123;00-0036324;00-0031242;00-0031554,Holton Hill;George Iloka;Eric Wilson;Cameron Dantzler;Jalyn Holmes;Anthony Harris;Jaleel Johnson;Yannick Ngakoue;Jeff Gladney;Shamar Stephen;Eric Kendricks
2020_04_MIN_HOU,2510,pass,0.0,7.0,7.0,7.0,5:40,5:33,,13.0,17.0,3.0,7.0,"4 DL, 2 LB, 5 DB",;;;;;;;;;;,11,6,4,ZONE_COVERAGE,COVER_3,True,00-0029738;00-0032380;00-0033537;00-0035234;00-0032257;00-0031236;00-0030997;00-0032969;00-0033127;00-0028002;00-0029546,Darren Fells;Laremy Tunsil;Deshaun Watson;Tytus Howard;Duke Johnson;Brandin Cooks;Zach Fulton;Nick Martin;Will Fuller;Randall Cobb;Senio Kelemete,00-0033969;00-0034213;00-0033336;00-0029215;00-0036330;00-0034264;00-0031799;00-0036335;00-0033123;00-0036324;00-0031554,Ifeadi Odenigbo;Holton Hill;Eric Wilson;George Iloka;Cameron Dantzler;Jalyn Holmes;Anthony Harris;D.J. Wonnum;Yannick Ngakoue;Jeff Gladney;Eric Kendricks
2020_04_MIN_HOU,2532,field_goal,0.0,7.0,7.0,3.0,5:33,5:30,,16.0,17.0,4.0,7.0,,;;;;;;;;;;,11,,,,,,00-0035245;00-0031031;00-0029738;00-0032380;00-0035234;00-0033439;00-0032726;00-0029692;00-0030997;00-0027224;00-0029546,Max Scharping;Brent Qvale;Darren Fells;Laremy Tunsil;Tytus Howard;Pharaoh Brown;Ka'imi Fairbairn;Bryan Anger;Zach Fulton;Jon Weeks;Senio Kelemete,00-0033344;00-0033336;00-0035976;00-0034264;00-0031799;00-0033940;00-0034992;00-0036324;00-0033123;00-0031242;00-0031554,Hardy Nickerson;Eric Wilson;Dan Chisena;Jalyn Holmes;Anthony Harris;Jaleel Johnson;Armon Watts;Jeff Gladney;Yannick Ngakoue;Shamar Stephen;Eric Kendricks
2020_04_MIN_HOU,2551,kickoff,0.0,35.0,35.0,0.0,5:30,5:30,,16.0,17.0,,0.0,,;;;;;;;;;;,11,,,,,,00-0036304;00-0028908;00-0034435;00-0032094;00-0033439;00-0031015;00-0032726;00-0035244;00-0033765;00-0036224;00-0032393,John Reid;Michael Thomas;Keion Crossen;Tyrell Adams;Pharaoh Brown;Phillip Gaines;Ka'imi Fairbairn;Lonnie Johnson;Dylan Cole;Jonathan Greenard;C.J. Prosise,00-0033344;00-0034270;00-0032918;00-0035006;00-0035533;00-0036345;00-0034208;00-0035976;00-0032104;00-0036348;00-0036335,Hardy Nickerson;Tyler Conklin;C.J. Ham;Bisi Johnson;Ryan Connelly;K.J. Osborn;Mike Boone;Dan Chisena;Ameer Abdullah;Josh Metellus;D.J. Wonnum
2020_04_MIN_HOU,2566,run,13.0,75.0,62.0,33.0,5:30,4:57,,16.0,17.0,1.0,10.0,"3 DL, 4 LB, 4 DB",;;;;;;;;;;,11,8,,,,,00-0033893;00-0032918;00-0035006;00-0036322;00-0035588;00-0029604;00-0029672;00-0034970;00-0034158;00-0034976;00-0031017,Dalvin Cook;C.J. Ham;Bisi Johnson;Justin Jefferson;Garrett Bradbury;Kirk Cousins;Riley Reiff;Irv Smith;Brian O'Neill;Dru Samia;Dakota Dozier,00-0033038;00-0032758;00-0027949;00-0036289;00-0033547;00-0031553;00-0034361;00-0034262;00-0031372;00-0036224;00-0029643,Eric Murray;Vernon Hargreaves III;J.J. Watt;Ross Blacklock;Zach Cunningham;Benardrick McKinney;Justin Reid;P.J. Hall;Bradley Roby;Jonathan Greenard;Whitney Mercilus
2020_04_MIN_HOU,2592,run,2.0,62.0,60.0,42.0,4:57,4:15,,16.0,17.0,1.0,10.0,"3 DL, 4 LB, 4 DB",;;;;;;;;;;,11,6,,,,,00-0033893;00-0034270;00-0027981;00-0035588;00-0029604;00-0029672;00-0034970;00-0034158;00-0034976;00-0031017;00-0030035,Dalvin Cook;Tyler Conklin;Kyle Rudolph;Garrett Bradbury;Kirk Cousins;Riley Reiff;Irv Smith;Brian O'Neill;Dru Samia;Dakota Dozier;Adam Thielen,00-0033038;00-0032758;00-0027949;00-0036289;00-0033547;00-0031553;00-0034361;00-0031372;00-0034262;00-0036224;00-0029643,Eric Murray;Vernon Hargreaves III;J.J. Watt;Ross Blacklock;Zach Cunningham;Benardrick McKinney;Justin Reid;Bradley Roby;P.J. Hall;Jonathan Greenard;Whitney Mercilus
2020_04_MIN_HOU,2613,pass,-2.0,60.0,62.0,44.0,4:15,3:31,,16.0,17.0,2.0,8.0,"3 DL, 4 LB, 4 DB",;;;;;;;;;;,11,7,4,,,,00-0032918;00-0036322;00-0035588;00-0029604;00-0029672;00-0034970;00-0034158;00-0034976;00-0031017;00-0034972;00-0030035,C.J. Ham;Justin Jefferson;Garrett Bradbury;Kirk Cousins;Riley Reiff;Irv Smith;Brian O'Neill;Dru Samia;Dakota Dozier;Alexander Mattison;Adam Thielen,00-0033038;00-0032758;00-0027949;00-0036289;00-0033547;00-0031553;00-0034361;00-0034262;00-0031372;00-0036224;00-0029643,Eric Murray;Vernon Hargreaves III;J.J. Watt;Ross Blacklock;Zach Cunningham;Benardrick McKinney;Justin Reid;P.J. Hall;Bradley Roby;Jonathan Greenard;Whitney Mercilus
2020_04_MIN_HOU,2632,pass,23.0,62.0,39.0,43.0,3:31,2:48,,16.0,17.0,3.0,10.0,"2 DL, 3 LB, 6 DB",;;;;;;;;;;,11,7,7,MAN_COVERAGE,COVER_1,True,00-0033893;00-0027981;00-0034309;00-0036322;00-0035588;00-0029604;00-0029672;00-0034158;00-0034976;00-0031017;00-0030035,Dalvin Cook;Kyle Rudolph;Chad Beebe;Justin Jefferson;Garrett Bradbury;Kirk Cousins;Riley Reiff;Brian O'Neill;Dru Samia;Dakota Dozier;Adam Thielen,00-0036304;00-0034163;00-0033038;00-0032758;00-0027949;00-0032094;00-0035244;00-0035279;00-0034361;00-0031372;00-0029643,John Reid;Jacob Martin;Eric Murray;Vernon Hargreaves III;J.J. Watt;Tyrell Adams;Lonnie Johnson;Charles Omenihu;Justin Reid;Bradley Roby;Whitney Mercilus
2020_04_MIN_HOU,2656,pass,19.0,39.0,20.0,33.0,2:48,2:15,,16.0,17.0,1.0,10.0,"3 DL, 4 LB, 4 DB",;;;;;;;;;;,11,7,5,ZONE_COVERAGE,COVER_3,True,00-0032918;00-0035006;00-0027981;00-0035588;00-0029604;00-0029672;00-0034158;00-0034976;00-0031017;00-0034972;00-0030035,C.J. Ham;Bisi Johnson;Kyle Rudolph;Garrett Bradbury;Kirk Cousins;Riley Reiff;Brian O'Neill;Dru Samia;Dakota Dozier;Alexander Mattison;Adam Thielen,00-0034163;00-0033038;00-0032758;00-0036289;00-0033547;00-0031553;00-0035279;00-0034361;00-0031372;00-0031127;00-0029643,Jacob Martin;Eric Murray;Vernon Hargreaves III;Ross Blacklock;Zach Cunningham;Benardrick McKinney;Charles Omenihu;Justin Reid;Bradley Roby;Brandon Dunn;Whitney Mercilus
2020_04_MIN_HOU,2680,run,6.0,20.0,14.0,45.0,2:15,1:30,,16.0,17.0,1.0,10.0,"3 DL, 4 LB, 4 DB",;;;;;;;;;;,11,7,,,,,00-0033893;00-0032918;00-0035006;00-0027981;00-0036322;00-0035588;00-0029604;00-0029672;00-0034158;00-0034976;00-0031017,Dalvin Cook;C.J. Ham;Bisi Johnson;Kyle Rudolph;Justin Jefferson;Garrett Bradbury;Kirk Cousins;Riley Reiff;Brian O'Neill;Dru Samia;Dakota Dozier,00-0034163;00-0033038;00-0032758;00-0036289;00-0033547;00-0031553;00-0035279;00-0034361;00-0031372;00-0036224;00-0031127,Jacob Martin;Eric Murray;Vernon Hargreaves III;Ross Blacklock;Zach Cunningham;Benardrick McKinney;Charles Omenihu;Justin Reid;Bradley Roby;Jonathan Greenard;Brandon Dunn
2020_04_MIN_HOU,2701,run,5.0,14.0,9.0,44.0,1:30,0:46,,16.0,17.0,2.0,4.0,"3 DL, 4 LB, 4 DB",;;;;;;;;;;,11,8,,,,,00-0033893;00-0034270;00-0027981;00-0035588;00-0029604;00-0029672;00-0034970;00-0034158;00-0034976;00-0031017;00-0030035,Dalvin Cook;Tyler Conklin;Kyle Rudolph;Garrett Bradbury;Kirk Cousins;Riley Reiff;Irv Smith;Brian O'Neill;Dru Samia;Dakota Dozier;Adam Thielen,00-0033038;00-0034163;00-0032758;00-0036289;00-0033547;00-0031553;00-0035279;00-0034361;00-0031372;00-0036224;00-0031127,Eric Murray;Jacob Martin;Vernon Hargreaves III;Ross Blacklock;Zach Cunningham;Benardrick McKinney;Charles Omenihu;Justin Reid;Bradley Roby;Jonathan Greenard;Brandon Dunn
2020_04_MIN_HOU,2728,pass,9.0,9.0,0.0,5.0,0:46,0:41,,16.0,23.0,1.0,9.0,"3 DL, 4 LB, 4 DB",;;;;;;;;;;,11,8,7,MAN_COVERAGE,COVER_1,False,00-0032918;00-0027981;00-0036322;00-0035588;00-0029604;00-0029672;00-0034158;00-0034976;00-0031017;00-0034972;00-0030035,C.J. Ham;Kyle Rudolph;Justin Jefferson;Garrett Bradbury;Kirk Cousins;Riley Reiff;Brian O'Neill;Dru Samia;Dakota Dozier;Alexander Mattison;Adam Thielen,00-0033038;00-0034163;00-0032758;00-0032734;00-0027949;00-0033547;00-0031553;00-0034361;00-0034262;00-0031372;00-0031127,Eric Murray;Jacob Martin;Vernon Hargreaves III;Brennan Scarlett;J.J. Watt;Zach Cunningham;Benardrick McKinney;Justin Reid;P.J. Hall;Bradley Roby;Brandon Dunn
2020_04_MIN_HOU,2764,extra_point,0.0,15.0,15.0,0.0,0:41,0:41,,16.0,24.0,,0.0,,;;;;;;;;;;,11,,,,,,00-0036327;00-0027981;00-0032520;00-0035709;00-0031489;00-0029672;00-0034158;00-0034976;00-0026516;00-0031017;00-0028660,Ezra Cleveland;Kyle Rudolph;Rashod Hill;Austin Cutting;Brett Jones;Riley Reiff;Brian O'Neill;Dru Samia;Britton Colquitt;Dakota Dozier;Dan Bailey,00-0028908;00-0034435;00-0032734;00-0036289;00-0033547;00-0031553;00-0035244;00-0033563;00-0034361;00-0034262;00-0031127,Michael Thomas;Keion Crossen;Brennan Scarlett;Ross Blacklock;Zach Cunningham;Benardrick McKinney;Lonnie Johnson;Carlos Watkins;Justin Reid;P.J. Hall;Brandon Dunn
2020_04_MIN_HOU,2780,kickoff,0.0,35.0,35.0,0.0,0:41,0:41,,16.0,24.0,,0.0,,;;;;;;;;;;,11,,,,,,00-0036344;00-0033344;00-0032918;00-0035006;00-0035533;00-0036345;00-0034208;00-0035976;00-0032104;00-0036348;00-0028660,Harrison Hand;Hardy Nickerson;C.J. Ham;Bisi Johnson;Ryan Connelly;K.J. Osborn;Mike Boone;Dan Chisena;Ameer Abdullah;Josh Metellus;Dan Bailey,00-0028908;00-0034435;00-0032734;00-0032257;00-0032094;00-0033439;00-0031015;00-0033765;00-0031763;00-0036224;00-0032393,Michael Thomas;Keion Crossen;Brennan Scarlett;Duke Johnson;Tyrell Adams;Pharaoh Brown;Phillip Gaines;Dylan Cole;DeAndre Carter;Jonathan Greenard;C.J. Prosise
2020_04_MIN_HOU,2795,run,2.0,75.0,73.0,33.0,0:41,0:08,,16.0,24.0,1.0,10.0,"4 DL, 3 LB, 4 DB",;;;;;;;;;;,11,7,,,,,00-0029738;00-0032380;00-0033537;00-0035234;00-0031236;00-0033439;00-0030997;00-0032969;00-0033127;00-0032187;00-0029546,Darren Fells;Laremy Tunsil;Deshaun Watson;Tytus Howard;Brandin Cooks;Pharaoh Brown;Zach Fulton;Nick Martin;Will Fuller;David Johnson;Senio Kelemete,00-0033969;00-0033336;00-0029215;00-0036330;00-0031799;00-0033940;00-0034992;00-0031427;00-0036335;00-0036324;00-0031554,Ifeadi Odenigbo;Eric Wilson;George Iloka;Cameron Dantzler;Anthony Harris;Jaleel Johnson;Armon Watts;Todd Davis;D.J. Wonnum;Jeff Gladney;Eric Kendricks
2020_04_MIN_HOU,2816,pass,4.0,73.0,69.0,8.0,0:08,0:00,,16.0,24.0,2.0,8.0,"4 DL, 2 LB, 5 DB",;;;;;;;;;;,11,6,4,ZONE_COVERAGE,COVER_3,True,00-0029738;00-0032380;00-0033537;00-0035234;00-0031236;00-0030085;00-0030997;00-0032969;00-0033127;00-0028002;00-0029546,Darren Fells;Laremy Tunsil;Deshaun Watson;Tytus Howard;Brandin Cooks;Kenny Stills;Zach Fulton;Nick Martin;Will Fuller;Randall Cobb;Senio Kelemete,00-0033969;00-0034213;00-0033336;00-0029215;00-0036330;00-0031799;00-0033940;00-0034992;00-0036335;00-0036324;00-0031554,Ifeadi Odenigbo;Holton Hill;Eric Wilson;George Iloka;Cameron Dantzler;Anthony Harris;Jaleel Johnson;Armon Watts;D.J. Wonnum;Jeff Gladney;Eric Kendricks
2020_04_MIN_HOU,2840,start_quarter_4,,,,0.0,0:00,0:00,,16.0,24.0,,0.0,,,0,,,,,,,,,
2020_04_MIN_HOU,2859,run,1.0,69.0,68.0,43.0,15:00,14:17,,16.0,24.0,3.0,4.0,"3 DL, 3 LB, 5 DB",;;;;;;;;;;,11,6,3,,,,00-0029738;00-0032380;00-0033537;00-0035234;00-0030085;00-0031236;00-0030997;00-0032969;00-0033127;00-0028002;00-0029546,Darren Fells;Laremy Tunsil;Deshaun Watson;Tytus Howard;Kenny Stills;Brandin Cooks;Zach Fulton;Nick Martin;Will Fuller;Randall Cobb;Senio Kelemete,00-0033969;00-0034213;00-0033336;00-0029215;00-0036330;00-0034264;00-0031799;00-0031427;00-0033123;00-0036324;00-0031554,Ifeadi Odenigbo;Holton Hill;Eric Wilson;George Iloka;Cameron Dantzler;Jalyn Holmes;Anthony Harris;Todd Davis;Yannick Ngakoue;Jeff Gladney;Eric Kendricks
2020_04_MIN_HOU,2880,punt,0.0,68.0,68.0,7.0,14:17,14:10,,16.0,24.0,4.0,3.0,,;;;;;;;;;;,11,,,,,,00-0036304;00-0028908;00-0034435;00-0034163;00-0032734;00-0032094;00-0033439;00-0029692;00-0027224;00-0033765;00-0032393,John Reid;Michael Thomas;Keion Crossen;Jacob Martin;Brennan Scarlett;Tyrell Adams;Pharaoh Brown;Bryan Anger;Jon Weeks;Dylan Cole;C.J. Prosise,00-0033969;00-0034213;00-0033336;00-0036330;00-0036345;00-0034264;00-0031799;00-0031427;00-0033123;00-0036324;00-0031554,Ifeadi Odenigbo;Holton Hill;Eric Wilson;Cameron Dantzler;K.J. Osborn;Jalyn Holmes;Anthony Harris;Todd Davis;Yannick Ngakoue;Jeff Gladney;Eric Kendricks
2020_04_MIN_HOU,2899,run,3.0,73.0,70.0,33.0,14:10,13:37,,16.0,24.0,1.0,10.0,"3 DL, 4 LB, 4 DB",;;;;;;;;;;,11,7,,,,,00-0033893;00-0032918;00-0036322;00-0035588;00-0029604;00-0029672;00-0034970;00-0034158;00-0034976;00-0031017;00-0030035,Dalvin Cook;C.J. Ham;Justin Jefferson;Garrett Bradbury;Kirk Cousins;Riley Reiff;Irv Smith;Brian O'Neill;Dru Samia;Dakota Dozier;Adam Thielen,00-0033038;00-0032734;00-0027949;00-0033547;00-0031553;00-0031015;00-0034361;00-0031372;00-0034262;00-0031127;00-0029643,Eric Murray;Brennan Scarlett;J.J. Watt;Zach Cunningham;Benardrick McKinney;Phillip Gaines;Justin Reid;Bradley Roby;P.J. Hall;Brandon Dunn;Whitney Mercilus
2020_04_MIN_HOU,2920,run,1.0,70.0,69.0,43.0,13:37,12:54,,16.0,24.0,2.0,7.0,"3 DL, 4 LB, 4 DB",;;;;;;;;;;,11,6,,,,,00-0033893;00-0032918;00-0036322;00-0035588;00-0029604;00-0029672;00-0034970;00-0034158;00-0034976;00-0031017;00-0030035,Dalvin Cook;C.J. Ham;Justin Jefferson;Garrett Bradbury;Kirk Cousins;Riley Reiff;Irv Smith;Brian O'Neill;Dru Samia;Dakota Dozier;Adam Thielen,00-0033038;00-0032734;00-0027949;00-0033547;00-0031553;00-0031015;00-0034361;00-0034262;00-0031372;00-0031127;00-0029643,Eric Murray;Brennan Scarlett;J.J. Watt;Zach Cunningham;Benardrick McKinney;Phillip Gaines;Justin Reid;P.J. Hall;Bradley Roby;Brandon Dunn;Whitney Mercilus
2020_04_MIN_HOU,2941,pass,25.0,69.0,44.0,40.0,12:54,12:14,,16.0,24.0,3.0,6.0,"2 DL, 3 LB, 6 DB",;;;;;;;;;;,11,5,3,ZONE_COVERAGE,COVER_4,True,00-0033893;00-0027981;00-0034309;00-0036322;00-0035588;00-0029604;00-0029672;00-0034158;00-0034976;00-0031017;00-0030035,Dalvin Cook;Kyle Rudolph;Chad Beebe;Justin Jefferson;Garrett Bradbury;Kirk Cousins;Riley Reiff;Brian O'Neill;Dru Samia;Dakota Dozier;Adam Thielen,00-0036304;00-0034163;00-0033038;00-0027949;00-0032094;00-0031015;00-0035244;00-0035279;00-0034361;00-0031372;00-0029643,John Reid;Jacob Martin;Eric Murray;J.J. Watt;Tyrell Adams;Phillip Gaines;Lonnie Johnson;Charles Omenihu;Justin Reid;Bradley Roby;Whitney Mercilus
2020_04_MIN_HOU,2970,pass,25.0,44.0,19.0,47.0,12:14,11:27,,16.0,24.0,1.0,10.0,"3 DL, 4 LB, 4 DB",;;;;;;;;;;,11,7,4,ZONE_COVERAGE,COVER_6,False,00-0033893;00-0035006;00-0027981;00-0035588;00-0029604;00-0029672;00-0034970;00-0034158;00-0034976;00-0031017;00-0030035,Dalvin Cook;Bisi Johnson;Kyle Rudolph;Garrett Bradbury;Kirk Cousins;Riley Reiff;Irv Smith;Brian O'Neill;Dru Samia;Dakota Dozier;Adam Thielen,00-0033038;00-0034163;00-0032734;00-0027949;00-0033547;00-0031553;00-0031015;00-0033563;00-0034361;00-0031372;00-0034262,Eric Murray;Jacob Martin;Brennan Scarlett;J.J. Watt;Zach Cunningham;Benardrick McKinney;Phillip Gaines;Carlos Watkins;Justin Reid;Bradley Roby;P.J. Hall
2020_04_MIN_HOU,2999,run,15.0,19.0,4.0,33.0,11:27,10:54,,16.0,24.0,1.0,10.0,"3 DL, 4 LB, 4 DB",;;;;;;;;;;,11,8,,,,,00-0033893;00-0034270;00-0035006;00-0027981;00-0035588;00-0029604;00-0029672;00-0034970;00-0034158;00-0034976;00-0031017,Dalvin Cook;Tyler Conklin;Bisi Johnson;Kyle Rudolph;Garrett Bradbury;Kirk Cousins;Riley Reiff;Irv Smith;Brian O'Neill;Dru Samia;Dakota Dozier,00-0033038;00-0034163;00-0032734;00-0027949;00-0033547;00-0031553;00-0031015;00-0033563;00-0034361;00-0034262;00-0031372,Eric Murray;Jacob Martin;Brennan Scarlett;J.J. Watt;Zach Cunningham;Benardrick McKinney;Phillip Gaines;Carlos Watkins;Justin Reid;P.J. Hall;Bradley Roby
2020_04_MIN_HOU,3026,run,4.0,4.0,0.0,4.0,10:54,10:50,,16.0,30.0,1.0,4.0,"3 DL, 4 LB, 4 DB",;;;;;;;;;;,11,9,,,,,00-0027981;00-0036322;00-0035588;00-0029604;00-0029672;00-0034970;00-0034158;00-0034976;00-0031017;00-0034972;00-0030035,Kyle Rudolph;Justin Jefferson;Garrett Bradbury;Kirk Cousins;Riley Reiff;Irv Smith;Brian O'Neill;Dru Samia;Dakota Dozier;Alexander Mattison;Adam Thielen,00-0033038;00-0034163;00-0032734;00-0027949;00-0033547;00-0031553;00-0031015;00-0034361;00-0034262;00-0031372;00-0031127,Eric Murray;Jacob Martin;Brennan Scarlett;J.J. Watt;Zach Cunningham;Benardrick McKinney;Phillip Gaines;Justin Reid;P.J. Hall;Bradley Roby;Brandon Dunn
2020_04_MIN_HOU,3052,extra_point,0.0,15.0,15.0,0.0,10:50,10:50,,16.0,31.0,,0.0,,;;;;;;;;;;,11,,,,,,00-0036327;00-0027981;00-0032520;00-0035709;00-0031489;00-0029672;00-0034158;00-0034976;00-0026516;00-0031017;00-0028660,Ezra Cleveland;Kyle Rudolph;Rashod Hill;Austin Cutting;Brett Jones;Riley Reiff;Brian O'Neill;Dru Samia;Britton Colquitt;Dakota Dozier;Dan Bailey,00-0028908;00-0034435;00-0032734;00-0036289;00-0033547;00-0031553;00-0035244;00-0033563;00-0034361;00-0034262;00-0031127,Michael Thomas;Keion Crossen;Brennan Scarlett;Ross Blacklock;Zach Cunningham;Benardrick McKinney;Lonnie Johnson;Carlos Watkins;Justin Reid;P.J. Hall;Brandon Dunn
2020_04_MIN_HOU,3068,kickoff,0.0,35.0,35.0,4.0,10:50,10:46,,16.0,31.0,,0.0,,;;;;;;;;;;,11,,,,,,00-0036344;00-0033344;00-0032918;00-0035006;00-0035533;00-0036345;00-0034208;00-0035976;00-0032104;00-0036348;00-0028660,Harrison Hand;Hardy Nickerson;C.J. Ham;Bisi Johnson;Ryan Connelly;K.J. Osborn;Mike Boone;Dan Chisena;Ameer Abdullah;Josh Metellus;Dan Bailey,00-0028908;00-0034435;00-0032734;00-0032257;00-0032094;00-0033439;00-0031015;00-0033765;00-0031763;00-0036224;00-0032393,Michael Thomas;Keion Crossen;Brennan Scarlett;Duke Johnson;Tyrell Adams;Pharaoh Brown;Phillip Gaines;Dylan Cole;DeAndre Carter;Jonathan Greenard;C.J. Prosise
2020_04_MIN_HOU,3090,run,7.0,77.0,70.0,29.0,10:46,10:17,,16.0,31.0,1.0,10.0,"4 DL, 2 LB, 5 DB",;;;;;;;;;;,11,6,,,,,00-0029738;00-0032380;00-0033537;00-0035234;00-0032257;00-0031236;00-0030997;00-0032969;00-0033127;00-0028002;00-0029546,Darren Fells;Laremy Tunsil;Deshaun Watson;Tytus Howard;Duke Johnson;Brandin Cooks;Zach Fulton;Nick Martin;Will Fuller;Randall Cobb;Senio Kelemete,00-0034213;00-0033336;00-0029215;00-0036330;00-0034264;00-0031799;00-0034992;00-0033123;00-0036324;00-0031242;00-0031554,Holton Hill;Eric Wilson;George Iloka;Cameron Dantzler;Jalyn Holmes;Anthony Harris;Armon Watts;Yannick Ngakoue;Jeff Gladney;Shamar Stephen;Eric Kendricks
2020_04_MIN_HOU,3111,pass,14.0,70.0,56.0,24.0,10:17,9:53,,16.0,31.0,2.0,3.0,"4 DL, 2 LB, 5 DB",;;;;;;;;;;,11,6,4,ZONE_COVERAGE,COVER_3,False,00-0029738;00-0032380;00-0033537;00-0035234;00-0032257;00-0031236;00-0030997;00-0032969;00-0033127;00-0028002;00-0029546,Darren Fells;Laremy Tunsil;Deshaun Watson;Tytus Howard;Duke Johnson;Brandin Cooks;Zach Fulton;Nick Martin;Will Fuller;Randall Cobb;Senio Kelemete,00-0034213;00-0033336;00-0029215;00-0036330;00-0034264;00-0031799;00-0034992;00-0033123;00-0036324;00-0031242;00-0031554,Holton Hill;Eric Wilson;George Iloka;Cameron Dantzler;Jalyn Holmes;Anthony Harris;Armon Watts;Yannick Ngakoue;Jeff Gladney;Shamar Stephen;Eric Kendricks
2020_04_MIN_HOU,3135,run,2.0,56.0,54.0,35.0,9:53,9:18,,16.0,31.0,1.0,10.0,"4 DL, 2 LB, 5 DB",;;;;;;;;;;,11,6,,,,,00-0029738;00-0032380;00-0033537;00-0035234;00-0032257;00-0031236;00-0030997;00-0032969;00-0033127;00-0028002;00-0029546,Darren Fells;Laremy Tunsil;Deshaun Watson;Tytus Howard;Duke Johnson;Brandin Cooks;Zach Fulton;Nick Martin;Will Fuller;Randall Cobb;Senio Kelemete,00-0034213;00-0033336;00-0029215;00-0036330;00-0034264;00-0031799;00-0034992;00-0033123;00-0036324;00-0031242;00-0031554,Holton Hill;Eric Wilson;George Iloka;Cameron Dantzler;Jalyn Holmes;Anthony Harris;Armon Watts;Yannick Ngakoue;Jeff Gladney;Shamar Stephen;Eric Kendricks
2020_04_MIN_HOU,3156,pass,19.0,54.0,35.0,33.0,9:18,8:45,,16.0,31.0,2.0,8.0,"4 DL, 3 LB, 4 DB",;;;;;;;;;;,11,7,4,ZONE_COVERAGE,COVER_2,False,00-0029738;00-0032380;00-0033537;00-0035234;00-0031236;00-0033439;00-0030997;00-0032969;00-0033127;00-0032187;00-0029546,Darren Fells;Laremy Tunsil;Deshaun Watson;Tytus Howard;Brandin Cooks;Pharaoh Brown;Zach Fulton;Nick Martin;Will Fuller;David Johnson;Senio Kelemete,00-0033336;00-0029215;00-0036330;00-0034264;00-0031799;00-0034992;00-0031427;00-0033123;00-0036324;00-0031242;00-0031554,Eric Wilson;George Iloka;Cameron Dantzler;Jalyn Holmes;Anthony Harris;Armon Watts;Todd Davis;Yannick Ngakoue;Jeff Gladney;Shamar Stephen;Eric Kendricks
2020_04_MIN_HOU,3180,run,6.0,35.0,29.0,24.0,8:45,8:21,,16.0,31.0,1.0,10.0,"4 DL, 2 LB, 5 DB",;;;;;;;;;;,11,6,,,,,00-0029738;00-0032380;00-0033537;00-0035234;00-0031236;00-0030997;00-0032969;00-0033127;00-0032187;00-0028002;00-0029546,Darren Fells;Laremy Tunsil;Deshaun Watson;Tytus Howard;Brandin Cooks;Zach Fulton;Nick Martin;Will Fuller;David Johnson;Randall Cobb;Senio Kelemete,00-0034213;00-0033336;00-0029215;00-0036330;00-0034264;00-0031799;00-0034992;00-0033123;00-0036324;00-0031242;00-0031554,Holton Hill;Eric Wilson;George Iloka;Cameron Dantzler;Jalyn Holmes;Anthony Harris;Armon Watts;Yannick Ngakoue;Jeff Gladney;Shamar Stephen;Eric Kendricks
2020_04_MIN_HOU,3201,no_play,0.0,29.0,29.0,8.0,8:21,8:13,,16.0,31.0,2.0,4.0,"4 DL, 2 LB, 5 DB",;;;;;;;;;;,11,6,,,,,00-0029738;00-0032380;00-0033537;00-0035234;00-0030085;00-0030997;00-0032969;00-0033127;00-0032187;00-0028002;00-0029546,Darren Fells;Laremy Tunsil;Deshaun Watson;Tytus Howard;Kenny Stills;Zach Fulton;Nick Martin;Will Fuller;David Johnson;Randall Cobb;Senio Kelemete,00-0034213;00-0033336;00-0029215;00-0036330;00-0034264;00-0031799;00-0034992;00-0033123;00-0036324;00-0031242;00-0031554,Holton Hill;Eric Wilson;George Iloka;Cameron Dantzler;Jalyn Holmes;Anthony Harris;Armon Watts;Yannick Ngakoue;Jeff Gladney;Shamar Stephen;Eric Kendricks
2020_04_MIN_HOU,3236,no_play,0.0,24.0,24.0,17.0,8:13,7:56,,16.0,31.0,1.0,10.0,"4 DL, 3 LB, 4 DB",;;;;;;;;;;,11,7,,,,,00-0029738;00-0032380;00-0033537;00-0035234;00-0031236;00-0033439;00-0030997;00-0032969;00-0033127;00-0032187;00-0029546,Darren Fells;Laremy Tunsil;Deshaun Watson;Tytus Howard;Brandin Cooks;Pharaoh Brown;Zach Fulton;Nick Martin;Will Fuller;David Johnson;Senio Kelemete,00-0033969;00-0033336;00-0029215;00-0036330;00-0031799;00-0033940;00-0034992;00-0031427;00-0033123;00-0036324;00-0031554,Ifeadi Odenigbo;Eric Wilson;George Iloka;Cameron Dantzler;Anthony Harris;Jaleel Johnson;Armon Watts;Todd Davis;Yannick Ngakoue;Jeff Gladney;Eric Kendricks
2020_04_MIN_HOU,3280,pass,-3.0,34.0,37.0,32.0,7:56,7:24,,16.0,31.0,1.0,20.0,"4 DL, 2 LB, 5 DB",;;;;;;;;;;,11,6,4,,,,00-0029738;00-0032380;00-0033537;00-0035234;00-0032257;00-0031236;00-0030997;00-0032969;00-0033127;00-0028002;00-0029546,Darren Fells;Laremy Tunsil;Deshaun Watson;Tytus Howard;Duke Johnson;Brandin Cooks;Zach Fulton;Nick Martin;Will Fuller;Randall Cobb;Senio Kelemete,00-0033969;00-0034213;00-0033336;00-0029215;00-0036330;00-0031799;00-0033940;00-0034992;00-0033123;00-0036324;00-0031554,Ifeadi Odenigbo;Holton Hill;Eric Wilson;George Iloka;Cameron Dantzler;Anthony Harris;Jaleel Johnson;Armon Watts;Yannick Ngakoue;Jeff Gladney;Eric Kendricks
2020_04_MIN_HOU,3301,pass,0.0,37.0,37.0,43.0,7:24,6:41,,16.0,31.0,2.0,23.0,"4 DL, 2 LB, 5 DB",;;;;;;;;;;,11,6,3,ZONE_COVERAGE,COVER_3,False,00-0029738;00-0032380;00-0033537;00-0035234;00-0032257;00-0031236;00-0030997;00-0032969;00-0033127;00-0028002;00-0029546,Darren Fells;Laremy Tunsil;Deshaun Watson;Tytus Howard;Duke Johnson;Brandin Cooks;Zach Fulton;Nick Martin;Will Fuller;Randall Cobb;Senio Kelemete,00-0033969;00-0034213;00-0033336;00-0029215;00-0036330;00-0031799;00-0033940;00-0034992;00-0033123;00-0036324;00-0031554,Ifeadi Odenigbo;Holton Hill;Eric Wilson;George Iloka;Cameron Dantzler;Anthony Harris;Jaleel Johnson;Armon Watts;Yannick Ngakoue;Jeff Gladney;Eric Kendricks
2020_04_MIN_HOU,3325,pass,13.0,37.0,24.0,42.0,6:41,5:59,,16.0,31.0,3.0,23.0,"3 DL, 3 LB, 5 DB",;;;;;;;;;;,11,4,3,ZONE_COVERAGE,COVER_2,False,00-0032380;00-0033537;00-0035234;00-0032257;00-0031236;00-0030997;00-0032969;00-0033127;00-0032187;00-0028002;00-0029546,Laremy Tunsil;Deshaun Watson;Tytus Howard;Duke Johnson;Brandin Cooks;Zach Fulton;Nick Martin;Will Fuller;David Johnson;Randall Cobb;Senio Kelemete,00-0033969;00-0034213;00-0029215;00-0033336;00-0036330;00-0034264;00-0031799;00-0031427;00-0033123;00-0036324;00-0031554,Ifeadi Odenigbo;Holton Hill;George Iloka;Eric Wilson;Cameron Dantzler;Jalyn Holmes;Anthony Harris;Todd Davis;Yannick Ngakoue;Jeff Gladney;Eric Kendricks
2020_04_MIN_HOU,3349,pass,24.0,24.0,0.0,7.0,5:59,5:52,,22.0,31.0,4.0,10.0,"3 DL, 3 LB, 5 DB",;;;;;;;;;;,11,4,3,ZONE_COVERAGE,COVER_2,False,00-0029738;00-0032380;00-0033537;00-0035234;00-0030085;00-0031236;00-0030997;00-0032969;00-0033127;00-0028002;00-0029546,Darren Fells;Laremy Tunsil;Deshaun Watson;Tytus Howard;Kenny Stills;Brandin Cooks;Zach Fulton;Nick Martin;Will Fuller;Randall Cobb;Senio Kelemete,00-0033969;00-0034213;00-0033336;00-0029215;00-0036330;00-0034264;00-0031799;00-0031427;00-0033123;00-0036324;00-0031554,Ifeadi Odenigbo;Holton Hill;Eric Wilson;George Iloka;Cameron Dantzler;Jalyn Holmes;Anthony Harris;Todd Davis;Yannick Ngakoue;Jeff Gladney;Eric Kendricks
2020_04_MIN_HOU,3385,extra_point,0.0,15.0,15.0,0.0,5:52,5:52,,23.0,31.0,,0.0,,;;;;;;;;;;,11,,,,,,00-0035245;00-0031031;00-0029738;00-0032380;00-0035234;00-0033439;00-0032726;00-0029692;00-0030997;00-0027224;00-0029546,Max Scharping;Brent Qvale;Darren Fells;Laremy Tunsil;Tytus Howard;Pharaoh Brown;Ka'imi Fairbairn;Bryan Anger;Zach Fulton;Jon Weeks;Senio Kelemete,00-0033344;00-0033336;00-0035976;00-0034264;00-0031799;00-0033940;00-0034992;00-0033123;00-0036324;00-0031242;00-0031554,Hardy Nickerson;Eric Wilson;Dan Chisena;Jalyn Holmes;Anthony Harris;Jaleel Johnson;Armon Watts;Yannick Ngakoue;Jeff Gladney;Shamar Stephen;Eric Kendricks
2020_04_MIN_HOU,3406,kickoff,0.0,35.0,35.0,4.0,5:52,5:48,,23.0,31.0,,0.0,,;;;;;;;;;;,11,,,,,,00-0036304;00-0028908;00-0034435;00-0032094;00-0033439;00-0031015;00-0032726;00-0035244;00-0033765;00-0036224;00-0032393,John Reid;Michael Thomas;Keion Crossen;Tyrell Adams;Pharaoh Brown;Phillip Gaines;Ka'imi Fairbairn;Lonnie Johnson;Dylan Cole;Jonathan Greenard;C.J. Prosise,00-0033344;00-0034270;00-0032918;00-0035006;00-0035533;00-0036345;00-0034208;00-0035976;00-0032104;00-0036348;00-0036335,Hardy Nickerson;Tyler Conklin;C.J. Ham;Bisi Johnson;Ryan Connelly;K.J. Osborn;Mike Boone;Dan Chisena;Ameer Abdullah;Josh Metellus;D.J. Wonnum
2020_04_MIN_HOU,3430,pass,7.0,77.0,70.0,44.0,5:48,5:04,,23.0,31.0,1.0,10.0,"3 DL, 4 LB, 4 DB",;;;;;;;;;;,11,7,4,ZONE_COVERAGE,COVER_3,True,00-0033893;00-0032918;00-0036322;00-0035588;00-0029604;00-0029672;00-0034970;00-0034158;00-0034976;00-0031017;00-0030035,Dalvin Cook;C.J. Ham;Justin Jefferson;Garrett Bradbury;Kirk Cousins;Riley Reiff;Irv Smith;Brian O'Neill;Dru Samia;Dakota Dozier;Adam Thielen,00-0033038;00-0032758;00-0032734;00-0027949;00-0033547;00-0031553;00-0033563;00-0034361;00-0031372;00-0034262;00-0029643,Eric Murray;Vernon Hargreaves III;Brennan Scarlett;J.J. Watt;Zach Cunningham;Benardrick McKinney;Carlos Watkins;Justin Reid;Bradley Roby;P.J. Hall;Whitney Mercilus
2020_04_MIN_HOU,3454,run,3.0,70.0,67.0,44.0,5:04,4:20,,23.0,31.0,2.0,3.0,"3 DL, 4 LB, 4 DB",;;;;;;;;;;,11,7,,,,,00-0033893;00-0032918;00-0027981;00-0036322;00-0035588;00-0029604;00-0029672;00-0034976;00-0034158;00-0031017;00-0030035,Dalvin Cook;C.J. Ham;Kyle Rudolph;Justin Jefferson;Garrett Bradbury;Kirk Cousins;Riley Reiff;Dru Samia;Brian O'Neill;Dakota Dozier;Adam Thielen,00-0033038;00-0032758;00-0032734;00-0027949;00-0033547;00-0031553;00-0033563;00-0034361;00-0031372;00-0034262;00-0029643,Eric Murray;Vernon Hargreaves III;Brennan Scarlett;J.J. Watt;Zach Cunningham;Benardrick McKinney;Carlos Watkins;Justin Reid;Bradley Roby;P.J. Hall;Whitney Mercilus
2020_04_MIN_HOU,3475,run,9.0,67.0,58.0,47.0,4:20,3:33,,23.0,31.0,1.0,10.0,"3 DL, 4 LB, 4 DB",;;;;;;;;;;,11,7,,,,,00-0033893;00-0032918;00-0027981;00-0036322;00-0035588;00-0029604;00-0029672;00-0034976;00-0034158;00-0031017;00-0030035,Dalvin Cook;C.J. Ham;Kyle Rudolph;Justin Jefferson;Garrett Bradbury;Kirk Cousins;Riley Reiff;Dru Samia;Brian O'Neill;Dakota Dozier;Adam Thielen,00-0033038;00-0032758;00-0032734;00-0027949;00-0033547;00-0031553;00-0033563;00-0034361;00-0031372;00-0034262;00-0029643,Eric Murray;Vernon Hargreaves III;Brennan Scarlett;J.J. Watt;Zach Cunningham;Benardrick McKinney;Carlos Watkins;Justin Reid;Bradley Roby;P.J. Hall;Whitney Mercilus
2020_04_MIN_HOU,3496,run,2.0,58.0,56.0,11.0,3:33,3:22,,23.0,31.0,2.0,1.0,"3 DL, 4 LB, 4 DB",;;;;;;;;;;,11,8,,,,,00-0032918;00-0027981;00-0035588;00-0029604;00-0029672;00-0034970;00-0034976;00-0034158;00-0031017;00-0034972;00-0030035,C.J. Ham;Kyle Rudolph;Garrett Bradbury;Kirk Cousins;Riley Reiff;Irv Smith;Dru Samia;Brian O'Neill;Dakota Dozier;Alexander Mattison;Adam Thielen,00-0033038;00-0032758;00-0032734;00-0027949;00-0033547;00-0031553;00-0033563;00-0034361;00-0031372;00-0034262;00-0029643,Eric Murray;Vernon Hargreaves III;Brennan Scarlett;J.J. Watt;Zach Cunningham;Benardrick McKinney;Carlos Watkins;Justin Reid;Bradley Roby;P.J. Hall;Whitney Mercilus
2020_04_MIN_HOU,3517,timeout,0.0,,,0.0,3:22,3:22,HOU,23.0,31.0,,0.0,,,0,,,,,,,,,
2020_04_MIN_HOU,3534,run,0.0,56.0,56.0,7.0,3:22,3:15,,23.0,31.0,1.0,10.0,"4 DL, 4 LB, 3 DB",;;;;;;;;;;,11,7,,,,,00-0032918;00-0027981;00-0035588;00-0029604;00-0029672;00-0034970;00-0034158;00-0034976;00-0031017;00-0034972;00-0030035,C.J. Ham;Kyle Rudolph;Garrett Bradbury;Kirk Cousins;Riley Reiff;Irv Smith;Brian O'Neill;Dru Samia;Dakota Dozier;Alexander Mattison;Adam Thielen,00-0033038;00-0027949;00-0033547;00-0031553;00-0032094;00-0033563;00-0034361;00-0031372;00-0034262;00-0031127;00-0029643,Eric Murray;J.J. Watt;Zach Cunningham;Benardrick McKinney;Tyrell Adams;Carlos Watkins;Justin Reid;Bradley Roby;P.J. Hall;Brandon Dunn;Whitney Mercilus
2020_04_MIN_HOU,3555,timeout,0.0,,,0.0,3:15,3:15,HOU,23.0,31.0,,0.0,,,0,,,,,,,,,
2020_04_MIN_HOU,3572,run,4.0,56.0,52.0,5.0,3:15,3:10,,23.0,31.0,2.0,10.0,"3 DL, 4 LB, 4 DB",;;;;;;;;;;,11,8,,,,,00-0027981;00-0036322;00-0035588;00-0029604;00-0029672;00-0034970;00-0034158;00-0034976;00-0031017;00-0034972;00-0030035,Kyle Rudolph;Justin Jefferson;Garrett Bradbury;Kirk Cousins;Riley Reiff;Irv Smith;Brian O'Neill;Dru Samia;Dakota Dozier;Alexander Mattison;Adam Thielen,00-0033038;00-0032758;00-0032734;00-0027949;00-0033547;00-0031553;00-0034361;00-0031372;00-0034262;00-0031127;00-0029643,Eric Murray;Vernon Hargreaves III;Brennan Scarlett;J.J. Watt;Zach Cunningham;Benardrick McKinney;Justin Reid;Bradley Roby;P.J. Hall;Brandon Dunn;Whitney Mercilus
2020_04_MIN_HOU,3593,timeout,0.0,,,0.0,3:10,3:10,HOU,23.0,31.0,,0.0,,,0,,,,,,,,,
2020_04_MIN_HOU,3610,pass,0.0,52.0,52.0,6.0,3:10,3:04,,23.0,31.0,3.0,6.0,"3 DL, 4 LB, 4 DB",;;;;;;;;;;,11,8,6,MAN_COVERAGE,COVER_1,False,00-0033893;00-0027981;00-0036322;00-0035588;00-0029604;00-0029672;00-0034970;00-0034976;00-0034158;00-0031017;00-0030035,Dalvin Cook;Kyle Rudolph;Justin Jefferson;Garrett Bradbury;Kirk Cousins;Riley Reiff;Irv Smith;Dru Samia;Brian O'Neill;Dakota Dozier;Adam Thielen,00-0033038;00-0032758;00-0032734;00-0027949;00-0033547;00-0031553;00-0034361;00-0031372;00-0034262;00-0031127;00-0029643,Eric Murray;Vernon Hargreaves III;Brennan Scarlett;J.J. Watt;Zach Cunningham;Benardrick McKinney;Justin Reid;Bradley Roby;P.J. Hall;Brandon Dunn;Whitney Mercilus
2020_04_MIN_HOU,3632,punt,0.0,52.0,52.0,11.0,3:04,2:53,,23.0,31.0,4.0,6.0,,;;;;;;;;;;,11,,,,,,00-0033344;00-0034270;00-0032918;00-0035709;00-0034208;00-0034309;00-0035976;00-0032104;00-0036348;00-0034970;00-0026516,Hardy Nickerson;Tyler Conklin;C.J. Ham;Austin Cutting;Mike Boone;Chad Beebe;Dan Chisena;Ameer Abdullah;Josh Metellus;Irv Smith;Britton Colquitt,00-0036304;00-0028908;00-0034435;00-0034163;00-0032094;00-0033439;00-0035244;00-0033765;00-0036224;00-0031763;00-0032393,John Reid;Michael Thomas;Keion Crossen;Jacob Martin;Tyrell Adams;Pharaoh Brown;Lonnie Johnson;Dylan Cole;Jonathan Greenard;DeAndre Carter;C.J. Prosise
2020_04_MIN_HOU,3657,pass,0.0,76.0,76.0,4.0,2:53,2:49,,23.0,31.0,1.0,10.0,"4 DL, 2 LB, 5 DB",;;;;;;;;;;,11,6,5,MAN_COVERAGE,COVER_1,False,00-0029738;00-0032380;00-0033537;00-0035234;00-0032257;00-0031236;00-0030997;00-0032969;00-0033127;00-0028002;00-0029546,Darren Fells;Laremy Tunsil;Deshaun Watson;Tytus Howard;Duke Johnson;Brandin Cooks;Zach Fulton;Nick Martin;Will Fuller;Randall Cobb;Senio Kelemete,00-0033969;00-0034213;00-0033336;00-0029215;00-0036330;00-0034264;00-0031799;00-0036335;00-0033123;00-0036324;00-0031554,Ifeadi Odenigbo;Holton Hill;Eric Wilson;George Iloka;Cameron Dantzler;Jalyn Holmes;Anthony Harris;D.J. Wonnum;Yannick Ngakoue;Jeff Gladney;Eric Kendricks
2020_04_MIN_HOU,3695,run,6.0,76.0,70.0,22.0,2:49,2:27,,23.0,31.0,2.0,10.0,"4 DL, 2 LB, 5 DB",;;;;;;;;;;,11,6,,,,,00-0029738;00-0032380;00-0033537;00-0035234;00-0032257;00-0031236;00-0030997;00-0032969;00-0033127;00-0028002;00-0029546,Darren Fells;Laremy Tunsil;Deshaun Watson;Tytus Howard;Duke Johnson;Brandin Cooks;Zach Fulton;Nick Martin;Will Fuller;Randall Cobb;Senio Kelemete,00-0033969;00-0034213;00-0033336;00-0029215;00-0036330;00-0034264;00-0031799;00-0036335;00-0033123;00-0036324;00-0031554,Ifeadi Odenigbo;Holton Hill;Eric Wilson;George Iloka;Cameron Dantzler;Jalyn Holmes;Anthony Harris;D.J. Wonnum;Yannick Ngakoue;Jeff Gladney;Eric Kendricks
2020_04_MIN_HOU,3716,no_play,0.0,70.0,70.0,5.0,2:27,2:22,,23.0,31.0,3.0,4.0,"4 DL, 2 LB, 5 DB",;;;;;;;;;;,11,6,,,,,00-0029738;00-0032380;00-0033537;00-0035234;00-0032257;00-0031236;00-0030997;00-0032969;00-0033127;00-0028002;00-0029546,Darren Fells;Laremy Tunsil;Deshaun Watson;Tytus Howard;Duke Johnson;Brandin Cooks;Zach Fulton;Nick Martin;Will Fuller;Randall Cobb;Senio Kelemete,00-0033969;00-0034213;00-0033336;00-0029215;00-0036330;00-0034264;00-0031799;00-0036335;00-0033123;00-0036324;00-0031554,Ifeadi Odenigbo;Holton Hill;Eric Wilson;George Iloka;Cameron Dantzler;Jalyn Holmes;Anthony Harris;D.J. Wonnum;Yannick Ngakoue;Jeff Gladney;Eric Kendricks
2020_04_MIN_HOU,3749,run,1.0,59.0,58.0,9.0,2:22,2:13,,23.0,31.0,1.0,10.0,"4 DL, 2 LB, 5 DB",;;;;;;;;;;,11,6,4,,,,00-0029738;00-0032380;00-0033537;00-0035234;00-0032257;00-0031236;00-0030997;00-0032969;00-0033127;00-0028002;00-0029546,Darren Fells;Laremy Tunsil;Deshaun Watson;Tytus Howard;Duke Johnson;Brandin Cooks;Zach Fulton;Nick Martin;Will Fuller;Randall Cobb;Senio Kelemete,00-0033969;00-0034213;00-0033336;00-0029215;00-0036330;00-0034264;00-0031799;00-0036335;00-0033123;00-0036324;00-0031554,Ifeadi Odenigbo;Holton Hill;Eric Wilson;George Iloka;Cameron Dantzler;Jalyn Holmes;Anthony Harris;D.J. Wonnum;Yannick Ngakoue;Jeff Gladney;Eric Kendricks
2020_04_MIN_HOU,3775,pass,23.0,58.0,35.0,7.0,2:13,2:06,,23.0,31.0,2.0,9.0,"4 DL, 2 LB, 5 DB",;;;;;;;;;;,11,7,6,ZONE_COVERAGE,COVER_4,True,00-0029738;00-0032380;00-0033537;00-0035234;00-0030085;00-0030997;00-0032969;00-0033127;00-0032187;00-0028002;00-0029546,Darren Fells;Laremy Tunsil;Deshaun Watson;Tytus Howard;Kenny Stills;Zach Fulton;Nick Martin;Will Fuller;David Johnson;Randall Cobb;Senio Kelemete,00-0033969;00-0034213;00-0033336;00-0029215;00-0036330;00-0034264;00-0031799;00-0036335;00-0033123;00-0036324;00-0031554,Ifeadi Odenigbo;Holton Hill;Eric Wilson;George Iloka;Cameron Dantzler;Jalyn Holmes;Anthony Harris;D.J. Wonnum;Yannick Ngakoue;Jeff Gladney;Eric Kendricks
2020_04_MIN_HOU,3804,pass,15.0,35.0,20.0,5.0,2:06,2:01,,23.0,31.0,1.0,10.0,"4 DL, 2 LB, 5 DB",;;;;;;;;;;,11,6,4,ZONE_COVERAGE,COVER_3,False,00-0029738;00-0032380;00-0033537;00-0035234;00-0030085;00-0030997;00-0032969;00-0033127;00-0032187;00-0028002;00-0029546,Darren Fells;Laremy Tunsil;Deshaun Watson;Tytus Howard;Kenny Stills;Zach Fulton;Nick Martin;Will Fuller;David Johnson;Randall Cobb;Senio Kelemete,00-0033969;00-0034213;00-0033336;00-0029215;00-0036330;00-0034264;00-0031799;00-0036335;00-0033123;00-0036324;00-0031554,Ifeadi Odenigbo;Holton Hill;Eric Wilson;George Iloka;Cameron Dantzler;Jalyn Holmes;Anthony Harris;D.J. Wonnum;Yannick Ngakoue;Jeff Gladney;Eric Kendricks
2020_04_MIN_HOU,3833,pass,16.0,20.0,4.0,7.0,2:01,1:54,,23.0,31.0,1.0,10.0,"4 DL, 2 LB, 5 DB",;;;;;;;;;;,11,6,3,MAN_COVERAGE,2_MAN,False,00-0029738;00-0032380;00-0033537;00-0035234;00-0030085;00-0031236;00-0030997;00-0032969;00-0032187;00-0028002;00-0029546,Darren Fells;Laremy Tunsil;Deshaun Watson;Tytus Howard;Kenny Stills;Brandin Cooks;Zach Fulton;Nick Martin;David Johnson;Randall Cobb;Senio Kelemete,00-0033969;00-0034213;00-0033336;00-0029215;00-0036330;00-0034264;00-0031799;00-0036335;00-0033123;00-0036324;00-0031554,Ifeadi Odenigbo;Holton Hill;Eric Wilson;George Iloka;Cameron Dantzler;Jalyn Holmes;Anthony Harris;D.J. Wonnum;Yannick Ngakoue;Jeff Gladney;Eric Kendricks
2020_04_MIN_HOU,3874,run,3.0,4.0,1.0,28.0,1:54,1:26,,23.0,31.0,1.0,4.0,"4 DL, 2 LB, 5 DB",;;;;;;;;;;,11,7,,,,,00-0029738;00-0032380;00-0033537;00-0035234;00-0031236;00-0030085;00-0030997;00-0032969;00-0032187;00-0028002;00-0029546,Darren Fells;Laremy Tunsil;Deshaun Watson;Tytus Howard;Brandin Cooks;Kenny Stills;Zach Fulton;Nick Martin;David Johnson;Randall Cobb;Senio Kelemete,00-0033969;00-0034213;00-0033336;00-0029215;00-0036330;00-0031799;00-0033940;00-0033123;00-0036324;00-0031242;00-0031554,Ifeadi Odenigbo;Holton Hill;Eric Wilson;George Iloka;Cameron Dantzler;Anthony Harris;Jaleel Johnson;Yannick Ngakoue;Jeff Gladney;Shamar Stephen;Eric Kendricks
2020_04_MIN_HOU,3895,run,0.0,1.0,1.0,8.0,1:26,1:18,,23.0,31.0,2.0,1.0,"4 DL, 2 LB, 5 DB",;;;;;;;;;;,11,8,,,,,00-0029738;00-0032380;00-0033537;00-0035234;00-0030085;00-0031236;00-0030997;00-0032969;00-0032187;00-0028002;00-0029546,Darren Fells;Laremy Tunsil;Deshaun Watson;Tytus Howard;Kenny Stills;Brandin Cooks;Zach Fulton;Nick Martin;David Johnson;Randall Cobb;Senio Kelemete,00-0033969;00-0034213;00-0033336;00-0029215;00-0036330;00-0031799;00-0033940;00-0033123;00-0036324;00-0031242;00-0031554,Ifeadi Odenigbo;Holton Hill;Eric Wilson;George Iloka;Cameron Dantzler;Anthony Harris;Jaleel Johnson;Yannick Ngakoue;Jeff Gladney;Shamar Stephen;Eric Kendricks
2020_04_MIN_HOU,3916,timeout,0.0,,,0.0,1:18,1:18,MIN,23.0,31.0,,0.0,,,0,,,,,,,,,
2020_04_MIN_HOU,3933,run,0.0,1.0,1.0,3.0,1:18,1:15,,23.0,31.0,3.0,1.0,"4 DL, 2 LB, 5 DB",;;;;;;;;;;,11,8,,,,,00-0029738;00-0032380;00-0033537;00-0035234;00-0031236;00-0030997;00-0032969;00-0033127;00-0032187;00-0028002;00-0029546,Darren Fells;Laremy Tunsil;Deshaun Watson;Tytus Howard;Brandin Cooks;Zach Fulton;Nick Martin;Will Fuller;David Johnson;Randall Cobb;Senio Kelemete,00-0033969;00-0034213;00-0029215;00-0033336;00-0036330;00-0031799;00-0033940;00-0033123;00-0036324;00-0031242;00-0031554,Ifeadi Odenigbo;Holton Hill;George Iloka;Eric Wilson;Cameron Dantzler;Anthony Harris;Jaleel Johnson;Yannick Ngakoue;Jeff Gladney;Shamar Stephen;Eric Kendricks
2020_04_MIN_HOU,3970,timeout,0.0,,,0.0,1:15,1:15,MIN,23.0,31.0,,0.0,,,0,,,,,,,,,
2020_04_MIN_HOU,3987,pass,0.0,5.0,5.0,3.0,1:15,1:12,,23.0,31.0,4.0,5.0,"4 DL, 2 LB, 5 DB",;;;;;;;;;;,11,6,6,MAN_COVERAGE,COVER_0,True,00-0029738;00-0032380;00-0033537;00-0035234;00-0032257;00-0031236;00-0030997;00-0032969;00-0033127;00-0028002;00-0029546,Darren Fells;Laremy Tunsil;Deshaun Watson;Tytus Howard;Duke Johnson;Brandin Cooks;Zach Fulton;Nick Martin;Will Fuller;Randall Cobb;Senio Kelemete,00-0033969;00-0034213;00-0029215;00-0033336;00-0036330;00-0031799;00-0033940;00-0033123;00-0036324;00-0031242;00-0031554,Ifeadi Odenigbo;Holton Hill;George Iloka;Eric Wilson;Cameron Dantzler;Anthony Harris;Jaleel Johnson;Yannick Ngakoue;Jeff Gladney;Shamar Stephen;Eric Kendricks
2020_04_MIN_HOU,4053,qb_kneel,-1.0,95.0,96.0,34.0,1:12,0:38,,23.0,31.0,1.0,10.0,"3 DL, 4 LB, 4 DB",;;;;;;;;;;,11,8,,,,,00-0033893;00-0032918;00-0027981;00-0035588;00-0029604;00-0029672;00-0034970;00-0034976;00-0034158;00-0031017;00-0030035,Dalvin Cook;C.J. Ham;Kyle Rudolph;Garrett Bradbury;Kirk Cousins;Riley Reiff;Irv Smith;Dru Samia;Brian O'Neill;Dakota Dozier;Adam Thielen,00-0033038;00-0032758;00-0032734;00-0027949;00-0033547;00-0031553;00-0033563;00-0034361;00-0031372;00-0034262;00-0029643,Eric Murray;Vernon Hargreaves III;Brennan Scarlett;J.J. Watt;Zach Cunningham;Benardrick McKinney;Carlos Watkins;Justin Reid;Bradley Roby;P.J. Hall;Whitney Mercilus
2020_04_MIN_HOU,4083,qb_kneel,-1.0,96.0,97.0,38.0,0:38,0:00,,23.0,31.0,2.0,11.0,"3 DL, 4 LB, 4 DB",;;;;;;;;;;,11,9,,,,,00-0033893;00-0032918;00-0027981;00-0035588;00-0029604;00-0029672;00-0034970;00-0034976;00-0034158;00-0031017;00-0030035,Dalvin Cook;C.J. Ham;Kyle Rudolph;Garrett Bradbury;Kirk Cousins;Riley Reiff;Irv Smith;Dru Samia;Brian O'Neill;Dakota Dozier;Adam Thielen,00-0033038;00-0032758;00-0032734;00-0027949;00-0033547;00-0031553;00-0033563;00-0034361;00-0031372;00-0034262;00-0029643,Eric Murray;Vernon Hargreaves III;Brennan Scarlett;J.J. Watt;Zach Cunningham;Benardrick McKinney;Carlos Watkins;Justin Reid;Bradley Roby;P.J. Hall;Whitney Mercilus
2020_04_MIN_HOU,4104,end_game,,,,0.0,0:00,0:00,,23.0,31.0,,0.0,,,0,,,,,,,,,
