game_id,play_id,play_type,yards_gained,starting_yard,ending_yard,time_of_play,time_on_clock_start,time_on_clock_end,timeout_team,home_team_score,away_team_score,down,yds_to_go,defense_personnel,defense_positions,n_defense,defenders_in_box,number_of_pass_rushers,defense_man_zone_type,defense_coverage_type,was_pressure,offense_player_ids,offense_player_names,defense_player_ids,defense_player_names
2021_05_LA_SEA,1,start_quarter_1,,,,0.0,15:00,15:00,,0.0,0.0,,0.0,,,0,,,,,,,,,
2021_05_LA_SEA,40,kickoff,0.0,35.0,35.0,6.0,15:00,14:54,,0.0,0.0,,0.0,,;;;;;;;;;;,11,,,,,,00-0028292;00-0036413;00-0036425;00-0035142;00-0035594;00-0035139;00-0031492;00-0034527;00-0035022;00-0036802;00-0035672,Nick Bellore;Darrell Taylor;DeeJay Dallas;Ugo Amadi;Travis Homer;Marquise Blair;Jason Myers;Ryan Neal;Penny Hart;Jon Rhattigan;Cody Barton,00-0036421;00-0036918;00-0033246;00-0035617;00-0036849;00-0036862;00-0036077;00-0035669;00-0034812;00-0036994;00-0036860,Terrell Burgess;Jacob Harris;Johnny Mundt;Troy Reeder;Tutu Atwell;Ben Skowronek;JuJu Hughes;Nick Scott;Travin Howard;Ernest Jones;Jake Funk
2021_05_LA_SEA,71,pass,-1.0,84.0,85.0,23.0,14:54,14:31,,0.0,0.0,1.0,10.0,"4 DL, 2 LB, 5 DB",;;;;;;;;;;,11,6,4,ZONE_COVERAGE,COVER_3,False,00-0032242;00-0034804;00-0033110;00-0035664;00-0035668;00-0033908;00-0036415;00-0026498;00-0024270;00-0030431;00-0034261,Rob Havenstein;Brian Allen;Tyler Higbee;Darrell Henderson;David Edwards;Cooper Kupp;Van Jefferson;Matthew Stafford;Andrew Whitworth;Robert Woods;Austin Corbett,00-0034384;00-0034831;00-0027723;00-0035142;00-0031608;00-0029255;00-0033872;00-0036409;00-0034234;00-0033543;00-0030946,D.J. Reed;Rasheem Green;Al Woods;Ugo Amadi;Quandre Diggs;Bobby Wagner;Jamal Adams;Jordyn Brooks;Poona Ford;Sidney Jones;Kerry Hyder
2021_05_LA_SEA,95,pass,16.0,85.0,69.0,34.0,14:31,13:57,,0.0,0.0,2.0,11.0,"4 DL, 2 LB, 5 DB",;;;;;;;;;;,11,6,4,ZONE_COVERAGE,COVER_6,False,00-0032242;00-0034804;00-0033110;00-0035664;00-0035668;00-0033908;00-0036415;00-0026498;00-0024270;00-0030431;00-0034261,Rob Havenstein;Brian Allen;Tyler Higbee;Darrell Henderson;David Edwards;Cooper Kupp;Van Jefferson;Matthew Stafford;Andrew Whitworth;Robert Woods;Austin Corbett,00-0034384;00-0034831;00-0027723;00-0035142;00-0031608;00-0029255;00-0033872;00-0036409;00-0034234;00-0033543;00-0030946,D.J. Reed;Rasheem Green;Al Woods;Ugo Amadi;Quandre Diggs;Bobby Wagner;Jamal Adams;Jordyn Brooks;Poona Ford;Sidney Jones;Kerry Hyder
2021_05_LA_SEA,123,run,1.0,69.0,68.0,41.0,13:57,13:16,,0.0,0.0,1.0,10.0,"4 DL, 2 LB, 5 DB",;;;;;;;;;;,11,7,,,,,00-0032242;00-0034804;00-0033110;00-0035664;00-0035668;00-0033908;00-0036415;00-0026498;00-0024270;00-0030431;00-0034261,Rob Havenstein;Brian Allen;Tyler Higbee;Darrell Henderson;David Edwards;Cooper Kupp;Van Jefferson;Matthew Stafford;Andrew Whitworth;Robert Woods;Austin Corbett,00-0034384;00-0034831;00-0027723;00-0035142;00-0031608;00-0029255;00-0033872;00-0036409;00-0034234;00-0033543;00-0030946,D.J. Reed;Rasheem Green;Al Woods;Ugo Amadi;Quandre Diggs;Bobby Wagner;Jamal Adams;Jordyn Brooks;Poona Ford;Sidney Jones;Kerry Hyder
2021_05_LA_SEA,144,run,4.0,68.0,64.0,43.0,13:16,12:33,,0.0,0.0,2.0,9.0,"4 DL, 2 LB, 5 DB",;;;;;;;;;;,11,7,,,,,00-0032242;00-0034804;00-0033110;00-0035664;00-0035668;00-0033908;00-0036415;00-0026498;00-0024270;00-0030431;00-0034261,Rob Havenstein;Brian Allen;Tyler Higbee;Darrell Henderson;David Edwards;Cooper Kupp;Van Jefferson;Matthew Stafford;Andrew Whitworth;Robert Woods;Austin Corbett,00-0034384;00-0034831;00-0027723;00-0035142;00-0031608;00-0029255;00-0033872;00-0036409;00-0033543;00-0034234;00-0030946,D.J. Reed;Rasheem Green;Al Woods;Ugo Amadi;Quandre Diggs;Bobby Wagner;Jamal Adams;Jordyn Brooks;Sidney Jones;Poona Ford;Kerry Hyder
2021_05_LA_SEA,165,pass,0.0,64.0,64.0,4.0,12:33,12:29,,0.0,0.0,3.0,5.0,"4 DL, 2 LB, 5 DB",;;;;;;;;;;,11,6,5,MAN_COVERAGE,COVER_1,False,00-0032242;00-0034804;00-0033110;00-0035664;00-0035668;00-0033908;00-0036415;00-0026498;00-0024270;00-0030431;00-0034261,Rob Havenstein;Brian Allen;Tyler Higbee;Darrell Henderson;David Edwards;Cooper Kupp;Van Jefferson;Matthew Stafford;Andrew Whitworth;Robert Woods;Austin Corbett,00-0034384;00-0034831;00-0027723;00-0035142;00-0031608;00-0029255;00-0033872;00-0036409;00-0033543;00-0034234;00-0030946,D.J. Reed;Rasheem Green;Al Woods;Ugo Amadi;Quandre Diggs;Bobby Wagner;Jamal Adams;Jordyn Brooks;Sidney Jones;Poona Ford;Kerry Hyder
2021_05_LA_SEA,202,punt,0.0,64.0,64.0,13.0,12:29,12:16,,0.0,0.0,4.0,5.0,,;;;;;;;;;;,11,,,,,,00-0035118;00-0036918;00-0035933;00-0033246;00-0035617;00-0036862;00-0035669;00-0034812;00-0036994;00-0036860;00-0028872,Matthew Orzech;Jacob Harris;Michael Hoecht;Johnny Mundt;Troy Reeder;Ben Skowronek;Nick Scott;Travin Howard;Ernest Jones;Jake Funk;Johnny Hekker,00-0028292;00-0034756;00-0036425;00-0035142;00-0035294;00-0036247;00-0035594;00-0035022;00-0034527;00-0036802;00-0035672,Nick Bellore;Tre Flowers;DeeJay Dallas;Ugo Amadi;Blessuan Austin;Freddie Swain;Travis Homer;Penny Hart;Ryan Neal;Jon Rhattigan;Cody Barton
2021_05_LA_SEA,227,pass,25.0,75.0,50.0,26.0,12:16,11:50,,0.0,0.0,1.0,10.0,"4 DL, 2 LB, 5 DB",;;;;;;;;;;,11,6,4,ZONE_COVERAGE,COVER_3,False,00-0033592;00-0032426;00-0035640;00-0032211;00-0034159;00-0029263;00-0036247;00-0026166;00-0032420;00-0036417;00-0031367,Kyle Fuller;Alex Collins;DK Metcalf;Tyler Lockett;Will Dissly;Russell Wilson;Freddie Swain;Duane Brown;Brandon Shell;Damien Lewis;Gabe Jackson,00-0033072;00-0035933;00-0035663;00-0035667;00-0034266;00-0031388;00-0036904;00-0034810;00-0034203;00-0033055;00-0036431,Leonard Floyd;Michael Hoecht;Taylor Rapp;Greg Gaines;Kenny Young;Aaron Donald;Robert Rochell;Sebastian Joseph-Day;Darious Williams;Jalen Ramsey;Jordan Fuller
2021_05_LA_SEA,251,run,3.0,50.0,47.0,27.0,11:50,11:23,,0.0,0.0,1.0,10.0,"4 DL, 2 LB, 5 DB",;;;;;;;;;;,11,5,,,,,00-0033592;00-0032426;00-0032211;00-0034159;00-0029263;00-0036247;00-0026166;00-0032420;00-0035022;00-0036417;00-0031367,Kyle Fuller;Alex Collins;Tyler Lockett;Will Dissly;Russell Wilson;Freddie Swain;Duane Brown;Brandon Shell;Penny Hart;Damien Lewis;Gabe Jackson,00-0033072;00-0035933;00-0035663;00-0035667;00-0034266;00-0031388;00-0036904;00-0034810;00-0034203;00-0033055;00-0036431,Leonard Floyd;Michael Hoecht;Taylor Rapp;Greg Gaines;Kenny Young;Aaron Donald;Robert Rochell;Sebastian Joseph-Day;Darious Williams;Jalen Ramsey;Jordan Fuller
2021_05_LA_SEA,272,pass,4.0,47.0,43.0,35.0,11:23,10:48,,0.0,0.0,2.0,7.0,"2 DL, 4 LB, 5 DB",;;;;;;;;;;,11,5,4,MAN_COVERAGE,COVER_1,False,00-0033592;00-0032426;00-0032211;00-0034159;00-0029263;00-0036247;00-0026166;00-0032420;00-0035022;00-0036417;00-0031367,Kyle Fuller;Alex Collins;Tyler Lockett;Will Dissly;Russell Wilson;Freddie Swain;Duane Brown;Brandon Shell;Penny Hart;Damien Lewis;Gabe Jackson,00-0033072;00-0035663;00-0035617;00-0036419;00-0034266;00-0031388;00-0036904;00-0034810;00-0034203;00-0033055;00-0036431,Leonard Floyd;Taylor Rapp;Troy Reeder;Terrell Lewis;Kenny Young;Aaron Donald;Robert Rochell;Sebastian Joseph-Day;Darious Williams;Jalen Ramsey;Jordan Fuller
2021_05_LA_SEA,301,pass,0.0,43.0,43.0,7.0,10:48,10:41,,0.0,0.0,3.0,3.0,"2 DL, 4 LB, 5 DB",;;;;;;;;;;,11,6,4,MAN_COVERAGE,COVER_1,True,00-0033592;00-0032426;00-0035640;00-0032211;00-0034159;00-0029263;00-0036247;00-0026166;00-0032420;00-0036417;00-0031367,Kyle Fuller;Alex Collins;DK Metcalf;Tyler Lockett;Will Dissly;Russell Wilson;Freddie Swain;Duane Brown;Brandon Shell;Damien Lewis;Gabe Jackson,00-0033072;00-0035663;00-0035617;00-0036419;00-0034266;00-0031388;00-0036904;00-0034810;00-0034203;00-0033055;00-0036431,Leonard Floyd;Taylor Rapp;Troy Reeder;Terrell Lewis;Kenny Young;Aaron Donald;Robert Rochell;Sebastian Joseph-Day;Darious Williams;Jalen Ramsey;Jordan Fuller
2021_05_LA_SEA,323,punt,0.0,43.0,43.0,7.0,10:41,10:34,,0.0,0.0,4.0,3.0,,;;;;;;;;;;,11,,,,,,00-0028292;00-0036425;00-0034160;00-0034159;00-0035594;00-0036409;00-0031156;00-0035139;00-0034527;00-0036802;00-0035672,Nick Bellore;DeeJay Dallas;Michael Dickson;Will Dissly;Travis Homer;Jordyn Brooks;Tyler Ott;Marquise Blair;Ryan Neal;Jon Rhattigan;Cody Barton,00-0036421;00-0035933;00-0032889;00-0035617;00-0035944;00-0033908;00-0034807;00-0035669;00-0034812;00-0036994;00-0033055,Terrell Burgess;Michael Hoecht;A'Shawn Robinson;Troy Reeder;Jonah Williams;Cooper Kupp;Ogbo Okoronkwo;Nick Scott;Travin Howard;Ernest Jones;Jalen Ramsey
2021_05_LA_SEA,347,pass,11.0,88.0,77.0,38.0,10:34,9:56,,0.0,0.0,1.0,10.0,"3 DL, 3 LB, 5 DB",;;;;;;;;;;,11,7,6,ZONE_COVERAGE,COVER_3,False,00-0032242;00-0034804;00-0033110;00-0026189;00-0035664;00-0035668;00-0033908;00-0026498;00-0030431;00-0024270;00-0034261,Rob Havenstein;Brian Allen;Tyler Higbee;DeSean Jackson;Darrell Henderson;David Edwards;Cooper Kupp;Matthew Stafford;Robert Woods;Andrew Whitworth;Austin Corbett,00-0034384;00-0027662;00-0027723;00-0031608;00-0029255;00-0033872;00-0036409;00-0035139;00-0033543;00-0034234;00-0030946,D.J. Reed;Carlos Dunlap;Al Woods;Quandre Diggs;Bobby Wagner;Jamal Adams;Jordyn Brooks;Marquise Blair;Sidney Jones;Poona Ford;Kerry Hyder
2021_05_LA_SEA,372,pass,9.0,77.0,68.0,41.0,9:56,9:15,,0.0,0.0,1.0,10.0,"3 DL, 3 LB, 5 DB",;;;;;;;;;;,11,4,4,ZONE_COVERAGE,COVER_3,False,00-0032242;00-0034804;00-0033110;00-0026189;00-0035664;00-0035668;00-0033908;00-0026498;00-0030431;00-0024270;00-0034261,Rob Havenstein;Brian Allen;Tyler Higbee;DeSean Jackson;Darrell Henderson;David Edwards;Cooper Kupp;Matthew Stafford;Robert Woods;Andrew Whitworth;Austin Corbett,00-0034384;00-0027662;00-0027723;00-0031608;00-0029255;00-0033872;00-0036409;00-0035139;00-0033543;00-0034234;00-0030946,D.J. Reed;Carlos Dunlap;Al Woods;Quandre Diggs;Bobby Wagner;Jamal Adams;Jordyn Brooks;Marquise Blair;Sidney Jones;Poona Ford;Kerry Hyder
2021_05_LA_SEA,396,run,3.0,68.0,65.0,46.0,9:15,8:29,,0.0,0.0,2.0,1.0,"3 DL, 4 LB, 4 DB",;;;;;;;;;;,11,8,,,,,00-0032242;00-0034804;00-0033246;00-0033110;00-0035664;00-0035668;00-0033908;00-0026498;00-0030431;00-0024270;00-0034261,Rob Havenstein;Brian Allen;Johnny Mundt;Tyler Higbee;Darrell Henderson;David Edwards;Cooper Kupp;Matthew Stafford;Robert Woods;Andrew Whitworth;Austin Corbett,00-0034384;00-0027662;00-0027723;00-0031608;00-0029255;00-0033872;00-0036409;00-0033543;00-0034234;00-0030380;00-0030946,D.J. Reed;Carlos Dunlap;Al Woods;Quandre Diggs;Bobby Wagner;Jamal Adams;Jordyn Brooks;Sidney Jones;Poona Ford;Benson Mayowa;Kerry Hyder
2021_05_LA_SEA,417,pass,4.0,65.0,61.0,44.0,8:29,7:45,,0.0,0.0,1.0,10.0,"3 DL, 4 LB, 4 DB",;;;;;;;;;;,11,6,5,ZONE_COVERAGE,COVER_3,False,00-0032242;00-0034804;00-0033246;00-0033110;00-0026189;00-0035664;00-0035668;00-0033908;00-0026498;00-0024270;00-0034261,Rob Havenstein;Brian Allen;Johnny Mundt;Tyler Higbee;DeSean Jackson;Darrell Henderson;David Edwards;Cooper Kupp;Matthew Stafford;Andrew Whitworth;Austin Corbett,00-0034384;00-0027662;00-0027723;00-0031608;00-0029255;00-0033872;00-0036409;00-0033543;00-0034234;00-0030380;00-0030946,D.J. Reed;Carlos Dunlap;Al Woods;Quandre Diggs;Bobby Wagner;Jamal Adams;Jordyn Brooks;Sidney Jones;Poona Ford;Benson Mayowa;Kerry Hyder
2021_05_LA_SEA,441,run,-3.0,61.0,64.0,21.0,7:45,7:24,,0.0,0.0,2.0,6.0,"3 DL, 3 LB, 5 DB",;;;;;;;;;;,11,6,,,,,00-0032242;00-0034804;00-0033110;00-0035664;00-0035668;00-0033908;00-0036415;00-0026498;00-0024270;00-0030431;00-0034261,Rob Havenstein;Brian Allen;Tyler Higbee;Darrell Henderson;David Edwards;Cooper Kupp;Van Jefferson;Matthew Stafford;Andrew Whitworth;Robert Woods;Austin Corbett,00-0034384;00-0035636;00-0027662;00-0035094;00-0031608;00-0029255;00-0033872;00-0036409;00-0035139;00-0033543;00-0030946,D.J. Reed;L.J. Collier;Carlos Dunlap;Bryan Mone;Quandre Diggs;Bobby Wagner;Jamal Adams;Jordyn Brooks;Marquise Blair;Sidney Jones;Kerry Hyder
2021_05_LA_SEA,462,pass,0.0,64.0,64.0,5.0,7:24,7:19,,0.0,0.0,3.0,9.0,"3 DL, 2 LB, 6 DB",;;;;;;;;;;,11,6,6,MAN_COVERAGE,COVER_1,True,00-0032242;00-0034804;00-0033110;00-0035664;00-0035668;00-0033908;00-0036415;00-0026498;00-0024270;00-0030431;00-0034261,Rob Havenstein;Brian Allen;Tyler Higbee;Darrell Henderson;David Edwards;Cooper Kupp;Van Jefferson;Matthew Stafford;Andrew Whitworth;Robert Woods;Austin Corbett,00-0034384;00-0035636;00-0027662;00-0035094;00-0031608;00-0029255;00-0033872;00-0035139;00-0034527;00-0033543;00-0030946,D.J. Reed;L.J. Collier;Carlos Dunlap;Bryan Mone;Quandre Diggs;Bobby Wagner;Jamal Adams;Marquise Blair;Ryan Neal;Sidney Jones;Kerry Hyder
2021_05_LA_SEA,484,punt,0.0,64.0,64.0,8.0,7:19,7:11,,0.0,0.0,4.0,9.0,,;;;;;;;;;;,11,,,,,,00-0035118;00-0036918;00-0035933;00-0033246;00-0035617;00-0036862;00-0035669;00-0034812;00-0036994;00-0036860;00-0028872,Matthew Orzech;Jacob Harris;Michael Hoecht;Johnny Mundt;Troy Reeder;Ben Skowronek;Nick Scott;Travin Howard;Ernest Jones;Jake Funk;Johnny Hekker,00-0028292;00-0034756;00-0036425;00-0035294;00-0036247;00-0035594;00-0035022;00-0034527;00-0033543;00-0036802;00-0035672,Nick Bellore;Tre Flowers;DeeJay Dallas;Blessuan Austin;Freddie Swain;Travis Homer;Penny Hart;Ryan Neal;Sidney Jones;Jon Rhattigan;Cody Barton
2021_05_LA_SEA,502,run,13.0,81.0,68.0,40.0,7:11,6:31,,0.0,0.0,1.0,10.0,"3 DL, 4 LB, 4 DB",;;;;;;;;;;,11,7,,,,,00-0033592;00-0032426;00-0035640;00-0032211;00-0034159;00-0029263;00-0026166;00-0032420;00-0036244;00-0036417;00-0031367,Kyle Fuller;Alex Collins;DK Metcalf;Tyler Lockett;Will Dissly;Russell Wilson;Duane Brown;Brandon Shell;Colby Parkinson;Damien Lewis;Gabe Jackson,00-0033072;00-0035663;00-0032889;00-0036419;00-0035617;00-0034266;00-0031388;00-0034810;00-0034203;00-0033055;00-0036431,Leonard Floyd;Taylor Rapp;A'Shawn Robinson;Terrell Lewis;Troy Reeder;Kenny Young;Aaron Donald;Sebastian Joseph-Day;Darious Williams;Jalen Ramsey;Jordan Fuller
2021_05_LA_SEA,523,pass,0.0,68.0,68.0,4.0,6:31,6:27,,0.0,0.0,1.0,10.0,"3 DL, 4 LB, 4 DB",;;;;;;;;;;,11,7,5,ZONE_COVERAGE,COVER_3,False,00-0033592;00-0032426;00-0035640;00-0032211;00-0034159;00-0029263;00-0026166;00-0032420;00-0036244;00-0036417;00-0031367,Kyle Fuller;Alex Collins;DK Metcalf;Tyler Lockett;Will Dissly;Russell Wilson;Duane Brown;Brandon Shell;Colby Parkinson;Damien Lewis;Gabe Jackson,00-0033072;00-0035663;00-0032889;00-0036419;00-0035617;00-0034266;00-0031388;00-0034810;00-0034203;00-0033055;00-0036431,Leonard Floyd;Taylor Rapp;A'Shawn Robinson;Terrell Lewis;Troy Reeder;Kenny Young;Aaron Donald;Sebastian Joseph-Day;Darious Williams;Jalen Ramsey;Jordan Fuller
2021_05_LA_SEA,545,no_play,0.0,68.0,68.0,4.0,6:27,6:23,,0.0,0.0,2.0,10.0,"2 DL, 4 LB, 5 DB",;;;;;;;;;;,11,6,,,,,00-0033592;00-0032426;00-0035640;00-0032211;00-0034159;00-0029263;00-0026166;00-0032420;00-0036244;00-0036417;00-0031367,Kyle Fuller;Alex Collins;DK Metcalf;Tyler Lockett;Will Dissly;Russell Wilson;Duane Brown;Brandon Shell;Colby Parkinson;Damien Lewis;Gabe Jackson,00-0033072;00-0035663;00-0035617;00-0036419;00-0034266;00-0031388;00-0036904;00-0034810;00-0034203;00-0033055;00-0036431,Leonard Floyd;Taylor Rapp;Troy Reeder;Terrell Lewis;Kenny Young;Aaron Donald;Robert Rochell;Sebastian Joseph-Day;Darious Williams;Jalen Ramsey;Jordan Fuller
2021_05_LA_SEA,578,run,1.0,63.0,62.0,40.0,6:23,5:43,,0.0,0.0,1.0,10.0,"4 DL, 2 LB, 5 DB",;;;;;;;;;;,11,5,,,,,00-0033592;00-0032426;00-0035640;00-0036425;00-0034159;00-0029263;00-0036247;00-0026166;00-0032420;00-0036417;00-0031367,Kyle Fuller;Alex Collins;DK Metcalf;DeeJay Dallas;Will Dissly;Russell Wilson;Freddie Swain;Duane Brown;Brandon Shell;Damien Lewis;Gabe Jackson,00-0033072;00-0035933;00-0035663;00-0035667;00-0034266;00-0036904;00-0031388;00-0034810;00-0034203;00-0033055;00-0036431,Leonard Floyd;Michael Hoecht;Taylor Rapp;Greg Gaines;Kenny Young;Robert Rochell;Aaron Donald;Sebastian Joseph-Day;Darious Williams;Jalen Ramsey;Jordan Fuller
2021_05_LA_SEA,599,pass,25.0,62.0,37.0,39.0,5:43,5:04,,0.0,0.0,2.0,9.0,"2 DL, 4 LB, 5 DB",;;;;;;;;;;,11,5,4,ZONE_COVERAGE,COVER_6,True,00-0033592;00-0032426;00-0035640;00-0036425;00-0034159;00-0029263;00-0036247;00-0026166;00-0032420;00-0036417;00-0031367,Kyle Fuller;Alex Collins;DK Metcalf;DeeJay Dallas;Will Dissly;Russell Wilson;Freddie Swain;Duane Brown;Brandon Shell;Damien Lewis;Gabe Jackson,00-0033072;00-0035663;00-0035617;00-0036419;00-0034266;00-0031388;00-0036904;00-0034810;00-0034203;00-0033055;00-0036431,Leonard Floyd;Taylor Rapp;Troy Reeder;Terrell Lewis;Kenny Young;Aaron Donald;Robert Rochell;Sebastian Joseph-Day;Darious Williams;Jalen Ramsey;Jordan Fuller
2021_05_LA_SEA,623,run,4.0,37.0,33.0,34.0,5:04,4:30,,0.0,0.0,1.0,10.0,"4 DL, 2 LB, 5 DB",;;;;;;;;;;,11,6,,,,,00-0033592;00-0032426;00-0035640;00-0032211;00-0029263;00-0036247;00-0026166;00-0032420;00-0036417;00-0036244;00-0031367,Kyle Fuller;Alex Collins;DK Metcalf;Tyler Lockett;Russell Wilson;Freddie Swain;Duane Brown;Brandon Shell;Damien Lewis;Colby Parkinson;Gabe Jackson,00-0033072;00-0035933;00-0035663;00-0035667;00-0034266;00-0031388;00-0036904;00-0034810;00-0034203;00-0033055;00-0036431,Leonard Floyd;Michael Hoecht;Taylor Rapp;Greg Gaines;Kenny Young;Aaron Donald;Robert Rochell;Sebastian Joseph-Day;Darious Williams;Jalen Ramsey;Jordan Fuller
2021_05_LA_SEA,649,run,4.0,33.0,29.0,41.0,4:30,3:49,,0.0,0.0,2.0,6.0,"4 DL, 2 LB, 5 DB",;;;;;;;;;;,11,5,,,,,00-0033592;00-0032426;00-0035640;00-0032211;00-0029263;00-0036247;00-0026166;00-0032420;00-0036417;00-0036244;00-0031367,Kyle Fuller;Alex Collins;DK Metcalf;Tyler Lockett;Russell Wilson;Freddie Swain;Duane Brown;Brandon Shell;Damien Lewis;Colby Parkinson;Gabe Jackson,00-0033072;00-0035933;00-0035663;00-0035667;00-0034266;00-0031388;00-0036904;00-0034810;00-0034203;00-0033055;00-0036431,Leonard Floyd;Michael Hoecht;Taylor Rapp;Greg Gaines;Kenny Young;Aaron Donald;Robert Rochell;Sebastian Joseph-Day;Darious Williams;Jalen Ramsey;Jordan Fuller
2021_05_LA_SEA,671,run,0.0,29.0,29.0,43.0,3:49,3:06,,0.0,0.0,3.0,2.0,"3 DL, 3 LB, 5 DB",;;;;;;;;;;,11,6,,,,,00-0033592;00-0032426;00-0035640;00-0036425;00-0029263;00-0036247;00-0026166;00-0032420;00-0036417;00-0036244;00-0031367,Kyle Fuller;Alex Collins;DK Metcalf;DeeJay Dallas;Russell Wilson;Freddie Swain;Duane Brown;Brandon Shell;Damien Lewis;Colby Parkinson;Gabe Jackson,00-0033072;00-0035663;00-0035617;00-0035944;00-0034807;00-0031388;00-0036904;00-0034203;00-0034810;00-0033055;00-0036431,Leonard Floyd;Taylor Rapp;Troy Reeder;Jonah Williams;Ogbo Okoronkwo;Aaron Donald;Robert Rochell;Darious Williams;Sebastian Joseph-Day;Jalen Ramsey;Jordan Fuller
2021_05_LA_SEA,692,run,-1.0,29.0,30.0,7.0,3:06,2:59,,0.0,0.0,4.0,2.0,"3 DL, 3 LB, 5 DB",;;;;;;;;;;,11,7,,,,,00-0033592;00-0036059;00-0032426;00-0034159;00-0029263;00-0036247;00-0026166;00-0032420;00-0036417;00-0036244;00-0031367,Kyle Fuller;Tyler Mabry;Alex Collins;Will Dissly;Russell Wilson;Freddie Swain;Duane Brown;Brandon Shell;Damien Lewis;Colby Parkinson;Gabe Jackson,00-0033072;00-0035663;00-0035617;00-0035944;00-0034807;00-0031388;00-0036904;00-0034810;00-0034203;00-0033055;00-0036431,Leonard Floyd;Taylor Rapp;Troy Reeder;Jonah Williams;Ogbo Okoronkwo;Aaron Donald;Robert Rochell;Sebastian Joseph-Day;Darious Williams;Jalen Ramsey;Jordan Fuller
2021_05_LA_SEA,713,run,10.0,70.0,60.0,23.0,2:59,2:36,,0.0,0.0,1.0,10.0,"4 DL, 2 LB, 5 DB",;;;;;;;;;;,11,8,,,,,00-0032242;00-0034804;00-0033110;00-0026189;00-0035664;00-0035668;00-0033908;00-0026498;00-0024270;00-0030431;00-0034261,Rob Havenstein;Brian Allen;Tyler Higbee;DeSean Jackson;Darrell Henderson;David Edwards;Cooper Kupp;Matthew Stafford;Andrew Whitworth;Robert Woods;Austin Corbett,00-0034384;00-0034831;00-0035636;00-0035094;00-0036413;00-0035142;00-0031608;00-0029255;00-0033872;00-0036409;00-0033543,D.J. Reed;Rasheem Green;L.J. Collier;Bryan Mone;Darrell Taylor;Ugo Amadi;Quandre Diggs;Bobby Wagner;Jamal Adams;Jordyn Brooks;Sidney Jones
2021_05_LA_SEA,734,pass,0.0,60.0,60.0,6.0,2:36,2:30,,0.0,0.0,1.0,10.0,"4 DL, 2 LB, 5 DB",;;;;;;;;;;,11,7,4,ZONE_COVERAGE,COVER_3,False,00-0032242;00-0034804;00-0033110;00-0026189;00-0035664;00-0035668;00-0033908;00-0026498;00-0024270;00-0030431;00-0034261,Rob Havenstein;Brian Allen;Tyler Higbee;DeSean Jackson;Darrell Henderson;David Edwards;Cooper Kupp;Matthew Stafford;Andrew Whitworth;Robert Woods;Austin Corbett,00-0034384;00-0034831;00-0035636;00-0035094;00-0036413;00-0035142;00-0031608;00-0029255;00-0033872;00-0036409;00-0033543,D.J. Reed;Rasheem Green;L.J. Collier;Bryan Mone;Darrell Taylor;Ugo Amadi;Quandre Diggs;Bobby Wagner;Jamal Adams;Jordyn Brooks;Sidney Jones
2021_05_LA_SEA,756,pass,17.0,60.0,43.0,31.0,2:30,1:59,,0.0,0.0,2.0,10.0,"4 DL, 2 LB, 5 DB",;;;;;;;;;;,11,6,5,ZONE_COVERAGE,COVER_3,False,00-0032242;00-0034804;00-0033110;00-0026189;00-0035664;00-0035668;00-0033908;00-0026498;00-0024270;00-0030431;00-0034261,Rob Havenstein;Brian Allen;Tyler Higbee;DeSean Jackson;Darrell Henderson;David Edwards;Cooper Kupp;Matthew Stafford;Andrew Whitworth;Robert Woods;Austin Corbett,00-0034384;00-0035636;00-0034831;00-0035094;00-0036413;00-0035142;00-0031608;00-0029255;00-0033872;00-0036409;00-0033543,D.J. Reed;L.J. Collier;Rasheem Green;Bryan Mone;Darrell Taylor;Ugo Amadi;Quandre Diggs;Bobby Wagner;Jamal Adams;Jordyn Brooks;Sidney Jones
2021_05_LA_SEA,780,pass,-7.0,43.0,50.0,46.0,1:59,1:13,,0.0,0.0,1.0,10.0,"4 DL, 2 LB, 5 DB",;;;;;;;;;;,11,6,4,,,,00-0032242;00-0034804;00-0033110;00-0026189;00-0035664;00-0035668;00-0033908;00-0026498;00-0024270;00-0030431;00-0034261,Rob Havenstein;Brian Allen;Tyler Higbee;DeSean Jackson;Darrell Henderson;David Edwards;Cooper Kupp;Matthew Stafford;Andrew Whitworth;Robert Woods;Austin Corbett,00-0034384;00-0034831;00-0035636;00-0035094;00-0036413;00-0035142;00-0031608;00-0029255;00-0033872;00-0036409;00-0033543,D.J. Reed;Rasheem Green;L.J. Collier;Bryan Mone;Darrell Taylor;Ugo Amadi;Quandre Diggs;Bobby Wagner;Jamal Adams;Jordyn Brooks;Sidney Jones
2021_05_LA_SEA,799,pass,17.0,50.0,33.0,41.0,1:13,0:32,,0.0,0.0,2.0,17.0,"4 DL, 2 LB, 5 DB",;;;;;;;;;;,11,6,4,ZONE_COVERAGE,COVER_6,False,00-0032242;00-0034804;00-0033110;00-0035668;00-0033908;00-0036415;00-0034845;00-0026498;00-0024270;00-0030431;00-0034261,Rob Havenstein;Brian Allen;Tyler Higbee;David Edwards;Cooper Kupp;Van Jefferson;Sony Michel;Matthew Stafford;Andrew Whitworth;Robert Woods;Austin Corbett,00-0034384;00-0034831;00-0036413;00-0027723;00-0035142;00-0031608;00-0029255;00-0033872;00-0036409;00-0033543;00-0034234,D.J. Reed;Rasheem Green;Darrell Taylor;Al Woods;Ugo Amadi;Quandre Diggs;Bobby Wagner;Jamal Adams;Jordyn Brooks;Sidney Jones;Poona Ford
2021_05_LA_SEA,823,pass,25.0,33.0,8.0,32.0,0:32,0:00,,0.0,0.0,1.0,10.0,"4 DL, 2 LB, 5 DB",;;;;;;;;;;,11,4,4,MAN_COVERAGE,2_MAN,False,00-0032242;00-0034804;00-0033110;00-0035668;00-0033908;00-0036415;00-0034845;00-0026498;00-0024270;00-0030431;00-0034261,Rob Havenstein;Brian Allen;Tyler Higbee;David Edwards;Cooper Kupp;Van Jefferson;Sony Michel;Matthew Stafford;Andrew Whitworth;Robert Woods;Austin Corbett,00-0034384;00-0034831;00-0036413;00-0027723;00-0035142;00-0031608;00-0029255;00-0033872;00-0036409;00-0033543;00-0034234,D.J. Reed;Rasheem Green;Darrell Taylor;Al Woods;Ugo Amadi;Quandre Diggs;Bobby Wagner;Jamal Adams;Jordyn Brooks;Sidney Jones;Poona Ford
2021_05_LA_SEA,852,start_quarter_2,,,,0.0,0:00,0:00,,0.0,0.0,,0.0,,,0,,,,,,,,,
2021_05_LA_SEA,871,pass,0.0,8.0,8.0,3.0,15:00,14:57,,0.0,0.0,1.0,8.0,"4 DL, 3 LB, 4 DB",;;;;;;;;;;,11,8,4,ZONE_COVERAGE,COVER_3,False,00-0032242;00-0034804;00-0033246;00-0033110;00-0035664;00-0035668;00-0036415;00-0026498;00-0024270;00-0030431;00-0034261,Rob Havenstein;Brian Allen;Johnny Mundt;Tyler Higbee;Darrell Henderson;David Edwards;Van Jefferson;Matthew Stafford;Andrew Whitworth;Robert Woods;Austin Corbett,00-0034384;00-0036413;00-0027723;00-0031608;00-0029255;00-0033872;00-0036409;00-0033543;00-0034234;00-0030380;00-0030946,D.J. Reed;Darrell Taylor;Al Woods;Quandre Diggs;Bobby Wagner;Jamal Adams;Jordyn Brooks;Sidney Jones;Poona Ford;Benson Mayowa;Kerry Hyder
2021_05_LA_SEA,893,turnover,0.0,8.0,8.0,10.0,14:57,14:47,,0.0,0.0,2.0,8.0,"4 DL, 3 LB, 4 DB",;;;;;;;;;;,11,6,4,MAN_COVERAGE,COVER_1,True,00-0032242;00-0034804;00-0033110;00-0035664;00-0035668;00-0033908;00-0036415;00-0026498;00-0024270;00-0030431;00-0034261,Rob Havenstein;Brian Allen;Tyler Higbee;Darrell Henderson;David Edwards;Cooper Kupp;Van Jefferson;Matthew Stafford;Andrew Whitworth;Robert Woods;Austin Corbett,00-0034384;00-0036413;00-0027723;00-0031608;00-0029255;00-0033872;00-0036409;00-0034234;00-0033543;00-0030380;00-0030946,D.J. Reed;Darrell Taylor;Al Woods;Quandre Diggs;Bobby Wagner;Jamal Adams;Jordyn Brooks;Poona Ford;Sidney Jones;Benson Mayowa;Kerry Hyder
2021_05_LA_SEA,920,run,7.0,80.0,73.0,34.0,14:47,14:13,,0.0,0.0,1.0,10.0,"4 DL, 2 LB, 5 DB",;;;;;;;;;;,11,6,4,,,,00-0033592;00-0032426;00-0035640;00-0032211;00-0034159;00-0029263;00-0036247;00-0026166;00-0032420;00-0036417;00-0031367,Kyle Fuller;Alex Collins;DK Metcalf;Tyler Lockett;Will Dissly;Russell Wilson;Freddie Swain;Duane Brown;Brandon Shell;Damien Lewis;Gabe Jackson,00-0033072;00-0035933;00-0035663;00-0035667;00-0034266;00-0036904;00-0031388;00-0034810;00-0034203;00-0033055;00-0036431,Leonard Floyd;Michael Hoecht;Taylor Rapp;Greg Gaines;Kenny Young;Robert Rochell;Aaron Donald;Sebastian Joseph-Day;Darious Williams;Jalen Ramsey;Jordan Fuller
2021_05_LA_SEA,946,run,4.0,73.0,69.0,33.0,14:13,13:40,,0.0,0.0,2.0,3.0,"3 DL, 4 LB, 4 DB",;;;;;;;;;;,11,7,,,,,00-0033592;00-0032426;00-0035640;00-0032211;00-0034159;00-0029263;00-0026166;00-0032420;00-0036417;00-0036244;00-0031367,Kyle Fuller;Alex Collins;DK Metcalf;Tyler Lockett;Will Dissly;Russell Wilson;Duane Brown;Brandon Shell;Damien Lewis;Colby Parkinson;Gabe Jackson,00-0033072;00-0035663;00-0032889;00-0035617;00-0035667;00-0034266;00-0034807;00-0031388;00-0034203;00-0033055;00-0036431,Leonard Floyd;Taylor Rapp;A'Shawn Robinson;Troy Reeder;Greg Gaines;Kenny Young;Ogbo Okoronkwo;Aaron Donald;Darious Williams;Jalen Ramsey;Jordan Fuller
2021_05_LA_SEA,967,run,2.0,69.0,67.0,39.0,13:40,13:01,,0.0,0.0,1.0,10.0,"3 DL, 4 LB, 4 DB",;;;;;;;;;;,11,7,,,,,00-0033592;00-0032426;00-0035640;00-0032211;00-0034159;00-0029263;00-0026166;00-0032420;00-0036417;00-0036244;00-0031367,Kyle Fuller;Alex Collins;DK Metcalf;Tyler Lockett;Will Dissly;Russell Wilson;Duane Brown;Brandon Shell;Damien Lewis;Colby Parkinson;Gabe Jackson,00-0033072;00-0035663;00-0032889;00-0035617;00-0035667;00-0034266;00-0034807;00-0031388;00-0034203;00-0033055;00-0036431,Leonard Floyd;Taylor Rapp;A'Shawn Robinson;Troy Reeder;Greg Gaines;Kenny Young;Ogbo Okoronkwo;Aaron Donald;Darious Williams;Jalen Ramsey;Jordan Fuller
2021_05_LA_SEA,988,turnover,0.0,67.0,67.0,8.0,13:01,12:53,,0.0,0.0,2.0,8.0,"2 DL, 4 LB, 5 DB",;;;;;;;;;;,11,4,4,ZONE_COVERAGE,COVER_3,False,00-0033592;00-0032426;00-0032211;00-0034159;00-0029263;00-0026166;00-0032420;00-0035022;00-0036244;00-0036417;00-0031367,Kyle Fuller;Alex Collins;Tyler Lockett;Will Dissly;Russell Wilson;Duane Brown;Brandon Shell;Penny Hart;Colby Parkinson;Damien Lewis;Gabe Jackson,00-0033072;00-0035663;00-0035617;00-0034266;00-0034807;00-0031388;00-0036904;00-0034810;00-0034203;00-0033055;00-0036431,Leonard Floyd;Taylor Rapp;Troy Reeder;Kenny Young;Ogbo Okoronkwo;Aaron Donald;Robert Rochell;Sebastian Joseph-Day;Darious Williams;Jalen Ramsey;Jordan Fuller
2021_05_LA_SEA,1014,pass,0.0,52.0,52.0,7.0,12:53,12:46,,0.0,0.0,1.0,10.0,"4 DL, 3 LB, 4 DB",;;;;;;;;;;,11,8,4,ZONE_COVERAGE,COVER_3,True,00-0032242;00-0034804;00-0033246;00-0033110;00-0035664;00-0035668;00-0036415;00-0026498;00-0024270;00-0030431;00-0034261,Rob Havenstein;Brian Allen;Johnny Mundt;Tyler Higbee;Darrell Henderson;David Edwards;Van Jefferson;Matthew Stafford;Andrew Whitworth;Robert Woods;Austin Corbett,00-0034384;00-0034831;00-0027723;00-0031608;00-0029255;00-0033872;00-0036409;00-0033543;00-0034234;00-0030380;00-0030946,D.J. Reed;Rasheem Green;Al Woods;Quandre Diggs;Bobby Wagner;Jamal Adams;Jordyn Brooks;Sidney Jones;Poona Ford;Benson Mayowa;Kerry Hyder
2021_05_LA_SEA,1036,pass,5.0,52.0,47.0,52.0,12:46,11:54,,0.0,0.0,2.0,10.0,"4 DL, 2 LB, 5 DB",;;;;;;;;;;,11,6,4,ZONE_COVERAGE,COVER_6,False,00-0032242;00-0034804;00-0033110;00-0026189;00-0035664;00-0035668;00-0033908;00-0026498;00-0030431;00-0024270;00-0034261,Rob Havenstein;Brian Allen;Tyler Higbee;DeSean Jackson;Darrell Henderson;David Edwards;Cooper Kupp;Matthew Stafford;Robert Woods;Andrew Whitworth;Austin Corbett,00-0034384;00-0034831;00-0027723;00-0031608;00-0029255;00-0033872;00-0036409;00-0035139;00-0033543;00-0034234;00-0030946,D.J. Reed;Rasheem Green;Al Woods;Quandre Diggs;Bobby Wagner;Jamal Adams;Jordyn Brooks;Marquise Blair;Sidney Jones;Poona Ford;Kerry Hyder
2021_05_LA_SEA,1060,no_play,0.0,47.0,47.0,22.0,11:54,11:32,,0.0,0.0,3.0,5.0,"4 DL, 2 LB, 5 DB",;;;;;;;;;;,11,,,,,,00-0032242;00-0034804;00-0033110;00-0026189;00-0035664;00-0035668;00-0033908;00-0026498;00-0024270;00-0030431;00-0034261,Rob Havenstein;Brian Allen;Tyler Higbee;DeSean Jackson;Darrell Henderson;David Edwards;Cooper Kupp;Matthew Stafford;Andrew Whitworth;Robert Woods;Austin Corbett,00-0034384;00-0034831;00-0027723;00-0031608;00-0029255;00-0033872;00-0036409;00-0035139;00-0033543;00-0034234;00-0030946,D.J. Reed;Rasheem Green;Al Woods;Quandre Diggs;Bobby Wagner;Jamal Adams;Jordyn Brooks;Marquise Blair;Sidney Jones;Poona Ford;Kerry Hyder
2021_05_LA_SEA,1083,run,2.0,52.0,50.0,42.0,11:32,10:50,,0.0,0.0,3.0,10.0,"3 DL, 2 LB, 6 DB",;;;;;;;;;;,11,5,,,,,00-0032242;00-0034804;00-0033110;00-0026189;00-0035664;00-0035668;00-0033908;00-0026498;00-0030431;00-0024270;00-0034261,Rob Havenstein;Brian Allen;Tyler Higbee;DeSean Jackson;Darrell Henderson;David Edwards;Cooper Kupp;Matthew Stafford;Robert Woods;Andrew Whitworth;Austin Corbett,00-0034384;00-0034831;00-0027662;00-0036413;00-0031608;00-0029255;00-0033872;00-0035139;00-0033543;00-0034527;00-0030946,D.J. Reed;Rasheem Green;Carlos Dunlap;Darrell Taylor;Quandre Diggs;Bobby Wagner;Jamal Adams;Marquise Blair;Sidney Jones;Ryan Neal;Kerry Hyder
2021_05_LA_SEA,1104,punt,0.0,50.0,50.0,9.0,10:50,10:41,,0.0,0.0,4.0,8.0,,;;;;;;;;;;,11,,,,,,00-0035118;00-0036918;00-0035933;00-0033246;00-0035617;00-0036862;00-0035669;00-0036994;00-0034812;00-0036860;00-0028872,Matthew Orzech;Jacob Harris;Michael Hoecht;Johnny Mundt;Troy Reeder;Ben Skowronek;Nick Scott;Ernest Jones;Travin Howard;Jake Funk;Johnny Hekker,00-0035636;00-0034831;00-0034756;00-0036413;00-0027723;00-0035142;00-0036247;00-0029255;00-0034234;00-0034527;00-0030946,L.J. Collier;Rasheem Green;Tre Flowers;Darrell Taylor;Al Woods;Ugo Amadi;Freddie Swain;Bobby Wagner;Poona Ford;Ryan Neal;Kerry Hyder
2021_05_LA_SEA,1122,pass,14.0,83.0,69.0,34.0,10:41,10:07,,0.0,0.0,1.0,10.0,"4 DL, 2 LB, 5 DB",;;;;;;;;;;,11,5,5,ZONE_COVERAGE,COVER_3,False,00-0033592;00-0032211;00-0034159;00-0029263;00-0036247;00-0035594;00-0026166;00-0032420;00-0035022;00-0036417;00-0031367,Kyle Fuller;Tyler Lockett;Will Dissly;Russell Wilson;Freddie Swain;Travis Homer;Duane Brown;Brandon Shell;Penny Hart;Damien Lewis;Gabe Jackson,00-0033072;00-0035933;00-0035663;00-0035667;00-0035944;00-0034266;00-0036904;00-0034203;00-0034810;00-0033055;00-0036431,Leonard Floyd;Michael Hoecht;Taylor Rapp;Greg Gaines;Jonah Williams;Kenny Young;Robert Rochell;Darious Williams;Sebastian Joseph-Day;Jalen Ramsey;Jordan Fuller
2021_05_LA_SEA,1143,no_play,0.0,69.0,69.0,9.0,10:07,9:58,,0.0,0.0,1.0,10.0,"4 DL, 2 LB, 5 DB",;;;;;;;;;;,11,6,,,,,00-0033592;00-0032426;00-0035640;00-0032211;00-0034159;00-0029263;00-0026166;00-0032420;00-0036417;00-0036244;00-0031367,Kyle Fuller;Alex Collins;DK Metcalf;Tyler Lockett;Will Dissly;Russell Wilson;Duane Brown;Brandon Shell;Damien Lewis;Colby Parkinson;Gabe Jackson,00-0035933;00-0035663;00-0036419;00-0035667;00-0035944;00-0034266;00-0036904;00-0034203;00-0034810;00-0033055;00-0036431,Michael Hoecht;Taylor Rapp;Terrell Lewis;Greg Gaines;Jonah Williams;Kenny Young;Robert Rochell;Darious Williams;Sebastian Joseph-Day;Jalen Ramsey;Jordan Fuller
2021_05_LA_SEA,1184,run,3.0,22.0,19.0,48.0,9:58,9:10,,0.0,0.0,1.0,10.0,"4 DL, 2 LB, 5 DB",;;;;;;;;;;,11,6,,,,,00-0033592;00-0028292;00-0032426;00-0035640;00-0032211;00-0034159;00-0029263;00-0026166;00-0032420;00-0036417;00-0031367,Kyle Fuller;Nick Bellore;Alex Collins;DK Metcalf;Tyler Lockett;Will Dissly;Russell Wilson;Duane Brown;Brandon Shell;Damien Lewis;Gabe Jackson,00-0035933;00-0035663;00-0036419;00-0035667;00-0034266;00-0036904;00-0031388;00-0034810;00-0034203;00-0033055;00-0036431,Michael Hoecht;Taylor Rapp;Terrell Lewis;Greg Gaines;Kenny Young;Robert Rochell;Aaron Donald;Sebastian Joseph-Day;Darious Williams;Jalen Ramsey;Jordan Fuller
2021_05_LA_SEA,1205,pass,19.0,19.0,0.0,6.0,9:10,9:04,,6.0,0.0,2.0,7.0,"2 DL, 4 LB, 5 DB",;;;;;;;;;;,11,5,4,MAN_COVERAGE,COVER_1,False,00-0033592;00-0032426;00-0035640;00-0032211;00-0034159;00-0029263;00-0036247;00-0026166;00-0032420;00-0036417;00-0031367,Kyle Fuller;Alex Collins;DK Metcalf;Tyler Lockett;Will Dissly;Russell Wilson;Freddie Swain;Duane Brown;Brandon Shell;Damien Lewis;Gabe Jackson,00-0033072;00-0035663;00-0035617;00-0036419;00-0034266;00-0036904;00-0031388;00-0034810;00-0034203;00-0033055;00-0036431,Leonard Floyd;Taylor Rapp;Troy Reeder;Terrell Lewis;Kenny Young;Robert Rochell;Aaron Donald;Sebastian Joseph-Day;Darious Williams;Jalen Ramsey;Jordan Fuller
2021_05_LA_SEA,1230,extra_point,0.0,15.0,15.0,0.0,9:04,9:04,,7.0,0.0,,0.0,,;;;;;;;;;;,11,,,,,,00-0033592;00-0036059;00-0034160;00-0034159;00-0034229;00-0031156;00-0032420;00-0031492;00-0034729;00-0036417;00-0031367,Kyle Fuller;Tyler Mabry;Michael Dickson;Will Dissly;Dakoda Shepley;Tyler Ott;Brandon Shell;Jason Myers;Jamarco Jones;Damien Lewis;Gabe Jackson,00-0036421;00-0035933;00-0032889;00-0035617;00-0035944;00-0033908;00-0034807;00-0035669;00-0034812;00-0036994;00-0033055,Terrell Burgess;Michael Hoecht;A'Shawn Robinson;Troy Reeder;Jonah Williams;Cooper Kupp;Ogbo Okoronkwo;Nick Scott;Travin Howard;Ernest Jones;Jalen Ramsey
2021_05_LA_SEA,1246,kickoff,0.0,35.0,35.0,5.0,9:04,8:59,,7.0,0.0,,0.0,,;;;;;;;;;;,11,,,,,,00-0028292;00-0036413;00-0036425;00-0035142;00-0035594;00-0035139;00-0034527;00-0035022;00-0031492;00-0036802;00-0035672,Nick Bellore;Darrell Taylor;DeeJay Dallas;Ugo Amadi;Travis Homer;Marquise Blair;Ryan Neal;Penny Hart;Jason Myers;Jon Rhattigan;Cody Barton,00-0036421;00-0036918;00-0033246;00-0035617;00-0036862;00-0036849;00-0036077;00-0035669;00-0036994;00-0034812;00-0036860,Terrell Burgess;Jacob Harris;Johnny Mundt;Troy Reeder;Ben Skowronek;Tutu Atwell;JuJu Hughes;Nick Scott;Ernest Jones;Travin Howard;Jake Funk
2021_05_LA_SEA,1273,run,6.0,76.0,70.0,42.0,8:59,8:17,,7.0,0.0,1.0,10.0,"4 DL, 3 LB, 4 DB",;;;;;;;;;;,11,7,,,,,00-0032242;00-0034804;00-0033246;00-0033110;00-0026189;00-0035668;00-0034845;00-0026498;00-0024270;00-0030431;00-0034261,Rob Havenstein;Brian Allen;Johnny Mundt;Tyler Higbee;DeSean Jackson;David Edwards;Sony Michel;Matthew Stafford;Andrew Whitworth;Robert Woods;Austin Corbett,00-0034384;00-0034831;00-0035636;00-0035094;00-0036426;00-0031608;00-0029255;00-0033872;00-0036409;00-0033543;00-0030380,D.J. Reed;Rasheem Green;L.J. Collier;Bryan Mone;Alton Robinson;Quandre Diggs;Bobby Wagner;Jamal Adams;Jordyn Brooks;Sidney Jones;Benson Mayowa
2021_05_LA_SEA,1294,run,15.0,70.0,55.0,46.0,8:17,7:31,,7.0,0.0,2.0,4.0,"4 DL, 3 LB, 4 DB",;;;;;;;;;;,11,7,,,,,00-0032242;00-0034804;00-0033246;00-0033110;00-0026189;00-0035668;00-0034845;00-0026498;00-0024270;00-0030431;00-0034261,Rob Havenstein;Brian Allen;Johnny Mundt;Tyler Higbee;DeSean Jackson;David Edwards;Sony Michel;Matthew Stafford;Andrew Whitworth;Robert Woods;Austin Corbett,00-0034384;00-0034831;00-0035636;00-0035094;00-0036426;00-0031608;00-0029255;00-0033872;00-0036409;00-0033543;00-0030380,D.J. Reed;Rasheem Green;L.J. Collier;Bryan Mone;Alton Robinson;Quandre Diggs;Bobby Wagner;Jamal Adams;Jordyn Brooks;Sidney Jones;Benson Mayowa
2021_05_LA_SEA,1315,run,3.0,55.0,52.0,50.0,7:31,6:41,,7.0,0.0,1.0,10.0,"4 DL, 3 LB, 4 DB",;;;;;;;;;;,11,7,,,,,00-0032242;00-0034804;00-0033246;00-0033110;00-0026189;00-0035668;00-0034845;00-0026498;00-0024270;00-0030431;00-0034261,Rob Havenstein;Brian Allen;Johnny Mundt;Tyler Higbee;DeSean Jackson;David Edwards;Sony Michel;Matthew Stafford;Andrew Whitworth;Robert Woods;Austin Corbett,00-0034384;00-0034831;00-0035636;00-0035094;00-0036426;00-0031608;00-0029255;00-0033872;00-0036409;00-0033543;00-0030380,D.J. Reed;Rasheem Green;L.J. Collier;Bryan Mone;Alton Robinson;Quandre Diggs;Bobby Wagner;Jamal Adams;Jordyn Brooks;Sidney Jones;Benson Mayowa
2021_05_LA_SEA,1336,pass,9.0,52.0,43.0,41.0,6:41,6:00,,7.0,0.0,2.0,7.0,"4 DL, 2 LB, 5 DB",;;;;;;;;;;,11,6,4,ZONE_COVERAGE,COVER_6,False,00-0032242;00-0034804;00-0033246;00-0026189;00-0035668;00-0033908;00-0034845;00-0026498;00-0024270;00-0030431;00-0034261,Rob Havenstein;Brian Allen;Johnny Mundt;DeSean Jackson;David Edwards;Cooper Kupp;Sony Michel;Matthew Stafford;Andrew Whitworth;Robert Woods;Austin Corbett,00-0034384;00-0034831;00-0035636;00-0035094;00-0035142;00-0036426;00-0031608;00-0029255;00-0033872;00-0036409;00-0033543,D.J. Reed;Rasheem Green;L.J. Collier;Bryan Mone;Ugo Amadi;Alton Robinson;Quandre Diggs;Bobby Wagner;Jamal Adams;Jordyn Brooks;Sidney Jones
2021_05_LA_SEA,1360,run,6.0,43.0,37.0,39.0,6:00,5:21,,7.0,0.0,1.0,10.0,"4 DL, 2 LB, 5 DB",;;;;;;;;;;,11,7,,,,,00-0032242;00-0034804;00-0033246;00-0035668;00-0033908;00-0036415;00-0034845;00-0026498;00-0024270;00-0030431;00-0034261,Rob Havenstein;Brian Allen;Johnny Mundt;David Edwards;Cooper Kupp;Van Jefferson;Sony Michel;Matthew Stafford;Andrew Whitworth;Robert Woods;Austin Corbett,00-0034384;00-0034831;00-0035636;00-0035094;00-0035142;00-0036426;00-0031608;00-0029255;00-0033872;00-0036409;00-0033543,D.J. Reed;Rasheem Green;L.J. Collier;Bryan Mone;Ugo Amadi;Alton Robinson;Quandre Diggs;Bobby Wagner;Jamal Adams;Jordyn Brooks;Sidney Jones
2021_05_LA_SEA,1381,pass,5.0,37.0,32.0,41.0,5:21,4:40,,7.0,0.0,2.0,4.0,"4 DL, 2 LB, 5 DB",;;;;;;;;;;,11,4,4,ZONE_COVERAGE,COVER_3,False,00-0032242;00-0034804;00-0033246;00-0035668;00-0033908;00-0036415;00-0034845;00-0026498;00-0024270;00-0030431;00-0034261,Rob Havenstein;Brian Allen;Johnny Mundt;David Edwards;Cooper Kupp;Van Jefferson;Sony Michel;Matthew Stafford;Andrew Whitworth;Robert Woods;Austin Corbett,00-0034384;00-0034831;00-0027723;00-0035142;00-0036426;00-0031608;00-0029255;00-0033872;00-0036409;00-0033543;00-0034234,D.J. Reed;Rasheem Green;Al Woods;Ugo Amadi;Alton Robinson;Quandre Diggs;Bobby Wagner;Jamal Adams;Jordyn Brooks;Sidney Jones;Poona Ford
2021_05_LA_SEA,1405,pass,8.0,32.0,24.0,39.0,4:40,4:01,,7.0,0.0,1.0,10.0,"3 DL, 3 LB, 5 DB",;;;;;;;;;;,11,4,4,ZONE_COVERAGE,COVER_3,False,00-0032242;00-0034804;00-0033246;00-0035668;00-0033908;00-0036415;00-0034845;00-0026498;00-0030431;00-0024270;00-0034261,Rob Havenstein;Brian Allen;Johnny Mundt;David Edwards;Cooper Kupp;Van Jefferson;Sony Michel;Matthew Stafford;Robert Woods;Andrew Whitworth;Austin Corbett,00-0034384;00-0027662;00-0027723;00-0035142;00-0031608;00-0029255;00-0033872;00-0036409;00-0033543;00-0034234;00-0030946,D.J. Reed;Carlos Dunlap;Al Woods;Ugo Amadi;Quandre Diggs;Bobby Wagner;Jamal Adams;Jordyn Brooks;Sidney Jones;Poona Ford;Kerry Hyder
2021_05_LA_SEA,1429,run,0.0,24.0,24.0,41.0,4:01,3:20,,7.0,0.0,2.0,2.0,"3 DL, 3 LB, 5 DB",;;;;;;;;;;,11,7,,,,,00-0032242;00-0034804;00-0033246;00-0035668;00-0033908;00-0036415;00-0034845;00-0026498;00-0030431;00-0024270;00-0034261,Rob Havenstein;Brian Allen;Johnny Mundt;David Edwards;Cooper Kupp;Van Jefferson;Sony Michel;Matthew Stafford;Robert Woods;Andrew Whitworth;Austin Corbett,00-0034384;00-0027662;00-0027723;00-0035142;00-0031608;00-0029255;00-0033872;00-0036409;00-0033543;00-0034234;00-0030946,D.J. Reed;Carlos Dunlap;Al Woods;Ugo Amadi;Quandre Diggs;Bobby Wagner;Jamal Adams;Jordyn Brooks;Sidney Jones;Poona Ford;Kerry Hyder
2021_05_LA_SEA,1450,run,1.0,24.0,23.0,41.0,3:20,2:39,,7.0,0.0,3.0,2.0,"3 DL, 3 LB, 5 DB",;;;;;;;;;;,11,8,,,,,00-0032242;00-0034804;00-0033246;00-0035668;00-0033908;00-0036415;00-0034845;00-0026498;00-0030431;00-0024270;00-0034261,Rob Havenstein;Brian Allen;Johnny Mundt;David Edwards;Cooper Kupp;Van Jefferson;Sony Michel;Matthew Stafford;Robert Woods;Andrew Whitworth;Austin Corbett,00-0034384;00-0027662;00-0027723;00-0035142;00-0031608;00-0029255;00-0033872;00-0036409;00-0033543;00-0034234;00-0030946,D.J. Reed;Carlos Dunlap;Al Woods;Ugo Amadi;Quandre Diggs;Bobby Wagner;Jamal Adams;Jordyn Brooks;Sidney Jones;Poona Ford;Kerry Hyder
2021_05_LA_SEA,1471,run,2.0,23.0,21.0,28.0,2:39,2:11,,7.0,0.0,4.0,1.0,"3 DL, 3 LB, 5 DB",;;;;;;;;;;,11,8,,,,,00-0032242;00-0034804;00-0033246;00-0035668;00-0033908;00-0036415;00-0034845;00-0026498;00-0024270;00-0030431;00-0034261,Rob Havenstein;Brian Allen;Johnny Mundt;David Edwards;Cooper Kupp;Van Jefferson;Sony Michel;Matthew Stafford;Andrew Whitworth;Robert Woods;Austin Corbett,00-0034384;00-0027662;00-0027723;00-0035142;00-0031608;00-0029255;00-0033872;00-0036409;00-0033543;00-0034234;00-0030946,D.J. Reed;Carlos Dunlap;Al Woods;Ugo Amadi;Quandre Diggs;Bobby Wagner;Jamal Adams;Jordyn Brooks;Sidney Jones;Poona Ford;Kerry Hyder
2021_05_LA_SEA,1492,pass,6.0,21.0,15.0,11.0,2:11,2:00,,7.0,0.0,1.0,10.0,"3 DL, 3 LB, 5 DB",;;;;;;;;;;,11,7,3,ZONE_COVERAGE,COVER_3,False,00-0032242;00-0034804;00-0033246;00-0035664;00-0035668;00-0033908;00-0036415;00-0026498;00-0024270;00-0030431;00-0034261,Rob Havenstein;Brian Allen;Johnny Mundt;Darrell Henderson;David Edwards;Cooper Kupp;Van Jefferson;Matthew Stafford;Andrew Whitworth;Robert Woods;Austin Corbett,00-0034384;00-0027662;00-0027723;00-0035142;00-0031608;00-0029255;00-0033872;00-0036409;00-0033543;00-0034234;00-0030946,D.J. Reed;Carlos Dunlap;Al Woods;Ugo Amadi;Quandre Diggs;Bobby Wagner;Jamal Adams;Jordyn Brooks;Sidney Jones;Poona Ford;Kerry Hyder
2021_05_LA_SEA,1543,run,3.0,15.0,12.0,43.0,2:00,1:17,,7.0,0.0,2.0,4.0,"3 DL, 3 LB, 5 DB",;;;;;;;;;;,11,6,,,,,00-0032242;00-0034804;00-0033246;00-0035668;00-0033908;00-0036415;00-0034845;00-0026498;00-0024270;00-0030431;00-0034261,Rob Havenstein;Brian Allen;Johnny Mundt;David Edwards;Cooper Kupp;Van Jefferson;Sony Michel;Matthew Stafford;Andrew Whitworth;Robert Woods;Austin Corbett,00-0034384;00-0027662;00-0027723;00-0035142;00-0031608;00-0029255;00-0033872;00-0036409;00-0033543;00-0034234;00-0030946,D.J. Reed;Carlos Dunlap;Al Woods;Ugo Amadi;Quandre Diggs;Bobby Wagner;Jamal Adams;Jordyn Brooks;Sidney Jones;Poona Ford;Kerry Hyder
2021_05_LA_SEA,1570,run,-1.0,12.0,13.0,5.0,1:17,1:12,,7.0,0.0,3.0,1.0,"3 DL, 4 LB, 4 DB",;;;;;;;;;;,11,7,,,,,00-0032242;00-0034804;00-0033110;00-0035668;00-0033908;00-0036415;00-0034845;00-0026498;00-0030431;00-0024270;00-0034261,Rob Havenstein;Brian Allen;Tyler Higbee;David Edwards;Cooper Kupp;Van Jefferson;Sony Michel;Matthew Stafford;Robert Woods;Andrew Whitworth;Austin Corbett,00-0034384;00-0027662;00-0027723;00-0031608;00-0029255;00-0033872;00-0036409;00-0033543;00-0034234;00-0030380;00-0030946,D.J. Reed;Carlos Dunlap;Al Woods;Quandre Diggs;Bobby Wagner;Jamal Adams;Jordyn Brooks;Sidney Jones;Poona Ford;Benson Mayowa;Kerry Hyder
2021_05_LA_SEA,1591,timeout,0.0,,,0.0,1:12,1:12,SEA,7.0,0.0,,0.0,,,0,,,,,,,,,
2021_05_LA_SEA,1608,field_goal,0.0,13.0,13.0,4.0,1:12,1:08,,7.0,3.0,4.0,2.0,,;;;;;;;;;;,11,,,,,,00-0032242;00-0035118;00-0034804;00-0033246;00-0033110;00-0034114;00-0034803;00-0035668;00-0034261;00-0035269;00-0028872,Rob Havenstein;Matthew Orzech;Brian Allen;Johnny Mundt;Tyler Higbee;Coleman Shelton;Joe Noteboom;David Edwards;Austin Corbett;Matt Gay;Johnny Hekker,00-0034831;00-0035636;00-0034756;00-0036413;00-0027723;00-0035142;00-0029255;00-0033543;00-0034234;00-0034527;00-0030946,Rasheem Green;L.J. Collier;Tre Flowers;Darrell Taylor;Al Woods;Ugo Amadi;Bobby Wagner;Sidney Jones;Poona Ford;Ryan Neal;Kerry Hyder
2021_05_LA_SEA,1627,kickoff,0.0,35.0,35.0,5.0,1:08,1:03,,7.0,3.0,,0.0,,;;;;;;;;;;,11,,,,,,00-0036421;00-0036918;00-0036068;00-0035617;00-0036862;00-0036077;00-0035269;00-0035669;00-0036994;00-0034812;00-0036860,Terrell Burgess;Jacob Harris;Jamir Jones;Troy Reeder;Ben Skowronek;JuJu Hughes;Matt Gay;Nick Scott;Ernest Jones;Travin Howard;Jake Funk,00-0028292;00-0036059;00-0034756;00-0036425;00-0034159;00-0035594;00-0035139;00-0034527;00-0036244;00-0036802;00-0035672,Nick Bellore;Tyler Mabry;Tre Flowers;DeeJay Dallas;Will Dissly;Travis Homer;Marquise Blair;Ryan Neal;Colby Parkinson;Jon Rhattigan;Cody Barton
2021_05_LA_SEA,1649,pass,29.0,72.0,43.0,31.0,1:03,0:32,,7.0,3.0,1.0,10.0,"2 DL, 3 LB, 6 DB",;;;;;;;;;;,11,5,4,ZONE_COVERAGE,COVER_4,False,00-0033592;00-0035640;00-0036425;00-0032211;00-0034159;00-0029263;00-0036247;00-0026166;00-0032420;00-0036417;00-0031367,Kyle Fuller;DK Metcalf;DeeJay Dallas;Tyler Lockett;Will Dissly;Russell Wilson;Freddie Swain;Duane Brown;Brandon Shell;Damien Lewis;Gabe Jackson,00-0033072;00-0035663;00-0036419;00-0034266;00-0031388;00-0036904;00-0034810;00-0034203;00-0035669;00-0033055;00-0036431,Leonard Floyd;Taylor Rapp;Terrell Lewis;Kenny Young;Aaron Donald;Robert Rochell;Sebastian Joseph-Day;Darious Williams;Nick Scott;Jalen Ramsey;Jordan Fuller
2021_05_LA_SEA,1673,run,4.0,43.0,39.0,5.0,0:32,0:27,,7.0,3.0,1.0,10.0,"2 DL, 3 LB, 6 DB",;;;;;;;;;;,11,5,,,,,00-0033592;00-0035640;00-0036425;00-0032211;00-0034159;00-0029263;00-0036247;00-0026166;00-0032420;00-0036417;00-0031367,Kyle Fuller;DK Metcalf;DeeJay Dallas;Tyler Lockett;Will Dissly;Russell Wilson;Freddie Swain;Duane Brown;Brandon Shell;Damien Lewis;Gabe Jackson,00-0033072;00-0035663;00-0036419;00-0034266;00-0031388;00-0036904;00-0034810;00-0034203;00-0035669;00-0033055;00-0036431,Leonard Floyd;Taylor Rapp;Terrell Lewis;Kenny Young;Aaron Donald;Robert Rochell;Sebastian Joseph-Day;Darious Williams;Nick Scott;Jalen Ramsey;Jordan Fuller
2021_05_LA_SEA,1694,no_play,0.0,39.0,39.0,6.0,0:27,0:21,,7.0,3.0,2.0,6.0,"2 DL, 3 LB, 6 DB",;;;;;;;;;;,11,4,,,,,00-0033592;00-0035640;00-0036425;00-0032211;00-0034159;00-0029263;00-0036247;00-0026166;00-0032420;00-0036417;00-0031367,Kyle Fuller;DK Metcalf;DeeJay Dallas;Tyler Lockett;Will Dissly;Russell Wilson;Freddie Swain;Duane Brown;Brandon Shell;Damien Lewis;Gabe Jackson,00-0033072;00-0035663;00-0036419;00-0034266;00-0031388;00-0036904;00-0034810;00-0034203;00-0035669;00-0033055;00-0036431,Leonard Floyd;Taylor Rapp;Terrell Lewis;Kenny Young;Aaron Donald;Robert Rochell;Sebastian Joseph-Day;Darious Williams;Nick Scott;Jalen Ramsey;Jordan Fuller
2021_05_LA_SEA,1727,pass,9.0,24.0,15.0,-6.0,0:21,0:27,,7.0,3.0,1.0,10.0,"2 DL, 3 LB, 6 DB",;;;;;;;;;;,11,5,4,ZONE_COVERAGE,COVER_3,False,00-0033592;00-0035640;00-0036425;00-0032211;00-0034159;00-0029263;00-0036247;00-0026166;00-0032420;00-0036417;00-0031367,Kyle Fuller;DK Metcalf;DeeJay Dallas;Tyler Lockett;Will Dissly;Russell Wilson;Freddie Swain;Duane Brown;Brandon Shell;Damien Lewis;Gabe Jackson,00-0033072;00-0035663;00-0036419;00-0034266;00-0031388;00-0036904;00-0034810;00-0034203;00-0035669;00-0033055;00-0036431,Leonard Floyd;Taylor Rapp;Terrell Lewis;Kenny Young;Aaron Donald;Robert Rochell;Sebastian Joseph-Day;Darious Williams;Nick Scott;Jalen Ramsey;Jordan Fuller
2021_05_LA_SEA,1738,timeout,0.0,,,11.0,0:27,0:16,SEA,7.0,3.0,,0.0,,,0,,,,,,,,,
2021_05_LA_SEA,1758,timeout,0.0,,,0.0,0:16,0:16,SEA,7.0,3.0,,0.0,,,0,,,,,,,,,
2021_05_LA_SEA,1775,no_play,0.0,15.0,15.0,6.0,0:16,0:10,,7.0,3.0,2.0,1.0,"2 DL, 3 LB, 6 DB",;;;;;;;;;;,11,5,,,,,00-0033592;00-0035640;00-0036425;00-0032211;00-0034159;00-0029263;00-0036247;00-0026166;00-0032420;00-0036417;00-0031367,Kyle Fuller;DK Metcalf;DeeJay Dallas;Tyler Lockett;Will Dissly;Russell Wilson;Freddie Swain;Duane Brown;Brandon Shell;Damien Lewis;Gabe Jackson,00-0033072;00-0035663;00-0035617;00-0036419;00-0036904;00-0031388;00-0034203;00-0034810;00-0035669;00-0033055;00-0036431,Leonard Floyd;Taylor Rapp;Troy Reeder;Terrell Lewis;Robert Rochell;Aaron Donald;Darious Williams;Sebastian Joseph-Day;Nick Scott;Jalen Ramsey;Jordan Fuller
2021_05_LA_SEA,1811,timeout,0.0,,,0.0,0:10,0:10,LA,7.0,3.0,,0.0,,,0,,,,,,,,,
2021_05_LA_SEA,1828,pass,8.0,25.0,17.0,3.0,0:10,0:07,,7.0,3.0,2.0,11.0,"1 DL, 4 LB, 6 DB",;;;;;;;;;;,11,3,3,ZONE_COVERAGE,PREVENT,False,00-0033592;00-0035640;00-0036425;00-0032211;00-0034159;00-0029263;00-0036247;00-0026166;00-0032420;00-0036417;00-0031367,Kyle Fuller;DK Metcalf;DeeJay Dallas;Tyler Lockett;Will Dissly;Russell Wilson;Freddie Swain;Duane Brown;Brandon Shell;Damien Lewis;Gabe Jackson,00-0033072;00-0035663;00-0035617;00-0036419;00-0034266;00-0031388;00-0036904;00-0034203;00-0035669;00-0033055;00-0036431,Leonard Floyd;Taylor Rapp;Troy Reeder;Terrell Lewis;Kenny Young;Aaron Donald;Robert Rochell;Darious Williams;Nick Scott;Jalen Ramsey;Jordan Fuller
2021_05_LA_SEA,1857,field_goal,0.0,17.0,17.0,5.0,0:07,0:02,,7.0,3.0,3.0,3.0,,;;;;;;;;;;,11,,,,,,00-0033592;00-0036059;00-0034160;00-0034159;00-0034229;00-0031156;00-0032420;00-0031492;00-0034729;00-0036417;00-0031367,Kyle Fuller;Tyler Mabry;Michael Dickson;Will Dissly;Dakoda Shepley;Tyler Ott;Brandon Shell;Jason Myers;Jamarco Jones;Damien Lewis;Gabe Jackson,00-0036421;00-0035933;00-0032889;00-0035617;00-0035944;00-0033908;00-0034807;00-0035669;00-0034812;00-0036994;00-0033055,Terrell Burgess;Michael Hoecht;A'Shawn Robinson;Troy Reeder;Jonah Williams;Cooper Kupp;Ogbo Okoronkwo;Nick Scott;Travin Howard;Ernest Jones;Jalen Ramsey
2021_05_LA_SEA,1877,qb_kneel,-1.0,75.0,76.0,2.0,0:02,0:00,,7.0,3.0,1.0,10.0,"4 DL, 3 LB, 4 DB",;;;;;;;;;;,11,7,,,,,00-0032242;00-0034804;00-0033246;00-0033110;00-0035668;00-0033908;00-0034845;00-0026498;00-0024270;00-0030431;00-0034261,Rob Havenstein;Brian Allen;Johnny Mundt;Tyler Higbee;David Edwards;Cooper Kupp;Sony Michel;Matthew Stafford;Andrew Whitworth;Robert Woods;Austin Corbett,00-0034384;00-0034831;00-0027723;00-0031608;00-0029255;00-0033872;00-0036409;00-0033543;00-0034234;00-0030380;00-0030946,D.J. Reed;Rasheem Green;Al Woods;Quandre Diggs;Bobby Wagner;Jamal Adams;Jordyn Brooks;Sidney Jones;Poona Ford;Benson Mayowa;Kerry Hyder
2021_05_LA_SEA,1898,start_quarter_3,,,,0.0,0:00,0:00,,7.0,3.0,,0.0,,,0,,,,,,,,,
2021_05_LA_SEA,1917,kickoff,0.0,35.0,35.0,6.0,15:00,14:54,,7.0,3.0,,0.0,,;;;;;;;;;;,11,,,,,,00-0036421;00-0036918;00-0035617;00-0036862;00-0036077;00-0034807;00-0035269;00-0035669;00-0034812;00-0036994;00-0036860,Terrell Burgess;Jacob Harris;Troy Reeder;Ben Skowronek;JuJu Hughes;Ogbo Okoronkwo;Matt Gay;Nick Scott;Travin Howard;Ernest Jones;Jake Funk,00-0028292;00-0036059;00-0034756;00-0036425;00-0034159;00-0035594;00-0035139;00-0034527;00-0036244;00-0036802;00-0035672,Nick Bellore;Tyler Mabry;Tre Flowers;DeeJay Dallas;Will Dissly;Travis Homer;Marquise Blair;Ryan Neal;Colby Parkinson;Jon Rhattigan;Cody Barton
2021_05_LA_SEA,1939,pass,13.0,74.0,61.0,35.0,14:54,14:19,,7.0,3.0,1.0,10.0,"3 DL, 4 LB, 4 DB",;;;;;;;;;;,11,7,4,ZONE_COVERAGE,COVER_4,False,00-0033592;00-0032426;00-0035640;00-0032211;00-0034159;00-0029263;00-0026166;00-0032420;00-0036244;00-0036417;00-0031367,Kyle Fuller;Alex Collins;DK Metcalf;Tyler Lockett;Will Dissly;Russell Wilson;Duane Brown;Brandon Shell;Colby Parkinson;Damien Lewis;Gabe Jackson,00-0033072;00-0035663;00-0032889;00-0036419;00-0035617;00-0034266;00-0031388;00-0034203;00-0034810;00-0033055;00-0036431,Leonard Floyd;Taylor Rapp;A'Shawn Robinson;Terrell Lewis;Troy Reeder;Kenny Young;Aaron Donald;Darious Williams;Sebastian Joseph-Day;Jalen Ramsey;Jordan Fuller
2021_05_LA_SEA,1963,run,4.0,61.0,57.0,35.0,14:19,13:44,,7.0,3.0,1.0,10.0,"3 DL, 4 LB, 4 DB",;;;;;;;;;;,11,7,,,,,00-0033592;00-0032426;00-0032211;00-0034159;00-0029263;00-0026166;00-0032420;00-0035022;00-0036417;00-0036244;00-0031367,Kyle Fuller;Alex Collins;Tyler Lockett;Will Dissly;Russell Wilson;Duane Brown;Brandon Shell;Penny Hart;Damien Lewis;Colby Parkinson;Gabe Jackson,00-0033072;00-0035663;00-0032889;00-0035617;00-0036419;00-0034266;00-0031388;00-0034810;00-0034203;00-0033055;00-0036431,Leonard Floyd;Taylor Rapp;A'Shawn Robinson;Troy Reeder;Terrell Lewis;Kenny Young;Aaron Donald;Sebastian Joseph-Day;Darious Williams;Jalen Ramsey;Jordan Fuller
2021_05_LA_SEA,1984,pass,5.0,57.0,52.0,33.0,13:44,13:11,,7.0,3.0,2.0,6.0,"2 DL, 4 LB, 5 DB",;;;;;;;;;;,11,6,3,MAN_COVERAGE,COVER_1,True,00-0033592;00-0032426;00-0032211;00-0034159;00-0029263;00-0026166;00-0035022;00-0032420;00-0036244;00-0036417;00-0031367,Kyle Fuller;Alex Collins;Tyler Lockett;Will Dissly;Russell Wilson;Duane Brown;Penny Hart;Brandon Shell;Colby Parkinson;Damien Lewis;Gabe Jackson,00-0033072;00-0035663;00-0035617;00-0036419;00-0034266;00-0036904;00-0031388;00-0034810;00-0034203;00-0033055;00-0036431,Leonard Floyd;Taylor Rapp;Troy Reeder;Terrell Lewis;Kenny Young;Robert Rochell;Aaron Donald;Sebastian Joseph-Day;Darious Williams;Jalen Ramsey;Jordan Fuller
2021_05_LA_SEA,2008,run,3.0,52.0,49.0,34.0,13:11,12:37,,7.0,3.0,3.0,1.0,"3 DL, 3 LB, 5 DB",;;;;;;;;;;,11,7,,,,,00-0033592;00-0032426;00-0032211;00-0034159;00-0029263;00-0026166;00-0032420;00-0035022;00-0036417;00-0036244;00-0031367,Kyle Fuller;Alex Collins;Tyler Lockett;Will Dissly;Russell Wilson;Duane Brown;Brandon Shell;Penny Hart;Damien Lewis;Colby Parkinson;Gabe Jackson,00-0033072;00-0035663;00-0032889;00-0035617;00-0036419;00-0031388;00-0036904;00-0034810;00-0034203;00-0033055;00-0036431,Leonard Floyd;Taylor Rapp;A'Shawn Robinson;Troy Reeder;Terrell Lewis;Aaron Donald;Robert Rochell;Sebastian Joseph-Day;Darious Williams;Jalen Ramsey;Jordan Fuller
2021_05_LA_SEA,2029,pass,0.0,49.0,49.0,3.0,12:37,12:34,,7.0,3.0,1.0,10.0,"3 DL, 3 LB, 5 DB",;;;;;;;;;;,11,6,2,ZONE_COVERAGE,COVER_3,False,00-0033592;00-0036059;00-0032426;00-0032208;00-0034159;00-0029263;00-0026166;00-0032420;00-0036417;00-0036244;00-0031367,Kyle Fuller;Tyler Mabry;Alex Collins;Phillip Dorsett;Will Dissly;Russell Wilson;Duane Brown;Brandon Shell;Damien Lewis;Colby Parkinson;Gabe Jackson,00-0033072;00-0035663;00-0032889;00-0035617;00-0036419;00-0036904;00-0031388;00-0034810;00-0034203;00-0033055;00-0036431,Leonard Floyd;Taylor Rapp;A'Shawn Robinson;Troy Reeder;Terrell Lewis;Robert Rochell;Aaron Donald;Sebastian Joseph-Day;Darious Williams;Jalen Ramsey;Jordan Fuller
2021_05_LA_SEA,2051,pass,-12.0,49.0,61.0,46.0,12:34,11:48,,7.0,3.0,2.0,10.0,"2 DL, 4 LB, 5 DB",;;;;;;;;;;,11,6,4,,,,00-0033592;00-0032426;00-0035640;00-0032211;00-0034159;00-0029263;00-0036247;00-0026166;00-0032420;00-0036417;00-0031367,Kyle Fuller;Alex Collins;DK Metcalf;Tyler Lockett;Will Dissly;Russell Wilson;Freddie Swain;Duane Brown;Brandon Shell;Damien Lewis;Gabe Jackson,00-0033072;00-0035663;00-0035617;00-0036419;00-0034266;00-0036904;00-0031388;00-0034810;00-0034203;00-0033055;00-0036431,Leonard Floyd;Taylor Rapp;Troy Reeder;Terrell Lewis;Kenny Young;Robert Rochell;Aaron Donald;Sebastian Joseph-Day;Darious Williams;Jalen Ramsey;Jordan Fuller
2021_05_LA_SEA,2070,run,6.0,61.0,55.0,33.0,11:48,11:15,,7.0,3.0,3.0,22.0,"2 DL, 3 LB, 6 DB",;;;;;;;;;;,11,5,,,,,00-0033592;00-0032426;00-0035640;00-0032211;00-0034159;00-0029263;00-0036247;00-0026166;00-0032420;00-0036417;00-0031367,Kyle Fuller;Alex Collins;DK Metcalf;Tyler Lockett;Will Dissly;Russell Wilson;Freddie Swain;Duane Brown;Brandon Shell;Damien Lewis;Gabe Jackson,00-0033072;00-0035663;00-0035617;00-0036419;00-0036904;00-0031388;00-0034203;00-0034810;00-0035669;00-0033055;00-0036431,Leonard Floyd;Taylor Rapp;Troy Reeder;Terrell Lewis;Robert Rochell;Aaron Donald;Darious Williams;Sebastian Joseph-Day;Nick Scott;Jalen Ramsey;Jordan Fuller
2021_05_LA_SEA,2091,punt,0.0,55.0,55.0,12.0,11:15,11:03,,7.0,3.0,4.0,16.0,,;;;;;;;;;;,11,,,,,,00-0028292;00-0036425;00-0034160;00-0035142;00-0034159;00-0035594;00-0036409;00-0031156;00-0034527;00-0036802;00-0035672,Nick Bellore;DeeJay Dallas;Michael Dickson;Ugo Amadi;Will Dissly;Travis Homer;Jordyn Brooks;Tyler Ott;Ryan Neal;Jon Rhattigan;Cody Barton,00-0036421;00-0036918;00-0036068;00-0035617;00-0036862;00-0033908;00-0036077;00-0035669;00-0034812;00-0036994;00-0036860,Terrell Burgess;Jacob Harris;Jamir Jones;Troy Reeder;Ben Skowronek;Cooper Kupp;JuJu Hughes;Nick Scott;Travin Howard;Ernest Jones;Jake Funk
2021_05_LA_SEA,2110,pass,7.0,96.0,89.0,39.0,11:03,10:24,,7.0,3.0,1.0,10.0,"4 DL, 2 LB, 5 DB",;;;;;;;;;;,11,6,4,ZONE_COVERAGE,COVER_3,False,00-0032242;00-0034804;00-0033110;00-0026189;00-0035664;00-0035668;00-0033908;00-0026498;00-0030431;00-0024270;00-0034261,Rob Havenstein;Brian Allen;Tyler Higbee;DeSean Jackson;Darrell Henderson;David Edwards;Cooper Kupp;Matthew Stafford;Robert Woods;Andrew Whitworth;Austin Corbett,00-0034384;00-0034831;00-0027723;00-0031608;00-0029255;00-0033872;00-0036409;00-0035139;00-0033543;00-0034234;00-0030946,D.J. Reed;Rasheem Green;Al Woods;Quandre Diggs;Bobby Wagner;Jamal Adams;Jordyn Brooks;Marquise Blair;Sidney Jones;Poona Ford;Kerry Hyder
2021_05_LA_SEA,2139,pass,0.0,89.0,89.0,6.0,10:24,10:18,,7.0,3.0,2.0,3.0,"4 DL, 2 LB, 5 DB",;;;;;;;;;;,11,6,4,ZONE_COVERAGE,COVER_6,False,00-0032242;00-0034804;00-0033110;00-0026189;00-0035664;00-0035668;00-0033908;00-0026498;00-0030431;00-0024270;00-0034261,Rob Havenstein;Brian Allen;Tyler Higbee;DeSean Jackson;Darrell Henderson;David Edwards;Cooper Kupp;Matthew Stafford;Robert Woods;Andrew Whitworth;Austin Corbett,00-0034384;00-0034831;00-0027723;00-0031608;00-0029255;00-0033872;00-0036409;00-0035139;00-0033543;00-0034234;00-0030946,D.J. Reed;Rasheem Green;Al Woods;Quandre Diggs;Bobby Wagner;Jamal Adams;Jordyn Brooks;Marquise Blair;Sidney Jones;Poona Ford;Kerry Hyder
2021_05_LA_SEA,2161,pass,9.0,89.0,80.0,41.0,10:18,9:37,,7.0,3.0,3.0,3.0,"4 DL, 2 LB, 5 DB",;;;;;;;;;;,11,6,4,ZONE_COVERAGE,COVER_3,False,00-0032242;00-0034804;00-0033110;00-0026189;00-0035664;00-0035668;00-0033908;00-0026498;00-0024270;00-0030431;00-0034261,Rob Havenstein;Brian Allen;Tyler Higbee;DeSean Jackson;Darrell Henderson;David Edwards;Cooper Kupp;Matthew Stafford;Andrew Whitworth;Robert Woods;Austin Corbett,00-0034384;00-0034831;00-0027723;00-0031608;00-0029255;00-0033872;00-0036409;00-0035139;00-0033543;00-0034234;00-0030946,D.J. Reed;Rasheem Green;Al Woods;Quandre Diggs;Bobby Wagner;Jamal Adams;Jordyn Brooks;Marquise Blair;Sidney Jones;Poona Ford;Kerry Hyder
2021_05_LA_SEA,2185,pass,0.0,80.0,80.0,5.0,9:37,9:32,,7.0,3.0,1.0,10.0,"4 DL, 2 LB, 5 DB",;;;;;;;;;;,11,4,4,ZONE_COVERAGE,COVER_3,False,00-0032242;00-0034804;00-0033110;00-0026189;00-0035664;00-0035668;00-0033908;00-0026498;00-0024270;00-0030431;00-0034261,Rob Havenstein;Brian Allen;Tyler Higbee;DeSean Jackson;Darrell Henderson;David Edwards;Cooper Kupp;Matthew Stafford;Andrew Whitworth;Robert Woods;Austin Corbett,00-0034384;00-0034831;00-0027723;00-0031608;00-0029255;00-0033872;00-0036409;00-0035139;00-0033543;00-0034234;00-0030946,D.J. Reed;Rasheem Green;Al Woods;Quandre Diggs;Bobby Wagner;Jamal Adams;Jordyn Brooks;Marquise Blair;Sidney Jones;Poona Ford;Kerry Hyder
2021_05_LA_SEA,2207,pass,0.0,80.0,80.0,5.0,9:32,9:27,,7.0,3.0,2.0,10.0,"4 DL, 2 LB, 5 DB",;;;;;;;;;;,11,6,4,ZONE_COVERAGE,COVER_6,True,00-0032242;00-0034804;00-0033110;00-0026189;00-0035664;00-0035668;00-0033908;00-0026498;00-0024270;00-0030431;00-0034261,Rob Havenstein;Brian Allen;Tyler Higbee;DeSean Jackson;Darrell Henderson;David Edwards;Cooper Kupp;Matthew Stafford;Andrew Whitworth;Robert Woods;Austin Corbett,00-0034384;00-0034831;00-0035094;00-0031608;00-0029255;00-0033872;00-0036409;00-0035139;00-0034234;00-0033543;00-0030946,D.J. Reed;Rasheem Green;Bryan Mone;Quandre Diggs;Bobby Wagner;Jamal Adams;Jordyn Brooks;Marquise Blair;Poona Ford;Sidney Jones;Kerry Hyder
2021_05_LA_SEA,2229,pass,68.0,80.0,12.0,46.0,9:27,8:41,,7.0,3.0,3.0,10.0,"4 DL, 1 LB, 6 DB",;;;;;;;;;;,11,6,5,MAN_COVERAGE,2_MAN,True,00-0032242;00-0034804;00-0033110;00-0026189;00-0035664;00-0035668;00-0033908;00-0026498;00-0024270;00-0030431;00-0034261,Rob Havenstein;Brian Allen;Tyler Higbee;DeSean Jackson;Darrell Henderson;David Edwards;Cooper Kupp;Matthew Stafford;Andrew Whitworth;Robert Woods;Austin Corbett,00-0034384;00-0034831;00-0035636;00-0031608;00-0029255;00-0033872;00-0035139;00-0034234;00-0033543;00-0034527;00-0030946,D.J. Reed;Rasheem Green;L.J. Collier;Quandre Diggs;Bobby Wagner;Jamal Adams;Marquise Blair;Poona Ford;Sidney Jones;Ryan Neal;Kerry Hyder
2021_05_LA_SEA,2258,run,7.0,12.0,5.0,41.0,8:41,8:00,,7.0,3.0,1.0,10.0,"4 DL, 2 LB, 5 DB",;;;;;;;;;;,11,7,,,,,00-0032242;00-0034804;00-0033246;00-0035664;00-0035668;00-0033908;00-0036415;00-0026498;00-0024270;00-0030431;00-0034261,Rob Havenstein;Brian Allen;Johnny Mundt;Darrell Henderson;David Edwards;Cooper Kupp;Van Jefferson;Matthew Stafford;Andrew Whitworth;Robert Woods;Austin Corbett,00-0034384;00-0034831;00-0035636;00-0027723;00-0031608;00-0029255;00-0033872;00-0036409;00-0035139;00-0033543;00-0030946,D.J. Reed;Rasheem Green;L.J. Collier;Al Woods;Quandre Diggs;Bobby Wagner;Jamal Adams;Jordyn Brooks;Marquise Blair;Sidney Jones;Kerry Hyder
2021_05_LA_SEA,2279,run,5.0,5.0,0.0,4.0,8:00,7:56,,7.0,9.0,2.0,3.0,"4 DL, 2 LB, 5 DB",;;;;;;;;;;,11,7,,,,,00-0032242;00-0034804;00-0033246;00-0035664;00-0035668;00-0033908;00-0036415;00-0026498;00-0024270;00-0030431;00-0034261,Rob Havenstein;Brian Allen;Johnny Mundt;Darrell Henderson;David Edwards;Cooper Kupp;Van Jefferson;Matthew Stafford;Andrew Whitworth;Robert Woods;Austin Corbett,00-0034384;00-0034831;00-0035636;00-0027723;00-0031608;00-0029255;00-0033872;00-0036409;00-0035139;00-0033543;00-0030946,D.J. Reed;Rasheem Green;L.J. Collier;Al Woods;Quandre Diggs;Bobby Wagner;Jamal Adams;Jordyn Brooks;Marquise Blair;Sidney Jones;Kerry Hyder
2021_05_LA_SEA,2301,extra_point,0.0,15.0,15.0,0.0,7:56,7:56,,7.0,9.0,,0.0,,;;;;;;;;;;,11,,,,,,00-0032242;00-0035118;00-0034804;00-0033246;00-0033110;00-0034114;00-0034803;00-0035668;00-0034261;00-0035269;00-0028872,Rob Havenstein;Matthew Orzech;Brian Allen;Johnny Mundt;Tyler Higbee;Coleman Shelton;Joe Noteboom;David Edwards;Austin Corbett;Matt Gay;Johnny Hekker,00-0034831;00-0035636;00-0034756;00-0036413;00-0027723;00-0035142;00-0029255;00-0033543;00-0034234;00-0034527;00-0030946,Rasheem Green;L.J. Collier;Tre Flowers;Darrell Taylor;Al Woods;Ugo Amadi;Bobby Wagner;Sidney Jones;Poona Ford;Ryan Neal;Kerry Hyder
2021_05_LA_SEA,2317,kickoff,0.0,35.0,35.0,0.0,7:56,7:56,,7.0,9.0,,0.0,,;;;;;;;;;;,11,,,,,,00-0036421;00-0036918;00-0036068;00-0035617;00-0036862;00-0036077;00-0035269;00-0035669;00-0034812;00-0036994;00-0036860,Terrell Burgess;Jacob Harris;Jamir Jones;Troy Reeder;Ben Skowronek;JuJu Hughes;Matt Gay;Nick Scott;Travin Howard;Ernest Jones;Jake Funk,00-0028292;00-0036059;00-0034756;00-0036425;00-0034159;00-0036247;00-0035594;00-0034527;00-0036244;00-0036802;00-0035672,Nick Bellore;Tyler Mabry;Tre Flowers;DeeJay Dallas;Will Dissly;Freddie Swain;Travis Homer;Ryan Neal;Colby Parkinson;Jon Rhattigan;Cody Barton
2021_05_LA_SEA,2332,run,-4.0,60.0,64.0,39.0,7:56,7:17,,7.0,9.0,1.0,10.0,"3 DL, 3 LB, 5 DB",;;;;;;;;;;,11,6,,,,,00-0033592;00-0036059;00-0032426;00-0032208;00-0034159;00-0029263;00-0026166;00-0032420;00-0036417;00-0036244;00-0031367,Kyle Fuller;Tyler Mabry;Alex Collins;Phillip Dorsett;Will Dissly;Russell Wilson;Duane Brown;Brandon Shell;Damien Lewis;Colby Parkinson;Gabe Jackson,00-0033072;00-0035663;00-0032889;00-0035617;00-0035667;00-0034807;00-0031388;00-0036904;00-0034203;00-0033055;00-0036431,Leonard Floyd;Taylor Rapp;A'Shawn Robinson;Troy Reeder;Greg Gaines;Ogbo Okoronkwo;Aaron Donald;Robert Rochell;Darious Williams;Jalen Ramsey;Jordan Fuller
2021_05_LA_SEA,2353,pass,0.0,64.0,64.0,6.0,7:17,7:11,,7.0,9.0,2.0,14.0,"2 DL, 4 LB, 5 DB",;;;;;;;;;;,11,6,4,ZONE_COVERAGE,COVER_6,True,00-0033592;00-0032426;00-0035640;00-0032211;00-0034159;00-0029263;00-0036247;00-0026166;00-0032420;00-0036417;00-0031367,Kyle Fuller;Alex Collins;DK Metcalf;Tyler Lockett;Will Dissly;Russell Wilson;Freddie Swain;Duane Brown;Brandon Shell;Damien Lewis;Gabe Jackson,00-0033072;00-0035663;00-0035617;00-0035667;00-0034266;00-0034807;00-0036904;00-0031388;00-0034203;00-0033055;00-0036431,Leonard Floyd;Taylor Rapp;Troy Reeder;Greg Gaines;Kenny Young;Ogbo Okoronkwo;Robert Rochell;Aaron Donald;Darious Williams;Jalen Ramsey;Jordan Fuller
2021_05_LA_SEA,2375,run,5.0,64.0,59.0,9.0,7:11,7:02,,7.0,9.0,3.0,14.0,"2 DL, 3 LB, 6 DB",;;;;;;;;;;,11,5,,,,,00-0033592;00-0032208;00-0035640;00-0034159;00-0029263;00-0036247;00-0035594;00-0026166;00-0032420;00-0036417;00-0031367,Kyle Fuller;Phillip Dorsett;DK Metcalf;Will Dissly;Russell Wilson;Freddie Swain;Travis Homer;Duane Brown;Brandon Shell;Damien Lewis;Gabe Jackson,00-0033072;00-0035663;00-0034266;00-0034807;00-0036904;00-0031388;00-0034203;00-0034810;00-0035669;00-0033055;00-0036431,Leonard Floyd;Taylor Rapp;Kenny Young;Ogbo Okoronkwo;Robert Rochell;Aaron Donald;Darious Williams;Sebastian Joseph-Day;Nick Scott;Jalen Ramsey;Jordan Fuller
2021_05_LA_SEA,2407,punt,0.0,59.0,59.0,11.0,7:02,6:51,,7.0,9.0,4.0,9.0,,;;;;;;;;;;,11,,,,,,00-0028292;00-0036425;00-0034160;00-0034159;00-0036409;00-0035594;00-0031156;00-0035139;00-0034527;00-0036802;00-0035672,Nick Bellore;DeeJay Dallas;Michael Dickson;Will Dissly;Jordyn Brooks;Travis Homer;Tyler Ott;Marquise Blair;Ryan Neal;Jon Rhattigan;Cody Barton,00-0036421;00-0036918;00-0036068;00-0035617;00-0036862;00-0036849;00-0036077;00-0035669;00-0034812;00-0036994;00-0036860,Terrell Burgess;Jacob Harris;Jamir Jones;Troy Reeder;Ben Skowronek;Tutu Atwell;JuJu Hughes;Nick Scott;Travin Howard;Ernest Jones;Jake Funk
2021_05_LA_SEA,2432,pass,0.0,82.0,82.0,7.0,6:51,6:44,,7.0,9.0,1.0,10.0,"4 DL, 3 LB, 4 DB",;;;;;;;;;;,11,4,4,ZONE_COVERAGE,COVER_3,True,00-0032242;00-0034804;00-0033246;00-0033110;00-0035664;00-0035668;00-0036415;00-0026498;00-0024270;00-0030431;00-0034261,Rob Havenstein;Brian Allen;Johnny Mundt;Tyler Higbee;Darrell Henderson;David Edwards;Van Jefferson;Matthew Stafford;Andrew Whitworth;Robert Woods;Austin Corbett,00-0034384;00-0035094;00-0036413;00-0027723;00-0031608;00-0029255;00-0033872;00-0036409;00-0034234;00-0033543;00-0030380,D.J. Reed;Bryan Mone;Darrell Taylor;Al Woods;Quandre Diggs;Bobby Wagner;Jamal Adams;Jordyn Brooks;Poona Ford;Sidney Jones;Benson Mayowa
2021_05_LA_SEA,2466,pass,20.0,82.0,62.0,27.0,6:44,6:17,,7.0,9.0,2.0,10.0,"4 DL, 3 LB, 4 DB",;;;;;;;;;;,11,7,5,ZONE_COVERAGE,COVER_3,True,00-0032242;00-0034804;00-0033110;00-0035664;00-0035668;00-0033908;00-0036415;00-0026498;00-0024270;00-0030431;00-0034261,Rob Havenstein;Brian Allen;Tyler Higbee;Darrell Henderson;David Edwards;Cooper Kupp;Van Jefferson;Matthew Stafford;Andrew Whitworth;Robert Woods;Austin Corbett,00-0034384;00-0035094;00-0036413;00-0027723;00-0031608;00-0029255;00-0033872;00-0036409;00-0033543;00-0034234;00-0030380,D.J. Reed;Bryan Mone;Darrell Taylor;Al Woods;Quandre Diggs;Bobby Wagner;Jamal Adams;Jordyn Brooks;Sidney Jones;Poona Ford;Benson Mayowa
2021_05_LA_SEA,2490,pass,20.0,62.0,42.0,45.0,6:17,5:32,,7.0,9.0,1.0,10.0,"3 DL, 3 LB, 5 DB",;;;;;;;;;;,11,5,4,ZONE_COVERAGE,COVER_3,False,00-0032242;00-0034804;00-0033110;00-0035664;00-0035668;00-0033908;00-0036415;00-0026498;00-0024270;00-0030431;00-0034261,Rob Havenstein;Brian Allen;Tyler Higbee;Darrell Henderson;David Edwards;Cooper Kupp;Van Jefferson;Matthew Stafford;Andrew Whitworth;Robert Woods;Austin Corbett,00-0034384;00-0027662;00-0035094;00-0036413;00-0035142;00-0031608;00-0029255;00-0033872;00-0036409;00-0033543;00-0034234,D.J. Reed;Carlos Dunlap;Bryan Mone;Darrell Taylor;Ugo Amadi;Quandre Diggs;Bobby Wagner;Jamal Adams;Jordyn Brooks;Sidney Jones;Poona Ford
2021_05_LA_SEA,2514,run,29.0,42.0,13.0,40.0,5:32,4:52,,7.0,9.0,1.0,10.0,"3 DL, 3 LB, 5 DB",;;;;;;;;;;,11,7,,,,,00-0032242;00-0034804;00-0033110;00-0035664;00-0035668;00-0033908;00-0036415;00-0026498;00-0024270;00-0030431;00-0034261,Rob Havenstein;Brian Allen;Tyler Higbee;Darrell Henderson;David Edwards;Cooper Kupp;Van Jefferson;Matthew Stafford;Andrew Whitworth;Robert Woods;Austin Corbett,00-0034384;00-0027662;00-0035094;00-0036413;00-0035142;00-0031608;00-0029255;00-0033872;00-0036409;00-0034234;00-0033543,D.J. Reed;Carlos Dunlap;Bryan Mone;Darrell Taylor;Ugo Amadi;Quandre Diggs;Bobby Wagner;Jamal Adams;Jordyn Brooks;Poona Ford;Sidney Jones
2021_05_LA_SEA,2540,pass,13.0,13.0,0.0,6.0,4:52,4:46,,7.0,15.0,1.0,10.0,"3 DL, 3 LB, 5 DB",;;;;;;;;;;,11,6,5,MAN_COVERAGE,COVER_1,False,00-0032242;00-0034804;00-0033110;00-0035668;00-0033908;00-0036415;00-0034845;00-0026498;00-0024270;00-0030431;00-0034261,Rob Havenstein;Brian Allen;Tyler Higbee;David Edwards;Cooper Kupp;Van Jefferson;Sony Michel;Matthew Stafford;Andrew Whitworth;Robert Woods;Austin Corbett,00-0034384;00-0034831;00-0035636;00-0027662;00-0035094;00-0035142;00-0031608;00-0029255;00-0033872;00-0036409;00-0033543,D.J. Reed;Rasheem Green;L.J. Collier;Carlos Dunlap;Bryan Mone;Ugo Amadi;Quandre Diggs;Bobby Wagner;Jamal Adams;Jordyn Brooks;Sidney Jones
2021_05_LA_SEA,2565,extra_point,0.0,15.0,15.0,0.0,4:46,4:46,,7.0,16.0,,0.0,,;;;;;;;;;;,11,,,,,,00-0032242;00-0035118;00-0034804;00-0033246;00-0033110;00-0034114;00-0034803;00-0035668;00-0034261;00-0035269;00-0028872,Rob Havenstein;Matthew Orzech;Brian Allen;Johnny Mundt;Tyler Higbee;Coleman Shelton;Joe Noteboom;David Edwards;Austin Corbett;Matt Gay;Johnny Hekker,00-0035636;00-0034831;00-0034756;00-0036413;00-0027723;00-0035142;00-0029255;00-0034234;00-0033543;00-0034527;00-0030946,L.J. Collier;Rasheem Green;Tre Flowers;Darrell Taylor;Al Woods;Ugo Amadi;Bobby Wagner;Poona Ford;Sidney Jones;Ryan Neal;Kerry Hyder
2021_05_LA_SEA,2581,kickoff,0.0,35.0,35.0,0.0,4:46,4:46,,7.0,16.0,,0.0,,;;;;;;;;;;,11,,,,,,00-0036421;00-0036918;00-0036068;00-0035617;00-0036862;00-0036077;00-0035269;00-0035669;00-0036994;00-0034812;00-0036860,Terrell Burgess;Jacob Harris;Jamir Jones;Troy Reeder;Ben Skowronek;JuJu Hughes;Matt Gay;Nick Scott;Ernest Jones;Travin Howard;Jake Funk,00-0028292;00-0036059;00-0034756;00-0036425;00-0036426;00-0034159;00-0035594;00-0034527;00-0036244;00-0036802;00-0035672,Nick Bellore;Tyler Mabry;Tre Flowers;DeeJay Dallas;Alton Robinson;Will Dissly;Travis Homer;Ryan Neal;Colby Parkinson;Jon Rhattigan;Cody Barton
2021_05_LA_SEA,2596,run,4.0,75.0,71.0,28.0,4:46,4:18,,7.0,16.0,1.0,10.0,"3 DL, 4 LB, 4 DB",;;;;;;;;;;,11,7,,,,,00-0033592;00-0032426;00-0035640;00-0032211;00-0034159;00-0029263;00-0026166;00-0032420;00-0036244;00-0036417;00-0031367,Kyle Fuller;Alex Collins;DK Metcalf;Tyler Lockett;Will Dissly;Russell Wilson;Duane Brown;Brandon Shell;Colby Parkinson;Damien Lewis;Gabe Jackson,00-0033072;00-0035663;00-0035617;00-0036419;00-0035944;00-0034266;00-0031388;00-0034810;00-0034203;00-0033055;00-0036431,Leonard Floyd;Taylor Rapp;Troy Reeder;Terrell Lewis;Jonah Williams;Kenny Young;Aaron Donald;Sebastian Joseph-Day;Darious Williams;Jalen Ramsey;Jordan Fuller
2021_05_LA_SEA,2617,pass,1.0,71.0,70.0,42.0,4:18,3:36,,7.0,16.0,2.0,6.0,"3 DL, 4 LB, 4 DB",;;;;;;;;;;,11,6,5,ZONE_COVERAGE,COVER_4,True,00-0033592;00-0032426;00-0035640;00-0032211;00-0034159;00-0029263;00-0026166;00-0032420;00-0036417;00-0036244;00-0031367,Kyle Fuller;Alex Collins;DK Metcalf;Tyler Lockett;Will Dissly;Russell Wilson;Duane Brown;Brandon Shell;Damien Lewis;Colby Parkinson;Gabe Jackson,00-0033072;00-0035663;00-0035617;00-0036419;00-0035944;00-0034266;00-0031388;00-0034810;00-0034203;00-0033055;00-0036431,Leonard Floyd;Taylor Rapp;Troy Reeder;Terrell Lewis;Jonah Williams;Kenny Young;Aaron Donald;Sebastian Joseph-Day;Darious Williams;Jalen Ramsey;Jordan Fuller
2021_05_LA_SEA,2641,pass,-9.0,70.0,79.0,36.0,3:36,3:00,,7.0,16.0,3.0,5.0,"2 DL, 4 LB, 5 DB",;;;;;;;;;;,11,5,5,,,,00-0033592;00-0035640;00-0032211;00-0029263;00-0036247;00-0035594;00-0026166;00-0032420;00-0036417;00-0036244;00-0031367,Kyle Fuller;DK Metcalf;Tyler Lockett;Russell Wilson;Freddie Swain;Travis Homer;Duane Brown;Brandon Shell;Damien Lewis;Colby Parkinson;Gabe Jackson,00-0033072;00-0035663;00-0035617;00-0036419;00-0034266;00-0031388;00-0036904;00-0034203;00-0034810;00-0033055;00-0036431,Leonard Floyd;Taylor Rapp;Troy Reeder;Terrell Lewis;Kenny Young;Aaron Donald;Robert Rochell;Darious Williams;Sebastian Joseph-Day;Jalen Ramsey;Jordan Fuller
2021_05_LA_SEA,2660,punt,0.0,79.0,79.0,18.0,3:00,2:42,,7.0,16.0,4.0,14.0,,;;;;;;;;;;,11,,,,,,00-0028292;00-0034756;00-0036425;00-0034160;00-0035142;00-0034159;00-0036409;00-0035594;00-0031156;00-0036802;00-0035672,Nick Bellore;Tre Flowers;DeeJay Dallas;Michael Dickson;Ugo Amadi;Will Dissly;Jordyn Brooks;Travis Homer;Tyler Ott;Jon Rhattigan;Cody Barton,00-0036421;00-0036918;00-0036068;00-0035617;00-0036849;00-0036862;00-0036077;00-0035669;00-0036994;00-0034812;00-0036860,Terrell Burgess;Jacob Harris;Jamir Jones;Troy Reeder;Tutu Atwell;Ben Skowronek;JuJu Hughes;Nick Scott;Ernest Jones;Travin Howard;Jake Funk
2021_05_LA_SEA,2720,pass,3.0,89.0,86.0,40.0,2:42,2:02,,7.0,16.0,1.0,10.0,"4 DL, 2 LB, 5 DB",;;;;;;;;;;,11,6,3,ZONE_COVERAGE,COVER_3,False,00-0032242;00-0034804;00-0033110;00-0035664;00-0035668;00-0033908;00-0036415;00-0026498;00-0024270;00-0030431;00-0034261,Rob Havenstein;Brian Allen;Tyler Higbee;Darrell Henderson;David Edwards;Cooper Kupp;Van Jefferson;Matthew Stafford;Andrew Whitworth;Robert Woods;Austin Corbett,00-0034384;00-0034831;00-0035636;00-0027723;00-0031608;00-0029255;00-0033872;00-0036409;00-0035139;00-0033543;00-0030946,D.J. Reed;Rasheem Green;L.J. Collier;Al Woods;Quandre Diggs;Bobby Wagner;Jamal Adams;Jordyn Brooks;Marquise Blair;Sidney Jones;Kerry Hyder
2021_05_LA_SEA,2748,pass,23.0,86.0,63.0,41.0,2:02,1:21,,7.0,16.0,2.0,7.0,"4 DL, 2 LB, 5 DB",;;;;;;;;;;,11,6,5,ZONE_COVERAGE,COVER_3,True,00-0032242;00-0034804;00-0033110;00-0035664;00-0035668;00-0033908;00-0036415;00-0026498;00-0024270;00-0030431;00-0034261,Rob Havenstein;Brian Allen;Tyler Higbee;Darrell Henderson;David Edwards;Cooper Kupp;Van Jefferson;Matthew Stafford;Andrew Whitworth;Robert Woods;Austin Corbett,00-0034384;00-0034831;00-0035636;00-0027723;00-0031608;00-0029255;00-0033872;00-0036409;00-0035139;00-0033543;00-0030946,D.J. Reed;Rasheem Green;L.J. Collier;Al Woods;Quandre Diggs;Bobby Wagner;Jamal Adams;Jordyn Brooks;Marquise Blair;Sidney Jones;Kerry Hyder
2021_05_LA_SEA,2772,run,8.0,63.0,55.0,46.0,1:21,0:35,,7.0,16.0,1.0,10.0,"4 DL, 3 LB, 4 DB",;;;;;;;;;;,11,8,,,,,00-0032242;00-0034804;00-0033246;00-0033110;00-0035664;00-0035668;00-0036415;00-0026498;00-0024270;00-0030431;00-0034261,Rob Havenstein;Brian Allen;Johnny Mundt;Tyler Higbee;Darrell Henderson;David Edwards;Van Jefferson;Matthew Stafford;Andrew Whitworth;Robert Woods;Austin Corbett,00-0034384;00-0034831;00-0035636;00-0027723;00-0031608;00-0029255;00-0033872;00-0036409;00-0033543;00-0030380;00-0030946,D.J. Reed;Rasheem Green;L.J. Collier;Al Woods;Quandre Diggs;Bobby Wagner;Jamal Adams;Jordyn Brooks;Sidney Jones;Benson Mayowa;Kerry Hyder
2021_05_LA_SEA,2793,run,-1.0,55.0,56.0,35.0,0:35,0:00,,7.0,16.0,2.0,2.0,"4 DL, 3 LB, 4 DB",;;;;;;;;;;,11,8,,,,,00-0032242;00-0034804;00-0033246;00-0033110;00-0035664;00-0035668;00-0033908;00-0026498;00-0024270;00-0030431;00-0034261,Rob Havenstein;Brian Allen;Johnny Mundt;Tyler Higbee;Darrell Henderson;David Edwards;Cooper Kupp;Matthew Stafford;Andrew Whitworth;Robert Woods;Austin Corbett,00-0034384;00-0034831;00-0035636;00-0027723;00-0031608;00-0029255;00-0033872;00-0036409;00-0033543;00-0030380;00-0030946,D.J. Reed;Rasheem Green;L.J. Collier;Al Woods;Quandre Diggs;Bobby Wagner;Jamal Adams;Jordyn Brooks;Sidney Jones;Benson Mayowa;Kerry Hyder
2021_05_LA_SEA,2814,start_quarter_4,,,,0.0,0:00,0:00,,7.0,16.0,,0.0,,,0,,,,,,,,,
2021_05_LA_SEA,2833,pass,0.0,56.0,56.0,6.0,15:00,14:54,,7.0,16.0,3.0,3.0,"3 DL, 2 LB, 6 DB",;;;;;;;;;;,11,5,5,MAN_COVERAGE,COVER_1,False,00-0032242;00-0034804;00-0033110;00-0026189;00-0035664;00-0035668;00-0033908;00-0026498;00-0030431;00-0024270;00-0034261,Rob Havenstein;Brian Allen;Tyler Higbee;DeSean Jackson;Darrell Henderson;David Edwards;Cooper Kupp;Matthew Stafford;Robert Woods;Andrew Whitworth;Austin Corbett,00-0034384;00-0034831;00-0027662;00-0036413;00-0031608;00-0029255;00-0033872;00-0035139;00-0033543;00-0034527;00-0030946,D.J. Reed;Rasheem Green;Carlos Dunlap;Darrell Taylor;Quandre Diggs;Bobby Wagner;Jamal Adams;Marquise Blair;Sidney Jones;Ryan Neal;Kerry Hyder
2021_05_LA_SEA,2856,punt,0.0,56.0,56.0,12.0,14:54,14:42,,7.0,16.0,4.0,3.0,,;;;;;;;;;;,11,,,,,,00-0035118;00-0036918;00-0035933;00-0033246;00-0035617;00-0036862;00-0035669;00-0034812;00-0036994;00-0036860;00-0028872,Matthew Orzech;Jacob Harris;Michael Hoecht;Johnny Mundt;Troy Reeder;Ben Skowronek;Nick Scott;Travin Howard;Ernest Jones;Jake Funk;Johnny Hekker,00-0028292;00-0034756;00-0027723;00-0035142;00-0035294;00-0036247;00-0035594;00-0034527;00-0030946;00-0036802;00-0035672,Nick Bellore;Tre Flowers;Al Woods;Ugo Amadi;Blessuan Austin;Freddie Swain;Travis Homer;Ryan Neal;Kerry Hyder;Jon Rhattigan;Cody Barton
2021_05_LA_SEA,2875,run,2.0,98.0,96.0,29.0,14:42,14:13,,7.0,16.0,1.0,10.0,"3 DL, 4 LB, 4 DB",;;;;;;;;;;,11,7,,,,,00-0033592;00-0032426;00-0035640;00-0034159;00-0036247;00-0026166;00-0030565;00-0032420;00-0036244;00-0036417;00-0031367,Kyle Fuller;Alex Collins;DK Metcalf;Will Dissly;Freddie Swain;Duane Brown;Geno Smith;Brandon Shell;Colby Parkinson;Damien Lewis;Gabe Jackson,00-0033072;00-0035663;00-0032889;00-0035617;00-0036419;00-0034266;00-0031388;00-0034810;00-0034203;00-0033055;00-0036431,Leonard Floyd;Taylor Rapp;A'Shawn Robinson;Troy Reeder;Terrell Lewis;Kenny Young;Aaron Donald;Sebastian Joseph-Day;Darious Williams;Jalen Ramsey;Jordan Fuller
2021_05_LA_SEA,2906,no_play,0.0,96.0,96.0,5.0,14:13,14:08,,7.0,16.0,2.0,8.0,"3 DL, 3 LB, 5 DB",;;;;;;;;;;,11,5,,,,,00-0033592;00-0032426;00-0035640;00-0034159;00-0036247;00-0026166;00-0030565;00-0032420;00-0036417;00-0036244;00-0031367,Kyle Fuller;Alex Collins;DK Metcalf;Will Dissly;Freddie Swain;Duane Brown;Geno Smith;Brandon Shell;Damien Lewis;Colby Parkinson;Gabe Jackson,00-0033072;00-0035663;00-0032889;00-0035617;00-0036419;00-0031388;00-0036904;00-0034810;00-0034203;00-0033055;00-0036431,Leonard Floyd;Taylor Rapp;A'Shawn Robinson;Troy Reeder;Terrell Lewis;Aaron Donald;Robert Rochell;Sebastian Joseph-Day;Darious Williams;Jalen Ramsey;Jordan Fuller
2021_05_LA_SEA,2939,pass,17.0,83.0,66.0,28.0,14:08,13:40,,7.0,16.0,1.0,10.0,"3 DL, 4 LB, 4 DB",;;;;;;;;;;,11,5,4,ZONE_COVERAGE,COVER_4,False,00-0033592;00-0032426;00-0035640;00-0032211;00-0034159;00-0026166;00-0030565;00-0032420;00-0036244;00-0036417;00-0031367,Kyle Fuller;Alex Collins;DK Metcalf;Tyler Lockett;Will Dissly;Duane Brown;Geno Smith;Brandon Shell;Colby Parkinson;Damien Lewis;Gabe Jackson,00-0033072;00-0035663;00-0032889;00-0036419;00-0035617;00-0034266;00-0031388;00-0034810;00-0034203;00-0033055;00-0036431,Leonard Floyd;Taylor Rapp;A'Shawn Robinson;Terrell Lewis;Troy Reeder;Kenny Young;Aaron Donald;Sebastian Joseph-Day;Darious Williams;Jalen Ramsey;Jordan Fuller
2021_05_LA_SEA,2963,pass,8.0,66.0,58.0,40.0,13:40,13:00,,7.0,16.0,1.0,10.0,"3 DL, 4 LB, 4 DB",;;;;;;;;;;,11,5,4,ZONE_COVERAGE,COVER_3,False,00-0033592;00-0032426;00-0035640;00-0032211;00-0034159;00-0026166;00-0030565;00-0032420;00-0036244;00-0036417;00-0031367,Kyle Fuller;Alex Collins;DK Metcalf;Tyler Lockett;Will Dissly;Duane Brown;Geno Smith;Brandon Shell;Colby Parkinson;Damien Lewis;Gabe Jackson,00-0033072;00-0035663;00-0032889;00-0035617;00-0036419;00-0034266;00-0031388;00-0034810;00-0034203;00-0033055;00-0036431,Leonard Floyd;Taylor Rapp;A'Shawn Robinson;Troy Reeder;Terrell Lewis;Kenny Young;Aaron Donald;Sebastian Joseph-Day;Darious Williams;Jalen Ramsey;Jordan Fuller
2021_05_LA_SEA,2987,run,2.0,58.0,56.0,33.0,13:00,12:27,,7.0,16.0,2.0,2.0,"3 DL, 3 LB, 5 DB",;;;;;;;;;;,11,5,,,,,00-0033592;00-0032426;00-0032211;00-0034159;00-0026166;00-0030565;00-0035022;00-0032420;00-0036417;00-0036244;00-0031367,Kyle Fuller;Alex Collins;Tyler Lockett;Will Dissly;Duane Brown;Geno Smith;Penny Hart;Brandon Shell;Damien Lewis;Colby Parkinson;Gabe Jackson,00-0033072;00-0035933;00-0035663;00-0035617;00-0036419;00-0035667;00-0036904;00-0031388;00-0034203;00-0033055;00-0036431,Leonard Floyd;Michael Hoecht;Taylor Rapp;Troy Reeder;Terrell Lewis;Greg Gaines;Robert Rochell;Aaron Donald;Darious Williams;Jalen Ramsey;Jordan Fuller
2021_05_LA_SEA,3008,run,6.0,56.0,50.0,32.0,12:27,11:55,,7.0,16.0,1.0,10.0,"3 DL, 3 LB, 5 DB",;;;;;;;;;;,11,5,5,,,,00-0033592;00-0032426;00-0032211;00-0034159;00-0026166;00-0030565;00-0032420;00-0035022;00-0036417;00-0036244;00-0031367,Kyle Fuller;Alex Collins;Tyler Lockett;Will Dissly;Duane Brown;Geno Smith;Brandon Shell;Penny Hart;Damien Lewis;Colby Parkinson;Gabe Jackson,00-0033072;00-0035933;00-0035663;00-0035617;00-0036419;00-0035667;00-0036904;00-0031388;00-0034203;00-0033055;00-0036431,Leonard Floyd;Michael Hoecht;Taylor Rapp;Troy Reeder;Terrell Lewis;Greg Gaines;Robert Rochell;Aaron Donald;Darious Williams;Jalen Ramsey;Jordan Fuller
2021_05_LA_SEA,3029,pass,3.0,50.0,47.0,44.0,11:55,11:11,,7.0,16.0,2.0,4.0,"3 DL, 3 LB, 5 DB",;;;;;;;;;;,11,5,4,ZONE_COVERAGE,COVER_4,False,00-0033592;00-0035640;00-0036425;00-0032211;00-0034159;00-0026166;00-0030565;00-0032420;00-0036417;00-0036244;00-0031367,Kyle Fuller;DK Metcalf;DeeJay Dallas;Tyler Lockett;Will Dissly;Duane Brown;Geno Smith;Brandon Shell;Damien Lewis;Colby Parkinson;Gabe Jackson,00-0033072;00-0035933;00-0035663;00-0035617;00-0036419;00-0035667;00-0036904;00-0031388;00-0034203;00-0033055;00-0036431,Leonard Floyd;Michael Hoecht;Taylor Rapp;Troy Reeder;Terrell Lewis;Greg Gaines;Robert Rochell;Aaron Donald;Darious Williams;Jalen Ramsey;Jordan Fuller
2021_05_LA_SEA,3053,run,2.0,47.0,45.0,37.0,11:11,10:34,,7.0,16.0,3.0,1.0,"3 DL, 3 LB, 5 DB",;;;;;;;;;;,11,7,,,,,00-0033592;00-0035640;00-0036425;00-0032211;00-0034159;00-0026166;00-0030565;00-0032420;00-0036417;00-0036244;00-0031367,Kyle Fuller;DK Metcalf;DeeJay Dallas;Tyler Lockett;Will Dissly;Duane Brown;Geno Smith;Brandon Shell;Damien Lewis;Colby Parkinson;Gabe Jackson,00-0033072;00-0035933;00-0035663;00-0035617;00-0034807;00-0031388;00-0036904;00-0034810;00-0034203;00-0033055;00-0036431,Leonard Floyd;Michael Hoecht;Taylor Rapp;Troy Reeder;Ogbo Okoronkwo;Aaron Donald;Robert Rochell;Sebastian Joseph-Day;Darious Williams;Jalen Ramsey;Jordan Fuller
2021_05_LA_SEA,3074,run,1.0,45.0,44.0,29.0,10:34,10:05,,7.0,16.0,1.0,10.0,"2 DL, 4 LB, 5 DB",;;;;;;;;;;,11,4,,,,,00-0033592;00-0035640;00-0036425;00-0032211;00-0034159;00-0026166;00-0030565;00-0032420;00-0036417;00-0036244;00-0031367,Kyle Fuller;DK Metcalf;DeeJay Dallas;Tyler Lockett;Will Dissly;Duane Brown;Geno Smith;Brandon Shell;Damien Lewis;Colby Parkinson;Gabe Jackson,00-0033072;00-0035663;00-0035617;00-0034266;00-0034807;00-0031388;00-0036904;00-0034810;00-0034203;00-0033055;00-0036431,Leonard Floyd;Taylor Rapp;Troy Reeder;Kenny Young;Ogbo Okoronkwo;Aaron Donald;Robert Rochell;Sebastian Joseph-Day;Darious Williams;Jalen Ramsey;Jordan Fuller
2021_05_LA_SEA,3095,pass,21.0,44.0,23.0,42.0,10:05,9:23,,7.0,16.0,2.0,9.0,"2 DL, 4 LB, 5 DB",;;;;;;;;;;,11,6,3,ZONE_COVERAGE,COVER_6,False,00-0033592;00-0035640;00-0036425;00-0032211;00-0034159;00-0026166;00-0030565;00-0032420;00-0036417;00-0036244;00-0031367,Kyle Fuller;DK Metcalf;DeeJay Dallas;Tyler Lockett;Will Dissly;Duane Brown;Geno Smith;Brandon Shell;Damien Lewis;Colby Parkinson;Gabe Jackson,00-0033072;00-0035663;00-0035617;00-0034266;00-0034807;00-0031388;00-0036904;00-0034810;00-0034203;00-0033055;00-0036431,Leonard Floyd;Taylor Rapp;Troy Reeder;Kenny Young;Ogbo Okoronkwo;Aaron Donald;Robert Rochell;Sebastian Joseph-Day;Darious Williams;Jalen Ramsey;Jordan Fuller
2021_05_LA_SEA,3119,pass,23.0,23.0,0.0,7.0,9:23,9:16,,13.0,16.0,1.0,10.0,"2 DL, 4 LB, 5 DB",;;;;;;;;;;,11,5,4,ZONE_COVERAGE,COVER_3,False,00-0033592;00-0035640;00-0036425;00-0032211;00-0034159;00-0026166;00-0030565;00-0032420;00-0036417;00-0036244;00-0031367,Kyle Fuller;DK Metcalf;DeeJay Dallas;Tyler Lockett;Will Dissly;Duane Brown;Geno Smith;Brandon Shell;Damien Lewis;Colby Parkinson;Gabe Jackson,00-0033072;00-0035933;00-0035663;00-0035617;00-0035667;00-0034266;00-0034807;00-0036904;00-0034203;00-0033055;00-0036431,Leonard Floyd;Michael Hoecht;Taylor Rapp;Troy Reeder;Greg Gaines;Kenny Young;Ogbo Okoronkwo;Robert Rochell;Darious Williams;Jalen Ramsey;Jordan Fuller
2021_05_LA_SEA,3144,extra_point,0.0,15.0,15.0,0.0,9:16,9:16,,14.0,16.0,,0.0,,;;;;;;;;;;,11,,,,,,00-0033592;00-0036059;00-0034160;00-0034159;00-0034229;00-0031156;00-0032420;00-0031492;00-0034729;00-0036417;00-0031367,Kyle Fuller;Tyler Mabry;Michael Dickson;Will Dissly;Dakoda Shepley;Tyler Ott;Brandon Shell;Jason Myers;Jamarco Jones;Damien Lewis;Gabe Jackson,00-0036421;00-0035933;00-0032889;00-0035617;00-0035944;00-0033908;00-0034807;00-0035669;00-0034812;00-0036994;00-0033055,Terrell Burgess;Michael Hoecht;A'Shawn Robinson;Troy Reeder;Jonah Williams;Cooper Kupp;Ogbo Okoronkwo;Nick Scott;Travin Howard;Ernest Jones;Jalen Ramsey
2021_05_LA_SEA,3160,kickoff,0.0,35.0,35.0,5.0,9:16,9:11,,14.0,16.0,,0.0,,;;;;;;;;;;,11,,,,,,00-0028292;00-0036425;00-0036413;00-0035142;00-0035594;00-0035139;00-0035022;00-0031492;00-0034527;00-0036802;00-0035672,Nick Bellore;DeeJay Dallas;Darrell Taylor;Ugo Amadi;Travis Homer;Marquise Blair;Penny Hart;Jason Myers;Ryan Neal;Jon Rhattigan;Cody Barton,00-0036421;00-0036918;00-0033246;00-0035617;00-0036849;00-0036862;00-0036077;00-0035669;00-0036994;00-0034812;00-0036860,Terrell Burgess;Jacob Harris;Johnny Mundt;Troy Reeder;Tutu Atwell;Ben Skowronek;JuJu Hughes;Nick Scott;Ernest Jones;Travin Howard;Jake Funk
2021_05_LA_SEA,3182,pass,1.0,73.0,72.0,36.0,9:11,8:35,,14.0,16.0,1.0,10.0,"4 DL, 3 LB, 4 DB",;;;;;;;;;;,11,7,4,ZONE_COVERAGE,COVER_2,False,00-0032242;00-0034804;00-0033110;00-0035668;00-0033908;00-0036415;00-0034845;00-0026498;00-0024270;00-0030431;00-0034261,Rob Havenstein;Brian Allen;Tyler Higbee;David Edwards;Cooper Kupp;Van Jefferson;Sony Michel;Matthew Stafford;Andrew Whitworth;Robert Woods;Austin Corbett,00-0034384;00-0034831;00-0035094;00-0036413;00-0031608;00-0029255;00-0033872;00-0036409;00-0033543;00-0034234;00-0030380,D.J. Reed;Rasheem Green;Bryan Mone;Darrell Taylor;Quandre Diggs;Bobby Wagner;Jamal Adams;Jordyn Brooks;Sidney Jones;Poona Ford;Benson Mayowa
2021_05_LA_SEA,3206,pass,24.0,72.0,48.0,26.0,8:35,8:09,,14.0,16.0,2.0,9.0,"4 DL, 3 LB, 4 DB",;;;;;;;;;;,11,7,5,ZONE_COVERAGE,COVER_4,False,00-0032242;00-0034804;00-0033110;00-0035668;00-0033908;00-0036415;00-0034845;00-0026498;00-0024270;00-0030431;00-0034261,Rob Havenstein;Brian Allen;Tyler Higbee;David Edwards;Cooper Kupp;Van Jefferson;Sony Michel;Matthew Stafford;Andrew Whitworth;Robert Woods;Austin Corbett,00-0034384;00-0034831;00-0035094;00-0036413;00-0031608;00-0029255;00-0033872;00-0036409;00-0033543;00-0034234;00-0030380,D.J. Reed;Rasheem Green;Bryan Mone;Darrell Taylor;Quandre Diggs;Bobby Wagner;Jamal Adams;Jordyn Brooks;Sidney Jones;Poona Ford;Benson Mayowa
2021_05_LA_SEA,3230,pass,33.0,48.0,15.0,44.0,8:09,7:25,,14.0,16.0,1.0,10.0,"4 DL, 2 LB, 5 DB",;;;;;;;;;;,11,5,4,ZONE_COVERAGE,COVER_3,True,00-0032242;00-0034804;00-0033110;00-0035668;00-0033908;00-0036415;00-0034845;00-0026498;00-0024270;00-0030431;00-0034261,Rob Havenstein;Brian Allen;Tyler Higbee;David Edwards;Cooper Kupp;Van Jefferson;Sony Michel;Matthew Stafford;Andrew Whitworth;Robert Woods;Austin Corbett,00-0034384;00-0034831;00-0035094;00-0036413;00-0035142;00-0031608;00-0029255;00-0033872;00-0036409;00-0033543;00-0034234,D.J. Reed;Rasheem Green;Bryan Mone;Darrell Taylor;Ugo Amadi;Quandre Diggs;Bobby Wagner;Jamal Adams;Jordyn Brooks;Sidney Jones;Poona Ford
2021_05_LA_SEA,3254,run,0.0,15.0,15.0,46.0,7:25,6:39,,14.0,16.0,1.0,10.0,"4 DL, 3 LB, 4 DB",;;;;;;;;;;,11,8,,,,,00-0032242;00-0034804;00-0033246;00-0033110;00-0035668;00-0036415;00-0034845;00-0026498;00-0024270;00-0030431;00-0034261,Rob Havenstein;Brian Allen;Johnny Mundt;Tyler Higbee;David Edwards;Van Jefferson;Sony Michel;Matthew Stafford;Andrew Whitworth;Robert Woods;Austin Corbett,00-0034384;00-0034831;00-0035094;00-0036413;00-0031608;00-0029255;00-0033872;00-0036409;00-0033543;00-0034234;00-0030380,D.J. Reed;Rasheem Green;Bryan Mone;Darrell Taylor;Quandre Diggs;Bobby Wagner;Jamal Adams;Jordyn Brooks;Sidney Jones;Poona Ford;Benson Mayowa
2021_05_LA_SEA,3275,pass,13.0,15.0,2.0,28.0,6:39,6:11,,14.0,16.0,2.0,10.0,"4 DL, 2 LB, 5 DB",;;;;;;;;;;,11,5,5,MAN_COVERAGE,COVER_1,False,00-0032242;00-0034804;00-0033110;00-0035668;00-0033908;00-0036415;00-0034845;00-0026498;00-0024270;00-0030431;00-0034261,Rob Havenstein;Brian Allen;Tyler Higbee;David Edwards;Cooper Kupp;Van Jefferson;Sony Michel;Matthew Stafford;Andrew Whitworth;Robert Woods;Austin Corbett,00-0034384;00-0034831;00-0036413;00-0027723;00-0035142;00-0031608;00-0029255;00-0033872;00-0036409;00-0033543;00-0034234,D.J. Reed;Rasheem Green;Darrell Taylor;Al Woods;Ugo Amadi;Quandre Diggs;Bobby Wagner;Jamal Adams;Jordyn Brooks;Sidney Jones;Poona Ford
2021_05_LA_SEA,3299,run,2.0,2.0,0.0,3.0,6:11,6:08,,14.0,22.0,1.0,2.0,"4 DL, 2 LB, 5 DB",;;;;;;;;;;,11,7,,,,,00-0032242;00-0034804;00-0033110;00-0035668;00-0033908;00-0036415;00-0034845;00-0026498;00-0024270;00-0030431;00-0034261,Rob Havenstein;Brian Allen;Tyler Higbee;David Edwards;Cooper Kupp;Van Jefferson;Sony Michel;Matthew Stafford;Andrew Whitworth;Robert Woods;Austin Corbett,00-0034384;00-0034831;00-0036413;00-0027723;00-0035142;00-0031608;00-0029255;00-0033872;00-0036409;00-0034234;00-0033543,D.J. Reed;Rasheem Green;Darrell Taylor;Al Woods;Ugo Amadi;Quandre Diggs;Bobby Wagner;Jamal Adams;Jordyn Brooks;Poona Ford;Sidney Jones
2021_05_LA_SEA,3321,extra_point,0.0,15.0,15.0,0.0,6:08,6:08,,14.0,23.0,,0.0,,;;;;;;;;;;,11,,,,,,00-0032242;00-0035118;00-0034804;00-0033246;00-0033110;00-0034114;00-0034803;00-0035668;00-0034261;00-0035269;00-0028872,Rob Havenstein;Matthew Orzech;Brian Allen;Johnny Mundt;Tyler Higbee;Coleman Shelton;Joe Noteboom;David Edwards;Austin Corbett;Matt Gay;Johnny Hekker,00-0034831;00-0035636;00-0034756;00-0036413;00-0027723;00-0035142;00-0029255;00-0033543;00-0034234;00-0034527;00-0030946,Rasheem Green;L.J. Collier;Tre Flowers;Darrell Taylor;Al Woods;Ugo Amadi;Bobby Wagner;Sidney Jones;Poona Ford;Ryan Neal;Kerry Hyder
2021_05_LA_SEA,3337,kickoff,0.0,35.0,35.0,0.0,6:08,6:08,,14.0,23.0,,0.0,,;;;;;;;;;;,11,,,,,,00-0036421;00-0036918;00-0036068;00-0035617;00-0036862;00-0036077;00-0035665;00-0035269;00-0035669;00-0036994;00-0034812,Terrell Burgess;Jacob Harris;Jamir Jones;Troy Reeder;Ben Skowronek;JuJu Hughes;David Long;Matt Gay;Nick Scott;Ernest Jones;Travin Howard,00-0028292;00-0036059;00-0034756;00-0036425;00-0036426;00-0034159;00-0035594;00-0034527;00-0036244;00-0036802;00-0035672,Nick Bellore;Tyler Mabry;Tre Flowers;DeeJay Dallas;Alton Robinson;Will Dissly;Travis Homer;Ryan Neal;Colby Parkinson;Jon Rhattigan;Cody Barton
2021_05_LA_SEA,3352,run,5.0,60.0,55.0,34.0,6:08,5:34,,14.0,23.0,1.0,10.0,"2 DL, 3 LB, 6 DB",;;;;;;;;;;,11,4,,,,,00-0033592;00-0032426;00-0035640;00-0032211;00-0034159;00-0036247;00-0026166;00-0030565;00-0032420;00-0036417;00-0031367,Kyle Fuller;Alex Collins;DK Metcalf;Tyler Lockett;Will Dissly;Freddie Swain;Duane Brown;Geno Smith;Brandon Shell;Damien Lewis;Gabe Jackson,00-0033072;00-0035663;00-0035617;00-0036419;00-0035667;00-0036904;00-0031388;00-0034203;00-0035669;00-0033055;00-0036431,Leonard Floyd;Taylor Rapp;Troy Reeder;Terrell Lewis;Greg Gaines;Robert Rochell;Aaron Donald;Darious Williams;Nick Scott;Jalen Ramsey;Jordan Fuller
2021_05_LA_SEA,3373,pass,7.0,55.0,48.0,33.0,5:34,5:01,,14.0,23.0,2.0,5.0,"2 DL, 3 LB, 6 DB",;;;;;;;;;;,11,5,4,ZONE_COVERAGE,COVER_3,True,00-0033592;00-0032426;00-0035640;00-0032211;00-0034159;00-0036247;00-0026166;00-0030565;00-0032420;00-0036417;00-0031367,Kyle Fuller;Alex Collins;DK Metcalf;Tyler Lockett;Will Dissly;Freddie Swain;Duane Brown;Geno Smith;Brandon Shell;Damien Lewis;Gabe Jackson,00-0033072;00-0035663;00-0035617;00-0036419;00-0035667;00-0031388;00-0036904;00-0034203;00-0035669;00-0033055;00-0036431,Leonard Floyd;Taylor Rapp;Troy Reeder;Terrell Lewis;Greg Gaines;Aaron Donald;Robert Rochell;Darious Williams;Nick Scott;Jalen Ramsey;Jordan Fuller
2021_05_LA_SEA,3402,no_play,0.0,48.0,48.0,0.0,5:01,5:01,,14.0,23.0,1.0,10.0,"2 DL, 3 LB, 6 DB",;;;;;;;;;;,11,,,,,,00-0033592;00-0032426;00-0035640;00-0032211;00-0034159;00-0036247;00-0026166;00-0030565;00-0032420;00-0036417;00-0031367,Kyle Fuller;Alex Collins;DK Metcalf;Tyler Lockett;Will Dissly;Freddie Swain;Duane Brown;Geno Smith;Brandon Shell;Damien Lewis;Gabe Jackson,00-0033072;00-0035663;00-0035617;00-0036419;00-0035667;00-0031388;00-0036904;00-0034203;00-0035669;00-0033055;00-0036431,Leonard Floyd;Taylor Rapp;Troy Reeder;Terrell Lewis;Greg Gaines;Aaron Donald;Robert Rochell;Darious Williams;Nick Scott;Jalen Ramsey;Jordan Fuller
2021_05_LA_SEA,3425,pass,0.0,53.0,53.0,7.0,5:01,4:54,,14.0,23.0,1.0,15.0,"2 DL, 3 LB, 6 DB",;;;;;;;;;;,11,6,3,ZONE_COVERAGE,COVER_3,False,00-0033592;00-0032426;00-0032211;00-0034159;00-0036247;00-0026166;00-0030565;00-0032420;00-0035022;00-0036417;00-0031367,Kyle Fuller;Alex Collins;Tyler Lockett;Will Dissly;Freddie Swain;Duane Brown;Geno Smith;Brandon Shell;Penny Hart;Damien Lewis;Gabe Jackson,00-0033072;00-0035663;00-0035617;00-0036419;00-0036904;00-0031388;00-0034810;00-0034203;00-0035669;00-0033055;00-0036431,Leonard Floyd;Taylor Rapp;Troy Reeder;Terrell Lewis;Robert Rochell;Aaron Donald;Sebastian Joseph-Day;Darious Williams;Nick Scott;Jalen Ramsey;Jordan Fuller
2021_05_LA_SEA,3447,pass,5.0,53.0,48.0,40.0,4:54,4:14,,14.0,23.0,2.0,15.0,"2 DL, 3 LB, 6 DB",;;;;;;;;;;,11,6,5,ZONE_COVERAGE,COVER_3,True,00-0033592;00-0032426;00-0035640;00-0032211;00-0036247;00-0026166;00-0030565;00-0032420;00-0036417;00-0036244;00-0031367,Kyle Fuller;Alex Collins;DK Metcalf;Tyler Lockett;Freddie Swain;Duane Brown;Geno Smith;Brandon Shell;Damien Lewis;Colby Parkinson;Gabe Jackson,00-0033072;00-0035663;00-0035617;00-0036419;00-0036904;00-0031388;00-0034203;00-0034810;00-0035669;00-0033055;00-0036431,Leonard Floyd;Taylor Rapp;Troy Reeder;Terrell Lewis;Robert Rochell;Aaron Donald;Darious Williams;Sebastian Joseph-Day;Nick Scott;Jalen Ramsey;Jordan Fuller
2021_05_LA_SEA,3471,pass,14.0,48.0,34.0,26.0,4:14,3:48,,14.0,23.0,3.0,10.0,"2 DL, 3 LB, 6 DB",;;;;;;;;;;,11,5,5,ZONE_COVERAGE,COVER_3,False,00-0033592;00-0032426;00-0035640;00-0032211;00-0036247;00-0026166;00-0030565;00-0032420;00-0036417;00-0036244;00-0031367,Kyle Fuller;Alex Collins;DK Metcalf;Tyler Lockett;Freddie Swain;Duane Brown;Geno Smith;Brandon Shell;Damien Lewis;Colby Parkinson;Gabe Jackson,00-0033072;00-0035663;00-0035617;00-0036419;00-0031388;00-0036904;00-0034203;00-0034810;00-0035669;00-0033055;00-0036431,Leonard Floyd;Taylor Rapp;Troy Reeder;Terrell Lewis;Aaron Donald;Robert Rochell;Darious Williams;Sebastian Joseph-Day;Nick Scott;Jalen Ramsey;Jordan Fuller
2021_05_LA_SEA,3495,pass,0.0,34.0,34.0,5.0,3:48,3:43,,14.0,23.0,1.0,10.0,"2 DL, 3 LB, 6 DB",;;;;;;;;;;,11,4,4,MAN_COVERAGE,COVER_1,True,00-0033592;00-0032426;00-0035640;00-0032211;00-0036247;00-0026166;00-0030565;00-0032420;00-0036417;00-0036244;00-0031367,Kyle Fuller;Alex Collins;DK Metcalf;Tyler Lockett;Freddie Swain;Duane Brown;Geno Smith;Brandon Shell;Damien Lewis;Colby Parkinson;Gabe Jackson,00-0033072;00-0035663;00-0035617;00-0034807;00-0036904;00-0031388;00-0034810;00-0034203;00-0035669;00-0033055;00-0036431,Leonard Floyd;Taylor Rapp;Troy Reeder;Ogbo Okoronkwo;Robert Rochell;Aaron Donald;Sebastian Joseph-Day;Darious Williams;Nick Scott;Jalen Ramsey;Jordan Fuller
2021_05_LA_SEA,3517,timeout,0.0,,,0.0,3:43,3:43,LA,14.0,23.0,,0.0,,,0,,,,,,,,,
2021_05_LA_SEA,3534,pass,20.0,34.0,14.0,34.0,3:43,3:09,,14.0,23.0,2.0,10.0,"2 DL, 3 LB, 6 DB",;;;;;;;;;;,11,6,4,ZONE_COVERAGE,COVER_3,False,00-0033592;00-0032426;00-0032211;00-0034159;00-0036247;00-0026166;00-0030565;00-0032420;00-0035022;00-0036417;00-0031367,Kyle Fuller;Alex Collins;Tyler Lockett;Will Dissly;Freddie Swain;Duane Brown;Geno Smith;Brandon Shell;Penny Hart;Damien Lewis;Gabe Jackson,00-0033072;00-0035663;00-0035617;00-0035667;00-0034807;00-0036904;00-0031388;00-0034203;00-0035669;00-0033055;00-0036431,Leonard Floyd;Taylor Rapp;Troy Reeder;Greg Gaines;Ogbo Okoronkwo;Robert Rochell;Aaron Donald;Darious Williams;Nick Scott;Jalen Ramsey;Jordan Fuller
2021_05_LA_SEA,3562,pass,0.0,14.0,14.0,7.0,3:09,3:02,,14.0,23.0,1.0,10.0,"2 DL, 4 LB, 5 DB",;;;;;;;;;;,11,7,4,ZONE_COVERAGE,COVER_3,True,00-0033592;00-0032426;00-0035640;00-0032211;00-0034159;00-0036247;00-0026166;00-0030565;00-0032420;00-0036417;00-0031367,Kyle Fuller;Alex Collins;DK Metcalf;Tyler Lockett;Will Dissly;Freddie Swain;Duane Brown;Geno Smith;Brandon Shell;Damien Lewis;Gabe Jackson,00-0033072;00-0035663;00-0035617;00-0034266;00-0034807;00-0035665;00-0036904;00-0031388;00-0034810;00-0033055;00-0036431,Leonard Floyd;Taylor Rapp;Troy Reeder;Kenny Young;Ogbo Okoronkwo;David Long;Robert Rochell;Aaron Donald;Sebastian Joseph-Day;Jalen Ramsey;Jordan Fuller
2021_05_LA_SEA,3584,pass,0.0,14.0,14.0,5.0,3:02,2:57,,14.0,23.0,2.0,10.0,"2 DL, 4 LB, 5 DB",;;;;;;;;;;,11,7,4,ZONE_COVERAGE,COVER_3,True,00-0033592;00-0032426;00-0035640;00-0032211;00-0034159;00-0036247;00-0026166;00-0030565;00-0032420;00-0036417;00-0031367,Kyle Fuller;Alex Collins;DK Metcalf;Tyler Lockett;Will Dissly;Freddie Swain;Duane Brown;Geno Smith;Brandon Shell;Damien Lewis;Gabe Jackson,00-0033072;00-0035663;00-0035617;00-0034266;00-0034807;00-0035665;00-0031388;00-0036904;00-0034810;00-0033055;00-0036431,Leonard Floyd;Taylor Rapp;Troy Reeder;Kenny Young;Ogbo Okoronkwo;David Long;Aaron Donald;Robert Rochell;Sebastian Joseph-Day;Jalen Ramsey;Jordan Fuller
2021_05_LA_SEA,3606,pass,0.0,14.0,14.0,8.0,2:57,2:49,,14.0,23.0,3.0,10.0,"2 DL, 4 LB, 5 DB",;;;;;;;;;;,11,6,3,ZONE_COVERAGE,COVER_3,True,00-0033592;00-0035640;00-0032211;00-0036247;00-0035594;00-0026166;00-0030565;00-0032420;00-0036417;00-0036244;00-0031367,Kyle Fuller;DK Metcalf;Tyler Lockett;Freddie Swain;Travis Homer;Duane Brown;Geno Smith;Brandon Shell;Damien Lewis;Colby Parkinson;Gabe Jackson,00-0033072;00-0035663;00-0035617;00-0034266;00-0034807;00-0035665;00-0031388;00-0036904;00-0034810;00-0033055;00-0036431,Leonard Floyd;Taylor Rapp;Troy Reeder;Kenny Young;Ogbo Okoronkwo;David Long;Aaron Donald;Robert Rochell;Sebastian Joseph-Day;Jalen Ramsey;Jordan Fuller
2021_05_LA_SEA,3628,field_goal,0.0,14.0,14.0,4.0,2:49,2:45,,17.0,23.0,4.0,10.0,,;;;;;;;;;;,11,,,,,,00-0033592;00-0036059;00-0034160;00-0034159;00-0034229;00-0031156;00-0032420;00-0031492;00-0034729;00-0036417;00-0031367,Kyle Fuller;Tyler Mabry;Michael Dickson;Will Dissly;Dakoda Shepley;Tyler Ott;Brandon Shell;Jason Myers;Jamarco Jones;Damien Lewis;Gabe Jackson,00-0036421;00-0035933;00-0032889;00-0035617;00-0035944;00-0033908;00-0034807;00-0035669;00-0034812;00-0036994;00-0033055,Terrell Burgess;Michael Hoecht;A'Shawn Robinson;Troy Reeder;Jonah Williams;Cooper Kupp;Ogbo Okoronkwo;Nick Scott;Travin Howard;Ernest Jones;Jalen Ramsey
2021_05_LA_SEA,3647,kickoff,0.0,35.0,35.0,6.0,2:45,2:39,,17.0,23.0,,0.0,,;;;;;;;;;;,11,,,,,,00-0028292;00-0034756;00-0036413;00-0036425;00-0035142;00-0035594;00-0035022;00-0034527;00-0031492;00-0036802;00-0035672,Nick Bellore;Tre Flowers;Darrell Taylor;DeeJay Dallas;Ugo Amadi;Travis Homer;Penny Hart;Ryan Neal;Jason Myers;Jon Rhattigan;Cody Barton,00-0036421;00-0035663;00-0033246;00-0035617;00-0036862;00-0036415;00-0033908;00-0030431;00-0035669;00-0034812;00-0036994,Terrell Burgess;Taylor Rapp;Johnny Mundt;Troy Reeder;Ben Skowronek;Van Jefferson;Cooper Kupp;Robert Woods;Nick Scott;Travin Howard;Ernest Jones
2021_05_LA_SEA,3669,run,12.0,78.0,66.0,6.0,2:39,2:33,,17.0,23.0,1.0,10.0,"4 DL, 3 LB, 4 DB",;;;;;;;;;;,11,7,,,,,00-0032242;00-0034804;00-0033246;00-0033110;00-0035664;00-0035668;00-0033908;00-0026498;00-0024270;00-0030431;00-0034261,Rob Havenstein;Brian Allen;Johnny Mundt;Tyler Higbee;Darrell Henderson;David Edwards;Cooper Kupp;Matthew Stafford;Andrew Whitworth;Robert Woods;Austin Corbett,00-0034384;00-0034831;00-0035094;00-0027723;00-0031608;00-0029255;00-0033872;00-0036409;00-0033543;00-0034234;00-0030380,D.J. Reed;Rasheem Green;Bryan Mone;Al Woods;Quandre Diggs;Bobby Wagner;Jamal Adams;Jordyn Brooks;Sidney Jones;Poona Ford;Benson Mayowa
2021_05_LA_SEA,3690,timeout,0.0,,,0.0,2:33,2:33,SEA,17.0,23.0,,0.0,,,0,,,,,,,,,
2021_05_LA_SEA,3707,run,0.0,66.0,66.0,5.0,2:33,2:28,,17.0,23.0,1.0,10.0,"4 DL, 3 LB, 4 DB",;;;;;;;;;;,11,8,,,,,00-0032242;00-0034804;00-0033246;00-0033110;00-0035664;00-0035668;00-0033908;00-0026498;00-0024270;00-0030431;00-0034261,Rob Havenstein;Brian Allen;Johnny Mundt;Tyler Higbee;Darrell Henderson;David Edwards;Cooper Kupp;Matthew Stafford;Andrew Whitworth;Robert Woods;Austin Corbett,00-0034384;00-0034831;00-0035094;00-0027723;00-0031608;00-0029255;00-0033872;00-0036409;00-0033543;00-0034234;00-0030380,D.J. Reed;Rasheem Green;Bryan Mone;Al Woods;Quandre Diggs;Bobby Wagner;Jamal Adams;Jordyn Brooks;Sidney Jones;Poona Ford;Benson Mayowa
2021_05_LA_SEA,3728,timeout,0.0,,,0.0,2:28,2:28,SEA,17.0,23.0,,0.0,,,0,,,,,,,,,
2021_05_LA_SEA,3745,run,2.0,66.0,64.0,6.0,2:28,2:22,,17.0,23.0,2.0,10.0,"4 DL, 3 LB, 4 DB",;;;;;;;;;;,11,8,,,,,00-0032242;00-0034804;00-0033246;00-0033110;00-0035664;00-0035668;00-0033908;00-0026498;00-0024270;00-0030431;00-0034261,Rob Havenstein;Brian Allen;Johnny Mundt;Tyler Higbee;Darrell Henderson;David Edwards;Cooper Kupp;Matthew Stafford;Andrew Whitworth;Robert Woods;Austin Corbett,00-0034384;00-0034831;00-0035094;00-0027723;00-0031608;00-0029255;00-0033872;00-0036409;00-0033543;00-0034234;00-0030380,D.J. Reed;Rasheem Green;Bryan Mone;Al Woods;Quandre Diggs;Bobby Wagner;Jamal Adams;Jordyn Brooks;Sidney Jones;Poona Ford;Benson Mayowa
2021_05_LA_SEA,3766,timeout,0.0,,,0.0,2:22,2:22,SEA,17.0,23.0,,0.0,,,0,,,,,,,,,
2021_05_LA_SEA,3783,timeout,0.0,,,0.0,2:22,2:22,LA,17.0,23.0,,0.0,,,0,,,,,,,,,
2021_05_LA_SEA,3800,pass,0.0,64.0,64.0,5.0,2:22,2:17,,17.0,23.0,3.0,8.0,"3 DL, 2 LB, 6 DB",;;;;;;;;;;,11,5,4,MAN_COVERAGE,COVER_1,False,00-0032242;00-0034804;00-0033110;00-0035668;00-0033908;00-0036415;00-0034845;00-0026498;00-0024270;00-0030431;00-0034261,Rob Havenstein;Brian Allen;Tyler Higbee;David Edwards;Cooper Kupp;Van Jefferson;Sony Michel;Matthew Stafford;Andrew Whitworth;Robert Woods;Austin Corbett,00-0034384;00-0034831;00-0027662;00-0036413;00-0031608;00-0029255;00-0033872;00-0035139;00-0034527;00-0033543;00-0030946,D.J. Reed;Rasheem Green;Carlos Dunlap;Darrell Taylor;Quandre Diggs;Bobby Wagner;Jamal Adams;Marquise Blair;Ryan Neal;Sidney Jones;Kerry Hyder
2021_05_LA_SEA,3822,punt,0.0,64.0,64.0,8.0,2:17,2:09,,17.0,23.0,4.0,8.0,,;;;;;;;;;;,11,,,,,,00-0036421;00-0035118;00-0036918;00-0035933;00-0033246;00-0035617;00-0036862;00-0035669;00-0036994;00-0034812;00-0028872,Terrell Burgess;Matthew Orzech;Jacob Harris;Michael Hoecht;Johnny Mundt;Troy Reeder;Ben Skowronek;Nick Scott;Ernest Jones;Travin Howard;Johnny Hekker,00-0028292;00-0034756;00-0036425;00-0035142;00-0035294;00-0036247;00-0035594;00-0034527;00-0035022;00-0036802;00-0035672,Nick Bellore;Tre Flowers;DeeJay Dallas;Ugo Amadi;Blessuan Austin;Freddie Swain;Travis Homer;Ryan Neal;Penny Hart;Jon Rhattigan;Cody Barton
2021_05_LA_SEA,3841,turnover,0.0,84.0,84.0,7.0,2:09,2:02,,17.0,23.0,1.0,10.0,"2 DL, 3 LB, 6 DB",;;;;;;;;;;,11,5,4,ZONE_COVERAGE,COVER_4,False,00-0033592;00-0035640;00-0032211;00-0034159;00-0036247;00-0035594;00-0026166;00-0030565;00-0032420;00-0036417;00-0031367,Kyle Fuller;DK Metcalf;Tyler Lockett;Will Dissly;Freddie Swain;Travis Homer;Duane Brown;Geno Smith;Brandon Shell;Damien Lewis;Gabe Jackson,00-0033072;00-0035663;00-0035617;00-0036419;00-0035665;00-0036904;00-0031388;00-0034810;00-0035669;00-0033055;00-0036431,Leonard Floyd;Taylor Rapp;Troy Reeder;Terrell Lewis;David Long;Robert Rochell;Aaron Donald;Sebastian Joseph-Day;Nick Scott;Jalen Ramsey;Jordan Fuller
2021_05_LA_SEA,3872,timeout,0.0,,,0.0,2:02,2:02,LA,17.0,23.0,,0.0,,,0,,,,,,,,,
2021_05_LA_SEA,3889,run,-1.0,32.0,33.0,5.0,2:02,1:57,,17.0,23.0,1.0,10.0,"4 DL, 3 LB, 4 DB",;;;;;;;;;;,11,8,,,,,00-0032242;00-0034804;00-0033246;00-0033110;00-0035664;00-0035668;00-0033908;00-0026498;00-0024270;00-0030431;00-0034261,Rob Havenstein;Brian Allen;Johnny Mundt;Tyler Higbee;Darrell Henderson;David Edwards;Cooper Kupp;Matthew Stafford;Andrew Whitworth;Robert Woods;Austin Corbett,00-0034384;00-0034831;00-0035094;00-0027723;00-0031608;00-0029255;00-0033872;00-0036409;00-0033543;00-0034234;00-0030380,D.J. Reed;Rasheem Green;Bryan Mone;Al Woods;Quandre Diggs;Bobby Wagner;Jamal Adams;Jordyn Brooks;Sidney Jones;Poona Ford;Benson Mayowa
2021_05_LA_SEA,3927,run,0.0,33.0,33.0,47.0,1:57,1:10,,17.0,23.0,2.0,11.0,"4 DL, 3 LB, 4 DB",;;;;;;;;;;,11,8,,,,,00-0032242;00-0034804;00-0033246;00-0033110;00-0035664;00-0035668;00-0033908;00-0026498;00-0024270;00-0030431;00-0034261,Rob Havenstein;Brian Allen;Johnny Mundt;Tyler Higbee;Darrell Henderson;David Edwards;Cooper Kupp;Matthew Stafford;Andrew Whitworth;Robert Woods;Austin Corbett,00-0034384;00-0034831;00-0035094;00-0027723;00-0031608;00-0029255;00-0033872;00-0036409;00-0033543;00-0034234;00-0030380,D.J. Reed;Rasheem Green;Bryan Mone;Al Woods;Quandre Diggs;Bobby Wagner;Jamal Adams;Jordyn Brooks;Sidney Jones;Poona Ford;Benson Mayowa
2021_05_LA_SEA,3948,run,4.0,33.0,29.0,40.0,1:10,0:30,,17.0,23.0,3.0,11.0,"3 DL, 2 LB, 6 DB",;;;;;;;;;;,11,4,,,,,00-0032242;00-0034804;00-0033110;00-0035664;00-0035668;00-0033908;00-0036415;00-0026498;00-0024270;00-0030431;00-0034261,Rob Havenstein;Brian Allen;Tyler Higbee;Darrell Henderson;David Edwards;Cooper Kupp;Van Jefferson;Matthew Stafford;Andrew Whitworth;Robert Woods;Austin Corbett,00-0034384;00-0034831;00-0027662;00-0036413;00-0035142;00-0031608;00-0029255;00-0033872;00-0033543;00-0034527;00-0030946,D.J. Reed;Rasheem Green;Carlos Dunlap;Darrell Taylor;Ugo Amadi;Quandre Diggs;Bobby Wagner;Jamal Adams;Sidney Jones;Ryan Neal;Kerry Hyder
2021_05_LA_SEA,3969,field_goal,0.0,29.0,29.0,6.0,0:30,0:24,,17.0,26.0,4.0,7.0,,;;;;;;;;;;,11,,,,,,00-0032242;00-0035118;00-0034804;00-0033246;00-0033110;00-0034114;00-0034803;00-0035668;00-0034261;00-0035269;00-0028872,Rob Havenstein;Matthew Orzech;Brian Allen;Johnny Mundt;Tyler Higbee;Coleman Shelton;Joe Noteboom;David Edwards;Austin Corbett;Matt Gay;Johnny Hekker,00-0034831;00-0035636;00-0034756;00-0036413;00-0027723;00-0035142;00-0029255;00-0033543;00-0034234;00-0034527;00-0030946,Rasheem Green;L.J. Collier;Tre Flowers;Darrell Taylor;Al Woods;Ugo Amadi;Bobby Wagner;Sidney Jones;Poona Ford;Ryan Neal;Kerry Hyder
2021_05_LA_SEA,3988,kickoff,0.0,35.0,35.0,0.0,0:24,0:24,,17.0,26.0,,0.0,,;;;;;;;;;;,11,,,,,,00-0036421;00-0036918;00-0033246;00-0036068;00-0035617;00-0036862;00-0036077;00-0035269;00-0035669;00-0036994;00-0034812,Terrell Burgess;Jacob Harris;Johnny Mundt;Jamir Jones;Troy Reeder;Ben Skowronek;JuJu Hughes;Matt Gay;Nick Scott;Ernest Jones;Travin Howard,00-0028292;00-0036059;00-0034756;00-0036425;00-0036426;00-0034159;00-0035594;00-0034527;00-0036244;00-0036802;00-0035672,Nick Bellore;Tyler Mabry;Tre Flowers;DeeJay Dallas;Alton Robinson;Will Dissly;Travis Homer;Ryan Neal;Colby Parkinson;Jon Rhattigan;Cody Barton
2021_05_LA_SEA,4003,pass,0.0,75.0,75.0,6.0,0:24,0:18,,17.0,26.0,1.0,10.0,"2 DL, 3 LB, 6 DB",;;;;;;;;;;,11,6,4,ZONE_COVERAGE,COVER_3,True,00-0033592;00-0032211;00-0034159;00-0036247;00-0035594;00-0026166;00-0030565;00-0032420;00-0035022;00-0036417;00-0031367,Kyle Fuller;Tyler Lockett;Will Dissly;Freddie Swain;Travis Homer;Duane Brown;Geno Smith;Brandon Shell;Penny Hart;Damien Lewis;Gabe Jackson,00-0033072;00-0035933;00-0035663;00-0035617;00-0036419;00-0035667;00-0035665;00-0036904;00-0035669;00-0033055;00-0036431,Leonard Floyd;Michael Hoecht;Taylor Rapp;Troy Reeder;Terrell Lewis;Greg Gaines;David Long;Robert Rochell;Nick Scott;Jalen Ramsey;Jordan Fuller
2021_05_LA_SEA,4025,no_play,0.0,75.0,75.0,0.0,0:18,0:18,,17.0,26.0,2.0,10.0,"2 DL, 3 LB, 6 DB",;;;;;;;;;;,11,,,,,,00-0033592;00-0032208;00-0032211;00-0034159;00-0036247;00-0035594;00-0026166;00-0030565;00-0032420;00-0036417;00-0031367,Kyle Fuller;Phillip Dorsett;Tyler Lockett;Will Dissly;Freddie Swain;Travis Homer;Duane Brown;Geno Smith;Brandon Shell;Damien Lewis;Gabe Jackson,00-0033072;00-0035933;00-0035663;00-0035617;00-0036419;00-0035667;00-0035665;00-0036904;00-0035669;00-0033055;00-0036431,Leonard Floyd;Michael Hoecht;Taylor Rapp;Troy Reeder;Terrell Lewis;Greg Gaines;David Long;Robert Rochell;Nick Scott;Jalen Ramsey;Jordan Fuller
2021_05_LA_SEA,4048,run,12.0,80.0,68.0,10.0,0:18,0:08,,17.0,26.0,2.0,15.0,"2 DL, 3 LB, 6 DB",;;;;;;;;;;,11,6,4,,,,00-0033592;00-0032208;00-0032211;00-0034159;00-0036247;00-0035594;00-0026166;00-0030565;00-0032420;00-0036417;00-0031367,Kyle Fuller;Phillip Dorsett;Tyler Lockett;Will Dissly;Freddie Swain;Travis Homer;Duane Brown;Geno Smith;Brandon Shell;Damien Lewis;Gabe Jackson,00-0033072;00-0035933;00-0035663;00-0035617;00-0036419;00-0035667;00-0035665;00-0036904;00-0035669;00-0033055;00-0036431,Leonard Floyd;Michael Hoecht;Taylor Rapp;Troy Reeder;Terrell Lewis;Greg Gaines;David Long;Robert Rochell;Nick Scott;Jalen Ramsey;Jordan Fuller
2021_05_LA_SEA,4074,pass,13.0,68.0,55.0,8.0,0:08,0:00,,17.0,26.0,3.0,3.0,"2 DL, 3 LB, 6 DB",;;;;;;;;;;,11,4,4,ZONE_COVERAGE,COVER_3,False,00-0033592;00-0032208;00-0032211;00-0034159;00-0036247;00-0035594;00-0026166;00-0030565;00-0032420;00-0036417;00-0031367,Kyle Fuller;Phillip Dorsett;Tyler Lockett;Will Dissly;Freddie Swain;Travis Homer;Duane Brown;Geno Smith;Brandon Shell;Damien Lewis;Gabe Jackson,00-0033072;00-0035663;00-0035617;00-0036419;00-0035667;00-0035665;00-0031388;00-0036904;00-0035669;00-0033055;00-0036431,Leonard Floyd;Taylor Rapp;Troy Reeder;Terrell Lewis;Greg Gaines;David Long;Aaron Donald;Robert Rochell;Nick Scott;Jalen Ramsey;Jordan Fuller
2021_05_LA_SEA,4098,end_game,,,,0.0,0:00,0:00,,17.0,26.0,,0.0,,,0,,,,,,,,,
