game_id,play_id,play_type,yards_gained,starting_yard,ending_yard,time_of_play,time_on_clock_start,time_on_clock_end,timeout_team,home_team_score,away_team_score,down,yds_to_go,defense_personnel,defense_positions,n_defense,defenders_in_box,number_of_pass_rushers,defense_man_zone_type,defense_coverage_type,was_pressure,offense_player_ids,offense_player_names,defense_player_ids,defense_player_names
2021_04_IND_MIA,1,start_quarter_1,,,,0.0,15:00,15:00,,0.0,0.0,,0.0,,,0,,,,,,,,,
2021_04_IND_MIA,40,kickoff,0.0,35.0,35.0,0.0,15:00,15:00,,0.0,0.0,,0.0,,;;;;;;;;;;,11,,,,,,00-0034431;00-0033269;00-0036385;00-0033393;00-0027914;00-0034987;00-0034091;00-0033588;00-0034424;00-0035021;00-0032198,Zaire Franklin;Rigoberto Sanchez;Bopete Keyes;Kenny Moore II;Andrew Sendejo;E.J. Speed;George Odum;Isaac Rochell;Matthew Adams;Ashton Dulin;Ibraheim Campbell,00-0033338;00-0033555;00-0034902;00-0032807;00-0032734;00-0034798;00-0032791;00-0033549;00-0033896;00-0035346;00-0036221,Cethan Carter;Mack Hollins;Sam Eguavoen;Clayton Fejedelem;Brennan Scarlett;Durham Smythe;Jakeem Grant;Duke Riley;Adam Shaheen;Nik Needham;Brandon Jones
2021_04_IND_MIA,55,run,4.0,75.0,71.0,33.0,15:00,14:27,,0.0,0.0,1.0,10.0,"4 DL, 3 LB, 4 DB",;;;;;;;;;;,11,7,,,,,00-0031923;00-0036248;00-0031893;00-0034798;00-0033119;00-0031547;00-0031806;00-0033896;00-0036613;00-0036325;00-0037010,Greg Mancz;Austin Jackson;Jesse Davis;Durham Smythe;Jacoby Brissett;DeVante Parker;Malcolm Brown;Adam Shaheen;Jaylen Waddle;Robert Hunt;Liam Eichenberg,00-0032378;00-0034431;00-0035687;00-0030575;00-0033393;00-0027914;00-0036253;00-0033964;00-0034359;00-0034846;00-0033952,DeForest Buckner;Zaire Franklin;Bobby Okereke;Xavier Rhodes;Kenny Moore II;Andrew Sendejo;Julian Blackmon;Al-Quadin Muhammad;Tyquan Lewis;Shaquille Leonard;Grover Stewart
2021_04_IND_MIA,76,pass,5.0,71.0,66.0,35.0,14:27,13:52,,0.0,0.0,2.0,6.0,"4 DL, 2 LB, 5 DB",;;;;;;;;;;,11,6,4,ZONE_COVERAGE,COVER_4,False,00-0036248;00-0031923;00-0031893;00-0033127;00-0035311;00-0033119;00-0031547;00-0033896;00-0036613;00-0036325;00-0037010,Austin Jackson;Greg Mancz;Jesse Davis;Will Fuller;Myles Gaskin;Jacoby Brissett;DeVante Parker;Adam Shaheen;Jaylen Waddle;Robert Hunt;Liam Eichenberg,00-0032378;00-0035687;00-0030575;00-0033393;00-0027914;00-0036222;00-0036253;00-0033964;00-0034359;00-0034846;00-0033952,DeForest Buckner;Bobby Okereke;Xavier Rhodes;Kenny Moore II;Andrew Sendejo;Isaiah Rodgers;Julian Blackmon;Al-Quadin Muhammad;Tyquan Lewis;Shaquille Leonard;Grover Stewart
2021_04_IND_MIA,105,run,2.0,66.0,64.0,41.0,13:52,13:11,,0.0,0.0,3.0,1.0,"4 DL, 3 LB, 4 DB",;;;;;;;;;;,11,8,4,,,,00-0033338;00-0033555;00-0031923;00-0036248;00-0031893;00-0034798;00-0033119;00-0031806;00-0033896;00-0036325;00-0037010,Cethan Carter;Mack Hollins;Greg Mancz;Austin Jackson;Jesse Davis;Durham Smythe;Jacoby Brissett;Malcolm Brown;Adam Shaheen;Robert Hunt;Liam Eichenberg,00-0032378;00-0034431;00-0035687;00-0030575;00-0033393;00-0027914;00-0036253;00-0033964;00-0034359;00-0034846;00-0033952,DeForest Buckner;Zaire Franklin;Bobby Okereke;Xavier Rhodes;Kenny Moore II;Andrew Sendejo;Julian Blackmon;Al-Quadin Muhammad;Tyquan Lewis;Shaquille Leonard;Grover Stewart
2021_04_IND_MIA,126,run,4.0,64.0,60.0,33.0,13:11,12:38,,0.0,0.0,1.0,10.0,"4 DL, 3 LB, 4 DB",;;;;;;;;;;,11,6,,,,,00-0031923;00-0036248;00-0031893;00-0034798;00-0033119;00-0031547;00-0031806;00-0033896;00-0034829;00-0036325;00-0037010,Greg Mancz;Austin Jackson;Jesse Davis;Durham Smythe;Jacoby Brissett;DeVante Parker;Malcolm Brown;Adam Shaheen;Mike Gesicki;Robert Hunt;Liam Eichenberg,00-0032378;00-0034431;00-0035687;00-0030575;00-0033393;00-0027914;00-0036253;00-0033964;00-0034359;00-0034846;00-0033952,DeForest Buckner;Zaire Franklin;Bobby Okereke;Xavier Rhodes;Kenny Moore II;Andrew Sendejo;Julian Blackmon;Al-Quadin Muhammad;Tyquan Lewis;Shaquille Leonard;Grover Stewart
2021_04_IND_MIA,147,pass,2.0,60.0,58.0,40.0,12:38,11:58,,0.0,0.0,2.0,6.0,"4 DL, 2 LB, 5 DB",;;;;;;;;;;,11,6,4,MAN_COVERAGE,COVER_1,True,00-0036248;00-0031923;00-0031893;00-0033127;00-0034798;00-0035311;00-0033119;00-0031547;00-0036613;00-0037010;00-0036325,Austin Jackson;Greg Mancz;Jesse Davis;Will Fuller;Durham Smythe;Myles Gaskin;Jacoby Brissett;DeVante Parker;Jaylen Waddle;Liam Eichenberg;Robert Hunt,00-0035687;00-0032378;00-0030575;00-0033393;00-0027914;00-0036222;00-0036253;00-0033964;00-0034359;00-0034846;00-0033952,Bobby Okereke;DeForest Buckner;Xavier Rhodes;Kenny Moore II;Andrew Sendejo;Isaiah Rodgers;Julian Blackmon;Al-Quadin Muhammad;Tyquan Lewis;Shaquille Leonard;Grover Stewart
2021_04_IND_MIA,171,no_play,0.0,58.0,58.0,28.0,11:58,11:30,,0.0,0.0,3.0,4.0,"4 DL, 2 LB, 5 DB",;;;;;;;;;;,11,6,,,,,00-0036248;00-0031923;00-0031893;00-0033127;00-0033119;00-0031547;00-0031806;00-0036613;00-0034829;00-0037010;00-0036325,Austin Jackson;Greg Mancz;Jesse Davis;Will Fuller;Jacoby Brissett;DeVante Parker;Malcolm Brown;Jaylen Waddle;Mike Gesicki;Liam Eichenberg;Robert Hunt,00-0032378;00-0035687;00-0030575;00-0033393;00-0027914;00-0034354;00-0036222;00-0036253;00-0033964;00-0034359;00-0034846,DeForest Buckner;Bobby Okereke;Xavier Rhodes;Kenny Moore II;Andrew Sendejo;Kemoko Turay;Isaiah Rodgers;Julian Blackmon;Al-Quadin Muhammad;Tyquan Lewis;Shaquille Leonard
2021_04_IND_MIA,207,pass,0.0,68.0,68.0,9.0,11:30,11:21,,0.0,0.0,3.0,14.0,"4 DL, 2 LB, 5 DB",;;;;;;;;;;,11,4,4,ZONE_COVERAGE,COVER_2,True,00-0030669;00-0031923;00-0036248;00-0031893;00-0033119;00-0031547;00-0031806;00-0036613;00-0034829;00-0037010;00-0036325,Albert Wilson;Greg Mancz;Austin Jackson;Jesse Davis;Jacoby Brissett;DeVante Parker;Malcolm Brown;Jaylen Waddle;Mike Gesicki;Liam Eichenberg;Robert Hunt,00-0032378;00-0035687;00-0030575;00-0033393;00-0027914;00-0034354;00-0036222;00-0036253;00-0033964;00-0034359;00-0034846,DeForest Buckner;Bobby Okereke;Xavier Rhodes;Kenny Moore II;Andrew Sendejo;Kemoko Turay;Isaiah Rodgers;Julian Blackmon;Al-Quadin Muhammad;Tyquan Lewis;Shaquille Leonard
2021_04_IND_MIA,229,turnover,0.0,68.0,68.0,9.0,11:21,11:12,,0.0,0.0,4.0,14.0,,;;;;;;;;;;,11,,,,,,00-0033338;00-0033555;00-0034248;00-0032807;00-0032734;00-0034902;00-0034798;00-0036217;00-0031363;00-0033549;00-0035272,Cethan Carter;Mack Hollins;Elijah Campbell;Clayton Fejedelem;Brennan Scarlett;Sam Eguavoen;Durham Smythe;Blake Ferguson;Michael Palardy;Duke Riley;Andrew Van Ginkel,00-0034431;00-0036385;00-0034987;00-0036222;00-0034091;00-0033588;00-0034424;00-0035021;00-0032198;00-0034367;00-0034400,Zaire Franklin;Bopete Keyes;E.J. Speed;Isaiah Rodgers;George Odum;Isaac Rochell;Matthew Adams;Ashton Dulin;Ibraheim Campbell;Nyheim Hines;Jordan Wilkins
2021_04_IND_MIA,258,no_play,0.0,27.0,27.0,23.0,11:12,10:49,,0.0,0.0,1.0,10.0,"4 DL, 2 LB, 5 DB",;;;;;;;;;;,11,6,,,,,00-0036248;00-0031923;00-0031893;00-0034798;00-0033119;00-0031547;00-0031806;00-0033896;00-0034829;00-0037010;00-0036325,Austin Jackson;Greg Mancz;Jesse Davis;Durham Smythe;Jacoby Brissett;DeVante Parker;Malcolm Brown;Adam Shaheen;Mike Gesicki;Liam Eichenberg;Robert Hunt,00-0035687;00-0030575;00-0033393;00-0027914;00-0034354;00-0036222;00-0036253;00-0033588;00-0034846;00-0034325;00-0033952,Bobby Okereke;Xavier Rhodes;Kenny Moore II;Andrew Sendejo;Kemoko Turay;Isaiah Rodgers;Julian Blackmon;Isaac Rochell;Shaquille Leonard;Taylor Stallworth;Grover Stewart
2021_04_IND_MIA,293,pass,0.0,22.0,22.0,6.0,10:49,10:43,,0.0,0.0,1.0,5.0,"4 DL, 3 LB, 4 DB",;;;;;;;;;;,11,7,5,MAN_COVERAGE,COVER_1,True,00-0036248;00-0031923;00-0031893;00-0034798;00-0033119;00-0031547;00-0031806;00-0033896;00-0034829;00-0037010;00-0036325,Austin Jackson;Greg Mancz;Jesse Davis;Durham Smythe;Jacoby Brissett;DeVante Parker;Malcolm Brown;Adam Shaheen;Mike Gesicki;Liam Eichenberg;Robert Hunt,00-0034431;00-0035687;00-0030575;00-0033393;00-0027914;00-0034354;00-0036253;00-0033588;00-0034846;00-0034325;00-0033952,Zaire Franklin;Bobby Okereke;Xavier Rhodes;Kenny Moore II;Andrew Sendejo;Kemoko Turay;Julian Blackmon;Isaac Rochell;Shaquille Leonard;Taylor Stallworth;Grover Stewart
2021_04_IND_MIA,319,run,2.0,22.0,20.0,41.0,10:43,10:02,,0.0,0.0,2.0,5.0,"4 DL, 2 LB, 5 DB",;;;;;;;;;;,11,7,,,,,00-0036248;00-0031923;00-0031893;00-0034798;00-0033119;00-0031547;00-0031806;00-0033896;00-0036613;00-0036325;00-0037010,Austin Jackson;Greg Mancz;Jesse Davis;Durham Smythe;Jacoby Brissett;DeVante Parker;Malcolm Brown;Adam Shaheen;Jaylen Waddle;Robert Hunt;Liam Eichenberg,00-0035687;00-0030575;00-0033393;00-0027914;00-0034354;00-0036222;00-0036253;00-0033588;00-0034846;00-0034325;00-0033952,Bobby Okereke;Xavier Rhodes;Kenny Moore II;Andrew Sendejo;Kemoko Turay;Isaiah Rodgers;Julian Blackmon;Isaac Rochell;Shaquille Leonard;Taylor Stallworth;Grover Stewart
2021_04_IND_MIA,340,pass,0.0,20.0,20.0,4.0,10:02,9:58,,0.0,0.0,3.0,3.0,"4 DL, 2 LB, 5 DB",;;;;;;;;;;,11,6,3,MAN_COVERAGE,COVER_1,False,00-0036248;00-0031923;00-0031893;00-0034798;00-0035311;00-0033119;00-0031547;00-0033896;00-0034829;00-0037010;00-0036325,Austin Jackson;Greg Mancz;Jesse Davis;Durham Smythe;Myles Gaskin;Jacoby Brissett;DeVante Parker;Adam Shaheen;Mike Gesicki;Liam Eichenberg;Robert Hunt,00-0035687;00-0032378;00-0030575;00-0033393;00-0027914;00-0036222;00-0036253;00-0033964;00-0034359;00-0034969;00-0034846,Bobby Okereke;DeForest Buckner;Xavier Rhodes;Kenny Moore II;Andrew Sendejo;Isaiah Rodgers;Julian Blackmon;Al-Quadin Muhammad;Tyquan Lewis;Ben Banogu;Shaquille Leonard
2021_04_IND_MIA,369,field_goal,0.0,20.0,20.0,4.0,9:58,9:54,,3.0,0.0,4.0,3.0,,;;;;;;;;;;,11,,,,,,00-0034285;00-0036131;00-0036248;00-0031923;00-0031893;00-0034798;00-0036217;00-0031363;00-0035231;00-0034794;00-0036325,Zach Sieler;Solomon Kindley;Austin Jackson;Greg Mancz;Jesse Davis;Durham Smythe;Blake Ferguson;Michael Palardy;Christian Wilkins;Jason Sanders;Robert Hunt,00-0034431;00-0032378;00-0033393;00-0027914;00-0036222;00-0036253;00-0034424;00-0034969;00-0034846;00-0034325;00-0033952,Zaire Franklin;DeForest Buckner;Kenny Moore II;Andrew Sendejo;Isaiah Rodgers;Julian Blackmon;Matthew Adams;Ben Banogu;Shaquille Leonard;Taylor Stallworth;Grover Stewart
2021_04_IND_MIA,399,kickoff,0.0,35.0,35.0,6.0,9:54,9:48,,3.0,0.0,,0.0,,;;;;;;;;;;,11,,,,,,00-0033338;00-0033555;00-0034248;00-0032807;00-0032734;00-0034902;00-0033549;00-0036998;00-0034794;00-0036221;00-0035272,Cethan Carter;Mack Hollins;Elijah Campbell;Clayton Fejedelem;Brennan Scarlett;Sam Eguavoen;Duke Riley;Jevon Holland;Jason Sanders;Brandon Jones;Andrew Van Ginkel,00-0035687;00-0034431;00-0036222;00-0034987;00-0034091;00-0033588;00-0033251;00-0034424;00-0035021;00-0032198;00-0034400,Bobby Okereke;Zaire Franklin;Isaiah Rodgers;E.J. Speed;George Odum;Isaac Rochell;Zach Pascal;Matthew Adams;Ashton Dulin;Ibraheim Campbell;Jordan Wilkins
2021_04_IND_MIA,421,run,4.0,74.0,70.0,45.0,9:48,9:03,,3.0,0.0,1.0,10.0,"3 DL, 4 LB, 4 DB",;;;;;;;;;;,11,6,,,,,00-0036223;00-0035639;00-0032383;00-0030584;00-0031581;00-0031734;00-0033251;00-0033560;00-0033217;00-0036252;00-0032950,Jonathan Taylor;Parris Campbell;Ryan Kelly;Eric Fisher;Mark Glowinski;Chris Reed;Zach Pascal;Julie'n Davenport;Mo Alie-Cox;Michael Pittman;Carson Wentz,00-0032239;00-0032734;00-0032442;00-0035231;00-0033073;00-0035346;00-0034797;00-0027136;00-0030070;00-0035272;00-0033050,Byron Jones;Brennan Scarlett;Elandon Roberts;Christian Wilkins;Emmanuel Ogbah;Nik Needham;Jerome Baker;Jason McCourty;John Jenkins;Andrew Van Ginkel;Xavien Howard
2021_04_IND_MIA,442,run,8.0,70.0,62.0,41.0,9:03,8:22,,3.0,0.0,2.0,6.0,"3 DL, 3 LB, 5 DB",;;;;;;;;;;,11,7,,,,,00-0036223;00-0032383;00-0030584;00-0031581;00-0031734;00-0033251;00-0033560;00-0033217;00-0036252;00-0032950;00-0034367,Jonathan Taylor;Ryan Kelly;Eric Fisher;Mark Glowinski;Chris Reed;Zach Pascal;Julie'n Davenport;Mo Alie-Cox;Michael Pittman;Carson Wentz;Nyheim Hines,00-0032239;00-0036934;00-0032442;00-0035231;00-0031555;00-0033073;00-0035346;00-0034797;00-0027136;00-0030070;00-0033050,Byron Jones;Jaelan Phillips;Elandon Roberts;Christian Wilkins;Eric Rowe;Emmanuel Ogbah;Nik Needham;Jerome Baker;Jason McCourty;John Jenkins;Xavien Howard
2021_04_IND_MIA,463,run,0.0,62.0,62.0,45.0,8:22,7:37,,3.0,0.0,1.0,10.0,"3 DL, 4 LB, 4 DB",;;;;;;;;;;,11,7,,,,,00-0036223;00-0035639;00-0032383;00-0030584;00-0031734;00-0031581;00-0033251;00-0033560;00-0036876;00-0036252;00-0032950,Jonathan Taylor;Parris Campbell;Ryan Kelly;Eric Fisher;Chris Reed;Mark Glowinski;Zach Pascal;Julie'n Davenport;Kylen Granson;Michael Pittman;Carson Wentz,00-0032239;00-0032734;00-0032442;00-0035231;00-0033073;00-0035346;00-0034797;00-0027136;00-0030070;00-0035272;00-0033050,Byron Jones;Brennan Scarlett;Elandon Roberts;Christian Wilkins;Emmanuel Ogbah;Nik Needham;Jerome Baker;Jason McCourty;John Jenkins;Andrew Van Ginkel;Xavien Howard
2021_04_IND_MIA,484,pass,1.0,62.0,61.0,47.0,7:37,6:50,,3.0,0.0,2.0,10.0,"3 DL, 4 LB, 4 DB",;;;;;;;;;;,11,6,4,ZONE_COVERAGE,COVER_3,True,00-0036223;00-0035639;00-0032383;00-0030584;00-0031734;00-0031581;00-0033251;00-0033560;00-0033217;00-0036252;00-0032950,Jonathan Taylor;Parris Campbell;Ryan Kelly;Eric Fisher;Chris Reed;Mark Glowinski;Zach Pascal;Julie'n Davenport;Mo Alie-Cox;Michael Pittman;Carson Wentz,00-0032239;00-0032734;00-0032442;00-0035231;00-0033073;00-0035346;00-0034797;00-0027136;00-0030070;00-0035272;00-0033050,Byron Jones;Brennan Scarlett;Elandon Roberts;Christian Wilkins;Emmanuel Ogbah;Nik Needham;Jerome Baker;Jason McCourty;John Jenkins;Andrew Van Ginkel;Xavien Howard
2021_04_IND_MIA,508,pass,-9.0,61.0,70.0,41.0,6:50,6:09,,3.0,0.0,3.0,9.0,"2 DL, 3 LB, 6 DB",;;;;;;;;;;,11,5,4,,,,00-0035639;00-0032383;00-0030584;00-0031581;00-0031734;00-0033251;00-0033560;00-0036876;00-0036252;00-0032950;00-0034400,Parris Campbell;Ryan Kelly;Eric Fisher;Mark Glowinski;Chris Reed;Zach Pascal;Julie'n Davenport;Kylen Granson;Michael Pittman;Carson Wentz;Jordan Wilkins,00-0032239;00-0036934;00-0034902;00-0031555;00-0033073;00-0036998;00-0033381;00-0035346;00-0034797;00-0027136;00-0033050,Byron Jones;Jaelan Phillips;Sam Eguavoen;Eric Rowe;Emmanuel Ogbah;Jevon Holland;Adam Butler;Nik Needham;Jerome Baker;Jason McCourty;Xavien Howard
2021_04_IND_MIA,527,punt,0.0,70.0,70.0,11.0,6:09,5:58,,3.0,0.0,4.0,18.0,,;;;;;;;;;;,11,,,,,,00-0034431;00-0035687;00-0032753;00-0033269;00-0027914;00-0034987;00-0034091;00-0034424;00-0035021;00-0032198;00-0034400,Zaire Franklin;Bobby Okereke;Luke Rhodes;Rigoberto Sanchez;Andrew Sendejo;E.J. Speed;George Odum;Matthew Adams;Ashton Dulin;Ibraheim Campbell;Jordan Wilkins,00-0034248;00-0036934;00-0031796;00-0034902;00-0032807;00-0032734;00-0032791;00-0035231;00-0036998;00-0035272;00-0036221,Elijah Campbell;Jaelan Phillips;Justin Coleman;Sam Eguavoen;Clayton Fejedelem;Brennan Scarlett;Jakeem Grant;Christian Wilkins;Jevon Holland;Andrew Van Ginkel;Brandon Jones
2021_04_IND_MIA,552,run,0.0,87.0,87.0,32.0,5:58,5:26,,3.0,0.0,1.0,10.0,"4 DL, 2 LB, 5 DB",;;;;;;;;;;,11,7,,,,,00-0036248;00-0031923;00-0031893;00-0034798;00-0035311;00-0033119;00-0031547;00-0036613;00-0034829;00-0037010;00-0036325,Austin Jackson;Greg Mancz;Jesse Davis;Durham Smythe;Myles Gaskin;Jacoby Brissett;DeVante Parker;Jaylen Waddle;Mike Gesicki;Liam Eichenberg;Robert Hunt,00-0032378;00-0035687;00-0030575;00-0033393;00-0027914;00-0036222;00-0036253;00-0033964;00-0034359;00-0034846;00-0033952,DeForest Buckner;Bobby Okereke;Xavier Rhodes;Kenny Moore II;Andrew Sendejo;Isaiah Rodgers;Julian Blackmon;Al-Quadin Muhammad;Tyquan Lewis;Shaquille Leonard;Grover Stewart
2021_04_IND_MIA,573,pass,18.0,87.0,69.0,28.0,5:26,4:58,,3.0,0.0,2.0,10.0,"4 DL, 2 LB, 5 DB",;;;;;;;;;;,11,5,5,ZONE_COVERAGE,COVER_3,False,00-0036248;00-0031923;00-0031893;00-0034798;00-0035311;00-0033119;00-0031547;00-0036613;00-0034829;00-0037010;00-0036325,Austin Jackson;Greg Mancz;Jesse Davis;Durham Smythe;Myles Gaskin;Jacoby Brissett;DeVante Parker;Jaylen Waddle;Mike Gesicki;Liam Eichenberg;Robert Hunt,00-0035687;00-0032378;00-0030575;00-0033393;00-0027914;00-0036222;00-0036253;00-0033964;00-0034359;00-0034846;00-0033952,Bobby Okereke;DeForest Buckner;Xavier Rhodes;Kenny Moore II;Andrew Sendejo;Isaiah Rodgers;Julian Blackmon;Al-Quadin Muhammad;Tyquan Lewis;Shaquille Leonard;Grover Stewart
2021_04_IND_MIA,602,pass,4.0,69.0,65.0,31.0,4:58,4:27,,3.0,0.0,1.0,10.0,"4 DL, 3 LB, 4 DB",;;;;;;;;;;,11,7,4,ZONE_COVERAGE,COVER_2,False,00-0036248;00-0031923;00-0031893;00-0034798;00-0033119;00-0031547;00-0033896;00-0036020;00-0036613;00-0036325;00-0037010,Austin Jackson;Greg Mancz;Jesse Davis;Durham Smythe;Jacoby Brissett;DeVante Parker;Adam Shaheen;Salvon Ahmed;Jaylen Waddle;Robert Hunt;Liam Eichenberg,00-0034431;00-0035687;00-0032378;00-0030575;00-0033393;00-0027914;00-0036253;00-0033964;00-0034359;00-0034846;00-0033952,Zaire Franklin;Bobby Okereke;DeForest Buckner;Xavier Rhodes;Kenny Moore II;Andrew Sendejo;Julian Blackmon;Al-Quadin Muhammad;Tyquan Lewis;Shaquille Leonard;Grover Stewart
2021_04_IND_MIA,626,run,6.0,65.0,59.0,35.0,4:27,3:52,,3.0,0.0,2.0,6.0,"4 DL, 3 LB, 4 DB",;;;;;;;;;;,11,5,4,,,,00-0036248;00-0031923;00-0031893;00-0033127;00-0034798;00-0035311;00-0033119;00-0033896;00-0034829;00-0036325;00-0037010,Austin Jackson;Greg Mancz;Jesse Davis;Will Fuller;Durham Smythe;Myles Gaskin;Jacoby Brissett;Adam Shaheen;Mike Gesicki;Robert Hunt;Liam Eichenberg,00-0034431;00-0035687;00-0032378;00-0030575;00-0033393;00-0027914;00-0036253;00-0033964;00-0034359;00-0034846;00-0033952,Zaire Franklin;Bobby Okereke;DeForest Buckner;Xavier Rhodes;Kenny Moore II;Andrew Sendejo;Julian Blackmon;Al-Quadin Muhammad;Tyquan Lewis;Shaquille Leonard;Grover Stewart
2021_04_IND_MIA,658,run,3.0,59.0,56.0,36.0,3:52,3:16,,3.0,0.0,1.0,10.0,"4 DL, 2 LB, 5 DB",;;;;;;;;;;,11,7,,,,,00-0036248;00-0031923;00-0031893;00-0033127;00-0034798;00-0035311;00-0033119;00-0036613;00-0034829;00-0037010;00-0036325,Austin Jackson;Greg Mancz;Jesse Davis;Will Fuller;Durham Smythe;Myles Gaskin;Jacoby Brissett;Jaylen Waddle;Mike Gesicki;Liam Eichenberg;Robert Hunt,00-0035687;00-0032378;00-0030575;00-0033393;00-0027914;00-0036222;00-0036253;00-0033964;00-0034359;00-0034846;00-0034325,Bobby Okereke;DeForest Buckner;Xavier Rhodes;Kenny Moore II;Andrew Sendejo;Isaiah Rodgers;Julian Blackmon;Al-Quadin Muhammad;Tyquan Lewis;Shaquille Leonard;Taylor Stallworth
2021_04_IND_MIA,679,pass,10.0,56.0,46.0,43.0,3:16,2:33,,3.0,0.0,2.0,7.0,"4 DL, 2 LB, 5 DB",;;;;;;;;;;,11,5,5,ZONE_COVERAGE,COVER_3,False,00-0036248;00-0031923;00-0031893;00-0033127;00-0035311;00-0033119;00-0031547;00-0033896;00-0036613;00-0036325;00-0037010,Austin Jackson;Greg Mancz;Jesse Davis;Will Fuller;Myles Gaskin;Jacoby Brissett;DeVante Parker;Adam Shaheen;Jaylen Waddle;Robert Hunt;Liam Eichenberg,00-0035687;00-0030575;00-0033393;00-0027914;00-0034354;00-0036222;00-0036253;00-0034359;00-0035857;00-0034846;00-0034325,Bobby Okereke;Xavier Rhodes;Kenny Moore II;Andrew Sendejo;Kemoko Turay;Isaiah Rodgers;Julian Blackmon;Tyquan Lewis;Chris Williams;Shaquille Leonard;Taylor Stallworth
2021_04_IND_MIA,703,pass,8.0,46.0,38.0,35.0,2:33,1:58,,3.0,0.0,1.0,10.0,"4 DL, 2 LB, 5 DB",;;;;;;;;;;,11,7,4,ZONE_COVERAGE,COVER_3,False,00-0036248;00-0031923;00-0031893;00-0033127;00-0034798;00-0033119;00-0031547;00-0033896;00-0036020;00-0037010;00-0036325,Austin Jackson;Greg Mancz;Jesse Davis;Will Fuller;Durham Smythe;Jacoby Brissett;DeVante Parker;Adam Shaheen;Salvon Ahmed;Liam Eichenberg;Robert Hunt,00-0035687;00-0030575;00-0033393;00-0027914;00-0034354;00-0036222;00-0036253;00-0033588;00-0035857;00-0034846;00-0034325,Bobby Okereke;Xavier Rhodes;Kenny Moore II;Andrew Sendejo;Kemoko Turay;Isaiah Rodgers;Julian Blackmon;Isaac Rochell;Chris Williams;Shaquille Leonard;Taylor Stallworth
2021_04_IND_MIA,727,run,-2.0,38.0,40.0,39.0,1:58,1:19,,3.0,0.0,2.0,2.0,"4 DL, 2 LB, 5 DB",;;;;;;;;;;,11,7,,,,,00-0036248;00-0031923;00-0031893;00-0033127;00-0034798;00-0033119;00-0031547;00-0033896;00-0036020;00-0036325;00-0037010,Austin Jackson;Greg Mancz;Jesse Davis;Will Fuller;Durham Smythe;Jacoby Brissett;DeVante Parker;Adam Shaheen;Salvon Ahmed;Robert Hunt;Liam Eichenberg,00-0035687;00-0036385;00-0033393;00-0027914;00-0034354;00-0036222;00-0036253;00-0033588;00-0035857;00-0034846;00-0034325,Bobby Okereke;Bopete Keyes;Kenny Moore II;Andrew Sendejo;Kemoko Turay;Isaiah Rodgers;Julian Blackmon;Isaac Rochell;Chris Williams;Shaquille Leonard;Taylor Stallworth
2021_04_IND_MIA,748,pass,6.0,40.0,34.0,43.0,1:19,0:36,,3.0,0.0,3.0,4.0,"4 DL, 2 LB, 5 DB",;;;;;;;;;;,11,6,4,ZONE_COVERAGE,COVER_4,True,00-0036248;00-0031923;00-0031893;00-0033127;00-0035311;00-0033119;00-0031547;00-0036613;00-0034829;00-0037010;00-0036325,Austin Jackson;Greg Mancz;Jesse Davis;Will Fuller;Myles Gaskin;Jacoby Brissett;DeVante Parker;Jaylen Waddle;Mike Gesicki;Liam Eichenberg;Robert Hunt,00-0032378;00-0035687;00-0030575;00-0033393;00-0027914;00-0034354;00-0036222;00-0036253;00-0033964;00-0034359;00-0034846,DeForest Buckner;Bobby Okereke;Xavier Rhodes;Kenny Moore II;Andrew Sendejo;Kemoko Turay;Isaiah Rodgers;Julian Blackmon;Al-Quadin Muhammad;Tyquan Lewis;Shaquille Leonard
2021_04_IND_MIA,772,run,4.0,34.0,30.0,36.0,0:36,0:00,,3.0,0.0,1.0,10.0,"4 DL, 3 LB, 4 DB",;;;;;;;;;;,11,6,,,,,00-0036248;00-0031923;00-0031893;00-0034798;00-0033119;00-0031547;00-0033896;00-0036020;00-0036613;00-0037010;00-0036325,Austin Jackson;Greg Mancz;Jesse Davis;Durham Smythe;Jacoby Brissett;DeVante Parker;Adam Shaheen;Salvon Ahmed;Jaylen Waddle;Liam Eichenberg;Robert Hunt,00-0032378;00-0034431;00-0035687;00-0030575;00-0033393;00-0027914;00-0036253;00-0033964;00-0034359;00-0034846;00-0033952,DeForest Buckner;Zaire Franklin;Bobby Okereke;Xavier Rhodes;Kenny Moore II;Andrew Sendejo;Julian Blackmon;Al-Quadin Muhammad;Tyquan Lewis;Shaquille Leonard;Grover Stewart
2021_04_IND_MIA,793,start_quarter_2,,,,0.0,0:00,0:00,,3.0,0.0,,0.0,,,0,,,,,,,,,
2021_04_IND_MIA,823,run,-1.0,30.0,31.0,45.0,15:00,14:15,,3.0,0.0,2.0,6.0,"4 DL, 3 LB, 4 DB",;;;;;;;;;;,11,7,,,,,00-0036248;00-0031923;00-0031893;00-0033127;00-0034798;00-0033119;00-0033896;00-0036020;00-0036613;00-0037010;00-0036325,Austin Jackson;Greg Mancz;Jesse Davis;Will Fuller;Durham Smythe;Jacoby Brissett;Adam Shaheen;Salvon Ahmed;Jaylen Waddle;Liam Eichenberg;Robert Hunt,00-0034431;00-0035687;00-0032378;00-0030575;00-0033393;00-0027914;00-0036253;00-0033588;00-0033964;00-0034846;00-0033952,Zaire Franklin;Bobby Okereke;DeForest Buckner;Xavier Rhodes;Kenny Moore II;Andrew Sendejo;Julian Blackmon;Isaac Rochell;Al-Quadin Muhammad;Shaquille Leonard;Grover Stewart
2021_04_IND_MIA,844,pass,-6.0,31.0,37.0,32.0,14:15,13:43,,3.0,0.0,3.0,7.0,"4 DL, 2 LB, 5 DB",;;;;;;;;;;,11,6,5,,,,00-0031923;00-0036248;00-0031893;00-0033127;00-0033119;00-0031547;00-0031806;00-0036613;00-0034829;00-0037010;00-0036325,Greg Mancz;Austin Jackson;Jesse Davis;Will Fuller;Jacoby Brissett;DeVante Parker;Malcolm Brown;Jaylen Waddle;Mike Gesicki;Liam Eichenberg;Robert Hunt,00-0032378;00-0035687;00-0030575;00-0033393;00-0027914;00-0034354;00-0036222;00-0036253;00-0033964;00-0034359;00-0034846,DeForest Buckner;Bobby Okereke;Xavier Rhodes;Kenny Moore II;Andrew Sendejo;Kemoko Turay;Isaiah Rodgers;Julian Blackmon;Al-Quadin Muhammad;Tyquan Lewis;Shaquille Leonard
2021_04_IND_MIA,873,no_play,0.0,37.0,37.0,25.0,13:43,13:18,,3.0,0.0,4.0,13.0,,;;;;;;;;;;,11,,,,,,00-0034285;00-0036131;00-0036248;00-0031923;00-0031893;00-0034798;00-0036217;00-0031363;00-0035231;00-0034794;00-0036325,Zach Sieler;Solomon Kindley;Austin Jackson;Greg Mancz;Jesse Davis;Durham Smythe;Blake Ferguson;Michael Palardy;Christian Wilkins;Jason Sanders;Robert Hunt,00-0034431;00-0032378;00-0033393;00-0027914;00-0036222;00-0036253;00-0034424;00-0034969;00-0034846;00-0034325;00-0033952,Zaire Franklin;DeForest Buckner;Kenny Moore II;Andrew Sendejo;Isaiah Rodgers;Julian Blackmon;Matthew Adams;Ben Banogu;Shaquille Leonard;Taylor Stallworth;Grover Stewart
2021_04_IND_MIA,902,punt,0.0,42.0,42.0,8.0,13:18,13:10,,3.0,0.0,4.0,18.0,,;;;;;;;;;;,11,,,,,,00-0033338;00-0033555;00-0034248;00-0032807;00-0032734;00-0034902;00-0034798;00-0036217;00-0031363;00-0033549;00-0035272,Cethan Carter;Mack Hollins;Elijah Campbell;Clayton Fejedelem;Brennan Scarlett;Sam Eguavoen;Durham Smythe;Blake Ferguson;Michael Palardy;Duke Riley;Andrew Van Ginkel,00-0034431;00-0032378;00-0036385;00-0027914;00-0036222;00-0034091;00-0034424;00-0035857;00-0034325;00-0034367;00-0033952,Zaire Franklin;DeForest Buckner;Bopete Keyes;Andrew Sendejo;Isaiah Rodgers;George Odum;Matthew Adams;Chris Williams;Taylor Stallworth;Nyheim Hines;Grover Stewart
2021_04_IND_MIA,921,run,2.0,99.0,97.0,43.0,13:10,12:27,,3.0,0.0,1.0,10.0,"3 DL, 4 LB, 4 DB",;;;;;;;;;;,11,8,,,,,00-0036223;00-0032383;00-0030584;00-0031581;00-0031734;00-0036215;00-0033560;00-0036876;00-0035021;00-0033217;00-0032950,Jonathan Taylor;Ryan Kelly;Eric Fisher;Mark Glowinski;Chris Reed;Danny Pinter;Julie'n Davenport;Kylen Granson;Ashton Dulin;Mo Alie-Cox;Carson Wentz,00-0032239;00-0034285;00-0032734;00-0032442;00-0035231;00-0031555;00-0034797;00-0027136;00-0035272;00-0030070;00-0033050,Byron Jones;Zach Sieler;Brennan Scarlett;Elandon Roberts;Christian Wilkins;Eric Rowe;Jerome Baker;Jason McCourty;Andrew Van Ginkel;John Jenkins;Xavien Howard
2021_04_IND_MIA,944,run,10.0,97.0,87.0,48.0,12:27,11:39,,3.0,0.0,2.0,8.0,"3 DL, 4 LB, 4 DB",;;;;;;;;;;,11,8,4,,,,00-0036223;00-0032383;00-0030584;00-0031581;00-0031734;00-0033251;00-0033560;00-0036876;00-0033217;00-0036252;00-0032950,Jonathan Taylor;Ryan Kelly;Eric Fisher;Mark Glowinski;Chris Reed;Zach Pascal;Julie'n Davenport;Kylen Granson;Mo Alie-Cox;Michael Pittman;Carson Wentz,00-0032239;00-0034285;00-0032734;00-0032442;00-0035231;00-0031555;00-0034797;00-0027136;00-0035272;00-0030070;00-0033050,Byron Jones;Zach Sieler;Brennan Scarlett;Elandon Roberts;Christian Wilkins;Eric Rowe;Jerome Baker;Jason McCourty;Andrew Van Ginkel;John Jenkins;Xavien Howard
2021_04_IND_MIA,965,pass,7.0,87.0,80.0,45.0,11:39,10:54,,3.0,0.0,1.0,10.0,"3 DL, 4 LB, 4 DB",;;;;;;;;;;,11,6,4,ZONE_COVERAGE,COVER_3,True,00-0036223;00-0032383;00-0030584;00-0031734;00-0031581;00-0033560;00-0036876;00-0035021;00-0033217;00-0036482;00-0032950,Jonathan Taylor;Ryan Kelly;Eric Fisher;Chris Reed;Mark Glowinski;Julie'n Davenport;Kylen Granson;Ashton Dulin;Mo Alie-Cox;Mike Strachan;Carson Wentz,00-0032239;00-0034285;00-0032734;00-0032442;00-0035231;00-0031555;00-0034797;00-0027136;00-0030070;00-0035272;00-0033050,Byron Jones;Zach Sieler;Brennan Scarlett;Elandon Roberts;Christian Wilkins;Eric Rowe;Jerome Baker;Jason McCourty;John Jenkins;Andrew Van Ginkel;Xavien Howard
2021_04_IND_MIA,989,no_play,0.0,80.0,80.0,30.0,10:54,10:24,,3.0,0.0,2.0,3.0,"3 DL, 4 LB, 4 DB",;;;;;;;;;;,11,7,,,,,00-0036223;00-0032383;00-0030584;00-0031734;00-0031581;00-0033251;00-0033560;00-0036876;00-0033217;00-0036252;00-0032950,Jonathan Taylor;Ryan Kelly;Eric Fisher;Chris Reed;Mark Glowinski;Zach Pascal;Julie'n Davenport;Kylen Granson;Mo Alie-Cox;Michael Pittman;Carson Wentz,00-0032239;00-0034285;00-0032734;00-0032442;00-0035231;00-0031555;00-0034797;00-0027136;00-0030070;00-0035272;00-0033050,Byron Jones;Zach Sieler;Brennan Scarlett;Elandon Roberts;Christian Wilkins;Eric Rowe;Jerome Baker;Jason McCourty;John Jenkins;Andrew Van Ginkel;Xavien Howard
2021_04_IND_MIA,1021,pass,6.0,90.0,84.0,45.0,10:24,9:39,,3.0,0.0,2.0,13.0,"3 DL, 3 LB, 5 DB",;;;;;;;;;;,11,5,4,ZONE_COVERAGE,COVER_3,False,00-0036223;00-0035639;00-0032383;00-0030584;00-0031734;00-0031581;00-0033251;00-0033560;00-0033217;00-0036252;00-0032950,Jonathan Taylor;Parris Campbell;Ryan Kelly;Eric Fisher;Chris Reed;Mark Glowinski;Zach Pascal;Julie'n Davenport;Mo Alie-Cox;Michael Pittman;Carson Wentz,00-0032239;00-0036934;00-0032442;00-0035231;00-0031555;00-0033073;00-0035346;00-0034797;00-0027136;00-0030070;00-0033050,Byron Jones;Jaelan Phillips;Elandon Roberts;Christian Wilkins;Eric Rowe;Emmanuel Ogbah;Nik Needham;Jerome Baker;Jason McCourty;John Jenkins;Xavien Howard
2021_04_IND_MIA,1045,pass,-9.0,84.0,93.0,42.0,9:39,8:57,,3.0,0.0,3.0,7.0,"2 DL, 3 LB, 6 DB",;;;;;;;;;;,11,5,4,,,,00-0036223;00-0035639;00-0032383;00-0030584;00-0031734;00-0031581;00-0033251;00-0033560;00-0035021;00-0036252;00-0032950,Jonathan Taylor;Parris Campbell;Ryan Kelly;Eric Fisher;Chris Reed;Mark Glowinski;Zach Pascal;Julie'n Davenport;Ashton Dulin;Michael Pittman;Carson Wentz,00-0032239;00-0036934;00-0034902;00-0031555;00-0033073;00-0036998;00-0033381;00-0035346;00-0034797;00-0027136;00-0033050,Byron Jones;Jaelan Phillips;Sam Eguavoen;Eric Rowe;Emmanuel Ogbah;Jevon Holland;Adam Butler;Nik Needham;Jerome Baker;Jason McCourty;Xavien Howard
2021_04_IND_MIA,1064,punt,0.0,93.0,93.0,10.0,8:57,8:47,,3.0,0.0,4.0,16.0,,;;;;;;;;;;,11,,,,,,00-0034431;00-0035687;00-0032753;00-0033269;00-0027914;00-0034987;00-0034091;00-0034424;00-0035021;00-0032198;00-0034400,Zaire Franklin;Bobby Okereke;Luke Rhodes;Rigoberto Sanchez;Andrew Sendejo;E.J. Speed;George Odum;Matthew Adams;Ashton Dulin;Ibraheim Campbell;Jordan Wilkins,00-0033338;00-0033555;00-0034248;00-0031796;00-0032807;00-0032734;00-0034798;00-0032791;00-0033549;00-0035346;00-0036221,Cethan Carter;Mack Hollins;Elijah Campbell;Justin Coleman;Clayton Fejedelem;Brennan Scarlett;Durham Smythe;Jakeem Grant;Duke Riley;Nik Needham;Brandon Jones
2021_04_IND_MIA,1094,run,4.0,50.0,46.0,33.0,8:47,8:14,,3.0,0.0,1.0,10.0,"4 DL, 2 LB, 5 DB",;;;;;;;;;;,11,7,,,,,00-0036248;00-0031923;00-0031893;00-0033127;00-0034798;00-0033119;00-0031547;00-0031806;00-0033896;00-0037010;00-0036325,Austin Jackson;Greg Mancz;Jesse Davis;Will Fuller;Durham Smythe;Jacoby Brissett;DeVante Parker;Malcolm Brown;Adam Shaheen;Liam Eichenberg;Robert Hunt,00-0035687;00-0030575;00-0033393;00-0027914;00-0036222;00-0036253;00-0033588;00-0033964;00-0034846;00-0034325;00-0033952,Bobby Okereke;Xavier Rhodes;Kenny Moore II;Andrew Sendejo;Isaiah Rodgers;Julian Blackmon;Isaac Rochell;Al-Quadin Muhammad;Shaquille Leonard;Taylor Stallworth;Grover Stewart
2021_04_IND_MIA,1115,pass,0.0,46.0,46.0,3.0,8:14,8:11,,3.0,0.0,2.0,6.0,"4 DL, 2 LB, 5 DB",;;;;;;;;;;,11,6,4,ZONE_COVERAGE,COVER_6,False,00-0036248;00-0031923;00-0031893;00-0033127;00-0034798;00-0035311;00-0033119;00-0031547;00-0033896;00-0037010;00-0036325,Austin Jackson;Greg Mancz;Jesse Davis;Will Fuller;Durham Smythe;Myles Gaskin;Jacoby Brissett;DeVante Parker;Adam Shaheen;Liam Eichenberg;Robert Hunt,00-0035687;00-0030575;00-0033393;00-0027914;00-0036222;00-0036253;00-0033588;00-0033964;00-0034846;00-0034325;00-0033952,Bobby Okereke;Xavier Rhodes;Kenny Moore II;Andrew Sendejo;Isaiah Rodgers;Julian Blackmon;Isaac Rochell;Al-Quadin Muhammad;Shaquille Leonard;Taylor Stallworth;Grover Stewart
2021_04_IND_MIA,1137,pass,0.0,46.0,46.0,3.0,8:11,8:08,,3.0,0.0,3.0,6.0,"4 DL, 2 LB, 5 DB",;;;;;;;;;;,11,6,4,ZONE_COVERAGE,COVER_3,False,00-0036248;00-0031923;00-0031893;00-0033127;00-0033119;00-0031547;00-0031806;00-0036613;00-0034829;00-0037010;00-0036325,Austin Jackson;Greg Mancz;Jesse Davis;Will Fuller;Jacoby Brissett;DeVante Parker;Malcolm Brown;Jaylen Waddle;Mike Gesicki;Liam Eichenberg;Robert Hunt,00-0032378;00-0035687;00-0030575;00-0033393;00-0027914;00-0034354;00-0036222;00-0036253;00-0033964;00-0034359;00-0034846,DeForest Buckner;Bobby Okereke;Xavier Rhodes;Kenny Moore II;Andrew Sendejo;Kemoko Turay;Isaiah Rodgers;Julian Blackmon;Al-Quadin Muhammad;Tyquan Lewis;Shaquille Leonard
2021_04_IND_MIA,1159,punt,0.0,46.0,46.0,7.0,8:08,8:01,,3.0,0.0,4.0,6.0,,;;;;;;;;;;,11,,,,,,00-0033338;00-0033555;00-0034248;00-0032807;00-0032734;00-0034902;00-0034798;00-0036217;00-0031363;00-0033549;00-0035272,Cethan Carter;Mack Hollins;Elijah Campbell;Clayton Fejedelem;Brennan Scarlett;Sam Eguavoen;Durham Smythe;Blake Ferguson;Michael Palardy;Duke Riley;Andrew Van Ginkel,00-0034431;00-0032378;00-0036385;00-0027914;00-0036222;00-0034987;00-0034091;00-0034424;00-0035857;00-0033952;00-0034367,Zaire Franklin;DeForest Buckner;Bopete Keyes;Andrew Sendejo;Isaiah Rodgers;E.J. Speed;George Odum;Matthew Adams;Chris Williams;Grover Stewart;Nyheim Hines
2021_04_IND_MIA,1176,run,1.0,80.0,79.0,45.0,8:01,7:16,,3.0,0.0,1.0,10.0,"3 DL, 4 LB, 4 DB",;;;;;;;;;;,11,7,,,,,00-0035639;00-0034417;00-0032383;00-0030584;00-0031734;00-0031581;00-0033251;00-0036876;00-0036252;00-0032950;00-0033951,Parris Campbell;Matt Pryor;Ryan Kelly;Eric Fisher;Chris Reed;Mark Glowinski;Zach Pascal;Kylen Granson;Michael Pittman;Carson Wentz;Marlon Mack,00-0032239;00-0034285;00-0032734;00-0032442;00-0033073;00-0035346;00-0034797;00-0027136;00-0030070;00-0035272;00-0033050,Byron Jones;Zach Sieler;Brennan Scarlett;Elandon Roberts;Emmanuel Ogbah;Nik Needham;Jerome Baker;Jason McCourty;John Jenkins;Andrew Van Ginkel;Xavien Howard
2021_04_IND_MIA,1197,pass,0.0,79.0,79.0,5.0,7:16,7:11,,3.0,0.0,2.0,9.0,"2 DL, 3 LB, 6 DB",;;;;;;;;;;,11,4,4,MAN_COVERAGE,COVER_1,False,00-0034417;00-0032383;00-0030584;00-0031734;00-0031581;00-0033251;00-0036876;00-0033217;00-0036252;00-0032950;00-0034367,Matt Pryor;Ryan Kelly;Eric Fisher;Chris Reed;Mark Glowinski;Zach Pascal;Kylen Granson;Mo Alie-Cox;Michael Pittman;Carson Wentz;Nyheim Hines,00-0032239;00-0036934;00-0034902;00-0031555;00-0033073;00-0036998;00-0033381;00-0035346;00-0034797;00-0027136;00-0033050,Byron Jones;Jaelan Phillips;Sam Eguavoen;Eric Rowe;Emmanuel Ogbah;Jevon Holland;Adam Butler;Nik Needham;Jerome Baker;Jason McCourty;Xavien Howard
2021_04_IND_MIA,1219,pass,12.0,79.0,67.0,40.0,7:11,6:31,,3.0,0.0,3.0,9.0,"2 DL, 3 LB, 6 DB",;;;;;;;;;;,11,8,4,ZONE_COVERAGE,COVER_3,False,00-0035639;00-0034417;00-0032383;00-0030584;00-0031734;00-0031581;00-0033251;00-0036876;00-0036252;00-0032950;00-0033951,Parris Campbell;Matt Pryor;Ryan Kelly;Eric Fisher;Chris Reed;Mark Glowinski;Zach Pascal;Kylen Granson;Michael Pittman;Carson Wentz;Marlon Mack,00-0032239;00-0036934;00-0034902;00-0031555;00-0033073;00-0036998;00-0033381;00-0035346;00-0034797;00-0027136;00-0033050,Byron Jones;Jaelan Phillips;Sam Eguavoen;Eric Rowe;Emmanuel Ogbah;Jevon Holland;Adam Butler;Nik Needham;Jerome Baker;Jason McCourty;Xavien Howard
2021_04_IND_MIA,1243,pass,1.0,67.0,66.0,26.0,6:31,6:05,,3.0,0.0,1.0,10.0,"3 DL, 4 LB, 4 DB",;;;;;;;;;;,11,8,5,ZONE_COVERAGE,COVER_3,True,00-0034417;00-0032383;00-0030584;00-0031734;00-0031581;00-0033251;00-0036876;00-0033217;00-0036252;00-0032950;00-0033951,Matt Pryor;Ryan Kelly;Eric Fisher;Chris Reed;Mark Glowinski;Zach Pascal;Kylen Granson;Mo Alie-Cox;Michael Pittman;Carson Wentz;Marlon Mack,00-0032239;00-0034285;00-0032734;00-0032442;00-0035231;00-0031555;00-0034797;00-0027136;00-0030070;00-0035272;00-0033050,Byron Jones;Zach Sieler;Brennan Scarlett;Elandon Roberts;Christian Wilkins;Eric Rowe;Jerome Baker;Jason McCourty;John Jenkins;Andrew Van Ginkel;Xavien Howard
2021_04_IND_MIA,1283,run,1.0,66.0,65.0,43.0,6:05,5:22,,3.0,0.0,2.0,9.0,"2 DL, 3 LB, 6 DB",;;;;;;;;;;,11,6,,,,,00-0035639;00-0034417;00-0032383;00-0030584;00-0031734;00-0031581;00-0035021;00-0033217;00-0036252;00-0032950;00-0033951,Parris Campbell;Matt Pryor;Ryan Kelly;Eric Fisher;Chris Reed;Mark Glowinski;Ashton Dulin;Mo Alie-Cox;Michael Pittman;Carson Wentz;Marlon Mack,00-0032239;00-0036934;00-0034902;00-0031555;00-0033073;00-0036998;00-0033381;00-0035346;00-0034797;00-0027136;00-0033050,Byron Jones;Jaelan Phillips;Sam Eguavoen;Eric Rowe;Emmanuel Ogbah;Jevon Holland;Adam Butler;Nik Needham;Jerome Baker;Jason McCourty;Xavien Howard
2021_04_IND_MIA,1304,pass,5.0,65.0,60.0,37.0,5:22,4:45,,3.0,0.0,3.0,8.0,"2 DL, 3 LB, 6 DB",;;;;;;;;;;,11,5,5,MAN_COVERAGE,COVER_1,False,00-0035639;00-0034417;00-0032383;00-0030584;00-0031581;00-0031734;00-0033251;00-0036876;00-0036252;00-0032950;00-0033951,Parris Campbell;Matt Pryor;Ryan Kelly;Eric Fisher;Mark Glowinski;Chris Reed;Zach Pascal;Kylen Granson;Michael Pittman;Carson Wentz;Marlon Mack,00-0032239;00-0036934;00-0034902;00-0031555;00-0033073;00-0036998;00-0033381;00-0035346;00-0034797;00-0027136;00-0033050,Byron Jones;Jaelan Phillips;Sam Eguavoen;Eric Rowe;Emmanuel Ogbah;Jevon Holland;Adam Butler;Nik Needham;Jerome Baker;Jason McCourty;Xavien Howard
2021_04_IND_MIA,1328,no_play,0.0,60.0,60.0,8.0,4:45,4:37,,3.0,0.0,4.0,3.0,,;;;;;;;;;;,11,,,,,,00-0034431;00-0035687;00-0032753;00-0033269;00-0027914;00-0034987;00-0034091;00-0034424;00-0035021;00-0032198;00-0034400,Zaire Franklin;Bobby Okereke;Luke Rhodes;Rigoberto Sanchez;Andrew Sendejo;E.J. Speed;George Odum;Matthew Adams;Ashton Dulin;Ibraheim Campbell;Jordan Wilkins,00-0033338;00-0033555;00-0034248;00-0031796;00-0032807;00-0032734;00-0034798;00-0032791;00-0033549;00-0035346;00-0036221,Cethan Carter;Mack Hollins;Elijah Campbell;Justin Coleman;Clayton Fejedelem;Brennan Scarlett;Durham Smythe;Jakeem Grant;Duke Riley;Nik Needham;Brandon Jones
2021_04_IND_MIA,1357,pass,4.0,55.0,51.0,48.0,4:37,3:49,,3.0,0.0,1.0,10.0,"3 DL, 3 LB, 5 DB",;;;;;;;;;;,11,5,4,ZONE_COVERAGE,COVER_2,True,00-0035639;00-0034417;00-0032383;00-0030584;00-0031581;00-0031734;00-0033251;00-0033217;00-0036252;00-0032950;00-0034367,Parris Campbell;Matt Pryor;Ryan Kelly;Eric Fisher;Mark Glowinski;Chris Reed;Zach Pascal;Mo Alie-Cox;Michael Pittman;Carson Wentz;Nyheim Hines,00-0032239;00-0034285;00-0036934;00-0032442;00-0035231;00-0031555;00-0035346;00-0034797;00-0027136;00-0030070;00-0033050,Byron Jones;Zach Sieler;Jaelan Phillips;Elandon Roberts;Christian Wilkins;Eric Rowe;Nik Needham;Jerome Baker;Jason McCourty;John Jenkins;Xavien Howard
2021_04_IND_MIA,1381,pass,28.0,51.0,23.0,48.0,3:49,3:01,,3.0,0.0,2.0,6.0,"3 DL, 4 LB, 4 DB",;;;;;;;;;;,11,7,5,ZONE_COVERAGE,COVER_3,False,00-0034417;00-0032383;00-0030584;00-0031734;00-0031581;00-0033251;00-0036876;00-0033217;00-0036252;00-0032950;00-0033951,Matt Pryor;Ryan Kelly;Eric Fisher;Chris Reed;Mark Glowinski;Zach Pascal;Kylen Granson;Mo Alie-Cox;Michael Pittman;Carson Wentz;Marlon Mack,00-0032239;00-0034285;00-0032734;00-0032442;00-0035231;00-0031555;00-0034797;00-0035272;00-0027136;00-0030070;00-0033050,Byron Jones;Zach Sieler;Brennan Scarlett;Elandon Roberts;Christian Wilkins;Eric Rowe;Jerome Baker;Andrew Van Ginkel;Jason McCourty;John Jenkins;Xavien Howard
2021_04_IND_MIA,1405,pass,0.0,23.0,23.0,7.0,3:01,2:54,,3.0,0.0,1.0,10.0,"3 DL, 4 LB, 4 DB",;;;;;;;;;;,11,8,4,MAN_COVERAGE,COVER_1,False,00-0034417;00-0032383;00-0030584;00-0031581;00-0031734;00-0033251;00-0036876;00-0033217;00-0036252;00-0032950;00-0033951,Matt Pryor;Ryan Kelly;Eric Fisher;Mark Glowinski;Chris Reed;Zach Pascal;Kylen Granson;Mo Alie-Cox;Michael Pittman;Carson Wentz;Marlon Mack,00-0032239;00-0034285;00-0032734;00-0032442;00-0035231;00-0031555;00-0034797;00-0027136;00-0030070;00-0035272;00-0033050,Byron Jones;Zach Sieler;Brennan Scarlett;Elandon Roberts;Christian Wilkins;Eric Rowe;Jerome Baker;Jason McCourty;John Jenkins;Andrew Van Ginkel;Xavien Howard
2021_04_IND_MIA,1427,run,23.0,23.0,0.0,7.0,2:54,2:47,,3.0,6.0,2.0,10.0,"3 DL, 3 LB, 5 DB",;;;;;;;;;;,11,7,,,,,00-0036223;00-0034417;00-0032383;00-0030584;00-0031581;00-0031734;00-0036876;00-0035021;00-0036252;00-0032950;00-0034367,Jonathan Taylor;Matt Pryor;Ryan Kelly;Eric Fisher;Mark Glowinski;Chris Reed;Kylen Granson;Ashton Dulin;Michael Pittman;Carson Wentz;Nyheim Hines,00-0032239;00-0036934;00-0032442;00-0035231;00-0031555;00-0033073;00-0035346;00-0034797;00-0027136;00-0030070;00-0033050,Byron Jones;Jaelan Phillips;Elandon Roberts;Christian Wilkins;Eric Rowe;Emmanuel Ogbah;Nik Needham;Jerome Baker;Jason McCourty;John Jenkins;Xavien Howard
2021_04_IND_MIA,1449,extra_point,0.0,15.0,15.0,0.0,2:47,2:47,,3.0,7.0,,0.0,,;;;;;;;;;;,11,,,,,,00-0032378;00-0033269;00-0032753;00-0034417;00-0030584;00-0036215;00-0031581;00-0033560;00-0035849;00-0033217;00-0033952,DeForest Buckner;Rigoberto Sanchez;Luke Rhodes;Matt Pryor;Eric Fisher;Danny Pinter;Mark Glowinski;Julie'n Davenport;Rodrigo Blankenship;Mo Alie-Cox;Grover Stewart,00-0032239;00-0034285;00-0031796;00-0032807;00-0032734;00-0032442;00-0035231;00-0033073;00-0036221;00-0030070;00-0035272,Byron Jones;Zach Sieler;Justin Coleman;Clayton Fejedelem;Brennan Scarlett;Elandon Roberts;Christian Wilkins;Emmanuel Ogbah;Brandon Jones;John Jenkins;Andrew Van Ginkel
2021_04_IND_MIA,1465,kickoff,0.0,35.0,35.0,0.0,2:47,2:47,,3.0,7.0,,0.0,,;;;;;;;;;;,11,,,,,,00-0034431;00-0033269;00-0036385;00-0034987;00-0035393;00-0034091;00-0036253;00-0033588;00-0034424;00-0035021;00-0032198,Zaire Franklin;Rigoberto Sanchez;Bopete Keyes;E.J. Speed;Anthony Chesley;George Odum;Julian Blackmon;Isaac Rochell;Matthew Adams;Ashton Dulin;Ibraheim Campbell,00-0033338;00-0033555;00-0032807;00-0032734;00-0034902;00-0034798;00-0032791;00-0033549;00-0033896;00-0035346;00-0036221,Cethan Carter;Mack Hollins;Clayton Fejedelem;Brennan Scarlett;Sam Eguavoen;Durham Smythe;Jakeem Grant;Duke Riley;Adam Shaheen;Nik Needham;Brandon Jones
2021_04_IND_MIA,1480,pass,4.0,75.0,71.0,47.0,2:47,2:00,,3.0,7.0,1.0,10.0,"4 DL, 2 LB, 5 DB",;;;;;;;;;;,11,7,4,ZONE_COVERAGE,COVER_3,False,00-0031923;00-0036248;00-0031893;00-0034798;00-0033119;00-0031547;00-0031806;00-0033896;00-0036613;00-0037010;00-0036325,Greg Mancz;Austin Jackson;Jesse Davis;Durham Smythe;Jacoby Brissett;DeVante Parker;Malcolm Brown;Adam Shaheen;Jaylen Waddle;Liam Eichenberg;Robert Hunt,00-0032378;00-0035687;00-0030575;00-0033393;00-0027914;00-0036222;00-0036253;00-0033588;00-0033964;00-0034846;00-0034325,DeForest Buckner;Bobby Okereke;Xavier Rhodes;Kenny Moore II;Andrew Sendejo;Isaiah Rodgers;Julian Blackmon;Isaac Rochell;Al-Quadin Muhammad;Shaquille Leonard;Taylor Stallworth
2021_04_IND_MIA,1525,pass,0.0,71.0,71.0,5.0,2:00,1:55,,3.0,7.0,2.0,6.0,"4 DL, 2 LB, 5 DB",;;;;;;;;;;,11,4,5,MAN_COVERAGE,COVER_1,True,00-0030669;00-0031923;00-0036248;00-0031893;00-0033119;00-0031547;00-0031806;00-0036613;00-0034829;00-0036325;00-0037010,Albert Wilson;Greg Mancz;Austin Jackson;Jesse Davis;Jacoby Brissett;DeVante Parker;Malcolm Brown;Jaylen Waddle;Mike Gesicki;Robert Hunt;Liam Eichenberg,00-0032378;00-0035687;00-0030575;00-0033393;00-0027914;00-0034354;00-0036222;00-0036253;00-0033964;00-0034359;00-0034846,DeForest Buckner;Bobby Okereke;Xavier Rhodes;Kenny Moore II;Andrew Sendejo;Kemoko Turay;Isaiah Rodgers;Julian Blackmon;Al-Quadin Muhammad;Tyquan Lewis;Shaquille Leonard
2021_04_IND_MIA,1547,pass,0.0,71.0,71.0,5.0,1:55,1:50,,3.0,7.0,3.0,6.0,"4 DL, 2 LB, 5 DB",;;;;;;;;;;,11,6,4,ZONE_COVERAGE,COVER_3,True,00-0030669;00-0031923;00-0036248;00-0031893;00-0033119;00-0031547;00-0031806;00-0036613;00-0034829;00-0037010;00-0036325,Albert Wilson;Greg Mancz;Austin Jackson;Jesse Davis;Jacoby Brissett;DeVante Parker;Malcolm Brown;Jaylen Waddle;Mike Gesicki;Liam Eichenberg;Robert Hunt,00-0032378;00-0035687;00-0030575;00-0033393;00-0027914;00-0034354;00-0036222;00-0036253;00-0033964;00-0034359;00-0034846,DeForest Buckner;Bobby Okereke;Xavier Rhodes;Kenny Moore II;Andrew Sendejo;Kemoko Turay;Isaiah Rodgers;Julian Blackmon;Al-Quadin Muhammad;Tyquan Lewis;Shaquille Leonard
2021_04_IND_MIA,1569,punt,0.0,71.0,71.0,7.0,1:50,1:43,,3.0,7.0,4.0,6.0,,;;;;;;;;;;,11,,,,,,00-0033338;00-0033555;00-0034248;00-0032807;00-0032734;00-0034902;00-0034798;00-0036217;00-0031363;00-0033549;00-0035272,Cethan Carter;Mack Hollins;Elijah Campbell;Clayton Fejedelem;Brennan Scarlett;Sam Eguavoen;Durham Smythe;Blake Ferguson;Michael Palardy;Duke Riley;Andrew Van Ginkel,00-0034431;00-0036385;00-0034987;00-0035393;00-0034091;00-0033588;00-0034424;00-0035021;00-0032198;00-0034367;00-0034400,Zaire Franklin;Bopete Keyes;E.J. Speed;Anthony Chesley;George Odum;Isaac Rochell;Matthew Adams;Ashton Dulin;Ibraheim Campbell;Nyheim Hines;Jordan Wilkins
2021_04_IND_MIA,1588,pass,6.0,82.0,76.0,7.0,1:43,1:36,,3.0,7.0,1.0,10.0,"2 DL, 3 LB, 6 DB",;;;;;;;;;;,11,5,4,MAN_COVERAGE,COVER_1,True,00-0035639;00-0034417;00-0032383;00-0030584;00-0031581;00-0031734;00-0033251;00-0036876;00-0036252;00-0032950;00-0034367,Parris Campbell;Matt Pryor;Ryan Kelly;Eric Fisher;Mark Glowinski;Chris Reed;Zach Pascal;Kylen Granson;Michael Pittman;Carson Wentz;Nyheim Hines,00-0032239;00-0036934;00-0034902;00-0031555;00-0033073;00-0036998;00-0033381;00-0035346;00-0034797;00-0027136;00-0033050,Byron Jones;Jaelan Phillips;Sam Eguavoen;Eric Rowe;Emmanuel Ogbah;Jevon Holland;Adam Butler;Nik Needham;Jerome Baker;Jason McCourty;Xavien Howard
2021_04_IND_MIA,1612,timeout,0.0,,,0.0,1:36,1:36,MIA,3.0,7.0,,0.0,,,0,,,,,,,,,
2021_04_IND_MIA,1629,pass,0.0,76.0,76.0,6.0,1:36,1:30,,3.0,7.0,2.0,4.0,"2 DL, 3 LB, 6 DB",;;;;;;;;;;,11,5,4,MAN_COVERAGE,COVER_1,True,00-0035639;00-0034417;00-0032383;00-0030584;00-0031581;00-0031734;00-0033251;00-0036876;00-0036252;00-0032950;00-0034367,Parris Campbell;Matt Pryor;Ryan Kelly;Eric Fisher;Mark Glowinski;Chris Reed;Zach Pascal;Kylen Granson;Michael Pittman;Carson Wentz;Nyheim Hines,00-0032239;00-0036934;00-0034902;00-0031555;00-0033073;00-0036998;00-0033381;00-0035346;00-0034797;00-0027136;00-0033050,Byron Jones;Jaelan Phillips;Sam Eguavoen;Eric Rowe;Emmanuel Ogbah;Jevon Holland;Adam Butler;Nik Needham;Jerome Baker;Jason McCourty;Xavien Howard
2021_04_IND_MIA,1651,pass,3.0,76.0,73.0,5.0,1:30,1:25,,3.0,7.0,3.0,4.0,"2 DL, 3 LB, 6 DB",;;;;;;;;;;,11,6,4,MAN_COVERAGE,COVER_1,False,00-0035639;00-0034417;00-0032383;00-0030584;00-0031734;00-0031581;00-0033251;00-0036876;00-0036252;00-0032950;00-0034367,Parris Campbell;Matt Pryor;Ryan Kelly;Eric Fisher;Chris Reed;Mark Glowinski;Zach Pascal;Kylen Granson;Michael Pittman;Carson Wentz;Nyheim Hines,00-0032239;00-0036934;00-0034902;00-0031555;00-0033073;00-0036998;00-0033381;00-0035346;00-0034797;00-0027136;00-0033050,Byron Jones;Jaelan Phillips;Sam Eguavoen;Eric Rowe;Emmanuel Ogbah;Jevon Holland;Adam Butler;Nik Needham;Jerome Baker;Jason McCourty;Xavien Howard
2021_04_IND_MIA,1675,timeout,0.0,,,0.0,1:25,1:25,MIA,3.0,7.0,,0.0,,,0,,,,,,,,,
2021_04_IND_MIA,1692,timeout,0.0,,,0.0,1:25,1:25,IND,3.0,7.0,,0.0,,,0,,,,,,,,,
2021_04_IND_MIA,1711,run,2.0,73.0,71.0,24.0,1:25,1:01,,3.0,7.0,4.0,1.0,"3 DL, 4 LB, 4 DB",;;;;;;;;;;,11,9,,,,,00-0034417;00-0032383;00-0030584;00-0031734;00-0036215;00-0031581;00-0033251;00-0033217;00-0036252;00-0032950;00-0034367,Matt Pryor;Ryan Kelly;Eric Fisher;Chris Reed;Danny Pinter;Mark Glowinski;Zach Pascal;Mo Alie-Cox;Michael Pittman;Carson Wentz;Nyheim Hines,00-0032239;00-0034285;00-0032734;00-0032442;00-0035231;00-0031555;00-0034797;00-0027136;00-0030070;00-0035272;00-0033050,Byron Jones;Zach Sieler;Brennan Scarlett;Elandon Roberts;Christian Wilkins;Eric Rowe;Jerome Baker;Jason McCourty;John Jenkins;Andrew Van Ginkel;Xavien Howard
2021_04_IND_MIA,1734,pass,2.0,71.0,69.0,24.0,1:01,0:37,,3.0,7.0,1.0,10.0,"2 DL, 3 LB, 6 DB",;;;;;;;;;;,11,5,5,MAN_COVERAGE,COVER_1,True,00-0035639;00-0034417;00-0032383;00-0030584;00-0031581;00-0031734;00-0033251;00-0033217;00-0036252;00-0032950;00-0034367,Parris Campbell;Matt Pryor;Ryan Kelly;Eric Fisher;Mark Glowinski;Chris Reed;Zach Pascal;Mo Alie-Cox;Michael Pittman;Carson Wentz;Nyheim Hines,00-0036934;00-0031796;00-0034902;00-0031555;00-0033073;00-0036998;00-0033381;00-0035346;00-0034797;00-0027136;00-0033050,Jaelan Phillips;Justin Coleman;Sam Eguavoen;Eric Rowe;Emmanuel Ogbah;Jevon Holland;Adam Butler;Nik Needham;Jerome Baker;Jason McCourty;Xavien Howard
2021_04_IND_MIA,1758,pass,0.0,69.0,69.0,6.0,0:37,0:31,,3.0,7.0,2.0,8.0,"2 DL, 3 LB, 6 DB",;;;;;;;;;;,11,5,4,MAN_COVERAGE,COVER_1,False,00-0036223;00-0035639;00-0034417;00-0032383;00-0030584;00-0031581;00-0031734;00-0033251;00-0033217;00-0036252;00-0032950,Jonathan Taylor;Parris Campbell;Matt Pryor;Ryan Kelly;Eric Fisher;Mark Glowinski;Chris Reed;Zach Pascal;Mo Alie-Cox;Michael Pittman;Carson Wentz,00-0036934;00-0031796;00-0034902;00-0031555;00-0033073;00-0036998;00-0033381;00-0035346;00-0034797;00-0027136;00-0033050,Jaelan Phillips;Justin Coleman;Sam Eguavoen;Eric Rowe;Emmanuel Ogbah;Jevon Holland;Adam Butler;Nik Needham;Jerome Baker;Jason McCourty;Xavien Howard
2021_04_IND_MIA,1780,pass,3.0,69.0,66.0,6.0,0:31,0:25,,3.0,7.0,3.0,8.0,"2 DL, 3 LB, 6 DB",;;;;;;;;;;,11,5,4,ZONE_COVERAGE,COVER_3,True,00-0036223;00-0035639;00-0034417;00-0032383;00-0030584;00-0031581;00-0031734;00-0033251;00-0036876;00-0036252;00-0032950,Jonathan Taylor;Parris Campbell;Matt Pryor;Ryan Kelly;Eric Fisher;Mark Glowinski;Chris Reed;Zach Pascal;Kylen Granson;Michael Pittman;Carson Wentz,00-0036934;00-0031796;00-0034902;00-0031555;00-0033073;00-0036998;00-0033381;00-0035346;00-0034797;00-0027136;00-0033050,Jaelan Phillips;Justin Coleman;Sam Eguavoen;Eric Rowe;Emmanuel Ogbah;Jevon Holland;Adam Butler;Nik Needham;Jerome Baker;Jason McCourty;Xavien Howard
2021_04_IND_MIA,1804,timeout,0.0,,,0.0,0:25,0:25,MIA,3.0,7.0,,0.0,,,0,,,,,,,,,
2021_04_IND_MIA,1821,punt,0.0,66.0,66.0,6.0,0:25,0:19,,3.0,7.0,4.0,5.0,,;;;;;;;;;;,11,,,,,,00-0035687;00-0034431;00-0032753;00-0033269;00-0027914;00-0034987;00-0034091;00-0034424;00-0035021;00-0032198;00-0034400,Bobby Okereke;Zaire Franklin;Luke Rhodes;Rigoberto Sanchez;Andrew Sendejo;E.J. Speed;George Odum;Matthew Adams;Ashton Dulin;Ibraheim Campbell;Jordan Wilkins,00-0034285;00-0034248;00-0036934;00-0031796;00-0032807;00-0032791;00-0035231;00-0036998;00-0033381;00-0035272;00-0036221,Zach Sieler;Elijah Campbell;Jaelan Phillips;Justin Coleman;Clayton Fejedelem;Jakeem Grant;Christian Wilkins;Jevon Holland;Adam Butler;Andrew Van Ginkel;Brandon Jones
2021_04_IND_MIA,1839,pass,-8.0,71.0,79.0,19.0,0:19,0:00,,3.0,7.0,1.0,10.0,"4 DL, 2 LB, 5 DB",;;;;;;;;;;,11,4,4,,,,00-0030669;00-0031923;00-0036248;00-0031893;00-0033119;00-0031547;00-0031806;00-0036613;00-0034829;00-0036325;00-0037010,Albert Wilson;Greg Mancz;Austin Jackson;Jesse Davis;Jacoby Brissett;DeVante Parker;Malcolm Brown;Jaylen Waddle;Mike Gesicki;Robert Hunt;Liam Eichenberg,00-0032378;00-0035687;00-0030575;00-0033393;00-0027914;00-0034354;00-0036222;00-0036253;00-0033964;00-0034359;00-0034846,DeForest Buckner;Bobby Okereke;Xavier Rhodes;Kenny Moore II;Andrew Sendejo;Kemoko Turay;Isaiah Rodgers;Julian Blackmon;Al-Quadin Muhammad;Tyquan Lewis;Shaquille Leonard
2021_04_IND_MIA,1858,start_quarter_3,,,,0.0,0:00,0:00,,3.0,7.0,,0.0,,,0,,,,,,,,,
2021_04_IND_MIA,1877,kickoff,0.0,35.0,35.0,6.0,15:00,14:54,,3.0,7.0,,0.0,,;;;;;;;;;;,11,,,,,,00-0033338;00-0033555;00-0034248;00-0032807;00-0032734;00-0034902;00-0033549;00-0036998;00-0034794;00-0035272;00-0036221,Cethan Carter;Mack Hollins;Elijah Campbell;Clayton Fejedelem;Brennan Scarlett;Sam Eguavoen;Duke Riley;Jevon Holland;Jason Sanders;Andrew Van Ginkel;Brandon Jones,00-0034431;00-0035687;00-0034987;00-0036222;00-0034091;00-0033588;00-0033251;00-0034424;00-0035021;00-0032198;00-0034400,Zaire Franklin;Bobby Okereke;E.J. Speed;Isaiah Rodgers;George Odum;Isaac Rochell;Zach Pascal;Matthew Adams;Ashton Dulin;Ibraheim Campbell;Jordan Wilkins
2021_04_IND_MIA,1910,run,38.0,84.0,46.0,38.0,14:54,14:16,,3.0,7.0,1.0,10.0,"3 DL, 3 LB, 5 DB",;;;;;;;;;;,11,5,,,,,00-0036223;00-0032383;00-0030584;00-0031581;00-0031734;00-0033251;00-0033560;00-0036876;00-0036252;00-0032950;00-0034367,Jonathan Taylor;Ryan Kelly;Eric Fisher;Mark Glowinski;Chris Reed;Zach Pascal;Julie'n Davenport;Kylen Granson;Michael Pittman;Carson Wentz;Nyheim Hines,00-0036934;00-0031796;00-0032442;00-0035231;00-0031555;00-0033073;00-0035346;00-0034797;00-0027136;00-0030070;00-0033050,Jaelan Phillips;Justin Coleman;Elandon Roberts;Christian Wilkins;Eric Rowe;Emmanuel Ogbah;Nik Needham;Jerome Baker;Jason McCourty;John Jenkins;Xavien Howard
2021_04_IND_MIA,1936,run,1.0,46.0,45.0,43.0,14:16,13:33,,3.0,7.0,1.0,10.0,"3 DL, 3 LB, 5 DB",;;;;;;;;;;,11,7,,,,,00-0036223;00-0032383;00-0030584;00-0031734;00-0031581;00-0033251;00-0033560;00-0033217;00-0036252;00-0032950;00-0034367,Jonathan Taylor;Ryan Kelly;Eric Fisher;Chris Reed;Mark Glowinski;Zach Pascal;Julie'n Davenport;Mo Alie-Cox;Michael Pittman;Carson Wentz;Nyheim Hines,00-0036934;00-0031796;00-0032442;00-0035231;00-0031555;00-0033073;00-0035346;00-0034797;00-0027136;00-0030070;00-0033050,Jaelan Phillips;Justin Coleman;Elandon Roberts;Christian Wilkins;Eric Rowe;Emmanuel Ogbah;Nik Needham;Jerome Baker;Jason McCourty;John Jenkins;Xavien Howard
2021_04_IND_MIA,1957,pass,17.0,45.0,28.0,42.0,13:33,12:51,,3.0,7.0,2.0,9.0,"3 DL, 4 LB, 4 DB",;;;;;;;;;;,11,6,5,MAN_COVERAGE,COVER_1,True,00-0036223;00-0032383;00-0030584;00-0031581;00-0031734;00-0033560;00-0036876;00-0035021;00-0033217;00-0036482;00-0032950,Jonathan Taylor;Ryan Kelly;Eric Fisher;Mark Glowinski;Chris Reed;Julie'n Davenport;Kylen Granson;Ashton Dulin;Mo Alie-Cox;Mike Strachan;Carson Wentz,00-0034285;00-0031796;00-0032734;00-0032442;00-0035231;00-0031555;00-0034797;00-0027136;00-0030070;00-0035272;00-0033050,Zach Sieler;Justin Coleman;Brennan Scarlett;Elandon Roberts;Christian Wilkins;Eric Rowe;Jerome Baker;Jason McCourty;John Jenkins;Andrew Van Ginkel;Xavien Howard
2021_04_IND_MIA,1981,run,6.0,28.0,22.0,40.0,12:51,12:11,,3.0,7.0,1.0,10.0,"3 DL, 4 LB, 4 DB",;;;;;;;;;;,11,7,,,,,00-0036223;00-0030181;00-0032383;00-0030584;00-0031581;00-0031734;00-0033251;00-0033560;00-0033217;00-0036482;00-0032950,Jonathan Taylor;Jack Doyle;Ryan Kelly;Eric Fisher;Mark Glowinski;Chris Reed;Zach Pascal;Julie'n Davenport;Mo Alie-Cox;Mike Strachan;Carson Wentz,00-0034285;00-0031796;00-0032734;00-0032442;00-0035231;00-0031555;00-0027136;00-0034797;00-0035272;00-0030070;00-0033050,Zach Sieler;Justin Coleman;Brennan Scarlett;Elandon Roberts;Christian Wilkins;Eric Rowe;Jason McCourty;Jerome Baker;Andrew Van Ginkel;John Jenkins;Xavien Howard
2021_04_IND_MIA,2002,run,9.0,22.0,13.0,44.0,12:11,11:27,,3.0,7.0,2.0,4.0,"3 DL, 4 LB, 4 DB",;;;;;;;;;;,11,8,,,,,00-0030181;00-0036223;00-0032383;00-0030584;00-0031581;00-0031734;00-0033251;00-0033560;00-0033217;00-0036252;00-0032950,Jack Doyle;Jonathan Taylor;Ryan Kelly;Eric Fisher;Mark Glowinski;Chris Reed;Zach Pascal;Julie'n Davenport;Mo Alie-Cox;Michael Pittman;Carson Wentz,00-0034285;00-0031796;00-0032734;00-0032442;00-0035231;00-0031555;00-0027136;00-0030070;00-0034797;00-0035272;00-0033050,Zach Sieler;Justin Coleman;Brennan Scarlett;Elandon Roberts;Christian Wilkins;Eric Rowe;Jason McCourty;John Jenkins;Jerome Baker;Andrew Van Ginkel;Xavien Howard
2021_04_IND_MIA,2023,run,-1.0,13.0,14.0,46.0,11:27,10:41,,3.0,7.0,1.0,10.0,"3 DL, 3 LB, 5 DB",;;;;;;;;;;,11,6,,,,,00-0035639;00-0032383;00-0030584;00-0031734;00-0031581;00-0033251;00-0033560;00-0033217;00-0036252;00-0032950;00-0034367,Parris Campbell;Ryan Kelly;Eric Fisher;Chris Reed;Mark Glowinski;Zach Pascal;Julie'n Davenport;Mo Alie-Cox;Michael Pittman;Carson Wentz;Nyheim Hines,00-0036934;00-0031796;00-0032442;00-0035231;00-0031555;00-0033073;00-0035346;00-0034797;00-0027136;00-0030070;00-0033050,Jaelan Phillips;Justin Coleman;Elandon Roberts;Christian Wilkins;Eric Rowe;Emmanuel Ogbah;Nik Needham;Jerome Baker;Jason McCourty;John Jenkins;Xavien Howard
2021_04_IND_MIA,2044,pass,0.0,14.0,14.0,7.0,10:41,10:34,,3.0,7.0,2.0,11.0,"3 DL, 3 LB, 5 DB",;;;;;;;;;;,11,6,4,ZONE_COVERAGE,COVER_2,False,00-0036223;00-0032383;00-0030584;00-0031734;00-0031581;00-0033251;00-0033560;00-0033217;00-0036252;00-0032950;00-0034367,Jonathan Taylor;Ryan Kelly;Eric Fisher;Chris Reed;Mark Glowinski;Zach Pascal;Julie'n Davenport;Mo Alie-Cox;Michael Pittman;Carson Wentz;Nyheim Hines,00-0036934;00-0031796;00-0032442;00-0035231;00-0031555;00-0033073;00-0035346;00-0034797;00-0027136;00-0030070;00-0033050,Jaelan Phillips;Justin Coleman;Elandon Roberts;Christian Wilkins;Eric Rowe;Emmanuel Ogbah;Nik Needham;Jerome Baker;Jason McCourty;John Jenkins;Xavien Howard
2021_04_IND_MIA,2066,no_play,0.0,14.0,14.0,0.0,10:34,10:34,,3.0,7.0,3.0,11.0,"2 DL, 3 LB, 6 DB",;;;;;;;;;;,11,,,,,,00-0035639;00-0032383;00-0030584;00-0031581;00-0031734;00-0033251;00-0033560;00-0033217;00-0036252;00-0032950;00-0034367,Parris Campbell;Ryan Kelly;Eric Fisher;Mark Glowinski;Chris Reed;Zach Pascal;Julie'n Davenport;Mo Alie-Cox;Michael Pittman;Carson Wentz;Nyheim Hines,00-0036934;00-0031796;00-0034902;00-0031555;00-0033073;00-0036998;00-0033381;00-0035346;00-0034797;00-0027136;00-0033050,Jaelan Phillips;Justin Coleman;Sam Eguavoen;Eric Rowe;Emmanuel Ogbah;Jevon Holland;Adam Butler;Nik Needham;Jerome Baker;Jason McCourty;Xavien Howard
2021_04_IND_MIA,2089,pass,8.0,9.0,1.0,44.0,10:34,9:50,,3.0,7.0,3.0,6.0,"2 DL, 3 LB, 6 DB",;;;;;;;;;;,11,6,6,MAN_COVERAGE,COVER_1,False,00-0030181;00-0035639;00-0032383;00-0030584;00-0031581;00-0031734;00-0033251;00-0033560;00-0036252;00-0032950;00-0034367,Jack Doyle;Parris Campbell;Ryan Kelly;Eric Fisher;Mark Glowinski;Chris Reed;Zach Pascal;Julie'n Davenport;Michael Pittman;Carson Wentz;Nyheim Hines,00-0036934;00-0031796;00-0031555;00-0033073;00-0033381;00-0035346;00-0034797;00-0027136;00-0035272;00-0036221;00-0033050,Jaelan Phillips;Justin Coleman;Eric Rowe;Emmanuel Ogbah;Adam Butler;Nik Needham;Jerome Baker;Jason McCourty;Andrew Van Ginkel;Brandon Jones;Xavien Howard
2021_04_IND_MIA,2113,pass,-2.0,1.0,3.0,34.0,9:50,9:16,,3.0,7.0,1.0,1.0,"4 DL, 3 LB, 4 DB",;;;;;;;;;;,11,7,6,MAN_COVERAGE,COVER_1,False,00-0036223;00-0035639;00-0032383;00-0030584;00-0031581;00-0031734;00-0033251;00-0033560;00-0033217;00-0036252;00-0032950,Jonathan Taylor;Parris Campbell;Ryan Kelly;Eric Fisher;Mark Glowinski;Chris Reed;Zach Pascal;Julie'n Davenport;Mo Alie-Cox;Michael Pittman;Carson Wentz,00-0034285;00-0031796;00-0032442;00-0035231;00-0031555;00-0033073;00-0033381;00-0035346;00-0034797;00-0035272;00-0033050,Zach Sieler;Justin Coleman;Elandon Roberts;Christian Wilkins;Eric Rowe;Emmanuel Ogbah;Adam Butler;Nik Needham;Jerome Baker;Andrew Van Ginkel;Xavien Howard
2021_04_IND_MIA,2137,run,0.0,3.0,3.0,44.0,9:16,8:32,,3.0,7.0,2.0,3.0,"3 DL, 4 LB, 4 DB",;;;;;;;;;;,11,7,,,,,00-0036223;00-0035639;00-0032383;00-0030584;00-0031581;00-0031734;00-0033251;00-0033560;00-0033217;00-0036252;00-0032950,Jonathan Taylor;Parris Campbell;Ryan Kelly;Eric Fisher;Mark Glowinski;Chris Reed;Zach Pascal;Julie'n Davenport;Mo Alie-Cox;Michael Pittman;Carson Wentz,00-0031796;00-0032734;00-0032442;00-0035231;00-0033073;00-0035346;00-0034797;00-0027136;00-0030070;00-0035272;00-0033050,Justin Coleman;Brennan Scarlett;Elandon Roberts;Christian Wilkins;Emmanuel Ogbah;Nik Needham;Jerome Baker;Jason McCourty;John Jenkins;Andrew Van Ginkel;Xavien Howard
2021_04_IND_MIA,2158,pass,3.0,3.0,0.0,3.0,8:32,8:29,,3.0,13.0,3.0,3.0,"3 DL, 4 LB, 4 DB",;;;;;;;;;;,11,6,4,MAN_COVERAGE,COVER_0,True,00-0036223;00-0032383;00-0030584;00-0031581;00-0031734;00-0033251;00-0033560;00-0036876;00-0033217;00-0036252;00-0032950,Jonathan Taylor;Ryan Kelly;Eric Fisher;Mark Glowinski;Chris Reed;Zach Pascal;Julie'n Davenport;Kylen Granson;Mo Alie-Cox;Michael Pittman;Carson Wentz,00-0034285;00-0031796;00-0032734;00-0032442;00-0035231;00-0031555;00-0034797;00-0027136;00-0030070;00-0035272;00-0033050,Zach Sieler;Justin Coleman;Brennan Scarlett;Elandon Roberts;Christian Wilkins;Eric Rowe;Jerome Baker;Jason McCourty;John Jenkins;Andrew Van Ginkel;Xavien Howard
2021_04_IND_MIA,2183,extra_point,0.0,15.0,15.0,0.0,8:29,8:29,,3.0,14.0,,0.0,,;;;;;;;;;;,11,,,,,,00-0032378;00-0032753;00-0033269;00-0034417;00-0030584;00-0036215;00-0031581;00-0033560;00-0035849;00-0033217;00-0033952,DeForest Buckner;Luke Rhodes;Rigoberto Sanchez;Matt Pryor;Eric Fisher;Danny Pinter;Mark Glowinski;Julie'n Davenport;Rodrigo Blankenship;Mo Alie-Cox;Grover Stewart,00-0034285;00-0031796;00-0032807;00-0032734;00-0032442;00-0035231;00-0033073;00-0035346;00-0036221;00-0030070;00-0035272,Zach Sieler;Justin Coleman;Clayton Fejedelem;Brennan Scarlett;Elandon Roberts;Christian Wilkins;Emmanuel Ogbah;Nik Needham;Brandon Jones;John Jenkins;Andrew Van Ginkel
2021_04_IND_MIA,2199,kickoff,0.0,35.0,35.0,0.0,8:29,8:29,,3.0,14.0,,0.0,,;;;;;;;;;;,11,,,,,,00-0034431;00-0033269;00-0036385;00-0034987;00-0035393;00-0034091;00-0036253;00-0033588;00-0034424;00-0035021;00-0032198,Zaire Franklin;Rigoberto Sanchez;Bopete Keyes;E.J. Speed;Anthony Chesley;George Odum;Julian Blackmon;Isaac Rochell;Matthew Adams;Ashton Dulin;Ibraheim Campbell,00-0033338;00-0033555;00-0032807;00-0032734;00-0034902;00-0034798;00-0032791;00-0033549;00-0033896;00-0035346;00-0036221,Cethan Carter;Mack Hollins;Clayton Fejedelem;Brennan Scarlett;Sam Eguavoen;Durham Smythe;Jakeem Grant;Duke Riley;Adam Shaheen;Nik Needham;Brandon Jones
2021_04_IND_MIA,2220,run,3.0,75.0,72.0,40.0,8:29,7:49,,3.0,14.0,1.0,10.0,"4 DL, 2 LB, 5 DB",;;;;;;;;;;,11,6,,,,,00-0030669;00-0031923;00-0036248;00-0031893;00-0033119;00-0031547;00-0031806;00-0033896;00-0036613;00-0037010;00-0036325,Albert Wilson;Greg Mancz;Austin Jackson;Jesse Davis;Jacoby Brissett;DeVante Parker;Malcolm Brown;Adam Shaheen;Jaylen Waddle;Liam Eichenberg;Robert Hunt,00-0032378;00-0035687;00-0030575;00-0033393;00-0027914;00-0036222;00-0036253;00-0033964;00-0034359;00-0034846;00-0033952,DeForest Buckner;Bobby Okereke;Xavier Rhodes;Kenny Moore II;Andrew Sendejo;Isaiah Rodgers;Julian Blackmon;Al-Quadin Muhammad;Tyquan Lewis;Shaquille Leonard;Grover Stewart
2021_04_IND_MIA,2241,pass,-7.0,72.0,79.0,38.0,7:49,7:11,,3.0,14.0,2.0,7.0,"4 DL, 2 LB, 5 DB",;;;;;;;;;;,11,6,4,MAN_COVERAGE,COVER_1,False,00-0033555;00-0036248;00-0031923;00-0031893;00-0034798;00-0035311;00-0032791;00-0033119;00-0034829;00-0037010;00-0036325,Mack Hollins;Austin Jackson;Greg Mancz;Jesse Davis;Durham Smythe;Myles Gaskin;Jakeem Grant;Jacoby Brissett;Mike Gesicki;Liam Eichenberg;Robert Hunt,00-0035687;00-0032378;00-0030575;00-0033393;00-0027914;00-0036222;00-0036253;00-0033964;00-0034359;00-0034846;00-0033952,Bobby Okereke;DeForest Buckner;Xavier Rhodes;Kenny Moore II;Andrew Sendejo;Isaiah Rodgers;Julian Blackmon;Al-Quadin Muhammad;Tyquan Lewis;Shaquille Leonard;Grover Stewart
2021_04_IND_MIA,2265,pass,11.0,79.0,68.0,44.0,7:11,6:27,,3.0,14.0,3.0,14.0,"4 DL, 2 LB, 5 DB",;;;;;;;;;;,11,4,4,ZONE_COVERAGE,COVER_6,True,00-0030669;00-0036248;00-0031923;00-0031893;00-0033119;00-0031547;00-0031806;00-0036613;00-0034829;00-0037010;00-0036325,Albert Wilson;Austin Jackson;Greg Mancz;Jesse Davis;Jacoby Brissett;DeVante Parker;Malcolm Brown;Jaylen Waddle;Mike Gesicki;Liam Eichenberg;Robert Hunt,00-0032378;00-0035687;00-0030575;00-0033393;00-0027914;00-0034354;00-0036222;00-0036253;00-0033964;00-0034359;00-0034846,DeForest Buckner;Bobby Okereke;Xavier Rhodes;Kenny Moore II;Andrew Sendejo;Kemoko Turay;Isaiah Rodgers;Julian Blackmon;Al-Quadin Muhammad;Tyquan Lewis;Shaquille Leonard
2021_04_IND_MIA,2289,punt,0.0,68.0,68.0,11.0,6:27,6:16,,3.0,14.0,4.0,3.0,,;;;;;;;;;;,11,,,,,,00-0033338;00-0033555;00-0034248;00-0032734;00-0034902;00-0032807;00-0034798;00-0036217;00-0031363;00-0033549;00-0035272,Cethan Carter;Mack Hollins;Elijah Campbell;Brennan Scarlett;Sam Eguavoen;Clayton Fejedelem;Durham Smythe;Blake Ferguson;Michael Palardy;Duke Riley;Andrew Van Ginkel,00-0034431;00-0036385;00-0036222;00-0034987;00-0034091;00-0033588;00-0034424;00-0035021;00-0032198;00-0034367;00-0034400,Zaire Franklin;Bopete Keyes;Isaiah Rodgers;E.J. Speed;George Odum;Isaac Rochell;Matthew Adams;Ashton Dulin;Ibraheim Campbell;Nyheim Hines;Jordan Wilkins
2021_04_IND_MIA,2314,run,12.0,89.0,77.0,39.0,6:16,5:37,,3.0,14.0,1.0,10.0,"3 DL, 4 LB, 4 DB",;;;;;;;;;;,11,8,,,,,00-0030181;00-0032383;00-0030584;00-0031581;00-0031734;00-0033251;00-0033560;00-0033217;00-0036252;00-0032950;00-0033951,Jack Doyle;Ryan Kelly;Eric Fisher;Mark Glowinski;Chris Reed;Zach Pascal;Julie'n Davenport;Mo Alie-Cox;Michael Pittman;Carson Wentz;Marlon Mack,00-0034285;00-0031796;00-0032734;00-0032442;00-0035231;00-0031555;00-0035272;00-0034797;00-0027136;00-0030070;00-0033050,Zach Sieler;Justin Coleman;Brennan Scarlett;Elandon Roberts;Christian Wilkins;Eric Rowe;Andrew Van Ginkel;Jerome Baker;Jason McCourty;John Jenkins;Xavien Howard
2021_04_IND_MIA,2340,run,-5.0,77.0,82.0,42.0,5:37,4:55,,3.0,14.0,1.0,10.0,"3 DL, 4 LB, 4 DB",;;;;;;;;;;,11,7,,,,,00-0030181;00-0032383;00-0030584;00-0031581;00-0031734;00-0033251;00-0033560;00-0033217;00-0036252;00-0032950;00-0033951,Jack Doyle;Ryan Kelly;Eric Fisher;Mark Glowinski;Chris Reed;Zach Pascal;Julie'n Davenport;Mo Alie-Cox;Michael Pittman;Carson Wentz;Marlon Mack,00-0034285;00-0031796;00-0032734;00-0032442;00-0035231;00-0031555;00-0027136;00-0030070;00-0035272;00-0034797;00-0033050,Zach Sieler;Justin Coleman;Brennan Scarlett;Elandon Roberts;Christian Wilkins;Eric Rowe;Jason McCourty;John Jenkins;Andrew Van Ginkel;Jerome Baker;Xavien Howard
2021_04_IND_MIA,2361,pass,0.0,82.0,82.0,5.0,4:55,4:50,,3.0,14.0,2.0,15.0,"2 DL, 3 LB, 6 DB",;;;;;;;;;;,11,6,5,MAN_COVERAGE,COVER_1,True,00-0035639;00-0032383;00-0030584;00-0031581;00-0031734;00-0033251;00-0033560;00-0036876;00-0036252;00-0032950;00-0033951,Parris Campbell;Ryan Kelly;Eric Fisher;Mark Glowinski;Chris Reed;Zach Pascal;Julie'n Davenport;Kylen Granson;Michael Pittman;Carson Wentz;Marlon Mack,00-0036934;00-0031796;00-0031555;00-0033073;00-0033381;00-0035346;00-0034797;00-0036221;00-0027136;00-0035272;00-0033050,Jaelan Phillips;Justin Coleman;Eric Rowe;Emmanuel Ogbah;Adam Butler;Nik Needham;Jerome Baker;Brandon Jones;Jason McCourty;Andrew Van Ginkel;Xavien Howard
2021_04_IND_MIA,2383,pass,14.0,82.0,68.0,47.0,4:50,4:03,,3.0,14.0,3.0,15.0,"2 DL, 3 LB, 6 DB",;;;;;;;;;;,11,5,4,ZONE_COVERAGE,COVER_3,True,00-0035639;00-0032383;00-0030584;00-0031581;00-0031734;00-0033251;00-0033560;00-0036876;00-0036252;00-0032950;00-0033951,Parris Campbell;Ryan Kelly;Eric Fisher;Mark Glowinski;Chris Reed;Zach Pascal;Julie'n Davenport;Kylen Granson;Michael Pittman;Carson Wentz;Marlon Mack,00-0036934;00-0031796;00-0034902;00-0031555;00-0033073;00-0036998;00-0033381;00-0035346;00-0034797;00-0027136;00-0033050,Jaelan Phillips;Justin Coleman;Sam Eguavoen;Eric Rowe;Emmanuel Ogbah;Jevon Holland;Adam Butler;Nik Needham;Jerome Baker;Jason McCourty;Xavien Howard
2021_04_IND_MIA,2407,turnover,0.0,68.0,68.0,10.0,4:03,3:53,,3.0,14.0,4.0,1.0,,;;;;;;;;;;,11,,,,,,00-0034431;00-0035687;00-0032753;00-0033269;00-0027914;00-0034987;00-0034091;00-0034424;00-0035021;00-0032198;00-0034400,Zaire Franklin;Bobby Okereke;Luke Rhodes;Rigoberto Sanchez;Andrew Sendejo;E.J. Speed;George Odum;Matthew Adams;Ashton Dulin;Ibraheim Campbell;Jordan Wilkins,00-0034248;00-0036934;00-0031796;00-0032807;00-0032734;00-0034902;00-0032791;00-0035231;00-0036998;00-0035272;00-0036221,Elijah Campbell;Jaelan Phillips;Justin Coleman;Clayton Fejedelem;Brennan Scarlett;Sam Eguavoen;Jakeem Grant;Christian Wilkins;Jevon Holland;Andrew Van Ginkel;Brandon Jones
2021_04_IND_MIA,2439,run,6.0,18.0,12.0,39.0,3:53,3:14,,3.0,14.0,1.0,10.0,"3 DL, 4 LB, 4 DB",;;;;;;;;;;,11,6,,,,,00-0036223;00-0030181;00-0032383;00-0030584;00-0031581;00-0031734;00-0033251;00-0033560;00-0033217;00-0036252;00-0032950,Jonathan Taylor;Jack Doyle;Ryan Kelly;Eric Fisher;Mark Glowinski;Chris Reed;Zach Pascal;Julie'n Davenport;Mo Alie-Cox;Michael Pittman;Carson Wentz,00-0034285;00-0031796;00-0032734;00-0032442;00-0035231;00-0031555;00-0035272;00-0034797;00-0027136;00-0030070;00-0033050,Zach Sieler;Justin Coleman;Brennan Scarlett;Elandon Roberts;Christian Wilkins;Eric Rowe;Andrew Van Ginkel;Jerome Baker;Jason McCourty;John Jenkins;Xavien Howard
2021_04_IND_MIA,2460,no_play,0.0,12.0,12.0,32.0,3:14,2:42,,3.0,14.0,2.0,4.0,"3 DL, 4 LB, 4 DB",;;;;;;;;;;,11,8,,,,,00-0036223;00-0030181;00-0032383;00-0030584;00-0031734;00-0031581;00-0033251;00-0033560;00-0033217;00-0036252;00-0032950,Jonathan Taylor;Jack Doyle;Ryan Kelly;Eric Fisher;Chris Reed;Mark Glowinski;Zach Pascal;Julie'n Davenport;Mo Alie-Cox;Michael Pittman;Carson Wentz,00-0034285;00-0031796;00-0032734;00-0032442;00-0035231;00-0031555;00-0034797;00-0035272;00-0027136;00-0030070;00-0033050,Zach Sieler;Justin Coleman;Brennan Scarlett;Elandon Roberts;Christian Wilkins;Eric Rowe;Jerome Baker;Andrew Van Ginkel;Jason McCourty;John Jenkins;Xavien Howard
2021_04_IND_MIA,2492,no_play,0.0,22.0,22.0,19.0,2:42,2:23,,3.0,14.0,2.0,14.0,"2 DL, 3 LB, 6 DB",;;;;;;;;;;,11,,,,,,00-0030181;00-0036223;00-0035639;00-0032383;00-0030584;00-0031581;00-0031734;00-0033251;00-0033560;00-0036252;00-0032950,Jack Doyle;Jonathan Taylor;Parris Campbell;Ryan Kelly;Eric Fisher;Mark Glowinski;Chris Reed;Zach Pascal;Julie'n Davenport;Michael Pittman;Carson Wentz,00-0036934;00-0031796;00-0031555;00-0033073;00-0033381;00-0035346;00-0034797;00-0035272;00-0027136;00-0036221;00-0033050,Jaelan Phillips;Justin Coleman;Eric Rowe;Emmanuel Ogbah;Adam Butler;Nik Needham;Jerome Baker;Andrew Van Ginkel;Jason McCourty;Brandon Jones;Xavien Howard
2021_04_IND_MIA,2515,pass,10.0,27.0,17.0,46.0,2:23,1:37,,3.0,14.0,2.0,19.0,"2 DL, 3 LB, 6 DB",;;;;;;;;;;,11,4,4,ZONE_COVERAGE,COVER_3,False,00-0030181;00-0035639;00-0032383;00-0030584;00-0031734;00-0031581;00-0033251;00-0033560;00-0036252;00-0032950;00-0034367,Jack Doyle;Parris Campbell;Ryan Kelly;Eric Fisher;Chris Reed;Mark Glowinski;Zach Pascal;Julie'n Davenport;Michael Pittman;Carson Wentz;Nyheim Hines,00-0036934;00-0031796;00-0034902;00-0031555;00-0033073;00-0036998;00-0033381;00-0035346;00-0034797;00-0027136;00-0033050,Jaelan Phillips;Justin Coleman;Sam Eguavoen;Eric Rowe;Emmanuel Ogbah;Jevon Holland;Adam Butler;Nik Needham;Jerome Baker;Jason McCourty;Xavien Howard
2021_04_IND_MIA,2539,pass,1.0,17.0,16.0,40.0,1:37,0:57,,3.0,14.0,3.0,9.0,"2 DL, 3 LB, 6 DB",;;;;;;;;;;,11,6,5,MAN_COVERAGE,COVER_0,False,00-0035639;00-0032383;00-0030584;00-0031581;00-0031734;00-0033251;00-0033560;00-0036876;00-0036252;00-0032950;00-0034367,Parris Campbell;Ryan Kelly;Eric Fisher;Mark Glowinski;Chris Reed;Zach Pascal;Julie'n Davenport;Kylen Granson;Michael Pittman;Carson Wentz;Nyheim Hines,00-0036934;00-0031796;00-0034902;00-0031555;00-0033073;00-0036998;00-0033381;00-0035346;00-0034797;00-0027136;00-0033050,Jaelan Phillips;Justin Coleman;Sam Eguavoen;Eric Rowe;Emmanuel Ogbah;Jevon Holland;Adam Butler;Nik Needham;Jerome Baker;Jason McCourty;Xavien Howard
2021_04_IND_MIA,2563,field_goal,0.0,16.0,16.0,3.0,0:57,0:54,,3.0,17.0,4.0,8.0,,;;;;;;;;;;,11,,,,,,00-0032378;00-0033269;00-0032753;00-0034417;00-0030584;00-0031581;00-0036215;00-0033560;00-0035849;00-0033217;00-0033952,DeForest Buckner;Rigoberto Sanchez;Luke Rhodes;Matt Pryor;Eric Fisher;Mark Glowinski;Danny Pinter;Julie'n Davenport;Rodrigo Blankenship;Mo Alie-Cox;Grover Stewart,00-0034285;00-0031796;00-0032807;00-0032734;00-0032442;00-0035231;00-0033073;00-0035346;00-0030070;00-0035272;00-0036221,Zach Sieler;Justin Coleman;Clayton Fejedelem;Brennan Scarlett;Elandon Roberts;Christian Wilkins;Emmanuel Ogbah;Nik Needham;John Jenkins;Andrew Van Ginkel;Brandon Jones
2021_04_IND_MIA,2582,kickoff,0.0,35.0,35.0,0.0,0:54,0:54,,3.0,17.0,,0.0,,;;;;;;;;;;,11,,,,,,00-0034431;00-0033269;00-0036385;00-0034987;00-0035393;00-0034091;00-0036253;00-0033588;00-0034424;00-0035021;00-0032198,Zaire Franklin;Rigoberto Sanchez;Bopete Keyes;E.J. Speed;Anthony Chesley;George Odum;Julian Blackmon;Isaac Rochell;Matthew Adams;Ashton Dulin;Ibraheim Campbell,00-0033338;00-0033555;00-0032807;00-0032734;00-0034902;00-0034798;00-0032791;00-0033549;00-0033896;00-0035346;00-0036221,Cethan Carter;Mack Hollins;Clayton Fejedelem;Brennan Scarlett;Sam Eguavoen;Durham Smythe;Jakeem Grant;Duke Riley;Adam Shaheen;Nik Needham;Brandon Jones
2021_04_IND_MIA,2597,pass,0.0,75.0,75.0,4.0,0:54,0:50,,3.0,17.0,1.0,10.0,"4 DL, 2 LB, 5 DB",;;;;;;;;;;,11,6,4,ZONE_COVERAGE,COVER_3,False,00-0030669;00-0031923;00-0036248;00-0031893;00-0033119;00-0031547;00-0031806;00-0036613;00-0034829;00-0037010;00-0036325,Albert Wilson;Greg Mancz;Austin Jackson;Jesse Davis;Jacoby Brissett;DeVante Parker;Malcolm Brown;Jaylen Waddle;Mike Gesicki;Liam Eichenberg;Robert Hunt,00-0032378;00-0035687;00-0030575;00-0033393;00-0027914;00-0036222;00-0036253;00-0033964;00-0034359;00-0034846;00-0033952,DeForest Buckner;Bobby Okereke;Xavier Rhodes;Kenny Moore II;Andrew Sendejo;Isaiah Rodgers;Julian Blackmon;Al-Quadin Muhammad;Tyquan Lewis;Shaquille Leonard;Grover Stewart
2021_04_IND_MIA,2619,pass,8.0,75.0,67.0,34.0,0:50,0:16,,3.0,17.0,2.0,10.0,"4 DL, 2 LB, 5 DB",;;;;;;;;;;,11,6,4,ZONE_COVERAGE,COVER_6,False,00-0030669;00-0031923;00-0036248;00-0031893;00-0033119;00-0031547;00-0031806;00-0036613;00-0034829;00-0037010;00-0036325,Albert Wilson;Greg Mancz;Austin Jackson;Jesse Davis;Jacoby Brissett;DeVante Parker;Malcolm Brown;Jaylen Waddle;Mike Gesicki;Liam Eichenberg;Robert Hunt,00-0032378;00-0035687;00-0030575;00-0033393;00-0027914;00-0036222;00-0036253;00-0033964;00-0034359;00-0034846;00-0033952,DeForest Buckner;Bobby Okereke;Xavier Rhodes;Kenny Moore II;Andrew Sendejo;Isaiah Rodgers;Julian Blackmon;Al-Quadin Muhammad;Tyquan Lewis;Shaquille Leonard;Grover Stewart
2021_04_IND_MIA,2643,pass,7.0,67.0,60.0,16.0,0:16,0:00,,3.0,17.0,3.0,2.0,"4 DL, 2 LB, 5 DB",;;;;;;;;;;,11,6,4,MAN_COVERAGE,COVER_1,False,00-0030669;00-0031923;00-0036248;00-0031893;00-0033119;00-0031547;00-0031806;00-0036613;00-0034829;00-0037010;00-0036325,Albert Wilson;Greg Mancz;Austin Jackson;Jesse Davis;Jacoby Brissett;DeVante Parker;Malcolm Brown;Jaylen Waddle;Mike Gesicki;Liam Eichenberg;Robert Hunt,00-0032378;00-0035687;00-0030575;00-0033393;00-0027914;00-0036222;00-0036253;00-0033964;00-0034359;00-0034846;00-0033952,DeForest Buckner;Bobby Okereke;Xavier Rhodes;Kenny Moore II;Andrew Sendejo;Isaiah Rodgers;Julian Blackmon;Al-Quadin Muhammad;Tyquan Lewis;Shaquille Leonard;Grover Stewart
2021_04_IND_MIA,2667,start_quarter_4,,,,0.0,0:00,0:00,,3.0,17.0,,0.0,,,0,,,,,,,,,
2021_04_IND_MIA,2703,turnover,-17.0,60.0,77.0,13.0,15:00,14:47,,3.0,17.0,1.0,10.0,"4 DL, 2 LB, 5 DB",;;;;;;;;;;,11,6,4,,,,00-0030669;00-0031923;00-0036248;00-0031893;00-0033119;00-0031547;00-0031806;00-0036613;00-0034829;00-0036325;00-0037010,Albert Wilson;Greg Mancz;Austin Jackson;Jesse Davis;Jacoby Brissett;DeVante Parker;Malcolm Brown;Jaylen Waddle;Mike Gesicki;Robert Hunt;Liam Eichenberg,00-0032378;00-0035687;00-0030575;00-0033393;00-0027914;00-0036222;00-0036253;00-0033964;00-0034359;00-0034846;00-0033952,DeForest Buckner;Bobby Okereke;Xavier Rhodes;Kenny Moore II;Andrew Sendejo;Isaiah Rodgers;Julian Blackmon;Al-Quadin Muhammad;Tyquan Lewis;Shaquille Leonard;Grover Stewart
2021_04_IND_MIA,2743,run,2.0,30.0,28.0,41.0,14:47,14:06,,3.0,17.0,1.0,10.0,"3 DL, 4 LB, 4 DB",;;;;;;;;;;,11,7,,,,,00-0036223;00-0030181;00-0034417;00-0032383;00-0030584;00-0031734;00-0031581;00-0035021;00-0033217;00-0036482;00-0032950,Jonathan Taylor;Jack Doyle;Matt Pryor;Ryan Kelly;Eric Fisher;Chris Reed;Mark Glowinski;Ashton Dulin;Mo Alie-Cox;Mike Strachan;Carson Wentz,00-0034285;00-0031796;00-0032734;00-0032442;00-0035231;00-0031555;00-0034797;00-0027136;00-0030070;00-0035272;00-0033050,Zach Sieler;Justin Coleman;Brennan Scarlett;Elandon Roberts;Christian Wilkins;Eric Rowe;Jerome Baker;Jason McCourty;John Jenkins;Andrew Van Ginkel;Xavien Howard
2021_04_IND_MIA,2764,pass,3.0,28.0,25.0,40.0,14:06,13:26,,3.0,17.0,2.0,8.0,"2 DL, 3 LB, 6 DB",;;;;;;;;;;,11,6,3,MAN_COVERAGE,COVER_1,False,00-0035639;00-0034417;00-0032383;00-0030584;00-0031581;00-0031734;00-0033251;00-0036876;00-0036252;00-0032950;00-0034367,Parris Campbell;Matt Pryor;Ryan Kelly;Eric Fisher;Mark Glowinski;Chris Reed;Zach Pascal;Kylen Granson;Michael Pittman;Carson Wentz;Nyheim Hines,00-0036934;00-0031796;00-0034902;00-0031555;00-0033073;00-0036998;00-0033381;00-0035346;00-0027136;00-0034797;00-0033050,Jaelan Phillips;Justin Coleman;Sam Eguavoen;Eric Rowe;Emmanuel Ogbah;Jevon Holland;Adam Butler;Nik Needham;Jason McCourty;Jerome Baker;Xavien Howard
2021_04_IND_MIA,2788,pass,0.0,25.0,25.0,4.0,13:26,13:22,,3.0,17.0,3.0,5.0,"2 DL, 3 LB, 6 DB",;;;;;;;;;;,11,5,5,MAN_COVERAGE,COVER_1,False,00-0030181;00-0036223;00-0035639;00-0034417;00-0032383;00-0030584;00-0031581;00-0031734;00-0033251;00-0036252;00-0032950,Jack Doyle;Jonathan Taylor;Parris Campbell;Matt Pryor;Ryan Kelly;Eric Fisher;Mark Glowinski;Chris Reed;Zach Pascal;Michael Pittman;Carson Wentz,00-0036934;00-0031796;00-0034902;00-0031555;00-0033073;00-0036998;00-0033381;00-0035346;00-0034797;00-0027136;00-0033050,Jaelan Phillips;Justin Coleman;Sam Eguavoen;Eric Rowe;Emmanuel Ogbah;Jevon Holland;Adam Butler;Nik Needham;Jerome Baker;Jason McCourty;Xavien Howard
2021_04_IND_MIA,2810,field_goal,0.0,25.0,25.0,5.0,13:22,13:17,,3.0,20.0,4.0,5.0,,;;;;;;;;;;,11,,,,,,00-0032378;00-0033269;00-0032753;00-0034417;00-0030584;00-0036215;00-0031581;00-0033560;00-0035849;00-0033217;00-0033952,DeForest Buckner;Rigoberto Sanchez;Luke Rhodes;Matt Pryor;Eric Fisher;Danny Pinter;Mark Glowinski;Julie'n Davenport;Rodrigo Blankenship;Mo Alie-Cox;Grover Stewart,00-0034285;00-0031796;00-0032807;00-0032734;00-0032442;00-0035231;00-0033073;00-0035346;00-0035272;00-0036221;00-0030070,Zach Sieler;Justin Coleman;Clayton Fejedelem;Brennan Scarlett;Elandon Roberts;Christian Wilkins;Emmanuel Ogbah;Nik Needham;Andrew Van Ginkel;Brandon Jones;John Jenkins
2021_04_IND_MIA,2829,kickoff,0.0,35.0,35.0,0.0,13:17,13:17,,3.0,20.0,,0.0,,;;;;;;;;;;,11,,,,,,00-0034431;00-0033269;00-0036385;00-0034987;00-0035393;00-0034091;00-0036253;00-0033588;00-0034424;00-0035021;00-0032198,Zaire Franklin;Rigoberto Sanchez;Bopete Keyes;E.J. Speed;Anthony Chesley;George Odum;Julian Blackmon;Isaac Rochell;Matthew Adams;Ashton Dulin;Ibraheim Campbell,00-0033338;00-0033555;00-0032807;00-0032734;00-0034902;00-0034798;00-0032791;00-0033549;00-0033896;00-0035346;00-0036221,Cethan Carter;Mack Hollins;Clayton Fejedelem;Brennan Scarlett;Sam Eguavoen;Durham Smythe;Jakeem Grant;Duke Riley;Adam Shaheen;Nik Needham;Brandon Jones
2021_04_IND_MIA,2844,pass,4.0,75.0,71.0,21.0,13:17,12:56,,3.0,20.0,1.0,10.0,"4 DL, 2 LB, 5 DB",;;;;;;;;;;,11,6,4,ZONE_COVERAGE,COVER_6,True,00-0030669;00-0031923;00-0036248;00-0031893;00-0033119;00-0031547;00-0031806;00-0036613;00-0034829;00-0037010;00-0036325,Albert Wilson;Greg Mancz;Austin Jackson;Jesse Davis;Jacoby Brissett;DeVante Parker;Malcolm Brown;Jaylen Waddle;Mike Gesicki;Liam Eichenberg;Robert Hunt,00-0032378;00-0035687;00-0030575;00-0033393;00-0027914;00-0034354;00-0036222;00-0036253;00-0034359;00-0034969;00-0034846,DeForest Buckner;Bobby Okereke;Xavier Rhodes;Kenny Moore II;Andrew Sendejo;Kemoko Turay;Isaiah Rodgers;Julian Blackmon;Tyquan Lewis;Ben Banogu;Shaquille Leonard
2021_04_IND_MIA,2868,pass,22.0,71.0,49.0,25.0,12:56,12:31,,3.0,20.0,2.0,6.0,"4 DL, 2 LB, 5 DB",;;;;;;;;;;,11,6,4,ZONE_COVERAGE,COVER_6,True,00-0030669;00-0031923;00-0036248;00-0031893;00-0033119;00-0031547;00-0031806;00-0036613;00-0034829;00-0037010;00-0036325,Albert Wilson;Greg Mancz;Austin Jackson;Jesse Davis;Jacoby Brissett;DeVante Parker;Malcolm Brown;Jaylen Waddle;Mike Gesicki;Liam Eichenberg;Robert Hunt,00-0032378;00-0035687;00-0030575;00-0033393;00-0027914;00-0034354;00-0036222;00-0036253;00-0034359;00-0034969;00-0034846,DeForest Buckner;Bobby Okereke;Xavier Rhodes;Kenny Moore II;Andrew Sendejo;Kemoko Turay;Isaiah Rodgers;Julian Blackmon;Tyquan Lewis;Ben Banogu;Shaquille Leonard
2021_04_IND_MIA,2892,no_play,0.0,49.0,49.0,7.0,12:31,12:24,,3.0,20.0,1.0,10.0,"4 DL, 2 LB, 5 DB",;;;;;;;;;;,11,5,,,,,00-0030669;00-0036248;00-0031923;00-0031893;00-0033119;00-0031547;00-0031806;00-0036613;00-0034829;00-0037010;00-0036325,Albert Wilson;Austin Jackson;Greg Mancz;Jesse Davis;Jacoby Brissett;DeVante Parker;Malcolm Brown;Jaylen Waddle;Mike Gesicki;Liam Eichenberg;Robert Hunt,00-0032378;00-0035687;00-0030575;00-0033393;00-0027914;00-0034354;00-0036222;00-0036253;00-0033964;00-0034359;00-0034846,DeForest Buckner;Bobby Okereke;Xavier Rhodes;Kenny Moore II;Andrew Sendejo;Kemoko Turay;Isaiah Rodgers;Julian Blackmon;Al-Quadin Muhammad;Tyquan Lewis;Shaquille Leonard
2021_04_IND_MIA,2926,pass,0.0,28.0,28.0,4.0,12:24,12:20,,3.0,20.0,1.0,10.0,"4 DL, 2 LB, 5 DB",;;;;;;;;;;,11,4,3,ZONE_COVERAGE,COVER_3,False,00-0030669;00-0031923;00-0036248;00-0031893;00-0033119;00-0031547;00-0031806;00-0033896;00-0036613;00-0037010;00-0036325,Albert Wilson;Greg Mancz;Austin Jackson;Jesse Davis;Jacoby Brissett;DeVante Parker;Malcolm Brown;Adam Shaheen;Jaylen Waddle;Liam Eichenberg;Robert Hunt,00-0032378;00-0035687;00-0030575;00-0033393;00-0027914;00-0036222;00-0036253;00-0033964;00-0034359;00-0034969;00-0034846,DeForest Buckner;Bobby Okereke;Xavier Rhodes;Kenny Moore II;Andrew Sendejo;Isaiah Rodgers;Julian Blackmon;Al-Quadin Muhammad;Tyquan Lewis;Ben Banogu;Shaquille Leonard
2021_04_IND_MIA,2948,pass,25.0,28.0,3.0,12.0,12:20,12:08,,3.0,20.0,2.0,10.0,"4 DL, 2 LB, 5 DB",;;;;;;;;;;,11,6,4,ZONE_COVERAGE,COVER_3,False,00-0030669;00-0031923;00-0036248;00-0031893;00-0033119;00-0031547;00-0031806;00-0036613;00-0034829;00-0036325;00-0037010,Albert Wilson;Greg Mancz;Austin Jackson;Jesse Davis;Jacoby Brissett;DeVante Parker;Malcolm Brown;Jaylen Waddle;Mike Gesicki;Robert Hunt;Liam Eichenberg,00-0032378;00-0035687;00-0030575;00-0033393;00-0027914;00-0036222;00-0036253;00-0033964;00-0034359;00-0034969;00-0034846,DeForest Buckner;Bobby Okereke;Xavier Rhodes;Kenny Moore II;Andrew Sendejo;Isaiah Rodgers;Julian Blackmon;Al-Quadin Muhammad;Tyquan Lewis;Ben Banogu;Shaquille Leonard
2021_04_IND_MIA,2983,run,2.0,3.0,1.0,18.0,12:08,11:50,,3.0,20.0,1.0,3.0,"4 DL, 2 LB, 5 DB",;;;;;;;;;;,11,8,,,,,00-0030669;00-0036248;00-0031923;00-0031893;00-0033119;00-0031547;00-0031806;00-0036613;00-0034829;00-0036325;00-0037010,Albert Wilson;Austin Jackson;Greg Mancz;Jesse Davis;Jacoby Brissett;DeVante Parker;Malcolm Brown;Jaylen Waddle;Mike Gesicki;Robert Hunt;Liam Eichenberg,00-0035687;00-0032378;00-0030575;00-0033393;00-0027914;00-0036222;00-0036253;00-0033964;00-0034359;00-0034846;00-0033952,Bobby Okereke;DeForest Buckner;Xavier Rhodes;Kenny Moore II;Andrew Sendejo;Isaiah Rodgers;Julian Blackmon;Al-Quadin Muhammad;Tyquan Lewis;Shaquille Leonard;Grover Stewart
2021_04_IND_MIA,3004,run,0.0,1.0,1.0,25.0,11:50,11:25,,3.0,20.0,2.0,1.0,"4 DL, 2 LB, 5 DB",;;;;;;;;;;,11,8,,,,,00-0030669;00-0031923;00-0036248;00-0031893;00-0033119;00-0031547;00-0031806;00-0036613;00-0034829;00-0037010;00-0036325,Albert Wilson;Greg Mancz;Austin Jackson;Jesse Davis;Jacoby Brissett;DeVante Parker;Malcolm Brown;Jaylen Waddle;Mike Gesicki;Liam Eichenberg;Robert Hunt,00-0035687;00-0032378;00-0030575;00-0033393;00-0027914;00-0036222;00-0036253;00-0033964;00-0034359;00-0034846;00-0033952,Bobby Okereke;DeForest Buckner;Xavier Rhodes;Kenny Moore II;Andrew Sendejo;Isaiah Rodgers;Julian Blackmon;Al-Quadin Muhammad;Tyquan Lewis;Shaquille Leonard;Grover Stewart
2021_04_IND_MIA,3025,run,0.0,1.0,1.0,39.0,11:25,10:46,,3.0,20.0,3.0,1.0,"4 DL, 2 LB, 5 DB",;;;;;;;;;;,11,8,,,,,00-0030669;00-0031923;00-0036248;00-0031893;00-0033119;00-0031547;00-0031806;00-0036613;00-0034829;00-0037010;00-0036325,Albert Wilson;Greg Mancz;Austin Jackson;Jesse Davis;Jacoby Brissett;DeVante Parker;Malcolm Brown;Jaylen Waddle;Mike Gesicki;Liam Eichenberg;Robert Hunt,00-0032378;00-0035687;00-0030575;00-0033393;00-0027914;00-0036222;00-0036253;00-0033964;00-0034359;00-0034846;00-0033952,DeForest Buckner;Bobby Okereke;Xavier Rhodes;Kenny Moore II;Andrew Sendejo;Isaiah Rodgers;Julian Blackmon;Al-Quadin Muhammad;Tyquan Lewis;Shaquille Leonard;Grover Stewart
2021_04_IND_MIA,3046,pass,1.0,1.0,0.0,6.0,10:46,10:40,,9.0,20.0,4.0,1.0,"4 DL, 2 LB, 5 DB",;;;;;;;;;;,11,6,4,MAN_COVERAGE,COVER_0,False,00-0030669;00-0036248;00-0031923;00-0031893;00-0035311;00-0033119;00-0031547;00-0036613;00-0034829;00-0037010;00-0036325,Albert Wilson;Austin Jackson;Greg Mancz;Jesse Davis;Myles Gaskin;Jacoby Brissett;DeVante Parker;Jaylen Waddle;Mike Gesicki;Liam Eichenberg;Robert Hunt,00-0035687;00-0032378;00-0030575;00-0033393;00-0027914;00-0036222;00-0036253;00-0033964;00-0034359;00-0034846;00-0033952,Bobby Okereke;DeForest Buckner;Xavier Rhodes;Kenny Moore II;Andrew Sendejo;Isaiah Rodgers;Julian Blackmon;Al-Quadin Muhammad;Tyquan Lewis;Shaquille Leonard;Grover Stewart
2021_04_IND_MIA,3071,extra_point,0.0,15.0,15.0,0.0,10:40,10:40,,10.0,20.0,,0.0,,;;;;;;;;;;,11,,,,,,00-0034285;00-0036131;00-0036248;00-0031923;00-0031893;00-0034798;00-0036217;00-0031363;00-0035231;00-0034794;00-0036325,Zach Sieler;Solomon Kindley;Austin Jackson;Greg Mancz;Jesse Davis;Durham Smythe;Blake Ferguson;Michael Palardy;Christian Wilkins;Jason Sanders;Robert Hunt,00-0034431;00-0032378;00-0033393;00-0027914;00-0036222;00-0036253;00-0034424;00-0034969;00-0034846;00-0034325;00-0033952,Zaire Franklin;DeForest Buckner;Kenny Moore II;Andrew Sendejo;Isaiah Rodgers;Julian Blackmon;Matthew Adams;Ben Banogu;Shaquille Leonard;Taylor Stallworth;Grover Stewart
2021_04_IND_MIA,3087,kickoff,0.0,35.0,35.0,0.0,10:40,10:40,,10.0,20.0,,0.0,,;;;;;;;;;;,11,,,,,,00-0033338;00-0033555;00-0034248;00-0032807;00-0032734;00-0034902;00-0033549;00-0036998;00-0034794;00-0036221;00-0035272,Cethan Carter;Mack Hollins;Elijah Campbell;Clayton Fejedelem;Brennan Scarlett;Sam Eguavoen;Duke Riley;Jevon Holland;Jason Sanders;Brandon Jones;Andrew Van Ginkel,00-0032753;00-0030181;00-0033393;00-0027914;00-0034091;00-0033251;00-0035021;00-0036252;00-0032198;00-0034367;00-0034400,Luke Rhodes;Jack Doyle;Kenny Moore II;Andrew Sendejo;George Odum;Zach Pascal;Ashton Dulin;Michael Pittman;Ibraheim Campbell;Nyheim Hines;Jordan Wilkins
2021_04_IND_MIA,3102,pass,41.0,60.0,19.0,50.0,10:40,9:50,,10.0,20.0,1.0,10.0,"3 DL, 4 LB, 4 DB",;;;;;;;;;;,11,7,4,MAN_COVERAGE,COVER_1,False,00-0036223;00-0035639;00-0034417;00-0032383;00-0030584;00-0031581;00-0031734;00-0033251;00-0033217;00-0036252;00-0032950,Jonathan Taylor;Parris Campbell;Matt Pryor;Ryan Kelly;Eric Fisher;Mark Glowinski;Chris Reed;Zach Pascal;Mo Alie-Cox;Michael Pittman;Carson Wentz,00-0034285;00-0031796;00-0032734;00-0032442;00-0033073;00-0035346;00-0034797;00-0027136;00-0035272;00-0030070;00-0033050,Zach Sieler;Justin Coleman;Brennan Scarlett;Elandon Roberts;Emmanuel Ogbah;Nik Needham;Jerome Baker;Jason McCourty;Andrew Van Ginkel;John Jenkins;Xavien Howard
2021_04_IND_MIA,3126,run,4.0,19.0,15.0,42.0,9:50,9:08,,10.0,20.0,1.0,10.0,"3 DL, 3 LB, 5 DB",;;;;;;;;;;,11,6,,,,,00-0036223;00-0034417;00-0032383;00-0030584;00-0031734;00-0031581;00-0033251;00-0033217;00-0036252;00-0032950;00-0034367,Jonathan Taylor;Matt Pryor;Ryan Kelly;Eric Fisher;Chris Reed;Mark Glowinski;Zach Pascal;Mo Alie-Cox;Michael Pittman;Carson Wentz;Nyheim Hines,00-0034285;00-0031796;00-0032442;00-0031555;00-0033073;00-0035346;00-0034797;00-0027136;00-0030070;00-0035272;00-0033050,Zach Sieler;Justin Coleman;Elandon Roberts;Eric Rowe;Emmanuel Ogbah;Nik Needham;Jerome Baker;Jason McCourty;John Jenkins;Andrew Van Ginkel;Xavien Howard
2021_04_IND_MIA,3147,run,7.0,15.0,8.0,35.0,9:08,8:33,,10.0,20.0,2.0,6.0,"3 DL, 3 LB, 5 DB",;;;;;;;;;;,11,7,,,,,00-0036223;00-0034417;00-0032383;00-0030584;00-0031734;00-0031581;00-0033251;00-0033217;00-0036252;00-0032950;00-0034367,Jonathan Taylor;Matt Pryor;Ryan Kelly;Eric Fisher;Chris Reed;Mark Glowinski;Zach Pascal;Mo Alie-Cox;Michael Pittman;Carson Wentz;Nyheim Hines,00-0034285;00-0031796;00-0032442;00-0031555;00-0033073;00-0035346;00-0034797;00-0035272;00-0027136;00-0030070;00-0033050,Zach Sieler;Justin Coleman;Elandon Roberts;Eric Rowe;Emmanuel Ogbah;Nik Needham;Jerome Baker;Andrew Van Ginkel;Jason McCourty;John Jenkins;Xavien Howard
2021_04_IND_MIA,3173,no_play,0.0,8.0,8.0,4.0,8:33,8:29,,10.0,20.0,1.0,8.0,"3 DL, 4 LB, 4 DB",;;;;;;;;;;,11,7,,,,,00-0036223;00-0034417;00-0032383;00-0030584;00-0031581;00-0031734;00-0033251;00-0033217;00-0036252;00-0032950;00-0034367,Jonathan Taylor;Matt Pryor;Ryan Kelly;Eric Fisher;Mark Glowinski;Chris Reed;Zach Pascal;Mo Alie-Cox;Michael Pittman;Carson Wentz;Nyheim Hines,00-0034285;00-0031796;00-0032734;00-0032442;00-0035231;00-0035346;00-0034797;00-0027136;00-0030070;00-0035272;00-0033050,Zach Sieler;Justin Coleman;Brennan Scarlett;Elandon Roberts;Christian Wilkins;Nik Needham;Jerome Baker;Jason McCourty;John Jenkins;Andrew Van Ginkel;Xavien Howard
2021_04_IND_MIA,3206,run,5.0,18.0,13.0,41.0,8:29,7:48,,10.0,20.0,1.0,18.0,"3 DL, 4 LB, 4 DB",;;;;;;;;;;,11,7,,,,,00-0036223;00-0034417;00-0032383;00-0030584;00-0031581;00-0031734;00-0033251;00-0033217;00-0036252;00-0032950;00-0034367,Jonathan Taylor;Matt Pryor;Ryan Kelly;Eric Fisher;Mark Glowinski;Chris Reed;Zach Pascal;Mo Alie-Cox;Michael Pittman;Carson Wentz;Nyheim Hines,00-0034285;00-0031796;00-0032734;00-0032442;00-0035231;00-0035346;00-0034797;00-0027136;00-0030070;00-0035272;00-0033050,Zach Sieler;Justin Coleman;Brennan Scarlett;Elandon Roberts;Christian Wilkins;Nik Needham;Jerome Baker;Jason McCourty;John Jenkins;Andrew Van Ginkel;Xavien Howard
2021_04_IND_MIA,3227,run,0.0,13.0,13.0,47.0,7:48,7:01,,10.0,20.0,2.0,13.0,"3 DL, 4 LB, 4 DB",;;;;;;;;;;,11,7,,,,,00-0036223;00-0034417;00-0032383;00-0030584;00-0031734;00-0031581;00-0033251;00-0033217;00-0036252;00-0032950;00-0034367,Jonathan Taylor;Matt Pryor;Ryan Kelly;Eric Fisher;Chris Reed;Mark Glowinski;Zach Pascal;Mo Alie-Cox;Michael Pittman;Carson Wentz;Nyheim Hines,00-0034285;00-0031796;00-0032734;00-0032442;00-0035231;00-0031555;00-0034797;00-0027136;00-0035272;00-0030070;00-0033050,Zach Sieler;Justin Coleman;Brennan Scarlett;Elandon Roberts;Christian Wilkins;Eric Rowe;Jerome Baker;Jason McCourty;Andrew Van Ginkel;John Jenkins;Xavien Howard
2021_04_IND_MIA,3248,no_play,0.0,13.0,13.0,32.0,7:01,6:29,,10.0,20.0,3.0,13.0,"2 DL, 3 LB, 6 DB",;;;;;;;;;;,11,5,,,,,00-0036223;00-0034417;00-0032383;00-0030584;00-0031581;00-0031734;00-0033251;00-0036876;00-0036482;00-0036252;00-0032950,Jonathan Taylor;Matt Pryor;Ryan Kelly;Eric Fisher;Mark Glowinski;Chris Reed;Zach Pascal;Kylen Granson;Mike Strachan;Michael Pittman;Carson Wentz,00-0036934;00-0031796;00-0034902;00-0031555;00-0033073;00-0036998;00-0033381;00-0035346;00-0034797;00-0027136;00-0033050,Jaelan Phillips;Justin Coleman;Sam Eguavoen;Eric Rowe;Emmanuel Ogbah;Jevon Holland;Adam Butler;Nik Needham;Jerome Baker;Jason McCourty;Xavien Howard
2021_04_IND_MIA,3284,pass,0.0,6.0,6.0,4.0,6:29,6:25,,10.0,20.0,1.0,6.0,"3 DL, 4 LB, 4 DB",;;;;;;;;;;,11,6,5,MAN_COVERAGE,COVER_0,False,00-0036223;00-0030181;00-0035639;00-0034417;00-0032383;00-0030584;00-0031734;00-0031581;00-0033251;00-0036252;00-0032950,Jonathan Taylor;Jack Doyle;Parris Campbell;Matt Pryor;Ryan Kelly;Eric Fisher;Chris Reed;Mark Glowinski;Zach Pascal;Michael Pittman;Carson Wentz,00-0034285;00-0031796;00-0032734;00-0032442;00-0035231;00-0035346;00-0034797;00-0027136;00-0030070;00-0035272;00-0033050,Zach Sieler;Justin Coleman;Brennan Scarlett;Elandon Roberts;Christian Wilkins;Nik Needham;Jerome Baker;Jason McCourty;John Jenkins;Andrew Van Ginkel;Xavien Howard
2021_04_IND_MIA,3306,run,-5.0,6.0,11.0,5.0,6:25,6:20,,10.0,20.0,2.0,6.0,"3 DL, 4 LB, 4 DB",;;;;;;;;;;,11,6,,,,,00-0036223;00-0035639;00-0034417;00-0032383;00-0030584;00-0031581;00-0031734;00-0033251;00-0033217;00-0036252;00-0032950,Jonathan Taylor;Parris Campbell;Matt Pryor;Ryan Kelly;Eric Fisher;Mark Glowinski;Chris Reed;Zach Pascal;Mo Alie-Cox;Michael Pittman;Carson Wentz,00-0034285;00-0031796;00-0032734;00-0032442;00-0035231;00-0035346;00-0034797;00-0027136;00-0030070;00-0035272;00-0033050,Zach Sieler;Justin Coleman;Brennan Scarlett;Elandon Roberts;Christian Wilkins;Nik Needham;Jerome Baker;Jason McCourty;John Jenkins;Andrew Van Ginkel;Xavien Howard
2021_04_IND_MIA,3327,timeout,0.0,,,0.0,6:20,6:20,MIA,10.0,20.0,,0.0,,,0,,,,,,,,,
2021_04_IND_MIA,3344,pass,11.0,11.0,0.0,5.0,6:20,6:15,,10.0,26.0,3.0,11.0,"2 DL, 3 LB, 6 DB",;;;;;;;;;;,11,6,4,MAN_COVERAGE,COVER_1,False,00-0036223;00-0035639;00-0034417;00-0032383;00-0030584;00-0031581;00-0031734;00-0033251;00-0033217;00-0036252;00-0032950,Jonathan Taylor;Parris Campbell;Matt Pryor;Ryan Kelly;Eric Fisher;Mark Glowinski;Chris Reed;Zach Pascal;Mo Alie-Cox;Michael Pittman;Carson Wentz,00-0036934;00-0031796;00-0034902;00-0031555;00-0036998;00-0033073;00-0033381;00-0035346;00-0034797;00-0027136;00-0033050,Jaelan Phillips;Justin Coleman;Sam Eguavoen;Eric Rowe;Jevon Holland;Emmanuel Ogbah;Adam Butler;Nik Needham;Jerome Baker;Jason McCourty;Xavien Howard
2021_04_IND_MIA,3369,extra_point,0.0,15.0,15.0,0.0,6:15,6:15,,10.0,27.0,,0.0,,;;;;;;;;;;,11,,,,,,00-0032378;00-0033269;00-0032753;00-0034417;00-0030584;00-0036215;00-0031581;00-0033560;00-0035849;00-0033217;00-0033952,DeForest Buckner;Rigoberto Sanchez;Luke Rhodes;Matt Pryor;Eric Fisher;Danny Pinter;Mark Glowinski;Julie'n Davenport;Rodrigo Blankenship;Mo Alie-Cox;Grover Stewart,00-0034285;00-0031796;00-0032807;00-0032734;00-0032442;00-0035231;00-0033073;00-0035346;00-0030070;00-0035272;00-0036221,Zach Sieler;Justin Coleman;Clayton Fejedelem;Brennan Scarlett;Elandon Roberts;Christian Wilkins;Emmanuel Ogbah;Nik Needham;John Jenkins;Andrew Van Ginkel;Brandon Jones
2021_04_IND_MIA,3385,kickoff,0.0,35.0,35.0,0.0,6:15,6:15,,10.0,27.0,,0.0,,;;;;;;;;;;,11,,,,,,00-0034431;00-0033269;00-0036385;00-0034987;00-0035393;00-0034091;00-0036253;00-0033588;00-0034424;00-0035021;00-0032198,Zaire Franklin;Rigoberto Sanchez;Bopete Keyes;E.J. Speed;Anthony Chesley;George Odum;Julian Blackmon;Isaac Rochell;Matthew Adams;Ashton Dulin;Ibraheim Campbell,00-0033338;00-0033555;00-0032807;00-0032734;00-0034902;00-0034798;00-0032791;00-0033549;00-0033896;00-0035346;00-0036221,Cethan Carter;Mack Hollins;Clayton Fejedelem;Brennan Scarlett;Sam Eguavoen;Durham Smythe;Jakeem Grant;Duke Riley;Adam Shaheen;Nik Needham;Brandon Jones
2021_04_IND_MIA,3400,pass,42.0,75.0,33.0,32.0,6:15,5:43,,10.0,27.0,1.0,10.0,"4 DL, 2 LB, 5 DB",;;;;;;;;;;,11,4,3,ZONE_COVERAGE,COVER_4,True,00-0030669;00-0031923;00-0036248;00-0031893;00-0033119;00-0031547;00-0031806;00-0036613;00-0034829;00-0037010;00-0036325,Albert Wilson;Greg Mancz;Austin Jackson;Jesse Davis;Jacoby Brissett;DeVante Parker;Malcolm Brown;Jaylen Waddle;Mike Gesicki;Liam Eichenberg;Robert Hunt,00-0032378;00-0035687;00-0030575;00-0033393;00-0027914;00-0034354;00-0036222;00-0036253;00-0033964;00-0034359;00-0034846,DeForest Buckner;Bobby Okereke;Xavier Rhodes;Kenny Moore II;Andrew Sendejo;Kemoko Turay;Isaiah Rodgers;Julian Blackmon;Al-Quadin Muhammad;Tyquan Lewis;Shaquille Leonard
2021_04_IND_MIA,3424,pass,22.0,33.0,11.0,24.0,5:43,5:19,,10.0,27.0,1.0,10.0,"4 DL, 2 LB, 5 DB",;;;;;;;;;;,11,6,4,ZONE_COVERAGE,COVER_6,False,00-0030669;00-0031923;00-0036248;00-0031893;00-0033119;00-0031547;00-0031806;00-0036613;00-0034829;00-0036325;00-0037010,Albert Wilson;Greg Mancz;Austin Jackson;Jesse Davis;Jacoby Brissett;DeVante Parker;Malcolm Brown;Jaylen Waddle;Mike Gesicki;Robert Hunt;Liam Eichenberg,00-0032378;00-0035687;00-0030575;00-0033393;00-0027914;00-0034354;00-0036222;00-0036253;00-0033964;00-0034359;00-0034846,DeForest Buckner;Bobby Okereke;Xavier Rhodes;Kenny Moore II;Andrew Sendejo;Kemoko Turay;Isaiah Rodgers;Julian Blackmon;Al-Quadin Muhammad;Tyquan Lewis;Shaquille Leonard
2021_04_IND_MIA,3448,pass,4.0,11.0,7.0,25.0,5:19,4:54,,10.0,27.0,1.0,10.0,"4 DL, 2 LB, 5 DB",;;;;;;;;;;,11,5,4,ZONE_COVERAGE,COVER_4,False,00-0030669;00-0031923;00-0036248;00-0031893;00-0033119;00-0031547;00-0031806;00-0036613;00-0034829;00-0036325;00-0037010,Albert Wilson;Greg Mancz;Austin Jackson;Jesse Davis;Jacoby Brissett;DeVante Parker;Malcolm Brown;Jaylen Waddle;Mike Gesicki;Robert Hunt;Liam Eichenberg,00-0032378;00-0035687;00-0030575;00-0033393;00-0027914;00-0034354;00-0036222;00-0036253;00-0033964;00-0034359;00-0034846,DeForest Buckner;Bobby Okereke;Xavier Rhodes;Kenny Moore II;Andrew Sendejo;Kemoko Turay;Isaiah Rodgers;Julian Blackmon;Al-Quadin Muhammad;Tyquan Lewis;Shaquille Leonard
2021_04_IND_MIA,3472,run,4.0,7.0,3.0,18.0,4:54,4:36,,10.0,27.0,2.0,6.0,"4 DL, 2 LB, 5 DB",;;;;;;;;;;,11,6,,,,,00-0030669;00-0031923;00-0036248;00-0031893;00-0033119;00-0031547;00-0031806;00-0036613;00-0034829;00-0036325;00-0037010,Albert Wilson;Greg Mancz;Austin Jackson;Jesse Davis;Jacoby Brissett;DeVante Parker;Malcolm Brown;Jaylen Waddle;Mike Gesicki;Robert Hunt;Liam Eichenberg,00-0032378;00-0035687;00-0030575;00-0033393;00-0027914;00-0034354;00-0036222;00-0036253;00-0033964;00-0034359;00-0034846,DeForest Buckner;Bobby Okereke;Xavier Rhodes;Kenny Moore II;Andrew Sendejo;Kemoko Turay;Isaiah Rodgers;Julian Blackmon;Al-Quadin Muhammad;Tyquan Lewis;Shaquille Leonard
2021_04_IND_MIA,3493,pass,0.0,3.0,3.0,5.0,4:36,4:31,,10.0,27.0,3.0,2.0,"4 DL, 2 LB, 5 DB",;;;;;;;;;;,11,8,3,MAN_COVERAGE,COVER_0,False,00-0030669;00-0031923;00-0036248;00-0031893;00-0033119;00-0031547;00-0031806;00-0036613;00-0034829;00-0036325;00-0037010,Albert Wilson;Greg Mancz;Austin Jackson;Jesse Davis;Jacoby Brissett;DeVante Parker;Malcolm Brown;Jaylen Waddle;Mike Gesicki;Robert Hunt;Liam Eichenberg,00-0032378;00-0035687;00-0030575;00-0033393;00-0027914;00-0034354;00-0036222;00-0036253;00-0033964;00-0034359;00-0034846,DeForest Buckner;Bobby Okereke;Xavier Rhodes;Kenny Moore II;Andrew Sendejo;Kemoko Turay;Isaiah Rodgers;Julian Blackmon;Al-Quadin Muhammad;Tyquan Lewis;Shaquille Leonard
2021_04_IND_MIA,3515,pass,3.0,3.0,0.0,7.0,4:31,4:24,,16.0,27.0,4.0,2.0,"4 DL, 2 LB, 5 DB",;;;;;;;;;;,11,6,4,ZONE_COVERAGE,COVER_4,False,00-0030669;00-0031923;00-0036248;00-0031893;00-0033119;00-0031547;00-0031806;00-0036613;00-0034829;00-0037010;00-0036325,Albert Wilson;Greg Mancz;Austin Jackson;Jesse Davis;Jacoby Brissett;DeVante Parker;Malcolm Brown;Jaylen Waddle;Mike Gesicki;Liam Eichenberg;Robert Hunt,00-0035687;00-0032378;00-0030575;00-0033393;00-0027914;00-0034354;00-0036222;00-0036253;00-0034359;00-0034969;00-0034846,Bobby Okereke;DeForest Buckner;Xavier Rhodes;Kenny Moore II;Andrew Sendejo;Kemoko Turay;Isaiah Rodgers;Julian Blackmon;Tyquan Lewis;Ben Banogu;Shaquille Leonard
2021_04_IND_MIA,3584,extra_point,0.0,15.0,15.0,0.0,4:24,4:24,,17.0,27.0,,0.0,,;;;;;;;;;;,11,,,,,,00-0034285;00-0036131;00-0036248;00-0031923;00-0031893;00-0034798;00-0036217;00-0031363;00-0035231;00-0034794;00-0036325,Zach Sieler;Solomon Kindley;Austin Jackson;Greg Mancz;Jesse Davis;Durham Smythe;Blake Ferguson;Michael Palardy;Christian Wilkins;Jason Sanders;Robert Hunt,00-0034431;00-0032378;00-0033393;00-0027914;00-0036222;00-0036253;00-0034424;00-0034969;00-0034846;00-0034325;00-0033952,Zaire Franklin;DeForest Buckner;Kenny Moore II;Andrew Sendejo;Isaiah Rodgers;Julian Blackmon;Matthew Adams;Ben Banogu;Shaquille Leonard;Taylor Stallworth;Grover Stewart
2021_04_IND_MIA,3600,kickoff,0.0,35.0,35.0,1.0,4:24,4:23,,17.0,27.0,,0.0,,;;;;;;;;;;,11,,,,,,00-0033338;00-0033555;00-0034248;00-0032734;00-0034902;00-0032807;00-0033549;00-0036998;00-0034794;00-0036221;00-0035272,Cethan Carter;Mack Hollins;Elijah Campbell;Brennan Scarlett;Sam Eguavoen;Clayton Fejedelem;Duke Riley;Jevon Holland;Jason Sanders;Brandon Jones;Andrew Van Ginkel,00-0032753;00-0030181;00-0033393;00-0027914;00-0034091;00-0033251;00-0035021;00-0036252;00-0032198;00-0034367;00-0034400,Luke Rhodes;Jack Doyle;Kenny Moore II;Andrew Sendejo;George Odum;Zach Pascal;Ashton Dulin;Michael Pittman;Ibraheim Campbell;Nyheim Hines;Jordan Wilkins
2021_04_IND_MIA,3624,run,6.0,60.0,54.0,3.0,4:23,4:20,,17.0,27.0,1.0,10.0,"4 DL, 3 LB, 4 DB",;;;;;;;;;;,11,8,,,,,00-0030181;00-0032383;00-0030584;00-0031581;00-0031734;00-0033251;00-0033560;00-0033217;00-0036252;00-0032950;00-0033951,Jack Doyle;Ryan Kelly;Eric Fisher;Mark Glowinski;Chris Reed;Zach Pascal;Julie'n Davenport;Mo Alie-Cox;Michael Pittman;Carson Wentz;Marlon Mack,00-0034285;00-0031796;00-0032442;00-0035231;00-0031555;00-0033381;00-0035272;00-0034797;00-0027136;00-0030070;00-0033050,Zach Sieler;Justin Coleman;Elandon Roberts;Christian Wilkins;Eric Rowe;Adam Butler;Andrew Van Ginkel;Jerome Baker;Jason McCourty;John Jenkins;Xavien Howard
2021_04_IND_MIA,3645,timeout,0.0,,,0.0,4:20,4:20,MIA,17.0,27.0,,0.0,,,0,,,,,,,,,
2021_04_IND_MIA,3662,run,0.0,54.0,54.0,4.0,4:20,4:16,,17.0,27.0,2.0,4.0,"4 DL, 3 LB, 4 DB",;;;;;;;;;;,11,9,,,,,00-0032383;00-0030584;00-0031734;00-0036215;00-0031581;00-0033251;00-0033560;00-0036876;00-0033217;00-0032950;00-0033951,Ryan Kelly;Eric Fisher;Chris Reed;Danny Pinter;Mark Glowinski;Zach Pascal;Julie'n Davenport;Kylen Granson;Mo Alie-Cox;Carson Wentz;Marlon Mack,00-0034285;00-0031796;00-0032442;00-0035231;00-0031555;00-0033381;00-0035272;00-0027136;00-0034797;00-0030070;00-0033050,Zach Sieler;Justin Coleman;Elandon Roberts;Christian Wilkins;Eric Rowe;Adam Butler;Andrew Van Ginkel;Jason McCourty;Jerome Baker;John Jenkins;Xavien Howard
2021_04_IND_MIA,3685,timeout,0.0,,,0.0,4:16,4:16,MIA,17.0,27.0,,0.0,,,0,,,,,,,,,
2021_04_IND_MIA,3702,pass,24.0,54.0,30.0,6.0,4:16,4:10,,17.0,27.0,3.0,4.0,"4 DL, 3 LB, 4 DB",;;;;;;;;;;,11,9,4,MAN_COVERAGE,COVER_0,True,00-0030181;00-0032383;00-0030584;00-0031734;00-0036215;00-0031581;00-0033560;00-0033217;00-0036252;00-0032950;00-0033951,Jack Doyle;Ryan Kelly;Eric Fisher;Chris Reed;Danny Pinter;Mark Glowinski;Julie'n Davenport;Mo Alie-Cox;Michael Pittman;Carson Wentz;Marlon Mack,00-0034285;00-0032442;00-0035231;00-0031555;00-0033381;00-0035346;00-0034797;00-0027136;00-0035272;00-0030070;00-0033050,Zach Sieler;Elandon Roberts;Christian Wilkins;Eric Rowe;Adam Butler;Nik Needham;Jerome Baker;Jason McCourty;Andrew Van Ginkel;John Jenkins;Xavien Howard
2021_04_IND_MIA,3739,run,-3.0,30.0,33.0,46.0,4:10,3:24,,17.0,27.0,1.0,10.0,"4 DL, 3 LB, 4 DB",;;;;;;;;;;,11,9,,,,,00-0030181;00-0032383;00-0030584;00-0031734;00-0036215;00-0031581;00-0033560;00-0033217;00-0036252;00-0032950;00-0033951,Jack Doyle;Ryan Kelly;Eric Fisher;Chris Reed;Danny Pinter;Mark Glowinski;Julie'n Davenport;Mo Alie-Cox;Michael Pittman;Carson Wentz;Marlon Mack,00-0034285;00-0032442;00-0035231;00-0031555;00-0033381;00-0035346;00-0034797;00-0027136;00-0030070;00-0035272;00-0033050,Zach Sieler;Elandon Roberts;Christian Wilkins;Eric Rowe;Adam Butler;Nik Needham;Jerome Baker;Jason McCourty;John Jenkins;Andrew Van Ginkel;Xavien Howard
2021_04_IND_MIA,3760,run,-1.0,33.0,34.0,6.0,3:24,3:18,,17.0,27.0,2.0,13.0,"4 DL, 3 LB, 4 DB",;;;;;;;;;;,11,9,,,,,00-0030181;00-0032383;00-0030584;00-0031581;00-0031734;00-0033251;00-0033560;00-0033217;00-0036252;00-0032950;00-0033951,Jack Doyle;Ryan Kelly;Eric Fisher;Mark Glowinski;Chris Reed;Zach Pascal;Julie'n Davenport;Mo Alie-Cox;Michael Pittman;Carson Wentz;Marlon Mack,00-0034285;00-0032442;00-0035231;00-0031555;00-0033381;00-0035346;00-0027136;00-0030070;00-0034797;00-0035272;00-0033050,Zach Sieler;Elandon Roberts;Christian Wilkins;Eric Rowe;Adam Butler;Nik Needham;Jason McCourty;John Jenkins;Jerome Baker;Andrew Van Ginkel;Xavien Howard
2021_04_IND_MIA,3792,timeout,0.0,,,0.0,3:18,3:18,IND,17.0,27.0,,0.0,,,0,,,,,,,,,
2021_04_IND_MIA,3809,pass,20.0,34.0,14.0,49.0,3:18,2:29,,17.0,27.0,3.0,14.0,"4 DL, 3 LB, 4 DB",;;;;;;;;;;,11,9,5,MAN_COVERAGE,COVER_0,True,00-0030181;00-0032383;00-0030584;00-0031734;00-0031581;00-0033251;00-0033560;00-0033217;00-0036252;00-0032950;00-0033951,Jack Doyle;Ryan Kelly;Eric Fisher;Chris Reed;Mark Glowinski;Zach Pascal;Julie'n Davenport;Mo Alie-Cox;Michael Pittman;Carson Wentz;Marlon Mack,00-0034285;00-0032442;00-0035231;00-0031555;00-0033381;00-0035346;00-0034797;00-0027136;00-0035272;00-0030070;00-0033050,Zach Sieler;Elandon Roberts;Christian Wilkins;Eric Rowe;Adam Butler;Nik Needham;Jerome Baker;Jason McCourty;Andrew Van Ginkel;John Jenkins;Xavien Howard
2021_04_IND_MIA,3833,run,1.0,14.0,13.0,29.0,2:29,2:00,,17.0,27.0,1.0,10.0,"4 DL, 3 LB, 4 DB",;;;;;;;;;;,11,9,,,,,00-0030181;00-0032383;00-0030584;00-0031581;00-0031734;00-0036215;00-0033560;00-0035021;00-0033217;00-0032950;00-0033951,Jack Doyle;Ryan Kelly;Eric Fisher;Mark Glowinski;Chris Reed;Danny Pinter;Julie'n Davenport;Ashton Dulin;Mo Alie-Cox;Carson Wentz;Marlon Mack,00-0034285;00-0032442;00-0035231;00-0031555;00-0033381;00-0035346;00-0027136;00-0034797;00-0030070;00-0035272;00-0033050,Zach Sieler;Elandon Roberts;Christian Wilkins;Eric Rowe;Adam Butler;Nik Needham;Jason McCourty;Jerome Baker;John Jenkins;Andrew Van Ginkel;Xavien Howard
2021_04_IND_MIA,3873,run,10.0,13.0,3.0,15.0,2:00,1:45,,17.0,27.0,2.0,9.0,"4 DL, 3 LB, 4 DB",;;;;;;;;;;,11,9,,,,,00-0030181;00-0032383;00-0030584;00-0031581;00-0031734;00-0036215;00-0033560;00-0035021;00-0036252;00-0032950;00-0033951,Jack Doyle;Ryan Kelly;Eric Fisher;Mark Glowinski;Chris Reed;Danny Pinter;Julie'n Davenport;Ashton Dulin;Michael Pittman;Carson Wentz;Marlon Mack,00-0034285;00-0032442;00-0035231;00-0031555;00-0033381;00-0035346;00-0034797;00-0035272;00-0027136;00-0030070;00-0033050,Zach Sieler;Elandon Roberts;Christian Wilkins;Eric Rowe;Adam Butler;Nik Needham;Jerome Baker;Andrew Van Ginkel;Jason McCourty;John Jenkins;Xavien Howard
2021_04_IND_MIA,3896,timeout,0.0,,,0.0,1:45,1:45,IND,17.0,27.0,,0.0,,,0,,,,,,,,,
2021_04_IND_MIA,3917,qb_kneel,-2.0,3.0,5.0,41.0,1:45,1:04,,17.0,27.0,1.0,3.0,"4 DL, 3 LB, 4 DB",;;;;;;;;;;,11,9,,,,,00-0030181;00-0030584;00-0031734;00-0036215;00-0031581;00-0033560;00-0036876;00-0035021;00-0033217;00-0032950;00-0033951,Jack Doyle;Eric Fisher;Chris Reed;Danny Pinter;Mark Glowinski;Julie'n Davenport;Kylen Granson;Ashton Dulin;Mo Alie-Cox;Carson Wentz;Marlon Mack,00-0034285;00-0032442;00-0035231;00-0031555;00-0033381;00-0035346;00-0027136;00-0034797;00-0030070;00-0035272;00-0033050,Zach Sieler;Elandon Roberts;Christian Wilkins;Eric Rowe;Adam Butler;Nik Needham;Jason McCourty;Jerome Baker;John Jenkins;Andrew Van Ginkel;Xavien Howard
2021_04_IND_MIA,3938,qb_kneel,-1.0,5.0,6.0,27.0,1:04,0:37,,17.0,27.0,2.0,5.0,"4 DL, 3 LB, 4 DB",;;;;;;;;;;,11,9,,,,,00-0030181;00-0030584;00-0031581;00-0031734;00-0036215;00-0033560;00-0036876;00-0035021;00-0033217;00-0032950;00-0033951,Jack Doyle;Eric Fisher;Mark Glowinski;Chris Reed;Danny Pinter;Julie'n Davenport;Kylen Granson;Ashton Dulin;Mo Alie-Cox;Carson Wentz;Marlon Mack,00-0034285;00-0032442;00-0035231;00-0031555;00-0033381;00-0035346;00-0034797;00-0027136;00-0030070;00-0035272;00-0033050,Zach Sieler;Elandon Roberts;Christian Wilkins;Eric Rowe;Adam Butler;Nik Needham;Jerome Baker;Jason McCourty;John Jenkins;Andrew Van Ginkel;Xavien Howard
2021_04_IND_MIA,3959,qb_kneel,-1.0,6.0,7.0,37.0,0:37,0:00,,17.0,27.0,3.0,6.0,"4 DL, 3 LB, 4 DB",;;;;;;;;;;,11,9,,,,,00-0030181;00-0030584;00-0031734;00-0036215;00-0031581;00-0033560;00-0036876;00-0035021;00-0033217;00-0032950;00-0033951,Jack Doyle;Eric Fisher;Chris Reed;Danny Pinter;Mark Glowinski;Julie'n Davenport;Kylen Granson;Ashton Dulin;Mo Alie-Cox;Carson Wentz;Marlon Mack,00-0034285;00-0032442;00-0035231;00-0031555;00-0033381;00-0035346;00-0034797;00-0027136;00-0030070;00-0035272;00-0033050,Zach Sieler;Elandon Roberts;Christian Wilkins;Eric Rowe;Adam Butler;Nik Needham;Jerome Baker;Jason McCourty;John Jenkins;Andrew Van Ginkel;Xavien Howard
2021_04_IND_MIA,3980,end_game,,,,0.0,0:00,0:00,,17.0,27.0,,0.0,,,0,,,,,,,,,
