game_id,play_id,play_type,yards_gained,starting_yard,ending_yard,time_of_play,time_on_clock_start,time_on_clock_end,timeout_team,home_team_score,away_team_score,down,yds_to_go,defense_personnel,defense_positions,n_defense,defenders_in_box,number_of_pass_rushers,defense_man_zone_type,defense_coverage_type,was_pressure,offense_player_ids,offense_player_names,defense_player_ids,defense_player_names
2021_07_CHI_TB,1,start_quarter_1,,,,0.0,15:00,15:00,,0.0,0.0,,0.0,,,0,,,,,,,,,
2021_07_CHI_TB,39,kickoff,0.0,35.0,35.0,0.0,15:00,15:00,,0.0,0.0,,0.0,,;;;;;;;;;;,11,,,,,,00-0036450;00-0036643;00-0033595;00-0034515;00-0031331;00-0032065;00-0032637;00-0035254;00-0036045;00-0036672;00-0032410,Ke'Shawn Vaughn;K.J. Britt;Pat O'Connor;Dee Delaney;Pierre Desir;Bradley Pinion;Andrew Adams;Anthony Nelson;Cam Gill;Grant Stuard;Rashard Robinson,00-0032786;00-0033545;00-0036290;00-0032135;00-0034372;00-0032986;00-0032791;00-0036705;00-0031130;00-0035562;00-0034597,Marqui Christian;Teez Tabor;Cole Kmet;Jesse James;Joel Iyiegbuniwe;J.P. Holtz;Jakeem Grant;Sam Kamara;Christian Jones;Jesper Horsted;Ryan Nall
2021_07_CHI_TB,54,run,0.0,75.0,75.0,40.0,15:00,14:20,,0.0,0.0,1.0,10.0,"3 DL, 3 LB, 5 DB",;;;;;;;;;;,11,7,,,,,00-0036945;00-0036290;00-0036309;00-0031428;00-0022531;00-0036906;00-0032768;00-0031868;00-0036318;00-0034347;00-0035062,Justin Fields;Cole Kmet;Darnell Mooney;Allen Robinson;Jason Peters;Khalil Herbert;Cody Whitehair;Damiere Byrd;Lachavious Simmons;James Daniels;Sam Mustipher,00-0034773;00-0035699;00-0036411;00-0034374;00-0034515;00-0035707;00-0027855;00-0030382;00-0031016;00-0031101;00-0027867,Vita Vea;Jamel Dean;Antoine Winfield Jr.;Jordan Whitehead;Dee Delaney;Devin White;Ndamukong Suh;Kevin Minter;Ross Cockrell;Shaquil Barrett;Jason Pierre-Paul
2021_07_CHI_TB,75,pass,-6.0,75.0,81.0,30.0,14:20,13:50,,0.0,0.0,2.0,10.0,"3 DL, 3 LB, 5 DB",;;;;;;;;;;,11,7,5,,,,00-0036945;00-0036290;00-0036309;00-0032135;00-0031428;00-0022531;00-0036906;00-0032768;00-0036318;00-0034347;00-0035062,Justin Fields;Cole Kmet;Darnell Mooney;Jesse James;Allen Robinson;Jason Peters;Khalil Herbert;Cody Whitehair;Lachavious Simmons;James Daniels;Sam Mustipher,00-0034773;00-0035699;00-0036411;00-0034374;00-0034515;00-0035707;00-0027855;00-0030382;00-0031016;00-0031101;00-0027867,Vita Vea;Jamel Dean;Antoine Winfield Jr.;Jordan Whitehead;Dee Delaney;Devin White;Ndamukong Suh;Kevin Minter;Ross Cockrell;Shaquil Barrett;Jason Pierre-Paul
2021_07_CHI_TB,104,pass,6.0,81.0,75.0,46.0,13:50,13:04,,0.0,0.0,3.0,16.0,"2 DL, 3 LB, 6 DB",;;;;;;;;;;,11,5,3,ZONE_COVERAGE,COVER_2,False,00-0036945;00-0036290;00-0036309;00-0032135;00-0031428;00-0022531;00-0036906;00-0032768;00-0036318;00-0034347;00-0035062,Justin Fields;Cole Kmet;Darnell Mooney;Jesse James;Allen Robinson;Jason Peters;Khalil Herbert;Cody Whitehair;Lachavious Simmons;James Daniels;Sam Mustipher,00-0034773;00-0035699;00-0036411;00-0035681;00-0034515;00-0035707;00-0031331;00-0036967;00-0031016;00-0031101;00-0027867,Vita Vea;Jamel Dean;Antoine Winfield Jr.;Mike Edwards;Dee Delaney;Devin White;Pierre Desir;Joe Tryon-Shoyinka;Ross Cockrell;Shaquil Barrett;Jason Pierre-Paul
2021_07_CHI_TB,128,punt,0.0,75.0,75.0,15.0,13:04,12:49,,0.0,0.0,4.0,10.0,,;;;;;;;;;;,11,,,,,,00-0032786;00-0034372;00-0030527;00-0032986;00-0035293;00-0031079;00-0033103;00-0032790;00-0028284;00-0031130;00-0034597,Marqui Christian;Joel Iyiegbuniwe;Alec Ogletree;J.P. Holtz;Xavier Crawford;Pat O'Donnell;Artie Burns;DeAndre Houston-Carson;Patrick Scales;Christian Jones;Ryan Nall,00-0036450;00-0036643;00-0033595;00-0035681;00-0031331;00-0032637;00-0036045;00-0036967;00-0036877;00-0036672;00-0032410,Ke'Shawn Vaughn;K.J. Britt;Pat O'Connor;Mike Edwards;Pierre Desir;Andrew Adams;Cam Gill;Joe Tryon-Shoyinka;Jaelon Darden;Grant Stuard;Rashard Robinson
2021_07_CHI_TB,158,no_play,0.0,32.0,32.0,6.0,12:49,12:43,,0.0,0.0,1.0,10.0,"2 DL, 4 LB, 5 DB",;;;;;;;;;;,11,6,,,,,00-0033921;00-0032243;00-0036406;00-0019596;00-0032217;00-0033856;00-0031408;00-0034678;00-0029895;00-0036427;00-0033879,Chris Godwin Jr.;Ali Marpet;Tristan Wirfs;Tom Brady;Donovan Smith;Leonard Fournette;Mike Evans;Alex Cappa;Ryan Jensen;Tyler Johnson;O.J. Howard,00-0030527;00-0036292;00-0032107;00-0031551;00-0031040;00-0032790;00-0036305;00-0035696;00-0036307;00-0033784;00-0034874,Alec Ogletree;Jaylon Johnson;Angelo Blackson;Eddie Goldman;Khalil Mack;DeAndre Houston-Carson;Trevis Gipson;Duke Shelley;Kindle Vildor;Eddie Jackson;Roquan Smith
2021_07_CHI_TB,191,run,15.0,17.0,2.0,40.0,12:43,12:03,,0.0,0.0,1.0,10.0,"3 DL, 4 LB, 4 DB",;;;;;;;;;;,11,7,,,,,00-0033921;00-0030829;00-0032243;00-0036406;00-0019596;00-0032217;00-0033856;00-0031408;00-0034678;00-0029895;00-0033879,Chris Godwin Jr.;Josh Wells;Ali Marpet;Tristan Wirfs;Tom Brady;Donovan Smith;Leonard Fournette;Mike Evans;Alex Cappa;Ryan Jensen;O.J. Howard,00-0034387;00-0036292;00-0032107;00-0031551;00-0031040;00-0032790;00-0036305;00-0031130;00-0036307;00-0033784;00-0034874,Bilal Nichols;Jaylon Johnson;Angelo Blackson;Eddie Goldman;Khalil Mack;DeAndre Houston-Carson;Trevis Gipson;Christian Jones;Kindle Vildor;Eddie Jackson;Roquan Smith
2021_07_CHI_TB,214,run,2.0,2.0,0.0,5.0,12:03,11:58,,6.0,0.0,1.0,2.0,"3 DL, 4 LB, 4 DB",;;;;;;;;;;,11,9,,,,,00-0033921;00-0030829;00-0032243;00-0036406;00-0019596;00-0032217;00-0033856;00-0031273;00-0034678;00-0029895;00-0033879,Chris Godwin Jr.;Josh Wells;Ali Marpet;Tristan Wirfs;Tom Brady;Donovan Smith;Leonard Fournette;Cameron Brate;Alex Cappa;Ryan Jensen;O.J. Howard,00-0034387;00-0030527;00-0036292;00-0032107;00-0031551;00-0031040;00-0032790;00-0036305;00-0036307;00-0033784;00-0034874,Bilal Nichols;Alec Ogletree;Jaylon Johnson;Angelo Blackson;Eddie Goldman;Khalil Mack;DeAndre Houston-Carson;Trevis Gipson;Kindle Vildor;Eddie Jackson;Roquan Smith
2021_07_CHI_TB,236,extra_point,0.0,15.0,15.0,0.0,11:58,11:58,,7.0,0.0,,0.0,,;;;;;;;;;;,11,,,,,,00-0031957;00-0034773;00-0030829;00-0032243;00-0036406;00-0033595;00-0032217;00-0032065;00-0026968;00-0034678;00-0029959,Rakeem Nunez-Roches;Vita Vea;Josh Wells;Ali Marpet;Tristan Wirfs;Pat O'Connor;Donovan Smith;Bradley Pinion;Ryan Succop;Alex Cappa;Carson Tinker,00-0032786;00-0030449;00-0034387;00-0034372;00-0035293;00-0032107;00-0036909;00-0032790;00-0036307;00-0031130;00-0034874,Marqui Christian;Margus Hunt;Bilal Nichols;Joel Iyiegbuniwe;Xavier Crawford;Angelo Blackson;Khyiris Tonga;DeAndre Houston-Carson;Kindle Vildor;Christian Jones;Roquan Smith
2021_07_CHI_TB,252,kickoff,0.0,35.0,35.0,0.0,11:58,11:58,,7.0,0.0,,0.0,,;;;;;;;;;;,11,,,,,,00-0036450;00-0036643;00-0033595;00-0034515;00-0031331;00-0032065;00-0032637;00-0035254;00-0036045;00-0036672;00-0032410,Ke'Shawn Vaughn;K.J. Britt;Pat O'Connor;Dee Delaney;Pierre Desir;Bradley Pinion;Andrew Adams;Anthony Nelson;Cam Gill;Grant Stuard;Rashard Robinson,00-0032786;00-0033545;00-0036290;00-0032135;00-0034372;00-0032986;00-0032791;00-0036705;00-0031130;00-0035562;00-0034597,Marqui Christian;Teez Tabor;Cole Kmet;Jesse James;Joel Iyiegbuniwe;J.P. Holtz;Jakeem Grant;Sam Kamara;Christian Jones;Jesper Horsted;Ryan Nall
2021_07_CHI_TB,267,run,29.0,75.0,46.0,42.0,11:58,11:16,,7.0,0.0,1.0,10.0,"3 DL, 3 LB, 5 DB",;;;;;;;;;;,11,7,,,,,00-0036945;00-0036290;00-0036309;00-0031428;00-0022531;00-0036906;00-0032768;00-0030068;00-0036318;00-0034347;00-0035062,Justin Fields;Cole Kmet;Darnell Mooney;Allen Robinson;Jason Peters;Khalil Herbert;Cody Whitehair;Marquise Goodwin;Lachavious Simmons;James Daniels;Sam Mustipher,00-0034773;00-0035699;00-0036411;00-0034374;00-0034515;00-0035707;00-0027855;00-0030382;00-0031016;00-0031101;00-0027867,Vita Vea;Jamel Dean;Antoine Winfield Jr.;Jordan Whitehead;Dee Delaney;Devin White;Ndamukong Suh;Kevin Minter;Ross Cockrell;Shaquil Barrett;Jason Pierre-Paul
2021_07_CHI_TB,288,run,1.0,46.0,45.0,37.0,11:16,10:39,,7.0,0.0,1.0,10.0,"4 DL, 3 LB, 4 DB",;;;;;;;;;;,11,8,5,,,,00-0036945;00-0036290;00-0032135;00-0031428;00-0022531;00-0036906;00-0032768;00-0030068;00-0036318;00-0034347;00-0035062,Justin Fields;Cole Kmet;Jesse James;Allen Robinson;Jason Peters;Khalil Herbert;Cody Whitehair;Marquise Goodwin;Lachavious Simmons;James Daniels;Sam Mustipher,00-0034773;00-0035699;00-0036411;00-0034374;00-0030386;00-0034515;00-0035707;00-0027855;00-0030382;00-0031101;00-0027867,Vita Vea;Jamel Dean;Antoine Winfield Jr.;Jordan Whitehead;William Gholston;Dee Delaney;Devin White;Ndamukong Suh;Kevin Minter;Shaquil Barrett;Jason Pierre-Paul
2021_07_CHI_TB,309,run,1.0,45.0,44.0,41.0,10:39,9:58,,7.0,0.0,2.0,9.0,"3 DL, 3 LB, 5 DB",;;;;;;;;;;,11,6,,,,,00-0036945;00-0036290;00-0036309;00-0032135;00-0031428;00-0022531;00-0036906;00-0032768;00-0036318;00-0034347;00-0035062,Justin Fields;Cole Kmet;Darnell Mooney;Jesse James;Allen Robinson;Jason Peters;Khalil Herbert;Cody Whitehair;Lachavious Simmons;James Daniels;Sam Mustipher,00-0034773;00-0035699;00-0036411;00-0034374;00-0034515;00-0035707;00-0027855;00-0030382;00-0031016;00-0031101;00-0027867,Vita Vea;Jamel Dean;Antoine Winfield Jr.;Jordan Whitehead;Dee Delaney;Devin White;Ndamukong Suh;Kevin Minter;Ross Cockrell;Shaquil Barrett;Jason Pierre-Paul
2021_07_CHI_TB,330,pass,0.0,44.0,44.0,4.0,9:58,9:54,,7.0,0.0,3.0,8.0,"3 DL, 3 LB, 5 DB",;;;;;;;;;;,11,6,4,ZONE_COVERAGE,COVER_4,False,00-0036945;00-0036290;00-0036309;00-0031428;00-0022531;00-0036906;00-0032768;00-0031868;00-0036318;00-0034347;00-0035062,Justin Fields;Cole Kmet;Darnell Mooney;Allen Robinson;Jason Peters;Khalil Herbert;Cody Whitehair;Damiere Byrd;Lachavious Simmons;James Daniels;Sam Mustipher,00-0034773;00-0035699;00-0036411;00-0035681;00-0034515;00-0035707;00-0027855;00-0030382;00-0031016;00-0031101;00-0027867,Vita Vea;Jamel Dean;Antoine Winfield Jr.;Mike Edwards;Dee Delaney;Devin White;Ndamukong Suh;Kevin Minter;Ross Cockrell;Shaquil Barrett;Jason Pierre-Paul
2021_07_CHI_TB,364,punt,0.0,44.0,44.0,7.0,9:54,9:47,,7.0,0.0,4.0,8.0,,;;;;;;;;;;,11,,,,,,00-0032786;00-0034372;00-0030527;00-0032986;00-0035293;00-0031079;00-0033103;00-0032790;00-0028284;00-0031130;00-0034597,Marqui Christian;Joel Iyiegbuniwe;Alec Ogletree;J.P. Holtz;Xavier Crawford;Pat O'Donnell;Artie Burns;DeAndre Houston-Carson;Patrick Scales;Christian Jones;Ryan Nall,00-0036450;00-0036643;00-0033595;00-0035681;00-0031331;00-0032637;00-0036045;00-0036967;00-0036877;00-0036672;00-0032410,Ke'Shawn Vaughn;K.J. Britt;Pat O'Connor;Mike Edwards;Pierre Desir;Andrew Adams;Cam Gill;Joe Tryon-Shoyinka;Jaelon Darden;Grant Stuard;Rashard Robinson
2021_07_CHI_TB,382,run,4.0,84.0,80.0,40.0,9:47,9:07,,7.0,0.0,1.0,10.0,"3 DL, 4 LB, 4 DB",;;;;;;;;;;,11,7,,,,,00-0033921;00-0032243;00-0036406;00-0019596;00-0032217;00-0033856;00-0034319;00-0031408;00-0031273;00-0034678;00-0029895,Chris Godwin Jr.;Ali Marpet;Tristan Wirfs;Tom Brady;Donovan Smith;Leonard Fournette;Deon Yelder;Mike Evans;Cameron Brate;Alex Cappa;Ryan Jensen,00-0034387;00-0030527;00-0036292;00-0032107;00-0031551;00-0031040;00-0032790;00-0036305;00-0036307;00-0033784;00-0034874,Bilal Nichols;Alec Ogletree;Jaylon Johnson;Angelo Blackson;Eddie Goldman;Khalil Mack;DeAndre Houston-Carson;Trevis Gipson;Kindle Vildor;Eddie Jackson;Roquan Smith
2021_07_CHI_TB,403,pass,0.0,80.0,80.0,2.0,9:07,9:05,,7.0,0.0,2.0,6.0,"2 DL, 4 LB, 5 DB",;;;;;;;;;;,11,5,4,ZONE_COVERAGE,COVER_3,False,00-0033921;00-0032243;00-0036406;00-0019596;00-0032217;00-0033856;00-0031408;00-0031273;00-0034678;00-0029895;00-0036427,Chris Godwin Jr.;Ali Marpet;Tristan Wirfs;Tom Brady;Donovan Smith;Leonard Fournette;Mike Evans;Cameron Brate;Alex Cappa;Ryan Jensen;Tyler Johnson,00-0030527;00-0035293;00-0036292;00-0032107;00-0031551;00-0031040;00-0032790;00-0036305;00-0036307;00-0033784;00-0034874,Alec Ogletree;Xavier Crawford;Jaylon Johnson;Angelo Blackson;Eddie Goldman;Khalil Mack;DeAndre Houston-Carson;Trevis Gipson;Kindle Vildor;Eddie Jackson;Roquan Smith
2021_07_CHI_TB,425,pass,-4.0,80.0,84.0,45.0,9:05,8:20,,7.0,0.0,3.0,6.0,"2 DL, 3 LB, 6 DB",;;;;;;;;;;,11,6,4,MAN_COVERAGE,2_MAN,False,00-0033921;00-0032243;00-0036406;00-0019596;00-0032217;00-0030456;00-0031408;00-0031273;00-0034678;00-0029895;00-0033215,Chris Godwin Jr.;Ali Marpet;Tristan Wirfs;Tom Brady;Donovan Smith;Giovani Bernard;Mike Evans;Cameron Brate;Alex Cappa;Ryan Jensen;Cyril Grayson,00-0033545;00-0035293;00-0036292;00-0032107;00-0031551;00-0031040;00-0032790;00-0036305;00-0036307;00-0033784;00-0034874,Teez Tabor;Xavier Crawford;Jaylon Johnson;Angelo Blackson;Eddie Goldman;Khalil Mack;DeAndre Houston-Carson;Trevis Gipson;Kindle Vildor;Eddie Jackson;Roquan Smith
2021_07_CHI_TB,449,punt,0.0,84.0,84.0,10.0,8:20,8:10,,7.0,0.0,4.0,10.0,,;;;;;;;;;;,11,,,,,,00-0036450;00-0036643;00-0033595;00-0032065;00-0032637;00-0035254;00-0036045;00-0036672;00-0031016;00-0029959;00-0032410,Ke'Shawn Vaughn;K.J. Britt;Pat O'Connor;Bradley Pinion;Andrew Adams;Anthony Nelson;Cam Gill;Grant Stuard;Ross Cockrell;Carson Tinker;Rashard Robinson,00-0032786;00-0033545;00-0034372;00-0035293;00-0033103;00-0032791;00-0035696;00-0036705;00-0031130;00-0035562;00-0034597,Marqui Christian;Teez Tabor;Joel Iyiegbuniwe;Xavier Crawford;Artie Burns;Jakeem Grant;Duke Shelley;Sam Kamara;Christian Jones;Jesper Horsted;Ryan Nall
2021_07_CHI_TB,474,pass,5.0,65.0,60.0,39.0,8:10,7:31,,7.0,0.0,1.0,10.0,"4 DL, 3 LB, 4 DB",;;;;;;;;;;,11,7,5,MAN_COVERAGE,COVER_1,False,00-0036945;00-0036290;00-0032135;00-0032986;00-0031428;00-0022531;00-0036906;00-0032768;00-0036318;00-0034347;00-0035062,Justin Fields;Cole Kmet;Jesse James;J.P. Holtz;Allen Robinson;Jason Peters;Khalil Herbert;Cody Whitehair;Lachavious Simmons;James Daniels;Sam Mustipher,00-0031957;00-0035699;00-0036411;00-0034374;00-0030386;00-0034515;00-0035707;00-0027855;00-0036967;00-0030382;00-0027867,Rakeem Nunez-Roches;Jamel Dean;Antoine Winfield Jr.;Jordan Whitehead;William Gholston;Dee Delaney;Devin White;Ndamukong Suh;Joe Tryon-Shoyinka;Kevin Minter;Jason Pierre-Paul
2021_07_CHI_TB,498,pass,0.0,60.0,60.0,4.0,7:31,7:27,,7.0,0.0,2.0,5.0,"3 DL, 3 LB, 5 DB",;;;;;;;;;;,11,7,4,ZONE_COVERAGE,COVER_2,False,00-0036945;00-0036290;00-0036309;00-0031428;00-0022531;00-0036906;00-0032768;00-0030068;00-0036318;00-0034347;00-0035062,Justin Fields;Cole Kmet;Darnell Mooney;Allen Robinson;Jason Peters;Khalil Herbert;Cody Whitehair;Marquise Goodwin;Lachavious Simmons;James Daniels;Sam Mustipher,00-0031957;00-0035699;00-0036411;00-0034374;00-0030386;00-0034515;00-0035707;00-0036967;00-0030382;00-0031016;00-0027867,Rakeem Nunez-Roches;Jamel Dean;Antoine Winfield Jr.;Jordan Whitehead;William Gholston;Dee Delaney;Devin White;Joe Tryon-Shoyinka;Kevin Minter;Ross Cockrell;Jason Pierre-Paul
2021_07_CHI_TB,520,turnover,0.0,60.0,60.0,14.0,7:27,7:13,,7.0,0.0,3.0,5.0,"3 DL, 3 LB, 5 DB",;;;;;;;;;;,11,6,4,ZONE_COVERAGE,COVER_3,True,00-0036945;00-0036290;00-0036309;00-0031428;00-0022531;00-0036906;00-0032768;00-0030068;00-0036318;00-0034347;00-0035062,Justin Fields;Cole Kmet;Darnell Mooney;Allen Robinson;Jason Peters;Khalil Herbert;Cody Whitehair;Marquise Goodwin;Lachavious Simmons;James Daniels;Sam Mustipher,00-0034773;00-0035699;00-0036411;00-0035681;00-0030386;00-0034515;00-0035707;00-0036967;00-0030382;00-0031016;00-0027867,Vita Vea;Jamel Dean;Antoine Winfield Jr.;Mike Edwards;William Gholston;Dee Delaney;Devin White;Joe Tryon-Shoyinka;Kevin Minter;Ross Cockrell;Jason Pierre-Paul
2021_07_CHI_TB,551,pass,6.0,40.0,34.0,33.0,7:13,6:40,,7.0,0.0,1.0,10.0,"2 DL, 4 LB, 5 DB",;;;;;;;;;;,11,6,4,ZONE_COVERAGE,COVER_2,False,00-0033921;00-0032243;00-0036406;00-0019596;00-0032217;00-0033856;00-0031408;00-0031273;00-0034678;00-0029895;00-0036427,Chris Godwin Jr.;Ali Marpet;Tristan Wirfs;Tom Brady;Donovan Smith;Leonard Fournette;Mike Evans;Cameron Brate;Alex Cappa;Ryan Jensen;Tyler Johnson,00-0034387;00-0032265;00-0036292;00-0031040;00-0032790;00-0035696;00-0036705;00-0036307;00-0033784;00-0034874;00-0029577,Bilal Nichols;Mario Edwards;Jaylon Johnson;Khalil Mack;DeAndre Houston-Carson;Duke Shelley;Sam Kamara;Kindle Vildor;Eddie Jackson;Roquan Smith;Danny Trevathan
2021_07_CHI_TB,575,pass,4.0,34.0,30.0,32.0,6:40,6:08,,7.0,0.0,2.0,4.0,"2 DL, 4 LB, 5 DB",;;;;;;;;;;,11,6,5,ZONE_COVERAGE,COVER_6,False,00-0033921;00-0032243;00-0036406;00-0019596;00-0032217;00-0033856;00-0031408;00-0034678;00-0029895;00-0036427;00-0033879,Chris Godwin Jr.;Ali Marpet;Tristan Wirfs;Tom Brady;Donovan Smith;Leonard Fournette;Mike Evans;Alex Cappa;Ryan Jensen;Tyler Johnson;O.J. Howard,00-0034387;00-0032265;00-0036292;00-0031040;00-0032790;00-0035696;00-0036705;00-0036307;00-0033784;00-0034874;00-0029577,Bilal Nichols;Mario Edwards;Jaylon Johnson;Khalil Mack;DeAndre Houston-Carson;Duke Shelley;Sam Kamara;Kindle Vildor;Eddie Jackson;Roquan Smith;Danny Trevathan
2021_07_CHI_TB,604,pass,21.0,30.0,9.0,43.0,6:08,5:25,,7.0,0.0,1.0,10.0,"2 DL, 4 LB, 5 DB",;;;;;;;;;;,11,7,5,MAN_COVERAGE,COVER_1,False,00-0033921;00-0032243;00-0036406;00-0019596;00-0032217;00-0033856;00-0031408;00-0034678;00-0029895;00-0033879;00-0033215,Chris Godwin Jr.;Ali Marpet;Tristan Wirfs;Tom Brady;Donovan Smith;Leonard Fournette;Mike Evans;Alex Cappa;Ryan Jensen;O.J. Howard;Cyril Grayson,00-0034387;00-0032265;00-0036292;00-0031040;00-0032790;00-0035696;00-0036705;00-0036307;00-0033784;00-0034874;00-0029577,Bilal Nichols;Mario Edwards;Jaylon Johnson;Khalil Mack;DeAndre Houston-Carson;Duke Shelley;Sam Kamara;Kindle Vildor;Eddie Jackson;Roquan Smith;Danny Trevathan
2021_07_CHI_TB,628,pass,0.0,9.0,9.0,4.0,5:25,5:21,,7.0,0.0,1.0,9.0,"2 DL, 4 LB, 5 DB",;;;;;;;;;;,11,8,4,ZONE_COVERAGE,COVER_3,False,00-0032243;00-0036406;00-0019596;00-0032217;00-0033856;00-0031273;00-0031408;00-0034678;00-0029895;00-0036427;00-0033879,Ali Marpet;Tristan Wirfs;Tom Brady;Donovan Smith;Leonard Fournette;Cameron Brate;Mike Evans;Alex Cappa;Ryan Jensen;Tyler Johnson;O.J. Howard,00-0034387;00-0032265;00-0036292;00-0031040;00-0032790;00-0035696;00-0036705;00-0036307;00-0033784;00-0034874;00-0029577,Bilal Nichols;Mario Edwards;Jaylon Johnson;Khalil Mack;DeAndre Houston-Carson;Duke Shelley;Sam Kamara;Kindle Vildor;Eddie Jackson;Roquan Smith;Danny Trevathan
2021_07_CHI_TB,650,run,5.0,9.0,4.0,41.0,5:21,4:40,,7.0,0.0,2.0,9.0,"2 DL, 4 LB, 5 DB",;;;;;;;;;;,11,6,,,,,00-0033921;00-0032243;00-0036406;00-0019596;00-0032217;00-0033856;00-0031408;00-0034678;00-0029895;00-0036427;00-0033879,Chris Godwin Jr.;Ali Marpet;Tristan Wirfs;Tom Brady;Donovan Smith;Leonard Fournette;Mike Evans;Alex Cappa;Ryan Jensen;Tyler Johnson;O.J. Howard,00-0034387;00-0032265;00-0036292;00-0031040;00-0032790;00-0035696;00-0036705;00-0036307;00-0033784;00-0034874;00-0029577,Bilal Nichols;Mario Edwards;Jaylon Johnson;Khalil Mack;DeAndre Houston-Carson;Duke Shelley;Sam Kamara;Kindle Vildor;Eddie Jackson;Roquan Smith;Danny Trevathan
2021_07_CHI_TB,671,pass,4.0,4.0,0.0,3.0,4:40,4:37,,13.0,0.0,3.0,4.0,"2 DL, 4 LB, 5 DB",;;;;;;;;;;,11,7,4,MAN_COVERAGE,COVER_0,False,00-0033921;00-0032243;00-0036406;00-0019596;00-0032217;00-0031273;00-0030456;00-0031408;00-0034678;00-0029895;00-0036427,Chris Godwin Jr.;Ali Marpet;Tristan Wirfs;Tom Brady;Donovan Smith;Cameron Brate;Giovani Bernard;Mike Evans;Alex Cappa;Ryan Jensen;Tyler Johnson,00-0034387;00-0032265;00-0036292;00-0031040;00-0032790;00-0035696;00-0036705;00-0036307;00-0033784;00-0034874;00-0029577,Bilal Nichols;Mario Edwards;Jaylon Johnson;Khalil Mack;DeAndre Houston-Carson;Duke Shelley;Sam Kamara;Kindle Vildor;Eddie Jackson;Roquan Smith;Danny Trevathan
2021_07_CHI_TB,696,extra_point,0.0,15.0,15.0,0.0,4:37,4:37,,14.0,0.0,,0.0,,;;;;;;;;;,10,,,,,,00-0031957;00-0034773;00-0030829;00-0032243;00-0036406;00-0033595;00-0032217;00-0032065;00-0034678;00-0026968;00-0029959,Rakeem Nunez-Roches;Vita Vea;Josh Wells;Ali Marpet;Tristan Wirfs;Pat O'Connor;Donovan Smith;Bradley Pinion;Alex Cappa;Ryan Succop;Carson Tinker,00-0032786;00-0030449;00-0034372;00-0035293;00-0032107;00-0036909;00-0032790;00-0031130;00-0036307;00-0034874,Marqui Christian;Margus Hunt;Joel Iyiegbuniwe;Xavier Crawford;Angelo Blackson;Khyiris Tonga;DeAndre Houston-Carson;Christian Jones;Kindle Vildor;Roquan Smith
2021_07_CHI_TB,712,kickoff,0.0,35.0,35.0,0.0,4:37,4:37,,14.0,0.0,,0.0,,;;;;;;;;;;,11,,,,,,00-0036450;00-0036643;00-0033595;00-0034515;00-0031331;00-0032065;00-0032637;00-0035254;00-0036045;00-0036672;00-0032410,Ke'Shawn Vaughn;K.J. Britt;Pat O'Connor;Dee Delaney;Pierre Desir;Bradley Pinion;Andrew Adams;Anthony Nelson;Cam Gill;Grant Stuard;Rashard Robinson,00-0032786;00-0033545;00-0036290;00-0032135;00-0034372;00-0032986;00-0032791;00-0036705;00-0031130;00-0035562;00-0034597,Marqui Christian;Teez Tabor;Cole Kmet;Jesse James;Joel Iyiegbuniwe;J.P. Holtz;Jakeem Grant;Sam Kamara;Christian Jones;Jesper Horsted;Ryan Nall
2021_07_CHI_TB,727,run,6.0,75.0,69.0,30.0,4:37,4:07,,14.0,0.0,1.0,10.0,"2 DL, 4 LB, 5 DB",;;;;;;;;;;,11,6,,,,,00-0036945;00-0036290;00-0036309;00-0031428;00-0036906;00-0022531;00-0032768;00-0031868;00-0036318;00-0034347;00-0035062,Justin Fields;Cole Kmet;Darnell Mooney;Allen Robinson;Khalil Herbert;Jason Peters;Cody Whitehair;Damiere Byrd;Lachavious Simmons;James Daniels;Sam Mustipher,00-0031957;00-0035699;00-0036411;00-0034374;00-0030386;00-0034515;00-0035707;00-0036967;00-0030382;00-0031016;00-0031101,Rakeem Nunez-Roches;Jamel Dean;Antoine Winfield Jr.;Jordan Whitehead;William Gholston;Dee Delaney;Devin White;Joe Tryon-Shoyinka;Kevin Minter;Ross Cockrell;Shaquil Barrett
2021_07_CHI_TB,748,run,4.0,69.0,65.0,37.0,4:07,3:30,,14.0,0.0,2.0,4.0,"3 DL, 4 LB, 4 DB",;;;;;;;;;;,11,7,,,,,00-0036945;00-0036290;00-0036309;00-0032135;00-0031428;00-0022531;00-0036906;00-0032768;00-0036318;00-0034347;00-0035062,Justin Fields;Cole Kmet;Darnell Mooney;Jesse James;Allen Robinson;Jason Peters;Khalil Herbert;Cody Whitehair;Lachavious Simmons;James Daniels;Sam Mustipher,00-0031957;00-0035699;00-0036411;00-0034374;00-0030386;00-0034515;00-0035707;00-0027855;00-0036967;00-0030382;00-0031101,Rakeem Nunez-Roches;Jamel Dean;Antoine Winfield Jr.;Jordan Whitehead;William Gholston;Dee Delaney;Devin White;Ndamukong Suh;Joe Tryon-Shoyinka;Kevin Minter;Shaquil Barrett
2021_07_CHI_TB,769,pass,5.0,65.0,60.0,38.0,3:30,2:52,,14.0,0.0,1.0,10.0,"2 DL, 4 LB, 5 DB",;;;;;;;;;;,11,6,4,ZONE_COVERAGE,COVER_2,False,00-0036945;00-0036290;00-0036309;00-0031428;00-0022531;00-0036906;00-0032768;00-0030068;00-0036318;00-0034347;00-0035062,Justin Fields;Cole Kmet;Darnell Mooney;Allen Robinson;Jason Peters;Khalil Herbert;Cody Whitehair;Marquise Goodwin;Lachavious Simmons;James Daniels;Sam Mustipher,00-0031957;00-0035699;00-0036411;00-0034374;00-0034515;00-0035707;00-0027855;00-0036967;00-0030382;00-0031016;00-0031101,Rakeem Nunez-Roches;Jamel Dean;Antoine Winfield Jr.;Jordan Whitehead;Dee Delaney;Devin White;Ndamukong Suh;Joe Tryon-Shoyinka;Kevin Minter;Ross Cockrell;Shaquil Barrett
2021_07_CHI_TB,793,run,0.0,60.0,60.0,39.0,2:52,2:13,,14.0,0.0,2.0,5.0,"2 DL, 4 LB, 5 DB",;;;;;;;;;;,11,7,,,,,00-0036945;00-0036309;00-0032135;00-0031428;00-0022531;00-0036906;00-0032768;00-0031868;00-0036318;00-0034347;00-0035062,Justin Fields;Darnell Mooney;Jesse James;Allen Robinson;Jason Peters;Khalil Herbert;Cody Whitehair;Damiere Byrd;Lachavious Simmons;James Daniels;Sam Mustipher,00-0031957;00-0035699;00-0036411;00-0034374;00-0034515;00-0035707;00-0027855;00-0036967;00-0030382;00-0031016;00-0031101,Rakeem Nunez-Roches;Jamel Dean;Antoine Winfield Jr.;Jordan Whitehead;Dee Delaney;Devin White;Ndamukong Suh;Joe Tryon-Shoyinka;Kevin Minter;Ross Cockrell;Shaquil Barrett
2021_07_CHI_TB,814,turnover,-5.0,60.0,65.0,6.0,2:13,2:07,,14.0,0.0,3.0,5.0,"2 DL, 4 LB, 5 DB",;;;;;;;;;;,11,7,4,,,,00-0036945;00-0036290;00-0036309;00-0031428;00-0022531;00-0036906;00-0032768;00-0030068;00-0036318;00-0034347;00-0035062,Justin Fields;Cole Kmet;Darnell Mooney;Allen Robinson;Jason Peters;Khalil Herbert;Cody Whitehair;Marquise Goodwin;Lachavious Simmons;James Daniels;Sam Mustipher,00-0034773;00-0035699;00-0036411;00-0035681;00-0034515;00-0035707;00-0027855;00-0035254;00-0036967;00-0031016;00-0031101,Vita Vea;Jamel Dean;Antoine Winfield Jr.;Mike Edwards;Dee Delaney;Devin White;Ndamukong Suh;Anthony Nelson;Joe Tryon-Shoyinka;Ross Cockrell;Shaquil Barrett
2021_07_CHI_TB,843,pass,11.0,35.0,24.0,36.0,2:07,1:31,,14.0,0.0,1.0,10.0,"2 DL, 4 LB, 5 DB",;;;;;;;;;;,11,6,4,ZONE_COVERAGE,COVER_6,False,00-0033921;00-0032243;00-0036406;00-0019596;00-0032217;00-0033856;00-0031408;00-0031273;00-0034678;00-0029895;00-0033215,Chris Godwin Jr.;Ali Marpet;Tristan Wirfs;Tom Brady;Donovan Smith;Leonard Fournette;Mike Evans;Cameron Brate;Alex Cappa;Ryan Jensen;Cyril Grayson,00-0030527;00-0032265;00-0035293;00-0036292;00-0032107;00-0032790;00-0036305;00-0036705;00-0036307;00-0033784;00-0034874,Alec Ogletree;Mario Edwards;Xavier Crawford;Jaylon Johnson;Angelo Blackson;DeAndre Houston-Carson;Trevis Gipson;Sam Kamara;Kindle Vildor;Eddie Jackson;Roquan Smith
2021_07_CHI_TB,867,run,12.0,24.0,12.0,37.0,1:31,0:54,,14.0,0.0,1.0,10.0,"2 DL, 4 LB, 5 DB",;;;;;;;;;;,11,6,,,,,00-0033921;00-0032243;00-0036406;00-0019596;00-0032217;00-0031408;00-0034678;00-0029895;00-0036427;00-0034816;00-0033879,Chris Godwin Jr.;Ali Marpet;Tristan Wirfs;Tom Brady;Donovan Smith;Mike Evans;Alex Cappa;Ryan Jensen;Tyler Johnson;Ronald Jones;O.J. Howard,00-0030527;00-0035293;00-0036292;00-0032265;00-0032107;00-0032790;00-0036305;00-0036705;00-0036307;00-0033784;00-0034874,Alec Ogletree;Xavier Crawford;Jaylon Johnson;Mario Edwards;Angelo Blackson;DeAndre Houston-Carson;Trevis Gipson;Sam Kamara;Kindle Vildor;Eddie Jackson;Roquan Smith
2021_07_CHI_TB,888,run,3.0,12.0,9.0,40.0,0:54,0:14,,14.0,0.0,1.0,10.0,"2 DL, 4 LB, 5 DB",;;;;;;;;;;,11,8,,,,,00-0033921;00-0032243;00-0036406;00-0019596;00-0032217;00-0031408;00-0031273;00-0034678;00-0029895;00-0034816;00-0033879,Chris Godwin Jr.;Ali Marpet;Tristan Wirfs;Tom Brady;Donovan Smith;Mike Evans;Cameron Brate;Alex Cappa;Ryan Jensen;Ronald Jones;O.J. Howard,00-0032786;00-0030527;00-0032265;00-0036292;00-0032107;00-0031040;00-0032790;00-0036305;00-0036307;00-0033784;00-0034874,Marqui Christian;Alec Ogletree;Mario Edwards;Jaylon Johnson;Angelo Blackson;Khalil Mack;DeAndre Houston-Carson;Trevis Gipson;Kindle Vildor;Eddie Jackson;Roquan Smith
2021_07_CHI_TB,909,pass,0.0,9.0,9.0,4.0,0:14,0:10,,14.0,0.0,2.0,7.0,"2 DL, 4 LB, 5 DB",;;;;;;;;;;,11,6,4,MAN_COVERAGE,COVER_1,False,00-0033921;00-0032243;00-0036406;00-0019596;00-0032217;00-0031273;00-0031408;00-0034678;00-0029895;00-0036427;00-0034816,Chris Godwin Jr.;Ali Marpet;Tristan Wirfs;Tom Brady;Donovan Smith;Cameron Brate;Mike Evans;Alex Cappa;Ryan Jensen;Tyler Johnson;Ronald Jones,00-0030527;00-0032265;00-0035293;00-0036292;00-0032107;00-0031040;00-0032790;00-0036305;00-0036307;00-0033784;00-0034874,Alec Ogletree;Mario Edwards;Xavier Crawford;Jaylon Johnson;Angelo Blackson;Khalil Mack;DeAndre Houston-Carson;Trevis Gipson;Kindle Vildor;Eddie Jackson;Roquan Smith
2021_07_CHI_TB,931,pass,9.0,9.0,0.0,4.0,0:10,0:06,,20.0,0.0,3.0,7.0,"2 DL, 4 LB, 5 DB",;;;;;;;;;;,11,6,4,MAN_COVERAGE,COVER_1,False,00-0033921;00-0032243;00-0036406;00-0019596;00-0032217;00-0031273;00-0030456;00-0031408;00-0034678;00-0029895;00-0036427,Chris Godwin Jr.;Ali Marpet;Tristan Wirfs;Tom Brady;Donovan Smith;Cameron Brate;Giovani Bernard;Mike Evans;Alex Cappa;Ryan Jensen;Tyler Johnson,00-0030527;00-0032265;00-0035293;00-0036292;00-0032107;00-0031040;00-0032790;00-0036305;00-0036307;00-0034874;00-0033784,Alec Ogletree;Mario Edwards;Xavier Crawford;Jaylon Johnson;Angelo Blackson;Khalil Mack;DeAndre Houston-Carson;Trevis Gipson;Kindle Vildor;Roquan Smith;Eddie Jackson
2021_07_CHI_TB,956,extra_point,0.0,15.0,15.0,0.0,0:06,0:06,,21.0,0.0,,0.0,,;;;;;;;;;;,11,,,,,,00-0031957;00-0034773;00-0030829;00-0032243;00-0036406;00-0033595;00-0032217;00-0032065;00-0026968;00-0034678;00-0029959,Rakeem Nunez-Roches;Vita Vea;Josh Wells;Ali Marpet;Tristan Wirfs;Pat O'Connor;Donovan Smith;Bradley Pinion;Ryan Succop;Alex Cappa;Carson Tinker,00-0032786;00-0030449;00-0034387;00-0034372;00-0035293;00-0032107;00-0036909;00-0032790;00-0031130;00-0036307;00-0034874,Marqui Christian;Margus Hunt;Bilal Nichols;Joel Iyiegbuniwe;Xavier Crawford;Angelo Blackson;Khyiris Tonga;DeAndre Houston-Carson;Christian Jones;Kindle Vildor;Roquan Smith
2021_07_CHI_TB,972,kickoff,0.0,35.0,35.0,0.0,0:06,0:06,,21.0,0.0,,0.0,,;;;;;;;;;;,11,,,,,,00-0036450;00-0036643;00-0033595;00-0034515;00-0031331;00-0032065;00-0032637;00-0035254;00-0036045;00-0036672;00-0032410,Ke'Shawn Vaughn;K.J. Britt;Pat O'Connor;Dee Delaney;Pierre Desir;Bradley Pinion;Andrew Adams;Anthony Nelson;Cam Gill;Grant Stuard;Rashard Robinson,00-0032786;00-0033545;00-0036290;00-0032135;00-0034372;00-0032986;00-0032791;00-0036705;00-0031130;00-0035562;00-0034597,Marqui Christian;Teez Tabor;Cole Kmet;Jesse James;Joel Iyiegbuniwe;J.P. Holtz;Jakeem Grant;Sam Kamara;Christian Jones;Jesper Horsted;Ryan Nall
2021_07_CHI_TB,987,pass,5.0,75.0,70.0,6.0,0:06,0:00,,21.0,0.0,1.0,10.0,"4 DL, 3 LB, 4 DB",;;;;;;;;;;,11,7,6,MAN_COVERAGE,COVER_1,False,00-0036945;00-0036290;00-0036309;00-0032135;00-0031428;00-0022531;00-0030874;00-0032768;00-0036318;00-0034347;00-0035062,Justin Fields;Cole Kmet;Darnell Mooney;Jesse James;Allen Robinson;Jason Peters;Damien Williams;Cody Whitehair;Lachavious Simmons;James Daniels;Sam Mustipher,00-0031957;00-0034773;00-0035699;00-0036411;00-0034374;00-0030386;00-0034515;00-0035707;00-0030382;00-0031101;00-0027867,Rakeem Nunez-Roches;Vita Vea;Jamel Dean;Antoine Winfield Jr.;Jordan Whitehead;William Gholston;Dee Delaney;Devin White;Kevin Minter;Shaquil Barrett;Jason Pierre-Paul
2021_07_CHI_TB,1016,start_quarter_2,,,,0.0,0:00,0:00,,21.0,0.0,,0.0,,,0,,,,,,,,,
2021_07_CHI_TB,1035,pass,3.0,70.0,67.0,42.0,15:00,14:18,,21.0,0.0,2.0,5.0,"3 DL, 3 LB, 5 DB",;;;;;;;;;;,11,7,4,ZONE_COVERAGE,COVER_2,False,00-0036945;00-0036290;00-0036309;00-0031428;00-0022531;00-0030874;00-0032768;00-0030068;00-0036318;00-0034347;00-0035062,Justin Fields;Cole Kmet;Darnell Mooney;Allen Robinson;Jason Peters;Damien Williams;Cody Whitehair;Marquise Goodwin;Lachavious Simmons;James Daniels;Sam Mustipher,00-0031957;00-0035699;00-0036411;00-0034374;00-0030386;00-0034515;00-0035707;00-0036967;00-0031016;00-0031101;00-0027867,Rakeem Nunez-Roches;Jamel Dean;Antoine Winfield Jr.;Jordan Whitehead;William Gholston;Dee Delaney;Devin White;Joe Tryon-Shoyinka;Ross Cockrell;Shaquil Barrett;Jason Pierre-Paul
2021_07_CHI_TB,1064,pass,0.0,67.0,67.0,3.0,14:18,14:15,,21.0,0.0,3.0,2.0,"3 DL, 3 LB, 5 DB",;;;;;;;;;;,11,6,4,ZONE_COVERAGE,COVER_3,False,00-0036945;00-0036290;00-0036309;00-0031428;00-0022531;00-0030874;00-0032768;00-0031868;00-0036318;00-0034347;00-0035062,Justin Fields;Cole Kmet;Darnell Mooney;Allen Robinson;Jason Peters;Damien Williams;Cody Whitehair;Damiere Byrd;Lachavious Simmons;James Daniels;Sam Mustipher,00-0031957;00-0035699;00-0036411;00-0034374;00-0030386;00-0034515;00-0035707;00-0030382;00-0031016;00-0031101;00-0027867,Rakeem Nunez-Roches;Jamel Dean;Antoine Winfield Jr.;Jordan Whitehead;William Gholston;Dee Delaney;Devin White;Kevin Minter;Ross Cockrell;Shaquil Barrett;Jason Pierre-Paul
2021_07_CHI_TB,1086,punt,0.0,67.0,67.0,7.0,14:15,14:08,,21.0,0.0,4.0,2.0,,;;;;;;;;;;,11,,,,,,00-0032786;00-0034372;00-0030527;00-0032986;00-0035293;00-0031079;00-0033103;00-0032790;00-0028284;00-0031130;00-0034597,Marqui Christian;Joel Iyiegbuniwe;Alec Ogletree;J.P. Holtz;Xavier Crawford;Pat O'Donnell;Artie Burns;DeAndre Houston-Carson;Patrick Scales;Christian Jones;Ryan Nall,00-0036450;00-0036643;00-0033595;00-0035681;00-0031331;00-0032637;00-0036045;00-0036967;00-0036877;00-0036672;00-0032410,Ke'Shawn Vaughn;K.J. Britt;Pat O'Connor;Mike Edwards;Pierre Desir;Andrew Adams;Cam Gill;Joe Tryon-Shoyinka;Jaelon Darden;Grant Stuard;Rashard Robinson
2021_07_CHI_TB,1110,run,9.0,71.0,62.0,35.0,14:08,13:33,,21.0,0.0,1.0,10.0,"3 DL, 3 LB, 5 DB",;;;;;;;;;;,11,6,,,,,00-0033921;00-0032243;00-0036406;00-0019596;00-0032217;00-0031408;00-0034678;00-0029895;00-0036427;00-0034816;00-0033879,Chris Godwin Jr.;Ali Marpet;Tristan Wirfs;Tom Brady;Donovan Smith;Mike Evans;Alex Cappa;Ryan Jensen;Tyler Johnson;Ronald Jones;O.J. Howard,00-0034387;00-0036292;00-0032107;00-0031551;00-0031040;00-0032790;00-0036305;00-0035696;00-0036307;00-0033784;00-0034874,Bilal Nichols;Jaylon Johnson;Angelo Blackson;Eddie Goldman;Khalil Mack;DeAndre Houston-Carson;Trevis Gipson;Duke Shelley;Kindle Vildor;Eddie Jackson;Roquan Smith
2021_07_CHI_TB,1131,run,4.0,62.0,58.0,44.0,13:33,12:49,,21.0,0.0,2.0,1.0,"3 DL, 4 LB, 4 DB",;;;;;;;;;;,11,7,,,,,00-0033921;00-0030829;00-0032243;00-0036406;00-0019596;00-0032217;00-0031408;00-0034678;00-0029895;00-0034816;00-0033879,Chris Godwin Jr.;Josh Wells;Ali Marpet;Tristan Wirfs;Tom Brady;Donovan Smith;Mike Evans;Alex Cappa;Ryan Jensen;Ronald Jones;O.J. Howard,00-0034387;00-0036292;00-0032107;00-0031551;00-0031040;00-0032790;00-0036305;00-0036307;00-0031130;00-0033784;00-0034874,Bilal Nichols;Jaylon Johnson;Angelo Blackson;Eddie Goldman;Khalil Mack;DeAndre Houston-Carson;Trevis Gipson;Kindle Vildor;Christian Jones;Eddie Jackson;Roquan Smith
2021_07_CHI_TB,1154,pass,0.0,58.0,58.0,4.0,12:49,12:45,,21.0,0.0,1.0,10.0,"2 DL, 4 LB, 5 DB",;;;;;;;;;;,11,6,4,ZONE_COVERAGE,COVER_6,True,00-0033921;00-0032243;00-0036406;00-0019596;00-0032217;00-0033856;00-0031408;00-0031273;00-0034678;00-0029895;00-0036427,Chris Godwin Jr.;Ali Marpet;Tristan Wirfs;Tom Brady;Donovan Smith;Leonard Fournette;Mike Evans;Cameron Brate;Alex Cappa;Ryan Jensen;Tyler Johnson,00-0034387;00-0030527;00-0036292;00-0031551;00-0031040;00-0032790;00-0036305;00-0035696;00-0036307;00-0033784;00-0034874,Bilal Nichols;Alec Ogletree;Jaylon Johnson;Eddie Goldman;Khalil Mack;DeAndre Houston-Carson;Trevis Gipson;Duke Shelley;Kindle Vildor;Eddie Jackson;Roquan Smith
2021_07_CHI_TB,1176,pass,0.0,58.0,58.0,4.0,12:45,12:41,,21.0,0.0,2.0,10.0,"2 DL, 4 LB, 5 DB",;;;;;;;;;;,11,6,6,MAN_COVERAGE,COVER_1,False,00-0033921;00-0032243;00-0036406;00-0019596;00-0032217;00-0033856;00-0031273;00-0031408;00-0034678;00-0029895;00-0036427,Chris Godwin Jr.;Ali Marpet;Tristan Wirfs;Tom Brady;Donovan Smith;Leonard Fournette;Cameron Brate;Mike Evans;Alex Cappa;Ryan Jensen;Tyler Johnson,00-0034387;00-0030527;00-0036292;00-0031551;00-0031040;00-0032790;00-0036305;00-0035696;00-0036307;00-0033784;00-0034874,Bilal Nichols;Alec Ogletree;Jaylon Johnson;Eddie Goldman;Khalil Mack;DeAndre Houston-Carson;Trevis Gipson;Duke Shelley;Kindle Vildor;Eddie Jackson;Roquan Smith
2021_07_CHI_TB,1198,pass,0.0,58.0,58.0,6.0,12:41,12:35,,21.0,0.0,3.0,10.0,"2 DL, 3 LB, 6 DB",;;;;;;;;;;,11,6,5,MAN_COVERAGE,COVER_1,True,00-0033921;00-0032243;00-0036406;00-0019596;00-0032217;00-0030456;00-0031408;00-0031273;00-0034678;00-0029895;00-0033215,Chris Godwin Jr.;Ali Marpet;Tristan Wirfs;Tom Brady;Donovan Smith;Giovani Bernard;Mike Evans;Cameron Brate;Alex Cappa;Ryan Jensen;Cyril Grayson,00-0033545;00-0034387;00-0036292;00-0031551;00-0031040;00-0032790;00-0036305;00-0035696;00-0036307;00-0033784;00-0034874,Teez Tabor;Bilal Nichols;Jaylon Johnson;Eddie Goldman;Khalil Mack;DeAndre Houston-Carson;Trevis Gipson;Duke Shelley;Kindle Vildor;Eddie Jackson;Roquan Smith
2021_07_CHI_TB,1220,punt,0.0,58.0,58.0,11.0,12:35,12:24,,21.0,0.0,4.0,10.0,,;;;;;;;;;;,11,,,,,,00-0036450;00-0036643;00-0033595;00-0032065;00-0032637;00-0035254;00-0036045;00-0036672;00-0031016;00-0029959;00-0032410,Ke'Shawn Vaughn;K.J. Britt;Pat O'Connor;Bradley Pinion;Andrew Adams;Anthony Nelson;Cam Gill;Grant Stuard;Ross Cockrell;Carson Tinker;Rashard Robinson,00-0032786;00-0034372;00-0035293;00-0032265;00-0033103;00-0032791;00-0035696;00-0036705;00-0031130;00-0035562;00-0034597,Marqui Christian;Joel Iyiegbuniwe;Xavier Crawford;Mario Edwards;Artie Burns;Jakeem Grant;Duke Shelley;Sam Kamara;Christian Jones;Jesper Horsted;Ryan Nall
2021_07_CHI_TB,1245,run,6.0,71.0,65.0,38.0,12:24,11:46,,21.0,0.0,1.0,10.0,"4 DL, 4 LB, 3 DB",;;;;;;;;;;,11,8,,,,,00-0036945;00-0036290;00-0036309;00-0032135;00-0036906;00-0022531;00-0032768;00-0030068;00-0036318;00-0034347;00-0035062,Justin Fields;Cole Kmet;Darnell Mooney;Jesse James;Khalil Herbert;Jason Peters;Cody Whitehair;Marquise Goodwin;Lachavious Simmons;James Daniels;Sam Mustipher,00-0034773;00-0035699;00-0036411;00-0030386;00-0034515;00-0035707;00-0027855;00-0036967;00-0030382;00-0031101;00-0027867,Vita Vea;Jamel Dean;Antoine Winfield Jr.;William Gholston;Dee Delaney;Devin White;Ndamukong Suh;Joe Tryon-Shoyinka;Kevin Minter;Shaquil Barrett;Jason Pierre-Paul
2021_07_CHI_TB,1266,pass,6.0,65.0,59.0,39.0,11:46,11:07,,21.0,0.0,2.0,4.0,"4 DL, 3 LB, 4 DB",;;;;;;;;;;,11,7,4,ZONE_COVERAGE,COVER_2,False,00-0036945;00-0036290;00-0036309;00-0032135;00-0031428;00-0022531;00-0036906;00-0032768;00-0036318;00-0034347;00-0035062,Justin Fields;Cole Kmet;Darnell Mooney;Jesse James;Allen Robinson;Jason Peters;Khalil Herbert;Cody Whitehair;Lachavious Simmons;James Daniels;Sam Mustipher,00-0034773;00-0035699;00-0036411;00-0034374;00-0030386;00-0034515;00-0035707;00-0027855;00-0030382;00-0031101;00-0027867,Vita Vea;Jamel Dean;Antoine Winfield Jr.;Jordan Whitehead;William Gholston;Dee Delaney;Devin White;Ndamukong Suh;Kevin Minter;Shaquil Barrett;Jason Pierre-Paul
2021_07_CHI_TB,1290,pass,3.0,59.0,56.0,40.0,11:07,10:27,,21.0,0.0,1.0,10.0,"3 DL, 3 LB, 5 DB",;;;;;;;;;;,11,6,4,ZONE_COVERAGE,COVER_2,False,00-0036945;00-0036309;00-0031428;00-0022531;00-0036906;00-0032768;00-0030068;00-0036318;00-0034347;00-0034597;00-0035062,Justin Fields;Darnell Mooney;Allen Robinson;Jason Peters;Khalil Herbert;Cody Whitehair;Marquise Goodwin;Lachavious Simmons;James Daniels;Ryan Nall;Sam Mustipher,00-0034773;00-0035699;00-0036411;00-0034374;00-0034515;00-0035707;00-0027855;00-0030382;00-0031016;00-0031101;00-0027867,Vita Vea;Jamel Dean;Antoine Winfield Jr.;Jordan Whitehead;Dee Delaney;Devin White;Ndamukong Suh;Kevin Minter;Ross Cockrell;Shaquil Barrett;Jason Pierre-Paul
2021_07_CHI_TB,1314,turnover,-4.0,56.0,60.0,9.0,10:27,10:18,,21.0,0.0,2.0,7.0,"3 DL, 3 LB, 5 DB",;;;;;;;;;;,11,7,4,,,,00-0036945;00-0036290;00-0036309;00-0032135;00-0031428;00-0022531;00-0036906;00-0032768;00-0036318;00-0034347;00-0035062,Justin Fields;Cole Kmet;Darnell Mooney;Jesse James;Allen Robinson;Jason Peters;Khalil Herbert;Cody Whitehair;Lachavious Simmons;James Daniels;Sam Mustipher,00-0034773;00-0035699;00-0036411;00-0034374;00-0034515;00-0035707;00-0027855;00-0030382;00-0031016;00-0031101;00-0027867,Vita Vea;Jamel Dean;Antoine Winfield Jr.;Jordan Whitehead;Dee Delaney;Devin White;Ndamukong Suh;Kevin Minter;Ross Cockrell;Shaquil Barrett;Jason Pierre-Paul
2021_07_CHI_TB,1365,pass,0.0,25.0,25.0,4.0,10:18,10:14,,21.0,0.0,1.0,10.0,"2 DL, 4 LB, 5 DB",;;;;;;;;;;,11,6,3,ZONE_COVERAGE,COVER_6,True,00-0033921;00-0032243;00-0036406;00-0019596;00-0032217;00-0033856;00-0031408;00-0031273;00-0034678;00-0029895;00-0036427,Chris Godwin Jr.;Ali Marpet;Tristan Wirfs;Tom Brady;Donovan Smith;Leonard Fournette;Mike Evans;Cameron Brate;Alex Cappa;Ryan Jensen;Tyler Johnson,00-0034387;00-0036292;00-0032107;00-0031040;00-0032790;00-0036305;00-0035696;00-0036307;00-0033784;00-0034874;00-0029577,Bilal Nichols;Jaylon Johnson;Angelo Blackson;Khalil Mack;DeAndre Houston-Carson;Trevis Gipson;Duke Shelley;Kindle Vildor;Eddie Jackson;Roquan Smith;Danny Trevathan
2021_07_CHI_TB,1387,pass,0.0,25.0,25.0,4.0,10:14,10:10,,21.0,0.0,2.0,10.0,"2 DL, 4 LB, 5 DB",;;;;;;;;;;,11,5,4,MAN_COVERAGE,COVER_1,False,00-0033921;00-0032243;00-0036406;00-0019596;00-0032217;00-0033856;00-0034319;00-0031273;00-0034678;00-0029895;00-0033879,Chris Godwin Jr.;Ali Marpet;Tristan Wirfs;Tom Brady;Donovan Smith;Leonard Fournette;Deon Yelder;Cameron Brate;Alex Cappa;Ryan Jensen;O.J. Howard,00-0032786;00-0034387;00-0036292;00-0032107;00-0031040;00-0032790;00-0036305;00-0036307;00-0034874;00-0033784;00-0029577,Marqui Christian;Bilal Nichols;Jaylon Johnson;Angelo Blackson;Khalil Mack;DeAndre Houston-Carson;Trevis Gipson;Kindle Vildor;Roquan Smith;Eddie Jackson;Danny Trevathan
2021_07_CHI_TB,1409,pass,0.0,25.0,25.0,4.0,10:10,10:06,,21.0,0.0,3.0,10.0,"2 DL, 3 LB, 6 DB",;;;;;;;;;;,11,6,5,MAN_COVERAGE,COVER_1,True,00-0033921;00-0032243;00-0036406;00-0019596;00-0032217;00-0030456;00-0031408;00-0034678;00-0029895;00-0036427;00-0033879,Chris Godwin Jr.;Ali Marpet;Tristan Wirfs;Tom Brady;Donovan Smith;Giovani Bernard;Mike Evans;Alex Cappa;Ryan Jensen;Tyler Johnson;O.J. Howard,00-0033545;00-0032265;00-0036292;00-0032107;00-0031040;00-0032790;00-0036305;00-0035696;00-0036307;00-0033784;00-0034874,Teez Tabor;Mario Edwards;Jaylon Johnson;Angelo Blackson;Khalil Mack;DeAndre Houston-Carson;Trevis Gipson;Duke Shelley;Kindle Vildor;Eddie Jackson;Roquan Smith
2021_07_CHI_TB,1431,field_goal,0.0,25.0,25.0,5.0,10:06,10:01,,21.0,0.0,4.0,10.0,,;;;;;;;;;;,11,,,,,,00-0031957;00-0034773;00-0030829;00-0032243;00-0036406;00-0033595;00-0032217;00-0032065;00-0034678;00-0026968;00-0029959,Rakeem Nunez-Roches;Vita Vea;Josh Wells;Ali Marpet;Tristan Wirfs;Pat O'Connor;Donovan Smith;Bradley Pinion;Alex Cappa;Ryan Succop;Carson Tinker,00-0032786;00-0030449;00-0034387;00-0034372;00-0032107;00-0036909;00-0032790;00-0035696;00-0036307;00-0031130;00-0034874,Marqui Christian;Margus Hunt;Bilal Nichols;Joel Iyiegbuniwe;Angelo Blackson;Khyiris Tonga;DeAndre Houston-Carson;Duke Shelley;Kindle Vildor;Christian Jones;Roquan Smith
2021_07_CHI_TB,1451,pass,17.0,67.0,50.0,24.0,10:01,9:37,,21.0,0.0,1.0,10.0,"3 DL, 4 LB, 4 DB",;;;;;;;;;;,11,7,5,MAN_COVERAGE,COVER_1,False,00-0036945;00-0036290;00-0036309;00-0032135;00-0031428;00-0022531;00-0036906;00-0032768;00-0034347;00-0035061;00-0035062,Justin Fields;Cole Kmet;Darnell Mooney;Jesse James;Allen Robinson;Jason Peters;Khalil Herbert;Cody Whitehair;James Daniels;Alex Bars;Sam Mustipher,00-0031957;00-0035699;00-0036411;00-0034374;00-0030386;00-0034515;00-0035707;00-0027855;00-0035254;00-0036967;00-0030382,Rakeem Nunez-Roches;Jamel Dean;Antoine Winfield Jr.;Jordan Whitehead;William Gholston;Dee Delaney;Devin White;Ndamukong Suh;Anthony Nelson;Joe Tryon-Shoyinka;Kevin Minter
2021_07_CHI_TB,1475,run,13.0,50.0,37.0,26.0,9:37,9:11,,21.0,0.0,1.0,10.0,"3 DL, 4 LB, 4 DB",;;;;;;;;;;,11,8,,,,,00-0036945;00-0036290;00-0036309;00-0032135;00-0031428;00-0022531;00-0036906;00-0032768;00-0034347;00-0035061;00-0035062,Justin Fields;Cole Kmet;Darnell Mooney;Jesse James;Allen Robinson;Jason Peters;Khalil Herbert;Cody Whitehair;James Daniels;Alex Bars;Sam Mustipher,00-0031957;00-0035699;00-0036411;00-0034374;00-0030386;00-0034515;00-0035707;00-0027855;00-0035254;00-0036967;00-0030382,Rakeem Nunez-Roches;Jamel Dean;Antoine Winfield Jr.;Jordan Whitehead;William Gholston;Dee Delaney;Devin White;Ndamukong Suh;Anthony Nelson;Joe Tryon-Shoyinka;Kevin Minter
2021_07_CHI_TB,1496,run,5.0,37.0,32.0,36.0,9:11,8:35,,21.0,0.0,1.0,10.0,"3 DL, 4 LB, 4 DB",;;;;;;;;;;,11,7,4,,,,00-0036945;00-0036290;00-0036309;00-0032135;00-0031428;00-0022531;00-0036906;00-0032768;00-0034347;00-0035061;00-0035062,Justin Fields;Cole Kmet;Darnell Mooney;Jesse James;Allen Robinson;Jason Peters;Khalil Herbert;Cody Whitehair;James Daniels;Alex Bars;Sam Mustipher,00-0031957;00-0035699;00-0036411;00-0034374;00-0030386;00-0034515;00-0035707;00-0027855;00-0035254;00-0036967;00-0030382,Rakeem Nunez-Roches;Jamel Dean;Antoine Winfield Jr.;Jordan Whitehead;William Gholston;Dee Delaney;Devin White;Ndamukong Suh;Anthony Nelson;Joe Tryon-Shoyinka;Kevin Minter
2021_07_CHI_TB,1517,run,12.0,32.0,20.0,25.0,8:35,8:10,,21.0,0.0,2.0,5.0,"2 DL, 4 LB, 5 DB",;;;;;;;;;;,11,6,,,,,00-0036945;00-0036290;00-0031428;00-0022531;00-0036906;00-0032768;00-0031868;00-0030068;00-0034347;00-0035061;00-0035062,Justin Fields;Cole Kmet;Allen Robinson;Jason Peters;Khalil Herbert;Cody Whitehair;Damiere Byrd;Marquise Goodwin;James Daniels;Alex Bars;Sam Mustipher,00-0031957;00-0035699;00-0036411;00-0034374;00-0034515;00-0035707;00-0027855;00-0035254;00-0036967;00-0030382;00-0031016,Rakeem Nunez-Roches;Jamel Dean;Antoine Winfield Jr.;Jordan Whitehead;Dee Delaney;Devin White;Ndamukong Suh;Anthony Nelson;Joe Tryon-Shoyinka;Kevin Minter;Ross Cockrell
2021_07_CHI_TB,1538,run,6.0,20.0,14.0,29.0,8:10,7:41,,21.0,0.0,1.0,10.0,"3 DL, 3 LB, 5 DB",;;;;;;;;;;,11,7,,,,,00-0036945;00-0036290;00-0031428;00-0022531;00-0036906;00-0032768;00-0031868;00-0030068;00-0034347;00-0035061;00-0035062,Justin Fields;Cole Kmet;Allen Robinson;Jason Peters;Khalil Herbert;Cody Whitehair;Damiere Byrd;Marquise Goodwin;James Daniels;Alex Bars;Sam Mustipher,00-0034773;00-0035699;00-0036411;00-0034374;00-0030386;00-0034515;00-0035707;00-0030382;00-0031016;00-0031101;00-0027867,Vita Vea;Jamel Dean;Antoine Winfield Jr.;Jordan Whitehead;William Gholston;Dee Delaney;Devin White;Kevin Minter;Ross Cockrell;Shaquil Barrett;Jason Pierre-Paul
2021_07_CHI_TB,1559,pass,4.0,14.0,10.0,35.0,7:41,7:06,,21.0,0.0,2.0,4.0,"3 DL, 3 LB, 5 DB",;;;;;;;;;;,11,6,7,MAN_COVERAGE,COVER_0,False,00-0036945;00-0036290;00-0036309;00-0031428;00-0036906;00-0022531;00-0032768;00-0030068;00-0034347;00-0035061;00-0035062,Justin Fields;Cole Kmet;Darnell Mooney;Allen Robinson;Khalil Herbert;Jason Peters;Cody Whitehair;Marquise Goodwin;James Daniels;Alex Bars;Sam Mustipher,00-0034773;00-0035699;00-0036411;00-0034374;00-0030386;00-0034515;00-0035707;00-0030382;00-0031016;00-0031101;00-0027867,Vita Vea;Jamel Dean;Antoine Winfield Jr.;Jordan Whitehead;William Gholston;Dee Delaney;Devin White;Kevin Minter;Ross Cockrell;Shaquil Barrett;Jason Pierre-Paul
2021_07_CHI_TB,1583,timeout,0.0,,,0.0,7:06,7:06,CHI,21.0,0.0,,0.0,,,0,,,,,,,,,
2021_07_CHI_TB,1604,run,0.0,10.0,10.0,41.0,7:06,6:25,,21.0,0.0,1.0,10.0,"4 DL, 3 LB, 4 DB",;;;;;;;;;;,11,8,,,,,00-0036945;00-0036290;00-0036309;00-0032135;00-0022531;00-0036906;00-0032768;00-0030068;00-0034347;00-0035061;00-0035062,Justin Fields;Cole Kmet;Darnell Mooney;Jesse James;Jason Peters;Khalil Herbert;Cody Whitehair;Marquise Goodwin;James Daniels;Alex Bars;Sam Mustipher,00-0034773;00-0036411;00-0033595;00-0034374;00-0030386;00-0034515;00-0031331;00-0035707;00-0030382;00-0031101;00-0027867,Vita Vea;Antoine Winfield Jr.;Pat O'Connor;Jordan Whitehead;William Gholston;Dee Delaney;Pierre Desir;Devin White;Kevin Minter;Shaquil Barrett;Jason Pierre-Paul
2021_07_CHI_TB,1625,pass,0.0,10.0,10.0,8.0,6:25,6:17,,21.0,0.0,2.0,10.0,"3 DL, 3 LB, 5 DB",;;;;;;;;;;,11,6,6,MAN_COVERAGE,COVER_0,True,00-0036945;00-0036309;00-0032135;00-0031428;00-0022531;00-0036906;00-0032768;00-0031868;00-0034347;00-0035061;00-0035062,Justin Fields;Darnell Mooney;Jesse James;Allen Robinson;Jason Peters;Khalil Herbert;Cody Whitehair;Damiere Byrd;James Daniels;Alex Bars;Sam Mustipher,00-0034773;00-0035699;00-0036411;00-0034374;00-0030386;00-0034515;00-0035707;00-0030382;00-0031016;00-0031101;00-0027867,Vita Vea;Jamel Dean;Antoine Winfield Jr.;Jordan Whitehead;William Gholston;Dee Delaney;Devin White;Kevin Minter;Ross Cockrell;Shaquil Barrett;Jason Pierre-Paul
2021_07_CHI_TB,1659,pass,0.0,10.0,10.0,4.0,6:17,6:13,,21.0,0.0,3.0,10.0,"3 DL, 3 LB, 5 DB",;;;;;;;;;;,11,5,4,ZONE_COVERAGE,COVER_4,False,00-0036945;00-0036290;00-0032986;00-0031428;00-0022531;00-0036906;00-0032768;00-0034347;00-0035562;00-0035061;00-0035062,Justin Fields;Cole Kmet;J.P. Holtz;Allen Robinson;Jason Peters;Khalil Herbert;Cody Whitehair;James Daniels;Jesper Horsted;Alex Bars;Sam Mustipher,00-0034773;00-0035699;00-0036411;00-0034374;00-0034515;00-0035707;00-0027855;00-0030382;00-0031016;00-0031101;00-0027867,Vita Vea;Jamel Dean;Antoine Winfield Jr.;Jordan Whitehead;Dee Delaney;Devin White;Ndamukong Suh;Kevin Minter;Ross Cockrell;Shaquil Barrett;Jason Pierre-Paul
2021_07_CHI_TB,1681,field_goal,0.0,10.0,10.0,5.0,6:13,6:08,,21.0,3.0,4.0,10.0,,;;;;;;;;;;,11,,,,,,00-0036290;00-0031203;00-0032135;00-0031079;00-0032768;00-0028284;00-0036318;00-0034347;00-0036202;00-0035061;00-0035062,Cole Kmet;Cairo Santos;Jesse James;Pat O'Donnell;Cody Whitehair;Patrick Scales;Lachavious Simmons;James Daniels;Dieter Eiselen;Alex Bars;Sam Mustipher,00-0031957;00-0034773;00-0033595;00-0030386;00-0034515;00-0035707;00-0031331;00-0032637;00-0035254;00-0030382;00-0031016,Rakeem Nunez-Roches;Vita Vea;Pat O'Connor;William Gholston;Dee Delaney;Devin White;Pierre Desir;Andrew Adams;Anthony Nelson;Kevin Minter;Ross Cockrell
2021_07_CHI_TB,1700,kickoff,0.0,35.0,35.0,0.0,6:08,6:08,,21.0,3.0,,0.0,,;;;;;;;;;;,11,,,,,,00-0032786;00-0033545;00-0031203;00-0034372;00-0035293;00-0033103;00-0035696;00-0036705;00-0031130;00-0035562;00-0034597,Marqui Christian;Teez Tabor;Cairo Santos;Joel Iyiegbuniwe;Xavier Crawford;Artie Burns;Duke Shelley;Sam Kamara;Christian Jones;Jesper Horsted;Ryan Nall,00-0036450;00-0036643;00-0033595;00-0032637;00-0030456;00-0035254;00-0036045;00-0036967;00-0036877;00-0036672;00-0032410,Ke'Shawn Vaughn;K.J. Britt;Pat O'Connor;Andrew Adams;Giovani Bernard;Anthony Nelson;Cam Gill;Joe Tryon-Shoyinka;Jaelon Darden;Grant Stuard;Rashard Robinson
2021_07_CHI_TB,1715,run,11.0,75.0,64.0,35.0,6:08,5:33,,21.0,3.0,1.0,10.0,"2 DL, 4 LB, 5 DB",;;;;;;;;;;,11,6,,,,,00-0033921;00-0032243;00-0036406;00-0019596;00-0032217;00-0033856;00-0031273;00-0034678;00-0036877;00-0029895;00-0036427,Chris Godwin Jr.;Ali Marpet;Tristan Wirfs;Tom Brady;Donovan Smith;Leonard Fournette;Cameron Brate;Alex Cappa;Jaelon Darden;Ryan Jensen;Tyler Johnson,00-0034387;00-0030527;00-0036292;00-0036909;00-0032790;00-0036305;00-0035696;00-0036705;00-0036307;00-0033784;00-0034874,Bilal Nichols;Alec Ogletree;Jaylon Johnson;Khyiris Tonga;DeAndre Houston-Carson;Trevis Gipson;Duke Shelley;Sam Kamara;Kindle Vildor;Eddie Jackson;Roquan Smith
2021_07_CHI_TB,1736,run,6.0,64.0,58.0,39.0,5:33,4:54,,21.0,3.0,1.0,10.0,"2 DL, 4 LB, 5 DB",;;;;;;;;;;,11,7,,,,,00-0033921;00-0032243;00-0036406;00-0019596;00-0032217;00-0033856;00-0031408;00-0031273;00-0034678;00-0029895;00-0033879,Chris Godwin Jr.;Ali Marpet;Tristan Wirfs;Tom Brady;Donovan Smith;Leonard Fournette;Mike Evans;Cameron Brate;Alex Cappa;Ryan Jensen;O.J. Howard,00-0032786;00-0034387;00-0030527;00-0036292;00-0036909;00-0032790;00-0036305;00-0036705;00-0036307;00-0033784;00-0034874,Marqui Christian;Bilal Nichols;Alec Ogletree;Jaylon Johnson;Khyiris Tonga;DeAndre Houston-Carson;Trevis Gipson;Sam Kamara;Kindle Vildor;Eddie Jackson;Roquan Smith
2021_07_CHI_TB,1757,pass,10.0,58.0,48.0,43.0,4:54,4:11,,21.0,3.0,2.0,4.0,"2 DL, 4 LB, 5 DB",;;;;;;;;;;,11,7,4,ZONE_COVERAGE,COVER_3,False,00-0033921;00-0032243;00-0036406;00-0019596;00-0032217;00-0033856;00-0031408;00-0031273;00-0034678;00-0029895;00-0033879,Chris Godwin Jr.;Ali Marpet;Tristan Wirfs;Tom Brady;Donovan Smith;Leonard Fournette;Mike Evans;Cameron Brate;Alex Cappa;Ryan Jensen;O.J. Howard,00-0032786;00-0034387;00-0030527;00-0036292;00-0036909;00-0032790;00-0036305;00-0036705;00-0036307;00-0033784;00-0034874,Marqui Christian;Bilal Nichols;Alec Ogletree;Jaylon Johnson;Khyiris Tonga;DeAndre Houston-Carson;Trevis Gipson;Sam Kamara;Kindle Vildor;Eddie Jackson;Roquan Smith
2021_07_CHI_TB,1781,pass,46.0,48.0,2.0,33.0,4:11,3:38,,21.0,3.0,1.0,10.0,"2 DL, 4 LB, 5 DB",;;;;;;;;;;,11,6,4,MAN_COVERAGE,COVER_1,False,00-0032243;00-0036406;00-0019596;00-0032217;00-0033856;00-0031408;00-0034678;00-0029895;00-0036427;00-0033215;00-0033879,Ali Marpet;Tristan Wirfs;Tom Brady;Donovan Smith;Leonard Fournette;Mike Evans;Alex Cappa;Ryan Jensen;Tyler Johnson;Cyril Grayson;O.J. Howard,00-0034387;00-0030527;00-0036292;00-0036909;00-0032790;00-0036305;00-0035696;00-0036705;00-0036307;00-0034874;00-0033784,Bilal Nichols;Alec Ogletree;Jaylon Johnson;Khyiris Tonga;DeAndre Houston-Carson;Trevis Gipson;Duke Shelley;Sam Kamara;Kindle Vildor;Roquan Smith;Eddie Jackson
2021_07_CHI_TB,1805,pass,2.0,2.0,0.0,3.0,3:38,3:35,,27.0,3.0,1.0,2.0,"2 DL, 4 LB, 5 DB",;;;;;;;;;;,11,8,4,MAN_COVERAGE,COVER_0,False,00-0032243;00-0036406;00-0019596;00-0032217;00-0033856;00-0031408;00-0034678;00-0029895;00-0036427;00-0033879;00-0033215,Ali Marpet;Tristan Wirfs;Tom Brady;Donovan Smith;Leonard Fournette;Mike Evans;Alex Cappa;Ryan Jensen;Tyler Johnson;O.J. Howard;Cyril Grayson,00-0034387;00-0030527;00-0036292;00-0031040;00-0036909;00-0032790;00-0036305;00-0035696;00-0036307;00-0033784;00-0034874,Bilal Nichols;Alec Ogletree;Jaylon Johnson;Khalil Mack;Khyiris Tonga;DeAndre Houston-Carson;Trevis Gipson;Duke Shelley;Kindle Vildor;Eddie Jackson;Roquan Smith
2021_07_CHI_TB,1830,extra_point,0.0,15.0,15.0,0.0,3:35,3:35,,28.0,3.0,,0.0,,;;;;;;;;;;,11,,,,,,00-0031957;00-0034773;00-0030829;00-0032243;00-0036406;00-0033595;00-0032217;00-0032065;00-0034678;00-0026968;00-0029959,Rakeem Nunez-Roches;Vita Vea;Josh Wells;Ali Marpet;Tristan Wirfs;Pat O'Connor;Donovan Smith;Bradley Pinion;Alex Cappa;Ryan Succop;Carson Tinker,00-0032786;00-0030449;00-0034387;00-0034372;00-0035293;00-0032107;00-0036909;00-0032790;00-0036307;00-0031130;00-0034874,Marqui Christian;Margus Hunt;Bilal Nichols;Joel Iyiegbuniwe;Xavier Crawford;Angelo Blackson;Khyiris Tonga;DeAndre Houston-Carson;Kindle Vildor;Christian Jones;Roquan Smith
2021_07_CHI_TB,1846,kickoff,0.0,35.0,35.0,0.0,3:35,3:35,,28.0,3.0,,0.0,,;;;;;;;;;;,11,,,,,,00-0036450;00-0036643;00-0033595;00-0034515;00-0031331;00-0032065;00-0032637;00-0035254;00-0036045;00-0036672;00-0032410,Ke'Shawn Vaughn;K.J. Britt;Pat O'Connor;Dee Delaney;Pierre Desir;Bradley Pinion;Andrew Adams;Anthony Nelson;Cam Gill;Grant Stuard;Rashard Robinson,00-0032786;00-0033545;00-0036290;00-0032135;00-0034372;00-0032986;00-0032791;00-0036705;00-0031130;00-0035562;00-0034597,Marqui Christian;Teez Tabor;Cole Kmet;Jesse James;Joel Iyiegbuniwe;J.P. Holtz;Jakeem Grant;Sam Kamara;Christian Jones;Jesper Horsted;Ryan Nall
2021_07_CHI_TB,1861,run,6.0,75.0,69.0,24.0,3:35,3:11,,28.0,3.0,1.0,10.0,"3 DL, 3 LB, 5 DB",;;;;;;;;;;,11,5,,,,,00-0036945;00-0036290;00-0036309;00-0031428;00-0022531;00-0036906;00-0032768;00-0030068;00-0034347;00-0035061;00-0035062,Justin Fields;Cole Kmet;Darnell Mooney;Allen Robinson;Jason Peters;Khalil Herbert;Cody Whitehair;Marquise Goodwin;James Daniels;Alex Bars;Sam Mustipher,00-0034773;00-0035699;00-0036411;00-0034374;00-0034515;00-0035707;00-0027855;00-0030382;00-0031016;00-0031101;00-0027867,Vita Vea;Jamel Dean;Antoine Winfield Jr.;Jordan Whitehead;Dee Delaney;Devin White;Ndamukong Suh;Kevin Minter;Ross Cockrell;Shaquil Barrett;Jason Pierre-Paul
2021_07_CHI_TB,1882,pass,12.0,69.0,57.0,25.0,3:11,2:46,,28.0,3.0,2.0,4.0,"3 DL, 3 LB, 5 DB",;;;;;;;;;;,11,6,5,ZONE_COVERAGE,COVER_2,False,00-0036945;00-0036290;00-0036309;00-0031428;00-0022531;00-0036906;00-0032768;00-0030068;00-0034347;00-0035061;00-0035062,Justin Fields;Cole Kmet;Darnell Mooney;Allen Robinson;Jason Peters;Khalil Herbert;Cody Whitehair;Marquise Goodwin;James Daniels;Alex Bars;Sam Mustipher,00-0034773;00-0035699;00-0036411;00-0034374;00-0034515;00-0035707;00-0027855;00-0030382;00-0031016;00-0031101;00-0027867,Vita Vea;Jamel Dean;Antoine Winfield Jr.;Jordan Whitehead;Dee Delaney;Devin White;Ndamukong Suh;Kevin Minter;Ross Cockrell;Shaquil Barrett;Jason Pierre-Paul
2021_07_CHI_TB,1906,run,0.0,57.0,57.0,24.0,2:46,2:22,,28.0,3.0,1.0,10.0,"3 DL, 3 LB, 5 DB",;;;;;;;;;;,11,6,,,,,00-0036945;00-0036290;00-0036309;00-0031428;00-0036906;00-0022531;00-0032768;00-0030068;00-0034347;00-0035061;00-0035062,Justin Fields;Cole Kmet;Darnell Mooney;Allen Robinson;Khalil Herbert;Jason Peters;Cody Whitehair;Marquise Goodwin;James Daniels;Alex Bars;Sam Mustipher,00-0034773;00-0035699;00-0036411;00-0034374;00-0034515;00-0035707;00-0027855;00-0030382;00-0031016;00-0031101;00-0027867,Vita Vea;Jamel Dean;Antoine Winfield Jr.;Jordan Whitehead;Dee Delaney;Devin White;Ndamukong Suh;Kevin Minter;Ross Cockrell;Shaquil Barrett;Jason Pierre-Paul
2021_07_CHI_TB,1932,pass,0.0,59.0,59.0,4.0,2:22,2:18,,28.0,3.0,2.0,12.0,"3 DL, 3 LB, 5 DB",;;;;;;;;;;,11,6,4,ZONE_COVERAGE,COVER_6,False,00-0036945;00-0036290;00-0036309;00-0031428;00-0022531;00-0036906;00-0032768;00-0030068;00-0034347;00-0035061;00-0035062,Justin Fields;Cole Kmet;Darnell Mooney;Allen Robinson;Jason Peters;Khalil Herbert;Cody Whitehair;Marquise Goodwin;James Daniels;Alex Bars;Sam Mustipher,00-0034773;00-0035699;00-0036411;00-0034374;00-0034515;00-0035707;00-0027855;00-0030382;00-0031016;00-0031101;00-0027867,Vita Vea;Jamel Dean;Antoine Winfield Jr.;Jordan Whitehead;Dee Delaney;Devin White;Ndamukong Suh;Kevin Minter;Ross Cockrell;Shaquil Barrett;Jason Pierre-Paul
2021_07_CHI_TB,1954,run,8.0,59.0,51.0,18.0,2:18,2:00,,28.0,3.0,3.0,12.0,"2 DL, 3 LB, 6 DB",;;;;;;;;;;,11,5,3,,,,00-0036945;00-0036309;00-0032135;00-0031428;00-0022531;00-0036906;00-0032768;00-0031868;00-0034347;00-0035061;00-0035062,Justin Fields;Darnell Mooney;Jesse James;Allen Robinson;Jason Peters;Khalil Herbert;Cody Whitehair;Damiere Byrd;James Daniels;Alex Bars;Sam Mustipher,00-0035699;00-0036411;00-0035681;00-0034515;00-0031331;00-0035707;00-0027855;00-0036967;00-0031016;00-0031101;00-0027867,Jamel Dean;Antoine Winfield Jr.;Mike Edwards;Dee Delaney;Pierre Desir;Devin White;Ndamukong Suh;Joe Tryon-Shoyinka;Ross Cockrell;Shaquil Barrett;Jason Pierre-Paul
2021_07_CHI_TB,1997,pass,-1.0,51.0,52.0,6.0,2:00,1:54,,28.0,3.0,4.0,4.0,"3 DL, 3 LB, 5 DB",;;;;;;;;;;,11,6,5,,,,00-0036945;00-0036290;00-0036309;00-0031428;00-0022531;00-0036906;00-0032768;00-0031868;00-0034347;00-0035061;00-0035062,Justin Fields;Cole Kmet;Darnell Mooney;Allen Robinson;Jason Peters;Khalil Herbert;Cody Whitehair;Damiere Byrd;James Daniels;Alex Bars;Sam Mustipher,00-0031957;00-0035699;00-0036411;00-0035681;00-0030386;00-0034515;00-0035707;00-0030382;00-0031016;00-0031101;00-0027867,Rakeem Nunez-Roches;Jamel Dean;Antoine Winfield Jr.;Mike Edwards;William Gholston;Dee Delaney;Devin White;Kevin Minter;Ross Cockrell;Shaquil Barrett;Jason Pierre-Paul
2021_07_CHI_TB,2016,pass,0.0,48.0,48.0,7.0,1:54,1:47,,28.0,3.0,1.0,10.0,"2 DL, 3 LB, 6 DB",;;;;;;;;;;,11,6,4,ZONE_COVERAGE,COVER_6,True,00-0033921;00-0032243;00-0036406;00-0019596;00-0032217;00-0031273;00-0030456;00-0031408;00-0034678;00-0029895;00-0033215,Chris Godwin Jr.;Ali Marpet;Tristan Wirfs;Tom Brady;Donovan Smith;Cameron Brate;Giovani Bernard;Mike Evans;Alex Cappa;Ryan Jensen;Cyril Grayson,00-0033545;00-0032265;00-0036292;00-0032107;00-0031040;00-0032790;00-0036305;00-0035696;00-0036307;00-0033784;00-0034874,Teez Tabor;Mario Edwards;Jaylon Johnson;Angelo Blackson;Khalil Mack;DeAndre Houston-Carson;Trevis Gipson;Duke Shelley;Kindle Vildor;Eddie Jackson;Roquan Smith
2021_07_CHI_TB,2038,pass,9.0,48.0,39.0,6.0,1:47,1:41,,28.0,3.0,2.0,10.0,"2 DL, 3 LB, 6 DB",;;;;;;;;;;,11,5,4,ZONE_COVERAGE,COVER_2,False,00-0033921;00-0032243;00-0036406;00-0019596;00-0032217;00-0030456;00-0031273;00-0034678;00-0036877;00-0029895;00-0036427,Chris Godwin Jr.;Ali Marpet;Tristan Wirfs;Tom Brady;Donovan Smith;Giovani Bernard;Cameron Brate;Alex Cappa;Jaelon Darden;Ryan Jensen;Tyler Johnson,00-0033545;00-0032265;00-0036292;00-0032107;00-0031040;00-0032790;00-0036305;00-0035696;00-0036307;00-0033784;00-0034874,Teez Tabor;Mario Edwards;Jaylon Johnson;Angelo Blackson;Khalil Mack;DeAndre Houston-Carson;Trevis Gipson;Duke Shelley;Kindle Vildor;Eddie Jackson;Roquan Smith
2021_07_CHI_TB,2062,timeout,0.0,,,0.0,1:41,1:41,TB,28.0,3.0,,0.0,,,0,,,,,,,,,
2021_07_CHI_TB,2079,no_play,0.0,39.0,39.0,6.0,1:41,1:35,,28.0,3.0,3.0,1.0,"2 DL, 4 LB, 5 DB",;;;;;;;;;;,11,,,,,,00-0033921;00-0032243;00-0036406;00-0019596;00-0032217;00-0031273;00-0031408;00-0030456;00-0034678;00-0029895;00-0036427,Chris Godwin Jr.;Ali Marpet;Tristan Wirfs;Tom Brady;Donovan Smith;Cameron Brate;Mike Evans;Giovani Bernard;Alex Cappa;Ryan Jensen;Tyler Johnson,00-0034387;00-0030527;00-0036292;00-0031551;00-0031040;00-0032790;00-0036305;00-0035696;00-0036307;00-0033784;00-0034874,Bilal Nichols;Alec Ogletree;Jaylon Johnson;Eddie Goldman;Khalil Mack;DeAndre Houston-Carson;Trevis Gipson;Duke Shelley;Kindle Vildor;Eddie Jackson;Roquan Smith
2021_07_CHI_TB,2112,pass,14.0,34.0,20.0,24.0,1:35,1:11,,28.0,3.0,1.0,10.0,"2 DL, 4 LB, 5 DB",;;;;;;;;;;,11,6,4,ZONE_COVERAGE,COVER_6,False,00-0033921;00-0032243;00-0036406;00-0019596;00-0032217;00-0031273;00-0030456;00-0034678;00-0036877;00-0029895;00-0036427,Chris Godwin Jr.;Ali Marpet;Tristan Wirfs;Tom Brady;Donovan Smith;Cameron Brate;Giovani Bernard;Alex Cappa;Jaelon Darden;Ryan Jensen;Tyler Johnson,00-0034387;00-0030527;00-0036292;00-0031551;00-0031040;00-0032790;00-0036305;00-0035696;00-0036307;00-0033784;00-0034874,Bilal Nichols;Alec Ogletree;Jaylon Johnson;Eddie Goldman;Khalil Mack;DeAndre Houston-Carson;Trevis Gipson;Duke Shelley;Kindle Vildor;Eddie Jackson;Roquan Smith
2021_07_CHI_TB,2136,pass,0.0,20.0,20.0,3.0,1:11,1:08,,28.0,3.0,1.0,10.0,"2 DL, 4 LB, 5 DB",;;;;;;;;;;,11,6,4,ZONE_COVERAGE,COVER_6,True,00-0033921;00-0032243;00-0036406;00-0019596;00-0032217;00-0030456;00-0031273;00-0034678;00-0036877;00-0029895;00-0036427,Chris Godwin Jr.;Ali Marpet;Tristan Wirfs;Tom Brady;Donovan Smith;Giovani Bernard;Cameron Brate;Alex Cappa;Jaelon Darden;Ryan Jensen;Tyler Johnson,00-0034387;00-0030527;00-0036292;00-0031551;00-0031040;00-0032790;00-0036305;00-0035696;00-0036307;00-0033784;00-0034874,Bilal Nichols;Alec Ogletree;Jaylon Johnson;Eddie Goldman;Khalil Mack;DeAndre Houston-Carson;Trevis Gipson;Duke Shelley;Kindle Vildor;Eddie Jackson;Roquan Smith
2021_07_CHI_TB,2158,pass,0.0,20.0,20.0,8.0,1:08,1:00,,28.0,3.0,2.0,10.0,"2 DL, 4 LB, 5 DB",;;;;;;;;;;,11,6,4,MAN_COVERAGE,COVER_1,False,00-0033921;00-0032243;00-0036406;00-0019596;00-0032217;00-0033856;00-0031273;00-0034678;00-0036877;00-0029895;00-0036427,Chris Godwin Jr.;Ali Marpet;Tristan Wirfs;Tom Brady;Donovan Smith;Leonard Fournette;Cameron Brate;Alex Cappa;Jaelon Darden;Ryan Jensen;Tyler Johnson,00-0034387;00-0030527;00-0036292;00-0031551;00-0031040;00-0032790;00-0035696;00-0036705;00-0036307;00-0033784;00-0034874,Bilal Nichols;Alec Ogletree;Jaylon Johnson;Eddie Goldman;Khalil Mack;DeAndre Houston-Carson;Duke Shelley;Sam Kamara;Kindle Vildor;Eddie Jackson;Roquan Smith
2021_07_CHI_TB,2182,timeout,0.0,,,0.0,1:00,1:00,TB,28.0,3.0,,0.0,,,0,,,,,,,,,
2021_07_CHI_TB,2199,pass,9.0,20.0,11.0,20.0,1:00,0:40,,28.0,3.0,3.0,10.0,"2 DL, 3 LB, 6 DB",;;;;;;;;;;,11,5,4,MAN_COVERAGE,COVER_1,True,00-0033921;00-0032243;00-0036406;00-0019596;00-0032217;00-0033856;00-0031408;00-0031273;00-0034678;00-0029895;00-0033215,Chris Godwin Jr.;Ali Marpet;Tristan Wirfs;Tom Brady;Donovan Smith;Leonard Fournette;Mike Evans;Cameron Brate;Alex Cappa;Ryan Jensen;Cyril Grayson,00-0033545;00-0032265;00-0036292;00-0032107;00-0031040;00-0032790;00-0035696;00-0036705;00-0036307;00-0033784;00-0034874,Teez Tabor;Mario Edwards;Jaylon Johnson;Angelo Blackson;Khalil Mack;DeAndre Houston-Carson;Duke Shelley;Sam Kamara;Kindle Vildor;Eddie Jackson;Roquan Smith
2021_07_CHI_TB,2223,timeout,0.0,,,0.0,0:40,0:40,CHI,28.0,3.0,,0.0,,,0,,,,,,,,,
2021_07_CHI_TB,2240,run,3.0,11.0,8.0,18.0,0:40,0:22,,28.0,3.0,4.0,1.0,"3 DL, 3 LB, 5 DB",;;;;;;;;;;,11,8,,,,,00-0033921;00-0032243;00-0036406;00-0019596;00-0032217;00-0033856;00-0031408;00-0034678;00-0029895;00-0036427;00-0033879,Chris Godwin Jr.;Ali Marpet;Tristan Wirfs;Tom Brady;Donovan Smith;Leonard Fournette;Mike Evans;Alex Cappa;Ryan Jensen;Tyler Johnson;O.J. Howard,00-0034387;00-0036292;00-0032107;00-0036909;00-0032790;00-0036305;00-0035696;00-0036705;00-0036307;00-0034874;00-0033784,Bilal Nichols;Jaylon Johnson;Angelo Blackson;Khyiris Tonga;DeAndre Houston-Carson;Trevis Gipson;Duke Shelley;Sam Kamara;Kindle Vildor;Roquan Smith;Eddie Jackson
2021_07_CHI_TB,2261,pass,0.0,8.0,8.0,3.0,0:22,0:19,,28.0,3.0,1.0,8.0,"3 DL, 3 LB, 5 DB",;;;;;;;;;;,11,6,5,MAN_COVERAGE,COVER_1,False,00-0033921;00-0032243;00-0036406;00-0019596;00-0032217;00-0033856;00-0031408;00-0034678;00-0029895;00-0036427;00-0033879,Chris Godwin Jr.;Ali Marpet;Tristan Wirfs;Tom Brady;Donovan Smith;Leonard Fournette;Mike Evans;Alex Cappa;Ryan Jensen;Tyler Johnson;O.J. Howard,00-0034387;00-0036292;00-0032107;00-0036909;00-0032790;00-0036305;00-0035696;00-0036705;00-0036307;00-0034874;00-0033784,Bilal Nichols;Jaylon Johnson;Angelo Blackson;Khyiris Tonga;DeAndre Houston-Carson;Trevis Gipson;Duke Shelley;Sam Kamara;Kindle Vildor;Roquan Smith;Eddie Jackson
2021_07_CHI_TB,2283,pass,0.0,8.0,8.0,5.0,0:19,0:14,,28.0,3.0,2.0,8.0,"2 DL, 4 LB, 5 DB",;;;;;;;;;;,11,6,4,MAN_COVERAGE,COVER_1,False,00-0033921;00-0032243;00-0036406;00-0019596;00-0032217;00-0033856;00-0031408;00-0031273;00-0034678;00-0029895;00-0036427,Chris Godwin Jr.;Ali Marpet;Tristan Wirfs;Tom Brady;Donovan Smith;Leonard Fournette;Mike Evans;Cameron Brate;Alex Cappa;Ryan Jensen;Tyler Johnson,00-0034387;00-0030527;00-0036292;00-0032107;00-0032790;00-0036305;00-0035696;00-0036705;00-0036307;00-0033784;00-0034874,Bilal Nichols;Alec Ogletree;Jaylon Johnson;Angelo Blackson;DeAndre Houston-Carson;Trevis Gipson;Duke Shelley;Sam Kamara;Kindle Vildor;Eddie Jackson;Roquan Smith
2021_07_CHI_TB,2305,pass,8.0,8.0,0.0,5.0,0:14,0:09,,34.0,3.0,3.0,8.0,"2 DL, 4 LB, 5 DB",;;;;;;;;;;,11,6,3,ZONE_COVERAGE,COVER_3,True,00-0033921;00-0032243;00-0036406;00-0019596;00-0032217;00-0033856;00-0031273;00-0031408;00-0034678;00-0029895;00-0036427,Chris Godwin Jr.;Ali Marpet;Tristan Wirfs;Tom Brady;Donovan Smith;Leonard Fournette;Cameron Brate;Mike Evans;Alex Cappa;Ryan Jensen;Tyler Johnson,00-0034387;00-0030527;00-0036292;00-0032107;00-0031040;00-0032790;00-0035696;00-0036307;00-0031130;00-0033784;00-0034874,Bilal Nichols;Alec Ogletree;Jaylon Johnson;Angelo Blackson;Khalil Mack;DeAndre Houston-Carson;Duke Shelley;Kindle Vildor;Christian Jones;Eddie Jackson;Roquan Smith
2021_07_CHI_TB,2330,extra_point,0.0,15.0,15.0,0.0,0:09,0:09,,35.0,3.0,,0.0,,;;;;;;;;;;,11,,,,,,00-0031957;00-0034773;00-0030829;00-0032243;00-0036406;00-0033595;00-0032217;00-0032065;00-0034678;00-0026968;00-0029959,Rakeem Nunez-Roches;Vita Vea;Josh Wells;Ali Marpet;Tristan Wirfs;Pat O'Connor;Donovan Smith;Bradley Pinion;Alex Cappa;Ryan Succop;Carson Tinker,00-0032786;00-0030449;00-0034387;00-0034372;00-0035293;00-0032107;00-0036909;00-0032790;00-0036307;00-0031130;00-0034874,Marqui Christian;Margus Hunt;Bilal Nichols;Joel Iyiegbuniwe;Xavier Crawford;Angelo Blackson;Khyiris Tonga;DeAndre Houston-Carson;Kindle Vildor;Christian Jones;Roquan Smith
2021_07_CHI_TB,2346,kickoff,0.0,35.0,35.0,0.0,0:09,0:09,,35.0,3.0,,0.0,,;;;;;;;;;;,11,,,,,,00-0036450;00-0036643;00-0033595;00-0034515;00-0031331;00-0032065;00-0032637;00-0035254;00-0036045;00-0036672;00-0032410,Ke'Shawn Vaughn;K.J. Britt;Pat O'Connor;Dee Delaney;Pierre Desir;Bradley Pinion;Andrew Adams;Anthony Nelson;Cam Gill;Grant Stuard;Rashard Robinson,00-0032786;00-0033545;00-0036290;00-0032135;00-0034372;00-0032986;00-0032791;00-0036705;00-0031130;00-0035562;00-0034597,Marqui Christian;Teez Tabor;Cole Kmet;Jesse James;Joel Iyiegbuniwe;J.P. Holtz;Jakeem Grant;Sam Kamara;Christian Jones;Jesper Horsted;Ryan Nall
2021_07_CHI_TB,2361,run,8.0,75.0,67.0,9.0,0:09,0:00,,35.0,3.0,1.0,10.0,"2 DL, 4 LB, 5 DB",;;;;;;;;;;,11,6,,,,,00-0036945;00-0036290;00-0036309;00-0031428;00-0022531;00-0036906;00-0032768;00-0031868;00-0034347;00-0035061;00-0035062,Justin Fields;Cole Kmet;Darnell Mooney;Allen Robinson;Jason Peters;Khalil Herbert;Cody Whitehair;Damiere Byrd;James Daniels;Alex Bars;Sam Mustipher,00-0034773;00-0035699;00-0036411;00-0034374;00-0030386;00-0034515;00-0035707;00-0035254;00-0036967;00-0030382;00-0031016,Vita Vea;Jamel Dean;Antoine Winfield Jr.;Jordan Whitehead;William Gholston;Dee Delaney;Devin White;Anthony Nelson;Joe Tryon-Shoyinka;Kevin Minter;Ross Cockrell
2021_07_CHI_TB,2382,start_quarter_3,,,,0.0,0:00,0:00,,35.0,3.0,,0.0,,,0,,,,,,,,,
2021_07_CHI_TB,2401,kickoff,0.0,35.0,35.0,4.0,15:00,14:56,,35.0,3.0,,0.0,,;;;;;;;;;;,11,,,,,,00-0032786;00-0033545;00-0031203;00-0034372;00-0035293;00-0033103;00-0035696;00-0036705;00-0031130;00-0035562;00-0034597,Marqui Christian;Teez Tabor;Cairo Santos;Joel Iyiegbuniwe;Xavier Crawford;Artie Burns;Duke Shelley;Sam Kamara;Christian Jones;Jesper Horsted;Ryan Nall,00-0036450;00-0036643;00-0033595;00-0032637;00-0030456;00-0035254;00-0036045;00-0036967;00-0036877;00-0036672;00-0032410,Ke'Shawn Vaughn;K.J. Britt;Pat O'Connor;Andrew Adams;Giovani Bernard;Anthony Nelson;Cam Gill;Joe Tryon-Shoyinka;Jaelon Darden;Grant Stuard;Rashard Robinson
2021_07_CHI_TB,2423,pass,9.0,83.0,74.0,23.0,14:56,14:33,,35.0,3.0,1.0,10.0,"2 DL, 4 LB, 5 DB",;;;;;;;;;;,11,6,4,ZONE_COVERAGE,COVER_6,False,00-0033921;00-0032243;00-0036406;00-0019596;00-0032217;00-0033856;00-0031408;00-0034678;00-0029895;00-0036427;00-0033879,Chris Godwin Jr.;Ali Marpet;Tristan Wirfs;Tom Brady;Donovan Smith;Leonard Fournette;Mike Evans;Alex Cappa;Ryan Jensen;Tyler Johnson;O.J. Howard,00-0034387;00-0030527;00-0036292;00-0031551;00-0031040;00-0032790;00-0036305;00-0035696;00-0036307;00-0033784;00-0034874,Bilal Nichols;Alec Ogletree;Jaylon Johnson;Eddie Goldman;Khalil Mack;DeAndre Houston-Carson;Trevis Gipson;Duke Shelley;Kindle Vildor;Eddie Jackson;Roquan Smith
2021_07_CHI_TB,2447,run,8.0,74.0,66.0,21.0,14:33,14:12,,35.0,3.0,2.0,1.0,"2 DL, 4 LB, 5 DB",;;;;;;;;;;,11,6,,,,,00-0033921;00-0032243;00-0036406;00-0019596;00-0032217;00-0033856;00-0031408;00-0034678;00-0029895;00-0036427;00-0033879,Chris Godwin Jr.;Ali Marpet;Tristan Wirfs;Tom Brady;Donovan Smith;Leonard Fournette;Mike Evans;Alex Cappa;Ryan Jensen;Tyler Johnson;O.J. Howard,00-0034387;00-0030527;00-0036292;00-0031551;00-0031040;00-0032790;00-0036305;00-0035696;00-0036307;00-0033784;00-0034874,Bilal Nichols;Alec Ogletree;Jaylon Johnson;Eddie Goldman;Khalil Mack;DeAndre Houston-Carson;Trevis Gipson;Duke Shelley;Kindle Vildor;Eddie Jackson;Roquan Smith
2021_07_CHI_TB,2468,run,12.0,66.0,54.0,26.0,14:12,13:46,,35.0,3.0,1.0,10.0,"2 DL, 4 LB, 5 DB",;;;;;;;;;;,11,6,,,,,00-0033921;00-0032243;00-0036406;00-0019596;00-0032217;00-0033856;00-0031408;00-0034678;00-0029895;00-0036427;00-0033879,Chris Godwin Jr.;Ali Marpet;Tristan Wirfs;Tom Brady;Donovan Smith;Leonard Fournette;Mike Evans;Alex Cappa;Ryan Jensen;Tyler Johnson;O.J. Howard,00-0034387;00-0030527;00-0036292;00-0031551;00-0031040;00-0032790;00-0036305;00-0035696;00-0036307;00-0033784;00-0034874,Bilal Nichols;Alec Ogletree;Jaylon Johnson;Eddie Goldman;Khalil Mack;DeAndre Houston-Carson;Trevis Gipson;Duke Shelley;Kindle Vildor;Eddie Jackson;Roquan Smith
2021_07_CHI_TB,2494,run,2.0,54.0,52.0,25.0,13:46,13:21,,35.0,3.0,1.0,10.0,"2 DL, 4 LB, 5 DB",;;;;;;;;;;,11,6,,,,,00-0033921;00-0032243;00-0036406;00-0019596;00-0032217;00-0033856;00-0031408;00-0034678;00-0029895;00-0036427;00-0033879,Chris Godwin Jr.;Ali Marpet;Tristan Wirfs;Tom Brady;Donovan Smith;Leonard Fournette;Mike Evans;Alex Cappa;Ryan Jensen;Tyler Johnson;O.J. Howard,00-0034387;00-0030527;00-0036292;00-0031551;00-0031040;00-0032790;00-0036305;00-0035696;00-0036307;00-0033784;00-0034874,Bilal Nichols;Alec Ogletree;Jaylon Johnson;Eddie Goldman;Khalil Mack;DeAndre Houston-Carson;Trevis Gipson;Duke Shelley;Kindle Vildor;Eddie Jackson;Roquan Smith
2021_07_CHI_TB,2515,pass,7.0,52.0,45.0,27.0,13:21,12:54,,35.0,3.0,2.0,8.0,"2 DL, 4 LB, 5 DB",;;;;;;;;;;,11,6,4,MAN_COVERAGE,COVER_1,False,00-0033921;00-0032243;00-0036406;00-0019596;00-0032217;00-0033856;00-0031408;00-0034678;00-0029895;00-0036427;00-0033879,Chris Godwin Jr.;Ali Marpet;Tristan Wirfs;Tom Brady;Donovan Smith;Leonard Fournette;Mike Evans;Alex Cappa;Ryan Jensen;Tyler Johnson;O.J. Howard,00-0034387;00-0030527;00-0036292;00-0031551;00-0031040;00-0032790;00-0036305;00-0035696;00-0036307;00-0033784;00-0034874,Bilal Nichols;Alec Ogletree;Jaylon Johnson;Eddie Goldman;Khalil Mack;DeAndre Houston-Carson;Trevis Gipson;Duke Shelley;Kindle Vildor;Eddie Jackson;Roquan Smith
2021_07_CHI_TB,2539,run,-1.0,45.0,46.0,46.0,12:54,12:08,,35.0,3.0,3.0,1.0,"2 DL, 4 LB, 5 DB",;;;;;;;;;;,11,7,,,,,00-0033921;00-0032243;00-0036406;00-0019596;00-0032217;00-0033856;00-0031408;00-0034678;00-0029895;00-0036427;00-0033879,Chris Godwin Jr.;Ali Marpet;Tristan Wirfs;Tom Brady;Donovan Smith;Leonard Fournette;Mike Evans;Alex Cappa;Ryan Jensen;Tyler Johnson;O.J. Howard,00-0034387;00-0030527;00-0036292;00-0036909;00-0031040;00-0032790;00-0036305;00-0035696;00-0036307;00-0033784;00-0034874,Bilal Nichols;Alec Ogletree;Jaylon Johnson;Khyiris Tonga;Khalil Mack;DeAndre Houston-Carson;Trevis Gipson;Duke Shelley;Kindle Vildor;Eddie Jackson;Roquan Smith
2021_07_CHI_TB,2560,punt,0.0,46.0,46.0,8.0,12:08,12:00,,35.0,3.0,4.0,2.0,,;;;;;;;;;;,11,,,,,,00-0036450;00-0036643;00-0033595;00-0032065;00-0032637;00-0035254;00-0036045;00-0036672;00-0031016;00-0029959;00-0032410,Ke'Shawn Vaughn;K.J. Britt;Pat O'Connor;Bradley Pinion;Andrew Adams;Anthony Nelson;Cam Gill;Grant Stuard;Ross Cockrell;Carson Tinker;Rashard Robinson,00-0032786;00-0034372;00-0035293;00-0032265;00-0033103;00-0032791;00-0035696;00-0036705;00-0031130;00-0035562;00-0034597,Marqui Christian;Joel Iyiegbuniwe;Xavier Crawford;Mario Edwards;Artie Burns;Jakeem Grant;Duke Shelley;Sam Kamara;Christian Jones;Jesper Horsted;Ryan Nall
2021_07_CHI_TB,2577,run,1.0,80.0,79.0,40.0,12:00,11:20,,35.0,3.0,1.0,10.0,"4 DL, 3 LB, 4 DB",;;;;;;;;;;,11,7,,,,,00-0036945;00-0036290;00-0036309;00-0032135;00-0031428;00-0022531;00-0036906;00-0032768;00-0034347;00-0035061;00-0035062,Justin Fields;Cole Kmet;Darnell Mooney;Jesse James;Allen Robinson;Jason Peters;Khalil Herbert;Cody Whitehair;James Daniels;Alex Bars;Sam Mustipher,00-0034773;00-0035699;00-0036411;00-0034374;00-0030386;00-0034515;00-0035707;00-0027855;00-0030382;00-0031101;00-0027867,Vita Vea;Jamel Dean;Antoine Winfield Jr.;Jordan Whitehead;William Gholston;Dee Delaney;Devin White;Ndamukong Suh;Kevin Minter;Shaquil Barrett;Jason Pierre-Paul
2021_07_CHI_TB,2598,pass,4.0,79.0,75.0,36.0,11:20,10:44,,35.0,3.0,2.0,9.0,"3 DL, 3 LB, 5 DB",;;;;;;;;;;,11,7,5,ZONE_COVERAGE,COVER_3,False,00-0036945;00-0036290;00-0036309;00-0031428;00-0022531;00-0036906;00-0032768;00-0030068;00-0034347;00-0035061;00-0035062,Justin Fields;Cole Kmet;Darnell Mooney;Allen Robinson;Jason Peters;Khalil Herbert;Cody Whitehair;Marquise Goodwin;James Daniels;Alex Bars;Sam Mustipher,00-0034773;00-0035699;00-0036411;00-0034374;00-0034515;00-0035707;00-0027855;00-0030382;00-0031016;00-0031101;00-0027867,Vita Vea;Jamel Dean;Antoine Winfield Jr.;Jordan Whitehead;Dee Delaney;Devin White;Ndamukong Suh;Kevin Minter;Ross Cockrell;Shaquil Barrett;Jason Pierre-Paul
2021_07_CHI_TB,2627,pass,10.0,75.0,65.0,31.0,10:44,10:13,,35.0,3.0,3.0,5.0,"3 DL, 3 LB, 5 DB",;;;;;;;;;;,11,6,5,ZONE_COVERAGE,COVER_3,False,00-0036945;00-0036290;00-0036309;00-0031428;00-0022531;00-0036906;00-0032768;00-0031868;00-0034347;00-0035061;00-0035062,Justin Fields;Cole Kmet;Darnell Mooney;Allen Robinson;Jason Peters;Khalil Herbert;Cody Whitehair;Damiere Byrd;James Daniels;Alex Bars;Sam Mustipher,00-0034773;00-0035699;00-0036411;00-0035681;00-0034515;00-0035707;00-0027855;00-0036967;00-0031016;00-0031101;00-0027867,Vita Vea;Jamel Dean;Antoine Winfield Jr.;Mike Edwards;Dee Delaney;Devin White;Ndamukong Suh;Joe Tryon-Shoyinka;Ross Cockrell;Shaquil Barrett;Jason Pierre-Paul
2021_07_CHI_TB,2656,pass,22.0,65.0,43.0,37.0,10:13,9:36,,35.0,3.0,1.0,10.0,"4 DL, 3 LB, 4 DB",;;;;;;;;;;,11,8,6,MAN_COVERAGE,COVER_1,False,00-0036945;00-0036290;00-0036309;00-0032135;00-0022531;00-0030874;00-0032768;00-0030068;00-0034347;00-0035061;00-0035062,Justin Fields;Cole Kmet;Darnell Mooney;Jesse James;Jason Peters;Damien Williams;Cody Whitehair;Marquise Goodwin;James Daniels;Alex Bars;Sam Mustipher,00-0031957;00-0035699;00-0036411;00-0033595;00-0034374;00-0030386;00-0034515;00-0035707;00-0030382;00-0031101;00-0027867,Rakeem Nunez-Roches;Jamel Dean;Antoine Winfield Jr.;Pat O'Connor;Jordan Whitehead;William Gholston;Dee Delaney;Devin White;Kevin Minter;Shaquil Barrett;Jason Pierre-Paul
2021_07_CHI_TB,2690,pass,20.0,43.0,23.0,34.0,9:36,9:02,,35.0,3.0,1.0,10.0,"3 DL, 3 LB, 5 DB",;;;;;;;;;;,11,6,1,ZONE_COVERAGE,COVER_3,False,00-0036945;00-0036290;00-0031428;00-0022531;00-0036906;00-0032768;00-0031868;00-0030068;00-0034347;00-0035061;00-0035062,Justin Fields;Cole Kmet;Allen Robinson;Jason Peters;Khalil Herbert;Cody Whitehair;Damiere Byrd;Marquise Goodwin;James Daniels;Alex Bars;Sam Mustipher,00-0031957;00-0035699;00-0036411;00-0034374;00-0030386;00-0034515;00-0035707;00-0030382;00-0031016;00-0031101;00-0027867,Rakeem Nunez-Roches;Jamel Dean;Antoine Winfield Jr.;Jordan Whitehead;William Gholston;Dee Delaney;Devin White;Kevin Minter;Ross Cockrell;Shaquil Barrett;Jason Pierre-Paul
2021_07_CHI_TB,2714,run,2.0,23.0,21.0,42.0,9:02,8:20,,35.0,3.0,1.0,10.0,"3 DL, 3 LB, 5 DB",;;;;;;;;;;,11,6,,,,,00-0036945;00-0036290;00-0036309;00-0031428;00-0022531;00-0030874;00-0032768;00-0030068;00-0034347;00-0035061;00-0035062,Justin Fields;Cole Kmet;Darnell Mooney;Allen Robinson;Jason Peters;Damien Williams;Cody Whitehair;Marquise Goodwin;James Daniels;Alex Bars;Sam Mustipher,00-0031957;00-0035699;00-0036411;00-0034374;00-0030386;00-0034515;00-0035707;00-0030382;00-0031016;00-0031101;00-0027867,Rakeem Nunez-Roches;Jamel Dean;Antoine Winfield Jr.;Jordan Whitehead;William Gholston;Dee Delaney;Devin White;Kevin Minter;Ross Cockrell;Shaquil Barrett;Jason Pierre-Paul
2021_07_CHI_TB,2741,pass,6.0,21.0,15.0,33.0,8:20,7:47,,35.0,3.0,2.0,8.0,"3 DL, 3 LB, 5 DB",;;;;;;;;;;,11,6,7,MAN_COVERAGE,COVER_0,False,00-0036945;00-0036290;00-0036309;00-0031428;00-0022531;00-0030874;00-0032768;00-0031868;00-0034347;00-0035061;00-0035062,Justin Fields;Cole Kmet;Darnell Mooney;Allen Robinson;Jason Peters;Damien Williams;Cody Whitehair;Damiere Byrd;James Daniels;Alex Bars;Sam Mustipher,00-0031957;00-0035699;00-0036411;00-0034374;00-0030386;00-0034515;00-0035707;00-0030382;00-0031016;00-0031101;00-0027867,Rakeem Nunez-Roches;Jamel Dean;Antoine Winfield Jr.;Jordan Whitehead;William Gholston;Dee Delaney;Devin White;Kevin Minter;Ross Cockrell;Shaquil Barrett;Jason Pierre-Paul
2021_07_CHI_TB,2771,no_play,0.0,15.0,15.0,7.0,7:47,7:40,,35.0,3.0,3.0,2.0,"3 DL, 3 LB, 5 DB",;;;;;;;;;;,11,7,,,,,00-0036945;00-0036290;00-0036309;00-0031428;00-0022531;00-0030874;00-0032768;00-0031868;00-0034347;00-0035061;00-0035062,Justin Fields;Cole Kmet;Darnell Mooney;Allen Robinson;Jason Peters;Damien Williams;Cody Whitehair;Damiere Byrd;James Daniels;Alex Bars;Sam Mustipher,00-0031957;00-0035699;00-0036411;00-0034374;00-0030386;00-0034515;00-0035707;00-0030382;00-0031016;00-0031101;00-0027867,Rakeem Nunez-Roches;Jamel Dean;Antoine Winfield Jr.;Jordan Whitehead;William Gholston;Dee Delaney;Devin White;Kevin Minter;Ross Cockrell;Shaquil Barrett;Jason Pierre-Paul
2021_07_CHI_TB,2804,turnover,0.0,25.0,25.0,13.0,7:40,7:27,,35.0,3.0,3.0,12.0,"3 DL, 3 LB, 5 DB",;;;;;;;;;;,11,6,4,ZONE_COVERAGE,COVER_4,False,00-0036945;00-0036290;00-0036309;00-0031428;00-0036906;00-0022531;00-0032768;00-0030068;00-0034347;00-0035061;00-0035062,Justin Fields;Cole Kmet;Darnell Mooney;Allen Robinson;Khalil Herbert;Jason Peters;Cody Whitehair;Marquise Goodwin;James Daniels;Alex Bars;Sam Mustipher,00-0034773;00-0035699;00-0036411;00-0034374;00-0034515;00-0035707;00-0027855;00-0036967;00-0030382;00-0031016;00-0027867,Vita Vea;Jamel Dean;Antoine Winfield Jr.;Jordan Whitehead;Dee Delaney;Devin White;Ndamukong Suh;Joe Tryon-Shoyinka;Kevin Minter;Ross Cockrell;Jason Pierre-Paul
2021_07_CHI_TB,2830,run,1.0,67.0,66.0,43.0,7:27,6:44,,35.0,3.0,1.0,10.0,"3 DL, 4 LB, 4 DB",;;;;;;;;;;,11,7,,,,,00-0033921;00-0032243;00-0036406;00-0019596;00-0032217;00-0031273;00-0031408;00-0034678;00-0029895;00-0034816;00-0033879,Chris Godwin Jr.;Ali Marpet;Tristan Wirfs;Tom Brady;Donovan Smith;Cameron Brate;Mike Evans;Alex Cappa;Ryan Jensen;Ronald Jones;O.J. Howard,00-0030449;00-0030527;00-0036292;00-0032107;00-0036909;00-0032790;00-0036705;00-0036307;00-0031130;00-0033784;00-0034874,Margus Hunt;Alec Ogletree;Jaylon Johnson;Angelo Blackson;Khyiris Tonga;DeAndre Houston-Carson;Sam Kamara;Kindle Vildor;Christian Jones;Eddie Jackson;Roquan Smith
2021_07_CHI_TB,2851,pass,12.0,66.0,54.0,38.0,6:44,6:06,,35.0,3.0,2.0,9.0,"2 DL, 4 LB, 5 DB",;;;;;;;;;;,11,5,4,ZONE_COVERAGE,COVER_6,False,00-0033921;00-0032243;00-0036406;00-0019596;00-0032217;00-0031408;00-0031273;00-0034678;00-0029895;00-0036427;00-0034816,Chris Godwin Jr.;Ali Marpet;Tristan Wirfs;Tom Brady;Donovan Smith;Mike Evans;Cameron Brate;Alex Cappa;Ryan Jensen;Tyler Johnson;Ronald Jones,00-0032786;00-0030527;00-0036292;00-0032107;00-0036909;00-0032790;00-0036705;00-0036307;00-0031130;00-0033784;00-0034874,Marqui Christian;Alec Ogletree;Jaylon Johnson;Angelo Blackson;Khyiris Tonga;DeAndre Houston-Carson;Sam Kamara;Kindle Vildor;Christian Jones;Eddie Jackson;Roquan Smith
2021_07_CHI_TB,2875,no_play,0.0,54.0,54.0,26.0,6:06,5:40,,35.0,3.0,1.0,10.0,"3 DL, 4 LB, 4 DB",;;;;;;;;;;,11,7,,,,,00-0030829;00-0032243;00-0034668;00-0036406;00-0019596;00-0032217;00-0031273;00-0031408;00-0034678;00-0029895;00-0034816,Josh Wells;Ali Marpet;Aaron Stinnie;Tristan Wirfs;Tom Brady;Donovan Smith;Cameron Brate;Mike Evans;Alex Cappa;Ryan Jensen;Ronald Jones,00-0030449;00-0030527;00-0036292;00-0032107;00-0036909;00-0032790;00-0036705;00-0031130;00-0036307;00-0033784;00-0034874,Margus Hunt;Alec Ogletree;Jaylon Johnson;Angelo Blackson;Khyiris Tonga;DeAndre Houston-Carson;Sam Kamara;Christian Jones;Kindle Vildor;Eddie Jackson;Roquan Smith
2021_07_CHI_TB,2911,run,12.0,64.0,52.0,55.0,5:40,4:45,,35.0,3.0,1.0,20.0,"2 DL, 4 LB, 5 DB",;;;;;;;;;;,11,6,,,,,00-0033921;00-0032243;00-0036406;00-0019596;00-0032217;00-0031408;00-0031273;00-0034678;00-0029895;00-0036427;00-0034816,Chris Godwin Jr.;Ali Marpet;Tristan Wirfs;Tom Brady;Donovan Smith;Mike Evans;Cameron Brate;Alex Cappa;Ryan Jensen;Tyler Johnson;Ronald Jones,00-0030527;00-0036292;00-0032107;00-0036909;00-0032790;00-0035696;00-0036705;00-0036307;00-0031130;00-0033784;00-0034874,Alec Ogletree;Jaylon Johnson;Angelo Blackson;Khyiris Tonga;DeAndre Houston-Carson;Duke Shelley;Sam Kamara;Kindle Vildor;Christian Jones;Eddie Jackson;Roquan Smith
2021_07_CHI_TB,2932,run,19.0,52.0,33.0,37.0,4:45,4:08,,35.0,3.0,2.0,8.0,"3 DL, 3 LB, 5 DB",;;;;;;;;;;,11,6,,,,,00-0030829;00-0034668;00-0032243;00-0036406;00-0019596;00-0032217;00-0031273;00-0031408;00-0034678;00-0029895;00-0034816,Josh Wells;Aaron Stinnie;Ali Marpet;Tristan Wirfs;Tom Brady;Donovan Smith;Cameron Brate;Mike Evans;Alex Cappa;Ryan Jensen;Ronald Jones,00-0030449;00-0036292;00-0032107;00-0036909;00-0032790;00-0035696;00-0036705;00-0031130;00-0036307;00-0033784;00-0034874,Margus Hunt;Jaylon Johnson;Angelo Blackson;Khyiris Tonga;DeAndre Houston-Carson;Duke Shelley;Sam Kamara;Christian Jones;Kindle Vildor;Eddie Jackson;Roquan Smith
2021_07_CHI_TB,2957,run,12.0,33.0,21.0,32.0,4:08,3:36,,35.0,3.0,1.0,10.0,"2 DL, 4 LB, 5 DB",;;;;;;;;;;,11,6,,,,,00-0033921;00-0032243;00-0036406;00-0019596;00-0032217;00-0033856;00-0031408;00-0034678;00-0029895;00-0036427;00-0033879,Chris Godwin Jr.;Ali Marpet;Tristan Wirfs;Tom Brady;Donovan Smith;Leonard Fournette;Mike Evans;Alex Cappa;Ryan Jensen;Tyler Johnson;O.J. Howard,00-0030527;00-0036292;00-0032107;00-0036909;00-0031040;00-0032790;00-0036305;00-0035696;00-0036307;00-0033784;00-0034874,Alec Ogletree;Jaylon Johnson;Angelo Blackson;Khyiris Tonga;Khalil Mack;DeAndre Houston-Carson;Trevis Gipson;Duke Shelley;Kindle Vildor;Eddie Jackson;Roquan Smith
2021_07_CHI_TB,2978,run,9.0,21.0,12.0,36.0,3:36,3:00,,35.0,3.0,1.0,10.0,"2 DL, 4 LB, 5 DB",;;;;;;;;;;,11,6,,,,,00-0033921;00-0032243;00-0036406;00-0019596;00-0032217;00-0033856;00-0031408;00-0034678;00-0029895;00-0036427;00-0033879,Chris Godwin Jr.;Ali Marpet;Tristan Wirfs;Tom Brady;Donovan Smith;Leonard Fournette;Mike Evans;Alex Cappa;Ryan Jensen;Tyler Johnson;O.J. Howard,00-0034387;00-0030527;00-0036292;00-0031551;00-0031040;00-0032790;00-0036305;00-0035696;00-0036307;00-0033784;00-0034874,Bilal Nichols;Alec Ogletree;Jaylon Johnson;Eddie Goldman;Khalil Mack;DeAndre Houston-Carson;Trevis Gipson;Duke Shelley;Kindle Vildor;Eddie Jackson;Roquan Smith
2021_07_CHI_TB,2999,run,5.0,12.0,7.0,48.0,3:00,2:12,,35.0,3.0,2.0,1.0,"2 DL, 4 LB, 5 DB",;;;;;;;;;;,11,6,,,,,00-0033921;00-0032243;00-0036406;00-0019596;00-0032217;00-0033856;00-0031408;00-0034678;00-0029895;00-0036427;00-0033879,Chris Godwin Jr.;Ali Marpet;Tristan Wirfs;Tom Brady;Donovan Smith;Leonard Fournette;Mike Evans;Alex Cappa;Ryan Jensen;Tyler Johnson;O.J. Howard,00-0034387;00-0030527;00-0036292;00-0031551;00-0031040;00-0032790;00-0036305;00-0035696;00-0036307;00-0033784;00-0034874,Bilal Nichols;Alec Ogletree;Jaylon Johnson;Eddie Goldman;Khalil Mack;DeAndre Houston-Carson;Trevis Gipson;Duke Shelley;Kindle Vildor;Eddie Jackson;Roquan Smith
2021_07_CHI_TB,3020,run,3.0,7.0,4.0,20.0,2:12,1:52,,35.0,3.0,1.0,7.0,"3 DL, 4 LB, 4 DB",;;;;;;;;;;,11,8,,,,,00-0033921;00-0030829;00-0032243;00-0034668;00-0036406;00-0019596;00-0032217;00-0031408;00-0034678;00-0029895;00-0034816,Chris Godwin Jr.;Josh Wells;Ali Marpet;Aaron Stinnie;Tristan Wirfs;Tom Brady;Donovan Smith;Mike Evans;Alex Cappa;Ryan Jensen;Ronald Jones,00-0030449;00-0034387;00-0036292;00-0031551;00-0031040;00-0032790;00-0036305;00-0031130;00-0036307;00-0033784;00-0034874,Margus Hunt;Bilal Nichols;Jaylon Johnson;Eddie Goldman;Khalil Mack;DeAndre Houston-Carson;Trevis Gipson;Christian Jones;Kindle Vildor;Eddie Jackson;Roquan Smith
2021_07_CHI_TB,3056,pass,0.0,2.0,2.0,41.0,1:52,1:11,,35.0,3.0,1.0,2.0,"3 DL, 4 LB, 4 DB",;;;;;;;;;;,11,8,6,MAN_COVERAGE,COVER_1,False,00-0033921;00-0030829;00-0032243;00-0034668;00-0036406;00-0019596;00-0032217;00-0031408;00-0034678;00-0029895;00-0034816,Chris Godwin Jr.;Josh Wells;Ali Marpet;Aaron Stinnie;Tristan Wirfs;Tom Brady;Donovan Smith;Mike Evans;Alex Cappa;Ryan Jensen;Ronald Jones,00-0030449;00-0036292;00-0032107;00-0031551;00-0031040;00-0032790;00-0036305;00-0031130;00-0036307;00-0034874;00-0033784,Margus Hunt;Jaylon Johnson;Angelo Blackson;Eddie Goldman;Khalil Mack;DeAndre Houston-Carson;Trevis Gipson;Christian Jones;Kindle Vildor;Roquan Smith;Eddie Jackson
2021_07_CHI_TB,3080,timeout,0.0,,,0.0,1:11,1:11,TB,35.0,3.0,,0.0,,,0,,,,,,,,,
2021_07_CHI_TB,3097,pass,0.0,2.0,2.0,4.0,1:11,1:07,,35.0,3.0,2.0,2.0,"2 DL, 4 LB, 5 DB",;;;;;;;;;;,11,8,4,MAN_COVERAGE,COVER_0,False,00-0033921;00-0032243;00-0036406;00-0019596;00-0032217;00-0031408;00-0031273;00-0030456;00-0034678;00-0029895;00-0033879,Chris Godwin Jr.;Ali Marpet;Tristan Wirfs;Tom Brady;Donovan Smith;Mike Evans;Cameron Brate;Giovani Bernard;Alex Cappa;Ryan Jensen;O.J. Howard,00-0032786;00-0030527;00-0036292;00-0032107;00-0031551;00-0031040;00-0032790;00-0036305;00-0036307;00-0033784;00-0034874,Marqui Christian;Alec Ogletree;Jaylon Johnson;Angelo Blackson;Eddie Goldman;Khalil Mack;DeAndre Houston-Carson;Trevis Gipson;Kindle Vildor;Eddie Jackson;Roquan Smith
2021_07_CHI_TB,3119,run,1.0,2.0,1.0,45.0,1:07,0:22,,35.0,3.0,3.0,2.0,"3 DL, 4 LB, 4 DB",;;;;;;;;;;,11,9,,,,,00-0033921;00-0030829;00-0032243;00-0036406;00-0019596;00-0032217;00-0031273;00-0034678;00-0029895;00-0034816;00-0033879,Chris Godwin Jr.;Josh Wells;Ali Marpet;Tristan Wirfs;Tom Brady;Donovan Smith;Cameron Brate;Alex Cappa;Ryan Jensen;Ronald Jones;O.J. Howard,00-0030449;00-0030527;00-0036292;00-0032107;00-0031551;00-0031040;00-0032790;00-0036305;00-0036307;00-0033784;00-0034874,Margus Hunt;Alec Ogletree;Jaylon Johnson;Angelo Blackson;Eddie Goldman;Khalil Mack;DeAndre Houston-Carson;Trevis Gipson;Kindle Vildor;Eddie Jackson;Roquan Smith
2021_07_CHI_TB,3142,turnover,-1.0,1.0,2.0,3.0,0:22,0:19,,35.0,3.0,4.0,1.0,"3 DL, 4 LB, 4 DB",;;;;;;;;;;,11,9,,,,,00-0033921;00-0030829;00-0032243;00-0036406;00-0019596;00-0032217;00-0031273;00-0034678;00-0029895;00-0034816;00-0033879,Chris Godwin Jr.;Josh Wells;Ali Marpet;Tristan Wirfs;Tom Brady;Donovan Smith;Cameron Brate;Alex Cappa;Ryan Jensen;Ronald Jones;O.J. Howard,00-0030449;00-0030527;00-0036292;00-0032107;00-0031040;00-0036909;00-0032790;00-0036305;00-0036307;00-0033784;00-0034874,Margus Hunt;Alec Ogletree;Jaylon Johnson;Angelo Blackson;Khalil Mack;Khyiris Tonga;DeAndre Houston-Carson;Trevis Gipson;Kindle Vildor;Eddie Jackson;Roquan Smith
2021_07_CHI_TB,3165,run,-1.0,98.0,99.0,19.0,0:19,0:00,,35.0,3.0,1.0,10.0,"4 DL, 4 LB, 3 DB",;;;;;;;;;;,11,8,,,,,00-0036945;00-0036290;00-0032135;00-0032986;00-0031428;00-0022531;00-0036906;00-0032768;00-0034347;00-0035061;00-0035062,Justin Fields;Cole Kmet;Jesse James;J.P. Holtz;Allen Robinson;Jason Peters;Khalil Herbert;Cody Whitehair;James Daniels;Alex Bars;Sam Mustipher,00-0034773;00-0035699;00-0036411;00-0030386;00-0031331;00-0035707;00-0027855;00-0036967;00-0030382;00-0031101;00-0027867,Vita Vea;Jamel Dean;Antoine Winfield Jr.;William Gholston;Pierre Desir;Devin White;Ndamukong Suh;Joe Tryon-Shoyinka;Kevin Minter;Shaquil Barrett;Jason Pierre-Paul
2021_07_CHI_TB,3186,start_quarter_4,,,,0.0,0:00,0:00,,35.0,3.0,,0.0,,,0,,,,,,,,,
2021_07_CHI_TB,3205,turnover,0.0,99.0,99.0,7.0,15:00,14:53,,35.0,3.0,2.0,11.0,"3 DL, 3 LB, 5 DB",;;;;;;;;;;,11,7,4,ZONE_COVERAGE,COVER_3,False,00-0036945;00-0036290;00-0036309;00-0032135;00-0031428;00-0022531;00-0036906;00-0032768;00-0034347;00-0035061;00-0035062,Justin Fields;Cole Kmet;Darnell Mooney;Jesse James;Allen Robinson;Jason Peters;Khalil Herbert;Cody Whitehair;James Daniels;Alex Bars;Sam Mustipher,00-0034773;00-0035699;00-0036411;00-0034374;00-0031331;00-0035707;00-0027855;00-0030382;00-0031016;00-0031101;00-0027867,Vita Vea;Jamel Dean;Antoine Winfield Jr.;Jordan Whitehead;Pierre Desir;Devin White;Ndamukong Suh;Kevin Minter;Ross Cockrell;Shaquil Barrett;Jason Pierre-Paul
2021_07_CHI_TB,3248,run,2.0,37.0,35.0,39.0,14:53,14:14,,35.0,3.0,1.0,10.0,"3 DL, 4 LB, 4 DB",;;;;;;;;;;,11,7,,,,,00-0033921;00-0032243;00-0036406;00-0019596;00-0032217;00-0033856;00-0031408;00-0031273;00-0034678;00-0029895;00-0033879,Chris Godwin Jr.;Ali Marpet;Tristan Wirfs;Tom Brady;Donovan Smith;Leonard Fournette;Mike Evans;Cameron Brate;Alex Cappa;Ryan Jensen;O.J. Howard,00-0030449;00-0032265;00-0036292;00-0036909;00-0031040;00-0032790;00-0036305;00-0036307;00-0033784;00-0034874;00-0029577,Margus Hunt;Mario Edwards;Jaylon Johnson;Khyiris Tonga;Khalil Mack;DeAndre Houston-Carson;Trevis Gipson;Kindle Vildor;Eddie Jackson;Roquan Smith;Danny Trevathan
2021_07_CHI_TB,3269,pass,34.0,35.0,1.0,27.0,14:14,13:47,,35.0,3.0,2.0,8.0,"2 DL, 4 LB, 5 DB",;;;;;;;;;;,11,7,4,ZONE_COVERAGE,COVER_6,False,00-0033921;00-0032243;00-0036406;00-0019596;00-0032217;00-0033856;00-0031273;00-0031408;00-0034678;00-0029895;00-0036427,Chris Godwin Jr.;Ali Marpet;Tristan Wirfs;Tom Brady;Donovan Smith;Leonard Fournette;Cameron Brate;Mike Evans;Alex Cappa;Ryan Jensen;Tyler Johnson,00-0032786;00-0030449;00-0032265;00-0036292;00-0031040;00-0032790;00-0036305;00-0036307;00-0033784;00-0034874;00-0029577,Marqui Christian;Margus Hunt;Mario Edwards;Jaylon Johnson;Khalil Mack;DeAndre Houston-Carson;Trevis Gipson;Kindle Vildor;Eddie Jackson;Roquan Smith;Danny Trevathan
2021_07_CHI_TB,3293,run,-3.0,1.0,4.0,44.0,13:47,13:03,,35.0,3.0,1.0,1.0,"2 DL, 4 LB, 5 DB",;;;;;;;;;;,11,9,,,,,00-0033921;00-0032243;00-0036406;00-0019596;00-0032217;00-0033856;00-0031408;00-0031273;00-0034678;00-0029895;00-0036427,Chris Godwin Jr.;Ali Marpet;Tristan Wirfs;Tom Brady;Donovan Smith;Leonard Fournette;Mike Evans;Cameron Brate;Alex Cappa;Ryan Jensen;Tyler Johnson,00-0032786;00-0030449;00-0032265;00-0036292;00-0032790;00-0036305;00-0036705;00-0036307;00-0033784;00-0034874;00-0029577,Marqui Christian;Margus Hunt;Mario Edwards;Jaylon Johnson;DeAndre Houston-Carson;Trevis Gipson;Sam Kamara;Kindle Vildor;Eddie Jackson;Roquan Smith;Danny Trevathan
2021_07_CHI_TB,3314,pass,0.0,4.0,4.0,3.0,13:03,13:00,,35.0,3.0,2.0,4.0,"2 DL, 4 LB, 5 DB",;;;;;;;;;;,11,7,5,MAN_COVERAGE,COVER_0,False,00-0033921;00-0032243;00-0036406;00-0019596;00-0032217;00-0034319;00-0031408;00-0031273;00-0034678;00-0029895;00-0033879,Chris Godwin Jr.;Ali Marpet;Tristan Wirfs;Tom Brady;Donovan Smith;Deon Yelder;Mike Evans;Cameron Brate;Alex Cappa;Ryan Jensen;O.J. Howard,00-0032786;00-0030449;00-0032265;00-0036292;00-0032790;00-0036305;00-0036705;00-0036307;00-0033784;00-0034874;00-0029577,Marqui Christian;Margus Hunt;Mario Edwards;Jaylon Johnson;DeAndre Houston-Carson;Trevis Gipson;Sam Kamara;Kindle Vildor;Eddie Jackson;Roquan Smith;Danny Trevathan
2021_07_CHI_TB,3336,pass,0.0,4.0,4.0,5.0,13:00,12:55,,35.0,3.0,3.0,4.0,"2 DL, 4 LB, 5 DB",;;;;;;;;;;,11,7,4,MAN_COVERAGE,COVER_0,False,00-0033921;00-0032243;00-0036406;00-0019596;00-0032217;00-0033856;00-0031408;00-0034678;00-0036877;00-0029895;00-0036427,Chris Godwin Jr.;Ali Marpet;Tristan Wirfs;Tom Brady;Donovan Smith;Leonard Fournette;Mike Evans;Alex Cappa;Jaelon Darden;Ryan Jensen;Tyler Johnson,00-0030449;00-0032265;00-0036292;00-0031040;00-0032790;00-0036305;00-0035696;00-0036307;00-0033784;00-0034874;00-0029577,Margus Hunt;Mario Edwards;Jaylon Johnson;Khalil Mack;DeAndre Houston-Carson;Trevis Gipson;Duke Shelley;Kindle Vildor;Eddie Jackson;Roquan Smith;Danny Trevathan
2021_07_CHI_TB,3358,field_goal,0.0,4.0,4.0,4.0,12:55,12:51,,38.0,3.0,4.0,4.0,,;;;;;;;;;;,11,,,,,,00-0031957;00-0034773;00-0030829;00-0032243;00-0036406;00-0033595;00-0032217;00-0032065;00-0034678;00-0026968;00-0029959,Rakeem Nunez-Roches;Vita Vea;Josh Wells;Ali Marpet;Tristan Wirfs;Pat O'Connor;Donovan Smith;Bradley Pinion;Alex Cappa;Ryan Succop;Carson Tinker,00-0032786;00-0030449;00-0034372;00-0035293;00-0032107;00-0036909;00-0032790;00-0036705;00-0036307;00-0031130;00-0034874,Marqui Christian;Margus Hunt;Joel Iyiegbuniwe;Xavier Crawford;Angelo Blackson;Khyiris Tonga;DeAndre Houston-Carson;Sam Kamara;Kindle Vildor;Christian Jones;Roquan Smith
2021_07_CHI_TB,3377,kickoff,0.0,35.0,35.0,0.0,12:51,12:51,,38.0,3.0,,0.0,,;;;;;;;;;;,11,,,,,,00-0036450;00-0035699;00-0036643;00-0033595;00-0031331;00-0032065;00-0032637;00-0035254;00-0036045;00-0036672;00-0032410,Ke'Shawn Vaughn;Jamel Dean;K.J. Britt;Pat O'Connor;Pierre Desir;Bradley Pinion;Andrew Adams;Anthony Nelson;Cam Gill;Grant Stuard;Rashard Robinson,00-0032786;00-0033545;00-0036290;00-0032135;00-0034372;00-0032986;00-0032791;00-0036705;00-0031130;00-0035562;00-0034597,Marqui Christian;Teez Tabor;Cole Kmet;Jesse James;Joel Iyiegbuniwe;J.P. Holtz;Jakeem Grant;Sam Kamara;Christian Jones;Jesper Horsted;Ryan Nall
2021_07_CHI_TB,3392,run,4.0,75.0,71.0,35.0,12:51,12:16,,38.0,3.0,1.0,10.0,"2 DL, 4 LB, 5 DB",;;;;;;;;;;,11,7,,,,,00-0036945;00-0036290;00-0036309;00-0031428;00-0022531;00-0030874;00-0032768;00-0030068;00-0034347;00-0035061;00-0035062,Justin Fields;Cole Kmet;Darnell Mooney;Allen Robinson;Jason Peters;Damien Williams;Cody Whitehair;Marquise Goodwin;James Daniels;Alex Bars;Sam Mustipher,00-0031957;00-0035699;00-0036411;00-0034374;00-0030386;00-0031331;00-0035707;00-0035254;00-0036967;00-0030382;00-0031016,Rakeem Nunez-Roches;Jamel Dean;Antoine Winfield Jr.;Jordan Whitehead;William Gholston;Pierre Desir;Devin White;Anthony Nelson;Joe Tryon-Shoyinka;Kevin Minter;Ross Cockrell
2021_07_CHI_TB,3413,pass,22.0,71.0,49.0,40.0,12:16,11:36,,38.0,3.0,2.0,6.0,"2 DL, 4 LB, 5 DB",;;;;;;;;;;,11,6,4,ZONE_COVERAGE,COVER_3,True,00-0036945;00-0036290;00-0036309;00-0031428;00-0022531;00-0030874;00-0032768;00-0030068;00-0034347;00-0035061;00-0035062,Justin Fields;Cole Kmet;Darnell Mooney;Allen Robinson;Jason Peters;Damien Williams;Cody Whitehair;Marquise Goodwin;James Daniels;Alex Bars;Sam Mustipher,00-0031957;00-0035699;00-0036411;00-0034374;00-0030386;00-0035707;00-0031331;00-0035254;00-0036967;00-0030382;00-0031016,Rakeem Nunez-Roches;Jamel Dean;Antoine Winfield Jr.;Jordan Whitehead;William Gholston;Devin White;Pierre Desir;Anthony Nelson;Joe Tryon-Shoyinka;Kevin Minter;Ross Cockrell
2021_07_CHI_TB,3437,run,-1.0,49.0,50.0,54.0,11:36,10:42,,38.0,3.0,1.0,10.0,"2 DL, 4 LB, 5 DB",;;;;;;;;;;,11,6,,,,,00-0036945;00-0036290;00-0036309;00-0031428;00-0022531;00-0030874;00-0032768;00-0031868;00-0034347;00-0035061;00-0035062,Justin Fields;Cole Kmet;Darnell Mooney;Allen Robinson;Jason Peters;Damien Williams;Cody Whitehair;Damiere Byrd;James Daniels;Alex Bars;Sam Mustipher,00-0031957;00-0035699;00-0036411;00-0034374;00-0030386;00-0031331;00-0035707;00-0035254;00-0036967;00-0030382;00-0031016,Rakeem Nunez-Roches;Jamel Dean;Antoine Winfield Jr.;Jordan Whitehead;William Gholston;Pierre Desir;Devin White;Anthony Nelson;Joe Tryon-Shoyinka;Kevin Minter;Ross Cockrell
2021_07_CHI_TB,3458,pass,12.0,50.0,38.0,32.0,10:42,10:10,,38.0,3.0,2.0,11.0,"2 DL, 4 LB, 5 DB",;;;;;;;;;;,11,6,4,ZONE_COVERAGE,COVER_4,False,00-0036945;00-0036309;00-0031428;00-0022531;00-0036906;00-0032768;00-0031868;00-0030068;00-0034347;00-0035061;00-0035062,Justin Fields;Darnell Mooney;Allen Robinson;Jason Peters;Khalil Herbert;Cody Whitehair;Damiere Byrd;Marquise Goodwin;James Daniels;Alex Bars;Sam Mustipher,00-0031957;00-0036411;00-0034374;00-0030386;00-0031331;00-0035707;00-0035254;00-0036967;00-0030382;00-0031016;00-0032410,Rakeem Nunez-Roches;Antoine Winfield Jr.;Jordan Whitehead;William Gholston;Pierre Desir;Devin White;Anthony Nelson;Joe Tryon-Shoyinka;Kevin Minter;Ross Cockrell;Rashard Robinson
2021_07_CHI_TB,3486,run,-1.0,38.0,39.0,38.0,10:10,9:32,,38.0,3.0,1.0,10.0,"2 DL, 4 LB, 5 DB",;;;;;;;;;;,11,7,,,,,00-0036945;00-0036290;00-0036309;00-0032135;00-0031428;00-0022531;00-0036906;00-0032768;00-0034347;00-0035061;00-0035062,Justin Fields;Cole Kmet;Darnell Mooney;Jesse James;Allen Robinson;Jason Peters;Khalil Herbert;Cody Whitehair;James Daniels;Alex Bars;Sam Mustipher,00-0031957;00-0036411;00-0034374;00-0030386;00-0031331;00-0035707;00-0035254;00-0036967;00-0030382;00-0031016;00-0032410,Rakeem Nunez-Roches;Antoine Winfield Jr.;Jordan Whitehead;William Gholston;Pierre Desir;Devin White;Anthony Nelson;Joe Tryon-Shoyinka;Kevin Minter;Ross Cockrell;Rashard Robinson
2021_07_CHI_TB,3507,pass,-6.0,39.0,45.0,44.0,9:32,8:48,,38.0,3.0,2.0,11.0,"2 DL, 4 LB, 5 DB",;;;;;;;;;;,11,6,5,ZONE_COVERAGE,COVER_3,True,00-0036945;00-0036290;00-0036309;00-0032135;00-0031428;00-0022531;00-0036906;00-0032768;00-0034347;00-0035061;00-0035062,Justin Fields;Cole Kmet;Darnell Mooney;Jesse James;Allen Robinson;Jason Peters;Khalil Herbert;Cody Whitehair;James Daniels;Alex Bars;Sam Mustipher,00-0034773;00-0036411;00-0034374;00-0031331;00-0035707;00-0027855;00-0035254;00-0036967;00-0030382;00-0031016;00-0032410,Vita Vea;Antoine Winfield Jr.;Jordan Whitehead;Pierre Desir;Devin White;Ndamukong Suh;Anthony Nelson;Joe Tryon-Shoyinka;Kevin Minter;Ross Cockrell;Rashard Robinson
2021_07_CHI_TB,3531,run,1.0,45.0,44.0,41.0,8:48,8:07,,38.0,3.0,3.0,17.0,"2 DL, 4 LB, 5 DB",;;;;;;;;;;,11,6,,,,,00-0036945;00-0036290;00-0036309;00-0031428;00-0022531;00-0036906;00-0032768;00-0030068;00-0034347;00-0035061;00-0035062,Justin Fields;Cole Kmet;Darnell Mooney;Allen Robinson;Jason Peters;Khalil Herbert;Cody Whitehair;Marquise Goodwin;James Daniels;Alex Bars;Sam Mustipher,00-0034773;00-0036411;00-0035681;00-0031331;00-0035707;00-0027855;00-0035254;00-0036967;00-0030382;00-0031016;00-0032410,Vita Vea;Antoine Winfield Jr.;Mike Edwards;Pierre Desir;Devin White;Ndamukong Suh;Anthony Nelson;Joe Tryon-Shoyinka;Kevin Minter;Ross Cockrell;Rashard Robinson
2021_07_CHI_TB,3552,punt,0.0,44.0,44.0,9.0,8:07,7:58,,38.0,3.0,4.0,16.0,,;;;;;;;;;;,11,,,,,,00-0032786;00-0034372;00-0030527;00-0032986;00-0035293;00-0031079;00-0033103;00-0032790;00-0028284;00-0031130;00-0034597,Marqui Christian;Joel Iyiegbuniwe;Alec Ogletree;J.P. Holtz;Xavier Crawford;Pat O'Donnell;Artie Burns;DeAndre Houston-Carson;Patrick Scales;Christian Jones;Ryan Nall,00-0036450;00-0036643;00-0033595;00-0035681;00-0031331;00-0032637;00-0036045;00-0036967;00-0036877;00-0036672;00-0032410,Ke'Shawn Vaughn;K.J. Britt;Pat O'Connor;Mike Edwards;Pierre Desir;Andrew Adams;Cam Gill;Joe Tryon-Shoyinka;Jaelon Darden;Grant Stuard;Rashard Robinson
2021_07_CHI_TB,3572,run,4.0,80.0,76.0,41.0,7:58,7:17,,38.0,3.0,1.0,10.0,"3 DL, 4 LB, 4 DB",;;;;;;;;;;,11,7,,,,,00-0032243;00-0036450;00-0036406;00-0032217;00-0034319;00-0034678;00-0036877;00-0029895;00-0036427;00-0027948;00-0033879,Ali Marpet;Ke'Shawn Vaughn;Tristan Wirfs;Donovan Smith;Deon Yelder;Alex Cappa;Jaelon Darden;Ryan Jensen;Tyler Johnson;Blaine Gabbert;O.J. Howard,00-0030449;00-0036292;00-0032107;00-0036909;00-0032790;00-0036705;00-0036307;00-0031130;00-0034874;00-0033784;00-0029577,Margus Hunt;Jaylon Johnson;Angelo Blackson;Khyiris Tonga;DeAndre Houston-Carson;Sam Kamara;Kindle Vildor;Christian Jones;Roquan Smith;Eddie Jackson;Danny Trevathan
2021_07_CHI_TB,3593,pass,15.0,76.0,61.0,47.0,7:17,6:30,,38.0,3.0,2.0,6.0,"2 DL, 4 LB, 5 DB",;;;;;;;;;;,11,7,4,MAN_COVERAGE,COVER_1,False,00-0033921;00-0032243;00-0036450;00-0036406;00-0032217;00-0034319;00-0034678;00-0029895;00-0036427;00-0027948;00-0033215,Chris Godwin Jr.;Ali Marpet;Ke'Shawn Vaughn;Tristan Wirfs;Donovan Smith;Deon Yelder;Alex Cappa;Ryan Jensen;Tyler Johnson;Blaine Gabbert;Cyril Grayson,00-0030449;00-0036292;00-0036909;00-0032790;00-0035696;00-0036705;00-0031130;00-0036307;00-0034874;00-0033784;00-0029577,Margus Hunt;Jaylon Johnson;Khyiris Tonga;DeAndre Houston-Carson;Duke Shelley;Sam Kamara;Christian Jones;Kindle Vildor;Roquan Smith;Eddie Jackson;Danny Trevathan
2021_07_CHI_TB,3617,run,7.0,61.0,54.0,45.0,6:30,5:45,,38.0,3.0,1.0,10.0,"2 DL, 4 LB, 5 DB",;;;;;;;;;;,11,6,,,,,00-0032243;00-0036450;00-0036406;00-0032217;00-0034319;00-0034678;00-0036877;00-0029895;00-0036427;00-0027948;00-0033215,Ali Marpet;Ke'Shawn Vaughn;Tristan Wirfs;Donovan Smith;Deon Yelder;Alex Cappa;Jaelon Darden;Ryan Jensen;Tyler Johnson;Blaine Gabbert;Cyril Grayson,00-0030449;00-0036292;00-0036909;00-0032790;00-0035696;00-0036705;00-0036307;00-0031130;00-0033784;00-0034874;00-0029577,Margus Hunt;Jaylon Johnson;Khyiris Tonga;DeAndre Houston-Carson;Duke Shelley;Sam Kamara;Kindle Vildor;Christian Jones;Eddie Jackson;Roquan Smith;Danny Trevathan
2021_07_CHI_TB,3638,run,2.0,54.0,52.0,44.0,5:45,5:01,,38.0,3.0,2.0,3.0,"2 DL, 4 LB, 5 DB",;;;;;;;;;;,11,7,,,,,00-0032243;00-0036450;00-0036406;00-0032217;00-0034319;00-0034678;00-0036877;00-0029895;00-0036427;00-0027948;00-0033215,Ali Marpet;Ke'Shawn Vaughn;Tristan Wirfs;Donovan Smith;Deon Yelder;Alex Cappa;Jaelon Darden;Ryan Jensen;Tyler Johnson;Blaine Gabbert;Cyril Grayson,00-0030449;00-0036292;00-0036909;00-0032790;00-0035696;00-0036705;00-0036307;00-0031130;00-0033784;00-0034874;00-0029577,Margus Hunt;Jaylon Johnson;Khyiris Tonga;DeAndre Houston-Carson;Duke Shelley;Sam Kamara;Kindle Vildor;Christian Jones;Eddie Jackson;Roquan Smith;Danny Trevathan
2021_07_CHI_TB,3659,run,15.0,52.0,37.0,47.0,5:01,4:14,,38.0,3.0,3.0,1.0,"2 DL, 4 LB, 5 DB",;;;;;;;;;;,11,7,,,,,00-0032243;00-0036450;00-0036406;00-0032217;00-0034319;00-0034678;00-0036877;00-0029895;00-0036427;00-0027948;00-0033215,Ali Marpet;Ke'Shawn Vaughn;Tristan Wirfs;Donovan Smith;Deon Yelder;Alex Cappa;Jaelon Darden;Ryan Jensen;Tyler Johnson;Blaine Gabbert;Cyril Grayson,00-0030449;00-0036292;00-0036909;00-0032790;00-0035696;00-0036705;00-0036307;00-0031130;00-0033784;00-0034874;00-0029577,Margus Hunt;Jaylon Johnson;Khyiris Tonga;DeAndre Houston-Carson;Duke Shelley;Sam Kamara;Kindle Vildor;Christian Jones;Eddie Jackson;Roquan Smith;Danny Trevathan
2021_07_CHI_TB,3680,run,-1.0,37.0,38.0,44.0,4:14,3:30,,38.0,3.0,1.0,10.0,"3 DL, 4 LB, 4 DB",;;;;;;;;;;,11,7,,,,,00-0030829;00-0034668;00-0036450;00-0036406;00-0034319;00-0034678;00-0036877;00-0029895;00-0036427;00-0027948;00-0033879,Josh Wells;Aaron Stinnie;Ke'Shawn Vaughn;Tristan Wirfs;Deon Yelder;Alex Cappa;Jaelon Darden;Ryan Jensen;Tyler Johnson;Blaine Gabbert;O.J. Howard,00-0030449;00-0036292;00-0032107;00-0036909;00-0031040;00-0032790;00-0036305;00-0036307;00-0033784;00-0034874;00-0029577,Margus Hunt;Jaylon Johnson;Angelo Blackson;Khyiris Tonga;Khalil Mack;DeAndre Houston-Carson;Trevis Gipson;Kindle Vildor;Eddie Jackson;Roquan Smith;Danny Trevathan
2021_07_CHI_TB,3701,pass,0.0,38.0,38.0,48.0,3:30,2:42,,38.0,3.0,2.0,11.0,"3 DL, 4 LB, 4 DB",;;;;;;;;;;,11,8,5,ZONE_COVERAGE,COVER_3,True,00-0030829;00-0034668;00-0036450;00-0036406;00-0034319;00-0034678;00-0036877;00-0029895;00-0036427;00-0027948;00-0033879,Josh Wells;Aaron Stinnie;Ke'Shawn Vaughn;Tristan Wirfs;Deon Yelder;Alex Cappa;Jaelon Darden;Ryan Jensen;Tyler Johnson;Blaine Gabbert;O.J. Howard,00-0036292;00-0032265;00-0032107;00-0031551;00-0031040;00-0032790;00-0036305;00-0036307;00-0034874;00-0033784;00-0029577,Jaylon Johnson;Mario Edwards;Angelo Blackson;Eddie Goldman;Khalil Mack;DeAndre Houston-Carson;Trevis Gipson;Kindle Vildor;Roquan Smith;Eddie Jackson;Danny Trevathan
2021_07_CHI_TB,3725,pass,0.0,38.0,38.0,5.0,2:42,2:37,,38.0,3.0,3.0,11.0,"2 DL, 3 LB, 6 DB",;;;;;;;;;;,11,5,4,MAN_COVERAGE,COVER_1,False,00-0030829;00-0034668;00-0036450;00-0036406;00-0034319;00-0034678;00-0036877;00-0029895;00-0036427;00-0027948;00-0033215,Josh Wells;Aaron Stinnie;Ke'Shawn Vaughn;Tristan Wirfs;Deon Yelder;Alex Cappa;Jaelon Darden;Ryan Jensen;Tyler Johnson;Blaine Gabbert;Cyril Grayson,00-0033545;00-0036292;00-0032265;00-0031551;00-0031040;00-0032790;00-0036305;00-0035696;00-0036307;00-0033784;00-0034874,Teez Tabor;Jaylon Johnson;Mario Edwards;Eddie Goldman;Khalil Mack;DeAndre Houston-Carson;Trevis Gipson;Duke Shelley;Kindle Vildor;Eddie Jackson;Roquan Smith
2021_07_CHI_TB,3747,punt,0.0,38.0,38.0,10.0,2:37,2:27,,38.0,3.0,4.0,11.0,,;;;;;;;;;;,11,,,,,,00-0036450;00-0036643;00-0033595;00-0032065;00-0032637;00-0035254;00-0036045;00-0036672;00-0031016;00-0029959;00-0032410,Ke'Shawn Vaughn;K.J. Britt;Pat O'Connor;Bradley Pinion;Andrew Adams;Anthony Nelson;Cam Gill;Grant Stuard;Ross Cockrell;Carson Tinker;Rashard Robinson,00-0032786;00-0034372;00-0035293;00-0032265;00-0033103;00-0032791;00-0035696;00-0036705;00-0031130;00-0035562;00-0034597,Marqui Christian;Joel Iyiegbuniwe;Xavier Crawford;Mario Edwards;Artie Burns;Jakeem Grant;Duke Shelley;Sam Kamara;Christian Jones;Jesper Horsted;Ryan Nall
2021_07_CHI_TB,3766,run,1.0,86.0,85.0,7.0,2:27,2:20,,38.0,3.0,1.0,10.0,"3 DL, 4 LB, 4 DB",;;;;;;;;;;,11,7,4,,,,00-0036945;00-0036290;00-0036309;00-0032135;00-0031428;00-0022531;00-0036906;00-0032768;00-0034347;00-0035061;00-0035062,Justin Fields;Cole Kmet;Darnell Mooney;Jesse James;Allen Robinson;Jason Peters;Khalil Herbert;Cody Whitehair;James Daniels;Alex Bars;Sam Mustipher,00-0031957;00-0036411;00-0033595;00-0034374;00-0030386;00-0035707;00-0031331;00-0035254;00-0036967;00-0030382;00-0032410,Rakeem Nunez-Roches;Antoine Winfield Jr.;Pat O'Connor;Jordan Whitehead;William Gholston;Devin White;Pierre Desir;Anthony Nelson;Joe Tryon-Shoyinka;Kevin Minter;Rashard Robinson
2021_07_CHI_TB,3787,run,8.0,85.0,77.0,20.0,2:20,2:00,,38.0,3.0,2.0,9.0,"2 DL, 4 LB, 5 DB",;;;;;;;;;;,11,6,,,,,00-0036945;00-0036290;00-0036309;00-0031428;00-0022531;00-0036906;00-0032768;00-0030068;00-0034347;00-0035061;00-0035062,Justin Fields;Cole Kmet;Darnell Mooney;Allen Robinson;Jason Peters;Khalil Herbert;Cody Whitehair;Marquise Goodwin;James Daniels;Alex Bars;Sam Mustipher,00-0031957;00-0036411;00-0033595;00-0034374;00-0031331;00-0035707;00-0035254;00-0036967;00-0030382;00-0031016;00-0032410,Rakeem Nunez-Roches;Antoine Winfield Jr.;Pat O'Connor;Jordan Whitehead;Pierre Desir;Devin White;Anthony Nelson;Joe Tryon-Shoyinka;Kevin Minter;Ross Cockrell;Rashard Robinson
2021_07_CHI_TB,3825,run,2.0,77.0,75.0,21.0,2:00,1:39,,38.0,3.0,3.0,1.0,"2 DL, 4 LB, 5 DB",;;;;;;;;;;,11,6,,,,,00-0036945;00-0036290;00-0036309;00-0031428;00-0022531;00-0036906;00-0032768;00-0030068;00-0034347;00-0035061;00-0035062,Justin Fields;Cole Kmet;Darnell Mooney;Allen Robinson;Jason Peters;Khalil Herbert;Cody Whitehair;Marquise Goodwin;James Daniels;Alex Bars;Sam Mustipher,00-0031957;00-0036643;00-0033595;00-0034374;00-0031331;00-0032637;00-0035254;00-0036967;00-0036672;00-0031016;00-0032410,Rakeem Nunez-Roches;K.J. Britt;Pat O'Connor;Jordan Whitehead;Pierre Desir;Andrew Adams;Anthony Nelson;Joe Tryon-Shoyinka;Grant Stuard;Ross Cockrell;Rashard Robinson
2021_07_CHI_TB,3863,run,6.0,75.0,69.0,27.0,1:39,1:12,,38.0,3.0,1.0,10.0,"2 DL, 4 LB, 5 DB",;;;;;;;;;;,11,6,4,,,,00-0036945;00-0036290;00-0036309;00-0031428;00-0022531;00-0036906;00-0032768;00-0030068;00-0034347;00-0035061;00-0035062,Justin Fields;Cole Kmet;Darnell Mooney;Allen Robinson;Jason Peters;Khalil Herbert;Cody Whitehair;Marquise Goodwin;James Daniels;Alex Bars;Sam Mustipher,00-0031957;00-0036643;00-0033595;00-0034374;00-0031331;00-0032637;00-0035254;00-0036967;00-0036672;00-0031016;00-0032410,Rakeem Nunez-Roches;K.J. Britt;Pat O'Connor;Jordan Whitehead;Pierre Desir;Andrew Adams;Anthony Nelson;Joe Tryon-Shoyinka;Grant Stuard;Ross Cockrell;Rashard Robinson
2021_07_CHI_TB,3884,pass,11.0,69.0,58.0,26.0,1:12,0:46,,38.0,3.0,2.0,4.0,"2 DL, 4 LB, 5 DB",;;;;;;;;;;,11,6,4,ZONE_COVERAGE,COVER_2,False,00-0036945;00-0036290;00-0036309;00-0031428;00-0022531;00-0036906;00-0032768;00-0030068;00-0034347;00-0035061;00-0035062,Justin Fields;Cole Kmet;Darnell Mooney;Allen Robinson;Jason Peters;Khalil Herbert;Cody Whitehair;Marquise Goodwin;James Daniels;Alex Bars;Sam Mustipher,00-0031957;00-0036643;00-0033595;00-0034374;00-0031331;00-0032637;00-0035254;00-0036967;00-0036672;00-0031016;00-0032410,Rakeem Nunez-Roches;K.J. Britt;Pat O'Connor;Jordan Whitehead;Pierre Desir;Andrew Adams;Anthony Nelson;Joe Tryon-Shoyinka;Grant Stuard;Ross Cockrell;Rashard Robinson
2021_07_CHI_TB,3908,pass,0.0,58.0,58.0,5.0,0:46,0:41,,38.0,3.0,1.0,10.0,"2 DL, 4 LB, 5 DB",;;;;;;;;;;,11,6,4,ZONE_COVERAGE,COVER_2,False,00-0036945;00-0036290;00-0036309;00-0031428;00-0022531;00-0030874;00-0032768;00-0030068;00-0034347;00-0035061;00-0035062,Justin Fields;Cole Kmet;Darnell Mooney;Allen Robinson;Jason Peters;Damien Williams;Cody Whitehair;Marquise Goodwin;James Daniels;Alex Bars;Sam Mustipher,00-0031957;00-0036643;00-0033595;00-0034374;00-0031331;00-0032637;00-0035254;00-0036967;00-0036672;00-0031016;00-0032410,Rakeem Nunez-Roches;K.J. Britt;Pat O'Connor;Jordan Whitehead;Pierre Desir;Andrew Adams;Anthony Nelson;Joe Tryon-Shoyinka;Grant Stuard;Ross Cockrell;Rashard Robinson
2021_07_CHI_TB,3930,run,16.0,58.0,42.0,8.0,0:41,0:33,,38.0,3.0,2.0,10.0,"2 DL, 4 LB, 5 DB",;;;;;;;;;;,11,6,4,,,,00-0036945;00-0036309;00-0032135;00-0022531;00-0032768;00-0031868;00-0030068;00-0034347;00-0034597;00-0035061;00-0035062,Justin Fields;Darnell Mooney;Jesse James;Jason Peters;Cody Whitehair;Damiere Byrd;Marquise Goodwin;James Daniels;Ryan Nall;Alex Bars;Sam Mustipher,00-0031957;00-0036643;00-0033595;00-0034374;00-0031331;00-0032637;00-0035254;00-0036967;00-0036672;00-0031016;00-0032410,Rakeem Nunez-Roches;K.J. Britt;Pat O'Connor;Jordan Whitehead;Pierre Desir;Andrew Adams;Anthony Nelson;Joe Tryon-Shoyinka;Grant Stuard;Ross Cockrell;Rashard Robinson
2021_07_CHI_TB,3956,pass,8.0,42.0,34.0,10.0,0:33,0:23,,38.0,3.0,1.0,10.0,"2 DL, 4 LB, 5 DB",;;;;;;;;;;,11,6,5,ZONE_COVERAGE,COVER_2,False,00-0036945;00-0036309;00-0032135;00-0031428;00-0022531;00-0032768;00-0030068;00-0034347;00-0034597;00-0035061;00-0035062,Justin Fields;Darnell Mooney;Jesse James;Allen Robinson;Jason Peters;Cody Whitehair;Marquise Goodwin;James Daniels;Ryan Nall;Alex Bars;Sam Mustipher,00-0031957;00-0036643;00-0034374;00-0030386;00-0031331;00-0032637;00-0035254;00-0036967;00-0036672;00-0031016;00-0032410,Rakeem Nunez-Roches;K.J. Britt;Jordan Whitehead;William Gholston;Pierre Desir;Andrew Adams;Anthony Nelson;Joe Tryon-Shoyinka;Grant Stuard;Ross Cockrell;Rashard Robinson
2021_07_CHI_TB,3980,timeout,0.0,,,0.0,0:23,0:23,CHI,38.0,3.0,,0.0,,,0,,,,,,,,,
2021_07_CHI_TB,3997,pass,5.0,34.0,29.0,22.0,0:23,0:01,,38.0,3.0,2.0,2.0,"2 DL, 4 LB, 5 DB",;;;;;;;;;;,11,6,5,ZONE_COVERAGE,COVER_3,False,00-0036945;00-0036290;00-0031428;00-0022531;00-0032768;00-0031868;00-0030068;00-0034347;00-0034597;00-0035061;00-0035062,Justin Fields;Cole Kmet;Allen Robinson;Jason Peters;Cody Whitehair;Damiere Byrd;Marquise Goodwin;James Daniels;Ryan Nall;Alex Bars;Sam Mustipher,00-0031957;00-0036643;00-0033595;00-0034374;00-0031331;00-0032637;00-0035254;00-0036967;00-0036672;00-0031016;00-0032410,Rakeem Nunez-Roches;K.J. Britt;Pat O'Connor;Jordan Whitehead;Pierre Desir;Andrew Adams;Anthony Nelson;Joe Tryon-Shoyinka;Grant Stuard;Ross Cockrell;Rashard Robinson
2021_07_CHI_TB,4021,pass,4.0,29.0,25.0,1.0,0:01,0:00,,38.0,3.0,1.0,10.0,"2 DL, 4 LB, 5 DB",;;;;;;;;;;,11,6,4,ZONE_COVERAGE,COVER_4,True,00-0036945;00-0036290;00-0031428;00-0022531;00-0032768;00-0031868;00-0030068;00-0034347;00-0034597;00-0035061;00-0035062,Justin Fields;Cole Kmet;Allen Robinson;Jason Peters;Cody Whitehair;Damiere Byrd;Marquise Goodwin;James Daniels;Ryan Nall;Alex Bars;Sam Mustipher,00-0031957;00-0036643;00-0033595;00-0034374;00-0031331;00-0032637;00-0035254;00-0036967;00-0036672;00-0031016;00-0032410,Rakeem Nunez-Roches;K.J. Britt;Pat O'Connor;Jordan Whitehead;Pierre Desir;Andrew Adams;Anthony Nelson;Joe Tryon-Shoyinka;Grant Stuard;Ross Cockrell;Rashard Robinson
2021_07_CHI_TB,4045,end_game,,,,0.0,0:00,0:00,,38.0,3.0,,0.0,,,0,,,,,,,,,
