game_id,play_id,play_type,yards_gained,starting_yard,ending_yard,posteam,qtr,game_seconds_remaining,yardline_100,time_of_play,time_on_clock_start,time_on_clock_end,timeout_team,home_team_score,away_team_score,down,yds_to_go,defense_personnel,defense_positions,n_defense,defenders_in_box,number_of_pass_rushers,defense_man_zone_type,defense_coverage_type,was_pressure,offense_player_ids,offense_player_names,defense_player_ids,defense_player_names
2021_07_ATL_MIA,1,start_quarter_1,,,,,1.0,3600.0,,0.0,15:00,15:00,,0.0,0.0,,0.0,,,0,,,,,,,,,
2021_07_ATL_MIA,40,kickoff,0.0,35.0,35.0,MIA,1.0,3600.0,35.0,0.0,15:00,15:00,,0.0,0.0,,0.0,,;;;;;;;;;;,11,,,,,,00-0036956;00-0032320;00-0033702;00-0036949;00-0030968;00-0031838;00-0029794;00-0033950;00-0034132;00-0036961;00-0036302,Darren Hall;Erik Harris;Younghoe Koo;Adetokunbo Ogundeji;Keith Smith;James Vaughters;Daren Bates;Wayne Gallman;Christian Blake;Richie Grant;Jaylinn Hawkins,00-0033338;00-0033555;00-0034248;00-0032734;00-0034902;00-0032807;00-0034798;00-0033549;00-0033896;00-0036613;00-0035346,Cethan Carter;Mack Hollins;Elijah Campbell;Brennan Scarlett;Sam Eguavoen;Clayton Fejedelem;Durham Smythe;Duke Riley;Adam Shaheen;Jaylen Waddle;Nik Needham
2021_07_ATL_MIA,55,run,4.0,75.0,71.0,MIA,1.0,3600.0,75.0,35.0,15:00,14:25,,0.0,0.0,1.0,10.0,"2 DL, 4 LB, 5 DB",;;;;;;;;;;,11,6,,,,,00-0035350;00-0031958;00-0036248;00-0031893;00-0031806;00-0033896;00-0036613;00-0036212;00-0034829;00-0036325;00-0037010,Preston Williams;Austin Reiter;Austin Jackson;Jesse Davis;Malcolm Brown;Adam Shaheen;Jaylen Waddle;Tua Tagovailoa;Mike Gesicki;Robert Hunt;Liam Eichenberg,00-0031947;00-0032320;00-0030383;00-0036285;00-0036949;00-0032388;00-0036405;00-0031583;00-0034413;00-0033918;00-0030387,Tyeler Davison;Erik Harris;Duron Harmon;A.J. Terrell;Adetokunbo Ogundeji;Deion Jones;Chris Williamson;Grady Jarrett;Foyesade Oluokun;Fabian Moreau;Steven Means
2021_07_ATL_MIA,76,pass,-1.0,71.0,72.0,MIA,1.0,3565.0,71.0,42.0,14:25,13:43,,0.0,0.0,2.0,6.0,"2 DL, 4 LB, 5 DB",;;;;;;;;;;,11,6,5,MAN_COVERAGE,COVER_1,False,00-0035350;00-0031958;00-0036248;00-0031893;00-0031806;00-0033896;00-0036613;00-0036212;00-0034829;00-0037010;00-0036325,Preston Williams;Austin Reiter;Austin Jackson;Jesse Davis;Malcolm Brown;Adam Shaheen;Jaylen Waddle;Tua Tagovailoa;Mike Gesicki;Liam Eichenberg;Robert Hunt,00-0031947;00-0032320;00-0030383;00-0036285;00-0036949;00-0032388;00-0036405;00-0031583;00-0033918;00-0034413;00-0030387,Tyeler Davison;Erik Harris;Duron Harmon;A.J. Terrell;Adetokunbo Ogundeji;Deion Jones;Chris Williamson;Grady Jarrett;Fabian Moreau;Foyesade Oluokun;Steven Means
2021_07_ATL_MIA,100,pass,9.0,72.0,63.0,MIA,1.0,3523.0,72.0,18.0,13:43,13:25,,0.0,0.0,3.0,7.0,"1 DL, 5 LB, 5 DB",;;;;;;;;;;,11,6,4,MAN_COVERAGE,COVER_1,False,00-0035350;00-0030669;00-0031958;00-0036248;00-0031893;00-0031806;00-0036613;00-0036212;00-0034829;00-0037010;00-0036325,Preston Williams;Albert Wilson;Austin Reiter;Austin Jackson;Jesse Davis;Malcolm Brown;Jaylen Waddle;Tua Tagovailoa;Mike Gesicki;Liam Eichenberg;Robert Hunt,00-0032320;00-0030383;00-0036285;00-0036949;00-0032388;00-0036300;00-0036405;00-0031583;00-0034413;00-0033918;00-0030387,Erik Harris;Duron Harmon;A.J. Terrell;Adetokunbo Ogundeji;Deion Jones;Mykal Walker;Chris Williamson;Grady Jarrett;Foyesade Oluokun;Fabian Moreau;Steven Means
2021_07_ATL_MIA,133,run,3.0,63.0,60.0,MIA,1.0,3505.0,63.0,36.0,13:25,12:49,,0.0,0.0,1.0,10.0,"2 DL, 4 LB, 5 DB",;;;;;;;;;;,11,6,,,,,00-0035350;00-0030669;00-0031958;00-0036248;00-0031893;00-0031806;00-0036613;00-0036212;00-0034829;00-0036325;00-0037010,Preston Williams;Albert Wilson;Austin Reiter;Austin Jackson;Jesse Davis;Malcolm Brown;Jaylen Waddle;Tua Tagovailoa;Mike Gesicki;Robert Hunt;Liam Eichenberg,00-0031947;00-0032320;00-0030383;00-0036285;00-0036949;00-0032388;00-0036405;00-0031583;00-0034413;00-0033918;00-0030387,Tyeler Davison;Erik Harris;Duron Harmon;A.J. Terrell;Adetokunbo Ogundeji;Deion Jones;Chris Williamson;Grady Jarrett;Foyesade Oluokun;Fabian Moreau;Steven Means
2021_07_ATL_MIA,154,run,3.0,60.0,57.0,MIA,1.0,3469.0,60.0,42.0,12:49,12:07,,0.0,0.0,2.0,7.0,"2 DL, 4 LB, 5 DB",;;;;;;;;;;,11,6,,,,,00-0035350;00-0031958;00-0036248;00-0031893;00-0031806;00-0033896;00-0036613;00-0036212;00-0034829;00-0037010;00-0036325,Preston Williams;Austin Reiter;Austin Jackson;Jesse Davis;Malcolm Brown;Adam Shaheen;Jaylen Waddle;Tua Tagovailoa;Mike Gesicki;Liam Eichenberg;Robert Hunt,00-0031947;00-0032320;00-0030383;00-0036285;00-0036949;00-0032388;00-0036405;00-0031583;00-0034413;00-0033918;00-0030387,Tyeler Davison;Erik Harris;Duron Harmon;A.J. Terrell;Adetokunbo Ogundeji;Deion Jones;Chris Williamson;Grady Jarrett;Foyesade Oluokun;Fabian Moreau;Steven Means
2021_07_ATL_MIA,181,pass,17.0,57.0,40.0,MIA,1.0,3427.0,57.0,20.0,12:07,11:47,,0.0,0.0,3.0,4.0,"2 DL, 4 LB, 5 DB",;;;;;;;;;;,11,6,5,MAN_COVERAGE,COVER_1,False,00-0035350;00-0031958;00-0036248;00-0031893;00-0035311;00-0033471;00-0036613;00-0036212;00-0034829;00-0037010;00-0036325,Preston Williams;Austin Reiter;Austin Jackson;Jesse Davis;Myles Gaskin;Isaiah Ford;Jaylen Waddle;Tua Tagovailoa;Mike Gesicki;Liam Eichenberg;Robert Hunt,00-0032320;00-0030383;00-0036291;00-0036285;00-0036949;00-0032388;00-0036405;00-0031583;00-0033918;00-0034413;00-0030387,Erik Harris;Duron Harmon;Marlon Davidson;A.J. Terrell;Adetokunbo Ogundeji;Deion Jones;Chris Williamson;Grady Jarrett;Fabian Moreau;Foyesade Oluokun;Steven Means
2021_07_ATL_MIA,210,run,6.0,40.0,34.0,MIA,1.0,3407.0,40.0,34.0,11:47,11:13,,0.0,0.0,1.0,10.0,"2 DL, 4 LB, 5 DB",;;;;;;;;;;,11,6,,,,,00-0035350;00-0031958;00-0036248;00-0031893;00-0035311;00-0033896;00-0036613;00-0036212;00-0034829;00-0036325;00-0037010,Preston Williams;Austin Reiter;Austin Jackson;Jesse Davis;Myles Gaskin;Adam Shaheen;Jaylen Waddle;Tua Tagovailoa;Mike Gesicki;Robert Hunt;Liam Eichenberg,00-0033093;00-0032320;00-0030383;00-0036285;00-0036948;00-0032388;00-0036405;00-0030010;00-0031838;00-0034413;00-0033918,Jonathan Bullard;Erik Harris;Duron Harmon;A.J. Terrell;Ta'Quon Graham;Deion Jones;Chris Williamson;Brandon Copeland;James Vaughters;Foyesade Oluokun;Fabian Moreau
2021_07_ATL_MIA,231,run,5.0,34.0,29.0,MIA,1.0,3373.0,34.0,24.0,11:13,10:49,,0.0,0.0,2.0,4.0,"2 DL, 4 LB, 5 DB",;;;;;;;;;;,11,7,,,,,00-0035350;00-0031958;00-0036248;00-0031893;00-0034798;00-0035311;00-0033896;00-0033471;00-0036212;00-0037010;00-0036325,Preston Williams;Austin Reiter;Austin Jackson;Jesse Davis;Durham Smythe;Myles Gaskin;Adam Shaheen;Isaiah Ford;Tua Tagovailoa;Liam Eichenberg;Robert Hunt,00-0033093;00-0032320;00-0030383;00-0036285;00-0036948;00-0032388;00-0036405;00-0030010;00-0031838;00-0034413;00-0033918,Jonathan Bullard;Erik Harris;Duron Harmon;A.J. Terrell;Ta'Quon Graham;Deion Jones;Chris Williamson;Brandon Copeland;James Vaughters;Foyesade Oluokun;Fabian Moreau
2021_07_ATL_MIA,263,pass,5.0,29.0,24.0,MIA,1.0,3349.0,29.0,38.0,10:49,10:11,,0.0,0.0,1.0,10.0,"2 DL, 4 LB, 5 DB",;;;;;;;;;;,11,4,4,ZONE_COVERAGE,COVER_3,False,00-0035350;00-0031958;00-0036248;00-0031893;00-0034798;00-0035311;00-0033896;00-0033471;00-0036212;00-0036325;00-0037010,Preston Williams;Austin Reiter;Austin Jackson;Jesse Davis;Durham Smythe;Myles Gaskin;Adam Shaheen;Isaiah Ford;Tua Tagovailoa;Robert Hunt;Liam Eichenberg,00-0033093;00-0032320;00-0030383;00-0036285;00-0036948;00-0032388;00-0030010;00-0036405;00-0031838;00-0034413;00-0033918,Jonathan Bullard;Erik Harris;Duron Harmon;A.J. Terrell;Ta'Quon Graham;Deion Jones;Brandon Copeland;Chris Williamson;James Vaughters;Foyesade Oluokun;Fabian Moreau
2021_07_ATL_MIA,287,pass,2.0,24.0,22.0,MIA,1.0,3311.0,24.0,46.0,10:11,9:25,,0.0,0.0,2.0,5.0,"2 DL, 4 LB, 5 DB",;;;;;;;;;;,11,6,4,MAN_COVERAGE,COVER_1,False,00-0033555;00-0031958;00-0036248;00-0031893;00-0034798;00-0035311;00-0033896;00-0036212;00-0037010;00-0034829;00-0036325,Mack Hollins;Austin Reiter;Austin Jackson;Jesse Davis;Durham Smythe;Myles Gaskin;Adam Shaheen;Tua Tagovailoa;Liam Eichenberg;Mike Gesicki;Robert Hunt,00-0033093;00-0032320;00-0030383;00-0036285;00-0036948;00-0036949;00-0032388;00-0036405;00-0034413;00-0033918;00-0030387,Jonathan Bullard;Erik Harris;Duron Harmon;A.J. Terrell;Ta'Quon Graham;Adetokunbo Ogundeji;Deion Jones;Chris Williamson;Foyesade Oluokun;Fabian Moreau;Steven Means
2021_07_ATL_MIA,311,pass,10.0,22.0,12.0,MIA,1.0,3265.0,22.0,43.0,9:25,8:42,,0.0,0.0,3.0,3.0,"2 DL, 4 LB, 5 DB",;;;;;;;;;;,11,6,3,MAN_COVERAGE,COVER_1,False,00-0035350;00-0031958;00-0036248;00-0031893;00-0035311;00-0033896;00-0036613;00-0036212;00-0034829;00-0037010;00-0036325,Preston Williams;Austin Reiter;Austin Jackson;Jesse Davis;Myles Gaskin;Adam Shaheen;Jaylen Waddle;Tua Tagovailoa;Mike Gesicki;Liam Eichenberg;Robert Hunt,00-0032320;00-0030383;00-0036291;00-0036285;00-0036949;00-0032388;00-0036405;00-0031583;00-0033918;00-0034413;00-0030387,Erik Harris;Duron Harmon;Marlon Davidson;A.J. Terrell;Adetokunbo Ogundeji;Deion Jones;Chris Williamson;Grady Jarrett;Fabian Moreau;Foyesade Oluokun;Steven Means
2021_07_ATL_MIA,339,run,2.0,12.0,10.0,MIA,1.0,3222.0,12.0,40.0,8:42,8:02,,0.0,0.0,1.0,10.0,"2 DL, 4 LB, 5 DB",;;;;;;;;;;,11,6,,,,,00-0033555;00-0031958;00-0036248;00-0031893;00-0034798;00-0035311;00-0033896;00-0036613;00-0036212;00-0036325;00-0037010,Mack Hollins;Austin Reiter;Austin Jackson;Jesse Davis;Durham Smythe;Myles Gaskin;Adam Shaheen;Jaylen Waddle;Tua Tagovailoa;Robert Hunt;Liam Eichenberg,00-0031947;00-0032320;00-0030383;00-0036285;00-0036949;00-0032388;00-0036405;00-0031583;00-0034413;00-0033918;00-0030387,Tyeler Davison;Erik Harris;Duron Harmon;A.J. Terrell;Adetokunbo Ogundeji;Deion Jones;Chris Williamson;Grady Jarrett;Foyesade Oluokun;Fabian Moreau;Steven Means
2021_07_ATL_MIA,360,pass,0.0,10.0,10.0,MIA,1.0,3182.0,10.0,4.0,8:02,7:58,,0.0,0.0,2.0,8.0,"2 DL, 4 LB, 5 DB",;;;;;;;;;;,11,6,2,MAN_COVERAGE,COVER_1,False,00-0035350;00-0031958;00-0036248;00-0031893;00-0034798;00-0035311;00-0033896;00-0036613;00-0036212;00-0037010;00-0036325,Preston Williams;Austin Reiter;Austin Jackson;Jesse Davis;Durham Smythe;Myles Gaskin;Adam Shaheen;Jaylen Waddle;Tua Tagovailoa;Liam Eichenberg;Robert Hunt,00-0031947;00-0032320;00-0030383;00-0036285;00-0036949;00-0032388;00-0036405;00-0031583;00-0034413;00-0033918;00-0030387,Tyeler Davison;Erik Harris;Duron Harmon;A.J. Terrell;Adetokunbo Ogundeji;Deion Jones;Chris Williamson;Grady Jarrett;Foyesade Oluokun;Fabian Moreau;Steven Means
2021_07_ATL_MIA,382,pass,10.0,10.0,0.0,MIA,1.0,3178.0,10.0,5.0,7:58,7:53,,6.0,0.0,3.0,8.0,"1 DL, 5 LB, 5 DB",;;;;;;;;;;,11,5,4,MAN_COVERAGE,COVER_1,False,00-0033555;00-0031958;00-0036248;00-0031893;00-0035311;00-0033471;00-0036613;00-0036212;00-0036325;00-0034829;00-0037010,Mack Hollins;Austin Reiter;Austin Jackson;Jesse Davis;Myles Gaskin;Isaiah Ford;Jaylen Waddle;Tua Tagovailoa;Robert Hunt;Mike Gesicki;Liam Eichenberg,00-0032320;00-0030383;00-0036285;00-0036949;00-0032388;00-0036300;00-0036405;00-0031583;00-0033918;00-0034413;00-0030387,Erik Harris;Duron Harmon;A.J. Terrell;Adetokunbo Ogundeji;Deion Jones;Mykal Walker;Chris Williamson;Grady Jarrett;Fabian Moreau;Foyesade Oluokun;Steven Means
2021_07_ATL_MIA,407,extra_point,0.0,15.0,15.0,MIA,1.0,3173.0,15.0,0.0,7:53,7:53,,7.0,0.0,,0.0,,;;;;;;;;;;,11,,,,,,00-0034285;00-0036131;00-0036248;00-0031893;00-0034798;00-0036217;00-0031363;00-0035231;00-0034794;00-0036325;00-0037010,Zach Sieler;Solomon Kindley;Austin Jackson;Jesse Davis;Durham Smythe;Blake Ferguson;Michael Palardy;Christian Wilkins;Jason Sanders;Robert Hunt;Liam Eichenberg,00-0033093;00-0036291;00-0036285;00-0036948;00-0036949;00-0036300;00-0030010;00-0036405;00-0036961;00-0036302;00-0030387,Jonathan Bullard;Marlon Davidson;A.J. Terrell;Ta'Quon Graham;Adetokunbo Ogundeji;Mykal Walker;Brandon Copeland;Chris Williamson;Richie Grant;Jaylinn Hawkins;Steven Means
2021_07_ATL_MIA,423,kickoff,0.0,35.0,35.0,ATL,1.0,3173.0,35.0,0.0,7:53,7:53,,7.0,0.0,,0.0,,;;;;;;;;;;,11,,,,,,00-0033338;00-0033555;00-0034248;00-0032734;00-0034902;00-0032807;00-0033549;00-0036998;00-0034794;00-0035272;00-0036221,Cethan Carter;Mack Hollins;Elijah Campbell;Brennan Scarlett;Sam Eguavoen;Clayton Fejedelem;Duke Riley;Jevon Holland;Jason Sanders;Andrew Van Ginkel;Brandon Jones,00-0030578;00-0036405;00-0030010;00-0034154;00-0030968;00-0035208;00-0029794;00-0033950;00-0034132;00-0036961;00-0036302,Cordarrelle Patterson;Chris Williamson;Brandon Copeland;Jacob Tuioti-Mariner;Keith Smith;Olamide Zaccheaus;Daren Bates;Wayne Gallman;Christian Blake;Richie Grant;Jaylinn Hawkins
2021_07_ATL_MIA,438,run,1.0,75.0,74.0,ATL,1.0,3173.0,75.0,42.0,7:53,7:11,,7.0,0.0,1.0,10.0,"3 DL, 4 LB, 4 DB",;;;;;;;;;;,11,7,,,,,00-0036295;00-0030578;00-0032766;00-0034837;00-0031279;00-0030968;00-0035630;00-0034411;00-0036970;00-0036947;00-0026143,Matt Hennessy;Cordarrelle Patterson;Jason Spriggs;Calvin Ridley;Jake Matthews;Keith Smith;Chris Lindstrom;Russell Gage;Kyle Pitts;Jalen Mayfield;Matt Ryan,00-0032239;00-0034285;00-0032734;00-0032442;00-0036213;00-0035231;00-0036998;00-0034797;00-0035272;00-0036221;00-0033050,Byron Jones;Zach Sieler;Brennan Scarlett;Elandon Roberts;Raekwon Davis;Christian Wilkins;Jevon Holland;Jerome Baker;Andrew Van Ginkel;Brandon Jones;Xavien Howard
2021_07_ATL_MIA,459,pass,-3.0,74.0,77.0,ATL,1.0,3131.0,74.0,41.0,7:11,6:30,,7.0,0.0,2.0,9.0,"3 DL, 3 LB, 5 DB",;;;;;;;;;;,11,5,4,ZONE_COVERAGE,COVER_3,True,00-0032778;00-0036295;00-0030578;00-0032766;00-0034837;00-0031279;00-0035630;00-0034411;00-0036970;00-0036947;00-0026143,Tajae Sharpe;Matt Hennessy;Cordarrelle Patterson;Jason Spriggs;Calvin Ridley;Jake Matthews;Chris Lindstrom;Russell Gage;Kyle Pitts;Jalen Mayfield;Matt Ryan,00-0032239;00-0032442;00-0036213;00-0035231;00-0031555;00-0036998;00-0033073;00-0035346;00-0035272;00-0034797;00-0033050,Byron Jones;Elandon Roberts;Raekwon Davis;Christian Wilkins;Eric Rowe;Jevon Holland;Emmanuel Ogbah;Nik Needham;Andrew Van Ginkel;Jerome Baker;Xavien Howard
2021_07_ATL_MIA,483,pass,0.0,77.0,77.0,ATL,1.0,3090.0,77.0,9.0,6:30,6:21,,7.0,0.0,3.0,12.0,"2 DL, 2 LB, 7 DB",;;;;;;;;;;,11,5,3,MAN_COVERAGE,COVER_1,True,00-0032063;00-0036295;00-0032766;00-0034830;00-0034837;00-0031279;00-0035630;00-0034411;00-0036947;00-0036970;00-0026143,Mike Davis;Matt Hennessy;Jason Spriggs;Hayden Hurst;Calvin Ridley;Jake Matthews;Chris Lindstrom;Russell Gage;Jalen Mayfield;Kyle Pitts;Matt Ryan,00-0032239;00-0036934;00-0031555;00-0033073;00-0036998;00-0033381;00-0035346;00-0034797;00-0027136;00-0036221;00-0033050,Byron Jones;Jaelan Phillips;Eric Rowe;Emmanuel Ogbah;Jevon Holland;Adam Butler;Nik Needham;Jerome Baker;Jason McCourty;Brandon Jones;Xavien Howard
2021_07_ATL_MIA,516,punt,0.0,77.0,77.0,ATL,1.0,3081.0,77.0,9.0,6:21,6:12,,7.0,0.0,4.0,12.0,,;;;;;;;;;;,11,,,,,,00-0028845;00-0023534;00-0030383;00-0036949;00-0030010;00-0036300;00-0030968;00-0033059;00-0035208;00-0036961;00-0036302,Josh Harris;Dustin Colquitt;Duron Harmon;Adetokunbo Ogundeji;Brandon Copeland;Mykal Walker;Keith Smith;T.J. Green;Olamide Zaccheaus;Richie Grant;Jaylinn Hawkins,00-0033338;00-0033555;00-0034248;00-0031796;00-0032807;00-0032734;00-0034902;00-0033549;00-0036998;00-0035346;00-0036221,Cethan Carter;Mack Hollins;Elijah Campbell;Justin Coleman;Clayton Fejedelem;Brennan Scarlett;Sam Eguavoen;Duke Riley;Jevon Holland;Nik Needham;Brandon Jones
2021_07_ATL_MIA,535,pass,0.0,73.0,73.0,MIA,1.0,3072.0,73.0,6.0,6:12,6:06,,7.0,0.0,1.0,10.0,"2 DL, 4 LB, 5 DB",;;;;;;;;;;,11,6,4,ZONE_COVERAGE,COVER_3,False,00-0033555;00-0031958;00-0036248;00-0031893;00-0034798;00-0035311;00-0033896;00-0036613;00-0036212;00-0037010;00-0036325,Mack Hollins;Austin Reiter;Austin Jackson;Jesse Davis;Durham Smythe;Myles Gaskin;Adam Shaheen;Jaylen Waddle;Tua Tagovailoa;Liam Eichenberg;Robert Hunt,00-0033093;00-0031947;00-0032320;00-0030383;00-0036285;00-0036949;00-0032388;00-0034154;00-0033918;00-0034413;00-0036961,Jonathan Bullard;Tyeler Davison;Erik Harris;Duron Harmon;A.J. Terrell;Adetokunbo Ogundeji;Deion Jones;Jacob Tuioti-Mariner;Fabian Moreau;Foyesade Oluokun;Richie Grant
2021_07_ATL_MIA,557,pass,0.0,73.0,73.0,MIA,1.0,3066.0,73.0,40.0,6:06,5:26,,7.0,0.0,2.0,10.0,"2 DL, 4 LB, 5 DB",;;;;;;;;;;,11,6,5,ZONE_COVERAGE,COVER_2,False,00-0033555;00-0031958;00-0036248;00-0031893;00-0034798;00-0035311;00-0033896;00-0033471;00-0036212;00-0037010;00-0036325,Mack Hollins;Austin Reiter;Austin Jackson;Jesse Davis;Durham Smythe;Myles Gaskin;Adam Shaheen;Isaiah Ford;Tua Tagovailoa;Liam Eichenberg;Robert Hunt,00-0033093;00-0031947;00-0032320;00-0030383;00-0036285;00-0036949;00-0032388;00-0034154;00-0034413;00-0033918;00-0036961,Jonathan Bullard;Tyeler Davison;Erik Harris;Duron Harmon;A.J. Terrell;Adetokunbo Ogundeji;Deion Jones;Jacob Tuioti-Mariner;Foyesade Oluokun;Fabian Moreau;Richie Grant
2021_07_ATL_MIA,581,pass,7.0,73.0,66.0,MIA,1.0,3026.0,73.0,40.0,5:26,4:46,,7.0,0.0,3.0,10.0,"2 DL, 4 LB, 5 DB",;;;;;;;;;;,11,7,5,ZONE_COVERAGE,COVER_2,True,00-0033555;00-0031958;00-0036248;00-0031893;00-0033896;00-0033471;00-0036020;00-0036613;00-0036212;00-0036325;00-0037010,Mack Hollins;Austin Reiter;Austin Jackson;Jesse Davis;Adam Shaheen;Isaiah Ford;Salvon Ahmed;Jaylen Waddle;Tua Tagovailoa;Robert Hunt;Liam Eichenberg,00-0032320;00-0030383;00-0036291;00-0036285;00-0036949;00-0032388;00-0031583;00-0034413;00-0033918;00-0036961;00-0030387,Erik Harris;Duron Harmon;Marlon Davidson;A.J. Terrell;Adetokunbo Ogundeji;Deion Jones;Grady Jarrett;Foyesade Oluokun;Fabian Moreau;Richie Grant;Steven Means
2021_07_ATL_MIA,605,punt,0.0,66.0,66.0,MIA,1.0,2986.0,66.0,8.0,4:46,4:38,,7.0,0.0,4.0,3.0,,;;;;;;;;;;,11,,,,,,00-0033338;00-0033555;00-0034248;00-0032807;00-0032734;00-0034902;00-0034798;00-0036217;00-0031363;00-0033549;00-0035272,Cethan Carter;Mack Hollins;Elijah Campbell;Clayton Fejedelem;Brennan Scarlett;Sam Eguavoen;Durham Smythe;Blake Ferguson;Michael Palardy;Duke Riley;Andrew Van Ginkel,00-0036956;00-0036949;00-0036300;00-0036405;00-0030968;00-0033059;00-0035208;00-0029794;00-0034132;00-0036961;00-0030387,Darren Hall;Adetokunbo Ogundeji;Mykal Walker;Chris Williamson;Keith Smith;T.J. Green;Olamide Zaccheaus;Daren Bates;Christian Blake;Richie Grant;Steven Means
2021_07_ATL_MIA,624,pass,23.0,83.0,60.0,ATL,1.0,2978.0,83.0,35.0,4:38,4:03,,7.0,0.0,1.0,10.0,"3 DL, 3 LB, 5 DB",;;;;;;;;;;,11,6,4,ZONE_COVERAGE,COVER_2,False,00-0032063;00-0036295;00-0030578;00-0032766;00-0034830;00-0034837;00-0031279;00-0035630;00-0036970;00-0036947;00-0026143,Mike Davis;Matt Hennessy;Cordarrelle Patterson;Jason Spriggs;Hayden Hurst;Calvin Ridley;Jake Matthews;Chris Lindstrom;Kyle Pitts;Jalen Mayfield;Matt Ryan,00-0032239;00-0032442;00-0036213;00-0035231;00-0031555;00-0033073;00-0036998;00-0034797;00-0035272;00-0027136;00-0033050,Byron Jones;Elandon Roberts;Raekwon Davis;Christian Wilkins;Eric Rowe;Emmanuel Ogbah;Jevon Holland;Jerome Baker;Andrew Van Ginkel;Jason McCourty;Xavien Howard
2021_07_ATL_MIA,648,pass,11.0,60.0,49.0,ATL,1.0,2943.0,60.0,30.0,4:03,3:33,,7.0,0.0,1.0,10.0,"3 DL, 4 LB, 4 DB",;;;;;;;;;;,11,6,3,ZONE_COVERAGE,COVER_3,False,00-0032063;00-0036295;00-0030578;00-0032766;00-0034830;00-0031279;00-0028097;00-0035630;00-0036970;00-0036947;00-0026143,Mike Davis;Matt Hennessy;Cordarrelle Patterson;Jason Spriggs;Hayden Hurst;Jake Matthews;Lee Smith;Chris Lindstrom;Kyle Pitts;Jalen Mayfield;Matt Ryan,00-0032239;00-0034285;00-0032734;00-0032442;00-0036213;00-0035231;00-0036998;00-0034797;00-0035272;00-0036221;00-0033050,Byron Jones;Zach Sieler;Brennan Scarlett;Elandon Roberts;Raekwon Davis;Christian Wilkins;Jevon Holland;Jerome Baker;Andrew Van Ginkel;Brandon Jones;Xavien Howard
2021_07_ATL_MIA,677,run,7.0,49.0,42.0,ATL,1.0,2913.0,49.0,33.0,3:33,3:00,,7.0,0.0,1.0,10.0,"3 DL, 4 LB, 4 DB",;;;;;;;;;;,11,6,,,,,00-0036295;00-0030578;00-0032766;00-0034837;00-0031279;00-0030968;00-0028097;00-0035630;00-0034411;00-0036947;00-0026143,Matt Hennessy;Cordarrelle Patterson;Jason Spriggs;Calvin Ridley;Jake Matthews;Keith Smith;Lee Smith;Chris Lindstrom;Russell Gage;Jalen Mayfield;Matt Ryan,00-0032239;00-0034285;00-0032734;00-0032442;00-0036213;00-0035231;00-0036998;00-0034797;00-0035272;00-0036221;00-0033050,Byron Jones;Zach Sieler;Brennan Scarlett;Elandon Roberts;Raekwon Davis;Christian Wilkins;Jevon Holland;Jerome Baker;Andrew Van Ginkel;Brandon Jones;Xavien Howard
2021_07_ATL_MIA,698,pass,0.0,42.0,42.0,ATL,1.0,2880.0,42.0,4.0,3:00,2:56,,7.0,0.0,2.0,3.0,"3 DL, 3 LB, 5 DB",;;;;;;;;;;,11,6,3,ZONE_COVERAGE,COVER_2,False,00-0032063;00-0036295;00-0030578;00-0032766;00-0034830;00-0034837;00-0031279;00-0035630;00-0036970;00-0036947;00-0026143,Mike Davis;Matt Hennessy;Cordarrelle Patterson;Jason Spriggs;Hayden Hurst;Calvin Ridley;Jake Matthews;Chris Lindstrom;Kyle Pitts;Jalen Mayfield;Matt Ryan,00-0032239;00-0032442;00-0036213;00-0035231;00-0031555;00-0033073;00-0036998;00-0034797;00-0027136;00-0035272;00-0033050,Byron Jones;Elandon Roberts;Raekwon Davis;Christian Wilkins;Eric Rowe;Emmanuel Ogbah;Jevon Holland;Jerome Baker;Jason McCourty;Andrew Van Ginkel;Xavien Howard
2021_07_ATL_MIA,720,run,3.0,42.0,39.0,ATL,1.0,2876.0,42.0,44.0,2:56,2:12,,7.0,0.0,3.0,3.0,"2 DL, 2 LB, 7 DB",;;;;;;;;;;,11,6,,,,,00-0032063;00-0032778;00-0036295;00-0032766;00-0034837;00-0031279;00-0035630;00-0034411;00-0036947;00-0036970;00-0026143,Mike Davis;Tajae Sharpe;Matt Hennessy;Jason Spriggs;Calvin Ridley;Jake Matthews;Chris Lindstrom;Russell Gage;Jalen Mayfield;Kyle Pitts;Matt Ryan,00-0032239;00-0036934;00-0031555;00-0033073;00-0036998;00-0033381;00-0035346;00-0034797;00-0027136;00-0036221;00-0033050,Byron Jones;Jaelan Phillips;Eric Rowe;Emmanuel Ogbah;Jevon Holland;Adam Butler;Nik Needham;Jerome Baker;Jason McCourty;Brandon Jones;Xavien Howard
2021_07_ATL_MIA,741,pass,7.0,39.0,32.0,ATL,1.0,2832.0,39.0,40.0,2:12,1:32,,7.0,0.0,1.0,10.0,"3 DL, 3 LB, 5 DB",;;;;;;;;;;,11,6,3,ZONE_COVERAGE,COVER_2,False,00-0032063;00-0036295;00-0030578;00-0032766;00-0034830;00-0031279;00-0028097;00-0035630;00-0036970;00-0036947;00-0026143,Mike Davis;Matt Hennessy;Cordarrelle Patterson;Jason Spriggs;Hayden Hurst;Jake Matthews;Lee Smith;Chris Lindstrom;Kyle Pitts;Jalen Mayfield;Matt Ryan,00-0032239;00-0032442;00-0035231;00-0031555;00-0033073;00-0036998;00-0033381;00-0034797;00-0027136;00-0035272;00-0033050,Byron Jones;Elandon Roberts;Christian Wilkins;Eric Rowe;Emmanuel Ogbah;Jevon Holland;Adam Butler;Jerome Baker;Jason McCourty;Andrew Van Ginkel;Xavien Howard
2021_07_ATL_MIA,765,run,13.0,32.0,19.0,ATL,1.0,2792.0,32.0,40.0,1:32,0:52,,7.0,0.0,2.0,3.0,"3 DL, 3 LB, 5 DB",;;;;;;;;;;,11,7,,,,,00-0032778;00-0036295;00-0030578;00-0032766;00-0034830;00-0034837;00-0031279;00-0035630;00-0034411;00-0036947;00-0026143,Tajae Sharpe;Matt Hennessy;Cordarrelle Patterson;Jason Spriggs;Hayden Hurst;Calvin Ridley;Jake Matthews;Chris Lindstrom;Russell Gage;Jalen Mayfield;Matt Ryan,00-0032239;00-0032442;00-0035231;00-0031555;00-0036998;00-0033073;00-0033381;00-0035346;00-0034797;00-0035272;00-0033050,Byron Jones;Elandon Roberts;Christian Wilkins;Eric Rowe;Jevon Holland;Emmanuel Ogbah;Adam Butler;Nik Needham;Jerome Baker;Andrew Van Ginkel;Xavien Howard
2021_07_ATL_MIA,786,pass,-11.0,19.0,30.0,ATL,1.0,2752.0,19.0,42.0,0:52,0:10,,7.0,0.0,1.0,10.0,"3 DL, 4 LB, 4 DB",;;;;;;;;;;,11,8,5,,,,00-0032063;00-0036295;00-0032766;00-0034830;00-0034837;00-0031279;00-0028097;00-0035630;00-0036970;00-0036947;00-0026143,Mike Davis;Matt Hennessy;Jason Spriggs;Hayden Hurst;Calvin Ridley;Jake Matthews;Lee Smith;Chris Lindstrom;Kyle Pitts;Jalen Mayfield;Matt Ryan,00-0032239;00-0034285;00-0032734;00-0034902;00-0032442;00-0036213;00-0035231;00-0036998;00-0035272;00-0036221;00-0033050,Byron Jones;Zach Sieler;Brennan Scarlett;Sam Eguavoen;Elandon Roberts;Raekwon Davis;Christian Wilkins;Jevon Holland;Andrew Van Ginkel;Brandon Jones;Xavien Howard
2021_07_ATL_MIA,809,pass,2.0,30.0,28.0,ATL,1.0,2710.0,30.0,10.0,0:10,0:00,,7.0,0.0,2.0,21.0,"3 DL, 3 LB, 5 DB",;;;;;;;;;;,11,5,3,ZONE_COVERAGE,COVER_2,False,00-0032063;00-0036295;00-0030578;00-0032766;00-0034830;00-0031279;00-0035630;00-0035208;00-0034411;00-0036947;00-0026143,Mike Davis;Matt Hennessy;Cordarrelle Patterson;Jason Spriggs;Hayden Hurst;Jake Matthews;Chris Lindstrom;Olamide Zaccheaus;Russell Gage;Jalen Mayfield;Matt Ryan,00-0032239;00-0034902;00-0032442;00-0035231;00-0031555;00-0033073;00-0036998;00-0033381;00-0035346;00-0035272;00-0033050,Byron Jones;Sam Eguavoen;Elandon Roberts;Christian Wilkins;Eric Rowe;Emmanuel Ogbah;Jevon Holland;Adam Butler;Nik Needham;Andrew Van Ginkel;Xavien Howard
2021_07_ATL_MIA,833,start_quarter_2,,,,ATL,1.0,2700.0,,0.0,0:00,0:00,,7.0,0.0,,0.0,,,0,,,,,,,,,
2021_07_ATL_MIA,852,pass,13.0,28.0,15.0,ATL,2.0,2700.0,28.0,43.0,15:00,14:17,,7.0,0.0,3.0,19.0,"2 DL, 2 LB, 7 DB",;;;;;;;;;;,11,4,4,ZONE_COVERAGE,COVER_3,False,00-0032063;00-0036295;00-0030578;00-0032766;00-0034830;00-0034837;00-0031279;00-0035630;00-0036947;00-0036970;00-0026143,Mike Davis;Matt Hennessy;Cordarrelle Patterson;Jason Spriggs;Hayden Hurst;Calvin Ridley;Jake Matthews;Chris Lindstrom;Jalen Mayfield;Kyle Pitts;Matt Ryan,00-0032239;00-0036934;00-0034902;00-0031555;00-0033073;00-0036998;00-0033381;00-0035346;00-0027136;00-0036221;00-0033050,Byron Jones;Jaelan Phillips;Sam Eguavoen;Eric Rowe;Emmanuel Ogbah;Jevon Holland;Adam Butler;Nik Needham;Jason McCourty;Brandon Jones;Xavien Howard
2021_07_ATL_MIA,876,field_goal,0.0,15.0,15.0,ATL,2.0,2657.0,15.0,4.0,14:17,14:13,,7.0,3.0,4.0,6.0,,;;;;;;;;;;,11,,,,,,00-0028845;00-0023534;00-0036957;00-0033702;00-0030706;00-0032766;00-0034165;00-0031279;00-0028097;00-0035630;00-0036947,Josh Harris;Dustin Colquitt;Drew Dalman;Younghoe Koo;Josh Andrews;Jason Spriggs;Colby Gossett;Jake Matthews;Lee Smith;Chris Lindstrom;Jalen Mayfield,00-0034285;00-0034248;00-0031796;00-0032807;00-0032734;00-0032442;00-0036213;00-0035231;00-0033073;00-0036998;00-0035272,Zach Sieler;Elijah Campbell;Justin Coleman;Clayton Fejedelem;Brennan Scarlett;Elandon Roberts;Raekwon Davis;Christian Wilkins;Emmanuel Ogbah;Jevon Holland;Andrew Van Ginkel
2021_07_ATL_MIA,895,kickoff,0.0,35.0,35.0,MIA,2.0,2653.0,35.0,0.0,14:13,14:13,,7.0,3.0,,0.0,,;;;;;;;;;;,11,,,,,,00-0036956;00-0032320;00-0033702;00-0036949;00-0030968;00-0031838;00-0029794;00-0033950;00-0034132;00-0036961;00-0036302,Darren Hall;Erik Harris;Younghoe Koo;Adetokunbo Ogundeji;Keith Smith;James Vaughters;Daren Bates;Wayne Gallman;Christian Blake;Richie Grant;Jaylinn Hawkins,00-0033338;00-0033555;00-0034248;00-0032734;00-0034902;00-0032807;00-0034798;00-0033549;00-0033896;00-0036613;00-0035346,Cethan Carter;Mack Hollins;Elijah Campbell;Brennan Scarlett;Sam Eguavoen;Clayton Fejedelem;Durham Smythe;Duke Riley;Adam Shaheen;Jaylen Waddle;Nik Needham
2021_07_ATL_MIA,910,pass,2.0,75.0,73.0,MIA,2.0,2653.0,75.0,39.0,14:13,13:34,,7.0,3.0,1.0,10.0,"2 DL, 4 LB, 5 DB",;;;;;;;;;;,11,3,3,ZONE_COVERAGE,COVER_2,False,00-0031958;00-0036248;00-0031893;00-0034798;00-0033896;00-0036020;00-0036613;00-0036212;00-0034829;00-0036325;00-0037010,Austin Reiter;Austin Jackson;Jesse Davis;Durham Smythe;Adam Shaheen;Salvon Ahmed;Jaylen Waddle;Tua Tagovailoa;Mike Gesicki;Robert Hunt;Liam Eichenberg,00-0033093;00-0030383;00-0036285;00-0036948;00-0032388;00-0031838;00-0034413;00-0033918;00-0036961;00-0036302;00-0030387,Jonathan Bullard;Duron Harmon;A.J. Terrell;Ta'Quon Graham;Deion Jones;James Vaughters;Foyesade Oluokun;Fabian Moreau;Richie Grant;Jaylinn Hawkins;Steven Means
2021_07_ATL_MIA,934,run,8.0,73.0,65.0,MIA,2.0,2614.0,73.0,43.0,13:34,12:51,,7.0,3.0,2.0,8.0,"2 DL, 4 LB, 5 DB",;;;;;;;;;;,11,8,4,,,,00-0031958;00-0036248;00-0031893;00-0034798;00-0033896;00-0036020;00-0036613;00-0036212;00-0036325;00-0034829;00-0037010,Austin Reiter;Austin Jackson;Jesse Davis;Durham Smythe;Adam Shaheen;Salvon Ahmed;Jaylen Waddle;Tua Tagovailoa;Robert Hunt;Mike Gesicki;Liam Eichenberg,00-0033093;00-0030383;00-0036285;00-0036948;00-0032388;00-0031838;00-0034413;00-0033918;00-0036961;00-0036302;00-0030387,Jonathan Bullard;Duron Harmon;A.J. Terrell;Ta'Quon Graham;Deion Jones;James Vaughters;Foyesade Oluokun;Fabian Moreau;Richie Grant;Jaylinn Hawkins;Steven Means
2021_07_ATL_MIA,955,pass,15.0,65.0,50.0,MIA,2.0,2571.0,65.0,44.0,12:51,12:07,,7.0,3.0,1.0,10.0,"2 DL, 4 LB, 5 DB",;;;;;;;;;;,11,6,2,ZONE_COVERAGE,COVER_3,False,00-0035350;00-0031958;00-0036248;00-0031893;00-0033896;00-0036020;00-0036613;00-0036212;00-0036325;00-0034829;00-0037010,Preston Williams;Austin Reiter;Austin Jackson;Jesse Davis;Adam Shaheen;Salvon Ahmed;Jaylen Waddle;Tua Tagovailoa;Robert Hunt;Mike Gesicki;Liam Eichenberg,00-0033093;00-0030383;00-0036285;00-0036948;00-0032388;00-0031838;00-0033918;00-0034413;00-0036961;00-0036302;00-0030387,Jonathan Bullard;Duron Harmon;A.J. Terrell;Ta'Quon Graham;Deion Jones;James Vaughters;Fabian Moreau;Foyesade Oluokun;Richie Grant;Jaylinn Hawkins;Steven Means
2021_07_ATL_MIA,979,run,3.0,50.0,47.0,MIA,2.0,2527.0,50.0,44.0,12:07,11:23,,7.0,3.0,1.0,10.0,"2 DL, 4 LB, 5 DB",;;;;;;;;;;,11,6,,,,,00-0035350;00-0031958;00-0036248;00-0031893;00-0034798;00-0033896;00-0033471;00-0036020;00-0036212;00-0037010;00-0036325,Preston Williams;Austin Reiter;Austin Jackson;Jesse Davis;Durham Smythe;Adam Shaheen;Isaiah Ford;Salvon Ahmed;Tua Tagovailoa;Liam Eichenberg;Robert Hunt,00-0031947;00-0030383;00-0036285;00-0036949;00-0032388;00-0030010;00-0031583;00-0033918;00-0034413;00-0036961;00-0036302,Tyeler Davison;Duron Harmon;A.J. Terrell;Adetokunbo Ogundeji;Deion Jones;Brandon Copeland;Grady Jarrett;Fabian Moreau;Foyesade Oluokun;Richie Grant;Jaylinn Hawkins
2021_07_ATL_MIA,1000,pass,9.0,47.0,38.0,MIA,2.0,2483.0,47.0,40.0,11:23,10:43,,7.0,3.0,2.0,7.0,"2 DL, 4 LB, 5 DB",;;;;;;;;;;,11,6,5,ZONE_COVERAGE,COVER_2,False,00-0035350;00-0031958;00-0036248;00-0031893;00-0034798;00-0033896;00-0036020;00-0036613;00-0036212;00-0036325;00-0037010,Preston Williams;Austin Reiter;Austin Jackson;Jesse Davis;Durham Smythe;Adam Shaheen;Salvon Ahmed;Jaylen Waddle;Tua Tagovailoa;Robert Hunt;Liam Eichenberg,00-0031947;00-0030383;00-0036285;00-0036949;00-0032388;00-0030010;00-0031583;00-0033918;00-0034413;00-0036961;00-0036302,Tyeler Davison;Duron Harmon;A.J. Terrell;Adetokunbo Ogundeji;Deion Jones;Brandon Copeland;Grady Jarrett;Fabian Moreau;Foyesade Oluokun;Richie Grant;Jaylinn Hawkins
2021_07_ATL_MIA,1024,run,7.0,38.0,31.0,MIA,2.0,2443.0,38.0,31.0,10:43,10:12,,7.0,3.0,1.0,10.0,"2 DL, 4 LB, 5 DB",;;;;;;;;;;,11,7,,,,,00-0035350;00-0031958;00-0036248;00-0031893;00-0034798;00-0033896;00-0036020;00-0036613;00-0036212;00-0036325;00-0037010,Preston Williams;Austin Reiter;Austin Jackson;Jesse Davis;Durham Smythe;Adam Shaheen;Salvon Ahmed;Jaylen Waddle;Tua Tagovailoa;Robert Hunt;Liam Eichenberg,00-0031947;00-0030383;00-0036285;00-0036949;00-0032388;00-0030010;00-0031583;00-0033918;00-0034413;00-0036961;00-0036302,Tyeler Davison;Duron Harmon;A.J. Terrell;Adetokunbo Ogundeji;Deion Jones;Brandon Copeland;Grady Jarrett;Fabian Moreau;Foyesade Oluokun;Richie Grant;Jaylinn Hawkins
2021_07_ATL_MIA,1048,pass,0.0,31.0,31.0,MIA,2.0,2412.0,31.0,6.0,10:12,10:06,,7.0,3.0,2.0,3.0,"2 DL, 4 LB, 5 DB",;;;;;;;;;;,11,7,4,MAN_COVERAGE,COVER_1,False,00-0035350;00-0031958;00-0036248;00-0031893;00-0035311;00-0033896;00-0033471;00-0036212;00-0034829;00-0036325;00-0037010,Preston Williams;Austin Reiter;Austin Jackson;Jesse Davis;Myles Gaskin;Adam Shaheen;Isaiah Ford;Tua Tagovailoa;Mike Gesicki;Robert Hunt;Liam Eichenberg,00-0031947;00-0030383;00-0036285;00-0036949;00-0032388;00-0031583;00-0034413;00-0033918;00-0036961;00-0036302;00-0030387,Tyeler Davison;Duron Harmon;A.J. Terrell;Adetokunbo Ogundeji;Deion Jones;Grady Jarrett;Foyesade Oluokun;Fabian Moreau;Richie Grant;Jaylinn Hawkins;Steven Means
2021_07_ATL_MIA,1070,pass,0.0,31.0,31.0,MIA,2.0,2406.0,31.0,3.0,10:06,10:03,,7.0,3.0,3.0,3.0,"2 DL, 4 LB, 5 DB",;;;;;;;;;;,11,7,3,MAN_COVERAGE,COVER_1,False,00-0035350;00-0031958;00-0036248;00-0031893;00-0035311;00-0033896;00-0033471;00-0036212;00-0034829;00-0036325;00-0037010,Preston Williams;Austin Reiter;Austin Jackson;Jesse Davis;Myles Gaskin;Adam Shaheen;Isaiah Ford;Tua Tagovailoa;Mike Gesicki;Robert Hunt;Liam Eichenberg,00-0036291;00-0030383;00-0036285;00-0036949;00-0032388;00-0031583;00-0033918;00-0034413;00-0036961;00-0036302;00-0030387,Marlon Davidson;Duron Harmon;A.J. Terrell;Adetokunbo Ogundeji;Deion Jones;Grady Jarrett;Fabian Moreau;Foyesade Oluokun;Richie Grant;Jaylinn Hawkins;Steven Means
2021_07_ATL_MIA,1092,field_goal,0.0,31.0,31.0,MIA,2.0,2403.0,31.0,7.0,10:03,9:56,,7.0,3.0,4.0,3.0,,;;;;;;;;;;,11,,,,,,00-0034285;00-0036131;00-0036248;00-0031893;00-0034798;00-0036217;00-0031363;00-0035231;00-0034794;00-0036325;00-0037010,Zach Sieler;Solomon Kindley;Austin Jackson;Jesse Davis;Durham Smythe;Blake Ferguson;Michael Palardy;Christian Wilkins;Jason Sanders;Robert Hunt;Liam Eichenberg,00-0033093;00-0036291;00-0036285;00-0036948;00-0036949;00-0036300;00-0030010;00-0036405;00-0036961;00-0036302;00-0030387,Jonathan Bullard;Marlon Davidson;A.J. Terrell;Ta'Quon Graham;Adetokunbo Ogundeji;Mykal Walker;Brandon Copeland;Chris Williamson;Richie Grant;Jaylinn Hawkins;Steven Means
2021_07_ATL_MIA,1112,run,1.0,61.0,60.0,ATL,2.0,2396.0,61.0,40.0,9:56,9:16,,7.0,3.0,1.0,10.0,"3 DL, 4 LB, 4 DB",;;;;;;;;;;,11,8,,,,,00-0036295;00-0030578;00-0032766;00-0034837;00-0031279;00-0030968;00-0028097;00-0035630;00-0036970;00-0036947;00-0026143,Matt Hennessy;Cordarrelle Patterson;Jason Spriggs;Calvin Ridley;Jake Matthews;Keith Smith;Lee Smith;Chris Lindstrom;Kyle Pitts;Jalen Mayfield;Matt Ryan,00-0032239;00-0034285;00-0032734;00-0034902;00-0032442;00-0036213;00-0035231;00-0036998;00-0035272;00-0036221;00-0033050,Byron Jones;Zach Sieler;Brennan Scarlett;Sam Eguavoen;Elandon Roberts;Raekwon Davis;Christian Wilkins;Jevon Holland;Andrew Van Ginkel;Brandon Jones;Xavien Howard
2021_07_ATL_MIA,1145,pass,0.0,60.0,60.0,ATL,2.0,2356.0,60.0,4.0,9:16,9:12,,7.0,3.0,2.0,9.0,"3 DL, 3 LB, 5 DB",;;;;;;;;;;,11,7,5,ZONE_COVERAGE,COVER_3,False,00-0032063;00-0036295;00-0030578;00-0032766;00-0034830;00-0034837;00-0031279;00-0035630;00-0034411;00-0036947;00-0026143,Mike Davis;Matt Hennessy;Cordarrelle Patterson;Jason Spriggs;Hayden Hurst;Calvin Ridley;Jake Matthews;Chris Lindstrom;Russell Gage;Jalen Mayfield;Matt Ryan,00-0032239;00-0034902;00-0032442;00-0036213;00-0035231;00-0031555;00-0033073;00-0036998;00-0027136;00-0035272;00-0033050,Byron Jones;Sam Eguavoen;Elandon Roberts;Raekwon Davis;Christian Wilkins;Eric Rowe;Emmanuel Ogbah;Jevon Holland;Jason McCourty;Andrew Van Ginkel;Xavien Howard
2021_07_ATL_MIA,1167,pass,12.0,60.0,48.0,ATL,2.0,2352.0,60.0,44.0,9:12,8:28,,7.0,3.0,3.0,9.0,"2 DL, 2 LB, 7 DB",;;;;;;;;;;,11,7,4,MAN_COVERAGE,COVER_1,False,00-0032063;00-0036295;00-0030578;00-0032766;00-0034837;00-0031279;00-0035630;00-0034411;00-0036947;00-0036970;00-0026143,Mike Davis;Matt Hennessy;Cordarrelle Patterson;Jason Spriggs;Calvin Ridley;Jake Matthews;Chris Lindstrom;Russell Gage;Jalen Mayfield;Kyle Pitts;Matt Ryan,00-0032239;00-0036934;00-0034902;00-0031555;00-0033073;00-0036998;00-0033381;00-0035346;00-0027136;00-0036221;00-0033050,Byron Jones;Jaelan Phillips;Sam Eguavoen;Eric Rowe;Emmanuel Ogbah;Jevon Holland;Adam Butler;Nik Needham;Jason McCourty;Brandon Jones;Xavien Howard
2021_07_ATL_MIA,1191,pass,6.0,48.0,42.0,ATL,2.0,2308.0,48.0,40.0,8:28,7:48,,7.0,3.0,1.0,10.0,"3 DL, 4 LB, 4 DB",;;;;;;;;;;,11,8,5,ZONE_COVERAGE,COVER_3,False,00-0036295;00-0030578;00-0032766;00-0034837;00-0031279;00-0030968;00-0028097;00-0035630;00-0036970;00-0036947;00-0026143,Matt Hennessy;Cordarrelle Patterson;Jason Spriggs;Calvin Ridley;Jake Matthews;Keith Smith;Lee Smith;Chris Lindstrom;Kyle Pitts;Jalen Mayfield;Matt Ryan,00-0032239;00-0034285;00-0032734;00-0034902;00-0032442;00-0036213;00-0035231;00-0036998;00-0035272;00-0036221;00-0033050,Byron Jones;Zach Sieler;Brennan Scarlett;Sam Eguavoen;Elandon Roberts;Raekwon Davis;Christian Wilkins;Jevon Holland;Andrew Van Ginkel;Brandon Jones;Xavien Howard
2021_07_ATL_MIA,1215,pass,13.0,42.0,29.0,ATL,2.0,2268.0,42.0,40.0,7:48,7:08,,7.0,3.0,2.0,4.0,"3 DL, 3 LB, 5 DB",;;;;;;;;;;,11,7,2,ZONE_COVERAGE,COVER_3,False,00-0036295;00-0030578;00-0032766;00-0034830;00-0031279;00-0035630;00-0035208;00-0034411;00-0036970;00-0036947;00-0026143,Matt Hennessy;Cordarrelle Patterson;Jason Spriggs;Hayden Hurst;Jake Matthews;Chris Lindstrom;Olamide Zaccheaus;Russell Gage;Kyle Pitts;Jalen Mayfield;Matt Ryan,00-0032239;00-0034285;00-0034902;00-0032442;00-0036213;00-0031555;00-0033073;00-0036998;00-0035272;00-0027136;00-0033050,Byron Jones;Zach Sieler;Sam Eguavoen;Elandon Roberts;Raekwon Davis;Eric Rowe;Emmanuel Ogbah;Jevon Holland;Andrew Van Ginkel;Jason McCourty;Xavien Howard
2021_07_ATL_MIA,1239,run,2.0,29.0,27.0,ATL,2.0,2228.0,29.0,44.0,7:08,6:24,,7.0,3.0,1.0,10.0,"3 DL, 3 LB, 5 DB",;;;;;;;;;;,11,7,,,,,00-0032063;00-0036295;00-0030578;00-0032766;00-0031279;00-0035630;00-0035208;00-0034411;00-0036970;00-0036947;00-0026143,Mike Davis;Matt Hennessy;Cordarrelle Patterson;Jason Spriggs;Jake Matthews;Chris Lindstrom;Olamide Zaccheaus;Russell Gage;Kyle Pitts;Jalen Mayfield;Matt Ryan,00-0032239;00-0034285;00-0034902;00-0032442;00-0031555;00-0033073;00-0036998;00-0033381;00-0035272;00-0027136;00-0033050,Byron Jones;Zach Sieler;Sam Eguavoen;Elandon Roberts;Eric Rowe;Emmanuel Ogbah;Jevon Holland;Adam Butler;Andrew Van Ginkel;Jason McCourty;Xavien Howard
2021_07_ATL_MIA,1260,pass,15.0,27.0,12.0,ATL,2.0,2184.0,27.0,44.0,6:24,5:40,,7.0,3.0,2.0,8.0,"3 DL, 3 LB, 5 DB",;;;;;;;;;;,11,6,4,ZONE_COVERAGE,COVER_3,False,00-0032063;00-0036295;00-0030578;00-0032766;00-0034830;00-0034837;00-0031279;00-0035630;00-0034411;00-0036947;00-0026143,Mike Davis;Matt Hennessy;Cordarrelle Patterson;Jason Spriggs;Hayden Hurst;Calvin Ridley;Jake Matthews;Chris Lindstrom;Russell Gage;Jalen Mayfield;Matt Ryan,00-0032239;00-0034902;00-0032442;00-0035231;00-0031555;00-0033073;00-0036998;00-0033381;00-0027136;00-0035272;00-0033050,Byron Jones;Sam Eguavoen;Elandon Roberts;Christian Wilkins;Eric Rowe;Emmanuel Ogbah;Jevon Holland;Adam Butler;Jason McCourty;Andrew Van Ginkel;Xavien Howard
2021_07_ATL_MIA,1284,pass,0.0,12.0,12.0,ATL,2.0,2140.0,12.0,4.0,5:40,5:36,,7.0,3.0,1.0,10.0,"3 DL, 3 LB, 5 DB",;;;;;;;;;;,11,6,5,MAN_COVERAGE,COVER_0,True,00-0032063;00-0036295;00-0030578;00-0032766;00-0034830;00-0034837;00-0031279;00-0035630;00-0036970;00-0036947;00-0026143,Mike Davis;Matt Hennessy;Cordarrelle Patterson;Jason Spriggs;Hayden Hurst;Calvin Ridley;Jake Matthews;Chris Lindstrom;Kyle Pitts;Jalen Mayfield;Matt Ryan,00-0032239;00-0034902;00-0032442;00-0035231;00-0031555;00-0033073;00-0036998;00-0033381;00-0027136;00-0035272;00-0033050,Byron Jones;Sam Eguavoen;Elandon Roberts;Christian Wilkins;Eric Rowe;Emmanuel Ogbah;Jevon Holland;Adam Butler;Jason McCourty;Andrew Van Ginkel;Xavien Howard
2021_07_ATL_MIA,1306,run,7.0,12.0,5.0,ATL,2.0,2136.0,12.0,43.0,5:36,4:53,,7.0,3.0,2.0,10.0,"3 DL, 3 LB, 5 DB",;;;;;;;;;;,11,7,,,,,00-0036295;00-0030578;00-0032766;00-0034837;00-0031279;00-0028097;00-0035630;00-0035208;00-0034411;00-0036947;00-0026143,Matt Hennessy;Cordarrelle Patterson;Jason Spriggs;Calvin Ridley;Jake Matthews;Lee Smith;Chris Lindstrom;Olamide Zaccheaus;Russell Gage;Jalen Mayfield;Matt Ryan,00-0032239;00-0034902;00-0032442;00-0035231;00-0031555;00-0033073;00-0036998;00-0033381;00-0035346;00-0035272;00-0033050,Byron Jones;Sam Eguavoen;Elandon Roberts;Christian Wilkins;Eric Rowe;Emmanuel Ogbah;Jevon Holland;Adam Butler;Nik Needham;Andrew Van Ginkel;Xavien Howard
2021_07_ATL_MIA,1327,pass,5.0,5.0,0.0,ATL,2.0,2093.0,5.0,6.0,4:53,4:47,,7.0,9.0,3.0,3.0,"3 DL, 4 LB, 4 DB",;;;;;;;;;;,11,8,3,MAN_COVERAGE,COVER_0,True,00-0036295;00-0032766;00-0034830;00-0034837;00-0031279;00-0028097;00-0035630;00-0033950;00-0036970;00-0036947;00-0026143,Matt Hennessy;Jason Spriggs;Hayden Hurst;Calvin Ridley;Jake Matthews;Lee Smith;Chris Lindstrom;Wayne Gallman;Kyle Pitts;Jalen Mayfield;Matt Ryan,00-0032239;00-0034285;00-0032734;00-0034902;00-0032442;00-0036213;00-0035231;00-0036998;00-0035272;00-0036221;00-0033050,Byron Jones;Zach Sieler;Brennan Scarlett;Sam Eguavoen;Elandon Roberts;Raekwon Davis;Christian Wilkins;Jevon Holland;Andrew Van Ginkel;Brandon Jones;Xavien Howard
2021_07_ATL_MIA,1352,extra_point,0.0,15.0,15.0,ATL,2.0,2087.0,15.0,0.0,4:47,4:47,,7.0,10.0,,0.0,,;;;;;;;;;;,11,,,,,,00-0028845;00-0023534;00-0036957;00-0033702;00-0030706;00-0032766;00-0034165;00-0031279;00-0028097;00-0035630;00-0036947,Josh Harris;Dustin Colquitt;Drew Dalman;Younghoe Koo;Josh Andrews;Jason Spriggs;Colby Gossett;Jake Matthews;Lee Smith;Chris Lindstrom;Jalen Mayfield,00-0034285;00-0034248;00-0031796;00-0032807;00-0032734;00-0032442;00-0036213;00-0035231;00-0033073;00-0036998;00-0035272,Zach Sieler;Elijah Campbell;Justin Coleman;Clayton Fejedelem;Brennan Scarlett;Elandon Roberts;Raekwon Davis;Christian Wilkins;Emmanuel Ogbah;Jevon Holland;Andrew Van Ginkel
2021_07_ATL_MIA,1368,kickoff,0.0,35.0,35.0,MIA,2.0,2087.0,35.0,0.0,4:47,4:47,,7.0,10.0,,0.0,,;;;;;;;;;;,11,,,,,,00-0036956;00-0032320;00-0033702;00-0036300;00-0030968;00-0031838;00-0029794;00-0033950;00-0034132;00-0036961;00-0036302,Darren Hall;Erik Harris;Younghoe Koo;Mykal Walker;Keith Smith;James Vaughters;Daren Bates;Wayne Gallman;Christian Blake;Richie Grant;Jaylinn Hawkins,00-0033338;00-0033555;00-0034248;00-0032734;00-0034902;00-0032807;00-0034798;00-0035311;00-0033549;00-0033896;00-0035346,Cethan Carter;Mack Hollins;Elijah Campbell;Brennan Scarlett;Sam Eguavoen;Clayton Fejedelem;Durham Smythe;Myles Gaskin;Duke Riley;Adam Shaheen;Nik Needham
2021_07_ATL_MIA,1383,run,5.0,75.0,70.0,MIA,2.0,2087.0,75.0,33.0,4:47,4:14,,7.0,10.0,1.0,10.0,"2 DL, 4 LB, 5 DB",;;;;;;;;;;,11,7,,,,,00-0035350;00-0031958;00-0036248;00-0031893;00-0034798;00-0035311;00-0036613;00-0036212;00-0034829;00-0036325;00-0037010,Preston Williams;Austin Reiter;Austin Jackson;Jesse Davis;Durham Smythe;Myles Gaskin;Jaylen Waddle;Tua Tagovailoa;Mike Gesicki;Robert Hunt;Liam Eichenberg,00-0032320;00-0036291;00-0036285;00-0032388;00-0030010;00-0031583;00-0033918;00-0034413;00-0036961;00-0036302;00-0030387,Erik Harris;Marlon Davidson;A.J. Terrell;Deion Jones;Brandon Copeland;Grady Jarrett;Fabian Moreau;Foyesade Oluokun;Richie Grant;Jaylinn Hawkins;Steven Means
2021_07_ATL_MIA,1404,pass,7.0,70.0,63.0,MIA,2.0,2054.0,70.0,37.0,4:14,3:37,,7.0,10.0,2.0,5.0,"2 DL, 4 LB, 5 DB",;;;;;;;;;;,11,5,2,ZONE_COVERAGE,COVER_2,False,00-0035350;00-0031958;00-0036248;00-0031893;00-0034798;00-0035311;00-0036613;00-0036212;00-0034829;00-0037010;00-0036325,Preston Williams;Austin Reiter;Austin Jackson;Jesse Davis;Durham Smythe;Myles Gaskin;Jaylen Waddle;Tua Tagovailoa;Mike Gesicki;Liam Eichenberg;Robert Hunt,00-0032320;00-0036291;00-0036285;00-0032388;00-0030010;00-0031583;00-0033918;00-0034413;00-0036961;00-0036302;00-0030387,Erik Harris;Marlon Davidson;A.J. Terrell;Deion Jones;Brandon Copeland;Grady Jarrett;Fabian Moreau;Foyesade Oluokun;Richie Grant;Jaylinn Hawkins;Steven Means
2021_07_ATL_MIA,1428,pass,19.0,63.0,44.0,MIA,2.0,2017.0,63.0,34.0,3:37,3:03,,7.0,10.0,1.0,10.0,"2 DL, 4 LB, 5 DB",;;;;;;;;;;,11,6,2,ZONE_COVERAGE,COVER_2,False,00-0035350;00-0031958;00-0036248;00-0031893;00-0034798;00-0035311;00-0036613;00-0036212;00-0034829;00-0037010;00-0036325,Preston Williams;Austin Reiter;Austin Jackson;Jesse Davis;Durham Smythe;Myles Gaskin;Jaylen Waddle;Tua Tagovailoa;Mike Gesicki;Liam Eichenberg;Robert Hunt,00-0032320;00-0036291;00-0036285;00-0032388;00-0030010;00-0031583;00-0033918;00-0034413;00-0036961;00-0036302;00-0030387,Erik Harris;Marlon Davidson;A.J. Terrell;Deion Jones;Brandon Copeland;Grady Jarrett;Fabian Moreau;Foyesade Oluokun;Richie Grant;Jaylinn Hawkins;Steven Means
2021_07_ATL_MIA,1456,run,2.0,44.0,42.0,MIA,2.0,1983.0,44.0,35.0,3:03,2:28,,7.0,10.0,1.0,10.0,"3 DL, 4 LB, 4 DB",;;;;;;;;;;,11,7,,,,,00-0035350;00-0031958;00-0036248;00-0031893;00-0034798;00-0033896;00-0033471;00-0036020;00-0036212;00-0036325;00-0037010,Preston Williams;Austin Reiter;Austin Jackson;Jesse Davis;Durham Smythe;Adam Shaheen;Isaiah Ford;Salvon Ahmed;Tua Tagovailoa;Robert Hunt;Liam Eichenberg,00-0033093;00-0031947;00-0032320;00-0032388;00-0030010;00-0031583;00-0033059;00-0033918;00-0034413;00-0036302;00-0030387,Jonathan Bullard;Tyeler Davison;Erik Harris;Deion Jones;Brandon Copeland;Grady Jarrett;T.J. Green;Fabian Moreau;Foyesade Oluokun;Jaylinn Hawkins;Steven Means
2021_07_ATL_MIA,1477,no_play,0.0,42.0,42.0,MIA,2.0,1948.0,42.0,13.0,2:28,2:15,,7.0,10.0,2.0,8.0,"2 DL, 4 LB, 5 DB",;;;;;;;;;;,11,,,,,,00-0035350;00-0031958;00-0036248;00-0031893;00-0034798;00-0033896;00-0036020;00-0036613;00-0036212;00-0036325;00-0037010,Preston Williams;Austin Reiter;Austin Jackson;Jesse Davis;Durham Smythe;Adam Shaheen;Salvon Ahmed;Jaylen Waddle;Tua Tagovailoa;Robert Hunt;Liam Eichenberg,00-0031947;00-0032320;00-0032388;00-0030010;00-0031583;00-0033059;00-0034413;00-0033918;00-0036961;00-0036302;00-0030387,Tyeler Davison;Erik Harris;Deion Jones;Brandon Copeland;Grady Jarrett;T.J. Green;Foyesade Oluokun;Fabian Moreau;Richie Grant;Jaylinn Hawkins;Steven Means
2021_07_ATL_MIA,1511,pass,5.0,47.0,42.0,MIA,2.0,1935.0,47.0,15.0,2:15,2:00,,7.0,10.0,2.0,13.0,"2 DL, 4 LB, 5 DB",;;;;;;;;;;,11,6,4,ZONE_COVERAGE,COVER_3,False,00-0035350;00-0031958;00-0036248;00-0031893;00-0034798;00-0035311;00-0036613;00-0036212;00-0036325;00-0034829;00-0037010,Preston Williams;Austin Reiter;Austin Jackson;Jesse Davis;Durham Smythe;Myles Gaskin;Jaylen Waddle;Tua Tagovailoa;Robert Hunt;Mike Gesicki;Liam Eichenberg,00-0032320;00-0036291;00-0036949;00-0032388;00-0031583;00-0033059;00-0033918;00-0036961;00-0034413;00-0036302;00-0030387,Erik Harris;Marlon Davidson;Adetokunbo Ogundeji;Deion Jones;Grady Jarrett;T.J. Green;Fabian Moreau;Richie Grant;Foyesade Oluokun;Jaylinn Hawkins;Steven Means
2021_07_ATL_MIA,1563,run,2.0,27.0,25.0,MIA,2.0,1920.0,27.0,4.0,2:00,1:56,,7.0,10.0,1.0,10.0,"2 DL, 4 LB, 5 DB",;;;;;;;;;;,11,4,,,,,00-0035350;00-0031958;00-0036248;00-0031893;00-0034798;00-0035311;00-0036613;00-0036212;00-0034829;00-0036325;00-0037010,Preston Williams;Austin Reiter;Austin Jackson;Jesse Davis;Durham Smythe;Myles Gaskin;Jaylen Waddle;Tua Tagovailoa;Mike Gesicki;Robert Hunt;Liam Eichenberg,00-0032320;00-0036291;00-0036285;00-0036949;00-0032388;00-0031583;00-0033918;00-0034413;00-0036961;00-0036302;00-0030387,Erik Harris;Marlon Davidson;A.J. Terrell;Adetokunbo Ogundeji;Deion Jones;Grady Jarrett;Fabian Moreau;Foyesade Oluokun;Richie Grant;Jaylinn Hawkins;Steven Means
2021_07_ATL_MIA,1584,timeout,0.0,,,,2.0,1916.0,,0.0,1:56,1:56,ATL,7.0,10.0,,0.0,,,0,,,,,,,,,
2021_07_ATL_MIA,1601,pass,8.0,25.0,17.0,MIA,2.0,1916.0,25.0,37.0,1:56,1:19,,7.0,10.0,2.0,8.0,"2 DL, 4 LB, 5 DB",;;;;;;;;;;,11,6,4,ZONE_COVERAGE,COVER_2,False,00-0035350;00-0031958;00-0036248;00-0031893;00-0034798;00-0035311;00-0036613;00-0036212;00-0034829;00-0036325;00-0037010,Preston Williams;Austin Reiter;Austin Jackson;Jesse Davis;Durham Smythe;Myles Gaskin;Jaylen Waddle;Tua Tagovailoa;Mike Gesicki;Robert Hunt;Liam Eichenberg,00-0032320;00-0036291;00-0036285;00-0036949;00-0032388;00-0031583;00-0033918;00-0034413;00-0036961;00-0036302;00-0030387,Erik Harris;Marlon Davidson;A.J. Terrell;Adetokunbo Ogundeji;Deion Jones;Grady Jarrett;Fabian Moreau;Foyesade Oluokun;Richie Grant;Jaylinn Hawkins;Steven Means
2021_07_ATL_MIA,1625,run,3.0,17.0,14.0,MIA,2.0,1879.0,17.0,36.0,1:19,0:43,,7.0,10.0,1.0,10.0,"2 DL, 4 LB, 5 DB",;;;;;;;;;;,11,4,,,,,00-0035350;00-0031958;00-0036248;00-0031893;00-0034798;00-0035311;00-0036613;00-0036212;00-0034829;00-0036325;00-0037010,Preston Williams;Austin Reiter;Austin Jackson;Jesse Davis;Durham Smythe;Myles Gaskin;Jaylen Waddle;Tua Tagovailoa;Mike Gesicki;Robert Hunt;Liam Eichenberg,00-0032320;00-0036291;00-0036285;00-0036949;00-0032388;00-0031583;00-0033918;00-0034413;00-0036961;00-0036302;00-0030387,Erik Harris;Marlon Davidson;A.J. Terrell;Adetokunbo Ogundeji;Deion Jones;Grady Jarrett;Fabian Moreau;Foyesade Oluokun;Richie Grant;Jaylinn Hawkins;Steven Means
2021_07_ATL_MIA,1646,turnover,0.0,14.0,14.0,MIA,2.0,1843.0,14.0,7.0,0:43,0:36,,7.0,10.0,2.0,7.0,"2 DL, 4 LB, 5 DB",;;;;;;;;;;,11,6,3,ZONE_COVERAGE,COVER_2,False,00-0035350;00-0031958;00-0036248;00-0031893;00-0034798;00-0035311;00-0036613;00-0036212;00-0034829;00-0036325;00-0037010,Preston Williams;Austin Reiter;Austin Jackson;Jesse Davis;Durham Smythe;Myles Gaskin;Jaylen Waddle;Tua Tagovailoa;Mike Gesicki;Robert Hunt;Liam Eichenberg,00-0032320;00-0036291;00-0036285;00-0036949;00-0032388;00-0031583;00-0033918;00-0034413;00-0036961;00-0036302;00-0030387,Erik Harris;Marlon Davidson;A.J. Terrell;Adetokunbo Ogundeji;Deion Jones;Grady Jarrett;Fabian Moreau;Foyesade Oluokun;Richie Grant;Jaylinn Hawkins;Steven Means
2021_07_ATL_MIA,1673,pass,39.0,80.0,41.0,ATL,2.0,1836.0,80.0,6.0,0:36,0:30,,7.0,10.0,1.0,10.0,"2 DL, 2 LB, 7 DB",;;;;;;;;;;,11,5,5,MAN_COVERAGE,COVER_1,False,00-0032778;00-0036295;00-0030578;00-0032766;00-0034837;00-0031279;00-0035630;00-0034411;00-0036947;00-0036970;00-0026143,Tajae Sharpe;Matt Hennessy;Cordarrelle Patterson;Jason Spriggs;Calvin Ridley;Jake Matthews;Chris Lindstrom;Russell Gage;Jalen Mayfield;Kyle Pitts;Matt Ryan,00-0032239;00-0036934;00-0034902;00-0031555;00-0033073;00-0036998;00-0033381;00-0035346;00-0036221;00-0027136;00-0033050,Byron Jones;Jaelan Phillips;Sam Eguavoen;Eric Rowe;Emmanuel Ogbah;Jevon Holland;Adam Butler;Nik Needham;Brandon Jones;Jason McCourty;Xavien Howard
2021_07_ATL_MIA,1713,pass,9.0,41.0,32.0,ATL,2.0,1830.0,41.0,7.0,0:30,0:23,,7.0,10.0,1.0,10.0,"2 DL, 2 LB, 7 DB",;;;;;;;;;;,11,4,4,ZONE_COVERAGE,COVER_3,False,00-0032778;00-0032063;00-0036295;00-0032766;00-0034830;00-0034837;00-0031279;00-0035630;00-0034411;00-0036947;00-0026143,Tajae Sharpe;Mike Davis;Matt Hennessy;Jason Spriggs;Hayden Hurst;Calvin Ridley;Jake Matthews;Chris Lindstrom;Russell Gage;Jalen Mayfield;Matt Ryan,00-0032239;00-0036934;00-0034902;00-0031555;00-0033073;00-0036998;00-0033381;00-0035346;00-0036221;00-0027136;00-0033050,Byron Jones;Jaelan Phillips;Sam Eguavoen;Eric Rowe;Emmanuel Ogbah;Jevon Holland;Adam Butler;Nik Needham;Brandon Jones;Jason McCourty;Xavien Howard
2021_07_ATL_MIA,1737,timeout,0.0,,,,2.0,1823.0,,0.0,0:23,0:23,ATL,7.0,10.0,,0.0,,,0,,,,,,,,,
2021_07_ATL_MIA,1754,pass,6.0,32.0,26.0,ATL,2.0,1823.0,32.0,7.0,0:23,0:16,,7.0,10.0,2.0,1.0,"2 DL, 2 LB, 7 DB",;;;;;;;;;;,11,5,4,ZONE_COVERAGE,COVER_3,False,00-0032063;00-0032778;00-0036295;00-0032766;00-0034837;00-0031279;00-0035630;00-0034411;00-0036947;00-0036970;00-0026143,Mike Davis;Tajae Sharpe;Matt Hennessy;Jason Spriggs;Calvin Ridley;Jake Matthews;Chris Lindstrom;Russell Gage;Jalen Mayfield;Kyle Pitts;Matt Ryan,00-0032239;00-0036934;00-0034902;00-0031555;00-0033073;00-0036998;00-0033381;00-0035346;00-0027136;00-0036221;00-0033050,Byron Jones;Jaelan Phillips;Sam Eguavoen;Eric Rowe;Emmanuel Ogbah;Jevon Holland;Adam Butler;Nik Needham;Jason McCourty;Brandon Jones;Xavien Howard
2021_07_ATL_MIA,1778,timeout,0.0,,,,2.0,1816.0,,0.0,0:16,0:16,ATL,7.0,10.0,,0.0,,,0,,,,,,,,,
2021_07_ATL_MIA,1795,pass,4.0,26.0,22.0,ATL,2.0,1816.0,26.0,4.0,0:16,0:12,,7.0,10.0,1.0,10.0,"2 DL, 2 LB, 7 DB",;;;;;;;;;;,11,3,3,ZONE_COVERAGE,COVER_2,False,00-0032778;00-0032063;00-0036295;00-0032766;00-0034837;00-0031279;00-0035630;00-0034411;00-0036947;00-0036970;00-0026143,Tajae Sharpe;Mike Davis;Matt Hennessy;Jason Spriggs;Calvin Ridley;Jake Matthews;Chris Lindstrom;Russell Gage;Jalen Mayfield;Kyle Pitts;Matt Ryan,00-0032239;00-0036934;00-0034902;00-0031555;00-0033073;00-0036998;00-0033381;00-0035346;00-0036221;00-0027136;00-0033050,Byron Jones;Jaelan Phillips;Sam Eguavoen;Eric Rowe;Emmanuel Ogbah;Jevon Holland;Adam Butler;Nik Needham;Brandon Jones;Jason McCourty;Xavien Howard
2021_07_ATL_MIA,1824,pass,4.0,22.0,18.0,ATL,2.0,1812.0,22.0,5.0,0:12,0:07,,7.0,10.0,2.0,6.0,"2 DL, 2 LB, 7 DB",;;;;;;;;;;,11,3,3,ZONE_COVERAGE,COVER_2,False,00-0032778;00-0032063;00-0036295;00-0032766;00-0034837;00-0031279;00-0035630;00-0034411;00-0036947;00-0036970;00-0026143,Tajae Sharpe;Mike Davis;Matt Hennessy;Jason Spriggs;Calvin Ridley;Jake Matthews;Chris Lindstrom;Russell Gage;Jalen Mayfield;Kyle Pitts;Matt Ryan,00-0032239;00-0036934;00-0034902;00-0031555;00-0036998;00-0033073;00-0033381;00-0035346;00-0036221;00-0027136;00-0033050,Byron Jones;Jaelan Phillips;Sam Eguavoen;Eric Rowe;Jevon Holland;Emmanuel Ogbah;Adam Butler;Nik Needham;Brandon Jones;Jason McCourty;Xavien Howard
2021_07_ATL_MIA,1853,field_goal,0.0,18.0,18.0,ATL,2.0,1807.0,18.0,3.0,0:07,0:04,,7.0,13.0,3.0,2.0,,;;;;;;;;;;,11,,,,,,00-0028845;00-0023534;00-0036957;00-0033702;00-0030706;00-0032766;00-0034165;00-0031279;00-0028097;00-0035630;00-0036947,Josh Harris;Dustin Colquitt;Drew Dalman;Younghoe Koo;Josh Andrews;Jason Spriggs;Colby Gossett;Jake Matthews;Lee Smith;Chris Lindstrom;Jalen Mayfield,00-0034285;00-0034248;00-0031796;00-0032807;00-0032734;00-0032442;00-0036213;00-0035231;00-0033073;00-0036998;00-0035272,Zach Sieler;Elijah Campbell;Justin Coleman;Clayton Fejedelem;Brennan Scarlett;Elandon Roberts;Raekwon Davis;Christian Wilkins;Emmanuel Ogbah;Jevon Holland;Andrew Van Ginkel
2021_07_ATL_MIA,1872,kickoff,0.0,35.0,35.0,MIA,2.0,1804.0,35.0,4.0,0:04,0:00,,7.0,13.0,,0.0,,;;;;;;;;;;,11,,,,,,00-0036956;00-0032320;00-0033702;00-0036300;00-0030968;00-0031838;00-0029794;00-0033950;00-0034132;00-0036961;00-0036302,Darren Hall;Erik Harris;Younghoe Koo;Mykal Walker;Keith Smith;James Vaughters;Daren Bates;Wayne Gallman;Christian Blake;Richie Grant;Jaylinn Hawkins,00-0033338;00-0033555;00-0034248;00-0034902;00-0032807;00-0032734;00-0034798;00-0035311;00-0033549;00-0033896;00-0035346,Cethan Carter;Mack Hollins;Elijah Campbell;Sam Eguavoen;Clayton Fejedelem;Brennan Scarlett;Durham Smythe;Myles Gaskin;Duke Riley;Adam Shaheen;Nik Needham
2021_07_ATL_MIA,1894,start_quarter_3,,,,,2.0,1800.0,,0.0,0:00,0:00,,7.0,13.0,,0.0,,,0,,,,,,,,,
2021_07_ATL_MIA,1913,kickoff,0.0,35.0,35.0,ATL,3.0,1800.0,35.0,6.0,15:00,14:54,,7.0,13.0,,0.0,,;;;;;;;;;;,11,,,,,,00-0033338;00-0033555;00-0034248;00-0032734;00-0034902;00-0032807;00-0033549;00-0036998;00-0034794;00-0035272;00-0036221,Cethan Carter;Mack Hollins;Elijah Campbell;Brennan Scarlett;Sam Eguavoen;Clayton Fejedelem;Duke Riley;Jevon Holland;Jason Sanders;Andrew Van Ginkel;Brandon Jones,00-0030578;00-0036405;00-0030010;00-0034154;00-0030968;00-0033059;00-0035208;00-0029794;00-0033950;00-0034132;00-0036302,Cordarrelle Patterson;Chris Williamson;Brandon Copeland;Jacob Tuioti-Mariner;Keith Smith;T.J. Green;Olamide Zaccheaus;Daren Bates;Wayne Gallman;Christian Blake;Jaylinn Hawkins
2021_07_ATL_MIA,1949,pass,26.0,77.0,51.0,ATL,3.0,1794.0,77.0,17.0,14:54,14:37,,7.0,13.0,1.0,10.0,"3 DL, 3 LB, 5 DB",;;;;;;;;;;,11,6,5,MAN_COVERAGE,COVER_1,False,00-0032063;00-0036295;00-0030578;00-0032766;00-0034830;00-0034837;00-0031279;00-0035630;00-0036970;00-0036947;00-0026143,Mike Davis;Matt Hennessy;Cordarrelle Patterson;Jason Spriggs;Hayden Hurst;Calvin Ridley;Jake Matthews;Chris Lindstrom;Kyle Pitts;Jalen Mayfield;Matt Ryan,00-0032239;00-0034902;00-0032442;00-0036213;00-0035231;00-0031555;00-0033073;00-0036998;00-0027136;00-0035272;00-0033050,Byron Jones;Sam Eguavoen;Elandon Roberts;Raekwon Davis;Christian Wilkins;Eric Rowe;Emmanuel Ogbah;Jevon Holland;Jason McCourty;Andrew Van Ginkel;Xavien Howard
2021_07_ATL_MIA,1981,run,2.0,51.0,49.0,ATL,3.0,1777.0,51.0,35.0,14:37,14:02,,7.0,13.0,1.0,10.0,"3 DL, 3 LB, 5 DB",;;;;;;;;;;,11,8,,,,,00-0036295;00-0030578;00-0032766;00-0034830;00-0034837;00-0031279;00-0028097;00-0035630;00-0034411;00-0036947;00-0026143,Matt Hennessy;Cordarrelle Patterson;Jason Spriggs;Hayden Hurst;Calvin Ridley;Jake Matthews;Lee Smith;Chris Lindstrom;Russell Gage;Jalen Mayfield;Matt Ryan,00-0032239;00-0034902;00-0036213;00-0035231;00-0031555;00-0033549;00-0033073;00-0036998;00-0027136;00-0035272;00-0033050,Byron Jones;Sam Eguavoen;Raekwon Davis;Christian Wilkins;Eric Rowe;Duke Riley;Emmanuel Ogbah;Jevon Holland;Jason McCourty;Andrew Van Ginkel;Xavien Howard
2021_07_ATL_MIA,2002,pass,49.0,49.0,0.0,ATL,3.0,1742.0,49.0,9.0,14:02,13:53,,7.0,19.0,2.0,8.0,"3 DL, 3 LB, 5 DB",;;;;;;;;;;,11,7,4,ZONE_COVERAGE,COVER_4,False,00-0036295;00-0030578;00-0032766;00-0034830;00-0034837;00-0031279;00-0028097;00-0035630;00-0034411;00-0036947;00-0026143,Matt Hennessy;Cordarrelle Patterson;Jason Spriggs;Hayden Hurst;Calvin Ridley;Jake Matthews;Lee Smith;Chris Lindstrom;Russell Gage;Jalen Mayfield;Matt Ryan,00-0032239;00-0034902;00-0036213;00-0035231;00-0031555;00-0033549;00-0033073;00-0036998;00-0035272;00-0027136;00-0033050,Byron Jones;Sam Eguavoen;Raekwon Davis;Christian Wilkins;Eric Rowe;Duke Riley;Emmanuel Ogbah;Jevon Holland;Andrew Van Ginkel;Jason McCourty;Xavien Howard
2021_07_ATL_MIA,2027,extra_point,0.0,15.0,15.0,ATL,3.0,1733.0,15.0,0.0,13:53,13:53,,7.0,20.0,,0.0,,;;;;;;;;;;,11,,,,,,00-0028845;00-0023534;00-0036957;00-0033702;00-0030706;00-0032766;00-0034165;00-0031279;00-0028097;00-0035630;00-0036947,Josh Harris;Dustin Colquitt;Drew Dalman;Younghoe Koo;Josh Andrews;Jason Spriggs;Colby Gossett;Jake Matthews;Lee Smith;Chris Lindstrom;Jalen Mayfield,00-0034285;00-0034248;00-0031796;00-0032807;00-0032734;00-0032442;00-0036213;00-0035231;00-0033073;00-0036998;00-0035272,Zach Sieler;Elijah Campbell;Justin Coleman;Clayton Fejedelem;Brennan Scarlett;Elandon Roberts;Raekwon Davis;Christian Wilkins;Emmanuel Ogbah;Jevon Holland;Andrew Van Ginkel
2021_07_ATL_MIA,2043,kickoff,0.0,35.0,35.0,MIA,3.0,1733.0,35.0,0.0,13:53,13:53,,7.0,20.0,,0.0,,;;;;;;;;;;,11,,,,,,00-0036956;00-0032320;00-0033702;00-0036300;00-0030968;00-0031838;00-0029794;00-0033950;00-0034132;00-0036961;00-0036302,Darren Hall;Erik Harris;Younghoe Koo;Mykal Walker;Keith Smith;James Vaughters;Daren Bates;Wayne Gallman;Christian Blake;Richie Grant;Jaylinn Hawkins,00-0033338;00-0033555;00-0034248;00-0032734;00-0034902;00-0032807;00-0034798;00-0035311;00-0033549;00-0033896;00-0035346,Cethan Carter;Mack Hollins;Elijah Campbell;Brennan Scarlett;Sam Eguavoen;Clayton Fejedelem;Durham Smythe;Myles Gaskin;Duke Riley;Adam Shaheen;Nik Needham
2021_07_ATL_MIA,2058,run,8.0,75.0,67.0,MIA,3.0,1733.0,75.0,36.0,13:53,13:17,,7.0,20.0,1.0,10.0,"2 DL, 4 LB, 5 DB",;;;;;;;;;;,11,6,,,,,00-0033555;00-0031958;00-0036248;00-0031893;00-0035311;00-0033896;00-0036613;00-0036212;00-0034829;00-0037010;00-0036325,Mack Hollins;Austin Reiter;Austin Jackson;Jesse Davis;Myles Gaskin;Adam Shaheen;Jaylen Waddle;Tua Tagovailoa;Mike Gesicki;Liam Eichenberg;Robert Hunt,00-0031947;00-0032320;00-0030383;00-0036285;00-0036949;00-0032388;00-0031583;00-0034413;00-0033918;00-0036961;00-0030387,Tyeler Davison;Erik Harris;Duron Harmon;A.J. Terrell;Adetokunbo Ogundeji;Deion Jones;Grady Jarrett;Foyesade Oluokun;Fabian Moreau;Richie Grant;Steven Means
2021_07_ATL_MIA,2079,run,6.0,67.0,61.0,MIA,3.0,1697.0,67.0,31.0,13:17,12:46,,7.0,20.0,2.0,2.0,"2 DL, 4 LB, 5 DB",;;;;;;;;;;,11,6,,,,,00-0033555;00-0031958;00-0036248;00-0031893;00-0035311;00-0033896;00-0036613;00-0036212;00-0034829;00-0037010;00-0036325,Mack Hollins;Austin Reiter;Austin Jackson;Jesse Davis;Myles Gaskin;Adam Shaheen;Jaylen Waddle;Tua Tagovailoa;Mike Gesicki;Liam Eichenberg;Robert Hunt,00-0031947;00-0032320;00-0030383;00-0036285;00-0036949;00-0032388;00-0031583;00-0034413;00-0033918;00-0036961;00-0030387,Tyeler Davison;Erik Harris;Duron Harmon;A.J. Terrell;Adetokunbo Ogundeji;Deion Jones;Grady Jarrett;Foyesade Oluokun;Fabian Moreau;Richie Grant;Steven Means
2021_07_ATL_MIA,2100,run,0.0,61.0,61.0,MIA,3.0,1666.0,61.0,36.0,12:46,12:10,,7.0,20.0,1.0,10.0,"2 DL, 4 LB, 5 DB",;;;;;;;;;;,11,5,,,,,00-0033555;00-0031958;00-0036248;00-0031893;00-0035311;00-0033896;00-0036613;00-0036212;00-0034829;00-0036325;00-0037010,Mack Hollins;Austin Reiter;Austin Jackson;Jesse Davis;Myles Gaskin;Adam Shaheen;Jaylen Waddle;Tua Tagovailoa;Mike Gesicki;Robert Hunt;Liam Eichenberg,00-0031947;00-0032320;00-0030383;00-0036285;00-0036949;00-0032388;00-0031583;00-0034413;00-0033918;00-0036961;00-0030387,Tyeler Davison;Erik Harris;Duron Harmon;A.J. Terrell;Adetokunbo Ogundeji;Deion Jones;Grady Jarrett;Foyesade Oluokun;Fabian Moreau;Richie Grant;Steven Means
2021_07_ATL_MIA,2121,pass,-10.0,61.0,71.0,MIA,3.0,1630.0,61.0,40.0,12:10,11:30,,7.0,20.0,2.0,10.0,"2 DL, 4 LB, 5 DB",;;;;;;;;;;,11,5,4,,,,00-0033555;00-0031958;00-0036248;00-0031893;00-0033896;00-0036020;00-0036613;00-0036212;00-0036325;00-0034829;00-0037010,Mack Hollins;Austin Reiter;Austin Jackson;Jesse Davis;Adam Shaheen;Salvon Ahmed;Jaylen Waddle;Tua Tagovailoa;Robert Hunt;Mike Gesicki;Liam Eichenberg,00-0032320;00-0036291;00-0030383;00-0036285;00-0036949;00-0032388;00-0031583;00-0034413;00-0033918;00-0036961;00-0030387,Erik Harris;Marlon Davidson;Duron Harmon;A.J. Terrell;Adetokunbo Ogundeji;Deion Jones;Grady Jarrett;Foyesade Oluokun;Fabian Moreau;Richie Grant;Steven Means
2021_07_ATL_MIA,2140,pass,11.0,71.0,60.0,MIA,3.0,1590.0,71.0,32.0,11:30,10:58,,7.0,20.0,3.0,20.0,"2 DL, 4 LB, 5 DB",;;;;;;;;;;,11,4,4,ZONE_COVERAGE,COVER_4,False,00-0033555;00-0031958;00-0036248;00-0031893;00-0034798;00-0035311;00-0036613;00-0036212;00-0036325;00-0034829;00-0037010,Mack Hollins;Austin Reiter;Austin Jackson;Jesse Davis;Durham Smythe;Myles Gaskin;Jaylen Waddle;Tua Tagovailoa;Robert Hunt;Mike Gesicki;Liam Eichenberg,00-0032320;00-0036291;00-0030383;00-0036285;00-0036949;00-0032388;00-0031583;00-0034413;00-0033918;00-0036961;00-0030387,Erik Harris;Marlon Davidson;Duron Harmon;A.J. Terrell;Adetokunbo Ogundeji;Deion Jones;Grady Jarrett;Foyesade Oluokun;Fabian Moreau;Richie Grant;Steven Means
2021_07_ATL_MIA,2186,punt,0.0,60.0,60.0,MIA,3.0,1558.0,60.0,15.0,10:58,10:43,,7.0,20.0,4.0,9.0,,;;;;;;;;;;,11,,,,,,00-0033338;00-0033555;00-0034248;00-0032807;00-0032734;00-0034902;00-0034798;00-0036217;00-0031363;00-0033549;00-0035272,Cethan Carter;Mack Hollins;Elijah Campbell;Clayton Fejedelem;Brennan Scarlett;Sam Eguavoen;Durham Smythe;Blake Ferguson;Michael Palardy;Duke Riley;Andrew Van Ginkel,00-0036956;00-0036949;00-0036300;00-0036405;00-0030968;00-0033059;00-0035208;00-0029794;00-0034132;00-0036961;00-0030387,Darren Hall;Adetokunbo Ogundeji;Mykal Walker;Chris Williamson;Keith Smith;T.J. Green;Olamide Zaccheaus;Daren Bates;Christian Blake;Richie Grant;Steven Means
2021_07_ATL_MIA,2216,run,2.0,70.0,68.0,ATL,3.0,1543.0,70.0,35.0,10:43,10:08,,7.0,20.0,1.0,10.0,"3 DL, 4 LB, 4 DB",;;;;;;;;;;,11,8,,,,,00-0036295;00-0032766;00-0034837;00-0031279;00-0030968;00-0028097;00-0035630;00-0034411;00-0033950;00-0036947;00-0026143,Matt Hennessy;Jason Spriggs;Calvin Ridley;Jake Matthews;Keith Smith;Lee Smith;Chris Lindstrom;Russell Gage;Wayne Gallman;Jalen Mayfield;Matt Ryan,00-0032239;00-0034285;00-0032734;00-0034902;00-0032442;00-0036213;00-0035231;00-0036998;00-0035272;00-0036221;00-0033050,Byron Jones;Zach Sieler;Brennan Scarlett;Sam Eguavoen;Elandon Roberts;Raekwon Davis;Christian Wilkins;Jevon Holland;Andrew Van Ginkel;Brandon Jones;Xavien Howard
2021_07_ATL_MIA,2237,pass,0.0,68.0,68.0,ATL,3.0,1508.0,68.0,5.0,10:08,10:03,,7.0,20.0,2.0,8.0,"3 DL, 4 LB, 4 DB",;;;;;;;;;;,11,5,5,ZONE_COVERAGE,COVER_3,True,00-0036295;00-0032766;00-0034837;00-0031279;00-0030968;00-0028097;00-0035630;00-0034411;00-0033950;00-0036947;00-0026143,Matt Hennessy;Jason Spriggs;Calvin Ridley;Jake Matthews;Keith Smith;Lee Smith;Chris Lindstrom;Russell Gage;Wayne Gallman;Jalen Mayfield;Matt Ryan,00-0032239;00-0034285;00-0032734;00-0034902;00-0032442;00-0036213;00-0035231;00-0036998;00-0035272;00-0036221;00-0033050,Byron Jones;Zach Sieler;Brennan Scarlett;Sam Eguavoen;Elandon Roberts;Raekwon Davis;Christian Wilkins;Jevon Holland;Andrew Van Ginkel;Brandon Jones;Xavien Howard
2021_07_ATL_MIA,2259,pass,4.0,68.0,64.0,ATL,3.0,1503.0,68.0,46.0,10:03,9:17,,7.0,20.0,3.0,8.0,"2 DL, 2 LB, 7 DB",;;;;;;;;;;,11,5,4,ZONE_COVERAGE,COVER_3,True,00-0032063;00-0036295;00-0030578;00-0032766;00-0034837;00-0031279;00-0035630;00-0034411;00-0036947;00-0036970;00-0026143,Mike Davis;Matt Hennessy;Cordarrelle Patterson;Jason Spriggs;Calvin Ridley;Jake Matthews;Chris Lindstrom;Russell Gage;Jalen Mayfield;Kyle Pitts;Matt Ryan,00-0032239;00-0036934;00-0034902;00-0031555;00-0033073;00-0036998;00-0033381;00-0035346;00-0027136;00-0036221;00-0033050,Byron Jones;Jaelan Phillips;Sam Eguavoen;Eric Rowe;Emmanuel Ogbah;Jevon Holland;Adam Butler;Nik Needham;Jason McCourty;Brandon Jones;Xavien Howard
2021_07_ATL_MIA,2283,punt,0.0,64.0,64.0,ATL,3.0,1457.0,64.0,14.0,9:17,9:03,,7.0,20.0,4.0,4.0,,;;;;;;;;;;,11,,,,,,00-0028845;00-0023534;00-0030383;00-0036949;00-0036300;00-0030010;00-0030968;00-0033059;00-0035208;00-0036961;00-0036302,Josh Harris;Dustin Colquitt;Duron Harmon;Adetokunbo Ogundeji;Mykal Walker;Brandon Copeland;Keith Smith;T.J. Green;Olamide Zaccheaus;Richie Grant;Jaylinn Hawkins,00-0033338;00-0033555;00-0034248;00-0031796;00-0032807;00-0032734;00-0034902;00-0033549;00-0036998;00-0035346;00-0036221,Cethan Carter;Mack Hollins;Elijah Campbell;Justin Coleman;Clayton Fejedelem;Brennan Scarlett;Sam Eguavoen;Duke Riley;Jevon Holland;Nik Needham;Brandon Jones
2021_07_ATL_MIA,2308,pass,5.0,58.0,53.0,MIA,3.0,1443.0,58.0,26.0,9:03,8:37,,7.0,20.0,1.0,10.0,"2 DL, 4 LB, 5 DB",;;;;;;;;;;,11,6,4,ZONE_COVERAGE,COVER_2,False,00-0035350;00-0031958;00-0036248;00-0031893;00-0035311;00-0033896;00-0036613;00-0036212;00-0034829;00-0036325;00-0037010,Preston Williams;Austin Reiter;Austin Jackson;Jesse Davis;Myles Gaskin;Adam Shaheen;Jaylen Waddle;Tua Tagovailoa;Mike Gesicki;Robert Hunt;Liam Eichenberg,00-0033093;00-0032320;00-0030383;00-0036285;00-0036948;00-0036949;00-0032388;00-0034154;00-0033918;00-0034413;00-0036961,Jonathan Bullard;Erik Harris;Duron Harmon;A.J. Terrell;Ta'Quon Graham;Adetokunbo Ogundeji;Deion Jones;Jacob Tuioti-Mariner;Fabian Moreau;Foyesade Oluokun;Richie Grant
2021_07_ATL_MIA,2332,run,16.0,53.0,37.0,MIA,3.0,1417.0,53.0,25.0,8:37,8:12,,7.0,20.0,2.0,5.0,"2 DL, 4 LB, 5 DB",;;;;;;;;;;,11,6,,,,,00-0035350;00-0031958;00-0036248;00-0031893;00-0035311;00-0033896;00-0036613;00-0036212;00-0034829;00-0036325;00-0037010,Preston Williams;Austin Reiter;Austin Jackson;Jesse Davis;Myles Gaskin;Adam Shaheen;Jaylen Waddle;Tua Tagovailoa;Mike Gesicki;Robert Hunt;Liam Eichenberg,00-0033093;00-0032320;00-0030383;00-0036285;00-0036948;00-0036949;00-0032388;00-0034154;00-0033918;00-0034413;00-0036961,Jonathan Bullard;Erik Harris;Duron Harmon;A.J. Terrell;Ta'Quon Graham;Adetokunbo Ogundeji;Deion Jones;Jacob Tuioti-Mariner;Fabian Moreau;Foyesade Oluokun;Richie Grant
2021_07_ATL_MIA,2353,pass,0.0,37.0,37.0,MIA,3.0,1392.0,37.0,3.0,8:12,8:09,,7.0,20.0,1.0,10.0,"2 DL, 4 LB, 5 DB",;;;;;;;;;;,11,6,4,ZONE_COVERAGE,COVER_3,False,00-0035350;00-0031958;00-0036248;00-0031893;00-0035311;00-0033896;00-0036613;00-0036212;00-0034829;00-0036325;00-0037010,Preston Williams;Austin Reiter;Austin Jackson;Jesse Davis;Myles Gaskin;Adam Shaheen;Jaylen Waddle;Tua Tagovailoa;Mike Gesicki;Robert Hunt;Liam Eichenberg,00-0033093;00-0032320;00-0030383;00-0036285;00-0036948;00-0036949;00-0032388;00-0034154;00-0033918;00-0034413;00-0036961,Jonathan Bullard;Erik Harris;Duron Harmon;A.J. Terrell;Ta'Quon Graham;Adetokunbo Ogundeji;Deion Jones;Jacob Tuioti-Mariner;Fabian Moreau;Foyesade Oluokun;Richie Grant
2021_07_ATL_MIA,2375,pass,14.0,37.0,23.0,MIA,3.0,1389.0,37.0,17.0,8:09,7:52,,7.0,20.0,2.0,10.0,"2 DL, 4 LB, 5 DB",;;;;;;;;;;,11,6,4,ZONE_COVERAGE,COVER_6,False,00-0033555;00-0031958;00-0036248;00-0031893;00-0035311;00-0033896;00-0036613;00-0036212;00-0034829;00-0037010;00-0036325,Mack Hollins;Austin Reiter;Austin Jackson;Jesse Davis;Myles Gaskin;Adam Shaheen;Jaylen Waddle;Tua Tagovailoa;Mike Gesicki;Liam Eichenberg;Robert Hunt,00-0033093;00-0032320;00-0030383;00-0036285;00-0036948;00-0032388;00-0031838;00-0034413;00-0033918;00-0036961;00-0030387,Jonathan Bullard;Erik Harris;Duron Harmon;A.J. Terrell;Ta'Quon Graham;Deion Jones;James Vaughters;Foyesade Oluokun;Fabian Moreau;Richie Grant;Steven Means
2021_07_ATL_MIA,2404,run,3.0,23.0,20.0,MIA,3.0,1372.0,23.0,31.0,7:52,7:21,,7.0,20.0,1.0,10.0,"2 DL, 4 LB, 5 DB",;;;;;;;;;;,11,6,,,,,00-0033555;00-0031958;00-0036248;00-0031893;00-0035311;00-0033896;00-0036613;00-0036212;00-0034829;00-0037010;00-0036325,Mack Hollins;Austin Reiter;Austin Jackson;Jesse Davis;Myles Gaskin;Adam Shaheen;Jaylen Waddle;Tua Tagovailoa;Mike Gesicki;Liam Eichenberg;Robert Hunt,00-0031947;00-0032320;00-0030383;00-0036285;00-0032388;00-0031583;00-0031838;00-0034413;00-0033918;00-0036961;00-0030387,Tyeler Davison;Erik Harris;Duron Harmon;A.J. Terrell;Deion Jones;Grady Jarrett;James Vaughters;Foyesade Oluokun;Fabian Moreau;Richie Grant;Steven Means
2021_07_ATL_MIA,2425,pass,6.0,20.0,14.0,MIA,3.0,1341.0,20.0,32.0,7:21,6:49,,7.0,20.0,2.0,7.0,"2 DL, 4 LB, 5 DB",;;;;;;;;;;,11,6,4,ZONE_COVERAGE,COVER_2,True,00-0033555;00-0031958;00-0036248;00-0031893;00-0033896;00-0036020;00-0036613;00-0036212;00-0034829;00-0036325;00-0037010,Mack Hollins;Austin Reiter;Austin Jackson;Jesse Davis;Adam Shaheen;Salvon Ahmed;Jaylen Waddle;Tua Tagovailoa;Mike Gesicki;Robert Hunt;Liam Eichenberg,00-0031947;00-0032320;00-0030383;00-0036285;00-0032388;00-0031583;00-0031838;00-0034413;00-0033918;00-0036961;00-0030387,Tyeler Davison;Erik Harris;Duron Harmon;A.J. Terrell;Deion Jones;Grady Jarrett;James Vaughters;Foyesade Oluokun;Fabian Moreau;Richie Grant;Steven Means
2021_07_ATL_MIA,2449,run,6.0,14.0,8.0,MIA,3.0,1309.0,14.0,32.0,6:49,6:17,,7.0,20.0,3.0,1.0,"2 DL, 4 LB, 5 DB",;;;;;;;;;;,11,7,,,,,00-0033555;00-0031958;00-0036248;00-0031893;00-0033896;00-0036020;00-0036613;00-0036212;00-0034829;00-0036325;00-0037010,Mack Hollins;Austin Reiter;Austin Jackson;Jesse Davis;Adam Shaheen;Salvon Ahmed;Jaylen Waddle;Tua Tagovailoa;Mike Gesicki;Robert Hunt;Liam Eichenberg,00-0031947;00-0032320;00-0030383;00-0036285;00-0032388;00-0031583;00-0031838;00-0034413;00-0033918;00-0036961;00-0030387,Tyeler Davison;Erik Harris;Duron Harmon;A.J. Terrell;Deion Jones;Grady Jarrett;James Vaughters;Foyesade Oluokun;Fabian Moreau;Richie Grant;Steven Means
2021_07_ATL_MIA,2470,run,2.0,8.0,6.0,MIA,3.0,1277.0,8.0,32.0,6:17,5:45,,7.0,20.0,1.0,8.0,"2 DL, 4 LB, 5 DB",;;;;;;;;;;,11,6,,,,,00-0033555;00-0031958;00-0036248;00-0031893;00-0035311;00-0033896;00-0036613;00-0036212;00-0034829;00-0037010;00-0036325,Mack Hollins;Austin Reiter;Austin Jackson;Jesse Davis;Myles Gaskin;Adam Shaheen;Jaylen Waddle;Tua Tagovailoa;Mike Gesicki;Liam Eichenberg;Robert Hunt,00-0031947;00-0032320;00-0030383;00-0036285;00-0036949;00-0032388;00-0031583;00-0034413;00-0033918;00-0036961;00-0030387,Tyeler Davison;Erik Harris;Duron Harmon;A.J. Terrell;Adetokunbo Ogundeji;Deion Jones;Grady Jarrett;Foyesade Oluokun;Fabian Moreau;Richie Grant;Steven Means
2021_07_ATL_MIA,2491,no_play,,6.0,,MIA,3.0,1245.0,6.0,25.0,5:45,5:20,,7.0,20.0,2.0,6.0,"2 DL, 4 LB, 5 DB",;;;;;;;;;;,11,,,,,,00-0033555;00-0031958;00-0036248;00-0031893;00-0035311;00-0033896;00-0036613;00-0036212;00-0034829;00-0036325;00-0037010,Mack Hollins;Austin Reiter;Austin Jackson;Jesse Davis;Myles Gaskin;Adam Shaheen;Jaylen Waddle;Tua Tagovailoa;Mike Gesicki;Robert Hunt;Liam Eichenberg,00-0031947;00-0032320;00-0030383;00-0036285;00-0036949;00-0032388;00-0031583;00-0034413;00-0033918;00-0036961;00-0030387,Tyeler Davison;Erik Harris;Duron Harmon;A.J. Terrell;Adetokunbo Ogundeji;Deion Jones;Grady Jarrett;Foyesade Oluokun;Fabian Moreau;Richie Grant;Steven Means
2021_07_ATL_MIA,2538,pass,6.0,6.0,0.0,MIA,3.0,1220.0,6.0,5.0,5:20,5:15,,13.0,20.0,2.0,6.0,"2 DL, 4 LB, 5 DB",;;;;;;;;;;,11,7,4,MAN_COVERAGE,COVER_1,False,00-0033555;00-0031958;00-0036248;00-0031893;00-0034798;00-0035311;00-0033896;00-0036212;00-0034829;00-0037010;00-0036325,Mack Hollins;Austin Reiter;Austin Jackson;Jesse Davis;Durham Smythe;Myles Gaskin;Adam Shaheen;Tua Tagovailoa;Mike Gesicki;Liam Eichenberg;Robert Hunt,00-0031947;00-0032320;00-0030383;00-0036285;00-0036949;00-0032388;00-0031583;00-0034413;00-0033918;00-0036961;00-0030387,Tyeler Davison;Erik Harris;Duron Harmon;A.J. Terrell;Adetokunbo Ogundeji;Deion Jones;Grady Jarrett;Foyesade Oluokun;Fabian Moreau;Richie Grant;Steven Means
2021_07_ATL_MIA,2563,extra_point,0.0,15.0,15.0,MIA,3.0,1215.0,15.0,0.0,5:15,5:15,,14.0,20.0,,0.0,,;;;;;;;;;;,11,,,,,,00-0034285;00-0036131;00-0036248;00-0031893;00-0034798;00-0036217;00-0031363;00-0035231;00-0034794;00-0036325;00-0037010,Zach Sieler;Solomon Kindley;Austin Jackson;Jesse Davis;Durham Smythe;Blake Ferguson;Michael Palardy;Christian Wilkins;Jason Sanders;Robert Hunt;Liam Eichenberg,00-0033093;00-0036291;00-0036285;00-0036948;00-0036949;00-0036300;00-0036405;00-0030010;00-0036961;00-0036302;00-0030387,Jonathan Bullard;Marlon Davidson;A.J. Terrell;Ta'Quon Graham;Adetokunbo Ogundeji;Mykal Walker;Chris Williamson;Brandon Copeland;Richie Grant;Jaylinn Hawkins;Steven Means
2021_07_ATL_MIA,2579,kickoff,0.0,35.0,35.0,ATL,3.0,1215.0,35.0,0.0,5:15,5:15,,14.0,20.0,,0.0,,;;;;;;;;;;,11,,,,,,00-0033338;00-0033555;00-0034248;00-0032734;00-0034902;00-0032807;00-0033549;00-0036998;00-0034794;00-0035272;00-0036221,Cethan Carter;Mack Hollins;Elijah Campbell;Brennan Scarlett;Sam Eguavoen;Clayton Fejedelem;Duke Riley;Jevon Holland;Jason Sanders;Andrew Van Ginkel;Brandon Jones,00-0030578;00-0036405;00-0030010;00-0034154;00-0030968;00-0035208;00-0029794;00-0033950;00-0034132;00-0036961;00-0036302,Cordarrelle Patterson;Chris Williamson;Brandon Copeland;Jacob Tuioti-Mariner;Keith Smith;Olamide Zaccheaus;Daren Bates;Wayne Gallman;Christian Blake;Richie Grant;Jaylinn Hawkins
2021_07_ATL_MIA,2594,pass,0.0,75.0,75.0,ATL,3.0,1215.0,75.0,6.0,5:15,5:09,,14.0,20.0,1.0,10.0,"3 DL, 3 LB, 5 DB",;;;;;;;;;;,11,7,2,MAN_COVERAGE,COVER_1,True,00-0032063;00-0036295;00-0030578;00-0032766;00-0034830;00-0034837;00-0031279;00-0035630;00-0036970;00-0036947;00-0026143,Mike Davis;Matt Hennessy;Cordarrelle Patterson;Jason Spriggs;Hayden Hurst;Calvin Ridley;Jake Matthews;Chris Lindstrom;Kyle Pitts;Jalen Mayfield;Matt Ryan,00-0032239;00-0034902;00-0032442;00-0036213;00-0035231;00-0031555;00-0033073;00-0036998;00-0035272;00-0027136;00-0033050,Byron Jones;Sam Eguavoen;Elandon Roberts;Raekwon Davis;Christian Wilkins;Eric Rowe;Emmanuel Ogbah;Jevon Holland;Andrew Van Ginkel;Jason McCourty;Xavien Howard
2021_07_ATL_MIA,2616,pass,0.0,75.0,75.0,ATL,3.0,1209.0,75.0,8.0,5:09,5:01,,14.0,20.0,2.0,10.0,"3 DL, 3 LB, 5 DB",;;;;;;;;;;,11,6,4,MAN_COVERAGE,COVER_1,True,00-0036295;00-0030578;00-0032766;00-0034830;00-0034837;00-0031279;00-0035630;00-0034411;00-0036970;00-0036947;00-0026143,Matt Hennessy;Cordarrelle Patterson;Jason Spriggs;Hayden Hurst;Calvin Ridley;Jake Matthews;Chris Lindstrom;Russell Gage;Kyle Pitts;Jalen Mayfield;Matt Ryan,00-0032239;00-0034902;00-0032442;00-0035231;00-0031555;00-0033073;00-0036998;00-0033381;00-0027136;00-0035272;00-0033050,Byron Jones;Sam Eguavoen;Elandon Roberts;Christian Wilkins;Eric Rowe;Emmanuel Ogbah;Jevon Holland;Adam Butler;Jason McCourty;Andrew Van Ginkel;Xavien Howard
2021_07_ATL_MIA,2638,pass,11.0,75.0,64.0,ATL,3.0,1201.0,75.0,43.0,5:01,4:18,,14.0,20.0,3.0,10.0,"2 DL, 2 LB, 7 DB",;;;;;;;;;;,11,5,4,ZONE_COVERAGE,COVER_2,False,00-0032063;00-0036295;00-0030578;00-0032766;00-0034837;00-0031279;00-0035630;00-0034411;00-0036947;00-0036970;00-0026143,Mike Davis;Matt Hennessy;Cordarrelle Patterson;Jason Spriggs;Calvin Ridley;Jake Matthews;Chris Lindstrom;Russell Gage;Jalen Mayfield;Kyle Pitts;Matt Ryan,00-0032239;00-0036934;00-0034902;00-0031555;00-0033073;00-0036998;00-0033381;00-0035346;00-0036221;00-0027136;00-0033050,Byron Jones;Jaelan Phillips;Sam Eguavoen;Eric Rowe;Emmanuel Ogbah;Jevon Holland;Adam Butler;Nik Needham;Brandon Jones;Jason McCourty;Xavien Howard
2021_07_ATL_MIA,2662,run,2.0,64.0,62.0,ATL,3.0,1158.0,64.0,44.0,4:18,3:34,,14.0,20.0,1.0,10.0,"3 DL, 4 LB, 4 DB",;;;;;;;;;;,11,7,,,,,00-0032778;00-0036295;00-0030578;00-0032766;00-0034830;00-0031279;00-0028097;00-0035630;00-0034411;00-0036947;00-0026143,Tajae Sharpe;Matt Hennessy;Cordarrelle Patterson;Jason Spriggs;Hayden Hurst;Jake Matthews;Lee Smith;Chris Lindstrom;Russell Gage;Jalen Mayfield;Matt Ryan,00-0032239;00-0034285;00-0032734;00-0034902;00-0032442;00-0036213;00-0035231;00-0036998;00-0035272;00-0036221;00-0033050,Byron Jones;Zach Sieler;Brennan Scarlett;Sam Eguavoen;Elandon Roberts;Raekwon Davis;Christian Wilkins;Jevon Holland;Andrew Van Ginkel;Brandon Jones;Xavien Howard
2021_07_ATL_MIA,2683,pass,12.0,62.0,50.0,ATL,3.0,1114.0,62.0,42.0,3:34,2:52,,14.0,20.0,2.0,8.0,"3 DL, 3 LB, 5 DB",;;;;;;;;;;,11,7,5,MAN_COVERAGE,COVER_1,False,00-0032063;00-0032778;00-0036295;00-0030578;00-0032766;00-0034830;00-0031279;00-0035630;00-0034411;00-0036947;00-0026143,Mike Davis;Tajae Sharpe;Matt Hennessy;Cordarrelle Patterson;Jason Spriggs;Hayden Hurst;Jake Matthews;Chris Lindstrom;Russell Gage;Jalen Mayfield;Matt Ryan,00-0032239;00-0034285;00-0034902;00-0032442;00-0036213;00-0035231;00-0031555;00-0036998;00-0027136;00-0035272;00-0033050,Byron Jones;Zach Sieler;Sam Eguavoen;Elandon Roberts;Raekwon Davis;Christian Wilkins;Eric Rowe;Jevon Holland;Jason McCourty;Andrew Van Ginkel;Xavien Howard
2021_07_ATL_MIA,2707,pass,0.0,50.0,50.0,ATL,3.0,1072.0,50.0,6.0,2:52,2:46,,14.0,20.0,1.0,10.0,"3 DL, 3 LB, 5 DB",;;;;;;;;;;,11,7,3,ZONE_COVERAGE,COVER_3,False,00-0032778;00-0036295;00-0030578;00-0032766;00-0034837;00-0031279;00-0028097;00-0035630;00-0034411;00-0036947;00-0026143,Tajae Sharpe;Matt Hennessy;Cordarrelle Patterson;Jason Spriggs;Calvin Ridley;Jake Matthews;Lee Smith;Chris Lindstrom;Russell Gage;Jalen Mayfield;Matt Ryan,00-0032239;00-0034902;00-0032442;00-0035231;00-0031555;00-0033073;00-0036998;00-0033381;00-0035346;00-0035272;00-0033050,Byron Jones;Sam Eguavoen;Elandon Roberts;Christian Wilkins;Eric Rowe;Emmanuel Ogbah;Jevon Holland;Adam Butler;Nik Needham;Andrew Van Ginkel;Xavien Howard
2021_07_ATL_MIA,2733,pass,0.0,50.0,50.0,ATL,3.0,1066.0,50.0,5.0,2:46,2:41,,14.0,20.0,2.0,10.0,"3 DL, 3 LB, 5 DB",;;;;;;;;;;,11,6,4,MAN_COVERAGE,COVER_1,False,00-0032063;00-0032778;00-0036295;00-0030578;00-0032766;00-0031279;00-0035630;00-0034411;00-0036970;00-0036947;00-0026143,Mike Davis;Tajae Sharpe;Matt Hennessy;Cordarrelle Patterson;Jason Spriggs;Jake Matthews;Chris Lindstrom;Russell Gage;Kyle Pitts;Jalen Mayfield;Matt Ryan,00-0032239;00-0034902;00-0032442;00-0035231;00-0031555;00-0033073;00-0036998;00-0033381;00-0035346;00-0035272;00-0033050,Byron Jones;Sam Eguavoen;Elandon Roberts;Christian Wilkins;Eric Rowe;Emmanuel Ogbah;Jevon Holland;Adam Butler;Nik Needham;Andrew Van Ginkel;Xavien Howard
2021_07_ATL_MIA,2755,pass,0.0,50.0,50.0,ATL,3.0,1061.0,50.0,5.0,2:41,2:36,,14.0,20.0,3.0,10.0,"2 DL, 2 LB, 7 DB",;;;;;;;;;;,11,5,4,MAN_COVERAGE,COVER_1,False,00-0032063;00-0036295;00-0032766;00-0034830;00-0034837;00-0031279;00-0035630;00-0034411;00-0036947;00-0036970;00-0026143,Mike Davis;Matt Hennessy;Jason Spriggs;Hayden Hurst;Calvin Ridley;Jake Matthews;Chris Lindstrom;Russell Gage;Jalen Mayfield;Kyle Pitts;Matt Ryan,00-0032239;00-0036934;00-0034902;00-0031555;00-0033073;00-0036998;00-0033381;00-0035346;00-0027136;00-0036221;00-0033050,Byron Jones;Jaelan Phillips;Sam Eguavoen;Eric Rowe;Emmanuel Ogbah;Jevon Holland;Adam Butler;Nik Needham;Jason McCourty;Brandon Jones;Xavien Howard
2021_07_ATL_MIA,2786,punt,0.0,50.0,50.0,ATL,3.0,1056.0,50.0,10.0,2:36,2:26,,14.0,20.0,4.0,10.0,,;;;;;;;;;;,11,,,,,,00-0028845;00-0023534;00-0030383;00-0036949;00-0030010;00-0036300;00-0030968;00-0033059;00-0035208;00-0036961;00-0036302,Josh Harris;Dustin Colquitt;Duron Harmon;Adetokunbo Ogundeji;Brandon Copeland;Mykal Walker;Keith Smith;T.J. Green;Olamide Zaccheaus;Richie Grant;Jaylinn Hawkins,00-0034285;00-0034248;00-0031796;00-0032807;00-0032734;00-0035231;00-0036998;00-0033381;00-0035346;00-0035272;00-0036221,Zach Sieler;Elijah Campbell;Justin Coleman;Clayton Fejedelem;Brennan Scarlett;Christian Wilkins;Jevon Holland;Adam Butler;Nik Needham;Andrew Van Ginkel;Brandon Jones
2021_07_ATL_MIA,2811,pass,9.0,88.0,79.0,MIA,3.0,1046.0,88.0,38.0,2:26,1:48,,14.0,20.0,1.0,10.0,"2 DL, 4 LB, 5 DB",;;;;;;;;;;,11,6,4,ZONE_COVERAGE,COVER_2,True,00-0033555;00-0031958;00-0036248;00-0031893;00-0033896;00-0036020;00-0036613;00-0036212;00-0034829;00-0037010;00-0036325,Mack Hollins;Austin Reiter;Austin Jackson;Jesse Davis;Adam Shaheen;Salvon Ahmed;Jaylen Waddle;Tua Tagovailoa;Mike Gesicki;Liam Eichenberg;Robert Hunt,00-0033093;00-0031947;00-0032320;00-0030383;00-0036285;00-0032388;00-0030010;00-0034413;00-0033918;00-0036961;00-0030387,Jonathan Bullard;Tyeler Davison;Erik Harris;Duron Harmon;A.J. Terrell;Deion Jones;Brandon Copeland;Foyesade Oluokun;Fabian Moreau;Richie Grant;Steven Means
2021_07_ATL_MIA,2835,run,0.0,79.0,79.0,MIA,3.0,1008.0,79.0,39.0,1:48,1:09,,14.0,20.0,2.0,1.0,"2 DL, 4 LB, 5 DB",;;;;;;;;;;,11,7,,,,,00-0033555;00-0031958;00-0036248;00-0031893;00-0033896;00-0036020;00-0036613;00-0036212;00-0034829;00-0036325;00-0037010,Mack Hollins;Austin Reiter;Austin Jackson;Jesse Davis;Adam Shaheen;Salvon Ahmed;Jaylen Waddle;Tua Tagovailoa;Mike Gesicki;Robert Hunt;Liam Eichenberg,00-0033093;00-0031947;00-0032320;00-0030383;00-0036285;00-0032388;00-0030010;00-0034413;00-0033918;00-0036961;00-0030387,Jonathan Bullard;Tyeler Davison;Erik Harris;Duron Harmon;A.J. Terrell;Deion Jones;Brandon Copeland;Foyesade Oluokun;Fabian Moreau;Richie Grant;Steven Means
2021_07_ATL_MIA,2856,no_play,0.0,79.0,79.0,MIA,3.0,969.0,79.0,24.0,1:09,0:45,,14.0,20.0,3.0,1.0,"2 DL, 4 LB, 5 DB",;;;;;;;;;;,11,7,,,,,00-0033555;00-0031958;00-0036248;00-0031893;00-0034798;00-0035311;00-0033896;00-0036613;00-0036212;00-0037010;00-0036325,Mack Hollins;Austin Reiter;Austin Jackson;Jesse Davis;Durham Smythe;Myles Gaskin;Adam Shaheen;Jaylen Waddle;Tua Tagovailoa;Liam Eichenberg;Robert Hunt,00-0031947;00-0032320;00-0030383;00-0036285;00-0032388;00-0030010;00-0031583;00-0033918;00-0034413;00-0036961;00-0030387,Tyeler Davison;Erik Harris;Duron Harmon;A.J. Terrell;Deion Jones;Brandon Copeland;Grady Jarrett;Fabian Moreau;Foyesade Oluokun;Richie Grant;Steven Means
2021_07_ATL_MIA,2888,run,9.0,89.0,80.0,MIA,3.0,945.0,89.0,43.0,0:45,0:02,,14.0,20.0,3.0,11.0,"2 DL, 4 LB, 5 DB",;;;;;;;;;;,11,6,5,,,,00-0033555;00-0031958;00-0036248;00-0031893;00-0033471;00-0036020;00-0036613;00-0036212;00-0034829;00-0036325;00-0037010,Mack Hollins;Austin Reiter;Austin Jackson;Jesse Davis;Isaiah Ford;Salvon Ahmed;Jaylen Waddle;Tua Tagovailoa;Mike Gesicki;Robert Hunt;Liam Eichenberg,00-0032320;00-0030383;00-0036291;00-0036949;00-0032388;00-0031583;00-0033059;00-0034413;00-0033918;00-0036961;00-0030387,Erik Harris;Duron Harmon;Marlon Davidson;Adetokunbo Ogundeji;Deion Jones;Grady Jarrett;T.J. Green;Foyesade Oluokun;Fabian Moreau;Richie Grant;Steven Means
2021_07_ATL_MIA,2916,punt,0.0,80.0,80.0,MIA,3.0,902.0,80.0,2.0,0:02,0:00,,14.0,20.0,4.0,2.0,,;;;;;;;;;;,11,,,,,,00-0033338;00-0033555;00-0034248;00-0032807;00-0032734;00-0034902;00-0034798;00-0036217;00-0031363;00-0033549;00-0035272,Cethan Carter;Mack Hollins;Elijah Campbell;Clayton Fejedelem;Brennan Scarlett;Sam Eguavoen;Durham Smythe;Blake Ferguson;Michael Palardy;Duke Riley;Andrew Van Ginkel,00-0036956;00-0036949;00-0036300;00-0036405;00-0030968;00-0033059;00-0035208;00-0029794;00-0034132;00-0036961;00-0030387,Darren Hall;Adetokunbo Ogundeji;Mykal Walker;Chris Williamson;Keith Smith;T.J. Green;Olamide Zaccheaus;Daren Bates;Christian Blake;Richie Grant;Steven Means
2021_07_ATL_MIA,2935,start_quarter_4,,,,ATL,3.0,900.0,,0.0,0:00,0:00,,14.0,20.0,,0.0,,,0,,,,,,,,,
2021_07_ATL_MIA,2965,run,2.0,78.0,76.0,ATL,4.0,900.0,78.0,42.0,15:00,14:18,,14.0,20.0,1.0,10.0,"3 DL, 3 LB, 5 DB",;;;;;;;;;;,11,7,,,,,00-0036295;00-0030578;00-0032766;00-0034830;00-0034837;00-0031279;00-0035630;00-0035208;00-0034411;00-0036947;00-0026143,Matt Hennessy;Cordarrelle Patterson;Jason Spriggs;Hayden Hurst;Calvin Ridley;Jake Matthews;Chris Lindstrom;Olamide Zaccheaus;Russell Gage;Jalen Mayfield;Matt Ryan,00-0032239;00-0034285;00-0034902;00-0036213;00-0031555;00-0033549;00-0036998;00-0033073;00-0035346;00-0035272;00-0033050,Byron Jones;Zach Sieler;Sam Eguavoen;Raekwon Davis;Eric Rowe;Duke Riley;Jevon Holland;Emmanuel Ogbah;Nik Needham;Andrew Van Ginkel;Xavien Howard
2021_07_ATL_MIA,2986,pass,0.0,76.0,76.0,ATL,4.0,858.0,76.0,5.0,14:18,14:13,,14.0,20.0,2.0,8.0,"3 DL, 3 LB, 5 DB",;;;;;;;;;;,11,7,6,MAN_COVERAGE,COVER_1,False,00-0032063;00-0036295;00-0030578;00-0032766;00-0034830;00-0034837;00-0031279;00-0035630;00-0036970;00-0036947;00-0026143,Mike Davis;Matt Hennessy;Cordarrelle Patterson;Jason Spriggs;Hayden Hurst;Calvin Ridley;Jake Matthews;Chris Lindstrom;Kyle Pitts;Jalen Mayfield;Matt Ryan,00-0032239;00-0034285;00-0034902;00-0031555;00-0033549;00-0033073;00-0036998;00-0033381;00-0035272;00-0027136;00-0033050,Byron Jones;Zach Sieler;Sam Eguavoen;Eric Rowe;Duke Riley;Emmanuel Ogbah;Jevon Holland;Adam Butler;Andrew Van Ginkel;Jason McCourty;Xavien Howard
2021_07_ATL_MIA,3008,turnover,0.0,76.0,76.0,ATL,4.0,853.0,76.0,4.0,14:13,14:09,,14.0,20.0,3.0,8.0,"2 DL, 2 LB, 7 DB",;;;;;;;;;;,11,6,4,MAN_COVERAGE,2_MAN,False,00-0032063;00-0036295;00-0030578;00-0032766;00-0034830;00-0034837;00-0031279;00-0035630;00-0036947;00-0036970;00-0026143,Mike Davis;Matt Hennessy;Cordarrelle Patterson;Jason Spriggs;Hayden Hurst;Calvin Ridley;Jake Matthews;Chris Lindstrom;Jalen Mayfield;Kyle Pitts;Matt Ryan,00-0032239;00-0036934;00-0034902;00-0031555;00-0036998;00-0033073;00-0033381;00-0035346;00-0027136;00-0036221;00-0033050,Byron Jones;Jaelan Phillips;Sam Eguavoen;Eric Rowe;Jevon Holland;Emmanuel Ogbah;Adam Butler;Nik Needham;Jason McCourty;Brandon Jones;Xavien Howard
2021_07_ATL_MIA,3034,turnover,0.0,32.0,32.0,MIA,4.0,849.0,32.0,12.0,14:09,13:57,,14.0,20.0,1.0,10.0,"2 DL, 4 LB, 5 DB",;;;;;;;;;;,11,4,4,ZONE_COVERAGE,COVER_2,True,00-0033555;00-0031958;00-0036248;00-0031893;00-0035311;00-0033896;00-0036613;00-0036212;00-0034829;00-0037010;00-0036325,Mack Hollins;Austin Reiter;Austin Jackson;Jesse Davis;Myles Gaskin;Adam Shaheen;Jaylen Waddle;Tua Tagovailoa;Mike Gesicki;Liam Eichenberg;Robert Hunt,00-0033093;00-0030383;00-0036949;00-0032388;00-0031583;00-0033059;00-0033918;00-0034413;00-0036961;00-0036302;00-0030387,Jonathan Bullard;Duron Harmon;Adetokunbo Ogundeji;Deion Jones;Grady Jarrett;T.J. Green;Fabian Moreau;Foyesade Oluokun;Richie Grant;Jaylinn Hawkins;Steven Means
2021_07_ATL_MIA,3060,run,1.0,14.0,13.0,ATL,4.0,837.0,14.0,42.0,13:57,13:15,,14.0,20.0,1.0,10.0,"3 DL, 4 LB, 4 DB",;;;;;;;;;;,11,6,,,,,00-0036295;00-0030578;00-0032766;00-0034837;00-0031279;00-0030968;00-0028097;00-0035630;00-0036970;00-0036947;00-0026143,Matt Hennessy;Cordarrelle Patterson;Jason Spriggs;Calvin Ridley;Jake Matthews;Keith Smith;Lee Smith;Chris Lindstrom;Kyle Pitts;Jalen Mayfield;Matt Ryan,00-0032239;00-0034285;00-0032734;00-0034902;00-0032442;00-0036213;00-0035231;00-0036998;00-0035272;00-0036221;00-0033050,Byron Jones;Zach Sieler;Brennan Scarlett;Sam Eguavoen;Elandon Roberts;Raekwon Davis;Christian Wilkins;Jevon Holland;Andrew Van Ginkel;Brandon Jones;Xavien Howard
2021_07_ATL_MIA,3081,pass,6.0,13.0,7.0,ATL,4.0,795.0,13.0,20.0,13:15,12:55,,14.0,20.0,2.0,9.0,"3 DL, 3 LB, 5 DB",;;;;;;;;;;,11,7,5,MAN_COVERAGE,COVER_1,True,00-0032063;00-0036295;00-0030578;00-0032766;00-0034830;00-0034837;00-0031279;00-0035630;00-0036970;00-0036947;00-0026143,Mike Davis;Matt Hennessy;Cordarrelle Patterson;Jason Spriggs;Hayden Hurst;Calvin Ridley;Jake Matthews;Chris Lindstrom;Kyle Pitts;Jalen Mayfield;Matt Ryan,00-0032239;00-0034902;00-0032442;00-0036213;00-0035231;00-0031555;00-0033073;00-0036998;00-0035272;00-0036221;00-0033050,Byron Jones;Sam Eguavoen;Elandon Roberts;Raekwon Davis;Christian Wilkins;Eric Rowe;Emmanuel Ogbah;Jevon Holland;Andrew Van Ginkel;Brandon Jones;Xavien Howard
2021_07_ATL_MIA,3116,run,3.0,3.0,0.0,ATL,4.0,775.0,3.0,4.0,12:55,12:51,,14.0,26.0,1.0,3.0,"3 DL, 4 LB, 4 DB",;;;;;;;;;;,11,8,,,,,00-0036295;00-0030578;00-0032766;00-0034837;00-0031279;00-0030968;00-0028097;00-0035630;00-0034411;00-0036947;00-0026143,Matt Hennessy;Cordarrelle Patterson;Jason Spriggs;Calvin Ridley;Jake Matthews;Keith Smith;Lee Smith;Chris Lindstrom;Russell Gage;Jalen Mayfield;Matt Ryan,00-0032239;00-0034285;00-0032734;00-0034902;00-0032442;00-0036213;00-0035231;00-0036998;00-0035272;00-0036221;00-0033050,Byron Jones;Zach Sieler;Brennan Scarlett;Sam Eguavoen;Elandon Roberts;Raekwon Davis;Christian Wilkins;Jevon Holland;Andrew Van Ginkel;Brandon Jones;Xavien Howard
2021_07_ATL_MIA,3138,extra_point,0.0,15.0,15.0,ATL,4.0,771.0,15.0,0.0,12:51,12:51,,14.0,27.0,,0.0,,;;;;;;;;;;,11,,,,,,00-0028845;00-0023534;00-0036957;00-0033702;00-0030706;00-0032766;00-0034165;00-0031279;00-0028097;00-0035630;00-0036947,Josh Harris;Dustin Colquitt;Drew Dalman;Younghoe Koo;Josh Andrews;Jason Spriggs;Colby Gossett;Jake Matthews;Lee Smith;Chris Lindstrom;Jalen Mayfield,00-0034285;00-0034248;00-0031796;00-0032807;00-0032734;00-0032442;00-0036213;00-0035231;00-0033073;00-0036998;00-0035272,Zach Sieler;Elijah Campbell;Justin Coleman;Clayton Fejedelem;Brennan Scarlett;Elandon Roberts;Raekwon Davis;Christian Wilkins;Emmanuel Ogbah;Jevon Holland;Andrew Van Ginkel
2021_07_ATL_MIA,3154,kickoff,0.0,35.0,35.0,MIA,4.0,771.0,35.0,6.0,12:51,12:45,,14.0,27.0,,0.0,,;;;;;;;;;;,11,,,,,,00-0036956;00-0032320;00-0033702;00-0036300;00-0030968;00-0031838;00-0029794;00-0033950;00-0034132;00-0036961;00-0036302,Darren Hall;Erik Harris;Younghoe Koo;Mykal Walker;Keith Smith;James Vaughters;Daren Bates;Wayne Gallman;Christian Blake;Richie Grant;Jaylinn Hawkins,00-0033338;00-0033555;00-0034248;00-0032807;00-0032734;00-0034902;00-0034798;00-0035311;00-0033549;00-0033896;00-0035346,Cethan Carter;Mack Hollins;Elijah Campbell;Clayton Fejedelem;Brennan Scarlett;Sam Eguavoen;Durham Smythe;Myles Gaskin;Duke Riley;Adam Shaheen;Nik Needham
2021_07_ATL_MIA,3191,pass,18.0,90.0,72.0,MIA,4.0,765.0,90.0,31.0,12:45,12:14,,14.0,27.0,1.0,10.0,"2 DL, 4 LB, 5 DB",;;;;;;;;;;,11,6,4,ZONE_COVERAGE,COVER_2,False,00-0033555;00-0031958;00-0036248;00-0031893;00-0034798;00-0036020;00-0036613;00-0036212;00-0036325;00-0034829;00-0037010,Mack Hollins;Austin Reiter;Austin Jackson;Jesse Davis;Durham Smythe;Salvon Ahmed;Jaylen Waddle;Tua Tagovailoa;Robert Hunt;Mike Gesicki;Liam Eichenberg,00-0031947;00-0030383;00-0036948;00-0036949;00-0032388;00-0033059;00-0031838;00-0033918;00-0034413;00-0036961;00-0036302,Tyeler Davison;Duron Harmon;Ta'Quon Graham;Adetokunbo Ogundeji;Deion Jones;T.J. Green;James Vaughters;Fabian Moreau;Foyesade Oluokun;Richie Grant;Jaylinn Hawkins
2021_07_ATL_MIA,3220,pass,27.0,72.0,45.0,MIA,4.0,734.0,72.0,39.0,12:14,11:35,,14.0,27.0,1.0,10.0,"2 DL, 4 LB, 5 DB",;;;;;;;;;;,11,6,4,ZONE_COVERAGE,COVER_2,False,00-0033555;00-0031958;00-0036248;00-0031893;00-0034798;00-0036020;00-0036613;00-0036212;00-0036325;00-0034829;00-0037010,Mack Hollins;Austin Reiter;Austin Jackson;Jesse Davis;Durham Smythe;Salvon Ahmed;Jaylen Waddle;Tua Tagovailoa;Robert Hunt;Mike Gesicki;Liam Eichenberg,00-0031947;00-0030383;00-0036948;00-0036949;00-0032388;00-0033059;00-0031838;00-0033918;00-0034413;00-0036961;00-0036302,Tyeler Davison;Duron Harmon;Ta'Quon Graham;Adetokunbo Ogundeji;Deion Jones;T.J. Green;James Vaughters;Fabian Moreau;Foyesade Oluokun;Richie Grant;Jaylinn Hawkins
2021_07_ATL_MIA,3244,pass,9.0,45.0,36.0,MIA,4.0,695.0,45.0,25.0,11:35,11:10,,14.0,27.0,1.0,10.0,"2 DL, 4 LB, 5 DB",;;;;;;;;;;,11,6,4,ZONE_COVERAGE,COVER_3,True,00-0033555;00-0031958;00-0036248;00-0031893;00-0034798;00-0036020;00-0036613;00-0036212;00-0036325;00-0034829;00-0037010,Mack Hollins;Austin Reiter;Austin Jackson;Jesse Davis;Durham Smythe;Salvon Ahmed;Jaylen Waddle;Tua Tagovailoa;Robert Hunt;Mike Gesicki;Liam Eichenberg,00-0036291;00-0030383;00-0036949;00-0032388;00-0031583;00-0033059;00-0031838;00-0034413;00-0033918;00-0036961;00-0036302,Marlon Davidson;Duron Harmon;Adetokunbo Ogundeji;Deion Jones;Grady Jarrett;T.J. Green;James Vaughters;Foyesade Oluokun;Fabian Moreau;Richie Grant;Jaylinn Hawkins
2021_07_ATL_MIA,3268,run,5.0,36.0,31.0,MIA,4.0,670.0,36.0,28.0,11:10,10:42,,14.0,27.0,2.0,1.0,"2 DL, 4 LB, 5 DB",;;;;;;;;;;,11,6,,,,,00-0033555;00-0031958;00-0036248;00-0031893;00-0034798;00-0036020;00-0036613;00-0036212;00-0036325;00-0034829;00-0037010,Mack Hollins;Austin Reiter;Austin Jackson;Jesse Davis;Durham Smythe;Salvon Ahmed;Jaylen Waddle;Tua Tagovailoa;Robert Hunt;Mike Gesicki;Liam Eichenberg,00-0032320;00-0036291;00-0036949;00-0032388;00-0031583;00-0033059;00-0031838;00-0033918;00-0034413;00-0036961;00-0036302,Erik Harris;Marlon Davidson;Adetokunbo Ogundeji;Deion Jones;Grady Jarrett;T.J. Green;James Vaughters;Fabian Moreau;Foyesade Oluokun;Richie Grant;Jaylinn Hawkins
2021_07_ATL_MIA,3289,pass,11.0,31.0,20.0,MIA,4.0,642.0,31.0,17.0,10:42,10:25,,14.0,27.0,1.0,10.0,"2 DL, 4 LB, 5 DB",;;;;;;;;;;,11,6,5,ZONE_COVERAGE,COVER_3,False,00-0031958;00-0036248;00-0031893;00-0035311;00-0033896;00-0033471;00-0036613;00-0036212;00-0034829;00-0036325;00-0037010,Austin Reiter;Austin Jackson;Jesse Davis;Myles Gaskin;Adam Shaheen;Isaiah Ford;Jaylen Waddle;Tua Tagovailoa;Mike Gesicki;Robert Hunt;Liam Eichenberg,00-0032320;00-0036291;00-0036949;00-0032388;00-0031583;00-0033059;00-0031838;00-0034413;00-0033918;00-0036961;00-0036302,Erik Harris;Marlon Davidson;Adetokunbo Ogundeji;Deion Jones;Grady Jarrett;T.J. Green;James Vaughters;Foyesade Oluokun;Fabian Moreau;Richie Grant;Jaylinn Hawkins
2021_07_ATL_MIA,3323,run,3.0,20.0,17.0,MIA,4.0,625.0,20.0,34.0,10:25,9:51,,14.0,27.0,1.0,10.0,"2 DL, 4 LB, 5 DB",;;;;;;;;;;,11,5,,,,,00-0031958;00-0036248;00-0031893;00-0035311;00-0033896;00-0033471;00-0036613;00-0036212;00-0036325;00-0034829;00-0037010,Austin Reiter;Austin Jackson;Jesse Davis;Myles Gaskin;Adam Shaheen;Isaiah Ford;Jaylen Waddle;Tua Tagovailoa;Robert Hunt;Mike Gesicki;Liam Eichenberg,00-0032320;00-0036291;00-0032388;00-0034154;00-0031583;00-0033059;00-0034413;00-0033918;00-0036961;00-0036302;00-0030387,Erik Harris;Marlon Davidson;Deion Jones;Jacob Tuioti-Mariner;Grady Jarrett;T.J. Green;Foyesade Oluokun;Fabian Moreau;Richie Grant;Jaylinn Hawkins;Steven Means
2021_07_ATL_MIA,3344,pass,1.0,17.0,16.0,MIA,4.0,591.0,17.0,44.0,9:51,9:07,,14.0,27.0,2.0,7.0,"2 DL, 4 LB, 5 DB",;;;;;;;;;;,11,6,5,ZONE_COVERAGE,COVER_3,False,00-0033555;00-0031958;00-0036248;00-0031893;00-0035311;00-0033896;00-0033471;00-0036212;00-0034829;00-0036325;00-0037010,Mack Hollins;Austin Reiter;Austin Jackson;Jesse Davis;Myles Gaskin;Adam Shaheen;Isaiah Ford;Tua Tagovailoa;Mike Gesicki;Robert Hunt;Liam Eichenberg,00-0033093;00-0032320;00-0030383;00-0032388;00-0034154;00-0031583;00-0033059;00-0034413;00-0033918;00-0036961;00-0030387,Jonathan Bullard;Erik Harris;Duron Harmon;Deion Jones;Jacob Tuioti-Mariner;Grady Jarrett;T.J. Green;Foyesade Oluokun;Fabian Moreau;Richie Grant;Steven Means
2021_07_ATL_MIA,3368,run,9.0,16.0,7.0,MIA,4.0,547.0,16.0,32.0,9:07,8:35,,14.0,27.0,3.0,6.0,"1 DL, 5 LB, 5 DB",;;;;;;;;;;,11,6,4,,,,00-0035350;00-0030669;00-0031958;00-0036248;00-0031893;00-0035311;00-0036613;00-0036212;00-0034829;00-0036325;00-0037010,Preston Williams;Albert Wilson;Austin Reiter;Austin Jackson;Jesse Davis;Myles Gaskin;Jaylen Waddle;Tua Tagovailoa;Mike Gesicki;Robert Hunt;Liam Eichenberg,00-0032320;00-0030383;00-0036949;00-0032388;00-0036300;00-0031583;00-0033059;00-0034413;00-0033918;00-0036961;00-0030387,Erik Harris;Duron Harmon;Adetokunbo Ogundeji;Deion Jones;Mykal Walker;Grady Jarrett;T.J. Green;Foyesade Oluokun;Fabian Moreau;Richie Grant;Steven Means
2021_07_ATL_MIA,3392,pass,7.0,7.0,0.0,MIA,4.0,515.0,7.0,6.0,8:35,8:29,,20.0,27.0,1.0,7.0,"2 DL, 4 LB, 5 DB",;;;;;;;;;;,11,6,4,ZONE_COVERAGE,COVER_4,False,00-0033555;00-0031958;00-0036248;00-0031893;00-0035311;00-0033896;00-0036613;00-0036212;00-0036325;00-0034829;00-0037010,Mack Hollins;Austin Reiter;Austin Jackson;Jesse Davis;Myles Gaskin;Adam Shaheen;Jaylen Waddle;Tua Tagovailoa;Robert Hunt;Mike Gesicki;Liam Eichenberg,00-0031947;00-0030383;00-0036949;00-0032388;00-0031583;00-0033059;00-0034413;00-0033918;00-0036961;00-0036302;00-0030387,Tyeler Davison;Duron Harmon;Adetokunbo Ogundeji;Deion Jones;Grady Jarrett;T.J. Green;Foyesade Oluokun;Fabian Moreau;Richie Grant;Jaylinn Hawkins;Steven Means
2021_07_ATL_MIA,3417,extra_point,0.0,15.0,15.0,MIA,4.0,509.0,15.0,0.0,8:29,8:29,,21.0,27.0,,0.0,,;;;;;;;;;;,11,,,,,,00-0034285;00-0036131;00-0036248;00-0031893;00-0034798;00-0036217;00-0031363;00-0035231;00-0034794;00-0036325;00-0037010,Zach Sieler;Solomon Kindley;Austin Jackson;Jesse Davis;Durham Smythe;Blake Ferguson;Michael Palardy;Christian Wilkins;Jason Sanders;Robert Hunt;Liam Eichenberg,00-0033093;00-0036956;00-0036291;00-0036948;00-0036949;00-0036405;00-0036300;00-0030010;00-0036961;00-0036302;00-0030387,Jonathan Bullard;Darren Hall;Marlon Davidson;Ta'Quon Graham;Adetokunbo Ogundeji;Chris Williamson;Mykal Walker;Brandon Copeland;Richie Grant;Jaylinn Hawkins;Steven Means
2021_07_ATL_MIA,3433,kickoff,0.0,35.0,35.0,ATL,4.0,509.0,35.0,7.0,8:29,8:22,,21.0,27.0,,0.0,,;;;;;;;;;;,11,,,,,,00-0033338;00-0033555;00-0034248;00-0034902;00-0032807;00-0032734;00-0033549;00-0036998;00-0034794;00-0035272;00-0036221,Cethan Carter;Mack Hollins;Elijah Campbell;Sam Eguavoen;Clayton Fejedelem;Brennan Scarlett;Duke Riley;Jevon Holland;Jason Sanders;Andrew Van Ginkel;Brandon Jones,00-0030578;00-0030010;00-0036300;00-0036405;00-0034154;00-0030968;00-0035208;00-0029794;00-0033950;00-0034132;00-0036302,Cordarrelle Patterson;Brandon Copeland;Mykal Walker;Chris Williamson;Jacob Tuioti-Mariner;Keith Smith;Olamide Zaccheaus;Daren Bates;Wayne Gallman;Christian Blake;Jaylinn Hawkins
2021_07_ATL_MIA,3468,pass,0.0,91.0,91.0,ATL,4.0,502.0,91.0,4.0,8:22,8:18,,21.0,27.0,1.0,10.0,"3 DL, 4 LB, 4 DB",;;;;;;;;;;,11,8,5,ZONE_COVERAGE,COVER_3,True,00-0032063;00-0036295;00-0032766;00-0034830;00-0034837;00-0031279;00-0028097;00-0035630;00-0034411;00-0036947;00-0026143,Mike Davis;Matt Hennessy;Jason Spriggs;Hayden Hurst;Calvin Ridley;Jake Matthews;Lee Smith;Chris Lindstrom;Russell Gage;Jalen Mayfield;Matt Ryan,00-0032239;00-0034285;00-0032734;00-0034902;00-0032442;00-0036213;00-0035231;00-0036998;00-0035272;00-0036221;00-0033050,Byron Jones;Zach Sieler;Brennan Scarlett;Sam Eguavoen;Elandon Roberts;Raekwon Davis;Christian Wilkins;Jevon Holland;Andrew Van Ginkel;Brandon Jones;Xavien Howard
2021_07_ATL_MIA,3490,pass,0.0,91.0,91.0,ATL,4.0,498.0,91.0,4.0,8:18,8:14,,21.0,27.0,2.0,10.0,"3 DL, 3 LB, 5 DB",;;;;;;;;;;,11,6,6,MAN_COVERAGE,COVER_1,False,00-0032063;00-0036295;00-0032766;00-0034830;00-0034837;00-0031279;00-0035630;00-0034411;00-0036970;00-0036947;00-0026143,Mike Davis;Matt Hennessy;Jason Spriggs;Hayden Hurst;Calvin Ridley;Jake Matthews;Chris Lindstrom;Russell Gage;Kyle Pitts;Jalen Mayfield;Matt Ryan,00-0032239;00-0034902;00-0032442;00-0035231;00-0031555;00-0036998;00-0033073;00-0033381;00-0035272;00-0036221;00-0033050,Byron Jones;Sam Eguavoen;Elandon Roberts;Christian Wilkins;Eric Rowe;Jevon Holland;Emmanuel Ogbah;Adam Butler;Andrew Van Ginkel;Brandon Jones;Xavien Howard
2021_07_ATL_MIA,3512,pass,11.0,91.0,80.0,ATL,4.0,494.0,91.0,40.0,8:14,7:34,,21.0,27.0,3.0,10.0,"2 DL, 3 LB, 6 DB",;;;;;;;;;;,11,5,5,ZONE_COVERAGE,COVER_2,False,00-0032778;00-0036295;00-0030578;00-0032766;00-0034837;00-0031279;00-0035630;00-0034411;00-0036970;00-0036947;00-0026143,Tajae Sharpe;Matt Hennessy;Cordarrelle Patterson;Jason Spriggs;Calvin Ridley;Jake Matthews;Chris Lindstrom;Russell Gage;Kyle Pitts;Jalen Mayfield;Matt Ryan,00-0032239;00-0036934;00-0034902;00-0031555;00-0033549;00-0036998;00-0033073;00-0033381;00-0035346;00-0036221;00-0033050,Byron Jones;Jaelan Phillips;Sam Eguavoen;Eric Rowe;Duke Riley;Jevon Holland;Emmanuel Ogbah;Adam Butler;Nik Needham;Brandon Jones;Xavien Howard
2021_07_ATL_MIA,3536,run,11.0,80.0,69.0,ATL,4.0,454.0,80.0,43.0,7:34,6:51,,21.0,27.0,1.0,10.0,"3 DL, 4 LB, 4 DB",;;;;;;;;;;,11,6,,,,,00-0036295;00-0030578;00-0032766;00-0034837;00-0031279;00-0030968;00-0028097;00-0035630;00-0034411;00-0036947;00-0026143,Matt Hennessy;Cordarrelle Patterson;Jason Spriggs;Calvin Ridley;Jake Matthews;Keith Smith;Lee Smith;Chris Lindstrom;Russell Gage;Jalen Mayfield;Matt Ryan,00-0032239;00-0034285;00-0032734;00-0034902;00-0032442;00-0036213;00-0035231;00-0036998;00-0035272;00-0036221;00-0033050,Byron Jones;Zach Sieler;Brennan Scarlett;Sam Eguavoen;Elandon Roberts;Raekwon Davis;Christian Wilkins;Jevon Holland;Andrew Van Ginkel;Brandon Jones;Xavien Howard
2021_07_ATL_MIA,3557,run,2.0,69.0,67.0,ATL,4.0,411.0,69.0,43.0,6:51,6:08,,21.0,27.0,1.0,10.0,"3 DL, 4 LB, 4 DB",;;;;;;;;;;,11,8,,,,,00-0032063;00-0036295;00-0032766;00-0031279;00-0030968;00-0028097;00-0035630;00-0035208;00-0034411;00-0036947;00-0026143,Mike Davis;Matt Hennessy;Jason Spriggs;Jake Matthews;Keith Smith;Lee Smith;Chris Lindstrom;Olamide Zaccheaus;Russell Gage;Jalen Mayfield;Matt Ryan,00-0032239;00-0034285;00-0032734;00-0034902;00-0032442;00-0036213;00-0035231;00-0036998;00-0035272;00-0036221;00-0033050,Byron Jones;Zach Sieler;Brennan Scarlett;Sam Eguavoen;Elandon Roberts;Raekwon Davis;Christian Wilkins;Jevon Holland;Andrew Van Ginkel;Brandon Jones;Xavien Howard
2021_07_ATL_MIA,3578,pass,0.0,67.0,67.0,ATL,4.0,368.0,67.0,5.0,6:08,6:03,,21.0,27.0,2.0,8.0,"3 DL, 3 LB, 5 DB",;;;;;;;;;;,11,6,4,MAN_COVERAGE,COVER_1,True,00-0032063;00-0036295;00-0030578;00-0032766;00-0034830;00-0031279;00-0035630;00-0035208;00-0036970;00-0036947;00-0026143,Mike Davis;Matt Hennessy;Cordarrelle Patterson;Jason Spriggs;Hayden Hurst;Jake Matthews;Chris Lindstrom;Olamide Zaccheaus;Kyle Pitts;Jalen Mayfield;Matt Ryan,00-0032239;00-0034285;00-0034902;00-0032442;00-0031555;00-0033073;00-0036998;00-0033381;00-0035272;00-0036221;00-0033050,Byron Jones;Zach Sieler;Sam Eguavoen;Elandon Roberts;Eric Rowe;Emmanuel Ogbah;Jevon Holland;Adam Butler;Andrew Van Ginkel;Brandon Jones;Xavien Howard
2021_07_ATL_MIA,3600,timeout,0.0,,,,4.0,363.0,,0.0,6:03,6:03,ATL,21.0,27.0,,0.0,,,0,,,,,,,,,
2021_07_ATL_MIA,3617,turnover,2.0,67.0,65.0,ATL,4.0,363.0,67.0,9.0,6:03,5:54,,21.0,27.0,3.0,8.0,"2 DL, 3 LB, 6 DB",;;;;;;;;;;,11,5,4,,,,00-0032063;00-0036295;00-0030578;00-0032766;00-0034837;00-0031279;00-0035630;00-0034411;00-0036970;00-0036947;00-0026143,Mike Davis;Matt Hennessy;Cordarrelle Patterson;Jason Spriggs;Calvin Ridley;Jake Matthews;Chris Lindstrom;Russell Gage;Kyle Pitts;Jalen Mayfield;Matt Ryan,00-0032239;00-0036934;00-0034902;00-0031555;00-0033549;00-0033073;00-0036998;00-0033381;00-0035346;00-0036221;00-0033050,Byron Jones;Jaelan Phillips;Sam Eguavoen;Eric Rowe;Duke Riley;Emmanuel Ogbah;Jevon Holland;Adam Butler;Nik Needham;Brandon Jones;Xavien Howard
2021_07_ATL_MIA,3654,pass,6.0,40.0,34.0,MIA,4.0,354.0,40.0,17.0,5:54,5:37,,21.0,27.0,1.0,10.0,"2 DL, 4 LB, 5 DB",;;;;;;;;;;,11,6,4,ZONE_COVERAGE,COVER_2,False,00-0033555;00-0031958;00-0036248;00-0031893;00-0034798;00-0033471;00-0036020;00-0036613;00-0036212;00-0036325;00-0037010,Mack Hollins;Austin Reiter;Austin Jackson;Jesse Davis;Durham Smythe;Isaiah Ford;Salvon Ahmed;Jaylen Waddle;Tua Tagovailoa;Robert Hunt;Liam Eichenberg,00-0031947;00-0030383;00-0036949;00-0032388;00-0036405;00-0031583;00-0034413;00-0033918;00-0036961;00-0036302;00-0030387,Tyeler Davison;Duron Harmon;Adetokunbo Ogundeji;Deion Jones;Chris Williamson;Grady Jarrett;Foyesade Oluokun;Fabian Moreau;Richie Grant;Jaylinn Hawkins;Steven Means
2021_07_ATL_MIA,3689,no_play,0.0,44.0,44.0,MIA,4.0,337.0,44.0,21.0,5:37,5:16,,21.0,27.0,1.0,14.0,"2 DL, 4 LB, 5 DB",;;;;;;;;;;,11,,,,,,00-0033555;00-0031958;00-0036248;00-0031893;00-0033896;00-0036020;00-0036613;00-0036212;00-0036325;00-0034829;00-0037010,Mack Hollins;Austin Reiter;Austin Jackson;Jesse Davis;Adam Shaheen;Salvon Ahmed;Jaylen Waddle;Tua Tagovailoa;Robert Hunt;Mike Gesicki;Liam Eichenberg,00-0031947;00-0030383;00-0036949;00-0032388;00-0036405;00-0031583;00-0033918;00-0034413;00-0036961;00-0036302;00-0030387,Tyeler Davison;Duron Harmon;Adetokunbo Ogundeji;Deion Jones;Chris Williamson;Grady Jarrett;Fabian Moreau;Foyesade Oluokun;Richie Grant;Jaylinn Hawkins;Steven Means
2021_07_ATL_MIA,3743,pass,17.0,49.0,32.0,MIA,4.0,316.0,49.0,29.0,5:16,4:47,,21.0,27.0,1.0,19.0,"2 DL, 4 LB, 5 DB",;;;;;;;;;;,11,4,4,ZONE_COVERAGE,COVER_3,False,00-0033555;00-0031958;00-0036248;00-0031893;00-0033896;00-0036020;00-0033471;00-0036212;00-0036325;00-0037010;00-0034829,Mack Hollins;Austin Reiter;Austin Jackson;Jesse Davis;Adam Shaheen;Salvon Ahmed;Isaiah Ford;Tua Tagovailoa;Robert Hunt;Liam Eichenberg;Mike Gesicki,00-0036291;00-0030383;00-0036949;00-0032388;00-0036405;00-0031583;00-0034413;00-0036961;00-0033918;00-0036302;00-0030387,Marlon Davidson;Duron Harmon;Adetokunbo Ogundeji;Deion Jones;Chris Williamson;Grady Jarrett;Foyesade Oluokun;Richie Grant;Fabian Moreau;Jaylinn Hawkins;Steven Means
2021_07_ATL_MIA,3767,run,3.0,32.0,29.0,MIA,4.0,287.0,32.0,33.0,4:47,4:14,,21.0,27.0,2.0,2.0,"2 DL, 4 LB, 5 DB",;;;;;;;;;;,11,6,,,,,00-0033555;00-0031958;00-0036248;00-0031893;00-0033896;00-0033471;00-0036020;00-0036212;00-0036325;00-0034829;00-0037010,Mack Hollins;Austin Reiter;Austin Jackson;Jesse Davis;Adam Shaheen;Isaiah Ford;Salvon Ahmed;Tua Tagovailoa;Robert Hunt;Mike Gesicki;Liam Eichenberg,00-0036291;00-0030383;00-0036949;00-0032388;00-0036405;00-0031583;00-0034413;00-0033918;00-0036961;00-0036302;00-0030387,Marlon Davidson;Duron Harmon;Adetokunbo Ogundeji;Deion Jones;Chris Williamson;Grady Jarrett;Foyesade Oluokun;Fabian Moreau;Richie Grant;Jaylinn Hawkins;Steven Means
2021_07_ATL_MIA,3788,run,10.0,29.0,19.0,MIA,4.0,254.0,29.0,7.0,4:14,4:07,,21.0,27.0,1.0,10.0,"2 DL, 4 LB, 5 DB",;;;;;;;;;;,11,6,,,,,00-0033555;00-0031958;00-0036248;00-0031893;00-0035311;00-0033896;00-0036613;00-0036212;00-0036325;00-0034829;00-0037010,Mack Hollins;Austin Reiter;Austin Jackson;Jesse Davis;Myles Gaskin;Adam Shaheen;Jaylen Waddle;Tua Tagovailoa;Robert Hunt;Mike Gesicki;Liam Eichenberg,00-0036291;00-0030383;00-0036949;00-0032388;00-0036405;00-0031583;00-0033918;00-0034413;00-0036961;00-0036302;00-0030387,Marlon Davidson;Duron Harmon;Adetokunbo Ogundeji;Deion Jones;Chris Williamson;Grady Jarrett;Fabian Moreau;Foyesade Oluokun;Richie Grant;Jaylinn Hawkins;Steven Means
2021_07_ATL_MIA,3814,run,-5.0,19.0,24.0,MIA,4.0,247.0,19.0,31.0,4:07,3:36,,21.0,27.0,1.0,10.0,"2 DL, 4 LB, 5 DB",;;;;;;;;;;,11,6,,,,,00-0033555;00-0031958;00-0036248;00-0031893;00-0035311;00-0033896;00-0036613;00-0036212;00-0034829;00-0036325;00-0037010,Mack Hollins;Austin Reiter;Austin Jackson;Jesse Davis;Myles Gaskin;Adam Shaheen;Jaylen Waddle;Tua Tagovailoa;Mike Gesicki;Robert Hunt;Liam Eichenberg,00-0030383;00-0036291;00-0036949;00-0032388;00-0036405;00-0031583;00-0033918;00-0034413;00-0036961;00-0036302;00-0030387,Duron Harmon;Marlon Davidson;Adetokunbo Ogundeji;Deion Jones;Chris Williamson;Grady Jarrett;Fabian Moreau;Foyesade Oluokun;Richie Grant;Jaylinn Hawkins;Steven Means
2021_07_ATL_MIA,3842,pass,0.0,24.0,24.0,MIA,4.0,216.0,24.0,6.0,3:36,3:30,,21.0,27.0,2.0,15.0,"2 DL, 4 LB, 5 DB",;;;;;;;;;;,11,5,4,ZONE_COVERAGE,COVER_2,True,00-0033555;00-0031958;00-0036248;00-0031893;00-0035311;00-0033896;00-0036613;00-0036212;00-0036325;00-0037010;00-0034829,Mack Hollins;Austin Reiter;Austin Jackson;Jesse Davis;Myles Gaskin;Adam Shaheen;Jaylen Waddle;Tua Tagovailoa;Robert Hunt;Liam Eichenberg;Mike Gesicki,00-0036291;00-0030383;00-0036949;00-0032388;00-0036405;00-0031583;00-0033918;00-0036961;00-0034413;00-0036302;00-0030387,Marlon Davidson;Duron Harmon;Adetokunbo Ogundeji;Deion Jones;Chris Williamson;Grady Jarrett;Fabian Moreau;Richie Grant;Foyesade Oluokun;Jaylinn Hawkins;Steven Means
2021_07_ATL_MIA,3870,pass,16.0,24.0,8.0,MIA,4.0,210.0,24.0,28.0,3:30,3:02,,21.0,27.0,3.0,15.0,"1 DL, 5 LB, 5 DB",;;;;;;;;;;,11,4,4,ZONE_COVERAGE,COVER_3,False,00-0033555;00-0031958;00-0036248;00-0031893;00-0035311;00-0033471;00-0036613;00-0036212;00-0034829;00-0036325;00-0037010,Mack Hollins;Austin Reiter;Austin Jackson;Jesse Davis;Myles Gaskin;Isaiah Ford;Jaylen Waddle;Tua Tagovailoa;Mike Gesicki;Robert Hunt;Liam Eichenberg,00-0030383;00-0036949;00-0032388;00-0036300;00-0036405;00-0031583;00-0033918;00-0034413;00-0036961;00-0036302;00-0030387,Duron Harmon;Adetokunbo Ogundeji;Deion Jones;Mykal Walker;Chris Williamson;Grady Jarrett;Fabian Moreau;Foyesade Oluokun;Richie Grant;Jaylinn Hawkins;Steven Means
2021_07_ATL_MIA,3894,run,4.0,8.0,4.0,MIA,4.0,182.0,8.0,28.0,3:02,2:34,,21.0,27.0,1.0,8.0,"2 DL, 4 LB, 5 DB",;;;;;;;;;;,11,6,,,,,00-0033555;00-0031958;00-0036248;00-0031893;00-0035311;00-0033471;00-0036613;00-0036212;00-0034829;00-0036325;00-0037010,Mack Hollins;Austin Reiter;Austin Jackson;Jesse Davis;Myles Gaskin;Isaiah Ford;Jaylen Waddle;Tua Tagovailoa;Mike Gesicki;Robert Hunt;Liam Eichenberg,00-0031947;00-0030383;00-0032388;00-0036405;00-0030010;00-0031583;00-0034413;00-0033918;00-0036961;00-0036302;00-0030387,Tyeler Davison;Duron Harmon;Deion Jones;Chris Williamson;Brandon Copeland;Grady Jarrett;Foyesade Oluokun;Fabian Moreau;Richie Grant;Jaylinn Hawkins;Steven Means
2021_07_ATL_MIA,3922,pass,4.0,4.0,0.0,MIA,4.0,154.0,4.0,7.0,2:34,2:27,,27.0,27.0,2.0,4.0,"4 DL, 2 LB, 5 DB",;;;;;;;;;;,11,7,3,MAN_COVERAGE,COVER_0,False,00-0033555;00-0031958;00-0036248;00-0031893;00-0035311;00-0033896;00-0036613;00-0036212;00-0034829;00-0036325;00-0037010,Mack Hollins;Austin Reiter;Austin Jackson;Jesse Davis;Myles Gaskin;Adam Shaheen;Jaylen Waddle;Tua Tagovailoa;Mike Gesicki;Robert Hunt;Liam Eichenberg,00-0033093;00-0031947;00-0036956;00-0030383;00-0036948;00-0032388;00-0036405;00-0031583;00-0034413;00-0036961;00-0036302,Jonathan Bullard;Tyeler Davison;Darren Hall;Duron Harmon;Ta'Quon Graham;Deion Jones;Chris Williamson;Grady Jarrett;Foyesade Oluokun;Richie Grant;Jaylinn Hawkins
2021_07_ATL_MIA,3948,extra_point,0.0,15.0,15.0,MIA,4.0,147.0,15.0,0.0,2:27,2:27,,28.0,27.0,,0.0,,;;;;;;;;;;,11,,,,,,00-0034285;00-0036131;00-0036248;00-0031893;00-0034798;00-0036217;00-0031363;00-0035231;00-0034794;00-0036325;00-0037010,Zach Sieler;Solomon Kindley;Austin Jackson;Jesse Davis;Durham Smythe;Blake Ferguson;Michael Palardy;Christian Wilkins;Jason Sanders;Robert Hunt;Liam Eichenberg,00-0036956;00-0033093;00-0036291;00-0036948;00-0036949;00-0036300;00-0036405;00-0030010;00-0036961;00-0036302;00-0030387,Darren Hall;Jonathan Bullard;Marlon Davidson;Ta'Quon Graham;Adetokunbo Ogundeji;Mykal Walker;Chris Williamson;Brandon Copeland;Richie Grant;Jaylinn Hawkins;Steven Means
2021_07_ATL_MIA,3978,kickoff,0.0,35.0,35.0,ATL,4.0,147.0,35.0,0.0,2:27,2:27,,28.0,27.0,,0.0,,;;;;;;;;;;,11,,,,,,00-0033338;00-0033555;00-0034248;00-0032734;00-0034902;00-0032807;00-0033549;00-0036998;00-0034794;00-0035272;00-0036221,Cethan Carter;Mack Hollins;Elijah Campbell;Brennan Scarlett;Sam Eguavoen;Clayton Fejedelem;Duke Riley;Jevon Holland;Jason Sanders;Andrew Van Ginkel;Brandon Jones,00-0030578;00-0036405;00-0030010;00-0034154;00-0030968;00-0035208;00-0029794;00-0033950;00-0034132;00-0036961;00-0036302,Cordarrelle Patterson;Chris Williamson;Brandon Copeland;Jacob Tuioti-Mariner;Keith Smith;Olamide Zaccheaus;Daren Bates;Wayne Gallman;Christian Blake;Richie Grant;Jaylinn Hawkins
2021_07_ATL_MIA,3993,pass,23.0,75.0,52.0,ATL,4.0,147.0,75.0,27.0,2:27,2:00,,28.0,27.0,1.0,10.0,"3 DL, 3 LB, 5 DB",;;;;;;;;;;,11,7,3,ZONE_COVERAGE,COVER_2,False,00-0032063;00-0036295;00-0030578;00-0032766;00-0034830;00-0031279;00-0028097;00-0035630;00-0036947;00-0036970;00-0026143,Mike Davis;Matt Hennessy;Cordarrelle Patterson;Jason Spriggs;Hayden Hurst;Jake Matthews;Lee Smith;Chris Lindstrom;Jalen Mayfield;Kyle Pitts;Matt Ryan,00-0032239;00-0034902;00-0032442;00-0035231;00-0031555;00-0033073;00-0036998;00-0033381;00-0035272;00-0036221;00-0033050,Byron Jones;Sam Eguavoen;Elandon Roberts;Christian Wilkins;Eric Rowe;Emmanuel Ogbah;Jevon Holland;Adam Butler;Andrew Van Ginkel;Brandon Jones;Xavien Howard
2021_07_ATL_MIA,4035,pass,28.0,52.0,24.0,ATL,4.0,120.0,52.0,7.0,2:00,1:53,,28.0,27.0,1.0,10.0,"3 DL, 3 LB, 5 DB",;;;;;;;;;;,11,6,4,MAN_COVERAGE,COVER_1,True,00-0032063;00-0036295;00-0030578;00-0032766;00-0034830;00-0031279;00-0028097;00-0035630;00-0036970;00-0036947;00-0026143,Mike Davis;Matt Hennessy;Cordarrelle Patterson;Jason Spriggs;Hayden Hurst;Jake Matthews;Lee Smith;Chris Lindstrom;Kyle Pitts;Jalen Mayfield;Matt Ryan,00-0032239;00-0034902;00-0032442;00-0035231;00-0031555;00-0033073;00-0036998;00-0033381;00-0035346;00-0035272;00-0033050,Byron Jones;Sam Eguavoen;Elandon Roberts;Christian Wilkins;Eric Rowe;Emmanuel Ogbah;Jevon Holland;Adam Butler;Nik Needham;Andrew Van Ginkel;Xavien Howard
2021_07_ATL_MIA,4059,run,3.0,24.0,21.0,ATL,4.0,113.0,24.0,3.0,1:53,1:50,,28.0,27.0,1.0,10.0,"3 DL, 3 LB, 5 DB",;;;;;;;;;;,11,6,,,,,00-0032778;00-0032063;00-0036295;00-0032766;00-0034830;00-0034837;00-0031279;00-0035630;00-0034411;00-0036947;00-0026143,Tajae Sharpe;Mike Davis;Matt Hennessy;Jason Spriggs;Hayden Hurst;Calvin Ridley;Jake Matthews;Chris Lindstrom;Russell Gage;Jalen Mayfield;Matt Ryan,00-0032239;00-0034902;00-0032442;00-0036213;00-0035231;00-0031555;00-0036998;00-0033073;00-0035346;00-0035272;00-0033050,Byron Jones;Sam Eguavoen;Elandon Roberts;Raekwon Davis;Christian Wilkins;Eric Rowe;Jevon Holland;Emmanuel Ogbah;Nik Needham;Andrew Van Ginkel;Xavien Howard
2021_07_ATL_MIA,4080,timeout,0.0,,,,4.0,110.0,,0.0,1:50,1:50,MIA,28.0,27.0,,0.0,,,0,,,,,,,,,
2021_07_ATL_MIA,4097,run,5.0,21.0,16.0,ATL,4.0,110.0,21.0,5.0,1:50,1:45,,28.0,27.0,2.0,7.0,"3 DL, 3 LB, 5 DB",;;;;;;;;;;,11,8,,,,,00-0036295;00-0030578;00-0032766;00-0034830;00-0031279;00-0028097;00-0035630;00-0035208;00-0036970;00-0036947;00-0026143,Matt Hennessy;Cordarrelle Patterson;Jason Spriggs;Hayden Hurst;Jake Matthews;Lee Smith;Chris Lindstrom;Olamide Zaccheaus;Kyle Pitts;Jalen Mayfield;Matt Ryan,00-0032239;00-0034285;00-0034902;00-0032442;00-0036213;00-0035231;00-0031555;00-0036998;00-0035272;00-0036221;00-0033050,Byron Jones;Zach Sieler;Sam Eguavoen;Elandon Roberts;Raekwon Davis;Christian Wilkins;Eric Rowe;Jevon Holland;Andrew Van Ginkel;Brandon Jones;Xavien Howard
2021_07_ATL_MIA,4129,timeout,0.0,,,,4.0,105.0,,0.0,1:45,1:45,MIA,28.0,27.0,,0.0,,,0,,,,,,,,,
2021_07_ATL_MIA,4146,run,3.0,16.0,13.0,ATL,4.0,105.0,16.0,5.0,1:45,1:40,,28.0,27.0,3.0,2.0,"4 DL, 3 LB, 4 DB",;;;;;;;;;;,11,8,,,,,00-0036295;00-0030578;00-0032766;00-0031279;00-0030968;00-0028097;00-0035630;00-0035208;00-0034411;00-0036947;00-0026143,Matt Hennessy;Cordarrelle Patterson;Jason Spriggs;Jake Matthews;Keith Smith;Lee Smith;Chris Lindstrom;Olamide Zaccheaus;Russell Gage;Jalen Mayfield;Matt Ryan,00-0032239;00-0034285;00-0034902;00-0032442;00-0036213;00-0035231;00-0036998;00-0033381;00-0035272;00-0036221;00-0033050,Byron Jones;Zach Sieler;Sam Eguavoen;Elandon Roberts;Raekwon Davis;Christian Wilkins;Jevon Holland;Adam Butler;Andrew Van Ginkel;Brandon Jones;Xavien Howard
2021_07_ATL_MIA,4167,timeout,0.0,,,,4.0,100.0,,0.0,1:40,1:40,MIA,28.0,27.0,,0.0,,,0,,,,,,,,,
2021_07_ATL_MIA,4184,run,2.0,13.0,11.0,ATL,4.0,100.0,13.0,42.0,1:40,0:58,,28.0,27.0,1.0,10.0,"3 DL, 4 LB, 4 DB",;;;;;;;;;;,11,9,,,,,00-0036295;00-0030578;00-0032766;00-0034830;00-0031279;00-0028097;00-0035630;00-0035208;00-0036970;00-0036947;00-0026143,Matt Hennessy;Cordarrelle Patterson;Jason Spriggs;Hayden Hurst;Jake Matthews;Lee Smith;Chris Lindstrom;Olamide Zaccheaus;Kyle Pitts;Jalen Mayfield;Matt Ryan,00-0032239;00-0034285;00-0032734;00-0034902;00-0032442;00-0036213;00-0035231;00-0036998;00-0035272;00-0036221;00-0033050,Byron Jones;Zach Sieler;Brennan Scarlett;Sam Eguavoen;Elandon Roberts;Raekwon Davis;Christian Wilkins;Jevon Holland;Andrew Van Ginkel;Brandon Jones;Xavien Howard
2021_07_ATL_MIA,4205,qb_kneel,-1.0,11.0,12.0,ATL,4.0,58.0,11.0,29.0,0:58,0:29,,28.0,27.0,2.0,8.0,"3 DL, 4 LB, 4 DB",;;;;;;;;;;,11,9,,,,,00-0032063;00-0036295;00-0032766;00-0034830;00-0031279;00-0028097;00-0035630;00-0035208;00-0036970;00-0036947;00-0026143,Mike Davis;Matt Hennessy;Jason Spriggs;Hayden Hurst;Jake Matthews;Lee Smith;Chris Lindstrom;Olamide Zaccheaus;Kyle Pitts;Jalen Mayfield;Matt Ryan,00-0032239;00-0034285;00-0032734;00-0034902;00-0032442;00-0036213;00-0035231;00-0036998;00-0035272;00-0036221;00-0033050,Byron Jones;Zach Sieler;Brennan Scarlett;Sam Eguavoen;Elandon Roberts;Raekwon Davis;Christian Wilkins;Jevon Holland;Andrew Van Ginkel;Brandon Jones;Xavien Howard
2021_07_ATL_MIA,4226,qb_kneel,-1.0,12.0,13.0,ATL,4.0,29.0,12.0,26.0,0:29,0:03,,28.0,27.0,3.0,9.0,"3 DL, 4 LB, 4 DB",;;;;;;;;;;,11,9,,,,,00-0032063;00-0036295;00-0032766;00-0034830;00-0031279;00-0028097;00-0035630;00-0035208;00-0036970;00-0036947;00-0026143,Mike Davis;Matt Hennessy;Jason Spriggs;Hayden Hurst;Jake Matthews;Lee Smith;Chris Lindstrom;Olamide Zaccheaus;Kyle Pitts;Jalen Mayfield;Matt Ryan,00-0032239;00-0034285;00-0032734;00-0034902;00-0032442;00-0036213;00-0035231;00-0036998;00-0035272;00-0036221;00-0033050,Byron Jones;Zach Sieler;Brennan Scarlett;Sam Eguavoen;Elandon Roberts;Raekwon Davis;Christian Wilkins;Jevon Holland;Andrew Van Ginkel;Brandon Jones;Xavien Howard
2021_07_ATL_MIA,4247,timeout,0.0,,,,4.0,3.0,,0.0,0:03,0:03,ATL,28.0,27.0,,0.0,,,0,,,,,,,,,
2021_07_ATL_MIA,4264,no_play,0.0,13.0,13.0,ATL,4.0,3.0,13.0,0.0,0:03,0:03,,28.0,27.0,4.0,10.0,,;;;;;;;;;;,11,,,,,,00-0028845;00-0023534;00-0036957;00-0033702;00-0030706;00-0032766;00-0034165;00-0031279;00-0028097;00-0035630;00-0036947,Josh Harris;Dustin Colquitt;Drew Dalman;Younghoe Koo;Josh Andrews;Jason Spriggs;Colby Gossett;Jake Matthews;Lee Smith;Chris Lindstrom;Jalen Mayfield,00-0034285;00-0034248;00-0031796;00-0032807;00-0032734;00-0036213;00-0035231;00-0033073;00-0036998;00-0033381;00-0035272,Zach Sieler;Elijah Campbell;Justin Coleman;Clayton Fejedelem;Brennan Scarlett;Raekwon Davis;Christian Wilkins;Emmanuel Ogbah;Jevon Holland;Adam Butler;Andrew Van Ginkel
2021_07_ATL_MIA,4287,field_goal,0.0,18.0,18.0,ATL,4.0,3.0,18.0,3.0,0:03,0:00,,28.0,30.0,4.0,15.0,,;;;;;;;;;;,11,,,,,,00-0028845;00-0023534;00-0036957;00-0033702;00-0030706;00-0032766;00-0034165;00-0031279;00-0028097;00-0035630;00-0036947,Josh Harris;Dustin Colquitt;Drew Dalman;Younghoe Koo;Josh Andrews;Jason Spriggs;Colby Gossett;Jake Matthews;Lee Smith;Chris Lindstrom;Jalen Mayfield,00-0034285;00-0034248;00-0031796;00-0032807;00-0032734;00-0036213;00-0035231;00-0033073;00-0036998;00-0033381;00-0035272,Zach Sieler;Elijah Campbell;Justin Coleman;Clayton Fejedelem;Brennan Scarlett;Raekwon Davis;Christian Wilkins;Emmanuel Ogbah;Jevon Holland;Adam Butler;Andrew Van Ginkel
2021_07_ATL_MIA,4306,end_game,,,,MIA,4.0,0.0,,0.0,0:00,0:00,,28.0,30.0,,0.0,,,0,,,,,,,,,
