game_id,play_id,play_type,yards_gained,starting_yard,ending_yard,time_of_play,time_on_clock_start,time_on_clock_end,timeout_team,home_team_score,away_team_score,down,yds_to_go,defense_personnel,defense_positions,n_defense,defenders_in_box,number_of_pass_rushers,defense_man_zone_type,defense_coverage_type,was_pressure,offense_player_ids,offense_player_names,defense_player_ids,defense_player_names
2018_01_WAS_ARI,1,start_quarter_1,,,,0.0,15:00,15:00,,0.0,0.0,,0.0,,,0,,,,,,,,,
2018_01_WAS_ARI,36,kickoff,0.0,35.0,35.0,5.0,15:00,14:55,,0.0,0.0,,0.0,,;;;;;;;;;;,11,,,,,,00-0034490;00-0031262;00-0029068;00-0032769;00-0034473;00-0033875;00-0004091;00-0033792;00-0030484;00-0030385;00-0033890,Ezekiel Turner;Bene' Benwikere;Derrick Coleman;Brandon Williams;Dennis Gardeck;Haason Reddick;Phil Dawson;Rudy Ford;Jamar Taylor;Gerald Hodges;Budda Baker,00-0031844;00-0034339;00-0034104;00-0034336;00-0034337;00-0031728;00-0032371;00-0034334;00-0033528;00-0034071;00-0033532,Deshazor Everett;Trey Quinn;Cam Sims;Shaun Dion Hamilton;Greg Stroman;Zach Vigil;Rob Kelley;Troy Apke;Jeremy Sprinkle;Danny Johnson;Josh Harvey-Clemons
2018_01_WAS_ARI,58,run,5.0,77.0,72.0,36.0,14:55,14:19,,0.0,0.0,1.0,10.0,"4 DL, 2 LB, 5 DB",;;;;;;;;;;,11,7,,,,,00-0023436;00-0027694;00-0031257;00-0030472;00-0032053;00-0031330;00-0032760;00-0033529;00-0027857;00-0031941;00-0025394,Alex Smith;Shawn Lauvao;Paul Richardson;Jordan Reed;Brandon Scherff;Morgan Moses;Josh Doctson;Chase Roullier;Trent Williams;Jamison Crowder;Adrian Peterson,00-0029585;00-0032761;00-0027686;00-0031261;00-0027943;00-0024421;00-0030484;00-0028278;00-0033890;00-0031366;00-0030380,Chandler Jones;Robert Nkemdiche;Corey Peters;Tre Boston;Patrick Peterson;Antoine Bethea;Jamar Taylor;Josh Bynes;Budda Baker;Deone Bucannon;Benson Mayowa
2018_01_WAS_ARI,79,pass,16.0,72.0,56.0,25.0,14:19,13:54,,0.0,0.0,2.0,5.0,"4 DL, 2 LB, 5 DB",;;;;;;;;;;,11,7,4,MAN_COVERAGE,COVER_1,False,00-0023436;00-0027694;00-0031257;00-0032053;00-0030472;00-0031330;00-0032760;00-0033529;00-0027857;00-0033528;00-0025394,Alex Smith;Shawn Lauvao;Paul Richardson;Brandon Scherff;Jordan Reed;Morgan Moses;Josh Doctson;Chase Roullier;Trent Williams;Jeremy Sprinkle;Adrian Peterson,00-0029585;00-0027686;00-0032761;00-0031261;00-0027943;00-0024421;00-0030484;00-0028278;00-0033890;00-0030380;00-0031366,Chandler Jones;Corey Peters;Robert Nkemdiche;Tre Boston;Patrick Peterson;Antoine Bethea;Jamar Taylor;Josh Bynes;Budda Baker;Benson Mayowa;Deone Bucannon
2018_01_WAS_ARI,114,pass,0.0,41.0,41.0,7.0,13:54,13:47,,0.0,0.0,1.0,10.0,"4 DL, 2 LB, 5 DB",;;;;;;;;;;,11,5,5,ZONE_COVERAGE,COVER_4,True,00-0023436;00-0027694;00-0031257;00-0032053;00-0030472;00-0031330;00-0032760;00-0030404;00-0033529;00-0027857;00-0031941,Alex Smith;Shawn Lauvao;Paul Richardson;Brandon Scherff;Jordan Reed;Morgan Moses;Josh Doctson;Chris Thompson;Chase Roullier;Trent Williams;Jamison Crowder,00-0029585;00-0027686;00-0032761;00-0031261;00-0027943;00-0024421;00-0030484;00-0028278;00-0033890;00-0030380;00-0031366,Chandler Jones;Corey Peters;Robert Nkemdiche;Tre Boston;Patrick Peterson;Antoine Bethea;Jamar Taylor;Josh Bynes;Budda Baker;Benson Mayowa;Deone Bucannon
2018_01_WAS_ARI,136,run,6.0,41.0,35.0,45.0,13:47,13:02,,0.0,0.0,2.0,10.0,"4 DL, 2 LB, 5 DB",;;;;;;;;;;,11,8,,,,,00-0023436;00-0027694;00-0031257;00-0032053;00-0031330;00-0032760;00-0033529;00-0024221;00-0027857;00-0033528;00-0025394,Alex Smith;Shawn Lauvao;Paul Richardson;Brandon Scherff;Morgan Moses;Josh Doctson;Chase Roullier;Vernon Davis;Trent Williams;Jeremy Sprinkle;Adrian Peterson,00-0029585;00-0027686;00-0032761;00-0031261;00-0027943;00-0024421;00-0030484;00-0028278;00-0033890;00-0031366;00-0030380,Chandler Jones;Corey Peters;Robert Nkemdiche;Tre Boston;Patrick Peterson;Antoine Bethea;Jamar Taylor;Josh Bynes;Budda Baker;Deone Bucannon;Benson Mayowa
2018_01_WAS_ARI,157,pass,5.0,35.0,30.0,42.0,13:02,12:20,,0.0,0.0,3.0,4.0,"4 DL, 2 LB, 5 DB",;;;;;;;;;;,11,6,4,ZONE_COVERAGE,COVER_2,False,00-0023436;00-0027694;00-0031257;00-0032053;00-0030472;00-0031330;00-0032760;00-0030404;00-0033529;00-0027857;00-0031941,Alex Smith;Shawn Lauvao;Paul Richardson;Brandon Scherff;Jordan Reed;Morgan Moses;Josh Doctson;Chris Thompson;Chase Roullier;Trent Williams;Jamison Crowder,00-0029585;00-0027686;00-0032761;00-0031261;00-0027943;00-0033875;00-0024421;00-0030484;00-0033890;00-0030380;00-0031366,Chandler Jones;Corey Peters;Robert Nkemdiche;Tre Boston;Patrick Peterson;Haason Reddick;Antoine Bethea;Jamar Taylor;Budda Baker;Benson Mayowa;Deone Bucannon
2018_01_WAS_ARI,181,no_play,0.0,30.0,30.0,24.0,12:20,11:56,,0.0,0.0,1.0,10.0,"4 DL, 2 LB, 5 DB",;;;;;;;;;;,11,,,,,,00-0023436;00-0027694;00-0031257;00-0032053;00-0031330;00-0032760;00-0033529;00-0024221;00-0027857;00-0033528;00-0025394,Alex Smith;Shawn Lauvao;Paul Richardson;Brandon Scherff;Morgan Moses;Josh Doctson;Chase Roullier;Vernon Davis;Trent Williams;Jeremy Sprinkle;Adrian Peterson,00-0029585;00-0027686;00-0032761;00-0031261;00-0027943;00-0024421;00-0030484;00-0028278;00-0033890;00-0030380;00-0031366,Chandler Jones;Corey Peters;Robert Nkemdiche;Tre Boston;Patrick Peterson;Antoine Bethea;Jamar Taylor;Josh Bynes;Budda Baker;Benson Mayowa;Deone Bucannon
2018_01_WAS_ARI,204,run,1.0,35.0,34.0,44.0,11:56,11:12,,0.0,0.0,1.0,15.0,"4 DL, 2 LB, 5 DB",;;;;;;;;;;,11,7,,,,,00-0023436;00-0027694;00-0032053;00-0030472;00-0031330;00-0034339;00-0033529;00-0024221;00-0027857;00-0033528;00-0025394,Alex Smith;Shawn Lauvao;Brandon Scherff;Jordan Reed;Morgan Moses;Trey Quinn;Chase Roullier;Vernon Davis;Trent Williams;Jeremy Sprinkle;Adrian Peterson,00-0029585;00-0032761;00-0027686;00-0031261;00-0027943;00-0024421;00-0030484;00-0028278;00-0033890;00-0031366;00-0030380,Chandler Jones;Robert Nkemdiche;Corey Peters;Tre Boston;Patrick Peterson;Antoine Bethea;Jamar Taylor;Josh Bynes;Budda Baker;Deone Bucannon;Benson Mayowa
2018_01_WAS_ARI,225,pass,5.0,34.0,29.0,43.0,11:12,10:29,,0.0,0.0,2.0,14.0,"4 DL, 2 LB, 5 DB",;;;;;;;;;;,11,6,3,ZONE_COVERAGE,COVER_3,False,00-0023436;00-0027694;00-0031257;00-0032053;00-0031330;00-0032760;00-0030404;00-0033529;00-0024221;00-0027857;00-0031941,Alex Smith;Shawn Lauvao;Paul Richardson;Brandon Scherff;Morgan Moses;Josh Doctson;Chris Thompson;Chase Roullier;Vernon Davis;Trent Williams;Jamison Crowder,00-0029585;00-0032761;00-0027686;00-0031261;00-0027943;00-0024421;00-0030484;00-0028278;00-0033890;00-0031366;00-0030380,Chandler Jones;Robert Nkemdiche;Corey Peters;Tre Boston;Patrick Peterson;Antoine Bethea;Jamar Taylor;Josh Bynes;Budda Baker;Deone Bucannon;Benson Mayowa
2018_01_WAS_ARI,249,pass,0.0,29.0,29.0,7.0,10:29,10:22,,0.0,0.0,3.0,9.0,"4 DL, 2 LB, 5 DB",;;;;;;;;;;,11,7,5,ZONE_COVERAGE,COVER_3,True,00-0023436;00-0027694;00-0031257;00-0032053;00-0030472;00-0031330;00-0032760;00-0030404;00-0033529;00-0027857;00-0031941,Alex Smith;Shawn Lauvao;Paul Richardson;Brandon Scherff;Jordan Reed;Morgan Moses;Josh Doctson;Chris Thompson;Chase Roullier;Trent Williams;Jamison Crowder,00-0029585;00-0027686;00-0032761;00-0031261;00-0027943;00-0033875;00-0024421;00-0030484;00-0033890;00-0030380;00-0031366,Chandler Jones;Corey Peters;Robert Nkemdiche;Tre Boston;Patrick Peterson;Haason Reddick;Antoine Bethea;Jamar Taylor;Budda Baker;Benson Mayowa;Deone Bucannon
2018_01_WAS_ARI,282,no_play,0.0,41.0,41.0,0.0,10:22,10:22,,0.0,0.0,4.0,21.0,,;;;;;;;;;;,11,,,,,,00-0031844;00-0030140;00-0034336;00-0031728;00-0026714;00-0028022;00-0032371;00-0034334;00-0033525;00-0034071;00-0033532,Deshazor Everett;Tress Way;Shaun Dion Hamilton;Zach Vigil;Nick Sundberg;Mason Foster;Rob Kelley;Troy Apke;Ryan Anderson;Danny Johnson;Josh Harvey-Clemons,00-0034490;00-0031262;00-0034775;00-0029112;00-0031261;00-0029068;00-0032769;00-0034473;00-0033792;00-0030385;00-0034487,Ezekiel Turner;Bene' Benwikere;Christian Kirk;Jacquies Smith;Tre Boston;Derrick Coleman;Brandon Williams;Dennis Gardeck;Rudy Ford;Gerald Hodges;Trent Sherfield
2018_01_WAS_ARI,309,punt,0.0,46.0,46.0,9.0,10:22,10:13,,0.0,0.0,4.0,26.0,,;;;;;;;;;;,11,,,,,,00-0031844;00-0030140;00-0034336;00-0031728;00-0026714;00-0028022;00-0032371;00-0034334;00-0033525;00-0034071;00-0033532,Deshazor Everett;Tress Way;Shaun Dion Hamilton;Zach Vigil;Nick Sundberg;Mason Foster;Rob Kelley;Troy Apke;Ryan Anderson;Danny Johnson;Josh Harvey-Clemons,00-0034490;00-0031262;00-0034775;00-0029112;00-0031261;00-0029068;00-0032769;00-0034473;00-0033792;00-0030385;00-0034487,Ezekiel Turner;Bene' Benwikere;Christian Kirk;Jacquies Smith;Tre Boston;Derrick Coleman;Brandon Williams;Dennis Gardeck;Rudy Ford;Gerald Hodges;Trent Sherfield
2018_01_WAS_ARI,345,run,2.0,92.0,90.0,37.0,10:13,9:36,,0.0,0.0,1.0,10.0,"3 DL, 4 LB, 4 DB",;;;;;;;;;;,11,8,,,,,00-0027854;00-0030585;00-0034785;00-0026982;00-0029068;00-0032222;00-0033611;00-0022921;00-0031884;00-0032187;00-0027869,Sam Bradford;Justin Pugh;Mason Cole;Andre Smith;Derrick Coleman;D.J. Humphries;Ricky Seals-Jones;Larry Fitzgerald;Gabe Holmes;David Johnson;Mike Iupati,00-0030566;00-0029566;00-0034333;00-0031844;00-0032781;00-0027954;00-0033527;00-0031935;00-0033523;00-0028022;00-0029285,D.J. Swearinger;Zach Brown;Daron Payne;Deshazor Everett;Matthew Ioannidis;Ryan Kerrigan;Montae Nicholson;Preston Smith;Jonathan Allen;Mason Foster;Josh Norman
2018_01_WAS_ARI,366,run,10.0,90.0,80.0,42.0,9:36,8:54,,0.0,0.0,2.0,8.0,"3 DL, 4 LB, 4 DB",;;;;;;;;;;,11,7,,,,,00-0027854;00-0030585;00-0034785;00-0033933;00-0026982;00-0032222;00-0033611;00-0031884;00-0022921;00-0032187;00-0027869,Sam Bradford;Justin Pugh;Mason Cole;Chad Williams;Andre Smith;D.J. Humphries;Ricky Seals-Jones;Gabe Holmes;Larry Fitzgerald;David Johnson;Mike Iupati,00-0030566;00-0032007;00-0029566;00-0034333;00-0032781;00-0027954;00-0033527;00-0031935;00-0033523;00-0028022;00-0029285,D.J. Swearinger;Quinton Dunbar;Zach Brown;Daron Payne;Matthew Ioannidis;Ryan Kerrigan;Montae Nicholson;Preston Smith;Jonathan Allen;Mason Foster;Josh Norman
2018_01_WAS_ARI,387,pass,0.0,80.0,80.0,7.0,8:54,8:47,,0.0,0.0,1.0,10.0,"3 DL, 4 LB, 4 DB",;;;;;;;;;;,11,7,4,ZONE_COVERAGE,COVER_6,True,00-0027854;00-0030585;00-0034785;00-0033933;00-0026982;00-0032222;00-0033611;00-0031884;00-0022921;00-0032187;00-0027869,Sam Bradford;Justin Pugh;Mason Cole;Chad Williams;Andre Smith;D.J. Humphries;Ricky Seals-Jones;Gabe Holmes;Larry Fitzgerald;David Johnson;Mike Iupati,00-0030566;00-0032007;00-0029566;00-0034333;00-0032781;00-0027954;00-0033527;00-0031935;00-0033523;00-0028022;00-0029285,D.J. Swearinger;Quinton Dunbar;Zach Brown;Daron Payne;Matthew Ioannidis;Ryan Kerrigan;Montae Nicholson;Preston Smith;Jonathan Allen;Mason Foster;Josh Norman
2018_01_WAS_ARI,409,run,11.0,80.0,69.0,46.0,8:47,8:01,,0.0,0.0,2.0,10.0,"3 DL, 4 LB, 4 DB",;;;;;;;;;;,11,8,,,,,00-0027854;00-0029762;00-0030585;00-0034785;00-0026982;00-0029068;00-0032222;00-0032112;00-0031884;00-0032187;00-0027869,Sam Bradford;John Wetzel;Justin Pugh;Mason Cole;Andre Smith;Derrick Coleman;D.J. Humphries;J.J. Nelson;Gabe Holmes;David Johnson;Mike Iupati,00-0030566;00-0029566;00-0034333;00-0031844;00-0032781;00-0027954;00-0031935;00-0033527;00-0033523;00-0028022;00-0029285,D.J. Swearinger;Zach Brown;Daron Payne;Deshazor Everett;Matthew Ioannidis;Ryan Kerrigan;Preston Smith;Montae Nicholson;Jonathan Allen;Mason Foster;Josh Norman
2018_01_WAS_ARI,432,run,1.0,69.0,68.0,41.0,8:01,7:20,,0.0,0.0,1.0,10.0,"2 DL, 4 LB, 5 DB",;;;;;;;;;;,11,7,,,,,00-0027854;00-0030585;00-0034785;00-0033933;00-0026982;00-0034775;00-0032222;00-0033611;00-0022921;00-0032187;00-0027869,Sam Bradford;Justin Pugh;Mason Cole;Chad Williams;Andre Smith;Christian Kirk;D.J. Humphries;Ricky Seals-Jones;Larry Fitzgerald;David Johnson;Mike Iupati,00-0034397;00-0030566;00-0029566;00-0032007;00-0027008;00-0028103;00-0033527;00-0028022;00-0033525;00-0029285;00-0033918,Tim Settle;D.J. Swearinger;Zach Brown;Quinton Dunbar;Ziggy Hood;Pernell McPhee;Montae Nicholson;Mason Foster;Ryan Anderson;Josh Norman;Fabian Moreau
2018_01_WAS_ARI,453,pass,4.0,68.0,64.0,42.0,7:20,6:38,,0.0,0.0,2.0,9.0,"2 DL, 4 LB, 5 DB",;;;;;;;;;;,11,6,4,ZONE_COVERAGE,COVER_4,False,00-0027854;00-0030585;00-0034785;00-0033933;00-0026982;00-0034775;00-0032222;00-0033611;00-0022921;00-0032187;00-0027869,Sam Bradford;Justin Pugh;Mason Cole;Chad Williams;Andre Smith;Christian Kirk;D.J. Humphries;Ricky Seals-Jones;Larry Fitzgerald;David Johnson;Mike Iupati,00-0034397;00-0030566;00-0027008;00-0029566;00-0032007;00-0028103;00-0033527;00-0028022;00-0033525;00-0029285;00-0033918,Tim Settle;D.J. Swearinger;Ziggy Hood;Zach Brown;Quinton Dunbar;Pernell McPhee;Montae Nicholson;Mason Foster;Ryan Anderson;Josh Norman;Fabian Moreau
2018_01_WAS_ARI,477,pass,4.0,64.0,60.0,41.0,6:38,5:57,,0.0,0.0,3.0,5.0,"2 DL, 4 LB, 5 DB",;;;;;;;;;;,11,6,6,MAN_COVERAGE,COVER_1,True,00-0027854;00-0034681;00-0030585;00-0034785;00-0033933;00-0026982;00-0034775;00-0032222;00-0033611;00-0022921;00-0027869,Sam Bradford;Chase Edmonds;Justin Pugh;Mason Cole;Chad Williams;Andre Smith;Christian Kirk;D.J. Humphries;Ricky Seals-Jones;Larry Fitzgerald;Mike Iupati,00-0030566;00-0032007;00-0032781;00-0027954;00-0033527;00-0031935;00-0033523;00-0028022;00-0029285;00-0033918;00-0033532,D.J. Swearinger;Quinton Dunbar;Matthew Ioannidis;Ryan Kerrigan;Montae Nicholson;Preston Smith;Jonathan Allen;Mason Foster;Josh Norman;Fabian Moreau;Josh Harvey-Clemons
2018_01_WAS_ARI,501,punt,0.0,60.0,60.0,10.0,5:57,5:47,,0.0,0.0,4.0,1.0,,;;;;;;;;;;,11,,,,,,00-0034490;00-0022824;00-0031262;00-0028946;00-0029068;00-0032769;00-0034473;00-0033875;00-0033792;00-0030385;00-0028278,Ezekiel Turner;Andy Lee;Bene' Benwikere;Aaron Brewer;Derrick Coleman;Brandon Williams;Dennis Gardeck;Haason Reddick;Rudy Ford;Gerald Hodges;Josh Bynes,00-0027008;00-0031844;00-0034339;00-0034336;00-0032781;00-0031728;00-0034334;00-0033528;00-0034071;00-0033532;00-0033918,Ziggy Hood;Deshazor Everett;Trey Quinn;Shaun Dion Hamilton;Matthew Ioannidis;Zach Vigil;Troy Apke;Jeremy Sprinkle;Danny Johnson;Josh Harvey-Clemons;Fabian Moreau
2018_01_WAS_ARI,535,run,1.0,80.0,79.0,38.0,5:47,5:09,,0.0,0.0,1.0,10.0,"4 DL, 2 LB, 5 DB",;;;;;;;;;;,11,7,,,,,00-0023436;00-0027694;00-0031257;00-0032053;00-0031330;00-0032760;00-0033529;00-0024221;00-0027857;00-0033528;00-0025394,Alex Smith;Shawn Lauvao;Paul Richardson;Brandon Scherff;Morgan Moses;Josh Doctson;Chase Roullier;Vernon Davis;Trent Williams;Jeremy Sprinkle;Adrian Peterson,00-0029585;00-0032761;00-0027686;00-0031261;00-0027943;00-0024421;00-0030484;00-0028278;00-0033890;00-0031366;00-0030380,Chandler Jones;Robert Nkemdiche;Corey Peters;Tre Boston;Patrick Peterson;Antoine Bethea;Jamar Taylor;Josh Bynes;Budda Baker;Deone Bucannon;Benson Mayowa
2018_01_WAS_ARI,556,pass,9.0,79.0,70.0,34.0,5:09,4:35,,0.0,0.0,2.0,9.0,"4 DL, 2 LB, 5 DB",;;;;;;;;;;,11,6,4,ZONE_COVERAGE,COVER_6,False,00-0023436;00-0027694;00-0031257;00-0032053;00-0031330;00-0032760;00-0030404;00-0033529;00-0024221;00-0027857;00-0031941,Alex Smith;Shawn Lauvao;Paul Richardson;Brandon Scherff;Morgan Moses;Josh Doctson;Chris Thompson;Chase Roullier;Vernon Davis;Trent Williams;Jamison Crowder,00-0029585;00-0027686;00-0032761;00-0031261;00-0027943;00-0024421;00-0030484;00-0028278;00-0033890;00-0030380;00-0031366,Chandler Jones;Corey Peters;Robert Nkemdiche;Tre Boston;Patrick Peterson;Antoine Bethea;Jamar Taylor;Josh Bynes;Budda Baker;Benson Mayowa;Deone Bucannon
2018_01_WAS_ARI,580,run,13.0,70.0,57.0,44.0,4:35,3:51,,0.0,0.0,1.0,10.0,"4 DL, 2 LB, 5 DB",;;;;;;;;;;,11,6,,,,,00-0023436;00-0027694;00-0031257;00-0032053;00-0031330;00-0032760;00-0030404;00-0033529;00-0024221;00-0027857;00-0031941,Alex Smith;Shawn Lauvao;Paul Richardson;Brandon Scherff;Morgan Moses;Josh Doctson;Chris Thompson;Chase Roullier;Vernon Davis;Trent Williams;Jamison Crowder,00-0029585;00-0032761;00-0027686;00-0031261;00-0027943;00-0024421;00-0030484;00-0028278;00-0033890;00-0031366;00-0030380,Chandler Jones;Robert Nkemdiche;Corey Peters;Tre Boston;Patrick Peterson;Antoine Bethea;Jamar Taylor;Josh Bynes;Budda Baker;Deone Bucannon;Benson Mayowa
2018_01_WAS_ARI,602,pass,0.0,57.0,57.0,4.0,3:51,3:47,,0.0,0.0,1.0,10.0,"4 DL, 2 LB, 5 DB",;;;;;;;;;;,11,7,5,MAN_COVERAGE,COVER_1,True,00-0023436;00-0027694;00-0031257;00-0032053;00-0030472;00-0031330;00-0032760;00-0030404;00-0033529;00-0027857;00-0031941,Alex Smith;Shawn Lauvao;Paul Richardson;Brandon Scherff;Jordan Reed;Morgan Moses;Josh Doctson;Chris Thompson;Chase Roullier;Trent Williams;Jamison Crowder,00-0029585;00-0032761;00-0027686;00-0031261;00-0027943;00-0033792;00-0030484;00-0028278;00-0033890;00-0031366;00-0030380,Chandler Jones;Robert Nkemdiche;Corey Peters;Tre Boston;Patrick Peterson;Rudy Ford;Jamar Taylor;Josh Bynes;Budda Baker;Deone Bucannon;Benson Mayowa
2018_01_WAS_ARI,624,run,14.0,57.0,43.0,39.0,3:47,3:08,,0.0,0.0,2.0,10.0,"4 DL, 2 LB, 5 DB",;;;;;;;;;;,11,7,,,,,00-0023436;00-0027694;00-0031257;00-0032053;00-0030472;00-0031330;00-0032760;00-0030404;00-0033529;00-0027857;00-0031941,Alex Smith;Shawn Lauvao;Paul Richardson;Brandon Scherff;Jordan Reed;Morgan Moses;Josh Doctson;Chris Thompson;Chase Roullier;Trent Williams;Jamison Crowder,00-0029585;00-0027686;00-0032761;00-0031261;00-0027943;00-0033792;00-0030484;00-0028278;00-0033890;00-0030380;00-0031366,Chandler Jones;Corey Peters;Robert Nkemdiche;Tre Boston;Patrick Peterson;Rudy Ford;Jamar Taylor;Josh Bynes;Budda Baker;Benson Mayowa;Deone Bucannon
2018_01_WAS_ARI,645,run,13.0,43.0,30.0,40.0,3:08,2:28,,0.0,0.0,1.0,10.0,"4 DL, 2 LB, 5 DB",;;;;;;;;;;,11,7,,,,,00-0023436;00-0027694;00-0032053;00-0030472;00-0031330;00-0034339;00-0033529;00-0024221;00-0027857;00-0033528;00-0025394,Alex Smith;Shawn Lauvao;Brandon Scherff;Jordan Reed;Morgan Moses;Trey Quinn;Chase Roullier;Vernon Davis;Trent Williams;Jeremy Sprinkle;Adrian Peterson,00-0029585;00-0031914;00-0031261;00-0027943;00-0024421;00-0030484;00-0032131;00-0028278;00-0033890;00-0030380;00-0031366,Chandler Jones;Olsen Pierre;Tre Boston;Patrick Peterson;Antoine Bethea;Jamar Taylor;Rodney Gunter;Josh Bynes;Budda Baker;Benson Mayowa;Deone Bucannon
2018_01_WAS_ARI,666,run,8.0,30.0,22.0,44.0,2:28,1:44,,0.0,0.0,1.0,10.0,"4 DL, 2 LB, 5 DB",;;;;;;;;;;,11,8,,,,,00-0023436;00-0027694;00-0032053;00-0030472;00-0031330;00-0034339;00-0033529;00-0024221;00-0027857;00-0033528;00-0025394,Alex Smith;Shawn Lauvao;Brandon Scherff;Jordan Reed;Morgan Moses;Trey Quinn;Chase Roullier;Vernon Davis;Trent Williams;Jeremy Sprinkle;Adrian Peterson,00-0031914;00-0029112;00-0031261;00-0031081;00-0027943;00-0024421;00-0030484;00-0032131;00-0028278;00-0033890;00-0031366,Olsen Pierre;Jacquies Smith;Tre Boston;Zach Moore;Patrick Peterson;Antoine Bethea;Jamar Taylor;Rodney Gunter;Josh Bynes;Budda Baker;Deone Bucannon
2018_01_WAS_ARI,687,run,1.0,22.0,21.0,40.0,1:44,1:04,,0.0,0.0,2.0,2.0,"4 DL, 2 LB, 5 DB",;;;;;;;;;;,11,6,,,,,00-0023436;00-0027694;00-0031257;00-0032053;00-0031330;00-0032760;00-0033529;00-0024221;00-0027857;00-0033528;00-0025394,Alex Smith;Shawn Lauvao;Paul Richardson;Brandon Scherff;Morgan Moses;Josh Doctson;Chase Roullier;Vernon Davis;Trent Williams;Jeremy Sprinkle;Adrian Peterson,00-0031914;00-0029112;00-0031261;00-0031081;00-0027943;00-0024421;00-0030484;00-0032131;00-0028278;00-0033890;00-0031366,Olsen Pierre;Jacquies Smith;Tre Boston;Zach Moore;Patrick Peterson;Antoine Bethea;Jamar Taylor;Rodney Gunter;Josh Bynes;Budda Baker;Deone Bucannon
2018_01_WAS_ARI,708,timeout,0.0,,,0.0,1:04,1:04,WAS,0.0,0.0,,0.0,,,0,,,,,,,,,
2018_01_WAS_ARI,725,run,8.0,21.0,13.0,43.0,1:04,0:21,,0.0,0.0,3.0,1.0,"4 DL, 3 LB, 4 DB",;;;;;;;;;;,11,9,,,,,00-0023436;00-0027694;00-0032053;00-0031330;00-0034339;00-0033529;00-0024221;00-0027857;00-0033528;00-0032371;00-0025394,Alex Smith;Shawn Lauvao;Brandon Scherff;Morgan Moses;Trey Quinn;Chase Roullier;Vernon Davis;Trent Williams;Jeremy Sprinkle;Rob Kelley;Adrian Peterson,00-0031914;00-0029112;00-0031081;00-0027943;00-0033875;00-0024421;00-0030484;00-0032131;00-0028278;00-0033890;00-0031366,Olsen Pierre;Jacquies Smith;Zach Moore;Patrick Peterson;Haason Reddick;Antoine Bethea;Jamar Taylor;Rodney Gunter;Josh Bynes;Budda Baker;Deone Bucannon
2018_01_WAS_ARI,746,run,0.0,13.0,13.0,21.0,0:21,0:00,,0.0,0.0,1.0,10.0,"4 DL, 2 LB, 5 DB",;;;;;;;;;;,11,6,,,,,00-0023436;00-0027694;00-0031257;00-0030472;00-0032053;00-0031330;00-0032760;00-0033529;00-0027857;00-0031941;00-0025394,Alex Smith;Shawn Lauvao;Paul Richardson;Jordan Reed;Brandon Scherff;Morgan Moses;Josh Doctson;Chase Roullier;Trent Williams;Jamison Crowder;Adrian Peterson,00-0029585;00-0027686;00-0032761;00-0031261;00-0027943;00-0024421;00-0030484;00-0028278;00-0033890;00-0031366;00-0030380,Chandler Jones;Corey Peters;Robert Nkemdiche;Tre Boston;Patrick Peterson;Antoine Bethea;Jamar Taylor;Josh Bynes;Budda Baker;Deone Bucannon;Benson Mayowa
2018_01_WAS_ARI,767,start_quarter_2,,,,0.0,0:00,0:00,,0.0,0.0,,0.0,,,0,,,,,,,,,
2018_01_WAS_ARI,784,pass,13.0,13.0,0.0,6.0,15:00,14:54,,0.0,6.0,2.0,10.0,"4 DL, 2 LB, 5 DB",;;;;;;;;;;,11,6,4,ZONE_COVERAGE,COVER_4,True,00-0023436;00-0027694;00-0031257;00-0032053;00-0030472;00-0031330;00-0032760;00-0030404;00-0033529;00-0027857;00-0031941,Alex Smith;Shawn Lauvao;Paul Richardson;Brandon Scherff;Jordan Reed;Morgan Moses;Josh Doctson;Chris Thompson;Chase Roullier;Trent Williams;Jamison Crowder,00-0029585;00-0027686;00-0032761;00-0031261;00-0027943;00-0024421;00-0030484;00-0028278;00-0033890;00-0030380;00-0031366,Chandler Jones;Corey Peters;Robert Nkemdiche;Tre Boston;Patrick Peterson;Antoine Bethea;Jamar Taylor;Josh Bynes;Budda Baker;Benson Mayowa;Deone Bucannon
2018_01_WAS_ARI,804,extra_point,0.0,15.0,15.0,0.0,14:54,14:54,,0.0,7.0,,0.0,,;;;;;;;;;,10,,,,,,00-0027694;00-0032053;00-0029709;00-0031330;00-0030140;00-0032781;00-0033529;00-0026714;00-0029699;00-0033528;00-0030098,Shawn Lauvao;Brandon Scherff;Ty Nsekhe;Morgan Moses;Tress Way;Matthew Ioannidis;Chase Roullier;Nick Sundberg;Tony Bergstrom;Jeremy Sprinkle;Dustin Hopkins,00-0029585;00-0031262;00-0027686;00-0032761;00-0027943;00-0034473;00-0033792;00-0032131;00-0028278;00-0033890,Chandler Jones;Bene' Benwikere;Corey Peters;Robert Nkemdiche;Patrick Peterson;Dennis Gardeck;Rudy Ford;Rodney Gunter;Josh Bynes;Budda Baker
2018_01_WAS_ARI,835,kickoff,0.0,35.0,35.0,0.0,14:54,14:54,,0.0,7.0,,0.0,,;;;;;;;;;;,11,,,,,,00-0031844;00-0034336;00-0034337;00-0031728;00-0033527;00-0034334;00-0033525;00-0034071;00-0030098;00-0033918;00-0033532,Deshazor Everett;Shaun Dion Hamilton;Greg Stroman;Zach Vigil;Montae Nicholson;Troy Apke;Ryan Anderson;Danny Johnson;Dustin Hopkins;Fabian Moreau;Josh Harvey-Clemons,00-0034681;00-0034490;00-0031262;00-0029112;00-0029068;00-0032769;00-0034473;00-0033875;00-0033792;00-0030385;00-0031884,Chase Edmonds;Ezekiel Turner;Bene' Benwikere;Jacquies Smith;Derrick Coleman;Brandon Williams;Dennis Gardeck;Haason Reddick;Rudy Ford;Gerald Hodges;Gabe Holmes
2018_01_WAS_ARI,851,pass,3.0,75.0,72.0,38.0,14:54,14:16,,0.0,7.0,1.0,10.0,"2 DL, 4 LB, 5 DB",;;;;;;;;;;,11,6,4,ZONE_COVERAGE,COVER_3,False,00-0027854;00-0030585;00-0034785;00-0033933;00-0026982;00-0034775;00-0032222;00-0033611;00-0022921;00-0032187;00-0027869,Sam Bradford;Justin Pugh;Mason Cole;Chad Williams;Andre Smith;Christian Kirk;D.J. Humphries;Ricky Seals-Jones;Larry Fitzgerald;David Johnson;Mike Iupati,00-0030566;00-0032007;00-0029566;00-0034333;00-0027954;00-0031935;00-0033527;00-0033523;00-0028022;00-0029285;00-0033918,D.J. Swearinger;Quinton Dunbar;Zach Brown;Daron Payne;Ryan Kerrigan;Preston Smith;Montae Nicholson;Jonathan Allen;Mason Foster;Josh Norman;Fabian Moreau
2018_01_WAS_ARI,875,run,0.0,72.0,72.0,44.0,14:16,13:32,,0.0,7.0,2.0,7.0,"3 DL, 4 LB, 4 DB",;;;;;;;;;;,11,7,,,,,00-0027854;00-0030585;00-0034785;00-0033933;00-0026982;00-0029068;00-0032222;00-0031884;00-0022921;00-0032187;00-0027869,Sam Bradford;Justin Pugh;Mason Cole;Chad Williams;Andre Smith;Derrick Coleman;D.J. Humphries;Gabe Holmes;Larry Fitzgerald;David Johnson;Mike Iupati,00-0030566;00-0032007;00-0029566;00-0034333;00-0032781;00-0027954;00-0031935;00-0033527;00-0033523;00-0028022;00-0029285,D.J. Swearinger;Quinton Dunbar;Zach Brown;Daron Payne;Matthew Ioannidis;Ryan Kerrigan;Preston Smith;Montae Nicholson;Jonathan Allen;Mason Foster;Josh Norman
2018_01_WAS_ARI,896,pass,0.0,72.0,72.0,5.0,13:32,13:27,,0.0,7.0,3.0,7.0,"2 DL, 4 LB, 5 DB",;;;;;;;;;;,11,5,6,MAN_COVERAGE,COVER_1,True,00-0027854;00-0030585;00-0034785;00-0033933;00-0026982;00-0034775;00-0032222;00-0033611;00-0022921;00-0032187;00-0027869,Sam Bradford;Justin Pugh;Mason Cole;Chad Williams;Andre Smith;Christian Kirk;D.J. Humphries;Ricky Seals-Jones;Larry Fitzgerald;David Johnson;Mike Iupati,00-0030566;00-0032007;00-0034333;00-0027954;00-0033527;00-0031935;00-0033523;00-0028022;00-0029285;00-0033918;00-0033532,D.J. Swearinger;Quinton Dunbar;Daron Payne;Ryan Kerrigan;Montae Nicholson;Preston Smith;Jonathan Allen;Mason Foster;Josh Norman;Fabian Moreau;Josh Harvey-Clemons
2018_01_WAS_ARI,918,punt,0.0,72.0,72.0,11.0,13:27,13:16,,0.0,7.0,4.0,7.0,,;;;;;;;;;;,11,,,,,,00-0034490;00-0022824;00-0031262;00-0028946;00-0029068;00-0032769;00-0034473;00-0033875;00-0033792;00-0030385;00-0028278,Ezekiel Turner;Andy Lee;Bene' Benwikere;Aaron Brewer;Derrick Coleman;Brandon Williams;Dennis Gardeck;Haason Reddick;Rudy Ford;Gerald Hodges;Josh Bynes,00-0031844;00-0034339;00-0034336;00-0034337;00-0031728;00-0033528;00-0032371;00-0034334;00-0034071;00-0033918;00-0033532,Deshazor Everett;Trey Quinn;Shaun Dion Hamilton;Greg Stroman;Zach Vigil;Jeremy Sprinkle;Rob Kelley;Troy Apke;Danny Johnson;Fabian Moreau;Josh Harvey-Clemons
2018_01_WAS_ARI,960,run,5.0,73.0,68.0,33.0,13:16,12:43,,0.0,7.0,1.0,10.0,"4 DL, 2 LB, 5 DB",;;;;;;;;;;,11,7,4,,,,00-0023436;00-0027694;00-0031257;00-0032053;00-0031330;00-0032760;00-0033529;00-0024221;00-0027857;00-0033528;00-0025394,Alex Smith;Shawn Lauvao;Paul Richardson;Brandon Scherff;Morgan Moses;Josh Doctson;Chase Roullier;Vernon Davis;Trent Williams;Jeremy Sprinkle;Adrian Peterson,00-0030871;00-0029112;00-0031261;00-0031081;00-0027943;00-0024421;00-0030484;00-0032131;00-0028278;00-0033890;00-0031366,Garrison Smith;Jacquies Smith;Tre Boston;Zach Moore;Patrick Peterson;Antoine Bethea;Jamar Taylor;Rodney Gunter;Josh Bynes;Budda Baker;Deone Bucannon
2018_01_WAS_ARI,986,run,-2.0,68.0,70.0,44.0,12:43,11:59,,0.0,7.0,2.0,5.0,"4 DL, 2 LB, 5 DB",;;;;;;;;;;,11,7,5,,,,00-0023436;00-0027694;00-0031257;00-0032053;00-0031330;00-0032760;00-0033529;00-0024221;00-0027857;00-0033528;00-0025394,Alex Smith;Shawn Lauvao;Paul Richardson;Brandon Scherff;Morgan Moses;Josh Doctson;Chase Roullier;Vernon Davis;Trent Williams;Jeremy Sprinkle;Adrian Peterson,00-0030871;00-0029112;00-0031261;00-0031081;00-0027943;00-0024421;00-0030484;00-0032131;00-0028278;00-0033890;00-0031366,Garrison Smith;Jacquies Smith;Tre Boston;Zach Moore;Patrick Peterson;Antoine Bethea;Jamar Taylor;Rodney Gunter;Josh Bynes;Budda Baker;Deone Bucannon
2018_01_WAS_ARI,1005,pass,11.0,70.0,59.0,45.0,11:59,11:14,,0.0,7.0,3.0,7.0,"4 DL, 2 LB, 5 DB",;;;;;;;;;;,11,7,5,ZONE_COVERAGE,COVER_3,False,00-0023436;00-0027694;00-0031257;00-0032053;00-0030472;00-0031330;00-0032760;00-0030404;00-0033529;00-0027857;00-0031941,Alex Smith;Shawn Lauvao;Paul Richardson;Brandon Scherff;Jordan Reed;Morgan Moses;Josh Doctson;Chris Thompson;Chase Roullier;Trent Williams;Jamison Crowder,00-0030871;00-0029112;00-0031261;00-0031081;00-0027943;00-0033875;00-0024421;00-0030484;00-0032131;00-0033890;00-0031366,Garrison Smith;Jacquies Smith;Tre Boston;Zach Moore;Patrick Peterson;Haason Reddick;Antoine Bethea;Jamar Taylor;Rodney Gunter;Budda Baker;Deone Bucannon
2018_01_WAS_ARI,1029,run,6.0,59.0,53.0,22.0,11:14,10:52,,0.0,7.0,1.0,10.0,"4 DL, 2 LB, 5 DB",;;;;;;;;;;,11,8,,,,,00-0023436;00-0027694;00-0032053;00-0031330;00-0034339;00-0032760;00-0033529;00-0024221;00-0027857;00-0032371;00-0031941,Alex Smith;Shawn Lauvao;Brandon Scherff;Morgan Moses;Trey Quinn;Josh Doctson;Chase Roullier;Vernon Davis;Trent Williams;Rob Kelley;Jamison Crowder,00-0030871;00-0029112;00-0031261;00-0031081;00-0027943;00-0024421;00-0030484;00-0032131;00-0028278;00-0033890;00-0031366,Garrison Smith;Jacquies Smith;Tre Boston;Zach Moore;Patrick Peterson;Antoine Bethea;Jamar Taylor;Rodney Gunter;Josh Bynes;Budda Baker;Deone Bucannon
2018_01_WAS_ARI,1050,run,0.0,53.0,53.0,39.0,10:52,10:13,,0.0,7.0,2.0,4.0,"4 DL, 2 LB, 5 DB",;;;;;;;;;;,11,7,,,,,00-0023436;00-0027694;00-0032053;00-0031330;00-0034339;00-0032760;00-0033529;00-0024221;00-0027857;00-0032371;00-0031941,Alex Smith;Shawn Lauvao;Brandon Scherff;Morgan Moses;Trey Quinn;Josh Doctson;Chase Roullier;Vernon Davis;Trent Williams;Rob Kelley;Jamison Crowder,00-0030871;00-0029112;00-0031261;00-0031081;00-0027943;00-0024421;00-0030484;00-0032131;00-0028278;00-0033890;00-0031366,Garrison Smith;Jacquies Smith;Tre Boston;Zach Moore;Patrick Peterson;Antoine Bethea;Jamar Taylor;Rodney Gunter;Josh Bynes;Budda Baker;Deone Bucannon
2018_01_WAS_ARI,1071,pass,3.0,53.0,50.0,55.0,10:13,9:18,,0.0,7.0,3.0,4.0,"4 DL, 2 LB, 5 DB",;;;;;;;;;;,11,6,4,ZONE_COVERAGE,COVER_4,False,00-0023436;00-0027694;00-0031257;00-0032053;00-0030472;00-0031330;00-0032760;00-0030404;00-0033529;00-0027857;00-0031941,Alex Smith;Shawn Lauvao;Paul Richardson;Brandon Scherff;Jordan Reed;Morgan Moses;Josh Doctson;Chris Thompson;Chase Roullier;Trent Williams;Jamison Crowder,00-0029585;00-0027686;00-0032761;00-0031261;00-0027943;00-0033875;00-0024421;00-0030484;00-0033890;00-0030380;00-0031366,Chandler Jones;Corey Peters;Robert Nkemdiche;Tre Boston;Patrick Peterson;Haason Reddick;Antoine Bethea;Jamar Taylor;Budda Baker;Benson Mayowa;Deone Bucannon
2018_01_WAS_ARI,1095,run,1.0,50.0,49.0,32.0,9:18,8:46,,0.0,7.0,4.0,1.0,"4 DL, 3 LB, 4 DB",;;;;;;;;;;,11,9,,,,,00-0023436;00-0027694;00-0032053;00-0030472;00-0031330;00-0034339;00-0033529;00-0024221;00-0027857;00-0033528;00-0025394,Alex Smith;Shawn Lauvao;Brandon Scherff;Jordan Reed;Morgan Moses;Trey Quinn;Chase Roullier;Vernon Davis;Trent Williams;Jeremy Sprinkle;Adrian Peterson,00-0029585;00-0027686;00-0032761;00-0027943;00-0033875;00-0024421;00-0030484;00-0028278;00-0033890;00-0030380;00-0031366,Chandler Jones;Corey Peters;Robert Nkemdiche;Patrick Peterson;Haason Reddick;Antoine Bethea;Jamar Taylor;Josh Bynes;Budda Baker;Benson Mayowa;Deone Bucannon
2018_01_WAS_ARI,1126,pass,22.0,49.0,27.0,34.0,8:46,8:12,,0.0,7.0,1.0,10.0,"4 DL, 2 LB, 5 DB",;;;;;;;;;;,11,6,4,MAN_COVERAGE,COVER_1,False,00-0023436;00-0027694;00-0031257;00-0032053;00-0030472;00-0031330;00-0032760;00-0033529;00-0027857;00-0031941;00-0025394,Alex Smith;Shawn Lauvao;Paul Richardson;Brandon Scherff;Jordan Reed;Morgan Moses;Josh Doctson;Chase Roullier;Trent Williams;Jamison Crowder;Adrian Peterson,00-0029585;00-0027686;00-0032761;00-0031261;00-0027943;00-0024421;00-0030484;00-0028278;00-0033890;00-0030380;00-0031366,Chandler Jones;Corey Peters;Robert Nkemdiche;Tre Boston;Patrick Peterson;Antoine Bethea;Jamar Taylor;Josh Bynes;Budda Baker;Benson Mayowa;Deone Bucannon
2018_01_WAS_ARI,1155,run,5.0,27.0,22.0,41.0,8:12,7:31,,0.0,7.0,1.0,10.0,"4 DL, 2 LB, 5 DB",;;;;;;;;;;,11,7,,,,,00-0023436;00-0027694;00-0031257;00-0032053;00-0031330;00-0032760;00-0033529;00-0027857;00-0033528;00-0031941;00-0025394,Alex Smith;Shawn Lauvao;Paul Richardson;Brandon Scherff;Morgan Moses;Josh Doctson;Chase Roullier;Trent Williams;Jeremy Sprinkle;Jamison Crowder;Adrian Peterson,00-0029585;00-0027686;00-0032761;00-0031261;00-0027943;00-0024421;00-0030484;00-0028278;00-0033890;00-0030380;00-0031366,Chandler Jones;Corey Peters;Robert Nkemdiche;Tre Boston;Patrick Peterson;Antoine Bethea;Jamar Taylor;Josh Bynes;Budda Baker;Benson Mayowa;Deone Bucannon
2018_01_WAS_ARI,1176,run,7.0,22.0,15.0,38.0,7:31,6:53,,0.0,7.0,2.0,5.0,"4 DL, 2 LB, 5 DB",;;;;;;;;;;,11,5,4,,,,00-0023436;00-0027694;00-0032053;00-0030472;00-0031330;00-0034339;00-0030404;00-0033529;00-0024221;00-0027857;00-0033528,Alex Smith;Shawn Lauvao;Brandon Scherff;Jordan Reed;Morgan Moses;Trey Quinn;Chris Thompson;Chase Roullier;Vernon Davis;Trent Williams;Jeremy Sprinkle,00-0029585;00-0027686;00-0032761;00-0031261;00-0027943;00-0024421;00-0030484;00-0028278;00-0033890;00-0030380;00-0031366,Chandler Jones;Corey Peters;Robert Nkemdiche;Tre Boston;Patrick Peterson;Antoine Bethea;Jamar Taylor;Josh Bynes;Budda Baker;Benson Mayowa;Deone Bucannon
2018_01_WAS_ARI,1197,run,1.0,15.0,14.0,40.0,6:53,6:13,,0.0,7.0,1.0,10.0,"4 DL, 2 LB, 5 DB",;;;;;;;;;;,11,8,,,,,00-0023436;00-0027694;00-0031257;00-0032053;00-0031330;00-0032760;00-0033529;00-0027857;00-0033528;00-0031941;00-0025394,Alex Smith;Shawn Lauvao;Paul Richardson;Brandon Scherff;Morgan Moses;Josh Doctson;Chase Roullier;Trent Williams;Jeremy Sprinkle;Jamison Crowder;Adrian Peterson,00-0029585;00-0027686;00-0031261;00-0027943;00-0024421;00-0030484;00-0032131;00-0028278;00-0033890;00-0030380;00-0031366,Chandler Jones;Corey Peters;Tre Boston;Patrick Peterson;Antoine Bethea;Jamar Taylor;Rodney Gunter;Josh Bynes;Budda Baker;Benson Mayowa;Deone Bucannon
2018_01_WAS_ARI,1218,pass,10.0,14.0,4.0,39.0,6:13,5:34,,0.0,7.0,2.0,9.0,"4 DL, 2 LB, 5 DB",;;;;;;;;;;,11,6,4,ZONE_COVERAGE,COVER_4,False,00-0023436;00-0027694;00-0031257;00-0032053;00-0031330;00-0032760;00-0030404;00-0033529;00-0024221;00-0027857;00-0031941,Alex Smith;Shawn Lauvao;Paul Richardson;Brandon Scherff;Morgan Moses;Josh Doctson;Chris Thompson;Chase Roullier;Vernon Davis;Trent Williams;Jamison Crowder,00-0029585;00-0027686;00-0031261;00-0027943;00-0024421;00-0030484;00-0032131;00-0028278;00-0033890;00-0030380;00-0031366,Chandler Jones;Corey Peters;Tre Boston;Patrick Peterson;Antoine Bethea;Jamar Taylor;Rodney Gunter;Josh Bynes;Budda Baker;Benson Mayowa;Deone Bucannon
2018_01_WAS_ARI,1242,run,2.0,4.0,2.0,37.0,5:34,4:57,,0.0,7.0,1.0,4.0,"4 DL, 2 LB, 5 DB",;;;;;;;;;;,11,8,,,,,00-0023436;00-0027694;00-0031257;00-0032053;00-0030472;00-0031330;00-0032760;00-0033529;00-0027857;00-0031941;00-0025394,Alex Smith;Shawn Lauvao;Paul Richardson;Brandon Scherff;Jordan Reed;Morgan Moses;Josh Doctson;Chase Roullier;Trent Williams;Jamison Crowder;Adrian Peterson,00-0029585;00-0027686;00-0031261;00-0031081;00-0027943;00-0024421;00-0030484;00-0032131;00-0028278;00-0033890;00-0031366,Chandler Jones;Corey Peters;Tre Boston;Zach Moore;Patrick Peterson;Antoine Bethea;Jamar Taylor;Rodney Gunter;Josh Bynes;Budda Baker;Deone Bucannon
2018_01_WAS_ARI,1263,run,1.0,2.0,1.0,45.0,4:57,4:12,,0.0,7.0,2.0,2.0,"4 DL, 2 LB, 5 DB",;;;;;;;;;;,11,7,,,,,00-0023436;00-0027694;00-0031257;00-0032053;00-0030472;00-0031330;00-0032760;00-0033529;00-0027857;00-0031941;00-0025394,Alex Smith;Shawn Lauvao;Paul Richardson;Brandon Scherff;Jordan Reed;Morgan Moses;Josh Doctson;Chase Roullier;Trent Williams;Jamison Crowder;Adrian Peterson,00-0029585;00-0027686;00-0031261;00-0031081;00-0027943;00-0024421;00-0030484;00-0032131;00-0028278;00-0033890;00-0031366,Chandler Jones;Corey Peters;Tre Boston;Zach Moore;Patrick Peterson;Antoine Bethea;Jamar Taylor;Rodney Gunter;Josh Bynes;Budda Baker;Deone Bucannon
2018_01_WAS_ARI,1284,run,1.0,1.0,0.0,2.0,4:12,4:10,,0.0,13.0,3.0,1.0,"6 DL, 3 LB, 2 DB",;;;;;;;;;;,11,11,,,,,00-0023436;00-0027694;00-0032053;00-0029709;00-0031330;00-0033529;00-0024221;00-0027857;00-0033528;00-0033525;00-0025394,Alex Smith;Shawn Lauvao;Brandon Scherff;Ty Nsekhe;Morgan Moses;Chase Roullier;Vernon Davis;Trent Williams;Jeremy Sprinkle;Ryan Anderson;Adrian Peterson,00-0030871;00-0029585;00-0027686;00-0032761;00-0031261;00-0031081;00-0033875;00-0024421;00-0032131;00-0028278;00-0031366,Garrison Smith;Chandler Jones;Corey Peters;Robert Nkemdiche;Tre Boston;Zach Moore;Haason Reddick;Antoine Bethea;Rodney Gunter;Josh Bynes;Deone Bucannon
2018_01_WAS_ARI,1305,extra_point,0.0,15.0,15.0,0.0,4:10,4:10,,0.0,14.0,,0.0,,;;;;;;;;;;,11,,,,,,00-0027694;00-0032053;00-0029709;00-0031330;00-0030140;00-0032781;00-0026714;00-0033529;00-0029699;00-0033528;00-0030098,Shawn Lauvao;Brandon Scherff;Ty Nsekhe;Morgan Moses;Tress Way;Matthew Ioannidis;Nick Sundberg;Chase Roullier;Tony Bergstrom;Jeremy Sprinkle;Dustin Hopkins,00-0029585;00-0031262;00-0027686;00-0032761;00-0027943;00-0034473;00-0033792;00-0032131;00-0030385;00-0028278;00-0033890,Chandler Jones;Bene' Benwikere;Corey Peters;Robert Nkemdiche;Patrick Peterson;Dennis Gardeck;Rudy Ford;Rodney Gunter;Gerald Hodges;Josh Bynes;Budda Baker
2018_01_WAS_ARI,1336,kickoff,0.0,35.0,35.0,0.0,4:10,4:10,,0.0,14.0,,0.0,,;;;;;;;;;;,11,,,,,,00-0031844;00-0034336;00-0034337;00-0031728;00-0033527;00-0034334;00-0033525;00-0034071;00-0030098;00-0033918;00-0033532,Deshazor Everett;Shaun Dion Hamilton;Greg Stroman;Zach Vigil;Montae Nicholson;Troy Apke;Ryan Anderson;Danny Johnson;Dustin Hopkins;Fabian Moreau;Josh Harvey-Clemons,00-0034681;00-0034490;00-0031262;00-0029112;00-0029068;00-0032769;00-0034473;00-0033875;00-0033792;00-0030385;00-0031884,Chase Edmonds;Ezekiel Turner;Bene' Benwikere;Jacquies Smith;Derrick Coleman;Brandon Williams;Dennis Gardeck;Haason Reddick;Rudy Ford;Gerald Hodges;Gabe Holmes
2018_01_WAS_ARI,1351,pass,0.0,75.0,75.0,3.0,4:10,4:07,,0.0,14.0,1.0,10.0,"2 DL, 4 LB, 5 DB",;;;;;;;;;;,11,6,4,ZONE_COVERAGE,COVER_4,False,00-0027854;00-0030585;00-0034785;00-0033933;00-0026982;00-0034775;00-0032222;00-0033611;00-0022921;00-0032187;00-0027869,Sam Bradford;Justin Pugh;Mason Cole;Chad Williams;Andre Smith;Christian Kirk;D.J. Humphries;Ricky Seals-Jones;Larry Fitzgerald;David Johnson;Mike Iupati,00-0030566;00-0027008;00-0032007;00-0029566;00-0034333;00-0027954;00-0033527;00-0031935;00-0028022;00-0029285;00-0033918,D.J. Swearinger;Ziggy Hood;Quinton Dunbar;Zach Brown;Daron Payne;Ryan Kerrigan;Montae Nicholson;Preston Smith;Mason Foster;Josh Norman;Fabian Moreau
2018_01_WAS_ARI,1373,pass,0.0,75.0,75.0,4.0,4:07,4:03,,0.0,14.0,2.0,10.0,"2 DL, 4 LB, 5 DB",;;;;;;;;;;,11,7,5,MAN_COVERAGE,COVER_1,False,00-0027854;00-0030585;00-0034785;00-0033933;00-0026982;00-0034775;00-0032222;00-0033611;00-0022921;00-0032187;00-0027869,Sam Bradford;Justin Pugh;Mason Cole;Chad Williams;Andre Smith;Christian Kirk;D.J. Humphries;Ricky Seals-Jones;Larry Fitzgerald;David Johnson;Mike Iupati,00-0030566;00-0027008;00-0032007;00-0029566;00-0034333;00-0027954;00-0033527;00-0031935;00-0028022;00-0029285;00-0033918,D.J. Swearinger;Ziggy Hood;Quinton Dunbar;Zach Brown;Daron Payne;Ryan Kerrigan;Montae Nicholson;Preston Smith;Mason Foster;Josh Norman;Fabian Moreau
2018_01_WAS_ARI,1395,run,2.0,75.0,73.0,36.0,4:03,3:27,,0.0,14.0,3.0,10.0,"2 DL, 4 LB, 5 DB",;;;;;;;;;;,11,5,,,,,00-0027854;00-0030585;00-0034785;00-0033933;00-0026982;00-0034775;00-0032222;00-0033611;00-0022921;00-0032187;00-0027869,Sam Bradford;Justin Pugh;Mason Cole;Chad Williams;Andre Smith;Christian Kirk;D.J. Humphries;Ricky Seals-Jones;Larry Fitzgerald;David Johnson;Mike Iupati,00-0030566;00-0032007;00-0032781;00-0027954;00-0033527;00-0031935;00-0033523;00-0028022;00-0029285;00-0033918;00-0033532,D.J. Swearinger;Quinton Dunbar;Matthew Ioannidis;Ryan Kerrigan;Montae Nicholson;Preston Smith;Jonathan Allen;Mason Foster;Josh Norman;Fabian Moreau;Josh Harvey-Clemons
2018_01_WAS_ARI,1416,punt,0.0,73.0,73.0,8.0,3:27,3:19,,0.0,14.0,4.0,8.0,,;;;;;;;;;;,11,,,,,,00-0034490;00-0022824;00-0031262;00-0028946;00-0029068;00-0032769;00-0034473;00-0033875;00-0033792;00-0030385;00-0028278,Ezekiel Turner;Andy Lee;Bene' Benwikere;Aaron Brewer;Derrick Coleman;Brandon Williams;Dennis Gardeck;Haason Reddick;Rudy Ford;Gerald Hodges;Josh Bynes,00-0031844;00-0034339;00-0034336;00-0034337;00-0031728;00-0032371;00-0034334;00-0033528;00-0034071;00-0033532;00-0033918,Deshazor Everett;Trey Quinn;Shaun Dion Hamilton;Greg Stroman;Zach Vigil;Rob Kelley;Troy Apke;Jeremy Sprinkle;Danny Johnson;Josh Harvey-Clemons;Fabian Moreau
2018_01_WAS_ARI,1446,pass,23.0,92.0,69.0,37.0,3:19,2:42,,0.0,14.0,1.0,10.0,"4 DL, 2 LB, 5 DB",;;;;;;;;;;,11,5,5,ZONE_COVERAGE,COVER_3,False,00-0023436;00-0027694;00-0031257;00-0032053;00-0031330;00-0032760;00-0030404;00-0033529;00-0024221;00-0027857;00-0031941,Alex Smith;Shawn Lauvao;Paul Richardson;Brandon Scherff;Morgan Moses;Josh Doctson;Chris Thompson;Chase Roullier;Vernon Davis;Trent Williams;Jamison Crowder,00-0029585;00-0027686;00-0032761;00-0031261;00-0027943;00-0024421;00-0030484;00-0028278;00-0033890;00-0031366;00-0030380,Chandler Jones;Corey Peters;Robert Nkemdiche;Tre Boston;Patrick Peterson;Antoine Bethea;Jamar Taylor;Josh Bynes;Budda Baker;Deone Bucannon;Benson Mayowa
2018_01_WAS_ARI,1470,pass,7.0,69.0,62.0,37.0,2:42,2:05,,0.0,14.0,1.0,10.0,"4 DL, 2 LB, 5 DB",;;;;;;;;;;,11,6,4,ZONE_COVERAGE,COVER_4,True,00-0023436;00-0027694;00-0031257;00-0032053;00-0031330;00-0032760;00-0030404;00-0033529;00-0024221;00-0027857;00-0031941,Alex Smith;Shawn Lauvao;Paul Richardson;Brandon Scherff;Morgan Moses;Josh Doctson;Chris Thompson;Chase Roullier;Vernon Davis;Trent Williams;Jamison Crowder,00-0029585;00-0027686;00-0032761;00-0031261;00-0027943;00-0024421;00-0030484;00-0028278;00-0033890;00-0030380;00-0031366,Chandler Jones;Corey Peters;Robert Nkemdiche;Tre Boston;Patrick Peterson;Antoine Bethea;Jamar Taylor;Josh Bynes;Budda Baker;Benson Mayowa;Deone Bucannon
2018_01_WAS_ARI,1494,pass,18.0,62.0,44.0,8.0,2:05,1:57,,0.0,14.0,2.0,3.0,"4 DL, 2 LB, 5 DB",;;;;;;;;;;,11,8,6,MAN_COVERAGE,COVER_1,True,00-0023436;00-0027694;00-0031257;00-0032053;00-0031330;00-0032760;00-0033529;00-0024221;00-0027857;00-0031941;00-0025394,Alex Smith;Shawn Lauvao;Paul Richardson;Brandon Scherff;Morgan Moses;Josh Doctson;Chase Roullier;Vernon Davis;Trent Williams;Jamison Crowder;Adrian Peterson,00-0029585;00-0027686;00-0032761;00-0031261;00-0027943;00-0024421;00-0030484;00-0028278;00-0033890;00-0030380;00-0031366,Chandler Jones;Corey Peters;Robert Nkemdiche;Tre Boston;Patrick Peterson;Antoine Bethea;Jamar Taylor;Josh Bynes;Budda Baker;Benson Mayowa;Deone Bucannon
2018_01_WAS_ARI,1535,pass,6.0,44.0,38.0,34.0,1:57,1:23,,0.0,14.0,1.0,10.0,"4 DL, 2 LB, 5 DB",;;;;;;;;;;,11,6,5,MAN_COVERAGE,COVER_1,True,00-0023436;00-0027694;00-0031257;00-0030472;00-0032053;00-0031330;00-0032760;00-0030404;00-0033529;00-0027857;00-0031941,Alex Smith;Shawn Lauvao;Paul Richardson;Jordan Reed;Brandon Scherff;Morgan Moses;Josh Doctson;Chris Thompson;Chase Roullier;Trent Williams;Jamison Crowder,00-0029585;00-0032761;00-0031261;00-0027943;00-0024421;00-0030484;00-0032131;00-0028278;00-0033890;00-0030380;00-0031366,Chandler Jones;Robert Nkemdiche;Tre Boston;Patrick Peterson;Antoine Bethea;Jamar Taylor;Rodney Gunter;Josh Bynes;Budda Baker;Benson Mayowa;Deone Bucannon
2018_01_WAS_ARI,1559,pass,6.0,38.0,32.0,34.0,1:23,0:49,,0.0,14.0,2.0,4.0,"4 DL, 2 LB, 5 DB",;;;;;;;;;;,11,6,5,ZONE_COVERAGE,COVER_3,False,00-0023436;00-0027694;00-0031257;00-0030472;00-0032053;00-0031330;00-0032760;00-0030404;00-0033529;00-0027857;00-0031941,Alex Smith;Shawn Lauvao;Paul Richardson;Jordan Reed;Brandon Scherff;Morgan Moses;Josh Doctson;Chris Thompson;Chase Roullier;Trent Williams;Jamison Crowder,00-0029585;00-0032761;00-0031261;00-0027943;00-0024421;00-0030484;00-0032131;00-0028278;00-0033890;00-0030380;00-0031366,Chandler Jones;Robert Nkemdiche;Tre Boston;Patrick Peterson;Antoine Bethea;Jamar Taylor;Rodney Gunter;Josh Bynes;Budda Baker;Benson Mayowa;Deone Bucannon
2018_01_WAS_ARI,1583,pass,5.0,32.0,27.0,6.0,0:49,0:43,,0.0,14.0,1.0,10.0,"4 DL, 2 LB, 5 DB",;;;;;;;;;;,11,6,4,ZONE_COVERAGE,COVER_4,False,00-0023436;00-0027694;00-0031257;00-0030472;00-0032053;00-0031330;00-0032760;00-0030404;00-0033529;00-0027857;00-0031941,Alex Smith;Shawn Lauvao;Paul Richardson;Jordan Reed;Brandon Scherff;Morgan Moses;Josh Doctson;Chris Thompson;Chase Roullier;Trent Williams;Jamison Crowder,00-0029585;00-0032761;00-0031261;00-0027943;00-0024421;00-0030484;00-0032131;00-0028278;00-0033890;00-0030380;00-0031366,Chandler Jones;Robert Nkemdiche;Tre Boston;Patrick Peterson;Antoine Bethea;Jamar Taylor;Rodney Gunter;Josh Bynes;Budda Baker;Benson Mayowa;Deone Bucannon
2018_01_WAS_ARI,1607,timeout,0.0,,,0.0,0:43,0:43,WAS,0.0,14.0,,0.0,,,0,,,,,,,,,
2018_01_WAS_ARI,1624,no_play,0.0,27.0,27.0,0.0,0:43,0:43,,0.0,14.0,2.0,5.0,"4 DL, 2 LB, 5 DB",;;;;;;;;;;,11,,,,,,00-0023436;00-0027694;00-0031257;00-0032053;00-0031330;00-0032760;00-0030404;00-0033529;00-0024221;00-0027857;00-0031941,Alex Smith;Shawn Lauvao;Paul Richardson;Brandon Scherff;Morgan Moses;Josh Doctson;Chris Thompson;Chase Roullier;Vernon Davis;Trent Williams;Jamison Crowder,00-0029585;00-0027686;00-0032761;00-0031261;00-0027943;00-0024421;00-0030484;00-0028278;00-0033890;00-0030380;00-0031366,Chandler Jones;Corey Peters;Robert Nkemdiche;Tre Boston;Patrick Peterson;Antoine Bethea;Jamar Taylor;Josh Bynes;Budda Baker;Benson Mayowa;Deone Bucannon
2018_01_WAS_ARI,1647,no_play,0.0,22.0,22.0,6.0,0:43,0:37,,0.0,14.0,1.0,10.0,"4 DL, 2 LB, 5 DB",;;;;;;;;;;,11,6,,,,,00-0023436;00-0027694;00-0031257;00-0032053;00-0031330;00-0032760;00-0030404;00-0033529;00-0024221;00-0027857;00-0031941,Alex Smith;Shawn Lauvao;Paul Richardson;Brandon Scherff;Morgan Moses;Josh Doctson;Chris Thompson;Chase Roullier;Vernon Davis;Trent Williams;Jamison Crowder,00-0029585;00-0027686;00-0032761;00-0031261;00-0027943;00-0024421;00-0030484;00-0028278;00-0033890;00-0030380;00-0031366,Chandler Jones;Corey Peters;Robert Nkemdiche;Tre Boston;Patrick Peterson;Antoine Bethea;Jamar Taylor;Josh Bynes;Budda Baker;Benson Mayowa;Deone Bucannon
2018_01_WAS_ARI,1682,pass,-7.0,17.0,24.0,8.0,0:37,0:29,,0.0,14.0,1.0,10.0,"4 DL, 2 LB, 5 DB",;;;;;;;;;;,11,5,4,,,,00-0023436;00-0027694;00-0031257;00-0032053;00-0030472;00-0031330;00-0032760;00-0030404;00-0033529;00-0027857;00-0031941,Alex Smith;Shawn Lauvao;Paul Richardson;Brandon Scherff;Jordan Reed;Morgan Moses;Josh Doctson;Chris Thompson;Chase Roullier;Trent Williams;Jamison Crowder,00-0029585;00-0027686;00-0032761;00-0031261;00-0027943;00-0024421;00-0030484;00-0028278;00-0033890;00-0030380;00-0031366,Chandler Jones;Corey Peters;Robert Nkemdiche;Tre Boston;Patrick Peterson;Antoine Bethea;Jamar Taylor;Josh Bynes;Budda Baker;Benson Mayowa;Deone Bucannon
2018_01_WAS_ARI,1722,pass,8.0,12.0,4.0,8.0,0:29,0:21,,0.0,14.0,1.0,10.0,"4 DL, 2 LB, 5 DB",;;;;;;;;;;,11,6,4,ZONE_COVERAGE,COVER_4,True,00-0023436;00-0027694;00-0031257;00-0032053;00-0030472;00-0031330;00-0032760;00-0030404;00-0033529;00-0027857;00-0031941,Alex Smith;Shawn Lauvao;Paul Richardson;Brandon Scherff;Jordan Reed;Morgan Moses;Josh Doctson;Chris Thompson;Chase Roullier;Trent Williams;Jamison Crowder,00-0029585;00-0027686;00-0032761;00-0031261;00-0027943;00-0024421;00-0030484;00-0028278;00-0033890;00-0030380;00-0031366,Chandler Jones;Corey Peters;Robert Nkemdiche;Tre Boston;Patrick Peterson;Antoine Bethea;Jamar Taylor;Josh Bynes;Budda Baker;Benson Mayowa;Deone Bucannon
2018_01_WAS_ARI,1751,pass,0.0,4.0,4.0,9.0,0:21,0:12,,0.0,14.0,2.0,2.0,"4 DL, 2 LB, 5 DB",;;;;;;;;;;,11,5,5,,,,00-0023436;00-0027694;00-0031257;00-0032053;00-0030472;00-0031330;00-0032760;00-0030404;00-0033529;00-0027857;00-0031941,Alex Smith;Shawn Lauvao;Paul Richardson;Brandon Scherff;Jordan Reed;Morgan Moses;Josh Doctson;Chris Thompson;Chase Roullier;Trent Williams;Jamison Crowder,00-0029585;00-0027686;00-0032761;00-0031261;00-0027943;00-0024421;00-0030484;00-0028278;00-0033890;00-0030380;00-0031366,Chandler Jones;Corey Peters;Robert Nkemdiche;Tre Boston;Patrick Peterson;Antoine Bethea;Jamar Taylor;Josh Bynes;Budda Baker;Benson Mayowa;Deone Bucannon
2018_01_WAS_ARI,1772,pass,4.0,4.0,0.0,4.0,0:12,0:08,,0.0,20.0,3.0,2.0,"4 DL, 2 LB, 5 DB",;;;;;;;;;;,11,7,5,MAN_COVERAGE,COVER_1,False,00-0023436;00-0027694;00-0031257;00-0032053;00-0030472;00-0031330;00-0032760;00-0030404;00-0033529;00-0027857;00-0031941,Alex Smith;Shawn Lauvao;Paul Richardson;Brandon Scherff;Jordan Reed;Morgan Moses;Josh Doctson;Chris Thompson;Chase Roullier;Trent Williams;Jamison Crowder,00-0029585;00-0027686;00-0031261;00-0027943;00-0024421;00-0030484;00-0032131;00-0028278;00-0033890;00-0030380;00-0031366,Chandler Jones;Corey Peters;Tre Boston;Patrick Peterson;Antoine Bethea;Jamar Taylor;Rodney Gunter;Josh Bynes;Budda Baker;Benson Mayowa;Deone Bucannon
2018_01_WAS_ARI,1800,extra_point,0.0,15.0,15.0,0.0,0:08,0:08,,0.0,21.0,,0.0,,;;;;;;;;;;,11,,,,,,00-0027694;00-0032053;00-0029709;00-0031330;00-0030140;00-0032781;00-0026714;00-0033529;00-0029699;00-0033528;00-0030098,Shawn Lauvao;Brandon Scherff;Ty Nsekhe;Morgan Moses;Tress Way;Matthew Ioannidis;Nick Sundberg;Chase Roullier;Tony Bergstrom;Jeremy Sprinkle;Dustin Hopkins,00-0029585;00-0031262;00-0032761;00-0027686;00-0027943;00-0034473;00-0033792;00-0030385;00-0032131;00-0028278;00-0033890,Chandler Jones;Bene' Benwikere;Robert Nkemdiche;Corey Peters;Patrick Peterson;Dennis Gardeck;Rudy Ford;Gerald Hodges;Rodney Gunter;Josh Bynes;Budda Baker
2018_01_WAS_ARI,1831,kickoff,0.0,35.0,35.0,0.0,0:08,0:08,,0.0,21.0,,0.0,,;;;;;;;;;;,11,,,,,,00-0031844;00-0034336;00-0034337;00-0031728;00-0033527;00-0034334;00-0033525;00-0034071;00-0030098;00-0033918;00-0033532,Deshazor Everett;Shaun Dion Hamilton;Greg Stroman;Zach Vigil;Montae Nicholson;Troy Apke;Ryan Anderson;Danny Johnson;Dustin Hopkins;Fabian Moreau;Josh Harvey-Clemons,00-0034681;00-0034490;00-0031262;00-0029112;00-0029068;00-0032769;00-0034473;00-0033875;00-0033792;00-0030385;00-0031884,Chase Edmonds;Ezekiel Turner;Bene' Benwikere;Jacquies Smith;Derrick Coleman;Brandon Williams;Dennis Gardeck;Haason Reddick;Rudy Ford;Gerald Hodges;Gabe Holmes
2018_01_WAS_ARI,1846,qb_kneel,-1.0,75.0,76.0,8.0,0:08,0:00,,0.0,21.0,1.0,10.0,"2 DL, 4 LB, 5 DB",;;;;;;;;;;,11,6,,,,,00-0027854;00-0030585;00-0034785;00-0026982;00-0029068;00-0032222;00-0033611;00-0031884;00-0022921;00-0032187;00-0027869,Sam Bradford;Justin Pugh;Mason Cole;Andre Smith;Derrick Coleman;D.J. Humphries;Ricky Seals-Jones;Gabe Holmes;Larry Fitzgerald;David Johnson;Mike Iupati,00-0030566;00-0032007;00-0029566;00-0034333;00-0028103;00-0032781;00-0027954;00-0033527;00-0028022;00-0029285;00-0033918,D.J. Swearinger;Quinton Dunbar;Zach Brown;Daron Payne;Pernell McPhee;Matthew Ioannidis;Ryan Kerrigan;Montae Nicholson;Mason Foster;Josh Norman;Fabian Moreau
2018_01_WAS_ARI,1867,start_quarter_3,,,,0.0,0:00,0:00,,0.0,21.0,,0.0,,,0,,,,,,,,,
2018_01_WAS_ARI,1884,kickoff,0.0,35.0,35.0,0.0,15:00,15:00,,0.0,21.0,,0.0,,;;;;;;;;;;,11,,,,,,00-0031844;00-0034336;00-0034337;00-0031728;00-0033527;00-0034334;00-0033525;00-0034071;00-0030098;00-0033918;00-0033532,Deshazor Everett;Shaun Dion Hamilton;Greg Stroman;Zach Vigil;Montae Nicholson;Troy Apke;Ryan Anderson;Danny Johnson;Dustin Hopkins;Fabian Moreau;Josh Harvey-Clemons,00-0034681;00-0034490;00-0031262;00-0029112;00-0029068;00-0032769;00-0034473;00-0033875;00-0033792;00-0030385;00-0031884,Chase Edmonds;Ezekiel Turner;Bene' Benwikere;Jacquies Smith;Derrick Coleman;Brandon Williams;Dennis Gardeck;Haason Reddick;Rudy Ford;Gerald Hodges;Gabe Holmes
2018_01_WAS_ARI,1899,pass,27.0,75.0,48.0,34.0,15:00,14:26,,0.0,21.0,1.0,10.0,"2 DL, 4 LB, 5 DB",;;;;;;;;;;,11,6,5,ZONE_COVERAGE,COVER_3,True,00-0027854;00-0030585;00-0034785;00-0033933;00-0026982;00-0034775;00-0032222;00-0033611;00-0022921;00-0032187;00-0027869,Sam Bradford;Justin Pugh;Mason Cole;Chad Williams;Andre Smith;Christian Kirk;D.J. Humphries;Ricky Seals-Jones;Larry Fitzgerald;David Johnson;Mike Iupati,00-0030566;00-0029566;00-0032007;00-0034333;00-0032781;00-0027954;00-0033527;00-0031935;00-0028022;00-0029285;00-0033918,D.J. Swearinger;Zach Brown;Quinton Dunbar;Daron Payne;Matthew Ioannidis;Ryan Kerrigan;Montae Nicholson;Preston Smith;Mason Foster;Josh Norman;Fabian Moreau
2018_01_WAS_ARI,1923,run,1.0,48.0,47.0,42.0,14:26,13:44,,0.0,21.0,1.0,10.0,"3 DL, 4 LB, 4 DB",;;;;;;;;;;,11,7,,,,,00-0027854;00-0030585;00-0034785;00-0033933;00-0026982;00-0029068;00-0032222;00-0022921;00-0031884;00-0032187;00-0027869,Sam Bradford;Justin Pugh;Mason Cole;Chad Williams;Andre Smith;Derrick Coleman;D.J. Humphries;Larry Fitzgerald;Gabe Holmes;David Johnson;Mike Iupati,00-0030566;00-0032007;00-0029566;00-0034333;00-0032781;00-0027954;00-0033527;00-0031935;00-0033523;00-0028022;00-0029285,D.J. Swearinger;Quinton Dunbar;Zach Brown;Daron Payne;Matthew Ioannidis;Ryan Kerrigan;Montae Nicholson;Preston Smith;Jonathan Allen;Mason Foster;Josh Norman
2018_01_WAS_ARI,1944,pass,6.0,47.0,41.0,41.0,13:44,13:03,,0.0,21.0,2.0,9.0,"2 DL, 4 LB, 5 DB",;;;;;;;;;;,11,6,4,ZONE_COVERAGE,COVER_6,False,00-0027854;00-0030585;00-0034785;00-0033933;00-0026982;00-0034775;00-0032222;00-0033611;00-0022921;00-0032187;00-0027869,Sam Bradford;Justin Pugh;Mason Cole;Chad Williams;Andre Smith;Christian Kirk;D.J. Humphries;Ricky Seals-Jones;Larry Fitzgerald;David Johnson;Mike Iupati,00-0030566;00-0032007;00-0029566;00-0032781;00-0027954;00-0033527;00-0031935;00-0033523;00-0028022;00-0029285;00-0033918,D.J. Swearinger;Quinton Dunbar;Zach Brown;Matthew Ioannidis;Ryan Kerrigan;Montae Nicholson;Preston Smith;Jonathan Allen;Mason Foster;Josh Norman;Fabian Moreau
2018_01_WAS_ARI,1968,pass,0.0,41.0,41.0,4.0,13:03,12:59,,0.0,21.0,3.0,3.0,"2 DL, 4 LB, 5 DB",;;;;;;;;;;,11,6,4,ZONE_COVERAGE,COVER_3,True,00-0027854;00-0030585;00-0034785;00-0033933;00-0026982;00-0034775;00-0032222;00-0033611;00-0022921;00-0032187;00-0027869,Sam Bradford;Justin Pugh;Mason Cole;Chad Williams;Andre Smith;Christian Kirk;D.J. Humphries;Ricky Seals-Jones;Larry Fitzgerald;David Johnson;Mike Iupati,00-0030566;00-0032007;00-0032781;00-0027954;00-0033527;00-0031935;00-0033523;00-0028022;00-0029285;00-0033918;00-0033532,D.J. Swearinger;Quinton Dunbar;Matthew Ioannidis;Ryan Kerrigan;Montae Nicholson;Preston Smith;Jonathan Allen;Mason Foster;Josh Norman;Fabian Moreau;Josh Harvey-Clemons
2018_01_WAS_ARI,1990,punt,0.0,41.0,41.0,7.0,12:59,12:52,,0.0,21.0,4.0,3.0,,;;;;;;;;;;,11,,,,,,00-0034490;00-0022824;00-0031262;00-0028946;00-0029068;00-0032769;00-0034473;00-0033875;00-0033792;00-0030385;00-0028278,Ezekiel Turner;Andy Lee;Bene' Benwikere;Aaron Brewer;Derrick Coleman;Brandon Williams;Dennis Gardeck;Haason Reddick;Rudy Ford;Gerald Hodges;Josh Bynes,00-0027008;00-0031844;00-0034339;00-0034336;00-0032781;00-0031728;00-0033528;00-0034334;00-0034071;00-0033532;00-0033918,Ziggy Hood;Deshazor Everett;Trey Quinn;Shaun Dion Hamilton;Matthew Ioannidis;Zach Vigil;Jeremy Sprinkle;Troy Apke;Danny Johnson;Josh Harvey-Clemons;Fabian Moreau
2018_01_WAS_ARI,2030,run,-4.0,92.0,96.0,22.0,12:52,12:30,,0.0,21.0,1.0,10.0,"4 DL, 2 LB, 5 DB",;;;;;;;;;;,11,7,,,,,00-0023436;00-0027694;00-0031257;00-0032053;00-0031330;00-0032760;00-0033529;00-0024221;00-0027857;00-0031941;00-0025394,Alex Smith;Shawn Lauvao;Paul Richardson;Brandon Scherff;Morgan Moses;Josh Doctson;Chase Roullier;Vernon Davis;Trent Williams;Jamison Crowder;Adrian Peterson,00-0029585;00-0027686;00-0032761;00-0031261;00-0027943;00-0024421;00-0030484;00-0028278;00-0033890;00-0030380;00-0031366,Chandler Jones;Corey Peters;Robert Nkemdiche;Tre Boston;Patrick Peterson;Antoine Bethea;Jamar Taylor;Josh Bynes;Budda Baker;Benson Mayowa;Deone Bucannon
2018_01_WAS_ARI,2062,pass,0.0,96.0,96.0,5.0,12:30,12:25,,0.0,21.0,2.0,14.0,"4 DL, 2 LB, 5 DB",;;;;;;;;;;,11,6,4,ZONE_COVERAGE,COVER_4,False,00-0023436;00-0027694;00-0031257;00-0032053;00-0031330;00-0032760;00-0033529;00-0024221;00-0027857;00-0031941;00-0025394,Alex Smith;Shawn Lauvao;Paul Richardson;Brandon Scherff;Morgan Moses;Josh Doctson;Chase Roullier;Vernon Davis;Trent Williams;Jamison Crowder;Adrian Peterson,00-0029585;00-0027686;00-0032761;00-0031261;00-0027943;00-0024421;00-0030484;00-0028278;00-0033890;00-0030380;00-0031366,Chandler Jones;Corey Peters;Robert Nkemdiche;Tre Boston;Patrick Peterson;Antoine Bethea;Jamar Taylor;Josh Bynes;Budda Baker;Benson Mayowa;Deone Bucannon
2018_01_WAS_ARI,2084,pass,0.0,96.0,96.0,5.0,12:25,12:20,,0.0,21.0,3.0,14.0,"4 DL, 2 LB, 5 DB",;;;;;;;;;;,11,8,4,ZONE_COVERAGE,COVER_3,True,00-0023436;00-0027694;00-0031257;00-0032053;00-0031330;00-0032760;00-0030404;00-0033529;00-0024221;00-0027857;00-0033528,Alex Smith;Shawn Lauvao;Paul Richardson;Brandon Scherff;Morgan Moses;Josh Doctson;Chris Thompson;Chase Roullier;Vernon Davis;Trent Williams;Jeremy Sprinkle,00-0029585;00-0027686;00-0032761;00-0031261;00-0027943;00-0033875;00-0024421;00-0030484;00-0033890;00-0030380;00-0031366,Chandler Jones;Corey Peters;Robert Nkemdiche;Tre Boston;Patrick Peterson;Haason Reddick;Antoine Bethea;Jamar Taylor;Budda Baker;Benson Mayowa;Deone Bucannon
2018_01_WAS_ARI,2106,punt,0.0,96.0,96.0,13.0,12:20,12:07,,0.0,21.0,4.0,14.0,,;;;;;;;;;;,11,,,,,,00-0031844;00-0030140;00-0034336;00-0031728;00-0026714;00-0028022;00-0034334;00-0032371;00-0033525;00-0034071;00-0033532,Deshazor Everett;Tress Way;Shaun Dion Hamilton;Zach Vigil;Nick Sundberg;Mason Foster;Troy Apke;Rob Kelley;Ryan Anderson;Danny Johnson;Josh Harvey-Clemons,00-0034490;00-0031262;00-0034775;00-0029112;00-0031261;00-0029068;00-0032769;00-0034473;00-0033792;00-0030385;00-0034487,Ezekiel Turner;Bene' Benwikere;Christian Kirk;Jacquies Smith;Tre Boston;Derrick Coleman;Brandon Williams;Dennis Gardeck;Rudy Ford;Gerald Hodges;Trent Sherfield
2018_01_WAS_ARI,2159,run,4.0,69.0,65.0,38.0,12:07,11:29,,0.0,21.0,1.0,10.0,"3 DL, 4 LB, 4 DB",;;;;;;;;;;,11,8,,,,,00-0027854;00-0034681;00-0030585;00-0034785;00-0033933;00-0026982;00-0032222;00-0033611;00-0031884;00-0022921;00-0027869,Sam Bradford;Chase Edmonds;Justin Pugh;Mason Cole;Chad Williams;Andre Smith;D.J. Humphries;Ricky Seals-Jones;Gabe Holmes;Larry Fitzgerald;Mike Iupati,00-0034397;00-0030566;00-0027008;00-0032007;00-0029566;00-0034333;00-0027954;00-0033527;00-0031935;00-0028022;00-0029285,Tim Settle;D.J. Swearinger;Ziggy Hood;Quinton Dunbar;Zach Brown;Daron Payne;Ryan Kerrigan;Montae Nicholson;Preston Smith;Mason Foster;Josh Norman
2018_01_WAS_ARI,2180,pass,0.0,65.0,65.0,5.0,11:29,11:24,,0.0,21.0,2.0,6.0,"2 DL, 4 LB, 5 DB",;;;;;;;;;;,11,6,4,ZONE_COVERAGE,COVER_3,False,00-0027854;00-0034681;00-0030585;00-0034785;00-0033933;00-0026982;00-0034775;00-0032222;00-0033611;00-0022921;00-0027869,Sam Bradford;Chase Edmonds;Justin Pugh;Mason Cole;Chad Williams;Andre Smith;Christian Kirk;D.J. Humphries;Ricky Seals-Jones;Larry Fitzgerald;Mike Iupati,00-0030566;00-0027008;00-0032007;00-0029566;00-0034333;00-0027954;00-0033527;00-0031935;00-0028022;00-0029285;00-0033918,D.J. Swearinger;Ziggy Hood;Quinton Dunbar;Zach Brown;Daron Payne;Ryan Kerrigan;Montae Nicholson;Preston Smith;Mason Foster;Josh Norman;Fabian Moreau
2018_01_WAS_ARI,2202,no_play,0.0,65.0,65.0,0.0,11:24,11:24,,0.0,21.0,3.0,6.0,"2 DL, 4 LB, 5 DB",;;;;;;;;;;,11,,,,,,00-0027854;00-0034681;00-0030585;00-0034785;00-0033933;00-0026982;00-0034775;00-0032222;00-0033611;00-0022921;00-0027869,Sam Bradford;Chase Edmonds;Justin Pugh;Mason Cole;Chad Williams;Andre Smith;Christian Kirk;D.J. Humphries;Ricky Seals-Jones;Larry Fitzgerald;Mike Iupati,00-0030566;00-0032007;00-0027008;00-0034333;00-0027954;00-0031935;00-0033527;00-0028022;00-0029285;00-0033918;00-0033532,D.J. Swearinger;Quinton Dunbar;Ziggy Hood;Daron Payne;Ryan Kerrigan;Preston Smith;Montae Nicholson;Mason Foster;Josh Norman;Fabian Moreau;Josh Harvey-Clemons
2018_01_WAS_ARI,2225,pass,0.0,70.0,70.0,6.0,11:24,11:18,,0.0,21.0,3.0,11.0,"2 DL, 4 LB, 5 DB",;;;;;;;;;;,11,5,4,ZONE_COVERAGE,COVER_3,True,00-0027854;00-0034681;00-0030585;00-0034785;00-0033933;00-0026982;00-0034775;00-0032222;00-0033611;00-0022921;00-0027869,Sam Bradford;Chase Edmonds;Justin Pugh;Mason Cole;Chad Williams;Andre Smith;Christian Kirk;D.J. Humphries;Ricky Seals-Jones;Larry Fitzgerald;Mike Iupati,00-0030566;00-0027008;00-0032007;00-0034333;00-0027954;00-0033527;00-0031935;00-0028022;00-0029285;00-0033918;00-0033532,D.J. Swearinger;Ziggy Hood;Quinton Dunbar;Daron Payne;Ryan Kerrigan;Montae Nicholson;Preston Smith;Mason Foster;Josh Norman;Fabian Moreau;Josh Harvey-Clemons
2018_01_WAS_ARI,2247,punt,0.0,70.0,70.0,11.0,11:18,11:07,,0.0,21.0,4.0,11.0,,;;;;;;;;;;,11,,,,,,00-0034490;00-0022824;00-0031262;00-0028946;00-0029068;00-0032769;00-0034473;00-0033875;00-0033792;00-0030385;00-0028278,Ezekiel Turner;Andy Lee;Bene' Benwikere;Aaron Brewer;Derrick Coleman;Brandon Williams;Dennis Gardeck;Haason Reddick;Rudy Ford;Gerald Hodges;Josh Bynes,00-0031844;00-0034339;00-0034336;00-0034337;00-0031728;00-0033528;00-0034334;00-0032371;00-0034071;00-0033918;00-0033532,Deshazor Everett;Trey Quinn;Shaun Dion Hamilton;Greg Stroman;Zach Vigil;Jeremy Sprinkle;Troy Apke;Rob Kelley;Danny Johnson;Fabian Moreau;Josh Harvey-Clemons
2018_01_WAS_ARI,2294,run,3.0,92.0,89.0,43.0,11:07,10:24,,0.0,21.0,1.0,10.0,"4 DL, 2 LB, 5 DB",;;;;;;;;;;,11,7,,,,,00-0023436;00-0027694;00-0031257;00-0032053;00-0030472;00-0031330;00-0032760;00-0033529;00-0027857;00-0033528;00-0025394,Alex Smith;Shawn Lauvao;Paul Richardson;Brandon Scherff;Jordan Reed;Morgan Moses;Josh Doctson;Chase Roullier;Trent Williams;Jeremy Sprinkle;Adrian Peterson,00-0029585;00-0027686;00-0032761;00-0031261;00-0027943;00-0024421;00-0030484;00-0028278;00-0033890;00-0030380;00-0031366,Chandler Jones;Corey Peters;Robert Nkemdiche;Tre Boston;Patrick Peterson;Antoine Bethea;Jamar Taylor;Josh Bynes;Budda Baker;Benson Mayowa;Deone Bucannon
2018_01_WAS_ARI,2319,pass,11.0,89.0,78.0,14.0,10:24,10:10,,0.0,21.0,2.0,7.0,"4 DL, 2 LB, 5 DB",;;;;;;;;;;,11,8,5,ZONE_COVERAGE,COVER_3,True,00-0023436;00-0027694;00-0031257;00-0030472;00-0032053;00-0031330;00-0032760;00-0033529;00-0027857;00-0033528;00-0025394,Alex Smith;Shawn Lauvao;Paul Richardson;Jordan Reed;Brandon Scherff;Morgan Moses;Josh Doctson;Chase Roullier;Trent Williams;Jeremy Sprinkle;Adrian Peterson,00-0029585;00-0027686;00-0032761;00-0031261;00-0027943;00-0024421;00-0030484;00-0028278;00-0033890;00-0030380;00-0031366,Chandler Jones;Corey Peters;Robert Nkemdiche;Tre Boston;Patrick Peterson;Antoine Bethea;Jamar Taylor;Josh Bynes;Budda Baker;Benson Mayowa;Deone Bucannon
2018_01_WAS_ARI,2354,run,1.0,78.0,77.0,46.0,10:10,9:24,,0.0,21.0,1.0,10.0,"4 DL, 2 LB, 5 DB",;;;;;;;;;;,11,7,,,,,00-0023436;00-0027694;00-0031257;00-0032053;00-0031330;00-0032760;00-0033529;00-0024221;00-0027857;00-0033528;00-0025394,Alex Smith;Shawn Lauvao;Paul Richardson;Brandon Scherff;Morgan Moses;Josh Doctson;Chase Roullier;Vernon Davis;Trent Williams;Jeremy Sprinkle;Adrian Peterson,00-0029585;00-0027686;00-0032761;00-0031261;00-0027943;00-0024421;00-0030484;00-0028278;00-0033890;00-0030380;00-0031366,Chandler Jones;Corey Peters;Robert Nkemdiche;Tre Boston;Patrick Peterson;Antoine Bethea;Jamar Taylor;Josh Bynes;Budda Baker;Benson Mayowa;Deone Bucannon
2018_01_WAS_ARI,2375,pass,0.0,77.0,77.0,5.0,9:24,9:19,,0.0,21.0,2.0,9.0,"4 DL, 2 LB, 5 DB",;;;;;;;;;;,11,7,7,MAN_COVERAGE,COVER_1,True,00-0023436;00-0027694;00-0031257;00-0032053;00-0031330;00-0032760;00-0033529;00-0024221;00-0027857;00-0033528;00-0025394,Alex Smith;Shawn Lauvao;Paul Richardson;Brandon Scherff;Morgan Moses;Josh Doctson;Chase Roullier;Vernon Davis;Trent Williams;Jeremy Sprinkle;Adrian Peterson,00-0029585;00-0027686;00-0032761;00-0031261;00-0027943;00-0024421;00-0030484;00-0028278;00-0033890;00-0030380;00-0031366,Chandler Jones;Corey Peters;Robert Nkemdiche;Tre Boston;Patrick Peterson;Antoine Bethea;Jamar Taylor;Josh Bynes;Budda Baker;Benson Mayowa;Deone Bucannon
2018_01_WAS_ARI,2397,no_play,0.0,77.0,77.0,7.0,9:19,9:12,,0.0,21.0,3.0,9.0,"3 DL, 2 LB, 6 DB",;;;;;;;;;;,11,6,,,,,00-0023436;00-0027694;00-0031257;00-0032053;00-0030472;00-0031330;00-0032760;00-0030404;00-0033529;00-0027857;00-0031941,Alex Smith;Shawn Lauvao;Paul Richardson;Brandon Scherff;Jordan Reed;Morgan Moses;Josh Doctson;Chris Thompson;Chase Roullier;Trent Williams;Jamison Crowder,00-0029585;00-0031262;00-0027686;00-0031261;00-0027943;00-0033875;00-0024421;00-0030484;00-0033890;00-0030380;00-0031366,Chandler Jones;Bene' Benwikere;Corey Peters;Tre Boston;Patrick Peterson;Haason Reddick;Antoine Bethea;Jamar Taylor;Budda Baker;Benson Mayowa;Deone Bucannon
2018_01_WAS_ARI,2430,pass,0.0,72.0,72.0,8.0,9:12,9:04,,0.0,21.0,1.0,10.0,"4 DL, 2 LB, 5 DB",;;;;;;;;;;,11,8,5,ZONE_COVERAGE,COVER_3,True,00-0023436;00-0027694;00-0030472;00-0032053;00-0031330;00-0032760;00-0033529;00-0024221;00-0027857;00-0033528;00-0025394,Alex Smith;Shawn Lauvao;Jordan Reed;Brandon Scherff;Morgan Moses;Josh Doctson;Chase Roullier;Vernon Davis;Trent Williams;Jeremy Sprinkle;Adrian Peterson,00-0030871;00-0029112;00-0031261;00-0031081;00-0027943;00-0024421;00-0030484;00-0032131;00-0028278;00-0033890;00-0031366,Garrison Smith;Jacquies Smith;Tre Boston;Zach Moore;Patrick Peterson;Antoine Bethea;Jamar Taylor;Rodney Gunter;Josh Bynes;Budda Baker;Deone Bucannon
2018_01_WAS_ARI,2452,run,1.0,72.0,71.0,22.0,9:04,8:42,,0.0,21.0,2.0,10.0,"4 DL, 2 LB, 5 DB",;;;;;;;;;;,11,8,,,,,00-0023436;00-0027694;00-0032053;00-0030472;00-0031330;00-0032760;00-0033529;00-0024221;00-0027857;00-0033528;00-0025394,Alex Smith;Shawn Lauvao;Brandon Scherff;Jordan Reed;Morgan Moses;Josh Doctson;Chase Roullier;Vernon Davis;Trent Williams;Jeremy Sprinkle;Adrian Peterson,00-0030871;00-0029112;00-0031261;00-0031081;00-0027943;00-0024421;00-0030484;00-0032131;00-0028278;00-0033890;00-0031366,Garrison Smith;Jacquies Smith;Tre Boston;Zach Moore;Patrick Peterson;Antoine Bethea;Jamar Taylor;Rodney Gunter;Josh Bynes;Budda Baker;Deone Bucannon
2018_01_WAS_ARI,2484,no_play,0.0,66.0,66.0,33.0,8:42,8:09,,0.0,21.0,1.0,10.0,"4 DL, 2 LB, 5 DB",;;;;;;;;;;,11,7,,,,,00-0023436;00-0027694;00-0031257;00-0032053;00-0031330;00-0032760;00-0033529;00-0024221;00-0027857;00-0031941;00-0025394,Alex Smith;Shawn Lauvao;Paul Richardson;Brandon Scherff;Morgan Moses;Josh Doctson;Chase Roullier;Vernon Davis;Trent Williams;Jamison Crowder;Adrian Peterson,00-0030871;00-0029112;00-0031261;00-0031081;00-0027943;00-0024421;00-0030484;00-0032131;00-0028278;00-0033890;00-0031366,Garrison Smith;Jacquies Smith;Tre Boston;Zach Moore;Patrick Peterson;Antoine Bethea;Jamar Taylor;Rodney Gunter;Josh Bynes;Budda Baker;Deone Bucannon
2018_01_WAS_ARI,2516,run,17.0,76.0,59.0,47.0,8:09,7:22,,0.0,21.0,1.0,20.0,"4 DL, 2 LB, 5 DB",;;;;;;;;;;,11,6,,,,,00-0023436;00-0027694;00-0031257;00-0032053;00-0031330;00-0032760;00-0033529;00-0024221;00-0027857;00-0031941;00-0025394,Alex Smith;Shawn Lauvao;Paul Richardson;Brandon Scherff;Morgan Moses;Josh Doctson;Chase Roullier;Vernon Davis;Trent Williams;Jamison Crowder;Adrian Peterson,00-0030871;00-0029112;00-0031261;00-0031081;00-0027943;00-0024421;00-0030484;00-0032131;00-0028278;00-0033890;00-0031366,Garrison Smith;Jacquies Smith;Tre Boston;Zach Moore;Patrick Peterson;Antoine Bethea;Jamar Taylor;Rodney Gunter;Josh Bynes;Budda Baker;Deone Bucannon
2018_01_WAS_ARI,2537,run,15.0,59.0,44.0,41.0,7:22,6:41,,0.0,21.0,2.0,3.0,"4 DL, 2 LB, 5 DB",;;;;;;;;;;,11,7,,,,,00-0023436;00-0027694;00-0031257;00-0032053;00-0030472;00-0031330;00-0032760;00-0030404;00-0033529;00-0027857;00-0031941,Alex Smith;Shawn Lauvao;Paul Richardson;Brandon Scherff;Jordan Reed;Morgan Moses;Josh Doctson;Chris Thompson;Chase Roullier;Trent Williams;Jamison Crowder,00-0030871;00-0029112;00-0031261;00-0031081;00-0027943;00-0024421;00-0030484;00-0032131;00-0028278;00-0033890;00-0031366,Garrison Smith;Jacquies Smith;Tre Boston;Zach Moore;Patrick Peterson;Antoine Bethea;Jamar Taylor;Rodney Gunter;Josh Bynes;Budda Baker;Deone Bucannon
2018_01_WAS_ARI,2558,run,1.0,44.0,43.0,28.0,6:41,6:13,,0.0,21.0,1.0,10.0,"4 DL, 2 LB, 5 DB",;;;;;;;;;;,11,8,,,,,00-0023436;00-0027694;00-0032053;00-0030472;00-0031330;00-0033529;00-0024221;00-0027857;00-0032371;00-0033528;00-0031941,Alex Smith;Shawn Lauvao;Brandon Scherff;Jordan Reed;Morgan Moses;Chase Roullier;Vernon Davis;Trent Williams;Rob Kelley;Jeremy Sprinkle;Jamison Crowder,00-0029585;00-0027686;00-0032761;00-0031261;00-0027943;00-0024421;00-0030484;00-0028278;00-0033890;00-0030380;00-0031366,Chandler Jones;Corey Peters;Robert Nkemdiche;Tre Boston;Patrick Peterson;Antoine Bethea;Jamar Taylor;Josh Bynes;Budda Baker;Benson Mayowa;Deone Bucannon
2018_01_WAS_ARI,2590,pass,-1.0,53.0,54.0,38.0,6:13,5:35,,0.0,21.0,1.0,19.0,"4 DL, 2 LB, 5 DB",;;;;;;;;;;,11,6,4,,,,00-0023436;00-0027694;00-0031257;00-0032053;00-0031330;00-0032760;00-0033529;00-0024221;00-0027857;00-0032371;00-0031941,Alex Smith;Shawn Lauvao;Paul Richardson;Brandon Scherff;Morgan Moses;Josh Doctson;Chase Roullier;Vernon Davis;Trent Williams;Rob Kelley;Jamison Crowder,00-0029585;00-0027686;00-0032761;00-0031261;00-0027943;00-0024421;00-0030484;00-0028278;00-0033890;00-0030380;00-0031366,Chandler Jones;Corey Peters;Robert Nkemdiche;Tre Boston;Patrick Peterson;Antoine Bethea;Jamar Taylor;Josh Bynes;Budda Baker;Benson Mayowa;Deone Bucannon
2018_01_WAS_ARI,2618,pass,4.0,54.0,50.0,34.0,5:35,5:01,,0.0,21.0,2.0,20.0,"4 DL, 2 LB, 5 DB",;;;;;;;;;;,11,6,4,ZONE_COVERAGE,COVER_3,True,00-0023436;00-0027694;00-0031257;00-0032053;00-0030472;00-0031330;00-0032760;00-0030404;00-0033529;00-0027857;00-0031941,Alex Smith;Shawn Lauvao;Paul Richardson;Brandon Scherff;Jordan Reed;Morgan Moses;Josh Doctson;Chris Thompson;Chase Roullier;Trent Williams;Jamison Crowder,00-0029585;00-0027686;00-0032761;00-0031261;00-0027943;00-0024421;00-0030484;00-0028278;00-0033890;00-0030380;00-0031366,Chandler Jones;Corey Peters;Robert Nkemdiche;Tre Boston;Patrick Peterson;Antoine Bethea;Jamar Taylor;Josh Bynes;Budda Baker;Benson Mayowa;Deone Bucannon
2018_01_WAS_ARI,2642,run,1.0,50.0,49.0,34.0,5:01,4:27,,0.0,21.0,3.0,16.0,"4 DL, 2 LB, 5 DB",;;;;;;;;;;,11,6,5,,,,00-0023436;00-0027694;00-0031257;00-0032053;00-0030472;00-0031330;00-0032760;00-0030404;00-0033529;00-0027857;00-0031941,Alex Smith;Shawn Lauvao;Paul Richardson;Brandon Scherff;Jordan Reed;Morgan Moses;Josh Doctson;Chris Thompson;Chase Roullier;Trent Williams;Jamison Crowder,00-0029585;00-0027686;00-0032761;00-0031261;00-0027943;00-0033875;00-0024421;00-0030484;00-0033890;00-0030380;00-0031366,Chandler Jones;Corey Peters;Robert Nkemdiche;Tre Boston;Patrick Peterson;Haason Reddick;Antoine Bethea;Jamar Taylor;Budda Baker;Benson Mayowa;Deone Bucannon
2018_01_WAS_ARI,2663,punt,0.0,49.0,49.0,6.0,4:27,4:21,,0.0,21.0,4.0,15.0,,;;;;;;;;;;,11,,,,,,00-0031844;00-0030140;00-0034336;00-0031728;00-0026714;00-0028022;00-0034334;00-0032371;00-0033525;00-0034071;00-0033532,Deshazor Everett;Tress Way;Shaun Dion Hamilton;Zach Vigil;Nick Sundberg;Mason Foster;Troy Apke;Rob Kelley;Ryan Anderson;Danny Johnson;Josh Harvey-Clemons,00-0034490;00-0031262;00-0034775;00-0029112;00-0031261;00-0029068;00-0032769;00-0034473;00-0033792;00-0030385;00-0034487,Ezekiel Turner;Bene' Benwikere;Christian Kirk;Jacquies Smith;Tre Boston;Derrick Coleman;Brandon Williams;Dennis Gardeck;Rudy Ford;Gerald Hodges;Trent Sherfield
2018_01_WAS_ARI,2699,pass,7.0,85.0,78.0,29.0,4:21,3:52,,0.0,21.0,1.0,10.0,"2 DL, 4 LB, 5 DB",;;;;;;;;;;,11,5,4,ZONE_COVERAGE,COVER_4,False,00-0027854;00-0030585;00-0034785;00-0033933;00-0026982;00-0034775;00-0032222;00-0033611;00-0022921;00-0032187;00-0027869,Sam Bradford;Justin Pugh;Mason Cole;Chad Williams;Andre Smith;Christian Kirk;D.J. Humphries;Ricky Seals-Jones;Larry Fitzgerald;David Johnson;Mike Iupati,00-0034397;00-0030566;00-0032007;00-0029566;00-0032781;00-0027954;00-0033527;00-0031935;00-0028022;00-0029285;00-0033918,Tim Settle;D.J. Swearinger;Quinton Dunbar;Zach Brown;Matthew Ioannidis;Ryan Kerrigan;Montae Nicholson;Preston Smith;Mason Foster;Josh Norman;Fabian Moreau
2018_01_WAS_ARI,2723,run,8.0,78.0,70.0,31.0,3:52,3:21,,0.0,21.0,2.0,3.0,"2 DL, 4 LB, 5 DB",;;;;;;;;;;,11,7,,,,,00-0027854;00-0030585;00-0034785;00-0033933;00-0026982;00-0034775;00-0032222;00-0033611;00-0022921;00-0032187;00-0027869,Sam Bradford;Justin Pugh;Mason Cole;Chad Williams;Andre Smith;Christian Kirk;D.J. Humphries;Ricky Seals-Jones;Larry Fitzgerald;David Johnson;Mike Iupati,00-0034397;00-0030566;00-0032007;00-0029566;00-0032781;00-0027954;00-0033527;00-0031935;00-0028022;00-0029285;00-0033918,Tim Settle;D.J. Swearinger;Quinton Dunbar;Zach Brown;Matthew Ioannidis;Ryan Kerrigan;Montae Nicholson;Preston Smith;Mason Foster;Josh Norman;Fabian Moreau
2018_01_WAS_ARI,2744,pass,0.0,70.0,70.0,7.0,3:21,3:14,,0.0,21.0,1.0,10.0,"2 DL, 4 LB, 5 DB",;;;;;;;;;;,11,6,6,MAN_COVERAGE,COVER_1,True,00-0027854;00-0030585;00-0034785;00-0033933;00-0026982;00-0034775;00-0032222;00-0033611;00-0022921;00-0032187;00-0027869,Sam Bradford;Justin Pugh;Mason Cole;Chad Williams;Andre Smith;Christian Kirk;D.J. Humphries;Ricky Seals-Jones;Larry Fitzgerald;David Johnson;Mike Iupati,00-0034397;00-0030566;00-0032007;00-0029566;00-0032781;00-0027954;00-0033527;00-0031935;00-0028022;00-0029285;00-0033918,Tim Settle;D.J. Swearinger;Quinton Dunbar;Zach Brown;Matthew Ioannidis;Ryan Kerrigan;Montae Nicholson;Preston Smith;Mason Foster;Josh Norman;Fabian Moreau
2018_01_WAS_ARI,2766,pass,27.0,70.0,43.0,41.0,3:14,2:33,,0.0,21.0,2.0,10.0,"2 DL, 4 LB, 5 DB",;;;;;;;;;;,11,6,4,ZONE_COVERAGE,COVER_3,True,00-0027854;00-0030585;00-0034785;00-0033933;00-0026982;00-0034775;00-0032222;00-0033611;00-0022921;00-0032187;00-0027869,Sam Bradford;Justin Pugh;Mason Cole;Chad Williams;Andre Smith;Christian Kirk;D.J. Humphries;Ricky Seals-Jones;Larry Fitzgerald;David Johnson;Mike Iupati,00-0030566;00-0029566;00-0032007;00-0034333;00-0027954;00-0033527;00-0031935;00-0033523;00-0028022;00-0029285;00-0033918,D.J. Swearinger;Zach Brown;Quinton Dunbar;Daron Payne;Ryan Kerrigan;Montae Nicholson;Preston Smith;Jonathan Allen;Mason Foster;Josh Norman;Fabian Moreau
2018_01_WAS_ARI,2790,pass,-4.0,43.0,47.0,30.0,2:33,2:03,,0.0,21.0,1.0,10.0,"2 DL, 4 LB, 5 DB",;;;;;;;;;;,11,6,4,,,,00-0027854;00-0030585;00-0034785;00-0033933;00-0026982;00-0034775;00-0032222;00-0033611;00-0022921;00-0032187;00-0027869,Sam Bradford;Justin Pugh;Mason Cole;Chad Williams;Andre Smith;Christian Kirk;D.J. Humphries;Ricky Seals-Jones;Larry Fitzgerald;David Johnson;Mike Iupati,00-0030566;00-0032007;00-0029566;00-0034333;00-0028103;00-0033527;00-0033523;00-0028022;00-0033525;00-0029285;00-0033918,D.J. Swearinger;Quinton Dunbar;Zach Brown;Daron Payne;Pernell McPhee;Montae Nicholson;Jonathan Allen;Mason Foster;Ryan Anderson;Josh Norman;Fabian Moreau
2018_01_WAS_ARI,2809,turnover,0.0,47.0,47.0,8.0,2:03,1:55,,0.0,21.0,2.0,14.0,"2 DL, 4 LB, 5 DB",;;;;;;;;;;,11,5,4,ZONE_COVERAGE,COVER_3,True,00-0027854;00-0030585;00-0034785;00-0033933;00-0026982;00-0034775;00-0032222;00-0033611;00-0022921;00-0032187;00-0027869,Sam Bradford;Justin Pugh;Mason Cole;Chad Williams;Andre Smith;Christian Kirk;D.J. Humphries;Ricky Seals-Jones;Larry Fitzgerald;David Johnson;Mike Iupati,00-0030566;00-0029566;00-0032007;00-0034333;00-0028103;00-0033527;00-0033523;00-0028022;00-0033525;00-0029285;00-0033918,D.J. Swearinger;Zach Brown;Quinton Dunbar;Daron Payne;Pernell McPhee;Montae Nicholson;Jonathan Allen;Mason Foster;Ryan Anderson;Josh Norman;Fabian Moreau
2018_01_WAS_ARI,2835,run,17.0,76.0,59.0,44.0,1:55,1:11,,0.0,21.0,1.0,10.0,"4 DL, 2 LB, 5 DB",;;;;;;;;;;,11,7,,,,,00-0023436;00-0027694;00-0031257;00-0032053;00-0031330;00-0032760;00-0033529;00-0024221;00-0027857;00-0033528;00-0025394,Alex Smith;Shawn Lauvao;Paul Richardson;Brandon Scherff;Morgan Moses;Josh Doctson;Chase Roullier;Vernon Davis;Trent Williams;Jeremy Sprinkle;Adrian Peterson,00-0029585;00-0032761;00-0031261;00-0031081;00-0027943;00-0024421;00-0030484;00-0032131;00-0028278;00-0033890;00-0031366,Chandler Jones;Robert Nkemdiche;Tre Boston;Zach Moore;Patrick Peterson;Antoine Bethea;Jamar Taylor;Rodney Gunter;Josh Bynes;Budda Baker;Deone Bucannon
2018_01_WAS_ARI,2856,run,16.0,59.0,43.0,37.0,1:11,0:34,,0.0,21.0,1.0,10.0,"4 DL, 2 LB, 5 DB",;;;;;;;;;;,11,6,,,,,00-0023436;00-0027694;00-0031257;00-0032053;00-0031330;00-0032760;00-0030404;00-0033529;00-0024221;00-0027857;00-0033528,Alex Smith;Shawn Lauvao;Paul Richardson;Brandon Scherff;Morgan Moses;Josh Doctson;Chris Thompson;Chase Roullier;Vernon Davis;Trent Williams;Jeremy Sprinkle,00-0029585;00-0032761;00-0031261;00-0031081;00-0027943;00-0024421;00-0030484;00-0032131;00-0028278;00-0033890;00-0031366,Chandler Jones;Robert Nkemdiche;Tre Boston;Zach Moore;Patrick Peterson;Antoine Bethea;Jamar Taylor;Rodney Gunter;Josh Bynes;Budda Baker;Deone Bucannon
2018_01_WAS_ARI,2882,run,6.0,43.0,37.0,34.0,0:34,0:00,,0.0,21.0,1.0,10.0,"4 DL, 2 LB, 5 DB",;;;;;;;;;;,11,8,,,,,00-0023436;00-0027694;00-0032053;00-0030472;00-0031330;00-0032760;00-0033529;00-0024221;00-0027857;00-0033528;00-0025394,Alex Smith;Shawn Lauvao;Brandon Scherff;Jordan Reed;Morgan Moses;Josh Doctson;Chase Roullier;Vernon Davis;Trent Williams;Jeremy Sprinkle;Adrian Peterson,00-0029585;00-0032761;00-0031261;00-0031081;00-0027943;00-0024421;00-0030484;00-0032131;00-0028278;00-0033890;00-0031366,Chandler Jones;Robert Nkemdiche;Tre Boston;Zach Moore;Patrick Peterson;Antoine Bethea;Jamar Taylor;Rodney Gunter;Josh Bynes;Budda Baker;Deone Bucannon
2018_01_WAS_ARI,2903,start_quarter_4,,,,0.0,0:00,0:00,,0.0,21.0,,0.0,,,0,,,,,,,,,
2018_01_WAS_ARI,2920,no_play,0.0,37.0,37.0,6.0,15:00,14:54,,0.0,21.0,2.0,4.0,"4 DL, 2 LB, 5 DB",;;;;;;;;;;,11,8,,,,,00-0023436;00-0027694;00-0031257;00-0032053;00-0031330;00-0032760;00-0033529;00-0024221;00-0027857;00-0033528;00-0025394,Alex Smith;Shawn Lauvao;Paul Richardson;Brandon Scherff;Morgan Moses;Josh Doctson;Chase Roullier;Vernon Davis;Trent Williams;Jeremy Sprinkle;Adrian Peterson,00-0030871;00-0029585;00-0027686;00-0031261;00-0027943;00-0024421;00-0030484;00-0028278;00-0033890;00-0030380;00-0031366,Garrison Smith;Chandler Jones;Corey Peters;Tre Boston;Patrick Peterson;Antoine Bethea;Jamar Taylor;Josh Bynes;Budda Baker;Benson Mayowa;Deone Bucannon
2018_01_WAS_ARI,2953,run,-2.0,32.0,34.0,41.0,14:54,14:13,,0.0,21.0,1.0,10.0,"4 DL, 2 LB, 5 DB",;;;;;;;;;;,11,8,,,,,00-0023436;00-0027694;00-0032053;00-0030472;00-0031330;00-0032760;00-0033529;00-0024221;00-0027857;00-0033528;00-0025394,Alex Smith;Shawn Lauvao;Brandon Scherff;Jordan Reed;Morgan Moses;Josh Doctson;Chase Roullier;Vernon Davis;Trent Williams;Jeremy Sprinkle;Adrian Peterson,00-0030871;00-0029585;00-0027686;00-0031261;00-0027943;00-0024421;00-0030484;00-0028278;00-0033890;00-0030380;00-0031366,Garrison Smith;Chandler Jones;Corey Peters;Tre Boston;Patrick Peterson;Antoine Bethea;Jamar Taylor;Josh Bynes;Budda Baker;Benson Mayowa;Deone Bucannon
2018_01_WAS_ARI,2974,pass,0.0,34.0,34.0,4.0,14:13,14:09,,0.0,21.0,2.0,12.0,"4 DL, 2 LB, 5 DB",;;;;;;;;;;,11,6,4,ZONE_COVERAGE,COVER_3,False,00-0023436;00-0027694;00-0031257;00-0032053;00-0031330;00-0032760;00-0030404;00-0033529;00-0024221;00-0027857;00-0031941,Alex Smith;Shawn Lauvao;Paul Richardson;Brandon Scherff;Morgan Moses;Josh Doctson;Chris Thompson;Chase Roullier;Vernon Davis;Trent Williams;Jamison Crowder,00-0030871;00-0029585;00-0027686;00-0031261;00-0027943;00-0024421;00-0030484;00-0028278;00-0033890;00-0030380;00-0031366,Garrison Smith;Chandler Jones;Corey Peters;Tre Boston;Patrick Peterson;Antoine Bethea;Jamar Taylor;Josh Bynes;Budda Baker;Benson Mayowa;Deone Bucannon
2018_01_WAS_ARI,2996,pass,17.0,34.0,17.0,38.0,14:09,13:31,,0.0,21.0,3.0,12.0,"4 DL, 2 LB, 5 DB",;;;;;;;;;;,11,7,5,ZONE_COVERAGE,COVER_3,True,00-0023436;00-0027694;00-0031257;00-0032053;00-0030472;00-0031330;00-0032760;00-0030404;00-0033529;00-0027857;00-0031941,Alex Smith;Shawn Lauvao;Paul Richardson;Brandon Scherff;Jordan Reed;Morgan Moses;Josh Doctson;Chris Thompson;Chase Roullier;Trent Williams;Jamison Crowder,00-0029585;00-0027686;00-0032761;00-0031261;00-0027943;00-0033875;00-0024421;00-0030484;00-0033890;00-0030380;00-0031366,Chandler Jones;Corey Peters;Robert Nkemdiche;Tre Boston;Patrick Peterson;Haason Reddick;Antoine Bethea;Jamar Taylor;Budda Baker;Benson Mayowa;Deone Bucannon
2018_01_WAS_ARI,3020,run,4.0,17.0,13.0,42.0,13:31,12:49,,0.0,21.0,1.0,10.0,"4 DL, 2 LB, 5 DB",;;;;;;;;;;,11,8,,,,,00-0023436;00-0027694;00-0031257;00-0032053;00-0030472;00-0031330;00-0032760;00-0033529;00-0027857;00-0031941;00-0025394,Alex Smith;Shawn Lauvao;Paul Richardson;Brandon Scherff;Jordan Reed;Morgan Moses;Josh Doctson;Chase Roullier;Trent Williams;Jamison Crowder;Adrian Peterson,00-0029112;00-0032761;00-0031261;00-0027943;00-0024421;00-0030484;00-0032131;00-0028278;00-0033890;00-0030380;00-0031366,Jacquies Smith;Robert Nkemdiche;Tre Boston;Patrick Peterson;Antoine Bethea;Jamar Taylor;Rodney Gunter;Josh Bynes;Budda Baker;Benson Mayowa;Deone Bucannon
2018_01_WAS_ARI,3041,run,0.0,13.0,13.0,29.0,12:49,12:20,,0.0,21.0,2.0,6.0,"4 DL, 2 LB, 5 DB",;;;;;;;;;;,11,7,,,,,00-0023436;00-0027694;00-0031257;00-0032053;00-0031330;00-0032760;00-0033529;00-0024221;00-0027857;00-0033528;00-0025394,Alex Smith;Shawn Lauvao;Paul Richardson;Brandon Scherff;Morgan Moses;Josh Doctson;Chase Roullier;Vernon Davis;Trent Williams;Jeremy Sprinkle;Adrian Peterson,00-0029112;00-0032761;00-0031261;00-0027943;00-0024421;00-0030484;00-0032131;00-0028278;00-0033890;00-0030380;00-0031366,Jacquies Smith;Robert Nkemdiche;Tre Boston;Patrick Peterson;Antoine Bethea;Jamar Taylor;Rodney Gunter;Josh Bynes;Budda Baker;Benson Mayowa;Deone Bucannon
2018_01_WAS_ARI,3067,pass,0.0,13.0,13.0,4.0,12:20,12:16,,0.0,21.0,3.0,6.0,"4 DL, 2 LB, 5 DB",;;;;;;;;;;,11,5,3,ZONE_COVERAGE,COVER_2,False,00-0023436;00-0027694;00-0031257;00-0032053;00-0030472;00-0031330;00-0032760;00-0030404;00-0033529;00-0027857;00-0031941,Alex Smith;Shawn Lauvao;Paul Richardson;Brandon Scherff;Jordan Reed;Morgan Moses;Josh Doctson;Chris Thompson;Chase Roullier;Trent Williams;Jamison Crowder,00-0029112;00-0032761;00-0031261;00-0027943;00-0024421;00-0030484;00-0032131;00-0028278;00-0033890;00-0030380;00-0031366,Jacquies Smith;Robert Nkemdiche;Tre Boston;Patrick Peterson;Antoine Bethea;Jamar Taylor;Rodney Gunter;Josh Bynes;Budda Baker;Benson Mayowa;Deone Bucannon
2018_01_WAS_ARI,3089,field_goal,0.0,13.0,13.0,3.0,12:16,12:13,,0.0,24.0,4.0,6.0,,;;;;;;;;;;,11,,,,,,00-0027694;00-0032053;00-0029709;00-0031330;00-0030140;00-0032781;00-0026714;00-0033529;00-0029699;00-0033528;00-0030098,Shawn Lauvao;Brandon Scherff;Ty Nsekhe;Morgan Moses;Tress Way;Matthew Ioannidis;Nick Sundberg;Chase Roullier;Tony Bergstrom;Jeremy Sprinkle;Dustin Hopkins,00-0029585;00-0031262;00-0027686;00-0032761;00-0027943;00-0034473;00-0033792;00-0032131;00-0030385;00-0028278;00-0033890,Chandler Jones;Bene' Benwikere;Corey Peters;Robert Nkemdiche;Patrick Peterson;Dennis Gardeck;Rudy Ford;Rodney Gunter;Gerald Hodges;Josh Bynes;Budda Baker
2018_01_WAS_ARI,3123,kickoff,0.0,35.0,35.0,0.0,12:13,12:13,,0.0,24.0,,0.0,,;;;;;;;;;;,11,,,,,,00-0031844;00-0034336;00-0034337;00-0031728;00-0033527;00-0034334;00-0033525;00-0034071;00-0030098;00-0033918;00-0033532,Deshazor Everett;Shaun Dion Hamilton;Greg Stroman;Zach Vigil;Montae Nicholson;Troy Apke;Ryan Anderson;Danny Johnson;Dustin Hopkins;Fabian Moreau;Josh Harvey-Clemons,00-0034681;00-0034490;00-0031262;00-0029112;00-0029068;00-0032769;00-0034473;00-0033875;00-0033792;00-0030385;00-0031884,Chase Edmonds;Ezekiel Turner;Bene' Benwikere;Jacquies Smith;Derrick Coleman;Brandon Williams;Dennis Gardeck;Haason Reddick;Rudy Ford;Gerald Hodges;Gabe Holmes
2018_01_WAS_ARI,3138,pass,4.0,75.0,71.0,28.0,12:13,11:45,,0.0,24.0,1.0,10.0,"2 DL, 4 LB, 5 DB",;;;;;;;;;;,11,6,4,ZONE_COVERAGE,COVER_3,False,00-0034681;00-0027854;00-0030585;00-0034785;00-0033933;00-0026982;00-0034775;00-0032222;00-0033611;00-0022921;00-0027869,Chase Edmonds;Sam Bradford;Justin Pugh;Mason Cole;Chad Williams;Andre Smith;Christian Kirk;D.J. Humphries;Ricky Seals-Jones;Larry Fitzgerald;Mike Iupati,00-0030566;00-0027008;00-0032007;00-0029566;00-0034333;00-0027954;00-0033527;00-0031935;00-0028022;00-0029285;00-0033918,D.J. Swearinger;Ziggy Hood;Quinton Dunbar;Zach Brown;Daron Payne;Ryan Kerrigan;Montae Nicholson;Preston Smith;Mason Foster;Josh Norman;Fabian Moreau
2018_01_WAS_ARI,3162,pass,7.0,71.0,64.0,23.0,11:45,11:22,,0.0,24.0,2.0,6.0,"2 DL, 4 LB, 5 DB",;;;;;;;;;;,11,5,4,ZONE_COVERAGE,COVER_3,False,00-0027854;00-0034681;00-0030585;00-0034785;00-0033933;00-0026982;00-0034775;00-0032222;00-0033611;00-0022921;00-0027869,Sam Bradford;Chase Edmonds;Justin Pugh;Mason Cole;Chad Williams;Andre Smith;Christian Kirk;D.J. Humphries;Ricky Seals-Jones;Larry Fitzgerald;Mike Iupati,00-0030566;00-0027008;00-0032007;00-0029566;00-0034333;00-0027954;00-0031935;00-0033527;00-0028022;00-0029285;00-0033918,D.J. Swearinger;Ziggy Hood;Quinton Dunbar;Zach Brown;Daron Payne;Ryan Kerrigan;Preston Smith;Montae Nicholson;Mason Foster;Josh Norman;Fabian Moreau
2018_01_WAS_ARI,3186,run,8.0,64.0,56.0,22.0,11:22,11:00,,0.0,24.0,1.0,10.0,"2 DL, 4 LB, 5 DB",;;;;;;;;;;,11,6,,,,,00-0027854;00-0034681;00-0029762;00-0030585;00-0034785;00-0033933;00-0034775;00-0032222;00-0033611;00-0022921;00-0027869,Sam Bradford;Chase Edmonds;John Wetzel;Justin Pugh;Mason Cole;Chad Williams;Christian Kirk;D.J. Humphries;Ricky Seals-Jones;Larry Fitzgerald;Mike Iupati,00-0030566;00-0029566;00-0032007;00-0027008;00-0034333;00-0027954;00-0033527;00-0031935;00-0028022;00-0029285;00-0033918,D.J. Swearinger;Zach Brown;Quinton Dunbar;Ziggy Hood;Daron Payne;Ryan Kerrigan;Montae Nicholson;Preston Smith;Mason Foster;Josh Norman;Fabian Moreau
2018_01_WAS_ARI,3207,run,3.0,56.0,53.0,36.0,11:00,10:24,,0.0,24.0,2.0,2.0,"2 DL, 4 LB, 5 DB",;;;;;;;;;;,11,7,,,,,00-0027854;00-0034681;00-0029762;00-0030585;00-0034785;00-0033933;00-0034775;00-0032222;00-0033611;00-0022921;00-0027869,Sam Bradford;Chase Edmonds;John Wetzel;Justin Pugh;Mason Cole;Chad Williams;Christian Kirk;D.J. Humphries;Ricky Seals-Jones;Larry Fitzgerald;Mike Iupati,00-0030566;00-0027008;00-0032007;00-0029566;00-0034333;00-0027954;00-0033527;00-0031935;00-0028022;00-0029285;00-0033918,D.J. Swearinger;Ziggy Hood;Quinton Dunbar;Zach Brown;Daron Payne;Ryan Kerrigan;Montae Nicholson;Preston Smith;Mason Foster;Josh Norman;Fabian Moreau
2018_01_WAS_ARI,3228,pass,8.0,53.0,45.0,26.0,10:24,9:58,,0.0,24.0,1.0,10.0,"2 DL, 4 LB, 5 DB",;;;;;;;;;;,11,6,4,ZONE_COVERAGE,COVER_3,False,00-0027854;00-0034681;00-0029762;00-0030585;00-0034785;00-0033933;00-0034775;00-0032222;00-0033611;00-0022921;00-0027869,Sam Bradford;Chase Edmonds;John Wetzel;Justin Pugh;Mason Cole;Chad Williams;Christian Kirk;D.J. Humphries;Ricky Seals-Jones;Larry Fitzgerald;Mike Iupati,00-0030566;00-0029566;00-0032007;00-0028103;00-0032781;00-0033527;00-0033523;00-0028022;00-0033525;00-0029285;00-0033918,D.J. Swearinger;Zach Brown;Quinton Dunbar;Pernell McPhee;Matthew Ioannidis;Montae Nicholson;Jonathan Allen;Mason Foster;Ryan Anderson;Josh Norman;Fabian Moreau
2018_01_WAS_ARI,3252,run,9.0,45.0,36.0,38.0,9:58,9:20,,0.0,24.0,2.0,2.0,"2 DL, 4 LB, 5 DB",;;;;;;;;;;,11,7,,,,,00-0027854;00-0034681;00-0029762;00-0030585;00-0034785;00-0033933;00-0034775;00-0032222;00-0033611;00-0022921;00-0027869,Sam Bradford;Chase Edmonds;John Wetzel;Justin Pugh;Mason Cole;Chad Williams;Christian Kirk;D.J. Humphries;Ricky Seals-Jones;Larry Fitzgerald;Mike Iupati,00-0030566;00-0032007;00-0028103;00-0032781;00-0033527;00-0033523;00-0028022;00-0033525;00-0029285;00-0033918;00-0033532,D.J. Swearinger;Quinton Dunbar;Pernell McPhee;Matthew Ioannidis;Montae Nicholson;Jonathan Allen;Mason Foster;Ryan Anderson;Josh Norman;Fabian Moreau;Josh Harvey-Clemons
2018_01_WAS_ARI,3273,pass,7.0,36.0,29.0,35.0,9:20,8:45,,0.0,24.0,1.0,10.0,"2 DL, 4 LB, 5 DB",;;;;;;;;;;,11,6,4,ZONE_COVERAGE,COVER_4,True,00-0027854;00-0034681;00-0029762;00-0030585;00-0034785;00-0033933;00-0034775;00-0032222;00-0031884;00-0022921;00-0027869,Sam Bradford;Chase Edmonds;John Wetzel;Justin Pugh;Mason Cole;Chad Williams;Christian Kirk;D.J. Humphries;Gabe Holmes;Larry Fitzgerald;Mike Iupati,00-0030566;00-0029566;00-0032007;00-0028103;00-0032781;00-0033527;00-0033523;00-0028022;00-0033525;00-0029285;00-0033918,D.J. Swearinger;Zach Brown;Quinton Dunbar;Pernell McPhee;Matthew Ioannidis;Montae Nicholson;Jonathan Allen;Mason Foster;Ryan Anderson;Josh Norman;Fabian Moreau
2018_01_WAS_ARI,3297,pass,6.0,29.0,23.0,34.0,8:45,8:11,,0.0,24.0,2.0,3.0,"2 DL, 4 LB, 5 DB",;;;;;;;;;;,11,6,4,ZONE_COVERAGE,COVER_4,False,00-0027854;00-0029762;00-0030585;00-0034785;00-0033933;00-0034775;00-0032222;00-0033611;00-0022921;00-0032187;00-0027869,Sam Bradford;John Wetzel;Justin Pugh;Mason Cole;Chad Williams;Christian Kirk;D.J. Humphries;Ricky Seals-Jones;Larry Fitzgerald;David Johnson;Mike Iupati,00-0030566;00-0032007;00-0029566;00-0032781;00-0033527;00-0031935;00-0033523;00-0028022;00-0033525;00-0029285;00-0033918,D.J. Swearinger;Quinton Dunbar;Zach Brown;Matthew Ioannidis;Montae Nicholson;Preston Smith;Jonathan Allen;Mason Foster;Ryan Anderson;Josh Norman;Fabian Moreau
2018_01_WAS_ARI,3321,pass,6.0,23.0,17.0,35.0,8:11,7:36,,0.0,24.0,1.0,10.0,"2 DL, 4 LB, 5 DB",;;;;;;;;;;,11,6,4,MAN_COVERAGE,COVER_1,False,00-0027854;00-0029762;00-0030585;00-0034785;00-0033933;00-0034775;00-0032222;00-0033611;00-0022921;00-0032187;00-0027869,Sam Bradford;John Wetzel;Justin Pugh;Mason Cole;Chad Williams;Christian Kirk;D.J. Humphries;Ricky Seals-Jones;Larry Fitzgerald;David Johnson;Mike Iupati,00-0034397;00-0030566;00-0027008;00-0032007;00-0029566;00-0027954;00-0033527;00-0031935;00-0028022;00-0029285;00-0033918,Tim Settle;D.J. Swearinger;Ziggy Hood;Quinton Dunbar;Zach Brown;Ryan Kerrigan;Montae Nicholson;Preston Smith;Mason Foster;Josh Norman;Fabian Moreau
2018_01_WAS_ARI,3345,run,8.0,17.0,9.0,36.0,7:36,7:00,,0.0,24.0,2.0,4.0,"2 DL, 4 LB, 5 DB",;;;;;;;;;;,11,4,4,,,,00-0027854;00-0029762;00-0030585;00-0034785;00-0033933;00-0034775;00-0032222;00-0033611;00-0022921;00-0032187;00-0027869,Sam Bradford;John Wetzel;Justin Pugh;Mason Cole;Chad Williams;Christian Kirk;D.J. Humphries;Ricky Seals-Jones;Larry Fitzgerald;David Johnson;Mike Iupati,00-0034397;00-0030566;00-0027008;00-0029566;00-0032007;00-0027954;00-0031935;00-0033527;00-0028022;00-0029285;00-0033918,Tim Settle;D.J. Swearinger;Ziggy Hood;Zach Brown;Quinton Dunbar;Ryan Kerrigan;Preston Smith;Montae Nicholson;Mason Foster;Josh Norman;Fabian Moreau
2018_01_WAS_ARI,3366,pass,1.0,9.0,8.0,32.0,7:00,6:28,,0.0,24.0,1.0,9.0,"2 DL, 4 LB, 5 DB",;;;;;;;;;;,11,6,4,ZONE_COVERAGE,COVER_3,False,00-0027854;00-0029762;00-0030585;00-0034785;00-0033933;00-0034775;00-0032222;00-0033611;00-0022921;00-0032187;00-0027869,Sam Bradford;John Wetzel;Justin Pugh;Mason Cole;Chad Williams;Christian Kirk;D.J. Humphries;Ricky Seals-Jones;Larry Fitzgerald;David Johnson;Mike Iupati,00-0030566;00-0032007;00-0029566;00-0032781;00-0027954;00-0031728;00-0033527;00-0031935;00-0033523;00-0029285;00-0033918,D.J. Swearinger;Quinton Dunbar;Zach Brown;Matthew Ioannidis;Ryan Kerrigan;Zach Vigil;Montae Nicholson;Preston Smith;Jonathan Allen;Josh Norman;Fabian Moreau
2018_01_WAS_ARI,3390,no_play,0.0,8.0,8.0,4.0,6:28,6:24,,0.0,24.0,2.0,8.0,"2 DL, 4 LB, 5 DB",;;;;;;;;;;,11,6,,,,,00-0027854;00-0029762;00-0030585;00-0034785;00-0033933;00-0034775;00-0032222;00-0033611;00-0022921;00-0032187;00-0027869,Sam Bradford;John Wetzel;Justin Pugh;Mason Cole;Chad Williams;Christian Kirk;D.J. Humphries;Ricky Seals-Jones;Larry Fitzgerald;David Johnson;Mike Iupati,00-0030566;00-0032007;00-0029566;00-0028103;00-0032781;00-0031728;00-0033527;00-0033523;00-0033525;00-0029285;00-0033918,D.J. Swearinger;Quinton Dunbar;Zach Brown;Pernell McPhee;Matthew Ioannidis;Zach Vigil;Montae Nicholson;Jonathan Allen;Ryan Anderson;Josh Norman;Fabian Moreau
2018_01_WAS_ARI,3423,timeout,0.0,,,0.0,6:24,6:24,ARI,0.0,24.0,,0.0,,,0,,,,,,,,,
2018_01_WAS_ARI,3446,pass,2.0,4.0,2.0,33.0,6:24,5:51,,0.0,24.0,1.0,4.0,"2 DL, 4 LB, 5 DB",;;;;;;;;;;,11,6,2,MAN_COVERAGE,COVER_1,False,00-0027854;00-0029762;00-0030585;00-0034785;00-0033933;00-0034775;00-0032222;00-0033611;00-0022921;00-0032187;00-0027869,Sam Bradford;John Wetzel;Justin Pugh;Mason Cole;Chad Williams;Christian Kirk;D.J. Humphries;Ricky Seals-Jones;Larry Fitzgerald;David Johnson;Mike Iupati,00-0030566;00-0032007;00-0029566;00-0027008;00-0034333;00-0028103;00-0031728;00-0033527;00-0033525;00-0029285;00-0033918,D.J. Swearinger;Quinton Dunbar;Zach Brown;Ziggy Hood;Daron Payne;Pernell McPhee;Zach Vigil;Montae Nicholson;Ryan Anderson;Josh Norman;Fabian Moreau
2018_01_WAS_ARI,3470,run,2.0,2.0,0.0,4.0,5:51,5:47,,6.0,24.0,2.0,2.0,"2 DL, 4 LB, 5 DB",;;;;;;;;;;,11,7,,,,,00-0027854;00-0029762;00-0030585;00-0034785;00-0033933;00-0034775;00-0032222;00-0033611;00-0022921;00-0032187;00-0027869,Sam Bradford;John Wetzel;Justin Pugh;Mason Cole;Chad Williams;Christian Kirk;D.J. Humphries;Ricky Seals-Jones;Larry Fitzgerald;David Johnson;Mike Iupati,00-0030566;00-0029566;00-0032007;00-0027008;00-0034333;00-0028103;00-0031728;00-0033527;00-0033525;00-0029285;00-0033918,D.J. Swearinger;Zach Brown;Quinton Dunbar;Ziggy Hood;Daron Payne;Pernell McPhee;Zach Vigil;Montae Nicholson;Ryan Anderson;Josh Norman;Fabian Moreau
2018_01_WAS_ARI,3493,pass,0.0,2.0,2.0,0.0,5:47,5:47,,6.0,24.0,,0.0,"2 DL, 4 LB, 5 DB",;;;;;;;;;;,11,8,,,,,00-0027854;00-0029762;00-0030585;00-0034785;00-0033933;00-0034775;00-0032222;00-0033611;00-0022921;00-0032187;00-0027869,Sam Bradford;John Wetzel;Justin Pugh;Mason Cole;Chad Williams;Christian Kirk;D.J. Humphries;Ricky Seals-Jones;Larry Fitzgerald;David Johnson;Mike Iupati,00-0030566;00-0032007;00-0029566;00-0034333;00-0027954;00-0031728;00-0033527;00-0031935;00-0033523;00-0029285;00-0033918,D.J. Swearinger;Quinton Dunbar;Zach Brown;Daron Payne;Ryan Kerrigan;Zach Vigil;Montae Nicholson;Preston Smith;Jonathan Allen;Josh Norman;Fabian Moreau
2018_01_WAS_ARI,3522,kickoff,0.0,35.0,35.0,3.0,5:47,5:44,,6.0,24.0,,0.0,,;;;;;;;;;;,11,,,,,,00-0034490;00-0031262;00-0029068;00-0032769;00-0034473;00-0033875;00-0004091;00-0033792;00-0030484;00-0030385;00-0033890,Ezekiel Turner;Bene' Benwikere;Derrick Coleman;Brandon Williams;Dennis Gardeck;Haason Reddick;Phil Dawson;Rudy Ford;Jamar Taylor;Gerald Hodges;Budda Baker,00-0031844;00-0030404;00-0034337;00-0031728;00-0032371;00-0033528;00-0034334;00-0031941;00-0034071;00-0033918;00-0033532,Deshazor Everett;Chris Thompson;Greg Stroman;Zach Vigil;Rob Kelley;Jeremy Sprinkle;Troy Apke;Jamison Crowder;Danny Johnson;Fabian Moreau;Josh Harvey-Clemons
2018_01_WAS_ARI,3561,no_play,0.0,94.0,94.0,0.0,5:44,5:44,,6.0,24.0,1.0,10.0,"4 DL, 2 LB, 5 DB",;;;;;;;;;;,11,,,,,,00-0023436;00-0027694;00-0030472;00-0032053;00-0031330;00-0032760;00-0033529;00-0024221;00-0027857;00-0033528;00-0025394,Alex Smith;Shawn Lauvao;Jordan Reed;Brandon Scherff;Morgan Moses;Josh Doctson;Chase Roullier;Vernon Davis;Trent Williams;Jeremy Sprinkle;Adrian Peterson,00-0029585;00-0027686;00-0032761;00-0031261;00-0027943;00-0024421;00-0030484;00-0028278;00-0033890;00-0030380;00-0031366,Chandler Jones;Corey Peters;Robert Nkemdiche;Tre Boston;Patrick Peterson;Antoine Bethea;Jamar Taylor;Josh Bynes;Budda Baker;Benson Mayowa;Deone Bucannon
2018_01_WAS_ARI,3604,run,2.0,97.0,95.0,5.0,5:44,5:39,,6.0,24.0,1.0,13.0,"4 DL, 2 LB, 5 DB",;;;;;;;;;;,11,8,,,,,00-0023436;00-0027694;00-0030472;00-0032053;00-0031330;00-0032760;00-0033529;00-0024221;00-0027857;00-0033528;00-0025394,Alex Smith;Shawn Lauvao;Jordan Reed;Brandon Scherff;Morgan Moses;Josh Doctson;Chase Roullier;Vernon Davis;Trent Williams;Jeremy Sprinkle;Adrian Peterson,00-0029585;00-0027686;00-0032761;00-0031261;00-0027943;00-0024421;00-0030484;00-0028278;00-0033890;00-0030380;00-0031366,Chandler Jones;Corey Peters;Robert Nkemdiche;Tre Boston;Patrick Peterson;Antoine Bethea;Jamar Taylor;Josh Bynes;Budda Baker;Benson Mayowa;Deone Bucannon
2018_01_WAS_ARI,3625,timeout,0.0,,,0.0,5:39,5:39,ARI,6.0,24.0,,0.0,,,0,,,,,,,,,
2018_01_WAS_ARI,3642,run,0.0,95.0,95.0,7.0,5:39,5:32,,6.0,24.0,2.0,11.0,"4 DL, 2 LB, 5 DB",;;;;;;;;;;,11,7,,,,,00-0023436;00-0027694;00-0031257;00-0032053;00-0031330;00-0032760;00-0033529;00-0024221;00-0027857;00-0033528;00-0025394,Alex Smith;Shawn Lauvao;Paul Richardson;Brandon Scherff;Morgan Moses;Josh Doctson;Chase Roullier;Vernon Davis;Trent Williams;Jeremy Sprinkle;Adrian Peterson,00-0029585;00-0027686;00-0032761;00-0031261;00-0027943;00-0024421;00-0030484;00-0028278;00-0033890;00-0030380;00-0031366,Chandler Jones;Corey Peters;Robert Nkemdiche;Tre Boston;Patrick Peterson;Antoine Bethea;Jamar Taylor;Josh Bynes;Budda Baker;Benson Mayowa;Deone Bucannon
2018_01_WAS_ARI,3668,timeout,0.0,,,0.0,5:32,5:32,ARI,6.0,24.0,,0.0,,,0,,,,,,,,,
2018_01_WAS_ARI,3685,run,7.0,96.0,89.0,44.0,5:32,4:48,,6.0,24.0,3.0,12.0,"4 DL, 2 LB, 5 DB",;;;;;;;;;;,11,6,,,,,00-0023436;00-0027694;00-0031257;00-0032053;00-0031330;00-0032760;00-0030404;00-0033529;00-0024221;00-0027857;00-0031941,Alex Smith;Shawn Lauvao;Paul Richardson;Brandon Scherff;Morgan Moses;Josh Doctson;Chris Thompson;Chase Roullier;Vernon Davis;Trent Williams;Jamison Crowder,00-0029585;00-0027686;00-0032761;00-0031261;00-0027943;00-0024421;00-0030484;00-0028278;00-0033890;00-0030380;00-0031366,Chandler Jones;Corey Peters;Robert Nkemdiche;Tre Boston;Patrick Peterson;Antoine Bethea;Jamar Taylor;Josh Bynes;Budda Baker;Benson Mayowa;Deone Bucannon
2018_01_WAS_ARI,3706,punt,0.0,89.0,89.0,18.0,4:48,4:30,,6.0,24.0,4.0,5.0,,;;;;;;;;;;,11,,,,,,00-0031844;00-0030140;00-0034336;00-0031728;00-0026714;00-0028022;00-0034334;00-0032371;00-0033525;00-0034071;00-0033532,Deshazor Everett;Tress Way;Shaun Dion Hamilton;Zach Vigil;Nick Sundberg;Mason Foster;Troy Apke;Rob Kelley;Ryan Anderson;Danny Johnson;Josh Harvey-Clemons,00-0034490;00-0031262;00-0034775;00-0029112;00-0031261;00-0029068;00-0032769;00-0034473;00-0033792;00-0030385;00-0034487,Ezekiel Turner;Bene' Benwikere;Christian Kirk;Jacquies Smith;Tre Boston;Derrick Coleman;Brandon Williams;Dennis Gardeck;Rudy Ford;Gerald Hodges;Trent Sherfield
2018_01_WAS_ARI,3731,pass,16.0,26.0,10.0,27.0,4:30,4:03,,6.0,24.0,1.0,10.0,"2 DL, 4 LB, 5 DB",;;;;;;;;;;,11,6,4,ZONE_COVERAGE,COVER_3,True,00-0027854;00-0029762;00-0030585;00-0034785;00-0033933;00-0034775;00-0032222;00-0033611;00-0022921;00-0032187;00-0027869,Sam Bradford;John Wetzel;Justin Pugh;Mason Cole;Chad Williams;Christian Kirk;D.J. Humphries;Ricky Seals-Jones;Larry Fitzgerald;David Johnson;Mike Iupati,00-0030566;00-0032781;00-0027954;00-0031728;00-0034337;00-0031935;00-0033527;00-0033523;00-0029285;00-0033918;00-0033532,D.J. Swearinger;Matthew Ioannidis;Ryan Kerrigan;Zach Vigil;Greg Stroman;Preston Smith;Montae Nicholson;Jonathan Allen;Josh Norman;Fabian Moreau;Josh Harvey-Clemons
2018_01_WAS_ARI,3755,pass,0.0,10.0,10.0,3.0,4:03,4:00,,6.0,24.0,1.0,10.0,"2 DL, 4 LB, 5 DB",;;;;;;;;;;,11,6,4,ZONE_COVERAGE,COVER_3,False,00-0027854;00-0029762;00-0030585;00-0034785;00-0033933;00-0034775;00-0032222;00-0033611;00-0022921;00-0032187;00-0027869,Sam Bradford;John Wetzel;Justin Pugh;Mason Cole;Chad Williams;Christian Kirk;D.J. Humphries;Ricky Seals-Jones;Larry Fitzgerald;David Johnson;Mike Iupati,00-0030566;00-0032781;00-0027954;00-0034337;00-0031728;00-0033527;00-0031935;00-0033523;00-0029285;00-0033918;00-0033532,D.J. Swearinger;Matthew Ioannidis;Ryan Kerrigan;Greg Stroman;Zach Vigil;Montae Nicholson;Preston Smith;Jonathan Allen;Josh Norman;Fabian Moreau;Josh Harvey-Clemons
2018_01_WAS_ARI,3777,pass,3.0,10.0,7.0,31.0,4:00,3:29,,6.0,24.0,2.0,10.0,"2 DL, 4 LB, 5 DB",;;;;;;;;;;,11,6,4,MAN_COVERAGE,COVER_1,False,00-0027854;00-0029762;00-0030585;00-0034785;00-0033933;00-0034775;00-0032222;00-0033611;00-0022921;00-0032187;00-0027869,Sam Bradford;John Wetzel;Justin Pugh;Mason Cole;Chad Williams;Christian Kirk;D.J. Humphries;Ricky Seals-Jones;Larry Fitzgerald;David Johnson;Mike Iupati,00-0030566;00-0032781;00-0027954;00-0034337;00-0031728;00-0033527;00-0031935;00-0033523;00-0029285;00-0033918;00-0033532,D.J. Swearinger;Matthew Ioannidis;Ryan Kerrigan;Greg Stroman;Zach Vigil;Montae Nicholson;Preston Smith;Jonathan Allen;Josh Norman;Fabian Moreau;Josh Harvey-Clemons
2018_01_WAS_ARI,3801,pass,0.0,7.0,7.0,3.0,3:29,3:26,,6.0,24.0,3.0,7.0,"2 DL, 4 LB, 5 DB",;;;;;;;;;;,11,5,4,ZONE_COVERAGE,COVER_4,True,00-0027854;00-0029762;00-0030585;00-0034785;00-0033933;00-0034775;00-0032222;00-0033611;00-0022921;00-0032187;00-0027869,Sam Bradford;John Wetzel;Justin Pugh;Mason Cole;Chad Williams;Christian Kirk;D.J. Humphries;Ricky Seals-Jones;Larry Fitzgerald;David Johnson;Mike Iupati,00-0030566;00-0032781;00-0027954;00-0034337;00-0031728;00-0033527;00-0031935;00-0033523;00-0029285;00-0033918;00-0033532,D.J. Swearinger;Matthew Ioannidis;Ryan Kerrigan;Greg Stroman;Zach Vigil;Montae Nicholson;Preston Smith;Jonathan Allen;Josh Norman;Fabian Moreau;Josh Harvey-Clemons
2018_01_WAS_ARI,3835,pass,0.0,7.0,7.0,6.0,3:26,3:20,,6.0,24.0,4.0,7.0,"2 DL, 4 LB, 5 DB",;;;;;;;;;;,11,6,4,ZONE_COVERAGE,COVER_3,True,00-0027854;00-0029762;00-0030585;00-0034785;00-0033933;00-0034775;00-0032222;00-0033611;00-0022921;00-0032187;00-0027869,Sam Bradford;John Wetzel;Justin Pugh;Mason Cole;Chad Williams;Christian Kirk;D.J. Humphries;Ricky Seals-Jones;Larry Fitzgerald;David Johnson;Mike Iupati,00-0030566;00-0032781;00-0027954;00-0034337;00-0031728;00-0033527;00-0031935;00-0033523;00-0029285;00-0033918;00-0033532,D.J. Swearinger;Matthew Ioannidis;Ryan Kerrigan;Greg Stroman;Zach Vigil;Montae Nicholson;Preston Smith;Jonathan Allen;Josh Norman;Fabian Moreau;Josh Harvey-Clemons
2018_01_WAS_ARI,3857,run,-1.0,93.0,94.0,44.0,3:20,2:36,,6.0,24.0,1.0,10.0,"4 DL, 3 LB, 4 DB",;;;;;;;;;;,11,9,,,,,00-0023436;00-0027694;00-0032053;00-0031330;00-0032760;00-0033529;00-0024221;00-0027857;00-0033528;00-0032371;00-0025394,Alex Smith;Shawn Lauvao;Brandon Scherff;Morgan Moses;Josh Doctson;Chase Roullier;Vernon Davis;Trent Williams;Jeremy Sprinkle;Rob Kelley;Adrian Peterson,00-0029585;00-0027686;00-0032761;00-0031081;00-0027943;00-0033875;00-0024421;00-0030484;00-0028278;00-0033890;00-0031366,Chandler Jones;Corey Peters;Robert Nkemdiche;Zach Moore;Patrick Peterson;Haason Reddick;Antoine Bethea;Jamar Taylor;Josh Bynes;Budda Baker;Deone Bucannon
2018_01_WAS_ARI,3878,run,2.0,94.0,92.0,36.0,2:36,2:00,,6.0,24.0,2.0,11.0,"4 DL, 3 LB, 4 DB",;;;;;;;;;;,11,9,,,,,00-0023436;00-0027694;00-0032053;00-0031330;00-0032760;00-0033529;00-0024221;00-0027857;00-0033528;00-0032371;00-0025394,Alex Smith;Shawn Lauvao;Brandon Scherff;Morgan Moses;Josh Doctson;Chase Roullier;Vernon Davis;Trent Williams;Jeremy Sprinkle;Rob Kelley;Adrian Peterson,00-0029585;00-0027686;00-0032761;00-0031081;00-0027943;00-0033875;00-0024421;00-0030484;00-0028278;00-0033890;00-0031366,Chandler Jones;Corey Peters;Robert Nkemdiche;Zach Moore;Patrick Peterson;Haason Reddick;Antoine Bethea;Jamar Taylor;Josh Bynes;Budda Baker;Deone Bucannon
2018_01_WAS_ARI,3916,turnover,52.0,92.0,40.0,15.0,2:00,1:45,,6.0,24.0,3.0,9.0,"4 DL, 2 LB, 5 DB",;;;;;;;;;;,11,8,5,ZONE_COVERAGE,COVER_3,False,00-0024221;00-0025394;00-0027694;00-0032053;00-0031330;00-0032760;00-0031941;00-0027857;00-0033529;00-0031257;00-0023436,Vernon Davis;Adrian Peterson;Shawn Lauvao;Brandon Scherff;Morgan Moses;Josh Doctson;Jamison Crowder;Trent Williams;Chase Roullier;Paul Richardson;Alex Smith,00-0027686;00-0030484;00-0031366;00-0031261;00-0024421;00-0033890;00-0028278;00-0031081;00-0027943;00-0032761;00-0029585,Corey Peters;Jamar Taylor;Deone Bucannon;Tre Boston;Antoine Bethea;Budda Baker;Josh Bynes;Zach Moore;Patrick Peterson;Robert Nkemdiche;Chandler Jones
2018_01_WAS_ARI,3956,pass,0.0,60.0,60.0,4.0,1:45,1:41,,6.0,24.0,1.0,10.0,"2 DL, 4 LB, 5 DB",;;;;;;;;;;,11,6,4,ZONE_COVERAGE,COVER_3,True,00-0027854;00-0034681;00-0029762;00-0030585;00-0034785;00-0033933;00-0034775;00-0032222;00-0033611;00-0022921;00-0027869,Sam Bradford;Chase Edmonds;John Wetzel;Justin Pugh;Mason Cole;Chad Williams;Christian Kirk;D.J. Humphries;Ricky Seals-Jones;Larry Fitzgerald;Mike Iupati,00-0030566;00-0027008;00-0034333;00-0028103;00-0034337;00-0031728;00-0033527;00-0033525;00-0029285;00-0033918;00-0033532,D.J. Swearinger;Ziggy Hood;Daron Payne;Pernell McPhee;Greg Stroman;Zach Vigil;Montae Nicholson;Ryan Anderson;Josh Norman;Fabian Moreau;Josh Harvey-Clemons
2018_01_WAS_ARI,3978,pass,6.0,60.0,54.0,38.0,1:41,1:03,,6.0,24.0,2.0,10.0,"2 DL, 4 LB, 5 DB",;;;;;;;;;;,11,6,4,ZONE_COVERAGE,COVER_4,False,00-0027854;00-0034681;00-0029762;00-0030585;00-0034785;00-0033933;00-0034775;00-0032222;00-0033611;00-0022921;00-0027869,Sam Bradford;Chase Edmonds;John Wetzel;Justin Pugh;Mason Cole;Chad Williams;Christian Kirk;D.J. Humphries;Ricky Seals-Jones;Larry Fitzgerald;Mike Iupati,00-0030566;00-0027008;00-0034333;00-0028103;00-0034337;00-0031728;00-0033527;00-0033525;00-0029285;00-0033532;00-0033918,D.J. Swearinger;Ziggy Hood;Daron Payne;Pernell McPhee;Greg Stroman;Zach Vigil;Montae Nicholson;Ryan Anderson;Josh Norman;Josh Harvey-Clemons;Fabian Moreau
2018_01_WAS_ARI,4002,pass,6.0,54.0,48.0,23.0,1:03,0:40,,6.0,24.0,3.0,4.0,"2 DL, 4 LB, 5 DB",;;;;;;;;;;,11,5,4,ZONE_COVERAGE,COVER_6,True,00-0027854;00-0034681;00-0029762;00-0030585;00-0034785;00-0033933;00-0034775;00-0032222;00-0033611;00-0022921;00-0027869,Sam Bradford;Chase Edmonds;John Wetzel;Justin Pugh;Mason Cole;Chad Williams;Christian Kirk;D.J. Humphries;Ricky Seals-Jones;Larry Fitzgerald;Mike Iupati,00-0030566;00-0027008;00-0034333;00-0028103;00-0034337;00-0031728;00-0033527;00-0033525;00-0029285;00-0033532;00-0033918,D.J. Swearinger;Ziggy Hood;Daron Payne;Pernell McPhee;Greg Stroman;Zach Vigil;Montae Nicholson;Ryan Anderson;Josh Norman;Josh Harvey-Clemons;Fabian Moreau
2018_01_WAS_ARI,4026,pass,3.0,48.0,45.0,21.0,0:40,0:19,,6.0,24.0,1.0,10.0,"2 DL, 4 LB, 5 DB",;;;;;;;;;;,11,6,4,ZONE_COVERAGE,COVER_3,False,00-0027854;00-0034681;00-0029762;00-0030585;00-0034785;00-0033933;00-0034775;00-0032222;00-0033611;00-0022921;00-0027869,Sam Bradford;Chase Edmonds;John Wetzel;Justin Pugh;Mason Cole;Chad Williams;Christian Kirk;D.J. Humphries;Ricky Seals-Jones;Larry Fitzgerald;Mike Iupati,00-0030566;00-0027008;00-0034333;00-0031728;00-0034337;00-0031935;00-0033527;00-0033525;00-0029285;00-0033918;00-0033532,D.J. Swearinger;Ziggy Hood;Daron Payne;Zach Vigil;Greg Stroman;Preston Smith;Montae Nicholson;Ryan Anderson;Josh Norman;Fabian Moreau;Josh Harvey-Clemons
2018_01_WAS_ARI,4050,pass,0.0,45.0,45.0,5.0,0:19,0:14,,6.0,24.0,2.0,7.0,"2 DL, 4 LB, 5 DB",;;;;;;;;;;,11,5,4,ZONE_COVERAGE,COVER_4,False,00-0027854;00-0034681;00-0029762;00-0030585;00-0034785;00-0033933;00-0034775;00-0032222;00-0033611;00-0022921;00-0027869,Sam Bradford;Chase Edmonds;John Wetzel;Justin Pugh;Mason Cole;Chad Williams;Christian Kirk;D.J. Humphries;Ricky Seals-Jones;Larry Fitzgerald;Mike Iupati,00-0030566;00-0027008;00-0034333;00-0034337;00-0031728;00-0033527;00-0031935;00-0033525;00-0029285;00-0033918;00-0033532,D.J. Swearinger;Ziggy Hood;Daron Payne;Greg Stroman;Zach Vigil;Montae Nicholson;Preston Smith;Ryan Anderson;Josh Norman;Fabian Moreau;Josh Harvey-Clemons
2018_01_WAS_ARI,4072,turnover,-4.0,45.0,49.0,8.0,0:14,0:06,,6.0,24.0,3.0,7.0,"2 DL, 4 LB, 5 DB",;;;;;;;;;;,11,5,4,,,,00-0027869;00-0034775;00-0033611;00-0033933;00-0027854;00-0034785;00-0029762;00-0022921;00-0034681;00-0030585;00-0032222,Mike Iupati;Christian Kirk;Ricky Seals-Jones;Chad Williams;Sam Bradford;Mason Cole;John Wetzel;Larry Fitzgerald;Chase Edmonds;Justin Pugh;D.J. Humphries,00-0030566;00-0034337;00-0031728;00-0033527;00-0031935;00-0029285;00-0032781;00-0033532;00-0028103;00-0033523;00-0033918,D.J. Swearinger;Greg Stroman;Zach Vigil;Montae Nicholson;Preston Smith;Josh Norman;Matthew Ioannidis;Josh Harvey-Clemons;Pernell McPhee;Jonathan Allen;Fabian Moreau
2018_01_WAS_ARI,4101,qb_kneel,-1.0,51.0,52.0,6.0,0:06,0:00,,6.0,24.0,1.0,10.0,"4 DL, 3 LB, 4 DB",;;;;;;;;;;,11,9,,,,,00-0023436;00-0027694;00-0029709;00-0032053;00-0031330;00-0033529;00-0024221;00-0033528;00-0032371;00-0031941;00-0025394,Alex Smith;Shawn Lauvao;Ty Nsekhe;Brandon Scherff;Morgan Moses;Chase Roullier;Vernon Davis;Jeremy Sprinkle;Rob Kelley;Jamison Crowder;Adrian Peterson,00-0029585;00-0027686;00-0027943;00-0033875;00-0024421;00-0030484;00-0032131;00-0028278;00-0033890;00-0030380;00-0031366,Chandler Jones;Corey Peters;Patrick Peterson;Haason Reddick;Antoine Bethea;Jamar Taylor;Rodney Gunter;Josh Bynes;Budda Baker;Benson Mayowa;Deone Bucannon
2018_01_WAS_ARI,4128,end_game,,,,0.0,0:00,0:00,,6.0,24.0,,0.0,,,0,,,,,,,,,
