game_id,play_id,play_type,yards_gained,starting_yard,ending_yard,posteam,qtr,game_seconds_remaining,yardline_100,time_of_play,time_on_clock_start,time_on_clock_end,timeout_team,home_team_score,away_team_score,down,yds_to_go,defense_personnel,defense_positions,n_defense,defenders_in_box,number_of_pass_rushers,defense_man_zone_type,defense_coverage_type,was_pressure,offense_player_ids,offense_player_names,defense_player_ids,defense_player_names
2024_10_NYJ_ARI,1,start_quarter_1,,,,,1.0,3600.0,,0.0,15:00,15:00,,0.0,0.0,,0.0,,,,,,,,,,,,
2024_10_NYJ_ARI,39,kickoff,0.0,35.0,35.0,ARI,1.0,3600.0,35.0,0.0,15:00,15:00,,0.0,0.0,,0.0,"3 CB, 3 ILB, 1 K, 1 RB, 1 SS, 1 TE, 1 WR",CB;CB;CB;ILB;ILB;ILB;K;RB;SS;TE;WR,11,0,0,,,False,00-0039807;00-0037141;00-0035961;00-0038600;00-0036896;00-0037330;00-0036425;00-0039041;00-0039737;00-0033251;00-0035500,Max Melton;Joey Blount;Krys Barnes;Owen Pappoe;Victor Dimukeje;Jesse Luketa;DeeJay Dallas;Elijah Higgins;Tip Reiman;Zach Pascal;Greg Dortch,00-0036504;00-0038401;00-0039789;00-0034902;00-0037003;00-0037526;00-0039576;00-0039798;00-0036329;00-0036510;00-0037156,Brandin Echols;Jarrick Bernard-Converse;Qwan'tez Stiggers;Sam Eguavoen;Chazz Surratt;Marcelino McCrary-Ball;Spencer Shrader;Isaiah Davis;Ashtyn Davis;Kenny Yeboah;Irvin Charles
2024_10_NYJ_ARI,56,pass,0.0,70.0,70.0,ARI,1.0,3600.0,70.0,3.0,15:00,14:57,,0.0,0.0,1.0,10.0,"4 CB, 1 DE, 1 DT, 1 FS, 2 ILB, 1 NT, 1 OLB",CB;CB;CB;CB;DE;DT;FS;ILB;ILB;NT;OLB,11,6,4,MAN_COVERAGE,COVER_1,False,00-0034495;00-0035258;00-0035992;00-0035228;00-0033553;00-0029316;00-0038540;00-0037744;00-0035500;00-0038559;00-0039849,Evan Brown;Hjalte Froholdt;Trystan Colon;Kyler Murray;James Conner;Kelvin Beachum;Paris Johnson Jr.;Trey McBride;Greg Dortch;Michael Wilson;Marvin Harrison Jr.,00-0032803;00-0034357;00-0034384;00-0037190;00-0038107;00-0036260;00-0037155;00-0035680;00-0036500;00-0035718;00-0039142,Jalen Mills;Isaiah Oliver;D.J. Reed;Sauce Gardner;Micheal Clemons;Javon Kinlaw;Tony Adams;Quincy Williams;Jamien Sherwood;Quinnen Williams;Will McDonald IV
2024_10_NYJ_ARI,91,pass,18.0,70.0,52.0,ARI,1.0,3597.0,70.0,22.0,14:57,14:35,,0.0,0.0,2.0,10.0,"3 CB, 1 DE, 1 DT, 1 FS, 3 ILB, 1 NT, 1 OLB",CB;CB;CB;DE;DT;FS;ILB;ILB;ILB;NT;OLB,11,6,4,ZONE_COVERAGE,COVER_3,False,00-0034495;00-0035258;00-0035992;00-0035228;00-0033553;00-0029316;00-0038540;00-0037744;00-0039041;00-0039737;00-0039849,Evan Brown;Hjalte Froholdt;Trystan Colon;Kyler Murray;James Conner;Kelvin Beachum;Paris Johnson Jr.;Trey McBride;Elijah Higgins;Tip Reiman;Marvin Harrison Jr.,00-0032803;00-0034384;00-0037190;00-0038107;00-0036260;00-0037155;00-0034902;00-0035680;00-0036500;00-0035718;00-0039142,Jalen Mills;D.J. Reed;Sauce Gardner;Micheal Clemons;Javon Kinlaw;Tony Adams;Sam Eguavoen;Quincy Williams;Jamien Sherwood;Quinnen Williams;Will McDonald IV
2024_10_NYJ_ARI,127,run,7.0,52.0,45.0,ARI,1.0,3575.0,52.0,35.0,14:35,14:00,,0.0,0.0,1.0,10.0,"4 CB, 1 DE, 1 DT, 1 FS, 2 ILB, 1 NT, 1 OLB",CB;CB;CB;CB;DE;DT;FS;ILB;ILB;NT;OLB,11,6,0,,,False,00-0034495;00-0035258;00-0035992;00-0035228;00-0033553;00-0029316;00-0038540;00-0037744;00-0033891;00-0038559;00-0039849,Evan Brown;Hjalte Froholdt;Trystan Colon;Kyler Murray;James Conner;Kelvin Beachum;Paris Johnson Jr.;Trey McBride;Zay Jones;Michael Wilson;Marvin Harrison Jr.,00-0032803;00-0034357;00-0034384;00-0037190;00-0038107;00-0036260;00-0037155;00-0035680;00-0036500;00-0035718;00-0039142,Jalen Mills;Isaiah Oliver;D.J. Reed;Sauce Gardner;Micheal Clemons;Javon Kinlaw;Tony Adams;Quincy Williams;Jamien Sherwood;Quinnen Williams;Will McDonald IV
2024_10_NYJ_ARI,154,pass,44.0,45.0,1.0,ARI,1.0,3540.0,45.0,23.0,14:00,13:37,,0.0,0.0,2.0,3.0,"4 CB, 1 DE, 1 DT, 1 FS, 2 ILB, 1 NT, 1 OLB",CB;CB;CB;CB;DE;DT;FS;ILB;ILB;NT;OLB,11,6,5,MAN_COVERAGE,COVER_1,False,00-0034495;00-0035258;00-0035992;00-0035228;00-0033553;00-0029316;00-0038540;00-0039737;00-0035500;00-0038559;00-0039849,Evan Brown;Hjalte Froholdt;Trystan Colon;Kyler Murray;James Conner;Kelvin Beachum;Paris Johnson Jr.;Tip Reiman;Greg Dortch;Michael Wilson;Marvin Harrison Jr.,00-0032803;00-0034357;00-0034384;00-0037190;00-0038107;00-0036260;00-0037155;00-0035680;00-0036500;00-0035718;00-0039142,Jalen Mills;Isaiah Oliver;D.J. Reed;Sauce Gardner;Micheal Clemons;Javon Kinlaw;Tony Adams;Quincy Williams;Jamien Sherwood;Quinnen Williams;Will McDonald IV
2024_10_NYJ_ARI,225,run,0.0,1.0,1.0,ARI,1.0,3517.0,1.0,36.0,13:37,13:01,,0.0,0.0,1.0,1.0,"3 CB, 1 DE, 1 DT, 1 FS, 3 ILB, 1 NT, 1 OLB",CB;CB;CB;DE;DT;FS;ILB;ILB;ILB;NT;OLB,11,7,0,,,False,00-0034495;00-0035258;00-0035992;00-0035228;00-0033553;00-0029316;00-0038540;00-0037744;00-0039737;00-0038559;00-0039849,Evan Brown;Hjalte Froholdt;Trystan Colon;Kyler Murray;James Conner;Kelvin Beachum;Paris Johnson Jr.;Trey McBride;Tip Reiman;Michael Wilson;Marvin Harrison Jr.,00-0032803;00-0034384;00-0037190;00-0038107;00-0036260;00-0037155;00-0034902;00-0035680;00-0036500;00-0035718;00-0039142,Jalen Mills;D.J. Reed;Sauce Gardner;Micheal Clemons;Javon Kinlaw;Tony Adams;Sam Eguavoen;Quincy Williams;Jamien Sherwood;Quinnen Williams;Will McDonald IV
2024_10_NYJ_ARI,260,run,1.0,1.0,0.0,ARI,1.0,3481.0,1.0,3.0,13:01,12:58,,6.0,0.0,2.0,1.0,"3 CB, 1 DE, 1 DT, 1 FS, 3 ILB, 1 NT, 1 OLB",CB;CB;CB;DE;DT;FS;ILB;ILB;ILB;NT;OLB,11,7,0,,,False,00-0034495;00-0035258;00-0035992;00-0035228;00-0033553;00-0029316;00-0038540;00-0037744;00-0039737;00-0038559;00-0039849,Evan Brown;Hjalte Froholdt;Trystan Colon;Kyler Murray;James Conner;Kelvin Beachum;Paris Johnson Jr.;Trey McBride;Tip Reiman;Michael Wilson;Marvin Harrison Jr.,00-0032803;00-0034384;00-0037190;00-0038107;00-0036260;00-0037155;00-0034902;00-0035680;00-0036500;00-0035718;00-0039142,Jalen Mills;D.J. Reed;Sauce Gardner;Micheal Clemons;Javon Kinlaw;Tony Adams;Sam Eguavoen;Quincy Williams;Jamien Sherwood;Quinnen Williams;Will McDonald IV
2024_10_NYJ_ARI,283,extra_point,0.0,15.0,15.0,ARI,1.0,3478.0,15.0,0.0,12:58,12:58,,7.0,0.0,,0.0,"3 CB, 2 DE, 1 DT, 3 ILB, 1 NT, 1 SS",CB;CB;CB;DE;DE;DT;ILB;ILB;ILB;NT;SS,11,0,0,,,False,00-0034495;00-0035258;00-0035992;00-0038571;00-0038567;00-0028946;00-0035859;00-0036195;00-0038540;00-0037744;00-0039737,Evan Brown;Hjalte Froholdt;Trystan Colon;Jon Gaines II;Chad Ryland;Aaron Brewer;Blake Gillikin;Charlie Heck;Paris Johnson Jr.;Trey McBride;Tip Reiman,00-0034357;00-0036504;00-0038401;00-0038107;00-0039291;00-0036260;00-0034902;00-0036500;00-0037526;00-0035718;00-0036329,Isaiah Oliver;Brandin Echols;Jarrick Bernard-Converse;Micheal Clemons;Eric Watts;Javon Kinlaw;Sam Eguavoen;Jamien Sherwood;Marcelino McCrary-Ball;Quinnen Williams;Ashtyn Davis
2024_10_NYJ_ARI,298,kickoff,0.0,35.0,35.0,NYJ,1.0,3478.0,35.0,0.0,12:58,12:58,,7.0,0.0,,0.0,"2 CB, 1 FS, 2 ILB, 1 K, 2 OLB, 2 RB, 1 WR",CB;CB;FS;ILB;ILB;K;OLB;OLB;RB;RB;WR,11,0,0,,,False,00-0039789;00-0034902;00-0037003;00-0037526;00-0039794;00-0039798;00-0036329;00-0036510;00-0037805;00-0037156;00-0038496,Qwan'tez Stiggers;Sam Eguavoen;Chazz Surratt;Marcelino McCrary-Ball;Braelon Allen;Isaiah Davis;Ashtyn Davis;Kenny Yeboah;Jeremy Ruckert;Irvin Charles;Xavier Gipson,00-0038984;00-0039807;00-0037141;00-0035961;00-0038600;00-0038567;00-0036896;00-0037330;00-0036425;00-0038705;00-0033251,Kei'Trel Clark;Max Melton;Joey Blount;Krys Barnes;Owen Pappoe;Chad Ryland;Victor Dimukeje;Jesse Luketa;DeeJay Dallas;Emari Demercado;Zach Pascal
2024_10_NYJ_ARI,322,run,14.0,70.0,56.0,NYJ,1.0,3478.0,70.0,34.0,12:58,12:24,,7.0,0.0,1.0,10.0,"3 CB, 2 DT, 1 FS, 2 ILB, 1 NT, 1 OLB, 1 SS",CB;CB;CB;DT;DT;FS;ILB;ILB;NT;OLB;SS,11,5,0,,,False,00-0039145;00-0036369;00-0036979;00-0023459;00-0038120;00-0027947;00-0031330;00-0034270;00-0031381;00-0037740;00-0039920,Joe Tippmann;John Simpson;Alijah Vera-Tucker;Aaron Rodgers;Breece Hall;Tyron Smith;Morgan Moses;Tyler Conklin;Davante Adams;Garrett Wilson;Malachi Corley,00-0035239;00-0039007;00-0038663;00-0035636;00-0038623;00-0039864;00-0034375;00-0035144;00-0036568;00-0036933;00-0033890,Sean Murphy-Bunting;Garrett Williams;Starling Thomas V;L.J. Collier;Dante Stills;Dadrion Taylor-Demerson;Kyzir White;Mack Wilson;Roy Lopez;Zaven Collins;Budda Baker
2024_10_NYJ_ARI,344,run,3.0,56.0,53.0,NYJ,1.0,3444.0,56.0,39.0,12:24,11:45,,7.0,0.0,1.0,10.0,"3 CB, 2 DT, 1 FS, 2 ILB, 1 NT, 1 OLB, 1 SS",CB;CB;CB;DT;DT;FS;ILB;ILB;NT;OLB;SS,11,5,0,,,False,00-0039145;00-0036369;00-0036979;00-0023459;00-0038120;00-0027947;00-0031330;00-0034270;00-0031381;00-0037740;00-0037156,Joe Tippmann;John Simpson;Alijah Vera-Tucker;Aaron Rodgers;Breece Hall;Tyron Smith;Morgan Moses;Tyler Conklin;Davante Adams;Garrett Wilson;Irvin Charles,00-0035239;00-0039007;00-0038663;00-0035636;00-0038623;00-0039864;00-0034375;00-0035144;00-0036568;00-0036933;00-0033890,Sean Murphy-Bunting;Garrett Williams;Starling Thomas V;L.J. Collier;Dante Stills;Dadrion Taylor-Demerson;Kyzir White;Mack Wilson;Roy Lopez;Zaven Collins;Budda Baker
2024_10_NYJ_ARI,366,pass,6.0,53.0,47.0,NYJ,1.0,3405.0,53.0,36.0,11:45,11:09,,7.0,0.0,2.0,7.0,"3 CB, 2 DT, 1 FS, 2 ILB, 1 NT, 1 OLB, 1 SS",CB;CB;CB;DT;DT;FS;ILB;ILB;NT;OLB;SS,11,5,4,ZONE_COVERAGE,COVER_2,True,00-0039145;00-0036369;00-0036979;00-0023459;00-0038120;00-0027947;00-0031330;00-0034270;00-0031381;00-0037740;00-0037156,Joe Tippmann;John Simpson;Alijah Vera-Tucker;Aaron Rodgers;Breece Hall;Tyron Smith;Morgan Moses;Tyler Conklin;Davante Adams;Garrett Wilson;Irvin Charles,00-0035239;00-0039007;00-0038663;00-0035636;00-0038623;00-0039864;00-0034375;00-0035144;00-0036568;00-0036933;00-0033890,Sean Murphy-Bunting;Garrett Williams;Starling Thomas V;L.J. Collier;Dante Stills;Dadrion Taylor-Demerson;Kyzir White;Mack Wilson;Roy Lopez;Zaven Collins;Budda Baker
2024_10_NYJ_ARI,391,run,2.0,47.0,45.0,NYJ,1.0,3369.0,47.0,44.0,11:09,10:25,,7.0,0.0,3.0,1.0,"3 CB, 2 DT, 1 FS, 2 ILB, 1 NT, 1 OLB, 1 SS",CB;CB;CB;DT;DT;FS;ILB;ILB;NT;OLB;SS,11,5,0,,,False,00-0039145;00-0036369;00-0036979;00-0023459;00-0039794;00-0027947;00-0031330;00-0034270;00-0031381;00-0037740;00-0037156,Joe Tippmann;John Simpson;Alijah Vera-Tucker;Aaron Rodgers;Braelon Allen;Tyron Smith;Morgan Moses;Tyler Conklin;Davante Adams;Garrett Wilson;Irvin Charles,00-0035239;00-0039007;00-0038663;00-0035636;00-0038623;00-0039864;00-0034375;00-0035144;00-0036568;00-0036933;00-0033890,Sean Murphy-Bunting;Garrett Williams;Starling Thomas V;L.J. Collier;Dante Stills;Dadrion Taylor-Demerson;Kyzir White;Mack Wilson;Roy Lopez;Zaven Collins;Budda Baker
2024_10_NYJ_ARI,413,no_play,0.0,45.0,45.0,NYJ,1.0,3325.0,45.0,3.0,10:25,10:22,,7.0,0.0,1.0,10.0,"3 CB, 2 DT, 1 FS, 1 ILB, 1 NT, 2 OLB, 1 SS",CB;CB;CB;DT;DT;FS;ILB;NT;OLB;OLB;SS,11,6,5,ZONE_COVERAGE,COMBO,False,00-0039145;00-0036369;00-0036979;00-0023459;00-0038120;00-0039794;00-0027947;00-0031330;00-0034270;00-0031381;00-0037740,Joe Tippmann;John Simpson;Alijah Vera-Tucker;Aaron Rodgers;Breece Hall;Braelon Allen;Tyron Smith;Morgan Moses;Tyler Conklin;Davante Adams;Garrett Wilson,00-0035239;00-0039007;00-0038663;00-0035636;00-0038623;00-0039864;00-0034375;00-0036568;00-0036995;00-0037330;00-0033890,Sean Murphy-Bunting;Garrett Williams;Starling Thomas V;L.J. Collier;Dante Stills;Dadrion Taylor-Demerson;Kyzir White;Roy Lopez;Baron Browning;Jesse Luketa;Budda Baker
2024_10_NYJ_ARI,447,run,12.0,33.0,21.0,NYJ,1.0,3322.0,33.0,30.0,10:22,9:52,,7.0,0.0,1.0,10.0,"2 CB, 2 DT, 1 FS, 2 ILB, 1 NT, 2 OLB, 1 SS",CB;CB;DT;DT;FS;ILB;ILB;NT;OLB;OLB;SS,11,6,0,,,False,00-0039145;00-0036369;00-0036979;00-0023459;00-0039794;00-0027947;00-0031330;00-0036510;00-0037805;00-0031381;00-0037740,Joe Tippmann;John Simpson;Alijah Vera-Tucker;Aaron Rodgers;Braelon Allen;Tyron Smith;Morgan Moses;Kenny Yeboah;Jeremy Ruckert;Davante Adams;Garrett Wilson,00-0035239;00-0038663;00-0036695;00-0038623;00-0039864;00-0034375;00-0035144;00-0036909;00-0036896;00-0037330;00-0033890,Sean Murphy-Bunting;Starling Thomas V;Naquan Jones;Dante Stills;Dadrion Taylor-Demerson;Kyzir White;Mack Wilson;Khyiris Tonga;Victor Dimukeje;Jesse Luketa;Budda Baker
2024_10_NYJ_ARI,469,pass,4.0,21.0,17.0,NYJ,1.0,3292.0,21.0,37.0,9:52,9:15,,7.0,0.0,1.0,10.0,"2 CB, 2 DT, 1 FS, 2 ILB, 1 NT, 2 OLB, 1 SS",CB;CB;DT;DT;FS;ILB;ILB;NT;OLB;OLB;SS,11,6,4,MAN_COVERAGE,2_MAN,False,00-0039145;00-0036369;00-0036979;00-0023459;00-0039794;00-0027947;00-0031330;00-0036510;00-0037805;00-0031381;00-0037740,Joe Tippmann;John Simpson;Alijah Vera-Tucker;Aaron Rodgers;Braelon Allen;Tyron Smith;Morgan Moses;Kenny Yeboah;Jeremy Ruckert;Davante Adams;Garrett Wilson,00-0035239;00-0038663;00-0036695;00-0038623;00-0039864;00-0034375;00-0035144;00-0036909;00-0036896;00-0037330;00-0033890,Sean Murphy-Bunting;Starling Thomas V;Naquan Jones;Dante Stills;Dadrion Taylor-Demerson;Kyzir White;Mack Wilson;Khyiris Tonga;Victor Dimukeje;Jesse Luketa;Budda Baker
2024_10_NYJ_ARI,497,pass,6.0,17.0,11.0,NYJ,1.0,3255.0,17.0,33.0,9:15,8:42,,7.0,0.0,2.0,6.0,"3 CB, 2 DT, 1 FS, 2 ILB, 2 OLB, 1 SS",CB;CB;CB;DT;DT;FS;ILB;ILB;OLB;OLB;SS,11,5,4,MAN_COVERAGE,2_MAN,False,00-0039145;00-0036369;00-0036979;00-0023459;00-0038120;00-0027947;00-0031330;00-0034270;00-0031381;00-0037740;00-0038496,Joe Tippmann;John Simpson;Alijah Vera-Tucker;Aaron Rodgers;Breece Hall;Tyron Smith;Morgan Moses;Tyler Conklin;Davante Adams;Garrett Wilson;Xavier Gipson,00-0035239;00-0039007;00-0038663;00-0035636;00-0036695;00-0039864;00-0034375;00-0035961;00-0036933;00-0037330;00-0033890,Sean Murphy-Bunting;Garrett Williams;Starling Thomas V;L.J. Collier;Naquan Jones;Dadrion Taylor-Demerson;Kyzir White;Krys Barnes;Zaven Collins;Jesse Luketa;Budda Baker
2024_10_NYJ_ARI,529,run,4.0,11.0,7.0,NYJ,1.0,3222.0,11.0,38.0,8:42,8:04,,7.0,0.0,1.0,10.0,"3 CB, 2 DT, 1 FS, 2 ILB, 2 OLB, 1 SS",CB;CB;CB;DT;DT;FS;ILB;ILB;OLB;OLB;SS,11,6,0,,,False,00-0039145;00-0036369;00-0036979;00-0023459;00-0038120;00-0027947;00-0031330;00-0034270;00-0031381;00-0037740;00-0038496,Joe Tippmann;John Simpson;Alijah Vera-Tucker;Aaron Rodgers;Breece Hall;Tyron Smith;Morgan Moses;Tyler Conklin;Davante Adams;Garrett Wilson;Xavier Gipson,00-0035239;00-0039007;00-0038663;00-0035636;00-0036695;00-0039864;00-0034375;00-0035961;00-0036933;00-0037330;00-0033890,Sean Murphy-Bunting;Garrett Williams;Starling Thomas V;L.J. Collier;Naquan Jones;Dadrion Taylor-Demerson;Kyzir White;Krys Barnes;Zaven Collins;Jesse Luketa;Budda Baker
2024_10_NYJ_ARI,551,pass,0.0,7.0,7.0,NYJ,1.0,3184.0,7.0,7.0,8:04,7:57,,7.0,0.0,2.0,6.0,"3 CB, 2 DT, 1 FS, 2 ILB, 2 OLB, 1 SS",CB;CB;CB;DT;DT;FS;ILB;ILB;OLB;OLB;SS,11,6,4,MAN_COVERAGE,2_MAN,False,00-0039145;00-0036369;00-0036979;00-0023459;00-0038120;00-0027947;00-0031330;00-0034270;00-0031381;00-0037740;00-0039920,Joe Tippmann;John Simpson;Alijah Vera-Tucker;Aaron Rodgers;Breece Hall;Tyron Smith;Morgan Moses;Tyler Conklin;Davante Adams;Garrett Wilson;Malachi Corley,00-0035239;00-0039007;00-0038663;00-0035636;00-0036695;00-0039864;00-0034375;00-0035144;00-0036896;00-0039367;00-0033890,Sean Murphy-Bunting;Garrett Williams;Starling Thomas V;L.J. Collier;Naquan Jones;Dadrion Taylor-Demerson;Kyzir White;Mack Wilson;Victor Dimukeje;Xavier Thomas;Budda Baker
2024_10_NYJ_ARI,586,pass,0.0,7.0,7.0,NYJ,1.0,3177.0,7.0,6.0,7:57,7:51,,7.0,0.0,3.0,6.0,"3 CB, 1 DT, 1 FS, 2 ILB, 1 NT, 2 OLB, 1 SS",CB;CB;CB;DT;FS;ILB;ILB;NT;OLB;OLB;SS,11,4,4,MAN_COVERAGE,2_MAN,True,00-0039145;00-0036369;00-0036979;00-0023459;00-0038120;00-0027947;00-0031330;00-0034270;00-0031381;00-0037740;00-0038496,Joe Tippmann;John Simpson;Alijah Vera-Tucker;Aaron Rodgers;Breece Hall;Tyron Smith;Morgan Moses;Tyler Conklin;Davante Adams;Garrett Wilson;Xavier Gipson,00-0035239;00-0039007;00-0038663;00-0038623;00-0039864;00-0034375;00-0035961;00-0036568;00-0036933;00-0036995;00-0033890,Sean Murphy-Bunting;Garrett Williams;Starling Thomas V;Dante Stills;Dadrion Taylor-Demerson;Kyzir White;Krys Barnes;Roy Lopez;Zaven Collins;Baron Browning;Budda Baker
2024_10_NYJ_ARI,609,field_goal,0.0,7.0,7.0,NYJ,1.0,3171.0,7.0,3.0,7:51,7:48,,7.0,3.0,4.0,6.0,"2 CB, 2 DT, 2 FS, 2 ILB, 1 NT, 2 OLB",CB;CB;DT;DT;FS;FS;ILB;ILB;NT;OLB;OLB,11,0,0,,,False,00-0039145;00-0036369;00-0039576;00-0033260;00-0027114;00-0027947;00-0031330;00-0038114;00-0039790;00-0036510;00-0037805,Joe Tippmann;John Simpson;Spencer Shrader;Thomas Hennessy;Thomas Morstead;Tyron Smith;Morgan Moses;Max Mitchell;Olumuyiwa Fashanu;Kenny Yeboah;Jeremy Ruckert,00-0038663;00-0039807;00-0036695;00-0038623;00-0037141;00-0039864;00-0035961;00-0038600;00-0036568;00-0036896;00-0037330,Starling Thomas V;Max Melton;Naquan Jones;Dante Stills;Joey Blount;Dadrion Taylor-Demerson;Krys Barnes;Owen Pappoe;Roy Lopez;Victor Dimukeje;Jesse Luketa
2024_10_NYJ_ARI,629,kickoff,0.0,35.0,35.0,ARI,1.0,3168.0,35.0,0.0,7:48,7:48,,7.0,3.0,,0.0,"3 CB, 3 ILB, 1 K, 1 RB, 1 SS, 1 TE, 1 WR",CB;CB;CB;ILB;ILB;ILB;K;RB;SS;TE;WR,11,0,0,,,False,00-0039807;00-0037141;00-0035961;00-0038600;00-0036896;00-0037330;00-0036425;00-0039041;00-0039737;00-0033251;00-0035500,Max Melton;Joey Blount;Krys Barnes;Owen Pappoe;Victor Dimukeje;Jesse Luketa;DeeJay Dallas;Elijah Higgins;Tip Reiman;Zach Pascal;Greg Dortch,00-0036504;00-0038401;00-0039789;00-0034902;00-0037003;00-0037526;00-0039576;00-0039798;00-0036329;00-0036510;00-0037156,Brandin Echols;Jarrick Bernard-Converse;Qwan'tez Stiggers;Sam Eguavoen;Chazz Surratt;Marcelino McCrary-Ball;Spencer Shrader;Isaiah Davis;Ashtyn Davis;Kenny Yeboah;Irvin Charles
2024_10_NYJ_ARI,656,pass,3.0,70.0,67.0,ARI,1.0,3168.0,70.0,38.0,7:48,7:10,,7.0,3.0,1.0,10.0,"3 CB, 1 DE, 1 DT, 1 FS, 3 ILB, 1 NT, 1 OLB",CB;CB;CB;DE;DT;FS;ILB;ILB;ILB;NT;OLB,11,7,4,MAN_COVERAGE,COVER_1,False,00-0034495;00-0035258;00-0035992;00-0035228;00-0033553;00-0029316;00-0038540;00-0037744;00-0039737;00-0038559;00-0039849,Evan Brown;Hjalte Froholdt;Trystan Colon;Kyler Murray;James Conner;Kelvin Beachum;Paris Johnson Jr.;Trey McBride;Tip Reiman;Michael Wilson;Marvin Harrison Jr.,00-0032803;00-0034384;00-0037190;00-0039291;00-0034461;00-0037155;00-0034902;00-0035680;00-0036500;00-0035718;00-0033875,Jalen Mills;D.J. Reed;Sauce Gardner;Eric Watts;Bruce Hector;Tony Adams;Sam Eguavoen;Quincy Williams;Jamien Sherwood;Quinnen Williams;Haason Reddick
2024_10_NYJ_ARI,681,pass,17.0,67.0,50.0,ARI,1.0,3130.0,67.0,39.0,7:10,6:31,,7.0,3.0,2.0,7.0,"4 CB, 1 DE, 1 DT, 1 FS, 2 ILB, 1 NT, 1 OLB",CB;CB;CB;CB;DE;DT;FS;ILB;ILB;NT;OLB,11,5,4,ZONE_COVERAGE,COVER_9,False,00-0034495;00-0035258;00-0035992;00-0035228;00-0033553;00-0029316;00-0038540;00-0037744;00-0035500;00-0038559;00-0039849,Evan Brown;Hjalte Froholdt;Trystan Colon;Kyler Murray;James Conner;Kelvin Beachum;Paris Johnson Jr.;Trey McBride;Greg Dortch;Michael Wilson;Marvin Harrison Jr.,00-0032803;00-0034384;00-0036501;00-0037190;00-0039291;00-0034461;00-0037155;00-0035680;00-0036500;00-0035718;00-0033875,Jalen Mills;D.J. Reed;Michael Carter II;Sauce Gardner;Eric Watts;Bruce Hector;Tony Adams;Quincy Williams;Jamien Sherwood;Quinnen Williams;Haason Reddick
2024_10_NYJ_ARI,706,run,1.0,50.0,49.0,ARI,1.0,3091.0,50.0,42.0,6:31,5:49,,7.0,3.0,1.0,10.0,"3 CB, 1 DE, 2 DT, 1 FS, 3 ILB, 1 OLB",CB;CB;CB;DE;DT;DT;FS;ILB;ILB;ILB;OLB,11,6,0,,,False,00-0034495;00-0035258;00-0035992;00-0035228;00-0033553;00-0029316;00-0038540;00-0037744;00-0039041;00-0038559;00-0039849,Evan Brown;Hjalte Froholdt;Trystan Colon;Kyler Murray;James Conner;Kelvin Beachum;Paris Johnson Jr.;Trey McBride;Elijah Higgins;Michael Wilson;Marvin Harrison Jr.,00-0032803;00-0034384;00-0037190;00-0039291;00-0034461;00-0036260;00-0037155;00-0034902;00-0035680;00-0036500;00-0033875,Jalen Mills;D.J. Reed;Sauce Gardner;Eric Watts;Bruce Hector;Javon Kinlaw;Tony Adams;Sam Eguavoen;Quincy Williams;Jamien Sherwood;Haason Reddick
2024_10_NYJ_ARI,728,run,13.0,49.0,36.0,ARI,1.0,3049.0,49.0,39.0,5:49,5:10,,7.0,3.0,2.0,9.0,"4 CB, 1 DE, 2 DT, 1 FS, 2 ILB, 1 OLB",CB;CB;CB;CB;DE;DT;DT;FS;ILB;ILB;OLB,11,6,0,,,False,00-0034495;00-0035258;00-0035992;00-0035228;00-0039921;00-0029316;00-0038540;00-0037744;00-0035500;00-0038559;00-0039849,Evan Brown;Hjalte Froholdt;Trystan Colon;Kyler Murray;Trey Benson;Kelvin Beachum;Paris Johnson Jr.;Trey McBride;Greg Dortch;Michael Wilson;Marvin Harrison Jr.,00-0032803;00-0034384;00-0036501;00-0037190;00-0039291;00-0034461;00-0036260;00-0037155;00-0035680;00-0036500;00-0033875,Jalen Mills;D.J. Reed;Michael Carter II;Sauce Gardner;Eric Watts;Bruce Hector;Javon Kinlaw;Tony Adams;Quincy Williams;Jamien Sherwood;Haason Reddick
2024_10_NYJ_ARI,750,run,2.0,36.0,34.0,ARI,1.0,3010.0,36.0,40.0,5:10,4:30,,7.0,3.0,1.0,10.0,"3 CB, 1 DE, 1 DT, 1 FS, 3 ILB, 1 NT, 1 OLB",CB;CB;CB;DE;DT;FS;ILB;ILB;ILB;NT;OLB,11,6,0,,,False,00-0034495;00-0035258;00-0035992;00-0035228;00-0039921;00-0029316;00-0038540;00-0037744;00-0039041;00-0039737;00-0033891,Evan Brown;Hjalte Froholdt;Trystan Colon;Kyler Murray;Trey Benson;Kelvin Beachum;Paris Johnson Jr.;Trey McBride;Elijah Higgins;Tip Reiman;Zay Jones,00-0032803;00-0034384;00-0037190;00-0039291;00-0036260;00-0037155;00-0034902;00-0035680;00-0036500;00-0035718;00-0033875,Jalen Mills;D.J. Reed;Sauce Gardner;Eric Watts;Javon Kinlaw;Tony Adams;Sam Eguavoen;Quincy Williams;Jamien Sherwood;Quinnen Williams;Haason Reddick
2024_10_NYJ_ARI,772,pass,18.0,34.0,16.0,ARI,1.0,2970.0,34.0,44.0,4:30,3:46,,7.0,3.0,2.0,8.0,"3 CB, 1 DE, 1 DT, 1 FS, 3 ILB, 1 NT, 1 OLB",CB;CB;CB;DE;DT;FS;ILB;ILB;ILB;NT;OLB,11,5,4,ZONE_COVERAGE,COVER_4,False,00-0034495;00-0035258;00-0035992;00-0035228;00-0039921;00-0029316;00-0038540;00-0037744;00-0039041;00-0039737;00-0039849,Evan Brown;Hjalte Froholdt;Trystan Colon;Kyler Murray;Trey Benson;Kelvin Beachum;Paris Johnson Jr.;Trey McBride;Elijah Higgins;Tip Reiman;Marvin Harrison Jr.,00-0032803;00-0034384;00-0037190;00-0038107;00-0039289;00-0037155;00-0034902;00-0035680;00-0036500;00-0035718;00-0039142,Jalen Mills;D.J. Reed;Sauce Gardner;Micheal Clemons;Leonard Taylor III;Tony Adams;Sam Eguavoen;Quincy Williams;Jamien Sherwood;Quinnen Williams;Will McDonald IV
2024_10_NYJ_ARI,797,no_play,0.0,16.0,16.0,ARI,1.0,2926.0,16.0,4.0,3:46,3:42,,7.0,3.0,1.0,10.0,"4 CB, 1 DE, 1 DT, 1 FS, 2 ILB, 1 NT, 1 OLB",CB;CB;CB;CB;DE;DT;FS;ILB;ILB;NT;OLB,11,6,4,MAN_COVERAGE,COVER_1,False,00-0034495;00-0035258;00-0035992;00-0035228;00-0039921;00-0029316;00-0038540;00-0037744;00-0033891;00-0038559;00-0039849,Evan Brown;Hjalte Froholdt;Trystan Colon;Kyler Murray;Trey Benson;Kelvin Beachum;Paris Johnson Jr.;Trey McBride;Zay Jones;Michael Wilson;Marvin Harrison Jr.,00-0032803;00-0034357;00-0034384;00-0037190;00-0038107;00-0039289;00-0037155;00-0035680;00-0036500;00-0035718;00-0039142,Jalen Mills;Isaiah Oliver;D.J. Reed;Sauce Gardner;Micheal Clemons;Leonard Taylor III;Tony Adams;Quincy Williams;Jamien Sherwood;Quinnen Williams;Will McDonald IV
2024_10_NYJ_ARI,843,run,0.0,1.0,1.0,ARI,1.0,2922.0,1.0,39.0,3:42,3:03,,7.0,3.0,1.0,1.0,"3 CB, 1 DE, 1 DT, 1 FS, 3 ILB, 1 NT, 1 OLB",CB;CB;CB;DE;DT;FS;ILB;ILB;ILB;NT;OLB,11,7,0,,,False,00-0034495;00-0035258;00-0035992;00-0035228;00-0033553;00-0029316;00-0038540;00-0037744;00-0039737;00-0038559;00-0039849,Evan Brown;Hjalte Froholdt;Trystan Colon;Kyler Murray;James Conner;Kelvin Beachum;Paris Johnson Jr.;Trey McBride;Tip Reiman;Michael Wilson;Marvin Harrison Jr.,00-0032803;00-0034384;00-0037190;00-0038107;00-0036260;00-0037155;00-0034902;00-0035680;00-0036500;00-0035718;00-0039142,Jalen Mills;D.J. Reed;Sauce Gardner;Micheal Clemons;Javon Kinlaw;Tony Adams;Sam Eguavoen;Quincy Williams;Jamien Sherwood;Quinnen Williams;Will McDonald IV
2024_10_NYJ_ARI,865,pass,0.0,1.0,1.0,ARI,1.0,2883.0,1.0,3.0,3:03,3:00,,7.0,3.0,2.0,1.0,"1 CB, 2 DE, 3 DT, 4 ILB, 1 NT",CB;DE;DE;DT;DT;DT;ILB;ILB;ILB;ILB;NT,11,7,6,MAN_COVERAGE,COVER_0,False,00-0034495;00-0035258;00-0035992;00-0035228;00-0033553;00-0038705;00-0029316;00-0038540;00-0037744;00-0039041;00-0039737,Evan Brown;Hjalte Froholdt;Trystan Colon;Kyler Murray;James Conner;Emari Demercado;Kelvin Beachum;Paris Johnson Jr.;Trey McBride;Elijah Higgins;Tip Reiman,00-0032803;00-0038107;00-0039291;00-0034461;00-0036260;00-0039289;00-0034902;00-0035680;00-0036500;00-0037526;00-0035718,Jalen Mills;Micheal Clemons;Eric Watts;Bruce Hector;Javon Kinlaw;Leonard Taylor III;Sam Eguavoen;Quincy Williams;Jamien Sherwood;Marcelino McCrary-Ball;Quinnen Williams
2024_10_NYJ_ARI,900,run,1.0,1.0,0.0,ARI,1.0,2880.0,1.0,6.0,3:00,2:54,,13.0,3.0,3.0,1.0,"1 CB, 2 DE, 3 DT, 4 ILB, 1 NT",CB;DE;DE;DT;DT;DT;ILB;ILB;ILB;ILB;NT,11,7,0,,,False,00-0034495;00-0035258;00-0035992;00-0035228;00-0033553;00-0029316;00-0036195;00-0038540;00-0037744;00-0039041;00-0039737,Evan Brown;Hjalte Froholdt;Trystan Colon;Kyler Murray;James Conner;Kelvin Beachum;Charlie Heck;Paris Johnson Jr.;Trey McBride;Elijah Higgins;Tip Reiman,00-0032803;00-0038107;00-0039291;00-0034461;00-0036260;00-0039289;00-0034902;00-0035680;00-0036500;00-0037526;00-0035718,Jalen Mills;Micheal Clemons;Eric Watts;Bruce Hector;Javon Kinlaw;Leonard Taylor III;Sam Eguavoen;Quincy Williams;Jamien Sherwood;Marcelino McCrary-Ball;Quinnen Williams
2024_10_NYJ_ARI,945,extra_point,0.0,15.0,15.0,ARI,1.0,2874.0,15.0,0.0,2:54,2:54,,14.0,3.0,,0.0,"3 CB, 2 DE, 1 DT, 3 ILB, 1 NT, 1 SS",CB;CB;CB;DE;DE;DT;ILB;ILB;ILB;NT;SS,11,0,0,,,False,00-0034495;00-0035258;00-0035992;00-0038571;00-0038567;00-0028946;00-0035859;00-0036195;00-0038540;00-0037744;00-0039737,Evan Brown;Hjalte Froholdt;Trystan Colon;Jon Gaines II;Chad Ryland;Aaron Brewer;Blake Gillikin;Charlie Heck;Paris Johnson Jr.;Trey McBride;Tip Reiman,00-0034357;00-0036504;00-0038401;00-0038107;00-0039291;00-0036260;00-0034902;00-0036500;00-0037526;00-0035718;00-0036329,Isaiah Oliver;Brandin Echols;Jarrick Bernard-Converse;Micheal Clemons;Eric Watts;Javon Kinlaw;Sam Eguavoen;Jamien Sherwood;Marcelino McCrary-Ball;Quinnen Williams;Ashtyn Davis
2024_10_NYJ_ARI,960,kickoff,0.0,35.0,35.0,NYJ,1.0,2874.0,35.0,0.0,2:54,2:54,,14.0,3.0,,0.0,"2 CB, 1 FS, 2 ILB, 1 K, 2 OLB, 2 RB, 1 WR",CB;CB;FS;ILB;ILB;K;OLB;OLB;RB;RB;WR,11,0,0,,,False,00-0039789;00-0034902;00-0037003;00-0037526;00-0039794;00-0039798;00-0036329;00-0036510;00-0037805;00-0037156;00-0038496,Qwan'tez Stiggers;Sam Eguavoen;Chazz Surratt;Marcelino McCrary-Ball;Braelon Allen;Isaiah Davis;Ashtyn Davis;Kenny Yeboah;Jeremy Ruckert;Irvin Charles;Xavier Gipson,00-0038984;00-0039807;00-0037141;00-0035961;00-0038600;00-0038567;00-0036896;00-0037330;00-0036425;00-0038705;00-0033251,Kei'Trel Clark;Max Melton;Joey Blount;Krys Barnes;Owen Pappoe;Chad Ryland;Victor Dimukeje;Jesse Luketa;DeeJay Dallas;Emari Demercado;Zach Pascal
2024_10_NYJ_ARI,984,pass,7.0,70.0,63.0,NYJ,1.0,2874.0,70.0,29.0,2:54,2:25,,14.0,3.0,1.0,10.0,"3 CB, 2 DT, 1 FS, 2 ILB, 1 NT, 1 OLB, 1 SS",CB;CB;CB;DT;DT;FS;ILB;ILB;NT;OLB;SS,11,5,4,ZONE_COVERAGE,COVER_2,False,00-0039145;00-0036369;00-0036979;00-0023459;00-0038120;00-0039794;00-0027947;00-0031330;00-0034270;00-0031381;00-0037740,Joe Tippmann;John Simpson;Alijah Vera-Tucker;Aaron Rodgers;Breece Hall;Braelon Allen;Tyron Smith;Morgan Moses;Tyler Conklin;Davante Adams;Garrett Wilson,00-0035239;00-0039007;00-0038663;00-0036695;00-0038623;00-0039864;00-0034375;00-0035144;00-0036909;00-0036933;00-0033890,Sean Murphy-Bunting;Garrett Williams;Starling Thomas V;Naquan Jones;Dante Stills;Dadrion Taylor-Demerson;Kyzir White;Mack Wilson;Khyiris Tonga;Zaven Collins;Budda Baker
2024_10_NYJ_ARI,1009,run,1.0,63.0,62.0,NYJ,1.0,2845.0,63.0,41.0,2:25,1:44,,14.0,3.0,2.0,3.0,"3 CB, 2 DT, 1 FS, 2 ILB, 1 NT, 1 OLB, 1 SS",CB;CB;CB;DT;DT;FS;ILB;ILB;NT;OLB;SS,11,5,0,,,False,00-0039145;00-0036369;00-0036979;00-0023459;00-0038120;00-0039794;00-0027947;00-0031330;00-0034270;00-0031381;00-0037740,Joe Tippmann;John Simpson;Alijah Vera-Tucker;Aaron Rodgers;Breece Hall;Braelon Allen;Tyron Smith;Morgan Moses;Tyler Conklin;Davante Adams;Garrett Wilson,00-0035239;00-0039007;00-0038663;00-0036695;00-0038623;00-0039864;00-0034375;00-0035144;00-0036909;00-0036933;00-0033890,Sean Murphy-Bunting;Garrett Williams;Starling Thomas V;Naquan Jones;Dante Stills;Dadrion Taylor-Demerson;Kyzir White;Mack Wilson;Khyiris Tonga;Zaven Collins;Budda Baker
2024_10_NYJ_ARI,1031,pass,2.0,62.0,60.0,NYJ,1.0,2804.0,62.0,38.0,1:44,1:06,,14.0,3.0,3.0,2.0,"3 CB, 1 DT, 1 FS, 2 ILB, 3 OLB, 1 SS",CB;CB;CB;DT;FS;ILB;ILB;OLB;OLB;OLB;SS,11,5,5,MAN_COVERAGE,COVER_0,False,00-0039145;00-0036369;00-0036979;00-0023459;00-0038120;00-0027947;00-0031330;00-0034270;00-0031381;00-0037740;00-0039920,Joe Tippmann;John Simpson;Alijah Vera-Tucker;Aaron Rodgers;Breece Hall;Tyron Smith;Morgan Moses;Tyler Conklin;Davante Adams;Garrett Wilson;Malachi Corley,00-0035239;00-0039007;00-0038663;00-0038623;00-0039864;00-0034375;00-0035144;00-0036933;00-0036995;00-0039367;00-0033890,Sean Murphy-Bunting;Garrett Williams;Starling Thomas V;Dante Stills;Dadrion Taylor-Demerson;Kyzir White;Mack Wilson;Zaven Collins;Baron Browning;Xavier Thomas;Budda Baker
2024_10_NYJ_ARI,1056,run,1.0,60.0,59.0,NYJ,1.0,2766.0,60.0,40.0,1:06,0:26,,14.0,3.0,1.0,10.0,"3 CB, 2 DT, 1 FS, 2 ILB, 1 NT, 1 OLB, 1 SS",CB;CB;CB;DT;DT;FS;ILB;ILB;NT;OLB;SS,11,5,0,,,False,00-0039145;00-0036369;00-0036979;00-0023459;00-0038120;00-0027947;00-0031330;00-0037805;00-0031381;00-0037740;00-0039920,Joe Tippmann;John Simpson;Alijah Vera-Tucker;Aaron Rodgers;Breece Hall;Tyron Smith;Morgan Moses;Jeremy Ruckert;Davante Adams;Garrett Wilson;Malachi Corley,00-0035239;00-0039007;00-0038663;00-0035636;00-0038623;00-0039864;00-0034375;00-0035144;00-0036568;00-0036896;00-0033890,Sean Murphy-Bunting;Garrett Williams;Starling Thomas V;L.J. Collier;Dante Stills;Dadrion Taylor-Demerson;Kyzir White;Mack Wilson;Roy Lopez;Victor Dimukeje;Budda Baker
2024_10_NYJ_ARI,1078,pass,3.0,59.0,56.0,NYJ,1.0,2726.0,59.0,26.0,0:26,0:00,,14.0,3.0,2.0,9.0,"3 CB, 1 DT, 1 FS, 2 ILB, 3 OLB, 1 SS",CB;CB;CB;DT;FS;ILB;ILB;OLB;OLB;OLB;SS,11,6,4,ZONE_COVERAGE,COVER_4,False,00-0039145;00-0036369;00-0036979;00-0023459;00-0038120;00-0027947;00-0031330;00-0037805;00-0031381;00-0037740;00-0038496,Joe Tippmann;John Simpson;Alijah Vera-Tucker;Aaron Rodgers;Breece Hall;Tyron Smith;Morgan Moses;Jeremy Ruckert;Davante Adams;Garrett Wilson;Xavier Gipson,00-0035239;00-0039007;00-0038663;00-0038623;00-0039864;00-0034375;00-0035144;00-0036933;00-0036995;00-0039367;00-0033890,Sean Murphy-Bunting;Garrett Williams;Starling Thomas V;Dante Stills;Dadrion Taylor-Demerson;Kyzir White;Mack Wilson;Zaven Collins;Baron Browning;Xavier Thomas;Budda Baker
2024_10_NYJ_ARI,1103,start_quarter_2,,,,NYJ,1.0,2700.0,,0.0,0:00,0:00,,14.0,3.0,,0.0,,,,,,,,,,,,
2024_10_NYJ_ARI,1123,pass,12.0,56.0,44.0,NYJ,2.0,2700.0,56.0,35.0,15:00,14:25,,14.0,3.0,3.0,6.0,"3 CB, 1 DT, 1 FS, 2 ILB, 3 OLB, 1 SS",CB;CB;CB;DT;FS;ILB;ILB;OLB;OLB;OLB;SS,11,6,5,ZONE_COVERAGE,COVER_2,False,00-0039145;00-0036369;00-0036979;00-0023459;00-0038120;00-0027947;00-0031330;00-0034270;00-0031381;00-0037740;00-0038496,Joe Tippmann;John Simpson;Alijah Vera-Tucker;Aaron Rodgers;Breece Hall;Tyron Smith;Morgan Moses;Tyler Conklin;Davante Adams;Garrett Wilson;Xavier Gipson,00-0035239;00-0039007;00-0038663;00-0038623;00-0039864;00-0034375;00-0035144;00-0036933;00-0036995;00-0039367;00-0033890,Sean Murphy-Bunting;Garrett Williams;Starling Thomas V;Dante Stills;Dadrion Taylor-Demerson;Kyzir White;Mack Wilson;Zaven Collins;Baron Browning;Xavier Thomas;Budda Baker
2024_10_NYJ_ARI,1148,run,6.0,44.0,38.0,NYJ,2.0,2665.0,44.0,38.0,14:25,13:47,,14.0,3.0,1.0,10.0,"3 CB, 2 DT, 1 FS, 2 ILB, 1 NT, 1 OLB, 1 SS",CB;CB;CB;DT;DT;FS;ILB;ILB;NT;OLB;SS,11,5,0,,,False,00-0039145;00-0036369;00-0036979;00-0023459;00-0038120;00-0027947;00-0031330;00-0034270;00-0037805;00-0031381;00-0037740,Joe Tippmann;John Simpson;Alijah Vera-Tucker;Aaron Rodgers;Breece Hall;Tyron Smith;Morgan Moses;Tyler Conklin;Jeremy Ruckert;Davante Adams;Garrett Wilson,00-0035239;00-0039007;00-0038663;00-0035636;00-0036695;00-0039864;00-0034375;00-0035144;00-0036568;00-0036896;00-0033890,Sean Murphy-Bunting;Garrett Williams;Starling Thomas V;L.J. Collier;Naquan Jones;Dadrion Taylor-Demerson;Kyzir White;Mack Wilson;Roy Lopez;Victor Dimukeje;Budda Baker
2024_10_NYJ_ARI,1170,run,7.0,38.0,31.0,NYJ,2.0,2627.0,38.0,41.0,13:47,13:06,,14.0,3.0,2.0,4.0,"3 CB, 2 DT, 1 FS, 2 ILB, 1 NT, 1 OLB, 1 SS",CB;CB;CB;DT;DT;FS;ILB;ILB;NT;OLB;SS,11,5,0,,,False,00-0039145;00-0036369;00-0036979;00-0023459;00-0038120;00-0027947;00-0031330;00-0034270;00-0037805;00-0031381;00-0037740,Joe Tippmann;John Simpson;Alijah Vera-Tucker;Aaron Rodgers;Breece Hall;Tyron Smith;Morgan Moses;Tyler Conklin;Jeremy Ruckert;Davante Adams;Garrett Wilson,00-0035239;00-0039007;00-0038663;00-0035636;00-0036695;00-0039864;00-0034375;00-0035144;00-0036568;00-0036896;00-0033890,Sean Murphy-Bunting;Garrett Williams;Starling Thomas V;L.J. Collier;Naquan Jones;Dadrion Taylor-Demerson;Kyzir White;Mack Wilson;Roy Lopez;Victor Dimukeje;Budda Baker
2024_10_NYJ_ARI,1192,run,-1.0,31.0,32.0,NYJ,2.0,2586.0,31.0,38.0,13:06,12:28,,14.0,3.0,1.0,10.0,"2 CB, 2 DT, 1 FS, 2 ILB, 1 NT, 2 OLB, 1 SS",CB;CB;DT;DT;FS;ILB;ILB;NT;OLB;OLB;SS,11,6,0,,,False,00-0039145;00-0036369;00-0036979;00-0023459;00-0039794;00-0027947;00-0031330;00-0034270;00-0036510;00-0037805;00-0039920,Joe Tippmann;John Simpson;Alijah Vera-Tucker;Aaron Rodgers;Braelon Allen;Tyron Smith;Morgan Moses;Tyler Conklin;Kenny Yeboah;Jeremy Ruckert;Malachi Corley,00-0035239;00-0038663;00-0035636;00-0036695;00-0039864;00-0034375;00-0035144;00-0036568;00-0036933;00-0037330;00-0033890,Sean Murphy-Bunting;Starling Thomas V;L.J. Collier;Naquan Jones;Dadrion Taylor-Demerson;Kyzir White;Mack Wilson;Roy Lopez;Zaven Collins;Jesse Luketa;Budda Baker
2024_10_NYJ_ARI,1214,run,5.0,32.0,27.0,NYJ,2.0,2548.0,32.0,44.0,12:28,11:44,,14.0,3.0,2.0,11.0,"3 CB, 1 DT, 1 FS, 2 ILB, 3 OLB, 1 SS",CB;CB;CB;DT;FS;ILB;ILB;OLB;OLB;OLB;SS,11,6,0,,,False,00-0039145;00-0036369;00-0036979;00-0023459;00-0039794;00-0027947;00-0031330;00-0034270;00-0031381;00-0037740;00-0038496,Joe Tippmann;John Simpson;Alijah Vera-Tucker;Aaron Rodgers;Braelon Allen;Tyron Smith;Morgan Moses;Tyler Conklin;Davante Adams;Garrett Wilson;Xavier Gipson,00-0035239;00-0039007;00-0038663;00-0038623;00-0039864;00-0034375;00-0035144;00-0036933;00-0036995;00-0039367;00-0033890,Sean Murphy-Bunting;Garrett Williams;Starling Thomas V;Dante Stills;Dadrion Taylor-Demerson;Kyzir White;Mack Wilson;Zaven Collins;Baron Browning;Xavier Thomas;Budda Baker
2024_10_NYJ_ARI,1236,pass,0.0,27.0,27.0,NYJ,2.0,2504.0,27.0,3.0,11:44,11:41,,14.0,3.0,3.0,6.0,"3 CB, 1 DT, 1 FS, 2 ILB, 3 OLB, 1 SS",CB;CB;CB;DT;FS;ILB;ILB;OLB;OLB;OLB;SS,11,6,6,MAN_COVERAGE,COVER_0,False,00-0039145;00-0036369;00-0036979;00-0023459;00-0038120;00-0027947;00-0031330;00-0034270;00-0031381;00-0037740;00-0038496,Joe Tippmann;John Simpson;Alijah Vera-Tucker;Aaron Rodgers;Breece Hall;Tyron Smith;Morgan Moses;Tyler Conklin;Davante Adams;Garrett Wilson;Xavier Gipson,00-0035239;00-0039007;00-0038663;00-0038623;00-0039864;00-0034375;00-0035144;00-0036933;00-0036995;00-0039367;00-0033890,Sean Murphy-Bunting;Garrett Williams;Starling Thomas V;Dante Stills;Dadrion Taylor-Demerson;Kyzir White;Mack Wilson;Zaven Collins;Baron Browning;Xavier Thomas;Budda Baker
2024_10_NYJ_ARI,1259,field_goal,0.0,27.0,27.0,NYJ,2.0,2501.0,27.0,4.0,11:41,11:37,,14.0,6.0,4.0,6.0,"2 CB, 2 DT, 2 FS, 2 ILB, 1 NT, 2 OLB",CB;CB;DT;DT;FS;FS;ILB;ILB;NT;OLB;OLB,11,0,0,,,False,00-0039145;00-0036369;00-0039576;00-0033260;00-0027114;00-0027947;00-0031330;00-0038114;00-0039790;00-0036510;00-0037805,Joe Tippmann;John Simpson;Spencer Shrader;Thomas Hennessy;Thomas Morstead;Tyron Smith;Morgan Moses;Max Mitchell;Olumuyiwa Fashanu;Kenny Yeboah;Jeremy Ruckert,00-0038663;00-0039807;00-0036695;00-0038623;00-0037141;00-0039864;00-0035961;00-0038600;00-0036568;00-0036896;00-0037330,Starling Thomas V;Max Melton;Naquan Jones;Dante Stills;Joey Blount;Dadrion Taylor-Demerson;Krys Barnes;Owen Pappoe;Roy Lopez;Victor Dimukeje;Jesse Luketa
2024_10_NYJ_ARI,1279,kickoff,0.0,35.0,35.0,ARI,2.0,2497.0,35.0,0.0,11:37,11:37,,14.0,6.0,,0.0,"3 CB, 3 ILB, 1 K, 1 RB, 1 SS, 1 TE, 1 WR",CB;CB;CB;ILB;ILB;ILB;K;RB;SS;TE;WR,11,0,0,,,False,00-0039807;00-0037141;00-0035961;00-0038600;00-0036896;00-0037330;00-0036425;00-0039041;00-0039737;00-0033251;00-0035500,Max Melton;Joey Blount;Krys Barnes;Owen Pappoe;Victor Dimukeje;Jesse Luketa;DeeJay Dallas;Elijah Higgins;Tip Reiman;Zach Pascal;Greg Dortch,00-0036504;00-0038401;00-0039789;00-0034902;00-0037003;00-0037526;00-0039576;00-0039798;00-0036329;00-0036510;00-0037156,Brandin Echols;Jarrick Bernard-Converse;Qwan'tez Stiggers;Sam Eguavoen;Chazz Surratt;Marcelino McCrary-Ball;Spencer Shrader;Isaiah Davis;Ashtyn Davis;Kenny Yeboah;Irvin Charles
2024_10_NYJ_ARI,1303,pass,-1.0,70.0,71.0,ARI,2.0,2497.0,70.0,41.0,11:37,10:56,,14.0,6.0,1.0,10.0,"3 CB, 1 DE, 2 DT, 1 FS, 3 ILB, 1 OLB",CB;CB;CB;DE;DT;DT;FS;ILB;ILB;ILB;OLB,11,6,5,MAN_COVERAGE,COVER_1,False,00-0034495;00-0035258;00-0035992;00-0035228;00-0033553;00-0029316;00-0038540;00-0037744;00-0039737;00-0035500;00-0039849,Evan Brown;Hjalte Froholdt;Trystan Colon;Kyler Murray;James Conner;Kelvin Beachum;Paris Johnson Jr.;Trey McBride;Tip Reiman;Greg Dortch;Marvin Harrison Jr.,00-0032803;00-0034384;00-0037190;00-0038107;00-0034461;00-0036260;00-0037155;00-0034902;00-0035680;00-0036500;00-0039142,Jalen Mills;D.J. Reed;Sauce Gardner;Micheal Clemons;Bruce Hector;Javon Kinlaw;Tony Adams;Sam Eguavoen;Quincy Williams;Jamien Sherwood;Will McDonald IV
2024_10_NYJ_ARI,1328,pass,4.0,71.0,67.0,ARI,2.0,2456.0,71.0,36.0,10:56,10:20,,14.0,6.0,2.0,11.0,"4 CB, 1 DE, 2 DT, 1 FS, 2 ILB, 1 OLB",CB;CB;CB;CB;DE;DT;DT;FS;ILB;ILB;OLB,11,6,4,MAN_COVERAGE,COVER_1,False,00-0034495;00-0035258;00-0035992;00-0035228;00-0033553;00-0029316;00-0038540;00-0037744;00-0033891;00-0038559;00-0039849,Evan Brown;Hjalte Froholdt;Trystan Colon;Kyler Murray;James Conner;Kelvin Beachum;Paris Johnson Jr.;Trey McBride;Zay Jones;Michael Wilson;Marvin Harrison Jr.,00-0032803;00-0034384;00-0036501;00-0037190;00-0038107;00-0034461;00-0036260;00-0037155;00-0035680;00-0036500;00-0039142,Jalen Mills;D.J. Reed;Michael Carter II;Sauce Gardner;Micheal Clemons;Bruce Hector;Javon Kinlaw;Tony Adams;Quincy Williams;Jamien Sherwood;Will McDonald IV
2024_10_NYJ_ARI,1358,pass,17.0,67.0,50.0,ARI,2.0,2420.0,67.0,43.0,10:20,9:37,,14.0,6.0,3.0,7.0,"4 CB, 1 DT, 1 FS, 2 ILB, 1 NT, 2 OLB",CB;CB;CB;CB;DT;FS;ILB;ILB;NT;OLB;OLB,11,5,6,MAN_COVERAGE,COVER_1,True,00-0034495;00-0035258;00-0035992;00-0035228;00-0038705;00-0029316;00-0038540;00-0037744;00-0033891;00-0038559;00-0039849,Evan Brown;Hjalte Froholdt;Trystan Colon;Kyler Murray;Emari Demercado;Kelvin Beachum;Paris Johnson Jr.;Trey McBride;Zay Jones;Michael Wilson;Marvin Harrison Jr.,00-0032803;00-0034384;00-0036501;00-0037190;00-0036260;00-0037155;00-0035680;00-0036500;00-0035718;00-0033875;00-0039142,Jalen Mills;D.J. Reed;Michael Carter II;Sauce Gardner;Javon Kinlaw;Tony Adams;Quincy Williams;Jamien Sherwood;Quinnen Williams;Haason Reddick;Will McDonald IV
2024_10_NYJ_ARI,1388,pass,11.0,50.0,39.0,ARI,2.0,2377.0,50.0,30.0,9:37,9:07,,14.0,6.0,1.0,10.0,"3 CB, 1 DT, 1 FS, 3 ILB, 1 NT, 2 OLB",CB;CB;CB;DT;FS;ILB;ILB;ILB;NT;OLB;OLB,11,6,4,ZONE_COVERAGE,COVER_3,False,00-0034495;00-0035258;00-0035992;00-0035228;00-0033553;00-0029316;00-0038540;00-0039737;00-0035500;00-0038559;00-0039849,Evan Brown;Hjalte Froholdt;Trystan Colon;Kyler Murray;James Conner;Kelvin Beachum;Paris Johnson Jr.;Tip Reiman;Greg Dortch;Michael Wilson;Marvin Harrison Jr.,00-0032803;00-0034384;00-0037190;00-0039289;00-0037155;00-0034902;00-0035680;00-0036500;00-0035718;00-0033875;00-0039142,Jalen Mills;D.J. Reed;Sauce Gardner;Leonard Taylor III;Tony Adams;Sam Eguavoen;Quincy Williams;Jamien Sherwood;Quinnen Williams;Haason Reddick;Will McDonald IV
2024_10_NYJ_ARI,1416,pass,6.0,39.0,33.0,ARI,2.0,2347.0,39.0,37.0,9:07,8:30,,14.0,6.0,1.0,10.0,"3 CB, 1 DE, 2 DT, 1 FS, 3 ILB, 1 OLB",CB;CB;CB;DE;DT;DT;FS;ILB;ILB;ILB;OLB,11,6,4,ZONE_COVERAGE,COVER_3,False,00-0034495;00-0035258;00-0035992;00-0035228;00-0033553;00-0029316;00-0038540;00-0037744;00-0039737;00-0038559;00-0039849,Evan Brown;Hjalte Froholdt;Trystan Colon;Kyler Murray;James Conner;Kelvin Beachum;Paris Johnson Jr.;Trey McBride;Tip Reiman;Michael Wilson;Marvin Harrison Jr.,00-0032803;00-0034384;00-0037190;00-0039284;00-0034461;00-0036260;00-0037155;00-0034902;00-0035680;00-0036500;00-0033875,Jalen Mills;D.J. Reed;Sauce Gardner;Braiden McGregor;Bruce Hector;Javon Kinlaw;Tony Adams;Sam Eguavoen;Quincy Williams;Jamien Sherwood;Haason Reddick
2024_10_NYJ_ARI,1453,pass,11.0,33.0,22.0,ARI,2.0,2310.0,33.0,28.0,8:30,8:02,,14.0,6.0,2.0,4.0,"4 CB, 1 DE, 1 DT, 1 FS, 2 ILB, 1 NT, 1 OLB",CB;CB;CB;CB;DE;DT;FS;ILB;ILB;NT;OLB,11,6,4,MAN_COVERAGE,COVER_1,False,00-0034495;00-0035258;00-0035992;00-0035228;00-0033553;00-0029316;00-0038540;00-0037744;00-0039041;00-0033891;00-0039849,Evan Brown;Hjalte Froholdt;Trystan Colon;Kyler Murray;James Conner;Kelvin Beachum;Paris Johnson Jr.;Trey McBride;Elijah Higgins;Zay Jones;Marvin Harrison Jr.,00-0032803;00-0034357;00-0034384;00-0037190;00-0039284;00-0036260;00-0037155;00-0035680;00-0036500;00-0035718;00-0033875,Jalen Mills;Isaiah Oliver;D.J. Reed;Sauce Gardner;Braiden McGregor;Javon Kinlaw;Tony Adams;Quincy Williams;Jamien Sherwood;Quinnen Williams;Haason Reddick
2024_10_NYJ_ARI,1489,pass,-7.0,22.0,29.0,ARI,2.0,2282.0,22.0,44.0,8:02,7:18,,14.0,6.0,1.0,10.0,"4 CB, 1 DE, 1 DT, 1 FS, 2 ILB, 1 NT, 1 OLB",CB;CB;CB;CB;DE;DT;FS;ILB;ILB;NT;OLB,11,6,5,MAN_COVERAGE,COVER_1,True,00-0034495;00-0035258;00-0035992;00-0035228;00-0029316;00-0038540;00-0037744;00-0033891;00-0035500;00-0038559;00-0039849,Evan Brown;Hjalte Froholdt;Trystan Colon;Kyler Murray;Kelvin Beachum;Paris Johnson Jr.;Trey McBride;Zay Jones;Greg Dortch;Michael Wilson;Marvin Harrison Jr.,00-0032803;00-0034384;00-0036501;00-0037190;00-0039284;00-0036260;00-0037155;00-0035680;00-0036500;00-0035718;00-0033875,Jalen Mills;D.J. Reed;Michael Carter II;Sauce Gardner;Braiden McGregor;Javon Kinlaw;Tony Adams;Quincy Williams;Jamien Sherwood;Quinnen Williams;Haason Reddick
2024_10_NYJ_ARI,1526,run,7.0,29.0,22.0,ARI,2.0,2238.0,29.0,45.0,7:18,6:33,,14.0,6.0,2.0,17.0,"4 CB, 1 DE, 1 DT, 1 FS, 2 ILB, 1 NT, 1 OLB",CB;CB;CB;CB;DE;DT;FS;ILB;ILB;NT;OLB,11,6,0,,,False,00-0034495;00-0035258;00-0035992;00-0035228;00-0033553;00-0029316;00-0038540;00-0037744;00-0035500;00-0038559;00-0039849,Evan Brown;Hjalte Froholdt;Trystan Colon;Kyler Murray;James Conner;Kelvin Beachum;Paris Johnson Jr.;Trey McBride;Greg Dortch;Michael Wilson;Marvin Harrison Jr.,00-0032803;00-0034384;00-0036501;00-0037190;00-0039284;00-0036260;00-0037155;00-0035680;00-0036500;00-0035718;00-0033875,Jalen Mills;D.J. Reed;Michael Carter II;Sauce Gardner;Braiden McGregor;Javon Kinlaw;Tony Adams;Quincy Williams;Jamien Sherwood;Quinnen Williams;Haason Reddick
2024_10_NYJ_ARI,1551,pass,13.0,22.0,9.0,ARI,2.0,2193.0,22.0,0.0,6:33,6:33,,14.0,6.0,3.0,10.0,"5 CB, 1 DT, 1 FS, 1 ILB, 1 NT, 2 OLB",CB;CB;CB;CB;CB;DT;FS;ILB;NT;OLB;OLB,11,5,4,MAN_COVERAGE,COVER_1,False,00-0034495;00-0035258;00-0035992;00-0035228;00-0038705;00-0029316;00-0038540;00-0037744;00-0035500;00-0038559;00-0039849,Evan Brown;Hjalte Froholdt;Trystan Colon;Kyler Murray;Emari Demercado;Kelvin Beachum;Paris Johnson Jr.;Trey McBride;Greg Dortch;Michael Wilson;Marvin Harrison Jr.,00-0032803;00-0034357;00-0034384;00-0036501;00-0037190;00-0036260;00-0037155;00-0035680;00-0035718;00-0033875;00-0039142,Jalen Mills;Isaiah Oliver;D.J. Reed;Michael Carter II;Sauce Gardner;Javon Kinlaw;Tony Adams;Quincy Williams;Quinnen Williams;Haason Reddick;Will McDonald IV
2024_10_NYJ_ARI,1563,timeout,0.0,,,,2.0,2193.0,,45.0,6:33,5:48,ARI,14.0,6.0,,0.0,,,,,,,,,,,,
2024_10_NYJ_ARI,1583,pass,9.0,9.0,0.0,ARI,2.0,2148.0,9.0,4.0,5:48,5:44,,20.0,6.0,1.0,9.0,"4 CB, 1 DE, 2 DT, 1 FS, 2 ILB, 1 OLB",CB;CB;CB;CB;DE;DT;DT;FS;ILB;ILB;OLB,11,6,4,MAN_COVERAGE,COVER_0,False,00-0034495;00-0035258;00-0035992;00-0035228;00-0033553;00-0029316;00-0038540;00-0037744;00-0035500;00-0038559;00-0039849,Evan Brown;Hjalte Froholdt;Trystan Colon;Kyler Murray;James Conner;Kelvin Beachum;Paris Johnson Jr.;Trey McBride;Greg Dortch;Michael Wilson;Marvin Harrison Jr.,00-0032803;00-0034357;00-0034384;00-0037190;00-0038107;00-0034461;00-0036260;00-0037155;00-0035680;00-0036500;00-0039142,Jalen Mills;Isaiah Oliver;D.J. Reed;Sauce Gardner;Micheal Clemons;Bruce Hector;Javon Kinlaw;Tony Adams;Quincy Williams;Jamien Sherwood;Will McDonald IV
2024_10_NYJ_ARI,1609,extra_point,0.0,15.0,15.0,ARI,2.0,2144.0,15.0,0.0,5:44,5:44,,21.0,6.0,,0.0,"3 CB, 2 DE, 1 DT, 3 ILB, 1 NT, 1 SS",CB;CB;CB;DE;DE;DT;ILB;ILB;ILB;NT;SS,11,0,0,,,False,00-0034495;00-0035258;00-0035992;00-0038571;00-0038567;00-0028946;00-0035859;00-0036195;00-0038540;00-0037744;00-0039737,Evan Brown;Hjalte Froholdt;Trystan Colon;Jon Gaines II;Chad Ryland;Aaron Brewer;Blake Gillikin;Charlie Heck;Paris Johnson Jr.;Trey McBride;Tip Reiman,00-0034357;00-0036504;00-0038401;00-0038107;00-0039291;00-0036260;00-0034902;00-0036500;00-0037526;00-0035718;00-0036329,Isaiah Oliver;Brandin Echols;Jarrick Bernard-Converse;Micheal Clemons;Eric Watts;Javon Kinlaw;Sam Eguavoen;Jamien Sherwood;Marcelino McCrary-Ball;Quinnen Williams;Ashtyn Davis
2024_10_NYJ_ARI,1624,kickoff,0.0,35.0,35.0,NYJ,2.0,2144.0,35.0,0.0,5:44,5:44,,21.0,6.0,,0.0,"2 CB, 1 FS, 2 ILB, 1 K, 2 OLB, 2 RB, 1 WR",CB;CB;FS;ILB;ILB;K;OLB;OLB;RB;RB;WR,11,0,0,,,False,00-0039789;00-0034902;00-0037003;00-0037526;00-0039794;00-0039798;00-0036329;00-0036510;00-0037805;00-0037156;00-0038496,Qwan'tez Stiggers;Sam Eguavoen;Chazz Surratt;Marcelino McCrary-Ball;Braelon Allen;Isaiah Davis;Ashtyn Davis;Kenny Yeboah;Jeremy Ruckert;Irvin Charles;Xavier Gipson,00-0038984;00-0039807;00-0037141;00-0035961;00-0038600;00-0038567;00-0036896;00-0037330;00-0036425;00-0038705;00-0033251,Kei'Trel Clark;Max Melton;Joey Blount;Krys Barnes;Owen Pappoe;Chad Ryland;Victor Dimukeje;Jesse Luketa;DeeJay Dallas;Emari Demercado;Zach Pascal
2024_10_NYJ_ARI,1648,pass,0.0,70.0,70.0,NYJ,2.0,2144.0,70.0,6.0,5:44,5:38,,21.0,6.0,1.0,10.0,"2 CB, 2 DT, 1 FS, 2 ILB, 1 NT, 2 OLB, 1 SS",CB;CB;DT;DT;FS;ILB;ILB;NT;OLB;OLB;SS,11,6,4,ZONE_COVERAGE,COVER_9,True,00-0039145;00-0036369;00-0036979;00-0023459;00-0038120;00-0027947;00-0031330;00-0034270;00-0037805;00-0031381;00-0037740,Joe Tippmann;John Simpson;Alijah Vera-Tucker;Aaron Rodgers;Breece Hall;Tyron Smith;Morgan Moses;Tyler Conklin;Jeremy Ruckert;Davante Adams;Garrett Wilson,00-0038663;00-0039807;00-0035636;00-0038623;00-0039864;00-0034375;00-0035144;00-0036568;00-0036933;00-0037330;00-0033890,Starling Thomas V;Max Melton;L.J. Collier;Dante Stills;Dadrion Taylor-Demerson;Kyzir White;Mack Wilson;Roy Lopez;Zaven Collins;Jesse Luketa;Budda Baker
2024_10_NYJ_ARI,1671,run,0.0,70.0,70.0,NYJ,2.0,2138.0,70.0,39.0,5:38,4:59,,21.0,6.0,2.0,10.0,"3 CB, 2 DT, 1 FS, 2 ILB, 2 OLB, 1 SS",CB;CB;CB;DT;DT;FS;ILB;ILB;OLB;OLB;SS,11,6,0,,,False,00-0039145;00-0036369;00-0036979;00-0023459;00-0038120;00-0027947;00-0031330;00-0034270;00-0031381;00-0037740;00-0038496,Joe Tippmann;John Simpson;Alijah Vera-Tucker;Aaron Rodgers;Breece Hall;Tyron Smith;Morgan Moses;Tyler Conklin;Davante Adams;Garrett Wilson;Xavier Gipson,00-0039007;00-0038663;00-0039807;00-0035636;00-0038623;00-0039864;00-0034375;00-0035144;00-0036896;00-0037330;00-0033890,Garrett Williams;Starling Thomas V;Max Melton;L.J. Collier;Dante Stills;Dadrion Taylor-Demerson;Kyzir White;Mack Wilson;Victor Dimukeje;Jesse Luketa;Budda Baker
2024_10_NYJ_ARI,1693,pass,-9.0,70.0,79.0,NYJ,2.0,2099.0,70.0,43.0,4:59,4:16,,21.0,6.0,3.0,10.0,"3 CB, 2 DT, 1 FS, 2 ILB, 2 OLB, 1 SS",CB;CB;CB;DT;DT;FS;ILB;ILB;OLB;OLB;SS,11,6,4,ZONE_COVERAGE,COVER_2,True,00-0039145;00-0036369;00-0036979;00-0023459;00-0038120;00-0027947;00-0031330;00-0034270;00-0031381;00-0037740;00-0038496,Joe Tippmann;John Simpson;Alijah Vera-Tucker;Aaron Rodgers;Breece Hall;Tyron Smith;Morgan Moses;Tyler Conklin;Davante Adams;Garrett Wilson;Xavier Gipson,00-0039007;00-0038663;00-0039807;00-0035636;00-0038623;00-0039864;00-0034375;00-0035144;00-0036896;00-0037330;00-0033890,Garrett Williams;Starling Thomas V;Max Melton;L.J. Collier;Dante Stills;Dadrion Taylor-Demerson;Kyzir White;Mack Wilson;Victor Dimukeje;Jesse Luketa;Budda Baker
2024_10_NYJ_ARI,1713,punt,0.0,79.0,79.0,NYJ,2.0,2056.0,79.0,7.0,4:16,4:09,,21.0,6.0,4.0,19.0,"3 CB, 1 FS, 1 ILB, 2 OLB, 2 RB, 2 WR",CB;CB;CB;FS;ILB;OLB;OLB;RB;RB;WR;WR,11,0,0,,,False,00-0036504;00-0034902;00-0037003;00-0037526;00-0033260;00-0027114;00-0039794;00-0039798;00-0036329;00-0036510;00-0037156,Brandin Echols;Sam Eguavoen;Chazz Surratt;Marcelino McCrary-Ball;Thomas Hennessy;Thomas Morstead;Braelon Allen;Isaiah Davis;Ashtyn Davis;Kenny Yeboah;Irvin Charles,00-0038984;00-0038674;00-0039807;00-0037141;00-0038600;00-0036896;00-0037330;00-0036425;00-0038705;00-0033251;00-0035500,Kei'Trel Clark;Divaad Wilson;Max Melton;Joey Blount;Owen Pappoe;Victor Dimukeje;Jesse Luketa;DeeJay Dallas;Emari Demercado;Zach Pascal;Greg Dortch
2024_10_NYJ_ARI,1732,run,6.0,68.0,62.0,ARI,2.0,2049.0,68.0,37.0,4:09,3:32,,21.0,6.0,1.0,10.0,"3 CB, 1 DE, 1 DT, 1 FS, 3 ILB, 1 NT, 1 OLB",CB;CB;CB;DE;DT;FS;ILB;ILB;ILB;NT;OLB,11,6,0,,,False,00-0034495;00-0035258;00-0035992;00-0035228;00-0039921;00-0029316;00-0038540;00-0037744;00-0039737;00-0038559;00-0039849,Evan Brown;Hjalte Froholdt;Trystan Colon;Kyler Murray;Trey Benson;Kelvin Beachum;Paris Johnson Jr.;Trey McBride;Tip Reiman;Michael Wilson;Marvin Harrison Jr.,00-0032803;00-0034384;00-0037190;00-0039291;00-0039289;00-0037155;00-0034902;00-0035680;00-0036500;00-0035718;00-0033875,Jalen Mills;D.J. Reed;Sauce Gardner;Eric Watts;Leonard Taylor III;Tony Adams;Sam Eguavoen;Quincy Williams;Jamien Sherwood;Quinnen Williams;Haason Reddick
2024_10_NYJ_ARI,1761,pass,6.0,62.0,56.0,ARI,2.0,2012.0,62.0,45.0,3:32,2:47,,21.0,6.0,2.0,4.0,"3 CB, 1 DE, 1 DT, 1 FS, 3 ILB, 1 NT, 1 OLB",CB;CB;CB;DE;DT;FS;ILB;ILB;ILB;NT;OLB,11,6,4,ZONE_COVERAGE,COVER_3,False,00-0034495;00-0035258;00-0035992;00-0035228;00-0039921;00-0029316;00-0038540;00-0037744;00-0039041;00-0038559;00-0039849,Evan Brown;Hjalte Froholdt;Trystan Colon;Kyler Murray;Trey Benson;Kelvin Beachum;Paris Johnson Jr.;Trey McBride;Elijah Higgins;Michael Wilson;Marvin Harrison Jr.,00-0032803;00-0034384;00-0037190;00-0039291;00-0039289;00-0037155;00-0034902;00-0035680;00-0036500;00-0035718;00-0033875,Jalen Mills;D.J. Reed;Sauce Gardner;Eric Watts;Leonard Taylor III;Tony Adams;Sam Eguavoen;Quincy Williams;Jamien Sherwood;Quinnen Williams;Haason Reddick
2024_10_NYJ_ARI,1791,no_play,0.0,56.0,56.0,ARI,2.0,1967.0,56.0,47.0,2:47,2:00,,21.0,6.0,1.0,10.0,"3 CB, 1 DE, 2 DT, 1 FS, 3 ILB, 1 OLB",CB;CB;CB;DE;DT;DT;FS;ILB;ILB;ILB;OLB,11,7,6,MAN_COVERAGE,COVER_1,False,00-0034495;00-0035258;00-0035992;00-0035228;00-0039921;00-0029316;00-0038540;00-0037744;00-0039737;00-0033891;00-0039849,Evan Brown;Hjalte Froholdt;Trystan Colon;Kyler Murray;Trey Benson;Kelvin Beachum;Paris Johnson Jr.;Trey McBride;Tip Reiman;Zay Jones;Marvin Harrison Jr.,00-0032803;00-0034384;00-0037190;00-0039291;00-0036260;00-0039289;00-0037155;00-0034902;00-0035680;00-0036500;00-0033875,Jalen Mills;D.J. Reed;Sauce Gardner;Eric Watts;Javon Kinlaw;Leonard Taylor III;Tony Adams;Sam Eguavoen;Quincy Williams;Jamien Sherwood;Haason Reddick
2024_10_NYJ_ARI,1827,run,7.0,51.0,44.0,ARI,2.0,1920.0,51.0,41.0,2:00,1:19,,21.0,6.0,1.0,10.0,"4 CB, 1 DE, 1 DT, 3 ILB, 1 NT, 1 OLB",CB;CB;CB;CB;DE;DT;ILB;ILB;ILB;NT;OLB,11,6,0,,,False,00-0034495;00-0035258;00-0035992;00-0035228;00-0039921;00-0029316;00-0038540;00-0037744;00-0039041;00-0038559;00-0039849,Evan Brown;Hjalte Froholdt;Trystan Colon;Kyler Murray;Trey Benson;Kelvin Beachum;Paris Johnson Jr.;Trey McBride;Elijah Higgins;Michael Wilson;Marvin Harrison Jr.,00-0032803;00-0034357;00-0034384;00-0037190;00-0038107;00-0036260;00-0034902;00-0035680;00-0036500;00-0035718;00-0039142,Jalen Mills;Isaiah Oliver;D.J. Reed;Sauce Gardner;Micheal Clemons;Javon Kinlaw;Sam Eguavoen;Quincy Williams;Jamien Sherwood;Quinnen Williams;Will McDonald IV
2024_10_NYJ_ARI,1875,pass,2.0,44.0,42.0,ARI,2.0,1879.0,44.0,32.0,1:19,0:47,,21.0,6.0,2.0,3.0,"4 CB, 1 DE, 1 DT, 3 ILB, 1 NT, 1 OLB",CB;CB;CB;CB;DE;DT;ILB;ILB;ILB;NT;OLB,11,7,5,ZONE_COVERAGE,COVER_3,False,00-0034495;00-0035258;00-0035992;00-0035228;00-0039921;00-0029316;00-0038540;00-0037744;00-0039041;00-0038559;00-0039849,Evan Brown;Hjalte Froholdt;Trystan Colon;Kyler Murray;Trey Benson;Kelvin Beachum;Paris Johnson Jr.;Trey McBride;Elijah Higgins;Michael Wilson;Marvin Harrison Jr.,00-0032803;00-0034357;00-0034384;00-0037190;00-0038107;00-0036260;00-0034902;00-0035680;00-0036500;00-0035718;00-0039142,Jalen Mills;Isaiah Oliver;D.J. Reed;Sauce Gardner;Micheal Clemons;Javon Kinlaw;Sam Eguavoen;Quincy Williams;Jamien Sherwood;Quinnen Williams;Will McDonald IV
2024_10_NYJ_ARI,1900,run,0.0,42.0,42.0,ARI,2.0,1847.0,42.0,5.0,0:47,0:42,,21.0,6.0,3.0,1.0,"4 CB, 1 DE, 1 DT, 3 ILB, 1 NT, 1 OLB",CB;CB;CB;CB;DE;DT;ILB;ILB;ILB;NT;OLB,11,7,0,,,False,00-0034495;00-0035258;00-0035992;00-0035228;00-0033553;00-0029316;00-0038540;00-0037744;00-0039041;00-0038559;00-0039849,Evan Brown;Hjalte Froholdt;Trystan Colon;Kyler Murray;James Conner;Kelvin Beachum;Paris Johnson Jr.;Trey McBride;Elijah Higgins;Michael Wilson;Marvin Harrison Jr.,00-0032803;00-0034357;00-0034384;00-0037190;00-0038107;00-0036260;00-0034902;00-0035680;00-0036500;00-0035718;00-0039142,Jalen Mills;Isaiah Oliver;D.J. Reed;Sauce Gardner;Micheal Clemons;Javon Kinlaw;Sam Eguavoen;Quincy Williams;Jamien Sherwood;Quinnen Williams;Will McDonald IV
2024_10_NYJ_ARI,1922,run,2.0,42.0,40.0,ARI,2.0,1842.0,42.0,0.0,0:42,0:42,,21.0,6.0,4.0,1.0,"4 CB, 1 DE, 1 DT, 3 ILB, 1 NT, 1 OLB",CB;CB;CB;CB;DE;DT;ILB;ILB;ILB;NT;OLB,11,7,0,,,False,00-0034495;00-0035258;00-0035992;00-0035228;00-0033553;00-0029316;00-0038540;00-0037744;00-0039041;00-0039737;00-0039849,Evan Brown;Hjalte Froholdt;Trystan Colon;Kyler Murray;James Conner;Kelvin Beachum;Paris Johnson Jr.;Trey McBride;Elijah Higgins;Tip Reiman;Marvin Harrison Jr.,00-0032803;00-0034357;00-0034384;00-0037190;00-0038107;00-0036260;00-0034902;00-0035680;00-0036500;00-0035718;00-0039142,Jalen Mills;Isaiah Oliver;D.J. Reed;Sauce Gardner;Micheal Clemons;Javon Kinlaw;Sam Eguavoen;Quincy Williams;Jamien Sherwood;Quinnen Williams;Will McDonald IV
2024_10_NYJ_ARI,1934,timeout,0.0,,,,2.0,1842.0,,6.0,0:42,0:36,NYJ,21.0,6.0,,0.0,,,,,,,,,,,,
2024_10_NYJ_ARI,1951,pass,11.0,40.0,29.0,ARI,2.0,1836.0,40.0,0.0,0:36,0:36,,21.0,6.0,1.0,10.0,"5 CB, 1 DE, 2 DT, 2 ILB, 1 OLB",CB;CB;CB;CB;CB;DE;DT;DT;ILB;ILB;OLB,11,6,4,MAN_COVERAGE,COVER_1,False,00-0034495;00-0035258;00-0035992;00-0035228;00-0033553;00-0029316;00-0038540;00-0037744;00-0033891;00-0038559;00-0039849,Evan Brown;Hjalte Froholdt;Trystan Colon;Kyler Murray;James Conner;Kelvin Beachum;Paris Johnson Jr.;Trey McBride;Zay Jones;Michael Wilson;Marvin Harrison Jr.,00-0032803;00-0034357;00-0034384;00-0036501;00-0037190;00-0038107;00-0036260;00-0039289;00-0035680;00-0036500;00-0033875,Jalen Mills;Isaiah Oliver;D.J. Reed;Michael Carter II;Sauce Gardner;Micheal Clemons;Javon Kinlaw;Leonard Taylor III;Quincy Williams;Jamien Sherwood;Haason Reddick
2024_10_NYJ_ARI,1963,timeout,0.0,,,,2.0,1836.0,,6.0,0:36,0:30,ARI,21.0,6.0,,0.0,,,,,,,,,,,,
2024_10_NYJ_ARI,1988,run,0.0,29.0,29.0,ARI,2.0,1830.0,29.0,17.0,0:30,0:13,,21.0,6.0,1.0,10.0,"5 CB, 1 DE, 2 DT, 2 ILB, 1 OLB",CB;CB;CB;CB;CB;DE;DT;DT;ILB;ILB;OLB,11,6,0,,,False,00-0034495;00-0035258;00-0035992;00-0035228;00-0033553;00-0029316;00-0038540;00-0037744;00-0033891;00-0038559;00-0039849,Evan Brown;Hjalte Froholdt;Trystan Colon;Kyler Murray;James Conner;Kelvin Beachum;Paris Johnson Jr.;Trey McBride;Zay Jones;Michael Wilson;Marvin Harrison Jr.,00-0032803;00-0034357;00-0034384;00-0036501;00-0037190;00-0038107;00-0036260;00-0039289;00-0035680;00-0036500;00-0033875,Jalen Mills;Isaiah Oliver;D.J. Reed;Michael Carter II;Sauce Gardner;Micheal Clemons;Javon Kinlaw;Leonard Taylor III;Quincy Williams;Jamien Sherwood;Haason Reddick
2024_10_NYJ_ARI,2010,pass,10.0,29.0,19.0,ARI,2.0,1813.0,29.0,12.0,0:13,0:01,,21.0,6.0,2.0,10.0,"5 CB, 1 DE, 2 DT, 2 ILB, 1 OLB",CB;CB;CB;CB;CB;DE;DT;DT;ILB;ILB;OLB,11,5,4,ZONE_COVERAGE,COVER_6,False,00-0034495;00-0035258;00-0035992;00-0035228;00-0033553;00-0029316;00-0038540;00-0037744;00-0033891;00-0038559;00-0039849,Evan Brown;Hjalte Froholdt;Trystan Colon;Kyler Murray;James Conner;Kelvin Beachum;Paris Johnson Jr.;Trey McBride;Zay Jones;Michael Wilson;Marvin Harrison Jr.,00-0032803;00-0034357;00-0034384;00-0036501;00-0037190;00-0038107;00-0036260;00-0039289;00-0035680;00-0036500;00-0033875,Jalen Mills;Isaiah Oliver;D.J. Reed;Michael Carter II;Sauce Gardner;Micheal Clemons;Javon Kinlaw;Leonard Taylor III;Quincy Williams;Jamien Sherwood;Haason Reddick
2024_10_NYJ_ARI,2035,field_goal,0.0,19.0,19.0,ARI,2.0,1801.0,19.0,0.0,0:01,0:01,,24.0,6.0,1.0,10.0,"3 CB, 2 DE, 1 DT, 3 ILB, 1 NT, 1 SS",CB;CB;CB;DE;DE;DT;ILB;ILB;ILB;NT;SS,11,0,0,,,False,00-0034495;00-0035258;00-0035992;00-0038571;00-0038567;00-0028946;00-0035859;00-0036195;00-0038540;00-0037744;00-0039737,Evan Brown;Hjalte Froholdt;Trystan Colon;Jon Gaines II;Chad Ryland;Aaron Brewer;Blake Gillikin;Charlie Heck;Paris Johnson Jr.;Trey McBride;Tip Reiman,00-0034357;00-0038401;00-0039789;00-0038107;00-0039291;00-0036260;00-0034902;00-0036500;00-0037526;00-0035718;00-0036329,Isaiah Oliver;Jarrick Bernard-Converse;Qwan'tez Stiggers;Micheal Clemons;Eric Watts;Javon Kinlaw;Sam Eguavoen;Jamien Sherwood;Marcelino McCrary-Ball;Quinnen Williams;Ashtyn Davis
2024_10_NYJ_ARI,2047,timeout,0.0,,,,2.0,1801.0,,1.0,0:01,0:00,ARI,21.0,6.0,,0.0,,,,,,,,,,,,
2024_10_NYJ_ARI,2062,start_quarter_3,,,,,2.0,1800.0,,,0:00,,,24.0,6.0,,0.0,,,,,,,,,,,,
2024_10_NYJ_ARI,2080,,,,,ARI,2.0,,,,,,,21.0,6.0,,0.0,,,,,,,,,,,,
2024_10_NYJ_ARI,2086,kickoff,0.0,35.0,35.0,NYJ,3.0,1800.0,35.0,0.0,15:00,15:00,,24.0,6.0,,0.0,"2 CB, 1 FS, 2 ILB, 1 K, 2 OLB, 2 RB, 1 WR",CB;CB;FS;ILB;ILB;K;OLB;OLB;RB;RB;WR,11,0,0,,,False,00-0039789;00-0034902;00-0037003;00-0037526;00-0039794;00-0039798;00-0036329;00-0036510;00-0037805;00-0037156;00-0038496,Qwan'tez Stiggers;Sam Eguavoen;Chazz Surratt;Marcelino McCrary-Ball;Braelon Allen;Isaiah Davis;Ashtyn Davis;Kenny Yeboah;Jeremy Ruckert;Irvin Charles;Xavier Gipson,00-0038984;00-0039807;00-0037141;00-0035961;00-0038600;00-0038567;00-0036896;00-0037330;00-0036425;00-0038705;00-0033251,Kei'Trel Clark;Max Melton;Joey Blount;Krys Barnes;Owen Pappoe;Chad Ryland;Victor Dimukeje;Jesse Luketa;DeeJay Dallas;Emari Demercado;Zach Pascal
2024_10_NYJ_ARI,2103,run,0.0,70.0,70.0,NYJ,3.0,1800.0,70.0,45.0,15:00,14:15,,24.0,6.0,1.0,10.0,"2 CB, 2 DT, 1 FS, 2 ILB, 1 NT, 2 OLB, 1 SS",CB;CB;DT;DT;FS;ILB;ILB;NT;OLB;OLB;SS,11,6,0,,,False,00-0039145;00-0036369;00-0036979;00-0023459;00-0038120;00-0031330;00-0039790;00-0036510;00-0037805;00-0031381;00-0037740,Joe Tippmann;John Simpson;Alijah Vera-Tucker;Aaron Rodgers;Breece Hall;Morgan Moses;Olumuyiwa Fashanu;Kenny Yeboah;Jeremy Ruckert;Davante Adams;Garrett Wilson,00-0035239;00-0039807;00-0035636;00-0038623;00-0039864;00-0034375;00-0035144;00-0036568;00-0036933;00-0037330;00-0033890,Sean Murphy-Bunting;Max Melton;L.J. Collier;Dante Stills;Dadrion Taylor-Demerson;Kyzir White;Mack Wilson;Roy Lopez;Zaven Collins;Jesse Luketa;Budda Baker
2024_10_NYJ_ARI,2125,pass,0.0,70.0,70.0,NYJ,3.0,1755.0,70.0,2.0,14:15,14:13,,24.0,6.0,2.0,10.0,"3 CB, 1 DT, 1 FS, 2 ILB, 3 OLB, 1 SS",CB;CB;CB;DT;FS;ILB;ILB;OLB;OLB;OLB;SS,11,6,6,MAN_COVERAGE,COVER_0,False,00-0039145;00-0036369;00-0036979;00-0023459;00-0038120;00-0031330;00-0039790;00-0034270;00-0031381;00-0037740;00-0038496,Joe Tippmann;John Simpson;Alijah Vera-Tucker;Aaron Rodgers;Breece Hall;Morgan Moses;Olumuyiwa Fashanu;Tyler Conklin;Davante Adams;Garrett Wilson;Xavier Gipson,00-0035239;00-0039007;00-0039807;00-0038623;00-0039864;00-0034375;00-0035144;00-0036933;00-0036995;00-0039367;00-0033890,Sean Murphy-Bunting;Garrett Williams;Max Melton;Dante Stills;Dadrion Taylor-Demerson;Kyzir White;Mack Wilson;Zaven Collins;Baron Browning;Xavier Thomas;Budda Baker
2024_10_NYJ_ARI,2148,no_play,0.0,70.0,70.0,NYJ,3.0,1753.0,70.0,6.0,14:13,14:07,,24.0,6.0,3.0,10.0,"3 CB, 1 DT, 1 FS, 2 ILB, 3 OLB, 1 SS",CB;CB;CB;DT;FS;ILB;ILB;OLB;OLB;OLB;SS,11,7,5,ZONE_COVERAGE,COVER_4,False,00-0039145;00-0036369;00-0036979;00-0023459;00-0038120;00-0031330;00-0039790;00-0034270;00-0031381;00-0037740;00-0038496,Joe Tippmann;John Simpson;Alijah Vera-Tucker;Aaron Rodgers;Breece Hall;Morgan Moses;Olumuyiwa Fashanu;Tyler Conklin;Davante Adams;Garrett Wilson;Xavier Gipson,00-0035239;00-0039007;00-0039807;00-0038623;00-0039864;00-0034375;00-0035144;00-0036933;00-0036995;00-0039367;00-0033890,Sean Murphy-Bunting;Garrett Williams;Max Melton;Dante Stills;Dadrion Taylor-Demerson;Kyzir White;Mack Wilson;Zaven Collins;Baron Browning;Xavier Thomas;Budda Baker
2024_10_NYJ_ARI,2186,pass,12.0,54.0,42.0,NYJ,3.0,1747.0,54.0,35.0,14:07,13:32,,24.0,6.0,1.0,10.0,"3 CB, 2 DT, 1 FS, 2 ILB, 1 NT, 1 OLB, 1 SS",CB;CB;CB;DT;DT;FS;ILB;ILB;NT;OLB;SS,11,6,4,ZONE_COVERAGE,COVER_3,False,00-0039145;00-0036369;00-0036979;00-0023459;00-0038120;00-0031330;00-0039790;00-0037805;00-0031381;00-0037740;00-0037156,Joe Tippmann;John Simpson;Alijah Vera-Tucker;Aaron Rodgers;Breece Hall;Morgan Moses;Olumuyiwa Fashanu;Jeremy Ruckert;Davante Adams;Garrett Wilson;Irvin Charles,00-0035239;00-0039007;00-0039807;00-0035636;00-0036695;00-0039864;00-0034375;00-0035144;00-0036568;00-0036896;00-0033890,Sean Murphy-Bunting;Garrett Williams;Max Melton;L.J. Collier;Naquan Jones;Dadrion Taylor-Demerson;Kyzir White;Mack Wilson;Roy Lopez;Victor Dimukeje;Budda Baker
2024_10_NYJ_ARI,2235,run,9.0,42.0,33.0,NYJ,3.0,1712.0,42.0,41.0,13:32,12:51,,24.0,6.0,1.0,10.0,"3 CB, 2 DT, 1 FS, 2 ILB, 1 NT, 1 OLB, 1 SS",CB;CB;CB;DT;DT;FS;ILB;ILB;NT;OLB;SS,11,5,0,,,False,00-0039145;00-0036369;00-0036979;00-0023459;00-0038120;00-0039794;00-0031330;00-0039790;00-0034270;00-0031381;00-0037740,Joe Tippmann;John Simpson;Alijah Vera-Tucker;Aaron Rodgers;Breece Hall;Braelon Allen;Morgan Moses;Olumuyiwa Fashanu;Tyler Conklin;Davante Adams;Garrett Wilson,00-0035239;00-0039007;00-0039807;00-0035636;00-0036695;00-0039864;00-0034375;00-0035144;00-0036568;00-0036896;00-0033890,Sean Murphy-Bunting;Garrett Williams;Max Melton;L.J. Collier;Naquan Jones;Dadrion Taylor-Demerson;Kyzir White;Mack Wilson;Roy Lopez;Victor Dimukeje;Budda Baker
2024_10_NYJ_ARI,2262,pass,15.0,33.0,18.0,NYJ,3.0,1671.0,33.0,43.0,12:51,12:08,,24.0,6.0,2.0,1.0,"3 CB, 2 DT, 1 FS, 2 ILB, 1 NT, 1 OLB, 1 SS",CB;CB;CB;DT;DT;FS;ILB;ILB;NT;OLB;SS,11,5,4,ZONE_COVERAGE,COVER_3,False,00-0039145;00-0036369;00-0036979;00-0023459;00-0038120;00-0031330;00-0039790;00-0034270;00-0031381;00-0037740;00-0038496,Joe Tippmann;John Simpson;Alijah Vera-Tucker;Aaron Rodgers;Breece Hall;Morgan Moses;Olumuyiwa Fashanu;Tyler Conklin;Davante Adams;Garrett Wilson;Xavier Gipson,00-0035239;00-0039007;00-0039807;00-0035636;00-0036695;00-0039864;00-0034375;00-0035144;00-0036568;00-0037330;00-0033890,Sean Murphy-Bunting;Garrett Williams;Max Melton;L.J. Collier;Naquan Jones;Dadrion Taylor-Demerson;Kyzir White;Mack Wilson;Roy Lopez;Jesse Luketa;Budda Baker
2024_10_NYJ_ARI,2292,pass,12.0,18.0,6.0,NYJ,3.0,1628.0,18.0,42.0,12:08,11:26,,24.0,6.0,1.0,10.0,"3 CB, 2 DT, 1 FS, 2 ILB, 1 NT, 1 OLB, 1 SS",CB;CB;CB;DT;DT;FS;ILB;ILB;NT;OLB;SS,11,6,3,ZONE_COVERAGE,COVER_9,False,00-0039145;00-0036369;00-0036979;00-0023459;00-0039794;00-0031330;00-0039790;00-0037805;00-0031381;00-0037740;00-0037156,Joe Tippmann;John Simpson;Alijah Vera-Tucker;Aaron Rodgers;Braelon Allen;Morgan Moses;Olumuyiwa Fashanu;Jeremy Ruckert;Davante Adams;Garrett Wilson;Irvin Charles,00-0035239;00-0039007;00-0039807;00-0035636;00-0036695;00-0039864;00-0034375;00-0035144;00-0036568;00-0037330;00-0033890,Sean Murphy-Bunting;Garrett Williams;Max Melton;L.J. Collier;Naquan Jones;Dadrion Taylor-Demerson;Kyzir White;Mack Wilson;Roy Lopez;Jesse Luketa;Budda Baker
2024_10_NYJ_ARI,2317,run,3.0,6.0,3.0,NYJ,3.0,1586.0,6.0,35.0,11:26,10:51,,24.0,6.0,1.0,6.0,"3 CB, 1 DT, 1 FS, 2 ILB, 1 NT, 2 OLB, 1 SS",CB;CB;CB;DT;FS;ILB;ILB;NT;OLB;OLB;SS,11,6,0,,,False,00-0039145;00-0036369;00-0036979;00-0023459;00-0038120;00-0039794;00-0031330;00-0039790;00-0034270;00-0031381;00-0037740,Joe Tippmann;John Simpson;Alijah Vera-Tucker;Aaron Rodgers;Breece Hall;Braelon Allen;Morgan Moses;Olumuyiwa Fashanu;Tyler Conklin;Davante Adams;Garrett Wilson,00-0035239;00-0039007;00-0039807;00-0038623;00-0039864;00-0034375;00-0035144;00-0036568;00-0036933;00-0036896;00-0033890,Sean Murphy-Bunting;Garrett Williams;Max Melton;Dante Stills;Dadrion Taylor-Demerson;Kyzir White;Mack Wilson;Roy Lopez;Zaven Collins;Victor Dimukeje;Budda Baker
2024_10_NYJ_ARI,2339,pass,0.0,3.0,3.0,NYJ,3.0,1551.0,3.0,5.0,10:51,10:46,,24.0,6.0,2.0,3.0,"2 CB, 2 DT, 1 FS, 2 ILB, 1 NT, 2 OLB, 1 SS",CB;CB;DT;DT;FS;ILB;ILB;NT;OLB;OLB;SS,11,6,5,ZONE_COVERAGE,COMBO,True,00-0039145;00-0036369;00-0036979;00-0023459;00-0038120;00-0031330;00-0039790;00-0034270;00-0037805;00-0031381;00-0037740,Joe Tippmann;John Simpson;Alijah Vera-Tucker;Aaron Rodgers;Breece Hall;Morgan Moses;Olumuyiwa Fashanu;Tyler Conklin;Jeremy Ruckert;Davante Adams;Garrett Wilson,00-0035239;00-0039807;00-0036695;00-0038623;00-0039864;00-0034375;00-0035144;00-0036568;00-0036933;00-0037330;00-0033890,Sean Murphy-Bunting;Max Melton;Naquan Jones;Dante Stills;Dadrion Taylor-Demerson;Kyzir White;Mack Wilson;Roy Lopez;Zaven Collins;Jesse Luketa;Budda Baker
2024_10_NYJ_ARI,2362,pass,0.0,3.0,3.0,NYJ,3.0,1546.0,3.0,4.0,10:46,10:42,,24.0,6.0,3.0,3.0,"2 CB, 2 DT, 1 FS, 2 ILB, 1 NT, 2 OLB, 1 SS",CB;CB;DT;DT;FS;ILB;ILB;NT;OLB;OLB;SS,11,5,4,ZONE_COVERAGE,COVER_4,False,00-0039145;00-0036369;00-0036979;00-0023459;00-0038120;00-0031330;00-0039790;00-0034270;00-0037805;00-0031381;00-0037740,Joe Tippmann;John Simpson;Alijah Vera-Tucker;Aaron Rodgers;Breece Hall;Morgan Moses;Olumuyiwa Fashanu;Tyler Conklin;Jeremy Ruckert;Davante Adams;Garrett Wilson,00-0035239;00-0039807;00-0036695;00-0038623;00-0039864;00-0034375;00-0035144;00-0036568;00-0036933;00-0037330;00-0033890,Sean Murphy-Bunting;Max Melton;Naquan Jones;Dante Stills;Dadrion Taylor-Demerson;Kyzir White;Mack Wilson;Roy Lopez;Zaven Collins;Jesse Luketa;Budda Baker
2024_10_NYJ_ARI,2397,turnover,-5.0,3.0,8.0,NYJ,3.0,1542.0,3.0,9.0,10:42,10:33,,24.0,6.0,4.0,3.0,"3 CB, 1 DT, 1 FS, 2 ILB, 1 NT, 2 OLB, 1 SS",CB;CB;CB;DT;FS;ILB;ILB;NT;OLB;OLB;SS,11,5,4,ZONE_COVERAGE,COVER_4,True,00-0039145;00-0036369;00-0036979;00-0023459;00-0038120;00-0031330;00-0039790;00-0034270;00-0031381;00-0037740;00-0039920,Joe Tippmann;John Simpson;Alijah Vera-Tucker;Aaron Rodgers;Breece Hall;Morgan Moses;Olumuyiwa Fashanu;Tyler Conklin;Davante Adams;Garrett Wilson;Malachi Corley,00-0035239;00-0039007;00-0039807;00-0035636;00-0039864;00-0034375;00-0035961;00-0036909;00-0036995;00-0039367;00-0033890,Sean Murphy-Bunting;Garrett Williams;Max Melton;L.J. Collier;Dadrion Taylor-Demerson;Kyzir White;Krys Barnes;Khyiris Tonga;Baron Browning;Xavier Thomas;Budda Baker
2024_10_NYJ_ARI,2427,run,0.0,88.0,88.0,ARI,3.0,1533.0,88.0,37.0,10:33,9:56,,24.0,6.0,1.0,10.0,"4 CB, 1 DE, 1 DT, 1 FS, 2 ILB, 1 NT, 1 OLB",CB;CB;CB;CB;DE;DT;FS;ILB;ILB;NT;OLB,11,6,0,,,False,00-0034495;00-0035258;00-0035992;00-0035228;00-0033553;00-0029316;00-0038540;00-0037744;00-0035500;00-0038559;00-0039849,Evan Brown;Hjalte Froholdt;Trystan Colon;Kyler Murray;James Conner;Kelvin Beachum;Paris Johnson Jr.;Trey McBride;Greg Dortch;Michael Wilson;Marvin Harrison Jr.,00-0032803;00-0034357;00-0034384;00-0037190;00-0038107;00-0036260;00-0037155;00-0035680;00-0036500;00-0035718;00-0039142,Jalen Mills;Isaiah Oliver;D.J. Reed;Sauce Gardner;Micheal Clemons;Javon Kinlaw;Tony Adams;Quincy Williams;Jamien Sherwood;Quinnen Williams;Will McDonald IV
2024_10_NYJ_ARI,2456,pass,10.0,88.0,78.0,ARI,3.0,1496.0,88.0,30.0,9:56,9:26,,24.0,6.0,2.0,10.0,"4 CB, 1 DE, 1 DT, 1 FS, 2 ILB, 1 NT, 1 OLB",CB;CB;CB;CB;DE;DT;FS;ILB;ILB;NT;OLB,11,5,5,MAN_COVERAGE,COVER_1,False,00-0034495;00-0035258;00-0035992;00-0035228;00-0033553;00-0029316;00-0038540;00-0037744;00-0039737;00-0038559;00-0039849,Evan Brown;Hjalte Froholdt;Trystan Colon;Kyler Murray;James Conner;Kelvin Beachum;Paris Johnson Jr.;Trey McBride;Tip Reiman;Michael Wilson;Marvin Harrison Jr.,00-0032803;00-0034384;00-0036501;00-0037190;00-0038107;00-0036260;00-0037155;00-0035680;00-0036500;00-0035718;00-0039142,Jalen Mills;D.J. Reed;Michael Carter II;Sauce Gardner;Micheal Clemons;Javon Kinlaw;Tony Adams;Quincy Williams;Jamien Sherwood;Quinnen Williams;Will McDonald IV
2024_10_NYJ_ARI,2486,pass,9.0,78.0,69.0,ARI,3.0,1466.0,78.0,40.0,9:26,8:46,,24.0,6.0,1.0,10.0,"3 CB, 1 DE, 1 DT, 1 FS, 3 ILB, 1 NT, 1 OLB",CB;CB;CB;DE;DT;FS;ILB;ILB;ILB;NT;OLB,11,6,4,ZONE_COVERAGE,COVER_3,False,00-0034495;00-0035258;00-0035992;00-0035228;00-0033553;00-0029316;00-0038540;00-0037744;00-0039737;00-0038559;00-0039849,Evan Brown;Hjalte Froholdt;Trystan Colon;Kyler Murray;James Conner;Kelvin Beachum;Paris Johnson Jr.;Trey McBride;Tip Reiman;Michael Wilson;Marvin Harrison Jr.,00-0032803;00-0034384;00-0037190;00-0038107;00-0036260;00-0037155;00-0034902;00-0035680;00-0036500;00-0035718;00-0039142,Jalen Mills;D.J. Reed;Sauce Gardner;Micheal Clemons;Javon Kinlaw;Tony Adams;Sam Eguavoen;Quincy Williams;Jamien Sherwood;Quinnen Williams;Will McDonald IV
2024_10_NYJ_ARI,2511,run,8.0,69.0,61.0,ARI,3.0,1426.0,69.0,42.0,8:46,8:04,,24.0,6.0,2.0,1.0,"3 CB, 1 DE, 2 DT, 1 FS, 3 ILB, 1 OLB",CB;CB;CB;DE;DT;DT;FS;ILB;ILB;ILB;OLB,11,6,0,,,False,00-0034495;00-0035258;00-0035992;00-0035228;00-0033553;00-0029316;00-0038540;00-0037744;00-0039041;00-0033891;00-0039849,Evan Brown;Hjalte Froholdt;Trystan Colon;Kyler Murray;James Conner;Kelvin Beachum;Paris Johnson Jr.;Trey McBride;Elijah Higgins;Zay Jones;Marvin Harrison Jr.,00-0032803;00-0034384;00-0037190;00-0039284;00-0034461;00-0039289;00-0037155;00-0034902;00-0035680;00-0036500;00-0033875,Jalen Mills;D.J. Reed;Sauce Gardner;Braiden McGregor;Bruce Hector;Leonard Taylor III;Tony Adams;Sam Eguavoen;Quincy Williams;Jamien Sherwood;Haason Reddick
2024_10_NYJ_ARI,2533,run,3.0,61.0,58.0,ARI,3.0,1384.0,61.0,19.0,8:04,7:45,,24.0,6.0,1.0,10.0,"3 CB, 1 DE, 2 DT, 1 FS, 3 ILB, 1 OLB",CB;CB;CB;DE;DT;DT;FS;ILB;ILB;ILB;OLB,11,6,0,,,False,00-0034495;00-0035258;00-0035992;00-0035228;00-0033553;00-0029316;00-0038540;00-0037744;00-0039737;00-0035500;00-0039849,Evan Brown;Hjalte Froholdt;Trystan Colon;Kyler Murray;James Conner;Kelvin Beachum;Paris Johnson Jr.;Trey McBride;Tip Reiman;Greg Dortch;Marvin Harrison Jr.,00-0032803;00-0034384;00-0037190;00-0039284;00-0034461;00-0039289;00-0037155;00-0034902;00-0035680;00-0036500;00-0033875,Jalen Mills;D.J. Reed;Sauce Gardner;Braiden McGregor;Bruce Hector;Leonard Taylor III;Tony Adams;Sam Eguavoen;Quincy Williams;Jamien Sherwood;Haason Reddick
2024_10_NYJ_ARI,2566,pass,19.0,68.0,49.0,ARI,3.0,1365.0,68.0,53.0,7:45,6:52,,24.0,6.0,1.0,17.0,"4 CB, 1 DE, 2 DT, 1 FS, 2 ILB, 1 OLB",CB;CB;CB;CB;DE;DT;DT;FS;ILB;ILB;OLB,11,6,4,ZONE_COVERAGE,COVER_2,False,00-0034495;00-0035258;00-0035992;00-0035228;00-0039921;00-0029316;00-0038540;00-0039737;00-0035500;00-0038559;00-0039849,Evan Brown;Hjalte Froholdt;Trystan Colon;Kyler Murray;Trey Benson;Kelvin Beachum;Paris Johnson Jr.;Tip Reiman;Greg Dortch;Michael Wilson;Marvin Harrison Jr.,00-0032803;00-0034357;00-0034384;00-0037190;00-0039284;00-0034461;00-0039289;00-0037155;00-0035680;00-0036500;00-0033875,Jalen Mills;Isaiah Oliver;D.J. Reed;Sauce Gardner;Braiden McGregor;Bruce Hector;Leonard Taylor III;Tony Adams;Quincy Williams;Jamien Sherwood;Haason Reddick
2024_10_NYJ_ARI,2608,no_play,0.0,49.0,49.0,ARI,3.0,1312.0,49.0,17.0,6:52,6:35,,24.0,6.0,1.0,10.0,"3 CB, 1 DE, 1 DT, 1 FS, 3 ILB, 1 NT, 1 OLB",CB;CB;CB;DE;DT;FS;ILB;ILB;ILB;NT;OLB,11,0,0,,,False,00-0034495;00-0035258;00-0035992;00-0035228;00-0039921;00-0029316;00-0038540;00-0037744;00-0039041;00-0039737;00-0038559,Evan Brown;Hjalte Froholdt;Trystan Colon;Kyler Murray;Trey Benson;Kelvin Beachum;Paris Johnson Jr.;Trey McBride;Elijah Higgins;Tip Reiman;Michael Wilson,00-0032803;00-0034384;00-0037190;00-0038107;00-0036260;00-0037155;00-0034902;00-0035680;00-0036500;00-0035718;00-0039142,Jalen Mills;D.J. Reed;Sauce Gardner;Micheal Clemons;Javon Kinlaw;Tony Adams;Sam Eguavoen;Quincy Williams;Jamien Sherwood;Quinnen Williams;Will McDonald IV
2024_10_NYJ_ARI,2637,run,7.0,54.0,47.0,ARI,3.0,1295.0,54.0,43.0,6:35,5:52,,24.0,6.0,1.0,15.0,"3 CB, 1 DE, 1 DT, 1 FS, 3 ILB, 1 NT, 1 OLB",CB;CB;CB;DE;DT;FS;ILB;ILB;ILB;NT;OLB,11,6,0,,,False,00-0034495;00-0035258;00-0035992;00-0035228;00-0039921;00-0029316;00-0038540;00-0037744;00-0039041;00-0039737;00-0038559,Evan Brown;Hjalte Froholdt;Trystan Colon;Kyler Murray;Trey Benson;Kelvin Beachum;Paris Johnson Jr.;Trey McBride;Elijah Higgins;Tip Reiman;Michael Wilson,00-0032803;00-0034384;00-0037190;00-0038107;00-0036260;00-0037155;00-0034902;00-0035680;00-0036500;00-0035718;00-0039142,Jalen Mills;D.J. Reed;Sauce Gardner;Micheal Clemons;Javon Kinlaw;Tony Adams;Sam Eguavoen;Quincy Williams;Jamien Sherwood;Quinnen Williams;Will McDonald IV
2024_10_NYJ_ARI,2659,pass,23.0,47.0,24.0,ARI,3.0,1252.0,47.0,48.0,5:52,5:04,,24.0,6.0,2.0,8.0,"3 CB, 1 DE, 1 DT, 1 FS, 3 ILB, 1 NT, 1 OLB",CB;CB;CB;DE;DT;FS;ILB;ILB;ILB;NT;OLB,11,7,6,MAN_COVERAGE,COVER_1,False,00-0034495;00-0035258;00-0035992;00-0035228;00-0033553;00-0029316;00-0038540;00-0037744;00-0039737;00-0038559;00-0039849,Evan Brown;Hjalte Froholdt;Trystan Colon;Kyler Murray;James Conner;Kelvin Beachum;Paris Johnson Jr.;Trey McBride;Tip Reiman;Michael Wilson;Marvin Harrison Jr.,00-0032803;00-0034384;00-0037190;00-0038107;00-0036260;00-0037155;00-0034902;00-0035680;00-0036500;00-0035718;00-0039142,Jalen Mills;D.J. Reed;Sauce Gardner;Micheal Clemons;Javon Kinlaw;Tony Adams;Sam Eguavoen;Quincy Williams;Jamien Sherwood;Quinnen Williams;Will McDonald IV
2024_10_NYJ_ARI,2684,run,12.0,24.0,12.0,ARI,3.0,1204.0,24.0,45.0,5:04,4:19,,24.0,6.0,1.0,10.0,"4 CB, 1 DE, 2 DT, 3 ILB, 1 OLB",CB;CB;CB;CB;DE;DT;DT;ILB;ILB;ILB;OLB,11,6,0,,,False,00-0034495;00-0035258;00-0035992;00-0035228;00-0033553;00-0029316;00-0038540;00-0037744;00-0039041;00-0039737;00-0038559,Evan Brown;Hjalte Froholdt;Trystan Colon;Kyler Murray;James Conner;Kelvin Beachum;Paris Johnson Jr.;Trey McBride;Elijah Higgins;Tip Reiman;Michael Wilson,00-0032803;00-0034357;00-0034384;00-0037190;00-0038107;00-0034461;00-0039289;00-0034902;00-0035680;00-0036500;00-0039142,Jalen Mills;Isaiah Oliver;D.J. Reed;Sauce Gardner;Micheal Clemons;Bruce Hector;Leonard Taylor III;Sam Eguavoen;Quincy Williams;Jamien Sherwood;Will McDonald IV
2024_10_NYJ_ARI,2711,run,12.0,12.0,0.0,ARI,3.0,1159.0,12.0,6.0,4:19,4:13,,30.0,6.0,1.0,10.0,"4 CB, 2 DE, 2 DT, 3 ILB",CB;CB;CB;CB;DE;DE;DT;DT;ILB;ILB;ILB,11,6,0,,,False,00-0034495;00-0035258;00-0035992;00-0035228;00-0033553;00-0029316;00-0038540;00-0039041;00-0039737;00-0038559;00-0039849,Evan Brown;Hjalte Froholdt;Trystan Colon;Kyler Murray;James Conner;Kelvin Beachum;Paris Johnson Jr.;Elijah Higgins;Tip Reiman;Michael Wilson;Marvin Harrison Jr.,00-0032803;00-0034357;00-0034384;00-0037190;00-0038107;00-0039291;00-0034461;00-0039289;00-0034902;00-0035680;00-0036500,Jalen Mills;Isaiah Oliver;D.J. Reed;Sauce Gardner;Micheal Clemons;Eric Watts;Bruce Hector;Leonard Taylor III;Sam Eguavoen;Quincy Williams;Jamien Sherwood
2024_10_NYJ_ARI,2734,extra_point,0.0,15.0,15.0,ARI,3.0,1153.0,15.0,0.0,4:13,4:13,,31.0,6.0,,0.0,"3 CB, 2 DE, 1 DT, 3 ILB, 1 NT, 1 SS",CB;CB;CB;DE;DE;DT;ILB;ILB;ILB;NT;SS,11,0,0,,,False,00-0034495;00-0035258;00-0035992;00-0038571;00-0038567;00-0028946;00-0035859;00-0036195;00-0038540;00-0037744;00-0039737,Evan Brown;Hjalte Froholdt;Trystan Colon;Jon Gaines II;Chad Ryland;Aaron Brewer;Blake Gillikin;Charlie Heck;Paris Johnson Jr.;Trey McBride;Tip Reiman,00-0034357;00-0038401;00-0039789;00-0038107;00-0039291;00-0036260;00-0034902;00-0036500;00-0037526;00-0035718;00-0036329,Isaiah Oliver;Jarrick Bernard-Converse;Qwan'tez Stiggers;Micheal Clemons;Eric Watts;Javon Kinlaw;Sam Eguavoen;Jamien Sherwood;Marcelino McCrary-Ball;Quinnen Williams;Ashtyn Davis
2024_10_NYJ_ARI,2749,kickoff,0.0,35.0,35.0,NYJ,3.0,1153.0,35.0,0.0,4:13,4:13,,31.0,6.0,,0.0,"2 CB, 1 FS, 2 ILB, 1 K, 2 OLB, 2 RB, 1 WR",CB;CB;FS;ILB;ILB;K;OLB;OLB;RB;RB;WR,11,0,0,,,False,00-0039789;00-0034902;00-0037003;00-0037526;00-0039794;00-0039798;00-0036329;00-0036510;00-0037805;00-0037156;00-0038496,Qwan'tez Stiggers;Sam Eguavoen;Chazz Surratt;Marcelino McCrary-Ball;Braelon Allen;Isaiah Davis;Ashtyn Davis;Kenny Yeboah;Jeremy Ruckert;Irvin Charles;Xavier Gipson,00-0038984;00-0039807;00-0037141;00-0035961;00-0038600;00-0038567;00-0036896;00-0037330;00-0036425;00-0038705;00-0033251,Kei'Trel Clark;Max Melton;Joey Blount;Krys Barnes;Owen Pappoe;Chad Ryland;Victor Dimukeje;Jesse Luketa;DeeJay Dallas;Emari Demercado;Zach Pascal
2024_10_NYJ_ARI,2773,pass,1.0,70.0,69.0,NYJ,3.0,1153.0,70.0,30.0,4:13,3:43,,31.0,6.0,1.0,10.0,"3 CB, 2 DT, 1 FS, 2 ILB, 1 NT, 1 OLB, 1 SS",CB;CB;CB;DT;DT;FS;ILB;ILB;NT;OLB;SS,11,6,4,ZONE_COVERAGE,COVER_2,False,00-0039145;00-0036369;00-0036979;00-0023459;00-0038120;00-0031330;00-0039790;00-0034270;00-0031381;00-0037740;00-0038496,Joe Tippmann;John Simpson;Alijah Vera-Tucker;Aaron Rodgers;Breece Hall;Morgan Moses;Olumuyiwa Fashanu;Tyler Conklin;Davante Adams;Garrett Wilson;Xavier Gipson,00-0035239;00-0039007;00-0039807;00-0035636;00-0036695;00-0039864;00-0034375;00-0035144;00-0036909;00-0036896;00-0033890,Sean Murphy-Bunting;Garrett Williams;Max Melton;L.J. Collier;Naquan Jones;Dadrion Taylor-Demerson;Kyzir White;Mack Wilson;Khyiris Tonga;Victor Dimukeje;Budda Baker
2024_10_NYJ_ARI,2798,run,8.0,69.0,61.0,NYJ,3.0,1123.0,69.0,36.0,3:43,3:07,,31.0,6.0,2.0,9.0,"3 CB, 2 DT, 1 FS, 2 ILB, 1 NT, 1 OLB, 1 SS",CB;CB;CB;DT;DT;FS;ILB;ILB;NT;OLB;SS,11,5,0,,,False,00-0039145;00-0036369;00-0036979;00-0023459;00-0038120;00-0031330;00-0039790;00-0034270;00-0031381;00-0037740;00-0038496,Joe Tippmann;John Simpson;Alijah Vera-Tucker;Aaron Rodgers;Breece Hall;Morgan Moses;Olumuyiwa Fashanu;Tyler Conklin;Davante Adams;Garrett Wilson;Xavier Gipson,00-0035239;00-0039007;00-0039807;00-0035636;00-0036695;00-0039864;00-0034375;00-0035144;00-0036909;00-0036896;00-0033890,Sean Murphy-Bunting;Garrett Williams;Max Melton;L.J. Collier;Naquan Jones;Dadrion Taylor-Demerson;Kyzir White;Mack Wilson;Khyiris Tonga;Victor Dimukeje;Budda Baker
2024_10_NYJ_ARI,2820,run,5.0,61.0,56.0,NYJ,3.0,1087.0,61.0,37.0,3:07,2:30,,31.0,6.0,3.0,1.0,"2 CB, 2 DT, 1 FS, 2 ILB, 1 NT, 2 OLB, 1 SS",CB;CB;DT;DT;FS;ILB;ILB;NT;OLB;OLB;SS,11,7,0,,,False,00-0039145;00-0036369;00-0036979;00-0023459;00-0039794;00-0031330;00-0039790;00-0034270;00-0036510;00-0037805;00-0039920,Joe Tippmann;John Simpson;Alijah Vera-Tucker;Aaron Rodgers;Braelon Allen;Morgan Moses;Olumuyiwa Fashanu;Tyler Conklin;Kenny Yeboah;Jeremy Ruckert;Malachi Corley,00-0035239;00-0039807;00-0036695;00-0038623;00-0039864;00-0034375;00-0035144;00-0036909;00-0036933;00-0037330;00-0033890,Sean Murphy-Bunting;Max Melton;Naquan Jones;Dante Stills;Dadrion Taylor-Demerson;Kyzir White;Mack Wilson;Khyiris Tonga;Zaven Collins;Jesse Luketa;Budda Baker
2024_10_NYJ_ARI,2842,pass,4.0,56.0,52.0,NYJ,3.0,1050.0,56.0,39.0,2:30,1:51,,31.0,6.0,1.0,10.0,"3 CB, 2 DT, 1 FS, 2 ILB, 2 OLB, 1 SS",CB;CB;CB;DT;DT;FS;ILB;ILB;OLB;OLB;SS,11,6,4,ZONE_COVERAGE,COVER_3,False,00-0039145;00-0036369;00-0036979;00-0023459;00-0039794;00-0031330;00-0039790;00-0034270;00-0031381;00-0037740;00-0038496,Joe Tippmann;John Simpson;Alijah Vera-Tucker;Aaron Rodgers;Braelon Allen;Morgan Moses;Olumuyiwa Fashanu;Tyler Conklin;Davante Adams;Garrett Wilson;Xavier Gipson,00-0035239;00-0039007;00-0039807;00-0036695;00-0038623;00-0039864;00-0034375;00-0035144;00-0036933;00-0037330;00-0033890,Sean Murphy-Bunting;Garrett Williams;Max Melton;Naquan Jones;Dante Stills;Dadrion Taylor-Demerson;Kyzir White;Mack Wilson;Zaven Collins;Jesse Luketa;Budda Baker
2024_10_NYJ_ARI,2867,pass,0.0,52.0,52.0,NYJ,3.0,1011.0,52.0,5.0,1:51,1:46,,31.0,6.0,2.0,6.0,"3 CB, 2 DT, 1 FS, 2 ILB, 2 OLB, 1 SS",CB;CB;CB;DT;DT;FS;ILB;ILB;OLB;OLB;SS,11,5,4,ZONE_COVERAGE,COMBO,False,00-0039145;00-0036369;00-0036979;00-0023459;00-0039794;00-0031330;00-0039790;00-0034270;00-0031381;00-0037740;00-0038496,Joe Tippmann;John Simpson;Alijah Vera-Tucker;Aaron Rodgers;Braelon Allen;Morgan Moses;Olumuyiwa Fashanu;Tyler Conklin;Davante Adams;Garrett Wilson;Xavier Gipson,00-0035239;00-0039007;00-0039807;00-0036695;00-0038623;00-0039864;00-0034375;00-0035144;00-0036933;00-0037330;00-0033890,Sean Murphy-Bunting;Garrett Williams;Max Melton;Naquan Jones;Dante Stills;Dadrion Taylor-Demerson;Kyzir White;Mack Wilson;Zaven Collins;Jesse Luketa;Budda Baker
2024_10_NYJ_ARI,2895,pass,-9.0,52.0,61.0,NYJ,3.0,1006.0,52.0,43.0,1:46,1:03,,31.0,6.0,3.0,6.0,"3 CB, 1 DT, 1 FS, 2 ILB, 3 OLB, 1 SS",CB;CB;CB;DT;FS;ILB;ILB;OLB;OLB;OLB;SS,11,6,7,MAN_COVERAGE,COVER_0,True,00-0039145;00-0036369;00-0036979;00-0023459;00-0038120;00-0031330;00-0039790;00-0034270;00-0031381;00-0037740;00-0038496,Joe Tippmann;John Simpson;Alijah Vera-Tucker;Aaron Rodgers;Breece Hall;Morgan Moses;Olumuyiwa Fashanu;Tyler Conklin;Davante Adams;Garrett Wilson;Xavier Gipson,00-0035239;00-0039007;00-0039807;00-0038623;00-0039864;00-0034375;00-0035144;00-0036933;00-0036995;00-0039367;00-0033890,Sean Murphy-Bunting;Garrett Williams;Max Melton;Dante Stills;Dadrion Taylor-Demerson;Kyzir White;Mack Wilson;Zaven Collins;Baron Browning;Xavier Thomas;Budda Baker
2024_10_NYJ_ARI,2915,punt,0.0,61.0,61.0,NYJ,3.0,963.0,61.0,10.0,1:03,0:53,,31.0,6.0,4.0,15.0,"3 CB, 1 FS, 1 ILB, 2 OLB, 2 RB, 2 WR",CB;CB;CB;FS;ILB;OLB;OLB;RB;RB;WR;WR,11,0,0,,,False,00-0039789;00-0034902;00-0037003;00-0037526;00-0033260;00-0027114;00-0039794;00-0039798;00-0036329;00-0036510;00-0037156,Qwan'tez Stiggers;Sam Eguavoen;Chazz Surratt;Marcelino McCrary-Ball;Thomas Hennessy;Thomas Morstead;Braelon Allen;Isaiah Davis;Ashtyn Davis;Kenny Yeboah;Irvin Charles,00-0038984;00-0038663;00-0038674;00-0037141;00-0038600;00-0036896;00-0037330;00-0036425;00-0038705;00-0033251;00-0035500,Kei'Trel Clark;Starling Thomas V;Divaad Wilson;Joey Blount;Owen Pappoe;Victor Dimukeje;Jesse Luketa;DeeJay Dallas;Emari Demercado;Zach Pascal;Greg Dortch
2024_10_NYJ_ARI,2935,run,10.0,85.0,75.0,ARI,3.0,953.0,85.0,53.0,0:53,0:00,,31.0,6.0,1.0,10.0,"3 CB, 2 DE, 2 DT, 1 FS, 3 ILB",CB;CB;CB;DE;DE;DT;DT;FS;ILB;ILB;ILB,11,7,0,,,False,00-0034495;00-0035258;00-0035992;00-0035228;00-0039921;00-0029316;00-0036195;00-0038540;00-0039041;00-0039737;00-0033891,Evan Brown;Hjalte Froholdt;Trystan Colon;Kyler Murray;Trey Benson;Kelvin Beachum;Charlie Heck;Paris Johnson Jr.;Elijah Higgins;Tip Reiman;Zay Jones,00-0032803;00-0034384;00-0037190;00-0038107;00-0039284;00-0036260;00-0039289;00-0037155;00-0034902;00-0035680;00-0036500,Jalen Mills;D.J. Reed;Sauce Gardner;Micheal Clemons;Braiden McGregor;Javon Kinlaw;Leonard Taylor III;Tony Adams;Sam Eguavoen;Quincy Williams;Jamien Sherwood
2024_10_NYJ_ARI,2966,start_quarter_4,,,,ARI,3.0,900.0,,0.0,0:00,0:00,,31.0,6.0,,0.0,,,,,,,,,,,,
2024_10_NYJ_ARI,2986,run,2.0,75.0,73.0,ARI,4.0,900.0,75.0,39.0,15:00,14:21,,31.0,6.0,1.0,10.0,"3 CB, 2 DE, 2 DT, 1 FS, 3 ILB",CB;CB;CB;DE;DE;DT;DT;FS;ILB;ILB;ILB,11,7,0,,,False,00-0034495;00-0035258;00-0035992;00-0035228;00-0039921;00-0029316;00-0038540;00-0039041;00-0039737;00-0033891;00-0038559,Evan Brown;Hjalte Froholdt;Trystan Colon;Kyler Murray;Trey Benson;Kelvin Beachum;Paris Johnson Jr.;Elijah Higgins;Tip Reiman;Zay Jones;Michael Wilson,00-0032803;00-0034384;00-0037190;00-0038107;00-0039284;00-0036260;00-0039289;00-0037155;00-0034902;00-0035680;00-0036500,Jalen Mills;D.J. Reed;Sauce Gardner;Micheal Clemons;Braiden McGregor;Javon Kinlaw;Leonard Taylor III;Tony Adams;Sam Eguavoen;Quincy Williams;Jamien Sherwood
2024_10_NYJ_ARI,3008,run,14.0,73.0,59.0,ARI,4.0,861.0,73.0,44.0,14:21,13:37,,31.0,6.0,2.0,8.0,"4 CB, 2 DE, 2 DT, 1 FS, 2 ILB",CB;CB;CB;CB;DE;DE;DT;DT;FS;ILB;ILB,11,7,0,,,False,00-0034495;00-0035258;00-0035992;00-0035228;00-0039921;00-0029316;00-0038540;00-0039041;00-0035500;00-0038559;00-0039849,Evan Brown;Hjalte Froholdt;Trystan Colon;Kyler Murray;Trey Benson;Kelvin Beachum;Paris Johnson Jr.;Elijah Higgins;Greg Dortch;Michael Wilson;Marvin Harrison Jr.,00-0032803;00-0034384;00-0036501;00-0037190;00-0038107;00-0039284;00-0036260;00-0039289;00-0037155;00-0035680;00-0036500,Jalen Mills;D.J. Reed;Michael Carter II;Sauce Gardner;Micheal Clemons;Braiden McGregor;Javon Kinlaw;Leonard Taylor III;Tony Adams;Quincy Williams;Jamien Sherwood
2024_10_NYJ_ARI,3030,run,-1.0,59.0,60.0,ARI,4.0,817.0,59.0,42.0,13:37,12:55,,31.0,6.0,1.0,10.0,"3 CB, 1 DE, 1 DT, 1 FS, 3 ILB, 1 NT, 1 OLB",CB;CB;CB;DE;DT;FS;ILB;ILB;ILB;NT;OLB,11,7,0,,,False,00-0034495;00-0035258;00-0035992;00-0035228;00-0039921;00-0029316;00-0038540;00-0039041;00-0039737;00-0033891;00-0038559,Evan Brown;Hjalte Froholdt;Trystan Colon;Kyler Murray;Trey Benson;Kelvin Beachum;Paris Johnson Jr.;Elijah Higgins;Tip Reiman;Zay Jones;Michael Wilson,00-0032803;00-0034384;00-0037190;00-0038107;00-0036260;00-0037155;00-0034902;00-0035680;00-0036500;00-0035718;00-0039142,Jalen Mills;D.J. Reed;Sauce Gardner;Micheal Clemons;Javon Kinlaw;Tony Adams;Sam Eguavoen;Quincy Williams;Jamien Sherwood;Quinnen Williams;Will McDonald IV
2024_10_NYJ_ARI,3052,run,2.0,60.0,58.0,ARI,4.0,775.0,60.0,41.0,12:55,12:14,,31.0,6.0,2.0,11.0,"3 CB, 1 DE, 1 DT, 1 FS, 3 ILB, 1 NT, 1 OLB",CB;CB;CB;DE;DT;FS;ILB;ILB;ILB;NT;OLB,11,7,0,,,False,00-0034495;00-0035258;00-0035992;00-0035228;00-0039921;00-0029316;00-0036195;00-0038540;00-0039041;00-0039737;00-0033891,Evan Brown;Hjalte Froholdt;Trystan Colon;Kyler Murray;Trey Benson;Kelvin Beachum;Charlie Heck;Paris Johnson Jr.;Elijah Higgins;Tip Reiman;Zay Jones,00-0032803;00-0034384;00-0037190;00-0038107;00-0036260;00-0037155;00-0034902;00-0035680;00-0036500;00-0035718;00-0039142,Jalen Mills;D.J. Reed;Sauce Gardner;Micheal Clemons;Javon Kinlaw;Tony Adams;Sam Eguavoen;Quincy Williams;Jamien Sherwood;Quinnen Williams;Will McDonald IV
2024_10_NYJ_ARI,3085,pass,6.0,58.0,52.0,ARI,4.0,734.0,58.0,59.0,12:14,11:15,,31.0,6.0,3.0,9.0,"4 CB, 1 DT, 1 FS, 2 ILB, 1 NT, 2 OLB",CB;CB;CB;CB;DT;FS;ILB;ILB;NT;OLB;OLB,11,6,5,MAN_COVERAGE,COVER_1,False,00-0034495;00-0035258;00-0035992;00-0035228;00-0038705;00-0029316;00-0038540;00-0039041;00-0035500;00-0038559;00-0039849,Evan Brown;Hjalte Froholdt;Trystan Colon;Kyler Murray;Emari Demercado;Kelvin Beachum;Paris Johnson Jr.;Elijah Higgins;Greg Dortch;Michael Wilson;Marvin Harrison Jr.,00-0032803;00-0034384;00-0036501;00-0037190;00-0036260;00-0037155;00-0035680;00-0036500;00-0035718;00-0033875;00-0039142,Jalen Mills;D.J. Reed;Michael Carter II;Sauce Gardner;Javon Kinlaw;Tony Adams;Quincy Williams;Jamien Sherwood;Quinnen Williams;Haason Reddick;Will McDonald IV
2024_10_NYJ_ARI,3126,punt,0.0,52.0,52.0,ARI,4.0,675.0,52.0,7.0,11:15,11:08,,31.0,6.0,4.0,3.0,"2 CB, 3 ILB, 1 RB, 1 SS, 1 TE, 3 WR",CB;CB;ILB;ILB;ILB;RB;SS;TE;WR;WR;WR,11,0,0,,,False,00-0038674;00-0037141;00-0035961;00-0038600;00-0028946;00-0036896;00-0037330;00-0035859;00-0036425;00-0039041;00-0033251,Divaad Wilson;Joey Blount;Krys Barnes;Owen Pappoe;Aaron Brewer;Victor Dimukeje;Jesse Luketa;Blake Gillikin;DeeJay Dallas;Elijah Higgins;Zach Pascal,00-0038401;00-0039789;00-0034902;00-0037003;00-0037526;00-0039798;00-0036329;00-0036510;00-0037156;00-0038496;00-0039920,Jarrick Bernard-Converse;Qwan'tez Stiggers;Sam Eguavoen;Chazz Surratt;Marcelino McCrary-Ball;Isaiah Davis;Ashtyn Davis;Kenny Yeboah;Irvin Charles;Xavier Gipson;Malachi Corley
2024_10_NYJ_ARI,3157,pass,8.0,73.0,65.0,NYJ,4.0,668.0,73.0,26.0,11:08,10:42,,31.0,6.0,1.0,10.0,"3 CB, 1 DT, 1 FS, 2 ILB, 1 NT, 2 OLB, 1 SS",CB;CB;CB;DT;FS;ILB;ILB;NT;OLB;OLB;SS,11,6,4,ZONE_COVERAGE,COVER_4,False,00-0039145;00-0036369;00-0036979;00-0023459;00-0038120;00-0031330;00-0039790;00-0034270;00-0031381;00-0037740;00-0038496,Joe Tippmann;John Simpson;Alijah Vera-Tucker;Aaron Rodgers;Breece Hall;Morgan Moses;Olumuyiwa Fashanu;Tyler Conklin;Davante Adams;Garrett Wilson;Xavier Gipson,00-0039007;00-0038663;00-0039807;00-0036695;00-0039864;00-0034375;00-0035144;00-0036568;00-0036933;00-0037330;00-0033890,Garrett Williams;Starling Thomas V;Max Melton;Naquan Jones;Dadrion Taylor-Demerson;Kyzir White;Mack Wilson;Roy Lopez;Zaven Collins;Jesse Luketa;Budda Baker
2024_10_NYJ_ARI,3189,pass,0.0,65.0,65.0,NYJ,4.0,642.0,65.0,4.0,10:42,10:38,,31.0,6.0,2.0,2.0,"3 CB, 1 DT, 1 FS, 2 ILB, 1 NT, 2 OLB, 1 SS",CB;CB;CB;DT;FS;ILB;ILB;NT;OLB;OLB;SS,11,5,4,ZONE_COVERAGE,COVER_3,False,00-0039145;00-0036369;00-0036979;00-0023459;00-0038120;00-0031330;00-0039790;00-0034270;00-0031381;00-0037740;00-0038496,Joe Tippmann;John Simpson;Alijah Vera-Tucker;Aaron Rodgers;Breece Hall;Morgan Moses;Olumuyiwa Fashanu;Tyler Conklin;Davante Adams;Garrett Wilson;Xavier Gipson,00-0039007;00-0038663;00-0039807;00-0036695;00-0039864;00-0034375;00-0035144;00-0036568;00-0036933;00-0037330;00-0033890,Garrett Williams;Starling Thomas V;Max Melton;Naquan Jones;Dadrion Taylor-Demerson;Kyzir White;Mack Wilson;Roy Lopez;Zaven Collins;Jesse Luketa;Budda Baker
2024_10_NYJ_ARI,3212,pass,0.0,65.0,65.0,NYJ,4.0,638.0,65.0,8.0,10:38,10:30,,31.0,6.0,3.0,2.0,"3 CB, 1 DT, 1 FS, 2 ILB, 1 NT, 2 OLB, 1 SS",CB;CB;CB;DT;FS;ILB;ILB;NT;OLB;OLB;SS,11,5,4,ZONE_COVERAGE,COVER_3,False,00-0039145;00-0036369;00-0036979;00-0023459;00-0038120;00-0031330;00-0039790;00-0034270;00-0031381;00-0037740;00-0038496,Joe Tippmann;John Simpson;Alijah Vera-Tucker;Aaron Rodgers;Breece Hall;Morgan Moses;Olumuyiwa Fashanu;Tyler Conklin;Davante Adams;Garrett Wilson;Xavier Gipson,00-0039007;00-0038663;00-0039807;00-0036695;00-0039864;00-0034375;00-0035144;00-0036568;00-0036933;00-0037330;00-0033890,Garrett Williams;Starling Thomas V;Max Melton;Naquan Jones;Dadrion Taylor-Demerson;Kyzir White;Mack Wilson;Roy Lopez;Zaven Collins;Jesse Luketa;Budda Baker
2024_10_NYJ_ARI,3235,pass,6.0,65.0,59.0,NYJ,4.0,630.0,65.0,34.0,10:30,9:56,,31.0,6.0,4.0,2.0,"3 CB, 1 DT, 1 FS, 2 ILB, 3 OLB, 1 SS",CB;CB;CB;DT;FS;ILB;ILB;OLB;OLB;OLB;SS,11,6,4,ZONE_COVERAGE,COVER_3,False,00-0039145;00-0036369;00-0036979;00-0023459;00-0038120;00-0031330;00-0039790;00-0034270;00-0031381;00-0037740;00-0038496,Joe Tippmann;John Simpson;Alijah Vera-Tucker;Aaron Rodgers;Breece Hall;Morgan Moses;Olumuyiwa Fashanu;Tyler Conklin;Davante Adams;Garrett Wilson;Xavier Gipson,00-0039007;00-0038663;00-0039807;00-0038623;00-0039864;00-0034375;00-0035144;00-0036933;00-0036995;00-0039367;00-0033890,Garrett Williams;Starling Thomas V;Max Melton;Dante Stills;Dadrion Taylor-Demerson;Kyzir White;Mack Wilson;Zaven Collins;Baron Browning;Xavier Thomas;Budda Baker
2024_10_NYJ_ARI,3260,pass,1.0,59.0,58.0,NYJ,4.0,596.0,59.0,39.0,9:56,9:17,,31.0,6.0,1.0,10.0,"3 CB, 1 DT, 1 FS, 2 ILB, 3 OLB, 1 SS",CB;CB;CB;DT;FS;ILB;ILB;OLB;OLB;OLB;SS,11,6,4,ZONE_COVERAGE,COVER_3,False,00-0039145;00-0036369;00-0036979;00-0023459;00-0038120;00-0031330;00-0039790;00-0037805;00-0031381;00-0037740;00-0039920,Joe Tippmann;John Simpson;Alijah Vera-Tucker;Aaron Rodgers;Breece Hall;Morgan Moses;Olumuyiwa Fashanu;Jeremy Ruckert;Davante Adams;Garrett Wilson;Malachi Corley,00-0039007;00-0038663;00-0039807;00-0038623;00-0039864;00-0034375;00-0035144;00-0036933;00-0036995;00-0039367;00-0033890,Garrett Williams;Starling Thomas V;Max Melton;Dante Stills;Dadrion Taylor-Demerson;Kyzir White;Mack Wilson;Zaven Collins;Baron Browning;Xavier Thomas;Budda Baker
2024_10_NYJ_ARI,3285,pass,5.0,58.0,53.0,NYJ,4.0,557.0,58.0,35.0,9:17,8:42,,31.0,6.0,2.0,9.0,"3 CB, 1 DT, 1 FS, 2 ILB, 3 OLB, 1 SS",CB;CB;CB;DT;FS;ILB;ILB;OLB;OLB;OLB;SS,11,4,4,ZONE_COVERAGE,COVER_2,False,00-0039145;00-0036369;00-0036979;00-0023459;00-0038120;00-0031330;00-0039790;00-0037805;00-0031381;00-0037740;00-0039920,Joe Tippmann;John Simpson;Alijah Vera-Tucker;Aaron Rodgers;Breece Hall;Morgan Moses;Olumuyiwa Fashanu;Jeremy Ruckert;Davante Adams;Garrett Wilson;Malachi Corley,00-0039007;00-0038663;00-0039807;00-0038623;00-0039864;00-0034375;00-0035144;00-0036933;00-0036995;00-0039367;00-0033890,Garrett Williams;Starling Thomas V;Max Melton;Dante Stills;Dadrion Taylor-Demerson;Kyzir White;Mack Wilson;Zaven Collins;Baron Browning;Xavier Thomas;Budda Baker
2024_10_NYJ_ARI,3310,pass,5.0,53.0,48.0,NYJ,4.0,522.0,53.0,32.0,8:42,8:10,,31.0,6.0,3.0,4.0,"3 CB, 1 DT, 1 FS, 2 ILB, 3 OLB, 1 SS",CB;CB;CB;DT;FS;ILB;ILB;OLB;OLB;OLB;SS,11,6,4,ZONE_COVERAGE,COVER_3,False,00-0039145;00-0036369;00-0036979;00-0023459;00-0038120;00-0031330;00-0039790;00-0037805;00-0031381;00-0037740;00-0039920,Joe Tippmann;John Simpson;Alijah Vera-Tucker;Aaron Rodgers;Breece Hall;Morgan Moses;Olumuyiwa Fashanu;Jeremy Ruckert;Davante Adams;Garrett Wilson;Malachi Corley,00-0039007;00-0038663;00-0039807;00-0038623;00-0039864;00-0034375;00-0035144;00-0036933;00-0036995;00-0039367;00-0033890,Garrett Williams;Starling Thomas V;Max Melton;Dante Stills;Dadrion Taylor-Demerson;Kyzir White;Mack Wilson;Zaven Collins;Baron Browning;Xavier Thomas;Budda Baker
2024_10_NYJ_ARI,3345,pass,10.0,48.0,38.0,NYJ,4.0,490.0,48.0,31.0,8:10,7:39,,31.0,6.0,1.0,10.0,"3 CB, 1 DT, 1 FS, 2 ILB, 1 NT, 2 OLB, 1 SS",CB;CB;CB;DT;FS;ILB;ILB;NT;OLB;OLB;SS,11,6,4,ZONE_COVERAGE,COVER_2,False,00-0039145;00-0036369;00-0036979;00-0023459;00-0039798;00-0031330;00-0039790;00-0034270;00-0031381;00-0037740;00-0039920,Joe Tippmann;John Simpson;Alijah Vera-Tucker;Aaron Rodgers;Isaiah Davis;Morgan Moses;Olumuyiwa Fashanu;Tyler Conklin;Davante Adams;Garrett Wilson;Malachi Corley,00-0039007;00-0038663;00-0039807;00-0035636;00-0039864;00-0034375;00-0038600;00-0036568;00-0036896;00-0037330;00-0033890,Garrett Williams;Starling Thomas V;Max Melton;L.J. Collier;Dadrion Taylor-Demerson;Kyzir White;Owen Pappoe;Roy Lopez;Victor Dimukeje;Jesse Luketa;Budda Baker
2024_10_NYJ_ARI,3370,no_play,0.0,38.0,38.0,NYJ,4.0,459.0,38.0,24.0,7:39,7:15,,31.0,6.0,1.0,10.0,"3 CB, 1 DT, 1 FS, 2 ILB, 1 NT, 2 OLB, 1 SS",CB;CB;CB;DT;FS;ILB;ILB;NT;OLB;OLB;SS,11,6,4,ZONE_COVERAGE,COVER_4,False,00-0039145;00-0036369;00-0036979;00-0023459;00-0039798;00-0031330;00-0039790;00-0034270;00-0031381;00-0037740;00-0038496,Joe Tippmann;John Simpson;Alijah Vera-Tucker;Aaron Rodgers;Isaiah Davis;Morgan Moses;Olumuyiwa Fashanu;Tyler Conklin;Davante Adams;Garrett Wilson;Xavier Gipson,00-0039007;00-0038663;00-0039807;00-0035636;00-0039864;00-0034375;00-0038600;00-0036568;00-0036896;00-0037330;00-0033890,Garrett Williams;Starling Thomas V;Max Melton;L.J. Collier;Dadrion Taylor-Demerson;Kyzir White;Owen Pappoe;Roy Lopez;Victor Dimukeje;Jesse Luketa;Budda Baker
2024_10_NYJ_ARI,3406,pass,14.0,43.0,29.0,NYJ,4.0,435.0,43.0,33.0,7:15,6:42,,31.0,6.0,1.0,15.0,"3 CB, 1 DT, 1 FS, 2 ILB, 1 NT, 2 OLB, 1 SS",CB;CB;CB;DT;FS;ILB;ILB;NT;OLB;OLB;SS,11,6,4,ZONE_COVERAGE,COVER_3,False,00-0039145;00-0036369;00-0036979;00-0023459;00-0038120;00-0031330;00-0039790;00-0034270;00-0031381;00-0037740;00-0038496,Joe Tippmann;John Simpson;Alijah Vera-Tucker;Aaron Rodgers;Breece Hall;Morgan Moses;Olumuyiwa Fashanu;Tyler Conklin;Davante Adams;Garrett Wilson;Xavier Gipson,00-0039007;00-0038663;00-0039807;00-0035636;00-0039864;00-0034375;00-0038600;00-0036568;00-0036896;00-0037330;00-0033890,Garrett Williams;Starling Thomas V;Max Melton;L.J. Collier;Dadrion Taylor-Demerson;Kyzir White;Owen Pappoe;Roy Lopez;Victor Dimukeje;Jesse Luketa;Budda Baker
2024_10_NYJ_ARI,3431,pass,0.0,29.0,29.0,NYJ,4.0,402.0,29.0,3.0,6:42,6:39,,31.0,6.0,2.0,1.0,"3 CB, 1 DT, 1 FS, 2 ILB, 1 NT, 2 OLB, 1 SS",CB;CB;CB;DT;FS;ILB;ILB;NT;OLB;OLB;SS,11,6,4,ZONE_COVERAGE,COVER_6,False,00-0039145;00-0036369;00-0036979;00-0023459;00-0038120;00-0031330;00-0039790;00-0034270;00-0031381;00-0037740;00-0038496,Joe Tippmann;John Simpson;Alijah Vera-Tucker;Aaron Rodgers;Breece Hall;Morgan Moses;Olumuyiwa Fashanu;Tyler Conklin;Davante Adams;Garrett Wilson;Xavier Gipson,00-0039007;00-0038663;00-0039807;00-0035636;00-0039864;00-0034375;00-0038600;00-0036568;00-0036896;00-0037330;00-0033890,Garrett Williams;Starling Thomas V;Max Melton;L.J. Collier;Dadrion Taylor-Demerson;Kyzir White;Owen Pappoe;Roy Lopez;Victor Dimukeje;Jesse Luketa;Budda Baker
2024_10_NYJ_ARI,3454,pass,12.0,29.0,17.0,NYJ,4.0,399.0,29.0,37.0,6:39,6:02,,31.0,6.0,3.0,1.0,"3 CB, 1 DT, 1 FS, 2 ILB, 3 OLB, 1 SS",CB;CB;CB;DT;FS;ILB;ILB;OLB;OLB;OLB;SS,11,5,4,ZONE_COVERAGE,COVER_3,False,00-0039145;00-0036369;00-0036979;00-0023459;00-0038120;00-0031330;00-0039790;00-0037805;00-0031381;00-0037740;00-0039920,Joe Tippmann;John Simpson;Alijah Vera-Tucker;Aaron Rodgers;Breece Hall;Morgan Moses;Olumuyiwa Fashanu;Jeremy Ruckert;Davante Adams;Garrett Wilson;Malachi Corley,00-0039007;00-0038663;00-0039807;00-0038623;00-0039864;00-0034375;00-0038600;00-0036933;00-0036995;00-0039367;00-0033890,Garrett Williams;Starling Thomas V;Max Melton;Dante Stills;Dadrion Taylor-Demerson;Kyzir White;Owen Pappoe;Zaven Collins;Baron Browning;Xavier Thomas;Budda Baker
2024_10_NYJ_ARI,3479,pass,7.0,17.0,10.0,NYJ,4.0,362.0,17.0,30.0,6:02,5:32,,31.0,6.0,1.0,10.0,"3 CB, 1 DT, 1 FS, 2 ILB, 3 OLB, 1 SS",CB;CB;CB;DT;FS;ILB;ILB;OLB;OLB;OLB;SS,11,6,4,ZONE_COVERAGE,COVER_3,False,00-0039145;00-0036369;00-0036979;00-0023459;00-0038120;00-0031330;00-0039790;00-0037805;00-0031381;00-0037740;00-0039920,Joe Tippmann;John Simpson;Alijah Vera-Tucker;Aaron Rodgers;Breece Hall;Morgan Moses;Olumuyiwa Fashanu;Jeremy Ruckert;Davante Adams;Garrett Wilson;Malachi Corley,00-0039007;00-0038663;00-0039807;00-0038623;00-0039864;00-0034375;00-0038600;00-0036933;00-0036995;00-0039367;00-0033890,Garrett Williams;Starling Thomas V;Max Melton;Dante Stills;Dadrion Taylor-Demerson;Kyzir White;Owen Pappoe;Zaven Collins;Baron Browning;Xavier Thomas;Budda Baker
2024_10_NYJ_ARI,3504,pass,0.0,10.0,10.0,NYJ,4.0,332.0,10.0,3.0,5:32,5:29,,31.0,6.0,2.0,3.0,"3 CB, 1 DT, 1 FS, 2 ILB, 3 OLB, 1 SS",CB;CB;CB;DT;FS;ILB;ILB;OLB;OLB;OLB;SS,11,6,4,MAN_COVERAGE,2_MAN,False,00-0039145;00-0036369;00-0036979;00-0023459;00-0038120;00-0031330;00-0039790;00-0037805;00-0031381;00-0037740;00-0039920,Joe Tippmann;John Simpson;Alijah Vera-Tucker;Aaron Rodgers;Breece Hall;Morgan Moses;Olumuyiwa Fashanu;Jeremy Ruckert;Davante Adams;Garrett Wilson;Malachi Corley,00-0039007;00-0038663;00-0039807;00-0038623;00-0039864;00-0034375;00-0038600;00-0036933;00-0036995;00-0039367;00-0033890,Garrett Williams;Starling Thomas V;Max Melton;Dante Stills;Dadrion Taylor-Demerson;Kyzir White;Owen Pappoe;Zaven Collins;Baron Browning;Xavier Thomas;Budda Baker
2024_10_NYJ_ARI,3539,pass,-1.0,10.0,11.0,NYJ,4.0,329.0,10.0,44.0,5:29,4:45,,31.0,6.0,3.0,3.0,"3 CB, 2 DT, 1 FS, 3 ILB, 1 OLB, 1 SS",CB;CB;CB;DT;DT;FS;ILB;ILB;ILB;OLB;SS,11,6,6,MAN_COVERAGE,COVER_0,False,00-0039145;00-0036369;00-0036979;00-0023459;00-0038120;00-0031330;00-0039790;00-0034270;00-0031381;00-0037740;00-0039920,Joe Tippmann;John Simpson;Alijah Vera-Tucker;Aaron Rodgers;Breece Hall;Morgan Moses;Olumuyiwa Fashanu;Tyler Conklin;Davante Adams;Garrett Wilson;Malachi Corley,00-0039007;00-0038663;00-0039807;00-0036695;00-0038623;00-0039864;00-0034375;00-0035144;00-0035961;00-0036896;00-0033890,Garrett Williams;Starling Thomas V;Max Melton;Naquan Jones;Dante Stills;Dadrion Taylor-Demerson;Kyzir White;Mack Wilson;Krys Barnes;Victor Dimukeje;Budda Baker
2024_10_NYJ_ARI,3564,pass,0.0,11.0,11.0,NYJ,4.0,285.0,11.0,6.0,4:45,4:39,,31.0,6.0,4.0,4.0,"3 CB, 2 DT, 1 FS, 3 ILB, 1 OLB, 1 SS",CB;CB;CB;DT;DT;FS;ILB;ILB;ILB;OLB;SS,11,6,4,ZONE_COVERAGE,COVER_4,False,00-0039145;00-0036369;00-0036979;00-0023459;00-0038120;00-0031330;00-0039790;00-0034270;00-0031381;00-0037740;00-0039920,Joe Tippmann;John Simpson;Alijah Vera-Tucker;Aaron Rodgers;Breece Hall;Morgan Moses;Olumuyiwa Fashanu;Tyler Conklin;Davante Adams;Garrett Wilson;Malachi Corley,00-0039007;00-0038663;00-0039807;00-0036695;00-0038623;00-0039864;00-0034375;00-0035144;00-0035961;00-0036896;00-0033890,Garrett Williams;Starling Thomas V;Max Melton;Naquan Jones;Dante Stills;Dadrion Taylor-Demerson;Kyzir White;Mack Wilson;Krys Barnes;Victor Dimukeje;Budda Baker
2024_10_NYJ_ARI,3599,run,1.0,89.0,88.0,ARI,4.0,279.0,89.0,44.0,4:39,3:55,,31.0,6.0,1.0,10.0,"3 CB, 1 DE, 1 DT, 1 FS, 3 ILB, 1 NT, 1 OLB",CB;CB;CB;DE;DT;FS;ILB;ILB;ILB;NT;OLB,11,7,0,,,False,00-0034495;00-0035992;00-0038571;00-0038582;00-0038705;00-0029316;00-0036195;00-0039041;00-0039737;00-0033891;00-0033251,Evan Brown;Trystan Colon;Jon Gaines II;Clayton Tune;Emari Demercado;Kelvin Beachum;Charlie Heck;Elijah Higgins;Tip Reiman;Zay Jones;Zach Pascal,00-0032803;00-0034384;00-0037190;00-0038107;00-0036260;00-0037155;00-0034902;00-0035680;00-0036500;00-0035718;00-0039142,Jalen Mills;D.J. Reed;Sauce Gardner;Micheal Clemons;Javon Kinlaw;Tony Adams;Sam Eguavoen;Quincy Williams;Jamien Sherwood;Quinnen Williams;Will McDonald IV
2024_10_NYJ_ARI,3632,run,7.0,88.0,81.0,ARI,4.0,235.0,88.0,42.0,3:55,3:13,,31.0,6.0,2.0,9.0,"3 CB, 1 DE, 1 DT, 1 FS, 3 ILB, 1 NT, 1 OLB",CB;CB;CB;DE;DT;FS;ILB;ILB;ILB;NT;OLB,11,6,0,,,False,00-0034495;00-0035992;00-0038571;00-0038582;00-0038705;00-0029316;00-0036195;00-0039041;00-0039737;00-0033891;00-0033251,Evan Brown;Trystan Colon;Jon Gaines II;Clayton Tune;Emari Demercado;Kelvin Beachum;Charlie Heck;Elijah Higgins;Tip Reiman;Zay Jones;Zach Pascal,00-0032803;00-0034384;00-0037190;00-0038107;00-0036260;00-0037155;00-0034902;00-0035680;00-0036500;00-0035718;00-0039142,Jalen Mills;D.J. Reed;Sauce Gardner;Micheal Clemons;Javon Kinlaw;Tony Adams;Sam Eguavoen;Quincy Williams;Jamien Sherwood;Quinnen Williams;Will McDonald IV
2024_10_NYJ_ARI,3654,run,14.0,81.0,67.0,ARI,4.0,193.0,81.0,46.0,3:13,2:27,,31.0,6.0,3.0,2.0,"3 CB, 1 DE, 1 DT, 1 FS, 3 ILB, 1 NT, 1 OLB",CB;CB;CB;DE;DT;FS;ILB;ILB;ILB;NT;OLB,11,6,0,,,False,00-0034495;00-0035992;00-0038571;00-0038582;00-0038705;00-0029316;00-0036195;00-0039041;00-0039737;00-0033891;00-0033251,Evan Brown;Trystan Colon;Jon Gaines II;Clayton Tune;Emari Demercado;Kelvin Beachum;Charlie Heck;Elijah Higgins;Tip Reiman;Zay Jones;Zach Pascal,00-0032803;00-0034384;00-0037190;00-0038107;00-0036260;00-0037155;00-0034902;00-0035680;00-0036500;00-0035718;00-0039142,Jalen Mills;D.J. Reed;Sauce Gardner;Micheal Clemons;Javon Kinlaw;Tony Adams;Sam Eguavoen;Quincy Williams;Jamien Sherwood;Quinnen Williams;Will McDonald IV
2024_10_NYJ_ARI,3676,run,1.0,67.0,66.0,ARI,4.0,147.0,67.0,27.0,2:27,2:00,,31.0,6.0,1.0,10.0,"3 CB, 1 DE, 2 DT, 1 FS, 3 ILB, 1 OLB",CB;CB;CB;DE;DT;DT;FS;ILB;ILB;ILB;OLB,11,7,0,,,False,00-0034495;00-0035992;00-0038571;00-0038582;00-0036425;00-0029316;00-0036195;00-0039041;00-0039737;00-0033891;00-0033251,Evan Brown;Trystan Colon;Jon Gaines II;Clayton Tune;DeeJay Dallas;Kelvin Beachum;Charlie Heck;Elijah Higgins;Tip Reiman;Zay Jones;Zach Pascal,00-0032803;00-0034384;00-0037190;00-0038107;00-0034461;00-0036260;00-0037155;00-0034902;00-0035680;00-0036500;00-0039142,Jalen Mills;D.J. Reed;Sauce Gardner;Micheal Clemons;Bruce Hector;Javon Kinlaw;Tony Adams;Sam Eguavoen;Quincy Williams;Jamien Sherwood;Will McDonald IV
2024_10_NYJ_ARI,3698,run,6.0,66.0,60.0,ARI,4.0,120.0,66.0,46.0,2:00,1:14,,31.0,6.0,2.0,9.0,"3 CB, 2 DE, 2 DT, 1 FS, 3 ILB",CB;CB;CB;DE;DE;DT;DT;FS;ILB;ILB;ILB,11,6,0,,,False,00-0034495;00-0035992;00-0038571;00-0038582;00-0036425;00-0029316;00-0036195;00-0039041;00-0039737;00-0033891;00-0033251,Evan Brown;Trystan Colon;Jon Gaines II;Clayton Tune;DeeJay Dallas;Kelvin Beachum;Charlie Heck;Elijah Higgins;Tip Reiman;Zay Jones;Zach Pascal,00-0032803;00-0034384;00-0037190;00-0038107;00-0039291;00-0034461;00-0039289;00-0037155;00-0034902;00-0035680;00-0036500,Jalen Mills;D.J. Reed;Sauce Gardner;Micheal Clemons;Eric Watts;Bruce Hector;Leonard Taylor III;Tony Adams;Sam Eguavoen;Quincy Williams;Jamien Sherwood
2024_10_NYJ_ARI,3727,run,3.0,60.0,57.0,ARI,4.0,74.0,60.0,46.0,1:14,0:28,,31.0,6.0,3.0,3.0,"3 CB, 2 DE, 2 DT, 1 FS, 3 ILB",CB;CB;CB;DE;DE;DT;DT;FS;ILB;ILB;ILB,11,7,0,,,False,00-0034495;00-0035992;00-0038571;00-0038582;00-0036425;00-0029316;00-0036195;00-0039041;00-0039737;00-0033891;00-0033251,Evan Brown;Trystan Colon;Jon Gaines II;Clayton Tune;DeeJay Dallas;Kelvin Beachum;Charlie Heck;Elijah Higgins;Tip Reiman;Zay Jones;Zach Pascal,00-0032803;00-0034384;00-0037190;00-0038107;00-0039291;00-0034461;00-0039289;00-0037155;00-0034902;00-0035680;00-0036500,Jalen Mills;D.J. Reed;Sauce Gardner;Micheal Clemons;Eric Watts;Bruce Hector;Leonard Taylor III;Tony Adams;Sam Eguavoen;Quincy Williams;Jamien Sherwood
2024_10_NYJ_ARI,3749,qb_kneel,-1.0,57.0,58.0,ARI,4.0,28.0,57.0,28.0,0:28,0:00,,31.0,6.0,1.0,10.0,"3 CB, 2 DE, 2 DT, 1 FS, 3 ILB",CB;CB;CB;DE;DE;DT;DT;FS;ILB;ILB;ILB,11,0,0,,,False,00-0034495;00-0035992;00-0038571;00-0038582;00-0036425;00-0029316;00-0036195;00-0039041;00-0039737;00-0033891;00-0033251,Evan Brown;Trystan Colon;Jon Gaines II;Clayton Tune;DeeJay Dallas;Kelvin Beachum;Charlie Heck;Elijah Higgins;Tip Reiman;Zay Jones;Zach Pascal,00-0032803;00-0034384;00-0037190;00-0039284;00-0039291;00-0034461;00-0039289;00-0037155;00-0034902;00-0035680;00-0036500,Jalen Mills;D.J. Reed;Sauce Gardner;Braiden McGregor;Eric Watts;Bruce Hector;Leonard Taylor III;Tony Adams;Sam Eguavoen;Quincy Williams;Jamien Sherwood
2024_10_NYJ_ARI,3771,end_game,,,,ARI,4.0,0.0,,0.0,0:00,0:00,,31.0,6.0,,0.0,,,,,,,,,,,,
