game_id,play_id,play_type,yards_gained,starting_yard,ending_yard,posteam,qtr,game_seconds_remaining,yardline_100,time_of_play,time_on_clock_start,time_on_clock_end,timeout_team,home_team_score,away_team_score,down,yds_to_go,defense_personnel,defense_positions,n_defense,defenders_in_box,number_of_pass_rushers,defense_man_zone_type,defense_coverage_type,was_pressure,offense_player_ids,offense_player_names,defense_player_ids,defense_player_names
2023_08_JAX_PIT,1,start_quarter_1,,,,,1.0,3600.0,,0.0,15:00,15:00,,0.0,0.0,,0.0,,,,,,,,,,,,
2023_08_JAX_PIT,39,kickoff,0.0,35.0,35.0,PIT,1.0,3600.0,35.0,0.0,15:00,15:00,,0.0,0.0,,0.0,"1 CB, 1 DE, 1 FS, 3 ILB, 1 K, 1 RB, 2 SS, 1 WR",CB;DE;FS;ILB;ILB;ILB;K;RB;SS;SS;WR,11,0,0,,,False,00-0034468;00-0035795;00-0036002;00-0037316;00-0038577;00-0034614;00-0037228;00-0032399;00-0037451;00-0038558;00-0035703,Chandon Sullivan;James Pierre;Elijah Riley;Mark Robinson;Nick Herbig;Godwin Igwebuike;Jaylen Warren;Miles Killebrew;Rod Williams;Darnell Washington;Miles Boykin,00-0034516;00-0033064;00-0038596;00-0036235;00-0036704;00-0037811;00-0029822;00-0035628;00-0033941;00-0036306;00-0036497,Tre Herndon;Adam Gotsis;Antonio Johnson;Shaquille Quarterman;Caleb Johnson;Chad Muma;Brandon McManus;D'Ernest Johnson;Rayshawn Jenkins;Daniel Thomas;Tim Jones
2023_08_JAX_PIT,56,pass,0.0,75.0,75.0,PIT,1.0,3600.0,75.0,4.0,15:00,14:56,,0.0,0.0,1.0,10.0,"3 CB, 2 DT, 1 FS, 2 ILB, 2 OLB, 1 SS",CB;CB;CB;DT;DT;FS;ILB;ILB;OLB;OLB;SS,11,5,5,ZONE_COVERAGE,COVER_6,False,00-0034785;00-0032954;00-0034347;00-0038102;00-0036893;00-0034768;00-0036869;00-0037304;00-0031428;00-0035216;00-0037247,Mason Cole;Isaac Seumalo;James Daniels;Kenny Pickett;Najee Harris;Chukwuma Okorafor;Dan Moore;Connor Heyward;Allen Robinson;Diontae Johnson;George Pickens,00-0034203;00-0034516;00-0037313;00-0032667;00-0034275;00-0035378;00-0034413;00-0037244;00-0035642;00-0037235;00-0033941,Darious Williams;Tre Herndon;Montaric Brown;Roy Robertson-Harris;Folorunso Fatukasi;Andrew Wingard;Foyesade Oluokun;Devin Lloyd;Josh Allen;Travon Walker;Rayshawn Jenkins
2023_08_JAX_PIT,79,pass,-5.0,75.0,80.0,PIT,1.0,3596.0,75.0,38.0,14:56,14:18,,0.0,0.0,2.0,10.0,"3 CB, 2 DT, 1 FS, 2 ILB, 2 OLB, 1 SS",CB;CB;CB;DT;DT;FS;ILB;ILB;OLB;OLB;SS,11,5,4,ZONE_COVERAGE,COVER_2,True,00-0034785;00-0032954;00-0034347;00-0038102;00-0036893;00-0034768;00-0036869;00-0037304;00-0035216;00-0037247;00-0037837,Mason Cole;Isaac Seumalo;James Daniels;Kenny Pickett;Najee Harris;Chukwuma Okorafor;Dan Moore;Connor Heyward;Diontae Johnson;George Pickens;Calvin Austin,00-0034203;00-0034516;00-0037313;00-0032667;00-0034275;00-0035378;00-0034413;00-0037244;00-0035642;00-0037235;00-0033941,Darious Williams;Tre Herndon;Montaric Brown;Roy Robertson-Harris;Folorunso Fatukasi;Andrew Wingard;Foyesade Oluokun;Devin Lloyd;Josh Allen;Travon Walker;Rayshawn Jenkins
2023_08_JAX_PIT,99,pass,0.0,80.0,80.0,PIT,1.0,3558.0,80.0,8.0,14:18,14:10,,0.0,0.0,3.0,15.0,"3 CB, 1 DE, 1 DT, 1 FS, 2 ILB, 2 OLB, 1 SS",CB;CB;CB;DE;DT;FS;ILB;ILB;OLB;OLB;SS,11,3,4,ZONE_COVERAGE,COVER_4,True,00-0034785;00-0032954;00-0034347;00-0038102;00-0037228;00-0034768;00-0036869;00-0037304;00-0035216;00-0037247;00-0037837,Mason Cole;Isaac Seumalo;James Daniels;Kenny Pickett;Jaylen Warren;Chukwuma Okorafor;Dan Moore;Connor Heyward;Diontae Johnson;George Pickens;Calvin Austin,00-0034203;00-0034516;00-0037313;00-0033907;00-0032667;00-0035378;00-0034413;00-0037244;00-0035642;00-0037235;00-0033941,Darious Williams;Tre Herndon;Montaric Brown;Dawuane Smoot;Roy Robertson-Harris;Andrew Wingard;Foyesade Oluokun;Devin Lloyd;Josh Allen;Travon Walker;Rayshawn Jenkins
2023_08_JAX_PIT,133,punt,0.0,80.0,80.0,PIT,1.0,3550.0,80.0,7.0,14:10,14:03,,0.0,0.0,4.0,15.0,"1 CB, 1 FS, 2 ILB, 2 RB, 1 SS, 1 TE, 3 WR",CB;FS;ILB;ILB;RB;RB;SS;TE;WR;WR;WR,11,0,0,,,False,00-0035795;00-0032382;00-0036002;00-0032442;00-0037316;00-0034051;00-0038577;00-0036847;00-0032399;00-0037304;00-0035703,James Pierre;Keanu Neal;Elijah Riley;Elandon Roberts;Mark Robinson;Christian Kuntz;Nick Herbig;Pressley Harvin;Miles Killebrew;Connor Heyward;Miles Boykin,00-0034903;00-0038596;00-0036704;00-0037811;00-0035628;00-0035806;00-0036306;00-0038935;00-0033572;00-0036497;00-0038667,Tevaughn Campbell;Antonio Johnson;Caleb Johnson;Chad Muma;D'Ernest Johnson;Jamycal Hasty;Daniel Thomas;Brenton Strange;Jamal Agnew;Tim Jones;Elijah Cooks
2023_08_JAX_PIT,152,pass,0.0,53.0,53.0,JAX,1.0,3543.0,53.0,3.0,14:03,14:00,,0.0,0.0,1.0,10.0,"2 CB, 1 DE, 1 DT, 2 FS, 2 ILB, 1 NT, 2 OLB",CB;CB;DE;DT;FS;FS;ILB;ILB;NT;OLB;OLB,11,6,5,MAN_COVERAGE,COVER_1,False,00-0037814;00-0030827;00-0032053;00-0036971;00-0036973;00-0033889;00-0038934;00-0033881;00-0036887;00-0034837;00-0034775,Luke Fortner;Tyler Shatley;Brandon Scherff;Trevor Lawrence;Travis Etienne;Cam Robinson;Anton Harrison;Evan Engram;Luke Farrell;Calvin Ridley;Christian Kirk,00-0027943;00-0039167;00-0037759;00-0033905;00-0032382;00-0034789;00-0032442;00-0035286;00-0033929;00-0033886;00-0036333,Patrick Peterson;Joey Porter;DeMarvin Leal;Larry Ogunjobi;Keanu Neal;Minkah Fitzpatrick;Elandon Roberts;Cole Holcomb;Montravius Adams;T.J. Watt;Alex Highsmith
2023_08_JAX_PIT,175,run,3.0,53.0,50.0,JAX,1.0,3540.0,53.0,39.0,14:00,13:21,,0.0,0.0,2.0,10.0,"3 CB, 1 DT, 1 FS, 1 ILB, 1 NT, 3 OLB, 1 SS",CB;CB;CB;DT;FS;ILB;NT;OLB;OLB;OLB;SS,11,6,0,,,False,00-0037814;00-0030827;00-0032053;00-0036971;00-0036973;00-0033889;00-0038934;00-0038935;00-0034837;00-0034775;00-0036497,Luke Fortner;Tyler Shatley;Brandon Scherff;Trevor Lawrence;Travis Etienne;Cam Robinson;Anton Harrison;Brenton Strange;Calvin Ridley;Christian Kirk;Tim Jones,00-0027943;00-0034468;00-0039167;00-0033905;00-0034789;00-0035286;00-0033929;00-0032109;00-0033886;00-0036333;00-0033512,Patrick Peterson;Chandon Sullivan;Joey Porter;Larry Ogunjobi;Minkah Fitzpatrick;Cole Holcomb;Montravius Adams;Kwon Alexander;T.J. Watt;Alex Highsmith;Damontae Kazee
2023_08_JAX_PIT,197,no_play,0.0,50.0,50.0,JAX,1.0,3501.0,50.0,6.0,13:21,13:15,,0.0,0.0,3.0,7.0,"3 CB, 1 DT, 2 FS, 1 ILB, 1 NT, 2 OLB, 1 SS",CB;CB;CB;DT;FS;FS;ILB;NT;OLB;OLB;SS,11,5,5,MAN_COVERAGE,COVER_1,True,00-0037814;00-0030827;00-0032053;00-0036971;00-0036973;00-0033889;00-0038934;00-0033881;00-0034837;00-0034775;00-0036497,Luke Fortner;Tyler Shatley;Brandon Scherff;Trevor Lawrence;Travis Etienne;Cam Robinson;Anton Harrison;Evan Engram;Calvin Ridley;Christian Kirk;Tim Jones,00-0027943;00-0035795;00-0039167;00-0033905;00-0032382;00-0034789;00-0035286;00-0033929;00-0033886;00-0036333;00-0033512,Patrick Peterson;James Pierre;Joey Porter;Larry Ogunjobi;Keanu Neal;Minkah Fitzpatrick;Cole Holcomb;Montravius Adams;T.J. Watt;Alex Highsmith;Damontae Kazee
2023_08_JAX_PIT,231,run,7.0,33.0,26.0,JAX,1.0,3495.0,33.0,39.0,13:15,12:36,,0.0,0.0,1.0,10.0,"2 CB, 1 DE, 1 DT, 2 FS, 2 ILB, 1 NT, 2 OLB",CB;CB;DE;DT;FS;FS;ILB;ILB;NT;OLB;OLB,11,6,0,,,False,00-0037814;00-0030827;00-0032053;00-0036971;00-0036973;00-0033889;00-0038934;00-0036887;00-0038935;00-0034837;00-0036497,Luke Fortner;Tyler Shatley;Brandon Scherff;Trevor Lawrence;Travis Etienne;Cam Robinson;Anton Harrison;Luke Farrell;Brenton Strange;Calvin Ridley;Tim Jones,00-0027943;00-0039167;00-0037759;00-0033905;00-0032382;00-0034789;00-0032442;00-0035286;00-0033929;00-0033886;00-0036333,Patrick Peterson;Joey Porter;DeMarvin Leal;Larry Ogunjobi;Keanu Neal;Minkah Fitzpatrick;Elandon Roberts;Cole Holcomb;Montravius Adams;T.J. Watt;Alex Highsmith
2023_08_JAX_PIT,253,run,-3.0,26.0,29.0,JAX,1.0,3456.0,26.0,39.0,12:36,11:57,,0.0,0.0,2.0,3.0,"3 CB, 1 DT, 1 FS, 1 ILB, 1 NT, 3 OLB, 1 SS",CB;CB;CB;DT;FS;ILB;NT;OLB;OLB;OLB;SS,11,6,0,,,False,00-0037814;00-0030827;00-0032053;00-0036971;00-0036973;00-0033889;00-0038934;00-0038935;00-0033572;00-0034837;00-0034775,Luke Fortner;Tyler Shatley;Brandon Scherff;Trevor Lawrence;Travis Etienne;Cam Robinson;Anton Harrison;Brenton Strange;Jamal Agnew;Calvin Ridley;Christian Kirk,00-0027943;00-0034468;00-0039167;00-0033905;00-0034789;00-0035286;00-0033929;00-0032109;00-0033886;00-0036333;00-0033512,Patrick Peterson;Chandon Sullivan;Joey Porter;Larry Ogunjobi;Minkah Fitzpatrick;Cole Holcomb;Montravius Adams;Kwon Alexander;T.J. Watt;Alex Highsmith;Damontae Kazee
2023_08_JAX_PIT,275,no_play,0.0,29.0,29.0,JAX,1.0,3417.0,29.0,29.0,11:57,11:28,,0.0,0.0,3.0,6.0,"3 CB, 1 DT, 2 FS, 1 ILB, 1 NT, 2 OLB, 1 SS",CB;CB;CB;DT;FS;FS;ILB;NT;OLB;OLB;SS,11,4,5,MAN_COVERAGE,2_MAN,False,00-0037814;00-0030827;00-0032053;00-0036971;00-0036973;00-0033889;00-0038934;00-0033881;00-0033572;00-0034837;00-0034775,Luke Fortner;Tyler Shatley;Brandon Scherff;Trevor Lawrence;Travis Etienne;Cam Robinson;Anton Harrison;Evan Engram;Jamal Agnew;Calvin Ridley;Christian Kirk,00-0027943;00-0035795;00-0039167;00-0033905;00-0032382;00-0034789;00-0035286;00-0033929;00-0033886;00-0036333;00-0033512,Patrick Peterson;James Pierre;Joey Porter;Larry Ogunjobi;Keanu Neal;Minkah Fitzpatrick;Cole Holcomb;Montravius Adams;T.J. Watt;Alex Highsmith;Damontae Kazee
2023_08_JAX_PIT,311,pass,12.0,44.0,32.0,JAX,1.0,3388.0,44.0,37.0,11:28,10:51,,0.0,0.0,3.0,21.0,"3 CB, 1 DT, 2 FS, 1 ILB, 1 NT, 2 OLB, 1 SS",CB;CB;CB;DT;FS;FS;ILB;NT;OLB;OLB;SS,11,6,0,ZONE_COVERAGE,COVER_2,False,00-0037814;00-0030827;00-0032053;00-0036971;00-0036973;00-0033889;00-0038934;00-0033881;00-0034837;00-0034775;00-0036497,Luke Fortner;Tyler Shatley;Brandon Scherff;Trevor Lawrence;Travis Etienne;Cam Robinson;Anton Harrison;Evan Engram;Calvin Ridley;Christian Kirk;Tim Jones,00-0027943;00-0035795;00-0039167;00-0033905;00-0032382;00-0034789;00-0035286;00-0033929;00-0033886;00-0036333;00-0033512,Patrick Peterson;James Pierre;Joey Porter;Larry Ogunjobi;Keanu Neal;Minkah Fitzpatrick;Cole Holcomb;Montravius Adams;T.J. Watt;Alex Highsmith;Damontae Kazee
2023_08_JAX_PIT,336,field_goal,0.0,32.0,32.0,JAX,1.0,3351.0,32.0,4.0,10:51,10:47,,0.0,3.0,4.0,9.0,"2 CB, 1 DE, 1 DT, 2 FS, 2 ILB, 1 NT, 2 OLB",CB;CB;DE;DT;FS;FS;ILB;ILB;NT;OLB;OLB,11,0,0,,,False,00-0037814;00-0033064;00-0030827;00-0035355;00-0036272;00-0029822;00-0035827;00-0034437;00-0036975;00-0038934;00-0038935,Luke Fortner;Adam Gotsis;Tyler Shatley;Blake Hance;Ben Bartch;Brandon McManus;Ross Matiscik;Logan Cooke;Walker Little;Anton Harrison;Brenton Strange,00-0027943;00-0039167;00-0037759;00-0033905;00-0032382;00-0034789;00-0032442;00-0035286;00-0033929;00-0033886;00-0036333,Patrick Peterson;Joey Porter;DeMarvin Leal;Larry Ogunjobi;Keanu Neal;Minkah Fitzpatrick;Elandon Roberts;Cole Holcomb;Montravius Adams;T.J. Watt;Alex Highsmith
2023_08_JAX_PIT,356,kickoff,0.0,35.0,35.0,PIT,1.0,3347.0,35.0,0.0,10:47,10:47,,0.0,3.0,,0.0,"1 CB, 1 DE, 1 FS, 3 ILB, 1 K, 1 RB, 2 SS, 1 WR",CB;DE;FS;ILB;ILB;ILB;K;RB;SS;SS;WR,11,0,0,,,False,00-0034468;00-0035795;00-0036002;00-0037316;00-0038577;00-0034614;00-0037228;00-0032399;00-0037451;00-0038558;00-0035703,Chandon Sullivan;James Pierre;Elijah Riley;Mark Robinson;Nick Herbig;Godwin Igwebuike;Jaylen Warren;Miles Killebrew;Rod Williams;Darnell Washington;Miles Boykin,00-0034516;00-0033064;00-0038596;00-0036235;00-0036704;00-0037811;00-0029822;00-0035628;00-0033941;00-0036306;00-0036497,Tre Herndon;Adam Gotsis;Antonio Johnson;Shaquille Quarterman;Caleb Johnson;Chad Muma;Brandon McManus;D'Ernest Johnson;Rayshawn Jenkins;Daniel Thomas;Tim Jones
2023_08_JAX_PIT,384,run,1.0,75.0,74.0,PIT,1.0,3347.0,75.0,32.0,10:47,10:15,,0.0,3.0,1.0,10.0,"2 CB, 1 DE, 2 DT, 1 FS, 2 ILB, 2 OLB, 1 SS",CB;CB;DE;DT;DT;FS;ILB;ILB;OLB;OLB;SS,11,6,0,,,False,00-0034785;00-0032954;00-0034347;00-0038102;00-0036893;00-0034768;00-0036869;00-0037304;00-0037451;00-0031428;00-0037247,Mason Cole;Isaac Seumalo;James Daniels;Kenny Pickett;Najee Harris;Chukwuma Okorafor;Dan Moore;Connor Heyward;Rod Williams;Allen Robinson;George Pickens,00-0034203;00-0037313;00-0033582;00-0032107;00-0032667;00-0035378;00-0034413;00-0037244;00-0035642;00-0037235;00-0033941,Darious Williams;Montaric Brown;Jeremiah Ledbetter;Angelo Blackson;Roy Robertson-Harris;Andrew Wingard;Foyesade Oluokun;Devin Lloyd;Josh Allen;Travon Walker;Rayshawn Jenkins
2023_08_JAX_PIT,406,run,3.0,74.0,71.0,PIT,1.0,3315.0,74.0,37.0,10:15,9:38,,0.0,3.0,2.0,9.0,"3 CB, 2 DT, 1 FS, 2 ILB, 2 OLB, 1 SS",CB;CB;CB;DT;DT;FS;ILB;ILB;OLB;OLB;SS,11,6,0,,,False,00-0034785;00-0032954;00-0034347;00-0038102;00-0036893;00-0034768;00-0036869;00-0037451;00-0031428;00-0035216;00-0037247,Mason Cole;Isaac Seumalo;James Daniels;Kenny Pickett;Najee Harris;Chukwuma Okorafor;Dan Moore;Rod Williams;Allen Robinson;Diontae Johnson;George Pickens,00-0034203;00-0034516;00-0037313;00-0032107;00-0032667;00-0035378;00-0034413;00-0037244;00-0035642;00-0037235;00-0033941,Darious Williams;Tre Herndon;Montaric Brown;Angelo Blackson;Roy Robertson-Harris;Andrew Wingard;Foyesade Oluokun;Devin Lloyd;Josh Allen;Travon Walker;Rayshawn Jenkins
2023_08_JAX_PIT,428,pass,0.0,71.0,71.0,PIT,1.0,3278.0,71.0,5.0,9:38,9:33,,0.0,3.0,3.0,6.0,"3 CB, 1 DE, 1 DT, 1 FS, 2 ILB, 2 OLB, 1 SS",CB;CB;CB;DE;DT;FS;ILB;ILB;OLB;OLB;SS,11,5,4,MAN_COVERAGE,2_MAN,True,00-0034785;00-0032954;00-0034347;00-0038102;00-0037228;00-0034768;00-0036869;00-0037304;00-0031428;00-0035216;00-0037247,Mason Cole;Isaac Seumalo;James Daniels;Kenny Pickett;Jaylen Warren;Chukwuma Okorafor;Dan Moore;Connor Heyward;Allen Robinson;Diontae Johnson;George Pickens,00-0034203;00-0034516;00-0037313;00-0033907;00-0032667;00-0035378;00-0034413;00-0037244;00-0035642;00-0037235;00-0033941,Darious Williams;Tre Herndon;Montaric Brown;Dawuane Smoot;Roy Robertson-Harris;Andrew Wingard;Foyesade Oluokun;Devin Lloyd;Josh Allen;Travon Walker;Rayshawn Jenkins
2023_08_JAX_PIT,451,punt,0.0,71.0,71.0,PIT,1.0,3273.0,71.0,10.0,9:33,9:23,,0.0,3.0,4.0,6.0,"1 CB, 1 FS, 2 ILB, 2 RB, 1 SS, 1 TE, 3 WR",CB;FS;ILB;ILB;RB;RB;SS;TE;WR;WR;WR,11,0,0,,,False,00-0035795;00-0032382;00-0036002;00-0032442;00-0037316;00-0034051;00-0038577;00-0036847;00-0032399;00-0037304;00-0035703,James Pierre;Keanu Neal;Elijah Riley;Elandon Roberts;Mark Robinson;Christian Kuntz;Nick Herbig;Pressley Harvin;Miles Killebrew;Connor Heyward;Miles Boykin,00-0034903;00-0038596;00-0036704;00-0037811;00-0035628;00-0035806;00-0036306;00-0038935;00-0033572;00-0036497;00-0038667,Tevaughn Campbell;Antonio Johnson;Caleb Johnson;Chad Muma;D'Ernest Johnson;Jamycal Hasty;Daniel Thomas;Brenton Strange;Jamal Agnew;Tim Jones;Elijah Cooks
2023_08_JAX_PIT,477,pass,-7.0,68.0,75.0,JAX,1.0,3263.0,68.0,30.0,9:23,8:53,,0.0,3.0,1.0,10.0,"2 CB, 1 DT, 2 FS, 2 ILB, 2 NT, 2 OLB",CB;CB;DT;FS;FS;ILB;ILB;NT;NT;OLB;OLB,11,5,6,MAN_COVERAGE,COVER_1,True,00-0037814;00-0030827;00-0032053;00-0036971;00-0036973;00-0033889;00-0038934;00-0033881;00-0036887;00-0034837;00-0034775,Luke Fortner;Tyler Shatley;Brandon Scherff;Trevor Lawrence;Travis Etienne;Cam Robinson;Anton Harrison;Evan Engram;Luke Farrell;Calvin Ridley;Christian Kirk,00-0027943;00-0039167;00-0033905;00-0032382;00-0034789;00-0032442;00-0035286;00-0033929;00-0034992;00-0033886;00-0036333,Patrick Peterson;Joey Porter;Larry Ogunjobi;Keanu Neal;Minkah Fitzpatrick;Elandon Roberts;Cole Holcomb;Montravius Adams;Armon Watts;T.J. Watt;Alex Highsmith
2023_08_JAX_PIT,507,run,10.0,75.0,65.0,JAX,1.0,3233.0,75.0,47.0,8:53,8:06,,0.0,3.0,2.0,17.0,"3 CB, 1 FS, 1 ILB, 2 NT, 3 OLB, 1 SS",CB;CB;CB;FS;ILB;NT;NT;OLB;OLB;OLB;SS,11,5,4,ZONE_COVERAGE,COVER_3,True,00-0037814;00-0030827;00-0032053;00-0036971;00-0036973;00-0033889;00-0038934;00-0033881;00-0034837;00-0034775;00-0038667,Luke Fortner;Tyler Shatley;Brandon Scherff;Trevor Lawrence;Travis Etienne;Cam Robinson;Anton Harrison;Evan Engram;Calvin Ridley;Christian Kirk;Elijah Cooks,00-0027943;00-0034468;00-0039167;00-0032382;00-0035286;00-0033929;00-0034992;00-0032109;00-0033886;00-0036333;00-0033512,Patrick Peterson;Chandon Sullivan;Joey Porter;Keanu Neal;Cole Holcomb;Montravius Adams;Armon Watts;Kwon Alexander;T.J. Watt;Alex Highsmith;Damontae Kazee
2023_08_JAX_PIT,536,pass,26.0,65.0,39.0,JAX,1.0,3186.0,65.0,43.0,8:06,7:23,,0.0,3.0,3.0,7.0,"3 CB, 2 DT, 1 FS, 1 ILB, 2 OLB, 2 SS",CB;CB;CB;DT;DT;FS;ILB;OLB;OLB;SS;SS,11,4,4,ZONE_COVERAGE,COVER_2,False,00-0037814;00-0030827;00-0032053;00-0036971;00-0036973;00-0033889;00-0038934;00-0033881;00-0034837;00-0034775;00-0036497,Luke Fortner;Tyler Shatley;Brandon Scherff;Trevor Lawrence;Travis Etienne;Cam Robinson;Anton Harrison;Evan Engram;Calvin Ridley;Christian Kirk;Tim Jones,00-0027943;00-0035795;00-0039167;00-0033905;00-0039110;00-0032382;00-0035286;00-0033886;00-0036333;00-0032399;00-0033512,Patrick Peterson;James Pierre;Joey Porter;Larry Ogunjobi;Keeanu Benton;Keanu Neal;Cole Holcomb;T.J. Watt;Alex Highsmith;Miles Killebrew;Damontae Kazee
2023_08_JAX_PIT,561,run,0.0,39.0,39.0,JAX,1.0,3143.0,39.0,40.0,7:23,6:43,,0.0,3.0,1.0,10.0,"2 CB, 2 DT, 1 FS, 2 ILB, 1 NT, 2 OLB, 1 SS",CB;CB;DT;DT;FS;ILB;ILB;NT;OLB;OLB;SS,11,7,0,,,False,00-0037814;00-0030827;00-0032053;00-0036971;00-0036973;00-0033889;00-0038934;00-0033881;00-0036887;00-0033572;00-0038667,Luke Fortner;Tyler Shatley;Brandon Scherff;Trevor Lawrence;Travis Etienne;Cam Robinson;Anton Harrison;Evan Engram;Luke Farrell;Jamal Agnew;Elijah Cooks,00-0027943;00-0039167;00-0033905;00-0039110;00-0032382;00-0032442;00-0035286;00-0034992;00-0033886;00-0036333;00-0033512,Patrick Peterson;Joey Porter;Larry Ogunjobi;Keeanu Benton;Keanu Neal;Elandon Roberts;Cole Holcomb;Armon Watts;T.J. Watt;Alex Highsmith;Damontae Kazee
2023_08_JAX_PIT,583,pass,0.0,39.0,39.0,JAX,1.0,3103.0,39.0,3.0,6:43,6:40,,0.0,3.0,2.0,10.0,"3 CB, 2 DT, 1 FS, 1 ILB, 2 OLB, 2 SS",CB;CB;CB;DT;DT;FS;ILB;OLB;OLB;SS;SS,11,4,5,MAN_COVERAGE,2_MAN,True,00-0037814;00-0030827;00-0032053;00-0036971;00-0036973;00-0033889;00-0038934;00-0033881;00-0034775;00-0036497;00-0038667,Luke Fortner;Tyler Shatley;Brandon Scherff;Trevor Lawrence;Travis Etienne;Cam Robinson;Anton Harrison;Evan Engram;Christian Kirk;Tim Jones;Elijah Cooks,00-0027943;00-0035795;00-0039167;00-0033905;00-0039110;00-0032382;00-0035286;00-0033886;00-0036333;00-0032399;00-0033512,Patrick Peterson;James Pierre;Joey Porter;Larry Ogunjobi;Keeanu Benton;Keanu Neal;Cole Holcomb;T.J. Watt;Alex Highsmith;Miles Killebrew;Damontae Kazee
2023_08_JAX_PIT,606,pass,7.0,39.0,32.0,JAX,1.0,3100.0,39.0,41.0,6:40,5:59,,0.0,3.0,3.0,10.0,"3 CB, 2 DT, 1 FS, 1 ILB, 2 OLB, 2 SS",CB;CB;CB;DT;DT;FS;ILB;OLB;OLB;SS;SS,11,4,4,ZONE_COVERAGE,COVER_3,False,00-0037814;00-0030827;00-0032053;00-0036971;00-0036973;00-0033889;00-0038934;00-0033881;00-0038935;00-0034837;00-0034775,Luke Fortner;Tyler Shatley;Brandon Scherff;Trevor Lawrence;Travis Etienne;Cam Robinson;Anton Harrison;Evan Engram;Brenton Strange;Calvin Ridley;Christian Kirk,00-0027943;00-0035795;00-0039167;00-0033905;00-0039110;00-0032382;00-0035286;00-0033886;00-0036333;00-0032399;00-0033512,Patrick Peterson;James Pierre;Joey Porter;Larry Ogunjobi;Keeanu Benton;Keanu Neal;Cole Holcomb;T.J. Watt;Alex Highsmith;Miles Killebrew;Damontae Kazee
2023_08_JAX_PIT,631,field_goal,0.0,32.0,32.0,JAX,1.0,3059.0,32.0,5.0,5:59,5:54,,0.0,6.0,4.0,3.0,"2 CB, 1 DE, 2 DT, 1 FS, 2 ILB, 2 OLB, 1 SS",CB;CB;DE;DT;DT;FS;ILB;ILB;OLB;OLB;SS,11,0,0,,,False,00-0037814;00-0033064;00-0030827;00-0035355;00-0036272;00-0029822;00-0035827;00-0034437;00-0036975;00-0038934;00-0038935,Luke Fortner;Adam Gotsis;Tyler Shatley;Blake Hance;Ben Bartch;Brandon McManus;Ross Matiscik;Logan Cooke;Walker Little;Anton Harrison;Brenton Strange,00-0027943;00-0039167;00-0037759;00-0033905;00-0039110;00-0032382;00-0032442;00-0035286;00-0036333;00-0038577;00-0033512,Patrick Peterson;Joey Porter;DeMarvin Leal;Larry Ogunjobi;Keeanu Benton;Keanu Neal;Elandon Roberts;Cole Holcomb;Alex Highsmith;Nick Herbig;Damontae Kazee
2023_08_JAX_PIT,651,kickoff,0.0,35.0,35.0,PIT,1.0,3054.0,35.0,0.0,5:54,5:54,,0.0,6.0,,0.0,"1 CB, 1 FS, 3 ILB, 1 K, 1 OLB, 1 RB, 2 SS, 1 WR",CB;FS;ILB;ILB;ILB;K;OLB;RB;SS;SS;WR,11,0,0,,,False,00-0034468;00-0035795;00-0036002;00-0037316;00-0038577;00-0034614;00-0037228;00-0032399;00-0037451;00-0038558;00-0035703,Chandon Sullivan;James Pierre;Elijah Riley;Mark Robinson;Nick Herbig;Godwin Igwebuike;Jaylen Warren;Miles Killebrew;Rod Williams;Darnell Washington;Miles Boykin,00-0034516;00-0038596;00-0036235;00-0036704;00-0037811;00-0029822;00-0036286;00-0035628;00-0033941;00-0036306;00-0036497,Tre Herndon;Antonio Johnson;Shaquille Quarterman;Caleb Johnson;Chad Muma;Brandon McManus;K'Lavon Chaisson;D'Ernest Johnson;Rayshawn Jenkins;Daniel Thomas;Tim Jones
2023_08_JAX_PIT,674,pass,8.0,75.0,67.0,PIT,1.0,3054.0,75.0,35.0,5:54,5:19,,0.0,6.0,1.0,10.0,"2 CB, 3 DT, 1 FS, 2 ILB, 2 OLB, 1 SS",CB;CB;DT;DT;DT;FS;ILB;ILB;OLB;OLB;SS,11,5,4,MAN_COVERAGE,2_MAN,False,00-0034785;00-0032954;00-0034347;00-0038102;00-0037228;00-0034768;00-0036869;00-0037304;00-0031428;00-0035216;00-0037247,Mason Cole;Isaac Seumalo;James Daniels;Kenny Pickett;Jaylen Warren;Chukwuma Okorafor;Dan Moore;Connor Heyward;Allen Robinson;Diontae Johnson;George Pickens,00-0034203;00-0037313;00-0032667;00-0034275;00-0036262;00-0035378;00-0034413;00-0037244;00-0035642;00-0036286;00-0033941,Darious Williams;Montaric Brown;Roy Robertson-Harris;Folorunso Fatukasi;Davon Hamilton;Andrew Wingard;Foyesade Oluokun;Devin Lloyd;Josh Allen;K'Lavon Chaisson;Rayshawn Jenkins
2023_08_JAX_PIT,699,run,0.0,67.0,67.0,PIT,1.0,3019.0,67.0,37.0,5:19,4:42,,0.0,6.0,2.0,2.0,"2 CB, 3 DT, 1 FS, 2 ILB, 2 OLB, 1 SS",CB;CB;DT;DT;DT;FS;ILB;ILB;OLB;OLB;SS,11,6,0,,,False,00-0034785;00-0032954;00-0034347;00-0038102;00-0037228;00-0034768;00-0036869;00-0037304;00-0031428;00-0035216;00-0037247,Mason Cole;Isaac Seumalo;James Daniels;Kenny Pickett;Jaylen Warren;Chukwuma Okorafor;Dan Moore;Connor Heyward;Allen Robinson;Diontae Johnson;George Pickens,00-0034203;00-0037313;00-0032667;00-0034275;00-0036262;00-0035378;00-0034413;00-0037244;00-0035642;00-0036286;00-0033941,Darious Williams;Montaric Brown;Roy Robertson-Harris;Folorunso Fatukasi;Davon Hamilton;Andrew Wingard;Foyesade Oluokun;Devin Lloyd;Josh Allen;K'Lavon Chaisson;Rayshawn Jenkins
2023_08_JAX_PIT,721,pass,0.0,67.0,67.0,PIT,1.0,2982.0,67.0,7.0,4:42,4:35,,0.0,6.0,3.0,2.0,"3 CB, 2 DT, 1 FS, 2 ILB, 2 OLB, 1 SS",CB;CB;CB;DT;DT;FS;ILB;ILB;OLB;OLB;SS,11,5,3,MAN_COVERAGE,COVER_1,False,00-0034785;00-0032954;00-0034347;00-0038102;00-0037228;00-0034768;00-0036869;00-0037304;00-0031428;00-0035216;00-0037247,Mason Cole;Isaac Seumalo;James Daniels;Kenny Pickett;Jaylen Warren;Chukwuma Okorafor;Dan Moore;Connor Heyward;Allen Robinson;Diontae Johnson;George Pickens,00-0034203;00-0034516;00-0037313;00-0032667;00-0034275;00-0035378;00-0034413;00-0037244;00-0035642;00-0036286;00-0033941,Darious Williams;Tre Herndon;Montaric Brown;Roy Robertson-Harris;Folorunso Fatukasi;Andrew Wingard;Foyesade Oluokun;Devin Lloyd;Josh Allen;K'Lavon Chaisson;Rayshawn Jenkins
2023_08_JAX_PIT,744,punt,0.0,67.0,67.0,PIT,1.0,2975.0,67.0,8.0,4:35,4:27,,0.0,6.0,4.0,2.0,"3 CB, 2 DT, 2 ILB, 2 OLB, 1 SS, 1 WR",CB;CB;CB;DT;DT;ILB;ILB;OLB;OLB;SS;WR,11,0,0,,,False,00-0035795;00-0032382;00-0036002;00-0032442;00-0037316;00-0034051;00-0038577;00-0036847;00-0032399;00-0037304;00-0035703,James Pierre;Keanu Neal;Elijah Riley;Elandon Roberts;Mark Robinson;Christian Kuntz;Nick Herbig;Pressley Harvin;Miles Killebrew;Connor Heyward;Miles Boykin,00-0034203;00-0034516;00-0037313;00-0032667;00-0034275;00-0034413;00-0037244;00-0035642;00-0036286;00-0033941;00-0033572,Darious Williams;Tre Herndon;Montaric Brown;Roy Robertson-Harris;Folorunso Fatukasi;Foyesade Oluokun;Devin Lloyd;Josh Allen;K'Lavon Chaisson;Rayshawn Jenkins;Jamal Agnew
2023_08_JAX_PIT,764,run,5.0,80.0,75.0,JAX,1.0,2967.0,80.0,32.0,4:27,3:55,,0.0,6.0,1.0,10.0,"1 CB, 1 DE, 1 DT, 1 FS, 2 ILB, 2 NT, 2 OLB, 1 SS",CB;DE;DT;FS;ILB;ILB;NT;NT;OLB;OLB;SS,11,8,0,,,False,00-0037814;00-0030827;00-0032053;00-0036971;00-0036973;00-0033889;00-0038934;00-0033881;00-0036887;00-0038935;00-0034837,Luke Fortner;Tyler Shatley;Brandon Scherff;Trevor Lawrence;Travis Etienne;Cam Robinson;Anton Harrison;Evan Engram;Luke Farrell;Brenton Strange;Calvin Ridley,00-0027943;00-0036843;00-0039110;00-0032382;00-0032442;00-0035286;00-0033929;00-0034992;00-0033886;00-0036333;00-0033512,Patrick Peterson;Isaiahh Loudermilk;Keeanu Benton;Keanu Neal;Elandon Roberts;Cole Holcomb;Montravius Adams;Armon Watts;T.J. Watt;Alex Highsmith;Damontae Kazee
2023_08_JAX_PIT,793,run,1.0,75.0,74.0,JAX,1.0,2935.0,75.0,41.0,3:55,3:14,,0.0,6.0,2.0,5.0,"1 CB, 1 DE, 1 DT, 1 FS, 2 ILB, 2 NT, 2 OLB, 1 SS",CB;DE;DT;FS;ILB;ILB;NT;NT;OLB;OLB;SS,11,6,0,,,False,00-0037814;00-0030827;00-0032053;00-0036971;00-0036973;00-0033889;00-0038934;00-0033881;00-0036887;00-0038935;00-0034837,Luke Fortner;Tyler Shatley;Brandon Scherff;Trevor Lawrence;Travis Etienne;Cam Robinson;Anton Harrison;Evan Engram;Luke Farrell;Brenton Strange;Calvin Ridley,00-0027943;00-0036843;00-0039110;00-0032382;00-0032442;00-0035286;00-0033929;00-0034992;00-0033886;00-0036333;00-0033512,Patrick Peterson;Isaiahh Loudermilk;Keeanu Benton;Keanu Neal;Elandon Roberts;Cole Holcomb;Montravius Adams;Armon Watts;T.J. Watt;Alex Highsmith;Damontae Kazee
2023_08_JAX_PIT,815,pass,29.0,74.0,45.0,JAX,1.0,2894.0,74.0,32.0,3:14,2:42,,0.0,6.0,3.0,4.0,"2 CB, 1 DE, 1 FS, 1 ILB, 1 NT, 3 OLB, 2 SS",CB;CB;DE;FS;ILB;NT;OLB;OLB;OLB;SS;SS,11,6,7,MAN_COVERAGE,COVER_1,True,00-0037814;00-0030827;00-0032053;00-0036971;00-0036973;00-0033889;00-0038934;00-0033881;00-0033572;00-0034837;00-0034775,Luke Fortner;Tyler Shatley;Brandon Scherff;Trevor Lawrence;Travis Etienne;Cam Robinson;Anton Harrison;Evan Engram;Jamal Agnew;Calvin Ridley;Christian Kirk,00-0027943;00-0039167;00-0036843;00-0032382;00-0035286;00-0033929;00-0032109;00-0033886;00-0036333;00-0032399;00-0033512,Patrick Peterson;Joey Porter;Isaiahh Loudermilk;Keanu Neal;Cole Holcomb;Montravius Adams;Kwon Alexander;T.J. Watt;Alex Highsmith;Miles Killebrew;Damontae Kazee
2023_08_JAX_PIT,851,run,7.0,30.0,23.0,JAX,1.0,2862.0,30.0,34.0,2:42,2:08,,0.0,6.0,1.0,10.0,"3 CB, 2 DT, 1 FS, 1 ILB, 3 OLB, 1 SS",CB;CB;CB;DT;DT;FS;ILB;OLB;OLB;OLB;SS,11,6,0,,,False,00-0037814;00-0030827;00-0032053;00-0036971;00-0036973;00-0033889;00-0038934;00-0033881;00-0034837;00-0034775;00-0036497,Luke Fortner;Tyler Shatley;Brandon Scherff;Trevor Lawrence;Travis Etienne;Cam Robinson;Anton Harrison;Evan Engram;Calvin Ridley;Christian Kirk;Tim Jones,00-0027943;00-0034468;00-0039167;00-0033905;00-0039110;00-0032382;00-0035286;00-0032127;00-0032109;00-0038577;00-0033512,Patrick Peterson;Chandon Sullivan;Joey Porter;Larry Ogunjobi;Keeanu Benton;Keanu Neal;Cole Holcomb;Markus Golden;Kwon Alexander;Nick Herbig;Damontae Kazee
2023_08_JAX_PIT,873,no_play,,23.0,,JAX,1.0,2828.0,23.0,21.0,2:08,1:47,,0.0,6.0,2.0,3.0,"3 CB, 2 DT, 1 FS, 1 ILB, 3 OLB, 1 SS",CB;CB;CB;DT;DT;FS;ILB;OLB;OLB;OLB;SS,11,7,0,,,False,00-0037814;00-0030827;00-0032053;00-0036971;00-0036973;00-0033889;00-0038934;00-0036887;00-0034837;00-0034775;00-0036497,Luke Fortner;Tyler Shatley;Brandon Scherff;Trevor Lawrence;Travis Etienne;Cam Robinson;Anton Harrison;Luke Farrell;Calvin Ridley;Christian Kirk;Tim Jones,00-0027943;00-0034468;00-0039167;00-0033905;00-0039110;00-0032382;00-0035286;00-0032127;00-0032109;00-0038577;00-0033512,Patrick Peterson;Chandon Sullivan;Joey Porter;Larry Ogunjobi;Keeanu Benton;Keanu Neal;Cole Holcomb;Markus Golden;Kwon Alexander;Nick Herbig;Damontae Kazee
2023_08_JAX_PIT,906,run,0.0,23.0,23.0,JAX,1.0,2807.0,23.0,39.0,1:47,1:08,,0.0,6.0,2.0,3.0,"3 CB, 2 DT, 1 FS, 1 ILB, 3 OLB, 1 SS",CB;CB;CB;DT;DT;FS;ILB;OLB;OLB;OLB;SS,11,6,0,,,False,00-0037814;00-0030827;00-0032053;00-0036971;00-0036973;00-0033889;00-0038934;00-0033881;00-0034837;00-0034775;00-0038667,Luke Fortner;Tyler Shatley;Brandon Scherff;Trevor Lawrence;Travis Etienne;Cam Robinson;Anton Harrison;Evan Engram;Calvin Ridley;Christian Kirk;Elijah Cooks,00-0027943;00-0034468;00-0039167;00-0033905;00-0039110;00-0032382;00-0035286;00-0032127;00-0032109;00-0038577;00-0033512,Patrick Peterson;Chandon Sullivan;Joey Porter;Larry Ogunjobi;Keeanu Benton;Keanu Neal;Cole Holcomb;Markus Golden;Kwon Alexander;Nick Herbig;Damontae Kazee
2023_08_JAX_PIT,928,pass,5.0,23.0,18.0,JAX,1.0,2768.0,23.0,38.0,1:08,0:30,,0.0,6.0,3.0,3.0,"3 CB, 2 DT, 1 FS, 1 ILB, 3 OLB, 1 SS",CB;CB;CB;DT;DT;FS;ILB;OLB;OLB;OLB;SS,11,6,4,ZONE_COVERAGE,COVER_3,False,00-0037814;00-0030827;00-0032053;00-0036971;00-0036973;00-0033889;00-0038934;00-0033881;00-0033572;00-0034837;00-0034775,Luke Fortner;Tyler Shatley;Brandon Scherff;Trevor Lawrence;Travis Etienne;Cam Robinson;Anton Harrison;Evan Engram;Jamal Agnew;Calvin Ridley;Christian Kirk,00-0027943;00-0034468;00-0039167;00-0033905;00-0039110;00-0032382;00-0035286;00-0032127;00-0032109;00-0033886;00-0033512,Patrick Peterson;Chandon Sullivan;Joey Porter;Larry Ogunjobi;Keeanu Benton;Keanu Neal;Cole Holcomb;Markus Golden;Kwon Alexander;T.J. Watt;Damontae Kazee
2023_08_JAX_PIT,953,turnover,-9.0,18.0,27.0,JAX,1.0,2730.0,18.0,7.0,0:30,0:23,,0.0,6.0,1.0,10.0,"3 CB, 2 DT, 1 FS, 1 ILB, 3 OLB, 1 SS",CB;CB;CB;DT;DT;FS;ILB;OLB;OLB;OLB;SS,11,5,4,ZONE_COVERAGE,COVER_6,False,00-0037814;00-0030827;00-0032053;00-0036971;00-0036973;00-0033889;00-0038934;00-0033881;00-0034837;00-0034775;00-0036497,Luke Fortner;Tyler Shatley;Brandon Scherff;Trevor Lawrence;Travis Etienne;Cam Robinson;Anton Harrison;Evan Engram;Calvin Ridley;Christian Kirk;Tim Jones,00-0027943;00-0034468;00-0039167;00-0033905;00-0039110;00-0032382;00-0035286;00-0032109;00-0033886;00-0036333;00-0033512,Patrick Peterson;Chandon Sullivan;Joey Porter;Larry Ogunjobi;Keeanu Benton;Keanu Neal;Cole Holcomb;Kwon Alexander;T.J. Watt;Alex Highsmith;Damontae Kazee
2023_08_JAX_PIT,994,run,0.0,71.0,71.0,PIT,1.0,2723.0,71.0,23.0,0:23,0:00,,0.0,6.0,1.0,10.0,"3 CB, 1 DE, 1 DT, 1 FS, 2 ILB, 2 OLB, 1 SS",CB;CB;CB;DE;DT;FS;ILB;ILB;OLB;OLB;SS,11,6,0,,,False,00-0034785;00-0032954;00-0034347;00-0038102;00-0036893;00-0037228;00-0034768;00-0036869;00-0038558;00-0035703;00-0037837,Mason Cole;Isaac Seumalo;James Daniels;Kenny Pickett;Najee Harris;Jaylen Warren;Chukwuma Okorafor;Dan Moore;Darnell Washington;Miles Boykin;Calvin Austin,00-0034203;00-0034516;00-0037313;00-0033064;00-0032107;00-0035378;00-0034413;00-0037244;00-0036286;00-0037235;00-0033941,Darious Williams;Tre Herndon;Montaric Brown;Adam Gotsis;Angelo Blackson;Andrew Wingard;Foyesade Oluokun;Devin Lloyd;K'Lavon Chaisson;Travon Walker;Rayshawn Jenkins
2023_08_JAX_PIT,1016,start_quarter_2,,,,PIT,1.0,2700.0,,0.0,0:00,0:00,,0.0,6.0,,0.0,,,,,,,,,,,,
2023_08_JAX_PIT,1041,pass,3.0,71.0,68.0,PIT,2.0,2700.0,71.0,40.0,15:00,14:20,,0.0,6.0,2.0,10.0,"3 CB, 1 DE, 1 DT, 1 FS, 2 ILB, 2 OLB, 1 SS",CB;CB;CB;DE;DT;FS;ILB;ILB;OLB;OLB;SS,11,5,4,ZONE_COVERAGE,COVER_3,True,00-0034785;00-0032954;00-0034347;00-0038102;00-0036893;00-0034768;00-0036869;00-0037304;00-0035216;00-0037247;00-0037837,Mason Cole;Isaac Seumalo;James Daniels;Kenny Pickett;Najee Harris;Chukwuma Okorafor;Dan Moore;Connor Heyward;Diontae Johnson;George Pickens;Calvin Austin,00-0034203;00-0034516;00-0037313;00-0033064;00-0032107;00-0035378;00-0034413;00-0037244;00-0036286;00-0037235;00-0033941,Darious Williams;Tre Herndon;Montaric Brown;Adam Gotsis;Angelo Blackson;Andrew Wingard;Foyesade Oluokun;Devin Lloyd;K'Lavon Chaisson;Travon Walker;Rayshawn Jenkins
2023_08_JAX_PIT,1066,pass,-1.0,68.0,69.0,PIT,2.0,2660.0,68.0,34.0,14:20,13:46,,0.0,6.0,3.0,7.0,"3 CB, 1 DE, 1 DT, 1 FS, 2 ILB, 2 OLB, 1 SS",CB;CB;CB;DE;DT;FS;ILB;ILB;OLB;OLB;SS,11,5,4,ZONE_COVERAGE,COVER_6,True,00-0034785;00-0032954;00-0034347;00-0038102;00-0037228;00-0034768;00-0036869;00-0037304;00-0035216;00-0037247;00-0037837,Mason Cole;Isaac Seumalo;James Daniels;Kenny Pickett;Jaylen Warren;Chukwuma Okorafor;Dan Moore;Connor Heyward;Diontae Johnson;George Pickens;Calvin Austin,00-0034203;00-0034516;00-0037313;00-0033907;00-0032667;00-0035378;00-0034413;00-0037244;00-0035642;00-0037235;00-0033941,Darious Williams;Tre Herndon;Montaric Brown;Dawuane Smoot;Roy Robertson-Harris;Andrew Wingard;Foyesade Oluokun;Devin Lloyd;Josh Allen;Travon Walker;Rayshawn Jenkins
2023_08_JAX_PIT,1091,punt,0.0,69.0,69.0,PIT,2.0,2626.0,69.0,11.0,13:46,13:35,,0.0,6.0,4.0,8.0,"1 CB, 1 FS, 2 ILB, 2 RB, 1 SS, 1 TE, 3 WR",CB;FS;ILB;ILB;RB;RB;SS;TE;WR;WR;WR,11,0,0,,,False,00-0035795;00-0032382;00-0036002;00-0032442;00-0037316;00-0034051;00-0038577;00-0036847;00-0032399;00-0037304;00-0035703,James Pierre;Keanu Neal;Elijah Riley;Elandon Roberts;Mark Robinson;Christian Kuntz;Nick Herbig;Pressley Harvin;Miles Killebrew;Connor Heyward;Miles Boykin,00-0034903;00-0038596;00-0036704;00-0037811;00-0035628;00-0035806;00-0036306;00-0038935;00-0033572;00-0036497;00-0038667,Tevaughn Campbell;Antonio Johnson;Caleb Johnson;Chad Muma;D'Ernest Johnson;Jamycal Hasty;Daniel Thomas;Brenton Strange;Jamal Agnew;Tim Jones;Elijah Cooks
2023_08_JAX_PIT,1117,pass,9.0,63.0,54.0,JAX,2.0,2615.0,63.0,34.0,13:35,13:01,,0.0,6.0,1.0,10.0,"2 CB, 2 DT, 1 FS, 2 ILB, 1 NT, 2 OLB, 1 SS",CB;CB;DT;DT;FS;ILB;ILB;NT;OLB;OLB;SS,11,6,5,ZONE_COVERAGE,COVER_3,False,00-0037814;00-0030827;00-0032053;00-0036971;00-0036973;00-0033889;00-0038934;00-0036887;00-0038935;00-0033572;00-0034837,Luke Fortner;Tyler Shatley;Brandon Scherff;Trevor Lawrence;Travis Etienne;Cam Robinson;Anton Harrison;Luke Farrell;Brenton Strange;Jamal Agnew;Calvin Ridley,00-0027943;00-0039167;00-0033905;00-0039110;00-0032382;00-0032442;00-0035286;00-0034992;00-0033886;00-0036333;00-0033512,Patrick Peterson;Joey Porter;Larry Ogunjobi;Keeanu Benton;Keanu Neal;Elandon Roberts;Cole Holcomb;Armon Watts;T.J. Watt;Alex Highsmith;Damontae Kazee
2023_08_JAX_PIT,1154,run,8.0,54.0,46.0,JAX,2.0,2581.0,54.0,37.0,13:01,12:24,,0.0,6.0,2.0,1.0,"3 CB, 2 DT, 1 FS, 1 ILB, 3 OLB, 1 SS",CB;CB;CB;DT;DT;FS;ILB;OLB;OLB;OLB;SS,11,6,0,,,False,00-0037814;00-0030827;00-0032053;00-0036971;00-0036973;00-0033889;00-0038934;00-0033881;00-0038935;00-0033572;00-0034837,Luke Fortner;Tyler Shatley;Brandon Scherff;Trevor Lawrence;Travis Etienne;Cam Robinson;Anton Harrison;Evan Engram;Brenton Strange;Jamal Agnew;Calvin Ridley,00-0027943;00-0034468;00-0039167;00-0033905;00-0039110;00-0032382;00-0035286;00-0032109;00-0033886;00-0036333;00-0033512,Patrick Peterson;Chandon Sullivan;Joey Porter;Larry Ogunjobi;Keeanu Benton;Keanu Neal;Cole Holcomb;Kwon Alexander;T.J. Watt;Alex Highsmith;Damontae Kazee
2023_08_JAX_PIT,1176,run,1.0,46.0,45.0,JAX,2.0,2544.0,46.0,38.0,12:24,11:46,,0.0,6.0,1.0,10.0,"1 CB, 1 DE, 2 DT, 1 FS, 2 ILB, 1 NT, 2 OLB, 1 SS",CB;DE;DT;DT;FS;ILB;ILB;NT;OLB;OLB;SS,11,8,0,,,False,00-0037814;00-0030827;00-0032053;00-0036971;00-0036973;00-0033889;00-0038934;00-0033881;00-0036887;00-0038935;00-0036497,Luke Fortner;Tyler Shatley;Brandon Scherff;Trevor Lawrence;Travis Etienne;Cam Robinson;Anton Harrison;Evan Engram;Luke Farrell;Brenton Strange;Tim Jones,00-0027943;00-0036843;00-0033905;00-0039110;00-0032382;00-0032442;00-0035286;00-0034992;00-0033886;00-0036333;00-0033512,Patrick Peterson;Isaiahh Loudermilk;Larry Ogunjobi;Keeanu Benton;Keanu Neal;Elandon Roberts;Cole Holcomb;Armon Watts;T.J. Watt;Alex Highsmith;Damontae Kazee
2023_08_JAX_PIT,1198,pass,27.0,45.0,18.0,JAX,2.0,2506.0,45.0,43.0,11:46,11:03,,0.0,6.0,2.0,9.0,"3 CB, 2 DT, 1 FS, 1 ILB, 3 OLB, 1 SS",CB;CB;CB;DT;DT;FS;ILB;OLB;OLB;OLB;SS,11,6,4,MAN_COVERAGE,COVER_1,False,00-0037814;00-0030827;00-0032053;00-0036971;00-0036973;00-0033889;00-0038934;00-0036887;00-0034837;00-0034775;00-0036497,Luke Fortner;Tyler Shatley;Brandon Scherff;Trevor Lawrence;Travis Etienne;Cam Robinson;Anton Harrison;Luke Farrell;Calvin Ridley;Christian Kirk;Tim Jones,00-0027943;00-0034468;00-0039167;00-0033905;00-0039110;00-0032382;00-0035286;00-0032109;00-0033886;00-0036333;00-0033512,Patrick Peterson;Chandon Sullivan;Joey Porter;Larry Ogunjobi;Keeanu Benton;Keanu Neal;Cole Holcomb;Kwon Alexander;T.J. Watt;Alex Highsmith;Damontae Kazee
2023_08_JAX_PIT,1223,run,12.0,18.0,6.0,JAX,2.0,2463.0,18.0,39.0,11:03,10:24,,0.0,6.0,1.0,10.0,"1 CB, 1 DE, 2 DT, 1 FS, 2 ILB, 1 NT, 2 OLB, 1 SS",CB;DE;DT;DT;FS;ILB;ILB;NT;OLB;OLB;SS,11,6,0,,,False,00-0037814;00-0030827;00-0032053;00-0036971;00-0036973;00-0033889;00-0038934;00-0033881;00-0036887;00-0038935;00-0036497,Luke Fortner;Tyler Shatley;Brandon Scherff;Trevor Lawrence;Travis Etienne;Cam Robinson;Anton Harrison;Evan Engram;Luke Farrell;Brenton Strange;Tim Jones,00-0027943;00-0036843;00-0033905;00-0039110;00-0032382;00-0032442;00-0035286;00-0034992;00-0033886;00-0036333;00-0033512,Patrick Peterson;Isaiahh Loudermilk;Larry Ogunjobi;Keeanu Benton;Keanu Neal;Elandon Roberts;Cole Holcomb;Armon Watts;T.J. Watt;Alex Highsmith;Damontae Kazee
2023_08_JAX_PIT,1245,turnover,0.0,6.0,6.0,JAX,2.0,2424.0,6.0,9.0,10:24,10:15,,0.0,6.0,1.0,6.0,"1 CB, 1 DE, 2 DT, 1 FS, 2 ILB, 1 NT, 2 OLB, 1 SS",CB;DE;DT;DT;FS;ILB;ILB;NT;OLB;OLB;SS,11,6,4,ZONE_COVERAGE,COVER_3,True,00-0037814;00-0030827;00-0032053;00-0036971;00-0036973;00-0033889;00-0038934;00-0033881;00-0036887;00-0038935;00-0034837,Luke Fortner;Tyler Shatley;Brandon Scherff;Trevor Lawrence;Travis Etienne;Cam Robinson;Anton Harrison;Evan Engram;Luke Farrell;Brenton Strange;Calvin Ridley,00-0027943;00-0036843;00-0033905;00-0039110;00-0032382;00-0032442;00-0035286;00-0034992;00-0033886;00-0036333;00-0033512,Patrick Peterson;Isaiahh Loudermilk;Larry Ogunjobi;Keeanu Benton;Keanu Neal;Elandon Roberts;Cole Holcomb;Armon Watts;T.J. Watt;Alex Highsmith;Damontae Kazee
2023_08_JAX_PIT,1277,run,1.0,98.0,97.0,PIT,2.0,2415.0,98.0,37.0,10:15,9:38,,0.0,6.0,1.0,10.0,"1 CB, 2 DE, 2 DT, 1 FS, 2 ILB, 1 OLB, 2 SS",CB;DE;DE;DT;DT;FS;ILB;ILB;OLB;SS;SS,11,7,0,,,False,00-0034785;00-0032954;00-0034347;00-0038102;00-0036893;00-0034768;00-0036869;00-0039109;00-0037304;00-0038558;00-0035703,Mason Cole;Isaac Seumalo;James Daniels;Kenny Pickett;Najee Harris;Chukwuma Okorafor;Dan Moore;Broderick Jones;Connor Heyward;Darnell Washington;Miles Boykin,00-0037313;00-0033907;00-0033582;00-0032667;00-0034275;00-0035378;00-0034413;00-0037244;00-0035642;00-0033941;00-0036306,Montaric Brown;Dawuane Smoot;Jeremiah Ledbetter;Roy Robertson-Harris;Folorunso Fatukasi;Andrew Wingard;Foyesade Oluokun;Devin Lloyd;Josh Allen;Rayshawn Jenkins;Daniel Thomas
2023_08_JAX_PIT,1308,pass,12.0,97.0,85.0,PIT,2.0,2378.0,97.0,28.0,9:38,9:10,,0.0,6.0,2.0,9.0,"3 CB, 2 DE, 1 DT, 1 FS, 2 ILB, 1 OLB, 1 SS",CB;CB;CB;DE;DE;DT;FS;ILB;ILB;OLB;SS,11,6,3,ZONE_COVERAGE,COVER_3,False,00-0034785;00-0032954;00-0034347;00-0038102;00-0036893;00-0034768;00-0036869;00-0037304;00-0031428;00-0035216;00-0037247,Mason Cole;Isaac Seumalo;James Daniels;Kenny Pickett;Najee Harris;Chukwuma Okorafor;Dan Moore;Connor Heyward;Allen Robinson;Diontae Johnson;George Pickens,00-0034203;00-0034516;00-0037313;00-0033907;00-0033582;00-0032667;00-0035378;00-0034413;00-0037244;00-0035642;00-0033941,Darious Williams;Tre Herndon;Montaric Brown;Dawuane Smoot;Jeremiah Ledbetter;Roy Robertson-Harris;Andrew Wingard;Foyesade Oluokun;Devin Lloyd;Josh Allen;Rayshawn Jenkins
2023_08_JAX_PIT,1333,no_play,0.0,85.0,85.0,PIT,2.0,2350.0,85.0,6.0,9:10,9:04,,0.0,6.0,1.0,10.0,"3 CB, 2 DE, 1 DT, 1 FS, 2 ILB, 1 OLB, 1 SS",CB;CB;CB;DE;DE;DT;FS;ILB;ILB;OLB;SS,11,6,4,ZONE_COVERAGE,COVER_2,False,00-0034785;00-0032954;00-0034347;00-0038102;00-0036893;00-0034768;00-0036869;00-0037304;00-0035216;00-0037247;00-0037837,Mason Cole;Isaac Seumalo;James Daniels;Kenny Pickett;Najee Harris;Chukwuma Okorafor;Dan Moore;Connor Heyward;Diontae Johnson;George Pickens;Calvin Austin,00-0034203;00-0034516;00-0037313;00-0033907;00-0033582;00-0032667;00-0035378;00-0034413;00-0037244;00-0035642;00-0033941,Darious Williams;Tre Herndon;Montaric Brown;Dawuane Smoot;Jeremiah Ledbetter;Roy Robertson-Harris;Andrew Wingard;Foyesade Oluokun;Devin Lloyd;Josh Allen;Rayshawn Jenkins
2023_08_JAX_PIT,1367,run,3.0,53.0,50.0,PIT,2.0,2344.0,53.0,37.0,9:04,8:27,,0.0,6.0,1.0,10.0,"3 CB, 2 DE, 1 DT, 1 FS, 2 ILB, 1 OLB, 1 SS",CB;CB;CB;DE;DE;DT;FS;ILB;ILB;OLB;SS,11,6,0,,,False,00-0034785;00-0032954;00-0034347;00-0038102;00-0037228;00-0034768;00-0036869;00-0037451;00-0035216;00-0035703;00-0037837,Mason Cole;Isaac Seumalo;James Daniels;Kenny Pickett;Jaylen Warren;Chukwuma Okorafor;Dan Moore;Rod Williams;Diontae Johnson;Miles Boykin;Calvin Austin,00-0034203;00-0034516;00-0037313;00-0033064;00-0033907;00-0036262;00-0035378;00-0034413;00-0037244;00-0035642;00-0033941,Darious Williams;Tre Herndon;Montaric Brown;Adam Gotsis;Dawuane Smoot;Davon Hamilton;Andrew Wingard;Foyesade Oluokun;Devin Lloyd;Josh Allen;Rayshawn Jenkins
2023_08_JAX_PIT,1389,run,10.0,50.0,40.0,PIT,2.0,2307.0,50.0,35.0,8:27,7:52,,0.0,6.0,2.0,7.0,"3 CB, 2 DE, 1 DT, 1 FS, 2 ILB, 1 OLB, 1 SS",CB;CB;CB;DE;DE;DT;FS;ILB;ILB;OLB;SS,11,6,0,,,False,00-0034785;00-0032954;00-0034347;00-0038102;00-0037228;00-0034768;00-0036869;00-0038558;00-0035216;00-0037247;00-0037837,Mason Cole;Isaac Seumalo;James Daniels;Kenny Pickett;Jaylen Warren;Chukwuma Okorafor;Dan Moore;Darnell Washington;Diontae Johnson;George Pickens;Calvin Austin,00-0034203;00-0034516;00-0037313;00-0033064;00-0033907;00-0036262;00-0035378;00-0034413;00-0037244;00-0035642;00-0033941,Darious Williams;Tre Herndon;Montaric Brown;Adam Gotsis;Dawuane Smoot;Davon Hamilton;Andrew Wingard;Foyesade Oluokun;Devin Lloyd;Josh Allen;Rayshawn Jenkins
2023_08_JAX_PIT,1411,pass,16.0,40.0,24.0,PIT,2.0,2272.0,40.0,42.0,7:52,7:10,,0.0,6.0,1.0,10.0,"3 CB, 2 DE, 1 DT, 1 FS, 2 ILB, 1 OLB, 1 SS",CB;CB;CB;DE;DE;DT;FS;ILB;ILB;OLB;SS,11,6,4,ZONE_COVERAGE,COVER_3,False,00-0034785;00-0032954;00-0034347;00-0038102;00-0036893;00-0034768;00-0036869;00-0038558;00-0035216;00-0037247;00-0037837,Mason Cole;Isaac Seumalo;James Daniels;Kenny Pickett;Najee Harris;Chukwuma Okorafor;Dan Moore;Darnell Washington;Diontae Johnson;George Pickens;Calvin Austin,00-0034203;00-0034516;00-0037313;00-0033064;00-0033907;00-0036262;00-0035378;00-0034413;00-0037244;00-0035642;00-0033941,Darious Williams;Tre Herndon;Montaric Brown;Adam Gotsis;Dawuane Smoot;Davon Hamilton;Andrew Wingard;Foyesade Oluokun;Devin Lloyd;Josh Allen;Rayshawn Jenkins
2023_08_JAX_PIT,1441,run,1.0,24.0,23.0,PIT,2.0,2230.0,24.0,34.0,7:10,6:36,,0.0,6.0,1.0,10.0,"3 CB, 2 DT, 1 FS, 2 ILB, 2 OLB, 1 SS",CB;CB;CB;DT;DT;FS;ILB;ILB;OLB;OLB;SS,11,6,0,,,False,00-0034785;00-0032954;00-0034347;00-0038102;00-0037228;00-0034768;00-0036869;00-0038558;00-0031428;00-0035216;00-0037247,Mason Cole;Isaac Seumalo;James Daniels;Kenny Pickett;Jaylen Warren;Chukwuma Okorafor;Dan Moore;Darnell Washington;Allen Robinson;Diontae Johnson;George Pickens,00-0034203;00-0034516;00-0037313;00-0032107;00-0034275;00-0035378;00-0034413;00-0037244;00-0036286;00-0037235;00-0033941,Darious Williams;Tre Herndon;Montaric Brown;Angelo Blackson;Folorunso Fatukasi;Andrew Wingard;Foyesade Oluokun;Devin Lloyd;K'Lavon Chaisson;Travon Walker;Rayshawn Jenkins
2023_08_JAX_PIT,1463,pass,6.0,23.0,17.0,PIT,2.0,2196.0,23.0,39.0,6:36,5:57,,0.0,6.0,2.0,9.0,"3 CB, 2 DT, 1 FS, 2 ILB, 2 OLB, 1 SS",CB;CB;CB;DT;DT;FS;ILB;ILB;OLB;OLB;SS,11,7,5,ZONE_COVERAGE,COVER_3,False,00-0034785;00-0032954;00-0034347;00-0038102;00-0036893;00-0034768;00-0036869;00-0038558;00-0031428;00-0035216;00-0037247,Mason Cole;Isaac Seumalo;James Daniels;Kenny Pickett;Najee Harris;Chukwuma Okorafor;Dan Moore;Darnell Washington;Allen Robinson;Diontae Johnson;George Pickens,00-0034203;00-0034516;00-0037313;00-0032107;00-0034275;00-0035378;00-0034413;00-0037244;00-0036286;00-0037235;00-0033941,Darious Williams;Tre Herndon;Montaric Brown;Angelo Blackson;Folorunso Fatukasi;Andrew Wingard;Foyesade Oluokun;Devin Lloyd;K'Lavon Chaisson;Travon Walker;Rayshawn Jenkins
2023_08_JAX_PIT,1493,pass,9.0,17.0,8.0,PIT,2.0,2157.0,17.0,34.0,5:57,5:23,,0.0,6.0,3.0,3.0,"3 CB, 1 DE, 1 DT, 1 FS, 2 ILB, 2 OLB, 1 SS",CB;CB;CB;DE;DT;FS;ILB;ILB;OLB;OLB;SS,11,5,4,ZONE_COVERAGE,COVER_4,False,00-0034785;00-0032954;00-0034347;00-0038102;00-0036893;00-0034768;00-0036869;00-0037304;00-0031428;00-0035216;00-0037247,Mason Cole;Isaac Seumalo;James Daniels;Kenny Pickett;Najee Harris;Chukwuma Okorafor;Dan Moore;Connor Heyward;Allen Robinson;Diontae Johnson;George Pickens,00-0034203;00-0034516;00-0037313;00-0033907;00-0032667;00-0035378;00-0034413;00-0037244;00-0035642;00-0037235;00-0033941,Darious Williams;Tre Herndon;Montaric Brown;Dawuane Smoot;Roy Robertson-Harris;Andrew Wingard;Foyesade Oluokun;Devin Lloyd;Josh Allen;Travon Walker;Rayshawn Jenkins
2023_08_JAX_PIT,1523,run,3.0,8.0,5.0,PIT,2.0,2123.0,8.0,38.0,5:23,4:45,,0.0,6.0,1.0,8.0,"2 CB, 1 DE, 2 DT, 1 FS, 2 ILB, 2 OLB, 1 SS",CB;CB;DE;DT;DT;FS;ILB;ILB;OLB;OLB;SS,11,6,0,,,False,00-0034785;00-0032954;00-0034347;00-0038102;00-0036893;00-0034768;00-0036869;00-0039109;00-0037304;00-0035216;00-0037247,Mason Cole;Isaac Seumalo;James Daniels;Kenny Pickett;Najee Harris;Chukwuma Okorafor;Dan Moore;Broderick Jones;Connor Heyward;Diontae Johnson;George Pickens,00-0034203;00-0037313;00-0033064;00-0032667;00-0036262;00-0035378;00-0034413;00-0037244;00-0035642;00-0037235;00-0033941,Darious Williams;Montaric Brown;Adam Gotsis;Roy Robertson-Harris;Davon Hamilton;Andrew Wingard;Foyesade Oluokun;Devin Lloyd;Josh Allen;Travon Walker;Rayshawn Jenkins
2023_08_JAX_PIT,1547,pass,0.0,5.0,5.0,PIT,2.0,2085.0,5.0,39.0,4:45,4:06,,0.0,6.0,2.0,5.0,"2 CB, 1 DE, 2 DT, 1 FS, 2 ILB, 2 OLB, 1 SS",CB;CB;DE;DT;DT;FS;ILB;ILB;OLB;OLB;SS,11,6,4,MAN_COVERAGE,COVER_0,False,00-0034785;00-0032954;00-0034347;00-0038102;00-0036893;00-0034768;00-0036869;00-0037304;00-0037451;00-0031428;00-0037247,Mason Cole;Isaac Seumalo;James Daniels;Kenny Pickett;Najee Harris;Chukwuma Okorafor;Dan Moore;Connor Heyward;Rod Williams;Allen Robinson;George Pickens,00-0034203;00-0037313;00-0033064;00-0032667;00-0036262;00-0035378;00-0034413;00-0037244;00-0035642;00-0037235;00-0033941,Darious Williams;Montaric Brown;Adam Gotsis;Roy Robertson-Harris;Davon Hamilton;Andrew Wingard;Foyesade Oluokun;Devin Lloyd;Josh Allen;Travon Walker;Rayshawn Jenkins
2023_08_JAX_PIT,1572,pass,0.0,5.0,5.0,PIT,2.0,2046.0,5.0,5.0,4:06,4:01,,0.0,6.0,3.0,5.0,"3 CB, 1 DE, 1 DT, 1 FS, 2 ILB, 2 OLB, 1 SS",CB;CB;CB;DE;DT;FS;ILB;ILB;OLB;OLB;SS,11,4,4,MAN_COVERAGE,COVER_1,False,00-0034785;00-0032954;00-0034347;00-0038102;00-0037228;00-0034768;00-0036869;00-0037304;00-0031428;00-0035216;00-0037247,Mason Cole;Isaac Seumalo;James Daniels;Kenny Pickett;Jaylen Warren;Chukwuma Okorafor;Dan Moore;Connor Heyward;Allen Robinson;Diontae Johnson;George Pickens,00-0034203;00-0034516;00-0037313;00-0033064;00-0032667;00-0035378;00-0034413;00-0037244;00-0035642;00-0037235;00-0033941,Darious Williams;Tre Herndon;Montaric Brown;Adam Gotsis;Roy Robertson-Harris;Andrew Wingard;Foyesade Oluokun;Devin Lloyd;Josh Allen;Travon Walker;Rayshawn Jenkins
2023_08_JAX_PIT,1595,field_goal,0.0,5.0,5.0,PIT,2.0,2041.0,5.0,2.0,4:01,3:59,,3.0,6.0,4.0,5.0,"1 CB, 2 DE, 1 DT, 2 FS, 2 ILB, 2 OLB, 1 SS",CB;DE;DE;DT;FS;FS;ILB;ILB;OLB;OLB;SS,11,0,0,,,False,00-0036843;00-0032954;00-0035383;00-0031136;00-0034051;00-0033929;00-0036847;00-0036869;00-0039109;00-0037451;00-0038558,Isaiahh Loudermilk;Isaac Seumalo;Nate Herbig;Chris Boswell;Christian Kuntz;Montravius Adams;Pressley Harvin;Dan Moore;Broderick Jones;Rod Williams;Darnell Washington,00-0034203;00-0033064;00-0033582;00-0032667;00-0035378;00-0038596;00-0034413;00-0037244;00-0035642;00-0037235;00-0033941,Darious Williams;Adam Gotsis;Jeremiah Ledbetter;Roy Robertson-Harris;Andrew Wingard;Antonio Johnson;Foyesade Oluokun;Devin Lloyd;Josh Allen;Travon Walker;Rayshawn Jenkins
2023_08_JAX_PIT,1620,kickoff,0.0,35.0,35.0,JAX,2.0,2039.0,35.0,5.0,3:59,3:54,,3.0,6.0,,0.0,"3 CB, 1 FS, 1 ILB, 1 K, 1 OLB, 2 SS, 1 TE, 1 WR",CB;CB;CB;FS;ILB;K;OLB;SS;SS;TE;WR,11,0,0,,,False,00-0033064;00-0038596;00-0036235;00-0036704;00-0037811;00-0035628;00-0036306;00-0036887;00-0038935;00-0033572;00-0036497,Adam Gotsis;Antonio Johnson;Shaquille Quarterman;Caleb Johnson;Chad Muma;D'Ernest Johnson;Daniel Thomas;Luke Farrell;Brenton Strange;Jamal Agnew;Tim Jones,00-0034468;00-0035795;00-0039167;00-0036002;00-0037316;00-0031136;00-0038577;00-0032399;00-0033512;00-0037451;00-0035703,Chandon Sullivan;James Pierre;Joey Porter;Elijah Riley;Mark Robinson;Chris Boswell;Nick Herbig;Miles Killebrew;Damontae Kazee;Rod Williams;Miles Boykin
2023_08_JAX_PIT,1655,pass,6.0,63.0,57.0,JAX,2.0,2034.0,63.0,31.0,3:54,3:23,,3.0,6.0,1.0,10.0,"2 CB, 1 DE, 1 DT, 1 FS, 2 ILB, 1 NT, 2 OLB, 1 SS",CB;CB;DE;DT;FS;ILB;ILB;NT;OLB;OLB;SS,11,4,4,ZONE_COVERAGE,COVER_3,False,00-0037814;00-0030827;00-0032053;00-0036971;00-0036973;00-0033889;00-0038934;00-0033881;00-0036887;00-0038935;00-0034837,Luke Fortner;Tyler Shatley;Brandon Scherff;Trevor Lawrence;Travis Etienne;Cam Robinson;Anton Harrison;Evan Engram;Luke Farrell;Brenton Strange;Calvin Ridley,00-0027943;00-0039167;00-0037759;00-0033905;00-0032382;00-0032442;00-0035286;00-0033929;00-0033886;00-0036333;00-0033512,Patrick Peterson;Joey Porter;DeMarvin Leal;Larry Ogunjobi;Keanu Neal;Elandon Roberts;Cole Holcomb;Montravius Adams;T.J. Watt;Alex Highsmith;Damontae Kazee
2023_08_JAX_PIT,1680,run,10.0,57.0,47.0,JAX,2.0,2003.0,57.0,37.0,3:23,2:46,,3.0,6.0,2.0,4.0,"3 CB, 1 DT, 1 FS, 1 ILB, 1 NT, 3 OLB, 1 SS",CB;CB;CB;DT;FS;ILB;NT;OLB;OLB;OLB;SS,11,6,0,,,False,00-0037814;00-0030827;00-0032053;00-0036971;00-0036973;00-0033889;00-0038934;00-0033881;00-0034837;00-0034775;00-0036497,Luke Fortner;Tyler Shatley;Brandon Scherff;Trevor Lawrence;Travis Etienne;Cam Robinson;Anton Harrison;Evan Engram;Calvin Ridley;Christian Kirk;Tim Jones,00-0027943;00-0034468;00-0039167;00-0033905;00-0032382;00-0035286;00-0033929;00-0032109;00-0033886;00-0036333;00-0033512,Patrick Peterson;Chandon Sullivan;Joey Porter;Larry Ogunjobi;Keanu Neal;Cole Holcomb;Montravius Adams;Kwon Alexander;T.J. Watt;Alex Highsmith;Damontae Kazee
2023_08_JAX_PIT,1702,run,3.0,47.0,44.0,JAX,2.0,1966.0,47.0,40.0,2:46,2:06,,3.0,6.0,1.0,10.0,"3 CB, 1 DT, 1 FS, 1 ILB, 1 NT, 3 OLB, 1 SS",CB;CB;CB;DT;FS;ILB;NT;OLB;OLB;OLB;SS,11,6,0,,,False,00-0037814;00-0030827;00-0032053;00-0036971;00-0036973;00-0033889;00-0038934;00-0038935;00-0034837;00-0034775;00-0036497,Luke Fortner;Tyler Shatley;Brandon Scherff;Trevor Lawrence;Travis Etienne;Cam Robinson;Anton Harrison;Brenton Strange;Calvin Ridley;Christian Kirk;Tim Jones,00-0027943;00-0034468;00-0039167;00-0033905;00-0032382;00-0035286;00-0033929;00-0032109;00-0033886;00-0036333;00-0033512,Patrick Peterson;Chandon Sullivan;Joey Porter;Larry Ogunjobi;Keanu Neal;Cole Holcomb;Montravius Adams;Kwon Alexander;T.J. Watt;Alex Highsmith;Damontae Kazee
2023_08_JAX_PIT,1724,pass,0.0,44.0,44.0,JAX,2.0,1926.0,44.0,3.0,2:06,2:03,,3.0,6.0,2.0,7.0,"3 CB, 1 DT, 1 FS, 1 ILB, 1 NT, 3 OLB, 1 SS",CB;CB;CB;DT;FS;ILB;NT;OLB;OLB;OLB;SS,11,5,5,MAN_COVERAGE,COVER_1,False,00-0037814;00-0030827;00-0032053;00-0036971;00-0036973;00-0033889;00-0038934;00-0033881;00-0036887;00-0034837;00-0034775,Luke Fortner;Tyler Shatley;Brandon Scherff;Trevor Lawrence;Travis Etienne;Cam Robinson;Anton Harrison;Evan Engram;Luke Farrell;Calvin Ridley;Christian Kirk,00-0027943;00-0034468;00-0039167;00-0033905;00-0032382;00-0035286;00-0033929;00-0032109;00-0033886;00-0036333;00-0033512,Patrick Peterson;Chandon Sullivan;Joey Porter;Larry Ogunjobi;Keanu Neal;Cole Holcomb;Montravius Adams;Kwon Alexander;T.J. Watt;Alex Highsmith;Damontae Kazee
2023_08_JAX_PIT,1759,no_play,0.0,44.0,44.0,JAX,2.0,1923.0,44.0,6.0,2:03,1:57,,3.0,6.0,3.0,7.0,"3 CB, 1 DT, 1 FS, 1 ILB, 1 NT, 2 OLB, 2 SS",CB;CB;CB;DT;FS;ILB;NT;OLB;OLB;SS;SS,11,5,5,MAN_COVERAGE,COVER_1,False,00-0037814;00-0030827;00-0032053;00-0036971;00-0036973;00-0033889;00-0038934;00-0033881;00-0034837;00-0034775;00-0036497,Luke Fortner;Tyler Shatley;Brandon Scherff;Trevor Lawrence;Travis Etienne;Cam Robinson;Anton Harrison;Evan Engram;Calvin Ridley;Christian Kirk;Tim Jones,00-0027943;00-0035795;00-0039167;00-0033905;00-0032382;00-0035286;00-0033929;00-0033886;00-0036333;00-0032399;00-0033512,Patrick Peterson;James Pierre;Joey Porter;Larry Ogunjobi;Keanu Neal;Cole Holcomb;Montravius Adams;T.J. Watt;Alex Highsmith;Miles Killebrew;Damontae Kazee
2023_08_JAX_PIT,1795,pass,11.0,39.0,28.0,JAX,2.0,1917.0,39.0,8.0,1:57,1:49,,3.0,6.0,1.0,10.0,"1 CB, 1 DE, 1 DT, 1 FS, 2 ILB, 2 NT, 2 OLB, 1 SS",CB;DE;DT;FS;ILB;ILB;NT;NT;OLB;OLB;SS,11,6,5,ZONE_COVERAGE,COVER_3,True,00-0037814;00-0030827;00-0032053;00-0036971;00-0036973;00-0033889;00-0038934;00-0033881;00-0036887;00-0038935;00-0036497,Luke Fortner;Tyler Shatley;Brandon Scherff;Trevor Lawrence;Travis Etienne;Cam Robinson;Anton Harrison;Evan Engram;Luke Farrell;Brenton Strange;Tim Jones,00-0027943;00-0037759;00-0039110;00-0032382;00-0032442;00-0035286;00-0033929;00-0034992;00-0032127;00-0036333;00-0033512,Patrick Peterson;DeMarvin Leal;Keeanu Benton;Keanu Neal;Elandon Roberts;Cole Holcomb;Montravius Adams;Armon Watts;Markus Golden;Alex Highsmith;Damontae Kazee
2023_08_JAX_PIT,1832,run,4.0,28.0,24.0,JAX,2.0,1909.0,28.0,32.0,1:49,1:17,,3.0,6.0,1.0,10.0,"3 CB, 1 DE, 1 FS, 1 ILB, 1 NT, 3 OLB, 1 SS",CB;CB;CB;DE;FS;ILB;NT;OLB;OLB;OLB;SS,11,6,0,,,False,00-0037814;00-0030827;00-0032053;00-0036971;00-0036973;00-0033889;00-0038934;00-0033881;00-0034837;00-0034775;00-0036497,Luke Fortner;Tyler Shatley;Brandon Scherff;Trevor Lawrence;Travis Etienne;Cam Robinson;Anton Harrison;Evan Engram;Calvin Ridley;Christian Kirk;Tim Jones,00-0027943;00-0034468;00-0039167;00-0037759;00-0032382;00-0035286;00-0033929;00-0032127;00-0032109;00-0036333;00-0033512,Patrick Peterson;Chandon Sullivan;Joey Porter;DeMarvin Leal;Keanu Neal;Cole Holcomb;Montravius Adams;Markus Golden;Kwon Alexander;Alex Highsmith;Damontae Kazee
2023_08_JAX_PIT,1854,pass,4.0,24.0,20.0,JAX,2.0,1877.0,24.0,0.0,1:17,1:17,,3.0,6.0,2.0,6.0,"2 CB, 1 DE, 1 FS, 2 ILB, 2 NT, 2 OLB, 1 SS",CB;CB;DE;FS;ILB;ILB;NT;NT;OLB;OLB;SS,11,4,3,ZONE_COVERAGE,COVER_3,False,00-0037814;00-0030827;00-0032053;00-0036971;00-0036973;00-0033889;00-0038934;00-0033881;00-0036887;00-0038935;00-0034837,Luke Fortner;Tyler Shatley;Brandon Scherff;Trevor Lawrence;Travis Etienne;Cam Robinson;Anton Harrison;Evan Engram;Luke Farrell;Brenton Strange;Calvin Ridley,00-0027943;00-0039167;00-0036843;00-0032382;00-0032442;00-0035286;00-0033929;00-0034992;00-0033886;00-0036333;00-0033512,Patrick Peterson;Joey Porter;Isaiahh Loudermilk;Keanu Neal;Elandon Roberts;Cole Holcomb;Montravius Adams;Armon Watts;T.J. Watt;Alex Highsmith;Damontae Kazee
2023_08_JAX_PIT,1866,timeout,0.0,,,,2.0,1877.0,,7.0,1:17,1:10,JAX,3.0,6.0,,0.0,,,,,,,,,,,,
2023_08_JAX_PIT,1886,pass,0.0,20.0,20.0,JAX,2.0,1870.0,20.0,0.0,1:10,1:10,,3.0,6.0,3.0,2.0,"2 CB, 1 DT, 1 FS, 2 ILB, 2 NT, 2 OLB, 1 SS",CB;CB;DT;FS;ILB;ILB;NT;NT;OLB;OLB;SS,11,4,4,ZONE_COVERAGE,COVER_6,False,00-0037814;00-0030827;00-0032053;00-0036971;00-0036973;00-0033889;00-0038934;00-0033881;00-0036887;00-0038935;00-0036497,Luke Fortner;Tyler Shatley;Brandon Scherff;Trevor Lawrence;Travis Etienne;Cam Robinson;Anton Harrison;Evan Engram;Luke Farrell;Brenton Strange;Tim Jones,00-0027943;00-0039167;00-0033905;00-0032382;00-0032442;00-0035286;00-0033929;00-0034992;00-0033886;00-0036333;00-0033512,Patrick Peterson;Joey Porter;Larry Ogunjobi;Keanu Neal;Elandon Roberts;Cole Holcomb;Montravius Adams;Armon Watts;T.J. Watt;Alex Highsmith;Damontae Kazee
2023_08_JAX_PIT,1898,timeout,0.0,,,,2.0,1870.0,,3.0,1:10,1:07,PIT,3.0,6.0,,0.0,,,,,,,,,,,,
2023_08_JAX_PIT,1918,field_goal,0.0,20.0,20.0,JAX,2.0,1867.0,20.0,0.0,1:07,1:07,,3.0,9.0,4.0,2.0,"2 CB, 1 DT, 1 FS, 2 ILB, 2 NT, 2 OLB, 1 SS",CB;CB;DT;FS;ILB;ILB;NT;NT;OLB;OLB;SS,11,0,0,,,False,00-0037814;00-0033064;00-0030827;00-0035355;00-0036272;00-0029822;00-0035827;00-0034437;00-0036975;00-0038934;00-0038935,Luke Fortner;Adam Gotsis;Tyler Shatley;Blake Hance;Ben Bartch;Brandon McManus;Ross Matiscik;Logan Cooke;Walker Little;Anton Harrison;Brenton Strange,00-0027943;00-0039167;00-0033905;00-0032382;00-0032442;00-0035286;00-0033929;00-0034992;00-0033886;00-0036333;00-0033512,Patrick Peterson;Joey Porter;Larry Ogunjobi;Keanu Neal;Elandon Roberts;Cole Holcomb;Montravius Adams;Armon Watts;T.J. Watt;Alex Highsmith;Damontae Kazee
2023_08_JAX_PIT,1930,timeout,0.0,,,,2.0,1867.0,,3.0,1:07,1:04,PIT,3.0,6.0,,0.0,,,,,,,,,,,,
2023_08_JAX_PIT,1945,kickoff,0.0,35.0,35.0,PIT,2.0,1864.0,35.0,5.0,1:04,0:59,,3.0,9.0,,0.0,"1 CB, 1 DE, 1 FS, 3 ILB, 1 K, 1 RB, 2 SS, 1 WR",CB;DE;FS;ILB;ILB;ILB;K;RB;SS;SS;WR,11,0,0,,,False,00-0034468;00-0035795;00-0036002;00-0037316;00-0038577;00-0034614;00-0037228;00-0032399;00-0037451;00-0038558;00-0035703,Chandon Sullivan;James Pierre;Elijah Riley;Mark Robinson;Nick Herbig;Godwin Igwebuike;Jaylen Warren;Miles Killebrew;Rod Williams;Darnell Washington;Miles Boykin,00-0034516;00-0033064;00-0038596;00-0036235;00-0036704;00-0037811;00-0029822;00-0035628;00-0033941;00-0036306;00-0036497,Tre Herndon;Adam Gotsis;Antonio Johnson;Shaquille Quarterman;Caleb Johnson;Chad Muma;Brandon McManus;D'Ernest Johnson;Rayshawn Jenkins;Daniel Thomas;Tim Jones
2023_08_JAX_PIT,1980,pass,9.0,68.0,59.0,PIT,2.0,1859.0,68.0,17.0,0:59,0:42,,3.0,9.0,1.0,10.0,"3 CB, 1 DE, 1 DT, 1 FS, 2 ILB, 2 OLB, 1 SS",CB;CB;CB;DE;DT;FS;ILB;ILB;OLB;OLB;SS,11,6,5,ZONE_COVERAGE,COVER_6,False,00-0034785;00-0032954;00-0034347;00-0038102;00-0037228;00-0034768;00-0036869;00-0037304;00-0031428;00-0035216;00-0037247,Mason Cole;Isaac Seumalo;James Daniels;Kenny Pickett;Jaylen Warren;Chukwuma Okorafor;Dan Moore;Connor Heyward;Allen Robinson;Diontae Johnson;George Pickens,00-0034203;00-0034516;00-0037313;00-0033907;00-0032667;00-0035378;00-0034413;00-0037244;00-0035642;00-0037235;00-0033941,Darious Williams;Tre Herndon;Montaric Brown;Dawuane Smoot;Roy Robertson-Harris;Andrew Wingard;Foyesade Oluokun;Devin Lloyd;Josh Allen;Travon Walker;Rayshawn Jenkins
2023_08_JAX_PIT,2005,pass,11.0,59.0,48.0,PIT,2.0,1842.0,59.0,8.0,0:42,0:34,,3.0,9.0,2.0,1.0,"3 CB, 1 DE, 1 DT, 1 FS, 2 ILB, 2 OLB, 1 SS",CB;CB;CB;DE;DT;FS;ILB;ILB;OLB;OLB;SS,11,4,4,ZONE_COVERAGE,COVER_6,True,00-0034785;00-0032954;00-0034347;00-0038102;00-0037228;00-0034768;00-0036869;00-0037304;00-0031428;00-0035216;00-0037247,Mason Cole;Isaac Seumalo;James Daniels;Kenny Pickett;Jaylen Warren;Chukwuma Okorafor;Dan Moore;Connor Heyward;Allen Robinson;Diontae Johnson;George Pickens,00-0034203;00-0034516;00-0037313;00-0033907;00-0032667;00-0035378;00-0034413;00-0037244;00-0035642;00-0037235;00-0033941,Darious Williams;Tre Herndon;Montaric Brown;Dawuane Smoot;Roy Robertson-Harris;Andrew Wingard;Foyesade Oluokun;Devin Lloyd;Josh Allen;Travon Walker;Rayshawn Jenkins
2023_08_JAX_PIT,2046,run,10.0,48.0,38.0,PIT,2.0,1834.0,48.0,17.0,0:34,0:17,,3.0,9.0,1.0,10.0,"3 CB, 1 DE, 1 DT, 1 FS, 2 ILB, 2 OLB, 1 SS",CB;CB;CB;DE;DT;FS;ILB;ILB;OLB;OLB;SS,11,3,4,ZONE_COVERAGE,COVER_6,False,00-0034785;00-0032954;00-0034347;00-0038102;00-0037228;00-0034768;00-0036869;00-0037304;00-0035216;00-0037247;00-0037837,Mason Cole;Isaac Seumalo;James Daniels;Kenny Pickett;Jaylen Warren;Chukwuma Okorafor;Dan Moore;Connor Heyward;Diontae Johnson;George Pickens;Calvin Austin,00-0034203;00-0034516;00-0037313;00-0033907;00-0032667;00-0035378;00-0034413;00-0037244;00-0035642;00-0037235;00-0033941,Darious Williams;Tre Herndon;Montaric Brown;Dawuane Smoot;Roy Robertson-Harris;Andrew Wingard;Foyesade Oluokun;Devin Lloyd;Josh Allen;Travon Walker;Rayshawn Jenkins
2023_08_JAX_PIT,2121,pass,0.0,38.0,38.0,PIT,2.0,1817.0,38.0,3.0,0:17,0:14,,3.0,9.0,1.0,10.0,"3 CB, 2 DE, 1 FS, 2 ILB, 2 OLB, 1 SS",CB;CB;CB;DE;DE;FS;ILB;ILB;OLB;OLB;SS,11,4,4,ZONE_COVERAGE,COVER_6,True,00-0034785;00-0032954;00-0034347;00-0038102;00-0037228;00-0034768;00-0036869;00-0037304;00-0031428;00-0035216;00-0037247,Mason Cole;Isaac Seumalo;James Daniels;Kenny Pickett;Jaylen Warren;Chukwuma Okorafor;Dan Moore;Connor Heyward;Allen Robinson;Diontae Johnson;George Pickens,00-0034203;00-0034516;00-0037313;00-0033064;00-0033907;00-0035378;00-0034413;00-0037244;00-0035642;00-0037235;00-0033941,Darious Williams;Tre Herndon;Montaric Brown;Adam Gotsis;Dawuane Smoot;Andrew Wingard;Foyesade Oluokun;Devin Lloyd;Josh Allen;Travon Walker;Rayshawn Jenkins
2023_08_JAX_PIT,2147,pass,0.0,38.0,38.0,PIT,2.0,1814.0,38.0,0.0,0:14,0:14,,3.0,9.0,2.0,10.0,"3 CB, 2 DE, 1 FS, 2 ILB, 2 OLB, 1 SS",CB;CB;CB;DE;DE;FS;ILB;ILB;OLB;OLB;SS,11,4,4,ZONE_COVERAGE,COVER_4,False,00-0034785;00-0032954;00-0034347;00-0033869;00-0037228;00-0034768;00-0036869;00-0037304;00-0035216;00-0037247;00-0037837,Mason Cole;Isaac Seumalo;James Daniels;Mitchell Trubisky;Jaylen Warren;Chukwuma Okorafor;Dan Moore;Connor Heyward;Diontae Johnson;George Pickens;Calvin Austin,00-0034203;00-0034516;00-0037313;00-0033064;00-0033907;00-0035378;00-0034413;00-0037244;00-0035642;00-0037235;00-0033941,Darious Williams;Tre Herndon;Montaric Brown;Adam Gotsis;Dawuane Smoot;Andrew Wingard;Foyesade Oluokun;Devin Lloyd;Josh Allen;Travon Walker;Rayshawn Jenkins
2023_08_JAX_PIT,2159,timeout,0.0,,,,2.0,1814.0,,8.0,0:14,0:06,PIT,3.0,9.0,,0.0,,,,,,,,,,,,
2023_08_JAX_PIT,2177,no_play,0.0,38.0,38.0,PIT,2.0,1806.0,38.0,4.0,0:06,0:02,,3.0,9.0,3.0,10.0,"2 DE, 1 DT, 2 FS, 2 ILB, 2 OLB, 1 SS, 1 WR",DE;DE;DT;FS;FS;ILB;ILB;OLB;OLB;SS;WR,11,0,0,,,False,00-0036843;00-0032954;00-0035383;00-0031136;00-0034051;00-0033929;00-0036847;00-0036869;00-0039109;00-0037451;00-0038558,Isaiahh Loudermilk;Isaac Seumalo;Nate Herbig;Chris Boswell;Christian Kuntz;Montravius Adams;Pressley Harvin;Dan Moore;Broderick Jones;Rod Williams;Darnell Washington,00-0033064;00-0033582;00-0032667;00-0035378;00-0038596;00-0034413;00-0037244;00-0035642;00-0037235;00-0033941;00-0033572,Adam Gotsis;Jeremiah Ledbetter;Roy Robertson-Harris;Andrew Wingard;Antonio Johnson;Foyesade Oluokun;Devin Lloyd;Josh Allen;Travon Walker;Rayshawn Jenkins;Jamal Agnew
2023_08_JAX_PIT,2209,field_goal,0.0,43.0,43.0,PIT,2.0,1802.0,43.0,2.0,0:02,0:00,,3.0,9.0,3.0,15.0,"2 DE, 1 DT, 2 FS, 2 ILB, 2 OLB, 1 SS, 1 WR",DE;DE;DT;FS;FS;ILB;ILB;OLB;OLB;SS;WR,11,0,0,,,False,00-0036843;00-0032954;00-0035383;00-0031136;00-0034051;00-0033929;00-0036847;00-0036869;00-0039109;00-0037451;00-0038558,Isaiahh Loudermilk;Isaac Seumalo;Nate Herbig;Chris Boswell;Christian Kuntz;Montravius Adams;Pressley Harvin;Dan Moore;Broderick Jones;Rod Williams;Darnell Washington,00-0033064;00-0033582;00-0032667;00-0035378;00-0038596;00-0034413;00-0037244;00-0035642;00-0037235;00-0033941;00-0033572,Adam Gotsis;Jeremiah Ledbetter;Roy Robertson-Harris;Andrew Wingard;Antonio Johnson;Foyesade Oluokun;Devin Lloyd;Josh Allen;Travon Walker;Rayshawn Jenkins;Jamal Agnew
2023_08_JAX_PIT,2230,start_quarter_3,,,,,2.0,1800.0,,0.0,0:00,0:00,,3.0,9.0,,0.0,,,,,,,,,,,,
2023_08_JAX_PIT,2250,kickoff,0.0,35.0,35.0,JAX,3.0,1800.0,35.0,0.0,15:00,15:00,,3.0,9.0,,0.0,"3 CB, 1 FS, 1 ILB, 1 K, 1 OLB, 2 SS, 1 TE, 1 WR",CB;CB;CB;FS;ILB;K;OLB;SS;SS;TE;WR,11,0,0,,,False,00-0033064;00-0038596;00-0036235;00-0036704;00-0037811;00-0035628;00-0036306;00-0036887;00-0038935;00-0033572;00-0036497,Adam Gotsis;Antonio Johnson;Shaquille Quarterman;Caleb Johnson;Chad Muma;D'Ernest Johnson;Daniel Thomas;Luke Farrell;Brenton Strange;Jamal Agnew;Tim Jones,00-0034468;00-0035795;00-0039167;00-0036002;00-0037316;00-0031136;00-0038577;00-0032399;00-0033512;00-0037451;00-0035703,Chandon Sullivan;James Pierre;Joey Porter;Elijah Riley;Mark Robinson;Chris Boswell;Nick Herbig;Miles Killebrew;Damontae Kazee;Rod Williams;Miles Boykin
2023_08_JAX_PIT,2266,pass,8.0,75.0,67.0,JAX,3.0,1800.0,75.0,34.0,15:00,14:26,,3.0,9.0,1.0,10.0,"1 CB, 1 DE, 1 DT, 1 FS, 2 ILB, 1 NT, 2 OLB, 2 SS",CB;DE;DT;FS;ILB;ILB;NT;OLB;OLB;SS;SS,11,5,4,ZONE_COVERAGE,COVER_6,False,00-0037814;00-0030827;00-0032053;00-0036971;00-0036973;00-0033889;00-0038934;00-0033881;00-0036887;00-0038935;00-0034837,Luke Fortner;Tyler Shatley;Brandon Scherff;Trevor Lawrence;Travis Etienne;Cam Robinson;Anton Harrison;Evan Engram;Luke Farrell;Brenton Strange;Calvin Ridley,00-0027943;00-0037759;00-0033905;00-0032382;00-0032442;00-0035286;00-0033929;00-0033886;00-0036333;00-0032399;00-0033512,Patrick Peterson;DeMarvin Leal;Larry Ogunjobi;Keanu Neal;Elandon Roberts;Cole Holcomb;Montravius Adams;T.J. Watt;Alex Highsmith;Miles Killebrew;Damontae Kazee
2023_08_JAX_PIT,2291,run,3.0,67.0,64.0,JAX,3.0,1766.0,67.0,39.0,14:26,13:47,,3.0,9.0,2.0,2.0,"1 CB, 2 DT, 1 FS, 2 ILB, 2 NT, 2 OLB, 1 SS",CB;DT;DT;FS;ILB;ILB;NT;NT;OLB;OLB;SS,11,6,0,,,False,00-0037814;00-0030827;00-0032053;00-0035355;00-0036971;00-0036973;00-0033889;00-0038934;00-0033881;00-0036887;00-0034837,Luke Fortner;Tyler Shatley;Brandon Scherff;Blake Hance;Trevor Lawrence;Travis Etienne;Cam Robinson;Anton Harrison;Evan Engram;Luke Farrell;Calvin Ridley,00-0027943;00-0033905;00-0039110;00-0032382;00-0032442;00-0035286;00-0033929;00-0034992;00-0033886;00-0036333;00-0033512,Patrick Peterson;Larry Ogunjobi;Keeanu Benton;Keanu Neal;Elandon Roberts;Cole Holcomb;Montravius Adams;Armon Watts;T.J. Watt;Alex Highsmith;Damontae Kazee
2023_08_JAX_PIT,2315,pass,5.0,64.0,59.0,JAX,3.0,1727.0,64.0,36.0,13:47,13:11,,3.0,9.0,1.0,10.0,"2 CB, 1 DE, 1 DT, 1 FS, 2 ILB, 1 NT, 2 OLB, 1 SS",CB;CB;DE;DT;FS;ILB;ILB;NT;OLB;OLB;SS,11,3,4,ZONE_COVERAGE,COVER_3,False,00-0037814;00-0030827;00-0032053;00-0036971;00-0038555;00-0033889;00-0038934;00-0033881;00-0036887;00-0033572;00-0034775,Luke Fortner;Tyler Shatley;Brandon Scherff;Trevor Lawrence;Tank Bigsby;Cam Robinson;Anton Harrison;Evan Engram;Luke Farrell;Jamal Agnew;Christian Kirk,00-0027943;00-0039167;00-0037759;00-0033905;00-0032382;00-0032442;00-0035286;00-0033929;00-0033886;00-0036333;00-0033512,Patrick Peterson;Joey Porter;DeMarvin Leal;Larry Ogunjobi;Keanu Neal;Elandon Roberts;Cole Holcomb;Montravius Adams;T.J. Watt;Alex Highsmith;Damontae Kazee
2023_08_JAX_PIT,2340,pass,10.0,59.0,49.0,JAX,3.0,1691.0,59.0,7.0,13:11,13:04,,3.0,9.0,2.0,5.0,"2 CB, 1 DE, 1 DT, 1 FS, 2 ILB, 1 NT, 2 OLB, 1 SS",CB;CB;DE;DT;FS;ILB;ILB;NT;OLB;OLB;SS,11,4,4,ZONE_COVERAGE,COVER_3,False,00-0037814;00-0030827;00-0032053;00-0036971;00-0038555;00-0033889;00-0038934;00-0038935;00-0033572;00-0034837;00-0034775,Luke Fortner;Tyler Shatley;Brandon Scherff;Trevor Lawrence;Tank Bigsby;Cam Robinson;Anton Harrison;Brenton Strange;Jamal Agnew;Calvin Ridley;Christian Kirk,00-0027943;00-0039167;00-0037759;00-0033905;00-0032382;00-0032442;00-0035286;00-0033929;00-0033886;00-0036333;00-0033512,Patrick Peterson;Joey Porter;DeMarvin Leal;Larry Ogunjobi;Keanu Neal;Elandon Roberts;Cole Holcomb;Montravius Adams;T.J. Watt;Alex Highsmith;Damontae Kazee
2023_08_JAX_PIT,2370,pass,0.0,49.0,49.0,JAX,3.0,1684.0,49.0,35.0,13:04,12:29,,3.0,9.0,1.0,10.0,"2 CB, 1 DE, 1 DT, 1 FS, 2 ILB, 1 NT, 2 OLB, 1 SS",CB;CB;DE;DT;FS;ILB;ILB;NT;OLB;OLB;SS,11,0,0,ZONE_COVERAGE,COVER_3,False,00-0037814;00-0030827;00-0032053;00-0036971;00-0038555;00-0033889;00-0038934;00-0038935;00-0033572;00-0034837;00-0034775,Luke Fortner;Tyler Shatley;Brandon Scherff;Trevor Lawrence;Tank Bigsby;Cam Robinson;Anton Harrison;Brenton Strange;Jamal Agnew;Calvin Ridley;Christian Kirk,00-0027943;00-0039167;00-0037759;00-0033905;00-0032382;00-0032442;00-0035286;00-0033929;00-0033886;00-0036333;00-0033512,Patrick Peterson;Joey Porter;DeMarvin Leal;Larry Ogunjobi;Keanu Neal;Elandon Roberts;Cole Holcomb;Montravius Adams;T.J. Watt;Alex Highsmith;Damontae Kazee
2023_08_JAX_PIT,2395,run,9.0,49.0,40.0,JAX,3.0,1649.0,49.0,45.0,12:29,11:44,,3.0,9.0,2.0,10.0,"3 CB, 1 DT, 1 FS, 1 ILB, 1 NT, 3 OLB, 1 SS",CB;CB;CB;DT;FS;ILB;NT;OLB;OLB;OLB;SS,11,6,0,,,False,00-0037814;00-0030827;00-0032053;00-0036971;00-0038555;00-0033889;00-0038934;00-0033881;00-0034837;00-0034775;00-0036497,Luke Fortner;Tyler Shatley;Brandon Scherff;Trevor Lawrence;Tank Bigsby;Cam Robinson;Anton Harrison;Evan Engram;Calvin Ridley;Christian Kirk;Tim Jones,00-0027943;00-0034468;00-0039167;00-0033905;00-0032382;00-0035286;00-0033929;00-0032109;00-0033886;00-0036333;00-0033512,Patrick Peterson;Chandon Sullivan;Joey Porter;Larry Ogunjobi;Keanu Neal;Cole Holcomb;Montravius Adams;Kwon Alexander;T.J. Watt;Alex Highsmith;Damontae Kazee
2023_08_JAX_PIT,2417,run,1.0,40.0,39.0,JAX,3.0,1604.0,40.0,36.0,11:44,11:08,,3.0,9.0,3.0,1.0,"2 CB, 1 DE, 1 FS, 2 ILB, 2 NT, 2 OLB, 1 SS",CB;CB;DE;FS;ILB;ILB;NT;NT;OLB;OLB;SS,11,7,0,,,False,00-0037814;00-0030827;00-0032053;00-0036971;00-0035628;00-0038555;00-0033889;00-0038934;00-0036887;00-0038935;00-0034837,Luke Fortner;Tyler Shatley;Brandon Scherff;Trevor Lawrence;D'Ernest Johnson;Tank Bigsby;Cam Robinson;Anton Harrison;Luke Farrell;Brenton Strange;Calvin Ridley,00-0027943;00-0039167;00-0037759;00-0032382;00-0032442;00-0035286;00-0033929;00-0034992;00-0036333;00-0038577;00-0033512,Patrick Peterson;Joey Porter;DeMarvin Leal;Keanu Neal;Elandon Roberts;Cole Holcomb;Montravius Adams;Armon Watts;Alex Highsmith;Nick Herbig;Damontae Kazee
2023_08_JAX_PIT,2439,run,4.0,39.0,35.0,JAX,3.0,1568.0,39.0,41.0,11:08,10:27,,3.0,9.0,1.0,10.0,"3 CB, 1 FS, 1 ILB, 2 NT, 3 OLB, 1 SS",CB;CB;CB;FS;ILB;NT;NT;OLB;OLB;OLB;SS,11,6,0,,,False,00-0037814;00-0030827;00-0032053;00-0036971;00-0035628;00-0033889;00-0038934;00-0033881;00-0034837;00-0034775;00-0036497,Luke Fortner;Tyler Shatley;Brandon Scherff;Trevor Lawrence;D'Ernest Johnson;Cam Robinson;Anton Harrison;Evan Engram;Calvin Ridley;Christian Kirk;Tim Jones,00-0027943;00-0034468;00-0039167;00-0032382;00-0035286;00-0033929;00-0034992;00-0032127;00-0032109;00-0038577;00-0033512,Patrick Peterson;Chandon Sullivan;Joey Porter;Keanu Neal;Cole Holcomb;Montravius Adams;Armon Watts;Markus Golden;Kwon Alexander;Nick Herbig;Damontae Kazee
2023_08_JAX_PIT,2461,turnover,-1.0,35.0,36.0,JAX,3.0,1527.0,35.0,5.0,10:27,10:22,,3.0,9.0,2.0,6.0,"2 CB, 1 DE, 1 FS, 2 ILB, 2 NT, 2 OLB, 1 SS",CB;CB;DE;FS;ILB;ILB;NT;NT;OLB;OLB;SS,11,6,0,,,False,00-0037814;00-0030827;00-0032053;00-0036971;00-0038555;00-0033889;00-0038934;00-0033881;00-0036887;00-0038935;00-0034837,Luke Fortner;Tyler Shatley;Brandon Scherff;Trevor Lawrence;Tank Bigsby;Cam Robinson;Anton Harrison;Evan Engram;Luke Farrell;Brenton Strange;Calvin Ridley,00-0027943;00-0039167;00-0037759;00-0032382;00-0032442;00-0035286;00-0033929;00-0034992;00-0032127;00-0038577;00-0033512,Patrick Peterson;Joey Porter;DeMarvin Leal;Keanu Neal;Elandon Roberts;Cole Holcomb;Montravius Adams;Armon Watts;Markus Golden;Nick Herbig;Damontae Kazee
2023_08_JAX_PIT,2553,run,0.0,64.0,64.0,PIT,3.0,1522.0,64.0,39.0,10:22,9:43,,3.0,9.0,1.0,10.0,"2 CB, 1 DE, 2 DT, 1 FS, 2 ILB, 2 OLB, 1 SS",CB;CB;DE;DT;DT;FS;ILB;ILB;OLB;OLB;SS,11,6,0,,,False,00-0034785;00-0032954;00-0034347;00-0033869;00-0036893;00-0034768;00-0036869;00-0039109;00-0038558;00-0031428;00-0037247,Mason Cole;Isaac Seumalo;James Daniels;Mitchell Trubisky;Najee Harris;Chukwuma Okorafor;Dan Moore;Broderick Jones;Darnell Washington;Allen Robinson;George Pickens,00-0034203;00-0037313;00-0033582;00-0032667;00-0034275;00-0035378;00-0034413;00-0037244;00-0035642;00-0037235;00-0033941,Darious Williams;Montaric Brown;Jeremiah Ledbetter;Roy Robertson-Harris;Folorunso Fatukasi;Andrew Wingard;Foyesade Oluokun;Devin Lloyd;Josh Allen;Travon Walker;Rayshawn Jenkins
2023_08_JAX_PIT,2577,pass,0.0,64.0,64.0,PIT,3.0,1483.0,64.0,5.0,9:43,9:38,,3.0,9.0,2.0,10.0,"3 CB, 2 DT, 1 FS, 2 ILB, 2 OLB, 1 SS",CB;CB;CB;DT;DT;FS;ILB;ILB;OLB;OLB;SS,11,6,4,MAN_COVERAGE,COVER_1,False,00-0034785;00-0032954;00-0034347;00-0033869;00-0036893;00-0034768;00-0036869;00-0037304;00-0031428;00-0035216;00-0037247,Mason Cole;Isaac Seumalo;James Daniels;Mitchell Trubisky;Najee Harris;Chukwuma Okorafor;Dan Moore;Connor Heyward;Allen Robinson;Diontae Johnson;George Pickens,00-0034203;00-0034516;00-0037313;00-0032667;00-0034275;00-0035378;00-0034413;00-0037244;00-0035642;00-0037235;00-0033941,Darious Williams;Tre Herndon;Montaric Brown;Roy Robertson-Harris;Folorunso Fatukasi;Andrew Wingard;Foyesade Oluokun;Devin Lloyd;Josh Allen;Travon Walker;Rayshawn Jenkins
2023_08_JAX_PIT,2612,pass,-9.0,64.0,73.0,PIT,3.0,1478.0,64.0,30.0,9:38,9:08,,3.0,9.0,3.0,10.0,"3 CB, 1 DE, 1 DT, 1 FS, 2 ILB, 2 OLB, 1 SS",CB;CB;CB;DE;DT;FS;ILB;ILB;OLB;OLB;SS,11,6,5,ZONE_COVERAGE,COVER_6,True,00-0034785;00-0032954;00-0034347;00-0033869;00-0037228;00-0034768;00-0036869;00-0037304;00-0031428;00-0035216;00-0037247,Mason Cole;Isaac Seumalo;James Daniels;Mitchell Trubisky;Jaylen Warren;Chukwuma Okorafor;Dan Moore;Connor Heyward;Allen Robinson;Diontae Johnson;George Pickens,00-0034203;00-0034516;00-0037313;00-0033907;00-0032667;00-0035378;00-0034413;00-0037244;00-0035642;00-0037235;00-0033941,Darious Williams;Tre Herndon;Montaric Brown;Dawuane Smoot;Roy Robertson-Harris;Andrew Wingard;Foyesade Oluokun;Devin Lloyd;Josh Allen;Travon Walker;Rayshawn Jenkins
2023_08_JAX_PIT,2632,punt,0.0,73.0,73.0,PIT,3.0,1448.0,73.0,11.0,9:08,8:57,,3.0,9.0,4.0,19.0,"1 CB, 1 FS, 2 ILB, 2 RB, 1 SS, 1 TE, 3 WR",CB;FS;ILB;ILB;RB;RB;SS;TE;WR;WR;WR,11,0,0,,,False,00-0035795;00-0032382;00-0036002;00-0032442;00-0037316;00-0034051;00-0038577;00-0036847;00-0032399;00-0037304;00-0035703,James Pierre;Keanu Neal;Elijah Riley;Elandon Roberts;Mark Robinson;Christian Kuntz;Nick Herbig;Pressley Harvin;Miles Killebrew;Connor Heyward;Miles Boykin,00-0034903;00-0038596;00-0036704;00-0037811;00-0035628;00-0035806;00-0036306;00-0038935;00-0033572;00-0036497;00-0038667,Tevaughn Campbell;Antonio Johnson;Caleb Johnson;Chad Muma;D'Ernest Johnson;Jamycal Hasty;Daniel Thomas;Brenton Strange;Jamal Agnew;Tim Jones;Elijah Cooks
2023_08_JAX_PIT,2658,pass,-6.0,70.0,76.0,JAX,3.0,1437.0,70.0,43.0,8:57,8:14,,3.0,9.0,1.0,10.0,"2 CB, 1 DE, 1 DT, 1 FS, 2 ILB, 1 NT, 2 OLB, 1 SS",CB;CB;DE;DT;FS;ILB;ILB;NT;OLB;OLB;SS,11,6,6,MAN_COVERAGE,COVER_1,True,00-0037814;00-0030827;00-0032053;00-0036971;00-0036973;00-0033889;00-0038934;00-0033881;00-0036887;00-0034837;00-0034775,Luke Fortner;Tyler Shatley;Brandon Scherff;Trevor Lawrence;Travis Etienne;Cam Robinson;Anton Harrison;Evan Engram;Luke Farrell;Calvin Ridley;Christian Kirk,00-0027943;00-0039167;00-0037759;00-0033905;00-0032382;00-0032442;00-0035286;00-0033929;00-0033886;00-0036333;00-0033512,Patrick Peterson;Joey Porter;DeMarvin Leal;Larry Ogunjobi;Keanu Neal;Elandon Roberts;Cole Holcomb;Montravius Adams;T.J. Watt;Alex Highsmith;Damontae Kazee
2023_08_JAX_PIT,2685,pass,0.0,76.0,76.0,JAX,3.0,1394.0,76.0,5.0,8:14,8:09,,3.0,9.0,2.0,16.0,"3 CB, 1 DT, 1 FS, 1 ILB, 1 NT, 3 OLB, 1 SS",CB;CB;CB;DT;FS;ILB;NT;OLB;OLB;OLB;SS,11,5,5,MAN_COVERAGE,COVER_1,False,00-0037814;00-0030827;00-0032053;00-0036971;00-0036973;00-0033889;00-0038934;00-0033881;00-0033572;00-0034837;00-0034775,Luke Fortner;Tyler Shatley;Brandon Scherff;Trevor Lawrence;Travis Etienne;Cam Robinson;Anton Harrison;Evan Engram;Jamal Agnew;Calvin Ridley;Christian Kirk,00-0027943;00-0034468;00-0039167;00-0033905;00-0032382;00-0035286;00-0033929;00-0032109;00-0036333;00-0038577;00-0033512,Patrick Peterson;Chandon Sullivan;Joey Porter;Larry Ogunjobi;Keanu Neal;Cole Holcomb;Montravius Adams;Kwon Alexander;Alex Highsmith;Nick Herbig;Damontae Kazee
2023_08_JAX_PIT,2708,pass,11.0,76.0,65.0,JAX,3.0,1389.0,76.0,29.0,8:09,7:40,,3.0,9.0,3.0,16.0,"3 CB, 1 DT, 1 FS, 1 ILB, 1 NT, 2 OLB, 2 SS",CB;CB;CB;DT;FS;ILB;NT;OLB;OLB;SS;SS,11,4,5,MAN_COVERAGE,COVER_1,False,00-0037814;00-0030827;00-0032053;00-0036971;00-0036973;00-0033889;00-0038934;00-0033881;00-0034837;00-0034775;00-0036497,Luke Fortner;Tyler Shatley;Brandon Scherff;Trevor Lawrence;Travis Etienne;Cam Robinson;Anton Harrison;Evan Engram;Calvin Ridley;Christian Kirk;Tim Jones,00-0027943;00-0035795;00-0039167;00-0033905;00-0032382;00-0035286;00-0033929;00-0033886;00-0036333;00-0032399;00-0033512,Patrick Peterson;James Pierre;Joey Porter;Larry Ogunjobi;Keanu Neal;Cole Holcomb;Montravius Adams;T.J. Watt;Alex Highsmith;Miles Killebrew;Damontae Kazee
2023_08_JAX_PIT,2733,punt,0.0,65.0,65.0,JAX,3.0,1360.0,65.0,7.0,7:40,7:33,,3.0,9.0,4.0,5.0,"2 CB, 1 FS, 1 ILB, 1 OLB, 1 RB, 2 SS, 1 TE, 2 WR",CB;CB;FS;ILB;OLB;RB;SS;SS;TE;WR;WR,11,0,0,,,False,00-0035378;00-0038596;00-0036235;00-0036704;00-0037811;00-0035827;00-0036286;00-0034437;00-0035628;00-0036306;00-0036887,Andrew Wingard;Antonio Johnson;Shaquille Quarterman;Caleb Johnson;Chad Muma;Ross Matiscik;K'Lavon Chaisson;Logan Cooke;D'Ernest Johnson;Daniel Thomas;Luke Farrell,00-0034468;00-0035795;00-0036002;00-0037316;00-0038577;00-0034614;00-0032399;00-0033512;00-0037304;00-0035703;00-0037837,Chandon Sullivan;James Pierre;Elijah Riley;Mark Robinson;Nick Herbig;Godwin Igwebuike;Miles Killebrew;Damontae Kazee;Connor Heyward;Miles Boykin;Calvin Austin
2023_08_JAX_PIT,2753,run,5.0,89.0,84.0,PIT,3.0,1353.0,89.0,35.0,7:33,6:58,,3.0,9.0,1.0,10.0,"2 CB, 1 DE, 2 DT, 1 FS, 2 ILB, 2 OLB, 1 SS",CB;CB;DE;DT;DT;FS;ILB;ILB;OLB;OLB;SS,11,5,4,ZONE_COVERAGE,COVER_2,False,00-0034785;00-0032954;00-0034347;00-0033869;00-0037228;00-0034768;00-0036869;00-0038558;00-0031428;00-0035216;00-0037247,Mason Cole;Isaac Seumalo;James Daniels;Mitchell Trubisky;Jaylen Warren;Chukwuma Okorafor;Dan Moore;Darnell Washington;Allen Robinson;Diontae Johnson;George Pickens,00-0034203;00-0037313;00-0033064;00-0032107;00-0036262;00-0035378;00-0034413;00-0037244;00-0035642;00-0037235;00-0033941,Darious Williams;Montaric Brown;Adam Gotsis;Angelo Blackson;Davon Hamilton;Andrew Wingard;Foyesade Oluokun;Devin Lloyd;Josh Allen;Travon Walker;Rayshawn Jenkins
2023_08_JAX_PIT,2782,run,8.0,84.0,76.0,PIT,3.0,1318.0,84.0,43.0,6:58,6:15,,3.0,9.0,2.0,5.0,"3 CB, 2 DT, 1 FS, 2 ILB, 2 OLB, 1 SS",CB;CB;CB;DT;DT;FS;ILB;ILB;OLB;OLB;SS,11,6,0,,,False,00-0034785;00-0032954;00-0034347;00-0033869;00-0037228;00-0034768;00-0036869;00-0037451;00-0031428;00-0035216;00-0037247,Mason Cole;Isaac Seumalo;James Daniels;Mitchell Trubisky;Jaylen Warren;Chukwuma Okorafor;Dan Moore;Rod Williams;Allen Robinson;Diontae Johnson;George Pickens,00-0034203;00-0034516;00-0037313;00-0032107;00-0036262;00-0035378;00-0034413;00-0037244;00-0035642;00-0037235;00-0033941,Darious Williams;Tre Herndon;Montaric Brown;Angelo Blackson;Davon Hamilton;Andrew Wingard;Foyesade Oluokun;Devin Lloyd;Josh Allen;Travon Walker;Rayshawn Jenkins
2023_08_JAX_PIT,2804,pass,0.0,76.0,76.0,PIT,3.0,1275.0,76.0,6.0,6:15,6:09,,3.0,9.0,1.0,10.0,"2 CB, 1 DE, 2 DT, 1 FS, 2 ILB, 2 OLB, 1 SS",CB;CB;DE;DT;DT;FS;ILB;ILB;OLB;OLB;SS,11,7,5,ZONE_COVERAGE,COVER_3,False,00-0034785;00-0032954;00-0034347;00-0033869;00-0037228;00-0034768;00-0036869;00-0039109;00-0037304;00-0035216;00-0037247,Mason Cole;Isaac Seumalo;James Daniels;Mitchell Trubisky;Jaylen Warren;Chukwuma Okorafor;Dan Moore;Broderick Jones;Connor Heyward;Diontae Johnson;George Pickens,00-0034203;00-0037313;00-0033064;00-0032107;00-0036262;00-0035378;00-0034413;00-0037244;00-0035642;00-0037235;00-0033941,Darious Williams;Montaric Brown;Adam Gotsis;Angelo Blackson;Davon Hamilton;Andrew Wingard;Foyesade Oluokun;Devin Lloyd;Josh Allen;Travon Walker;Rayshawn Jenkins
2023_08_JAX_PIT,2829,run,3.0,76.0,73.0,PIT,3.0,1269.0,76.0,41.0,6:09,5:28,,3.0,9.0,2.0,10.0,"3 CB, 1 DE, 1 DT, 1 FS, 2 ILB, 2 OLB, 1 SS",CB;CB;CB;DE;DT;FS;ILB;ILB;OLB;OLB;SS,11,6,0,,,False,00-0034785;00-0032954;00-0034347;00-0033869;00-0036893;00-0034768;00-0036869;00-0037451;00-0031428;00-0035216;00-0037247,Mason Cole;Isaac Seumalo;James Daniels;Mitchell Trubisky;Najee Harris;Chukwuma Okorafor;Dan Moore;Rod Williams;Allen Robinson;Diontae Johnson;George Pickens,00-0034203;00-0034516;00-0037313;00-0033064;00-0032107;00-0035378;00-0034413;00-0037244;00-0035642;00-0037235;00-0033941,Darious Williams;Tre Herndon;Montaric Brown;Adam Gotsis;Angelo Blackson;Andrew Wingard;Foyesade Oluokun;Devin Lloyd;Josh Allen;Travon Walker;Rayshawn Jenkins
2023_08_JAX_PIT,2860,pass,0.0,73.0,73.0,PIT,3.0,1228.0,73.0,4.0,5:28,5:24,,3.0,9.0,3.0,7.0,"3 CB, 1 DE, 1 DT, 1 FS, 2 ILB, 2 OLB, 1 SS",CB;CB;CB;DE;DT;FS;ILB;ILB;OLB;OLB;SS,11,6,5,ZONE_COVERAGE,COVER_6,False,00-0034785;00-0032954;00-0034347;00-0033869;00-0037228;00-0034768;00-0036869;00-0037304;00-0031428;00-0035216;00-0037247,Mason Cole;Isaac Seumalo;James Daniels;Mitchell Trubisky;Jaylen Warren;Chukwuma Okorafor;Dan Moore;Connor Heyward;Allen Robinson;Diontae Johnson;George Pickens,00-0034203;00-0034516;00-0037313;00-0033907;00-0032667;00-0035378;00-0034413;00-0037244;00-0035642;00-0037235;00-0033941,Darious Williams;Tre Herndon;Montaric Brown;Dawuane Smoot;Roy Robertson-Harris;Andrew Wingard;Foyesade Oluokun;Devin Lloyd;Josh Allen;Travon Walker;Rayshawn Jenkins
2023_08_JAX_PIT,2934,punt,0.0,73.0,73.0,PIT,3.0,1224.0,73.0,6.0,5:24,5:18,,3.0,9.0,4.0,7.0,"1 CB, 1 FS, 2 ILB, 2 RB, 1 SS, 1 TE, 3 WR",CB;FS;ILB;ILB;RB;RB;SS;TE;WR;WR;WR,11,0,0,,,False,00-0035795;00-0032382;00-0036002;00-0032442;00-0037316;00-0034051;00-0038577;00-0036847;00-0032399;00-0037304;00-0035703,James Pierre;Keanu Neal;Elijah Riley;Elandon Roberts;Mark Robinson;Christian Kuntz;Nick Herbig;Pressley Harvin;Miles Killebrew;Connor Heyward;Miles Boykin,00-0034903;00-0038596;00-0036704;00-0037811;00-0035628;00-0035806;00-0036306;00-0038935;00-0033572;00-0036497;00-0038667,Tevaughn Campbell;Antonio Johnson;Caleb Johnson;Chad Muma;D'Ernest Johnson;Jamycal Hasty;Daniel Thomas;Brenton Strange;Jamal Agnew;Tim Jones;Elijah Cooks
2023_08_JAX_PIT,2958,pass,0.0,56.0,56.0,JAX,3.0,1218.0,56.0,4.0,5:18,5:14,,3.0,9.0,1.0,10.0,"3 CB, 1 DT, 1 FS, 1 ILB, 1 NT, 3 OLB, 1 SS",CB;CB;CB;DT;FS;ILB;NT;OLB;OLB;OLB;SS,11,5,5,MAN_COVERAGE,COVER_1,True,00-0037814;00-0030827;00-0032053;00-0036971;00-0036973;00-0033889;00-0038934;00-0038935;00-0033572;00-0034837;00-0034775,Luke Fortner;Tyler Shatley;Brandon Scherff;Trevor Lawrence;Travis Etienne;Cam Robinson;Anton Harrison;Brenton Strange;Jamal Agnew;Calvin Ridley;Christian Kirk,00-0027943;00-0034468;00-0039167;00-0039110;00-0032382;00-0035286;00-0034992;00-0032109;00-0033886;00-0036333;00-0033512,Patrick Peterson;Chandon Sullivan;Joey Porter;Keeanu Benton;Keanu Neal;Cole Holcomb;Armon Watts;Kwon Alexander;T.J. Watt;Alex Highsmith;Damontae Kazee
2023_08_JAX_PIT,2981,pass,56.0,56.0,0.0,JAX,3.0,1214.0,56.0,9.0,5:14,5:05,,3.0,15.0,2.0,10.0,"3 CB, 1 DT, 1 FS, 1 ILB, 1 NT, 3 OLB, 1 SS",CB;CB;CB;DT;FS;ILB;NT;OLB;OLB;OLB;SS,11,6,4,ZONE_COVERAGE,COVER_2,False,00-0037814;00-0030827;00-0032053;00-0036971;00-0036973;00-0033889;00-0038934;00-0033881;00-0033572;00-0034837;00-0034775,Luke Fortner;Tyler Shatley;Brandon Scherff;Trevor Lawrence;Travis Etienne;Cam Robinson;Anton Harrison;Evan Engram;Jamal Agnew;Calvin Ridley;Christian Kirk,00-0027943;00-0034468;00-0039167;00-0039110;00-0032382;00-0035286;00-0034992;00-0032109;00-0033886;00-0036333;00-0033512,Patrick Peterson;Chandon Sullivan;Joey Porter;Keeanu Benton;Keanu Neal;Cole Holcomb;Armon Watts;Kwon Alexander;T.J. Watt;Alex Highsmith;Damontae Kazee
2023_08_JAX_PIT,3007,run,2.0,2.0,0.0,JAX,3.0,1205.0,2.0,0.0,5:05,5:05,,3.0,17.0,,0.0,"2 CB, 2 DT, 1 FS, 1 ILB, 2 NT, 3 OLB",CB;CB;DT;DT;FS;ILB;NT;NT;OLB;OLB;OLB,11,8,0,,,False,00-0037814;00-0030827;00-0032053;00-0036971;00-0036973;00-0033889;00-0038934;00-0033881;00-0036887;00-0034837;00-0034775,Luke Fortner;Tyler Shatley;Brandon Scherff;Trevor Lawrence;Travis Etienne;Cam Robinson;Anton Harrison;Evan Engram;Luke Farrell;Calvin Ridley;Christian Kirk,00-0027943;00-0039167;00-0033905;00-0039110;00-0032382;00-0032442;00-0033929;00-0034992;00-0032109;00-0033886;00-0036333,Patrick Peterson;Joey Porter;Larry Ogunjobi;Keeanu Benton;Keanu Neal;Elandon Roberts;Montravius Adams;Armon Watts;Kwon Alexander;T.J. Watt;Alex Highsmith
2023_08_JAX_PIT,3020,kickoff,0.0,35.0,35.0,PIT,3.0,1205.0,35.0,0.0,5:05,5:05,,3.0,17.0,,0.0,"1 CB, 1 DE, 1 FS, 3 ILB, 1 K, 1 RB, 2 SS, 1 WR",CB;DE;FS;ILB;ILB;ILB;K;RB;SS;SS;WR,11,0,0,,,False,00-0034468;00-0035795;00-0036002;00-0037316;00-0038577;00-0034614;00-0037228;00-0032399;00-0037451;00-0038558;00-0035703,Chandon Sullivan;James Pierre;Elijah Riley;Mark Robinson;Nick Herbig;Godwin Igwebuike;Jaylen Warren;Miles Killebrew;Rod Williams;Darnell Washington;Miles Boykin,00-0034516;00-0033064;00-0038596;00-0036235;00-0036704;00-0037811;00-0029822;00-0035628;00-0033941;00-0036306;00-0036497,Tre Herndon;Adam Gotsis;Antonio Johnson;Shaquille Quarterman;Caleb Johnson;Chad Muma;Brandon McManus;D'Ernest Johnson;Rayshawn Jenkins;Daniel Thomas;Tim Jones
2023_08_JAX_PIT,3036,pass,4.0,75.0,71.0,PIT,3.0,1205.0,75.0,25.0,5:05,4:40,,3.0,17.0,1.0,10.0,"3 CB, 2 DE, 1 DT, 1 FS, 2 ILB, 1 OLB, 1 SS",CB;CB;CB;DE;DE;DT;FS;ILB;ILB;OLB;SS,11,6,4,ZONE_COVERAGE,COVER_4,False,00-0034785;00-0032954;00-0034347;00-0033869;00-0036893;00-0034768;00-0036869;00-0037304;00-0031428;00-0035216;00-0037247,Mason Cole;Isaac Seumalo;James Daniels;Mitchell Trubisky;Najee Harris;Chukwuma Okorafor;Dan Moore;Connor Heyward;Allen Robinson;Diontae Johnson;George Pickens,00-0034203;00-0034516;00-0037313;00-0033907;00-0033582;00-0032667;00-0035378;00-0034413;00-0037244;00-0036286;00-0033941,Darious Williams;Tre Herndon;Montaric Brown;Dawuane Smoot;Jeremiah Ledbetter;Roy Robertson-Harris;Andrew Wingard;Foyesade Oluokun;Devin Lloyd;K'Lavon Chaisson;Rayshawn Jenkins
2023_08_JAX_PIT,3073,pass,11.0,71.0,60.0,PIT,3.0,1180.0,71.0,41.0,4:40,3:59,,3.0,17.0,2.0,6.0,"3 CB, 2 DE, 1 DT, 1 FS, 2 ILB, 1 OLB, 1 SS",CB;CB;CB;DE;DE;DT;FS;ILB;ILB;OLB;SS,11,4,4,MAN_COVERAGE,COVER_1,False,00-0034785;00-0032954;00-0034347;00-0033869;00-0036893;00-0034768;00-0036869;00-0037304;00-0031428;00-0035216;00-0037247,Mason Cole;Isaac Seumalo;James Daniels;Mitchell Trubisky;Najee Harris;Chukwuma Okorafor;Dan Moore;Connor Heyward;Allen Robinson;Diontae Johnson;George Pickens,00-0034203;00-0034516;00-0037313;00-0033907;00-0033582;00-0032667;00-0035378;00-0034413;00-0037244;00-0036286;00-0033941,Darious Williams;Tre Herndon;Montaric Brown;Dawuane Smoot;Jeremiah Ledbetter;Roy Robertson-Harris;Andrew Wingard;Foyesade Oluokun;Devin Lloyd;K'Lavon Chaisson;Rayshawn Jenkins
2023_08_JAX_PIT,3098,pass,0.0,60.0,60.0,PIT,3.0,1139.0,60.0,5.0,3:59,3:54,,3.0,17.0,1.0,10.0,"2 CB, 2 DE, 2 DT, 1 FS, 2 ILB, 1 OLB, 1 SS",CB;CB;DE;DE;DT;DT;FS;ILB;ILB;OLB;SS,11,5,5,ZONE_COVERAGE,COVER_2,True,00-0034785;00-0032954;00-0034347;00-0033869;00-0036893;00-0034768;00-0036869;00-0037304;00-0038558;00-0035216;00-0037247,Mason Cole;Isaac Seumalo;James Daniels;Mitchell Trubisky;Najee Harris;Chukwuma Okorafor;Dan Moore;Connor Heyward;Darnell Washington;Diontae Johnson;George Pickens,00-0034203;00-0037313;00-0033064;00-0033907;00-0032667;00-0034275;00-0035378;00-0034413;00-0037244;00-0036286;00-0033941,Darious Williams;Montaric Brown;Adam Gotsis;Dawuane Smoot;Roy Robertson-Harris;Folorunso Fatukasi;Andrew Wingard;Foyesade Oluokun;Devin Lloyd;K'Lavon Chaisson;Rayshawn Jenkins
2023_08_JAX_PIT,3121,run,8.0,60.0,52.0,PIT,3.0,1134.0,60.0,39.0,3:54,3:15,,3.0,17.0,2.0,10.0,"3 CB, 1 DE, 2 DT, 1 FS, 2 ILB, 1 OLB, 1 SS",CB;CB;CB;DE;DT;DT;FS;ILB;ILB;OLB;SS,11,5,4,ZONE_COVERAGE,COVER_6,False,00-0034785;00-0032954;00-0034347;00-0033869;00-0036893;00-0034768;00-0036869;00-0037304;00-0031428;00-0035216;00-0037247,Mason Cole;Isaac Seumalo;James Daniels;Mitchell Trubisky;Najee Harris;Chukwuma Okorafor;Dan Moore;Connor Heyward;Allen Robinson;Diontae Johnson;George Pickens,00-0034203;00-0034516;00-0037313;00-0033907;00-0032667;00-0034275;00-0035378;00-0034413;00-0037244;00-0036286;00-0033941,Darious Williams;Tre Herndon;Montaric Brown;Dawuane Smoot;Roy Robertson-Harris;Folorunso Fatukasi;Andrew Wingard;Foyesade Oluokun;Devin Lloyd;K'Lavon Chaisson;Rayshawn Jenkins
2023_08_JAX_PIT,3148,pass,12.0,52.0,40.0,PIT,3.0,1095.0,52.0,53.0,3:15,2:22,,3.0,17.0,3.0,2.0,"3 CB, 1 DE, 2 DT, 1 FS, 2 ILB, 1 OLB, 1 SS",CB;CB;CB;DE;DT;DT;FS;ILB;ILB;OLB;SS,11,6,4,MAN_COVERAGE,COVER_1,True,00-0034785;00-0032954;00-0034347;00-0033869;00-0036893;00-0034768;00-0036869;00-0037304;00-0031428;00-0035216;00-0037247,Mason Cole;Isaac Seumalo;James Daniels;Mitchell Trubisky;Najee Harris;Chukwuma Okorafor;Dan Moore;Connor Heyward;Allen Robinson;Diontae Johnson;George Pickens,00-0034203;00-0034516;00-0037313;00-0033907;00-0032667;00-0034275;00-0035378;00-0034413;00-0037244;00-0036286;00-0033941,Darious Williams;Tre Herndon;Montaric Brown;Dawuane Smoot;Roy Robertson-Harris;Folorunso Fatukasi;Andrew Wingard;Foyesade Oluokun;Devin Lloyd;K'Lavon Chaisson;Rayshawn Jenkins
2023_08_JAX_PIT,3173,pass,11.0,40.0,29.0,PIT,3.0,1042.0,40.0,42.0,2:22,1:40,,3.0,17.0,1.0,10.0,"3 CB, 2 DT, 1 FS, 2 ILB, 2 OLB, 1 SS",CB;CB;CB;DT;DT;FS;ILB;ILB;OLB;OLB;SS,11,5,4,ZONE_COVERAGE,COVER_2,False,00-0034785;00-0032954;00-0034347;00-0033869;00-0037228;00-0034768;00-0036869;00-0037451;00-0031428;00-0035216;00-0037247,Mason Cole;Isaac Seumalo;James Daniels;Mitchell Trubisky;Jaylen Warren;Chukwuma Okorafor;Dan Moore;Rod Williams;Allen Robinson;Diontae Johnson;George Pickens,00-0034203;00-0034516;00-0037313;00-0032107;00-0036262;00-0035378;00-0034413;00-0037244;00-0035642;00-0037235;00-0033941,Darious Williams;Tre Herndon;Montaric Brown;Angelo Blackson;Davon Hamilton;Andrew Wingard;Foyesade Oluokun;Devin Lloyd;Josh Allen;Travon Walker;Rayshawn Jenkins
2023_08_JAX_PIT,3198,run,7.0,29.0,22.0,PIT,3.0,1000.0,29.0,41.0,1:40,0:59,,3.0,17.0,1.0,10.0,"3 CB, 2 DT, 1 FS, 2 ILB, 2 OLB, 1 SS",CB;CB;CB;DT;DT;FS;ILB;ILB;OLB;OLB;SS,11,6,0,,,False,00-0034785;00-0032954;00-0034347;00-0033869;00-0037228;00-0034768;00-0036869;00-0037451;00-0031428;00-0037247;00-0037837,Mason Cole;Isaac Seumalo;James Daniels;Mitchell Trubisky;Jaylen Warren;Chukwuma Okorafor;Dan Moore;Rod Williams;Allen Robinson;George Pickens;Calvin Austin,00-0034203;00-0034516;00-0037313;00-0032107;00-0036262;00-0035378;00-0034413;00-0037244;00-0035642;00-0037235;00-0033941,Darious Williams;Tre Herndon;Montaric Brown;Angelo Blackson;Davon Hamilton;Andrew Wingard;Foyesade Oluokun;Devin Lloyd;Josh Allen;Travon Walker;Rayshawn Jenkins
2023_08_JAX_PIT,3220,pass,22.0,22.0,0.0,PIT,3.0,959.0,22.0,6.0,0:59,0:53,,9.0,17.0,2.0,3.0,"3 CB, 2 DT, 1 FS, 2 ILB, 2 OLB, 1 SS",CB;CB;CB;DT;DT;FS;ILB;ILB;OLB;OLB;SS,11,6,5,MAN_COVERAGE,COVER_1,False,00-0034785;00-0032954;00-0034347;00-0033869;00-0037228;00-0034768;00-0036869;00-0037304;00-0031428;00-0035216;00-0037247,Mason Cole;Isaac Seumalo;James Daniels;Mitchell Trubisky;Jaylen Warren;Chukwuma Okorafor;Dan Moore;Connor Heyward;Allen Robinson;Diontae Johnson;George Pickens,00-0034203;00-0034516;00-0037313;00-0032107;00-0036262;00-0035378;00-0034413;00-0037244;00-0035642;00-0037235;00-0033941,Darious Williams;Tre Herndon;Montaric Brown;Angelo Blackson;Davon Hamilton;Andrew Wingard;Foyesade Oluokun;Devin Lloyd;Josh Allen;Travon Walker;Rayshawn Jenkins
2023_08_JAX_PIT,3246,extra_point,0.0,15.0,15.0,PIT,3.0,953.0,15.0,0.0,0:53,0:53,,10.0,17.0,,0.0,"1 CB, 2 DE, 1 DT, 2 FS, 2 ILB, 2 OLB, 1 SS",CB;DE;DE;DT;FS;FS;ILB;ILB;OLB;OLB;SS,11,0,0,,,False,00-0036843;00-0032954;00-0035383;00-0031136;00-0034051;00-0033929;00-0036847;00-0036869;00-0039109;00-0037451;00-0038558,Isaiahh Loudermilk;Isaac Seumalo;Nate Herbig;Chris Boswell;Christian Kuntz;Montravius Adams;Pressley Harvin;Dan Moore;Broderick Jones;Rod Williams;Darnell Washington,00-0034203;00-0033064;00-0033582;00-0032667;00-0035378;00-0038596;00-0034413;00-0037244;00-0035642;00-0037235;00-0033941,Darious Williams;Adam Gotsis;Jeremiah Ledbetter;Roy Robertson-Harris;Andrew Wingard;Antonio Johnson;Foyesade Oluokun;Devin Lloyd;Josh Allen;Travon Walker;Rayshawn Jenkins
2023_08_JAX_PIT,3261,kickoff,0.0,35.0,35.0,JAX,3.0,953.0,35.0,6.0,0:53,0:47,,10.0,17.0,,0.0,"3 CB, 1 FS, 1 ILB, 1 K, 1 OLB, 2 SS, 1 TE, 1 WR",CB;CB;CB;FS;ILB;K;OLB;SS;SS;TE;WR,11,0,0,,,False,00-0033064;00-0038596;00-0036235;00-0036704;00-0037811;00-0035628;00-0036306;00-0036887;00-0038935;00-0033572;00-0036497,Adam Gotsis;Antonio Johnson;Shaquille Quarterman;Caleb Johnson;Chad Muma;D'Ernest Johnson;Daniel Thomas;Luke Farrell;Brenton Strange;Jamal Agnew;Tim Jones,00-0034468;00-0035795;00-0039167;00-0036002;00-0037316;00-0031136;00-0038577;00-0032399;00-0033512;00-0037451;00-0035703,Chandon Sullivan;James Pierre;Joey Porter;Elijah Riley;Mark Robinson;Chris Boswell;Nick Herbig;Miles Killebrew;Damontae Kazee;Rod Williams;Miles Boykin
2023_08_JAX_PIT,3284,run,4.0,73.0,69.0,JAX,3.0,947.0,73.0,47.0,0:47,0:00,,10.0,17.0,1.0,10.0,"2 CB, 1 DT, 1 FS, 1 ILB, 2 NT, 3 OLB, 1 SS",CB;CB;DT;FS;ILB;NT;NT;OLB;OLB;OLB;SS,11,6,0,,,False,00-0037814;00-0030827;00-0032053;00-0035355;00-0036971;00-0036973;00-0033889;00-0038934;00-0038935;00-0034837;00-0034775,Luke Fortner;Tyler Shatley;Brandon Scherff;Blake Hance;Trevor Lawrence;Travis Etienne;Cam Robinson;Anton Harrison;Brenton Strange;Calvin Ridley;Christian Kirk,00-0027943;00-0039167;00-0033905;00-0032382;00-0032442;00-0033929;00-0034992;00-0032109;00-0033886;00-0036333;00-0033512,Patrick Peterson;Joey Porter;Larry Ogunjobi;Keanu Neal;Elandon Roberts;Montravius Adams;Armon Watts;Kwon Alexander;T.J. Watt;Alex Highsmith;Damontae Kazee
2023_08_JAX_PIT,3308,start_quarter_4,,,,JAX,3.0,900.0,,0.0,0:00,0:00,,10.0,17.0,,0.0,,,,,,,,,,,,
2023_08_JAX_PIT,3328,pass,5.0,69.0,64.0,JAX,4.0,900.0,69.0,32.0,15:00,14:28,,10.0,17.0,2.0,6.0,"2 CB, 1 DT, 1 FS, 1 ILB, 1 NT, 3 OLB, 2 SS",CB;CB;DT;FS;ILB;NT;OLB;OLB;OLB;SS;SS,11,5,4,MAN_COVERAGE,COVER_1,False,00-0037814;00-0030827;00-0032053;00-0036971;00-0036973;00-0033889;00-0038934;00-0033881;00-0036887;00-0034837;00-0034775,Luke Fortner;Tyler Shatley;Brandon Scherff;Trevor Lawrence;Travis Etienne;Cam Robinson;Anton Harrison;Evan Engram;Luke Farrell;Calvin Ridley;Christian Kirk,00-0027943;00-0039167;00-0033905;00-0032382;00-0035286;00-0033929;00-0032109;00-0033886;00-0036333;00-0032399;00-0033512,Patrick Peterson;Joey Porter;Larry Ogunjobi;Keanu Neal;Cole Holcomb;Montravius Adams;Kwon Alexander;T.J. Watt;Alex Highsmith;Miles Killebrew;Damontae Kazee
2023_08_JAX_PIT,3353,pass,3.0,64.0,61.0,JAX,4.0,868.0,64.0,36.0,14:28,13:52,,10.0,17.0,3.0,1.0,"2 CB, 1 DT, 1 FS, 1 ILB, 1 NT, 3 OLB, 2 SS",CB;CB;DT;FS;ILB;NT;OLB;OLB;OLB;SS;SS,11,6,5,MAN_COVERAGE,COVER_1,False,00-0037814;00-0030827;00-0032053;00-0036971;00-0036973;00-0033889;00-0038934;00-0033881;00-0033572;00-0034837;00-0034775,Luke Fortner;Tyler Shatley;Brandon Scherff;Trevor Lawrence;Travis Etienne;Cam Robinson;Anton Harrison;Evan Engram;Jamal Agnew;Calvin Ridley;Christian Kirk,00-0027943;00-0039167;00-0033905;00-0032382;00-0035286;00-0033929;00-0032109;00-0033886;00-0036333;00-0032399;00-0033512,Patrick Peterson;Joey Porter;Larry Ogunjobi;Keanu Neal;Cole Holcomb;Montravius Adams;Kwon Alexander;T.J. Watt;Alex Highsmith;Miles Killebrew;Damontae Kazee
2023_08_JAX_PIT,3378,no_play,0.0,61.0,61.0,JAX,4.0,832.0,61.0,0.0,13:52,13:52,,10.0,17.0,1.0,10.0,"2 CB, 1 DE, 1 DT, 1 FS, 1 ILB, 1 NT, 3 OLB, 1 SS",CB;CB;DE;DT;FS;ILB;NT;OLB;OLB;OLB;SS,11,0,0,,,False,00-0037814;00-0030827;00-0032053;00-0036971;00-0036973;00-0033889;00-0038934;00-0033881;00-0036887;00-0038935;00-0036497,Luke Fortner;Tyler Shatley;Brandon Scherff;Trevor Lawrence;Travis Etienne;Cam Robinson;Anton Harrison;Evan Engram;Luke Farrell;Brenton Strange;Tim Jones,00-0027943;00-0039167;00-0037759;00-0033905;00-0032382;00-0032442;00-0033929;00-0032109;00-0033886;00-0036333;00-0033512,Patrick Peterson;Joey Porter;DeMarvin Leal;Larry Ogunjobi;Keanu Neal;Elandon Roberts;Montravius Adams;Kwon Alexander;T.J. Watt;Alex Highsmith;Damontae Kazee
2023_08_JAX_PIT,3402,pass,7.0,66.0,59.0,JAX,4.0,832.0,66.0,37.0,13:52,13:15,,10.0,17.0,1.0,15.0,"3 CB, 1 DT, 1 FS, 1 ILB, 1 NT, 3 OLB, 1 SS",CB;CB;CB;DT;FS;ILB;NT;OLB;OLB;OLB;SS,11,5,5,ZONE_COVERAGE,COVER_3,False,00-0037814;00-0030827;00-0032053;00-0036971;00-0036973;00-0033889;00-0038934;00-0033881;00-0033572;00-0034837;00-0034775,Luke Fortner;Tyler Shatley;Brandon Scherff;Trevor Lawrence;Travis Etienne;Cam Robinson;Anton Harrison;Evan Engram;Jamal Agnew;Calvin Ridley;Christian Kirk,00-0027943;00-0034468;00-0039167;00-0033905;00-0032382;00-0035286;00-0033929;00-0032109;00-0033886;00-0036333;00-0033512,Patrick Peterson;Chandon Sullivan;Joey Porter;Larry Ogunjobi;Keanu Neal;Cole Holcomb;Montravius Adams;Kwon Alexander;T.J. Watt;Alex Highsmith;Damontae Kazee
2023_08_JAX_PIT,3427,run,3.0,59.0,56.0,JAX,4.0,795.0,59.0,43.0,13:15,12:32,,10.0,17.0,2.0,8.0,"3 CB, 1 DT, 1 FS, 1 ILB, 1 NT, 3 OLB, 1 SS",CB;CB;CB;DT;FS;ILB;NT;OLB;OLB;OLB;SS,11,6,0,,,False,00-0037814;00-0030827;00-0032053;00-0036971;00-0036973;00-0033889;00-0038934;00-0036887;00-0034837;00-0034775;00-0036497,Luke Fortner;Tyler Shatley;Brandon Scherff;Trevor Lawrence;Travis Etienne;Cam Robinson;Anton Harrison;Luke Farrell;Calvin Ridley;Christian Kirk;Tim Jones,00-0027943;00-0034468;00-0039167;00-0033905;00-0032382;00-0035286;00-0033929;00-0032109;00-0033886;00-0036333;00-0033512,Patrick Peterson;Chandon Sullivan;Joey Porter;Larry Ogunjobi;Keanu Neal;Cole Holcomb;Montravius Adams;Kwon Alexander;T.J. Watt;Alex Highsmith;Damontae Kazee
2023_08_JAX_PIT,3454,pass,11.0,56.0,45.0,JAX,4.0,752.0,56.0,37.0,12:32,11:55,,10.0,17.0,3.0,5.0,"3 CB, 1 DT, 1 FS, 1 ILB, 1 NT, 3 OLB, 1 SS",CB;CB;CB;DT;FS;ILB;NT;OLB;OLB;OLB;SS,11,4,5,MAN_COVERAGE,COVER_1,False,00-0037814;00-0030827;00-0032053;00-0036971;00-0036973;00-0033889;00-0038934;00-0033881;00-0038935;00-0034837;00-0034775,Luke Fortner;Tyler Shatley;Brandon Scherff;Trevor Lawrence;Travis Etienne;Cam Robinson;Anton Harrison;Evan Engram;Brenton Strange;Calvin Ridley;Christian Kirk,00-0027943;00-0034468;00-0039167;00-0033905;00-0032382;00-0035286;00-0033929;00-0032109;00-0033886;00-0036333;00-0033512,Patrick Peterson;Chandon Sullivan;Joey Porter;Larry Ogunjobi;Keanu Neal;Cole Holcomb;Montravius Adams;Kwon Alexander;T.J. Watt;Alex Highsmith;Damontae Kazee
2023_08_JAX_PIT,3479,run,13.0,45.0,32.0,JAX,4.0,715.0,45.0,43.0,11:55,11:12,,10.0,17.0,1.0,10.0,"1 CB, 1 DE, 1 FS, 1 ILB, 2 NT, 3 OLB, 2 SS",CB;DE;FS;ILB;NT;NT;OLB;OLB;OLB;SS;SS,11,6,0,,,False,00-0037814;00-0030827;00-0032053;00-0036971;00-0036973;00-0033889;00-0038934;00-0033881;00-0036887;00-0038935;00-0034837,Luke Fortner;Tyler Shatley;Brandon Scherff;Trevor Lawrence;Travis Etienne;Cam Robinson;Anton Harrison;Evan Engram;Luke Farrell;Brenton Strange;Calvin Ridley,00-0027943;00-0037759;00-0032382;00-0032442;00-0033929;00-0034992;00-0032127;00-0032109;00-0036333;00-0032399;00-0033512,Patrick Peterson;DeMarvin Leal;Keanu Neal;Elandon Roberts;Montravius Adams;Armon Watts;Markus Golden;Kwon Alexander;Alex Highsmith;Miles Killebrew;Damontae Kazee
2023_08_JAX_PIT,3501,pass,0.0,32.0,32.0,JAX,4.0,672.0,32.0,5.0,11:12,11:07,,10.0,17.0,1.0,10.0,"3 CB, 1 DT, 1 FS, 1 ILB, 1 NT, 3 OLB, 1 SS",CB;CB;CB;DT;FS;ILB;NT;OLB;OLB;OLB;SS,11,5,5,MAN_COVERAGE,COVER_1,True,00-0037814;00-0030827;00-0032053;00-0036971;00-0036973;00-0033889;00-0038934;00-0036887;00-0033572;00-0034837;00-0034775,Luke Fortner;Tyler Shatley;Brandon Scherff;Trevor Lawrence;Travis Etienne;Cam Robinson;Anton Harrison;Luke Farrell;Jamal Agnew;Calvin Ridley;Christian Kirk,00-0027943;00-0034468;00-0039167;00-0039110;00-0032382;00-0035286;00-0034992;00-0032127;00-0032109;00-0038577;00-0033512,Patrick Peterson;Chandon Sullivan;Joey Porter;Keeanu Benton;Keanu Neal;Cole Holcomb;Armon Watts;Markus Golden;Kwon Alexander;Nick Herbig;Damontae Kazee
2023_08_JAX_PIT,3524,pass,0.0,32.0,32.0,JAX,4.0,667.0,32.0,3.0,11:07,11:04,,10.0,17.0,2.0,10.0,"3 CB, 1 DT, 1 FS, 1 ILB, 1 NT, 3 OLB, 1 SS",CB;CB;CB;DT;FS;ILB;NT;OLB;OLB;OLB;SS,11,6,5,MAN_COVERAGE,COVER_1,True,00-0037814;00-0030827;00-0032053;00-0036971;00-0036973;00-0033889;00-0038934;00-0033881;00-0034837;00-0034775;00-0036497,Luke Fortner;Tyler Shatley;Brandon Scherff;Trevor Lawrence;Travis Etienne;Cam Robinson;Anton Harrison;Evan Engram;Calvin Ridley;Christian Kirk;Tim Jones,00-0027943;00-0034468;00-0039167;00-0039110;00-0032382;00-0035286;00-0034992;00-0032127;00-0032109;00-0038577;00-0033512,Patrick Peterson;Chandon Sullivan;Joey Porter;Keeanu Benton;Keanu Neal;Cole Holcomb;Armon Watts;Markus Golden;Kwon Alexander;Nick Herbig;Damontae Kazee
2023_08_JAX_PIT,3547,pass,-8.0,32.0,40.0,JAX,4.0,664.0,32.0,42.0,11:04,10:22,,10.0,17.0,3.0,10.0,"3 CB, 1 DT, 1 FS, 1 NT, 3 OLB, 2 SS",CB;CB;CB;DT;FS;NT;OLB;OLB;OLB;SS;SS,11,4,4,MAN_COVERAGE,COVER_1,True,00-0037814;00-0030827;00-0032053;00-0036971;00-0036973;00-0033889;00-0038934;00-0033881;00-0038935;00-0034837;00-0034775,Luke Fortner;Tyler Shatley;Brandon Scherff;Trevor Lawrence;Travis Etienne;Cam Robinson;Anton Harrison;Evan Engram;Brenton Strange;Calvin Ridley;Christian Kirk,00-0027943;00-0035795;00-0039167;00-0039110;00-0032382;00-0034992;00-0032109;00-0033886;00-0036333;00-0032399;00-0033512,Patrick Peterson;James Pierre;Joey Porter;Keeanu Benton;Keanu Neal;Armon Watts;Kwon Alexander;T.J. Watt;Alex Highsmith;Miles Killebrew;Damontae Kazee
2023_08_JAX_PIT,3567,punt,0.0,40.0,40.0,JAX,4.0,622.0,40.0,8.0,10:22,10:14,,10.0,17.0,4.0,18.0,"2 CB, 1 FS, 1 ILB, 1 OLB, 1 RB, 2 SS, 1 TE, 2 WR",CB;CB;FS;ILB;OLB;RB;SS;SS;TE;WR;WR,11,0,0,,,False,00-0035378;00-0038596;00-0036235;00-0036704;00-0037811;00-0035827;00-0036286;00-0034437;00-0035628;00-0036306;00-0036887,Andrew Wingard;Antonio Johnson;Shaquille Quarterman;Caleb Johnson;Chad Muma;Ross Matiscik;K'Lavon Chaisson;Logan Cooke;D'Ernest Johnson;Daniel Thomas;Luke Farrell,00-0034468;00-0035795;00-0036002;00-0037316;00-0038577;00-0034614;00-0032399;00-0033512;00-0037304;00-0035703;00-0037837,Chandon Sullivan;James Pierre;Elijah Riley;Mark Robinson;Nick Herbig;Godwin Igwebuike;Miles Killebrew;Damontae Kazee;Connor Heyward;Miles Boykin;Calvin Austin
2023_08_JAX_PIT,3585,no_play,0.0,80.0,80.0,PIT,4.0,614.0,80.0,11.0,10:14,10:03,,10.0,17.0,1.0,10.0,"3 CB, 2 DT, 1 FS, 2 ILB, 2 OLB, 1 SS",CB;CB;CB;DT;DT;FS;ILB;ILB;OLB;OLB;SS,11,5,4,ZONE_COVERAGE,COVER_3,True,00-0034785;00-0032954;00-0034347;00-0033869;00-0036893;00-0034768;00-0036869;00-0037304;00-0031428;00-0035216;00-0037247,Mason Cole;Isaac Seumalo;James Daniels;Mitchell Trubisky;Najee Harris;Chukwuma Okorafor;Dan Moore;Connor Heyward;Allen Robinson;Diontae Johnson;George Pickens,00-0034203;00-0034516;00-0037313;00-0032667;00-0034275;00-0035378;00-0034413;00-0037244;00-0035642;00-0037235;00-0033941,Darious Williams;Tre Herndon;Montaric Brown;Roy Robertson-Harris;Folorunso Fatukasi;Andrew Wingard;Foyesade Oluokun;Devin Lloyd;Josh Allen;Travon Walker;Rayshawn Jenkins
2023_08_JAX_PIT,3626,run,2.0,75.0,73.0,PIT,4.0,603.0,75.0,37.0,10:03,9:26,,10.0,17.0,1.0,5.0,"3 CB, 2 DT, 1 FS, 2 ILB, 2 OLB, 1 SS",CB;CB;CB;DT;DT;FS;ILB;ILB;OLB;OLB;SS,11,6,0,,,False,00-0034785;00-0032954;00-0034347;00-0033869;00-0036893;00-0034768;00-0039109;00-0037304;00-0031428;00-0035216;00-0037247,Mason Cole;Isaac Seumalo;James Daniels;Mitchell Trubisky;Najee Harris;Chukwuma Okorafor;Broderick Jones;Connor Heyward;Allen Robinson;Diontae Johnson;George Pickens,00-0034203;00-0034516;00-0037313;00-0032667;00-0034275;00-0035378;00-0034413;00-0037244;00-0035642;00-0037235;00-0033941,Darious Williams;Tre Herndon;Montaric Brown;Roy Robertson-Harris;Folorunso Fatukasi;Andrew Wingard;Foyesade Oluokun;Devin Lloyd;Josh Allen;Travon Walker;Rayshawn Jenkins
2023_08_JAX_PIT,3655,turnover,0.0,73.0,73.0,PIT,4.0,566.0,73.0,0.0,9:26,9:26,,10.0,17.0,2.0,3.0,"3 CB, 2 DT, 1 FS, 2 ILB, 2 OLB, 1 SS",CB;CB;CB;DT;DT;FS;ILB;ILB;OLB;OLB;SS,11,6,4,ZONE_COVERAGE,COVER_2,False,00-0034785;00-0032954;00-0034347;00-0033869;00-0036893;00-0034768;00-0036869;00-0037304;00-0031428;00-0035216;00-0037247,Mason Cole;Isaac Seumalo;James Daniels;Mitchell Trubisky;Najee Harris;Chukwuma Okorafor;Dan Moore;Connor Heyward;Allen Robinson;Diontae Johnson;George Pickens,00-0034203;00-0034516;00-0037313;00-0032667;00-0034275;00-0035378;00-0034413;00-0037244;00-0035642;00-0037235;00-0033941,Darious Williams;Tre Herndon;Montaric Brown;Roy Robertson-Harris;Folorunso Fatukasi;Andrew Wingard;Foyesade Oluokun;Devin Lloyd;Josh Allen;Travon Walker;Rayshawn Jenkins
2023_08_JAX_PIT,3667,timeout,0.0,,,,4.0,566.0,,6.0,9:26,9:20,PIT,10.0,17.0,,0.0,,,,,,,,,,,,
2023_08_JAX_PIT,3689,run,2.0,59.0,57.0,JAX,4.0,560.0,59.0,41.0,9:20,8:39,,10.0,17.0,1.0,10.0,"2 CB, 1 DE, 1 DT, 1 FS, 1 ILB, 1 NT, 3 OLB, 1 SS",CB;CB;DE;DT;FS;ILB;NT;OLB;OLB;OLB;SS,11,7,0,,,False,00-0037814;00-0030827;00-0032053;00-0036971;00-0036973;00-0033889;00-0038934;00-0033881;00-0038935;00-0033572;00-0034837,Luke Fortner;Tyler Shatley;Brandon Scherff;Trevor Lawrence;Travis Etienne;Cam Robinson;Anton Harrison;Evan Engram;Brenton Strange;Jamal Agnew;Calvin Ridley,00-0027943;00-0039167;00-0037759;00-0033905;00-0032382;00-0032442;00-0033929;00-0032109;00-0033886;00-0036333;00-0033512,Patrick Peterson;Joey Porter;DeMarvin Leal;Larry Ogunjobi;Keanu Neal;Elandon Roberts;Montravius Adams;Kwon Alexander;T.J. Watt;Alex Highsmith;Damontae Kazee
2023_08_JAX_PIT,3711,pass,15.0,57.0,42.0,JAX,4.0,519.0,57.0,46.0,8:39,7:53,,10.0,17.0,2.0,8.0,"3 CB, 1 DT, 1 FS, 1 ILB, 1 NT, 3 OLB, 1 SS",CB;CB;CB;DT;FS;ILB;NT;OLB;OLB;OLB;SS,11,6,4,MAN_COVERAGE,COVER_1,False,00-0037814;00-0030827;00-0032053;00-0036971;00-0036973;00-0033889;00-0038934;00-0033881;00-0033572;00-0034837;00-0034775,Luke Fortner;Tyler Shatley;Brandon Scherff;Trevor Lawrence;Travis Etienne;Cam Robinson;Anton Harrison;Evan Engram;Jamal Agnew;Calvin Ridley;Christian Kirk,00-0027943;00-0034468;00-0039167;00-0033905;00-0032382;00-0035286;00-0033929;00-0032109;00-0033886;00-0036333;00-0033512,Patrick Peterson;Chandon Sullivan;Joey Porter;Larry Ogunjobi;Keanu Neal;Cole Holcomb;Montravius Adams;Kwon Alexander;T.J. Watt;Alex Highsmith;Damontae Kazee
2023_08_JAX_PIT,3736,no_play,0.0,42.0,42.0,JAX,4.0,473.0,42.0,23.0,7:53,7:30,,10.0,17.0,1.0,10.0,"3 CB, 1 DT, 1 FS, 1 ILB, 1 NT, 3 OLB, 1 SS",CB;CB;CB;DT;FS;ILB;NT;OLB;OLB;OLB;SS,11,7,0,,,False,00-0037814;00-0030827;00-0032053;00-0036971;00-0036973;00-0033889;00-0038934;00-0033881;00-0033572;00-0034837;00-0034775,Luke Fortner;Tyler Shatley;Brandon Scherff;Trevor Lawrence;Travis Etienne;Cam Robinson;Anton Harrison;Evan Engram;Jamal Agnew;Calvin Ridley;Christian Kirk,00-0027943;00-0034468;00-0039167;00-0033905;00-0032382;00-0035286;00-0033929;00-0032109;00-0033886;00-0036333;00-0033512,Patrick Peterson;Chandon Sullivan;Joey Porter;Larry Ogunjobi;Keanu Neal;Cole Holcomb;Montravius Adams;Kwon Alexander;T.J. Watt;Alex Highsmith;Damontae Kazee
2023_08_JAX_PIT,3770,pass,34.0,52.0,18.0,JAX,4.0,450.0,52.0,49.0,7:30,6:41,,10.0,17.0,1.0,20.0,"3 CB, 1 DT, 1 FS, 1 ILB, 1 NT, 3 OLB, 1 SS",CB;CB;CB;DT;FS;ILB;NT;OLB;OLB;OLB;SS,11,5,5,MAN_COVERAGE,COVER_1,False,00-0037814;00-0030827;00-0032053;00-0036971;00-0036973;00-0033889;00-0038934;00-0033881;00-0034837;00-0034775;00-0036497,Luke Fortner;Tyler Shatley;Brandon Scherff;Trevor Lawrence;Travis Etienne;Cam Robinson;Anton Harrison;Evan Engram;Calvin Ridley;Christian Kirk;Tim Jones,00-0027943;00-0034468;00-0039167;00-0039110;00-0032382;00-0035286;00-0034992;00-0032109;00-0033886;00-0036333;00-0033512,Patrick Peterson;Chandon Sullivan;Joey Porter;Keeanu Benton;Keanu Neal;Cole Holcomb;Armon Watts;Kwon Alexander;T.J. Watt;Alex Highsmith;Damontae Kazee
2023_08_JAX_PIT,3795,run,1.0,18.0,17.0,JAX,4.0,401.0,18.0,38.0,6:41,6:03,,10.0,17.0,1.0,10.0,"2 CB, 1 DE, 1 DT, 1 FS, 1 ILB, 1 NT, 3 OLB, 1 SS",CB;CB;DE;DT;FS;ILB;NT;OLB;OLB;OLB;SS,11,6,0,,,False,00-0037814;00-0030827;00-0032053;00-0036971;00-0036973;00-0033889;00-0038934;00-0036887;00-0038935;00-0033572;00-0034837,Luke Fortner;Tyler Shatley;Brandon Scherff;Trevor Lawrence;Travis Etienne;Cam Robinson;Anton Harrison;Luke Farrell;Brenton Strange;Jamal Agnew;Calvin Ridley,00-0027943;00-0039167;00-0036843;00-0039110;00-0032382;00-0032442;00-0034992;00-0032109;00-0033886;00-0036333;00-0033512,Patrick Peterson;Joey Porter;Isaiahh Loudermilk;Keeanu Benton;Keanu Neal;Elandon Roberts;Armon Watts;Kwon Alexander;T.J. Watt;Alex Highsmith;Damontae Kazee
2023_08_JAX_PIT,3817,no_play,0.0,17.0,17.0,JAX,4.0,363.0,17.0,0.0,6:03,6:03,,10.0,17.0,2.0,9.0,"2 CB, 1 DT, 1 FS, 1 ILB, 1 NT, 3 OLB, 2 SS",CB;CB;DT;FS;ILB;NT;OLB;OLB;OLB;SS;SS,11,0,0,,,False,00-0037814;00-0030827;00-0032053;00-0036971;00-0036973;00-0033889;00-0038934;00-0033881;00-0036887;00-0038935;00-0034837,Luke Fortner;Tyler Shatley;Brandon Scherff;Trevor Lawrence;Travis Etienne;Cam Robinson;Anton Harrison;Evan Engram;Luke Farrell;Brenton Strange;Calvin Ridley,00-0027943;00-0039167;00-0033905;00-0032382;00-0032442;00-0033929;00-0032109;00-0033886;00-0036333;00-0032399;00-0033512,Patrick Peterson;Joey Porter;Larry Ogunjobi;Keanu Neal;Elandon Roberts;Montravius Adams;Kwon Alexander;T.J. Watt;Alex Highsmith;Miles Killebrew;Damontae Kazee
2023_08_JAX_PIT,3829,timeout,0.0,,,,4.0,363.0,,0.0,6:03,6:03,JAX,10.0,17.0,,0.0,,,,,,,,,,,,
2023_08_JAX_PIT,3848,run,-1.0,22.0,23.0,JAX,4.0,363.0,22.0,44.0,6:03,5:19,,10.0,17.0,2.0,14.0,"2 CB, 1 DT, 1 FS, 1 ILB, 1 NT, 3 OLB, 2 SS",CB;CB;DT;FS;ILB;NT;OLB;OLB;OLB;SS;SS,11,6,0,,,False,00-0037814;00-0030827;00-0032053;00-0036971;00-0036973;00-0033889;00-0038934;00-0033881;00-0036887;00-0038935;00-0034837,Luke Fortner;Tyler Shatley;Brandon Scherff;Trevor Lawrence;Travis Etienne;Cam Robinson;Anton Harrison;Evan Engram;Luke Farrell;Brenton Strange;Calvin Ridley,00-0027943;00-0039167;00-0033905;00-0032382;00-0032442;00-0033929;00-0032109;00-0033886;00-0036333;00-0032399;00-0033512,Patrick Peterson;Joey Porter;Larry Ogunjobi;Keanu Neal;Elandon Roberts;Montravius Adams;Kwon Alexander;T.J. Watt;Alex Highsmith;Miles Killebrew;Damontae Kazee
2023_08_JAX_PIT,3870,run,4.0,23.0,19.0,JAX,4.0,319.0,23.0,41.0,5:19,4:38,,10.0,17.0,3.0,15.0,"3 CB, 1 DT, 1 FS, 1 ILB, 1 NT, 3 OLB, 1 SS",CB;CB;CB;DT;FS;ILB;NT;OLB;OLB;OLB;SS,11,7,0,,,False,00-0037814;00-0030827;00-0032053;00-0036971;00-0035628;00-0033889;00-0038934;00-0033881;00-0034837;00-0034775;00-0036497,Luke Fortner;Tyler Shatley;Brandon Scherff;Trevor Lawrence;D'Ernest Johnson;Cam Robinson;Anton Harrison;Evan Engram;Calvin Ridley;Christian Kirk;Tim Jones,00-0027943;00-0034468;00-0039167;00-0033905;00-0032382;00-0035286;00-0033929;00-0032109;00-0033886;00-0036333;00-0033512,Patrick Peterson;Chandon Sullivan;Joey Porter;Larry Ogunjobi;Keanu Neal;Cole Holcomb;Montravius Adams;Kwon Alexander;T.J. Watt;Alex Highsmith;Damontae Kazee
2023_08_JAX_PIT,3892,field_goal,0.0,19.0,19.0,JAX,4.0,278.0,19.0,3.0,4:38,4:35,,10.0,20.0,4.0,11.0,"2 CB, 1 DE, 1 DT, 1 FS, 2 ILB, 1 NT, 2 OLB, 1 SS",CB;CB;DE;DT;FS;ILB;ILB;NT;OLB;OLB;SS,11,0,0,,,False,00-0037814;00-0033064;00-0030827;00-0035355;00-0036272;00-0029822;00-0035827;00-0034437;00-0036975;00-0038934;00-0038935,Luke Fortner;Adam Gotsis;Tyler Shatley;Blake Hance;Ben Bartch;Brandon McManus;Ross Matiscik;Logan Cooke;Walker Little;Anton Harrison;Brenton Strange,00-0027943;00-0039167;00-0036843;00-0033905;00-0032382;00-0032442;00-0035286;00-0033929;00-0033886;00-0036333;00-0033512,Patrick Peterson;Joey Porter;Isaiahh Loudermilk;Larry Ogunjobi;Keanu Neal;Elandon Roberts;Cole Holcomb;Montravius Adams;T.J. Watt;Alex Highsmith;Damontae Kazee
2023_08_JAX_PIT,3912,kickoff,0.0,35.0,35.0,PIT,4.0,275.0,35.0,0.0,4:35,4:35,,10.0,20.0,,0.0,"1 CB, 1 DE, 1 FS, 3 ILB, 1 K, 1 RB, 1 SS, 2 WR",CB;DE;FS;ILB;ILB;ILB;K;RB;SS;WR;WR,11,0,0,,,False,00-0034468;00-0035795;00-0036002;00-0037316;00-0038577;00-0034614;00-0037228;00-0032399;00-0037451;00-0038558;00-0035703,Chandon Sullivan;James Pierre;Elijah Riley;Mark Robinson;Nick Herbig;Godwin Igwebuike;Jaylen Warren;Miles Killebrew;Rod Williams;Darnell Washington;Miles Boykin,00-0034516;00-0033064;00-0038596;00-0036235;00-0036704;00-0037811;00-0029822;00-0035628;00-0033941;00-0036497;00-0038667,Tre Herndon;Adam Gotsis;Antonio Johnson;Shaquille Quarterman;Caleb Johnson;Chad Muma;Brandon McManus;D'Ernest Johnson;Rayshawn Jenkins;Tim Jones;Elijah Cooks
2023_08_JAX_PIT,3928,pass,4.0,75.0,71.0,PIT,4.0,275.0,75.0,18.0,4:35,4:17,,10.0,20.0,1.0,10.0,"3 CB, 1 DE, 1 DT, 1 FS, 2 ILB, 2 OLB, 1 SS",CB;CB;CB;DE;DT;FS;ILB;ILB;OLB;OLB;SS,11,6,4,ZONE_COVERAGE,COVER_6,False,00-0034785;00-0032954;00-0034347;00-0033869;00-0037228;00-0034768;00-0036869;00-0037304;00-0031428;00-0035216;00-0037247,Mason Cole;Isaac Seumalo;James Daniels;Mitchell Trubisky;Jaylen Warren;Chukwuma Okorafor;Dan Moore;Connor Heyward;Allen Robinson;Diontae Johnson;George Pickens,00-0034203;00-0034516;00-0037313;00-0033907;00-0032667;00-0035378;00-0034413;00-0037244;00-0035642;00-0037235;00-0033941,Darious Williams;Tre Herndon;Montaric Brown;Dawuane Smoot;Roy Robertson-Harris;Andrew Wingard;Foyesade Oluokun;Devin Lloyd;Josh Allen;Travon Walker;Rayshawn Jenkins
2023_08_JAX_PIT,3953,pass,4.0,71.0,67.0,PIT,4.0,257.0,71.0,25.0,4:17,3:52,,10.0,20.0,2.0,6.0,"3 CB, 1 DE, 1 DT, 1 FS, 2 ILB, 2 OLB, 1 SS",CB;CB;CB;DE;DT;FS;ILB;ILB;OLB;OLB;SS,11,4,4,ZONE_COVERAGE,COVER_6,False,00-0034785;00-0032954;00-0034347;00-0033869;00-0037228;00-0034768;00-0036869;00-0037304;00-0031428;00-0035216;00-0037247,Mason Cole;Isaac Seumalo;James Daniels;Mitchell Trubisky;Jaylen Warren;Chukwuma Okorafor;Dan Moore;Connor Heyward;Allen Robinson;Diontae Johnson;George Pickens,00-0034203;00-0034516;00-0037313;00-0033907;00-0032667;00-0035378;00-0034413;00-0037244;00-0035642;00-0037235;00-0033941,Darious Williams;Tre Herndon;Montaric Brown;Dawuane Smoot;Roy Robertson-Harris;Andrew Wingard;Foyesade Oluokun;Devin Lloyd;Josh Allen;Travon Walker;Rayshawn Jenkins
2023_08_JAX_PIT,3978,pass,3.0,67.0,64.0,PIT,4.0,232.0,67.0,19.0,3:52,3:33,,10.0,20.0,3.0,2.0,"3 CB, 1 DE, 1 DT, 1 FS, 2 ILB, 2 OLB, 1 SS",CB;CB;CB;DE;DT;FS;ILB;ILB;OLB;OLB;SS,11,4,4,ZONE_COVERAGE,COVER_9,False,00-0034785;00-0032954;00-0034347;00-0033869;00-0037228;00-0034768;00-0036869;00-0037304;00-0031428;00-0035216;00-0037247,Mason Cole;Isaac Seumalo;James Daniels;Mitchell Trubisky;Jaylen Warren;Chukwuma Okorafor;Dan Moore;Connor Heyward;Allen Robinson;Diontae Johnson;George Pickens,00-0034203;00-0034516;00-0037313;00-0033907;00-0032667;00-0035378;00-0034413;00-0037244;00-0035642;00-0037235;00-0033941,Darious Williams;Tre Herndon;Montaric Brown;Dawuane Smoot;Roy Robertson-Harris;Andrew Wingard;Foyesade Oluokun;Devin Lloyd;Josh Allen;Travon Walker;Rayshawn Jenkins
2023_08_JAX_PIT,4003,pass,5.0,64.0,59.0,PIT,4.0,213.0,64.0,21.0,3:33,3:12,,10.0,20.0,1.0,10.0,"3 CB, 1 DE, 1 DT, 1 FS, 2 ILB, 2 OLB, 1 SS",CB;CB;CB;DE;DT;FS;ILB;ILB;OLB;OLB;SS,11,4,4,ZONE_COVERAGE,COVER_6,False,00-0034785;00-0032954;00-0034347;00-0033869;00-0037228;00-0034768;00-0036869;00-0037304;00-0031428;00-0035216;00-0037247,Mason Cole;Isaac Seumalo;James Daniels;Mitchell Trubisky;Jaylen Warren;Chukwuma Okorafor;Dan Moore;Connor Heyward;Allen Robinson;Diontae Johnson;George Pickens,00-0034203;00-0034516;00-0037313;00-0033907;00-0032667;00-0035378;00-0034413;00-0037244;00-0035642;00-0037235;00-0033941,Darious Williams;Tre Herndon;Montaric Brown;Dawuane Smoot;Roy Robertson-Harris;Andrew Wingard;Foyesade Oluokun;Devin Lloyd;Josh Allen;Travon Walker;Rayshawn Jenkins
2023_08_JAX_PIT,4028,run,5.0,59.0,54.0,PIT,4.0,192.0,59.0,7.0,3:12,3:05,,10.0,20.0,2.0,5.0,"3 CB, 2 DT, 1 FS, 2 ILB, 2 OLB, 1 SS",CB;CB;CB;DT;DT;FS;ILB;ILB;OLB;OLB;SS,11,5,4,ZONE_COVERAGE,COVER_6,True,00-0034785;00-0032954;00-0034347;00-0033869;00-0037228;00-0034768;00-0036869;00-0037304;00-0031428;00-0035216;00-0037247,Mason Cole;Isaac Seumalo;James Daniels;Mitchell Trubisky;Jaylen Warren;Chukwuma Okorafor;Dan Moore;Connor Heyward;Allen Robinson;Diontae Johnson;George Pickens,00-0034203;00-0034516;00-0037313;00-0032107;00-0034275;00-0035378;00-0034413;00-0037244;00-0035642;00-0037235;00-0033941,Darious Williams;Tre Herndon;Montaric Brown;Angelo Blackson;Folorunso Fatukasi;Andrew Wingard;Foyesade Oluokun;Devin Lloyd;Josh Allen;Travon Walker;Rayshawn Jenkins
2023_08_JAX_PIT,4055,pass,0.0,54.0,54.0,PIT,4.0,185.0,54.0,4.0,3:05,3:01,,10.0,20.0,1.0,10.0,"3 CB, 2 DT, 1 FS, 2 ILB, 2 OLB, 1 SS",CB;CB;CB;DT;DT;FS;ILB;ILB;OLB;OLB;SS,11,5,4,ZONE_COVERAGE,COVER_3,False,00-0034785;00-0032954;00-0034347;00-0033869;00-0037228;00-0034768;00-0036869;00-0037451;00-0031428;00-0035216;00-0037247,Mason Cole;Isaac Seumalo;James Daniels;Mitchell Trubisky;Jaylen Warren;Chukwuma Okorafor;Dan Moore;Rod Williams;Allen Robinson;Diontae Johnson;George Pickens,00-0034203;00-0034516;00-0037313;00-0032107;00-0034275;00-0035378;00-0034413;00-0037244;00-0035642;00-0036286;00-0033941,Darious Williams;Tre Herndon;Montaric Brown;Angelo Blackson;Folorunso Fatukasi;Andrew Wingard;Foyesade Oluokun;Devin Lloyd;Josh Allen;K'Lavon Chaisson;Rayshawn Jenkins
2023_08_JAX_PIT,4090,pass,-6.0,54.0,60.0,PIT,4.0,181.0,54.0,26.0,3:01,2:35,,10.0,20.0,2.0,10.0,"3 CB, 2 DT, 1 FS, 2 ILB, 2 OLB, 1 SS",CB;CB;CB;DT;DT;FS;ILB;ILB;OLB;OLB;SS,11,4,3,ZONE_COVERAGE,COVER_3,True,00-0034785;00-0032954;00-0034347;00-0033869;00-0037228;00-0034768;00-0036869;00-0037304;00-0031428;00-0035216;00-0037247,Mason Cole;Isaac Seumalo;James Daniels;Mitchell Trubisky;Jaylen Warren;Chukwuma Okorafor;Dan Moore;Connor Heyward;Allen Robinson;Diontae Johnson;George Pickens,00-0034203;00-0034516;00-0037313;00-0032107;00-0034275;00-0035378;00-0034413;00-0037244;00-0035642;00-0036286;00-0033941,Darious Williams;Tre Herndon;Montaric Brown;Angelo Blackson;Folorunso Fatukasi;Andrew Wingard;Foyesade Oluokun;Devin Lloyd;Josh Allen;K'Lavon Chaisson;Rayshawn Jenkins
2023_08_JAX_PIT,4110,pass,0.0,60.0,60.0,PIT,4.0,155.0,60.0,5.0,2:35,2:30,,10.0,20.0,3.0,16.0,"3 CB, 1 DE, 1 DT, 1 FS, 2 ILB, 2 OLB, 1 SS",CB;CB;CB;DE;DT;FS;ILB;ILB;OLB;OLB;SS,11,4,4,ZONE_COVERAGE,COVER_6,False,00-0034785;00-0032954;00-0034347;00-0033869;00-0037228;00-0034768;00-0036869;00-0037304;00-0031428;00-0035216;00-0037247,Mason Cole;Isaac Seumalo;James Daniels;Mitchell Trubisky;Jaylen Warren;Chukwuma Okorafor;Dan Moore;Connor Heyward;Allen Robinson;Diontae Johnson;George Pickens,00-0034203;00-0034516;00-0037313;00-0033582;00-0036262;00-0035378;00-0034413;00-0037244;00-0035642;00-0037235;00-0033941,Darious Williams;Tre Herndon;Montaric Brown;Jeremiah Ledbetter;Davon Hamilton;Andrew Wingard;Foyesade Oluokun;Devin Lloyd;Josh Allen;Travon Walker;Rayshawn Jenkins
2023_08_JAX_PIT,4133,pass,0.0,60.0,60.0,PIT,4.0,150.0,60.0,5.0,2:30,2:25,,10.0,20.0,4.0,16.0,"3 CB, 2 DE, 1 FS, 2 ILB, 2 OLB, 1 SS",CB;CB;CB;DE;DE;FS;ILB;ILB;OLB;OLB;SS,11,3,0,,,True,00-0034785;00-0032954;00-0034347;00-0033869;00-0037228;00-0034768;00-0036869;00-0037451;00-0031428;00-0035216;00-0037247,Mason Cole;Isaac Seumalo;James Daniels;Mitchell Trubisky;Jaylen Warren;Chukwuma Okorafor;Dan Moore;Rod Williams;Allen Robinson;Diontae Johnson;George Pickens,00-0034903;00-0034516;00-0037313;00-0033907;00-0033582;00-0035378;00-0034413;00-0037244;00-0036286;00-0037235;00-0033941,Tevaughn Campbell;Tre Herndon;Montaric Brown;Dawuane Smoot;Jeremiah Ledbetter;Andrew Wingard;Foyesade Oluokun;Devin Lloyd;K'Lavon Chaisson;Travon Walker;Rayshawn Jenkins
2023_08_JAX_PIT,4156,run,0.0,40.0,40.0,JAX,4.0,145.0,40.0,4.0,2:25,2:21,,10.0,20.0,1.0,10.0,"1 CB, 2 DT, 1 FS, 2 ILB, 2 NT, 2 OLB, 1 SS",CB;DT;DT;FS;ILB;ILB;NT;NT;OLB;OLB;SS,11,7,0,,,False,00-0037814;00-0030827;00-0032053;00-0035355;00-0036971;00-0036973;00-0033889;00-0038934;00-0033881;00-0036887;00-0038667,Luke Fortner;Tyler Shatley;Brandon Scherff;Blake Hance;Trevor Lawrence;Travis Etienne;Cam Robinson;Anton Harrison;Evan Engram;Luke Farrell;Elijah Cooks,00-0027943;00-0033905;00-0039110;00-0032382;00-0032442;00-0035286;00-0033929;00-0034992;00-0032127;00-0036333;00-0033512,Patrick Peterson;Larry Ogunjobi;Keeanu Benton;Keanu Neal;Elandon Roberts;Cole Holcomb;Montravius Adams;Armon Watts;Markus Golden;Alex Highsmith;Damontae Kazee
2023_08_JAX_PIT,4180,run,-4.0,40.0,44.0,JAX,4.0,141.0,40.0,0.0,2:21,2:21,,10.0,20.0,2.0,10.0,"1 CB, 2 DT, 1 FS, 2 ILB, 2 NT, 2 OLB, 1 SS",CB;DT;DT;FS;ILB;ILB;NT;NT;OLB;OLB;SS,11,8,0,,,False,00-0037814;00-0030827;00-0032053;00-0035355;00-0036971;00-0036973;00-0033889;00-0038934;00-0033881;00-0036887;00-0038667,Luke Fortner;Tyler Shatley;Brandon Scherff;Blake Hance;Trevor Lawrence;Travis Etienne;Cam Robinson;Anton Harrison;Evan Engram;Luke Farrell;Elijah Cooks,00-0027943;00-0033905;00-0039110;00-0032382;00-0032442;00-0035286;00-0033929;00-0034992;00-0032127;00-0036333;00-0033512,Patrick Peterson;Larry Ogunjobi;Keeanu Benton;Keanu Neal;Elandon Roberts;Cole Holcomb;Montravius Adams;Armon Watts;Markus Golden;Alex Highsmith;Damontae Kazee
2023_08_JAX_PIT,4192,timeout,0.0,,,,4.0,141.0,,4.0,2:21,2:17,PIT,10.0,20.0,,0.0,,,,,,,,,,,,
2023_08_JAX_PIT,4211,no_play,0.0,44.0,44.0,JAX,4.0,137.0,44.0,0.0,2:17,2:17,,10.0,20.0,3.0,14.0,"1 CB, 1 DE, 2 DT, 1 FS, 2 ILB, 1 NT, 2 OLB, 1 SS",CB;DE;DT;DT;FS;ILB;ILB;NT;OLB;OLB;SS,11,0,0,,,False,00-0037814;00-0030827;00-0032053;00-0035355;00-0036971;00-0036973;00-0033889;00-0038934;00-0033881;00-0036887;00-0038667,Luke Fortner;Tyler Shatley;Brandon Scherff;Blake Hance;Trevor Lawrence;Travis Etienne;Cam Robinson;Anton Harrison;Evan Engram;Luke Farrell;Elijah Cooks,00-0027943;00-0036843;00-0033905;00-0039110;00-0032382;00-0032442;00-0035286;00-0033929;00-0032127;00-0036333;00-0033512,Patrick Peterson;Isaiahh Loudermilk;Larry Ogunjobi;Keeanu Benton;Keanu Neal;Elandon Roberts;Cole Holcomb;Montravius Adams;Markus Golden;Alex Highsmith;Damontae Kazee
2023_08_JAX_PIT,4223,timeout,0.0,,,,4.0,137.0,,0.0,2:17,2:17,PIT,10.0,20.0,,0.0,,,,,,,,,,,,
2023_08_JAX_PIT,4244,run,0.0,39.0,39.0,JAX,4.0,137.0,39.0,17.0,2:17,2:00,,10.0,20.0,3.0,9.0,"1 CB, 1 DE, 2 DT, 1 FS, 2 ILB, 1 NT, 2 OLB, 1 SS",CB;DE;DT;DT;FS;ILB;ILB;NT;OLB;OLB;SS,11,8,0,,,False,00-0037814;00-0030827;00-0032053;00-0035355;00-0036971;00-0036973;00-0033889;00-0038934;00-0033881;00-0036887;00-0038667,Luke Fortner;Tyler Shatley;Brandon Scherff;Blake Hance;Trevor Lawrence;Travis Etienne;Cam Robinson;Anton Harrison;Evan Engram;Luke Farrell;Elijah Cooks,00-0027943;00-0036843;00-0033905;00-0039110;00-0032382;00-0032442;00-0035286;00-0033929;00-0032127;00-0036333;00-0033512,Patrick Peterson;Isaiahh Loudermilk;Larry Ogunjobi;Keeanu Benton;Keanu Neal;Elandon Roberts;Cole Holcomb;Montravius Adams;Markus Golden;Alex Highsmith;Damontae Kazee
2023_08_JAX_PIT,4268,punt,0.0,39.0,39.0,JAX,4.0,120.0,39.0,8.0,2:00,1:52,,10.0,20.0,4.0,9.0,"2 CB, 1 FS, 1 ILB, 1 OLB, 1 RB, 2 SS, 1 TE, 2 WR",CB;CB;FS;ILB;OLB;RB;SS;SS;TE;WR;WR,11,0,0,,,False,00-0035378;00-0038596;00-0036235;00-0036704;00-0037811;00-0035827;00-0036286;00-0034437;00-0035628;00-0036887;00-0036497,Andrew Wingard;Antonio Johnson;Shaquille Quarterman;Caleb Johnson;Chad Muma;Ross Matiscik;K'Lavon Chaisson;Logan Cooke;D'Ernest Johnson;Luke Farrell;Tim Jones,00-0034468;00-0035795;00-0036002;00-0037316;00-0038577;00-0034614;00-0032399;00-0033512;00-0037304;00-0035703;00-0037837,Chandon Sullivan;James Pierre;Elijah Riley;Mark Robinson;Nick Herbig;Godwin Igwebuike;Miles Killebrew;Damontae Kazee;Connor Heyward;Miles Boykin;Calvin Austin
2023_08_JAX_PIT,4295,pass,7.0,98.0,91.0,PIT,4.0,112.0,98.0,21.0,1:52,1:31,,10.0,20.0,1.0,10.0,"3 CB, 1 DE, 1 DT, 1 FS, 2 ILB, 2 OLB, 1 SS",CB;CB;CB;DE;DT;FS;ILB;ILB;OLB;OLB;SS,11,4,4,ZONE_COVERAGE,COVER_6,False,00-0034785;00-0032954;00-0034347;00-0033869;00-0036893;00-0034768;00-0036869;00-0037304;00-0035216;00-0037247;00-0037837,Mason Cole;Isaac Seumalo;James Daniels;Mitchell Trubisky;Najee Harris;Chukwuma Okorafor;Dan Moore;Connor Heyward;Diontae Johnson;George Pickens;Calvin Austin,00-0034203;00-0034516;00-0037313;00-0033907;00-0032667;00-0035378;00-0034413;00-0037244;00-0035642;00-0037235;00-0033941,Darious Williams;Tre Herndon;Montaric Brown;Dawuane Smoot;Roy Robertson-Harris;Andrew Wingard;Foyesade Oluokun;Devin Lloyd;Josh Allen;Travon Walker;Rayshawn Jenkins
2023_08_JAX_PIT,4320,pass,12.0,91.0,79.0,PIT,4.0,91.0,91.0,21.0,1:31,1:10,,10.0,20.0,2.0,3.0,"3 CB, 1 DE, 1 DT, 1 FS, 2 ILB, 2 OLB, 1 SS",CB;CB;CB;DE;DT;FS;ILB;ILB;OLB;OLB;SS,11,4,4,ZONE_COVERAGE,COVER_6,False,00-0034785;00-0032954;00-0034347;00-0033869;00-0036893;00-0034768;00-0036869;00-0037304;00-0035216;00-0037247;00-0037837,Mason Cole;Isaac Seumalo;James Daniels;Mitchell Trubisky;Najee Harris;Chukwuma Okorafor;Dan Moore;Connor Heyward;Diontae Johnson;George Pickens;Calvin Austin,00-0034203;00-0034516;00-0037313;00-0033907;00-0032667;00-0035378;00-0034413;00-0037244;00-0035642;00-0037235;00-0033941,Darious Williams;Tre Herndon;Montaric Brown;Dawuane Smoot;Roy Robertson-Harris;Andrew Wingard;Foyesade Oluokun;Devin Lloyd;Josh Allen;Travon Walker;Rayshawn Jenkins
2023_08_JAX_PIT,4345,no_play,0.0,79.0,79.0,PIT,4.0,70.0,79.0,8.0,1:10,1:02,,10.0,20.0,1.0,10.0,"3 CB, 1 DE, 1 DT, 1 FS, 2 ILB, 2 OLB, 1 SS",CB;CB;CB;DE;DT;FS;ILB;ILB;OLB;OLB;SS,11,4,4,ZONE_COVERAGE,COVER_6,False,00-0034785;00-0032954;00-0034347;00-0033869;00-0036893;00-0034768;00-0036869;00-0037304;00-0035216;00-0037247;00-0037837,Mason Cole;Isaac Seumalo;James Daniels;Mitchell Trubisky;Najee Harris;Chukwuma Okorafor;Dan Moore;Connor Heyward;Diontae Johnson;George Pickens;Calvin Austin,00-0034203;00-0034516;00-0037313;00-0033907;00-0032667;00-0035378;00-0034413;00-0037244;00-0035642;00-0037235;00-0033941,Darious Williams;Tre Herndon;Montaric Brown;Dawuane Smoot;Roy Robertson-Harris;Andrew Wingard;Foyesade Oluokun;Devin Lloyd;Josh Allen;Travon Walker;Rayshawn Jenkins
2023_08_JAX_PIT,4381,pass,12.0,84.0,72.0,PIT,4.0,62.0,84.0,22.0,1:02,0:40,,10.0,20.0,1.0,15.0,"3 CB, 2 DE, 1 FS, 2 ILB, 2 OLB, 1 SS",CB;CB;CB;DE;DE;FS;ILB;ILB;OLB;OLB;SS,11,4,4,ZONE_COVERAGE,COVER_6,False,00-0034785;00-0032954;00-0034347;00-0033869;00-0036893;00-0034768;00-0036869;00-0037304;00-0035216;00-0037247;00-0037837,Mason Cole;Isaac Seumalo;James Daniels;Mitchell Trubisky;Najee Harris;Chukwuma Okorafor;Dan Moore;Connor Heyward;Diontae Johnson;George Pickens;Calvin Austin,00-0034203;00-0034516;00-0037313;00-0033064;00-0033907;00-0035378;00-0034413;00-0037244;00-0035642;00-0036286;00-0033941,Darious Williams;Tre Herndon;Montaric Brown;Adam Gotsis;Dawuane Smoot;Andrew Wingard;Foyesade Oluokun;Devin Lloyd;Josh Allen;K'Lavon Chaisson;Rayshawn Jenkins
2023_08_JAX_PIT,4406,pass,13.0,72.0,59.0,PIT,4.0,40.0,72.0,8.0,0:40,0:32,,10.0,20.0,2.0,3.0,"3 CB, 2 DE, 1 FS, 2 ILB, 2 OLB, 1 SS",CB;CB;CB;DE;DE;FS;ILB;ILB;OLB;OLB;SS,11,4,4,ZONE_COVERAGE,COVER_6,False,00-0034785;00-0032954;00-0034347;00-0033869;00-0036893;00-0034768;00-0036869;00-0037304;00-0035216;00-0037247;00-0037837,Mason Cole;Isaac Seumalo;James Daniels;Mitchell Trubisky;Najee Harris;Chukwuma Okorafor;Dan Moore;Connor Heyward;Diontae Johnson;George Pickens;Calvin Austin,00-0034203;00-0034516;00-0037313;00-0033064;00-0033907;00-0035378;00-0034413;00-0037244;00-0035642;00-0036286;00-0033941,Darious Williams;Tre Herndon;Montaric Brown;Adam Gotsis;Dawuane Smoot;Andrew Wingard;Foyesade Oluokun;Devin Lloyd;Josh Allen;K'Lavon Chaisson;Rayshawn Jenkins
2023_08_JAX_PIT,4436,pass,10.0,59.0,49.0,PIT,4.0,32.0,59.0,7.0,0:32,0:25,,10.0,20.0,1.0,10.0,"3 CB, 2 DE, 1 FS, 2 ILB, 2 OLB, 1 SS",CB;CB;CB;DE;DE;FS;ILB;ILB;OLB;OLB;SS,11,3,4,ZONE_COVERAGE,COVER_4,False,00-0034785;00-0032954;00-0034347;00-0033869;00-0036893;00-0034768;00-0036869;00-0037451;00-0035216;00-0037247;00-0037837,Mason Cole;Isaac Seumalo;James Daniels;Mitchell Trubisky;Najee Harris;Chukwuma Okorafor;Dan Moore;Rod Williams;Diontae Johnson;George Pickens;Calvin Austin,00-0034203;00-0034516;00-0037313;00-0033907;00-0033582;00-0035378;00-0034413;00-0037244;00-0036286;00-0037235;00-0033941,Darious Williams;Tre Herndon;Montaric Brown;Dawuane Smoot;Jeremiah Ledbetter;Andrew Wingard;Foyesade Oluokun;Devin Lloyd;K'Lavon Chaisson;Travon Walker;Rayshawn Jenkins
2023_08_JAX_PIT,4461,pass,0.0,49.0,49.0,PIT,4.0,25.0,49.0,6.0,0:25,0:19,,10.0,20.0,1.0,10.0,"3 CB, 2 DE, 1 FS, 2 ILB, 2 OLB, 1 SS",CB;CB;CB;DE;DE;FS;ILB;ILB;OLB;OLB;SS,11,4,3,ZONE_COVERAGE,COVER_4,False,00-0034785;00-0032954;00-0034347;00-0033869;00-0036893;00-0034768;00-0036869;00-0037451;00-0031428;00-0035216;00-0037247,Mason Cole;Isaac Seumalo;James Daniels;Mitchell Trubisky;Najee Harris;Chukwuma Okorafor;Dan Moore;Rod Williams;Allen Robinson;Diontae Johnson;George Pickens,00-0034203;00-0034516;00-0037313;00-0033907;00-0033582;00-0035378;00-0034413;00-0037244;00-0036286;00-0037235;00-0033941,Darious Williams;Tre Herndon;Montaric Brown;Dawuane Smoot;Jeremiah Ledbetter;Andrew Wingard;Foyesade Oluokun;Devin Lloyd;K'Lavon Chaisson;Travon Walker;Rayshawn Jenkins
2023_08_JAX_PIT,4484,pass,8.0,49.0,41.0,PIT,4.0,19.0,49.0,13.0,0:19,0:06,,10.0,20.0,2.0,10.0,"3 CB, 1 DE, 1 DT, 1 FS, 2 ILB, 2 OLB, 1 SS",CB;CB;CB;DE;DT;FS;ILB;ILB;OLB;OLB;SS,11,4,3,ZONE_COVERAGE,COVER_4,False,00-0034785;00-0032954;00-0034347;00-0033869;00-0036893;00-0034768;00-0036869;00-0037304;00-0031428;00-0035216;00-0035703,Mason Cole;Isaac Seumalo;James Daniels;Mitchell Trubisky;Najee Harris;Chukwuma Okorafor;Dan Moore;Connor Heyward;Allen Robinson;Diontae Johnson;Miles Boykin,00-0034203;00-0034516;00-0037313;00-0033907;00-0032667;00-0035378;00-0034413;00-0037244;00-0035642;00-0037235;00-0033941,Darious Williams;Tre Herndon;Montaric Brown;Dawuane Smoot;Roy Robertson-Harris;Andrew Wingard;Foyesade Oluokun;Devin Lloyd;Josh Allen;Travon Walker;Rayshawn Jenkins
2023_08_JAX_PIT,4509,qb_spike,0.0,41.0,41.0,PIT,4.0,6.0,41.0,1.0,0:06,0:05,,10.0,20.0,3.0,2.0,"3 CB, 1 DE, 1 DT, 1 FS, 2 ILB, 2 OLB, 1 SS",CB;CB;CB;DE;DT;FS;ILB;ILB;OLB;OLB;SS,11,0,0,,,False,00-0034785;00-0032954;00-0034347;00-0033869;00-0036893;00-0034768;00-0036869;00-0037304;00-0031428;00-0035216;00-0035703,Mason Cole;Isaac Seumalo;James Daniels;Mitchell Trubisky;Najee Harris;Chukwuma Okorafor;Dan Moore;Connor Heyward;Allen Robinson;Diontae Johnson;Miles Boykin,00-0034203;00-0034516;00-0037313;00-0033907;00-0032667;00-0035378;00-0034413;00-0037244;00-0035642;00-0037235;00-0033941,Darious Williams;Tre Herndon;Montaric Brown;Dawuane Smoot;Roy Robertson-Harris;Andrew Wingard;Foyesade Oluokun;Devin Lloyd;Josh Allen;Travon Walker;Rayshawn Jenkins
2023_08_JAX_PIT,4532,turnover,0.0,41.0,41.0,PIT,4.0,5.0,41.0,5.0,0:05,0:00,,10.0,20.0,4.0,2.0,"3 CB, 1 DE, 2 FS, 2 ILB, 2 OLB, 1 SS",CB;CB;CB;DE;FS;FS;ILB;ILB;OLB;OLB;SS,11,3,3,ZONE_COVERAGE,COVER_3,False,00-0034785;00-0032954;00-0034347;00-0033869;00-0036893;00-0034768;00-0036869;00-0038558;00-0031428;00-0035216;00-0037247,Mason Cole;Isaac Seumalo;James Daniels;Mitchell Trubisky;Najee Harris;Chukwuma Okorafor;Dan Moore;Darnell Washington;Allen Robinson;Diontae Johnson;George Pickens,00-0034203;00-0034516;00-0037313;00-0033907;00-0035378;00-0038596;00-0034413;00-0037244;00-0035642;00-0037235;00-0033941,Darious Williams;Tre Herndon;Montaric Brown;Dawuane Smoot;Andrew Wingard;Antonio Johnson;Foyesade Oluokun;Devin Lloyd;Josh Allen;Travon Walker;Rayshawn Jenkins
2023_08_JAX_PIT,4574,end_game,,,,PIT,4.0,0.0,,0.0,0:00,0:00,,10.0,20.0,,0.0,,,,,,,,,,,,
