game_id,play_id,play_type,yards_gained,starting_yard,ending_yard,time_of_play,time_on_clock_start,time_on_clock_end,timeout_team,home_team_score,away_team_score,down,yds_to_go,defense_personnel,defense_positions,n_defense,defenders_in_box,number_of_pass_rushers,defense_man_zone_type,defense_coverage_type,was_pressure,offense_player_ids,offense_player_names,defense_player_ids,defense_player_names
2021_14_SEA_HOU,1,start_quarter_1,,,,0.0,15:00,15:00,,0.0,0.0,,0.0,,,0,,,,,,,,,
2021_14_SEA_HOU,42,kickoff,0.0,35.0,35.0,0.0,15:00,15:00,,0.0,0.0,,0.0,,;;;;;;;;;;,11,,,,,,00-0028292;00-0036304;00-0036413;00-0036425;00-0035142;00-0031624;00-0031492;00-0035022;00-0036802;00-0035672;00-0036056,Nick Bellore;John Reid;Darrell Taylor;DeeJay Dallas;Ugo Amadi;Edmond Robinson;Jason Myers;Penny Hart;Jon Rhattigan;Cody Barton;Gavin Heslop,00-0033038;00-0033421;00-0034485;00-0034488;00-0035101;00-0031740;00-0034278;00-0034594;00-0034838;00-0033336;00-0036844,Eric Murray;Antony Auclair;Jonathan Owens;Tavierre Thomas;Davion Davis;Neville Hewitt;Tremon Smith;A.J. Moore;Royce Freeman;Eric Wilson;Garret Wallow
2021_14_SEA_HOU,57,run,-1.0,75.0,76.0,34.0,15:00,14:26,,0.0,0.0,1.0,10.0,"4 DL, 3 LB, 4 DB",;;;;;;;;;;,11,7,,,,,00-0033421;00-0030288;00-0031282;00-0036554;00-0036195;00-0036898;00-0033439;00-0030273;00-0030792;00-0035234;00-0031236,Antony Auclair;Rex Burkhead;Justin Britt;Nico Collins;Charlie Heck;Davis Mills;Pharaoh Brown;Lane Taylor;Justin McCray;Tytus Howard;Brandin Cooks,00-0034384;00-0034831;00-0036413;00-0027723;00-0031608;00-0029255;00-0036409;00-0034234;00-0034527;00-0033543;00-0030380,D.J. Reed;Rasheem Green;Darrell Taylor;Al Woods;Quandre Diggs;Bobby Wagner;Jordyn Brooks;Poona Ford;Ryan Neal;Sidney Jones;Benson Mayowa
2021_14_SEA_HOU,78,pass,7.0,76.0,69.0,42.0,14:26,13:44,,0.0,0.0,2.0,11.0,"3 DL, 3 LB, 5 DB",;;;;;;;;;;,11,4,2,ZONE_COVERAGE,COVER_6,False,00-0030288;00-0031282;00-0036554;00-0032128;00-0036195;00-0036898;00-0033439;00-0030273;00-0031236;00-0030792;00-0035234,Rex Burkhead;Justin Britt;Nico Collins;Chris Conley;Charlie Heck;Davis Mills;Pharaoh Brown;Lane Taylor;Brandin Cooks;Justin McCray;Tytus Howard,00-0034384;00-0034831;00-0027662;00-0036413;00-0035142;00-0031608;00-0029255;00-0036409;00-0033543;00-0034234;00-0034527,D.J. Reed;Rasheem Green;Carlos Dunlap;Darrell Taylor;Ugo Amadi;Quandre Diggs;Bobby Wagner;Jordyn Brooks;Sidney Jones;Poona Ford;Ryan Neal
2021_14_SEA_HOU,102,pass,17.0,69.0,52.0,39.0,13:44,13:05,,0.0,0.0,3.0,4.0,"3 DL, 3 LB, 5 DB",;;;;;;;;;;,11,7,4,ZONE_COVERAGE,COVER_3,False,00-0036556;00-0030288;00-0031282;00-0036554;00-0035101;00-0036195;00-0036898;00-0030273;00-0031236;00-0030792;00-0035234,Brevin Jordan;Rex Burkhead;Justin Britt;Nico Collins;Davion Davis;Charlie Heck;Davis Mills;Lane Taylor;Brandin Cooks;Justin McCray;Tytus Howard,00-0034384;00-0034831;00-0035636;00-0027662;00-0036413;00-0035142;00-0031608;00-0029255;00-0036409;00-0033543;00-0034527,D.J. Reed;Rasheem Green;L.J. Collier;Carlos Dunlap;Darrell Taylor;Ugo Amadi;Quandre Diggs;Bobby Wagner;Jordyn Brooks;Sidney Jones;Ryan Neal
2021_14_SEA_HOU,126,run,4.0,52.0,48.0,34.0,13:05,12:31,,0.0,0.0,1.0,10.0,"4 DL, 3 LB, 4 DB",;;;;;;;;;;,11,8,,,,,00-0033421;00-0030288;00-0031282;00-0036554;00-0032128;00-0036195;00-0036898;00-0033439;00-0030273;00-0030792;00-0035234,Antony Auclair;Rex Burkhead;Justin Britt;Nico Collins;Chris Conley;Charlie Heck;Davis Mills;Pharaoh Brown;Lane Taylor;Justin McCray;Tytus Howard,00-0034384;00-0034831;00-0036413;00-0027723;00-0031608;00-0029255;00-0036409;00-0034234;00-0033543;00-0034527;00-0030380,D.J. Reed;Rasheem Green;Darrell Taylor;Al Woods;Quandre Diggs;Bobby Wagner;Jordyn Brooks;Poona Ford;Sidney Jones;Ryan Neal;Benson Mayowa
2021_14_SEA_HOU,147,pass,13.0,48.0,35.0,39.0,12:31,11:52,,0.0,0.0,2.0,6.0,"4 DL, 3 LB, 4 DB",;;;;;;;;;;,11,7,5,ZONE_COVERAGE,COVER_3,False,00-0036556;00-0031282;00-0032128;00-0036195;00-0036898;00-0033439;00-0034838;00-0030273;00-0030792;00-0035234;00-0031236,Brevin Jordan;Justin Britt;Chris Conley;Charlie Heck;Davis Mills;Pharaoh Brown;Royce Freeman;Lane Taylor;Justin McCray;Tytus Howard;Brandin Cooks,00-0034384;00-0034831;00-0036413;00-0027723;00-0031608;00-0029255;00-0036409;00-0034234;00-0034527;00-0033543;00-0030380,D.J. Reed;Rasheem Green;Darrell Taylor;Al Woods;Quandre Diggs;Bobby Wagner;Jordyn Brooks;Poona Ford;Ryan Neal;Sidney Jones;Benson Mayowa
2021_14_SEA_HOU,171,pass,30.0,35.0,5.0,43.0,11:52,11:09,,0.0,0.0,1.0,10.0,"4 DL, 3 LB, 4 DB",;;;;;;;;;;,11,8,4,ZONE_COVERAGE,COVER_3,False,00-0033421;00-0031282;00-0036554;00-0036195;00-0036898;00-0033439;00-0034838;00-0030273;00-0030792;00-0035234;00-0031236,Antony Auclair;Justin Britt;Nico Collins;Charlie Heck;Davis Mills;Pharaoh Brown;Royce Freeman;Lane Taylor;Justin McCray;Tytus Howard;Brandin Cooks,00-0034384;00-0034831;00-0035636;00-0035094;00-0036413;00-0031608;00-0029255;00-0036409;00-0033543;00-0034527;00-0030380,D.J. Reed;Rasheem Green;L.J. Collier;Bryan Mone;Darrell Taylor;Quandre Diggs;Bobby Wagner;Jordyn Brooks;Sidney Jones;Ryan Neal;Benson Mayowa
2021_14_SEA_HOU,195,timeout,0.0,,,0.0,11:09,11:09,HOU,0.0,0.0,,0.0,,,0,,,,,,,,,
2021_14_SEA_HOU,212,pass,5.0,5.0,0.0,7.0,11:09,11:02,,6.0,0.0,1.0,5.0,"4 DL, 3 LB, 4 DB",;;;;;;;;;;,11,8,4,ZONE_COVERAGE,COVER_4,True,00-0036556;00-0030288;00-0031282;00-0036554;00-0036195;00-0036898;00-0033439;00-0030273;00-0030792;00-0035234;00-0031236,Brevin Jordan;Rex Burkhead;Justin Britt;Nico Collins;Charlie Heck;Davis Mills;Pharaoh Brown;Lane Taylor;Justin McCray;Tytus Howard;Brandin Cooks,00-0034384;00-0035636;00-0034831;00-0035094;00-0036426;00-0031608;00-0029255;00-0036409;00-0034527;00-0033543;00-0030380,D.J. Reed;L.J. Collier;Rasheem Green;Bryan Mone;Alton Robinson;Quandre Diggs;Bobby Wagner;Jordyn Brooks;Ryan Neal;Sidney Jones;Benson Mayowa
2021_14_SEA_HOU,232,extra_point,0.0,15.0,15.0,0.0,11:02,11:02,,7.0,0.0,,0.0,,;;;;;;;;;;,11,,,,,,00-0033729;00-0032726;00-0033421;00-0027224;00-0036195;00-0036568;00-0033439;00-0035234;00-0035245;00-0030792;00-0034817,Cameron Johnston;Ka'imi Fairbairn;Antony Auclair;Jon Weeks;Charlie Heck;Roy Lopez;Pharaoh Brown;Tytus Howard;Max Scharping;Justin McCray;Geron Christian,00-0034384;00-0034831;00-0035094;00-0027723;00-0035142;00-0036426;00-0029255;00-0033543;00-0034234;00-0034527;00-0030946,D.J. Reed;Rasheem Green;Bryan Mone;Al Woods;Ugo Amadi;Alton Robinson;Bobby Wagner;Sidney Jones;Poona Ford;Ryan Neal;Kerry Hyder
2021_14_SEA_HOU,248,kickoff,0.0,35.0,35.0,0.0,11:02,11:02,,7.0,0.0,,0.0,,;;;;;;;;;;,11,,,,,,00-0035995;00-0033038;00-0032726;00-0034485;00-0034488;00-0031740;00-0034278;00-0034594;00-0035244;00-0033336;00-0036844,Grayland Arnold;Eric Murray;Ka'imi Fairbairn;Jonathan Owens;Tavierre Thomas;Neville Hewitt;Tremon Smith;A.J. Moore;Lonnie Johnson;Eric Wilson;Garret Wallow,00-0028292;00-0036425;00-0036426;00-0034159;00-0036247;00-0031624;00-0036409;00-0036244;00-0036802;00-0035672;00-0036056,Nick Bellore;DeeJay Dallas;Alton Robinson;Will Dissly;Freddie Swain;Edmond Robinson;Jordyn Brooks;Colby Parkinson;Jon Rhattigan;Cody Barton;Gavin Heslop
2021_14_SEA_HOU,263,run,9.0,75.0,66.0,36.0,11:02,10:26,,7.0,0.0,1.0,10.0,"4 DL, 2 LB, 5 DB",;;;;;;;;;;,11,7,,,,,00-0033901;00-0035640;00-0032211;00-0034159;00-0029263;00-0036247;00-0034750;00-0026166;00-0036795;00-0036417;00-0031367,Ethan Pocic;DK Metcalf;Tyler Lockett;Will Dissly;Russell Wilson;Freddie Swain;Rashaad Penny;Duane Brown;Jake Curhan;Damien Lewis;Gabe Jackson,00-0033038;00-0033566;00-0032437;00-0031097;00-0034163;00-0034488;00-0036224;00-0031361;00-0036568;00-0034361;00-0033131,Eric Murray;Desmond King;Kamu Grugier-Hill;Terrance Mitchell;Jacob Martin;Tavierre Thomas;Jonathan Greenard;Christian Kirksey;Roy Lopez;Justin Reid;Maliek Collins
2021_14_SEA_HOU,284,run,13.0,66.0,53.0,32.0,10:26,9:54,,7.0,0.0,2.0,1.0,"4 DL, 3 LB, 4 DB",;;;;;;;;;;,11,6,,,,,00-0033901;00-0035640;00-0032211;00-0034159;00-0029263;00-0034750;00-0026166;00-0036795;00-0033895;00-0036417;00-0031367,Ethan Pocic;DK Metcalf;Tyler Lockett;Will Dissly;Russell Wilson;Rashaad Penny;Duane Brown;Jake Curhan;Gerald Everett;Damien Lewis;Gabe Jackson,00-0033038;00-0033566;00-0032437;00-0031097;00-0034163;00-0036224;00-0031361;00-0036568;00-0034361;00-0033131;00-0036844,Eric Murray;Desmond King;Kamu Grugier-Hill;Terrance Mitchell;Jacob Martin;Jonathan Greenard;Christian Kirksey;Roy Lopez;Justin Reid;Maliek Collins;Garret Wallow
2021_14_SEA_HOU,305,run,-1.0,53.0,54.0,30.0,9:54,9:24,,7.0,0.0,1.0,10.0,"4 DL, 3 LB, 4 DB",;;;;;;;;;;,11,6,,,,,00-0032426;00-0033901;00-0035640;00-0032211;00-0034159;00-0029263;00-0026166;00-0036795;00-0033895;00-0036417;00-0031367,Alex Collins;Ethan Pocic;DK Metcalf;Tyler Lockett;Will Dissly;Russell Wilson;Duane Brown;Jake Curhan;Gerald Everett;Damien Lewis;Gabe Jackson,00-0033038;00-0033566;00-0032437;00-0031097;00-0034163;00-0036224;00-0031361;00-0036568;00-0034361;00-0033131;00-0036844,Eric Murray;Desmond King;Kamu Grugier-Hill;Terrance Mitchell;Jacob Martin;Jonathan Greenard;Christian Kirksey;Roy Lopez;Justin Reid;Maliek Collins;Garret Wallow
2021_14_SEA_HOU,326,pass,1.0,54.0,53.0,43.0,9:24,8:41,,7.0,0.0,2.0,11.0,"4 DL, 2 LB, 5 DB",;;;;;;;;;;,11,6,4,ZONE_COVERAGE,COVER_4,True,00-0032426;00-0033901;00-0035640;00-0032211;00-0036620;00-0029263;00-0026166;00-0036795;00-0033895;00-0036417;00-0031367,Alex Collins;Ethan Pocic;DK Metcalf;Tyler Lockett;Dee Eskridge;Russell Wilson;Duane Brown;Jake Curhan;Gerald Everett;Damien Lewis;Gabe Jackson,00-0033038;00-0033566;00-0032437;00-0031097;00-0034163;00-0034488;00-0036224;00-0031361;00-0036568;00-0034361;00-0033131,Eric Murray;Desmond King;Kamu Grugier-Hill;Terrance Mitchell;Jacob Martin;Tavierre Thomas;Jonathan Greenard;Christian Kirksey;Roy Lopez;Justin Reid;Maliek Collins
2021_14_SEA_HOU,355,pass,29.0,53.0,24.0,37.0,8:41,8:04,,7.0,0.0,3.0,10.0,"4 DL, 2 LB, 5 DB",;;;;;;;;;;,11,4,4,ZONE_COVERAGE,COVER_6,False,00-0033901;00-0035640;00-0036425;00-0032211;00-0036620;00-0029263;00-0026166;00-0036795;00-0033895;00-0036417;00-0031367,Ethan Pocic;DK Metcalf;DeeJay Dallas;Tyler Lockett;Dee Eskridge;Russell Wilson;Duane Brown;Jake Curhan;Gerald Everett;Damien Lewis;Gabe Jackson,00-0036289;00-0033038;00-0033566;00-0032437;00-0031097;00-0034163;00-0034488;00-0036224;00-0031361;00-0034361;00-0033131,Ross Blacklock;Eric Murray;Desmond King;Kamu Grugier-Hill;Terrance Mitchell;Jacob Martin;Tavierre Thomas;Jonathan Greenard;Christian Kirksey;Justin Reid;Maliek Collins
2021_14_SEA_HOU,379,pass,5.0,24.0,19.0,19.0,8:04,7:45,,7.0,0.0,1.0,10.0,"3 DL, 3 LB, 5 DB",;;;;;;;;;;,11,6,2,ZONE_COVERAGE,COVER_3,False,00-0033901;00-0035640;00-0036425;00-0032211;00-0036620;00-0029263;00-0026166;00-0036795;00-0033895;00-0036417;00-0031367,Ethan Pocic;DK Metcalf;DeeJay Dallas;Tyler Lockett;Dee Eskridge;Russell Wilson;Duane Brown;Jake Curhan;Gerald Everett;Damien Lewis;Gabe Jackson,00-0036289;00-0033038;00-0033566;00-0032437;00-0031097;00-0031264;00-0034488;00-0031361;00-0034361;00-0033940;00-0033920,Ross Blacklock;Eric Murray;Desmond King;Kamu Grugier-Hill;Terrance Mitchell;Chris Smith;Tavierre Thomas;Christian Kirksey;Justin Reid;Jaleel Johnson;Derek Rivers
2021_14_SEA_HOU,403,run,3.0,19.0,16.0,39.0,7:45,7:06,,7.0,0.0,2.0,5.0,"3 DL, 3 LB, 5 DB",;;;;;;;;;;,11,7,,,,,00-0033901;00-0035640;00-0036425;00-0032211;00-0036620;00-0029263;00-0026166;00-0036795;00-0033895;00-0036417;00-0031367,Ethan Pocic;DK Metcalf;DeeJay Dallas;Tyler Lockett;Dee Eskridge;Russell Wilson;Duane Brown;Jake Curhan;Gerald Everett;Damien Lewis;Gabe Jackson,00-0036289;00-0033038;00-0033566;00-0032437;00-0031097;00-0031264;00-0034488;00-0031361;00-0034361;00-0033940;00-0033920,Ross Blacklock;Eric Murray;Desmond King;Kamu Grugier-Hill;Terrance Mitchell;Chris Smith;Tavierre Thomas;Christian Kirksey;Justin Reid;Jaleel Johnson;Derek Rivers
2021_14_SEA_HOU,430,run,-3.0,16.0,19.0,42.0,7:06,6:24,,7.0,0.0,3.0,2.0,"3 DL, 4 LB, 4 DB",;;;;;;;;;;,11,8,,,,,00-0033901;00-0034159;00-0029263;00-0036620;00-0034750;00-0026166;00-0036795;00-0033895;00-0036417;00-0036244;00-0031367,Ethan Pocic;Will Dissly;Russell Wilson;Dee Eskridge;Rashaad Penny;Duane Brown;Jake Curhan;Gerald Everett;Damien Lewis;Colby Parkinson;Gabe Jackson,00-0036289;00-0033038;00-0033566;00-0032437;00-0031097;00-0031264;00-0031361;00-0034361;00-0033940;00-0033920;00-0036844,Ross Blacklock;Eric Murray;Desmond King;Kamu Grugier-Hill;Terrance Mitchell;Chris Smith;Christian Kirksey;Justin Reid;Jaleel Johnson;Derek Rivers;Garret Wallow
2021_14_SEA_HOU,451,field_goal,0.0,19.0,19.0,4.0,6:24,6:20,,7.0,3.0,4.0,5.0,,;;;;;;;;;;,11,,,,,,00-0035141;00-0036653;00-0034160;00-0034159;00-0034229;00-0031156;00-0036795;00-0031492;00-0036417;00-0036244;00-0031367,Phil Haynes;Stone Forsythe;Michael Dickson;Will Dissly;Dakoda Shepley;Tyler Ott;Jake Curhan;Jason Myers;Damien Lewis;Colby Parkinson;Gabe Jackson,00-0036289;00-0034163;00-0034488;00-0031740;00-0036568;00-0034278;00-0034594;00-0033131;00-0035244;00-0033920;00-0036844,Ross Blacklock;Jacob Martin;Tavierre Thomas;Neville Hewitt;Roy Lopez;Tremon Smith;A.J. Moore;Maliek Collins;Lonnie Johnson;Derek Rivers;Garret Wallow
2021_14_SEA_HOU,475,kickoff,0.0,35.0,35.0,0.0,6:20,6:20,,7.0,3.0,,0.0,,;;;;;;;;;;,11,,,,,,00-0028292;00-0036304;00-0036413;00-0036425;00-0035142;00-0031624;00-0035022;00-0031492;00-0036802;00-0035672;00-0036056,Nick Bellore;John Reid;Darrell Taylor;DeeJay Dallas;Ugo Amadi;Edmond Robinson;Penny Hart;Jason Myers;Jon Rhattigan;Cody Barton;Gavin Heslop,00-0033038;00-0033421;00-0034485;00-0034488;00-0032128;00-0031740;00-0034278;00-0034594;00-0034838;00-0033336;00-0036844,Eric Murray;Antony Auclair;Jonathan Owens;Tavierre Thomas;Chris Conley;Neville Hewitt;Tremon Smith;A.J. Moore;Royce Freeman;Eric Wilson;Garret Wallow
2021_14_SEA_HOU,497,run,0.0,75.0,75.0,38.0,6:20,5:42,,7.0,3.0,1.0,10.0,"4 DL, 3 LB, 4 DB",;;;;;;;;;;,11,7,,,,,00-0032208;00-0031282;00-0032128;00-0036195;00-0036898;00-0033439;00-0034838;00-0030273;00-0030792;00-0035234;00-0031236,Phillip Dorsett;Justin Britt;Chris Conley;Charlie Heck;Davis Mills;Pharaoh Brown;Royce Freeman;Lane Taylor;Justin McCray;Tytus Howard;Brandin Cooks,00-0034384;00-0036413;00-0027723;00-0031608;00-0029255;00-0036409;00-0033543;00-0034234;00-0034527;00-0030380;00-0030946,D.J. Reed;Darrell Taylor;Al Woods;Quandre Diggs;Bobby Wagner;Jordyn Brooks;Sidney Jones;Poona Ford;Ryan Neal;Benson Mayowa;Kerry Hyder
2021_14_SEA_HOU,518,pass,10.0,75.0,65.0,34.0,5:42,5:08,,7.0,3.0,2.0,10.0,"4 DL, 3 LB, 4 DB",;;;;;;;;;;,11,5,4,ZONE_COVERAGE,COVER_2,False,00-0032208;00-0036556;00-0031282;00-0036554;00-0036195;00-0036898;00-0034838;00-0030273;00-0030792;00-0035234;00-0031236,Phillip Dorsett;Brevin Jordan;Justin Britt;Nico Collins;Charlie Heck;Davis Mills;Royce Freeman;Lane Taylor;Justin McCray;Tytus Howard;Brandin Cooks,00-0034384;00-0036413;00-0027723;00-0031608;00-0029255;00-0036409;00-0034234;00-0034527;00-0033543;00-0030380;00-0030946,D.J. Reed;Darrell Taylor;Al Woods;Quandre Diggs;Bobby Wagner;Jordyn Brooks;Poona Ford;Ryan Neal;Sidney Jones;Benson Mayowa;Kerry Hyder
2021_14_SEA_HOU,542,run,1.0,65.0,64.0,41.0,5:08,4:27,,7.0,3.0,1.0,10.0,"4 DL, 3 LB, 4 DB",;;;;;;;;;;,11,7,,,,,00-0033421;00-0031282;00-0036554;00-0036195;00-0036898;00-0033439;00-0034838;00-0030273;00-0030792;00-0035234;00-0031236,Antony Auclair;Justin Britt;Nico Collins;Charlie Heck;Davis Mills;Pharaoh Brown;Royce Freeman;Lane Taylor;Justin McCray;Tytus Howard;Brandin Cooks,00-0034384;00-0035094;00-0036413;00-0031608;00-0029255;00-0036409;00-0034234;00-0034527;00-0033543;00-0030380;00-0030946,D.J. Reed;Bryan Mone;Darrell Taylor;Quandre Diggs;Bobby Wagner;Jordyn Brooks;Poona Ford;Ryan Neal;Sidney Jones;Benson Mayowa;Kerry Hyder
2021_14_SEA_HOU,563,pass,7.0,64.0,57.0,30.0,4:27,3:57,,7.0,3.0,2.0,9.0,"4 DL, 3 LB, 4 DB",;;;;;;;;;;,11,6,4,ZONE_COVERAGE,COVER_2,False,00-0033421;00-0030288;00-0031282;00-0036554;00-0036195;00-0036898;00-0033439;00-0030273;00-0030792;00-0035234;00-0031236,Antony Auclair;Rex Burkhead;Justin Britt;Nico Collins;Charlie Heck;Davis Mills;Pharaoh Brown;Lane Taylor;Justin McCray;Tytus Howard;Brandin Cooks,00-0034384;00-0035094;00-0036413;00-0031608;00-0029255;00-0036409;00-0034234;00-0034527;00-0033543;00-0030380;00-0030946,D.J. Reed;Bryan Mone;Darrell Taylor;Quandre Diggs;Bobby Wagner;Jordyn Brooks;Poona Ford;Ryan Neal;Sidney Jones;Benson Mayowa;Kerry Hyder
2021_14_SEA_HOU,587,pass,0.0,57.0,57.0,44.0,3:57,3:13,,7.0,3.0,3.0,2.0,"4 DL, 3 LB, 4 DB",;;;;;;;;;;,11,7,4,ZONE_COVERAGE,COVER_3,False,00-0032208;00-0036556;00-0030288;00-0031282;00-0036554;00-0036195;00-0036898;00-0030273;00-0030792;00-0035234;00-0031236,Phillip Dorsett;Brevin Jordan;Rex Burkhead;Justin Britt;Nico Collins;Charlie Heck;Davis Mills;Lane Taylor;Justin McCray;Tytus Howard;Brandin Cooks,00-0034384;00-0035094;00-0036413;00-0031608;00-0029255;00-0036409;00-0034234;00-0034527;00-0033543;00-0030380;00-0030946,D.J. Reed;Bryan Mone;Darrell Taylor;Quandre Diggs;Bobby Wagner;Jordyn Brooks;Poona Ford;Ryan Neal;Sidney Jones;Benson Mayowa;Kerry Hyder
2021_14_SEA_HOU,611,punt,0.0,57.0,57.0,10.0,3:13,3:03,,7.0,3.0,4.0,2.0,,;;;;;;;;;;,11,,,,,,00-0033729;00-0033421;00-0034485;00-0027224;00-0031740;00-0034278;00-0034361;00-0034594;00-0033439;00-0033336;00-0036844,Cameron Johnston;Antony Auclair;Jonathan Owens;Jon Weeks;Neville Hewitt;Tremon Smith;Justin Reid;A.J. Moore;Pharaoh Brown;Eric Wilson;Garret Wallow,00-0028292;00-0036425;00-0027723;00-0035142;00-0035294;00-0036247;00-0031624;00-0030946;00-0036802;00-0035672;00-0036056,Nick Bellore;DeeJay Dallas;Al Woods;Ugo Amadi;Blessuan Austin;Freddie Swain;Edmond Robinson;Kerry Hyder;Jon Rhattigan;Cody Barton;Gavin Heslop
2021_14_SEA_HOU,630,run,5.0,97.0,92.0,25.0,3:03,2:38,,7.0,3.0,1.0,10.0,"4 DL, 2 LB, 5 DB",;;;;;;;;;;,11,7,,,,,00-0033901;00-0035640;00-0032211;00-0034159;00-0029263;00-0036247;00-0034750;00-0026166;00-0036795;00-0036417;00-0031367,Ethan Pocic;DK Metcalf;Tyler Lockett;Will Dissly;Russell Wilson;Freddie Swain;Rashaad Penny;Duane Brown;Jake Curhan;Damien Lewis;Gabe Jackson,00-0033038;00-0033566;00-0032437;00-0031097;00-0034163;00-0034488;00-0036224;00-0031361;00-0036568;00-0034361;00-0033131,Eric Murray;Desmond King;Kamu Grugier-Hill;Terrance Mitchell;Jacob Martin;Tavierre Thomas;Jonathan Greenard;Christian Kirksey;Roy Lopez;Justin Reid;Maliek Collins
2021_14_SEA_HOU,651,pass,0.0,92.0,92.0,4.0,2:38,2:34,,7.0,3.0,2.0,5.0,"4 DL, 2 LB, 5 DB",;;;;;;;;;;,11,5,4,ZONE_COVERAGE,COVER_2,False,00-0033901;00-0035640;00-0032211;00-0034159;00-0029263;00-0036247;00-0034750;00-0026166;00-0036795;00-0036417;00-0031367,Ethan Pocic;DK Metcalf;Tyler Lockett;Will Dissly;Russell Wilson;Freddie Swain;Rashaad Penny;Duane Brown;Jake Curhan;Damien Lewis;Gabe Jackson,00-0033038;00-0033566;00-0032437;00-0031097;00-0034163;00-0034488;00-0036224;00-0031361;00-0036568;00-0034361;00-0033131,Eric Murray;Desmond King;Kamu Grugier-Hill;Terrance Mitchell;Jacob Martin;Tavierre Thomas;Jonathan Greenard;Christian Kirksey;Roy Lopez;Justin Reid;Maliek Collins
2021_14_SEA_HOU,673,pass,8.0,92.0,84.0,42.0,2:34,1:52,,7.0,3.0,3.0,5.0,"4 DL, 2 LB, 5 DB",;;;;;;;;;;,11,7,4,ZONE_COVERAGE,COVER_3,False,00-0033901;00-0035640;00-0032211;00-0029263;00-0036247;00-0034750;00-0026166;00-0036795;00-0033895;00-0036417;00-0031367,Ethan Pocic;DK Metcalf;Tyler Lockett;Russell Wilson;Freddie Swain;Rashaad Penny;Duane Brown;Jake Curhan;Gerald Everett;Damien Lewis;Gabe Jackson,00-0036289;00-0033038;00-0033566;00-0032437;00-0031097;00-0034163;00-0034488;00-0036224;00-0031361;00-0034361;00-0033131,Ross Blacklock;Eric Murray;Desmond King;Kamu Grugier-Hill;Terrance Mitchell;Jacob Martin;Tavierre Thomas;Jonathan Greenard;Christian Kirksey;Justin Reid;Maliek Collins
2021_14_SEA_HOU,697,pass,24.0,84.0,60.0,30.0,1:52,1:22,,7.0,3.0,1.0,10.0,"4 DL, 3 LB, 4 DB",;;;;;;;;;;,11,7,4,ZONE_COVERAGE,COVER_3,True,00-0033901;00-0035640;00-0032211;00-0034159;00-0029263;00-0034750;00-0026166;00-0036795;00-0033895;00-0036417;00-0031367,Ethan Pocic;DK Metcalf;Tyler Lockett;Will Dissly;Russell Wilson;Rashaad Penny;Duane Brown;Jake Curhan;Gerald Everett;Damien Lewis;Gabe Jackson,00-0033038;00-0033566;00-0032437;00-0031097;00-0034163;00-0036224;00-0031361;00-0036568;00-0034361;00-0033131;00-0036844,Eric Murray;Desmond King;Kamu Grugier-Hill;Terrance Mitchell;Jacob Martin;Jonathan Greenard;Christian Kirksey;Roy Lopez;Justin Reid;Maliek Collins;Garret Wallow
2021_14_SEA_HOU,721,run,3.0,60.0,57.0,32.0,1:22,0:50,,7.0,3.0,1.0,10.0,"4 DL, 3 LB, 4 DB",;;;;;;;;;;,11,6,,,,,00-0033901;00-0035640;00-0034159;00-0029263;00-0036247;00-0034750;00-0026166;00-0036795;00-0033895;00-0036417;00-0031367,Ethan Pocic;DK Metcalf;Will Dissly;Russell Wilson;Freddie Swain;Rashaad Penny;Duane Brown;Jake Curhan;Gerald Everett;Damien Lewis;Gabe Jackson,00-0036289;00-0033038;00-0033566;00-0032437;00-0031097;00-0034163;00-0036224;00-0031361;00-0034361;00-0033940;00-0036844,Ross Blacklock;Eric Murray;Desmond King;Kamu Grugier-Hill;Terrance Mitchell;Jacob Martin;Jonathan Greenard;Christian Kirksey;Justin Reid;Jaleel Johnson;Garret Wallow
2021_14_SEA_HOU,742,pass,25.0,57.0,32.0,48.0,0:50,0:02,,7.0,3.0,2.0,7.0,"3 DL, 4 LB, 4 DB",;;;;;;;;;;,11,7,5,MAN_COVERAGE,COVER_1,False,00-0033901;00-0035640;00-0034159;00-0029263;00-0036247;00-0034750;00-0026166;00-0036795;00-0033895;00-0036417;00-0031367,Ethan Pocic;DK Metcalf;Will Dissly;Russell Wilson;Freddie Swain;Rashaad Penny;Duane Brown;Jake Curhan;Gerald Everett;Damien Lewis;Gabe Jackson,00-0036289;00-0033038;00-0033566;00-0032437;00-0031097;00-0031264;00-0031361;00-0034361;00-0033940;00-0033920;00-0036844,Ross Blacklock;Eric Murray;Desmond King;Kamu Grugier-Hill;Terrance Mitchell;Chris Smith;Christian Kirksey;Justin Reid;Jaleel Johnson;Derek Rivers;Garret Wallow
2021_14_SEA_HOU,766,timeout,0.0,,,0.0,0:02,0:02,SEA,7.0,3.0,,0.0,,,0,,,,,,,,,
2021_14_SEA_HOU,783,run,32.0,32.0,0.0,2.0,0:02,0:00,,7.0,9.0,1.0,10.0,"4 DL, 3 LB, 4 DB",;;;;;;;;;;,11,8,,,,,00-0033901;00-0034159;00-0029263;00-0036620;00-0034750;00-0026166;00-0036795;00-0033895;00-0036417;00-0036244;00-0031367,Ethan Pocic;Will Dissly;Russell Wilson;Dee Eskridge;Rashaad Penny;Duane Brown;Jake Curhan;Gerald Everett;Damien Lewis;Colby Parkinson;Gabe Jackson,00-0036289;00-0033038;00-0033566;00-0032437;00-0031097;00-0034163;00-0036224;00-0031361;00-0036568;00-0034361;00-0036844,Ross Blacklock;Eric Murray;Desmond King;Kamu Grugier-Hill;Terrance Mitchell;Jacob Martin;Jonathan Greenard;Christian Kirksey;Roy Lopez;Justin Reid;Garret Wallow
2021_14_SEA_HOU,805,extra_point,0.0,15.0,15.0,0.0,0:00,0:00,,7.0,10.0,,0.0,,;;;;;;;;;;,11,,,,,,00-0035141;00-0036653;00-0034160;00-0034159;00-0034229;00-0031156;00-0036795;00-0031492;00-0036417;00-0036244;00-0031367,Phil Haynes;Stone Forsythe;Michael Dickson;Will Dissly;Dakoda Shepley;Tyler Ott;Jake Curhan;Jason Myers;Damien Lewis;Colby Parkinson;Gabe Jackson,00-0036289;00-0034163;00-0034488;00-0031740;00-0036568;00-0034278;00-0034594;00-0033131;00-0035244;00-0033920;00-0036844,Ross Blacklock;Jacob Martin;Tavierre Thomas;Neville Hewitt;Roy Lopez;Tremon Smith;A.J. Moore;Maliek Collins;Lonnie Johnson;Derek Rivers;Garret Wallow
2021_14_SEA_HOU,821,start_quarter_2,,,,0.0,0:00,0:00,,7.0,10.0,,0.0,,,0,,,,,,,,,
2021_14_SEA_HOU,838,kickoff,0.0,35.0,35.0,5.0,15:00,14:55,,7.0,10.0,,0.0,,;;;;;;;;;;,11,,,,,,00-0028292;00-0036304;00-0036413;00-0036425;00-0035142;00-0031624;00-0035022;00-0031492;00-0036802;00-0035672;00-0036056,Nick Bellore;John Reid;Darrell Taylor;DeeJay Dallas;Ugo Amadi;Edmond Robinson;Penny Hart;Jason Myers;Jon Rhattigan;Cody Barton;Gavin Heslop,00-0033038;00-0033421;00-0034485;00-0034488;00-0032128;00-0031740;00-0034278;00-0034594;00-0034838;00-0033336;00-0036844,Eric Murray;Antony Auclair;Jonathan Owens;Tavierre Thomas;Chris Conley;Neville Hewitt;Tremon Smith;A.J. Moore;Royce Freeman;Eric Wilson;Garret Wallow
2021_14_SEA_HOU,860,run,6.0,75.0,69.0,30.0,14:55,14:25,,7.0,10.0,1.0,10.0,"4 DL, 3 LB, 4 DB",;;;;;;;;;;,11,6,,,,,00-0032208;00-0033421;00-0030288;00-0031282;00-0032128;00-0036195;00-0036898;00-0033439;00-0030273;00-0030792;00-0035234,Phillip Dorsett;Antony Auclair;Rex Burkhead;Justin Britt;Chris Conley;Charlie Heck;Davis Mills;Pharaoh Brown;Lane Taylor;Justin McCray;Tytus Howard,00-0034384;00-0034831;00-0035636;00-0035094;00-0036426;00-0031608;00-0029255;00-0036409;00-0034527;00-0033543;00-0030380,D.J. Reed;Rasheem Green;L.J. Collier;Bryan Mone;Alton Robinson;Quandre Diggs;Bobby Wagner;Jordyn Brooks;Ryan Neal;Sidney Jones;Benson Mayowa
2021_14_SEA_HOU,886,run,5.0,69.0,64.0,41.0,14:25,13:44,,7.0,10.0,2.0,4.0,"4 DL, 3 LB, 4 DB",;;;;;;;;;;,11,8,,,,,00-0033421;00-0030288;00-0031282;00-0036554;00-0032128;00-0036195;00-0036898;00-0033439;00-0030273;00-0030792;00-0035234,Antony Auclair;Rex Burkhead;Justin Britt;Nico Collins;Chris Conley;Charlie Heck;Davis Mills;Pharaoh Brown;Lane Taylor;Justin McCray;Tytus Howard,00-0034384;00-0034831;00-0035636;00-0035094;00-0036426;00-0031608;00-0029255;00-0036409;00-0034527;00-0033543;00-0030380,D.J. Reed;Rasheem Green;L.J. Collier;Bryan Mone;Alton Robinson;Quandre Diggs;Bobby Wagner;Jordyn Brooks;Ryan Neal;Sidney Jones;Benson Mayowa
2021_14_SEA_HOU,907,run,-6.0,64.0,70.0,38.0,13:44,13:06,,7.0,10.0,1.0,10.0,"4 DL, 2 LB, 5 DB",;;;;;;;;;;,11,6,,,,,00-0032208;00-0031282;00-0032128;00-0036195;00-0036898;00-0033439;00-0034838;00-0030273;00-0035234;00-0031236;00-0030792,Phillip Dorsett;Justin Britt;Chris Conley;Charlie Heck;Davis Mills;Pharaoh Brown;Royce Freeman;Lane Taylor;Tytus Howard;Brandin Cooks;Justin McCray,00-0034384;00-0034831;00-0035636;00-0035094;00-0035142;00-0036426;00-0031608;00-0029255;00-0036409;00-0033543;00-0034527,D.J. Reed;Rasheem Green;L.J. Collier;Bryan Mone;Ugo Amadi;Alton Robinson;Quandre Diggs;Bobby Wagner;Jordyn Brooks;Sidney Jones;Ryan Neal
2021_14_SEA_HOU,928,pass,15.0,70.0,55.0,40.0,13:06,12:26,,7.0,10.0,2.0,16.0,"3 DL, 3 LB, 5 DB",;;;;;;;;;;,11,6,3,ZONE_COVERAGE,COVER_6,False,00-0032208;00-0036556;00-0031282;00-0036554;00-0036195;00-0036898;00-0034838;00-0030273;00-0030792;00-0035234;00-0031236,Phillip Dorsett;Brevin Jordan;Justin Britt;Nico Collins;Charlie Heck;Davis Mills;Royce Freeman;Lane Taylor;Justin McCray;Tytus Howard;Brandin Cooks,00-0034384;00-0034831;00-0027662;00-0035094;00-0035142;00-0036426;00-0031608;00-0029255;00-0036409;00-0033543;00-0034527,D.J. Reed;Rasheem Green;Carlos Dunlap;Bryan Mone;Ugo Amadi;Alton Robinson;Quandre Diggs;Bobby Wagner;Jordyn Brooks;Sidney Jones;Ryan Neal
2021_14_SEA_HOU,952,run,2.0,55.0,53.0,35.0,12:26,11:51,,7.0,10.0,3.0,1.0,"4 DL, 3 LB, 4 DB",;;;;;;;;;;,11,8,,,,,00-0036556;00-0033421;00-0030288;00-0031282;00-0036195;00-0036898;00-0033439;00-0030273;00-0031236;00-0030792;00-0035234,Brevin Jordan;Antony Auclair;Rex Burkhead;Justin Britt;Charlie Heck;Davis Mills;Pharaoh Brown;Lane Taylor;Brandin Cooks;Justin McCray;Tytus Howard,00-0034384;00-0034831;00-0035636;00-0027723;00-0036426;00-0031608;00-0029255;00-0036409;00-0034527;00-0033543;00-0030380,D.J. Reed;Rasheem Green;L.J. Collier;Al Woods;Alton Robinson;Quandre Diggs;Bobby Wagner;Jordyn Brooks;Ryan Neal;Sidney Jones;Benson Mayowa
2021_14_SEA_HOU,973,pass,8.0,53.0,45.0,45.0,11:51,11:06,,7.0,10.0,1.0,10.0,"4 DL, 3 LB, 4 DB",;;;;;;;;;;,11,6,5,ZONE_COVERAGE,COVER_4,False,00-0030288;00-0031282;00-0036554;00-0032128;00-0036195;00-0036898;00-0033439;00-0030273;00-0030792;00-0035234;00-0031236,Rex Burkhead;Justin Britt;Nico Collins;Chris Conley;Charlie Heck;Davis Mills;Pharaoh Brown;Lane Taylor;Justin McCray;Tytus Howard;Brandin Cooks,00-0034384;00-0034831;00-0035636;00-0027723;00-0036426;00-0031608;00-0029255;00-0036409;00-0034527;00-0033543;00-0030380,D.J. Reed;Rasheem Green;L.J. Collier;Al Woods;Alton Robinson;Quandre Diggs;Bobby Wagner;Jordyn Brooks;Ryan Neal;Sidney Jones;Benson Mayowa
2021_14_SEA_HOU,997,run,10.0,45.0,35.0,38.0,11:06,10:28,,7.0,10.0,2.0,2.0,"3 DL, 3 LB, 5 DB",;;;;;;;;;;,11,7,,,,,00-0033421;00-0030288;00-0031282;00-0036554;00-0032128;00-0036195;00-0036898;00-0033439;00-0030273;00-0030792;00-0035234,Antony Auclair;Rex Burkhead;Justin Britt;Nico Collins;Chris Conley;Charlie Heck;Davis Mills;Pharaoh Brown;Lane Taylor;Justin McCray;Tytus Howard,00-0034384;00-0034831;00-0027662;00-0027723;00-0035142;00-0036426;00-0031608;00-0029255;00-0036409;00-0034527;00-0033543,D.J. Reed;Rasheem Green;Carlos Dunlap;Al Woods;Ugo Amadi;Alton Robinson;Quandre Diggs;Bobby Wagner;Jordyn Brooks;Ryan Neal;Sidney Jones
2021_14_SEA_HOU,1018,pass,-9.0,35.0,44.0,44.0,10:28,9:44,,7.0,10.0,1.0,10.0,"3 DL, 3 LB, 5 DB",;;;;;;;;;;,11,7,4,,,,00-0032208;00-0031282;00-0032128;00-0036195;00-0036898;00-0033439;00-0034838;00-0030273;00-0030792;00-0035234;00-0031236,Phillip Dorsett;Justin Britt;Chris Conley;Charlie Heck;Davis Mills;Pharaoh Brown;Royce Freeman;Lane Taylor;Justin McCray;Tytus Howard;Brandin Cooks,00-0034384;00-0034831;00-0027662;00-0027723;00-0035142;00-0036426;00-0031608;00-0029255;00-0036409;00-0034527;00-0033543,D.J. Reed;Rasheem Green;Carlos Dunlap;Al Woods;Ugo Amadi;Alton Robinson;Quandre Diggs;Bobby Wagner;Jordyn Brooks;Ryan Neal;Sidney Jones
2021_14_SEA_HOU,1037,pass,11.0,44.0,33.0,43.0,9:44,9:01,,7.0,10.0,2.0,19.0,"3 DL, 3 LB, 5 DB",;;;;;;;;;;,11,4,4,ZONE_COVERAGE,COVER_2,False,00-0032208;00-0030288;00-0031282;00-0036554;00-0032128;00-0036195;00-0036898;00-0033439;00-0030273;00-0030792;00-0035234,Phillip Dorsett;Rex Burkhead;Justin Britt;Nico Collins;Chris Conley;Charlie Heck;Davis Mills;Pharaoh Brown;Lane Taylor;Justin McCray;Tytus Howard,00-0034384;00-0034831;00-0027662;00-0027723;00-0035142;00-0036426;00-0031608;00-0029255;00-0036409;00-0034527;00-0033543,D.J. Reed;Rasheem Green;Carlos Dunlap;Al Woods;Ugo Amadi;Alton Robinson;Quandre Diggs;Bobby Wagner;Jordyn Brooks;Ryan Neal;Sidney Jones
2021_14_SEA_HOU,1061,no_play,0.0,33.0,33.0,25.0,9:01,8:36,,7.0,10.0,3.0,8.0,"3 DL, 3 LB, 5 DB",;;;;;;;;;;,11,6,,,,,00-0032208;00-0030288;00-0031282;00-0032128;00-0036195;00-0036898;00-0033439;00-0030273;00-0031236;00-0030792;00-0035234,Phillip Dorsett;Rex Burkhead;Justin Britt;Chris Conley;Charlie Heck;Davis Mills;Pharaoh Brown;Lane Taylor;Brandin Cooks;Justin McCray;Tytus Howard,00-0034384;00-0034831;00-0035636;00-0027662;00-0036413;00-0035142;00-0031608;00-0029255;00-0036409;00-0033543;00-0034527,D.J. Reed;Rasheem Green;L.J. Collier;Carlos Dunlap;Darrell Taylor;Ugo Amadi;Quandre Diggs;Bobby Wagner;Jordyn Brooks;Sidney Jones;Ryan Neal
2021_14_SEA_HOU,1107,pass,12.0,43.0,31.0,40.0,8:36,7:56,,7.0,10.0,3.0,18.0,"3 DL, 3 LB, 5 DB",;;;;;;;;;;,11,4,3,ZONE_COVERAGE,COVER_2,False,00-0032208;00-0036556;00-0030288;00-0031282;00-0036554;00-0036195;00-0036898;00-0030273;00-0030792;00-0035234;00-0031236,Phillip Dorsett;Brevin Jordan;Rex Burkhead;Justin Britt;Nico Collins;Charlie Heck;Davis Mills;Lane Taylor;Justin McCray;Tytus Howard;Brandin Cooks,00-0034384;00-0035636;00-0034831;00-0027662;00-0036413;00-0035142;00-0031608;00-0029255;00-0036409;00-0034527;00-0033543,D.J. Reed;L.J. Collier;Rasheem Green;Carlos Dunlap;Darrell Taylor;Ugo Amadi;Quandre Diggs;Bobby Wagner;Jordyn Brooks;Ryan Neal;Sidney Jones
2021_14_SEA_HOU,1131,no_play,0.0,31.0,31.0,4.0,7:56,7:52,,7.0,10.0,4.0,6.0,,;;;;;;;;;;,11,,,,,,00-0033729;00-0032726;00-0033421;00-0027224;00-0036195;00-0036568;00-0033439;00-0035234;00-0035245;00-0030792;00-0034817,Cameron Johnston;Ka'imi Fairbairn;Antony Auclair;Jon Weeks;Charlie Heck;Roy Lopez;Pharaoh Brown;Tytus Howard;Max Scharping;Justin McCray;Geron Christian,00-0034384;00-0034831;00-0035094;00-0027723;00-0035142;00-0036426;00-0029255;00-0033543;00-0034234;00-0034527;00-0030946,D.J. Reed;Rasheem Green;Bryan Mone;Al Woods;Ugo Amadi;Alton Robinson;Bobby Wagner;Sidney Jones;Poona Ford;Ryan Neal;Kerry Hyder
2021_14_SEA_HOU,1165,pass,6.0,16.0,10.0,36.0,7:52,7:16,,7.0,10.0,1.0,10.0,"4 DL, 3 LB, 4 DB",;;;;;;;;;;,11,7,3,ZONE_COVERAGE,COVER_2,False,00-0033421;00-0031282;00-0036554;00-0036195;00-0036898;00-0033439;00-0034838;00-0030273;00-0030792;00-0035234;00-0031236,Antony Auclair;Justin Britt;Nico Collins;Charlie Heck;Davis Mills;Pharaoh Brown;Royce Freeman;Lane Taylor;Justin McCray;Tytus Howard;Brandin Cooks,00-0034384;00-0034831;00-0036413;00-0027723;00-0031608;00-0029255;00-0036409;00-0034234;00-0033543;00-0034527;00-0030380,D.J. Reed;Rasheem Green;Darrell Taylor;Al Woods;Quandre Diggs;Bobby Wagner;Jordyn Brooks;Poona Ford;Sidney Jones;Ryan Neal;Benson Mayowa
2021_14_SEA_HOU,1189,pass,9.0,10.0,1.0,2.0,7:16,7:14,,7.0,10.0,2.0,4.0,"4 DL, 3 LB, 4 DB",;;;;;;;;;;,11,8,4,ZONE_COVERAGE,COVER_3,False,00-0036556;00-0033421;00-0030288;00-0031282;00-0036195;00-0036898;00-0033439;00-0030273;00-0035234;00-0031236;00-0030792,Brevin Jordan;Antony Auclair;Rex Burkhead;Justin Britt;Charlie Heck;Davis Mills;Pharaoh Brown;Lane Taylor;Tytus Howard;Brandin Cooks;Justin McCray,00-0034384;00-0034831;00-0036413;00-0027723;00-0031608;00-0029255;00-0036409;00-0034234;00-0034527;00-0033543;00-0030380,D.J. Reed;Rasheem Green;Darrell Taylor;Al Woods;Quandre Diggs;Bobby Wagner;Jordyn Brooks;Poona Ford;Ryan Neal;Sidney Jones;Benson Mayowa
2021_14_SEA_HOU,1215,no_play,0.0,1.0,1.0,18.0,7:14,6:56,,7.0,10.0,1.0,1.0,"5 DL, 3 LB, 3 DB",;;;;;;;;;;,11,10,,,,,00-0036556;00-0033421;00-0030288;00-0031282;00-0036195;00-0036898;00-0033439;00-0030273;00-0030792;00-0035234;00-0035245,Brevin Jordan;Antony Auclair;Rex Burkhead;Justin Britt;Charlie Heck;Davis Mills;Pharaoh Brown;Lane Taylor;Justin McCray;Tytus Howard;Max Scharping,00-0034831;00-0035094;00-0027723;00-0035294;00-0031608;00-0029255;00-0036409;00-0034234;00-0034527;00-0030946;00-0035672,Rasheem Green;Bryan Mone;Al Woods;Blessuan Austin;Quandre Diggs;Bobby Wagner;Jordyn Brooks;Poona Ford;Ryan Neal;Kerry Hyder;Cody Barton
2021_14_SEA_HOU,1249,pass,0.0,5.0,5.0,5.0,6:56,6:51,,7.0,10.0,1.0,5.0,"4 DL, 3 LB, 4 DB",;;;;;;;;;;,11,7,4,ZONE_COVERAGE,COVER_4,True,00-0032208;00-0036556;00-0030288;00-0031282;00-0036554;00-0036195;00-0036898;00-0030273;00-0030792;00-0035234;00-0031236,Phillip Dorsett;Brevin Jordan;Rex Burkhead;Justin Britt;Nico Collins;Charlie Heck;Davis Mills;Lane Taylor;Justin McCray;Tytus Howard;Brandin Cooks,00-0034384;00-0034831;00-0036413;00-0027723;00-0031608;00-0029255;00-0036409;00-0034527;00-0033543;00-0034234;00-0030380,D.J. Reed;Rasheem Green;Darrell Taylor;Al Woods;Quandre Diggs;Bobby Wagner;Jordyn Brooks;Ryan Neal;Sidney Jones;Poona Ford;Benson Mayowa
2021_14_SEA_HOU,1275,run,2.0,5.0,3.0,39.0,6:51,6:12,,7.0,10.0,2.0,5.0,"4 DL, 3 LB, 4 DB",;;;;;;;;;;,11,7,,,,,00-0036556;00-0033421;00-0030288;00-0031282;00-0036195;00-0036898;00-0033439;00-0030273;00-0030792;00-0035234;00-0031236,Brevin Jordan;Antony Auclair;Rex Burkhead;Justin Britt;Charlie Heck;Davis Mills;Pharaoh Brown;Lane Taylor;Justin McCray;Tytus Howard;Brandin Cooks,00-0034384;00-0034831;00-0036413;00-0027723;00-0031608;00-0029255;00-0036409;00-0033543;00-0034234;00-0034527;00-0030380,D.J. Reed;Rasheem Green;Darrell Taylor;Al Woods;Quandre Diggs;Bobby Wagner;Jordyn Brooks;Sidney Jones;Poona Ford;Ryan Neal;Benson Mayowa
2021_14_SEA_HOU,1296,pass,0.0,3.0,3.0,4.0,6:12,6:08,,7.0,10.0,3.0,3.0,"4 DL, 3 LB, 4 DB",;;;;;;;;;;,11,8,3,ZONE_COVERAGE,COVER_4,True,00-0036556;00-0033421;00-0030288;00-0031282;00-0036554;00-0036195;00-0036898;00-0033439;00-0030273;00-0030792;00-0035234,Brevin Jordan;Antony Auclair;Rex Burkhead;Justin Britt;Nico Collins;Charlie Heck;Davis Mills;Pharaoh Brown;Lane Taylor;Justin McCray;Tytus Howard,00-0034384;00-0034831;00-0036413;00-0027723;00-0031608;00-0029255;00-0036409;00-0034234;00-0034527;00-0033543;00-0030380,D.J. Reed;Rasheem Green;Darrell Taylor;Al Woods;Quandre Diggs;Bobby Wagner;Jordyn Brooks;Poona Ford;Ryan Neal;Sidney Jones;Benson Mayowa
2021_14_SEA_HOU,1318,timeout,0.0,,,0.0,6:08,6:08,HOU,7.0,10.0,,0.0,,,0,,,,,,,,,
2021_14_SEA_HOU,1335,field_goal,0.0,3.0,3.0,3.0,6:08,6:05,,10.0,10.0,4.0,3.0,,;;;;;;;;;;,11,,,,,,00-0033729;00-0032726;00-0033421;00-0027224;00-0036195;00-0036568;00-0033439;00-0035234;00-0035245;00-0030792;00-0034817,Cameron Johnston;Ka'imi Fairbairn;Antony Auclair;Jon Weeks;Charlie Heck;Roy Lopez;Pharaoh Brown;Tytus Howard;Max Scharping;Justin McCray;Geron Christian,00-0034384;00-0034831;00-0035636;00-0027723;00-0035142;00-0036426;00-0029255;00-0033543;00-0034234;00-0034527;00-0030946,D.J. Reed;Rasheem Green;L.J. Collier;Al Woods;Ugo Amadi;Alton Robinson;Bobby Wagner;Sidney Jones;Poona Ford;Ryan Neal;Kerry Hyder
2021_14_SEA_HOU,1354,kickoff,0.0,35.0,35.0,4.0,6:05,6:01,,10.0,10.0,,0.0,,;;;;;;;;;;,11,,,,,,00-0035995;00-0033566;00-0032726;00-0034485;00-0034488;00-0031740;00-0034278;00-0034594;00-0035244;00-0033336;00-0036844,Grayland Arnold;Desmond King;Ka'imi Fairbairn;Jonathan Owens;Tavierre Thomas;Neville Hewitt;Tremon Smith;A.J. Moore;Lonnie Johnson;Eric Wilson;Garret Wallow,00-0028292;00-0036425;00-0036426;00-0034159;00-0036247;00-0031624;00-0036409;00-0036244;00-0036802;00-0035672;00-0036056,Nick Bellore;DeeJay Dallas;Alton Robinson;Will Dissly;Freddie Swain;Edmond Robinson;Jordyn Brooks;Colby Parkinson;Jon Rhattigan;Cody Barton;Gavin Heslop
2021_14_SEA_HOU,1376,no_play,0.0,87.0,87.0,6.0,6:01,5:55,,10.0,10.0,1.0,10.0,"4 DL, 3 LB, 4 DB",;;;;;;;;;;,11,8,,,,,00-0032426;00-0033901;00-0035640;00-0032211;00-0034159;00-0029263;00-0026166;00-0036795;00-0033895;00-0036417;00-0031367,Alex Collins;Ethan Pocic;DK Metcalf;Tyler Lockett;Will Dissly;Russell Wilson;Duane Brown;Jake Curhan;Gerald Everett;Damien Lewis;Gabe Jackson,00-0033038;00-0033566;00-0032437;00-0031097;00-0034163;00-0036224;00-0031361;00-0034361;00-0033940;00-0033131;00-0036844,Eric Murray;Desmond King;Kamu Grugier-Hill;Terrance Mitchell;Jacob Martin;Jonathan Greenard;Christian Kirksey;Justin Reid;Jaleel Johnson;Maliek Collins;Garret Wallow
2021_14_SEA_HOU,1422,run,7.0,71.0,64.0,37.0,5:55,5:18,,10.0,10.0,1.0,10.0,"4 DL, 2 LB, 5 DB",;;;;;;;;;;,11,7,,,,,00-0032426;00-0033901;00-0035640;00-0032211;00-0034159;00-0029263;00-0036620;00-0026166;00-0036795;00-0036417;00-0031367,Alex Collins;Ethan Pocic;DK Metcalf;Tyler Lockett;Will Dissly;Russell Wilson;Dee Eskridge;Duane Brown;Jake Curhan;Damien Lewis;Gabe Jackson,00-0033038;00-0033566;00-0032437;00-0031097;00-0034163;00-0034488;00-0036224;00-0031361;00-0034361;00-0033940;00-0033131,Eric Murray;Desmond King;Kamu Grugier-Hill;Terrance Mitchell;Jacob Martin;Tavierre Thomas;Jonathan Greenard;Christian Kirksey;Justin Reid;Jaleel Johnson;Maliek Collins
2021_14_SEA_HOU,1443,run,-3.0,64.0,67.0,41.0,5:18,4:37,,10.0,10.0,2.0,3.0,"4 DL, 2 LB, 5 DB",;;;;;;;;;;,11,6,,,,,00-0032426;00-0033901;00-0035640;00-0032211;00-0029263;00-0034159;00-0036620;00-0026166;00-0036795;00-0036417;00-0031367,Alex Collins;Ethan Pocic;DK Metcalf;Tyler Lockett;Russell Wilson;Will Dissly;Dee Eskridge;Duane Brown;Jake Curhan;Damien Lewis;Gabe Jackson,00-0033038;00-0033566;00-0032437;00-0031097;00-0034163;00-0034488;00-0036224;00-0031361;00-0034361;00-0033940;00-0033131,Eric Murray;Desmond King;Kamu Grugier-Hill;Terrance Mitchell;Jacob Martin;Tavierre Thomas;Jonathan Greenard;Christian Kirksey;Justin Reid;Jaleel Johnson;Maliek Collins
2021_14_SEA_HOU,1464,run,8.0,67.0,59.0,46.0,4:37,3:51,,10.0,10.0,3.0,6.0,"4 DL, 2 LB, 5 DB",;;;;;;;;;;,11,6,4,,,,00-0033901;00-0035640;00-0036425;00-0032211;00-0029263;00-0036620;00-0026166;00-0036795;00-0033895;00-0036417;00-0031367,Ethan Pocic;DK Metcalf;DeeJay Dallas;Tyler Lockett;Russell Wilson;Dee Eskridge;Duane Brown;Jake Curhan;Gerald Everett;Damien Lewis;Gabe Jackson,00-0036289;00-0033038;00-0033566;00-0032437;00-0031097;00-0034163;00-0034488;00-0036224;00-0031361;00-0034361;00-0033131,Ross Blacklock;Eric Murray;Desmond King;Kamu Grugier-Hill;Terrance Mitchell;Jacob Martin;Tavierre Thomas;Jonathan Greenard;Christian Kirksey;Justin Reid;Maliek Collins
2021_14_SEA_HOU,1485,no_play,0.0,59.0,59.0,28.0,3:51,3:23,,10.0,10.0,1.0,10.0,"3 DL, 4 LB, 4 DB",;;;;;;;;;;,11,,,,,,00-0033901;00-0032211;00-0034159;00-0029263;00-0034750;00-0026166;00-0036795;00-0035022;00-0033895;00-0036417;00-0031367,Ethan Pocic;Tyler Lockett;Will Dissly;Russell Wilson;Rashaad Penny;Duane Brown;Jake Curhan;Penny Hart;Gerald Everett;Damien Lewis;Gabe Jackson,00-0036289;00-0033038;00-0033566;00-0031097;00-0031264;00-0031361;00-0036568;00-0034361;00-0033336;00-0033920;00-0036844,Ross Blacklock;Eric Murray;Desmond King;Terrance Mitchell;Chris Smith;Christian Kirksey;Roy Lopez;Justin Reid;Eric Wilson;Derek Rivers;Garret Wallow
2021_14_SEA_HOU,1512,pass,16.0,64.0,48.0,28.0,3:23,2:55,,10.0,10.0,1.0,15.0,"3 DL, 3 LB, 5 DB",;;;;;;;;;;,11,6,6,ZONE_COVERAGE,COVER_3,False,00-0033901;00-0032211;00-0034159;00-0036620;00-0029263;00-0034750;00-0026166;00-0036795;00-0035022;00-0036417;00-0031367,Ethan Pocic;Tyler Lockett;Will Dissly;Dee Eskridge;Russell Wilson;Rashaad Penny;Duane Brown;Jake Curhan;Penny Hart;Damien Lewis;Gabe Jackson,00-0036289;00-0033038;00-0033566;00-0031097;00-0031264;00-0034488;00-0031361;00-0036568;00-0034361;00-0033336;00-0033920,Ross Blacklock;Eric Murray;Desmond King;Terrance Mitchell;Chris Smith;Tavierre Thomas;Christian Kirksey;Roy Lopez;Justin Reid;Eric Wilson;Derek Rivers
2021_14_SEA_HOU,1536,run,5.0,48.0,43.0,38.0,2:55,2:17,,10.0,10.0,1.0,10.0,"3 DL, 3 LB, 5 DB",;;;;;;;;;;,11,7,,,,,00-0033901;00-0032211;00-0034159;00-0029263;00-0036620;00-0034750;00-0026166;00-0036795;00-0035022;00-0036417;00-0031367,Ethan Pocic;Tyler Lockett;Will Dissly;Russell Wilson;Dee Eskridge;Rashaad Penny;Duane Brown;Jake Curhan;Penny Hart;Damien Lewis;Gabe Jackson,00-0036289;00-0033038;00-0033566;00-0032437;00-0031097;00-0031264;00-0034488;00-0031361;00-0036568;00-0034361;00-0033920,Ross Blacklock;Eric Murray;Desmond King;Kamu Grugier-Hill;Terrance Mitchell;Chris Smith;Tavierre Thomas;Christian Kirksey;Roy Lopez;Justin Reid;Derek Rivers
2021_14_SEA_HOU,1557,pass,0.0,43.0,43.0,6.0,2:17,2:11,,10.0,10.0,2.0,5.0,"3 DL, 3 LB, 5 DB",;;;;;;;;;;,11,7,4,MAN_COVERAGE,COVER_1,False,00-0033901;00-0035640;00-0032211;00-0034159;00-0029263;00-0036247;00-0034750;00-0026166;00-0036795;00-0036417;00-0031367,Ethan Pocic;DK Metcalf;Tyler Lockett;Will Dissly;Russell Wilson;Freddie Swain;Rashaad Penny;Duane Brown;Jake Curhan;Damien Lewis;Gabe Jackson,00-0033038;00-0033566;00-0032437;00-0031097;00-0031264;00-0034488;00-0031361;00-0034361;00-0033940;00-0033131;00-0033920,Eric Murray;Desmond King;Kamu Grugier-Hill;Terrance Mitchell;Chris Smith;Tavierre Thomas;Christian Kirksey;Justin Reid;Jaleel Johnson;Maliek Collins;Derek Rivers
2021_14_SEA_HOU,1579,pass,0.0,43.0,43.0,6.0,2:11,2:05,,10.0,10.0,3.0,5.0,"3 DL, 3 LB, 5 DB",;;;;;;;;;;,11,5,4,MAN_COVERAGE,COVER_1,False,00-0033901;00-0035640;00-0036425;00-0032211;00-0029263;00-0036247;00-0026166;00-0036795;00-0033895;00-0036417;00-0031367,Ethan Pocic;DK Metcalf;DeeJay Dallas;Tyler Lockett;Russell Wilson;Freddie Swain;Duane Brown;Jake Curhan;Gerald Everett;Damien Lewis;Gabe Jackson,00-0036289;00-0033038;00-0033566;00-0032437;00-0031097;00-0031264;00-0034488;00-0031361;00-0034361;00-0033131;00-0033920,Ross Blacklock;Eric Murray;Desmond King;Kamu Grugier-Hill;Terrance Mitchell;Chris Smith;Tavierre Thomas;Christian Kirksey;Justin Reid;Maliek Collins;Derek Rivers
2021_14_SEA_HOU,1601,punt,0.0,43.0,43.0,9.0,2:05,1:56,,10.0,10.0,4.0,5.0,,;;;;;;;;;;,11,,,,,,00-0028292;00-0036304;00-0036425;00-0034160;00-0034159;00-0031624;00-0036409;00-0031156;00-0035022;00-0036802;00-0035672,Nick Bellore;John Reid;DeeJay Dallas;Michael Dickson;Will Dissly;Edmond Robinson;Jordyn Brooks;Tyler Ott;Penny Hart;Jon Rhattigan;Cody Barton,00-0036289;00-0033038;00-0033566;00-0034163;00-0034488;00-0031740;00-0034278;00-0034594;00-0033131;00-0033920;00-0036844,Ross Blacklock;Eric Murray;Desmond King;Jacob Martin;Tavierre Thomas;Neville Hewitt;Tremon Smith;A.J. Moore;Maliek Collins;Derek Rivers;Garret Wallow
2021_14_SEA_HOU,1638,run,2.0,98.0,96.0,38.0,1:56,1:18,,10.0,10.0,1.0,10.0,"4 DL, 3 LB, 4 DB",;;;;;;;;;;,11,8,,,,,00-0032208;00-0033421;00-0030288;00-0031282;00-0036195;00-0034364;00-0036898;00-0033439;00-0030273;00-0030792;00-0035234,Phillip Dorsett;Antony Auclair;Rex Burkhead;Justin Britt;Charlie Heck;Jordan Akins;Davis Mills;Pharaoh Brown;Lane Taylor;Justin McCray;Tytus Howard,00-0034384;00-0034831;00-0036413;00-0027723;00-0035294;00-0031608;00-0029255;00-0036409;00-0034234;00-0034527;00-0030380,D.J. Reed;Rasheem Green;Darrell Taylor;Al Woods;Blessuan Austin;Quandre Diggs;Bobby Wagner;Jordyn Brooks;Poona Ford;Ryan Neal;Benson Mayowa
2021_14_SEA_HOU,1659,run,-1.0,96.0,97.0,5.0,1:18,1:13,,10.0,10.0,2.0,8.0,"4 DL, 3 LB, 4 DB",;;;;;;;;;;,11,8,,,,,00-0033421;00-0030288;00-0031282;00-0036195;00-0034364;00-0036898;00-0033439;00-0030273;00-0030792;00-0035234;00-0031236,Antony Auclair;Rex Burkhead;Justin Britt;Charlie Heck;Jordan Akins;Davis Mills;Pharaoh Brown;Lane Taylor;Justin McCray;Tytus Howard;Brandin Cooks,00-0034384;00-0034831;00-0036413;00-0027723;00-0035294;00-0031608;00-0029255;00-0036409;00-0034234;00-0034527;00-0030380,D.J. Reed;Rasheem Green;Darrell Taylor;Al Woods;Blessuan Austin;Quandre Diggs;Bobby Wagner;Jordyn Brooks;Poona Ford;Ryan Neal;Benson Mayowa
2021_14_SEA_HOU,1680,timeout,0.0,,,0.0,1:13,1:13,SEA,10.0,10.0,,0.0,,,0,,,,,,,,,
2021_14_SEA_HOU,1697,run,5.0,97.0,92.0,6.0,1:13,1:07,,10.0,10.0,3.0,9.0,"3 DL, 3 LB, 5 DB",;;;;;;;;;;,11,5,4,,,,00-0032208;00-0036556;00-0030288;00-0031282;00-0036554;00-0036195;00-0036898;00-0030273;00-0035234;00-0031236;00-0030792,Phillip Dorsett;Brevin Jordan;Rex Burkhead;Justin Britt;Nico Collins;Charlie Heck;Davis Mills;Lane Taylor;Tytus Howard;Brandin Cooks;Justin McCray,00-0034384;00-0035636;00-0034831;00-0027662;00-0036413;00-0035142;00-0035294;00-0031608;00-0029255;00-0036409;00-0034527,D.J. Reed;L.J. Collier;Rasheem Green;Carlos Dunlap;Darrell Taylor;Ugo Amadi;Blessuan Austin;Quandre Diggs;Bobby Wagner;Jordyn Brooks;Ryan Neal
2021_14_SEA_HOU,1723,punt,0.0,92.0,92.0,7.0,1:07,1:00,,10.0,10.0,4.0,4.0,,;;;;;;;;;;,11,,,,,,00-0033729;00-0033421;00-0034485;00-0027224;00-0031740;00-0034361;00-0034278;00-0034594;00-0033439;00-0036844;00-0033336,Cameron Johnston;Antony Auclair;Jonathan Owens;Jon Weeks;Neville Hewitt;Justin Reid;Tremon Smith;A.J. Moore;Pharaoh Brown;Garret Wallow;Eric Wilson,00-0028292;00-0036304;00-0036425;00-0035142;00-0035294;00-0036247;00-0031624;00-0035022;00-0036802;00-0035672;00-0036056,Nick Bellore;John Reid;DeeJay Dallas;Ugo Amadi;Blessuan Austin;Freddie Swain;Edmond Robinson;Penny Hart;Jon Rhattigan;Cody Barton;Gavin Heslop
2021_14_SEA_HOU,1742,pass,55.0,55.0,0.0,8.0,1:00,0:52,,10.0,16.0,1.0,10.0,"4 DL, 2 LB, 5 DB",;;;;;;;;;;,11,6,4,ZONE_COVERAGE,COVER_3,True,00-0033901;00-0035640;00-0036425;00-0032211;00-0029263;00-0036620;00-0026166;00-0036795;00-0033895;00-0036417;00-0031367,Ethan Pocic;DK Metcalf;DeeJay Dallas;Tyler Lockett;Russell Wilson;Dee Eskridge;Duane Brown;Jake Curhan;Gerald Everett;Damien Lewis;Gabe Jackson,00-0033038;00-0033566;00-0032437;00-0031097;00-0034163;00-0034488;00-0036224;00-0031361;00-0036568;00-0034361;00-0033131,Eric Murray;Desmond King;Kamu Grugier-Hill;Terrance Mitchell;Jacob Martin;Tavierre Thomas;Jonathan Greenard;Christian Kirksey;Roy Lopez;Justin Reid;Maliek Collins
2021_14_SEA_HOU,1762,extra_point,0.0,15.0,15.0,0.0,0:52,0:52,,10.0,16.0,,0.0,,;;;;;;;;;;,11,,,,,,00-0035141;00-0036653;00-0034160;00-0034159;00-0034229;00-0031156;00-0036795;00-0031492;00-0036417;00-0036244;00-0031367,Phil Haynes;Stone Forsythe;Michael Dickson;Will Dissly;Dakoda Shepley;Tyler Ott;Jake Curhan;Jason Myers;Damien Lewis;Colby Parkinson;Gabe Jackson,00-0036289;00-0034163;00-0034488;00-0031740;00-0036568;00-0034278;00-0034594;00-0033131;00-0035244;00-0033920;00-0036844,Ross Blacklock;Jacob Martin;Tavierre Thomas;Neville Hewitt;Roy Lopez;Tremon Smith;A.J. Moore;Maliek Collins;Lonnie Johnson;Derek Rivers;Garret Wallow
2021_14_SEA_HOU,1778,kickoff,0.0,35.0,35.0,11.0,0:52,0:41,,10.0,16.0,,0.0,,;;;;;;;;;;,11,,,,,,00-0028292;00-0036304;00-0036413;00-0036425;00-0035142;00-0031624;00-0035022;00-0031492;00-0036802;00-0035672;00-0036056,Nick Bellore;John Reid;Darrell Taylor;DeeJay Dallas;Ugo Amadi;Edmond Robinson;Penny Hart;Jason Myers;Jon Rhattigan;Cody Barton;Gavin Heslop,00-0033038;00-0033421;00-0034485;00-0034488;00-0031740;00-0032128;00-0034278;00-0034594;00-0034838;00-0033336;00-0036844,Eric Murray;Antony Auclair;Jonathan Owens;Tavierre Thomas;Neville Hewitt;Chris Conley;Tremon Smith;A.J. Moore;Royce Freeman;Eric Wilson;Garret Wallow
2021_14_SEA_HOU,1800,pass,0.0,58.0,58.0,4.0,0:41,0:37,,10.0,16.0,1.0,10.0,"3 DL, 3 LB, 5 DB",;;;;;;;;;;,11,5,4,ZONE_COVERAGE,COVER_2,True,00-0032208;00-0036556;00-0030288;00-0031282;00-0036554;00-0036195;00-0036898;00-0030273;00-0030792;00-0035234;00-0031236,Phillip Dorsett;Brevin Jordan;Rex Burkhead;Justin Britt;Nico Collins;Charlie Heck;Davis Mills;Lane Taylor;Justin McCray;Tytus Howard;Brandin Cooks,00-0034384;00-0035636;00-0034831;00-0027662;00-0035142;00-0035294;00-0036426;00-0031608;00-0029255;00-0036409;00-0034527,D.J. Reed;L.J. Collier;Rasheem Green;Carlos Dunlap;Ugo Amadi;Blessuan Austin;Alton Robinson;Quandre Diggs;Bobby Wagner;Jordyn Brooks;Ryan Neal
2021_14_SEA_HOU,1822,pass,18.0,58.0,40.0,16.0,0:37,0:21,,10.0,16.0,2.0,10.0,"3 DL, 3 LB, 5 DB",;;;;;;;;;;,11,5,4,ZONE_COVERAGE,COVER_2,False,00-0032208;00-0036556;00-0030288;00-0031282;00-0036554;00-0036195;00-0036898;00-0030273;00-0030792;00-0035234;00-0031236,Phillip Dorsett;Brevin Jordan;Rex Burkhead;Justin Britt;Nico Collins;Charlie Heck;Davis Mills;Lane Taylor;Justin McCray;Tytus Howard;Brandin Cooks,00-0034384;00-0035636;00-0034831;00-0027662;00-0035142;00-0035294;00-0036426;00-0031608;00-0029255;00-0036409;00-0034527,D.J. Reed;L.J. Collier;Rasheem Green;Carlos Dunlap;Ugo Amadi;Blessuan Austin;Alton Robinson;Quandre Diggs;Bobby Wagner;Jordyn Brooks;Ryan Neal
2021_14_SEA_HOU,1851,qb_spike,0.0,40.0,40.0,1.0,0:21,0:20,,10.0,16.0,1.0,10.0,"3 DL, 3 LB, 5 DB",;;;;;;;;;;,11,5,0,ZONE_COVERAGE,COVER_2,,00-0032208;00-0036556;00-0030288;00-0031282;00-0036554;00-0036195;00-0036898;00-0030273;00-0030792;00-0035234;00-0031236,Phillip Dorsett;Brevin Jordan;Rex Burkhead;Justin Britt;Nico Collins;Charlie Heck;Davis Mills;Lane Taylor;Justin McCray;Tytus Howard;Brandin Cooks,00-0034384;00-0035636;00-0034831;00-0027662;00-0035142;00-0035294;00-0036426;00-0031608;00-0029255;00-0036409;00-0034527,D.J. Reed;L.J. Collier;Rasheem Green;Carlos Dunlap;Ugo Amadi;Blessuan Austin;Alton Robinson;Quandre Diggs;Bobby Wagner;Jordyn Brooks;Ryan Neal
2021_14_SEA_HOU,1873,pass,0.0,40.0,40.0,4.0,0:20,0:16,,10.0,16.0,2.0,10.0,"3 DL, 3 LB, 5 DB",;;;;;;;;;;,11,6,4,ZONE_COVERAGE,COVER_4,True,00-0036556;00-0030288;00-0031282;00-0036554;00-0032128;00-0036195;00-0036898;00-0030273;00-0035234;00-0030792;00-0031236,Brevin Jordan;Rex Burkhead;Justin Britt;Nico Collins;Chris Conley;Charlie Heck;Davis Mills;Lane Taylor;Tytus Howard;Justin McCray;Brandin Cooks,00-0034384;00-0035636;00-0034831;00-0027662;00-0036413;00-0035142;00-0035294;00-0031608;00-0029255;00-0036409;00-0034527,D.J. Reed;L.J. Collier;Rasheem Green;Carlos Dunlap;Darrell Taylor;Ugo Amadi;Blessuan Austin;Quandre Diggs;Bobby Wagner;Jordyn Brooks;Ryan Neal
2021_14_SEA_HOU,1901,no_play,0.0,40.0,40.0,6.0,0:16,0:10,,10.0,16.0,3.0,10.0,"3 DL, 3 LB, 5 DB",;;;;;;;;;;,11,4,,,,,00-0036556;00-0030288;00-0031282;00-0036554;00-0032128;00-0036195;00-0036898;00-0030273;00-0030792;00-0035234;00-0031236,Brevin Jordan;Rex Burkhead;Justin Britt;Nico Collins;Chris Conley;Charlie Heck;Davis Mills;Lane Taylor;Justin McCray;Tytus Howard;Brandin Cooks,00-0034384;00-0035636;00-0034831;00-0027662;00-0036413;00-0035142;00-0035294;00-0031608;00-0029255;00-0036409;00-0034527,D.J. Reed;L.J. Collier;Rasheem Green;Carlos Dunlap;Darrell Taylor;Ugo Amadi;Blessuan Austin;Quandre Diggs;Bobby Wagner;Jordyn Brooks;Ryan Neal
2021_14_SEA_HOU,1934,pass,7.0,50.0,43.0,6.0,0:10,0:04,,10.0,16.0,3.0,20.0,"3 DL, 3 LB, 5 DB",;;;;;;;;;;,11,4,3,ZONE_COVERAGE,COVER_4,True,00-0030288;00-0031282;00-0036554;00-0032128;00-0036195;00-0034364;00-0036898;00-0030273;00-0030792;00-0035234;00-0031236,Rex Burkhead;Justin Britt;Nico Collins;Chris Conley;Charlie Heck;Jordan Akins;Davis Mills;Lane Taylor;Justin McCray;Tytus Howard;Brandin Cooks,00-0034384;00-0027662;00-0036413;00-0035142;00-0035294;00-0031608;00-0029255;00-0036409;00-0034234;00-0034527;00-0030946,D.J. Reed;Carlos Dunlap;Darrell Taylor;Ugo Amadi;Blessuan Austin;Quandre Diggs;Bobby Wagner;Jordyn Brooks;Poona Ford;Ryan Neal;Kerry Hyder
2021_14_SEA_HOU,1958,timeout,0.0,,,0.0,0:04,0:04,HOU,10.0,16.0,,0.0,,,0,,,,,,,,,
2021_14_SEA_HOU,1975,field_goal,0.0,43.0,43.0,4.0,0:04,0:00,,13.0,16.0,4.0,13.0,,;;;;;;;;;;,11,,,,,,00-0033729;00-0032726;00-0033421;00-0027224;00-0036195;00-0036568;00-0033439;00-0035234;00-0035245;00-0030792;00-0034817,Cameron Johnston;Ka'imi Fairbairn;Antony Auclair;Jon Weeks;Charlie Heck;Roy Lopez;Pharaoh Brown;Tytus Howard;Max Scharping;Justin McCray;Geron Christian,00-0034831;00-0035636;00-0035640;00-0027723;00-0035142;00-0036426;00-0029255;00-0034234;00-0033543;00-0034527;00-0030946,Rasheem Green;L.J. Collier;DK Metcalf;Al Woods;Ugo Amadi;Alton Robinson;Bobby Wagner;Poona Ford;Sidney Jones;Ryan Neal;Kerry Hyder
2021_14_SEA_HOU,1994,start_quarter_3,,,,0.0,0:00,0:00,,13.0,16.0,,0.0,,,0,,,,,,,,,
2021_14_SEA_HOU,2011,kickoff,0.0,35.0,35.0,4.0,15:00,14:56,,13.0,16.0,,0.0,,;;;;;;;;;;,11,,,,,,00-0035995;00-0032726;00-0031097;00-0034485;00-0034488;00-0031740;00-0034278;00-0034594;00-0035244;00-0033336;00-0036844,Grayland Arnold;Ka'imi Fairbairn;Terrance Mitchell;Jonathan Owens;Tavierre Thomas;Neville Hewitt;Tremon Smith;A.J. Moore;Lonnie Johnson;Eric Wilson;Garret Wallow,00-0028292;00-0036425;00-0036426;00-0034159;00-0036247;00-0031624;00-0036409;00-0036244;00-0036802;00-0035672;00-0036056,Nick Bellore;DeeJay Dallas;Alton Robinson;Will Dissly;Freddie Swain;Edmond Robinson;Jordyn Brooks;Colby Parkinson;Jon Rhattigan;Cody Barton;Gavin Heslop
2021_14_SEA_HOU,2044,run,9.0,83.0,74.0,31.0,14:56,14:25,,13.0,16.0,1.0,10.0,"4 DL, 2 LB, 5 DB",;;;;;;;;;;,11,7,,,,,00-0033901;00-0035640;00-0032211;00-0034159;00-0036620;00-0029263;00-0034750;00-0026166;00-0036795;00-0036417;00-0031367,Ethan Pocic;DK Metcalf;Tyler Lockett;Will Dissly;Dee Eskridge;Russell Wilson;Rashaad Penny;Duane Brown;Jake Curhan;Damien Lewis;Gabe Jackson,00-0033038;00-0033566;00-0032437;00-0034163;00-0034488;00-0036224;00-0031361;00-0036568;00-0034361;00-0033131;00-0035244,Eric Murray;Desmond King;Kamu Grugier-Hill;Jacob Martin;Tavierre Thomas;Jonathan Greenard;Christian Kirksey;Roy Lopez;Justin Reid;Maliek Collins;Lonnie Johnson
2021_14_SEA_HOU,2070,run,3.0,74.0,71.0,34.0,14:25,13:51,,13.0,16.0,2.0,1.0,"4 DL, 2 LB, 5 DB",;;;;;;;;;;,11,7,,,,,00-0033901;00-0035640;00-0032211;00-0034159;00-0029263;00-0036620;00-0034750;00-0026166;00-0036795;00-0036417;00-0031367,Ethan Pocic;DK Metcalf;Tyler Lockett;Will Dissly;Russell Wilson;Dee Eskridge;Rashaad Penny;Duane Brown;Jake Curhan;Damien Lewis;Gabe Jackson,00-0033038;00-0033566;00-0032437;00-0034163;00-0034488;00-0036224;00-0031361;00-0036568;00-0034361;00-0033131;00-0035244,Eric Murray;Desmond King;Kamu Grugier-Hill;Jacob Martin;Tavierre Thomas;Jonathan Greenard;Christian Kirksey;Roy Lopez;Justin Reid;Maliek Collins;Lonnie Johnson
2021_14_SEA_HOU,2091,pass,0.0,71.0,71.0,7.0,13:51,13:44,,13.0,16.0,1.0,10.0,"4 DL, 2 LB, 5 DB",;;;;;;;;;;,11,7,5,MAN_COVERAGE,COVER_1,True,00-0032426;00-0033901;00-0035640;00-0032211;00-0034159;00-0036620;00-0029263;00-0026166;00-0036795;00-0036417;00-0031367,Alex Collins;Ethan Pocic;DK Metcalf;Tyler Lockett;Will Dissly;Dee Eskridge;Russell Wilson;Duane Brown;Jake Curhan;Damien Lewis;Gabe Jackson,00-0033038;00-0033566;00-0032437;00-0034163;00-0034488;00-0036224;00-0031361;00-0036568;00-0034361;00-0033131;00-0035244,Eric Murray;Desmond King;Kamu Grugier-Hill;Jacob Martin;Tavierre Thomas;Jonathan Greenard;Christian Kirksey;Roy Lopez;Justin Reid;Maliek Collins;Lonnie Johnson
2021_14_SEA_HOU,2113,pass,0.0,71.0,71.0,3.0,13:44,13:41,,13.0,16.0,2.0,10.0,"4 DL, 2 LB, 5 DB",;;;;;;;;;;,11,6,4,ZONE_COVERAGE,COVER_2,False,00-0032426;00-0033901;00-0035640;00-0034159;00-0036620;00-0029263;00-0036247;00-0026166;00-0036795;00-0036417;00-0031367,Alex Collins;Ethan Pocic;DK Metcalf;Will Dissly;Dee Eskridge;Russell Wilson;Freddie Swain;Duane Brown;Jake Curhan;Damien Lewis;Gabe Jackson,00-0033038;00-0033566;00-0032437;00-0034163;00-0034488;00-0036224;00-0031361;00-0036568;00-0034361;00-0033131;00-0035244,Eric Murray;Desmond King;Kamu Grugier-Hill;Jacob Martin;Tavierre Thomas;Jonathan Greenard;Christian Kirksey;Roy Lopez;Justin Reid;Maliek Collins;Lonnie Johnson
2021_14_SEA_HOU,2135,pass,0.0,71.0,71.0,5.0,13:41,13:36,,13.0,16.0,3.0,10.0,"4 DL, 2 LB, 5 DB",;;;;;;;;;;,11,5,4,ZONE_COVERAGE,COVER_3,False,00-0033901;00-0035640;00-0032211;00-0036620;00-0029263;00-0036247;00-0026166;00-0036795;00-0033895;00-0036417;00-0031367,Ethan Pocic;DK Metcalf;Tyler Lockett;Dee Eskridge;Russell Wilson;Freddie Swain;Duane Brown;Jake Curhan;Gerald Everett;Damien Lewis;Gabe Jackson,00-0036289;00-0033038;00-0033566;00-0032437;00-0034163;00-0034488;00-0036224;00-0031361;00-0034361;00-0033131;00-0035244,Ross Blacklock;Eric Murray;Desmond King;Kamu Grugier-Hill;Jacob Martin;Tavierre Thomas;Jonathan Greenard;Christian Kirksey;Justin Reid;Maliek Collins;Lonnie Johnson
2021_14_SEA_HOU,2164,punt,0.0,71.0,71.0,9.0,13:36,13:27,,13.0,16.0,4.0,10.0,,;;;;;;;;;;,11,,,,,,00-0028292;00-0036304;00-0036425;00-0034160;00-0034159;00-0031624;00-0036409;00-0031156;00-0035022;00-0036802;00-0035672,Nick Bellore;John Reid;DeeJay Dallas;Michael Dickson;Will Dissly;Edmond Robinson;Jordyn Brooks;Tyler Ott;Penny Hart;Jon Rhattigan;Cody Barton,00-0035995;00-0033566;00-0034485;00-0034488;00-0031740;00-0034278;00-0034594;00-0034838;00-0035244;00-0033336;00-0036844,Grayland Arnold;Desmond King;Jonathan Owens;Tavierre Thomas;Neville Hewitt;Tremon Smith;A.J. Moore;Royce Freeman;Lonnie Johnson;Eric Wilson;Garret Wallow
2021_14_SEA_HOU,2193,run,2.0,75.0,73.0,30.0,13:27,12:57,,13.0,16.0,1.0,10.0,"4 DL, 3 LB, 4 DB",;;;;;;;;;;,11,8,,,,,00-0033421;00-0030288;00-0031282;00-0036554;00-0032128;00-0036195;00-0036898;00-0033439;00-0030273;00-0030792;00-0035234,Antony Auclair;Rex Burkhead;Justin Britt;Nico Collins;Chris Conley;Charlie Heck;Davis Mills;Pharaoh Brown;Lane Taylor;Justin McCray;Tytus Howard,00-0034384;00-0034831;00-0027723;00-0036426;00-0031608;00-0029255;00-0036409;00-0034234;00-0034527;00-0033543;00-0030380,D.J. Reed;Rasheem Green;Al Woods;Alton Robinson;Quandre Diggs;Bobby Wagner;Jordyn Brooks;Poona Ford;Ryan Neal;Sidney Jones;Benson Mayowa
2021_14_SEA_HOU,2214,run,9.0,73.0,64.0,37.0,12:57,12:20,,13.0,16.0,2.0,8.0,"3 DL, 3 LB, 5 DB",;;;;;;;;;;,11,6,,,,,00-0030288;00-0031282;00-0036554;00-0032128;00-0036195;00-0036898;00-0033439;00-0030273;00-0030792;00-0035234;00-0031236,Rex Burkhead;Justin Britt;Nico Collins;Chris Conley;Charlie Heck;Davis Mills;Pharaoh Brown;Lane Taylor;Justin McCray;Tytus Howard;Brandin Cooks,00-0034384;00-0034831;00-0027662;00-0035142;00-0036426;00-0031608;00-0029255;00-0036409;00-0034234;00-0034527;00-0033543,D.J. Reed;Rasheem Green;Carlos Dunlap;Ugo Amadi;Alton Robinson;Quandre Diggs;Bobby Wagner;Jordyn Brooks;Poona Ford;Ryan Neal;Sidney Jones
2021_14_SEA_HOU,2235,pass,11.0,64.0,53.0,45.0,12:20,11:35,,13.0,16.0,1.0,10.0,"4 DL, 3 LB, 4 DB",;;;;;;;;;;,11,7,4,ZONE_COVERAGE,COVER_2,True,00-0036556;00-0031282;00-0032128;00-0036195;00-0036898;00-0033439;00-0034838;00-0030273;00-0030792;00-0035234;00-0031236,Brevin Jordan;Justin Britt;Chris Conley;Charlie Heck;Davis Mills;Pharaoh Brown;Royce Freeman;Lane Taylor;Justin McCray;Tytus Howard;Brandin Cooks,00-0034384;00-0034831;00-0027723;00-0036426;00-0031608;00-0029255;00-0036409;00-0034234;00-0034527;00-0033543;00-0030380,D.J. Reed;Rasheem Green;Al Woods;Alton Robinson;Quandre Diggs;Bobby Wagner;Jordyn Brooks;Poona Ford;Ryan Neal;Sidney Jones;Benson Mayowa
2021_14_SEA_HOU,2259,run,0.0,53.0,53.0,39.0,11:35,10:56,,13.0,16.0,1.0,10.0,"3 DL, 3 LB, 5 DB",;;;;;;;;;;,11,6,,,,,00-0032208;00-0036556;00-0031282;00-0036554;00-0036195;00-0036898;00-0034838;00-0030273;00-0030792;00-0035234;00-0031236,Phillip Dorsett;Brevin Jordan;Justin Britt;Nico Collins;Charlie Heck;Davis Mills;Royce Freeman;Lane Taylor;Justin McCray;Tytus Howard;Brandin Cooks,00-0034384;00-0034831;00-0027662;00-0035142;00-0036426;00-0031608;00-0029255;00-0036409;00-0034234;00-0033543;00-0034527,D.J. Reed;Rasheem Green;Carlos Dunlap;Ugo Amadi;Alton Robinson;Quandre Diggs;Bobby Wagner;Jordyn Brooks;Poona Ford;Sidney Jones;Ryan Neal
2021_14_SEA_HOU,2280,run,-3.0,53.0,56.0,37.0,10:56,10:19,,13.0,16.0,2.0,10.0,"4 DL, 3 LB, 4 DB",;;;;;;;;;;,11,8,,,,,00-0033421;00-0031282;00-0036554;00-0036195;00-0036898;00-0033439;00-0034838;00-0030273;00-0030792;00-0035234;00-0031236,Antony Auclair;Justin Britt;Nico Collins;Charlie Heck;Davis Mills;Pharaoh Brown;Royce Freeman;Lane Taylor;Justin McCray;Tytus Howard;Brandin Cooks,00-0034384;00-0035636;00-0027723;00-0036426;00-0031608;00-0029255;00-0036409;00-0034527;00-0033543;00-0030380;00-0030946,D.J. Reed;L.J. Collier;Al Woods;Alton Robinson;Quandre Diggs;Bobby Wagner;Jordyn Brooks;Ryan Neal;Sidney Jones;Benson Mayowa;Kerry Hyder
2021_14_SEA_HOU,2301,pass,-2.0,56.0,58.0,40.0,10:19,9:39,,13.0,16.0,3.0,13.0,"3 DL, 3 LB, 5 DB",;;;;;;;;;;,11,6,4,MAN_COVERAGE,2_MAN,False,00-0032208;00-0036556;00-0030288;00-0031282;00-0036554;00-0036195;00-0036898;00-0030273;00-0035234;00-0031236;00-0030792,Phillip Dorsett;Brevin Jordan;Rex Burkhead;Justin Britt;Nico Collins;Charlie Heck;Davis Mills;Lane Taylor;Tytus Howard;Brandin Cooks;Justin McCray,00-0034384;00-0035636;00-0034831;00-0027662;00-0036413;00-0035142;00-0031608;00-0029255;00-0036409;00-0034527;00-0033543,D.J. Reed;L.J. Collier;Rasheem Green;Carlos Dunlap;Darrell Taylor;Ugo Amadi;Quandre Diggs;Bobby Wagner;Jordyn Brooks;Ryan Neal;Sidney Jones
2021_14_SEA_HOU,2325,punt,0.0,58.0,58.0,8.0,9:39,9:31,,13.0,16.0,4.0,15.0,,;;;;;;;;;;,11,,,,,,00-0033729;00-0033421;00-0034485;00-0027224;00-0031740;00-0034361;00-0034278;00-0034594;00-0033439;00-0036844;00-0033336,Cameron Johnston;Antony Auclair;Jonathan Owens;Jon Weeks;Neville Hewitt;Justin Reid;Tremon Smith;A.J. Moore;Pharaoh Brown;Garret Wallow;Eric Wilson,00-0028292;00-0036304;00-0036425;00-0035142;00-0035294;00-0036247;00-0031624;00-0035022;00-0036802;00-0035672;00-0036056,Nick Bellore;John Reid;DeeJay Dallas;Ugo Amadi;Blessuan Austin;Freddie Swain;Edmond Robinson;Penny Hart;Jon Rhattigan;Cody Barton;Gavin Heslop
2021_14_SEA_HOU,2342,pass,7.0,80.0,73.0,37.0,9:31,8:54,,13.0,16.0,1.0,10.0,"3 DL, 4 LB, 4 DB",;;;;;;;;;;,11,6,3,ZONE_COVERAGE,COVER_3,False,00-0033901;00-0035640;00-0032211;00-0034159;00-0029263;00-0034750;00-0026166;00-0036795;00-0033895;00-0036417;00-0031367,Ethan Pocic;DK Metcalf;Tyler Lockett;Will Dissly;Russell Wilson;Rashaad Penny;Duane Brown;Jake Curhan;Gerald Everett;Damien Lewis;Gabe Jackson,00-0036289;00-0033038;00-0033566;00-0031264;00-0031740;00-0031361;00-0034361;00-0033940;00-0035244;00-0033920;00-0036844,Ross Blacklock;Eric Murray;Desmond King;Chris Smith;Neville Hewitt;Christian Kirksey;Justin Reid;Jaleel Johnson;Lonnie Johnson;Derek Rivers;Garret Wallow
2021_14_SEA_HOU,2366,run,13.0,73.0,60.0,41.0,8:54,8:13,,13.0,16.0,2.0,3.0,"3 DL, 4 LB, 4 DB",;;;;;;;;;;,11,8,,,,,00-0033901;00-0035640;00-0032211;00-0034159;00-0029263;00-0034750;00-0026166;00-0036795;00-0033895;00-0036417;00-0031367,Ethan Pocic;DK Metcalf;Tyler Lockett;Will Dissly;Russell Wilson;Rashaad Penny;Duane Brown;Jake Curhan;Gerald Everett;Damien Lewis;Gabe Jackson,00-0036289;00-0033038;00-0033566;00-0031264;00-0031740;00-0031361;00-0034361;00-0033940;00-0035244;00-0033920;00-0036844,Ross Blacklock;Eric Murray;Desmond King;Chris Smith;Neville Hewitt;Christian Kirksey;Justin Reid;Jaleel Johnson;Lonnie Johnson;Derek Rivers;Garret Wallow
2021_14_SEA_HOU,2387,pass,13.0,60.0,47.0,42.0,8:13,7:31,,13.0,16.0,1.0,10.0,"3 DL, 4 LB, 4 DB",;;;;;;;;;;,11,8,1,ZONE_COVERAGE,COVER_3,False,00-0033901;00-0035640;00-0032211;00-0034159;00-0029263;00-0034750;00-0026166;00-0036795;00-0033895;00-0036417;00-0031367,Ethan Pocic;DK Metcalf;Tyler Lockett;Will Dissly;Russell Wilson;Rashaad Penny;Duane Brown;Jake Curhan;Gerald Everett;Damien Lewis;Gabe Jackson,00-0036289;00-0033038;00-0033566;00-0031264;00-0031740;00-0031361;00-0034361;00-0033940;00-0035244;00-0033920;00-0036844,Ross Blacklock;Eric Murray;Desmond King;Chris Smith;Neville Hewitt;Christian Kirksey;Justin Reid;Jaleel Johnson;Lonnie Johnson;Derek Rivers;Garret Wallow
2021_14_SEA_HOU,2411,run,-1.0,47.0,48.0,41.0,7:31,6:50,,13.0,16.0,1.0,10.0,"4 DL, 3 LB, 4 DB",;;;;;;;;;;,11,7,,,,,00-0033901;00-0035640;00-0032211;00-0034159;00-0029263;00-0034750;00-0026166;00-0036795;00-0033895;00-0036417;00-0031367,Ethan Pocic;DK Metcalf;Tyler Lockett;Will Dissly;Russell Wilson;Rashaad Penny;Duane Brown;Jake Curhan;Gerald Everett;Damien Lewis;Gabe Jackson,00-0033038;00-0033566;00-0034163;00-0036224;00-0031740;00-0031361;00-0036568;00-0034361;00-0033131;00-0035244;00-0036844,Eric Murray;Desmond King;Jacob Martin;Jonathan Greenard;Neville Hewitt;Christian Kirksey;Roy Lopez;Justin Reid;Maliek Collins;Lonnie Johnson;Garret Wallow
2021_14_SEA_HOU,2432,pass,22.0,48.0,26.0,36.0,6:50,6:14,,13.0,16.0,2.0,11.0,"4 DL, 2 LB, 5 DB",;;;;;;;;;;,11,6,5,MAN_COVERAGE,COVER_1,False,00-0033901;00-0035640;00-0032211;00-0029263;00-0036247;00-0034750;00-0026166;00-0036795;00-0033895;00-0036417;00-0031367,Ethan Pocic;DK Metcalf;Tyler Lockett;Russell Wilson;Freddie Swain;Rashaad Penny;Duane Brown;Jake Curhan;Gerald Everett;Damien Lewis;Gabe Jackson,00-0033038;00-0033566;00-0034163;00-0034488;00-0036224;00-0031740;00-0031361;00-0036568;00-0034361;00-0033131;00-0035244,Eric Murray;Desmond King;Jacob Martin;Tavierre Thomas;Jonathan Greenard;Neville Hewitt;Christian Kirksey;Roy Lopez;Justin Reid;Maliek Collins;Lonnie Johnson
2021_14_SEA_HOU,2456,run,3.0,26.0,23.0,48.0,6:14,5:26,,13.0,16.0,1.0,10.0,"4 DL, 2 LB, 5 DB",;;;;;;;;;;,11,6,,,,,00-0033901;00-0035640;00-0032211;00-0029263;00-0036247;00-0034750;00-0026166;00-0036795;00-0033895;00-0036417;00-0031367,Ethan Pocic;DK Metcalf;Tyler Lockett;Russell Wilson;Freddie Swain;Rashaad Penny;Duane Brown;Jake Curhan;Gerald Everett;Damien Lewis;Gabe Jackson,00-0033038;00-0033566;00-0034163;00-0034488;00-0036224;00-0031740;00-0031361;00-0036568;00-0034361;00-0033131;00-0035244,Eric Murray;Desmond King;Jacob Martin;Tavierre Thomas;Jonathan Greenard;Neville Hewitt;Christian Kirksey;Roy Lopez;Justin Reid;Maliek Collins;Lonnie Johnson
2021_14_SEA_HOU,2477,timeout,0.0,,,0.0,5:26,5:26,SEA,13.0,16.0,,0.0,,,0,,,,,,,,,
2021_14_SEA_HOU,2494,no_play,0.0,23.0,23.0,6.0,5:26,5:20,,13.0,16.0,2.0,7.0,"4 DL, 2 LB, 5 DB",;;;;;;;;;;,11,8,,,,,00-0033901;00-0035640;00-0032211;00-0034159;00-0029263;00-0036247;00-0034750;00-0026166;00-0036795;00-0036417;00-0031367,Ethan Pocic;DK Metcalf;Tyler Lockett;Will Dissly;Russell Wilson;Freddie Swain;Rashaad Penny;Duane Brown;Jake Curhan;Damien Lewis;Gabe Jackson,00-0033038;00-0033566;00-0034163;00-0034488;00-0036224;00-0031740;00-0031361;00-0036568;00-0034361;00-0033131;00-0035244,Eric Murray;Desmond King;Jacob Martin;Tavierre Thomas;Jonathan Greenard;Neville Hewitt;Christian Kirksey;Roy Lopez;Justin Reid;Maliek Collins;Lonnie Johnson
2021_14_SEA_HOU,2525,pass,0.0,33.0,33.0,7.0,5:20,5:13,,13.0,16.0,2.0,17.0,"4 DL, 2 LB, 5 DB",;;;;;;;;;;,11,5,4,ZONE_COVERAGE,COVER_4,True,00-0032426;00-0033901;00-0035640;00-0032211;00-0034159;00-0029263;00-0036247;00-0026166;00-0036795;00-0036417;00-0031367,Alex Collins;Ethan Pocic;DK Metcalf;Tyler Lockett;Will Dissly;Russell Wilson;Freddie Swain;Duane Brown;Jake Curhan;Damien Lewis;Gabe Jackson,00-0033038;00-0033566;00-0034163;00-0034488;00-0036224;00-0031740;00-0031361;00-0036568;00-0034361;00-0033131;00-0035244,Eric Murray;Desmond King;Jacob Martin;Tavierre Thomas;Jonathan Greenard;Neville Hewitt;Christian Kirksey;Roy Lopez;Justin Reid;Maliek Collins;Lonnie Johnson
2021_14_SEA_HOU,2547,run,13.0,33.0,20.0,38.0,5:13,4:35,,13.0,16.0,3.0,17.0,"4 DL, 2 LB, 5 DB",;;;;;;;;;;,11,4,,,,,00-0033901;00-0036425;00-0032211;00-0029263;00-0036247;00-0026166;00-0036795;00-0035022;00-0033895;00-0036417;00-0031367,Ethan Pocic;DeeJay Dallas;Tyler Lockett;Russell Wilson;Freddie Swain;Duane Brown;Jake Curhan;Penny Hart;Gerald Everett;Damien Lewis;Gabe Jackson,00-0036289;00-0033038;00-0033566;00-0034163;00-0034488;00-0036224;00-0031740;00-0031361;00-0034361;00-0033131;00-0035244,Ross Blacklock;Eric Murray;Desmond King;Jacob Martin;Tavierre Thomas;Jonathan Greenard;Neville Hewitt;Christian Kirksey;Justin Reid;Maliek Collins;Lonnie Johnson
2021_14_SEA_HOU,2568,field_goal,0.0,20.0,20.0,3.0,4:35,4:32,,13.0,19.0,4.0,4.0,,;;;;;;;;;;,11,,,,,,00-0035141;00-0036653;00-0034160;00-0034159;00-0034229;00-0031156;00-0036795;00-0031492;00-0036417;00-0036244;00-0031367,Phil Haynes;Stone Forsythe;Michael Dickson;Will Dissly;Dakoda Shepley;Tyler Ott;Jake Curhan;Jason Myers;Damien Lewis;Colby Parkinson;Gabe Jackson,00-0036289;00-0034163;00-0034488;00-0031740;00-0036568;00-0034278;00-0034594;00-0033131;00-0035244;00-0033920;00-0036844,Ross Blacklock;Jacob Martin;Tavierre Thomas;Neville Hewitt;Roy Lopez;Tremon Smith;A.J. Moore;Maliek Collins;Lonnie Johnson;Derek Rivers;Garret Wallow
2021_14_SEA_HOU,2587,kickoff,0.0,35.0,35.0,0.0,4:32,4:32,,13.0,19.0,,0.0,,;;;;;;;;;;,11,,,,,,00-0028292;00-0036304;00-0036413;00-0036425;00-0035142;00-0031624;00-0035022;00-0031492;00-0036802;00-0035672;00-0036056,Nick Bellore;John Reid;Darrell Taylor;DeeJay Dallas;Ugo Amadi;Edmond Robinson;Penny Hart;Jason Myers;Jon Rhattigan;Cody Barton;Gavin Heslop,00-0033038;00-0033421;00-0034485;00-0034488;00-0032128;00-0034364;00-0034278;00-0034594;00-0034838;00-0033336;00-0036844,Eric Murray;Antony Auclair;Jonathan Owens;Tavierre Thomas;Chris Conley;Jordan Akins;Tremon Smith;A.J. Moore;Royce Freeman;Eric Wilson;Garret Wallow
2021_14_SEA_HOU,2602,pass,0.0,75.0,75.0,5.0,4:32,4:27,,13.0,19.0,1.0,10.0,"4 DL, 3 LB, 4 DB",;;;;;;;;;;,11,8,4,ZONE_COVERAGE,COVER_3,False,00-0033421;00-0030288;00-0031282;00-0036554;00-0036195;00-0036898;00-0033439;00-0030273;00-0031236;00-0030792;00-0035234,Antony Auclair;Rex Burkhead;Justin Britt;Nico Collins;Charlie Heck;Davis Mills;Pharaoh Brown;Lane Taylor;Brandin Cooks;Justin McCray;Tytus Howard,00-0034384;00-0035636;00-0036413;00-0027723;00-0031608;00-0029255;00-0036409;00-0034527;00-0033543;00-0030380;00-0030946,D.J. Reed;L.J. Collier;Darrell Taylor;Al Woods;Quandre Diggs;Bobby Wagner;Jordyn Brooks;Ryan Neal;Sidney Jones;Benson Mayowa;Kerry Hyder
2021_14_SEA_HOU,2624,pass,19.0,75.0,56.0,31.0,4:27,3:56,,13.0,19.0,2.0,10.0,"3 DL, 3 LB, 5 DB",;;;;;;;;;;,11,6,3,ZONE_COVERAGE,COVER_4,False,00-0030288;00-0031282;00-0036554;00-0032128;00-0036195;00-0036898;00-0033439;00-0030273;00-0030792;00-0035234;00-0031236,Rex Burkhead;Justin Britt;Nico Collins;Chris Conley;Charlie Heck;Davis Mills;Pharaoh Brown;Lane Taylor;Justin McCray;Tytus Howard;Brandin Cooks,00-0034384;00-0035636;00-0027662;00-0036413;00-0027723;00-0035142;00-0031608;00-0029255;00-0036409;00-0034527;00-0033543,D.J. Reed;L.J. Collier;Carlos Dunlap;Darrell Taylor;Al Woods;Ugo Amadi;Quandre Diggs;Bobby Wagner;Jordyn Brooks;Ryan Neal;Sidney Jones
2021_14_SEA_HOU,2648,pass,10.0,56.0,46.0,47.0,3:56,3:09,,13.0,19.0,1.0,10.0,"3 DL, 3 LB, 5 DB",;;;;;;;;;;,11,6,4,ZONE_COVERAGE,COVER_2,False,00-0032208;00-0036556;00-0030288;00-0031282;00-0036554;00-0036195;00-0036898;00-0030273;00-0030792;00-0035234;00-0031236,Phillip Dorsett;Brevin Jordan;Rex Burkhead;Justin Britt;Nico Collins;Charlie Heck;Davis Mills;Lane Taylor;Justin McCray;Tytus Howard;Brandin Cooks,00-0034384;00-0035636;00-0027662;00-0036413;00-0027723;00-0035142;00-0031608;00-0029255;00-0036409;00-0034527;00-0033543,D.J. Reed;L.J. Collier;Carlos Dunlap;Darrell Taylor;Al Woods;Ugo Amadi;Quandre Diggs;Bobby Wagner;Jordyn Brooks;Ryan Neal;Sidney Jones
2021_14_SEA_HOU,2672,pass,0.0,46.0,46.0,4.0,3:09,3:05,,13.0,19.0,1.0,10.0,"3 DL, 3 LB, 5 DB",;;;;;;;;;;,11,7,2,ZONE_COVERAGE,COVER_3,True,00-0032208;00-0031282;00-0036554;00-0032128;00-0036195;00-0036898;00-0033439;00-0034838;00-0030273;00-0030792;00-0035234,Phillip Dorsett;Justin Britt;Nico Collins;Chris Conley;Charlie Heck;Davis Mills;Pharaoh Brown;Royce Freeman;Lane Taylor;Justin McCray;Tytus Howard,00-0034384;00-0035636;00-0027662;00-0036413;00-0027723;00-0035142;00-0031608;00-0029255;00-0036409;00-0034527;00-0033543,D.J. Reed;L.J. Collier;Carlos Dunlap;Darrell Taylor;Al Woods;Ugo Amadi;Quandre Diggs;Bobby Wagner;Jordyn Brooks;Ryan Neal;Sidney Jones
2021_14_SEA_HOU,2694,pass,0.0,46.0,46.0,4.0,3:05,3:01,,13.0,19.0,2.0,10.0,"4 DL, 3 LB, 4 DB",;;;;;;;;;;,11,7,4,ZONE_COVERAGE,COVER_2,True,00-0032208;00-0036556;00-0033421;00-0031282;00-0036195;00-0036898;00-0033439;00-0034838;00-0030273;00-0035234;00-0030792,Phillip Dorsett;Brevin Jordan;Antony Auclair;Justin Britt;Charlie Heck;Davis Mills;Pharaoh Brown;Royce Freeman;Lane Taylor;Tytus Howard;Justin McCray,00-0034384;00-0035636;00-0036426;00-0031608;00-0029255;00-0036409;00-0034527;00-0033543;00-0034234;00-0030380;00-0030946,D.J. Reed;L.J. Collier;Alton Robinson;Quandre Diggs;Bobby Wagner;Jordyn Brooks;Ryan Neal;Sidney Jones;Poona Ford;Benson Mayowa;Kerry Hyder
2021_14_SEA_HOU,2716,no_play,0.0,46.0,46.0,23.0,3:01,2:38,,13.0,19.0,3.0,10.0,"3 DL, 3 LB, 5 DB",;;;;;;;;;;,11,7,,,,,00-0032208;00-0030288;00-0031282;00-0036554;00-0036195;00-0036898;00-0034838;00-0030273;00-0030792;00-0035234;00-0031236,Phillip Dorsett;Rex Burkhead;Justin Britt;Nico Collins;Charlie Heck;Davis Mills;Royce Freeman;Lane Taylor;Justin McCray;Tytus Howard;Brandin Cooks,00-0034384;00-0034831;00-0035636;00-0027662;00-0036413;00-0035142;00-0031608;00-0029255;00-0036409;00-0033543;00-0034527,D.J. Reed;Rasheem Green;L.J. Collier;Carlos Dunlap;Darrell Taylor;Ugo Amadi;Quandre Diggs;Bobby Wagner;Jordyn Brooks;Sidney Jones;Ryan Neal
2021_14_SEA_HOU,2746,run,0.0,41.0,41.0,40.0,2:38,1:58,,13.0,19.0,1.0,10.0,"4 DL, 3 LB, 4 DB",;;;;;;;;;;,11,8,,,,,00-0032208;00-0033421;00-0031282;00-0032128;00-0036195;00-0036898;00-0033439;00-0034838;00-0030273;00-0030792;00-0035234,Phillip Dorsett;Antony Auclair;Justin Britt;Chris Conley;Charlie Heck;Davis Mills;Pharaoh Brown;Royce Freeman;Lane Taylor;Justin McCray;Tytus Howard,00-0034384;00-0027723;00-0036426;00-0031608;00-0029255;00-0036409;00-0034234;00-0033543;00-0034527;00-0030380;00-0030946,D.J. Reed;Al Woods;Alton Robinson;Quandre Diggs;Bobby Wagner;Jordyn Brooks;Poona Ford;Sidney Jones;Ryan Neal;Benson Mayowa;Kerry Hyder
2021_14_SEA_HOU,2767,pass,0.0,41.0,41.0,4.0,1:58,1:54,,13.0,19.0,2.0,10.0,"3 DL, 3 LB, 5 DB",;;;;;;;;;;,11,5,3,ZONE_COVERAGE,COVER_2,True,00-0032208;00-0036556;00-0031282;00-0036554;00-0036195;00-0036898;00-0034838;00-0030273;00-0030792;00-0035234;00-0031236,Phillip Dorsett;Brevin Jordan;Justin Britt;Nico Collins;Charlie Heck;Davis Mills;Royce Freeman;Lane Taylor;Justin McCray;Tytus Howard;Brandin Cooks,00-0034384;00-0027662;00-0027723;00-0035142;00-0036426;00-0031608;00-0029255;00-0036409;00-0034234;00-0034527;00-0033543,D.J. Reed;Carlos Dunlap;Al Woods;Ugo Amadi;Alton Robinson;Quandre Diggs;Bobby Wagner;Jordyn Brooks;Poona Ford;Ryan Neal;Sidney Jones
2021_14_SEA_HOU,2789,pass,0.0,41.0,41.0,4.0,1:54,1:50,,13.0,19.0,3.0,10.0,"3 DL, 3 LB, 5 DB",;;;;;;;;;;,11,7,6,MAN_COVERAGE,COVER_1,True,00-0036556;00-0031282;00-0036554;00-0032128;00-0036195;00-0036898;00-0034838;00-0030273;00-0035234;00-0031236;00-0030792,Brevin Jordan;Justin Britt;Nico Collins;Chris Conley;Charlie Heck;Davis Mills;Royce Freeman;Lane Taylor;Tytus Howard;Brandin Cooks;Justin McCray,00-0034384;00-0035636;00-0034831;00-0027662;00-0036413;00-0035142;00-0031608;00-0029255;00-0036409;00-0033543;00-0034527,D.J. Reed;L.J. Collier;Rasheem Green;Carlos Dunlap;Darrell Taylor;Ugo Amadi;Quandre Diggs;Bobby Wagner;Jordyn Brooks;Sidney Jones;Ryan Neal
2021_14_SEA_HOU,2811,no_play,0.0,41.0,41.0,0.0,1:50,1:50,,13.0,19.0,4.0,10.0,,;;;;;;;;;,10,,,,,,00-0033729;00-0032726;00-0033421;00-0027224;00-0036195;00-0036568;00-0033439;00-0035234;00-0035245;00-0030792;00-0034817,Cameron Johnston;Ka'imi Fairbairn;Antony Auclair;Jon Weeks;Charlie Heck;Roy Lopez;Pharaoh Brown;Tytus Howard;Max Scharping;Justin McCray;Geron Christian,00-0034384;00-0034831;00-0035636;00-0027723;00-0035142;00-0036426;00-0029255;00-0034234;00-0034527;00-0030946,D.J. Reed;Rasheem Green;L.J. Collier;Al Woods;Ugo Amadi;Alton Robinson;Bobby Wagner;Poona Ford;Ryan Neal;Kerry Hyder
2021_14_SEA_HOU,2834,punt,0.0,46.0,46.0,10.0,1:50,1:40,,13.0,19.0,4.0,15.0,,;;;;;;;;;;,11,,,,,,00-0033729;00-0033038;00-0033421;00-0034485;00-0027224;00-0031740;00-0034278;00-0034594;00-0033439;00-0033336;00-0036844,Cameron Johnston;Eric Murray;Antony Auclair;Jonathan Owens;Jon Weeks;Neville Hewitt;Tremon Smith;A.J. Moore;Pharaoh Brown;Eric Wilson;Garret Wallow,00-0028292;00-0036304;00-0036425;00-0035294;00-0035142;00-0036247;00-0031624;00-0035022;00-0036802;00-0035672;00-0036056,Nick Bellore;John Reid;DeeJay Dallas;Blessuan Austin;Ugo Amadi;Freddie Swain;Edmond Robinson;Penny Hart;Jon Rhattigan;Cody Barton;Gavin Heslop
2021_14_SEA_HOU,2859,run,3.0,80.0,77.0,37.0,1:40,1:03,,13.0,19.0,1.0,10.0,"4 DL, 2 LB, 5 DB",;;;;;;;;;;,11,7,,,,,00-0033901;00-0032211;00-0034159;00-0029263;00-0036620;00-0034750;00-0026166;00-0036795;00-0035022;00-0036417;00-0031367,Ethan Pocic;Tyler Lockett;Will Dissly;Russell Wilson;Dee Eskridge;Rashaad Penny;Duane Brown;Jake Curhan;Penny Hart;Damien Lewis;Gabe Jackson,00-0036289;00-0033038;00-0033566;00-0034485;00-0034163;00-0034488;00-0036224;00-0031740;00-0031361;00-0033940;00-0035244,Ross Blacklock;Eric Murray;Desmond King;Jonathan Owens;Jacob Martin;Tavierre Thomas;Jonathan Greenard;Neville Hewitt;Christian Kirksey;Jaleel Johnson;Lonnie Johnson
2021_14_SEA_HOU,2880,pass,0.0,77.0,77.0,6.0,1:03,0:57,,13.0,19.0,2.0,7.0,"4 DL, 2 LB, 5 DB",;;;;;;;;;;,11,6,3,ZONE_COVERAGE,COVER_3,False,00-0033901;00-0032211;00-0034159;00-0029263;00-0036620;00-0034750;00-0026166;00-0036795;00-0035022;00-0036417;00-0031367,Ethan Pocic;Tyler Lockett;Will Dissly;Russell Wilson;Dee Eskridge;Rashaad Penny;Duane Brown;Jake Curhan;Penny Hart;Damien Lewis;Gabe Jackson,00-0036289;00-0033038;00-0033566;00-0034485;00-0034163;00-0034488;00-0036224;00-0031740;00-0031361;00-0033940;00-0035244,Ross Blacklock;Eric Murray;Desmond King;Jonathan Owens;Jacob Martin;Tavierre Thomas;Jonathan Greenard;Neville Hewitt;Christian Kirksey;Jaleel Johnson;Lonnie Johnson
2021_14_SEA_HOU,2902,pass,0.0,77.0,77.0,7.0,0:57,0:50,,13.0,19.0,3.0,7.0,"4 DL, 2 LB, 5 DB",;;;;;;;;;;,11,7,4,ZONE_COVERAGE,COVER_6,True,00-0033901;00-0035640;00-0036425;00-0032211;00-0029263;00-0036620;00-0026166;00-0036795;00-0033895;00-0036417;00-0031367,Ethan Pocic;DK Metcalf;DeeJay Dallas;Tyler Lockett;Russell Wilson;Dee Eskridge;Duane Brown;Jake Curhan;Gerald Everett;Damien Lewis;Gabe Jackson,00-0036289;00-0033038;00-0033566;00-0034485;00-0034163;00-0034488;00-0036224;00-0031740;00-0031361;00-0033131;00-0035244,Ross Blacklock;Eric Murray;Desmond King;Jonathan Owens;Jacob Martin;Tavierre Thomas;Jonathan Greenard;Neville Hewitt;Christian Kirksey;Maliek Collins;Lonnie Johnson
2021_14_SEA_HOU,2924,punt,0.0,77.0,77.0,7.0,0:50,0:43,,13.0,19.0,4.0,7.0,,;;;;;;;;;;,11,,,,,,00-0028292;00-0036304;00-0036425;00-0034160;00-0034159;00-0031624;00-0036409;00-0031156;00-0035022;00-0036802;00-0035672,Nick Bellore;John Reid;DeeJay Dallas;Michael Dickson;Will Dissly;Edmond Robinson;Jordyn Brooks;Tyler Ott;Penny Hart;Jon Rhattigan;Cody Barton,00-0035995;00-0033566;00-0034485;00-0034488;00-0031740;00-0034278;00-0034594;00-0035244;00-0033920;00-0033336;00-0036844,Grayland Arnold;Desmond King;Jonathan Owens;Tavierre Thomas;Neville Hewitt;Tremon Smith;A.J. Moore;Lonnie Johnson;Derek Rivers;Eric Wilson;Garret Wallow
2021_14_SEA_HOU,2943,run,8.0,71.0,63.0,33.0,0:43,0:10,,13.0,19.0,1.0,10.0,"3 DL, 3 LB, 5 DB",;;;;;;;;;;,11,6,,,,,00-0032208;00-0031282;00-0032128;00-0036195;00-0036898;00-0033439;00-0034838;00-0030273;00-0030792;00-0035234;00-0031236,Phillip Dorsett;Justin Britt;Chris Conley;Charlie Heck;Davis Mills;Pharaoh Brown;Royce Freeman;Lane Taylor;Justin McCray;Tytus Howard;Brandin Cooks,00-0034384;00-0034831;00-0027662;00-0035142;00-0036426;00-0031608;00-0029255;00-0036409;00-0034234;00-0033543;00-0034527,D.J. Reed;Rasheem Green;Carlos Dunlap;Ugo Amadi;Alton Robinson;Quandre Diggs;Bobby Wagner;Jordyn Brooks;Poona Ford;Sidney Jones;Ryan Neal
2021_14_SEA_HOU,2964,run,3.0,63.0,60.0,10.0,0:10,0:00,,13.0,19.0,2.0,2.0,"3 DL, 3 LB, 5 DB",;;;;;;;;;;,11,6,,,,,00-0032208;00-0031282;00-0032128;00-0036195;00-0036898;00-0033439;00-0034838;00-0030273;00-0030792;00-0035234;00-0031236,Phillip Dorsett;Justin Britt;Chris Conley;Charlie Heck;Davis Mills;Pharaoh Brown;Royce Freeman;Lane Taylor;Justin McCray;Tytus Howard;Brandin Cooks,00-0034384;00-0034831;00-0027662;00-0035142;00-0036426;00-0031608;00-0029255;00-0036409;00-0034234;00-0034527;00-0033543,D.J. Reed;Rasheem Green;Carlos Dunlap;Ugo Amadi;Alton Robinson;Quandre Diggs;Bobby Wagner;Jordyn Brooks;Poona Ford;Ryan Neal;Sidney Jones
2021_14_SEA_HOU,2985,start_quarter_4,,,,0.0,0:00,0:00,,13.0,19.0,,0.0,,,0,,,,,,,,,
2021_14_SEA_HOU,3004,run,5.0,60.0,55.0,35.0,15:00,14:25,,13.0,19.0,1.0,10.0,"3 DL, 3 LB, 5 DB",;;;;;;;;;;,11,6,,,,,00-0032208;00-0031282;00-0032128;00-0036195;00-0036898;00-0033439;00-0034838;00-0030273;00-0030792;00-0035234;00-0031236,Phillip Dorsett;Justin Britt;Chris Conley;Charlie Heck;Davis Mills;Pharaoh Brown;Royce Freeman;Lane Taylor;Justin McCray;Tytus Howard;Brandin Cooks,00-0034384;00-0034831;00-0027662;00-0035142;00-0036426;00-0031608;00-0029255;00-0036409;00-0033543;00-0034234;00-0034527,D.J. Reed;Rasheem Green;Carlos Dunlap;Ugo Amadi;Alton Robinson;Quandre Diggs;Bobby Wagner;Jordyn Brooks;Sidney Jones;Poona Ford;Ryan Neal
2021_14_SEA_HOU,3025,pass,7.0,55.0,48.0,34.0,14:25,13:51,,13.0,19.0,2.0,5.0,"4 DL, 3 LB, 4 DB",;;;;;;;;;;,11,5,4,ZONE_COVERAGE,COVER_3,False,00-0032208;00-0031282;00-0032128;00-0036195;00-0034364;00-0036898;00-0033439;00-0030273;00-0030792;00-0035234;00-0031236,Phillip Dorsett;Justin Britt;Chris Conley;Charlie Heck;Jordan Akins;Davis Mills;Pharaoh Brown;Lane Taylor;Justin McCray;Tytus Howard;Brandin Cooks,00-0034384;00-0027723;00-0036426;00-0031608;00-0029255;00-0036409;00-0034234;00-0033543;00-0034527;00-0030380;00-0030946,D.J. Reed;Al Woods;Alton Robinson;Quandre Diggs;Bobby Wagner;Jordyn Brooks;Poona Ford;Sidney Jones;Ryan Neal;Benson Mayowa;Kerry Hyder
2021_14_SEA_HOU,3053,run,-4.0,48.0,52.0,37.0,13:51,13:14,,13.0,19.0,1.0,10.0,"4 DL, 3 LB, 4 DB",;;;;;;;;;;,11,8,,,,,00-0033421;00-0031282;00-0036554;00-0032128;00-0036195;00-0036898;00-0033439;00-0034838;00-0030273;00-0030792;00-0035234,Antony Auclair;Justin Britt;Nico Collins;Chris Conley;Charlie Heck;Davis Mills;Pharaoh Brown;Royce Freeman;Lane Taylor;Justin McCray;Tytus Howard,00-0034384;00-0027723;00-0036426;00-0031608;00-0029255;00-0036409;00-0034234;00-0034527;00-0033543;00-0030380;00-0030946,D.J. Reed;Al Woods;Alton Robinson;Quandre Diggs;Bobby Wagner;Jordyn Brooks;Poona Ford;Ryan Neal;Sidney Jones;Benson Mayowa;Kerry Hyder
2021_14_SEA_HOU,3074,pass,-5.0,52.0,57.0,44.0,13:14,12:30,,13.0,19.0,2.0,14.0,"4 DL, 2 LB, 5 DB",;;;;;;;;;;,11,6,4,,,,00-0032208;00-0031282;00-0032128;00-0036195;00-0036898;00-0033439;00-0034838;00-0030273;00-0035234;00-0031236;00-0030792,Phillip Dorsett;Justin Britt;Chris Conley;Charlie Heck;Davis Mills;Pharaoh Brown;Royce Freeman;Lane Taylor;Tytus Howard;Brandin Cooks;Justin McCray,00-0034384;00-0036413;00-0027723;00-0035142;00-0036426;00-0031608;00-0029255;00-0036409;00-0034234;00-0033543;00-0034527,D.J. Reed;Darrell Taylor;Al Woods;Ugo Amadi;Alton Robinson;Quandre Diggs;Bobby Wagner;Jordyn Brooks;Poona Ford;Sidney Jones;Ryan Neal
2021_14_SEA_HOU,3093,pass,11.0,57.0,46.0,39.0,12:30,11:51,,13.0,19.0,3.0,19.0,"3 DL, 3 LB, 5 DB",;;;;;;;;;;,11,4,4,ZONE_COVERAGE,COVER_2,True,00-0032208;00-0036556;00-0031282;00-0036554;00-0036195;00-0036898;00-0034838;00-0030273;00-0035234;00-0031236;00-0030792,Phillip Dorsett;Brevin Jordan;Justin Britt;Nico Collins;Charlie Heck;Davis Mills;Royce Freeman;Lane Taylor;Tytus Howard;Brandin Cooks;Justin McCray,00-0034384;00-0034831;00-0027662;00-0036413;00-0035142;00-0031608;00-0029255;00-0036409;00-0034527;00-0033543;00-0030946,D.J. Reed;Rasheem Green;Carlos Dunlap;Darrell Taylor;Ugo Amadi;Quandre Diggs;Bobby Wagner;Jordyn Brooks;Ryan Neal;Sidney Jones;Kerry Hyder
2021_14_SEA_HOU,3117,punt,0.0,46.0,46.0,13.0,11:51,11:38,,13.0,19.0,4.0,8.0,,;;;;;;;;;;,11,,,,,,00-0033729;00-0033038;00-0033421;00-0034485;00-0027224;00-0031740;00-0034278;00-0034594;00-0033439;00-0033336;00-0036844,Cameron Johnston;Eric Murray;Antony Auclair;Jonathan Owens;Jon Weeks;Neville Hewitt;Tremon Smith;A.J. Moore;Pharaoh Brown;Eric Wilson;Garret Wallow,00-0028292;00-0036304;00-0036425;00-0035142;00-0035294;00-0036247;00-0031624;00-0035022;00-0036802;00-0035672;00-0036056,Nick Bellore;John Reid;DeeJay Dallas;Ugo Amadi;Blessuan Austin;Freddie Swain;Edmond Robinson;Penny Hart;Jon Rhattigan;Cody Barton;Gavin Heslop
2021_14_SEA_HOU,3142,run,0.0,67.0,67.0,29.0,11:38,11:09,,13.0,19.0,1.0,10.0,"4 DL, 2 LB, 5 DB",;;;;;;;;;;,11,6,,,,,00-0033901;00-0035640;00-0032211;00-0034159;00-0029263;00-0036247;00-0034750;00-0026166;00-0036795;00-0036417;00-0031367,Ethan Pocic;DK Metcalf;Tyler Lockett;Will Dissly;Russell Wilson;Freddie Swain;Rashaad Penny;Duane Brown;Jake Curhan;Damien Lewis;Gabe Jackson,00-0033038;00-0033566;00-0034485;00-0034488;00-0036224;00-0031740;00-0031361;00-0036568;00-0033131;00-0035244;00-0033920,Eric Murray;Desmond King;Jonathan Owens;Tavierre Thomas;Jonathan Greenard;Neville Hewitt;Christian Kirksey;Roy Lopez;Maliek Collins;Lonnie Johnson;Derek Rivers
2021_14_SEA_HOU,3163,run,3.0,67.0,64.0,43.0,11:09,10:26,,13.0,19.0,2.0,10.0,"4 DL, 2 LB, 5 DB",;;;;;;;;;;,11,6,,,,,00-0033901;00-0035640;00-0032211;00-0034159;00-0029263;00-0036247;00-0034750;00-0026166;00-0036795;00-0036417;00-0031367,Ethan Pocic;DK Metcalf;Tyler Lockett;Will Dissly;Russell Wilson;Freddie Swain;Rashaad Penny;Duane Brown;Jake Curhan;Damien Lewis;Gabe Jackson,00-0033038;00-0033566;00-0034485;00-0034488;00-0036224;00-0031740;00-0031361;00-0036568;00-0033131;00-0035244;00-0033920,Eric Murray;Desmond King;Jonathan Owens;Tavierre Thomas;Jonathan Greenard;Neville Hewitt;Christian Kirksey;Roy Lopez;Maliek Collins;Lonnie Johnson;Derek Rivers
2021_14_SEA_HOU,3184,pass,14.0,64.0,50.0,37.0,10:26,9:49,,13.0,19.0,3.0,7.0,"4 DL, 2 LB, 5 DB",;;;;;;;;;;,11,6,4,ZONE_COVERAGE,COVER_2,False,00-0033901;00-0035640;00-0036425;00-0032211;00-0029263;00-0036247;00-0026166;00-0036795;00-0033895;00-0036417;00-0031367,Ethan Pocic;DK Metcalf;DeeJay Dallas;Tyler Lockett;Russell Wilson;Freddie Swain;Duane Brown;Jake Curhan;Gerald Everett;Damien Lewis;Gabe Jackson,00-0036289;00-0033038;00-0033566;00-0034485;00-0034163;00-0034488;00-0036224;00-0031740;00-0031361;00-0033131;00-0035244,Ross Blacklock;Eric Murray;Desmond King;Jonathan Owens;Jacob Martin;Tavierre Thomas;Jonathan Greenard;Neville Hewitt;Christian Kirksey;Maliek Collins;Lonnie Johnson
2021_14_SEA_HOU,3208,pass,0.0,50.0,50.0,5.0,9:49,9:44,,13.0,19.0,1.0,10.0,"4 DL, 2 LB, 5 DB",;;;;;;;;;;,11,6,3,ZONE_COVERAGE,COVER_3,False,00-0033901;00-0035640;00-0032211;00-0034159;00-0029263;00-0036247;00-0034750;00-0026166;00-0036795;00-0036417;00-0031367,Ethan Pocic;DK Metcalf;Tyler Lockett;Will Dissly;Russell Wilson;Freddie Swain;Rashaad Penny;Duane Brown;Jake Curhan;Damien Lewis;Gabe Jackson,00-0036289;00-0033038;00-0033566;00-0034485;00-0034163;00-0034488;00-0036224;00-0031740;00-0031361;00-0033940;00-0035244,Ross Blacklock;Eric Murray;Desmond King;Jonathan Owens;Jacob Martin;Tavierre Thomas;Jonathan Greenard;Neville Hewitt;Christian Kirksey;Jaleel Johnson;Lonnie Johnson
2021_14_SEA_HOU,3237,pass,1.0,50.0,49.0,45.0,9:44,8:59,,13.0,19.0,2.0,10.0,"3 DL, 3 LB, 5 DB",;;;;;;;;;;,11,6,4,ZONE_COVERAGE,COVER_2,False,00-0033901;00-0035640;00-0032211;00-0034159;00-0029263;00-0036247;00-0034750;00-0026166;00-0036795;00-0036417;00-0031367,Ethan Pocic;DK Metcalf;Tyler Lockett;Will Dissly;Russell Wilson;Freddie Swain;Rashaad Penny;Duane Brown;Jake Curhan;Damien Lewis;Gabe Jackson,00-0036289;00-0033038;00-0033566;00-0031264;00-0034485;00-0034163;00-0034488;00-0031740;00-0031361;00-0033940;00-0035244,Ross Blacklock;Eric Murray;Desmond King;Chris Smith;Jonathan Owens;Jacob Martin;Tavierre Thomas;Neville Hewitt;Christian Kirksey;Jaleel Johnson;Lonnie Johnson
2021_14_SEA_HOU,3261,pass,29.0,49.0,20.0,9.0,8:59,8:50,,13.0,19.0,3.0,9.0,"3 DL, 3 LB, 5 DB",;;;;;;;;;;,11,6,4,ZONE_COVERAGE,COVER_2,False,00-0033901;00-0035640;00-0036425;00-0032211;00-0029263;00-0036247;00-0026166;00-0036795;00-0033895;00-0036417;00-0031367,Ethan Pocic;DK Metcalf;DeeJay Dallas;Tyler Lockett;Russell Wilson;Freddie Swain;Duane Brown;Jake Curhan;Gerald Everett;Damien Lewis;Gabe Jackson,00-0036289;00-0033038;00-0033566;00-0031264;00-0034485;00-0034163;00-0034488;00-0031740;00-0031361;00-0033131;00-0035244,Ross Blacklock;Eric Murray;Desmond King;Chris Smith;Jonathan Owens;Jacob Martin;Tavierre Thomas;Neville Hewitt;Christian Kirksey;Maliek Collins;Lonnie Johnson
2021_14_SEA_HOU,3285,pass,6.0,20.0,14.0,29.0,8:50,8:21,,13.0,19.0,1.0,10.0,"4 DL, 2 LB, 5 DB",;;;;;;;;;;,11,6,4,ZONE_COVERAGE,COVER_3,False,00-0033901;00-0035640;00-0032211;00-0029263;00-0036247;00-0034750;00-0026166;00-0036795;00-0033895;00-0036417;00-0031367,Ethan Pocic;DK Metcalf;Tyler Lockett;Russell Wilson;Freddie Swain;Rashaad Penny;Duane Brown;Jake Curhan;Gerald Everett;Damien Lewis;Gabe Jackson,00-0033038;00-0033566;00-0034485;00-0034163;00-0034488;00-0036224;00-0031740;00-0031361;00-0036568;00-0033131;00-0035244,Eric Murray;Desmond King;Jonathan Owens;Jacob Martin;Tavierre Thomas;Jonathan Greenard;Neville Hewitt;Christian Kirksey;Roy Lopez;Maliek Collins;Lonnie Johnson
2021_14_SEA_HOU,3309,no_play,0.0,14.0,14.0,6.0,8:21,8:15,,13.0,19.0,2.0,4.0,"4 DL, 2 LB, 5 DB",;;;;;;;;;;,11,6,,,,,00-0033901;00-0035640;00-0032211;00-0029263;00-0036247;00-0034750;00-0026166;00-0036795;00-0033895;00-0036417;00-0031367,Ethan Pocic;DK Metcalf;Tyler Lockett;Russell Wilson;Freddie Swain;Rashaad Penny;Duane Brown;Jake Curhan;Gerald Everett;Damien Lewis;Gabe Jackson,00-0033038;00-0033566;00-0034485;00-0034163;00-0034488;00-0036224;00-0031740;00-0031361;00-0036568;00-0033131;00-0035244,Eric Murray;Desmond King;Jonathan Owens;Jacob Martin;Tavierre Thomas;Jonathan Greenard;Neville Hewitt;Christian Kirksey;Roy Lopez;Maliek Collins;Lonnie Johnson
2021_14_SEA_HOU,3342,pass,0.0,7.0,7.0,2.0,8:15,8:13,,13.0,19.0,1.0,7.0,"4 DL, 3 LB, 4 DB",;;;;;;;;;;,11,8,6,MAN_COVERAGE,COVER_1,True,00-0033901;00-0035640;00-0034159;00-0029263;00-0036247;00-0034750;00-0026166;00-0036795;00-0033895;00-0036417;00-0031367,Ethan Pocic;DK Metcalf;Will Dissly;Russell Wilson;Freddie Swain;Rashaad Penny;Duane Brown;Jake Curhan;Gerald Everett;Damien Lewis;Gabe Jackson,00-0033038;00-0033566;00-0034485;00-0036224;00-0031740;00-0031361;00-0036568;00-0033131;00-0035244;00-0033920;00-0036844,Eric Murray;Desmond King;Jonathan Owens;Jonathan Greenard;Neville Hewitt;Christian Kirksey;Roy Lopez;Maliek Collins;Lonnie Johnson;Derek Rivers;Garret Wallow
2021_14_SEA_HOU,3364,run,6.0,7.0,1.0,39.0,8:13,7:34,,13.0,19.0,2.0,7.0,"4 DL, 2 LB, 5 DB",;;;;;;;;;;,11,5,,,,,00-0033901;00-0035640;00-0032211;00-0034159;00-0029263;00-0036247;00-0034750;00-0026166;00-0036795;00-0036417;00-0031367,Ethan Pocic;DK Metcalf;Tyler Lockett;Will Dissly;Russell Wilson;Freddie Swain;Rashaad Penny;Duane Brown;Jake Curhan;Damien Lewis;Gabe Jackson,00-0033038;00-0033566;00-0034485;00-0034488;00-0036224;00-0031740;00-0031361;00-0036568;00-0033131;00-0035244;00-0033920,Eric Murray;Desmond King;Jonathan Owens;Tavierre Thomas;Jonathan Greenard;Neville Hewitt;Christian Kirksey;Roy Lopez;Maliek Collins;Lonnie Johnson;Derek Rivers
2021_14_SEA_HOU,3385,pass,1.0,1.0,0.0,6.0,7:34,7:28,,13.0,25.0,3.0,1.0,"4 DL, 3 LB, 4 DB",;;;;;;;;;;,11,9,4,MAN_COVERAGE,COVER_0,False,00-0028292;00-0033901;00-0034159;00-0029263;00-0034750;00-0026166;00-0036795;00-0033895;00-0036417;00-0036244;00-0031367,Nick Bellore;Ethan Pocic;Will Dissly;Russell Wilson;Rashaad Penny;Duane Brown;Jake Curhan;Gerald Everett;Damien Lewis;Colby Parkinson;Gabe Jackson,00-0033038;00-0033566;00-0034485;00-0034163;00-0036224;00-0031740;00-0031361;00-0036568;00-0033131;00-0035244;00-0036844,Eric Murray;Desmond King;Jonathan Owens;Jacob Martin;Jonathan Greenard;Neville Hewitt;Christian Kirksey;Roy Lopez;Maliek Collins;Lonnie Johnson;Garret Wallow
2021_14_SEA_HOU,3434,pass,2.0,2.0,0.0,0.0,7:28,7:28,,13.0,27.0,,0.0,"4 DL, 3 LB, 4 DB",;;;;;;;;;;,11,8,,,,,00-0033901;00-0035640;00-0036425;00-0032211;00-0034159;00-0029263;00-0026166;00-0036795;00-0033895;00-0036417;00-0031367,Ethan Pocic;DK Metcalf;DeeJay Dallas;Tyler Lockett;Will Dissly;Russell Wilson;Duane Brown;Jake Curhan;Gerald Everett;Damien Lewis;Gabe Jackson,00-0033038;00-0031097;00-0034485;00-0034163;00-0036224;00-0031740;00-0031361;00-0036568;00-0033131;00-0035244;00-0036844,Eric Murray;Terrance Mitchell;Jonathan Owens;Jacob Martin;Jonathan Greenard;Neville Hewitt;Christian Kirksey;Roy Lopez;Maliek Collins;Lonnie Johnson;Garret Wallow
2021_14_SEA_HOU,3448,kickoff,0.0,35.0,35.0,5.0,7:28,7:23,,13.0,27.0,,0.0,,;;;;;;;;;;,11,,,,,,00-0028292;00-0036304;00-0036425;00-0035142;00-0036426;00-0031624;00-0035022;00-0031492;00-0036802;00-0035672;00-0036056,Nick Bellore;John Reid;DeeJay Dallas;Ugo Amadi;Alton Robinson;Edmond Robinson;Penny Hart;Jason Myers;Jon Rhattigan;Cody Barton;Gavin Heslop,00-0033038;00-0036556;00-0033421;00-0034485;00-0034488;00-0032128;00-0034364;00-0034278;00-0034594;00-0033336;00-0036844,Eric Murray;Brevin Jordan;Antony Auclair;Jonathan Owens;Tavierre Thomas;Chris Conley;Jordan Akins;Tremon Smith;A.J. Moore;Eric Wilson;Garret Wallow
2021_14_SEA_HOU,3470,pass,9.0,72.0,63.0,24.0,7:23,6:59,,13.0,27.0,1.0,10.0,"4 DL, 2 LB, 5 DB",;;;;;;;;;;,11,6,4,MAN_COVERAGE,COVER_1,False,00-0032208;00-0031282;00-0032128;00-0036195;00-0036898;00-0033439;00-0034838;00-0030273;00-0035234;00-0031236;00-0030792,Phillip Dorsett;Justin Britt;Chris Conley;Charlie Heck;Davis Mills;Pharaoh Brown;Royce Freeman;Lane Taylor;Tytus Howard;Brandin Cooks;Justin McCray,00-0034384;00-0036413;00-0035142;00-0035294;00-0036426;00-0031608;00-0029255;00-0036409;00-0034234;00-0034527;00-0030946,D.J. Reed;Darrell Taylor;Ugo Amadi;Blessuan Austin;Alton Robinson;Quandre Diggs;Bobby Wagner;Jordyn Brooks;Poona Ford;Ryan Neal;Kerry Hyder
2021_14_SEA_HOU,3494,no_play,0.0,63.0,63.0,5.0,6:59,6:54,,13.0,27.0,2.0,1.0,"4 DL, 2 LB, 5 DB",;;;;;;;;;;,11,3,,,,,00-0032208;00-0031282;00-0032128;00-0036195;00-0036898;00-0033439;00-0034838;00-0030273;00-0035234;00-0031236;00-0030792,Phillip Dorsett;Justin Britt;Chris Conley;Charlie Heck;Davis Mills;Pharaoh Brown;Royce Freeman;Lane Taylor;Tytus Howard;Brandin Cooks;Justin McCray,00-0034384;00-0036413;00-0035142;00-0035294;00-0036426;00-0031608;00-0029255;00-0036409;00-0034234;00-0034527;00-0030946,D.J. Reed;Darrell Taylor;Ugo Amadi;Blessuan Austin;Alton Robinson;Quandre Diggs;Bobby Wagner;Jordyn Brooks;Poona Ford;Ryan Neal;Kerry Hyder
2021_14_SEA_HOU,3527,run,7.0,57.0,50.0,24.0,6:54,6:30,,13.0,27.0,1.0,10.0,"4 DL, 2 LB, 5 DB",;;;;;;;;;;,11,6,,,,,00-0031282;00-0036554;00-0032128;00-0036195;00-0036898;00-0033439;00-0034838;00-0030273;00-0035234;00-0031236;00-0030792,Justin Britt;Nico Collins;Chris Conley;Charlie Heck;Davis Mills;Pharaoh Brown;Royce Freeman;Lane Taylor;Tytus Howard;Brandin Cooks;Justin McCray,00-0034384;00-0036413;00-0035142;00-0035294;00-0036426;00-0031608;00-0029255;00-0036409;00-0034234;00-0034527;00-0030946,D.J. Reed;Darrell Taylor;Ugo Amadi;Blessuan Austin;Alton Robinson;Quandre Diggs;Bobby Wagner;Jordyn Brooks;Poona Ford;Ryan Neal;Kerry Hyder
2021_14_SEA_HOU,3548,pass,0.0,50.0,50.0,4.0,6:30,6:26,,13.0,27.0,2.0,3.0,"4 DL, 2 LB, 5 DB",;;;;;;;;;;,11,3,4,ZONE_COVERAGE,COVER_3,False,00-0031282;00-0036554;00-0032128;00-0036195;00-0036898;00-0033439;00-0034838;00-0030273;00-0035234;00-0031236;00-0030792,Justin Britt;Nico Collins;Chris Conley;Charlie Heck;Davis Mills;Pharaoh Brown;Royce Freeman;Lane Taylor;Tytus Howard;Brandin Cooks;Justin McCray,00-0034384;00-0036413;00-0035142;00-0035294;00-0036426;00-0031608;00-0029255;00-0036409;00-0034234;00-0034527;00-0030946,D.J. Reed;Darrell Taylor;Ugo Amadi;Blessuan Austin;Alton Robinson;Quandre Diggs;Bobby Wagner;Jordyn Brooks;Poona Ford;Ryan Neal;Kerry Hyder
2021_14_SEA_HOU,3570,pass,0.0,50.0,50.0,4.0,6:26,6:22,,13.0,27.0,3.0,3.0,"4 DL, 2 LB, 5 DB",;;;;;;;;;;,11,7,6,MAN_COVERAGE,COVER_1,False,00-0031282;00-0036554;00-0032128;00-0036195;00-0036898;00-0033439;00-0034838;00-0030273;00-0035234;00-0031236;00-0030792,Justin Britt;Nico Collins;Chris Conley;Charlie Heck;Davis Mills;Pharaoh Brown;Royce Freeman;Lane Taylor;Tytus Howard;Brandin Cooks;Justin McCray,00-0034384;00-0034831;00-0036413;00-0035142;00-0035294;00-0036426;00-0031608;00-0029255;00-0036409;00-0034527;00-0030946,D.J. Reed;Rasheem Green;Darrell Taylor;Ugo Amadi;Blessuan Austin;Alton Robinson;Quandre Diggs;Bobby Wagner;Jordyn Brooks;Ryan Neal;Kerry Hyder
2021_14_SEA_HOU,3598,pass,0.0,50.0,50.0,6.0,6:22,6:16,,13.0,27.0,4.0,3.0,"4 DL, 2 LB, 5 DB",;;;;;;;;;;,11,6,4,ZONE_COVERAGE,COVER_3,False,00-0032208;00-0036556;00-0031282;00-0036554;00-0036195;00-0036898;00-0034838;00-0030273;00-0035234;00-0031236;00-0030792,Phillip Dorsett;Brevin Jordan;Justin Britt;Nico Collins;Charlie Heck;Davis Mills;Royce Freeman;Lane Taylor;Tytus Howard;Brandin Cooks;Justin McCray,00-0034384;00-0034831;00-0036413;00-0035142;00-0035294;00-0036426;00-0031608;00-0029255;00-0036409;00-0034527;00-0030946,D.J. Reed;Rasheem Green;Darrell Taylor;Ugo Amadi;Blessuan Austin;Alton Robinson;Quandre Diggs;Bobby Wagner;Jordyn Brooks;Ryan Neal;Kerry Hyder
2021_14_SEA_HOU,3620,run,3.0,50.0,47.0,41.0,6:16,5:35,,13.0,27.0,1.0,10.0,"4 DL, 3 LB, 4 DB",;;;;;;;;;;,11,8,,,,,00-0033901;00-0034159;00-0029263;00-0036620;00-0034750;00-0026166;00-0036795;00-0033895;00-0036417;00-0036244;00-0031367,Ethan Pocic;Will Dissly;Russell Wilson;Dee Eskridge;Rashaad Penny;Duane Brown;Jake Curhan;Gerald Everett;Damien Lewis;Colby Parkinson;Gabe Jackson,00-0036289;00-0033038;00-0033566;00-0034485;00-0034163;00-0036224;00-0031740;00-0031361;00-0033940;00-0035244;00-0036844,Ross Blacklock;Eric Murray;Desmond King;Jonathan Owens;Jacob Martin;Jonathan Greenard;Neville Hewitt;Christian Kirksey;Jaleel Johnson;Lonnie Johnson;Garret Wallow
2021_14_SEA_HOU,3641,run,47.0,47.0,0.0,9.0,5:35,5:26,,13.0,33.0,2.0,7.0,"4 DL, 3 LB, 4 DB",;;;;;;;;;;,11,8,,,,,00-0033901;00-0034159;00-0036620;00-0029263;00-0034750;00-0026166;00-0036795;00-0033895;00-0036417;00-0036244;00-0031367,Ethan Pocic;Will Dissly;Dee Eskridge;Russell Wilson;Rashaad Penny;Duane Brown;Jake Curhan;Gerald Everett;Damien Lewis;Colby Parkinson;Gabe Jackson,00-0036289;00-0033038;00-0033566;00-0034485;00-0034163;00-0036224;00-0031740;00-0031361;00-0033940;00-0035244;00-0036844,Ross Blacklock;Eric Murray;Desmond King;Jonathan Owens;Jacob Martin;Jonathan Greenard;Neville Hewitt;Christian Kirksey;Jaleel Johnson;Lonnie Johnson;Garret Wallow
2021_14_SEA_HOU,3658,extra_point,0.0,15.0,15.0,0.0,5:26,5:26,,13.0,33.0,,0.0,,;;;;;;;;;;,11,,,,,,00-0035141;00-0036653;00-0034160;00-0034159;00-0034229;00-0031156;00-0036795;00-0031492;00-0036417;00-0036244;00-0031367,Phil Haynes;Stone Forsythe;Michael Dickson;Will Dissly;Dakoda Shepley;Tyler Ott;Jake Curhan;Jason Myers;Damien Lewis;Colby Parkinson;Gabe Jackson,00-0036289;00-0034163;00-0034488;00-0031740;00-0036568;00-0034278;00-0034594;00-0033131;00-0035244;00-0033920;00-0036844,Ross Blacklock;Jacob Martin;Tavierre Thomas;Neville Hewitt;Roy Lopez;Tremon Smith;A.J. Moore;Maliek Collins;Lonnie Johnson;Derek Rivers;Garret Wallow
2021_14_SEA_HOU,3674,kickoff,0.0,35.0,35.0,5.0,5:26,5:21,,13.0,33.0,,0.0,,;;;;;;;;;;,11,,,,,,00-0028292;00-0036304;00-0036413;00-0036425;00-0035142;00-0031624;00-0035022;00-0031492;00-0036802;00-0035672;00-0036056,Nick Bellore;John Reid;Darrell Taylor;DeeJay Dallas;Ugo Amadi;Edmond Robinson;Penny Hart;Jason Myers;Jon Rhattigan;Cody Barton;Gavin Heslop,00-0033038;00-0036556;00-0033421;00-0034485;00-0034488;00-0032128;00-0034364;00-0034278;00-0034594;00-0033336;00-0036844,Eric Murray;Brevin Jordan;Antony Auclair;Jonathan Owens;Tavierre Thomas;Chris Conley;Jordan Akins;Tremon Smith;A.J. Moore;Eric Wilson;Garret Wallow
2021_14_SEA_HOU,3696,pass,11.0,74.0,63.0,20.0,5:21,5:01,,13.0,33.0,1.0,10.0,"3 DL, 3 LB, 5 DB",;;;;;;;;;;,11,6,4,ZONE_COVERAGE,COVER_6,False,00-0031282;00-0036554;00-0032128;00-0036195;00-0036898;00-0033439;00-0034838;00-0030273;00-0035234;00-0031236;00-0030792,Justin Britt;Nico Collins;Chris Conley;Charlie Heck;Davis Mills;Pharaoh Brown;Royce Freeman;Lane Taylor;Tytus Howard;Brandin Cooks;Justin McCray,00-0034384;00-0035636;00-0034831;00-0035142;00-0036426;00-0031608;00-0029255;00-0036409;00-0033543;00-0034527;00-0030380,D.J. Reed;L.J. Collier;Rasheem Green;Ugo Amadi;Alton Robinson;Quandre Diggs;Bobby Wagner;Jordyn Brooks;Sidney Jones;Ryan Neal;Benson Mayowa
2021_14_SEA_HOU,3720,pass,12.0,63.0,51.0,8.0,5:01,4:53,,13.0,33.0,1.0,10.0,"3 DL, 3 LB, 5 DB",;;;;;;;;;;,11,4,4,ZONE_COVERAGE,COVER_6,False,00-0031282;00-0036554;00-0032128;00-0036195;00-0036898;00-0033439;00-0034838;00-0030273;00-0035234;00-0031236;00-0030792,Justin Britt;Nico Collins;Chris Conley;Charlie Heck;Davis Mills;Pharaoh Brown;Royce Freeman;Lane Taylor;Tytus Howard;Brandin Cooks;Justin McCray,00-0034384;00-0035636;00-0034831;00-0035142;00-0036426;00-0031608;00-0029255;00-0036409;00-0034527;00-0033543;00-0030380,D.J. Reed;L.J. Collier;Rasheem Green;Ugo Amadi;Alton Robinson;Quandre Diggs;Bobby Wagner;Jordyn Brooks;Ryan Neal;Sidney Jones;Benson Mayowa
2021_14_SEA_HOU,3744,pass,0.0,51.0,51.0,5.0,4:53,4:48,,13.0,33.0,1.0,10.0,"3 DL, 3 LB, 5 DB",;;;;;;;;;;,11,7,4,MAN_COVERAGE,COVER_1,True,00-0036556;00-0031282;00-0036554;00-0032128;00-0036195;00-0036898;00-0034838;00-0030273;00-0035234;00-0031236;00-0030792,Brevin Jordan;Justin Britt;Nico Collins;Chris Conley;Charlie Heck;Davis Mills;Royce Freeman;Lane Taylor;Tytus Howard;Brandin Cooks;Justin McCray,00-0034384;00-0035636;00-0034831;00-0035142;00-0036426;00-0031608;00-0029255;00-0036409;00-0034527;00-0033543;00-0030380,D.J. Reed;L.J. Collier;Rasheem Green;Ugo Amadi;Alton Robinson;Quandre Diggs;Bobby Wagner;Jordyn Brooks;Ryan Neal;Sidney Jones;Benson Mayowa
2021_14_SEA_HOU,3772,run,4.0,51.0,47.0,23.0,4:48,4:25,,13.0,33.0,2.0,10.0,"3 DL, 3 LB, 5 DB",;;;;;;;;;;,11,7,,,,,00-0032208;00-0031282;00-0036554;00-0036195;00-0034364;00-0036898;00-0034838;00-0030273;00-0030792;00-0035234;00-0031236,Phillip Dorsett;Justin Britt;Nico Collins;Charlie Heck;Jordan Akins;Davis Mills;Royce Freeman;Lane Taylor;Justin McCray;Tytus Howard;Brandin Cooks,00-0034831;00-0035142;00-0035294;00-0036426;00-0031608;00-0029255;00-0036409;00-0034527;00-0033543;00-0030380;00-0030946,Rasheem Green;Ugo Amadi;Blessuan Austin;Alton Robinson;Quandre Diggs;Bobby Wagner;Jordyn Brooks;Ryan Neal;Sidney Jones;Benson Mayowa;Kerry Hyder
2021_14_SEA_HOU,3793,pass,0.0,47.0,47.0,6.0,4:25,4:19,,13.0,33.0,3.0,6.0,"3 DL, 3 LB, 5 DB",;;;;;;;;;;,11,6,4,MAN_COVERAGE,COVER_1,False,00-0032208;00-0031282;00-0036554;00-0036195;00-0034364;00-0036898;00-0034838;00-0030273;00-0035234;00-0031236;00-0030792,Phillip Dorsett;Justin Britt;Nico Collins;Charlie Heck;Jordan Akins;Davis Mills;Royce Freeman;Lane Taylor;Tytus Howard;Brandin Cooks;Justin McCray,00-0034831;00-0035142;00-0035294;00-0036426;00-0031608;00-0029255;00-0036409;00-0033543;00-0034527;00-0030380;00-0030946,Rasheem Green;Ugo Amadi;Blessuan Austin;Alton Robinson;Quandre Diggs;Bobby Wagner;Jordyn Brooks;Sidney Jones;Ryan Neal;Benson Mayowa;Kerry Hyder
2021_14_SEA_HOU,3815,pass,0.0,47.0,47.0,10.0,4:19,4:09,,13.0,33.0,4.0,6.0,"4 DL, 2 LB, 5 DB",;;;;;;;;;;,11,5,5,MAN_COVERAGE,2_MAN,True,00-0031282;00-0036554;00-0032128;00-0036195;00-0034364;00-0036898;00-0034838;00-0030273;00-0035234;00-0031236;00-0030792,Justin Britt;Nico Collins;Chris Conley;Charlie Heck;Jordan Akins;Davis Mills;Royce Freeman;Lane Taylor;Tytus Howard;Brandin Cooks;Justin McCray,00-0036413;00-0035142;00-0035294;00-0036426;00-0031608;00-0029255;00-0036409;00-0034234;00-0033543;00-0034527;00-0030946,Darrell Taylor;Ugo Amadi;Blessuan Austin;Alton Robinson;Quandre Diggs;Bobby Wagner;Jordyn Brooks;Poona Ford;Sidney Jones;Ryan Neal;Kerry Hyder
2021_14_SEA_HOU,3848,timeout,0.0,,,0.0,4:09,4:09,SEA,13.0,33.0,,0.0,,,0,,,,,,,,,
2021_14_SEA_HOU,3865,pass,4.0,53.0,49.0,10.0,4:09,3:59,,13.0,33.0,1.0,10.0,"3 DL, 4 LB, 4 DB",;;;;;;;;;;,11,7,4,MAN_COVERAGE,COVER_1,False,00-0028292;00-0035141;00-0032426;00-0033901;00-0034159;00-0029263;00-0036620;00-0026166;00-0036795;00-0035022;00-0031367,Nick Bellore;Phil Haynes;Alex Collins;Ethan Pocic;Will Dissly;Russell Wilson;Dee Eskridge;Duane Brown;Jake Curhan;Penny Hart;Gabe Jackson,00-0033038;00-0033566;00-0031264;00-0034485;00-0031740;00-0031361;00-0036568;00-0033131;00-0035244;00-0033920;00-0036844,Eric Murray;Desmond King;Chris Smith;Jonathan Owens;Neville Hewitt;Christian Kirksey;Roy Lopez;Maliek Collins;Lonnie Johnson;Derek Rivers;Garret Wallow
2021_14_SEA_HOU,3894,timeout,0.0,,,0.0,3:59,3:59,HOU,13.0,33.0,,0.0,,,0,,,,,,,,,
2021_14_SEA_HOU,3911,run,4.0,49.0,45.0,12.0,3:59,3:47,,13.0,33.0,2.0,6.0,"3 DL, 4 LB, 4 DB",;;;;;;;;;;,11,8,,,,,00-0035141;00-0032426;00-0033901;00-0029263;00-0036620;00-0026166;00-0036795;00-0035022;00-0033895;00-0036244;00-0031367,Phil Haynes;Alex Collins;Ethan Pocic;Russell Wilson;Dee Eskridge;Duane Brown;Jake Curhan;Penny Hart;Gerald Everett;Colby Parkinson;Gabe Jackson,00-0033038;00-0033566;00-0031264;00-0034485;00-0031740;00-0031361;00-0036568;00-0033131;00-0035244;00-0033920;00-0036844,Eric Murray;Desmond King;Chris Smith;Jonathan Owens;Neville Hewitt;Christian Kirksey;Roy Lopez;Maliek Collins;Lonnie Johnson;Derek Rivers;Garret Wallow
2021_14_SEA_HOU,3937,timeout,0.0,,,0.0,3:47,3:47,HOU,13.0,33.0,,0.0,,,0,,,,,,,,,
2021_14_SEA_HOU,3954,run,3.0,45.0,42.0,5.0,3:47,3:42,,13.0,33.0,3.0,2.0,"3 DL, 4 LB, 4 DB",;;;;;;;;;;,11,8,,,,,00-0035141;00-0032426;00-0033901;00-0034159;00-0029263;00-0036620;00-0026166;00-0036795;00-0033895;00-0036244;00-0031367,Phil Haynes;Alex Collins;Ethan Pocic;Will Dissly;Russell Wilson;Dee Eskridge;Duane Brown;Jake Curhan;Gerald Everett;Colby Parkinson;Gabe Jackson,00-0033038;00-0033566;00-0031264;00-0034485;00-0031740;00-0031361;00-0036568;00-0033131;00-0035244;00-0033920;00-0036844,Eric Murray;Desmond King;Chris Smith;Jonathan Owens;Neville Hewitt;Christian Kirksey;Roy Lopez;Maliek Collins;Lonnie Johnson;Derek Rivers;Garret Wallow
2021_14_SEA_HOU,3976,run,0.0,42.0,42.0,45.0,3:42,2:57,,13.0,33.0,1.0,10.0,"3 DL, 4 LB, 4 DB",;;;;;;;;;;,11,8,,,,,00-0035141;00-0032426;00-0033901;00-0034159;00-0029263;00-0036620;00-0026166;00-0036795;00-0033895;00-0036244;00-0031367,Phil Haynes;Alex Collins;Ethan Pocic;Will Dissly;Russell Wilson;Dee Eskridge;Duane Brown;Jake Curhan;Gerald Everett;Colby Parkinson;Gabe Jackson,00-0036289;00-0033038;00-0033566;00-0031264;00-0034485;00-0031740;00-0031361;00-0036568;00-0035244;00-0033920;00-0036844,Ross Blacklock;Eric Murray;Desmond King;Chris Smith;Jonathan Owens;Neville Hewitt;Christian Kirksey;Roy Lopez;Lonnie Johnson;Derek Rivers;Garret Wallow
2021_14_SEA_HOU,4004,run,4.0,51.0,47.0,4.0,2:57,2:53,,13.0,33.0,2.0,19.0,"4 DL, 2 LB, 5 DB",;;;;;;;;;;,11,7,,,,,00-0035141;00-0032426;00-0033901;00-0034159;00-0036620;00-0029263;00-0036247;00-0026166;00-0036795;00-0035022;00-0031367,Phil Haynes;Alex Collins;Ethan Pocic;Will Dissly;Dee Eskridge;Russell Wilson;Freddie Swain;Duane Brown;Jake Curhan;Penny Hart;Gabe Jackson,00-0036289;00-0033038;00-0033566;00-0034485;00-0034163;00-0034488;00-0036224;00-0031740;00-0031361;00-0033940;00-0035244,Ross Blacklock;Eric Murray;Desmond King;Jonathan Owens;Jacob Martin;Tavierre Thomas;Jonathan Greenard;Neville Hewitt;Christian Kirksey;Jaleel Johnson;Lonnie Johnson
2021_14_SEA_HOU,4025,timeout,0.0,,,0.0,2:53,2:53,HOU,13.0,33.0,,0.0,,,0,,,,,,,,,
2021_14_SEA_HOU,4046,run,2.0,47.0,45.0,48.0,2:53,2:05,,13.0,33.0,3.0,15.0,"4 DL, 2 LB, 5 DB",;;;;;;;;;;,11,6,,,,,00-0035141;00-0032426;00-0033901;00-0036620;00-0029263;00-0036247;00-0026166;00-0036795;00-0035022;00-0033895;00-0031367,Phil Haynes;Alex Collins;Ethan Pocic;Dee Eskridge;Russell Wilson;Freddie Swain;Duane Brown;Jake Curhan;Penny Hart;Gerald Everett;Gabe Jackson,00-0036289;00-0033038;00-0033566;00-0034485;00-0034163;00-0034488;00-0036224;00-0031740;00-0031361;00-0033940;00-0035244,Ross Blacklock;Eric Murray;Desmond King;Jonathan Owens;Jacob Martin;Tavierre Thomas;Jonathan Greenard;Neville Hewitt;Christian Kirksey;Jaleel Johnson;Lonnie Johnson
2021_14_SEA_HOU,4068,no_play,0.0,45.0,45.0,0.0,2:05,2:05,,13.0,33.0,4.0,13.0,,;;;;;;;;;;,11,,,,,,00-0028292;00-0036304;00-0036425;00-0034160;00-0034159;00-0031624;00-0031156;00-0035022;00-0036244;00-0036802;00-0035672,Nick Bellore;John Reid;DeeJay Dallas;Michael Dickson;Will Dissly;Edmond Robinson;Tyler Ott;Penny Hart;Colby Parkinson;Jon Rhattigan;Cody Barton,00-0036289;00-0033038;00-0033566;00-0034163;00-0034488;00-0034278;00-0034594;00-0033940;00-0033336;00-0033920;00-0036844,Ross Blacklock;Eric Murray;Desmond King;Jacob Martin;Tavierre Thomas;Tremon Smith;A.J. Moore;Jaleel Johnson;Eric Wilson;Derek Rivers;Garret Wallow
2021_14_SEA_HOU,4091,punt,0.0,50.0,50.0,6.0,2:05,1:59,,13.0,33.0,4.0,18.0,,;;;;;;;;;;,11,,,,,,00-0028292;00-0036304;00-0036425;00-0034160;00-0034159;00-0031624;00-0031156;00-0035022;00-0036244;00-0036802;00-0035672,Nick Bellore;John Reid;DeeJay Dallas;Michael Dickson;Will Dissly;Edmond Robinson;Tyler Ott;Penny Hart;Colby Parkinson;Jon Rhattigan;Cody Barton,00-0036289;00-0033038;00-0033566;00-0034163;00-0034488;00-0034278;00-0033940;00-0034594;00-0033336;00-0036844;00-0033920,Ross Blacklock;Eric Murray;Desmond King;Jacob Martin;Tavierre Thomas;Tremon Smith;Jaleel Johnson;A.J. Moore;Eric Wilson;Garret Wallow;Derek Rivers
2021_14_SEA_HOU,4126,pass,4.0,82.0,78.0,7.0,1:59,1:52,,13.0,33.0,1.0,10.0,"3 DL, 3 LB, 5 DB",;;;;;;;;;;,11,4,4,ZONE_COVERAGE,COVER_2,False,00-0032208;00-0031282;00-0032128;00-0036195;00-0036898;00-0033439;00-0034838;00-0030273;00-0035234;00-0031236;00-0030792,Phillip Dorsett;Justin Britt;Chris Conley;Charlie Heck;Davis Mills;Pharaoh Brown;Royce Freeman;Lane Taylor;Tytus Howard;Brandin Cooks;Justin McCray,00-0035636;00-0034831;00-0035142;00-0035294;00-0036426;00-0029255;00-0036409;00-0033543;00-0034527;00-0030380;00-0036056,L.J. Collier;Rasheem Green;Ugo Amadi;Blessuan Austin;Alton Robinson;Bobby Wagner;Jordyn Brooks;Sidney Jones;Ryan Neal;Benson Mayowa;Gavin Heslop
2021_14_SEA_HOU,4150,pass,17.0,78.0,61.0,21.0,1:52,1:31,,13.0,33.0,2.0,6.0,"3 DL, 3 LB, 5 DB",;;;;;;;;;;,11,4,4,ZONE_COVERAGE,COVER_2,False,00-0031282;00-0036554;00-0032128;00-0036195;00-0036898;00-0033439;00-0034838;00-0030273;00-0035234;00-0031236;00-0030792,Justin Britt;Nico Collins;Chris Conley;Charlie Heck;Davis Mills;Pharaoh Brown;Royce Freeman;Lane Taylor;Tytus Howard;Brandin Cooks;Justin McCray,00-0035636;00-0034831;00-0035142;00-0035294;00-0036426;00-0029255;00-0036409;00-0034527;00-0033543;00-0030380;00-0036056,L.J. Collier;Rasheem Green;Ugo Amadi;Blessuan Austin;Alton Robinson;Bobby Wagner;Jordyn Brooks;Ryan Neal;Sidney Jones;Benson Mayowa;Gavin Heslop
2021_14_SEA_HOU,4174,pass,6.0,61.0,55.0,19.0,1:31,1:12,,13.0,33.0,1.0,10.0,"3 DL, 3 LB, 5 DB",;;;;;;;;;;,11,3,4,ZONE_COVERAGE,COVER_2,False,00-0031282;00-0036554;00-0032128;00-0036195;00-0036898;00-0033439;00-0034838;00-0030273;00-0035234;00-0031236;00-0030792,Justin Britt;Nico Collins;Chris Conley;Charlie Heck;Davis Mills;Pharaoh Brown;Royce Freeman;Lane Taylor;Tytus Howard;Brandin Cooks;Justin McCray,00-0035636;00-0034831;00-0035142;00-0035294;00-0036426;00-0029255;00-0036409;00-0034527;00-0033543;00-0030380;00-0036056,L.J. Collier;Rasheem Green;Ugo Amadi;Blessuan Austin;Alton Robinson;Bobby Wagner;Jordyn Brooks;Ryan Neal;Sidney Jones;Benson Mayowa;Gavin Heslop
2021_14_SEA_HOU,4198,pass,18.0,55.0,37.0,13.0,1:12,0:59,,13.0,33.0,2.0,4.0,"3 DL, 3 LB, 5 DB",;;;;;;;;;;,11,4,4,ZONE_COVERAGE,COVER_2,False,00-0031282;00-0036554;00-0032128;00-0036195;00-0036898;00-0033439;00-0034838;00-0030273;00-0035234;00-0031236;00-0030792,Justin Britt;Nico Collins;Chris Conley;Charlie Heck;Davis Mills;Pharaoh Brown;Royce Freeman;Lane Taylor;Tytus Howard;Brandin Cooks;Justin McCray,00-0035636;00-0034831;00-0035142;00-0035294;00-0036426;00-0029255;00-0036409;00-0034527;00-0033543;00-0030380;00-0036056,L.J. Collier;Rasheem Green;Ugo Amadi;Blessuan Austin;Alton Robinson;Bobby Wagner;Jordyn Brooks;Ryan Neal;Sidney Jones;Benson Mayowa;Gavin Heslop
2021_14_SEA_HOU,4225,timeout,0.0,,,0.0,0:59,0:59,SEA,13.0,33.0,,0.0,,,0,,,,,,,,,
2021_14_SEA_HOU,4242,pass,7.0,37.0,30.0,23.0,0:59,0:36,,13.0,33.0,1.0,10.0,"4 DL, 2 LB, 5 DB",;;;;;;;;;;,11,4,4,ZONE_COVERAGE,COVER_2,False,00-0032208;00-0031282;00-0032128;00-0036195;00-0034364;00-0036898;00-0034838;00-0030273;00-0035234;00-0031236;00-0030792,Phillip Dorsett;Justin Britt;Chris Conley;Charlie Heck;Jordan Akins;Davis Mills;Royce Freeman;Lane Taylor;Tytus Howard;Brandin Cooks;Justin McCray,00-0034831;00-0036304;00-0035142;00-0035294;00-0036426;00-0029255;00-0036409;00-0034234;00-0034527;00-0033543;00-0030946,Rasheem Green;John Reid;Ugo Amadi;Blessuan Austin;Alton Robinson;Bobby Wagner;Jordyn Brooks;Poona Ford;Ryan Neal;Sidney Jones;Kerry Hyder
2021_14_SEA_HOU,4266,pass,2.0,30.0,28.0,19.0,0:36,0:17,,13.0,33.0,2.0,3.0,"4 DL, 2 LB, 5 DB",;;;;;;;;;;,11,3,4,ZONE_COVERAGE,COVER_2,False,00-0032208;00-0031282;00-0036554;00-0032128;00-0036195;00-0034364;00-0036898;00-0034838;00-0030273;00-0035234;00-0030792,Phillip Dorsett;Justin Britt;Nico Collins;Chris Conley;Charlie Heck;Jordan Akins;Davis Mills;Royce Freeman;Lane Taylor;Tytus Howard;Justin McCray,00-0034831;00-0036304;00-0035142;00-0035294;00-0036426;00-0029255;00-0036409;00-0034234;00-0034527;00-0033543;00-0030946,Rasheem Green;John Reid;Ugo Amadi;Blessuan Austin;Alton Robinson;Bobby Wagner;Jordyn Brooks;Poona Ford;Ryan Neal;Sidney Jones;Kerry Hyder
2021_14_SEA_HOU,4290,pass,6.0,28.0,22.0,6.0,0:17,0:11,,13.0,33.0,3.0,1.0,"4 DL, 2 LB, 5 DB",;;;;;;;;;;,11,4,4,ZONE_COVERAGE,COVER_2,False,00-0032208;00-0031282;00-0036554;00-0032128;00-0036195;00-0034364;00-0036898;00-0034838;00-0030273;00-0035234;00-0030792,Phillip Dorsett;Justin Britt;Nico Collins;Chris Conley;Charlie Heck;Jordan Akins;Davis Mills;Royce Freeman;Lane Taylor;Tytus Howard;Justin McCray,00-0034831;00-0036304;00-0035142;00-0035294;00-0036426;00-0029255;00-0036409;00-0033543;00-0034234;00-0034527;00-0030946,Rasheem Green;John Reid;Ugo Amadi;Blessuan Austin;Alton Robinson;Bobby Wagner;Jordyn Brooks;Sidney Jones;Poona Ford;Ryan Neal;Kerry Hyder
2021_14_SEA_HOU,4314,pass,8.0,22.0,14.0,6.0,0:11,0:05,,13.0,33.0,1.0,10.0,"4 DL, 2 LB, 5 DB",;;;;;;;;;;,11,3,3,ZONE_COVERAGE,COVER_2,False,00-0031282;00-0036554;00-0032128;00-0036195;00-0034364;00-0036898;00-0034838;00-0030273;00-0035234;00-0031236;00-0030792,Justin Britt;Nico Collins;Chris Conley;Charlie Heck;Jordan Akins;Davis Mills;Royce Freeman;Lane Taylor;Tytus Howard;Brandin Cooks;Justin McCray,00-0034831;00-0036304;00-0035142;00-0035294;00-0036426;00-0029255;00-0036409;00-0033543;00-0034234;00-0034527;00-0030946,Rasheem Green;John Reid;Ugo Amadi;Blessuan Austin;Alton Robinson;Bobby Wagner;Jordyn Brooks;Sidney Jones;Poona Ford;Ryan Neal;Kerry Hyder
2021_14_SEA_HOU,4338,run,3.0,14.0,11.0,5.0,0:05,0:00,,13.0,33.0,2.0,2.0,"4 DL, 2 LB, 5 DB",;;;;;;;;;;,11,4,3,,,,00-0031282;00-0036554;00-0032128;00-0036195;00-0034364;00-0036898;00-0033439;00-0030273;00-0035234;00-0031236;00-0030792,Justin Britt;Nico Collins;Chris Conley;Charlie Heck;Jordan Akins;Davis Mills;Pharaoh Brown;Lane Taylor;Tytus Howard;Brandin Cooks;Justin McCray,00-0034831;00-0036304;00-0035142;00-0035294;00-0036426;00-0029255;00-0036409;00-0033543;00-0034234;00-0034527;00-0030946,Rasheem Green;John Reid;Ugo Amadi;Blessuan Austin;Alton Robinson;Bobby Wagner;Jordyn Brooks;Sidney Jones;Poona Ford;Ryan Neal;Kerry Hyder
2021_14_SEA_HOU,4359,end_game,,,,0.0,0:00,0:00,,13.0,33.0,,0.0,,,0,,,,,,,,,
