game_id,play_id,play_type,yards_gained,starting_yard,ending_yard,posteam,qtr,game_seconds_remaining,yardline_100,time_of_play,time_on_clock_start,time_on_clock_end,timeout_team,home_team_score,away_team_score,down,yds_to_go,defense_personnel,defense_positions,n_defense,defenders_in_box,number_of_pass_rushers,defense_man_zone_type,defense_coverage_type,was_pressure,offense_player_ids,offense_player_names,defense_player_ids,defense_player_names
2024_07_CAR_WAS,1,start_quarter_1,,,,,1.0,3600.0,,0.0,15:00,15:00,,0.0,0.0,,0.0,,,,,,,,,,,,
2024_07_CAR_WAS,39,kickoff,0.0,35.0,35.0,CAR,1.0,3600.0,35.0,5.0,15:00,14:55,,0.0,0.0,,0.0,"1 CB, 5 FS, 2 ILB, 1 K, 2 RB",CB;FS;FS;FS;FS;FS;ILB;ILB;K;RB;RB,11,0,0,,,False,00-0035244;00-0036235;00-0038791;00-0037429;00-0038587;00-0039601;00-0036825;00-0039356;00-0039062;00-0039342;00-0039491,Lonnie Johnson;Shaquille Quarterman;Thomas Incoom;Raheem Blackshear;Jammie Robinson;Demani Richardson;Feleipe Franks;Ja'Tavion Sanders;Jonathan Mingo;Xavier Legette;Jalen Coker,00-0033697;00-0034465;00-0036293;00-0036638;00-0038100;00-0039149;00-0028292;00-0036300;00-0035145;00-0033955;00-0039686,Michael Davis;Jeremy Reaves;Jeremy Chinn;Darrick Forrest;Percy Butler;Quan Martin;Nick Bellore;Mykal Walker;Austin Seibert;Jeremy McNichols;Colson Yankoff
2024_07_CAR_WAS,73,pass,7.0,86.0,79.0,CAR,1.0,3595.0,86.0,31.0,14:55,14:24,,0.0,0.0,1.0,10.0,"3 CB, 1 DE, 2 DT, 2 FS, 2 ILB, 1 OLB",CB;CB;CB;DE;DT;DT;FS;FS;ILB;ILB;OLB,11,6,4,ZONE_COVERAGE,COVER_3,False,00-0036325;00-0036417;00-0036968;00-0027973;00-0036555;00-0035084;00-0037229;00-0039356;00-0035216;00-0039062;00-0039342,Robert Hunt;Damien Lewis;Brady Christensen;Andy Dalton;Chuba Hubbard;Yosh Nijman;Ikem Ekwonu;Ja'Tavion Sanders;Diontae Johnson;Jonathan Mingo;Xavier Legette,00-0036287;00-0036625;00-0039898;00-0035692;00-0034333;00-0039906;00-0036293;00-0039149;00-0029255;00-0034302;00-0032052,Noah Igbinoghene;Benjamin St-Juste;Mike Sainristil;Clelin Ferrell;Daron Payne;Jer'Zhan Newton;Jeremy Chinn;Quan Martin;Bobby Wagner;Frankie Luvu;Dante Fowler Jr.
2024_07_CAR_WAS,98,run,4.0,79.0,75.0,CAR,1.0,3564.0,79.0,34.0,14:24,13:50,,0.0,0.0,2.0,3.0,"3 CB, 1 DE, 2 DT, 2 FS, 2 ILB, 1 OLB",CB;CB;CB;DE;DT;DT;FS;FS;ILB;ILB;OLB,11,6,0,,,False,00-0036325;00-0036417;00-0036968;00-0027973;00-0036555;00-0035084;00-0037229;00-0039356;00-0035216;00-0039342;00-0039491,Robert Hunt;Damien Lewis;Brady Christensen;Andy Dalton;Chuba Hubbard;Yosh Nijman;Ikem Ekwonu;Ja'Tavion Sanders;Diontae Johnson;Xavier Legette;Jalen Coker,00-0036287;00-0036625;00-0039898;00-0035692;00-0034333;00-0039906;00-0036293;00-0039149;00-0029255;00-0034302;00-0032052,Noah Igbinoghene;Benjamin St-Juste;Mike Sainristil;Clelin Ferrell;Daron Payne;Jer'Zhan Newton;Jeremy Chinn;Quan Martin;Bobby Wagner;Frankie Luvu;Dante Fowler Jr.
2024_07_CAR_WAS,120,run,26.0,75.0,49.0,CAR,1.0,3530.0,75.0,34.0,13:50,13:16,,0.0,0.0,1.0,10.0,"3 CB, 1 DE, 2 DT, 2 FS, 2 ILB, 1 OLB",CB;CB;CB;DE;DT;DT;FS;FS;ILB;ILB;OLB,11,6,0,,,False,00-0036325;00-0036417;00-0036968;00-0027973;00-0035243;00-0036555;00-0035084;00-0037229;00-0034365;00-0033589;00-0039342,Robert Hunt;Damien Lewis;Brady Christensen;Andy Dalton;Miles Sanders;Chuba Hubbard;Yosh Nijman;Ikem Ekwonu;Ian Thomas;David Moore;Xavier Legette,00-0036287;00-0036625;00-0039898;00-0035692;00-0034333;00-0039906;00-0036293;00-0039149;00-0029255;00-0034302;00-0032052,Noah Igbinoghene;Benjamin St-Juste;Mike Sainristil;Clelin Ferrell;Daron Payne;Jer'Zhan Newton;Jeremy Chinn;Quan Martin;Bobby Wagner;Frankie Luvu;Dante Fowler Jr.
2024_07_CAR_WAS,147,run,6.0,49.0,43.0,CAR,1.0,3496.0,49.0,39.0,13:16,12:37,,0.0,0.0,1.0,10.0,"3 CB, 1 DE, 2 DT, 2 FS, 2 ILB, 1 OLB",CB;CB;CB;DE;DT;DT;FS;FS;ILB;ILB;OLB,11,6,0,,,False,00-0036325;00-0036417;00-0036968;00-0027973;00-0036555;00-0035084;00-0037229;00-0034365;00-0039356;00-0035216;00-0039342,Robert Hunt;Damien Lewis;Brady Christensen;Andy Dalton;Chuba Hubbard;Yosh Nijman;Ikem Ekwonu;Ian Thomas;Ja'Tavion Sanders;Diontae Johnson;Xavier Legette,00-0036287;00-0036625;00-0039898;00-0035692;00-0034333;00-0039906;00-0036293;00-0039149;00-0029255;00-0034302;00-0032052,Noah Igbinoghene;Benjamin St-Juste;Mike Sainristil;Clelin Ferrell;Daron Payne;Jer'Zhan Newton;Jeremy Chinn;Quan Martin;Bobby Wagner;Frankie Luvu;Dante Fowler Jr.
2024_07_CAR_WAS,169,pass,17.0,43.0,26.0,CAR,1.0,3457.0,43.0,24.0,12:37,12:13,,0.0,0.0,2.0,4.0,"3 CB, 1 DE, 2 DT, 2 FS, 2 ILB, 1 OLB",CB;CB;CB;DE;DT;DT;FS;FS;ILB;ILB;OLB,11,7,5,MAN_COVERAGE,COVER_1,False,00-0036325;00-0036417;00-0036968;00-0027973;00-0036555;00-0035084;00-0037229;00-0034365;00-0039356;00-0035216;00-0039342,Robert Hunt;Damien Lewis;Brady Christensen;Andy Dalton;Chuba Hubbard;Yosh Nijman;Ikem Ekwonu;Ian Thomas;Ja'Tavion Sanders;Diontae Johnson;Xavier Legette,00-0036287;00-0036625;00-0039898;00-0035692;00-0034333;00-0039906;00-0036293;00-0039149;00-0029255;00-0034302;00-0032052,Noah Igbinoghene;Benjamin St-Juste;Mike Sainristil;Clelin Ferrell;Daron Payne;Jer'Zhan Newton;Jeremy Chinn;Quan Martin;Bobby Wagner;Frankie Luvu;Dante Fowler Jr.
2024_07_CAR_WAS,205,pass,0.0,26.0,26.0,CAR,1.0,3433.0,26.0,5.0,12:13,12:08,,0.0,0.0,1.0,10.0,"3 CB, 1 DE, 2 DT, 2 FS, 2 ILB, 1 OLB",CB;CB;CB;DE;DT;DT;FS;FS;ILB;ILB;OLB,11,7,4,ZONE_COVERAGE,COVER_2,True,00-0036325;00-0036417;00-0036968;00-0027973;00-0036555;00-0035084;00-0037229;00-0034365;00-0033589;00-0039062;00-0039342,Robert Hunt;Damien Lewis;Brady Christensen;Andy Dalton;Chuba Hubbard;Yosh Nijman;Ikem Ekwonu;Ian Thomas;David Moore;Jonathan Mingo;Xavier Legette,00-0036287;00-0036625;00-0039898;00-0035692;00-0033010;00-0038099;00-0036293;00-0039149;00-0029255;00-0034302;00-0032052,Noah Igbinoghene;Benjamin St-Juste;Mike Sainristil;Clelin Ferrell;Sheldon Day;Phidarian Mathis;Jeremy Chinn;Quan Martin;Bobby Wagner;Frankie Luvu;Dante Fowler Jr.
2024_07_CAR_WAS,228,run,1.0,26.0,25.0,CAR,1.0,3428.0,26.0,41.0,12:08,11:27,,0.0,0.0,2.0,10.0,"3 CB, 1 DE, 2 DT, 2 FS, 2 ILB, 1 OLB",CB;CB;CB;DE;DT;DT;FS;FS;ILB;ILB;OLB,11,5,0,,,False,00-0036325;00-0036417;00-0036968;00-0027973;00-0036555;00-0035084;00-0037229;00-0039356;00-0033589;00-0039342;00-0039491,Robert Hunt;Damien Lewis;Brady Christensen;Andy Dalton;Chuba Hubbard;Yosh Nijman;Ikem Ekwonu;Ja'Tavion Sanders;David Moore;Xavier Legette;Jalen Coker,00-0036287;00-0036625;00-0039898;00-0035692;00-0033010;00-0038099;00-0036293;00-0039149;00-0029255;00-0034302;00-0032052,Noah Igbinoghene;Benjamin St-Juste;Mike Sainristil;Clelin Ferrell;Sheldon Day;Phidarian Mathis;Jeremy Chinn;Quan Martin;Bobby Wagner;Frankie Luvu;Dante Fowler Jr.
2024_07_CAR_WAS,250,turnover,0.0,25.0,25.0,CAR,1.0,3387.0,25.0,13.0,11:27,11:14,,6.0,0.0,3.0,9.0,"3 CB, 1 DE, 2 DT, 2 FS, 2 ILB, 1 OLB",CB;CB;CB;DE;DT;DT;FS;FS;ILB;ILB;OLB,11,6,6,ZONE_COVERAGE,COVER_2,False,00-0036325;00-0036417;00-0036968;00-0027973;00-0035243;00-0035084;00-0037229;00-0039356;00-0033589;00-0039062;00-0039491,Robert Hunt;Damien Lewis;Brady Christensen;Andy Dalton;Miles Sanders;Yosh Nijman;Ikem Ekwonu;Ja'Tavion Sanders;David Moore;Jonathan Mingo;Jalen Coker,00-0036287;00-0036625;00-0039898;00-0035692;00-0033010;00-0034333;00-0036293;00-0039149;00-0029255;00-0034302;00-0032052,Noah Igbinoghene;Benjamin St-Juste;Mike Sainristil;Clelin Ferrell;Sheldon Day;Daron Payne;Jeremy Chinn;Quan Martin;Bobby Wagner;Frankie Luvu;Dante Fowler Jr.
2024_07_CAR_WAS,278,extra_point,0.0,15.0,15.0,WAS,1.0,3374.0,15.0,0.0,11:14,11:14,,7.0,0.0,,0.0,"2 CB, 2 DE, 3 DT, 1 FS, 1 ILB, 1 OLB, 1 RB",CB;CB;DE;DE;DT;DT;DT;FS;ILB;OLB;RB,11,0,0,,,False,00-0035686;00-0033831;00-0035149;00-0036618;00-0035145;00-0031156;00-0030140;00-0030725;00-0034571;00-0039913;00-0036628,Michael Deiter;Andrew Wylie;Nick Allegretti;Sam Cosmi;Austin Seibert;Tyler Ott;Tress Way;Cornelius Lucas;Trent Scott;Brandon Coleman;John Bates,00-0035277;00-0039380;00-0033880;00-0037203;00-0034723;00-0035409;00-0035910;00-0035244;00-0037560;00-0038791;00-0037429,Mike Jackson;Chau Smith-Wade;Charles Harris;LaBryan Ray;Nick Thurman;Shy Tuttle;T.J. Smith;Lonnie Johnson;Chandler Wooten;Thomas Incoom;Raheem Blackshear
2024_07_CAR_WAS,293,kickoff,0.0,35.0,35.0,CAR,1.0,3374.0,35.0,5.0,11:14,11:09,,7.0,0.0,,0.0,"2 CB, 4 FS, 2 ILB, 1 K, 2 RB",CB;CB;FS;FS;FS;FS;ILB;ILB;K;RB;RB,11,0,0,,,False,00-0035244;00-0036235;00-0038791;00-0037429;00-0038587;00-0039601;00-0036825;00-0039356;00-0039062;00-0039342;00-0039491,Lonnie Johnson;Shaquille Quarterman;Thomas Incoom;Raheem Blackshear;Jammie Robinson;Demani Richardson;Feleipe Franks;Ja'Tavion Sanders;Jonathan Mingo;Xavier Legette;Jalen Coker,00-0033697;00-0039898;00-0034465;00-0036293;00-0036638;00-0038100;00-0028292;00-0036300;00-0035145;00-0033955;00-0039686,Michael Davis;Mike Sainristil;Jeremy Reaves;Jeremy Chinn;Darrick Forrest;Percy Butler;Nick Bellore;Mykal Walker;Austin Seibert;Jeremy McNichols;Colson Yankoff
2024_07_CAR_WAS,323,run,1.0,65.0,64.0,CAR,1.0,3369.0,65.0,41.0,11:09,10:28,,7.0,0.0,1.0,10.0,"2 CB, 1 DE, 2 DT, 3 FS, 2 ILB, 1 OLB",CB;CB;DE;DT;DT;FS;FS;FS;ILB;ILB;OLB,11,6,0,,,False,00-0036325;00-0036417;00-0036968;00-0027973;00-0036555;00-0035084;00-0037229;00-0034365;00-0039356;00-0035216;00-0039342,Robert Hunt;Damien Lewis;Brady Christensen;Andy Dalton;Chuba Hubbard;Yosh Nijman;Ikem Ekwonu;Ian Thomas;Ja'Tavion Sanders;Diontae Johnson;Xavier Legette,00-0036625;00-0039898;00-0031500;00-0033010;00-0038099;00-0036293;00-0038100;00-0039149;00-0029255;00-0034302;00-0036614,Benjamin St-Juste;Mike Sainristil;Efe Obada;Sheldon Day;Phidarian Mathis;Jeremy Chinn;Percy Butler;Quan Martin;Bobby Wagner;Frankie Luvu;Jamin Davis
2024_07_CAR_WAS,345,pass,5.0,64.0,59.0,CAR,1.0,3328.0,64.0,38.0,10:28,9:50,,7.0,0.0,2.0,9.0,"3 CB, 1 DE, 2 DT, 2 FS, 2 ILB, 1 OLB",CB;CB;CB;DE;DT;DT;FS;FS;ILB;ILB;OLB,11,5,4,ZONE_COVERAGE,COVER_2,False,00-0036325;00-0036417;00-0036968;00-0027973;00-0036555;00-0035084;00-0037229;00-0039356;00-0035216;00-0039342;00-0039491,Robert Hunt;Damien Lewis;Brady Christensen;Andy Dalton;Chuba Hubbard;Yosh Nijman;Ikem Ekwonu;Ja'Tavion Sanders;Diontae Johnson;Xavier Legette;Jalen Coker,00-0036287;00-0036625;00-0039898;00-0031500;00-0033010;00-0038099;00-0036293;00-0039149;00-0029255;00-0034302;00-0036614,Noah Igbinoghene;Benjamin St-Juste;Mike Sainristil;Efe Obada;Sheldon Day;Phidarian Mathis;Jeremy Chinn;Quan Martin;Bobby Wagner;Frankie Luvu;Jamin Davis
2024_07_CAR_WAS,370,pass,0.0,59.0,59.0,CAR,1.0,3290.0,59.0,4.0,9:50,9:46,,7.0,0.0,3.0,4.0,"3 CB, 1 DE, 1 DT, 3 FS, 2 ILB, 1 OLB",CB;CB;CB;DE;DT;FS;FS;FS;ILB;ILB;OLB,11,5,4,MAN_COVERAGE,2_MAN,False,00-0036325;00-0036417;00-0036968;00-0027973;00-0035243;00-0035084;00-0037229;00-0039356;00-0035216;00-0039342;00-0039491,Robert Hunt;Damien Lewis;Brady Christensen;Andy Dalton;Miles Sanders;Yosh Nijman;Ikem Ekwonu;Ja'Tavion Sanders;Diontae Johnson;Xavier Legette;Jalen Coker,00-0036287;00-0036625;00-0039898;00-0035692;00-0034333;00-0036293;00-0038100;00-0039149;00-0029255;00-0034302;00-0032052,Noah Igbinoghene;Benjamin St-Juste;Mike Sainristil;Clelin Ferrell;Daron Payne;Jeremy Chinn;Percy Butler;Quan Martin;Bobby Wagner;Frankie Luvu;Dante Fowler Jr.
2024_07_CAR_WAS,393,punt,0.0,59.0,59.0,CAR,1.0,3286.0,59.0,8.0,9:46,9:38,,7.0,0.0,4.0,4.0,"3 CB, 3 FS, 2 ILB, 2 RB, 1 WR",CB;CB;CB;FS;FS;FS;ILB;ILB;RB;RB;WR,11,0,0,,,False,00-0035244;00-0036235;00-0037560;00-0039457;00-0026027;00-0038791;00-0028872;00-0035669;00-0038587;00-0036825;00-0033589,Lonnie Johnson;Shaquille Quarterman;Chandler Wooten;Jacoby Windmon;J.J. Jansen;Thomas Incoom;Johnny Hekker;Nick Scott;Jammie Robinson;Feleipe Franks;David Moore,00-0033697;00-0036287;00-0039151;00-0034465;00-0036638;00-0038100;00-0028292;00-0036300;00-0033955;00-0039686;00-0035208,Michael Davis;Noah Igbinoghene;Emmanuel Forbes;Jeremy Reaves;Darrick Forrest;Percy Butler;Nick Bellore;Mykal Walker;Jeremy McNichols;Colson Yankoff;Olamide Zaccheaus
2024_07_CAR_WAS,413,run,46.0,90.0,44.0,WAS,1.0,3278.0,90.0,46.0,9:38,8:52,,7.0,0.0,1.0,10.0,"2 CB, 2 DE, 2 DT, 2 FS, 1 ILB, 1 OLB, 1 SS",CB;CB;DE;DE;DT;DT;FS;FS;ILB;OLB;SS,11,6,0,,,False,00-0036376;00-0033831;00-0035149;00-0036618;00-0039910;00-0033955;00-0033699;00-0039913;00-0030061;00-0033591;00-0035659,Tyler Biadasz;Andrew Wylie;Nick Allegretti;Sam Cosmi;Jayden Daniels;Jeremy McNichols;Austin Ekeler;Brandon Coleman;Zach Ertz;Noah Brown;Terry McLaurin,00-0035277;00-0036944;00-0033880;00-0037203;00-0034723;00-0035409;00-0033579;00-0035244;00-0039347;00-0034382;00-0035669,Mike Jackson;Jaycee Horn;Charles Harris;LaBryan Ray;Nick Thurman;Shy Tuttle;Xavier Woods;Lonnie Johnson;Trevin Wallace;Marquis Haynes;Nick Scott
2024_07_CAR_WAS,442,run,5.0,44.0,39.0,WAS,1.0,3232.0,44.0,33.0,8:52,8:19,,7.0,0.0,1.0,10.0,"2 CB, 2 DE, 2 DT, 2 FS, 1 ILB, 1 OLB, 1 SS",CB;CB;DE;DE;DT;DT;FS;FS;ILB;OLB;SS,11,6,0,,,False,00-0036376;00-0033831;00-0035149;00-0036618;00-0039910;00-0033955;00-0033699;00-0039913;00-0030061;00-0033591;00-0035659,Tyler Biadasz;Andrew Wylie;Nick Allegretti;Sam Cosmi;Jayden Daniels;Jeremy McNichols;Austin Ekeler;Brandon Coleman;Zach Ertz;Noah Brown;Terry McLaurin,00-0035277;00-0036944;00-0033880;00-0037203;00-0034723;00-0035409;00-0033579;00-0035244;00-0039347;00-0034382;00-0035669,Mike Jackson;Jaycee Horn;Charles Harris;LaBryan Ray;Nick Thurman;Shy Tuttle;Xavier Woods;Lonnie Johnson;Trevin Wallace;Marquis Haynes;Nick Scott
2024_07_CAR_WAS,464,no_play,0.0,39.0,39.0,WAS,1.0,3199.0,39.0,19.0,8:19,8:00,,7.0,0.0,2.0,5.0,"2 CB, 2 DE, 2 DT, 2 FS, 1 ILB, 1 OLB, 1 SS",CB;CB;DE;DE;DT;DT;FS;FS;ILB;OLB;SS,11,0,0,,,False,00-0036376;00-0033831;00-0035149;00-0036618;00-0039910;00-0033955;00-0033699;00-0039913;00-0030061;00-0033591;00-0035659,Tyler Biadasz;Andrew Wylie;Nick Allegretti;Sam Cosmi;Jayden Daniels;Jeremy McNichols;Austin Ekeler;Brandon Coleman;Zach Ertz;Noah Brown;Terry McLaurin,00-0035277;00-0036944;00-0033880;00-0037203;00-0034723;00-0035409;00-0033579;00-0035244;00-0039347;00-0034382;00-0035669,Mike Jackson;Jaycee Horn;Charles Harris;LaBryan Ray;Nick Thurman;Shy Tuttle;Xavier Woods;Lonnie Johnson;Trevin Wallace;Marquis Haynes;Nick Scott
2024_07_CAR_WAS,488,run,9.0,44.0,35.0,WAS,1.0,3180.0,44.0,46.0,8:00,7:14,,7.0,0.0,2.0,10.0,"3 CB, 2 DE, 1 DT, 1 FS, 2 ILB, 1 OLB, 1 SS",CB;CB;CB;DE;DE;DT;FS;ILB;ILB;OLB;SS,11,6,0,,,False,00-0036376;00-0033831;00-0035149;00-0036618;00-0039910;00-0033955;00-0033699;00-0039913;00-0030061;00-0033591;00-0035659,Tyler Biadasz;Andrew Wylie;Nick Allegretti;Sam Cosmi;Jayden Daniels;Jeremy McNichols;Austin Ekeler;Brandon Coleman;Zach Ertz;Noah Brown;Terry McLaurin,00-0035277;00-0036944;00-0039380;00-0033880;00-0037203;00-0035409;00-0033579;00-0037560;00-0039347;00-0034382;00-0035669,Mike Jackson;Jaycee Horn;Chau Smith-Wade;Charles Harris;LaBryan Ray;Shy Tuttle;Xavier Woods;Chandler Wooten;Trevin Wallace;Marquis Haynes;Nick Scott
2024_07_CAR_WAS,510,run,3.0,35.0,32.0,WAS,1.0,3134.0,35.0,19.0,7:14,6:55,,7.0,0.0,3.0,1.0,"2 CB, 2 DE, 2 DT, 1 FS, 2 ILB, 1 OLB, 1 SS",CB;CB;DE;DE;DT;DT;FS;ILB;ILB;OLB;SS,11,6,0,,,False,00-0036376;00-0033831;00-0035149;00-0036618;00-0039910;00-0037746;00-0039913;00-0036628;00-0039912;00-0033591;00-0035659,Tyler Biadasz;Andrew Wylie;Nick Allegretti;Sam Cosmi;Jayden Daniels;Brian Robinson;Brandon Coleman;John Bates;Ben Sinnott;Noah Brown;Terry McLaurin,00-0036166;00-0036944;00-0033880;00-0037203;00-0034723;00-0035409;00-0033579;00-0037560;00-0039347;00-0034382;00-0035669,Dane Jackson;Jaycee Horn;Charles Harris;LaBryan Ray;Nick Thurman;Shy Tuttle;Xavier Woods;Chandler Wooten;Trevin Wallace;Marquis Haynes;Nick Scott
2024_07_CAR_WAS,532,run,11.0,32.0,21.0,WAS,1.0,3115.0,32.0,24.0,6:55,6:31,,7.0,0.0,1.0,10.0,"2 CB, 2 DE, 2 DT, 1 FS, 2 ILB, 1 OLB, 1 SS",CB;CB;DE;DE;DT;DT;FS;ILB;ILB;OLB;SS,11,6,0,,,False,00-0036376;00-0033831;00-0035149;00-0036618;00-0039910;00-0037746;00-0039913;00-0036628;00-0039912;00-0033591;00-0035659,Tyler Biadasz;Andrew Wylie;Nick Allegretti;Sam Cosmi;Jayden Daniels;Brian Robinson;Brandon Coleman;John Bates;Ben Sinnott;Noah Brown;Terry McLaurin,00-0036166;00-0036944;00-0033880;00-0037203;00-0034723;00-0035409;00-0033579;00-0037560;00-0039347;00-0034382;00-0035669,Dane Jackson;Jaycee Horn;Charles Harris;LaBryan Ray;Nick Thurman;Shy Tuttle;Xavier Woods;Chandler Wooten;Trevin Wallace;Marquis Haynes;Nick Scott
2024_07_CAR_WAS,554,run,7.0,21.0,14.0,WAS,1.0,3091.0,21.0,39.0,6:31,5:52,,7.0,0.0,1.0,10.0,"2 CB, 2 DE, 2 DT, 1 FS, 2 ILB, 1 OLB, 1 SS",CB;CB;DE;DE;DT;DT;FS;ILB;ILB;OLB;SS,11,6,0,,,False,00-0036376;00-0033831;00-0035149;00-0036618;00-0039910;00-0037746;00-0039913;00-0036628;00-0039912;00-0033591;00-0035659,Tyler Biadasz;Andrew Wylie;Nick Allegretti;Sam Cosmi;Jayden Daniels;Brian Robinson;Brandon Coleman;John Bates;Ben Sinnott;Noah Brown;Terry McLaurin,00-0036166;00-0036944;00-0033880;00-0037203;00-0034723;00-0035409;00-0033579;00-0037560;00-0039347;00-0034382;00-0035669,Dane Jackson;Jaycee Horn;Charles Harris;LaBryan Ray;Nick Thurman;Shy Tuttle;Xavier Woods;Chandler Wooten;Trevin Wallace;Marquis Haynes;Nick Scott
2024_07_CAR_WAS,576,run,6.0,14.0,8.0,WAS,1.0,3052.0,14.0,39.0,5:52,5:13,,7.0,0.0,2.0,3.0,"2 CB, 2 DE, 2 DT, 1 FS, 2 ILB, 1 OLB, 1 SS",CB;CB;DE;DE;DT;DT;FS;ILB;ILB;OLB;SS,11,6,0,,,False,00-0036376;00-0033831;00-0035149;00-0036618;00-0039910;00-0037746;00-0039913;00-0030061;00-0033591;00-0035659;00-0039355,Tyler Biadasz;Andrew Wylie;Nick Allegretti;Sam Cosmi;Jayden Daniels;Brian Robinson;Brandon Coleman;Zach Ertz;Noah Brown;Terry McLaurin;Luke McCaffrey,00-0036166;00-0036944;00-0033880;00-0037203;00-0034723;00-0035409;00-0033579;00-0037560;00-0039347;00-0034382;00-0035669,Dane Jackson;Jaycee Horn;Charles Harris;LaBryan Ray;Nick Thurman;Shy Tuttle;Xavier Woods;Chandler Wooten;Trevin Wallace;Marquis Haynes;Nick Scott
2024_07_CAR_WAS,600,pass,3.0,8.0,5.0,WAS,1.0,3013.0,8.0,36.0,5:13,4:37,,7.0,0.0,1.0,8.0,"2 CB, 1 DE, 2 DT, 2 FS, 1 ILB, 2 OLB, 1 SS",CB;CB;DE;DT;DT;FS;FS;ILB;OLB;OLB;SS,11,6,4,MAN_COVERAGE,COVER_1,False,00-0036376;00-0033831;00-0035149;00-0036618;00-0039910;00-0037746;00-0039913;00-0036628;00-0033591;00-0035659;00-0039355,Tyler Biadasz;Andrew Wylie;Nick Allegretti;Sam Cosmi;Jayden Daniels;Brian Robinson;Brandon Coleman;John Bates;Noah Brown;Terry McLaurin;Luke McCaffrey,00-0035277;00-0036944;00-0037203;00-0034723;00-0035409;00-0033579;00-0035244;00-0039347;00-0038535;00-0038791;00-0035669,Mike Jackson;Jaycee Horn;LaBryan Ray;Nick Thurman;Shy Tuttle;Xavier Woods;Lonnie Johnson;Trevin Wallace;DJ Johnson;Thomas Incoom;Nick Scott
2024_07_CAR_WAS,625,run,-3.0,5.0,8.0,WAS,1.0,2977.0,5.0,35.0,4:37,4:02,,7.0,0.0,2.0,5.0,"2 CB, 1 DE, 2 DT, 2 FS, 1 ILB, 2 OLB, 1 SS",CB;CB;DE;DT;DT;FS;FS;ILB;OLB;OLB;SS,11,6,0,,,False,00-0036376;00-0033831;00-0035149;00-0036618;00-0039910;00-0037746;00-0039913;00-0030061;00-0036628;00-0033591;00-0035659,Tyler Biadasz;Andrew Wylie;Nick Allegretti;Sam Cosmi;Jayden Daniels;Brian Robinson;Brandon Coleman;Zach Ertz;John Bates;Noah Brown;Terry McLaurin,00-0035277;00-0036944;00-0037203;00-0034723;00-0035409;00-0033579;00-0035244;00-0039347;00-0038535;00-0038791;00-0035669,Mike Jackson;Jaycee Horn;LaBryan Ray;Nick Thurman;Shy Tuttle;Xavier Woods;Lonnie Johnson;Trevin Wallace;DJ Johnson;Thomas Incoom;Nick Scott
2024_07_CAR_WAS,647,pass,3.0,8.0,5.0,WAS,1.0,2942.0,8.0,41.0,4:02,3:21,,7.0,0.0,3.0,8.0,"3 CB, 2 DE, 1 DT, 1 FS, 2 ILB, 1 OLB, 1 SS",CB;CB;CB;DE;DE;DT;FS;ILB;ILB;OLB;SS,11,6,4,MAN_COVERAGE,COVER_1,False,00-0036376;00-0033831;00-0035149;00-0036618;00-0039910;00-0033699;00-0039913;00-0030061;00-0033591;00-0035659;00-0039355,Tyler Biadasz;Andrew Wylie;Nick Allegretti;Sam Cosmi;Jayden Daniels;Austin Ekeler;Brandon Coleman;Zach Ertz;Noah Brown;Terry McLaurin;Luke McCaffrey,00-0035277;00-0036944;00-0039380;00-0033880;00-0037203;00-0034723;00-0033579;00-0037560;00-0039347;00-0034382;00-0035669,Mike Jackson;Jaycee Horn;Chau Smith-Wade;Charles Harris;LaBryan Ray;Nick Thurman;Xavier Woods;Chandler Wooten;Trevin Wallace;Marquis Haynes;Nick Scott
2024_07_CAR_WAS,672,field_goal,0.0,5.0,5.0,WAS,1.0,2901.0,5.0,3.0,3:21,3:18,,10.0,0.0,4.0,5.0,"2 CB, 2 DE, 3 DT, 1 FS, 1 ILB, 1 OLB, 1 RB",CB;CB;DE;DE;DT;DT;DT;FS;ILB;OLB;RB,11,0,0,,,False,00-0035686;00-0033831;00-0035149;00-0036618;00-0035145;00-0031156;00-0030140;00-0030725;00-0034571;00-0039913;00-0036628,Michael Deiter;Andrew Wylie;Nick Allegretti;Sam Cosmi;Austin Seibert;Tyler Ott;Tress Way;Cornelius Lucas;Trent Scott;Brandon Coleman;John Bates,00-0035277;00-0039380;00-0033880;00-0037203;00-0034723;00-0035409;00-0035910;00-0035244;00-0037560;00-0038791;00-0037429,Mike Jackson;Chau Smith-Wade;Charles Harris;LaBryan Ray;Nick Thurman;Shy Tuttle;T.J. Smith;Lonnie Johnson;Chandler Wooten;Thomas Incoom;Raheem Blackshear
2024_07_CAR_WAS,692,kickoff,0.0,35.0,35.0,CAR,1.0,2898.0,35.0,5.0,3:18,3:13,,10.0,0.0,,0.0,"1 CB, 5 FS, 2 ILB, 1 K, 2 RB",CB;FS;FS;FS;FS;FS;ILB;ILB;K;RB;RB,11,0,0,,,False,00-0035244;00-0036235;00-0038791;00-0037429;00-0038587;00-0039601;00-0036825;00-0039356;00-0039062;00-0039342;00-0039491,Lonnie Johnson;Shaquille Quarterman;Thomas Incoom;Raheem Blackshear;Jammie Robinson;Demani Richardson;Feleipe Franks;Ja'Tavion Sanders;Jonathan Mingo;Xavier Legette;Jalen Coker,00-0033697;00-0034465;00-0036293;00-0036638;00-0038100;00-0039149;00-0028292;00-0036300;00-0035145;00-0033955;00-0039686,Michael Davis;Jeremy Reaves;Jeremy Chinn;Darrick Forrest;Percy Butler;Quan Martin;Nick Bellore;Mykal Walker;Austin Seibert;Jeremy McNichols;Colson Yankoff
2024_07_CAR_WAS,722,pass,10.0,75.0,65.0,CAR,1.0,2893.0,75.0,36.0,3:13,2:37,,10.0,0.0,1.0,10.0,"3 CB, 1 DE, 2 DT, 2 FS, 2 ILB, 1 OLB",CB;CB;CB;DE;DT;DT;FS;FS;ILB;ILB;OLB,11,6,4,ZONE_COVERAGE,COVER_2,False,00-0036325;00-0036417;00-0036968;00-0027973;00-0036555;00-0035084;00-0037229;00-0039356;00-0033589;00-0039342;00-0039491,Robert Hunt;Damien Lewis;Brady Christensen;Andy Dalton;Chuba Hubbard;Yosh Nijman;Ikem Ekwonu;Ja'Tavion Sanders;David Moore;Xavier Legette;Jalen Coker,00-0036625;00-0039151;00-0039898;00-0035692;00-0034333;00-0039906;00-0036293;00-0038100;00-0029255;00-0034302;00-0032052,Benjamin St-Juste;Emmanuel Forbes;Mike Sainristil;Clelin Ferrell;Daron Payne;Jer'Zhan Newton;Jeremy Chinn;Percy Butler;Bobby Wagner;Frankie Luvu;Dante Fowler Jr.
2024_07_CAR_WAS,752,turnover,0.0,65.0,65.0,CAR,1.0,2857.0,65.0,10.0,2:37,2:27,,10.0,0.0,1.0,10.0,"3 CB, 1 DE, 2 DT, 2 FS, 2 ILB, 1 OLB",CB;CB;CB;DE;DT;DT;FS;FS;ILB;ILB;OLB,11,6,4,ZONE_COVERAGE,COVER_6,False,00-0036325;00-0036417;00-0036968;00-0027973;00-0036555;00-0035084;00-0037229;00-0039356;00-0035216;00-0039342;00-0039491,Robert Hunt;Damien Lewis;Brady Christensen;Andy Dalton;Chuba Hubbard;Yosh Nijman;Ikem Ekwonu;Ja'Tavion Sanders;Diontae Johnson;Xavier Legette;Jalen Coker,00-0036625;00-0039151;00-0039898;00-0035692;00-0034333;00-0039906;00-0036293;00-0038100;00-0029255;00-0034302;00-0032052,Benjamin St-Juste;Emmanuel Forbes;Mike Sainristil;Clelin Ferrell;Daron Payne;Jer'Zhan Newton;Jeremy Chinn;Percy Butler;Bobby Wagner;Frankie Luvu;Dante Fowler Jr.
2024_07_CAR_WAS,802,run,4.0,46.0,42.0,WAS,1.0,2847.0,46.0,36.0,2:27,1:51,,10.0,0.0,1.0,10.0,"2 CB, 2 DE, 2 DT, 1 FS, 2 ILB, 1 OLB, 1 SS",CB;CB;DE;DE;DT;DT;FS;ILB;ILB;OLB;SS,11,6,0,,,False,00-0036376;00-0033831;00-0035149;00-0036618;00-0032268;00-0037746;00-0030725;00-0036628;00-0039912;00-0035659;00-0036626,Tyler Biadasz;Andrew Wylie;Nick Allegretti;Sam Cosmi;Marcus Mariota;Brian Robinson;Cornelius Lucas;John Bates;Ben Sinnott;Terry McLaurin;Dyami Brown,00-0036166;00-0036944;00-0033880;00-0037203;00-0034723;00-0035409;00-0033579;00-0037560;00-0039347;00-0034382;00-0035669,Dane Jackson;Jaycee Horn;Charles Harris;LaBryan Ray;Nick Thurman;Shy Tuttle;Xavier Woods;Chandler Wooten;Trevin Wallace;Marquis Haynes;Nick Scott
2024_07_CAR_WAS,837,pass,-4.0,42.0,46.0,WAS,1.0,2811.0,42.0,40.0,1:51,1:11,,10.0,0.0,2.0,6.0,"3 CB, 2 DE, 1 DT, 1 FS, 2 ILB, 1 OLB, 1 SS",CB;CB;CB;DE;DE;DT;FS;ILB;ILB;OLB;SS,11,6,4,MAN_COVERAGE,COVER_1,True,00-0036376;00-0033831;00-0035149;00-0036618;00-0032268;00-0037746;00-0030725;00-0036628;00-0033591;00-0035659;00-0036626,Tyler Biadasz;Andrew Wylie;Nick Allegretti;Sam Cosmi;Marcus Mariota;Brian Robinson;Cornelius Lucas;John Bates;Noah Brown;Terry McLaurin;Dyami Brown,00-0035277;00-0036944;00-0039380;00-0033880;00-0037203;00-0034723;00-0033579;00-0037560;00-0039347;00-0034382;00-0035669,Mike Jackson;Jaycee Horn;Chau Smith-Wade;Charles Harris;LaBryan Ray;Nick Thurman;Xavier Woods;Chandler Wooten;Trevin Wallace;Marquis Haynes;Nick Scott
2024_07_CAR_WAS,857,no_play,0.0,46.0,46.0,WAS,1.0,2771.0,46.0,24.0,1:11,0:47,,10.0,0.0,3.0,10.0,"4 CB, 2 DE, 1 DT, 1 FS, 1 ILB, 1 OLB, 1 SS",CB;CB;CB;CB;DE;DE;DT;FS;ILB;OLB;SS,11,0,0,,,False,00-0036376;00-0033831;00-0035149;00-0036618;00-0032268;00-0033699;00-0030725;00-0030061;00-0033591;00-0035659;00-0036626,Tyler Biadasz;Andrew Wylie;Nick Allegretti;Sam Cosmi;Marcus Mariota;Austin Ekeler;Cornelius Lucas;Zach Ertz;Noah Brown;Terry McLaurin;Dyami Brown,00-0035277;00-0036166;00-0036944;00-0039380;00-0031795;00-0033880;00-0035910;00-0033579;00-0039347;00-0034382;00-0035669,Mike Jackson;Dane Jackson;Jaycee Horn;Chau Smith-Wade;DeShawn Williams;Charles Harris;T.J. Smith;Xavier Woods;Trevin Wallace;Marquis Haynes;Nick Scott
2024_07_CAR_WAS,881,pass,0.0,51.0,51.0,WAS,1.0,2747.0,51.0,6.0,0:47,0:41,,10.0,0.0,3.0,15.0,"4 CB, 2 DE, 1 DT, 1 FS, 1 ILB, 1 OLB, 1 SS",CB;CB;CB;CB;DE;DE;DT;FS;ILB;OLB;SS,11,5,4,MAN_COVERAGE,COVER_1,True,00-0036376;00-0033831;00-0035149;00-0036618;00-0032268;00-0033955;00-0033699;00-0030725;00-0033591;00-0035659;00-0036626,Tyler Biadasz;Andrew Wylie;Nick Allegretti;Sam Cosmi;Marcus Mariota;Jeremy McNichols;Austin Ekeler;Cornelius Lucas;Noah Brown;Terry McLaurin;Dyami Brown,00-0035277;00-0036166;00-0036944;00-0039380;00-0031795;00-0033880;00-0035910;00-0033579;00-0039347;00-0034382;00-0035669,Mike Jackson;Dane Jackson;Jaycee Horn;Chau Smith-Wade;DeShawn Williams;Charles Harris;T.J. Smith;Xavier Woods;Trevin Wallace;Marquis Haynes;Nick Scott
2024_07_CAR_WAS,904,punt,0.0,51.0,51.0,WAS,1.0,2741.0,51.0,7.0,0:41,0:34,,10.0,0.0,4.0,15.0,"2 CB, 1 FS, 1 ILB, 1 LB, 2 OLB, 2 SS, 1 TE, 1 WR",CB;CB;FS;ILB;LB;OLB;OLB;SS;SS;TE;WR,11,0,0,,,False,00-0034465;00-0038100;00-0028292;00-0036300;00-0031156;00-0030140;00-0033955;00-0039686;00-0036628;00-0039912;00-0036626,Jeremy Reaves;Percy Butler;Nick Bellore;Mykal Walker;Tyler Ott;Tress Way;Jeremy McNichols;Colson Yankoff;John Bates;Ben Sinnott;Dyami Brown,00-0036166;00-0039292;00-0035244;00-0036235;00-0039457;00-0034382;00-0038791;00-0038587;00-0039601;00-0036825;00-0033589,Dane Jackson;Shemar Bartholomew;Lonnie Johnson;Shaquille Quarterman;Jacoby Windmon;Marquis Haynes;Thomas Incoom;Jammie Robinson;Demani Richardson;Feleipe Franks;David Moore
2024_07_CAR_WAS,924,run,4.0,89.0,85.0,CAR,1.0,2734.0,89.0,34.0,0:34,0:00,,10.0,0.0,1.0,10.0,"3 CB, 1 DE, 2 DT, 2 FS, 2 ILB, 1 OLB",CB;CB;CB;DE;DT;DT;FS;FS;ILB;ILB;OLB,11,6,0,,,False,00-0036325;00-0036417;00-0036968;00-0027973;00-0036555;00-0035084;00-0037229;00-0034365;00-0035216;00-0039342;00-0039491,Robert Hunt;Damien Lewis;Brady Christensen;Andy Dalton;Chuba Hubbard;Yosh Nijman;Ikem Ekwonu;Ian Thomas;Diontae Johnson;Xavier Legette;Jalen Coker,00-0036625;00-0039151;00-0039898;00-0034264;00-0034333;00-0038099;00-0036293;00-0039149;00-0029255;00-0034302;00-0036614,Benjamin St-Juste;Emmanuel Forbes;Mike Sainristil;Jalyn Holmes;Daron Payne;Phidarian Mathis;Jeremy Chinn;Quan Martin;Bobby Wagner;Frankie Luvu;Jamin Davis
2024_07_CAR_WAS,953,start_quarter_2,,,,CAR,1.0,2700.0,,0.0,0:00,0:00,,10.0,0.0,,0.0,,,,,,,,,,,,
2024_07_CAR_WAS,973,run,1.0,85.0,84.0,CAR,2.0,2700.0,85.0,41.0,15:00,14:19,,10.0,0.0,2.0,6.0,"3 CB, 1 DE, 2 DT, 2 FS, 2 ILB, 1 OLB",CB;CB;CB;DE;DT;DT;FS;FS;ILB;ILB;OLB,11,6,0,,,False,00-0036325;00-0036417;00-0036968;00-0027973;00-0036555;00-0035084;00-0037229;00-0034365;00-0033589;00-0039342;00-0039491,Robert Hunt;Damien Lewis;Brady Christensen;Andy Dalton;Chuba Hubbard;Yosh Nijman;Ikem Ekwonu;Ian Thomas;David Moore;Xavier Legette;Jalen Coker,00-0036625;00-0039151;00-0039898;00-0034264;00-0034333;00-0038099;00-0036293;00-0039149;00-0029255;00-0034302;00-0036614,Benjamin St-Juste;Emmanuel Forbes;Mike Sainristil;Jalyn Holmes;Daron Payne;Phidarian Mathis;Jeremy Chinn;Quan Martin;Bobby Wagner;Frankie Luvu;Jamin Davis
2024_07_CAR_WAS,995,pass,-4.0,84.0,88.0,CAR,2.0,2659.0,84.0,46.0,14:19,13:33,,10.0,0.0,3.0,5.0,"3 CB, 1 DE, 1 DT, 3 FS, 2 ILB, 1 OLB",CB;CB;CB;DE;DT;FS;FS;FS;ILB;ILB;OLB,11,6,4,MAN_COVERAGE,COVER_1,True,00-0036325;00-0036417;00-0036968;00-0027973;00-0035243;00-0036555;00-0035084;00-0037229;00-0033589;00-0035216;00-0039342,Robert Hunt;Damien Lewis;Brady Christensen;Andy Dalton;Miles Sanders;Chuba Hubbard;Yosh Nijman;Ikem Ekwonu;David Moore;Diontae Johnson;Xavier Legette,00-0036625;00-0039151;00-0039898;00-0035692;00-0034333;00-0036293;00-0038100;00-0039149;00-0029255;00-0034302;00-0032052,Benjamin St-Juste;Emmanuel Forbes;Mike Sainristil;Clelin Ferrell;Daron Payne;Jeremy Chinn;Percy Butler;Quan Martin;Bobby Wagner;Frankie Luvu;Dante Fowler Jr.
2024_07_CAR_WAS,1015,punt,0.0,88.0,88.0,CAR,2.0,2613.0,88.0,11.0,13:33,13:22,,10.0,0.0,4.0,9.0,"3 CB, 3 FS, 2 ILB, 2 RB, 1 WR",CB;CB;CB;FS;FS;FS;ILB;ILB;RB;RB;WR,11,0,0,,,False,00-0039292;00-0035244;00-0036235;00-0037560;00-0039457;00-0026027;00-0038791;00-0028872;00-0035669;00-0038587;00-0036825,Shemar Bartholomew;Lonnie Johnson;Shaquille Quarterman;Chandler Wooten;Jacoby Windmon;J.J. Jansen;Thomas Incoom;Johnny Hekker;Nick Scott;Jammie Robinson;Feleipe Franks,00-0033697;00-0036287;00-0039151;00-0034465;00-0036638;00-0038100;00-0028292;00-0036300;00-0033955;00-0039686;00-0035208,Michael Davis;Noah Igbinoghene;Emmanuel Forbes;Jeremy Reaves;Darrick Forrest;Percy Butler;Nick Bellore;Mykal Walker;Jeremy McNichols;Colson Yankoff;Olamide Zaccheaus
2024_07_CAR_WAS,1041,run,8.0,59.0,51.0,WAS,2.0,2602.0,59.0,38.0,13:22,12:44,,10.0,0.0,1.0,10.0,"3 CB, 2 DE, 1 DT, 1 FS, 2 ILB, 1 OLB, 1 SS",CB;CB;CB;DE;DE;DT;FS;ILB;ILB;OLB;SS,11,6,0,,,False,00-0036376;00-0033831;00-0035149;00-0036618;00-0032268;00-0037746;00-0039913;00-0030061;00-0035659;00-0035208;00-0039355,Tyler Biadasz;Andrew Wylie;Nick Allegretti;Sam Cosmi;Marcus Mariota;Brian Robinson;Brandon Coleman;Zach Ertz;Terry McLaurin;Olamide Zaccheaus;Luke McCaffrey,00-0035277;00-0036944;00-0039380;00-0033880;00-0037203;00-0035409;00-0033579;00-0037560;00-0039347;00-0038535;00-0035669,Mike Jackson;Jaycee Horn;Chau Smith-Wade;Charles Harris;LaBryan Ray;Shy Tuttle;Xavier Woods;Chandler Wooten;Trevin Wallace;DJ Johnson;Nick Scott
2024_07_CAR_WAS,1070,run,7.0,51.0,44.0,WAS,2.0,2564.0,51.0,33.0,12:44,12:11,,10.0,0.0,2.0,2.0,"2 CB, 2 DE, 2 DT, 1 FS, 2 ILB, 1 OLB, 1 SS",CB;CB;DE;DE;DT;DT;FS;ILB;ILB;OLB;SS,11,6,0,,,False,00-0036376;00-0033831;00-0035149;00-0036618;00-0032268;00-0037746;00-0039913;00-0030061;00-0039912;00-0035659;00-0035208,Tyler Biadasz;Andrew Wylie;Nick Allegretti;Sam Cosmi;Marcus Mariota;Brian Robinson;Brandon Coleman;Zach Ertz;Ben Sinnott;Terry McLaurin;Olamide Zaccheaus,00-0036166;00-0036944;00-0033880;00-0037203;00-0034723;00-0035409;00-0033579;00-0037560;00-0039347;00-0038535;00-0035669,Dane Jackson;Jaycee Horn;Charles Harris;LaBryan Ray;Nick Thurman;Shy Tuttle;Xavier Woods;Chandler Wooten;Trevin Wallace;DJ Johnson;Nick Scott
2024_07_CAR_WAS,1092,no_play,0.0,44.0,44.0,WAS,2.0,2531.0,44.0,6.0,12:11,12:05,,10.0,0.0,1.0,10.0,"3 CB, 2 DE, 1 DT, 1 FS, 2 ILB, 1 OLB, 1 SS",CB;CB;CB;DE;DE;DT;FS;ILB;ILB;OLB;SS,11,4,4,ZONE_COVERAGE,COVER_3,False,00-0036376;00-0033831;00-0035149;00-0036618;00-0032268;00-0033699;00-0039913;00-0030061;00-0039912;00-0033591;00-0035659,Tyler Biadasz;Andrew Wylie;Nick Allegretti;Sam Cosmi;Marcus Mariota;Austin Ekeler;Brandon Coleman;Zach Ertz;Ben Sinnott;Noah Brown;Terry McLaurin,00-0035277;00-0036944;00-0039380;00-0033880;00-0037203;00-0035409;00-0033579;00-0037560;00-0039347;00-0038535;00-0035669,Mike Jackson;Jaycee Horn;Chau Smith-Wade;Charles Harris;LaBryan Ray;Shy Tuttle;Xavier Woods;Chandler Wooten;Trevin Wallace;DJ Johnson;Nick Scott
2024_07_CAR_WAS,1126,run,7.0,15.0,8.0,WAS,2.0,2525.0,15.0,25.0,12:05,11:40,,10.0,0.0,1.0,10.0,"2 CB, 2 DE, 2 DT, 2 FS, 1 ILB, 1 OLB, 1 SS",CB;CB;DE;DE;DT;DT;FS;FS;ILB;OLB;SS,11,7,0,,,False,00-0036376;00-0033831;00-0035149;00-0036618;00-0032268;00-0037746;00-0039913;00-0030061;00-0039912;00-0033591;00-0035659,Tyler Biadasz;Andrew Wylie;Nick Allegretti;Sam Cosmi;Marcus Mariota;Brian Robinson;Brandon Coleman;Zach Ertz;Ben Sinnott;Noah Brown;Terry McLaurin,00-0035277;00-0036944;00-0031795;00-0033880;00-0034723;00-0035409;00-0033579;00-0035244;00-0039347;00-0034382;00-0035669,Mike Jackson;Jaycee Horn;DeShawn Williams;Charles Harris;Nick Thurman;Shy Tuttle;Xavier Woods;Lonnie Johnson;Trevin Wallace;Marquis Haynes;Nick Scott
2024_07_CAR_WAS,1148,run,8.0,8.0,0.0,WAS,2.0,2500.0,8.0,5.0,11:40,11:35,,16.0,0.0,2.0,3.0,"2 CB, 2 DE, 2 DT, 2 FS, 1 ILB, 1 OLB, 1 SS",CB;CB;DE;DE;DT;DT;FS;FS;ILB;OLB;SS,11,6,0,,,False,00-0036376;00-0033831;00-0035149;00-0036618;00-0032268;00-0037746;00-0039913;00-0030061;00-0039912;00-0033591;00-0035659,Tyler Biadasz;Andrew Wylie;Nick Allegretti;Sam Cosmi;Marcus Mariota;Brian Robinson;Brandon Coleman;Zach Ertz;Ben Sinnott;Noah Brown;Terry McLaurin,00-0035277;00-0036944;00-0031795;00-0033880;00-0034723;00-0035409;00-0033579;00-0035244;00-0039347;00-0034382;00-0035669,Mike Jackson;Jaycee Horn;DeShawn Williams;Charles Harris;Nick Thurman;Shy Tuttle;Xavier Woods;Lonnie Johnson;Trevin Wallace;Marquis Haynes;Nick Scott
2024_07_CAR_WAS,1171,extra_point,0.0,15.0,15.0,WAS,2.0,2495.0,15.0,0.0,11:35,11:35,,17.0,0.0,,0.0,"2 CB, 2 DE, 3 DT, 1 FS, 1 ILB, 1 OLB, 1 RB",CB;CB;DE;DE;DT;DT;DT;FS;ILB;OLB;RB,11,0,0,,,False,00-0035686;00-0033831;00-0035149;00-0036618;00-0035145;00-0031156;00-0030140;00-0030725;00-0034571;00-0039913;00-0036628,Michael Deiter;Andrew Wylie;Nick Allegretti;Sam Cosmi;Austin Seibert;Tyler Ott;Tress Way;Cornelius Lucas;Trent Scott;Brandon Coleman;John Bates,00-0035277;00-0039380;00-0033880;00-0037203;00-0034723;00-0035409;00-0035910;00-0035244;00-0037560;00-0038791;00-0037429,Mike Jackson;Chau Smith-Wade;Charles Harris;LaBryan Ray;Nick Thurman;Shy Tuttle;T.J. Smith;Lonnie Johnson;Chandler Wooten;Thomas Incoom;Raheem Blackshear
2024_07_CAR_WAS,1186,kickoff,0.0,35.0,35.0,CAR,2.0,2495.0,35.0,8.0,11:35,11:27,,17.0,0.0,,0.0,"2 CB, 4 FS, 2 ILB, 1 K, 2 RB",CB;CB;FS;FS;FS;FS;ILB;ILB;K;RB;RB,11,0,0,,,False,00-0035244;00-0036235;00-0038791;00-0037429;00-0038587;00-0039601;00-0036825;00-0039356;00-0039062;00-0039342;00-0039491,Lonnie Johnson;Shaquille Quarterman;Thomas Incoom;Raheem Blackshear;Jammie Robinson;Demani Richardson;Feleipe Franks;Ja'Tavion Sanders;Jonathan Mingo;Xavier Legette;Jalen Coker,00-0033697;00-0039898;00-0034465;00-0036293;00-0036638;00-0038100;00-0028292;00-0036300;00-0035145;00-0033955;00-0039686,Michael Davis;Mike Sainristil;Jeremy Reaves;Jeremy Chinn;Darrick Forrest;Percy Butler;Nick Bellore;Mykal Walker;Austin Seibert;Jeremy McNichols;Colson Yankoff
2024_07_CAR_WAS,1216,run,4.0,79.0,75.0,CAR,2.0,2487.0,79.0,35.0,11:27,10:52,,17.0,0.0,1.0,10.0,"2 CB, 1 DE, 2 DT, 3 FS, 2 ILB, 1 OLB",CB;CB;DE;DT;DT;FS;FS;FS;ILB;ILB;OLB,11,6,4,ZONE_COVERAGE,COVER_3,False,00-0036325;00-0036417;00-0036968;00-0027973;00-0036555;00-0035084;00-0037229;00-0034365;00-0039356;00-0035216;00-0039342,Robert Hunt;Damien Lewis;Brady Christensen;Andy Dalton;Chuba Hubbard;Yosh Nijman;Ikem Ekwonu;Ian Thomas;Ja'Tavion Sanders;Diontae Johnson;Xavier Legette,00-0036625;00-0039151;00-0031500;00-0033010;00-0038099;00-0036293;00-0038100;00-0039149;00-0029255;00-0034302;00-0036614,Benjamin St-Juste;Emmanuel Forbes;Efe Obada;Sheldon Day;Phidarian Mathis;Jeremy Chinn;Percy Butler;Quan Martin;Bobby Wagner;Frankie Luvu;Jamin Davis
2024_07_CAR_WAS,1243,run,4.0,75.0,71.0,CAR,2.0,2452.0,75.0,37.0,10:52,10:15,,17.0,0.0,2.0,6.0,"2 CB, 1 DE, 2 DT, 3 FS, 2 ILB, 1 OLB",CB;CB;DE;DT;DT;FS;FS;FS;ILB;ILB;OLB,11,6,0,,,False,00-0036325;00-0036417;00-0036968;00-0027973;00-0036555;00-0035084;00-0037229;00-0034365;00-0039356;00-0035216;00-0039342,Robert Hunt;Damien Lewis;Brady Christensen;Andy Dalton;Chuba Hubbard;Yosh Nijman;Ikem Ekwonu;Ian Thomas;Ja'Tavion Sanders;Diontae Johnson;Xavier Legette,00-0036625;00-0039151;00-0031500;00-0033010;00-0038099;00-0036293;00-0038100;00-0039149;00-0029255;00-0034302;00-0036614,Benjamin St-Juste;Emmanuel Forbes;Efe Obada;Sheldon Day;Phidarian Mathis;Jeremy Chinn;Percy Butler;Quan Martin;Bobby Wagner;Frankie Luvu;Jamin Davis
2024_07_CAR_WAS,1265,pass,2.0,71.0,69.0,CAR,2.0,2415.0,71.0,45.0,10:15,9:30,,17.0,0.0,3.0,2.0,"3 CB, 1 DE, 2 DT, 2 FS, 2 ILB, 1 OLB",CB;CB;CB;DE;DT;DT;FS;FS;ILB;ILB;OLB,11,8,5,MAN_COVERAGE,COVER_1,False,00-0036325;00-0036417;00-0036968;00-0027973;00-0036555;00-0035084;00-0037229;00-0034365;00-0039356;00-0035216;00-0039342,Robert Hunt;Damien Lewis;Brady Christensen;Andy Dalton;Chuba Hubbard;Yosh Nijman;Ikem Ekwonu;Ian Thomas;Ja'Tavion Sanders;Diontae Johnson;Xavier Legette,00-0036625;00-0039151;00-0039898;00-0031500;00-0033010;00-0038099;00-0038100;00-0039149;00-0029255;00-0034302;00-0036614,Benjamin St-Juste;Emmanuel Forbes;Mike Sainristil;Efe Obada;Sheldon Day;Phidarian Mathis;Percy Butler;Quan Martin;Bobby Wagner;Frankie Luvu;Jamin Davis
2024_07_CAR_WAS,1290,run,8.0,69.0,61.0,CAR,2.0,2370.0,69.0,34.0,9:30,8:56,,17.0,0.0,1.0,10.0,"2 CB, 1 DE, 2 DT, 3 FS, 2 ILB, 1 OLB",CB;CB;DE;DT;DT;FS;FS;FS;ILB;ILB;OLB,11,6,0,,,False,00-0036325;00-0036417;00-0036968;00-0027973;00-0036555;00-0035084;00-0037229;00-0034365;00-0039356;00-0033589;00-0039062,Robert Hunt;Damien Lewis;Brady Christensen;Andy Dalton;Chuba Hubbard;Yosh Nijman;Ikem Ekwonu;Ian Thomas;Ja'Tavion Sanders;David Moore;Jonathan Mingo,00-0036625;00-0039151;00-0035692;00-0034333;00-0039906;00-0036293;00-0038100;00-0039149;00-0029255;00-0034302;00-0032052,Benjamin St-Juste;Emmanuel Forbes;Clelin Ferrell;Daron Payne;Jer'Zhan Newton;Jeremy Chinn;Percy Butler;Quan Martin;Bobby Wagner;Frankie Luvu;Dante Fowler Jr.
2024_07_CAR_WAS,1312,run,0.0,61.0,61.0,CAR,2.0,2336.0,61.0,39.0,8:56,8:17,,17.0,0.0,2.0,2.0,"2 CB, 1 DE, 2 DT, 3 FS, 2 ILB, 1 OLB",CB;CB;DE;DT;DT;FS;FS;FS;ILB;ILB;OLB,11,6,0,,,False,00-0036325;00-0036417;00-0036968;00-0027973;00-0036555;00-0035084;00-0037229;00-0034365;00-0039356;00-0033589;00-0039062,Robert Hunt;Damien Lewis;Brady Christensen;Andy Dalton;Chuba Hubbard;Yosh Nijman;Ikem Ekwonu;Ian Thomas;Ja'Tavion Sanders;David Moore;Jonathan Mingo,00-0036625;00-0039151;00-0035692;00-0034333;00-0039906;00-0036293;00-0038100;00-0039149;00-0029255;00-0034302;00-0032052,Benjamin St-Juste;Emmanuel Forbes;Clelin Ferrell;Daron Payne;Jer'Zhan Newton;Jeremy Chinn;Percy Butler;Quan Martin;Bobby Wagner;Frankie Luvu;Dante Fowler Jr.
2024_07_CAR_WAS,1334,run,1.0,61.0,60.0,CAR,2.0,2297.0,61.0,43.0,8:17,7:34,,17.0,0.0,3.0,2.0,"3 CB, 1 DE, 2 DT, 2 FS, 2 ILB, 1 OLB",CB;CB;CB;DE;DT;DT;FS;FS;ILB;ILB;OLB,11,6,0,,,False,00-0036325;00-0036417;00-0036968;00-0027973;00-0035243;00-0035084;00-0037229;00-0034365;00-0035216;00-0039342;00-0039491,Robert Hunt;Damien Lewis;Brady Christensen;Andy Dalton;Miles Sanders;Yosh Nijman;Ikem Ekwonu;Ian Thomas;Diontae Johnson;Xavier Legette;Jalen Coker,00-0036625;00-0039151;00-0039898;00-0035692;00-0034333;00-0039906;00-0038100;00-0039149;00-0029255;00-0034302;00-0032052,Benjamin St-Juste;Emmanuel Forbes;Mike Sainristil;Clelin Ferrell;Daron Payne;Jer'Zhan Newton;Percy Butler;Quan Martin;Bobby Wagner;Frankie Luvu;Dante Fowler Jr.
2024_07_CAR_WAS,1356,run,-2.0,60.0,62.0,CAR,2.0,2254.0,60.0,2.0,7:34,7:32,,17.0,0.0,4.0,1.0,"3 CB, 1 DE, 2 DT, 2 FS, 2 ILB, 1 OLB",CB;CB;CB;DE;DT;DT;FS;FS;ILB;ILB;OLB,11,7,0,,,False,00-0036325;00-0036417;00-0036968;00-0027973;00-0035243;00-0036555;00-0035084;00-0037229;00-0034365;00-0035216;00-0039342,Robert Hunt;Damien Lewis;Brady Christensen;Andy Dalton;Miles Sanders;Chuba Hubbard;Yosh Nijman;Ikem Ekwonu;Ian Thomas;Diontae Johnson;Xavier Legette,00-0036625;00-0039151;00-0039898;00-0035692;00-0034333;00-0039906;00-0038100;00-0039149;00-0029255;00-0034302;00-0032052,Benjamin St-Juste;Emmanuel Forbes;Mike Sainristil;Clelin Ferrell;Daron Payne;Jer'Zhan Newton;Percy Butler;Quan Martin;Bobby Wagner;Frankie Luvu;Dante Fowler Jr.
2024_07_CAR_WAS,1378,run,3.0,38.0,35.0,WAS,2.0,2252.0,38.0,28.0,7:32,7:04,,17.0,0.0,1.0,10.0,"3 CB, 1 DE, 1 DT, 1 FS, 2 ILB, 2 OLB, 1 SS",CB;CB;CB;DE;DT;FS;ILB;ILB;OLB;OLB;SS,11,6,0,,,False,00-0036376;00-0033831;00-0035149;00-0036618;00-0032268;00-0033699;00-0030725;00-0030061;00-0039912;00-0033591;00-0035659,Tyler Biadasz;Andrew Wylie;Nick Allegretti;Sam Cosmi;Marcus Mariota;Austin Ekeler;Cornelius Lucas;Zach Ertz;Ben Sinnott;Noah Brown;Terry McLaurin,00-0035277;00-0036944;00-0039380;00-0037203;00-0035409;00-0033579;00-0037560;00-0039347;00-0034382;00-0038535;00-0035669,Mike Jackson;Jaycee Horn;Chau Smith-Wade;LaBryan Ray;Shy Tuttle;Xavier Woods;Chandler Wooten;Trevin Wallace;Marquis Haynes;DJ Johnson;Nick Scott
2024_07_CAR_WAS,1400,no_play,0.0,35.0,35.0,WAS,2.0,2224.0,35.0,7.0,7:04,6:57,,17.0,0.0,2.0,7.0,"3 CB, 1 DE, 1 DT, 1 FS, 2 ILB, 2 OLB, 1 SS",CB;CB;CB;DE;DT;FS;ILB;ILB;OLB;OLB;SS,11,5,4,MAN_COVERAGE,COVER_1,False,00-0036376;00-0033831;00-0035149;00-0036618;00-0032268;00-0033699;00-0030725;00-0030061;00-0039912;00-0033591;00-0035659,Tyler Biadasz;Andrew Wylie;Nick Allegretti;Sam Cosmi;Marcus Mariota;Austin Ekeler;Cornelius Lucas;Zach Ertz;Ben Sinnott;Noah Brown;Terry McLaurin,00-0035277;00-0036944;00-0039380;00-0037203;00-0035409;00-0033579;00-0037560;00-0039347;00-0034382;00-0038535;00-0035669,Mike Jackson;Jaycee Horn;Chau Smith-Wade;LaBryan Ray;Shy Tuttle;Xavier Woods;Chandler Wooten;Trevin Wallace;Marquis Haynes;DJ Johnson;Nick Scott
2024_07_CAR_WAS,1434,run,9.0,30.0,21.0,WAS,2.0,2217.0,30.0,36.0,6:57,6:21,,17.0,0.0,1.0,10.0,"3 CB, 2 DE, 1 DT, 1 FS, 2 ILB, 1 OLB, 1 SS",CB;CB;CB;DE;DE;DT;FS;ILB;ILB;OLB;SS,11,6,0,,,False,00-0036376;00-0033831;00-0035149;00-0036618;00-0032268;00-0033699;00-0030725;00-0030061;00-0033591;00-0035659;00-0039355,Tyler Biadasz;Andrew Wylie;Nick Allegretti;Sam Cosmi;Marcus Mariota;Austin Ekeler;Cornelius Lucas;Zach Ertz;Noah Brown;Terry McLaurin;Luke McCaffrey,00-0035277;00-0036944;00-0039380;00-0033880;00-0037203;00-0034723;00-0033579;00-0037560;00-0039347;00-0038535;00-0035669,Mike Jackson;Jaycee Horn;Chau Smith-Wade;Charles Harris;LaBryan Ray;Nick Thurman;Xavier Woods;Chandler Wooten;Trevin Wallace;DJ Johnson;Nick Scott
2024_07_CAR_WAS,1456,no_play,0.0,21.0,21.0,WAS,2.0,2181.0,21.0,27.0,6:21,5:54,,17.0,0.0,2.0,1.0,"3 CB, 2 DE, 1 DT, 1 FS, 2 ILB, 1 OLB, 1 SS",CB;CB;CB;DE;DE;DT;FS;ILB;ILB;OLB;SS,11,6,0,,,False,00-0036376;00-0033831;00-0035149;00-0036618;00-0032268;00-0033699;00-0030725;00-0030061;00-0033591;00-0035659;00-0039355,Tyler Biadasz;Andrew Wylie;Nick Allegretti;Sam Cosmi;Marcus Mariota;Austin Ekeler;Cornelius Lucas;Zach Ertz;Noah Brown;Terry McLaurin;Luke McCaffrey,00-0035277;00-0036944;00-0039380;00-0033880;00-0037203;00-0034723;00-0033579;00-0037560;00-0039347;00-0038535;00-0035669,Mike Jackson;Jaycee Horn;Chau Smith-Wade;Charles Harris;LaBryan Ray;Nick Thurman;Xavier Woods;Chandler Wooten;Trevin Wallace;DJ Johnson;Nick Scott
2024_07_CAR_WAS,1494,pass,0.0,31.0,31.0,WAS,2.0,2154.0,31.0,5.0,5:54,5:49,,17.0,0.0,2.0,11.0,"3 CB, 2 DE, 1 DT, 1 FS, 2 ILB, 1 OLB, 1 SS",CB;CB;CB;DE;DE;DT;FS;ILB;ILB;OLB;SS,11,6,4,MAN_COVERAGE,COVER_1,True,00-0036376;00-0033831;00-0035149;00-0036618;00-0032268;00-0033699;00-0030725;00-0030061;00-0033591;00-0035659;00-0039355,Tyler Biadasz;Andrew Wylie;Nick Allegretti;Sam Cosmi;Marcus Mariota;Austin Ekeler;Cornelius Lucas;Zach Ertz;Noah Brown;Terry McLaurin;Luke McCaffrey,00-0035277;00-0036944;00-0039380;00-0033880;00-0037203;00-0034723;00-0033579;00-0037560;00-0039347;00-0038535;00-0035669,Mike Jackson;Jaycee Horn;Chau Smith-Wade;Charles Harris;LaBryan Ray;Nick Thurman;Xavier Woods;Chandler Wooten;Trevin Wallace;DJ Johnson;Nick Scott
2024_07_CAR_WAS,1517,pass,0.0,31.0,31.0,WAS,2.0,2149.0,31.0,6.0,5:49,5:43,,17.0,0.0,3.0,11.0,"4 CB, 2 DE, 1 DT, 1 FS, 1 ILB, 1 OLB, 1 SS",CB;CB;CB;CB;DE;DE;DT;FS;ILB;OLB;SS,11,5,5,MAN_COVERAGE,COVER_1,False,00-0036376;00-0033831;00-0035149;00-0036618;00-0032268;00-0033699;00-0030725;00-0030061;00-0033591;00-0035208;00-0036626,Tyler Biadasz;Andrew Wylie;Nick Allegretti;Sam Cosmi;Marcus Mariota;Austin Ekeler;Cornelius Lucas;Zach Ertz;Noah Brown;Olamide Zaccheaus;Dyami Brown,00-0035277;00-0036166;00-0036944;00-0039380;00-0031795;00-0033880;00-0035910;00-0033579;00-0039347;00-0034382;00-0035669,Mike Jackson;Dane Jackson;Jaycee Horn;Chau Smith-Wade;DeShawn Williams;Charles Harris;T.J. Smith;Xavier Woods;Trevin Wallace;Marquis Haynes;Nick Scott
2024_07_CAR_WAS,1540,field_goal,0.0,31.0,31.0,WAS,2.0,2143.0,31.0,4.0,5:43,5:39,,20.0,0.0,4.0,11.0,"2 CB, 2 DE, 3 DT, 1 FS, 1 ILB, 1 OLB, 1 RB",CB;CB;DE;DE;DT;DT;DT;FS;ILB;OLB;RB,11,0,0,,,False,00-0035686;00-0033831;00-0035149;00-0036618;00-0035145;00-0031156;00-0030140;00-0039686;00-0030725;00-0034571;00-0036628,Michael Deiter;Andrew Wylie;Nick Allegretti;Sam Cosmi;Austin Seibert;Tyler Ott;Tress Way;Colson Yankoff;Cornelius Lucas;Trent Scott;John Bates,00-0035277;00-0039380;00-0033880;00-0037203;00-0034723;00-0035409;00-0035910;00-0035244;00-0037560;00-0038791;00-0037429,Mike Jackson;Chau Smith-Wade;Charles Harris;LaBryan Ray;Nick Thurman;Shy Tuttle;T.J. Smith;Lonnie Johnson;Chandler Wooten;Thomas Incoom;Raheem Blackshear
2024_07_CAR_WAS,1560,timeout,0.0,35.0,35.0,CAR,2.0,2139.0,35.0,13.0,5:39,5:26,WAS,20.0,0.0,,0.0,"1 CB, 5 FS, 2 ILB, 1 K, 2 RB",CB;FS;FS;FS;FS;FS;ILB;ILB;K;RB;RB,11,0,0,,,False,00-0035244;00-0036235;00-0038791;00-0037429;00-0038587;00-0039601;00-0036825;00-0039356;00-0039062;00-0039342;00-0039491,Lonnie Johnson;Shaquille Quarterman;Thomas Incoom;Raheem Blackshear;Jammie Robinson;Demani Richardson;Feleipe Franks;Ja'Tavion Sanders;Jonathan Mingo;Xavier Legette;Jalen Coker,00-0033697;00-0034465;00-0036293;00-0036638;00-0038100;00-0039149;00-0028292;00-0036300;00-0035145;00-0033955;00-0039686,Michael Davis;Jeremy Reaves;Jeremy Chinn;Darrick Forrest;Percy Butler;Quan Martin;Nick Bellore;Mykal Walker;Austin Seibert;Jeremy McNichols;Colson Yankoff
2024_07_CAR_WAS,1638,pass,16.0,68.0,52.0,CAR,2.0,2126.0,68.0,44.0,5:26,4:42,,20.0,0.0,1.0,10.0,"3 CB, 1 DE, 2 DT, 2 FS, 2 ILB, 1 OLB",CB;CB;CB;DE;DT;DT;FS;FS;ILB;ILB;OLB,11,7,4,MAN_COVERAGE,COVER_1,False,00-0036325;00-0036417;00-0036968;00-0027973;00-0036555;00-0035084;00-0037229;00-0039356;00-0033589;00-0039062;00-0039342,Robert Hunt;Damien Lewis;Brady Christensen;Andy Dalton;Chuba Hubbard;Yosh Nijman;Ikem Ekwonu;Ja'Tavion Sanders;David Moore;Jonathan Mingo;Xavier Legette,00-0036287;00-0039151;00-0039898;00-0034264;00-0038099;00-0039906;00-0036293;00-0039149;00-0029255;00-0034302;00-0036614,Noah Igbinoghene;Emmanuel Forbes;Mike Sainristil;Jalyn Holmes;Phidarian Mathis;Jer'Zhan Newton;Jeremy Chinn;Quan Martin;Bobby Wagner;Frankie Luvu;Jamin Davis
2024_07_CAR_WAS,1663,run,-2.0,52.0,54.0,CAR,2.0,2082.0,52.0,39.0,4:42,4:03,,20.0,0.0,1.0,10.0,"3 CB, 1 DE, 2 DT, 2 FS, 2 ILB, 1 OLB",CB;CB;CB;DE;DT;DT;FS;FS;ILB;ILB;OLB,11,6,0,,,False,00-0036325;00-0036968;00-0038536;00-0027973;00-0036555;00-0035084;00-0037229;00-0039356;00-0033589;00-0039062;00-0039342,Robert Hunt;Brady Christensen;Chandler Zavala;Andy Dalton;Chuba Hubbard;Yosh Nijman;Ikem Ekwonu;Ja'Tavion Sanders;David Moore;Jonathan Mingo;Xavier Legette,00-0036287;00-0039151;00-0039898;00-0034264;00-0038099;00-0039906;00-0036293;00-0039149;00-0029255;00-0034302;00-0036614,Noah Igbinoghene;Emmanuel Forbes;Mike Sainristil;Jalyn Holmes;Phidarian Mathis;Jer'Zhan Newton;Jeremy Chinn;Quan Martin;Bobby Wagner;Frankie Luvu;Jamin Davis
2024_07_CAR_WAS,1685,run,0.0,54.0,54.0,CAR,2.0,2043.0,54.0,42.0,4:03,3:21,,20.0,0.0,2.0,12.0,"3 CB, 1 DE, 2 DT, 2 FS, 2 ILB, 1 OLB",CB;CB;CB;DE;DT;DT;FS;FS;ILB;ILB;OLB,11,6,0,,,False,00-0036325;00-0036417;00-0036968;00-0027973;00-0036555;00-0035084;00-0037229;00-0039356;00-0033589;00-0039062;00-0039491,Robert Hunt;Damien Lewis;Brady Christensen;Andy Dalton;Chuba Hubbard;Yosh Nijman;Ikem Ekwonu;Ja'Tavion Sanders;David Moore;Jonathan Mingo;Jalen Coker,00-0036287;00-0039151;00-0039898;00-0034264;00-0038099;00-0039906;00-0036293;00-0039149;00-0029255;00-0034302;00-0036614,Noah Igbinoghene;Emmanuel Forbes;Mike Sainristil;Jalyn Holmes;Phidarian Mathis;Jer'Zhan Newton;Jeremy Chinn;Quan Martin;Bobby Wagner;Frankie Luvu;Jamin Davis
2024_07_CAR_WAS,1715,pass,2.0,54.0,52.0,CAR,2.0,2001.0,54.0,45.0,3:21,2:36,,20.0,0.0,3.0,12.0,"3 CB, 1 DE, 1 DT, 3 FS, 2 ILB, 1 OLB",CB;CB;CB;DE;DT;FS;FS;FS;ILB;ILB;OLB,11,4,4,ZONE_COVERAGE,COVER_3,False,00-0036325;00-0036417;00-0036968;00-0027973;00-0035243;00-0035084;00-0037229;00-0039356;00-0035216;00-0039342;00-0039491,Robert Hunt;Damien Lewis;Brady Christensen;Andy Dalton;Miles Sanders;Yosh Nijman;Ikem Ekwonu;Ja'Tavion Sanders;Diontae Johnson;Xavier Legette;Jalen Coker,00-0036287;00-0039151;00-0039898;00-0035692;00-0034333;00-0036293;00-0038100;00-0039149;00-0029255;00-0034302;00-0032052,Noah Igbinoghene;Emmanuel Forbes;Mike Sainristil;Clelin Ferrell;Daron Payne;Jeremy Chinn;Percy Butler;Quan Martin;Bobby Wagner;Frankie Luvu;Dante Fowler Jr.
2024_07_CAR_WAS,1740,punt,0.0,52.0,52.0,CAR,2.0,1956.0,52.0,14.0,2:36,2:22,,20.0,0.0,4.0,10.0,"3 CB, 1 DE, 1 DT, 2 FS, 2 ILB, 1 OLB, 1 WR",CB;CB;CB;DE;DT;FS;FS;ILB;ILB;OLB;WR,11,0,0,,,False,00-0035244;00-0036235;00-0037560;00-0039457;00-0026027;00-0038791;00-0028872;00-0035669;00-0038587;00-0036825;00-0033589,Lonnie Johnson;Shaquille Quarterman;Chandler Wooten;Jacoby Windmon;J.J. Jansen;Thomas Incoom;Johnny Hekker;Nick Scott;Jammie Robinson;Feleipe Franks;David Moore,00-0036287;00-0039151;00-0039898;00-0035692;00-0034333;00-0036293;00-0038100;00-0029255;00-0034302;00-0032052;00-0035208,Noah Igbinoghene;Emmanuel Forbes;Mike Sainristil;Clelin Ferrell;Daron Payne;Jeremy Chinn;Percy Butler;Bobby Wagner;Frankie Luvu;Dante Fowler Jr.;Olamide Zaccheaus
2024_07_CAR_WAS,1760,run,3.0,92.0,89.0,WAS,2.0,1942.0,92.0,22.0,2:22,2:00,,20.0,0.0,1.0,10.0,"2 CB, 2 DE, 2 DT, 1 FS, 2 ILB, 1 OLB, 1 SS",CB;CB;DE;DE;DT;DT;FS;ILB;ILB;OLB;SS,11,6,0,,,False,00-0036376;00-0033831;00-0035149;00-0036618;00-0032268;00-0037746;00-0030725;00-0036628;00-0039912;00-0033591;00-0035659,Tyler Biadasz;Andrew Wylie;Nick Allegretti;Sam Cosmi;Marcus Mariota;Brian Robinson;Cornelius Lucas;John Bates;Ben Sinnott;Noah Brown;Terry McLaurin,00-0035277;00-0036944;00-0033880;00-0037203;00-0034723;00-0035409;00-0033579;00-0037560;00-0039347;00-0038535;00-0035669,Mike Jackson;Jaycee Horn;Charles Harris;LaBryan Ray;Nick Thurman;Shy Tuttle;Xavier Woods;Chandler Wooten;Trevin Wallace;DJ Johnson;Nick Scott
2024_07_CAR_WAS,1801,run,4.0,89.0,85.0,WAS,2.0,1920.0,89.0,38.0,2:00,1:22,,20.0,0.0,2.0,7.0,"2 CB, 2 DE, 2 DT, 1 FS, 2 ILB, 1 OLB, 1 SS",CB;CB;DE;DE;DT;DT;FS;ILB;ILB;OLB;SS,11,5,0,,,False,00-0036376;00-0033831;00-0035149;00-0036618;00-0032268;00-0033699;00-0030725;00-0030061;00-0039912;00-0033591;00-0035659,Tyler Biadasz;Andrew Wylie;Nick Allegretti;Sam Cosmi;Marcus Mariota;Austin Ekeler;Cornelius Lucas;Zach Ertz;Ben Sinnott;Noah Brown;Terry McLaurin,00-0035277;00-0036944;00-0033880;00-0037203;00-0034723;00-0035409;00-0033579;00-0037560;00-0039347;00-0038535;00-0035669,Mike Jackson;Jaycee Horn;Charles Harris;LaBryan Ray;Nick Thurman;Shy Tuttle;Xavier Woods;Chandler Wooten;Trevin Wallace;DJ Johnson;Nick Scott
2024_07_CAR_WAS,1835,no_play,0.0,85.0,85.0,WAS,2.0,1882.0,85.0,0.0,1:22,1:22,,20.0,0.0,3.0,3.0,"3 CB, 2 DE, 1 DT, 1 FS, 2 ILB, 1 OLB, 1 SS",CB;CB;CB;DE;DE;DT;FS;ILB;ILB;OLB;SS,11,0,0,,,False,00-0036376;00-0033831;00-0035149;00-0036618;00-0032268;00-0033699;00-0030725;00-0030061;00-0033591;00-0035659;00-0039355,Tyler Biadasz;Andrew Wylie;Nick Allegretti;Sam Cosmi;Marcus Mariota;Austin Ekeler;Cornelius Lucas;Zach Ertz;Noah Brown;Terry McLaurin;Luke McCaffrey,00-0035277;00-0036944;00-0039380;00-0031795;00-0033880;00-0035910;00-0033579;00-0037560;00-0039347;00-0034382;00-0035669,Mike Jackson;Jaycee Horn;Chau Smith-Wade;DeShawn Williams;Charles Harris;T.J. Smith;Xavier Woods;Chandler Wooten;Trevin Wallace;Marquis Haynes;Nick Scott
2024_07_CAR_WAS,1859,no_play,0.0,80.0,80.0,WAS,2.0,1882.0,80.0,3.0,1:22,1:19,,20.0,0.0,1.0,10.0,"4 CB, 2 DE, 1 DT, 1 FS, 1 ILB, 1 OLB, 1 SS",CB;CB;CB;CB;DE;DE;DT;FS;ILB;OLB;SS,11,6,4,MAN_COVERAGE,COVER_1,False,00-0036376;00-0033831;00-0035149;00-0036618;00-0032268;00-0033699;00-0030725;00-0030061;00-0033591;00-0035659;00-0035208,Tyler Biadasz;Andrew Wylie;Nick Allegretti;Sam Cosmi;Marcus Mariota;Austin Ekeler;Cornelius Lucas;Zach Ertz;Noah Brown;Terry McLaurin;Olamide Zaccheaus,00-0035277;00-0036166;00-0036944;00-0039380;00-0031795;00-0033880;00-0035910;00-0033579;00-0039347;00-0034382;00-0035669,Mike Jackson;Dane Jackson;Jaycee Horn;Chau Smith-Wade;DeShawn Williams;Charles Harris;T.J. Smith;Xavier Woods;Trevin Wallace;Marquis Haynes;Nick Scott
2024_07_CAR_WAS,1893,pass,7.0,75.0,68.0,WAS,2.0,1879.0,75.0,16.0,1:19,1:03,,20.0,0.0,1.0,10.0,"4 CB, 2 DE, 1 DT, 1 FS, 1 ILB, 1 OLB, 1 SS",CB;CB;CB;CB;DE;DE;DT;FS;ILB;OLB;SS,11,5,3,ZONE_COVERAGE,COVER_3,False,00-0036376;00-0033831;00-0035149;00-0036618;00-0032268;00-0033699;00-0030725;00-0030061;00-0033591;00-0035659;00-0035208,Tyler Biadasz;Andrew Wylie;Nick Allegretti;Sam Cosmi;Marcus Mariota;Austin Ekeler;Cornelius Lucas;Zach Ertz;Noah Brown;Terry McLaurin;Olamide Zaccheaus,00-0035277;00-0036166;00-0036944;00-0039380;00-0031795;00-0033880;00-0035910;00-0033579;00-0039347;00-0034382;00-0035669,Mike Jackson;Dane Jackson;Jaycee Horn;Chau Smith-Wade;DeShawn Williams;Charles Harris;T.J. Smith;Xavier Woods;Trevin Wallace;Marquis Haynes;Nick Scott
2024_07_CAR_WAS,1918,pass,18.0,68.0,50.0,WAS,2.0,1863.0,68.0,19.0,1:03,0:44,,20.0,0.0,2.0,3.0,"4 CB, 2 DE, 1 DT, 1 FS, 1 ILB, 1 OLB, 1 SS",CB;CB;CB;CB;DE;DE;DT;FS;ILB;OLB;SS,11,5,4,MAN_COVERAGE,COVER_1,False,00-0036376;00-0033831;00-0035149;00-0036618;00-0032268;00-0033699;00-0030725;00-0030061;00-0033591;00-0035659;00-0035208,Tyler Biadasz;Andrew Wylie;Nick Allegretti;Sam Cosmi;Marcus Mariota;Austin Ekeler;Cornelius Lucas;Zach Ertz;Noah Brown;Terry McLaurin;Olamide Zaccheaus,00-0035277;00-0036166;00-0036944;00-0039380;00-0031795;00-0033880;00-0035910;00-0033579;00-0039347;00-0034382;00-0035669,Mike Jackson;Dane Jackson;Jaycee Horn;Chau Smith-Wade;DeShawn Williams;Charles Harris;T.J. Smith;Xavier Woods;Trevin Wallace;Marquis Haynes;Nick Scott
2024_07_CAR_WAS,1943,pass,15.0,50.0,35.0,WAS,2.0,1844.0,50.0,5.0,0:44,0:39,,20.0,0.0,1.0,10.0,"4 CB, 2 DE, 1 DT, 1 FS, 1 ILB, 1 OLB, 1 SS",CB;CB;CB;CB;DE;DE;DT;FS;ILB;OLB;SS,11,5,5,MAN_COVERAGE,COVER_1,False,00-0036376;00-0033831;00-0035149;00-0036618;00-0032268;00-0033699;00-0030725;00-0030061;00-0033591;00-0035659;00-0035208,Tyler Biadasz;Andrew Wylie;Nick Allegretti;Sam Cosmi;Marcus Mariota;Austin Ekeler;Cornelius Lucas;Zach Ertz;Noah Brown;Terry McLaurin;Olamide Zaccheaus,00-0035277;00-0036166;00-0036944;00-0039380;00-0031795;00-0033880;00-0035910;00-0033579;00-0039347;00-0034382;00-0035669,Mike Jackson;Dane Jackson;Jaycee Horn;Chau Smith-Wade;DeShawn Williams;Charles Harris;T.J. Smith;Xavier Woods;Trevin Wallace;Marquis Haynes;Nick Scott
2024_07_CAR_WAS,1968,pass,0.0,35.0,35.0,WAS,2.0,1839.0,35.0,0.0,0:39,0:39,,20.0,0.0,1.0,10.0,"4 CB, 2 DE, 1 DT, 1 FS, 1 ILB, 1 OLB, 1 SS",CB;CB;CB;CB;DE;DE;DT;FS;ILB;OLB;SS,11,5,5,ZONE_COVERAGE,COVER_3,False,00-0036376;00-0033831;00-0035149;00-0036618;00-0032268;00-0033699;00-0030725;00-0030061;00-0035208;00-0036626;00-0039355,Tyler Biadasz;Andrew Wylie;Nick Allegretti;Sam Cosmi;Marcus Mariota;Austin Ekeler;Cornelius Lucas;Zach Ertz;Olamide Zaccheaus;Dyami Brown;Luke McCaffrey,00-0035277;00-0036166;00-0036944;00-0039380;00-0031795;00-0033096;00-0035910;00-0033579;00-0039347;00-0038791;00-0035669,Mike Jackson;Dane Jackson;Jaycee Horn;Chau Smith-Wade;DeShawn Williams;Shaq Lawson;T.J. Smith;Xavier Woods;Trevin Wallace;Thomas Incoom;Nick Scott
2024_07_CAR_WAS,1980,timeout,0.0,,,,2.0,1839.0,,3.0,0:39,0:36,WAS,20.0,0.0,,0.0,,,,,,,,,,,,
2024_07_CAR_WAS,1998,pass,23.0,35.0,12.0,WAS,2.0,1836.0,35.0,20.0,0:36,0:16,,20.0,0.0,2.0,10.0,"4 CB, 2 DE, 1 DT, 1 FS, 1 ILB, 1 OLB, 1 SS",CB;CB;CB;CB;DE;DE;DT;FS;ILB;OLB;SS,11,4,4,MAN_COVERAGE,COVER_1,False,00-0036376;00-0033831;00-0035149;00-0036618;00-0032268;00-0033699;00-0030725;00-0030061;00-0035208;00-0036626;00-0039355,Tyler Biadasz;Andrew Wylie;Nick Allegretti;Sam Cosmi;Marcus Mariota;Austin Ekeler;Cornelius Lucas;Zach Ertz;Olamide Zaccheaus;Dyami Brown;Luke McCaffrey,00-0035277;00-0036166;00-0036944;00-0039380;00-0031795;00-0033096;00-0035910;00-0033579;00-0039347;00-0038791;00-0035669,Mike Jackson;Dane Jackson;Jaycee Horn;Chau Smith-Wade;DeShawn Williams;Shaq Lawson;T.J. Smith;Xavier Woods;Trevin Wallace;Thomas Incoom;Nick Scott
2024_07_CAR_WAS,2023,pass,12.0,12.0,0.0,WAS,2.0,1816.0,12.0,6.0,0:16,0:10,,26.0,0.0,1.0,10.0,"4 CB, 2 DE, 1 DT, 1 FS, 1 ILB, 1 OLB, 1 SS",CB;CB;CB;CB;DE;DE;DT;FS;ILB;OLB;SS,11,5,4,MAN_COVERAGE,COVER_1,False,00-0036376;00-0033831;00-0035149;00-0036618;00-0032268;00-0033699;00-0030725;00-0030061;00-0035208;00-0036626;00-0039355,Tyler Biadasz;Andrew Wylie;Nick Allegretti;Sam Cosmi;Marcus Mariota;Austin Ekeler;Cornelius Lucas;Zach Ertz;Olamide Zaccheaus;Dyami Brown;Luke McCaffrey,00-0035277;00-0036166;00-0036944;00-0039380;00-0031795;00-0033096;00-0035910;00-0033579;00-0039347;00-0038791;00-0035669,Mike Jackson;Dane Jackson;Jaycee Horn;Chau Smith-Wade;DeShawn Williams;Shaq Lawson;T.J. Smith;Xavier Woods;Trevin Wallace;Thomas Incoom;Nick Scott
2024_07_CAR_WAS,2049,extra_point,0.0,15.0,15.0,WAS,2.0,1810.0,15.0,0.0,0:10,0:10,,27.0,0.0,,0.0,"2 CB, 2 DE, 3 DT, 1 FS, 1 ILB, 1 OLB, 1 RB",CB;CB;DE;DE;DT;DT;DT;FS;ILB;OLB;RB,11,0,0,,,False,00-0035686;00-0033831;00-0035149;00-0036618;00-0035145;00-0031156;00-0030140;00-0039686;00-0030725;00-0034571;00-0036628,Michael Deiter;Andrew Wylie;Nick Allegretti;Sam Cosmi;Austin Seibert;Tyler Ott;Tress Way;Colson Yankoff;Cornelius Lucas;Trent Scott;John Bates,00-0035277;00-0039380;00-0033880;00-0037203;00-0034723;00-0035409;00-0035910;00-0035244;00-0037560;00-0038791;00-0037429,Mike Jackson;Chau Smith-Wade;Charles Harris;LaBryan Ray;Nick Thurman;Shy Tuttle;T.J. Smith;Lonnie Johnson;Chandler Wooten;Thomas Incoom;Raheem Blackshear
2024_07_CAR_WAS,2064,kickoff,0.0,35.0,35.0,CAR,2.0,1810.0,35.0,0.0,0:10,0:10,,27.0,0.0,,0.0,"2 CB, 4 FS, 2 ILB, 1 K, 2 RB",CB;CB;FS;FS;FS;FS;ILB;ILB;K;RB;RB,11,0,0,,,False,00-0035244;00-0036235;00-0038791;00-0037429;00-0038587;00-0039601;00-0036825;00-0039356;00-0039062;00-0039342;00-0039491,Lonnie Johnson;Shaquille Quarterman;Thomas Incoom;Raheem Blackshear;Jammie Robinson;Demani Richardson;Feleipe Franks;Ja'Tavion Sanders;Jonathan Mingo;Xavier Legette;Jalen Coker,00-0033697;00-0039898;00-0034465;00-0036293;00-0036638;00-0038100;00-0028292;00-0036300;00-0035145;00-0033955;00-0039686,Michael Davis;Mike Sainristil;Jeremy Reaves;Jeremy Chinn;Darrick Forrest;Percy Butler;Nick Bellore;Mykal Walker;Austin Seibert;Jeremy McNichols;Colson Yankoff
2024_07_CAR_WAS,2081,qb_kneel,-1.0,70.0,71.0,CAR,2.0,1810.0,70.0,10.0,0:10,0:00,,27.0,0.0,1.0,10.0,"3 CB, 2 DE, 2 DT, 2 FS, 2 ILB",CB;CB;CB;DE;DE;DT;DT;FS;FS;ILB;ILB,11,0,0,,,False,00-0036325;00-0036417;00-0036968;00-0027973;00-0036555;00-0035084;00-0037229;00-0034365;00-0036825;00-0039356;00-0033589,Robert Hunt;Damien Lewis;Brady Christensen;Andy Dalton;Chuba Hubbard;Yosh Nijman;Ikem Ekwonu;Ian Thomas;Feleipe Franks;Ja'Tavion Sanders;David Moore,00-0036287;00-0039151;00-0039898;00-0031500;00-0034264;00-0033010;00-0038099;00-0036293;00-0039149;00-0029255;00-0034302,Noah Igbinoghene;Emmanuel Forbes;Mike Sainristil;Efe Obada;Jalyn Holmes;Sheldon Day;Phidarian Mathis;Jeremy Chinn;Quan Martin;Bobby Wagner;Frankie Luvu
2024_07_CAR_WAS,2103,start_quarter_3,,,,,2.0,1800.0,,0.0,0:00,0:00,,27.0,0.0,,0.0,,,,,,,,,,,,
2024_07_CAR_WAS,2133,kickoff,0.0,35.0,35.0,WAS,3.0,1800.0,35.0,5.0,15:00,14:55,,27.0,0.0,,0.0,"1 CB, 1 FS, 1 ILB, 1 K, 1 LB, 1 OLB, 1 RB, 2 SS, 1 TE, 1 WR",CB;FS;ILB;K;LB;OLB;RB;SS;SS;TE;WR,11,0,0,,,False,00-0034465;00-0036638;00-0038100;00-0028292;00-0036300;00-0033955;00-0033699;00-0039686;00-0036628;00-0039912;00-0033591,Jeremy Reaves;Darrick Forrest;Percy Butler;Nick Bellore;Mykal Walker;Jeremy McNichols;Austin Ekeler;Colson Yankoff;John Bates;Ben Sinnott;Noah Brown,00-0039292;00-0035244;00-0036235;00-0034173;00-0039457;00-0038791;00-0037429;00-0038587;00-0039601;00-0036825;00-0039062,Shemar Bartholomew;Lonnie Johnson;Shaquille Quarterman;Eddy Pineiro;Jacoby Windmon;Thomas Incoom;Raheem Blackshear;Jammie Robinson;Demani Richardson;Feleipe Franks;Jonathan Mingo
2024_07_CAR_WAS,2156,run,1.0,59.0,58.0,WAS,3.0,1795.0,59.0,35.0,14:55,14:20,,27.0,0.0,1.0,10.0,"3 CB, 2 DE, 1 DT, 1 FS, 2 ILB, 1 OLB, 1 SS",CB;CB;CB;DE;DE;DT;FS;ILB;ILB;OLB;SS,11,6,0,,,False,00-0036376;00-0033831;00-0035149;00-0036618;00-0032268;00-0037746;00-0030725;00-0030061;00-0039912;00-0033591;00-0035659,Tyler Biadasz;Andrew Wylie;Nick Allegretti;Sam Cosmi;Marcus Mariota;Brian Robinson;Cornelius Lucas;Zach Ertz;Ben Sinnott;Noah Brown;Terry McLaurin,00-0035277;00-0036944;00-0039380;00-0033880;00-0037203;00-0035409;00-0033579;00-0037560;00-0039347;00-0038535;00-0035669,Mike Jackson;Jaycee Horn;Chau Smith-Wade;Charles Harris;LaBryan Ray;Shy Tuttle;Xavier Woods;Chandler Wooten;Trevin Wallace;DJ Johnson;Nick Scott
2024_07_CAR_WAS,2200,run,11.0,58.0,47.0,WAS,3.0,1760.0,58.0,39.0,14:20,13:41,,27.0,0.0,2.0,9.0,"3 CB, 2 DE, 1 DT, 1 FS, 2 ILB, 1 OLB, 1 SS",CB;CB;CB;DE;DE;DT;FS;ILB;ILB;OLB;SS,11,6,4,ZONE_COVERAGE,COVER_4,False,00-0036376;00-0033831;00-0035149;00-0036618;00-0032268;00-0037746;00-0030725;00-0030061;00-0039912;00-0033591;00-0035659,Tyler Biadasz;Andrew Wylie;Nick Allegretti;Sam Cosmi;Marcus Mariota;Brian Robinson;Cornelius Lucas;Zach Ertz;Ben Sinnott;Noah Brown;Terry McLaurin,00-0035277;00-0036944;00-0039380;00-0033880;00-0037203;00-0035409;00-0033579;00-0037560;00-0039347;00-0038535;00-0035669,Mike Jackson;Jaycee Horn;Chau Smith-Wade;Charles Harris;LaBryan Ray;Shy Tuttle;Xavier Woods;Chandler Wooten;Trevin Wallace;DJ Johnson;Nick Scott
2024_07_CAR_WAS,2228,no_play,0.0,47.0,47.0,WAS,3.0,1721.0,47.0,25.0,13:41,13:16,,27.0,0.0,1.0,10.0,"3 CB, 2 DE, 1 DT, 1 FS, 2 ILB, 1 OLB, 1 SS",CB;CB;CB;DE;DE;DT;FS;ILB;ILB;OLB;SS,11,6,5,MAN_COVERAGE,COVER_1,False,00-0036376;00-0033831;00-0035149;00-0036618;00-0032268;00-0033699;00-0030725;00-0036628;00-0039912;00-0035659;00-0035208,Tyler Biadasz;Andrew Wylie;Nick Allegretti;Sam Cosmi;Marcus Mariota;Austin Ekeler;Cornelius Lucas;John Bates;Ben Sinnott;Terry McLaurin;Olamide Zaccheaus,00-0035277;00-0036944;00-0039380;00-0033880;00-0037203;00-0035409;00-0033579;00-0037560;00-0039347;00-0038535;00-0035669,Mike Jackson;Jaycee Horn;Chau Smith-Wade;Charles Harris;LaBryan Ray;Shy Tuttle;Xavier Woods;Chandler Wooten;Trevin Wallace;DJ Johnson;Nick Scott
2024_07_CAR_WAS,2269,pass,0.0,52.0,52.0,WAS,3.0,1696.0,52.0,38.0,13:16,12:38,,27.0,0.0,1.0,15.0,"3 CB, 1 DE, 1 DT, 1 FS, 2 ILB, 2 OLB, 1 SS",CB;CB;CB;DE;DT;FS;ILB;ILB;OLB;OLB;SS,11,6,4,MAN_COVERAGE,COVER_1,False,00-0036376;00-0033831;00-0035149;00-0036618;00-0032268;00-0033699;00-0030725;00-0030061;00-0035659;00-0035208;00-0039355,Tyler Biadasz;Andrew Wylie;Nick Allegretti;Sam Cosmi;Marcus Mariota;Austin Ekeler;Cornelius Lucas;Zach Ertz;Terry McLaurin;Olamide Zaccheaus;Luke McCaffrey,00-0035277;00-0036944;00-0039380;00-0031795;00-0034723;00-0033579;00-0037560;00-0039347;00-0034382;00-0038535;00-0035669,Mike Jackson;Jaycee Horn;Chau Smith-Wade;DeShawn Williams;Nick Thurman;Xavier Woods;Chandler Wooten;Trevin Wallace;Marquis Haynes;DJ Johnson;Nick Scott
2024_07_CAR_WAS,2299,pass,19.0,52.0,33.0,WAS,3.0,1658.0,52.0,31.0,12:38,12:07,,27.0,0.0,2.0,15.0,"3 CB, 2 DE, 1 DT, 1 FS, 2 ILB, 1 OLB, 1 SS",CB;CB;CB;DE;DE;DT;FS;ILB;ILB;OLB;SS,11,6,4,MAN_COVERAGE,COVER_1,False,00-0036376;00-0033831;00-0035149;00-0036618;00-0032268;00-0037746;00-0030725;00-0030061;00-0035659;00-0035208;00-0039355,Tyler Biadasz;Andrew Wylie;Nick Allegretti;Sam Cosmi;Marcus Mariota;Brian Robinson;Cornelius Lucas;Zach Ertz;Terry McLaurin;Olamide Zaccheaus;Luke McCaffrey,00-0035277;00-0036944;00-0039380;00-0031795;00-0033880;00-0034723;00-0033579;00-0037560;00-0039347;00-0034382;00-0035669,Mike Jackson;Jaycee Horn;Chau Smith-Wade;DeShawn Williams;Charles Harris;Nick Thurman;Xavier Woods;Chandler Wooten;Trevin Wallace;Marquis Haynes;Nick Scott
2024_07_CAR_WAS,2324,pass,15.0,33.0,18.0,WAS,3.0,1627.0,33.0,27.0,12:07,11:40,,27.0,0.0,1.0,10.0,"3 CB, 2 DE, 1 DT, 1 FS, 2 ILB, 1 OLB, 1 SS",CB;CB;CB;DE;DE;DT;FS;ILB;ILB;OLB;SS,11,6,4,MAN_COVERAGE,COVER_1,False,00-0036376;00-0033831;00-0035149;00-0036618;00-0032268;00-0037746;00-0030725;00-0030061;00-0035659;00-0035208;00-0039355,Tyler Biadasz;Andrew Wylie;Nick Allegretti;Sam Cosmi;Marcus Mariota;Brian Robinson;Cornelius Lucas;Zach Ertz;Terry McLaurin;Olamide Zaccheaus;Luke McCaffrey,00-0035277;00-0036944;00-0039380;00-0031795;00-0033880;00-0034723;00-0033579;00-0037560;00-0039347;00-0034382;00-0035669,Mike Jackson;Jaycee Horn;Chau Smith-Wade;DeShawn Williams;Charles Harris;Nick Thurman;Xavier Woods;Chandler Wooten;Trevin Wallace;Marquis Haynes;Nick Scott
2024_07_CAR_WAS,2349,run,3.0,18.0,15.0,WAS,3.0,1600.0,18.0,39.0,11:40,11:01,,27.0,0.0,1.0,10.0,"3 CB, 2 DE, 1 DT, 1 FS, 2 ILB, 1 OLB, 1 SS",CB;CB;CB;DE;DE;DT;FS;ILB;ILB;OLB;SS,11,6,0,,,False,00-0036376;00-0033831;00-0035149;00-0036618;00-0032268;00-0037746;00-0030725;00-0030061;00-0035659;00-0035208;00-0039355,Tyler Biadasz;Andrew Wylie;Nick Allegretti;Sam Cosmi;Marcus Mariota;Brian Robinson;Cornelius Lucas;Zach Ertz;Terry McLaurin;Olamide Zaccheaus;Luke McCaffrey,00-0035277;00-0036944;00-0039380;00-0031795;00-0033880;00-0034723;00-0033579;00-0037560;00-0039347;00-0034382;00-0035669,Mike Jackson;Jaycee Horn;Chau Smith-Wade;DeShawn Williams;Charles Harris;Nick Thurman;Xavier Woods;Chandler Wooten;Trevin Wallace;Marquis Haynes;Nick Scott
2024_07_CAR_WAS,2371,run,2.0,15.0,13.0,WAS,3.0,1561.0,15.0,42.0,11:01,10:19,,27.0,0.0,2.0,7.0,"2 CB, 2 DE, 2 DT, 1 FS, 2 ILB, 1 OLB, 1 SS",CB;CB;DE;DE;DT;DT;FS;ILB;ILB;OLB;SS,11,6,0,,,False,00-0036376;00-0033831;00-0035149;00-0036618;00-0032268;00-0037746;00-0030725;00-0039912;00-0035659;00-0035208;00-0039355,Tyler Biadasz;Andrew Wylie;Nick Allegretti;Sam Cosmi;Marcus Mariota;Brian Robinson;Cornelius Lucas;Ben Sinnott;Terry McLaurin;Olamide Zaccheaus;Luke McCaffrey,00-0036166;00-0036944;00-0031795;00-0033880;00-0034723;00-0035409;00-0033579;00-0037560;00-0039347;00-0038535;00-0035669,Dane Jackson;Jaycee Horn;DeShawn Williams;Charles Harris;Nick Thurman;Shy Tuttle;Xavier Woods;Chandler Wooten;Trevin Wallace;DJ Johnson;Nick Scott
2024_07_CAR_WAS,2393,pass,7.0,13.0,6.0,WAS,3.0,1519.0,13.0,45.0,10:19,9:34,,27.0,0.0,3.0,5.0,"3 CB, 2 DE, 1 DT, 1 FS, 2 ILB, 1 OLB, 1 SS",CB;CB;CB;DE;DE;DT;FS;ILB;ILB;OLB;SS,11,6,4,MAN_COVERAGE,COVER_0,False,00-0036376;00-0033831;00-0035149;00-0036618;00-0032268;00-0033699;00-0030725;00-0030061;00-0035659;00-0035208;00-0039355,Tyler Biadasz;Andrew Wylie;Nick Allegretti;Sam Cosmi;Marcus Mariota;Austin Ekeler;Cornelius Lucas;Zach Ertz;Terry McLaurin;Olamide Zaccheaus;Luke McCaffrey,00-0035277;00-0036944;00-0039380;00-0031795;00-0033880;00-0035910;00-0033579;00-0037560;00-0039347;00-0034382;00-0035669,Mike Jackson;Jaycee Horn;Chau Smith-Wade;DeShawn Williams;Charles Harris;T.J. Smith;Xavier Woods;Chandler Wooten;Trevin Wallace;Marquis Haynes;Nick Scott
2024_07_CAR_WAS,2418,run,3.0,6.0,3.0,WAS,3.0,1474.0,6.0,37.0,9:34,8:57,,27.0,0.0,1.0,6.0,"2 CB, 2 DE, 2 DT, 1 FS, 2 ILB, 1 OLB, 1 SS",CB;CB;DE;DE;DT;DT;FS;ILB;ILB;OLB;SS,11,6,0,,,False,00-0036376;00-0033831;00-0035149;00-0036618;00-0032268;00-0033699;00-0037746;00-0030725;00-0030061;00-0033591;00-0035659,Tyler Biadasz;Andrew Wylie;Nick Allegretti;Sam Cosmi;Marcus Mariota;Austin Ekeler;Brian Robinson;Cornelius Lucas;Zach Ertz;Noah Brown;Terry McLaurin,00-0035277;00-0036944;00-0033880;00-0037203;00-0034723;00-0035409;00-0033579;00-0037560;00-0039347;00-0038535;00-0035669,Mike Jackson;Jaycee Horn;Charles Harris;LaBryan Ray;Nick Thurman;Shy Tuttle;Xavier Woods;Chandler Wooten;Trevin Wallace;DJ Johnson;Nick Scott
2024_07_CAR_WAS,2440,pass,3.0,3.0,0.0,WAS,3.0,1437.0,3.0,4.0,8:57,8:53,,33.0,0.0,2.0,3.0,"2 CB, 2 DE, 2 DT, 1 FS, 2 ILB, 1 OLB, 1 SS",CB;CB;DE;DE;DT;DT;FS;ILB;ILB;OLB;SS,11,7,4,MAN_COVERAGE,COVER_0,False,00-0036376;00-0033831;00-0035149;00-0036618;00-0032268;00-0037746;00-0030725;00-0030061;00-0036628;00-0039912;00-0033591,Tyler Biadasz;Andrew Wylie;Nick Allegretti;Sam Cosmi;Marcus Mariota;Brian Robinson;Cornelius Lucas;Zach Ertz;John Bates;Ben Sinnott;Noah Brown,00-0035277;00-0036944;00-0033880;00-0037203;00-0034723;00-0035409;00-0033579;00-0037560;00-0039347;00-0038535;00-0035669,Mike Jackson;Jaycee Horn;Charles Harris;LaBryan Ray;Nick Thurman;Shy Tuttle;Xavier Woods;Chandler Wooten;Trevin Wallace;DJ Johnson;Nick Scott
2024_07_CAR_WAS,2466,extra_point,0.0,15.0,15.0,WAS,3.0,1433.0,15.0,0.0,8:53,8:53,,34.0,0.0,,0.0,"2 CB, 2 DE, 3 DT, 1 FS, 1 ILB, 1 OLB, 1 RB",CB;CB;DE;DE;DT;DT;DT;FS;ILB;OLB;RB,11,0,0,,,False,00-0035686;00-0033831;00-0035149;00-0036618;00-0035145;00-0031156;00-0030140;00-0039686;00-0030725;00-0034571;00-0036628,Michael Deiter;Andrew Wylie;Nick Allegretti;Sam Cosmi;Austin Seibert;Tyler Ott;Tress Way;Colson Yankoff;Cornelius Lucas;Trent Scott;John Bates,00-0035277;00-0039380;00-0033880;00-0037203;00-0034723;00-0035409;00-0035910;00-0035244;00-0037560;00-0038791;00-0037429,Mike Jackson;Chau Smith-Wade;Charles Harris;LaBryan Ray;Nick Thurman;Shy Tuttle;T.J. Smith;Lonnie Johnson;Chandler Wooten;Thomas Incoom;Raheem Blackshear
2024_07_CAR_WAS,2481,kickoff,0.0,35.0,35.0,CAR,3.0,1433.0,35.0,9.0,8:53,8:44,,34.0,0.0,,0.0,"2 CB, 4 FS, 2 ILB, 1 K, 2 RB",CB;CB;FS;FS;FS;FS;ILB;ILB;K;RB;RB,11,0,0,,,False,00-0035244;00-0036235;00-0038791;00-0037429;00-0038587;00-0039601;00-0036825;00-0039356;00-0039062;00-0039342;00-0039491,Lonnie Johnson;Shaquille Quarterman;Thomas Incoom;Raheem Blackshear;Jammie Robinson;Demani Richardson;Feleipe Franks;Ja'Tavion Sanders;Jonathan Mingo;Xavier Legette;Jalen Coker,00-0033697;00-0039898;00-0034465;00-0036293;00-0036638;00-0038100;00-0028292;00-0036300;00-0035145;00-0033955;00-0039686,Michael Davis;Mike Sainristil;Jeremy Reaves;Jeremy Chinn;Darrick Forrest;Percy Butler;Nick Bellore;Mykal Walker;Austin Seibert;Jeremy McNichols;Colson Yankoff
2024_07_CAR_WAS,2530,pass,0.0,76.0,76.0,CAR,3.0,1424.0,76.0,39.0,8:44,8:05,,34.0,0.0,1.0,10.0,"3 CB, 1 DE, 2 DT, 2 FS, 2 ILB, 1 OLB",CB;CB;CB;DE;DT;DT;FS;FS;ILB;ILB;OLB,11,6,4,ZONE_COVERAGE,COVER_2,True,00-0036325;00-0036417;00-0036968;00-0027973;00-0036555;00-0035084;00-0037229;00-0039356;00-0035216;00-0039342;00-0039491,Robert Hunt;Damien Lewis;Brady Christensen;Andy Dalton;Chuba Hubbard;Yosh Nijman;Ikem Ekwonu;Ja'Tavion Sanders;Diontae Johnson;Xavier Legette;Jalen Coker,00-0036287;00-0036625;00-0039898;00-0035692;00-0034333;00-0039906;00-0036293;00-0039149;00-0029255;00-0034302;00-0032052,Noah Igbinoghene;Benjamin St-Juste;Mike Sainristil;Clelin Ferrell;Daron Payne;Jer'Zhan Newton;Jeremy Chinn;Quan Martin;Bobby Wagner;Frankie Luvu;Dante Fowler Jr.
2024_07_CAR_WAS,2566,pass,6.0,76.0,70.0,CAR,3.0,1385.0,76.0,42.0,8:05,7:23,,34.0,0.0,2.0,10.0,"3 CB, 1 DE, 2 DT, 2 FS, 2 ILB, 1 OLB",CB;CB;CB;DE;DT;DT;FS;FS;ILB;ILB;OLB,11,5,4,ZONE_COVERAGE,COVER_2,False,00-0036325;00-0036417;00-0036968;00-0027973;00-0036555;00-0035084;00-0037229;00-0039356;00-0035216;00-0039342;00-0039491,Robert Hunt;Damien Lewis;Brady Christensen;Andy Dalton;Chuba Hubbard;Yosh Nijman;Ikem Ekwonu;Ja'Tavion Sanders;Diontae Johnson;Xavier Legette;Jalen Coker,00-0036287;00-0036625;00-0039898;00-0035692;00-0034333;00-0039906;00-0036293;00-0039149;00-0029255;00-0034302;00-0032052,Noah Igbinoghene;Benjamin St-Juste;Mike Sainristil;Clelin Ferrell;Daron Payne;Jer'Zhan Newton;Jeremy Chinn;Quan Martin;Bobby Wagner;Frankie Luvu;Dante Fowler Jr.
2024_07_CAR_WAS,2591,pass,0.0,70.0,70.0,CAR,3.0,1343.0,70.0,6.0,7:23,7:17,,34.0,0.0,3.0,4.0,"3 CB, 1 DE, 2 DT, 2 FS, 2 ILB, 1 OLB",CB;CB;CB;DE;DT;DT;FS;FS;ILB;ILB;OLB,11,6,4,MAN_COVERAGE,COVER_1,False,00-0036325;00-0036417;00-0036968;00-0027973;00-0035243;00-0035084;00-0037229;00-0039356;00-0035216;00-0039342;00-0039491,Robert Hunt;Damien Lewis;Brady Christensen;Andy Dalton;Miles Sanders;Yosh Nijman;Ikem Ekwonu;Ja'Tavion Sanders;Diontae Johnson;Xavier Legette;Jalen Coker,00-0036287;00-0036625;00-0039898;00-0035692;00-0034333;00-0039906;00-0036293;00-0039149;00-0029255;00-0034302;00-0032052,Noah Igbinoghene;Benjamin St-Juste;Mike Sainristil;Clelin Ferrell;Daron Payne;Jer'Zhan Newton;Jeremy Chinn;Quan Martin;Bobby Wagner;Frankie Luvu;Dante Fowler Jr.
2024_07_CAR_WAS,2614,no_play,0.0,70.0,70.0,CAR,3.0,1337.0,70.0,0.0,7:17,7:17,,34.0,0.0,4.0,4.0,"3 CB, 3 FS, 2 ILB, 2 RB, 1 WR",CB;CB;CB;FS;FS;FS;ILB;ILB;RB;RB;WR,11,0,0,,,False,00-0035244;00-0036235;00-0037560;00-0039457;00-0026027;00-0038791;00-0028872;00-0035669;00-0038587;00-0036825;00-0033589,Lonnie Johnson;Shaquille Quarterman;Chandler Wooten;Jacoby Windmon;J.J. Jansen;Thomas Incoom;Johnny Hekker;Nick Scott;Jammie Robinson;Feleipe Franks;David Moore,00-0033697;00-0036287;00-0039151;00-0034465;00-0036638;00-0038100;00-0028292;00-0036300;00-0033955;00-0039686;00-0035208,Michael Davis;Noah Igbinoghene;Emmanuel Forbes;Jeremy Reaves;Darrick Forrest;Percy Butler;Nick Bellore;Mykal Walker;Jeremy McNichols;Colson Yankoff;Olamide Zaccheaus
2024_07_CAR_WAS,2638,punt,0.0,75.0,75.0,CAR,3.0,1337.0,75.0,8.0,7:17,7:09,,34.0,0.0,4.0,9.0,"3 CB, 3 FS, 2 ILB, 2 RB, 1 WR",CB;CB;CB;FS;FS;FS;ILB;ILB;RB;RB;WR,11,0,0,,,False,00-0035244;00-0036235;00-0037560;00-0039457;00-0026027;00-0038791;00-0028872;00-0035669;00-0038587;00-0036825;00-0033589,Lonnie Johnson;Shaquille Quarterman;Chandler Wooten;Jacoby Windmon;J.J. Jansen;Thomas Incoom;Johnny Hekker;Nick Scott;Jammie Robinson;Feleipe Franks;David Moore,00-0033697;00-0036287;00-0039151;00-0034465;00-0036638;00-0038100;00-0028292;00-0036300;00-0033955;00-0039686;00-0035208,Michael Davis;Noah Igbinoghene;Emmanuel Forbes;Jeremy Reaves;Darrick Forrest;Percy Butler;Nick Bellore;Mykal Walker;Jeremy McNichols;Colson Yankoff;Olamide Zaccheaus
2024_07_CAR_WAS,2658,run,6.0,68.0,62.0,WAS,3.0,1329.0,68.0,31.0,7:09,6:38,,34.0,0.0,1.0,10.0,"2 CB, 2 DE, 2 DT, 1 FS, 2 ILB, 1 OLB, 1 SS",CB;CB;DE;DE;DT;DT;FS;ILB;ILB;OLB;SS,11,6,0,,,False,00-0036376;00-0033831;00-0035149;00-0036618;00-0032268;00-0037746;00-0030725;00-0036628;00-0039912;00-0033591;00-0035659,Tyler Biadasz;Andrew Wylie;Nick Allegretti;Sam Cosmi;Marcus Mariota;Brian Robinson;Cornelius Lucas;John Bates;Ben Sinnott;Noah Brown;Terry McLaurin,00-0036166;00-0036944;00-0033880;00-0037203;00-0034723;00-0035409;00-0033579;00-0037560;00-0039347;00-0038535;00-0035669,Dane Jackson;Jaycee Horn;Charles Harris;LaBryan Ray;Nick Thurman;Shy Tuttle;Xavier Woods;Chandler Wooten;Trevin Wallace;DJ Johnson;Nick Scott
2024_07_CAR_WAS,2687,run,5.0,62.0,57.0,WAS,3.0,1298.0,62.0,22.0,6:38,6:16,,34.0,0.0,2.0,4.0,"2 CB, 2 DE, 2 DT, 1 FS, 2 ILB, 1 OLB, 1 SS",CB;CB;DE;DE;DT;DT;FS;ILB;ILB;OLB;SS,11,6,0,,,False,00-0036376;00-0033831;00-0035149;00-0036618;00-0032268;00-0037746;00-0030725;00-0036628;00-0039912;00-0033591;00-0035659,Tyler Biadasz;Andrew Wylie;Nick Allegretti;Sam Cosmi;Marcus Mariota;Brian Robinson;Cornelius Lucas;John Bates;Ben Sinnott;Noah Brown;Terry McLaurin,00-0036166;00-0036944;00-0033880;00-0037203;00-0034723;00-0035409;00-0033579;00-0037560;00-0039347;00-0038535;00-0035669,Dane Jackson;Jaycee Horn;Charles Harris;LaBryan Ray;Nick Thurman;Shy Tuttle;Xavier Woods;Chandler Wooten;Trevin Wallace;DJ Johnson;Nick Scott
2024_07_CAR_WAS,2709,pass,18.0,57.0,39.0,WAS,3.0,1276.0,57.0,34.0,6:16,5:42,,34.0,0.0,1.0,10.0,"2 CB, 2 DE, 2 DT, 1 FS, 2 ILB, 1 OLB, 1 SS",CB;CB;DE;DE;DT;DT;FS;ILB;ILB;OLB;SS,11,7,5,ZONE_COVERAGE,COVER_3,False,00-0036376;00-0033831;00-0035149;00-0036618;00-0032268;00-0037746;00-0030725;00-0036628;00-0039912;00-0033591;00-0035659,Tyler Biadasz;Andrew Wylie;Nick Allegretti;Sam Cosmi;Marcus Mariota;Brian Robinson;Cornelius Lucas;John Bates;Ben Sinnott;Noah Brown;Terry McLaurin,00-0036166;00-0036944;00-0033880;00-0037203;00-0034723;00-0035409;00-0033579;00-0037560;00-0039347;00-0038535;00-0035669,Dane Jackson;Jaycee Horn;Charles Harris;LaBryan Ray;Nick Thurman;Shy Tuttle;Xavier Woods;Chandler Wooten;Trevin Wallace;DJ Johnson;Nick Scott
2024_07_CAR_WAS,2739,no_play,0.0,39.0,39.0,WAS,3.0,1242.0,39.0,24.0,5:42,5:18,,34.0,0.0,1.0,10.0,"2 CB, 2 DE, 2 DT, 1 FS, 2 ILB, 1 OLB, 1 SS",CB;CB;DE;DE;DT;DT;FS;ILB;ILB;OLB;SS,11,6,0,,,False,00-0036376;00-0033831;00-0035149;00-0036618;00-0032268;00-0037746;00-0030725;00-0036628;00-0039912;00-0035208;00-0036626,Tyler Biadasz;Andrew Wylie;Nick Allegretti;Sam Cosmi;Marcus Mariota;Brian Robinson;Cornelius Lucas;John Bates;Ben Sinnott;Olamide Zaccheaus;Dyami Brown,00-0036166;00-0036944;00-0033880;00-0037203;00-0034723;00-0035409;00-0033579;00-0037560;00-0039347;00-0038535;00-0035669,Dane Jackson;Jaycee Horn;Charles Harris;LaBryan Ray;Nick Thurman;Shy Tuttle;Xavier Woods;Chandler Wooten;Trevin Wallace;DJ Johnson;Nick Scott
2024_07_CAR_WAS,2782,pass,5.0,49.0,44.0,WAS,3.0,1218.0,49.0,39.0,5:18,4:39,,34.0,0.0,1.0,20.0,"3 CB, 1 DE, 2 DT, 1 FS, 2 ILB, 1 OLB, 1 SS",CB;CB;CB;DE;DT;DT;FS;ILB;ILB;OLB;SS,11,5,5,ZONE_COVERAGE,COVER_2,False,00-0036376;00-0033831;00-0035149;00-0036618;00-0032268;00-0030725;00-0030061;00-0036628;00-0039912;00-0035208;00-0036626,Tyler Biadasz;Andrew Wylie;Nick Allegretti;Sam Cosmi;Marcus Mariota;Cornelius Lucas;Zach Ertz;John Bates;Ben Sinnott;Olamide Zaccheaus;Dyami Brown,00-0035277;00-0036944;00-0039380;00-0033880;00-0034723;00-0035409;00-0033579;00-0037560;00-0039347;00-0034382;00-0035669,Mike Jackson;Jaycee Horn;Chau Smith-Wade;Charles Harris;Nick Thurman;Shy Tuttle;Xavier Woods;Chandler Wooten;Trevin Wallace;Marquis Haynes;Nick Scott
2024_07_CAR_WAS,2807,run,6.0,44.0,38.0,WAS,3.0,1179.0,44.0,28.0,4:39,4:11,,34.0,0.0,2.0,15.0,"3 CB, 1 DE, 2 DT, 1 FS, 2 ILB, 1 OLB, 1 SS",CB;CB;CB;DE;DT;DT;FS;ILB;ILB;OLB;SS,11,6,0,,,False,00-0036376;00-0033831;00-0035149;00-0036618;00-0032268;00-0033699;00-0030725;00-0030061;00-0035208;00-0036626;00-0039355,Tyler Biadasz;Andrew Wylie;Nick Allegretti;Sam Cosmi;Marcus Mariota;Austin Ekeler;Cornelius Lucas;Zach Ertz;Olamide Zaccheaus;Dyami Brown;Luke McCaffrey,00-0035277;00-0036944;00-0039380;00-0033096;00-0034723;00-0035409;00-0033579;00-0037560;00-0039347;00-0034382;00-0035669,Mike Jackson;Jaycee Horn;Chau Smith-Wade;Shaq Lawson;Nick Thurman;Shy Tuttle;Xavier Woods;Chandler Wooten;Trevin Wallace;Marquis Haynes;Nick Scott
2024_07_CAR_WAS,2840,pass,16.0,38.0,22.0,WAS,3.0,1151.0,38.0,21.0,4:11,3:50,,34.0,0.0,3.0,9.0,"4 CB, 2 DE, 1 DT, 1 FS, 1 ILB, 1 OLB, 1 SS",CB;CB;CB;CB;DE;DE;DT;FS;ILB;OLB;SS,11,5,4,ZONE_COVERAGE,COVER_4,False,00-0036376;00-0033831;00-0035149;00-0036618;00-0032268;00-0033699;00-0030725;00-0030061;00-0033591;00-0035659;00-0035208,Tyler Biadasz;Andrew Wylie;Nick Allegretti;Sam Cosmi;Marcus Mariota;Austin Ekeler;Cornelius Lucas;Zach Ertz;Noah Brown;Terry McLaurin;Olamide Zaccheaus,00-0035277;00-0036166;00-0036944;00-0039380;00-0031795;00-0033096;00-0035910;00-0033579;00-0039347;00-0034382;00-0035669,Mike Jackson;Dane Jackson;Jaycee Horn;Chau Smith-Wade;DeShawn Williams;Shaq Lawson;T.J. Smith;Xavier Woods;Trevin Wallace;Marquis Haynes;Nick Scott
2024_07_CAR_WAS,2865,pass,1.0,22.0,21.0,WAS,3.0,1130.0,22.0,37.0,3:50,3:13,,34.0,0.0,1.0,10.0,"4 CB, 2 DE, 1 DT, 1 FS, 1 ILB, 1 OLB, 1 SS",CB;CB;CB;CB;DE;DE;DT;FS;ILB;OLB;SS,11,5,4,ZONE_COVERAGE,COVER_4,False,00-0036376;00-0033831;00-0035149;00-0036618;00-0032268;00-0033699;00-0030725;00-0030061;00-0033591;00-0035659;00-0035208,Tyler Biadasz;Andrew Wylie;Nick Allegretti;Sam Cosmi;Marcus Mariota;Austin Ekeler;Cornelius Lucas;Zach Ertz;Noah Brown;Terry McLaurin;Olamide Zaccheaus,00-0035277;00-0036166;00-0036944;00-0039380;00-0031795;00-0033096;00-0035910;00-0033579;00-0039347;00-0034382;00-0035669,Mike Jackson;Dane Jackson;Jaycee Horn;Chau Smith-Wade;DeShawn Williams;Shaq Lawson;T.J. Smith;Xavier Woods;Trevin Wallace;Marquis Haynes;Nick Scott
2024_07_CAR_WAS,2890,run,7.0,21.0,14.0,WAS,3.0,1093.0,21.0,36.0,3:13,2:37,,34.0,0.0,2.0,9.0,"3 CB, 2 DE, 1 DT, 1 FS, 2 ILB, 1 OLB, 1 SS",CB;CB;CB;DE;DE;DT;FS;ILB;ILB;OLB;SS,11,6,0,,,False,00-0036376;00-0033831;00-0035149;00-0036618;00-0032268;00-0037746;00-0030725;00-0030061;00-0039912;00-0033591;00-0036626,Tyler Biadasz;Andrew Wylie;Nick Allegretti;Sam Cosmi;Marcus Mariota;Brian Robinson;Cornelius Lucas;Zach Ertz;Ben Sinnott;Noah Brown;Dyami Brown,00-0035277;00-0036944;00-0039380;00-0031795;00-0033880;00-0035910;00-0033579;00-0037560;00-0039347;00-0038535;00-0035669,Mike Jackson;Jaycee Horn;Chau Smith-Wade;DeShawn Williams;Charles Harris;T.J. Smith;Xavier Woods;Chandler Wooten;Trevin Wallace;DJ Johnson;Nick Scott
2024_07_CAR_WAS,2912,no_play,0.0,14.0,14.0,WAS,3.0,1057.0,14.0,15.0,2:37,2:22,,34.0,0.0,3.0,2.0,"3 CB, 2 DE, 1 DT, 1 FS, 2 ILB, 1 OLB, 1 SS",CB;CB;CB;DE;DE;DT;FS;ILB;ILB;OLB;SS,11,0,0,,,False,00-0036376;00-0033831;00-0035149;00-0036618;00-0032268;00-0033699;00-0030725;00-0030061;00-0035659;00-0035208;00-0036626,Tyler Biadasz;Andrew Wylie;Nick Allegretti;Sam Cosmi;Marcus Mariota;Austin Ekeler;Cornelius Lucas;Zach Ertz;Terry McLaurin;Olamide Zaccheaus;Dyami Brown,00-0035277;00-0036944;00-0039380;00-0031795;00-0033880;00-0035910;00-0033579;00-0037560;00-0039347;00-0038535;00-0035669,Mike Jackson;Jaycee Horn;Chau Smith-Wade;DeShawn Williams;Charles Harris;T.J. Smith;Xavier Woods;Chandler Wooten;Trevin Wallace;DJ Johnson;Nick Scott
2024_07_CAR_WAS,2936,pass,6.0,19.0,13.0,WAS,3.0,1042.0,19.0,46.0,2:22,1:36,,34.0,0.0,3.0,7.0,"4 CB, 2 DE, 1 DT, 1 FS, 1 ILB, 1 OLB, 1 SS",CB;CB;CB;CB;DE;DE;DT;FS;ILB;OLB;SS,11,4,3,ZONE_COVERAGE,COVER_4,False,00-0036376;00-0033831;00-0035149;00-0036618;00-0032268;00-0033699;00-0030725;00-0030061;00-0033591;00-0035659;00-0035208,Tyler Biadasz;Andrew Wylie;Nick Allegretti;Sam Cosmi;Marcus Mariota;Austin Ekeler;Cornelius Lucas;Zach Ertz;Noah Brown;Terry McLaurin;Olamide Zaccheaus,00-0035277;00-0036166;00-0036944;00-0039380;00-0031795;00-0033880;00-0035910;00-0033579;00-0039347;00-0034382;00-0035669,Mike Jackson;Dane Jackson;Jaycee Horn;Chau Smith-Wade;DeShawn Williams;Charles Harris;T.J. Smith;Xavier Woods;Trevin Wallace;Marquis Haynes;Nick Scott
2024_07_CAR_WAS,2961,field_goal,0.0,13.0,13.0,WAS,3.0,996.0,13.0,3.0,1:36,1:33,,37.0,0.0,4.0,1.0,"2 CB, 2 DE, 3 DT, 1 FS, 1 ILB, 1 OLB, 1 SS",CB;CB;DE;DE;DT;DT;DT;FS;ILB;OLB;SS,11,0,0,,,False,00-0035686;00-0033831;00-0035149;00-0036618;00-0035145;00-0031156;00-0030140;00-0039686;00-0030725;00-0034571;00-0036628,Michael Deiter;Andrew Wylie;Nick Allegretti;Sam Cosmi;Austin Seibert;Tyler Ott;Tress Way;Colson Yankoff;Cornelius Lucas;Trent Scott;John Bates,00-0035277;00-0039380;00-0033880;00-0037203;00-0034723;00-0035409;00-0035910;00-0035244;00-0037560;00-0038791;00-0038587,Mike Jackson;Chau Smith-Wade;Charles Harris;LaBryan Ray;Nick Thurman;Shy Tuttle;T.J. Smith;Lonnie Johnson;Chandler Wooten;Thomas Incoom;Jammie Robinson
2024_07_CAR_WAS,2986,kickoff,0.0,35.0,35.0,CAR,3.0,993.0,35.0,0.0,1:33,1:33,,37.0,0.0,,0.0,"2 CB, 4 FS, 2 ILB, 1 K, 2 RB",CB;CB;FS;FS;FS;FS;ILB;ILB;K;RB;RB,11,0,0,,,False,00-0035244;00-0036235;00-0038791;00-0038587;00-0039601;00-0036825;00-0039356;00-0033589;00-0039062;00-0039342;00-0039491,Lonnie Johnson;Shaquille Quarterman;Thomas Incoom;Jammie Robinson;Demani Richardson;Feleipe Franks;Ja'Tavion Sanders;David Moore;Jonathan Mingo;Xavier Legette;Jalen Coker,00-0033697;00-0039898;00-0034465;00-0036293;00-0036638;00-0038100;00-0028292;00-0036300;00-0035145;00-0033955;00-0039686,Michael Davis;Mike Sainristil;Jeremy Reaves;Jeremy Chinn;Darrick Forrest;Percy Butler;Nick Bellore;Mykal Walker;Austin Seibert;Jeremy McNichols;Colson Yankoff
2024_07_CAR_WAS,3010,run,9.0,70.0,61.0,CAR,3.0,993.0,70.0,35.0,1:33,0:58,,37.0,0.0,1.0,10.0,"3 CB, 2 DE, 2 DT, 2 FS, 2 ILB",CB;CB;CB;DE;DE;DT;DT;FS;FS;ILB;ILB,11,6,0,,,False,00-0036325;00-0036417;00-0036968;00-0027973;00-0036555;00-0035084;00-0037229;00-0034365;00-0035216;00-0039342;00-0039491,Robert Hunt;Damien Lewis;Brady Christensen;Andy Dalton;Chuba Hubbard;Yosh Nijman;Ikem Ekwonu;Ian Thomas;Diontae Johnson;Xavier Legette;Jalen Coker,00-0036625;00-0039151;00-0039898;00-0031500;00-0034264;00-0033010;00-0039906;00-0036293;00-0038100;00-0029255;00-0034302,Benjamin St-Juste;Emmanuel Forbes;Mike Sainristil;Efe Obada;Jalyn Holmes;Sheldon Day;Jer'Zhan Newton;Jeremy Chinn;Percy Butler;Bobby Wagner;Frankie Luvu
2024_07_CAR_WAS,3032,run,6.0,61.0,55.0,CAR,3.0,958.0,61.0,41.0,0:58,0:17,,37.0,0.0,2.0,1.0,"3 CB, 2 DE, 2 DT, 2 FS, 2 ILB",CB;CB;CB;DE;DE;DT;DT;FS;FS;ILB;ILB,11,6,0,,,False,00-0036325;00-0036417;00-0036968;00-0027973;00-0036555;00-0035084;00-0037229;00-0034365;00-0035216;00-0039062;00-0039342,Robert Hunt;Damien Lewis;Brady Christensen;Andy Dalton;Chuba Hubbard;Yosh Nijman;Ikem Ekwonu;Ian Thomas;Diontae Johnson;Jonathan Mingo;Xavier Legette,00-0036625;00-0039151;00-0039898;00-0031500;00-0034264;00-0033010;00-0039906;00-0036293;00-0038100;00-0029255;00-0034302,Benjamin St-Juste;Emmanuel Forbes;Mike Sainristil;Efe Obada;Jalyn Holmes;Sheldon Day;Jer'Zhan Newton;Jeremy Chinn;Percy Butler;Bobby Wagner;Frankie Luvu
2024_07_CAR_WAS,3054,pass,2.0,55.0,53.0,CAR,3.0,917.0,55.0,17.0,0:17,0:00,,37.0,0.0,1.0,10.0,"3 CB, 2 DE, 2 DT, 2 FS, 2 ILB",CB;CB;CB;DE;DE;DT;DT;FS;FS;ILB;ILB,11,6,5,ZONE_COVERAGE,COVER_3,False,00-0036325;00-0036417;00-0036968;00-0027973;00-0036555;00-0035084;00-0037229;00-0034365;00-0035216;00-0039342;00-0039491,Robert Hunt;Damien Lewis;Brady Christensen;Andy Dalton;Chuba Hubbard;Yosh Nijman;Ikem Ekwonu;Ian Thomas;Diontae Johnson;Xavier Legette;Jalen Coker,00-0036625;00-0039151;00-0039898;00-0031500;00-0034264;00-0038099;00-0039906;00-0036293;00-0038100;00-0029255;00-0034302,Benjamin St-Juste;Emmanuel Forbes;Mike Sainristil;Efe Obada;Jalyn Holmes;Phidarian Mathis;Jer'Zhan Newton;Jeremy Chinn;Percy Butler;Bobby Wagner;Frankie Luvu
2024_07_CAR_WAS,3079,start_quarter_4,,,,CAR,3.0,900.0,,0.0,0:00,0:00,,37.0,0.0,,0.0,,,,,,,,,,,,
2024_07_CAR_WAS,3099,no_play,0.0,53.0,53.0,CAR,4.0,900.0,53.0,0.0,15:00,15:00,,37.0,0.0,2.0,8.0,"3 CB, 2 DT, 2 FS, 2 ILB, 2 OLB",CB;CB;CB;DT;DT;FS;FS;ILB;ILB;OLB;OLB,11,0,0,,,False,00-0036325;00-0036417;00-0036968;00-0027973;00-0036555;00-0035084;00-0037229;00-0039356;00-0035216;00-0039342;00-0039491,Robert Hunt;Damien Lewis;Brady Christensen;Andy Dalton;Chuba Hubbard;Yosh Nijman;Ikem Ekwonu;Ja'Tavion Sanders;Diontae Johnson;Xavier Legette;Jalen Coker,00-0036625;00-0039151;00-0039898;00-0033010;00-0038099;00-0036293;00-0038100;00-0029255;00-0034302;00-0032052;00-0036614,Benjamin St-Juste;Emmanuel Forbes;Mike Sainristil;Sheldon Day;Phidarian Mathis;Jeremy Chinn;Percy Butler;Bobby Wagner;Frankie Luvu;Dante Fowler Jr.;Jamin Davis
2024_07_CAR_WAS,3123,run,2.0,48.0,46.0,CAR,4.0,900.0,48.0,37.0,15:00,14:23,,37.0,0.0,2.0,3.0,"3 CB, 2 DE, 2 DT, 2 FS, 2 ILB",CB;CB;CB;DE;DE;DT;DT;FS;FS;ILB;ILB,11,7,0,,,False,00-0036325;00-0036417;00-0036968;00-0027973;00-0036555;00-0035084;00-0037229;00-0039356;00-0035216;00-0039342;00-0039491,Robert Hunt;Damien Lewis;Brady Christensen;Andy Dalton;Chuba Hubbard;Yosh Nijman;Ikem Ekwonu;Ja'Tavion Sanders;Diontae Johnson;Xavier Legette;Jalen Coker,00-0036625;00-0039151;00-0039898;00-0031500;00-0034264;00-0033010;00-0039906;00-0036293;00-0038100;00-0029255;00-0034302,Benjamin St-Juste;Emmanuel Forbes;Mike Sainristil;Efe Obada;Jalyn Holmes;Sheldon Day;Jer'Zhan Newton;Jeremy Chinn;Percy Butler;Bobby Wagner;Frankie Luvu
2024_07_CAR_WAS,3145,pass,29.0,46.0,17.0,CAR,4.0,863.0,46.0,45.0,14:23,13:38,,37.0,0.0,3.0,1.0,"3 CB, 2 DE, 2 DT, 2 FS, 2 ILB",CB;CB;CB;DE;DE;DT;DT;FS;FS;ILB;ILB,11,8,4,MAN_COVERAGE,COVER_1,False,00-0036325;00-0036417;00-0036968;00-0038536;00-0027973;00-0035243;00-0036555;00-0035084;00-0037229;00-0039356;00-0033589,Robert Hunt;Damien Lewis;Brady Christensen;Chandler Zavala;Andy Dalton;Miles Sanders;Chuba Hubbard;Yosh Nijman;Ikem Ekwonu;Ja'Tavion Sanders;David Moore,00-0036625;00-0039151;00-0039898;00-0031500;00-0034264;00-0033010;00-0039906;00-0036293;00-0038100;00-0029255;00-0034302,Benjamin St-Juste;Emmanuel Forbes;Mike Sainristil;Efe Obada;Jalyn Holmes;Sheldon Day;Jer'Zhan Newton;Jeremy Chinn;Percy Butler;Bobby Wagner;Frankie Luvu
2024_07_CAR_WAS,3170,run,9.0,17.0,8.0,CAR,4.0,818.0,17.0,35.0,13:38,13:03,,37.0,0.0,1.0,10.0,"2 CB, 2 DE, 2 DT, 3 FS, 2 ILB",CB;CB;DE;DE;DT;DT;FS;FS;FS;ILB;ILB,11,6,0,,,False,00-0036325;00-0036417;00-0036968;00-0027973;00-0036555;00-0035084;00-0037229;00-0034365;00-0039356;00-0035216;00-0039342,Robert Hunt;Damien Lewis;Brady Christensen;Andy Dalton;Chuba Hubbard;Yosh Nijman;Ikem Ekwonu;Ian Thomas;Ja'Tavion Sanders;Diontae Johnson;Xavier Legette,00-0036625;00-0039151;00-0031500;00-0034264;00-0033010;00-0039906;00-0036293;00-0036638;00-0038100;00-0029255;00-0034302,Benjamin St-Juste;Emmanuel Forbes;Efe Obada;Jalyn Holmes;Sheldon Day;Jer'Zhan Newton;Jeremy Chinn;Darrick Forrest;Percy Butler;Bobby Wagner;Frankie Luvu
2024_07_CAR_WAS,3192,pass,-3.0,8.0,11.0,CAR,4.0,783.0,8.0,42.0,13:03,12:21,,37.0,0.0,2.0,1.0,"3 CB, 1 DE, 2 DT, 2 FS, 2 ILB, 1 OLB",CB;CB;CB;DE;DT;DT;FS;FS;ILB;ILB;OLB,11,6,4,MAN_COVERAGE,COVER_1,False,00-0036325;00-0036417;00-0036968;00-0027973;00-0036555;00-0035084;00-0037229;00-0034365;00-0035216;00-0039062;00-0039342,Robert Hunt;Damien Lewis;Brady Christensen;Andy Dalton;Chuba Hubbard;Yosh Nijman;Ikem Ekwonu;Ian Thomas;Diontae Johnson;Jonathan Mingo;Xavier Legette,00-0036625;00-0039151;00-0039898;00-0034264;00-0033010;00-0038099;00-0036293;00-0038100;00-0029255;00-0034302;00-0036614,Benjamin St-Juste;Emmanuel Forbes;Mike Sainristil;Jalyn Holmes;Sheldon Day;Phidarian Mathis;Jeremy Chinn;Percy Butler;Bobby Wagner;Frankie Luvu;Jamin Davis
2024_07_CAR_WAS,3217,run,7.0,11.0,4.0,CAR,4.0,741.0,11.0,38.0,12:21,11:43,,37.0,0.0,3.0,4.0,"3 CB, 1 DE, 2 DT, 2 FS, 2 ILB, 1 OLB",CB;CB;CB;DE;DT;DT;FS;FS;ILB;ILB;OLB,11,6,0,,,False,00-0036325;00-0036417;00-0036968;00-0027973;00-0035243;00-0035084;00-0037229;00-0039356;00-0035216;00-0039342;00-0039491,Robert Hunt;Damien Lewis;Brady Christensen;Andy Dalton;Miles Sanders;Yosh Nijman;Ikem Ekwonu;Ja'Tavion Sanders;Diontae Johnson;Xavier Legette;Jalen Coker,00-0036625;00-0039151;00-0039898;00-0034264;00-0033010;00-0038099;00-0036293;00-0038100;00-0029255;00-0034302;00-0036614,Benjamin St-Juste;Emmanuel Forbes;Mike Sainristil;Jalyn Holmes;Sheldon Day;Phidarian Mathis;Jeremy Chinn;Percy Butler;Bobby Wagner;Frankie Luvu;Jamin Davis
2024_07_CAR_WAS,3239,run,4.0,4.0,0.0,CAR,4.0,703.0,4.0,5.0,11:43,11:38,,37.0,6.0,1.0,4.0,"2 CB, 1 DE, 2 DT, 3 FS, 2 ILB, 1 OLB",CB;CB;DE;DT;DT;FS;FS;FS;ILB;ILB;OLB,11,7,0,,,False,00-0036325;00-0036417;00-0036968;00-0027973;00-0036555;00-0035084;00-0037229;00-0034365;00-0039356;00-0035216;00-0039062,Robert Hunt;Damien Lewis;Brady Christensen;Andy Dalton;Chuba Hubbard;Yosh Nijman;Ikem Ekwonu;Ian Thomas;Ja'Tavion Sanders;Diontae Johnson;Jonathan Mingo,00-0036625;00-0039151;00-0034264;00-0033010;00-0038099;00-0036293;00-0036638;00-0038100;00-0029255;00-0034302;00-0036614,Benjamin St-Juste;Emmanuel Forbes;Jalyn Holmes;Sheldon Day;Phidarian Mathis;Jeremy Chinn;Darrick Forrest;Percy Butler;Bobby Wagner;Frankie Luvu;Jamin Davis
2024_07_CAR_WAS,3262,extra_point,0.0,15.0,15.0,CAR,4.0,698.0,15.0,0.0,11:38,11:38,,37.0,7.0,,0.0,"1 CB, 1 DE, 2 DT, 3 FS, 3 ILB, 1 OLB",CB;DE;DT;DT;FS;FS;FS;ILB;ILB;ILB;OLB,11,0,0,,,False,00-0036325;00-0036417;00-0037297;00-0038536;00-0034173;00-0026027;00-0028872;00-0035084;00-0037229;00-0039832;00-0039356,Robert Hunt;Damien Lewis;Cade Mays;Chandler Zavala;Eddy Pineiro;J.J. Jansen;Johnny Hekker;Yosh Nijman;Ikem Ekwonu;Jarrett Kingston;Ja'Tavion Sanders,00-0033697;00-0035692;00-0033010;00-0038099;00-0034465;00-0036293;00-0038100;00-0028292;00-0029255;00-0036300;00-0032052,Michael Davis;Clelin Ferrell;Sheldon Day;Phidarian Mathis;Jeremy Reaves;Jeremy Chinn;Percy Butler;Nick Bellore;Bobby Wagner;Mykal Walker;Dante Fowler Jr.
2024_07_CAR_WAS,3277,kickoff,0.0,35.0,35.0,WAS,4.0,698.0,35.0,0.0,11:38,11:38,,37.0,7.0,,0.0,"1 CB, 1 FS, 1 ILB, 1 K, 1 LB, 2 OLB, 2 SS, 1 TE, 1 WR",CB;FS;ILB;K;LB;OLB;OLB;SS;SS;TE;WR,11,0,0,,,False,00-0034465;00-0036638;00-0038100;00-0028292;00-0036300;00-0033955;00-0033699;00-0039686;00-0036628;00-0039912;00-0036626,Jeremy Reaves;Darrick Forrest;Percy Butler;Nick Bellore;Mykal Walker;Jeremy McNichols;Austin Ekeler;Colson Yankoff;John Bates;Ben Sinnott;Dyami Brown,00-0039292;00-0035244;00-0036235;00-0034173;00-0039457;00-0038535;00-0038791;00-0038587;00-0039601;00-0036825;00-0039062,Shemar Bartholomew;Lonnie Johnson;Shaquille Quarterman;Eddy Pineiro;Jacoby Windmon;DJ Johnson;Thomas Incoom;Jammie Robinson;Demani Richardson;Feleipe Franks;Jonathan Mingo
2024_07_CAR_WAS,3301,run,5.0,70.0,65.0,WAS,4.0,698.0,70.0,30.0,11:38,11:08,,37.0,7.0,1.0,10.0,"3 CB, 2 DE, 1 DT, 1 FS, 2 ILB, 1 OLB, 1 SS",CB;CB;CB;DE;DE;DT;FS;ILB;ILB;OLB;SS,11,6,0,,,False,00-0035686;00-0033831;00-0035149;00-0036618;00-0032268;00-0033955;00-0030725;00-0036628;00-0033591;00-0035659;00-0039355,Michael Deiter;Andrew Wylie;Nick Allegretti;Sam Cosmi;Marcus Mariota;Jeremy McNichols;Cornelius Lucas;John Bates;Noah Brown;Terry McLaurin;Luke McCaffrey,00-0035277;00-0036944;00-0039380;00-0033096;00-0037203;00-0035409;00-0033579;00-0037560;00-0039347;00-0034382;00-0035669,Mike Jackson;Jaycee Horn;Chau Smith-Wade;Shaq Lawson;LaBryan Ray;Shy Tuttle;Xavier Woods;Chandler Wooten;Trevin Wallace;Marquis Haynes;Nick Scott
2024_07_CAR_WAS,3323,run,1.0,65.0,64.0,WAS,4.0,668.0,65.0,42.0,11:08,10:26,,37.0,7.0,2.0,5.0,"3 CB, 2 DE, 1 DT, 1 FS, 2 ILB, 1 OLB, 1 SS",CB;CB;CB;DE;DE;DT;FS;ILB;ILB;OLB;SS,11,6,0,,,False,00-0035686;00-0033831;00-0035149;00-0036618;00-0032268;00-0033955;00-0030725;00-0036628;00-0033591;00-0035659;00-0039355,Michael Deiter;Andrew Wylie;Nick Allegretti;Sam Cosmi;Marcus Mariota;Jeremy McNichols;Cornelius Lucas;John Bates;Noah Brown;Terry McLaurin;Luke McCaffrey,00-0035277;00-0036944;00-0039380;00-0033096;00-0037203;00-0035409;00-0033579;00-0037560;00-0039347;00-0034382;00-0035669,Mike Jackson;Jaycee Horn;Chau Smith-Wade;Shaq Lawson;LaBryan Ray;Shy Tuttle;Xavier Woods;Chandler Wooten;Trevin Wallace;Marquis Haynes;Nick Scott
2024_07_CAR_WAS,3345,run,6.0,64.0,58.0,WAS,4.0,626.0,64.0,48.0,10:26,9:38,,37.0,7.0,3.0,4.0,"3 CB, 2 DE, 1 DT, 1 FS, 2 ILB, 1 OLB, 1 SS",CB;CB;CB;DE;DE;DT;FS;ILB;ILB;OLB;SS,11,6,4,MAN_COVERAGE,COVER_1,False,00-0035686;00-0033831;00-0035149;00-0036618;00-0032268;00-0033955;00-0030725;00-0036628;00-0033591;00-0035659;00-0039355,Michael Deiter;Andrew Wylie;Nick Allegretti;Sam Cosmi;Marcus Mariota;Jeremy McNichols;Cornelius Lucas;John Bates;Noah Brown;Terry McLaurin;Luke McCaffrey,00-0035277;00-0036944;00-0039380;00-0033096;00-0037203;00-0035409;00-0033579;00-0037560;00-0039347;00-0034382;00-0035669,Mike Jackson;Jaycee Horn;Chau Smith-Wade;Shaq Lawson;LaBryan Ray;Shy Tuttle;Xavier Woods;Chandler Wooten;Trevin Wallace;Marquis Haynes;Nick Scott
2024_07_CAR_WAS,3367,run,3.0,58.0,55.0,WAS,4.0,578.0,58.0,38.0,9:38,9:00,,37.0,7.0,1.0,10.0,"2 CB, 1 DE, 2 DT, 1 FS, 2 ILB, 2 OLB, 1 SS",CB;CB;DE;DT;DT;FS;ILB;ILB;OLB;OLB;SS,11,6,0,,,False,00-0035686;00-0033831;00-0035149;00-0036618;00-0032268;00-0033955;00-0030725;00-0036628;00-0039912;00-0035208;00-0036626,Michael Deiter;Andrew Wylie;Nick Allegretti;Sam Cosmi;Marcus Mariota;Jeremy McNichols;Cornelius Lucas;John Bates;Ben Sinnott;Olamide Zaccheaus;Dyami Brown,00-0036166;00-0036944;00-0031795;00-0034723;00-0035910;00-0033579;00-0037560;00-0039347;00-0038535;00-0038791;00-0035669,Dane Jackson;Jaycee Horn;DeShawn Williams;Nick Thurman;T.J. Smith;Xavier Woods;Chandler Wooten;Trevin Wallace;DJ Johnson;Thomas Incoom;Nick Scott
2024_07_CAR_WAS,3394,pass,0.0,55.0,55.0,WAS,4.0,540.0,55.0,6.0,9:00,8:54,,37.0,7.0,2.0,7.0,"2 CB, 1 DE, 2 DT, 1 FS, 2 ILB, 2 OLB, 1 SS",CB;CB;DE;DT;DT;FS;ILB;ILB;OLB;OLB;SS,11,6,5,MAN_COVERAGE,COVER_1,False,00-0035686;00-0033831;00-0035149;00-0036618;00-0032268;00-0033955;00-0030725;00-0036628;00-0039912;00-0035208;00-0036626,Michael Deiter;Andrew Wylie;Nick Allegretti;Sam Cosmi;Marcus Mariota;Jeremy McNichols;Cornelius Lucas;John Bates;Ben Sinnott;Olamide Zaccheaus;Dyami Brown,00-0036166;00-0036944;00-0031795;00-0034723;00-0035910;00-0033579;00-0037560;00-0039347;00-0038535;00-0038791;00-0035669,Dane Jackson;Jaycee Horn;DeShawn Williams;Nick Thurman;T.J. Smith;Xavier Woods;Chandler Wooten;Trevin Wallace;DJ Johnson;Thomas Incoom;Nick Scott
2024_07_CAR_WAS,3417,pass,25.0,55.0,30.0,WAS,4.0,534.0,55.0,39.0,8:54,8:15,,37.0,7.0,3.0,7.0,"3 CB, 2 DE, 1 DT, 1 FS, 2 ILB, 1 OLB, 1 SS",CB;CB;CB;DE;DE;DT;FS;ILB;ILB;OLB;SS,11,6,4,ZONE_COVERAGE,COMBO,False,00-0035686;00-0033831;00-0035149;00-0036618;00-0032268;00-0033955;00-0030725;00-0039912;00-0033591;00-0035659;00-0039355,Michael Deiter;Andrew Wylie;Nick Allegretti;Sam Cosmi;Marcus Mariota;Jeremy McNichols;Cornelius Lucas;Ben Sinnott;Noah Brown;Terry McLaurin;Luke McCaffrey,00-0035277;00-0036944;00-0039380;00-0031795;00-0033096;00-0035910;00-0033579;00-0037560;00-0039347;00-0034382;00-0035669,Mike Jackson;Jaycee Horn;Chau Smith-Wade;DeShawn Williams;Shaq Lawson;T.J. Smith;Xavier Woods;Chandler Wooten;Trevin Wallace;Marquis Haynes;Nick Scott
2024_07_CAR_WAS,3456,pass,3.0,30.0,27.0,WAS,4.0,495.0,30.0,36.0,8:15,7:39,,37.0,7.0,1.0,10.0,"2 CB, 2 DE, 2 DT, 1 FS, 2 ILB, 1 OLB, 1 SS",CB;CB;DE;DE;DT;DT;FS;ILB;ILB;OLB;SS,11,6,5,MAN_COVERAGE,COVER_1,False,00-0035686;00-0033831;00-0035149;00-0036618;00-0032268;00-0039686;00-0030725;00-0036628;00-0039912;00-0035208;00-0036626,Michael Deiter;Andrew Wylie;Nick Allegretti;Sam Cosmi;Marcus Mariota;Colson Yankoff;Cornelius Lucas;John Bates;Ben Sinnott;Olamide Zaccheaus;Dyami Brown,00-0035277;00-0036166;00-0033880;00-0037203;00-0034723;00-0035409;00-0033579;00-0037560;00-0039347;00-0038791;00-0035669,Mike Jackson;Dane Jackson;Charles Harris;LaBryan Ray;Nick Thurman;Shy Tuttle;Xavier Woods;Chandler Wooten;Trevin Wallace;Thomas Incoom;Nick Scott
2024_07_CAR_WAS,3481,pass,12.0,27.0,15.0,WAS,4.0,459.0,27.0,48.0,7:39,6:51,,37.0,7.0,2.0,7.0,"2 CB, 2 DE, 2 DT, 1 FS, 2 ILB, 1 OLB, 1 SS",CB;CB;DE;DE;DT;DT;FS;ILB;ILB;OLB;SS,11,5,4,MAN_COVERAGE,COVER_1,False,00-0035686;00-0033831;00-0035149;00-0036618;00-0032268;00-0039686;00-0030725;00-0036628;00-0039912;00-0035208;00-0036626,Michael Deiter;Andrew Wylie;Nick Allegretti;Sam Cosmi;Marcus Mariota;Colson Yankoff;Cornelius Lucas;John Bates;Ben Sinnott;Olamide Zaccheaus;Dyami Brown,00-0035277;00-0036166;00-0033880;00-0037203;00-0034723;00-0035409;00-0033579;00-0037560;00-0039347;00-0038791;00-0035669,Mike Jackson;Dane Jackson;Charles Harris;LaBryan Ray;Nick Thurman;Shy Tuttle;Xavier Woods;Chandler Wooten;Trevin Wallace;Thomas Incoom;Nick Scott
2024_07_CAR_WAS,3506,run,6.0,15.0,9.0,WAS,4.0,411.0,15.0,25.0,6:51,6:26,,37.0,7.0,1.0,10.0,"3 CB, 2 DE, 1 DT, 1 FS, 2 ILB, 1 OLB, 1 SS",CB;CB;CB;DE;DE;DT;FS;ILB;ILB;OLB;SS,11,7,0,,,False,00-0035686;00-0033831;00-0035149;00-0036618;00-0032268;00-0033955;00-0030725;00-0036628;00-0035208;00-0036626;00-0039355,Michael Deiter;Andrew Wylie;Nick Allegretti;Sam Cosmi;Marcus Mariota;Jeremy McNichols;Cornelius Lucas;John Bates;Olamide Zaccheaus;Dyami Brown;Luke McCaffrey,00-0035277;00-0036166;00-0039380;00-0033880;00-0037203;00-0035409;00-0033579;00-0037560;00-0039347;00-0038791;00-0035669,Mike Jackson;Dane Jackson;Chau Smith-Wade;Charles Harris;LaBryan Ray;Shy Tuttle;Xavier Woods;Chandler Wooten;Trevin Wallace;Thomas Incoom;Nick Scott
2024_07_CAR_WAS,3528,run,2.0,9.0,7.0,WAS,4.0,386.0,9.0,45.0,6:26,5:41,,37.0,7.0,2.0,4.0,"3 CB, 2 DE, 1 DT, 1 FS, 2 ILB, 1 OLB, 1 SS",CB;CB;CB;DE;DE;DT;FS;ILB;ILB;OLB;SS,11,6,0,,,False,00-0035686;00-0033831;00-0035149;00-0036618;00-0032268;00-0033955;00-0030725;00-0036628;00-0035208;00-0036626;00-0039355,Michael Deiter;Andrew Wylie;Nick Allegretti;Sam Cosmi;Marcus Mariota;Jeremy McNichols;Cornelius Lucas;John Bates;Olamide Zaccheaus;Dyami Brown;Luke McCaffrey,00-0035277;00-0036166;00-0039380;00-0033880;00-0037203;00-0035409;00-0033579;00-0037560;00-0039347;00-0038791;00-0035669,Mike Jackson;Dane Jackson;Chau Smith-Wade;Charles Harris;LaBryan Ray;Shy Tuttle;Xavier Woods;Chandler Wooten;Trevin Wallace;Thomas Incoom;Nick Scott
2024_07_CAR_WAS,3550,run,-4.0,7.0,11.0,WAS,4.0,341.0,7.0,43.0,5:41,4:58,,37.0,7.0,3.0,2.0,"2 CB, 2 DE, 2 DT, 1 FS, 2 ILB, 1 OLB, 1 SS",CB;CB;DE;DE;DT;DT;FS;ILB;ILB;OLB;SS,11,6,0,,,False,00-0035686;00-0033831;00-0035149;00-0036618;00-0032268;00-0033955;00-0030725;00-0034571;00-0036628;00-0039912;00-0036626,Michael Deiter;Andrew Wylie;Nick Allegretti;Sam Cosmi;Marcus Mariota;Jeremy McNichols;Cornelius Lucas;Trent Scott;John Bates;Ben Sinnott;Dyami Brown,00-0035277;00-0036166;00-0033880;00-0037203;00-0034723;00-0035409;00-0033579;00-0037560;00-0039347;00-0038791;00-0035669,Mike Jackson;Dane Jackson;Charles Harris;LaBryan Ray;Nick Thurman;Shy Tuttle;Xavier Woods;Chandler Wooten;Trevin Wallace;Thomas Incoom;Nick Scott
2024_07_CAR_WAS,3572,field_goal,0.0,11.0,11.0,WAS,4.0,298.0,11.0,3.0,4:58,4:55,,40.0,7.0,4.0,6.0,"2 CB, 2 DE, 3 DT, 1 FS, 1 ILB, 1 OLB, 1 SS",CB;CB;DE;DE;DT;DT;DT;FS;ILB;OLB;SS,11,0,0,,,False,00-0035686;00-0033831;00-0035149;00-0036618;00-0035145;00-0031156;00-0030140;00-0039686;00-0030725;00-0034571;00-0036628,Michael Deiter;Andrew Wylie;Nick Allegretti;Sam Cosmi;Austin Seibert;Tyler Ott;Tress Way;Colson Yankoff;Cornelius Lucas;Trent Scott;John Bates,00-0035277;00-0039380;00-0033880;00-0037203;00-0034723;00-0035409;00-0035910;00-0035244;00-0037560;00-0038791;00-0038587,Mike Jackson;Chau Smith-Wade;Charles Harris;LaBryan Ray;Nick Thurman;Shy Tuttle;T.J. Smith;Lonnie Johnson;Chandler Wooten;Thomas Incoom;Jammie Robinson
2024_07_CAR_WAS,3592,kickoff,0.0,35.0,35.0,CAR,4.0,295.0,35.0,0.0,4:55,4:55,,40.0,7.0,,0.0,"2 CB, 4 FS, 2 ILB, 1 K, 2 RB",CB;CB;FS;FS;FS;FS;ILB;ILB;K;RB;RB,11,0,0,,,False,00-0035244;00-0036235;00-0038791;00-0038587;00-0039601;00-0036825;00-0039356;00-0033589;00-0039062;00-0039342;00-0039491,Lonnie Johnson;Shaquille Quarterman;Thomas Incoom;Jammie Robinson;Demani Richardson;Feleipe Franks;Ja'Tavion Sanders;David Moore;Jonathan Mingo;Xavier Legette;Jalen Coker,00-0033697;00-0039898;00-0034465;00-0036293;00-0036638;00-0038100;00-0028292;00-0036300;00-0035145;00-0033955;00-0039686,Michael Davis;Mike Sainristil;Jeremy Reaves;Jeremy Chinn;Darrick Forrest;Percy Butler;Nick Bellore;Mykal Walker;Austin Seibert;Jeremy McNichols;Colson Yankoff
2024_07_CAR_WAS,3616,run,3.0,70.0,67.0,CAR,4.0,295.0,70.0,39.0,4:55,4:16,,40.0,7.0,1.0,10.0,"3 CB, 1 DE, 2 DT, 2 FS, 2 ILB, 1 OLB",CB;CB;CB;DE;DT;DT;FS;FS;ILB;ILB;OLB,11,6,0,,,False,00-0036325;00-0036417;00-0036968;00-0039150;00-0036555;00-0035084;00-0037229;00-0039356;00-0035216;00-0039342;00-0039491,Robert Hunt;Damien Lewis;Brady Christensen;Bryce Young;Chuba Hubbard;Yosh Nijman;Ikem Ekwonu;Ja'Tavion Sanders;Diontae Johnson;Xavier Legette;Jalen Coker,00-0033697;00-0036287;00-0039151;00-0031500;00-0033010;00-0038099;00-0036638;00-0038100;00-0028292;00-0036300;00-0036614,Michael Davis;Noah Igbinoghene;Emmanuel Forbes;Efe Obada;Sheldon Day;Phidarian Mathis;Darrick Forrest;Percy Butler;Nick Bellore;Mykal Walker;Jamin Davis
2024_07_CAR_WAS,3638,pass,2.0,67.0,65.0,CAR,4.0,256.0,67.0,47.0,4:16,3:29,,40.0,7.0,2.0,7.0,"3 CB, 1 DE, 2 DT, 2 FS, 2 ILB, 1 OLB",CB;CB;CB;DE;DT;DT;FS;FS;ILB;ILB;OLB,11,7,4,MAN_COVERAGE,COVER_1,False,00-0036325;00-0036417;00-0036968;00-0039150;00-0036555;00-0035084;00-0037229;00-0039356;00-0035216;00-0039342;00-0039491,Robert Hunt;Damien Lewis;Brady Christensen;Bryce Young;Chuba Hubbard;Yosh Nijman;Ikem Ekwonu;Ja'Tavion Sanders;Diontae Johnson;Xavier Legette;Jalen Coker,00-0033697;00-0036287;00-0039151;00-0031500;00-0033010;00-0038099;00-0036638;00-0038100;00-0028292;00-0036300;00-0036614,Michael Davis;Noah Igbinoghene;Emmanuel Forbes;Efe Obada;Sheldon Day;Phidarian Mathis;Darrick Forrest;Percy Butler;Nick Bellore;Mykal Walker;Jamin Davis
2024_07_CAR_WAS,3663,pass,-6.0,65.0,71.0,CAR,4.0,209.0,65.0,45.0,3:29,2:44,,40.0,7.0,3.0,5.0,"3 CB, 2 DE, 1 DT, 2 FS, 2 ILB, 1 OLB",CB;CB;CB;DE;DE;DT;FS;FS;ILB;ILB;OLB,11,5,4,ZONE_COVERAGE,COVER_4,False,00-0036325;00-0036417;00-0036968;00-0039150;00-0035243;00-0035084;00-0037229;00-0039356;00-0035216;00-0039342;00-0039491,Robert Hunt;Damien Lewis;Brady Christensen;Bryce Young;Miles Sanders;Yosh Nijman;Ikem Ekwonu;Ja'Tavion Sanders;Diontae Johnson;Xavier Legette;Jalen Coker,00-0033697;00-0036287;00-0039151;00-0031500;00-0034264;00-0033010;00-0036638;00-0038100;00-0028292;00-0036300;00-0036614,Michael Davis;Noah Igbinoghene;Emmanuel Forbes;Efe Obada;Jalyn Holmes;Sheldon Day;Darrick Forrest;Percy Butler;Nick Bellore;Mykal Walker;Jamin Davis
2024_07_CAR_WAS,3688,punt,0.0,71.0,71.0,CAR,4.0,164.0,71.0,10.0,2:44,2:34,,40.0,7.0,4.0,11.0,"3 CB, 3 FS, 2 ILB, 2 RB, 1 WR",CB;CB;CB;FS;FS;FS;ILB;ILB;RB;RB;WR,11,0,0,,,False,00-0039292;00-0036235;00-0037560;00-0039457;00-0026027;00-0038791;00-0028872;00-0035669;00-0038587;00-0036825;00-0039062,Shemar Bartholomew;Shaquille Quarterman;Chandler Wooten;Jacoby Windmon;J.J. Jansen;Thomas Incoom;Johnny Hekker;Nick Scott;Jammie Robinson;Feleipe Franks;Jonathan Mingo,00-0033697;00-0039151;00-0039898;00-0034465;00-0036638;00-0038100;00-0028292;00-0036300;00-0033955;00-0039686;00-0035208,Michael Davis;Emmanuel Forbes;Mike Sainristil;Jeremy Reaves;Darrick Forrest;Percy Butler;Nick Bellore;Mykal Walker;Jeremy McNichols;Colson Yankoff;Olamide Zaccheaus
2024_07_CAR_WAS,3708,run,7.0,76.0,69.0,WAS,4.0,154.0,76.0,34.0,2:34,2:00,,40.0,7.0,1.0,10.0,"2 CB, 2 DE, 2 DT, 1 FS, 2 ILB, 1 OLB, 1 SS",CB;CB;DE;DE;DT;DT;FS;ILB;ILB;OLB;SS,11,6,0,,,False,00-0035686;00-0033831;00-0035149;00-0036618;00-0032268;00-0033955;00-0030725;00-0034571;00-0036628;00-0039912;00-0036626,Michael Deiter;Andrew Wylie;Nick Allegretti;Sam Cosmi;Marcus Mariota;Jeremy McNichols;Cornelius Lucas;Trent Scott;John Bates;Ben Sinnott;Dyami Brown,00-0035277;00-0036166;00-0033096;00-0037203;00-0034723;00-0035409;00-0033579;00-0037560;00-0039347;00-0038791;00-0035669,Mike Jackson;Dane Jackson;Shaq Lawson;LaBryan Ray;Nick Thurman;Shy Tuttle;Xavier Woods;Chandler Wooten;Trevin Wallace;Thomas Incoom;Nick Scott
2024_07_CAR_WAS,3732,run,10.0,69.0,59.0,WAS,4.0,120.0,69.0,45.0,2:00,1:15,,40.0,7.0,2.0,3.0,"2 CB, 2 DE, 2 DT, 1 FS, 2 ILB, 1 OLB, 1 SS",CB;CB;DE;DE;DT;DT;FS;ILB;ILB;OLB;SS,11,6,0,,,False,00-0035686;00-0033831;00-0035149;00-0036618;00-0032268;00-0033955;00-0039686;00-0030725;00-0036628;00-0039912;00-0039355,Michael Deiter;Andrew Wylie;Nick Allegretti;Sam Cosmi;Marcus Mariota;Jeremy McNichols;Colson Yankoff;Cornelius Lucas;John Bates;Ben Sinnott;Luke McCaffrey,00-0035277;00-0036166;00-0033096;00-0037203;00-0034723;00-0035409;00-0033579;00-0037560;00-0039347;00-0038791;00-0035669,Mike Jackson;Dane Jackson;Shaq Lawson;LaBryan Ray;Nick Thurman;Shy Tuttle;Xavier Woods;Chandler Wooten;Trevin Wallace;Thomas Incoom;Nick Scott
2024_07_CAR_WAS,3761,qb_kneel,-2.0,59.0,61.0,WAS,4.0,75.0,59.0,37.0,1:15,0:38,,40.0,7.0,1.0,10.0,"2 CB, 2 DE, 2 DT, 1 FS, 2 ILB, 1 OLB, 1 SS",CB;CB;DE;DE;DT;DT;FS;ILB;ILB;OLB;SS,11,0,0,,,False,00-0035686;00-0033831;00-0035149;00-0036618;00-0032268;00-0033955;00-0039686;00-0030725;00-0036628;00-0036626;00-0039355,Michael Deiter;Andrew Wylie;Nick Allegretti;Sam Cosmi;Marcus Mariota;Jeremy McNichols;Colson Yankoff;Cornelius Lucas;John Bates;Dyami Brown;Luke McCaffrey,00-0035277;00-0036166;00-0033096;00-0037203;00-0034723;00-0035409;00-0033579;00-0037560;00-0039347;00-0038791;00-0035669,Mike Jackson;Dane Jackson;Shaq Lawson;LaBryan Ray;Nick Thurman;Shy Tuttle;Xavier Woods;Chandler Wooten;Trevin Wallace;Thomas Incoom;Nick Scott
2024_07_CAR_WAS,3783,qb_kneel,-1.0,61.0,62.0,WAS,4.0,38.0,61.0,38.0,0:38,0:00,,40.0,7.0,2.0,12.0,"2 CB, 2 DE, 2 DT, 1 FS, 2 ILB, 1 OLB, 1 SS",CB;CB;DE;DE;DT;DT;FS;ILB;ILB;OLB;SS,11,0,0,,,False,00-0035686;00-0033831;00-0035149;00-0036618;00-0032268;00-0033955;00-0039686;00-0030725;00-0036628;00-0036626;00-0039355,Michael Deiter;Andrew Wylie;Nick Allegretti;Sam Cosmi;Marcus Mariota;Jeremy McNichols;Colson Yankoff;Cornelius Lucas;John Bates;Dyami Brown;Luke McCaffrey,00-0035277;00-0036166;00-0033096;00-0037203;00-0034723;00-0035409;00-0033579;00-0037560;00-0039347;00-0038791;00-0035669,Mike Jackson;Dane Jackson;Shaq Lawson;LaBryan Ray;Nick Thurman;Shy Tuttle;Xavier Woods;Chandler Wooten;Trevin Wallace;Thomas Incoom;Nick Scott
2024_07_CAR_WAS,3805,end_game,,,,WAS,4.0,0.0,,0.0,0:00,0:00,,40.0,7.0,,0.0,,,,,,,,,,,,
