game_id,play_id,play_type,yards_gained,starting_yard,ending_yard,posteam,qtr,game_seconds_remaining,yardline_100,time_of_play,time_on_clock_start,time_on_clock_end,timeout_team,home_team_score,away_team_score,down,yds_to_go,defense_personnel,defense_positions,n_defense,defenders_in_box,number_of_pass_rushers,defense_man_zone_type,defense_coverage_type,was_pressure,offense_player_ids,offense_player_names,defense_player_ids,defense_player_names
2024_01_WAS_TB,1,start_quarter_1,,,,,1.0,3600.0,,0.0,15:00,15:00,,0.0,0.0,,0.0,,,,,,,,,,,,
2024_01_WAS_TB,39,kickoff,0.0,35.0,35.0,TB,1.0,3600.0,35.0,0.0,15:00,15:00,,0.0,0.0,,0.0,"2 CB, 1 DB, 2 FS, 2 ILB, 1 K, 2 RB, 1 SS",CB;CB;DB;FS;FS;ILB;ILB;K;RB;RB;SS,11,0,0,,,False,00-0034488;00-0039051;00-0037491;00-0039049;00-0039902;00-0035254;00-0038958;00-0038951;00-0039361;00-0037311;00-0039050,Tavierre Thomas;Josh Hayes;J.J. Russell;SirVocea Dennis;Chris Braswell;Anthony Nelson;Markees Watts;Sean Tucker;Bucky Irving;Ko Kieft;Payne Durham,00-0033697;00-0039149;00-0039681;00-0036293;00-0038100;00-0028292;00-0036300;00-0038097;00-0033955;00-0039686;00-0034465,Michael Davis;Quan Martin;Tyler Owens;Jeremy Chinn;Percy Butler;Nick Bellore;Mykal Walker;Cade York;Jeremy McNichols;Colson Yankoff;Jeremy Reaves
2024_01_WAS_TB,56,run,4.0,70.0,66.0,TB,1.0,3600.0,70.0,37.0,15:00,14:23,,0.0,0.0,1.0,10.0,"3 CB, 1 DB, 2 DE, 2 DT, 1 FS, 2 ILB",CB;CB;CB;DB;DE;DE;DT;DT;FS;ILB;ILB,11,7,0,,,False,00-0039905;00-0036132;00-0037835;00-0039157;00-0034855;00-0037256;00-0036406;00-0038129;00-0031408;00-0033921;00-0039855,Graham Barton;Ben Bredeson;Luke Goedeke;Cody Mauch;Baker Mayfield;Rachaad White;Tristan Wirfs;Cade Otton;Mike Evans;Chris Godwin;Jalen McMillan,00-0036625;00-0039151;00-0039149;00-0039898;00-0034373;00-0035692;00-0033523;00-0034333;00-0036293;00-0029255;00-0034302,Benjamin St-Juste;Emmanuel Forbes;Quan Martin;Mike Sainristil;Dorance Armstrong;Clelin Ferrell;Jonathan Allen;Daron Payne;Jeremy Chinn;Bobby Wagner;Frankie Luvu
2024_01_WAS_TB,78,pass,5.0,66.0,61.0,TB,1.0,3563.0,66.0,34.0,14:23,13:49,,0.0,0.0,2.0,6.0,"3 CB, 1 DB, 2 DE, 2 DT, 1 FS, 2 ILB",CB;CB;CB;DB;DE;DE;DT;DT;FS;ILB;ILB,11,5,5,ZONE_COVERAGE,COVER_3,False,00-0039905;00-0036132;00-0037835;00-0039157;00-0034855;00-0037256;00-0036406;00-0038129;00-0031408;00-0033921;00-0039855,Graham Barton;Ben Bredeson;Luke Goedeke;Cody Mauch;Baker Mayfield;Rachaad White;Tristan Wirfs;Cade Otton;Mike Evans;Chris Godwin;Jalen McMillan,00-0036625;00-0039151;00-0039149;00-0039898;00-0034373;00-0035692;00-0033523;00-0034333;00-0036293;00-0029255;00-0034302,Benjamin St-Juste;Emmanuel Forbes;Quan Martin;Mike Sainristil;Dorance Armstrong;Clelin Ferrell;Jonathan Allen;Daron Payne;Jeremy Chinn;Bobby Wagner;Frankie Luvu
2024_01_WAS_TB,103,no_play,0.0,61.0,61.0,TB,1.0,3529.0,61.0,4.0,13:49,13:45,,0.0,0.0,3.0,1.0,"3 CB, 1 DB, 2 DE, 2 DT, 1 FS, 2 ILB",CB;CB;CB;DB;DE;DE;DT;DT;FS;ILB;ILB,11,7,5,MAN_COVERAGE,COVER_1,False,00-0039905;00-0036132;00-0037835;00-0039157;00-0034855;00-0037256;00-0036406;00-0038129;00-0031408;00-0033921;00-0039855,Graham Barton;Ben Bredeson;Luke Goedeke;Cody Mauch;Baker Mayfield;Rachaad White;Tristan Wirfs;Cade Otton;Mike Evans;Chris Godwin;Jalen McMillan,00-0036625;00-0039151;00-0039149;00-0039898;00-0034373;00-0035692;00-0033523;00-0034333;00-0036293;00-0029255;00-0034302,Benjamin St-Juste;Emmanuel Forbes;Quan Martin;Mike Sainristil;Dorance Armstrong;Clelin Ferrell;Jonathan Allen;Daron Payne;Jeremy Chinn;Bobby Wagner;Frankie Luvu
2024_01_WAS_TB,142,pass,11.0,56.0,45.0,TB,1.0,3525.0,56.0,34.0,13:45,13:11,,0.0,0.0,1.0,10.0,"3 CB, 1 DB, 1 DE, 2 DT, 1 FS, 2 ILB, 1 OLB",CB;CB;CB;DB;DE;DT;DT;FS;ILB;ILB;OLB,11,6,5,MAN_COVERAGE,COVER_1,False,00-0039905;00-0036132;00-0037835;00-0039157;00-0034855;00-0037256;00-0036406;00-0038129;00-0031408;00-0033921;00-0039855,Graham Barton;Ben Bredeson;Luke Goedeke;Cody Mauch;Baker Mayfield;Rachaad White;Tristan Wirfs;Cade Otton;Mike Evans;Chris Godwin;Jalen McMillan,00-0036625;00-0039151;00-0039149;00-0039898;00-0039412;00-0033010;00-0038099;00-0036293;00-0029255;00-0034302;00-0032052,Benjamin St-Juste;Emmanuel Forbes;Quan Martin;Mike Sainristil;Javontae Jean-Baptiste;Sheldon Day;Phidarian Mathis;Jeremy Chinn;Bobby Wagner;Frankie Luvu;Dante Fowler Jr.
2024_01_WAS_TB,172,run,5.0,45.0,40.0,TB,1.0,3491.0,45.0,43.0,13:11,12:28,,0.0,0.0,1.0,10.0,"3 CB, 1 DB, 1 DE, 2 DT, 1 FS, 2 ILB, 1 OLB",CB;CB;CB;DB;DE;DT;DT;FS;ILB;ILB;OLB,11,6,0,,,False,00-0039905;00-0036132;00-0037835;00-0039157;00-0034855;00-0037256;00-0036406;00-0038129;00-0031408;00-0033921;00-0039855,Graham Barton;Ben Bredeson;Luke Goedeke;Cody Mauch;Baker Mayfield;Rachaad White;Tristan Wirfs;Cade Otton;Mike Evans;Chris Godwin;Jalen McMillan,00-0036625;00-0039151;00-0039149;00-0039898;00-0039412;00-0033010;00-0038099;00-0036293;00-0029255;00-0034302;00-0032052,Benjamin St-Juste;Emmanuel Forbes;Quan Martin;Mike Sainristil;Javontae Jean-Baptiste;Sheldon Day;Phidarian Mathis;Jeremy Chinn;Bobby Wagner;Frankie Luvu;Dante Fowler Jr.
2024_01_WAS_TB,194,run,2.0,40.0,38.0,TB,1.0,3448.0,40.0,45.0,12:28,11:43,,0.0,0.0,2.0,5.0,"3 CB, 1 DB, 1 DE, 2 DT, 1 FS, 2 ILB, 1 OLB",CB;CB;CB;DB;DE;DT;DT;FS;ILB;ILB;OLB,11,7,0,,,False,00-0039905;00-0036132;00-0037835;00-0039157;00-0034855;00-0037256;00-0039361;00-0036406;00-0039050;00-0033921;00-0039052,Graham Barton;Ben Bredeson;Luke Goedeke;Cody Mauch;Baker Mayfield;Rachaad White;Bucky Irving;Tristan Wirfs;Payne Durham;Chris Godwin;Trey Palmer,00-0036625;00-0039151;00-0039149;00-0039898;00-0039412;00-0033010;00-0038099;00-0036293;00-0029255;00-0034302;00-0032052,Benjamin St-Juste;Emmanuel Forbes;Quan Martin;Mike Sainristil;Javontae Jean-Baptiste;Sheldon Day;Phidarian Mathis;Jeremy Chinn;Bobby Wagner;Frankie Luvu;Dante Fowler Jr.
2024_01_WAS_TB,216,pass,0.0,38.0,38.0,TB,1.0,3403.0,38.0,4.0,11:43,11:39,,0.0,0.0,3.0,3.0,"3 CB, 1 DB, 2 DE, 2 DT, 1 FS, 2 ILB",CB;CB;CB;DB;DE;DE;DT;DT;FS;ILB;ILB,11,6,4,MAN_COVERAGE,COVER_1,False,00-0039905;00-0036132;00-0037835;00-0039157;00-0034855;00-0039361;00-0036406;00-0038129;00-0031408;00-0039855;00-0039589,Graham Barton;Ben Bredeson;Luke Goedeke;Cody Mauch;Baker Mayfield;Bucky Irving;Tristan Wirfs;Cade Otton;Mike Evans;Jalen McMillan;Kameron Johnson,00-0036625;00-0039151;00-0039149;00-0039898;00-0034373;00-0035692;00-0033523;00-0034333;00-0036293;00-0029255;00-0034302,Benjamin St-Juste;Emmanuel Forbes;Quan Martin;Mike Sainristil;Dorance Armstrong;Clelin Ferrell;Jonathan Allen;Daron Payne;Jeremy Chinn;Bobby Wagner;Frankie Luvu
2024_01_WAS_TB,239,field_goal,0.0,38.0,38.0,TB,1.0,3399.0,38.0,5.0,11:39,11:34,,3.0,0.0,4.0,3.0,"3 CB, 3 DE, 2 DT, 1 FS, 2 ILB",CB;CB;CB;DE;DE;DE;DT;DT;FS;ILB;ILB,11,0,0,,,False,00-0036985;00-0039905;00-0036132;00-0037835;00-0039157;00-0035358;00-0038817;00-0035254;00-0038042;00-0034989;00-0036406,Robert Hainsey;Graham Barton;Ben Bredeson;Luke Goedeke;Cody Mauch;Chase McLaughlin;Evan Deckers;Anthony Nelson;Jake Camarda;Justin Skule;Tristan Wirfs,00-0033697;00-0036625;00-0039149;00-0034373;00-0035692;00-0039412;00-0033523;00-0038099;00-0036293;00-0029255;00-0034302,Michael Davis;Benjamin St-Juste;Quan Martin;Dorance Armstrong;Clelin Ferrell;Javontae Jean-Baptiste;Jonathan Allen;Phidarian Mathis;Jeremy Chinn;Bobby Wagner;Frankie Luvu
2024_01_WAS_TB,259,kickoff,0.0,35.0,35.0,WAS,1.0,3394.0,35.0,0.0,11:34,11:34,,3.0,0.0,,0.0,"3 CB, 2 ILB, 1 LB, 3 OLB, 1 P, 1 TE",CB;CB;CB;ILB;ILB;LB;OLB;OLB;OLB;P;TE,11,0,0,,,False,00-0039681;00-0038100;00-0028292;00-0036300;00-0033955;00-0033699;00-0039686;00-0034465;00-0036628;00-0039912;00-0036626,Tyler Owens;Percy Butler;Nick Bellore;Mykal Walker;Jeremy McNichols;Austin Ekeler;Colson Yankoff;Jeremy Reaves;John Bates;Ben Sinnott;Dyami Brown,00-0034488;00-0037268;00-0039051;00-0037491;00-0039049;00-0039902;00-0035254;00-0036967;00-0038958;00-0038042;00-0037311,Tavierre Thomas;Zyon McCollum;Josh Hayes;J.J. Russell;SirVocea Dennis;Chris Braswell;Anthony Nelson;Joe Tryon-Shoyinka;Markees Watts;Jake Camarda;Ko Kieft
2024_01_WAS_TB,283,run,0.0,70.0,70.0,WAS,1.0,3394.0,70.0,37.0,11:34,10:57,,3.0,0.0,1.0,10.0,"2 CB, 1 DE, 1 FS, 2 ILB, 2 NT, 2 OLB, 1 SS",CB;CB;DE;FS;ILB;ILB;NT;NT;OLB;OLB;SS,11,8,0,,,False,00-0036376;00-0035149;00-0036618;00-0039910;00-0037746;00-0030725;00-0033831;00-0030061;00-0036628;00-0035659;00-0035208,Tyler Biadasz;Nick Allegretti;Sam Cosmi;Jayden Daniels;Brian Robinson;Cornelius Lucas;Andrew Wylie;Zach Ertz;John Bates;Terry McLaurin;Olamide Zaccheaus,00-0035699;00-0037268;00-0030386;00-0036411;00-0029562;00-0036643;00-0034773;00-0035667;00-0036967;00-0039068;00-0034374,Jamel Dean;Zyon McCollum;William Gholston;Antoine Winfield Jr.;Lavonte David;K.J. Britt;Vita Vea;Greg Gaines;Joe Tryon-Shoyinka;Yaya Diaby;Jordan Whitehead
2024_01_WAS_TB,315,pass,4.0,85.0,81.0,WAS,1.0,3357.0,85.0,40.0,10:57,10:17,,3.0,0.0,2.0,25.0,"2 CB, 1 DB, 1 FS, 2 ILB, 2 NT, 2 OLB, 1 SS",CB;CB;DB;FS;ILB;ILB;NT;NT;OLB;OLB;SS,11,6,4,MAN_COVERAGE,2_MAN,False,00-0036376;00-0035149;00-0036618;00-0039910;00-0037746;00-0030725;00-0033831;00-0030061;00-0035659;00-0035208;00-0039355,Tyler Biadasz;Nick Allegretti;Sam Cosmi;Jayden Daniels;Brian Robinson;Cornelius Lucas;Andrew Wylie;Zach Ertz;Terry McLaurin;Olamide Zaccheaus;Luke McCaffrey,00-0035699;00-0037268;00-0039846;00-0036411;00-0029562;00-0036643;00-0034773;00-0035667;00-0036967;00-0039068;00-0034374,Jamel Dean;Zyon McCollum;Tykee Smith;Antoine Winfield Jr.;Lavonte David;K.J. Britt;Vita Vea;Greg Gaines;Joe Tryon-Shoyinka;Yaya Diaby;Jordan Whitehead
2024_01_WAS_TB,340,run,4.0,81.0,77.0,WAS,1.0,3317.0,81.0,36.0,10:17,9:41,,3.0,0.0,3.0,21.0,"2 CB, 1 DB, 1 FS, 2 ILB, 2 NT, 2 OLB, 1 SS",CB;CB;DB;FS;ILB;ILB;NT;NT;OLB;OLB;SS,11,5,4,ZONE_COVERAGE,COVER_3,True,00-0036376;00-0035149;00-0036618;00-0039910;00-0033699;00-0030725;00-0033831;00-0030061;00-0035659;00-0035208;00-0039355,Tyler Biadasz;Nick Allegretti;Sam Cosmi;Jayden Daniels;Austin Ekeler;Cornelius Lucas;Andrew Wylie;Zach Ertz;Terry McLaurin;Olamide Zaccheaus;Luke McCaffrey,00-0035699;00-0037268;00-0039846;00-0036411;00-0029562;00-0039049;00-0034773;00-0035667;00-0036967;00-0039068;00-0034374,Jamel Dean;Zyon McCollum;Tykee Smith;Antoine Winfield Jr.;Lavonte David;SirVocea Dennis;Vita Vea;Greg Gaines;Joe Tryon-Shoyinka;Yaya Diaby;Jordan Whitehead
2024_01_WAS_TB,367,punt,0.0,77.0,77.0,WAS,1.0,3281.0,77.0,11.0,9:41,9:30,,3.0,0.0,4.0,17.0,"3 CB, 2 ILB, 2 OLB, 1 RB, 1 SS, 1 TE, 1 WR",CB;CB;CB;ILB;ILB;OLB;OLB;RB;SS;TE;WR,11,0,0,,,False,00-0039681;00-0038100;00-0028292;00-0036300;00-0031156;00-0036614;00-0030140;00-0033955;00-0039686;00-0034465;00-0036628,Tyler Owens;Percy Butler;Nick Bellore;Mykal Walker;Tyler Ott;Jamin Davis;Tress Way;Jeremy McNichols;Colson Yankoff;Jeremy Reaves;John Bates,00-0034488;00-0036241;00-0039051;00-0037491;00-0039049;00-0035254;00-0038958;00-0038951;00-0038820;00-0037311;00-0039052,Tavierre Thomas;Bryce Hall;Josh Hayes;J.J. Russell;SirVocea Dennis;Anthony Nelson;Markees Watts;Sean Tucker;Christian Izien;Ko Kieft;Trey Palmer
2024_01_WAS_TB,403,pass,13.0,62.0,49.0,TB,1.0,3270.0,62.0,31.0,9:30,8:59,,3.0,0.0,1.0,10.0,"3 CB, 1 DB, 2 DE, 2 DT, 1 FS, 2 ILB",CB;CB;CB;DB;DE;DE;DT;DT;FS;ILB;ILB,11,7,4,ZONE_COVERAGE,COVER_2,False,00-0039905;00-0036132;00-0037835;00-0039157;00-0034855;00-0037256;00-0036406;00-0038129;00-0039050;00-0031408;00-0039855,Graham Barton;Ben Bredeson;Luke Goedeke;Cody Mauch;Baker Mayfield;Rachaad White;Tristan Wirfs;Cade Otton;Payne Durham;Mike Evans;Jalen McMillan,00-0036625;00-0039151;00-0039149;00-0039898;00-0034373;00-0035692;00-0033523;00-0034333;00-0036293;00-0029255;00-0034302,Benjamin St-Juste;Emmanuel Forbes;Quan Martin;Mike Sainristil;Dorance Armstrong;Clelin Ferrell;Jonathan Allen;Daron Payne;Jeremy Chinn;Bobby Wagner;Frankie Luvu
2024_01_WAS_TB,440,run,-1.0,49.0,50.0,TB,1.0,3239.0,49.0,43.0,8:59,8:16,,3.0,0.0,1.0,10.0,"3 CB, 1 DB, 2 DE, 2 DT, 1 FS, 2 ILB",CB;CB;CB;DB;DE;DE;DT;DT;FS;ILB;ILB,11,6,0,,,False,00-0039905;00-0036132;00-0037835;00-0039157;00-0034855;00-0037256;00-0036406;00-0038129;00-0031408;00-0033921;00-0039855,Graham Barton;Ben Bredeson;Luke Goedeke;Cody Mauch;Baker Mayfield;Rachaad White;Tristan Wirfs;Cade Otton;Mike Evans;Chris Godwin;Jalen McMillan,00-0036625;00-0039151;00-0039149;00-0039898;00-0034373;00-0035692;00-0033523;00-0034333;00-0036293;00-0029255;00-0034302,Benjamin St-Juste;Emmanuel Forbes;Quan Martin;Mike Sainristil;Dorance Armstrong;Clelin Ferrell;Jonathan Allen;Daron Payne;Jeremy Chinn;Bobby Wagner;Frankie Luvu
2024_01_WAS_TB,462,pass,0.0,50.0,50.0,TB,1.0,3196.0,50.0,4.0,8:16,8:12,,3.0,0.0,2.0,11.0,"3 CB, 1 DB, 2 DE, 2 DT, 1 FS, 2 ILB",CB;CB;CB;DB;DE;DE;DT;DT;FS;ILB;ILB,11,6,5,ZONE_COVERAGE,COVER_3,True,00-0039905;00-0036132;00-0037835;00-0039157;00-0034855;00-0037256;00-0036406;00-0038129;00-0033921;00-0039052;00-0039855,Graham Barton;Ben Bredeson;Luke Goedeke;Cody Mauch;Baker Mayfield;Rachaad White;Tristan Wirfs;Cade Otton;Chris Godwin;Trey Palmer;Jalen McMillan,00-0036625;00-0039151;00-0039149;00-0039898;00-0034373;00-0035692;00-0033523;00-0034333;00-0036293;00-0029255;00-0034302,Benjamin St-Juste;Emmanuel Forbes;Quan Martin;Mike Sainristil;Dorance Armstrong;Clelin Ferrell;Jonathan Allen;Daron Payne;Jeremy Chinn;Bobby Wagner;Frankie Luvu
2024_01_WAS_TB,485,no_play,0.0,50.0,50.0,TB,1.0,3192.0,50.0,0.0,8:12,8:12,,3.0,0.0,3.0,11.0,"3 CB, 1 DB, 1 DE, 2 DT, 2 FS, 2 ILB, 1 OLB",CB;CB;CB;DB;DE;DT;DT;FS;FS;ILB;ILB;OLB,12,0,0,,,False,00-0039905;00-0036132;00-0037835;00-0039157;00-0034855;00-0037256;00-0036406;00-0038129;00-0031408;00-0033921;00-0039855,Graham Barton;Ben Bredeson;Luke Goedeke;Cody Mauch;Baker Mayfield;Rachaad White;Tristan Wirfs;Cade Otton;Mike Evans;Chris Godwin;Jalen McMillan,00-0036625;00-0039151;00-0039149;00-0039898;00-0034373;00-0033523;00-0034333;00-0036293;00-0038100;00-0029255;00-0034302;00-0032052,Benjamin St-Juste;Emmanuel Forbes;Quan Martin;Mike Sainristil;Dorance Armstrong;Jonathan Allen;Daron Payne;Jeremy Chinn;Percy Butler;Bobby Wagner;Frankie Luvu;Dante Fowler Jr.
2024_01_WAS_TB,509,pass,24.0,45.0,21.0,TB,1.0,3192.0,45.0,37.0,8:12,7:35,,3.0,0.0,3.0,6.0,"3 CB, 1 DB, 2 DT, 2 FS, 2 ILB, 1 OLB",CB;CB;CB;DB;DT;DT;FS;FS;ILB;ILB;OLB,11,6,5,MAN_COVERAGE,COVER_1,True,00-0039905;00-0036132;00-0037835;00-0039157;00-0034855;00-0037256;00-0036406;00-0038129;00-0031408;00-0033921;00-0039855,Graham Barton;Ben Bredeson;Luke Goedeke;Cody Mauch;Baker Mayfield;Rachaad White;Tristan Wirfs;Cade Otton;Mike Evans;Chris Godwin;Jalen McMillan,00-0036625;00-0039151;00-0039149;00-0039898;00-0033523;00-0034333;00-0036293;00-0038100;00-0029255;00-0034302;00-0032052,Benjamin St-Juste;Emmanuel Forbes;Quan Martin;Mike Sainristil;Jonathan Allen;Daron Payne;Jeremy Chinn;Percy Butler;Bobby Wagner;Frankie Luvu;Dante Fowler Jr.
2024_01_WAS_TB,539,run,0.0,21.0,21.0,TB,1.0,3155.0,21.0,36.0,7:35,6:59,,3.0,0.0,1.0,10.0,"3 CB, 1 DB, 2 DT, 1 FS, 2 ILB, 2 OLB",CB;CB;CB;DB;DT;DT;FS;ILB;ILB;OLB;OLB,11,7,0,,,False,00-0039905;00-0036132;00-0037835;00-0039157;00-0034855;00-0037256;00-0036406;00-0039050;00-0039052;00-0039855;00-0039589,Graham Barton;Ben Bredeson;Luke Goedeke;Cody Mauch;Baker Mayfield;Rachaad White;Tristan Wirfs;Payne Durham;Trey Palmer;Jalen McMillan;Kameron Johnson,00-0036625;00-0039151;00-0039149;00-0039898;00-0033010;00-0038099;00-0036293;00-0029255;00-0034302;00-0032052;00-0036614,Benjamin St-Juste;Emmanuel Forbes;Quan Martin;Mike Sainristil;Sheldon Day;Phidarian Mathis;Jeremy Chinn;Bobby Wagner;Frankie Luvu;Dante Fowler Jr.;Jamin Davis
2024_01_WAS_TB,561,pass,5.0,21.0,16.0,TB,1.0,3119.0,21.0,20.0,6:59,6:39,,3.0,0.0,2.0,10.0,"3 CB, 1 DB, 2 DT, 1 FS, 2 ILB, 2 OLB",CB;CB;CB;DB;DT;DT;FS;ILB;ILB;OLB;OLB,11,6,6,ZONE_COVERAGE,COVER_3,False,00-0039905;00-0036132;00-0037835;00-0039157;00-0034855;00-0037256;00-0036406;00-0038129;00-0033921;00-0039052;00-0039855,Graham Barton;Ben Bredeson;Luke Goedeke;Cody Mauch;Baker Mayfield;Rachaad White;Tristan Wirfs;Cade Otton;Chris Godwin;Trey Palmer;Jalen McMillan,00-0036625;00-0039151;00-0039149;00-0039898;00-0033010;00-0038099;00-0036293;00-0029255;00-0034302;00-0032052;00-0036614,Benjamin St-Juste;Emmanuel Forbes;Quan Martin;Mike Sainristil;Sheldon Day;Phidarian Mathis;Jeremy Chinn;Bobby Wagner;Frankie Luvu;Dante Fowler Jr.;Jamin Davis
2024_01_WAS_TB,597,run,2.0,26.0,24.0,TB,1.0,3099.0,26.0,41.0,6:39,5:58,,3.0,0.0,2.0,15.0,"3 CB, 1 DB, 2 DE, 2 DT, 1 FS, 2 ILB",CB;CB;CB;DB;DE;DE;DT;DT;FS;ILB;ILB,11,6,4,ZONE_COVERAGE,COVER_2,True,00-0039905;00-0036132;00-0037835;00-0039157;00-0034855;00-0037256;00-0036406;00-0038129;00-0031408;00-0039855;00-0039589,Graham Barton;Ben Bredeson;Luke Goedeke;Cody Mauch;Baker Mayfield;Rachaad White;Tristan Wirfs;Cade Otton;Mike Evans;Jalen McMillan;Kameron Johnson,00-0036625;00-0039151;00-0039149;00-0039898;00-0034373;00-0035692;00-0033523;00-0034333;00-0036293;00-0029255;00-0034302,Benjamin St-Juste;Emmanuel Forbes;Quan Martin;Mike Sainristil;Dorance Armstrong;Clelin Ferrell;Jonathan Allen;Daron Payne;Jeremy Chinn;Bobby Wagner;Frankie Luvu
2024_01_WAS_TB,619,run,8.0,24.0,16.0,TB,1.0,3058.0,24.0,47.0,5:58,5:11,,3.0,0.0,3.0,13.0,"3 CB, 1 DB, 2 DE, 2 DT, 1 FS, 2 ILB",CB;CB;CB;DB;DE;DE;DT;DT;FS;ILB;ILB,11,5,4,ZONE_COVERAGE,COVER_3,True,00-0039905;00-0036132;00-0037835;00-0039157;00-0034855;00-0037256;00-0036406;00-0038129;00-0031408;00-0033921;00-0039855,Graham Barton;Ben Bredeson;Luke Goedeke;Cody Mauch;Baker Mayfield;Rachaad White;Tristan Wirfs;Cade Otton;Mike Evans;Chris Godwin;Jalen McMillan,00-0036625;00-0039151;00-0039149;00-0039898;00-0034373;00-0035692;00-0033523;00-0034333;00-0036293;00-0029255;00-0034302,Benjamin St-Juste;Emmanuel Forbes;Quan Martin;Mike Sainristil;Dorance Armstrong;Clelin Ferrell;Jonathan Allen;Daron Payne;Jeremy Chinn;Bobby Wagner;Frankie Luvu
2024_01_WAS_TB,641,field_goal,0.0,16.0,16.0,TB,1.0,3011.0,16.0,3.0,5:11,5:08,,6.0,0.0,4.0,5.0,"3 CB, 3 DE, 2 DT, 1 FS, 2 ILB",CB;CB;CB;DE;DE;DE;DT;DT;FS;ILB;ILB,11,0,0,,,False,00-0036985;00-0039905;00-0036132;00-0037835;00-0039157;00-0035358;00-0038817;00-0035254;00-0038042;00-0034989;00-0036406,Robert Hainsey;Graham Barton;Ben Bredeson;Luke Goedeke;Cody Mauch;Chase McLaughlin;Evan Deckers;Anthony Nelson;Jake Camarda;Justin Skule;Tristan Wirfs,00-0033697;00-0036625;00-0039149;00-0034373;00-0035692;00-0039412;00-0033523;00-0038099;00-0036293;00-0029255;00-0034302,Michael Davis;Benjamin St-Juste;Quan Martin;Dorance Armstrong;Clelin Ferrell;Javontae Jean-Baptiste;Jonathan Allen;Phidarian Mathis;Jeremy Chinn;Bobby Wagner;Frankie Luvu
2024_01_WAS_TB,661,kickoff,0.0,35.0,35.0,WAS,1.0,3008.0,35.0,0.0,5:08,5:08,,6.0,0.0,,0.0,"3 CB, 2 ILB, 1 LB, 3 OLB, 1 P, 1 TE",CB;CB;CB;ILB;ILB;LB;OLB;OLB;OLB;P;TE,11,0,0,,,False,00-0039681;00-0038100;00-0028292;00-0036300;00-0033955;00-0033699;00-0039686;00-0034465;00-0036628;00-0039912;00-0036626,Tyler Owens;Percy Butler;Nick Bellore;Mykal Walker;Jeremy McNichols;Austin Ekeler;Colson Yankoff;Jeremy Reaves;John Bates;Ben Sinnott;Dyami Brown,00-0034488;00-0037268;00-0039051;00-0037491;00-0039049;00-0039902;00-0035254;00-0036967;00-0038958;00-0038042;00-0037311,Tavierre Thomas;Zyon McCollum;Josh Hayes;J.J. Russell;SirVocea Dennis;Chris Braswell;Anthony Nelson;Joe Tryon-Shoyinka;Markees Watts;Jake Camarda;Ko Kieft
2024_01_WAS_TB,685,run,2.0,70.0,68.0,WAS,1.0,3008.0,70.0,27.0,5:08,4:41,,6.0,0.0,1.0,10.0,"2 CB, 1 DE, 1 FS, 2 ILB, 2 NT, 2 OLB, 1 SS",CB;CB;DE;FS;ILB;ILB;NT;NT;OLB;OLB;SS,11,7,0,,,False,00-0036376;00-0035149;00-0036618;00-0039910;00-0037746;00-0030725;00-0033831;00-0030061;00-0036628;00-0035659;00-0036626,Tyler Biadasz;Nick Allegretti;Sam Cosmi;Jayden Daniels;Brian Robinson;Cornelius Lucas;Andrew Wylie;Zach Ertz;John Bates;Terry McLaurin;Dyami Brown,00-0035699;00-0037268;00-0030386;00-0036411;00-0029562;00-0036643;00-0034773;00-0035667;00-0036967;00-0039068;00-0034374,Jamel Dean;Zyon McCollum;William Gholston;Antoine Winfield Jr.;Lavonte David;K.J. Britt;Vita Vea;Greg Gaines;Joe Tryon-Shoyinka;Yaya Diaby;Jordan Whitehead
2024_01_WAS_TB,707,run,9.0,68.0,59.0,WAS,1.0,2981.0,68.0,45.0,4:41,3:56,,6.0,0.0,2.0,8.0,"2 CB, 1 DE, 1 FS, 2 ILB, 2 NT, 2 OLB, 1 SS",CB;CB;DE;FS;ILB;ILB;NT;NT;OLB;OLB;SS,11,7,5,ZONE_COVERAGE,COVER_2,True,00-0036376;00-0035149;00-0036618;00-0039910;00-0037746;00-0030725;00-0033831;00-0030061;00-0036628;00-0035659;00-0036626,Tyler Biadasz;Nick Allegretti;Sam Cosmi;Jayden Daniels;Brian Robinson;Cornelius Lucas;Andrew Wylie;Zach Ertz;John Bates;Terry McLaurin;Dyami Brown,00-0035699;00-0037268;00-0030386;00-0036411;00-0029562;00-0036643;00-0034773;00-0035667;00-0036967;00-0039068;00-0034374,Jamel Dean;Zyon McCollum;William Gholston;Antoine Winfield Jr.;Lavonte David;K.J. Britt;Vita Vea;Greg Gaines;Joe Tryon-Shoyinka;Yaya Diaby;Jordan Whitehead
2024_01_WAS_TB,729,run,-1.0,59.0,60.0,WAS,1.0,2936.0,59.0,36.0,3:56,3:20,,6.0,0.0,1.0,10.0,"2 CB, 1 DE, 1 FS, 2 ILB, 2 NT, 2 OLB, 1 SS",CB;CB;DE;FS;ILB;ILB;NT;NT;OLB;OLB;SS,11,7,0,,,False,00-0036376;00-0035149;00-0036618;00-0039910;00-0037746;00-0030725;00-0033831;00-0030061;00-0036628;00-0039912;00-0035659,Tyler Biadasz;Nick Allegretti;Sam Cosmi;Jayden Daniels;Brian Robinson;Cornelius Lucas;Andrew Wylie;Zach Ertz;John Bates;Ben Sinnott;Terry McLaurin,00-0035699;00-0037268;00-0030386;00-0036411;00-0029562;00-0036643;00-0034773;00-0035667;00-0036967;00-0039068;00-0034374,Jamel Dean;Zyon McCollum;William Gholston;Antoine Winfield Jr.;Lavonte David;K.J. Britt;Vita Vea;Greg Gaines;Joe Tryon-Shoyinka;Yaya Diaby;Jordan Whitehead
2024_01_WAS_TB,751,pass,7.0,60.0,53.0,WAS,1.0,2900.0,60.0,40.0,3:20,2:40,,6.0,0.0,2.0,11.0,"2 CB, 1 DB, 1 FS, 2 ILB, 2 NT, 2 OLB, 1 SS",CB;CB;DB;FS;ILB;ILB;NT;NT;OLB;OLB;SS,11,6,4,MAN_COVERAGE,2_MAN,False,00-0036376;00-0035149;00-0036618;00-0039910;00-0033699;00-0030725;00-0033831;00-0030061;00-0035659;00-0036626;00-0039355,Tyler Biadasz;Nick Allegretti;Sam Cosmi;Jayden Daniels;Austin Ekeler;Cornelius Lucas;Andrew Wylie;Zach Ertz;Terry McLaurin;Dyami Brown;Luke McCaffrey,00-0035699;00-0037268;00-0039846;00-0036411;00-0029562;00-0036643;00-0034773;00-0035667;00-0036967;00-0039068;00-0034374,Jamel Dean;Zyon McCollum;Tykee Smith;Antoine Winfield Jr.;Lavonte David;K.J. Britt;Vita Vea;Greg Gaines;Joe Tryon-Shoyinka;Yaya Diaby;Jordan Whitehead
2024_01_WAS_TB,776,run,17.0,53.0,36.0,WAS,1.0,2860.0,53.0,37.0,2:40,2:03,,6.0,0.0,3.0,4.0,"2 CB, 1 DB, 1 FS, 2 ILB, 2 NT, 2 OLB, 1 SS",CB;CB;DB;FS;ILB;ILB;NT;NT;OLB;OLB;SS,11,7,5,MAN_COVERAGE,COVER_0,False,00-0036376;00-0035149;00-0036618;00-0039910;00-0033699;00-0030725;00-0033831;00-0030061;00-0035659;00-0036626;00-0039355,Tyler Biadasz;Nick Allegretti;Sam Cosmi;Jayden Daniels;Austin Ekeler;Cornelius Lucas;Andrew Wylie;Zach Ertz;Terry McLaurin;Dyami Brown;Luke McCaffrey,00-0035699;00-0037268;00-0039846;00-0036411;00-0029562;00-0039049;00-0034773;00-0035667;00-0036967;00-0039068;00-0034374,Jamel Dean;Zyon McCollum;Tykee Smith;Antoine Winfield Jr.;Lavonte David;SirVocea Dennis;Vita Vea;Greg Gaines;Joe Tryon-Shoyinka;Yaya Diaby;Jordan Whitehead
2024_01_WAS_TB,803,pass,0.0,36.0,36.0,WAS,1.0,2823.0,36.0,42.0,2:03,1:21,,6.0,0.0,1.0,10.0,"2 CB, 1 DB, 1 DT, 1 FS, 2 ILB, 1 LB, 1 NT, 1 OLB, 1 SS",CB;CB;DB;DT;FS;ILB;ILB;LB;NT;OLB;SS,11,5,4,MAN_COVERAGE,2_MAN,False,00-0036376;00-0035149;00-0036618;00-0039910;00-0033699;00-0030725;00-0033831;00-0030061;00-0035659;00-0036626;00-0039355,Tyler Biadasz;Nick Allegretti;Sam Cosmi;Jayden Daniels;Austin Ekeler;Cornelius Lucas;Andrew Wylie;Zach Ertz;Terry McLaurin;Dyami Brown;Luke McCaffrey,00-0035699;00-0037268;00-0039846;00-0037662;00-0036411;00-0029562;00-0036643;00-0039902;00-0035667;00-0035254;00-0034374,Jamel Dean;Zyon McCollum;Tykee Smith;C.J. Brewer;Antoine Winfield Jr.;Lavonte David;K.J. Britt;Chris Braswell;Greg Gaines;Anthony Nelson;Jordan Whitehead
2024_01_WAS_TB,828,run,4.0,36.0,32.0,WAS,1.0,2781.0,36.0,36.0,1:21,0:45,,6.0,0.0,2.0,10.0,"2 CB, 1 DB, 1 DT, 1 FS, 2 ILB, 1 LB, 1 NT, 1 OLB, 1 SS",CB;CB;DB;DT;FS;ILB;ILB;LB;NT;OLB;SS,11,6,0,,,False,00-0036376;00-0035149;00-0036618;00-0039910;00-0037746;00-0030725;00-0033831;00-0030061;00-0036628;00-0035208;00-0036626,Tyler Biadasz;Nick Allegretti;Sam Cosmi;Jayden Daniels;Brian Robinson;Cornelius Lucas;Andrew Wylie;Zach Ertz;John Bates;Olamide Zaccheaus;Dyami Brown,00-0035699;00-0037268;00-0039846;00-0037662;00-0036411;00-0029562;00-0036643;00-0039902;00-0035667;00-0035254;00-0034374,Jamel Dean;Zyon McCollum;Tykee Smith;C.J. Brewer;Antoine Winfield Jr.;Lavonte David;K.J. Britt;Chris Braswell;Greg Gaines;Anthony Nelson;Jordan Whitehead
2024_01_WAS_TB,850,pass,13.0,32.0,19.0,WAS,1.0,2745.0,32.0,21.0,0:45,0:24,,6.0,0.0,3.0,6.0,"2 CB, 1 DB, 1 DT, 1 FS, 2 ILB, 1 LB, 1 NT, 1 OLB, 1 SS",CB;CB;DB;DT;FS;ILB;ILB;LB;NT;OLB;SS,11,5,7,MAN_COVERAGE,COVER_0,True,00-0036376;00-0035149;00-0036618;00-0039910;00-0037746;00-0030725;00-0033831;00-0030061;00-0035208;00-0036626;00-0039355,Tyler Biadasz;Nick Allegretti;Sam Cosmi;Jayden Daniels;Brian Robinson;Cornelius Lucas;Andrew Wylie;Zach Ertz;Olamide Zaccheaus;Dyami Brown;Luke McCaffrey,00-0035699;00-0037268;00-0039846;00-0037627;00-0036411;00-0029562;00-0039049;00-0039902;00-0034773;00-0035254;00-0034374,Jamel Dean;Zyon McCollum;Tykee Smith;Mike Greene;Antoine Winfield Jr.;Lavonte David;SirVocea Dennis;Chris Braswell;Vita Vea;Anthony Nelson;Jordan Whitehead
2024_01_WAS_TB,886,pass,0.0,29.0,29.0,WAS,1.0,2724.0,29.0,3.0,0:24,0:21,,6.0,0.0,3.0,3.0,"2 CB, 1 DB, 1 DT, 1 FS, 2 ILB, 1 NT, 2 OLB, 1 SS",CB;CB;DB;DT;FS;ILB;ILB;NT;OLB;OLB;SS,11,6,5,ZONE_COVERAGE,COVER_3,True,00-0036376;00-0035149;00-0036618;00-0039910;00-0033699;00-0030725;00-0033831;00-0030061;00-0035659;00-0035208;00-0039355,Tyler Biadasz;Nick Allegretti;Sam Cosmi;Jayden Daniels;Austin Ekeler;Cornelius Lucas;Andrew Wylie;Zach Ertz;Terry McLaurin;Olamide Zaccheaus;Luke McCaffrey,00-0035699;00-0036241;00-0039846;00-0037627;00-0036411;00-0029562;00-0039049;00-0034773;00-0036967;00-0039068;00-0034374,Jamel Dean;Bryce Hall;Tykee Smith;Mike Greene;Antoine Winfield Jr.;Lavonte David;SirVocea Dennis;Vita Vea;Joe Tryon-Shoyinka;Yaya Diaby;Jordan Whitehead
2024_01_WAS_TB,909,field_goal,0.0,29.0,29.0,WAS,1.0,2721.0,29.0,5.0,0:21,0:16,,6.0,0.0,4.0,3.0,"3 CB, 1 DE, 1 DT, 2 ILB, 1 NT, 2 OLB, 1 SS",CB;CB;CB;DE;DT;ILB;ILB;NT;OLB;OLB;SS,11,0,0,,,False,00-0035686;00-0035149;00-0036618;00-0038097;00-0031156;00-0030140;00-0030725;00-0033831;00-0034571;00-0039913;00-0036628,Michael Deiter;Nick Allegretti;Sam Cosmi;Cade York;Tyler Ott;Tress Way;Cornelius Lucas;Andrew Wylie;Trent Scott;Brandon Coleman;John Bates,00-0034488;00-0036241;00-0039051;00-0030386;00-0037662;00-0036643;00-0037491;00-0034773;00-0035254;00-0039068;00-0038820,Tavierre Thomas;Bryce Hall;Josh Hayes;William Gholston;C.J. Brewer;K.J. Britt;J.J. Russell;Vita Vea;Anthony Nelson;Yaya Diaby;Christian Izien
2024_01_WAS_TB,930,run,8.0,63.0,55.0,TB,1.0,2716.0,63.0,16.0,0:16,0:00,,6.0,0.0,1.0,10.0,"3 CB, 1 DB, 2 DE, 2 DT, 1 FS, 2 ILB",CB;CB;CB;DB;DE;DE;DT;DT;FS;ILB;ILB,11,6,0,,,False,00-0039905;00-0036132;00-0037835;00-0039157;00-0034855;00-0039361;00-0036406;00-0038129;00-0031408;00-0033921;00-0039855,Graham Barton;Ben Bredeson;Luke Goedeke;Cody Mauch;Baker Mayfield;Bucky Irving;Tristan Wirfs;Cade Otton;Mike Evans;Chris Godwin;Jalen McMillan,00-0036625;00-0039151;00-0039149;00-0039898;00-0034373;00-0035692;00-0033523;00-0034333;00-0036293;00-0029255;00-0034302,Benjamin St-Juste;Emmanuel Forbes;Quan Martin;Mike Sainristil;Dorance Armstrong;Clelin Ferrell;Jonathan Allen;Daron Payne;Jeremy Chinn;Bobby Wagner;Frankie Luvu
2024_01_WAS_TB,952,start_quarter_2,,,,TB,1.0,2700.0,,0.0,0:00,0:00,,6.0,0.0,,0.0,,,,,,,,,,,,
2024_01_WAS_TB,972,no_play,0.0,55.0,55.0,TB,2.0,2700.0,55.0,0.0,15:00,15:00,,6.0,0.0,2.0,2.0,"3 CB, 1 DB, 2 DE, 2 DT, 1 FS, 2 ILB",CB;CB;CB;DB;DE;DE;DT;DT;FS;ILB;ILB,11,0,0,,,False,00-0039905;00-0036132;00-0037835;00-0039157;00-0034855;00-0039361;00-0036406;00-0038129;00-0031408;00-0033921;00-0039052,Graham Barton;Ben Bredeson;Luke Goedeke;Cody Mauch;Baker Mayfield;Bucky Irving;Tristan Wirfs;Cade Otton;Mike Evans;Chris Godwin;Trey Palmer,00-0036625;00-0039151;00-0039149;00-0039898;00-0034373;00-0035692;00-0033523;00-0034333;00-0036293;00-0029255;00-0034302,Benjamin St-Juste;Emmanuel Forbes;Quan Martin;Mike Sainristil;Dorance Armstrong;Clelin Ferrell;Jonathan Allen;Daron Payne;Jeremy Chinn;Bobby Wagner;Frankie Luvu
2024_01_WAS_TB,996,no_play,0.0,60.0,60.0,TB,2.0,2700.0,60.0,0.0,15:00,15:00,,6.0,0.0,2.0,7.0,"3 CB, 1 DB, 2 DE, 2 DT, 1 FS, 2 ILB",CB;CB;CB;DB;DE;DE;DT;DT;FS;ILB;ILB,11,0,0,,,False,00-0039905;00-0036132;00-0037835;00-0039157;00-0034855;00-0039361;00-0036406;00-0038129;00-0031408;00-0033921;00-0039052,Graham Barton;Ben Bredeson;Luke Goedeke;Cody Mauch;Baker Mayfield;Bucky Irving;Tristan Wirfs;Cade Otton;Mike Evans;Chris Godwin;Trey Palmer,00-0036625;00-0039151;00-0039149;00-0039898;00-0034373;00-0035692;00-0033523;00-0034333;00-0036293;00-0029255;00-0034302,Benjamin St-Juste;Emmanuel Forbes;Quan Martin;Mike Sainristil;Dorance Armstrong;Clelin Ferrell;Jonathan Allen;Daron Payne;Jeremy Chinn;Bobby Wagner;Frankie Luvu
2024_01_WAS_TB,1020,pass,5.0,65.0,60.0,TB,2.0,2700.0,65.0,38.0,15:00,14:22,,6.0,0.0,2.0,12.0,"3 CB, 1 DB, 2 DE, 2 DT, 1 FS, 2 ILB",CB;CB;CB;DB;DE;DE;DT;DT;FS;ILB;ILB,11,6,4,ZONE_COVERAGE,COVER_2,False,00-0039905;00-0036132;00-0037835;00-0039157;00-0034855;00-0039361;00-0036406;00-0038129;00-0031408;00-0033921;00-0039052,Graham Barton;Ben Bredeson;Luke Goedeke;Cody Mauch;Baker Mayfield;Bucky Irving;Tristan Wirfs;Cade Otton;Mike Evans;Chris Godwin;Trey Palmer,00-0036625;00-0039151;00-0039149;00-0039898;00-0034373;00-0035692;00-0033523;00-0034333;00-0036293;00-0029255;00-0034302,Benjamin St-Juste;Emmanuel Forbes;Quan Martin;Mike Sainristil;Dorance Armstrong;Clelin Ferrell;Jonathan Allen;Daron Payne;Jeremy Chinn;Bobby Wagner;Frankie Luvu
2024_01_WAS_TB,1045,pass,11.0,60.0,49.0,TB,2.0,2662.0,60.0,41.0,14:22,13:41,,6.0,0.0,3.0,7.0,"3 CB, 1 DB, 1 DE, 2 DT, 1 FS, 2 ILB, 1 OLB",CB;CB;CB;DB;DE;DT;DT;FS;ILB;ILB;OLB,11,7,6,ZONE_COVERAGE,COVER_2,True,00-0039905;00-0036132;00-0037835;00-0039157;00-0034855;00-0039361;00-0036406;00-0038129;00-0031408;00-0033921;00-0039855,Graham Barton;Ben Bredeson;Luke Goedeke;Cody Mauch;Baker Mayfield;Bucky Irving;Tristan Wirfs;Cade Otton;Mike Evans;Chris Godwin;Jalen McMillan,00-0036625;00-0039151;00-0039149;00-0039898;00-0034373;00-0033523;00-0034333;00-0036293;00-0029255;00-0034302;00-0032052,Benjamin St-Juste;Emmanuel Forbes;Quan Martin;Mike Sainristil;Dorance Armstrong;Jonathan Allen;Daron Payne;Jeremy Chinn;Bobby Wagner;Frankie Luvu;Dante Fowler Jr.
2024_01_WAS_TB,1070,run,-4.0,49.0,53.0,TB,2.0,2621.0,49.0,39.0,13:41,13:02,,6.0,0.0,1.0,10.0,"3 CB, 1 DB, 2 DT, 1 FS, 2 ILB, 2 OLB",CB;CB;CB;DB;DT;DT;FS;ILB;ILB;OLB;OLB,11,8,0,,,False,00-0039905;00-0036132;00-0037835;00-0039157;00-0034855;00-0039361;00-0036406;00-0038129;00-0039050;00-0039052;00-0039855,Graham Barton;Ben Bredeson;Luke Goedeke;Cody Mauch;Baker Mayfield;Bucky Irving;Tristan Wirfs;Cade Otton;Payne Durham;Trey Palmer;Jalen McMillan,00-0036625;00-0039151;00-0039149;00-0039898;00-0033010;00-0038099;00-0036293;00-0029255;00-0034302;00-0032052;00-0036614,Benjamin St-Juste;Emmanuel Forbes;Quan Martin;Mike Sainristil;Sheldon Day;Phidarian Mathis;Jeremy Chinn;Bobby Wagner;Frankie Luvu;Dante Fowler Jr.;Jamin Davis
2024_01_WAS_TB,1092,pass,19.0,53.0,34.0,TB,2.0,2582.0,53.0,36.0,13:02,12:26,,6.0,0.0,2.0,14.0,"3 CB, 1 DB, 2 DT, 1 FS, 2 ILB, 2 OLB",CB;CB;CB;DB;DT;DT;FS;ILB;ILB;OLB;OLB,11,6,4,ZONE_COVERAGE,COVER_2,True,00-0039905;00-0036132;00-0037835;00-0039157;00-0034855;00-0039361;00-0036406;00-0038129;00-0033921;00-0039052;00-0039589,Graham Barton;Ben Bredeson;Luke Goedeke;Cody Mauch;Baker Mayfield;Bucky Irving;Tristan Wirfs;Cade Otton;Chris Godwin;Trey Palmer;Kameron Johnson,00-0036625;00-0039151;00-0039149;00-0039898;00-0033010;00-0038099;00-0036293;00-0029255;00-0034302;00-0032052;00-0036614,Benjamin St-Juste;Emmanuel Forbes;Quan Martin;Mike Sainristil;Sheldon Day;Phidarian Mathis;Jeremy Chinn;Bobby Wagner;Frankie Luvu;Dante Fowler Jr.;Jamin Davis
2024_01_WAS_TB,1122,run,-2.0,34.0,36.0,TB,2.0,2546.0,34.0,42.0,12:26,11:44,,6.0,0.0,1.0,10.0,"3 CB, 1 DB, 1 DE, 2 DT, 1 FS, 2 ILB, 1 OLB",CB;CB;CB;DB;DE;DT;DT;FS;ILB;ILB;OLB,11,6,0,,,False,00-0039905;00-0036132;00-0037835;00-0039157;00-0034855;00-0037256;00-0036406;00-0038129;00-0039050;00-0039052;00-0039589,Graham Barton;Ben Bredeson;Luke Goedeke;Cody Mauch;Baker Mayfield;Rachaad White;Tristan Wirfs;Cade Otton;Payne Durham;Trey Palmer;Kameron Johnson,00-0036625;00-0039151;00-0039149;00-0039898;00-0039412;00-0033010;00-0038099;00-0036293;00-0029255;00-0034302;00-0036614,Benjamin St-Juste;Emmanuel Forbes;Quan Martin;Mike Sainristil;Javontae Jean-Baptiste;Sheldon Day;Phidarian Mathis;Jeremy Chinn;Bobby Wagner;Frankie Luvu;Jamin Davis
2024_01_WAS_TB,1144,pass,19.0,36.0,17.0,TB,2.0,2504.0,36.0,45.0,11:44,10:59,,6.0,0.0,2.0,12.0,"3 CB, 1 DB, 1 DE, 2 DT, 1 FS, 2 ILB, 1 OLB",CB;CB;CB;DB;DE;DT;DT;FS;ILB;ILB;OLB,11,6,5,MAN_COVERAGE,COVER_1,True,00-0039905;00-0036132;00-0037835;00-0039157;00-0034855;00-0037256;00-0036406;00-0038129;00-0031408;00-0033921;00-0039855,Graham Barton;Ben Bredeson;Luke Goedeke;Cody Mauch;Baker Mayfield;Rachaad White;Tristan Wirfs;Cade Otton;Mike Evans;Chris Godwin;Jalen McMillan,00-0036625;00-0039151;00-0039149;00-0039898;00-0039412;00-0033010;00-0038099;00-0036293;00-0029255;00-0034302;00-0036614,Benjamin St-Juste;Emmanuel Forbes;Quan Martin;Mike Sainristil;Javontae Jean-Baptiste;Sheldon Day;Phidarian Mathis;Jeremy Chinn;Bobby Wagner;Frankie Luvu;Jamin Davis
2024_01_WAS_TB,1169,pass,17.0,17.0,0.0,TB,2.0,2459.0,17.0,6.0,10:59,10:53,,12.0,0.0,1.0,10.0,"3 CB, 1 DB, 2 DE, 2 DT, 1 FS, 2 ILB",CB;CB;CB;DB;DE;DE;DT;DT;FS;ILB;ILB,11,4,4,MAN_COVERAGE,COVER_1,False,00-0039905;00-0036132;00-0037835;00-0039157;00-0034855;00-0037256;00-0036406;00-0038129;00-0031408;00-0033921;00-0039855,Graham Barton;Ben Bredeson;Luke Goedeke;Cody Mauch;Baker Mayfield;Rachaad White;Tristan Wirfs;Cade Otton;Mike Evans;Chris Godwin;Jalen McMillan,00-0036625;00-0039151;00-0039149;00-0039898;00-0034373;00-0035692;00-0033523;00-0034333;00-0036293;00-0029255;00-0034302,Benjamin St-Juste;Emmanuel Forbes;Quan Martin;Mike Sainristil;Dorance Armstrong;Clelin Ferrell;Jonathan Allen;Daron Payne;Jeremy Chinn;Bobby Wagner;Frankie Luvu
2024_01_WAS_TB,1195,extra_point,0.0,15.0,15.0,TB,2.0,2453.0,15.0,0.0,10:53,10:53,,13.0,0.0,,0.0,"3 CB, 3 DE, 2 DT, 1 FS, 2 ILB",CB;CB;CB;DE;DE;DE;DT;DT;FS;ILB;ILB,11,0,0,,,False,00-0036985;00-0039905;00-0036132;00-0037835;00-0039157;00-0035358;00-0038817;00-0035254;00-0038042;00-0034989;00-0036406,Robert Hainsey;Graham Barton;Ben Bredeson;Luke Goedeke;Cody Mauch;Chase McLaughlin;Evan Deckers;Anthony Nelson;Jake Camarda;Justin Skule;Tristan Wirfs,00-0033697;00-0036625;00-0039149;00-0034373;00-0035692;00-0039412;00-0033010;00-0038099;00-0036293;00-0029255;00-0034302,Michael Davis;Benjamin St-Juste;Quan Martin;Dorance Armstrong;Clelin Ferrell;Javontae Jean-Baptiste;Sheldon Day;Phidarian Mathis;Jeremy Chinn;Bobby Wagner;Frankie Luvu
2024_01_WAS_TB,1210,kickoff,0.0,35.0,35.0,WAS,2.0,2453.0,35.0,6.0,10:53,10:47,,13.0,0.0,,0.0,"3 CB, 2 ILB, 1 LB, 3 OLB, 1 P, 1 TE",CB;CB;CB;ILB;ILB;LB;OLB;OLB;OLB;P;TE,11,0,0,,,False,00-0039681;00-0038100;00-0028292;00-0036300;00-0033955;00-0033699;00-0039686;00-0034465;00-0036628;00-0039912;00-0036626,Tyler Owens;Percy Butler;Nick Bellore;Mykal Walker;Jeremy McNichols;Austin Ekeler;Colson Yankoff;Jeremy Reaves;John Bates;Ben Sinnott;Dyami Brown,00-0034488;00-0035699;00-0039051;00-0037491;00-0039049;00-0039902;00-0035254;00-0036967;00-0038958;00-0038042;00-0037311,Tavierre Thomas;Jamel Dean;Josh Hayes;J.J. Russell;SirVocea Dennis;Chris Braswell;Anthony Nelson;Joe Tryon-Shoyinka;Markees Watts;Jake Camarda;Ko Kieft
2024_01_WAS_TB,1245,run,2.0,74.0,72.0,WAS,2.0,2447.0,74.0,37.0,10:47,10:10,,13.0,0.0,1.0,10.0,"2 CB, 1 DB, 1 FS, 2 ILB, 1 LB, 2 NT, 1 OLB, 1 SS",CB;CB;DB;FS;ILB;ILB;LB;NT;NT;OLB;SS,11,6,0,,,False,00-0036376;00-0035149;00-0036618;00-0039910;00-0037746;00-0033831;00-0039913;00-0036628;00-0035659;00-0035208;00-0039355,Tyler Biadasz;Nick Allegretti;Sam Cosmi;Jayden Daniels;Brian Robinson;Andrew Wylie;Brandon Coleman;John Bates;Terry McLaurin;Olamide Zaccheaus;Luke McCaffrey,00-0035699;00-0036241;00-0039846;00-0036411;00-0029562;00-0036643;00-0039902;00-0034773;00-0035667;00-0035254;00-0034374,Jamel Dean;Bryce Hall;Tykee Smith;Antoine Winfield Jr.;Lavonte David;K.J. Britt;Chris Braswell;Vita Vea;Greg Gaines;Anthony Nelson;Jordan Whitehead
2024_01_WAS_TB,1267,run,16.0,72.0,56.0,WAS,2.0,2410.0,72.0,41.0,10:10,9:29,,13.0,0.0,2.0,8.0,"2 CB, 1 DB, 1 FS, 2 ILB, 1 LB, 2 NT, 1 OLB, 1 SS",CB;CB;DB;FS;ILB;ILB;LB;NT;NT;OLB;SS,11,6,5,MAN_COVERAGE,COVER_1,True,00-0036376;00-0035149;00-0036618;00-0039910;00-0033699;00-0033831;00-0039913;00-0030061;00-0035659;00-0035208;00-0039355,Tyler Biadasz;Nick Allegretti;Sam Cosmi;Jayden Daniels;Austin Ekeler;Andrew Wylie;Brandon Coleman;Zach Ertz;Terry McLaurin;Olamide Zaccheaus;Luke McCaffrey,00-0035699;00-0036241;00-0039846;00-0036411;00-0029562;00-0036643;00-0039902;00-0034773;00-0035667;00-0035254;00-0034374,Jamel Dean;Bryce Hall;Tykee Smith;Antoine Winfield Jr.;Lavonte David;K.J. Britt;Chris Braswell;Vita Vea;Greg Gaines;Anthony Nelson;Jordan Whitehead
2024_01_WAS_TB,1289,pass,0.0,56.0,56.0,WAS,2.0,2369.0,56.0,5.0,9:29,9:24,,13.0,0.0,1.0,10.0,"2 CB, 1 DB, 1 FS, 2 ILB, 1 LB, 2 NT, 1 OLB, 1 SS",CB;CB;DB;FS;ILB;ILB;LB;NT;NT;OLB;SS,11,5,4,ZONE_COVERAGE,COVER_2,True,00-0036376;00-0035149;00-0036618;00-0039910;00-0033699;00-0033831;00-0039913;00-0036628;00-0035659;00-0035208;00-0039355,Tyler Biadasz;Nick Allegretti;Sam Cosmi;Jayden Daniels;Austin Ekeler;Andrew Wylie;Brandon Coleman;John Bates;Terry McLaurin;Olamide Zaccheaus;Luke McCaffrey,00-0035699;00-0036241;00-0039846;00-0036411;00-0029562;00-0036643;00-0039902;00-0034773;00-0035667;00-0035254;00-0034374,Jamel Dean;Bryce Hall;Tykee Smith;Antoine Winfield Jr.;Lavonte David;K.J. Britt;Chris Braswell;Vita Vea;Greg Gaines;Anthony Nelson;Jordan Whitehead
2024_01_WAS_TB,1323,pass,22.0,56.0,34.0,WAS,2.0,2364.0,56.0,49.0,9:24,8:35,,13.0,0.0,2.0,10.0,"2 CB, 1 DE, 1 FS, 2 ILB, 1 LB, 2 NT, 1 OLB, 1 SS",CB;CB;DE;FS;ILB;ILB;LB;NT;NT;OLB;SS,11,6,4,ZONE_COVERAGE,COVER_3,False,00-0036376;00-0035149;00-0036618;00-0039910;00-0033699;00-0033831;00-0039913;00-0030061;00-0036628;00-0035659;00-0035208,Tyler Biadasz;Nick Allegretti;Sam Cosmi;Jayden Daniels;Austin Ekeler;Andrew Wylie;Brandon Coleman;Zach Ertz;John Bates;Terry McLaurin;Olamide Zaccheaus,00-0035699;00-0036241;00-0030386;00-0036411;00-0029562;00-0036643;00-0039902;00-0034773;00-0035667;00-0035254;00-0034374,Jamel Dean;Bryce Hall;William Gholston;Antoine Winfield Jr.;Lavonte David;K.J. Britt;Chris Braswell;Vita Vea;Greg Gaines;Anthony Nelson;Jordan Whitehead
2024_01_WAS_TB,1348,pass,0.0,34.0,34.0,WAS,2.0,2315.0,34.0,6.0,8:35,8:29,,13.0,0.0,1.0,10.0,"2 CB, 1 DE, 1 FS, 2 ILB, 1 LB, 2 NT, 1 OLB, 1 SS",CB;CB;DE;FS;ILB;ILB;LB;NT;NT;OLB;SS,11,6,5,MAN_COVERAGE,COVER_1,False,00-0036376;00-0035149;00-0036618;00-0039910;00-0037746;00-0033831;00-0039913;00-0030061;00-0036628;00-0035659;00-0039355,Tyler Biadasz;Nick Allegretti;Sam Cosmi;Jayden Daniels;Brian Robinson;Andrew Wylie;Brandon Coleman;Zach Ertz;John Bates;Terry McLaurin;Luke McCaffrey,00-0035699;00-0036241;00-0030386;00-0036411;00-0029562;00-0036643;00-0039902;00-0034773;00-0035667;00-0039068;00-0034374,Jamel Dean;Bryce Hall;William Gholston;Antoine Winfield Jr.;Lavonte David;K.J. Britt;Chris Braswell;Vita Vea;Greg Gaines;Yaya Diaby;Jordan Whitehead
2024_01_WAS_TB,1371,run,12.0,34.0,22.0,WAS,2.0,2309.0,34.0,0.0,8:29,8:29,,13.0,0.0,2.0,10.0,"2 CB, 1 DB, 1 FS, 2 ILB, 2 NT, 2 OLB, 1 SS",CB;CB;DB;FS;ILB;ILB;NT;NT;OLB;OLB;SS,11,6,4,ZONE_COVERAGE,COVER_3,True,00-0036376;00-0035149;00-0036618;00-0039910;00-0037746;00-0033831;00-0039913;00-0030061;00-0031941;00-0036626;00-0039355,Tyler Biadasz;Nick Allegretti;Sam Cosmi;Jayden Daniels;Brian Robinson;Andrew Wylie;Brandon Coleman;Zach Ertz;Jamison Crowder;Dyami Brown;Luke McCaffrey,00-0035699;00-0036241;00-0039846;00-0036411;00-0029562;00-0036643;00-0034773;00-0035667;00-0036967;00-0039068;00-0034374,Jamel Dean;Bryce Hall;Tykee Smith;Antoine Winfield Jr.;Lavonte David;K.J. Britt;Vita Vea;Greg Gaines;Joe Tryon-Shoyinka;Yaya Diaby;Jordan Whitehead
2024_01_WAS_TB,1383,timeout,0.0,,,,2.0,2309.0,,28.0,8:29,8:01,WAS,13.0,0.0,,0.0,,,,,,,,,,,,
2024_01_WAS_TB,1411,run,4.0,11.0,7.0,WAS,2.0,2281.0,11.0,38.0,8:01,7:23,,13.0,0.0,1.0,10.0,"2 CB, 1 DB, 1 FS, 2 ILB, 2 NT, 2 OLB, 1 SS",CB;CB;DB;FS;ILB;ILB;NT;NT;OLB;OLB;SS,11,6,0,,,False,00-0036376;00-0035149;00-0036618;00-0039910;00-0033699;00-0033831;00-0039913;00-0039912;00-0035659;00-0036626;00-0039355,Tyler Biadasz;Nick Allegretti;Sam Cosmi;Jayden Daniels;Austin Ekeler;Andrew Wylie;Brandon Coleman;Ben Sinnott;Terry McLaurin;Dyami Brown;Luke McCaffrey,00-0035699;00-0036241;00-0039846;00-0036411;00-0029562;00-0036643;00-0034773;00-0035667;00-0035254;00-0036967;00-0034374,Jamel Dean;Bryce Hall;Tykee Smith;Antoine Winfield Jr.;Lavonte David;K.J. Britt;Vita Vea;Greg Gaines;Anthony Nelson;Joe Tryon-Shoyinka;Jordan Whitehead
2024_01_WAS_TB,1433,run,7.0,7.0,0.0,WAS,2.0,2243.0,7.0,6.0,7:23,7:17,,13.0,6.0,2.0,6.0,"2 CB, 1 DE, 1 FS, 2 ILB, 2 NT, 2 OLB, 1 SS",CB;CB;DE;FS;ILB;ILB;NT;NT;OLB;OLB;SS,11,7,0,,,False,00-0036376;00-0035149;00-0036618;00-0039910;00-0037746;00-0033831;00-0039913;00-0036628;00-0039912;00-0035659;00-0036626,Tyler Biadasz;Nick Allegretti;Sam Cosmi;Jayden Daniels;Brian Robinson;Andrew Wylie;Brandon Coleman;John Bates;Ben Sinnott;Terry McLaurin;Dyami Brown,00-0035699;00-0036241;00-0030386;00-0036411;00-0029562;00-0036643;00-0034773;00-0035667;00-0035254;00-0036967;00-0034374,Jamel Dean;Bryce Hall;William Gholston;Antoine Winfield Jr.;Lavonte David;K.J. Britt;Vita Vea;Greg Gaines;Anthony Nelson;Joe Tryon-Shoyinka;Jordan Whitehead
2024_01_WAS_TB,1456,extra_point,0.0,15.0,15.0,WAS,2.0,2237.0,15.0,0.0,7:17,7:17,,13.0,7.0,,0.0,"3 CB, 1 DE, 1 DT, 2 ILB, 1 NT, 2 OLB, 1 SS",CB;CB;CB;DE;DT;ILB;ILB;NT;OLB;OLB;SS,11,0,0,,,False,00-0035686;00-0035149;00-0036618;00-0038097;00-0031156;00-0030140;00-0030725;00-0033831;00-0034571;00-0039913;00-0036628,Michael Deiter;Nick Allegretti;Sam Cosmi;Cade York;Tyler Ott;Tress Way;Cornelius Lucas;Andrew Wylie;Trent Scott;Brandon Coleman;John Bates,00-0034488;00-0036241;00-0039051;00-0030386;00-0037662;00-0036643;00-0037491;00-0034773;00-0035254;00-0039068;00-0038820,Tavierre Thomas;Bryce Hall;Josh Hayes;William Gholston;C.J. Brewer;K.J. Britt;J.J. Russell;Vita Vea;Anthony Nelson;Yaya Diaby;Christian Izien
2024_01_WAS_TB,1471,kickoff,0.0,35.0,35.0,TB,2.0,2237.0,35.0,0.0,7:17,7:17,,13.0,7.0,,0.0,"2 CB, 1 DB, 2 FS, 2 ILB, 1 K, 2 RB, 1 SS",CB;CB;DB;FS;FS;ILB;ILB;K;RB;RB;SS,11,0,0,,,False,00-0034488;00-0039051;00-0037491;00-0039049;00-0039902;00-0035254;00-0038958;00-0038951;00-0039361;00-0037311;00-0039050,Tavierre Thomas;Josh Hayes;J.J. Russell;SirVocea Dennis;Chris Braswell;Anthony Nelson;Markees Watts;Sean Tucker;Bucky Irving;Ko Kieft;Payne Durham,00-0033697;00-0039149;00-0039681;00-0036293;00-0038100;00-0028292;00-0036300;00-0038097;00-0033955;00-0039686;00-0034465,Michael Davis;Quan Martin;Tyler Owens;Jeremy Chinn;Percy Butler;Nick Bellore;Mykal Walker;Cade York;Jeremy McNichols;Colson Yankoff;Jeremy Reaves
2024_01_WAS_TB,1505,pass,6.0,60.0,54.0,TB,2.0,2237.0,60.0,39.0,7:17,6:38,,13.0,7.0,1.0,10.0,"3 CB, 1 DB, 1 DE, 2 DT, 1 FS, 2 ILB, 1 OLB",CB;CB;CB;DB;DE;DT;DT;FS;ILB;ILB;OLB,11,5,5,MAN_COVERAGE,COVER_1,False,00-0039905;00-0036132;00-0037835;00-0039157;00-0034855;00-0039361;00-0036406;00-0038129;00-0031408;00-0033921;00-0039855,Graham Barton;Ben Bredeson;Luke Goedeke;Cody Mauch;Baker Mayfield;Bucky Irving;Tristan Wirfs;Cade Otton;Mike Evans;Chris Godwin;Jalen McMillan,00-0036625;00-0039151;00-0039149;00-0039898;00-0039412;00-0033010;00-0038099;00-0038100;00-0029255;00-0034302;00-0036614,Benjamin St-Juste;Emmanuel Forbes;Quan Martin;Mike Sainristil;Javontae Jean-Baptiste;Sheldon Day;Phidarian Mathis;Percy Butler;Bobby Wagner;Frankie Luvu;Jamin Davis
2024_01_WAS_TB,1530,run,2.0,54.0,52.0,TB,2.0,2198.0,54.0,45.0,6:38,5:53,,13.0,7.0,2.0,4.0,"3 CB, 1 DB, 1 DE, 2 DT, 1 FS, 2 ILB, 1 OLB",CB;CB;CB;DB;DE;DT;DT;FS;ILB;ILB;OLB,11,6,0,,,False,00-0039905;00-0036132;00-0037835;00-0039157;00-0034855;00-0039361;00-0036406;00-0038129;00-0033921;00-0039052;00-0039855,Graham Barton;Ben Bredeson;Luke Goedeke;Cody Mauch;Baker Mayfield;Bucky Irving;Tristan Wirfs;Cade Otton;Chris Godwin;Trey Palmer;Jalen McMillan,00-0036625;00-0039151;00-0039149;00-0039898;00-0039412;00-0033010;00-0038099;00-0038100;00-0029255;00-0034302;00-0036614,Benjamin St-Juste;Emmanuel Forbes;Quan Martin;Mike Sainristil;Javontae Jean-Baptiste;Sheldon Day;Phidarian Mathis;Percy Butler;Bobby Wagner;Frankie Luvu;Jamin Davis
2024_01_WAS_TB,1552,pass,5.0,52.0,47.0,TB,2.0,2153.0,52.0,43.0,5:53,5:10,,13.0,7.0,3.0,2.0,"3 CB, 1 DB, 1 DE, 2 DT, 1 FS, 2 ILB, 1 OLB",CB;CB;CB;DB;DE;DT;DT;FS;ILB;ILB;OLB,11,6,4,MAN_COVERAGE,COVER_1,False,00-0039905;00-0036132;00-0037835;00-0039157;00-0034855;00-0039361;00-0036406;00-0038129;00-0031408;00-0033921;00-0039855,Graham Barton;Ben Bredeson;Luke Goedeke;Cody Mauch;Baker Mayfield;Bucky Irving;Tristan Wirfs;Cade Otton;Mike Evans;Chris Godwin;Jalen McMillan,00-0036625;00-0039151;00-0039149;00-0039898;00-0039412;00-0033010;00-0038099;00-0038100;00-0029255;00-0034302;00-0036614,Benjamin St-Juste;Emmanuel Forbes;Quan Martin;Mike Sainristil;Javontae Jean-Baptiste;Sheldon Day;Phidarian Mathis;Percy Butler;Bobby Wagner;Frankie Luvu;Jamin Davis
2024_01_WAS_TB,1577,run,6.0,47.0,41.0,TB,2.0,2110.0,47.0,40.0,5:10,4:30,,13.0,7.0,1.0,10.0,"2 CB, 1 DB, 2 DE, 2 DT, 2 FS, 2 ILB",CB;CB;DB;DE;DE;DT;DT;FS;FS;ILB;ILB,11,7,0,,,False,00-0039905;00-0036132;00-0037835;00-0039157;00-0034855;00-0037256;00-0036406;00-0038129;00-0039050;00-0031408;00-0039855,Graham Barton;Ben Bredeson;Luke Goedeke;Cody Mauch;Baker Mayfield;Rachaad White;Tristan Wirfs;Cade Otton;Payne Durham;Mike Evans;Jalen McMillan,00-0036625;00-0039149;00-0039898;00-0034373;00-0035692;00-0033523;00-0034333;00-0036293;00-0038100;00-0029255;00-0034302,Benjamin St-Juste;Quan Martin;Mike Sainristil;Dorance Armstrong;Clelin Ferrell;Jonathan Allen;Daron Payne;Jeremy Chinn;Percy Butler;Bobby Wagner;Frankie Luvu
2024_01_WAS_TB,1599,run,1.0,41.0,40.0,TB,2.0,2070.0,41.0,37.0,4:30,3:53,,13.0,7.0,2.0,4.0,"3 CB, 1 DB, 2 DE, 2 DT, 1 FS, 2 ILB",CB;CB;CB;DB;DE;DE;DT;DT;FS;ILB;ILB,11,6,0,,,False,00-0039905;00-0036132;00-0037835;00-0039157;00-0034855;00-0037256;00-0036406;00-0038129;00-0033921;00-0039052;00-0039855,Graham Barton;Ben Bredeson;Luke Goedeke;Cody Mauch;Baker Mayfield;Rachaad White;Tristan Wirfs;Cade Otton;Chris Godwin;Trey Palmer;Jalen McMillan,00-0036625;00-0039151;00-0039149;00-0039898;00-0034373;00-0035692;00-0033523;00-0034333;00-0038100;00-0029255;00-0034302,Benjamin St-Juste;Emmanuel Forbes;Quan Martin;Mike Sainristil;Dorance Armstrong;Clelin Ferrell;Jonathan Allen;Daron Payne;Percy Butler;Bobby Wagner;Frankie Luvu
2024_01_WAS_TB,1621,pass,14.0,40.0,26.0,TB,2.0,2033.0,40.0,0.0,3:53,3:53,,13.0,7.0,3.0,3.0,"3 CB, 1 DB, 1 DE, 2 DT, 1 FS, 2 ILB, 1 OLB",CB;CB;CB;DB;DE;DT;DT;FS;ILB;ILB;OLB,11,5,3,MAN_COVERAGE,2_MAN,False,00-0039905;00-0036132;00-0037835;00-0039157;00-0034855;00-0037256;00-0036406;00-0038129;00-0031408;00-0033921;00-0039855,Graham Barton;Ben Bredeson;Luke Goedeke;Cody Mauch;Baker Mayfield;Rachaad White;Tristan Wirfs;Cade Otton;Mike Evans;Chris Godwin;Jalen McMillan,00-0036625;00-0039151;00-0039149;00-0039898;00-0034373;00-0033523;00-0034333;00-0038100;00-0029255;00-0034302;00-0032052,Benjamin St-Juste;Emmanuel Forbes;Quan Martin;Mike Sainristil;Dorance Armstrong;Jonathan Allen;Daron Payne;Percy Butler;Bobby Wagner;Frankie Luvu;Dante Fowler Jr.
2024_01_WAS_TB,1633,timeout,0.0,,,,2.0,2033.0,,39.0,3:53,3:14,WAS,13.0,7.0,,0.0,,,,,,,,,,,,
2024_01_WAS_TB,1653,run,-3.0,26.0,29.0,TB,2.0,1994.0,26.0,40.0,3:14,2:34,,13.0,7.0,1.0,10.0,"3 CB, 1 DB, 1 DE, 2 DT, 1 FS, 2 ILB, 1 OLB",CB;CB;CB;DB;DE;DT;DT;FS;ILB;ILB;OLB,11,6,0,,,False,00-0039905;00-0036132;00-0037835;00-0039157;00-0034855;00-0037256;00-0036406;00-0038129;00-0031408;00-0033921;00-0039589,Graham Barton;Ben Bredeson;Luke Goedeke;Cody Mauch;Baker Mayfield;Rachaad White;Tristan Wirfs;Cade Otton;Mike Evans;Chris Godwin;Kameron Johnson,00-0036625;00-0039151;00-0039149;00-0039898;00-0039412;00-0033523;00-0034333;00-0038100;00-0029255;00-0036300;00-0032052,Benjamin St-Juste;Emmanuel Forbes;Quan Martin;Mike Sainristil;Javontae Jean-Baptiste;Jonathan Allen;Daron Payne;Percy Butler;Bobby Wagner;Mykal Walker;Dante Fowler Jr.
2024_01_WAS_TB,1675,pass,7.0,29.0,22.0,TB,2.0,1954.0,29.0,34.0,2:34,2:00,,13.0,7.0,2.0,13.0,"3 CB, 1 DB, 1 DE, 2 DT, 1 FS, 2 ILB, 1 OLB",CB;CB;CB;DB;DE;DT;DT;FS;ILB;ILB;OLB,11,5,4,ZONE_COVERAGE,COVER_2,True,00-0039905;00-0036132;00-0037835;00-0039157;00-0034855;00-0037256;00-0036406;00-0038129;00-0039052;00-0039855;00-0039589,Graham Barton;Ben Bredeson;Luke Goedeke;Cody Mauch;Baker Mayfield;Rachaad White;Tristan Wirfs;Cade Otton;Trey Palmer;Jalen McMillan;Kameron Johnson,00-0036287;00-0036625;00-0039149;00-0039898;00-0039412;00-0033523;00-0034333;00-0038100;00-0029255;00-0036300;00-0032052,Noah Igbinoghene;Benjamin St-Juste;Quan Martin;Mike Sainristil;Javontae Jean-Baptiste;Jonathan Allen;Daron Payne;Percy Butler;Bobby Wagner;Mykal Walker;Dante Fowler Jr.
2024_01_WAS_TB,1700,pass,9.0,22.0,13.0,TB,2.0,1920.0,22.0,5.0,2:00,1:55,,13.0,7.0,3.0,6.0,"3 CB, 1 DB, 1 DE, 2 DT, 1 FS, 2 ILB, 1 OLB",CB;CB;CB;DB;DE;DT;DT;FS;ILB;ILB;OLB,11,6,5,MAN_COVERAGE,COVER_1,False,00-0039905;00-0036132;00-0037835;00-0039157;00-0034855;00-0037256;00-0036406;00-0038129;00-0031408;00-0033921;00-0039855,Graham Barton;Ben Bredeson;Luke Goedeke;Cody Mauch;Baker Mayfield;Rachaad White;Tristan Wirfs;Cade Otton;Mike Evans;Chris Godwin;Jalen McMillan,00-0036287;00-0036625;00-0039149;00-0039898;00-0034373;00-0033523;00-0034333;00-0038100;00-0029255;00-0034302;00-0032052,Noah Igbinoghene;Benjamin St-Juste;Quan Martin;Mike Sainristil;Dorance Armstrong;Jonathan Allen;Daron Payne;Percy Butler;Bobby Wagner;Frankie Luvu;Dante Fowler Jr.
2024_01_WAS_TB,1742,run,3.0,13.0,10.0,TB,2.0,1915.0,13.0,40.0,1:55,1:15,,13.0,7.0,1.0,10.0,"3 CB, 1 DB, 2 DE, 2 DT, 1 FS, 2 ILB",CB;CB;CB;DB;DE;DE;DT;DT;FS;ILB;ILB,11,6,0,,,False,00-0039905;00-0036132;00-0037835;00-0039157;00-0034855;00-0037256;00-0036406;00-0038129;00-0031408;00-0033921;00-0039855,Graham Barton;Ben Bredeson;Luke Goedeke;Cody Mauch;Baker Mayfield;Rachaad White;Tristan Wirfs;Cade Otton;Mike Evans;Chris Godwin;Jalen McMillan,00-0036287;00-0036625;00-0039149;00-0039898;00-0034373;00-0035692;00-0033010;00-0038099;00-0038100;00-0029255;00-0034302,Noah Igbinoghene;Benjamin St-Juste;Quan Martin;Mike Sainristil;Dorance Armstrong;Clelin Ferrell;Sheldon Day;Phidarian Mathis;Percy Butler;Bobby Wagner;Frankie Luvu
2024_01_WAS_TB,1764,pass,4.0,10.0,6.0,TB,2.0,1875.0,10.0,49.0,1:15,0:26,,13.0,7.0,2.0,7.0,"3 CB, 1 DB, 2 DE, 2 DT, 1 FS, 2 ILB",CB;CB;CB;DB;DE;DE;DT;DT;FS;ILB;ILB,11,5,4,MAN_COVERAGE,COVER_1,False,00-0039905;00-0036132;00-0037835;00-0039157;00-0034855;00-0037256;00-0036406;00-0038129;00-0031408;00-0033921;00-0039855,Graham Barton;Ben Bredeson;Luke Goedeke;Cody Mauch;Baker Mayfield;Rachaad White;Tristan Wirfs;Cade Otton;Mike Evans;Chris Godwin;Jalen McMillan,00-0036287;00-0036625;00-0039149;00-0039898;00-0034373;00-0035692;00-0033010;00-0038099;00-0038100;00-0029255;00-0034302,Noah Igbinoghene;Benjamin St-Juste;Quan Martin;Mike Sainristil;Dorance Armstrong;Clelin Ferrell;Sheldon Day;Phidarian Mathis;Percy Butler;Bobby Wagner;Frankie Luvu
2024_01_WAS_TB,1789,no_play,0.0,6.0,6.0,TB,2.0,1826.0,6.0,0.0,0:26,0:26,,13.0,7.0,3.0,3.0,"3 CB, 1 DB, 2 DE, 2 DT, 1 FS, 2 ILB",CB;CB;CB;DB;DE;DE;DT;DT;FS;ILB;ILB,11,0,0,,,False,00-0039905;00-0036132;00-0037835;00-0039157;00-0034855;00-0037256;00-0036406;00-0038129;00-0031408;00-0033921;00-0039855,Graham Barton;Ben Bredeson;Luke Goedeke;Cody Mauch;Baker Mayfield;Rachaad White;Tristan Wirfs;Cade Otton;Mike Evans;Chris Godwin;Jalen McMillan,00-0036287;00-0036625;00-0039149;00-0039898;00-0034373;00-0035692;00-0033010;00-0038099;00-0038100;00-0029255;00-0034302,Noah Igbinoghene;Benjamin St-Juste;Quan Martin;Mike Sainristil;Dorance Armstrong;Clelin Ferrell;Sheldon Day;Phidarian Mathis;Percy Butler;Bobby Wagner;Frankie Luvu
2024_01_WAS_TB,1813,pass,0.0,11.0,11.0,TB,2.0,1826.0,11.0,6.0,0:26,0:20,,13.0,7.0,3.0,8.0,"3 CB, 1 DB, 1 DE, 2 DT, 1 FS, 2 ILB, 1 OLB",CB;CB;CB;DB;DE;DT;DT;FS;ILB;ILB;OLB,11,6,4,MAN_COVERAGE,COVER_0,True,00-0039905;00-0036132;00-0037835;00-0039157;00-0034855;00-0037256;00-0036406;00-0038129;00-0031408;00-0033921;00-0039855,Graham Barton;Ben Bredeson;Luke Goedeke;Cody Mauch;Baker Mayfield;Rachaad White;Tristan Wirfs;Cade Otton;Mike Evans;Chris Godwin;Jalen McMillan,00-0036287;00-0036625;00-0039149;00-0039898;00-0034373;00-0033523;00-0034333;00-0038100;00-0029255;00-0034302;00-0032052,Noah Igbinoghene;Benjamin St-Juste;Quan Martin;Mike Sainristil;Dorance Armstrong;Jonathan Allen;Daron Payne;Percy Butler;Bobby Wagner;Frankie Luvu;Dante Fowler Jr.
2024_01_WAS_TB,1836,field_goal,0.0,11.0,11.0,TB,2.0,1820.0,11.0,4.0,0:20,0:16,,16.0,7.0,4.0,8.0,"3 CB, 3 DE, 2 DT, 1 FS, 2 ILB",CB;CB;CB;DE;DE;DE;DT;DT;FS;ILB;ILB,11,0,0,,,False,00-0036985;00-0039905;00-0036132;00-0037835;00-0039157;00-0035358;00-0038817;00-0035254;00-0038042;00-0034989;00-0036406,Robert Hainsey;Graham Barton;Ben Bredeson;Luke Goedeke;Cody Mauch;Chase McLaughlin;Evan Deckers;Anthony Nelson;Jake Camarda;Justin Skule;Tristan Wirfs,00-0033697;00-0036625;00-0039149;00-0034373;00-0035692;00-0039412;00-0033010;00-0038099;00-0038100;00-0029255;00-0034302,Michael Davis;Benjamin St-Juste;Quan Martin;Dorance Armstrong;Clelin Ferrell;Javontae Jean-Baptiste;Sheldon Day;Phidarian Mathis;Percy Butler;Bobby Wagner;Frankie Luvu
2024_01_WAS_TB,1856,kickoff,0.0,35.0,35.0,WAS,2.0,1816.0,35.0,5.0,0:16,0:11,,16.0,7.0,,0.0,"3 CB, 2 ILB, 1 LB, 3 OLB, 1 P, 1 TE",CB;CB;CB;ILB;ILB;LB;OLB;OLB;OLB;P;TE,11,0,0,,,False,00-0039681;00-0038100;00-0028292;00-0036300;00-0033955;00-0033699;00-0039686;00-0034465;00-0036628;00-0039912;00-0036626,Tyler Owens;Percy Butler;Nick Bellore;Mykal Walker;Jeremy McNichols;Austin Ekeler;Colson Yankoff;Jeremy Reaves;John Bates;Ben Sinnott;Dyami Brown,00-0034488;00-0035699;00-0039051;00-0037491;00-0039049;00-0039902;00-0035254;00-0036967;00-0038958;00-0038042;00-0037311,Tavierre Thomas;Jamel Dean;Josh Hayes;J.J. Russell;SirVocea Dennis;Chris Braswell;Anthony Nelson;Joe Tryon-Shoyinka;Markees Watts;Jake Camarda;Ko Kieft
2024_01_WAS_TB,1886,qb_kneel,-2.0,72.0,74.0,WAS,2.0,1811.0,72.0,11.0,0:11,0:00,,16.0,7.0,1.0,10.0,"2 CB, 1 DB, 1 FS, 2 ILB, 2 NT, 2 OLB, 1 SS",CB;CB;DB;FS;ILB;ILB;NT;NT;OLB;OLB;SS,11,0,0,,,False,00-0036376;00-0035149;00-0036618;00-0039910;00-0037746;00-0030725;00-0033831;00-0036628;00-0039912;00-0036626;00-0039355,Tyler Biadasz;Nick Allegretti;Sam Cosmi;Jayden Daniels;Brian Robinson;Cornelius Lucas;Andrew Wylie;John Bates;Ben Sinnott;Dyami Brown;Luke McCaffrey,00-0035699;00-0036241;00-0039846;00-0036411;00-0029562;00-0039049;00-0034773;00-0035667;00-0036967;00-0039068;00-0034374,Jamel Dean;Bryce Hall;Tykee Smith;Antoine Winfield Jr.;Lavonte David;SirVocea Dennis;Vita Vea;Greg Gaines;Joe Tryon-Shoyinka;Yaya Diaby;Jordan Whitehead
2024_01_WAS_TB,1908,start_quarter_3,,,,,2.0,1800.0,,0.0,0:00,0:00,,16.0,7.0,,0.0,,,,,,,,,,,,
2024_01_WAS_TB,1928,kickoff,0.0,35.0,35.0,WAS,3.0,1800.0,35.0,0.0,15:00,15:00,,16.0,7.0,,0.0,"2 CB, 2 ILB, 1 LB, 3 OLB, 1 P, 1 SS, 1 TE",CB;CB;ILB;ILB;LB;OLB;OLB;OLB;P;SS;TE,11,0,0,,,False,00-0039681;00-0038100;00-0028292;00-0036300;00-0033955;00-0033699;00-0039686;00-0034465;00-0036628;00-0039912;00-0036626,Tyler Owens;Percy Butler;Nick Bellore;Mykal Walker;Jeremy McNichols;Austin Ekeler;Colson Yankoff;Jeremy Reaves;John Bates;Ben Sinnott;Dyami Brown,00-0034488;00-0035699;00-0037491;00-0039049;00-0039902;00-0035254;00-0036967;00-0038958;00-0038042;00-0038820;00-0037311,Tavierre Thomas;Jamel Dean;J.J. Russell;SirVocea Dennis;Chris Braswell;Anthony Nelson;Joe Tryon-Shoyinka;Markees Watts;Jake Camarda;Christian Izien;Ko Kieft
2024_01_WAS_TB,1945,pass,0.0,70.0,70.0,WAS,3.0,1800.0,70.0,5.0,15:00,14:55,,16.0,7.0,1.0,10.0,"2 CB, 1 DE, 1 FS, 2 ILB, 2 NT, 2 OLB, 1 SS",CB;CB;DE;FS;ILB;ILB;NT;NT;OLB;OLB;SS,11,8,4,MAN_COVERAGE,COVER_1,False,00-0036376;00-0035149;00-0036618;00-0039910;00-0037746;00-0030725;00-0033831;00-0036628;00-0039912;00-0035659;00-0036626,Tyler Biadasz;Nick Allegretti;Sam Cosmi;Jayden Daniels;Brian Robinson;Cornelius Lucas;Andrew Wylie;John Bates;Ben Sinnott;Terry McLaurin;Dyami Brown,00-0035699;00-0036241;00-0030386;00-0036411;00-0029562;00-0036643;00-0034773;00-0035667;00-0036967;00-0039068;00-0034374,Jamel Dean;Bryce Hall;William Gholston;Antoine Winfield Jr.;Lavonte David;K.J. Britt;Vita Vea;Greg Gaines;Joe Tryon-Shoyinka;Yaya Diaby;Jordan Whitehead
2024_01_WAS_TB,1968,pass,0.0,70.0,70.0,WAS,3.0,1795.0,70.0,4.0,14:55,14:51,,16.0,7.0,2.0,10.0,"2 CB, 1 DB, 1 FS, 2 ILB, 2 NT, 2 OLB, 1 SS",CB;CB;DB;FS;ILB;ILB;NT;NT;OLB;OLB;SS,11,5,5,ZONE_COVERAGE,COVER_3,False,00-0036376;00-0035149;00-0036618;00-0039910;00-0037746;00-0030725;00-0033831;00-0030061;00-0036628;00-0035208;00-0039355,Tyler Biadasz;Nick Allegretti;Sam Cosmi;Jayden Daniels;Brian Robinson;Cornelius Lucas;Andrew Wylie;Zach Ertz;John Bates;Olamide Zaccheaus;Luke McCaffrey,00-0035699;00-0036241;00-0039846;00-0036411;00-0029562;00-0036643;00-0034773;00-0035667;00-0036967;00-0039068;00-0034374,Jamel Dean;Bryce Hall;Tykee Smith;Antoine Winfield Jr.;Lavonte David;K.J. Britt;Vita Vea;Greg Gaines;Joe Tryon-Shoyinka;Yaya Diaby;Jordan Whitehead
2024_01_WAS_TB,1991,no_play,0.0,70.0,70.0,WAS,3.0,1791.0,70.0,0.0,14:51,14:51,,16.0,7.0,3.0,10.0,"2 CB, 1 DB, 1 FS, 2 ILB, 2 NT, 2 OLB, 1 SS",CB;CB;DB;FS;ILB;ILB;NT;NT;OLB;OLB;SS,11,6,4,MAN_COVERAGE,2_MAN,True,00-0036376;00-0035149;00-0036618;00-0039910;00-0033699;00-0037746;00-0030725;00-0033831;00-0030061;00-0035208;00-0036626,Tyler Biadasz;Nick Allegretti;Sam Cosmi;Jayden Daniels;Austin Ekeler;Brian Robinson;Cornelius Lucas;Andrew Wylie;Zach Ertz;Olamide Zaccheaus;Dyami Brown,00-0035699;00-0036241;00-0039846;00-0036411;00-0029562;00-0039049;00-0034773;00-0035667;00-0036967;00-0039068;00-0034374,Jamel Dean;Bryce Hall;Tykee Smith;Antoine Winfield Jr.;Lavonte David;SirVocea Dennis;Vita Vea;Greg Gaines;Joe Tryon-Shoyinka;Yaya Diaby;Jordan Whitehead
2024_01_WAS_TB,2003,timeout,0.0,,,,3.0,1791.0,,13.0,14:51,14:38,WAS,16.0,7.0,,0.0,,,,,,,,,,,,
2024_01_WAS_TB,2041,pass,5.0,65.0,60.0,WAS,3.0,1778.0,65.0,23.0,14:38,14:15,,16.0,7.0,1.0,10.0,"2 CB, 1 DB, 2 DT, 1 FS, 2 ILB, 1 LB, 1 OLB, 1 SS",CB;CB;DB;DT;DT;FS;ILB;ILB;LB;OLB;SS,11,6,6,ZONE_COVERAGE,COVER_3,False,00-0036376;00-0035149;00-0036618;00-0039910;00-0033699;00-0030725;00-0033831;00-0036628;00-0031941;00-0035659;00-0039355,Tyler Biadasz;Nick Allegretti;Sam Cosmi;Jayden Daniels;Austin Ekeler;Cornelius Lucas;Andrew Wylie;John Bates;Jamison Crowder;Terry McLaurin;Luke McCaffrey,00-0035699;00-0036241;00-0039846;00-0037627;00-0037662;00-0036411;00-0029562;00-0036643;00-0039902;00-0035254;00-0034374,Jamel Dean;Bryce Hall;Tykee Smith;Mike Greene;C.J. Brewer;Antoine Winfield Jr.;Lavonte David;K.J. Britt;Chris Braswell;Anthony Nelson;Jordan Whitehead
2024_01_WAS_TB,2082,run,11.0,60.0,49.0,WAS,3.0,1755.0,60.0,44.0,14:15,13:31,,16.0,7.0,2.0,5.0,"2 CB, 1 DE, 2 DT, 1 FS, 2 ILB, 1 LB, 1 OLB, 1 SS",CB;CB;DE;DT;DT;FS;ILB;ILB;LB;OLB;SS,11,7,5,MAN_COVERAGE,COVER_1,False,00-0036376;00-0035149;00-0036618;00-0039910;00-0033699;00-0030725;00-0033831;00-0030061;00-0036628;00-0035659;00-0035208,Tyler Biadasz;Nick Allegretti;Sam Cosmi;Jayden Daniels;Austin Ekeler;Cornelius Lucas;Andrew Wylie;Zach Ertz;John Bates;Terry McLaurin;Olamide Zaccheaus,00-0035699;00-0036241;00-0030386;00-0037627;00-0037662;00-0036411;00-0029562;00-0036643;00-0039902;00-0035254;00-0034374,Jamel Dean;Bryce Hall;William Gholston;Mike Greene;C.J. Brewer;Antoine Winfield Jr.;Lavonte David;K.J. Britt;Chris Braswell;Anthony Nelson;Jordan Whitehead
2024_01_WAS_TB,2104,run,3.0,49.0,46.0,WAS,3.0,1711.0,49.0,25.0,13:31,13:06,,16.0,7.0,1.0,10.0,"2 CB, 1 DE, 2 DT, 1 FS, 2 ILB, 1 LB, 1 OLB, 1 SS",CB;CB;DE;DT;DT;FS;ILB;ILB;LB;OLB;SS,11,8,0,,,False,00-0036376;00-0035149;00-0036618;00-0039910;00-0037746;00-0030725;00-0033831;00-0036628;00-0039912;00-0035208;00-0036626,Tyler Biadasz;Nick Allegretti;Sam Cosmi;Jayden Daniels;Brian Robinson;Cornelius Lucas;Andrew Wylie;John Bates;Ben Sinnott;Olamide Zaccheaus;Dyami Brown,00-0035699;00-0036241;00-0030386;00-0037627;00-0037662;00-0036411;00-0029562;00-0036643;00-0039902;00-0035254;00-0034374,Jamel Dean;Bryce Hall;William Gholston;Mike Greene;C.J. Brewer;Antoine Winfield Jr.;Lavonte David;K.J. Britt;Chris Braswell;Anthony Nelson;Jordan Whitehead
2024_01_WAS_TB,2126,run,6.0,46.0,40.0,WAS,3.0,1686.0,46.0,29.0,13:06,12:37,,16.0,7.0,2.0,7.0,"2 CB, 1 DE, 2 DT, 1 FS, 2 ILB, 1 LB, 1 OLB, 1 SS",CB;CB;DE;DT;DT;FS;ILB;ILB;LB;OLB;SS,11,7,0,,,False,00-0036376;00-0035149;00-0036618;00-0039910;00-0037746;00-0030725;00-0033831;00-0036628;00-0039912;00-0035208;00-0036626,Tyler Biadasz;Nick Allegretti;Sam Cosmi;Jayden Daniels;Brian Robinson;Cornelius Lucas;Andrew Wylie;John Bates;Ben Sinnott;Olamide Zaccheaus;Dyami Brown,00-0035699;00-0036241;00-0030386;00-0037627;00-0037662;00-0036411;00-0029562;00-0036643;00-0039902;00-0035254;00-0034374,Jamel Dean;Bryce Hall;William Gholston;Mike Greene;C.J. Brewer;Antoine Winfield Jr.;Lavonte David;K.J. Britt;Chris Braswell;Anthony Nelson;Jordan Whitehead
2024_01_WAS_TB,2155,run,0.0,40.0,40.0,WAS,3.0,1657.0,40.0,46.0,12:37,11:51,,16.0,7.0,3.0,1.0,"1 CB, 1 DE, 1 FS, 2 ILB, 1 LB, 2 NT, 1 OLB, 2 SS",CB;DE;FS;ILB;ILB;LB;NT;NT;OLB;SS;SS,11,8,0,,,False,00-0036376;00-0035149;00-0036618;00-0039910;00-0033699;00-0037746;00-0030725;00-0033831;00-0034571;00-0036628;00-0036626,Tyler Biadasz;Nick Allegretti;Sam Cosmi;Jayden Daniels;Austin Ekeler;Brian Robinson;Cornelius Lucas;Andrew Wylie;Trent Scott;John Bates;Dyami Brown,00-0035699;00-0030386;00-0036411;00-0029562;00-0036643;00-0039902;00-0034773;00-0035667;00-0035254;00-0034374;00-0038820,Jamel Dean;William Gholston;Antoine Winfield Jr.;Lavonte David;K.J. Britt;Chris Braswell;Vita Vea;Greg Gaines;Anthony Nelson;Jordan Whitehead;Christian Izien
2024_01_WAS_TB,2189,run,2.0,40.0,38.0,WAS,3.0,1611.0,40.0,20.0,11:51,11:31,,16.0,7.0,4.0,1.0,"1 CB, 1 DE, 1 FS, 2 ILB, 1 LB, 2 NT, 1 OLB, 2 SS",CB;DE;FS;ILB;ILB;LB;NT;NT;OLB;SS;SS,11,8,0,,,False,00-0036376;00-0035149;00-0036618;00-0039910;00-0037746;00-0030725;00-0033831;00-0034571;00-0030061;00-0036628;00-0039912,Tyler Biadasz;Nick Allegretti;Sam Cosmi;Jayden Daniels;Brian Robinson;Cornelius Lucas;Andrew Wylie;Trent Scott;Zach Ertz;John Bates;Ben Sinnott,00-0035699;00-0030386;00-0036411;00-0029562;00-0036643;00-0039902;00-0034773;00-0035667;00-0035254;00-0034374;00-0038820,Jamel Dean;William Gholston;Antoine Winfield Jr.;Lavonte David;K.J. Britt;Chris Braswell;Vita Vea;Greg Gaines;Anthony Nelson;Jordan Whitehead;Christian Izien
2024_01_WAS_TB,2229,run,2.0,38.0,36.0,WAS,3.0,1591.0,38.0,40.0,11:31,10:51,,16.0,7.0,1.0,10.0,"1 CB, 1 DE, 1 FS, 2 ILB, 1 LB, 2 NT, 1 OLB, 2 SS",CB;DE;FS;ILB;ILB;LB;NT;NT;OLB;SS;SS,11,6,0,,,False,00-0036376;00-0035149;00-0036618;00-0039910;00-0033699;00-0030725;00-0033831;00-0036628;00-0039912;00-0035659;00-0035208,Tyler Biadasz;Nick Allegretti;Sam Cosmi;Jayden Daniels;Austin Ekeler;Cornelius Lucas;Andrew Wylie;John Bates;Ben Sinnott;Terry McLaurin;Olamide Zaccheaus,00-0035699;00-0030386;00-0036411;00-0029562;00-0036643;00-0039902;00-0034773;00-0035667;00-0035254;00-0034374;00-0038820,Jamel Dean;William Gholston;Antoine Winfield Jr.;Lavonte David;K.J. Britt;Chris Braswell;Vita Vea;Greg Gaines;Anthony Nelson;Jordan Whitehead;Christian Izien
2024_01_WAS_TB,2251,pass,-10.0,36.0,46.0,WAS,3.0,1551.0,36.0,36.0,10:51,10:15,,16.0,7.0,2.0,8.0,"1 CB, 1 DB, 1 FS, 2 ILB, 2 NT, 2 OLB, 2 SS",CB;DB;FS;ILB;ILB;NT;NT;OLB;OLB;SS;SS,11,5,5,MAN_COVERAGE,COVER_1,True,00-0036376;00-0035149;00-0036618;00-0039910;00-0033699;00-0030725;00-0033831;00-0030061;00-0035659;00-0035208;00-0039355,Tyler Biadasz;Nick Allegretti;Sam Cosmi;Jayden Daniels;Austin Ekeler;Cornelius Lucas;Andrew Wylie;Zach Ertz;Terry McLaurin;Olamide Zaccheaus;Luke McCaffrey,00-0035699;00-0039846;00-0036411;00-0029562;00-0036643;00-0034773;00-0035667;00-0036967;00-0039068;00-0034374;00-0038820,Jamel Dean;Tykee Smith;Antoine Winfield Jr.;Lavonte David;K.J. Britt;Vita Vea;Greg Gaines;Joe Tryon-Shoyinka;Yaya Diaby;Jordan Whitehead;Christian Izien
2024_01_WAS_TB,2281,pass,8.0,46.0,38.0,WAS,3.0,1515.0,46.0,0.0,10:15,10:15,,16.0,7.0,3.0,18.0,"1 CB, 1 DB, 1 FS, 2 ILB, 2 NT, 2 OLB, 2 SS",CB;DB;FS;ILB;ILB;NT;NT;OLB;OLB;SS;SS,11,5,5,ZONE_COVERAGE,COMBO,False,00-0036376;00-0035149;00-0036618;00-0039910;00-0033699;00-0030725;00-0033831;00-0030061;00-0035659;00-0036626;00-0039355,Tyler Biadasz;Nick Allegretti;Sam Cosmi;Jayden Daniels;Austin Ekeler;Cornelius Lucas;Andrew Wylie;Zach Ertz;Terry McLaurin;Dyami Brown;Luke McCaffrey,00-0035699;00-0039846;00-0036411;00-0036643;00-0039049;00-0034773;00-0035667;00-0036967;00-0039068;00-0034374;00-0038820,Jamel Dean;Tykee Smith;Antoine Winfield Jr.;K.J. Britt;SirVocea Dennis;Vita Vea;Greg Gaines;Joe Tryon-Shoyinka;Yaya Diaby;Jordan Whitehead;Christian Izien
2024_01_WAS_TB,2300,timeout,0.0,,,,3.0,1515.0,,49.0,10:15,9:26,TB,16.0,7.0,,0.0,,,,,,,,,,,,
2024_01_WAS_TB,2321,field_goal,0.0,38.0,38.0,WAS,3.0,1466.0,38.0,5.0,9:26,9:21,,16.0,7.0,4.0,10.0,"2 CB, 1 DE, 1 DT, 2 ILB, 1 NT, 2 OLB, 1 SS, 1 WR",CB;CB;DE;DT;ILB;ILB;NT;OLB;OLB;SS;WR,11,0,0,,,False,00-0035686;00-0035149;00-0036618;00-0038097;00-0031156;00-0030140;00-0030725;00-0033831;00-0034571;00-0039913;00-0036628,Michael Deiter;Nick Allegretti;Sam Cosmi;Cade York;Tyler Ott;Tress Way;Cornelius Lucas;Andrew Wylie;Trent Scott;Brandon Coleman;John Bates,00-0034488;00-0035699;00-0030386;00-0037662;00-0036643;00-0037491;00-0034773;00-0035254;00-0039068;00-0038820;00-0039589,Tavierre Thomas;Jamel Dean;William Gholston;C.J. Brewer;K.J. Britt;J.J. Russell;Vita Vea;Anthony Nelson;Yaya Diaby;Christian Izien;Kameron Johnson
2024_01_WAS_TB,2342,pass,9.0,54.0,45.0,TB,3.0,1461.0,54.0,39.0,9:21,8:42,,16.0,7.0,1.0,10.0,"3 CB, 1 DB, 2 DE, 2 DT, 1 FS, 2 ILB",CB;CB;CB;DB;DE;DE;DT;DT;FS;ILB;ILB,11,7,4,ZONE_COVERAGE,COVER_2,False,00-0039905;00-0036132;00-0037835;00-0039157;00-0034855;00-0037256;00-0039361;00-0036406;00-0039050;00-0033921;00-0039052,Graham Barton;Ben Bredeson;Luke Goedeke;Cody Mauch;Baker Mayfield;Rachaad White;Bucky Irving;Tristan Wirfs;Payne Durham;Chris Godwin;Trey Palmer,00-0036625;00-0039151;00-0039149;00-0039898;00-0034373;00-0035692;00-0033523;00-0034333;00-0036293;00-0029255;00-0034302,Benjamin St-Juste;Emmanuel Forbes;Quan Martin;Mike Sainristil;Dorance Armstrong;Clelin Ferrell;Jonathan Allen;Daron Payne;Jeremy Chinn;Bobby Wagner;Frankie Luvu
2024_01_WAS_TB,2374,run,15.0,45.0,30.0,TB,3.0,1422.0,45.0,40.0,8:42,8:02,,16.0,7.0,2.0,1.0,"3 CB, 1 DB, 2 DE, 2 DT, 1 FS, 2 ILB",CB;CB;CB;DB;DE;DE;DT;DT;FS;ILB;ILB,11,7,0,,,False,00-0039905;00-0036132;00-0037835;00-0039157;00-0034855;00-0037256;00-0036406;00-0038129;00-0031408;00-0033921;00-0039855,Graham Barton;Ben Bredeson;Luke Goedeke;Cody Mauch;Baker Mayfield;Rachaad White;Tristan Wirfs;Cade Otton;Mike Evans;Chris Godwin;Jalen McMillan,00-0036625;00-0039151;00-0039149;00-0039898;00-0034373;00-0035692;00-0033523;00-0034333;00-0036293;00-0029255;00-0034302,Benjamin St-Juste;Emmanuel Forbes;Quan Martin;Mike Sainristil;Dorance Armstrong;Clelin Ferrell;Jonathan Allen;Daron Payne;Jeremy Chinn;Bobby Wagner;Frankie Luvu
2024_01_WAS_TB,2396,pass,0.0,30.0,30.0,TB,3.0,1382.0,30.0,3.0,8:02,7:59,,16.0,7.0,1.0,10.0,"3 CB, 1 DB, 2 DE, 2 DT, 1 FS, 2 ILB",CB;CB;CB;DB;DE;DE;DT;DT;FS;ILB;ILB,11,6,6,MAN_COVERAGE,COVER_1,True,00-0039905;00-0036132;00-0037835;00-0039157;00-0034855;00-0037256;00-0036406;00-0038129;00-0031408;00-0033921;00-0039855,Graham Barton;Ben Bredeson;Luke Goedeke;Cody Mauch;Baker Mayfield;Rachaad White;Tristan Wirfs;Cade Otton;Mike Evans;Chris Godwin;Jalen McMillan,00-0036625;00-0039151;00-0039149;00-0039898;00-0034373;00-0035692;00-0033523;00-0034333;00-0036293;00-0029255;00-0034302,Benjamin St-Juste;Emmanuel Forbes;Quan Martin;Mike Sainristil;Dorance Armstrong;Clelin Ferrell;Jonathan Allen;Daron Payne;Jeremy Chinn;Bobby Wagner;Frankie Luvu
2024_01_WAS_TB,2419,run,0.0,30.0,30.0,TB,3.0,1379.0,30.0,39.0,7:59,7:20,,16.0,7.0,2.0,10.0,"3 CB, 1 DB, 2 DE, 2 DT, 1 FS, 2 ILB",CB;CB;CB;DB;DE;DE;DT;DT;FS;ILB;ILB,11,6,0,,,False,00-0039905;00-0036132;00-0037835;00-0039157;00-0034855;00-0037256;00-0036406;00-0038129;00-0031408;00-0039855;00-0039589,Graham Barton;Ben Bredeson;Luke Goedeke;Cody Mauch;Baker Mayfield;Rachaad White;Tristan Wirfs;Cade Otton;Mike Evans;Jalen McMillan;Kameron Johnson,00-0036625;00-0039151;00-0039149;00-0039898;00-0034373;00-0035692;00-0033523;00-0034333;00-0036293;00-0029255;00-0034302,Benjamin St-Juste;Emmanuel Forbes;Quan Martin;Mike Sainristil;Dorance Armstrong;Clelin Ferrell;Jonathan Allen;Daron Payne;Jeremy Chinn;Bobby Wagner;Frankie Luvu
2024_01_WAS_TB,2441,no_play,0.0,30.0,30.0,TB,3.0,1340.0,30.0,5.0,7:20,7:15,,16.0,7.0,3.0,10.0,"3 CB, 1 DB, 1 DE, 2 DT, 1 FS, 2 ILB, 1 OLB",CB;CB;CB;DB;DE;DT;DT;FS;ILB;ILB;OLB,11,6,4,MAN_COVERAGE,COVER_0,False,00-0039905;00-0036132;00-0037835;00-0039157;00-0034855;00-0037256;00-0036406;00-0038129;00-0031408;00-0033921;00-0039855,Graham Barton;Ben Bredeson;Luke Goedeke;Cody Mauch;Baker Mayfield;Rachaad White;Tristan Wirfs;Cade Otton;Mike Evans;Chris Godwin;Jalen McMillan,00-0036625;00-0039151;00-0039149;00-0039898;00-0034373;00-0033523;00-0034333;00-0036293;00-0029255;00-0034302;00-0032052,Benjamin St-Juste;Emmanuel Forbes;Quan Martin;Mike Sainristil;Dorance Armstrong;Jonathan Allen;Daron Payne;Jeremy Chinn;Bobby Wagner;Frankie Luvu;Dante Fowler Jr.
2024_01_WAS_TB,2487,pass,4.0,4.0,0.0,TB,3.0,1335.0,4.0,4.0,7:15,7:11,,22.0,7.0,1.0,4.0,"3 CB, 1 DB, 2 DE, 2 DT, 1 FS, 2 ILB",CB;CB;CB;DB;DE;DE;DT;DT;FS;ILB;ILB,11,6,4,MAN_COVERAGE,COVER_0,False,00-0039905;00-0036132;00-0037835;00-0039157;00-0034855;00-0037256;00-0036406;00-0038129;00-0031408;00-0033921;00-0039855,Graham Barton;Ben Bredeson;Luke Goedeke;Cody Mauch;Baker Mayfield;Rachaad White;Tristan Wirfs;Cade Otton;Mike Evans;Chris Godwin;Jalen McMillan,00-0036287;00-0036625;00-0039149;00-0039898;00-0035692;00-0039412;00-0033523;00-0034333;00-0036293;00-0029255;00-0034302,Noah Igbinoghene;Benjamin St-Juste;Quan Martin;Mike Sainristil;Clelin Ferrell;Javontae Jean-Baptiste;Jonathan Allen;Daron Payne;Jeremy Chinn;Bobby Wagner;Frankie Luvu
2024_01_WAS_TB,2513,extra_point,0.0,15.0,15.0,TB,3.0,1331.0,15.0,0.0,7:11,7:11,,23.0,7.0,,0.0,"3 CB, 3 DE, 2 DT, 1 FS, 2 ILB",CB;CB;CB;DE;DE;DE;DT;DT;FS;ILB;ILB,11,0,0,,,False,00-0036985;00-0039905;00-0036132;00-0037835;00-0039157;00-0035358;00-0038817;00-0035254;00-0038042;00-0034989;00-0036406,Robert Hainsey;Graham Barton;Ben Bredeson;Luke Goedeke;Cody Mauch;Chase McLaughlin;Evan Deckers;Anthony Nelson;Jake Camarda;Justin Skule;Tristan Wirfs,00-0033697;00-0036625;00-0039149;00-0034373;00-0035692;00-0039412;00-0033010;00-0038099;00-0036293;00-0029255;00-0034302,Michael Davis;Benjamin St-Juste;Quan Martin;Dorance Armstrong;Clelin Ferrell;Javontae Jean-Baptiste;Sheldon Day;Phidarian Mathis;Jeremy Chinn;Bobby Wagner;Frankie Luvu
2024_01_WAS_TB,2528,kickoff,0.0,35.0,35.0,WAS,3.0,1331.0,35.0,0.0,7:11,7:11,,23.0,7.0,,0.0,"2 CB, 2 ILB, 1 LB, 3 OLB, 1 P, 1 TE, 1 WR",CB;CB;ILB;ILB;LB;OLB;OLB;OLB;P;TE;WR,11,0,0,,,False,00-0039681;00-0038100;00-0028292;00-0036300;00-0033955;00-0033699;00-0039686;00-0034465;00-0036628;00-0039912;00-0036626,Tyler Owens;Percy Butler;Nick Bellore;Mykal Walker;Jeremy McNichols;Austin Ekeler;Colson Yankoff;Jeremy Reaves;John Bates;Ben Sinnott;Dyami Brown,00-0034488;00-0035699;00-0037491;00-0039049;00-0039902;00-0035254;00-0036967;00-0038958;00-0038042;00-0037311;00-0039589,Tavierre Thomas;Jamel Dean;J.J. Russell;SirVocea Dennis;Chris Braswell;Anthony Nelson;Joe Tryon-Shoyinka;Markees Watts;Jake Camarda;Ko Kieft;Kameron Johnson
2024_01_WAS_TB,2552,run,5.0,70.0,65.0,WAS,3.0,1331.0,70.0,35.0,7:11,6:36,,23.0,7.0,1.0,10.0,"1 CB, 1 DB, 2 DT, 1 FS, 2 ILB, 2 OLB, 2 SS",CB;DB;DT;DT;FS;ILB;ILB;OLB;OLB;SS;SS,11,6,0,,,False,00-0036376;00-0035149;00-0036618;00-0039910;00-0037746;00-0030725;00-0033831;00-0030061;00-0035659;00-0035208;00-0039355,Tyler Biadasz;Nick Allegretti;Sam Cosmi;Jayden Daniels;Brian Robinson;Cornelius Lucas;Andrew Wylie;Zach Ertz;Terry McLaurin;Olamide Zaccheaus;Luke McCaffrey,00-0035699;00-0039846;00-0037627;00-0037662;00-0036411;00-0029562;00-0036643;00-0036967;00-0039068;00-0034374;00-0038820,Jamel Dean;Tykee Smith;Mike Greene;C.J. Brewer;Antoine Winfield Jr.;Lavonte David;K.J. Britt;Joe Tryon-Shoyinka;Yaya Diaby;Jordan Whitehead;Christian Izien
2024_01_WAS_TB,2574,pass,0.0,65.0,65.0,WAS,3.0,1296.0,65.0,3.0,6:36,6:33,,23.0,7.0,2.0,5.0,"1 CB, 1 DB, 2 DT, 1 FS, 2 ILB, 2 OLB, 2 SS",CB;DB;DT;DT;FS;ILB;ILB;OLB;OLB;SS;SS,11,6,4,ZONE_COVERAGE,COVER_2,False,00-0036376;00-0035149;00-0036618;00-0039910;00-0037746;00-0030725;00-0033831;00-0030061;00-0035659;00-0035208;00-0039355,Tyler Biadasz;Nick Allegretti;Sam Cosmi;Jayden Daniels;Brian Robinson;Cornelius Lucas;Andrew Wylie;Zach Ertz;Terry McLaurin;Olamide Zaccheaus;Luke McCaffrey,00-0035699;00-0039846;00-0037627;00-0037662;00-0036411;00-0029562;00-0036643;00-0036967;00-0039068;00-0034374;00-0038820,Jamel Dean;Tykee Smith;Mike Greene;C.J. Brewer;Antoine Winfield Jr.;Lavonte David;K.J. Britt;Joe Tryon-Shoyinka;Yaya Diaby;Jordan Whitehead;Christian Izien
2024_01_WAS_TB,2597,pass,0.0,65.0,65.0,WAS,3.0,1293.0,65.0,4.0,6:33,6:29,,23.0,7.0,3.0,5.0,"1 CB, 1 DB, 1 FS, 2 ILB, 2 NT, 2 OLB, 2 SS",CB;DB;FS;ILB;ILB;NT;NT;OLB;OLB;SS;SS,11,5,5,MAN_COVERAGE,2_MAN,False,00-0036376;00-0035149;00-0036618;00-0039910;00-0037746;00-0030725;00-0033831;00-0030061;00-0035659;00-0035208;00-0039355,Tyler Biadasz;Nick Allegretti;Sam Cosmi;Jayden Daniels;Brian Robinson;Cornelius Lucas;Andrew Wylie;Zach Ertz;Terry McLaurin;Olamide Zaccheaus;Luke McCaffrey,00-0035699;00-0039846;00-0036411;00-0029562;00-0039049;00-0034773;00-0035667;00-0036967;00-0039068;00-0034374;00-0038820,Jamel Dean;Tykee Smith;Antoine Winfield Jr.;Lavonte David;SirVocea Dennis;Vita Vea;Greg Gaines;Joe Tryon-Shoyinka;Yaya Diaby;Jordan Whitehead;Christian Izien
2024_01_WAS_TB,2623,punt,0.0,65.0,65.0,WAS,3.0,1289.0,65.0,9.0,6:29,6:20,,23.0,7.0,4.0,5.0,"2 CB, 2 ILB, 2 OLB, 1 RB, 1 SS, 1 TE, 2 WR",CB;CB;ILB;ILB;OLB;OLB;RB;SS;TE;WR;WR,11,0,0,,,False,00-0039681;00-0038100;00-0028292;00-0036300;00-0031156;00-0036614;00-0030140;00-0033955;00-0039686;00-0034465;00-0036628,Tyler Owens;Percy Butler;Nick Bellore;Mykal Walker;Tyler Ott;Jamin Davis;Tress Way;Jeremy McNichols;Colson Yankoff;Jeremy Reaves;John Bates,00-0034488;00-0035699;00-0037491;00-0039049;00-0035254;00-0038958;00-0038951;00-0038820;00-0037311;00-0039052;00-0039589,Tavierre Thomas;Jamel Dean;J.J. Russell;SirVocea Dennis;Anthony Nelson;Markees Watts;Sean Tucker;Christian Izien;Ko Kieft;Trey Palmer;Kameron Johnson
2024_01_WAS_TB,2643,pass,0.0,76.0,76.0,TB,3.0,1280.0,76.0,3.0,6:20,6:17,,23.0,7.0,1.0,10.0,"3 CB, 1 DB, 1 DE, 2 DT, 1 FS, 2 ILB, 1 OLB",CB;CB;CB;DB;DE;DT;DT;FS;ILB;ILB;OLB,11,6,5,MAN_COVERAGE,COVER_1,False,00-0039905;00-0036132;00-0037835;00-0039157;00-0034855;00-0039361;00-0036406;00-0038129;00-0031408;00-0033921;00-0039855,Graham Barton;Ben Bredeson;Luke Goedeke;Cody Mauch;Baker Mayfield;Bucky Irving;Tristan Wirfs;Cade Otton;Mike Evans;Chris Godwin;Jalen McMillan,00-0036287;00-0036625;00-0039149;00-0039898;00-0039412;00-0033010;00-0038099;00-0036293;00-0029255;00-0034302;00-0036614,Noah Igbinoghene;Benjamin St-Juste;Quan Martin;Mike Sainristil;Javontae Jean-Baptiste;Sheldon Day;Phidarian Mathis;Jeremy Chinn;Bobby Wagner;Frankie Luvu;Jamin Davis
2024_01_WAS_TB,2673,run,7.0,76.0,69.0,TB,3.0,1277.0,76.0,38.0,6:17,5:39,,23.0,7.0,2.0,10.0,"3 CB, 1 DB, 1 DE, 2 DT, 1 FS, 2 ILB, 1 OLB",CB;CB;CB;DB;DE;DT;DT;FS;ILB;ILB;OLB,11,6,0,,,False,00-0039905;00-0036132;00-0037835;00-0039157;00-0034855;00-0039361;00-0036406;00-0038129;00-0033921;00-0039052;00-0039855,Graham Barton;Ben Bredeson;Luke Goedeke;Cody Mauch;Baker Mayfield;Bucky Irving;Tristan Wirfs;Cade Otton;Chris Godwin;Trey Palmer;Jalen McMillan,00-0036287;00-0036625;00-0039149;00-0039898;00-0039412;00-0033010;00-0038099;00-0036293;00-0029255;00-0034302;00-0036614,Noah Igbinoghene;Benjamin St-Juste;Quan Martin;Mike Sainristil;Javontae Jean-Baptiste;Sheldon Day;Phidarian Mathis;Jeremy Chinn;Bobby Wagner;Frankie Luvu;Jamin Davis
2024_01_WAS_TB,2695,pass,-9.0,69.0,78.0,TB,3.0,1239.0,69.0,44.0,5:39,4:55,,23.0,7.0,3.0,3.0,"3 CB, 1 DB, 1 DE, 2 DT, 1 FS, 2 ILB, 1 OLB",CB;CB;CB;DB;DE;DT;DT;FS;ILB;ILB;OLB,11,6,6,MAN_COVERAGE,COVER_1,True,00-0039905;00-0036132;00-0037835;00-0039157;00-0034855;00-0037256;00-0036406;00-0038129;00-0031408;00-0033921;00-0039855,Graham Barton;Ben Bredeson;Luke Goedeke;Cody Mauch;Baker Mayfield;Rachaad White;Tristan Wirfs;Cade Otton;Mike Evans;Chris Godwin;Jalen McMillan,00-0036287;00-0036625;00-0039149;00-0039898;00-0035692;00-0033523;00-0034333;00-0036293;00-0029255;00-0034302;00-0032052,Noah Igbinoghene;Benjamin St-Juste;Quan Martin;Mike Sainristil;Clelin Ferrell;Jonathan Allen;Daron Payne;Jeremy Chinn;Bobby Wagner;Frankie Luvu;Dante Fowler Jr.
2024_01_WAS_TB,2715,punt,0.0,78.0,78.0,TB,3.0,1195.0,78.0,7.0,4:55,4:48,,23.0,7.0,4.0,12.0,"2 CB, 1 DB, 1 DE, 1 FS, 2 ILB, 2 RB, 1 SS, 1 WR",CB;CB;DB;DE;FS;ILB;ILB;RB;RB;SS;WR,11,0,0,,,False,00-0034488;00-0039846;00-0037491;00-0039049;00-0038817;00-0035254;00-0038042;00-0038951;00-0037311;00-0039050;00-0039589,Tavierre Thomas;Tykee Smith;J.J. Russell;SirVocea Dennis;Evan Deckers;Anthony Nelson;Jake Camarda;Sean Tucker;Ko Kieft;Payne Durham;Kameron Johnson,00-0033697;00-0036287;00-0039681;00-0034373;00-0038100;00-0028292;00-0036300;00-0033955;00-0039686;00-0034465;00-0031941,Michael Davis;Noah Igbinoghene;Tyler Owens;Dorance Armstrong;Percy Butler;Nick Bellore;Mykal Walker;Jeremy McNichols;Colson Yankoff;Jeremy Reaves;Jamison Crowder
2024_01_WAS_TB,2735,pass,9.0,60.0,51.0,WAS,3.0,1188.0,60.0,33.0,4:48,4:15,,23.0,7.0,1.0,10.0,"1 CB, 1 DB, 2 DT, 1 FS, 2 ILB, 1 LB, 1 OLB, 2 SS",CB;DB;DT;DT;FS;ILB;ILB;LB;OLB;SS;SS,11,6,5,ZONE_COVERAGE,COVER_4,False,00-0036376;00-0035149;00-0036618;00-0039910;00-0037746;00-0033831;00-0039913;00-0030061;00-0035659;00-0036626;00-0039355,Tyler Biadasz;Nick Allegretti;Sam Cosmi;Jayden Daniels;Brian Robinson;Andrew Wylie;Brandon Coleman;Zach Ertz;Terry McLaurin;Dyami Brown;Luke McCaffrey,00-0035699;00-0039846;00-0037627;00-0037662;00-0036411;00-0029562;00-0036643;00-0039902;00-0035254;00-0034374;00-0038820,Jamel Dean;Tykee Smith;Mike Greene;C.J. Brewer;Antoine Winfield Jr.;Lavonte David;K.J. Britt;Chris Braswell;Anthony Nelson;Jordan Whitehead;Christian Izien
2024_01_WAS_TB,2767,run,6.0,51.0,45.0,WAS,3.0,1155.0,51.0,40.0,4:15,3:35,,23.0,7.0,2.0,1.0,"1 CB, 1 DB, 2 DT, 1 FS, 2 ILB, 1 LB, 1 OLB, 2 SS",CB;DB;DT;DT;FS;ILB;ILB;LB;OLB;SS;SS,11,6,0,,,False,00-0036376;00-0035149;00-0036618;00-0039910;00-0037746;00-0033831;00-0039913;00-0030061;00-0035659;00-0036626;00-0039355,Tyler Biadasz;Nick Allegretti;Sam Cosmi;Jayden Daniels;Brian Robinson;Andrew Wylie;Brandon Coleman;Zach Ertz;Terry McLaurin;Dyami Brown;Luke McCaffrey,00-0035699;00-0039846;00-0037627;00-0037662;00-0036411;00-0029562;00-0036643;00-0039902;00-0035254;00-0034374;00-0038820,Jamel Dean;Tykee Smith;Mike Greene;C.J. Brewer;Antoine Winfield Jr.;Lavonte David;K.J. Britt;Chris Braswell;Anthony Nelson;Jordan Whitehead;Christian Izien
2024_01_WAS_TB,2789,pass,6.0,45.0,39.0,WAS,3.0,1115.0,45.0,41.0,3:35,2:54,,23.0,7.0,1.0,10.0,"1 CB, 1 DE, 2 DT, 1 FS, 2 ILB, 1 LB, 1 OLB, 2 SS",CB;DE;DT;DT;FS;ILB;ILB;LB;OLB;SS;SS,11,6,4,ZONE_COVERAGE,COVER_2,False,00-0036376;00-0035149;00-0036618;00-0039910;00-0037746;00-0033831;00-0039913;00-0030061;00-0036628;00-0039912;00-0035659,Tyler Biadasz;Nick Allegretti;Sam Cosmi;Jayden Daniels;Brian Robinson;Andrew Wylie;Brandon Coleman;Zach Ertz;John Bates;Ben Sinnott;Terry McLaurin,00-0035699;00-0030386;00-0037627;00-0037662;00-0036411;00-0029562;00-0036643;00-0039902;00-0035254;00-0034374;00-0038820,Jamel Dean;William Gholston;Mike Greene;C.J. Brewer;Antoine Winfield Jr.;Lavonte David;K.J. Britt;Chris Braswell;Anthony Nelson;Jordan Whitehead;Christian Izien
2024_01_WAS_TB,2814,run,6.0,39.0,33.0,WAS,3.0,1074.0,39.0,20.0,2:54,2:34,,23.0,7.0,2.0,4.0,"1 CB, 1 DE, 2 DT, 1 FS, 2 ILB, 1 LB, 1 OLB, 2 SS",CB;DE;DT;DT;FS;ILB;ILB;LB;OLB;SS;SS,11,7,0,,,False,00-0036376;00-0035149;00-0036618;00-0039910;00-0033699;00-0037746;00-0033831;00-0039913;00-0030061;00-0035659;00-0036626,Tyler Biadasz;Nick Allegretti;Sam Cosmi;Jayden Daniels;Austin Ekeler;Brian Robinson;Andrew Wylie;Brandon Coleman;Zach Ertz;Terry McLaurin;Dyami Brown,00-0035699;00-0030386;00-0037627;00-0037662;00-0036411;00-0029562;00-0036643;00-0039902;00-0035254;00-0034374;00-0038820,Jamel Dean;William Gholston;Mike Greene;C.J. Brewer;Antoine Winfield Jr.;Lavonte David;K.J. Britt;Chris Braswell;Anthony Nelson;Jordan Whitehead;Christian Izien
2024_01_WAS_TB,2836,pass,32.0,33.0,1.0,WAS,3.0,1054.0,33.0,39.0,2:34,1:55,,23.0,7.0,1.0,10.0,"1 CB, 1 DE, 2 DT, 1 FS, 2 ILB, 1 LB, 1 OLB, 2 SS",CB;DE;DT;DT;FS;ILB;ILB;LB;OLB;SS;SS,11,6,4,ZONE_COVERAGE,COMBO,False,00-0036376;00-0035149;00-0036618;00-0039910;00-0033699;00-0037746;00-0033831;00-0039913;00-0030061;00-0035659;00-0036626,Tyler Biadasz;Nick Allegretti;Sam Cosmi;Jayden Daniels;Austin Ekeler;Brian Robinson;Andrew Wylie;Brandon Coleman;Zach Ertz;Terry McLaurin;Dyami Brown,00-0035699;00-0030386;00-0037627;00-0037662;00-0036411;00-0029562;00-0036643;00-0039902;00-0035254;00-0034374;00-0038820,Jamel Dean;William Gholston;Mike Greene;C.J. Brewer;Antoine Winfield Jr.;Lavonte David;K.J. Britt;Chris Braswell;Anthony Nelson;Jordan Whitehead;Christian Izien
2024_01_WAS_TB,2868,run,1.0,1.0,0.0,WAS,3.0,1015.0,1.0,3.0,1:55,1:52,,23.0,13.0,1.0,1.0,"1 CB, 1 DE, 1 FS, 2 ILB, 2 NT, 2 OLB, 2 SS",CB;DE;FS;ILB;ILB;NT;NT;OLB;OLB;SS;SS,11,8,0,,,False,00-0036376;00-0035149;00-0036618;00-0039910;00-0033699;00-0037746;00-0033831;00-0039913;00-0030061;00-0035659;00-0036626,Tyler Biadasz;Nick Allegretti;Sam Cosmi;Jayden Daniels;Austin Ekeler;Brian Robinson;Andrew Wylie;Brandon Coleman;Zach Ertz;Terry McLaurin;Dyami Brown,00-0035699;00-0030386;00-0036411;00-0029562;00-0039049;00-0034773;00-0035667;00-0035254;00-0039068;00-0034374;00-0038820,Jamel Dean;William Gholston;Antoine Winfield Jr.;Lavonte David;SirVocea Dennis;Vita Vea;Greg Gaines;Anthony Nelson;Yaya Diaby;Jordan Whitehead;Christian Izien
2024_01_WAS_TB,2891,extra_point,0.0,15.0,15.0,WAS,3.0,1012.0,15.0,0.0,1:52,1:52,,23.0,14.0,,0.0,"2 CB, 1 DE, 1 DT, 2 ILB, 1 NT, 2 OLB, 1 SS, 1 WR",CB;CB;DE;DT;ILB;ILB;NT;OLB;OLB;SS;WR,11,0,0,,,False,00-0035686;00-0035149;00-0036618;00-0038097;00-0031156;00-0030140;00-0030725;00-0033831;00-0034571;00-0039913;00-0036628,Michael Deiter;Nick Allegretti;Sam Cosmi;Cade York;Tyler Ott;Tress Way;Cornelius Lucas;Andrew Wylie;Trent Scott;Brandon Coleman;John Bates,00-0034488;00-0035699;00-0030386;00-0037662;00-0036643;00-0037491;00-0034773;00-0035254;00-0039068;00-0038820;00-0039589,Tavierre Thomas;Jamel Dean;William Gholston;C.J. Brewer;K.J. Britt;J.J. Russell;Vita Vea;Anthony Nelson;Yaya Diaby;Christian Izien;Kameron Johnson
2024_01_WAS_TB,2906,kickoff,0.0,35.0,35.0,TB,3.0,1012.0,35.0,5.0,1:52,1:47,,23.0,14.0,,0.0,"2 CB, 1 DB, 2 FS, 2 ILB, 1 K, 2 RB, 1 SS",CB;CB;DB;FS;FS;ILB;ILB;K;RB;RB;SS,11,0,0,,,False,00-0034488;00-0039846;00-0037491;00-0039049;00-0039902;00-0035254;00-0038958;00-0038951;00-0039361;00-0037311;00-0039050,Tavierre Thomas;Tykee Smith;J.J. Russell;SirVocea Dennis;Chris Braswell;Anthony Nelson;Markees Watts;Sean Tucker;Bucky Irving;Ko Kieft;Payne Durham,00-0033697;00-0039149;00-0039681;00-0036293;00-0038100;00-0028292;00-0036300;00-0038097;00-0033955;00-0039686;00-0034465,Michael Davis;Quan Martin;Tyler Owens;Jeremy Chinn;Percy Butler;Nick Bellore;Mykal Walker;Cade York;Jeremy McNichols;Colson Yankoff;Jeremy Reaves
2024_01_WAS_TB,2936,pass,5.0,72.0,67.0,TB,3.0,1007.0,72.0,35.0,1:47,1:12,,23.0,14.0,1.0,10.0,"3 CB, 1 DB, 1 DE, 2 DT, 1 FS, 2 ILB, 1 OLB",CB;CB;CB;DB;DE;DT;DT;FS;ILB;ILB;OLB,11,7,4,ZONE_COVERAGE,COVER_3,False,00-0039905;00-0036132;00-0037835;00-0039157;00-0034855;00-0037256;00-0036406;00-0038129;00-0031408;00-0033921;00-0039855,Graham Barton;Ben Bredeson;Luke Goedeke;Cody Mauch;Baker Mayfield;Rachaad White;Tristan Wirfs;Cade Otton;Mike Evans;Chris Godwin;Jalen McMillan,00-0036287;00-0036625;00-0039149;00-0039898;00-0039412;00-0033010;00-0038099;00-0036293;00-0029255;00-0034302;00-0036614,Noah Igbinoghene;Benjamin St-Juste;Quan Martin;Mike Sainristil;Javontae Jean-Baptiste;Sheldon Day;Phidarian Mathis;Jeremy Chinn;Bobby Wagner;Frankie Luvu;Jamin Davis
2024_01_WAS_TB,2966,pass,32.0,67.0,35.0,TB,3.0,972.0,67.0,28.0,1:12,0:44,,23.0,14.0,2.0,5.0,"3 CB, 1 DB, 1 DE, 2 DT, 1 FS, 2 ILB, 1 OLB",CB;CB;CB;DB;DE;DT;DT;FS;ILB;ILB;OLB,11,5,1,MAN_COVERAGE,COVER_1,False,00-0039905;00-0036132;00-0037835;00-0039157;00-0034855;00-0037256;00-0036406;00-0038129;00-0031408;00-0033921;00-0039855,Graham Barton;Ben Bredeson;Luke Goedeke;Cody Mauch;Baker Mayfield;Rachaad White;Tristan Wirfs;Cade Otton;Mike Evans;Chris Godwin;Jalen McMillan,00-0036287;00-0036625;00-0039149;00-0039898;00-0039412;00-0033010;00-0038099;00-0036293;00-0029255;00-0034302;00-0036614,Noah Igbinoghene;Benjamin St-Juste;Quan Martin;Mike Sainristil;Javontae Jean-Baptiste;Sheldon Day;Phidarian Mathis;Jeremy Chinn;Bobby Wagner;Frankie Luvu;Jamin Davis
2024_01_WAS_TB,3008,pass,0.0,35.0,35.0,TB,3.0,944.0,35.0,5.0,0:44,0:39,,23.0,14.0,1.0,10.0,"2 CB, 1 DB, 2 DE, 2 DT, 2 FS, 2 ILB",CB;CB;DB;DE;DE;DT;DT;FS;FS;ILB;ILB,11,7,4,ZONE_COVERAGE,COVER_2,True,00-0039905;00-0036132;00-0037835;00-0039157;00-0034855;00-0039361;00-0036406;00-0038129;00-0039050;00-0031408;00-0033921,Graham Barton;Ben Bredeson;Luke Goedeke;Cody Mauch;Baker Mayfield;Bucky Irving;Tristan Wirfs;Cade Otton;Payne Durham;Mike Evans;Chris Godwin,00-0036287;00-0036625;00-0039898;00-0034373;00-0035692;00-0033523;00-0034333;00-0036293;00-0038100;00-0029255;00-0034302,Noah Igbinoghene;Benjamin St-Juste;Mike Sainristil;Dorance Armstrong;Clelin Ferrell;Jonathan Allen;Daron Payne;Jeremy Chinn;Percy Butler;Bobby Wagner;Frankie Luvu
2024_01_WAS_TB,3031,run,3.0,35.0,32.0,TB,3.0,939.0,35.0,39.0,0:39,0:00,,23.0,14.0,2.0,10.0,"2 CB, 1 DB, 2 DE, 2 DT, 2 FS, 2 ILB",CB;CB;DB;DE;DE;DT;DT;FS;FS;ILB;ILB,11,6,0,,,False,00-0039905;00-0036132;00-0037835;00-0039157;00-0034855;00-0039361;00-0036406;00-0038129;00-0033921;00-0039052;00-0039855,Graham Barton;Ben Bredeson;Luke Goedeke;Cody Mauch;Baker Mayfield;Bucky Irving;Tristan Wirfs;Cade Otton;Chris Godwin;Trey Palmer;Jalen McMillan,00-0036287;00-0036625;00-0039898;00-0034373;00-0035692;00-0033523;00-0034333;00-0036293;00-0038100;00-0029255;00-0034302,Noah Igbinoghene;Benjamin St-Juste;Mike Sainristil;Dorance Armstrong;Clelin Ferrell;Jonathan Allen;Daron Payne;Jeremy Chinn;Percy Butler;Bobby Wagner;Frankie Luvu
2024_01_WAS_TB,3053,start_quarter_4,,,,TB,3.0,900.0,,0.0,0:00,0:00,,23.0,14.0,,0.0,,,,,,,,,,,,
2024_01_WAS_TB,3073,pass,32.0,32.0,0.0,TB,4.0,900.0,32.0,5.0,15:00,14:55,,29.0,14.0,3.0,7.0,"3 CB, 1 DB, 1 DE, 1 DT, 2 FS, 2 ILB, 1 OLB",CB;CB;CB;DB;DE;DT;FS;FS;ILB;ILB;OLB,11,5,5,MAN_COVERAGE,COVER_1,True,00-0039905;00-0036132;00-0037835;00-0039157;00-0034855;00-0037256;00-0036406;00-0038129;00-0031408;00-0033921;00-0039855,Graham Barton;Ben Bredeson;Luke Goedeke;Cody Mauch;Baker Mayfield;Rachaad White;Tristan Wirfs;Cade Otton;Mike Evans;Chris Godwin;Jalen McMillan,00-0036287;00-0036625;00-0039149;00-0039898;00-0034373;00-0033523;00-0036293;00-0038100;00-0029255;00-0034302;00-0032052,Noah Igbinoghene;Benjamin St-Juste;Quan Martin;Mike Sainristil;Dorance Armstrong;Jonathan Allen;Jeremy Chinn;Percy Butler;Bobby Wagner;Frankie Luvu;Dante Fowler Jr.
2024_01_WAS_TB,3099,extra_point,0.0,15.0,15.0,TB,4.0,895.0,15.0,0.0,14:55,14:55,,30.0,14.0,,0.0,"3 CB, 3 DE, 2 DT, 1 FS, 2 ILB",CB;CB;CB;DE;DE;DE;DT;DT;FS;ILB;ILB,11,0,0,,,False,00-0036985;00-0039905;00-0036132;00-0037835;00-0039157;00-0035358;00-0038817;00-0035254;00-0038042;00-0034989;00-0036406,Robert Hainsey;Graham Barton;Ben Bredeson;Luke Goedeke;Cody Mauch;Chase McLaughlin;Evan Deckers;Anthony Nelson;Jake Camarda;Justin Skule;Tristan Wirfs,00-0033697;00-0036625;00-0039149;00-0034373;00-0035692;00-0039412;00-0033010;00-0038099;00-0036293;00-0029255;00-0034302,Michael Davis;Benjamin St-Juste;Quan Martin;Dorance Armstrong;Clelin Ferrell;Javontae Jean-Baptiste;Sheldon Day;Phidarian Mathis;Jeremy Chinn;Bobby Wagner;Frankie Luvu
2024_01_WAS_TB,3114,kickoff,0.0,35.0,35.0,WAS,4.0,895.0,35.0,0.0,14:55,14:55,,30.0,14.0,,0.0,"2 CB, 2 ILB, 1 LB, 3 OLB, 1 P, 1 TE, 1 WR",CB;CB;ILB;ILB;LB;OLB;OLB;OLB;P;TE;WR,11,0,0,,,False,00-0039681;00-0028292;00-0036300;00-0033955;00-0033699;00-0039686;00-0034465;00-0030061;00-0036628;00-0039912;00-0036626,Tyler Owens;Nick Bellore;Mykal Walker;Jeremy McNichols;Austin Ekeler;Colson Yankoff;Jeremy Reaves;Zach Ertz;John Bates;Ben Sinnott;Dyami Brown,00-0034488;00-0035699;00-0037491;00-0039049;00-0039902;00-0035254;00-0036967;00-0038958;00-0038042;00-0037311;00-0039589,Tavierre Thomas;Jamel Dean;J.J. Russell;SirVocea Dennis;Chris Braswell;Anthony Nelson;Joe Tryon-Shoyinka;Markees Watts;Jake Camarda;Ko Kieft;Kameron Johnson
2024_01_WAS_TB,3142,pass,11.0,75.0,64.0,WAS,4.0,895.0,75.0,41.0,14:55,14:14,,30.0,14.0,1.0,10.0,"1 CB, 1 DB, 1 FS, 2 ILB, 2 NT, 2 OLB, 2 SS",CB;DB;FS;ILB;ILB;NT;NT;OLB;OLB;SS;SS,11,6,4,ZONE_COVERAGE,COVER_2,False,00-0036376;00-0035149;00-0036618;00-0039910;00-0033699;00-0030725;00-0033831;00-0036628;00-0039912;00-0035659;00-0036626,Tyler Biadasz;Nick Allegretti;Sam Cosmi;Jayden Daniels;Austin Ekeler;Cornelius Lucas;Andrew Wylie;John Bates;Ben Sinnott;Terry McLaurin;Dyami Brown,00-0035699;00-0039846;00-0036411;00-0029562;00-0036643;00-0034773;00-0035667;00-0036967;00-0039068;00-0034374;00-0038820,Jamel Dean;Tykee Smith;Antoine Winfield Jr.;Lavonte David;K.J. Britt;Vita Vea;Greg Gaines;Joe Tryon-Shoyinka;Yaya Diaby;Jordan Whitehead;Christian Izien
2024_01_WAS_TB,3168,run,4.0,64.0,60.0,WAS,4.0,854.0,64.0,40.0,14:14,13:34,,30.0,14.0,1.0,10.0,"1 CB, 1 DB, 1 FS, 2 ILB, 2 NT, 2 OLB, 2 SS",CB;DB;FS;ILB;ILB;NT;NT;OLB;OLB;SS;SS,11,4,0,,,False,00-0036376;00-0035149;00-0036618;00-0039910;00-0033699;00-0030725;00-0033831;00-0036628;00-0039912;00-0035659;00-0036626,Tyler Biadasz;Nick Allegretti;Sam Cosmi;Jayden Daniels;Austin Ekeler;Cornelius Lucas;Andrew Wylie;John Bates;Ben Sinnott;Terry McLaurin;Dyami Brown,00-0035699;00-0039846;00-0036411;00-0029562;00-0036643;00-0034773;00-0035667;00-0036967;00-0039068;00-0034374;00-0038820,Jamel Dean;Tykee Smith;Antoine Winfield Jr.;Lavonte David;K.J. Britt;Vita Vea;Greg Gaines;Joe Tryon-Shoyinka;Yaya Diaby;Jordan Whitehead;Christian Izien
2024_01_WAS_TB,3190,no_play,0.0,60.0,60.0,WAS,4.0,814.0,60.0,4.0,13:34,13:30,,30.0,14.0,2.0,6.0,"1 CB, 1 DB, 1 FS, 2 ILB, 2 NT, 2 OLB, 2 SS",CB;DB;FS;ILB;ILB;NT;NT;OLB;OLB;SS;SS,11,6,6,ZONE_COVERAGE,COVER_3,True,00-0036376;00-0035149;00-0036618;00-0039910;00-0033699;00-0030725;00-0033831;00-0030061;00-0035659;00-0036626;00-0039355,Tyler Biadasz;Nick Allegretti;Sam Cosmi;Jayden Daniels;Austin Ekeler;Cornelius Lucas;Andrew Wylie;Zach Ertz;Terry McLaurin;Dyami Brown;Luke McCaffrey,00-0035699;00-0039846;00-0036411;00-0029562;00-0039049;00-0034773;00-0035667;00-0036967;00-0039068;00-0034374;00-0038820,Jamel Dean;Tykee Smith;Antoine Winfield Jr.;Lavonte David;SirVocea Dennis;Vita Vea;Greg Gaines;Joe Tryon-Shoyinka;Yaya Diaby;Jordan Whitehead;Christian Izien
2024_01_WAS_TB,3224,run,3.0,55.0,52.0,WAS,4.0,810.0,55.0,49.0,13:30,12:41,,30.0,14.0,1.0,10.0,"1 CB, 1 DB, 1 FS, 2 ILB, 2 NT, 2 OLB, 2 SS",CB;DB;FS;ILB;ILB;NT;NT;OLB;OLB;SS;SS,11,6,0,,,False,00-0036376;00-0035149;00-0036618;00-0039910;00-0033699;00-0030725;00-0033831;00-0036628;00-0035659;00-0036626;00-0039355,Tyler Biadasz;Nick Allegretti;Sam Cosmi;Jayden Daniels;Austin Ekeler;Cornelius Lucas;Andrew Wylie;John Bates;Terry McLaurin;Dyami Brown;Luke McCaffrey,00-0035699;00-0039846;00-0036411;00-0029562;00-0039049;00-0034773;00-0035667;00-0036967;00-0039068;00-0034374;00-0038820,Jamel Dean;Tykee Smith;Antoine Winfield Jr.;Lavonte David;SirVocea Dennis;Vita Vea;Greg Gaines;Joe Tryon-Shoyinka;Yaya Diaby;Jordan Whitehead;Christian Izien
2024_01_WAS_TB,3251,pass,-13.0,52.0,65.0,WAS,4.0,761.0,52.0,44.0,12:41,11:57,,30.0,14.0,2.0,7.0,"1 CB, 1 DB, 1 FS, 2 ILB, 2 NT, 2 OLB, 2 SS",CB;DB;FS;ILB;ILB;NT;NT;OLB;OLB;SS;SS,11,5,5,ZONE_COVERAGE,COVER_3,True,00-0036376;00-0035149;00-0036618;00-0039910;00-0033699;00-0030725;00-0033831;00-0036628;00-0039912;00-0035208;00-0036626,Tyler Biadasz;Nick Allegretti;Sam Cosmi;Jayden Daniels;Austin Ekeler;Cornelius Lucas;Andrew Wylie;John Bates;Ben Sinnott;Olamide Zaccheaus;Dyami Brown,00-0035699;00-0039846;00-0036411;00-0029562;00-0039049;00-0034773;00-0035667;00-0036967;00-0039068;00-0034374;00-0038820,Jamel Dean;Tykee Smith;Antoine Winfield Jr.;Lavonte David;SirVocea Dennis;Vita Vea;Greg Gaines;Joe Tryon-Shoyinka;Yaya Diaby;Jordan Whitehead;Christian Izien
2024_01_WAS_TB,3271,pass,12.0,65.0,53.0,WAS,4.0,717.0,65.0,42.0,11:57,11:15,,30.0,14.0,3.0,20.0,"1 CB, 1 DB, 1 FS, 2 ILB, 2 NT, 2 OLB, 2 SS",CB;DB;FS;ILB;ILB;NT;NT;OLB;OLB;SS;SS,11,4,4,ZONE_COVERAGE,COVER_3,False,00-0036376;00-0035149;00-0036618;00-0039910;00-0033699;00-0030725;00-0033831;00-0030061;00-0035659;00-0036626;00-0039355,Tyler Biadasz;Nick Allegretti;Sam Cosmi;Jayden Daniels;Austin Ekeler;Cornelius Lucas;Andrew Wylie;Zach Ertz;Terry McLaurin;Dyami Brown;Luke McCaffrey,00-0035699;00-0039846;00-0036411;00-0029562;00-0039049;00-0034773;00-0035667;00-0036967;00-0039068;00-0034374;00-0038820,Jamel Dean;Tykee Smith;Antoine Winfield Jr.;Lavonte David;SirVocea Dennis;Vita Vea;Greg Gaines;Joe Tryon-Shoyinka;Yaya Diaby;Jordan Whitehead;Christian Izien
2024_01_WAS_TB,3296,punt,0.0,53.0,53.0,WAS,4.0,675.0,53.0,8.0,11:15,11:07,,30.0,14.0,4.0,8.0,"2 CB, 2 ILB, 2 OLB, 1 RB, 1 SS, 1 TE, 2 WR",CB;CB;ILB;ILB;OLB;OLB;RB;SS;TE;WR;WR,11,0,0,,,False,00-0039681;00-0038100;00-0028292;00-0036300;00-0031156;00-0036614;00-0030140;00-0033955;00-0039686;00-0034465;00-0036628,Tyler Owens;Percy Butler;Nick Bellore;Mykal Walker;Tyler Ott;Jamin Davis;Tress Way;Jeremy McNichols;Colson Yankoff;Jeremy Reaves;John Bates,00-0034488;00-0035699;00-0037491;00-0039049;00-0035254;00-0038958;00-0038951;00-0038820;00-0037311;00-0039052;00-0039589,Tavierre Thomas;Jamel Dean;J.J. Russell;SirVocea Dennis;Anthony Nelson;Markees Watts;Sean Tucker;Christian Izien;Ko Kieft;Trey Palmer;Kameron Johnson
2024_01_WAS_TB,3327,run,8.0,91.0,83.0,TB,4.0,667.0,91.0,40.0,11:07,10:27,,30.0,14.0,1.0,10.0,"3 CB, 1 DB, 2 DE, 2 DT, 1 FS, 2 ILB",CB;CB;CB;DB;DE;DE;DT;DT;FS;ILB;ILB,11,7,0,,,False,00-0039905;00-0036132;00-0037835;00-0039157;00-0034855;00-0039361;00-0036406;00-0039050;00-0031408;00-0033921;00-0039855,Graham Barton;Ben Bredeson;Luke Goedeke;Cody Mauch;Baker Mayfield;Bucky Irving;Tristan Wirfs;Payne Durham;Mike Evans;Chris Godwin;Jalen McMillan,00-0036287;00-0036625;00-0039149;00-0039898;00-0034373;00-0035692;00-0033523;00-0034333;00-0036293;00-0029255;00-0034302,Noah Igbinoghene;Benjamin St-Juste;Quan Martin;Mike Sainristil;Dorance Armstrong;Clelin Ferrell;Jonathan Allen;Daron Payne;Jeremy Chinn;Bobby Wagner;Frankie Luvu
2024_01_WAS_TB,3358,run,31.0,83.0,52.0,TB,4.0,627.0,83.0,42.0,10:27,9:45,,30.0,14.0,2.0,2.0,"3 CB, 1 DB, 2 DE, 2 DT, 1 FS, 2 ILB",CB;CB;CB;DB;DE;DE;DT;DT;FS;ILB;ILB,11,6,0,,,False,00-0039905;00-0036132;00-0037835;00-0039157;00-0034855;00-0039361;00-0036406;00-0039050;00-0031408;00-0033921;00-0039855,Graham Barton;Ben Bredeson;Luke Goedeke;Cody Mauch;Baker Mayfield;Bucky Irving;Tristan Wirfs;Payne Durham;Mike Evans;Chris Godwin;Jalen McMillan,00-0036287;00-0036625;00-0039149;00-0039898;00-0034373;00-0035692;00-0033523;00-0034333;00-0036293;00-0029255;00-0034302,Noah Igbinoghene;Benjamin St-Juste;Quan Martin;Mike Sainristil;Dorance Armstrong;Clelin Ferrell;Jonathan Allen;Daron Payne;Jeremy Chinn;Bobby Wagner;Frankie Luvu
2024_01_WAS_TB,3386,run,-3.0,52.0,55.0,TB,4.0,585.0,52.0,43.0,9:45,9:02,,30.0,14.0,1.0,10.0,"3 CB, 1 DB, 2 DE, 2 DT, 1 FS, 2 ILB",CB;CB;CB;DB;DE;DE;DT;DT;FS;ILB;ILB,11,6,0,,,False,00-0039905;00-0036132;00-0037835;00-0039157;00-0034855;00-0037256;00-0039361;00-0036406;00-0039050;00-0033921;00-0039052,Graham Barton;Ben Bredeson;Luke Goedeke;Cody Mauch;Baker Mayfield;Rachaad White;Bucky Irving;Tristan Wirfs;Payne Durham;Chris Godwin;Trey Palmer,00-0036287;00-0036625;00-0039149;00-0039898;00-0034373;00-0035692;00-0033523;00-0034333;00-0036293;00-0029255;00-0034302,Noah Igbinoghene;Benjamin St-Juste;Quan Martin;Mike Sainristil;Dorance Armstrong;Clelin Ferrell;Jonathan Allen;Daron Payne;Jeremy Chinn;Bobby Wagner;Frankie Luvu
2024_01_WAS_TB,3408,run,-5.0,55.0,60.0,TB,4.0,542.0,55.0,38.0,9:02,8:24,,30.0,14.0,2.0,13.0,"3 CB, 1 DB, 2 DE, 2 DT, 1 FS, 2 ILB",CB;CB;CB;DB;DE;DE;DT;DT;FS;ILB;ILB,11,6,0,,,False,00-0039905;00-0036132;00-0037835;00-0039157;00-0034855;00-0037256;00-0036406;00-0038129;00-0039052;00-0039855;00-0039589,Graham Barton;Ben Bredeson;Luke Goedeke;Cody Mauch;Baker Mayfield;Rachaad White;Tristan Wirfs;Cade Otton;Trey Palmer;Jalen McMillan;Kameron Johnson,00-0036287;00-0036625;00-0039149;00-0039898;00-0034373;00-0035692;00-0033523;00-0034333;00-0036293;00-0029255;00-0034302,Noah Igbinoghene;Benjamin St-Juste;Quan Martin;Mike Sainristil;Dorance Armstrong;Clelin Ferrell;Jonathan Allen;Daron Payne;Jeremy Chinn;Bobby Wagner;Frankie Luvu
2024_01_WAS_TB,3430,pass,24.0,60.0,36.0,TB,4.0,504.0,60.0,45.0,8:24,7:39,,30.0,14.0,3.0,18.0,"3 CB, 1 DB, 1 DE, 2 DT, 1 FS, 2 ILB, 1 OLB",CB;CB;CB;DB;DE;DT;DT;FS;ILB;ILB;OLB,11,4,4,ZONE_COVERAGE,COVER_2,False,00-0039905;00-0036132;00-0037835;00-0039157;00-0034855;00-0037256;00-0036406;00-0038129;00-0031408;00-0033921;00-0039855,Graham Barton;Ben Bredeson;Luke Goedeke;Cody Mauch;Baker Mayfield;Rachaad White;Tristan Wirfs;Cade Otton;Mike Evans;Chris Godwin;Jalen McMillan,00-0036287;00-0036625;00-0039149;00-0039898;00-0034373;00-0033523;00-0034333;00-0036293;00-0029255;00-0034302;00-0032052,Noah Igbinoghene;Benjamin St-Juste;Quan Martin;Mike Sainristil;Dorance Armstrong;Jonathan Allen;Daron Payne;Jeremy Chinn;Bobby Wagner;Frankie Luvu;Dante Fowler Jr.
2024_01_WAS_TB,3455,run,11.0,36.0,25.0,TB,4.0,459.0,36.0,42.0,7:39,6:57,,30.0,14.0,1.0,10.0,"3 CB, 1 DB, 1 DE, 2 DT, 1 FS, 2 ILB, 1 OLB",CB;CB;CB;DB;DE;DT;DT;FS;ILB;ILB;OLB,11,6,0,,,False,00-0039905;00-0036132;00-0037835;00-0039157;00-0034855;00-0039361;00-0036406;00-0039050;00-0031408;00-0039855;00-0039589,Graham Barton;Ben Bredeson;Luke Goedeke;Cody Mauch;Baker Mayfield;Bucky Irving;Tristan Wirfs;Payne Durham;Mike Evans;Jalen McMillan;Kameron Johnson,00-0036287;00-0036625;00-0039149;00-0039898;00-0039412;00-0033010;00-0038099;00-0036293;00-0029255;00-0034302;00-0032052,Noah Igbinoghene;Benjamin St-Juste;Quan Martin;Mike Sainristil;Javontae Jean-Baptiste;Sheldon Day;Phidarian Mathis;Jeremy Chinn;Bobby Wagner;Frankie Luvu;Dante Fowler Jr.
2024_01_WAS_TB,3477,run,-4.0,25.0,29.0,TB,4.0,417.0,25.0,42.0,6:57,6:15,,30.0,14.0,1.0,10.0,"3 CB, 2 DE, 2 DT, 2 FS, 2 ILB",CB;CB;CB;DE;DE;DT;DT;FS;FS;ILB;ILB,11,0,0,,,False,00-0039905;00-0036132;00-0037835;00-0039157;00-0034855;00-0039361;00-0036406;00-0038129;00-0039050;00-0039052;00-0039589,Graham Barton;Ben Bredeson;Luke Goedeke;Cody Mauch;Baker Mayfield;Bucky Irving;Tristan Wirfs;Cade Otton;Payne Durham;Trey Palmer;Kameron Johnson,00-0036287;00-0036625;00-0039149;00-0035692;00-0039412;00-0033010;00-0038099;00-0036293;00-0038100;00-0029255;00-0034302,Noah Igbinoghene;Benjamin St-Juste;Quan Martin;Clelin Ferrell;Javontae Jean-Baptiste;Sheldon Day;Phidarian Mathis;Jeremy Chinn;Percy Butler;Bobby Wagner;Frankie Luvu
2024_01_WAS_TB,3499,pass,8.0,29.0,21.0,TB,4.0,375.0,29.0,27.0,6:15,5:48,,30.0,14.0,2.0,14.0,"3 CB, 1 DB, 2 DE, 2 DT, 1 FS, 2 ILB",CB;CB;CB;DB;DE;DE;DT;DT;FS;ILB;ILB,11,5,4,ZONE_COVERAGE,COVER_2,False,00-0039905;00-0036132;00-0037835;00-0039157;00-0034855;00-0037256;00-0036406;00-0038129;00-0033921;00-0039052;00-0039855,Graham Barton;Ben Bredeson;Luke Goedeke;Cody Mauch;Baker Mayfield;Rachaad White;Tristan Wirfs;Cade Otton;Chris Godwin;Trey Palmer;Jalen McMillan,00-0036287;00-0036625;00-0039149;00-0039898;00-0035692;00-0039412;00-0033010;00-0038099;00-0038100;00-0029255;00-0034302,Noah Igbinoghene;Benjamin St-Juste;Quan Martin;Mike Sainristil;Clelin Ferrell;Javontae Jean-Baptiste;Sheldon Day;Phidarian Mathis;Percy Butler;Bobby Wagner;Frankie Luvu
2024_01_WAS_TB,3524,run,11.0,21.0,10.0,TB,4.0,348.0,21.0,48.0,5:48,5:00,,30.0,14.0,3.0,6.0,"3 CB, 1 DB, 1 DE, 2 DT, 1 FS, 2 ILB, 1 OLB",CB;CB;CB;DB;DE;DT;DT;FS;ILB;ILB;OLB,11,6,4,ZONE_COVERAGE,COVER_2,True,00-0039905;00-0036132;00-0037835;00-0039157;00-0034855;00-0037256;00-0036406;00-0038129;00-0031408;00-0033921;00-0039855,Graham Barton;Ben Bredeson;Luke Goedeke;Cody Mauch;Baker Mayfield;Rachaad White;Tristan Wirfs;Cade Otton;Mike Evans;Chris Godwin;Jalen McMillan,00-0036287;00-0036625;00-0039149;00-0039898;00-0034373;00-0033523;00-0034333;00-0038100;00-0029255;00-0036300;00-0032052,Noah Igbinoghene;Benjamin St-Juste;Quan Martin;Mike Sainristil;Dorance Armstrong;Jonathan Allen;Daron Payne;Percy Butler;Bobby Wagner;Mykal Walker;Dante Fowler Jr.
2024_01_WAS_TB,3556,run,5.0,10.0,5.0,TB,4.0,300.0,10.0,42.0,5:00,4:18,,30.0,14.0,1.0,10.0,"2 CB, 1 DB, 2 DE, 2 DT, 2 FS, 2 ILB",CB;CB;DB;DE;DE;DT;DT;FS;FS;ILB;ILB,11,6,0,,,False,00-0039905;00-0036132;00-0037835;00-0039157;00-0034855;00-0037256;00-0036406;00-0039050;00-0031408;00-0033921;00-0039855,Graham Barton;Ben Bredeson;Luke Goedeke;Cody Mauch;Baker Mayfield;Rachaad White;Tristan Wirfs;Payne Durham;Mike Evans;Chris Godwin;Jalen McMillan,00-0036287;00-0036625;00-0039898;00-0034373;00-0035692;00-0033523;00-0034333;00-0036293;00-0038100;00-0029255;00-0034302,Noah Igbinoghene;Benjamin St-Juste;Mike Sainristil;Dorance Armstrong;Clelin Ferrell;Jonathan Allen;Daron Payne;Jeremy Chinn;Percy Butler;Bobby Wagner;Frankie Luvu
2024_01_WAS_TB,3578,run,4.0,5.0,1.0,TB,4.0,258.0,5.0,44.0,4:18,3:34,,30.0,14.0,2.0,5.0,"2 CB, 1 DB, 2 DE, 2 DT, 2 FS, 2 ILB",CB;CB;DB;DE;DE;DT;DT;FS;FS;ILB;ILB,11,7,0,,,False,00-0039905;00-0036132;00-0037835;00-0039157;00-0034855;00-0037256;00-0036406;00-0039050;00-0031408;00-0033921;00-0039855,Graham Barton;Ben Bredeson;Luke Goedeke;Cody Mauch;Baker Mayfield;Rachaad White;Tristan Wirfs;Payne Durham;Mike Evans;Chris Godwin;Jalen McMillan,00-0036287;00-0036625;00-0039898;00-0034373;00-0035692;00-0033523;00-0034333;00-0036293;00-0038100;00-0029255;00-0034302,Noah Igbinoghene;Benjamin St-Juste;Mike Sainristil;Dorance Armstrong;Clelin Ferrell;Jonathan Allen;Daron Payne;Jeremy Chinn;Percy Butler;Bobby Wagner;Frankie Luvu
2024_01_WAS_TB,3603,pass,1.0,1.0,0.0,TB,4.0,214.0,1.0,5.0,3:34,3:29,,36.0,14.0,3.0,1.0,"2 CB, 1 DB, 2 DE, 2 DT, 2 FS, 2 ILB",CB;CB;DB;DE;DE;DT;DT;FS;FS;ILB;ILB,11,6,6,MAN_COVERAGE,COVER_1,True,00-0039905;00-0036132;00-0037835;00-0039157;00-0034855;00-0037256;00-0036406;00-0038129;00-0031408;00-0033921;00-0039855,Graham Barton;Ben Bredeson;Luke Goedeke;Cody Mauch;Baker Mayfield;Rachaad White;Tristan Wirfs;Cade Otton;Mike Evans;Chris Godwin;Jalen McMillan,00-0036287;00-0036625;00-0039898;00-0034373;00-0035692;00-0033523;00-0034333;00-0036293;00-0038100;00-0029255;00-0034302,Noah Igbinoghene;Benjamin St-Juste;Mike Sainristil;Dorance Armstrong;Clelin Ferrell;Jonathan Allen;Daron Payne;Jeremy Chinn;Percy Butler;Bobby Wagner;Frankie Luvu
2024_01_WAS_TB,3629,extra_point,0.0,15.0,15.0,TB,4.0,209.0,15.0,0.0,3:29,3:29,,37.0,14.0,,0.0,"2 CB, 3 DE, 2 DT, 2 FS, 2 ILB",CB;CB;DE;DE;DE;DT;DT;FS;FS;ILB;ILB,11,0,0,,,False,00-0036985;00-0039905;00-0036132;00-0037835;00-0039157;00-0035358;00-0038817;00-0035254;00-0038042;00-0034989;00-0036406,Robert Hainsey;Graham Barton;Ben Bredeson;Luke Goedeke;Cody Mauch;Chase McLaughlin;Evan Deckers;Anthony Nelson;Jake Camarda;Justin Skule;Tristan Wirfs,00-0033697;00-0036625;00-0034373;00-0035692;00-0039412;00-0033010;00-0038099;00-0036293;00-0038100;00-0028292;00-0029255,Michael Davis;Benjamin St-Juste;Dorance Armstrong;Clelin Ferrell;Javontae Jean-Baptiste;Sheldon Day;Phidarian Mathis;Jeremy Chinn;Percy Butler;Nick Bellore;Bobby Wagner
2024_01_WAS_TB,3644,kickoff,0.0,35.0,35.0,WAS,4.0,209.0,35.0,0.0,3:29,3:29,,37.0,14.0,,0.0,"2 CB, 2 ILB, 1 LB, 3 OLB, 1 P, 1 TE, 1 WR",CB;CB;ILB;ILB;LB;OLB;OLB;OLB;P;TE;WR,11,0,0,,,False,00-0039681;00-0038100;00-0028292;00-0036300;00-0033955;00-0033699;00-0039686;00-0034465;00-0036628;00-0039912;00-0036626,Tyler Owens;Percy Butler;Nick Bellore;Mykal Walker;Jeremy McNichols;Austin Ekeler;Colson Yankoff;Jeremy Reaves;John Bates;Ben Sinnott;Dyami Brown,00-0034488;00-0035699;00-0037491;00-0039049;00-0039902;00-0035254;00-0036967;00-0038958;00-0038042;00-0037311;00-0039589,Tavierre Thomas;Jamel Dean;J.J. Russell;SirVocea Dennis;Chris Braswell;Anthony Nelson;Joe Tryon-Shoyinka;Markees Watts;Jake Camarda;Ko Kieft;Kameron Johnson
2024_01_WAS_TB,3661,pass,11.0,70.0,59.0,WAS,4.0,209.0,70.0,20.0,3:29,3:09,,37.0,14.0,1.0,10.0,"1 CB, 1 DB, 2 DT, 1 FS, 2 ILB, 2 OLB, 2 SS",CB;DB;DT;DT;FS;ILB;ILB;OLB;OLB;SS;SS,11,6,4,ZONE_COVERAGE,COVER_3,False,00-0036376;00-0035149;00-0036618;00-0039910;00-0033699;00-0030725;00-0033831;00-0030061;00-0035659;00-0035208;00-0039355,Tyler Biadasz;Nick Allegretti;Sam Cosmi;Jayden Daniels;Austin Ekeler;Cornelius Lucas;Andrew Wylie;Zach Ertz;Terry McLaurin;Olamide Zaccheaus;Luke McCaffrey,00-0035699;00-0039846;00-0037627;00-0037662;00-0036411;00-0029562;00-0039049;00-0039068;00-0038958;00-0034374;00-0038820,Jamel Dean;Tykee Smith;Mike Greene;C.J. Brewer;Antoine Winfield Jr.;Lavonte David;SirVocea Dennis;Yaya Diaby;Markees Watts;Jordan Whitehead;Christian Izien
2024_01_WAS_TB,3686,pass,15.0,59.0,44.0,WAS,4.0,189.0,59.0,5.0,3:09,3:04,,37.0,14.0,1.0,10.0,"1 CB, 1 DB, 2 DT, 1 FS, 2 ILB, 2 OLB, 2 SS",CB;DB;DT;DT;FS;ILB;ILB;OLB;OLB;SS;SS,11,5,1,ZONE_COVERAGE,COVER_3,False,00-0036376;00-0035149;00-0036618;00-0039910;00-0033699;00-0030725;00-0033831;00-0030061;00-0035659;00-0035208;00-0039355,Tyler Biadasz;Nick Allegretti;Sam Cosmi;Jayden Daniels;Austin Ekeler;Cornelius Lucas;Andrew Wylie;Zach Ertz;Terry McLaurin;Olamide Zaccheaus;Luke McCaffrey,00-0035699;00-0039846;00-0037627;00-0037662;00-0036411;00-0029562;00-0039049;00-0039068;00-0038958;00-0034374;00-0038820,Jamel Dean;Tykee Smith;Mike Greene;C.J. Brewer;Antoine Winfield Jr.;Lavonte David;SirVocea Dennis;Yaya Diaby;Markees Watts;Jordan Whitehead;Christian Izien
2024_01_WAS_TB,3716,pass,7.0,44.0,37.0,WAS,4.0,184.0,44.0,32.0,3:04,2:32,,37.0,14.0,1.0,10.0,"1 CB, 1 DB, 2 DT, 1 FS, 2 ILB, 2 OLB, 2 SS",CB;DB;DT;DT;FS;ILB;ILB;OLB;OLB;SS;SS,11,6,4,ZONE_COVERAGE,COVER_3,False,00-0036376;00-0035149;00-0036618;00-0039910;00-0033699;00-0030725;00-0033831;00-0030061;00-0035659;00-0035208;00-0039355,Tyler Biadasz;Nick Allegretti;Sam Cosmi;Jayden Daniels;Austin Ekeler;Cornelius Lucas;Andrew Wylie;Zach Ertz;Terry McLaurin;Olamide Zaccheaus;Luke McCaffrey,00-0035699;00-0039846;00-0037627;00-0037662;00-0036411;00-0029562;00-0039049;00-0039068;00-0038958;00-0034374;00-0038820,Jamel Dean;Tykee Smith;Mike Greene;C.J. Brewer;Antoine Winfield Jr.;Lavonte David;SirVocea Dennis;Yaya Diaby;Markees Watts;Jordan Whitehead;Christian Izien
2024_01_WAS_TB,3741,run,6.0,37.0,31.0,WAS,4.0,152.0,37.0,23.0,2:32,2:09,,37.0,14.0,2.0,3.0,"1 CB, 1 DB, 2 DT, 1 FS, 2 ILB, 2 OLB, 2 SS",CB;DB;DT;DT;FS;ILB;ILB;OLB;OLB;SS;SS,11,5,0,,,False,00-0036376;00-0035149;00-0036618;00-0039910;00-0033699;00-0030725;00-0033831;00-0030061;00-0035659;00-0035208;00-0039355,Tyler Biadasz;Nick Allegretti;Sam Cosmi;Jayden Daniels;Austin Ekeler;Cornelius Lucas;Andrew Wylie;Zach Ertz;Terry McLaurin;Olamide Zaccheaus;Luke McCaffrey,00-0035699;00-0039846;00-0037627;00-0037662;00-0036411;00-0029562;00-0039049;00-0039068;00-0038958;00-0034374;00-0038820,Jamel Dean;Tykee Smith;Mike Greene;C.J. Brewer;Antoine Winfield Jr.;Lavonte David;SirVocea Dennis;Yaya Diaby;Markees Watts;Jordan Whitehead;Christian Izien
2024_01_WAS_TB,3763,run,8.0,31.0,23.0,WAS,4.0,129.0,31.0,8.0,2:09,2:01,,37.0,14.0,1.0,10.0,"1 CB, 1 DB, 2 DT, 1 FS, 2 ILB, 2 OLB, 2 SS",CB;DB;DT;DT;FS;ILB;ILB;OLB;OLB;SS;SS,11,4,4,ZONE_COVERAGE,COVER_3,True,00-0036376;00-0035149;00-0036618;00-0039910;00-0033699;00-0030725;00-0033831;00-0030061;00-0035659;00-0035208;00-0039355,Tyler Biadasz;Nick Allegretti;Sam Cosmi;Jayden Daniels;Austin Ekeler;Cornelius Lucas;Andrew Wylie;Zach Ertz;Terry McLaurin;Olamide Zaccheaus;Luke McCaffrey,00-0035699;00-0039846;00-0037627;00-0037662;00-0036411;00-0029562;00-0039049;00-0039068;00-0038958;00-0034374;00-0038820,Jamel Dean;Tykee Smith;Mike Greene;C.J. Brewer;Antoine Winfield Jr.;Lavonte David;SirVocea Dennis;Yaya Diaby;Markees Watts;Jordan Whitehead;Christian Izien
2024_01_WAS_TB,3790,pass,12.0,23.0,11.0,WAS,4.0,121.0,23.0,5.0,2:01,1:56,,37.0,14.0,2.0,2.0,"1 CB, 1 DB, 1 DT, 1 FS, 2 ILB, 1 NT, 2 OLB, 2 SS",CB;DB;DT;FS;ILB;ILB;NT;OLB;OLB;SS;SS,11,7,4,ZONE_COVERAGE,COMBO,False,00-0036376;00-0035149;00-0036618;00-0039910;00-0037746;00-0030725;00-0033831;00-0030061;00-0031941;00-0035659;00-0036626,Tyler Biadasz;Nick Allegretti;Sam Cosmi;Jayden Daniels;Brian Robinson;Cornelius Lucas;Andrew Wylie;Zach Ertz;Jamison Crowder;Terry McLaurin;Dyami Brown,00-0035699;00-0039846;00-0037356;00-0036411;00-0029562;00-0039049;00-0035667;00-0035254;00-0036967;00-0034374;00-0038820,Jamel Dean;Tykee Smith;Ben Stille;Antoine Winfield Jr.;Lavonte David;SirVocea Dennis;Greg Gaines;Anthony Nelson;Joe Tryon-Shoyinka;Jordan Whitehead;Christian Izien
2024_01_WAS_TB,3820,pass,10.0,11.0,1.0,WAS,4.0,116.0,11.0,18.0,1:56,1:38,,37.0,14.0,1.0,10.0,"1 CB, 1 DB, 2 DT, 1 FS, 2 ILB, 1 LB, 1 OLB, 2 SS",CB;DB;DT;DT;FS;ILB;ILB;LB;OLB;SS;SS,11,5,5,MAN_COVERAGE,COVER_1,False,00-0036376;00-0035149;00-0036618;00-0039910;00-0037746;00-0030725;00-0033831;00-0030061;00-0035659;00-0036626;00-0039355,Tyler Biadasz;Nick Allegretti;Sam Cosmi;Jayden Daniels;Brian Robinson;Cornelius Lucas;Andrew Wylie;Zach Ertz;Terry McLaurin;Dyami Brown;Luke McCaffrey,00-0035699;00-0039846;00-0037356;00-0037627;00-0036411;00-0029562;00-0039049;00-0039902;00-0035254;00-0034374;00-0038820,Jamel Dean;Tykee Smith;Ben Stille;Mike Greene;Antoine Winfield Jr.;Lavonte David;SirVocea Dennis;Chris Braswell;Anthony Nelson;Jordan Whitehead;Christian Izien
2024_01_WAS_TB,3862,run,0.0,1.0,1.0,WAS,4.0,98.0,1.0,14.0,1:38,1:24,,37.0,14.0,1.0,1.0,"1 CB, 1 DB, 2 DT, 1 FS, 2 ILB, 1 LB, 1 OLB, 2 SS",CB;DB;DT;DT;FS;ILB;ILB;LB;OLB;SS;SS,11,6,0,,,False,00-0036376;00-0035149;00-0036618;00-0039910;00-0037746;00-0030725;00-0033831;00-0030061;00-0035659;00-0036626;00-0039355,Tyler Biadasz;Nick Allegretti;Sam Cosmi;Jayden Daniels;Brian Robinson;Cornelius Lucas;Andrew Wylie;Zach Ertz;Terry McLaurin;Dyami Brown;Luke McCaffrey,00-0035699;00-0039846;00-0037356;00-0037627;00-0036411;00-0029562;00-0039049;00-0039902;00-0035254;00-0034374;00-0038820,Jamel Dean;Tykee Smith;Ben Stille;Mike Greene;Antoine Winfield Jr.;Lavonte David;SirVocea Dennis;Chris Braswell;Anthony Nelson;Jordan Whitehead;Christian Izien
2024_01_WAS_TB,3917,run,0.0,1.0,1.0,WAS,4.0,84.0,1.0,8.0,1:24,1:16,,37.0,14.0,2.0,1.0,"1 CB, 1 DB, 2 DT, 1 FS, 2 ILB, 1 LB, 1 OLB, 2 SS",CB;DB;DT;DT;FS;ILB;ILB;LB;OLB;SS;SS,11,6,0,,,False,00-0036376;00-0035149;00-0036618;00-0039910;00-0037746;00-0030725;00-0033831;00-0036628;00-0035659;00-0036626;00-0039355,Tyler Biadasz;Nick Allegretti;Sam Cosmi;Jayden Daniels;Brian Robinson;Cornelius Lucas;Andrew Wylie;John Bates;Terry McLaurin;Dyami Brown;Luke McCaffrey,00-0035699;00-0039846;00-0037356;00-0037627;00-0036411;00-0029562;00-0036643;00-0039902;00-0035254;00-0034374;00-0038820,Jamel Dean;Tykee Smith;Ben Stille;Mike Greene;Antoine Winfield Jr.;Lavonte David;K.J. Britt;Chris Braswell;Anthony Nelson;Jordan Whitehead;Christian Izien
2024_01_WAS_TB,3939,run,1.0,1.0,0.0,WAS,4.0,76.0,1.0,0.0,1:16,1:16,,37.0,20.0,3.0,1.0,"1 CB, 1 DB, 2 DT, 1 FS, 2 ILB, 1 LB, 1 OLB, 2 SS",CB;DB;DT;DT;FS;ILB;ILB;LB;OLB;SS;SS,11,7,0,,,False,00-0036376;00-0035149;00-0036618;00-0039910;00-0037746;00-0030725;00-0033831;00-0036628;00-0035659;00-0036626;00-0039355,Tyler Biadasz;Nick Allegretti;Sam Cosmi;Jayden Daniels;Brian Robinson;Cornelius Lucas;Andrew Wylie;John Bates;Terry McLaurin;Dyami Brown;Luke McCaffrey,00-0035699;00-0039846;00-0037356;00-0037627;00-0036411;00-0029562;00-0036643;00-0039902;00-0035254;00-0034374;00-0038820,Jamel Dean;Tykee Smith;Ben Stille;Mike Greene;Antoine Winfield Jr.;Lavonte David;K.J. Britt;Chris Braswell;Anthony Nelson;Jordan Whitehead;Christian Izien
2024_01_WAS_TB,3951,timeout,0.0,,,,4.0,76.0,,4.0,1:16,1:12,WAS,37.0,14.0,,0.0,,,,,,,,,,,,
2024_01_WAS_TB,3969,pass,0.0,2.0,2.0,WAS,4.0,72.0,2.0,0.0,1:12,1:12,,37.0,20.0,,0.0,"1 CB, 3 DT, 1 FS, 2 ILB, 1 LB, 1 OLB, 2 SS",CB;DT;DT;DT;FS;ILB;ILB;LB;OLB;SS;SS,11,6,5,MAN_COVERAGE,COVER_0,False,00-0036376;00-0035149;00-0036618;00-0039910;00-0033699;00-0030725;00-0033831;00-0030061;00-0036628;00-0035659;00-0039355,Tyler Biadasz;Nick Allegretti;Sam Cosmi;Jayden Daniels;Austin Ekeler;Cornelius Lucas;Andrew Wylie;Zach Ertz;John Bates;Terry McLaurin;Luke McCaffrey,00-0035699;00-0037356;00-0037627;00-0037662;00-0036411;00-0029562;00-0036643;00-0039902;00-0035254;00-0034374;00-0038820,Jamel Dean;Ben Stille;Mike Greene;C.J. Brewer;Antoine Winfield Jr.;Lavonte David;K.J. Britt;Chris Braswell;Anthony Nelson;Jordan Whitehead;Christian Izien
2024_01_WAS_TB,3982,kickoff,0.0,35.0,35.0,TB,4.0,72.0,35.0,1.0,1:12,1:11,,37.0,20.0,,0.0,"2 CB, 1 DB, 2 FS, 2 ILB, 1 K, 2 RB, 1 SS",CB;CB;DB;FS;FS;ILB;ILB;K;RB;RB;SS,11,0,0,,,False,00-0034488;00-0038951;00-0039361;00-0034374;00-0038129;00-0037311;00-0039050;00-0031408;00-0033921;00-0039052;00-0039589,Tavierre Thomas;Sean Tucker;Bucky Irving;Jordan Whitehead;Cade Otton;Ko Kieft;Payne Durham;Mike Evans;Chris Godwin;Trey Palmer;Kameron Johnson,00-0033697;00-0039149;00-0039681;00-0036293;00-0038100;00-0028292;00-0036300;00-0038097;00-0033955;00-0039686;00-0034465,Michael Davis;Quan Martin;Tyler Owens;Jeremy Chinn;Percy Butler;Nick Bellore;Mykal Walker;Cade York;Jeremy McNichols;Colson Yankoff;Jeremy Reaves
2024_01_WAS_TB,4005,qb_kneel,-1.0,47.0,48.0,TB,4.0,71.0,47.0,38.0,1:11,0:33,,37.0,20.0,1.0,10.0,"3 CB, 2 DE, 2 DT, 2 FS, 2 ILB",CB;CB;CB;DE;DE;DT;DT;FS;FS;ILB;ILB,11,0,0,,,False,00-0039905;00-0036132;00-0037835;00-0039157;00-0036928;00-0038951;00-0036406;00-0038129;00-0037311;00-0039050;00-0039052,Graham Barton;Ben Bredeson;Luke Goedeke;Cody Mauch;Kyle Trask;Sean Tucker;Tristan Wirfs;Cade Otton;Ko Kieft;Payne Durham;Trey Palmer,00-0036287;00-0036625;00-0039149;00-0035692;00-0039412;00-0033010;00-0038099;00-0036293;00-0038100;00-0029255;00-0036300,Noah Igbinoghene;Benjamin St-Juste;Quan Martin;Clelin Ferrell;Javontae Jean-Baptiste;Sheldon Day;Phidarian Mathis;Jeremy Chinn;Percy Butler;Bobby Wagner;Mykal Walker
2024_01_WAS_TB,4027,qb_kneel,-1.0,48.0,49.0,TB,4.0,33.0,48.0,33.0,0:33,0:00,,37.0,20.0,2.0,11.0,"3 CB, 2 DE, 2 DT, 2 FS, 2 ILB",CB;CB;CB;DE;DE;DT;DT;FS;FS;ILB;ILB,11,0,0,,,False,00-0039905;00-0036132;00-0037835;00-0039157;00-0036928;00-0038951;00-0036406;00-0038129;00-0037311;00-0039050;00-0039052,Graham Barton;Ben Bredeson;Luke Goedeke;Cody Mauch;Kyle Trask;Sean Tucker;Tristan Wirfs;Cade Otton;Ko Kieft;Payne Durham;Trey Palmer,00-0036287;00-0036625;00-0039149;00-0035692;00-0039412;00-0033010;00-0038099;00-0036293;00-0038100;00-0029255;00-0036300,Noah Igbinoghene;Benjamin St-Juste;Quan Martin;Clelin Ferrell;Javontae Jean-Baptiste;Sheldon Day;Phidarian Mathis;Jeremy Chinn;Percy Butler;Bobby Wagner;Mykal Walker
2024_01_WAS_TB,4049,end_game,,,,TB,4.0,0.0,,0.0,0:00,0:00,,37.0,20.0,,0.0,,,,,,,,,,,,
