game_id,play_id,play_type,yards_gained,starting_yard,ending_yard,posteam,qtr,game_seconds_remaining,yardline_100,time_of_play,time_on_clock_start,time_on_clock_end,timeout_team,home_team_score,away_team_score,down,yds_to_go,defense_personnel,defense_positions,n_defense,defenders_in_box,number_of_pass_rushers,defense_man_zone_type,defense_coverage_type,was_pressure,offense_player_ids,offense_player_names,defense_player_ids,defense_player_names
2020_01_PIT_NYG,1,start_quarter_1,,,,,1.0,3600.0,,0.0,15:00,15:00,,0.0,0.0,,0.0,,,0,,,,,,,,,
2020_01_PIT_NYG,40,kickoff,0.0,35.0,35.0,NYG,1.0,3600.0,35.0,0.0,15:00,15:00,,0.0,0.0,,0.0,,;;;;;;;;;;,11,,,,,,00-0033930;00-0030023;00-0035650;00-0032521;00-0035217;00-0034204;00-0032897;00-0036333;00-0031136;00-0036326;00-0034720,Cameron Sutton;Jordan Dangerfield;Justin Layne;Mike Hilton;Benny Snell;Ola Adeniyi;Derek Watt;Alex Highsmith;Chris Boswell;Chase Claypool;Robert Spillane,00-0036402;00-0032955;00-0028087;00-0033302;00-0035708;00-0034988;00-0032769;00-0031690;00-0029570;00-0032813;00-0034496,Carter Coughlin;Kyler Fackrell;Dion Lewis;Adrian Colbert;Oshane Ximines;Kaden Smith;Brandon Williams;Eric Tomlinson;Nate Ebner;Elijhaa Penny;Sean Chandler
2020_01_PIT_NYG,58,pass,13.0,75.0,62.0,NYG,1.0,3600.0,75.0,25.0,15:00,14:35,,0.0,0.0,1.0,10.0,"3 DL, 4 LB, 4 DB",;;;;;;;;;;,11,5,5,MAN_COVERAGE,COVER_1,False,00-0031067;00-0033881;00-0034346;00-0034445;00-0030443;00-0034844;00-0029592;00-0034988;00-0036386;00-0032385;00-0035710,Cameron Fleming;Evan Engram;Will Hernandez;Nick Gates;Levine Toilolo;Saquon Barkley;Kevin Zeitler;Kaden Smith;Andrew Thomas;Sterling Shepard;Daniel Jones,00-0035525;00-0032146;00-0027969;00-0034858;00-0032150;00-0034789;00-0033886;00-0027860;00-0030434;00-0031412;00-0027862,Devin Bush;Bud Dupree;Cameron Heyward;Terrell Edmunds;Steven Nelson;Minkah Fitzpatrick;T.J. Watt;Joe Haden;Vince Williams;Stephon Tuitt;Tyson Alualu
2020_01_PIT_NYG,82,run,-1.0,62.0,63.0,NYG,1.0,3575.0,62.0,33.0,14:35,14:02,,0.0,0.0,1.0,10.0,"3 DL, 4 LB, 4 DB",;;;;;;;;;;,11,7,,,,,00-0031067;00-0033881;00-0034346;00-0034445;00-0030443;00-0034844;00-0029592;00-0034988;00-0036386;00-0032385;00-0035710,Cameron Fleming;Evan Engram;Will Hernandez;Nick Gates;Levine Toilolo;Saquon Barkley;Kevin Zeitler;Kaden Smith;Andrew Thomas;Sterling Shepard;Daniel Jones,00-0035525;00-0032146;00-0027969;00-0034858;00-0032150;00-0034789;00-0033886;00-0027860;00-0030434;00-0031412;00-0027862,Devin Bush;Bud Dupree;Cameron Heyward;Terrell Edmunds;Steven Nelson;Minkah Fitzpatrick;T.J. Watt;Joe Haden;Vince Williams;Stephon Tuitt;Tyson Alualu
2020_01_PIT_NYG,103,pass,0.0,63.0,63.0,NYG,1.0,3542.0,63.0,7.0,14:02,13:55,,0.0,0.0,2.0,11.0,"3 DL, 4 LB, 4 DB",;;;;;;;;;;,11,5,5,MAN_COVERAGE,COVER_1,False,00-0031067;00-0033881;00-0034346;00-0034445;00-0030443;00-0034844;00-0029592;00-0034988;00-0036386;00-0032385;00-0035710,Cameron Fleming;Evan Engram;Will Hernandez;Nick Gates;Levine Toilolo;Saquon Barkley;Kevin Zeitler;Kaden Smith;Andrew Thomas;Sterling Shepard;Daniel Jones,00-0035525;00-0032146;00-0027969;00-0034858;00-0032150;00-0034789;00-0033886;00-0027860;00-0030434;00-0031412;00-0027862,Devin Bush;Bud Dupree;Cameron Heyward;Terrell Edmunds;Steven Nelson;Minkah Fitzpatrick;T.J. Watt;Joe Haden;Vince Williams;Stephon Tuitt;Tyson Alualu
2020_01_PIT_NYG,125,pass,14.0,63.0,49.0,NYG,1.0,3535.0,63.0,34.0,13:55,13:21,,0.0,0.0,3.0,11.0,"2 DL, 3 LB, 6 DB",;;;;;;;;;;,11,5,4,ZONE_COVERAGE,COVER_3,True,00-0031067;00-0033881;00-0034346;00-0034445;00-0034844;00-0029592;00-0035535;00-0036386;00-0033367;00-0032385;00-0035710,Cameron Fleming;Evan Engram;Will Hernandez;Nick Gates;Saquon Barkley;Kevin Zeitler;Darius Slayton;Andrew Thomas;C.J. Board;Sterling Shepard;Daniel Jones,00-0035525;00-0033930;00-0032146;00-0032521;00-0027969;00-0032150;00-0034858;00-0034789;00-0033886;00-0027860;00-0031412,Devin Bush;Cameron Sutton;Bud Dupree;Mike Hilton;Cameron Heyward;Steven Nelson;Terrell Edmunds;Minkah Fitzpatrick;T.J. Watt;Joe Haden;Stephon Tuitt
2020_01_PIT_NYG,149,run,7.0,49.0,42.0,NYG,1.0,3501.0,49.0,12.0,13:21,13:09,,0.0,0.0,1.0,10.0,"3 DL, 4 LB, 4 DB",;;;;;;;;;;,11,7,,,,,00-0031067;00-0033881;00-0034346;00-0034445;00-0030443;00-0034844;00-0029592;00-0034988;00-0035535;00-0036386;00-0035710,Cameron Fleming;Evan Engram;Will Hernandez;Nick Gates;Levine Toilolo;Saquon Barkley;Kevin Zeitler;Kaden Smith;Darius Slayton;Andrew Thomas;Daniel Jones,00-0035525;00-0035219;00-0032146;00-0034858;00-0032150;00-0034789;00-0033886;00-0027860;00-0030434;00-0031412;00-0027862,Devin Bush;Isaiah Buggs;Bud Dupree;Terrell Edmunds;Steven Nelson;Minkah Fitzpatrick;T.J. Watt;Joe Haden;Vince Williams;Stephon Tuitt;Tyson Alualu
2020_01_PIT_NYG,175,run,-5.0,42.0,47.0,NYG,1.0,3489.0,42.0,38.0,13:09,12:31,,0.0,0.0,2.0,3.0,"3 DL, 4 LB, 4 DB",;;;;;;;;;;,11,7,,,,,00-0031067;00-0033881;00-0034346;00-0034445;00-0030443;00-0034844;00-0029592;00-0034988;00-0036386;00-0035535;00-0035710,Cameron Fleming;Evan Engram;Will Hernandez;Nick Gates;Levine Toilolo;Saquon Barkley;Kevin Zeitler;Kaden Smith;Andrew Thomas;Darius Slayton;Daniel Jones,00-0033913;00-0035525;00-0035219;00-0032146;00-0032150;00-0034858;00-0034204;00-0034789;00-0027860;00-0030434;00-0027862,Chris Wormley;Devin Bush;Isaiah Buggs;Bud Dupree;Steven Nelson;Terrell Edmunds;Ola Adeniyi;Minkah Fitzpatrick;Joe Haden;Vince Williams;Tyson Alualu
2020_01_PIT_NYG,196,pass,7.0,47.0,40.0,NYG,1.0,3451.0,47.0,48.0,12:31,11:43,,0.0,0.0,3.0,8.0,"2 DL, 3 LB, 6 DB",;;;;;;;;;;,11,4,4,ZONE_COVERAGE,COVER_2,False,00-0031067;00-0033881;00-0034346;00-0034445;00-0034844;00-0029592;00-0035535;00-0036386;00-0033367;00-0032385;00-0035710,Cameron Fleming;Evan Engram;Will Hernandez;Nick Gates;Saquon Barkley;Kevin Zeitler;Darius Slayton;Andrew Thomas;C.J. Board;Sterling Shepard;Daniel Jones,00-0035525;00-0033930;00-0035219;00-0032146;00-0032521;00-0034858;00-0032150;00-0034204;00-0034789;00-0027860;00-0027862,Devin Bush;Cameron Sutton;Isaiah Buggs;Bud Dupree;Mike Hilton;Terrell Edmunds;Steven Nelson;Ola Adeniyi;Minkah Fitzpatrick;Joe Haden;Tyson Alualu
2020_01_PIT_NYG,220,no_play,0.0,40.0,40.0,NYG,1.0,3403.0,40.0,3.0,11:43,11:40,,0.0,0.0,4.0,1.0,"4 DL, 4 LB, 3 DB",;;;;;;;;;;,11,,,,,,00-0031067;00-0034346;00-0034445;00-0030443;00-0034844;00-0029592;00-0031690;00-0036386;00-0032385;00-0035710;00-0032813,Cameron Fleming;Will Hernandez;Nick Gates;Levine Toilolo;Saquon Barkley;Kevin Zeitler;Eric Tomlinson;Andrew Thomas;Sterling Shepard;Daniel Jones;Elijhaa Penny,00-0035525;00-0035219;00-0032146;00-0027969;00-0034858;00-0034789;00-0033886;00-0027860;00-0030434;00-0031412;00-0027862,Devin Bush;Isaiah Buggs;Bud Dupree;Cameron Heyward;Terrell Edmunds;Minkah Fitzpatrick;T.J. Watt;Joe Haden;Vince Williams;Stephon Tuitt;Tyson Alualu
2020_01_PIT_NYG,243,turnover,0.0,45.0,45.0,NYG,1.0,3400.0,45.0,16.0,11:40,11:24,,0.0,0.0,4.0,6.0,,;;;;;;;;;;,11,,,,,,00-0031690;00-0030957;00-0033883;00-0032813;00-0029570;00-0033302;00-0032769;00-0034167;00-0034360;00-0034988;00-0032943,Eric Tomlinson;Casey Kreiter;Jabrill Peppers;Elijhaa Penny;Nate Ebner;Adrian Colbert;Brandon Williams;Devante Downs;Lorenzo Carter;Kaden Smith;Riley Dixon,00-0035216;00-0033930;00-0034720;00-0032521;00-0034204;00-0035795;00-0034331;00-0035650;00-0030023;00-0036333;00-0032897,Diontae Johnson;Cameron Sutton;Robert Spillane;Mike Hilton;Ola Adeniyi;James Pierre;Jaylen Samuels;Justin Layne;Jordan Dangerfield;Alex Highsmith;Derek Watt
2020_01_PIT_NYG,272,run,1.0,3.0,2.0,NYG,1.0,3384.0,3.0,39.0,11:24,10:45,,0.0,0.0,1.0,3.0,"2 DL, 4 LB, 5 DB",;;;;;;;;;;,11,6,,,,,00-0031067;00-0033881;00-0034346;00-0034445;00-0034844;00-0029592;00-0035535;00-0036386;00-0033367;00-0032385;00-0035710,Cameron Fleming;Evan Engram;Will Hernandez;Nick Gates;Saquon Barkley;Kevin Zeitler;Darius Slayton;Andrew Thomas;C.J. Board;Sterling Shepard;Daniel Jones,00-0035525;00-0032146;00-0032521;00-0027969;00-0032150;00-0034858;00-0034789;00-0033886;00-0027860;00-0030434;00-0031412,Devin Bush;Bud Dupree;Mike Hilton;Cameron Heyward;Steven Nelson;Terrell Edmunds;Minkah Fitzpatrick;T.J. Watt;Joe Haden;Vince Williams;Stephon Tuitt
2020_01_PIT_NYG,293,pass,0.0,2.0,2.0,NYG,1.0,3345.0,2.0,4.0,10:45,10:41,,0.0,0.0,2.0,2.0,"2 DL, 4 LB, 5 DB",;;;;;;;;;;,11,6,5,MAN_COVERAGE,COVER_0,True,00-0031067;00-0033881;00-0034346;00-0034445;00-0034844;00-0029592;00-0035535;00-0036386;00-0033367;00-0032385;00-0035710,Cameron Fleming;Evan Engram;Will Hernandez;Nick Gates;Saquon Barkley;Kevin Zeitler;Darius Slayton;Andrew Thomas;C.J. Board;Sterling Shepard;Daniel Jones,00-0035525;00-0032146;00-0032521;00-0027969;00-0032150;00-0034858;00-0034789;00-0033886;00-0027860;00-0030434;00-0031412,Devin Bush;Bud Dupree;Mike Hilton;Cameron Heyward;Steven Nelson;Terrell Edmunds;Minkah Fitzpatrick;T.J. Watt;Joe Haden;Vince Williams;Stephon Tuitt
2020_01_PIT_NYG,315,pass,0.0,2.0,2.0,NYG,1.0,3341.0,2.0,4.0,10:41,10:37,,0.0,0.0,3.0,2.0,"2 DL, 4 LB, 5 DB",;;;;;;;;;;,11,6,6,MAN_COVERAGE,COVER_0,True,00-0031067;00-0033881;00-0034346;00-0034445;00-0034844;00-0029592;00-0035535;00-0036386;00-0033367;00-0032385;00-0035710,Cameron Fleming;Evan Engram;Will Hernandez;Nick Gates;Saquon Barkley;Kevin Zeitler;Darius Slayton;Andrew Thomas;C.J. Board;Sterling Shepard;Daniel Jones,00-0035525;00-0032146;00-0032521;00-0027969;00-0032150;00-0034858;00-0034789;00-0033886;00-0027860;00-0030434;00-0031412,Devin Bush;Bud Dupree;Mike Hilton;Cameron Heyward;Steven Nelson;Terrell Edmunds;Minkah Fitzpatrick;T.J. Watt;Joe Haden;Vince Williams;Stephon Tuitt
2020_01_PIT_NYG,337,field_goal,0.0,2.0,2.0,NYG,1.0,3337.0,2.0,3.0,10:37,10:34,,3.0,0.0,4.0,2.0,,;;;;;;;;;;,11,,,,,,00-0031067;00-0033881;00-0034346;00-0034445;00-0026858;00-0033546;00-0029592;00-0032943;00-0036386;00-0030957;00-0035683,Cameron Fleming;Evan Engram;Will Hernandez;Nick Gates;Graham Gano;Dalvin Tomlinson;Kevin Zeitler;Riley Dixon;Andrew Thomas;Casey Kreiter;Dexter Lawrence,00-0035525;00-0032146;00-0027969;00-0034858;00-0032150;00-0034789;00-0033886;00-0027860;00-0030434;00-0031412;00-0027862,Devin Bush;Bud Dupree;Cameron Heyward;Terrell Edmunds;Steven Nelson;Minkah Fitzpatrick;T.J. Watt;Joe Haden;Vince Williams;Stephon Tuitt;Tyson Alualu
2020_01_PIT_NYG,356,kickoff,0.0,35.0,35.0,PIT,1.0,3334.0,35.0,0.0,10:34,10:34,,3.0,0.0,,0.0,,;;;;;;;;;;,11,,,,,,00-0036402;00-0032890;00-0030411;00-0026858;00-0033302;00-0032769;00-0034780;00-0034167;00-0029570;00-0032813;00-0034496,Carter Coughlin;James Bradberry;Logan Ryan;Graham Gano;Adrian Colbert;Brandon Williams;Isaac Yiadom;Devante Downs;Nate Ebner;Elijhaa Penny;Sean Chandler,00-0034407;00-0030023;00-0035217;00-0034204;00-0032897;00-0036333;00-0034331;00-0036326;00-0034335;00-0034720;00-0033053,Ray-Ray McCloud;Jordan Dangerfield;Benny Snell;Ola Adeniyi;Derek Watt;Alex Highsmith;Jaylen Samuels;Chase Claypool;Marcus Allen;Robert Spillane;Sean Davis
2020_01_PIT_NYG,371,run,2.0,75.0,73.0,PIT,1.0,3334.0,75.0,33.0,10:34,10:01,,3.0,0.0,1.0,10.0,"2 DL, 4 LB, 5 DB",;;;;;;;;;;,11,6,,,,,00-0033857;00-0031142;00-0030470;00-0033785;00-0027986;00-0030648;00-0035216;00-0027870;00-0022924;00-0033553;00-0034676,JuJu Smith-Schuster;Matt Feiler;Vance McDonald;Zach Banner;Stefen Wisniewski;Alejandro Villanueva;Diontae Johnson;Maurkice Pouncey;Ben Roethlisberger;James Conner;James Washington,00-0031933;00-0032890;00-0034974;00-0034360;00-0033546;00-0035708;00-0035633;00-0034167;00-0033883;00-0036394;00-0032408,Leonard Williams;James Bradberry;Julian Love;Lorenzo Carter;Dalvin Tomlinson;Oshane Ximines;Corey Ballentine;Devante Downs;Jabrill Peppers;Darnay Holmes;Blake Martinez
2020_01_PIT_NYG,392,run,3.0,73.0,70.0,PIT,1.0,3301.0,73.0,37.0,10:01,9:24,,3.0,0.0,2.0,8.0,"2 DL, 4 LB, 5 DB",;;;;;;;;;;,11,6,,,,,00-0033857;00-0031142;00-0030470;00-0033785;00-0027986;00-0030648;00-0035216;00-0027870;00-0022924;00-0033553;00-0034676,JuJu Smith-Schuster;Matt Feiler;Vance McDonald;Zach Banner;Stefen Wisniewski;Alejandro Villanueva;Diontae Johnson;Maurkice Pouncey;Ben Roethlisberger;James Conner;James Washington,00-0031933;00-0032890;00-0034974;00-0034360;00-0033546;00-0035708;00-0035633;00-0034167;00-0033883;00-0036394;00-0032408,Leonard Williams;James Bradberry;Julian Love;Lorenzo Carter;Dalvin Tomlinson;Oshane Ximines;Corey Ballentine;Devante Downs;Jabrill Peppers;Darnay Holmes;Blake Martinez
2020_01_PIT_NYG,413,run,0.0,70.0,70.0,PIT,1.0,3264.0,70.0,38.0,9:24,8:46,,3.0,0.0,3.0,5.0,"1 DL, 3 LB, 7 DB",;;;;;;;;;;,11,5,,,,,00-0033857;00-0031142;00-0031387;00-0033785;00-0030648;00-0027986;00-0035216;00-0027870;00-0036326;00-0022924;00-0033553,JuJu Smith-Schuster;Matt Feiler;Eric Ebron;Zach Banner;Alejandro Villanueva;Stefen Wisniewski;Diontae Johnson;Maurkice Pouncey;Chase Claypool;Ben Roethlisberger;James Conner,00-0031933;00-0032890;00-0030411;00-0034974;00-0033302;00-0034360;00-0035633;00-0032127;00-0033883;00-0036394;00-0032408,Leonard Williams;James Bradberry;Logan Ryan;Julian Love;Adrian Colbert;Lorenzo Carter;Corey Ballentine;Markus Golden;Jabrill Peppers;Darnay Holmes;Blake Martinez
2020_01_PIT_NYG,438,punt,0.0,75.0,75.0,PIT,1.0,3226.0,75.0,12.0,8:46,8:34,,3.0,0.0,4.0,10.0,,;;;;;;;;;;,11,,,,,,00-0023534;00-0032486;00-0030023;00-0035650;00-0035217;00-0034204;00-0036333;00-0032897;00-0036326;00-0034720;00-0033053,Dustin Colquitt;Kameron Canaday;Jordan Dangerfield;Justin Layne;Benny Snell;Ola Adeniyi;Alex Highsmith;Derek Watt;Chase Claypool;Robert Spillane;Sean Davis,00-0036402;00-0032890;00-0034974;00-0032955;00-0035708;00-0032769;00-0029570;00-0033883;00-0036394;00-0032813;00-0034496,Carter Coughlin;James Bradberry;Julian Love;Kyler Fackrell;Oshane Ximines;Brandon Williams;Nate Ebner;Jabrill Peppers;Darnay Holmes;Elijhaa Penny;Sean Chandler
2020_01_PIT_NYG,463,pass,0.0,56.0,56.0,NYG,1.0,3214.0,56.0,5.0,8:34,8:29,,3.0,0.0,1.0,10.0,"3 DL, 4 LB, 4 DB",;;;;;;;;;;,11,5,3,ZONE_COVERAGE,COVER_3,False,00-0031067;00-0033881;00-0034346;00-0034445;00-0030443;00-0034844;00-0029592;00-0034988;00-0036386;00-0032385;00-0035710,Cameron Fleming;Evan Engram;Will Hernandez;Nick Gates;Levine Toilolo;Saquon Barkley;Kevin Zeitler;Kaden Smith;Andrew Thomas;Sterling Shepard;Daniel Jones,00-0035525;00-0032146;00-0027969;00-0034858;00-0032150;00-0034789;00-0033886;00-0027860;00-0030434;00-0031412;00-0027862,Devin Bush;Bud Dupree;Cameron Heyward;Terrell Edmunds;Steven Nelson;Minkah Fitzpatrick;T.J. Watt;Joe Haden;Vince Williams;Stephon Tuitt;Tyson Alualu
2020_01_PIT_NYG,485,run,-4.0,56.0,60.0,NYG,1.0,3209.0,56.0,38.0,8:29,7:51,,3.0,0.0,2.0,10.0,"3 DL, 4 LB, 4 DB",;;;;;;;;;;,11,7,,,,,00-0031067;00-0033881;00-0034346;00-0034445;00-0030443;00-0034844;00-0029592;00-0034988;00-0036386;00-0032385;00-0035710,Cameron Fleming;Evan Engram;Will Hernandez;Nick Gates;Levine Toilolo;Saquon Barkley;Kevin Zeitler;Kaden Smith;Andrew Thomas;Sterling Shepard;Daniel Jones,00-0035525;00-0032146;00-0027969;00-0034858;00-0032150;00-0034789;00-0033886;00-0027860;00-0030434;00-0031412;00-0027862,Devin Bush;Bud Dupree;Cameron Heyward;Terrell Edmunds;Steven Nelson;Minkah Fitzpatrick;T.J. Watt;Joe Haden;Vince Williams;Stephon Tuitt;Tyson Alualu
2020_01_PIT_NYG,506,pass,1.0,60.0,59.0,NYG,1.0,3171.0,60.0,43.0,7:51,7:08,,3.0,0.0,3.0,14.0,"2 DL, 3 LB, 6 DB",;;;;;;;;;;,11,5,4,ZONE_COVERAGE,COVER_3,False,00-0031067;00-0033881;00-0034346;00-0034445;00-0034844;00-0029592;00-0035535;00-0036386;00-0033367;00-0032385;00-0035710,Cameron Fleming;Evan Engram;Will Hernandez;Nick Gates;Saquon Barkley;Kevin Zeitler;Darius Slayton;Andrew Thomas;C.J. Board;Sterling Shepard;Daniel Jones,00-0035525;00-0033930;00-0032146;00-0032521;00-0027969;00-0032150;00-0034858;00-0034789;00-0033886;00-0027860;00-0031412,Devin Bush;Cameron Sutton;Bud Dupree;Mike Hilton;Cameron Heyward;Steven Nelson;Terrell Edmunds;Minkah Fitzpatrick;T.J. Watt;Joe Haden;Stephon Tuitt
2020_01_PIT_NYG,530,punt,0.0,59.0,59.0,NYG,1.0,3128.0,59.0,8.0,7:08,7:00,,3.0,0.0,4.0,13.0,,;;;;;;;;;;,11,,,,,,00-0033302;00-0034360;00-0034988;00-0032769;00-0031690;00-0032943;00-0034167;00-0029570;00-0030957;00-0033883;00-0032813,Adrian Colbert;Lorenzo Carter;Kaden Smith;Brandon Williams;Eric Tomlinson;Riley Dixon;Devante Downs;Nate Ebner;Casey Kreiter;Jabrill Peppers;Elijhaa Penny,00-0033930;00-0030023;00-0032521;00-0035650;00-0034204;00-0032897;00-0036333;00-0035216;00-0034331;00-0034720;00-0035795,Cameron Sutton;Jordan Dangerfield;Mike Hilton;Justin Layne;Ola Adeniyi;Derek Watt;Alex Highsmith;Diontae Johnson;Jaylen Samuels;Robert Spillane;James Pierre
2020_01_PIT_NYG,549,run,3.0,82.0,79.0,PIT,1.0,3120.0,82.0,38.0,7:00,6:22,,3.0,0.0,1.0,10.0,"3 DL, 3 LB, 5 DB",;;;;;;;;;;,11,6,,,,,00-0031142;00-0030470;00-0033785;00-0030648;00-0027986;00-0027870;00-0035216;00-0036326;00-0034768;00-0022924;00-0033553,Matt Feiler;Vance McDonald;Zach Banner;Alejandro Villanueva;Stefen Wisniewski;Maurkice Pouncey;Diontae Johnson;Chase Claypool;Chukwuma Okorafor;Ben Roethlisberger;James Conner,00-0032890;00-0030411;00-0034974;00-0032955;00-0034360;00-0033546;00-0035633;00-0032763;00-0035683;00-0033883;00-0032408,James Bradberry;Logan Ryan;Julian Love;Kyler Fackrell;Lorenzo Carter;Dalvin Tomlinson;Corey Ballentine;Austin Johnson;Dexter Lawrence;Jabrill Peppers;Blake Martinez
2020_01_PIT_NYG,570,pass,0.0,79.0,79.0,PIT,1.0,3082.0,79.0,5.0,6:22,6:17,,3.0,0.0,2.0,7.0,"2 DL, 4 LB, 5 DB",;;;;;;;;;;,11,6,4,ZONE_COVERAGE,COVER_3,False,00-0033857;00-0031142;00-0030470;00-0033785;00-0027986;00-0030648;00-0035216;00-0027870;00-0022924;00-0033553;00-0034676,JuJu Smith-Schuster;Matt Feiler;Vance McDonald;Zach Banner;Stefen Wisniewski;Alejandro Villanueva;Diontae Johnson;Maurkice Pouncey;Ben Roethlisberger;James Conner;James Washington,00-0032890;00-0034974;00-0034360;00-0033546;00-0035708;00-0035633;00-0034167;00-0035683;00-0033883;00-0036394;00-0032408,James Bradberry;Julian Love;Lorenzo Carter;Dalvin Tomlinson;Oshane Ximines;Corey Ballentine;Devante Downs;Dexter Lawrence;Jabrill Peppers;Darnay Holmes;Blake Martinez
2020_01_PIT_NYG,592,pass,11.0,79.0,68.0,PIT,1.0,3077.0,79.0,45.0,6:17,5:32,,3.0,0.0,3.0,7.0,"2 DL, 3 LB, 6 DB",;;;;;;;;;;,11,6,5,MAN_COVERAGE,COVER_1,True,00-0033857;00-0031142;00-0030470;00-0033785;00-0030648;00-0027986;00-0027870;00-0035216;00-0022924;00-0033553;00-0034676,JuJu Smith-Schuster;Matt Feiler;Vance McDonald;Zach Banner;Alejandro Villanueva;Stefen Wisniewski;Maurkice Pouncey;Diontae Johnson;Ben Roethlisberger;James Conner;James Washington,00-0031933;00-0032890;00-0034800;00-0030411;00-0034974;00-0034360;00-0035633;00-0032127;00-0033883;00-0036394;00-0032408,Leonard Williams;James Bradberry;B.J. Hill;Logan Ryan;Julian Love;Lorenzo Carter;Corey Ballentine;Markus Golden;Jabrill Peppers;Darnay Holmes;Blake Martinez
2020_01_PIT_NYG,616,run,1.0,68.0,67.0,PIT,1.0,3032.0,68.0,42.0,5:32,4:50,,3.0,0.0,1.0,10.0,"2 DL, 4 LB, 5 DB",;;;;;;;;;;,11,5,,,,,00-0033857;00-0031142;00-0031387;00-0033785;00-0027986;00-0030648;00-0027870;00-0035216;00-0022924;00-0033553;00-0034676,JuJu Smith-Schuster;Matt Feiler;Eric Ebron;Zach Banner;Stefen Wisniewski;Alejandro Villanueva;Maurkice Pouncey;Diontae Johnson;Ben Roethlisberger;James Conner;James Washington,00-0032890;00-0034974;00-0034360;00-0033546;00-0035708;00-0035633;00-0034167;00-0035683;00-0033883;00-0036394;00-0032408,James Bradberry;Julian Love;Lorenzo Carter;Dalvin Tomlinson;Oshane Ximines;Corey Ballentine;Devante Downs;Dexter Lawrence;Jabrill Peppers;Darnay Holmes;Blake Martinez
2020_01_PIT_NYG,637,pass,0.0,67.0,67.0,PIT,1.0,2990.0,67.0,4.0,4:50,4:46,,3.0,0.0,2.0,9.0,"1 DL, 4 LB, 6 DB",;;;;;;;;;;,11,6,3,ZONE_COVERAGE,COVER_3,False,00-0033857;00-0031142;00-0031387;00-0033785;00-0030648;00-0027986;00-0027870;00-0035216;00-0022924;00-0033553;00-0034676,JuJu Smith-Schuster;Matt Feiler;Eric Ebron;Zach Banner;Alejandro Villanueva;Stefen Wisniewski;Maurkice Pouncey;Diontae Johnson;Ben Roethlisberger;James Conner;James Washington,00-0031933;00-0032890;00-0030411;00-0034974;00-0034360;00-0035708;00-0035633;00-0032127;00-0033883;00-0036394;00-0032408,Leonard Williams;James Bradberry;Logan Ryan;Julian Love;Lorenzo Carter;Oshane Ximines;Corey Ballentine;Markus Golden;Jabrill Peppers;Darnay Holmes;Blake Martinez
2020_01_PIT_NYG,660,pass,28.0,67.0,39.0,PIT,1.0,2986.0,67.0,25.0,4:46,4:21,,3.0,0.0,3.0,9.0,"2 DL, 3 LB, 6 DB",;;;;;;;;;;,11,5,5,MAN_COVERAGE,2_MAN,True,00-0033857;00-0031142;00-0031387;00-0033785;00-0027986;00-0030648;00-0035216;00-0027870;00-0036326;00-0022924;00-0033553,JuJu Smith-Schuster;Matt Feiler;Eric Ebron;Zach Banner;Stefen Wisniewski;Alejandro Villanueva;Diontae Johnson;Maurkice Pouncey;Chase Claypool;Ben Roethlisberger;James Conner,00-0031933;00-0032890;00-0034800;00-0030411;00-0034974;00-0034360;00-0035633;00-0032127;00-0033883;00-0036394;00-0032408,Leonard Williams;James Bradberry;B.J. Hill;Logan Ryan;Julian Love;Lorenzo Carter;Corey Ballentine;Markus Golden;Jabrill Peppers;Darnay Holmes;Blake Martinez
2020_01_PIT_NYG,689,run,3.0,39.0,36.0,PIT,1.0,2961.0,39.0,41.0,4:21,3:40,,3.0,0.0,1.0,10.0,"2 DL, 4 LB, 5 DB",;;;;;;;;;;,11,6,,,,,00-0033857;00-0031142;00-0031387;00-0035217;00-0033785;00-0027986;00-0030648;00-0027870;00-0035216;00-0036326;00-0022924,JuJu Smith-Schuster;Matt Feiler;Eric Ebron;Benny Snell;Zach Banner;Stefen Wisniewski;Alejandro Villanueva;Maurkice Pouncey;Diontae Johnson;Chase Claypool;Ben Roethlisberger,00-0032890;00-0034974;00-0034360;00-0033546;00-0035708;00-0035633;00-0034167;00-0035683;00-0033883;00-0036394;00-0032408,James Bradberry;Julian Love;Lorenzo Carter;Dalvin Tomlinson;Oshane Ximines;Corey Ballentine;Devante Downs;Dexter Lawrence;Jabrill Peppers;Darnay Holmes;Blake Martinez
2020_01_PIT_NYG,710,run,6.0,36.0,30.0,PIT,1.0,2920.0,36.0,39.0,3:40,3:01,,3.0,0.0,2.0,7.0,"2 DL, 4 LB, 5 DB",;;;;;;;;;;,11,7,,,,,00-0033857;00-0031142;00-0035217;00-0030470;00-0033785;00-0027986;00-0030648;00-0035216;00-0027870;00-0022924;00-0034676,JuJu Smith-Schuster;Matt Feiler;Benny Snell;Vance McDonald;Zach Banner;Stefen Wisniewski;Alejandro Villanueva;Diontae Johnson;Maurkice Pouncey;Ben Roethlisberger;James Washington,00-0032890;00-0034974;00-0034360;00-0033546;00-0035708;00-0035633;00-0034167;00-0035683;00-0033883;00-0036394;00-0032408,James Bradberry;Julian Love;Lorenzo Carter;Dalvin Tomlinson;Oshane Ximines;Corey Ballentine;Devante Downs;Dexter Lawrence;Jabrill Peppers;Darnay Holmes;Blake Martinez
2020_01_PIT_NYG,731,pass,6.0,30.0,24.0,PIT,1.0,2881.0,30.0,37.0,3:01,2:24,,3.0,0.0,3.0,1.0,"3 DL, 3 LB, 5 DB",;;;;;;;;;;,11,6,3,ZONE_COVERAGE,COVER_2,False,00-0033857;00-0031142;00-0030470;00-0033785;00-0027986;00-0030648;00-0027870;00-0035216;00-0022924;00-0033553;00-0034676,JuJu Smith-Schuster;Matt Feiler;Vance McDonald;Zach Banner;Stefen Wisniewski;Alejandro Villanueva;Maurkice Pouncey;Diontae Johnson;Ben Roethlisberger;James Conner;James Washington,00-0031933;00-0032890;00-0034974;00-0032955;00-0034360;00-0033546;00-0035633;00-0035683;00-0033883;00-0036394;00-0032408,Leonard Williams;James Bradberry;Julian Love;Kyler Fackrell;Lorenzo Carter;Dalvin Tomlinson;Corey Ballentine;Dexter Lawrence;Jabrill Peppers;Darnay Holmes;Blake Martinez
2020_01_PIT_NYG,755,run,-1.0,24.0,25.0,PIT,1.0,2844.0,24.0,39.0,2:24,1:45,,3.0,0.0,1.0,10.0,"3 DL, 3 LB, 5 DB",;;;;;;;;;;,11,6,,,,,00-0033857;00-0031142;00-0030470;00-0033785;00-0027986;00-0030648;00-0027870;00-0035216;00-0022924;00-0033553;00-0034676,JuJu Smith-Schuster;Matt Feiler;Vance McDonald;Zach Banner;Stefen Wisniewski;Alejandro Villanueva;Maurkice Pouncey;Diontae Johnson;Ben Roethlisberger;James Conner;James Washington,00-0031933;00-0032890;00-0034974;00-0032955;00-0034360;00-0033546;00-0035633;00-0035683;00-0033883;00-0036394;00-0032408,Leonard Williams;James Bradberry;Julian Love;Kyler Fackrell;Lorenzo Carter;Dalvin Tomlinson;Corey Ballentine;Dexter Lawrence;Jabrill Peppers;Darnay Holmes;Blake Martinez
2020_01_PIT_NYG,776,pass,2.0,25.0,23.0,PIT,1.0,2805.0,25.0,45.0,1:45,1:00,,3.0,0.0,2.0,11.0,"2 DL, 3 LB, 6 DB",;;;;;;;;;;,11,5,4,ZONE_COVERAGE,COVER_2,True,00-0033857;00-0031142;00-0031387;00-0033785;00-0030648;00-0027986;00-0027870;00-0035216;00-0022924;00-0033553;00-0034676,JuJu Smith-Schuster;Matt Feiler;Eric Ebron;Zach Banner;Alejandro Villanueva;Stefen Wisniewski;Maurkice Pouncey;Diontae Johnson;Ben Roethlisberger;James Conner;James Washington,00-0031933;00-0032890;00-0030411;00-0034974;00-0034360;00-0035633;00-0032127;00-0035683;00-0033883;00-0036394;00-0032408,Leonard Williams;James Bradberry;Logan Ryan;Julian Love;Lorenzo Carter;Corey Ballentine;Markus Golden;Dexter Lawrence;Jabrill Peppers;Darnay Holmes;Blake Martinez
2020_01_PIT_NYG,800,pass,0.0,23.0,23.0,PIT,1.0,2760.0,23.0,6.0,1:00,0:54,,3.0,0.0,3.0,9.0,"2 DL, 3 LB, 6 DB",;;;;;;;;;;,11,6,4,MAN_COVERAGE,COVER_1,True,00-0033857;00-0031142;00-0031387;00-0035217;00-0033785;00-0030648;00-0027986;00-0027870;00-0035216;00-0022924;00-0034676,JuJu Smith-Schuster;Matt Feiler;Eric Ebron;Benny Snell;Zach Banner;Alejandro Villanueva;Stefen Wisniewski;Maurkice Pouncey;Diontae Johnson;Ben Roethlisberger;James Washington,00-0031933;00-0032890;00-0034800;00-0030411;00-0034974;00-0034360;00-0035633;00-0032127;00-0033883;00-0036394;00-0032408,Leonard Williams;James Bradberry;B.J. Hill;Logan Ryan;Julian Love;Lorenzo Carter;Corey Ballentine;Markus Golden;Jabrill Peppers;Darnay Holmes;Blake Martinez
2020_01_PIT_NYG,822,field_goal,0.0,23.0,23.0,PIT,1.0,2754.0,23.0,5.0,0:54,0:49,,3.0,3.0,4.0,9.0,,;;;;;;;;;;,11,,,,,,00-0023534;00-0032486;00-0031142;00-0027969;00-0030470;00-0033785;00-0030648;00-0027986;00-0031136;00-0034768;00-0031412,Dustin Colquitt;Kameron Canaday;Matt Feiler;Cameron Heyward;Vance McDonald;Zach Banner;Alejandro Villanueva;Stefen Wisniewski;Chris Boswell;Chukwuma Okorafor;Stephon Tuitt,00-0031933;00-0032890;00-0034800;00-0034974;00-0034360;00-0033546;00-0035708;00-0035633;00-0035683;00-0029570;00-0033883,Leonard Williams;James Bradberry;B.J. Hill;Julian Love;Lorenzo Carter;Dalvin Tomlinson;Oshane Ximines;Corey Ballentine;Dexter Lawrence;Nate Ebner;Jabrill Peppers
2020_01_PIT_NYG,841,kickoff,0.0,35.0,35.0,NYG,1.0,2749.0,35.0,0.0,0:49,0:49,,3.0,3.0,,0.0,,;;;;;;;;;;,11,,,,,,00-0033930;00-0030023;00-0035650;00-0032521;00-0035217;00-0034204;00-0032897;00-0036333;00-0031136;00-0036326;00-0034720,Cameron Sutton;Jordan Dangerfield;Justin Layne;Mike Hilton;Benny Snell;Ola Adeniyi;Derek Watt;Alex Highsmith;Chris Boswell;Chase Claypool;Robert Spillane,00-0036402;00-0032955;00-0028087;00-0033302;00-0035708;00-0034988;00-0032769;00-0031690;00-0029570;00-0032813;00-0034496,Carter Coughlin;Kyler Fackrell;Dion Lewis;Adrian Colbert;Oshane Ximines;Kaden Smith;Brandon Williams;Eric Tomlinson;Nate Ebner;Elijhaa Penny;Sean Chandler
2020_01_PIT_NYG,856,pass,11.0,75.0,64.0,NYG,1.0,2749.0,75.0,23.0,0:49,0:26,,3.0,3.0,1.0,10.0,"3 DL, 3 LB, 5 DB",;;;;;;;;;;,11,6,5,ZONE_COVERAGE,COVER_3,False,00-0031067;00-0033881;00-0034346;00-0034445;00-0028087;00-0029592;00-0035535;00-0036386;00-0032385;00-0034273;00-0035710,Cameron Fleming;Evan Engram;Will Hernandez;Nick Gates;Dion Lewis;Kevin Zeitler;Darius Slayton;Andrew Thomas;Sterling Shepard;Damion Ratley;Daniel Jones,00-0035525;00-0032521;00-0027969;00-0032150;00-0034858;00-0034789;00-0036333;00-0033886;00-0027860;00-0030434;00-0031412,Devin Bush;Mike Hilton;Cameron Heyward;Steven Nelson;Terrell Edmunds;Minkah Fitzpatrick;Alex Highsmith;T.J. Watt;Joe Haden;Vince Williams;Stephon Tuitt
2020_01_PIT_NYG,880,run,1.0,64.0,63.0,NYG,1.0,2726.0,64.0,26.0,0:26,0:00,,3.0,3.0,1.0,10.0,"3 DL, 3 LB, 5 DB",;;;;;;;;;;,11,6,,,,,00-0031067;00-0033881;00-0034346;00-0034445;00-0028087;00-0029592;00-0035535;00-0036386;00-0032385;00-0034273;00-0035710,Cameron Fleming;Evan Engram;Will Hernandez;Nick Gates;Dion Lewis;Kevin Zeitler;Darius Slayton;Andrew Thomas;Sterling Shepard;Damion Ratley;Daniel Jones,00-0035525;00-0032521;00-0027969;00-0034858;00-0032150;00-0034789;00-0036333;00-0033886;00-0027860;00-0030434;00-0031412,Devin Bush;Mike Hilton;Cameron Heyward;Terrell Edmunds;Steven Nelson;Minkah Fitzpatrick;Alex Highsmith;T.J. Watt;Joe Haden;Vince Williams;Stephon Tuitt
2020_01_PIT_NYG,901,start_quarter_2,,,,NYG,1.0,2700.0,,0.0,0:00,0:00,,3.0,3.0,,0.0,,,0,,,,,,,,,
2020_01_PIT_NYG,920,pass,12.0,63.0,51.0,NYG,2.0,2700.0,63.0,21.0,15:00,14:39,,3.0,3.0,2.0,9.0,"3 DL, 3 LB, 5 DB",;;;;;;;;;;,11,6,5,ZONE_COVERAGE,COVER_3,False,00-0031067;00-0033881;00-0034346;00-0034445;00-0028087;00-0029592;00-0034988;00-0036386;00-0035535;00-0032385;00-0035710,Cameron Fleming;Evan Engram;Will Hernandez;Nick Gates;Dion Lewis;Kevin Zeitler;Kaden Smith;Andrew Thomas;Darius Slayton;Sterling Shepard;Daniel Jones,00-0035525;00-0032521;00-0027969;00-0034858;00-0032150;00-0034789;00-0036333;00-0033886;00-0027860;00-0030434;00-0031412,Devin Bush;Mike Hilton;Cameron Heyward;Terrell Edmunds;Steven Nelson;Minkah Fitzpatrick;Alex Highsmith;T.J. Watt;Joe Haden;Vince Williams;Stephon Tuitt
2020_01_PIT_NYG,949,run,-2.0,51.0,53.0,NYG,2.0,2679.0,51.0,37.0,14:39,14:02,,3.0,3.0,1.0,10.0,"4 DL, 3 LB, 4 DB",;;;;;;;;;;,11,7,,,,,00-0031067;00-0033881;00-0034346;00-0034445;00-0030443;00-0034844;00-0029592;00-0034988;00-0036386;00-0035535;00-0035710,Cameron Fleming;Evan Engram;Will Hernandez;Nick Gates;Levine Toilolo;Saquon Barkley;Kevin Zeitler;Kaden Smith;Andrew Thomas;Darius Slayton;Daniel Jones,00-0035525;00-0035219;00-0032150;00-0034858;00-0034789;00-0036333;00-0033886;00-0027860;00-0030434;00-0031412;00-0027862,Devin Bush;Isaiah Buggs;Steven Nelson;Terrell Edmunds;Minkah Fitzpatrick;Alex Highsmith;T.J. Watt;Joe Haden;Vince Williams;Stephon Tuitt;Tyson Alualu
2020_01_PIT_NYG,970,pass,0.0,53.0,53.0,NYG,2.0,2642.0,53.0,3.0,14:02,13:59,,3.0,3.0,2.0,12.0,"2 DL, 4 LB, 5 DB",;;;;;;;;;;,11,6,5,ZONE_COVERAGE,COVER_3,True,00-0031067;00-0033881;00-0034346;00-0034445;00-0034844;00-0029592;00-0035535;00-0036386;00-0032385;00-0034273;00-0035710,Cameron Fleming;Evan Engram;Will Hernandez;Nick Gates;Saquon Barkley;Kevin Zeitler;Darius Slayton;Andrew Thomas;Sterling Shepard;Damion Ratley;Daniel Jones,00-0035525;00-0032146;00-0032521;00-0032150;00-0034858;00-0034789;00-0033886;00-0027860;00-0030434;00-0031412;00-0027862,Devin Bush;Bud Dupree;Mike Hilton;Steven Nelson;Terrell Edmunds;Minkah Fitzpatrick;T.J. Watt;Joe Haden;Vince Williams;Stephon Tuitt;Tyson Alualu
2020_01_PIT_NYG,992,no_play,0.0,53.0,53.0,NYG,2.0,2639.0,53.0,5.0,13:59,13:54,,3.0,3.0,3.0,12.0,"2 DL, 3 LB, 6 DB",;;;;;;;;;;,11,5,,,,,00-0031067;00-0033881;00-0034346;00-0034445;00-0034844;00-0029592;00-0035535;00-0036386;00-0032385;00-0034273;00-0035710,Cameron Fleming;Evan Engram;Will Hernandez;Nick Gates;Saquon Barkley;Kevin Zeitler;Darius Slayton;Andrew Thomas;Sterling Shepard;Damion Ratley;Daniel Jones,00-0035525;00-0033930;00-0032146;00-0032521;00-0027969;00-0032150;00-0034858;00-0034789;00-0033886;00-0027860;00-0031412,Devin Bush;Cameron Sutton;Bud Dupree;Mike Hilton;Cameron Heyward;Steven Nelson;Terrell Edmunds;Minkah Fitzpatrick;T.J. Watt;Joe Haden;Stephon Tuitt
2020_01_PIT_NYG,1025,pass,41.0,41.0,0.0,NYG,2.0,2634.0,41.0,9.0,13:54,13:45,,9.0,3.0,1.0,10.0,"3 DL, 4 LB, 4 DB",;;;;;;;;;;,11,7,6,ZONE_COVERAGE,COVER_3,False,00-0031067;00-0033881;00-0034346;00-0034445;00-0030443;00-0034844;00-0029592;00-0034988;00-0035535;00-0036386;00-0035710,Cameron Fleming;Evan Engram;Will Hernandez;Nick Gates;Levine Toilolo;Saquon Barkley;Kevin Zeitler;Kaden Smith;Darius Slayton;Andrew Thomas;Daniel Jones,00-0035525;00-0032146;00-0027969;00-0034858;00-0032150;00-0034789;00-0033886;00-0027860;00-0030434;00-0031412;00-0027862,Devin Bush;Bud Dupree;Cameron Heyward;Terrell Edmunds;Steven Nelson;Minkah Fitzpatrick;T.J. Watt;Joe Haden;Vince Williams;Stephon Tuitt;Tyson Alualu
2020_01_PIT_NYG,1050,extra_point,0.0,15.0,15.0,NYG,2.0,2625.0,15.0,0.0,13:45,13:45,,10.0,3.0,,0.0,,;;;;;;;;;;,11,,,,,,00-0031067;00-0033881;00-0034346;00-0034445;00-0026858;00-0033546;00-0029592;00-0032943;00-0036386;00-0030957;00-0035683,Cameron Fleming;Evan Engram;Will Hernandez;Nick Gates;Graham Gano;Dalvin Tomlinson;Kevin Zeitler;Riley Dixon;Andrew Thomas;Casey Kreiter;Dexter Lawrence,00-0035525;00-0032146;00-0027969;00-0034858;00-0032150;00-0034789;00-0033886;00-0027860;00-0030434;00-0031412;00-0027862,Devin Bush;Bud Dupree;Cameron Heyward;Terrell Edmunds;Steven Nelson;Minkah Fitzpatrick;T.J. Watt;Joe Haden;Vince Williams;Stephon Tuitt;Tyson Alualu
2020_01_PIT_NYG,1066,kickoff,0.0,35.0,35.0,PIT,2.0,2625.0,35.0,0.0,13:45,13:45,,10.0,3.0,,0.0,,;;;;;;;;;;,11,,,,,,00-0036402;00-0032890;00-0030411;00-0026858;00-0033302;00-0032769;00-0034780;00-0034167;00-0029570;00-0032813;00-0034496,Carter Coughlin;James Bradberry;Logan Ryan;Graham Gano;Adrian Colbert;Brandon Williams;Isaac Yiadom;Devante Downs;Nate Ebner;Elijhaa Penny;Sean Chandler,00-0034407;00-0030023;00-0035217;00-0034204;00-0032897;00-0036333;00-0034331;00-0036326;00-0034335;00-0034720;00-0033053,Ray-Ray McCloud;Jordan Dangerfield;Benny Snell;Ola Adeniyi;Derek Watt;Alex Highsmith;Jaylen Samuels;Chase Claypool;Marcus Allen;Robert Spillane;Sean Davis
2020_01_PIT_NYG,1081,pass,0.0,75.0,75.0,PIT,2.0,2625.0,75.0,4.0,13:45,13:41,,10.0,3.0,1.0,10.0,"3 DL, 3 LB, 5 DB",;;;;;;;;;;,11,5,3,ZONE_COVERAGE,COVER_2,False,00-0033857;00-0031142;00-0030470;00-0033785;00-0027986;00-0030648;00-0027870;00-0035216;00-0022924;00-0033553;00-0034676,JuJu Smith-Schuster;Matt Feiler;Vance McDonald;Zach Banner;Stefen Wisniewski;Alejandro Villanueva;Maurkice Pouncey;Diontae Johnson;Ben Roethlisberger;James Conner;James Washington,00-0031933;00-0032890;00-0034800;00-0034974;00-0032955;00-0034360;00-0034780;00-0032763;00-0033883;00-0036394;00-0032408,Leonard Williams;James Bradberry;B.J. Hill;Julian Love;Kyler Fackrell;Lorenzo Carter;Isaac Yiadom;Austin Johnson;Jabrill Peppers;Darnay Holmes;Blake Martinez
2020_01_PIT_NYG,1103,run,1.0,75.0,74.0,PIT,2.0,2621.0,75.0,40.0,13:41,13:01,,10.0,3.0,2.0,10.0,"2 DL, 3 LB, 6 DB",;;;;;;;;;;,11,6,,,,,00-0033857;00-0031142;00-0030470;00-0033785;00-0030648;00-0027986;00-0027870;00-0035216;00-0022924;00-0033553;00-0034676,JuJu Smith-Schuster;Matt Feiler;Vance McDonald;Zach Banner;Alejandro Villanueva;Stefen Wisniewski;Maurkice Pouncey;Diontae Johnson;Ben Roethlisberger;James Conner;James Washington,00-0031933;00-0032890;00-0034800;00-0030411;00-0034974;00-0032955;00-0034360;00-0034780;00-0033883;00-0036394;00-0032408,Leonard Williams;James Bradberry;B.J. Hill;Logan Ryan;Julian Love;Kyler Fackrell;Lorenzo Carter;Isaac Yiadom;Jabrill Peppers;Darnay Holmes;Blake Martinez
2020_01_PIT_NYG,1124,pass,0.0,74.0,74.0,PIT,2.0,2581.0,74.0,5.0,13:01,12:56,,10.0,3.0,3.0,9.0,"1 DL, 4 LB, 6 DB",;;;;;;;;;;,11,6,5,MAN_COVERAGE,COVER_1,True,00-0033857;00-0031142;00-0030470;00-0033785;00-0030648;00-0027986;00-0027870;00-0035216;00-0034331;00-0022924;00-0034676,JuJu Smith-Schuster;Matt Feiler;Vance McDonald;Zach Banner;Alejandro Villanueva;Stefen Wisniewski;Maurkice Pouncey;Diontae Johnson;Jaylen Samuels;Ben Roethlisberger;James Washington,00-0031933;00-0032890;00-0030411;00-0034974;00-0034360;00-0035708;00-0034780;00-0032127;00-0033883;00-0036394;00-0032408,Leonard Williams;James Bradberry;Logan Ryan;Julian Love;Lorenzo Carter;Oshane Ximines;Isaac Yiadom;Markus Golden;Jabrill Peppers;Darnay Holmes;Blake Martinez
2020_01_PIT_NYG,1146,punt,0.0,74.0,74.0,PIT,2.0,2576.0,74.0,16.0,12:56,12:40,,10.0,3.0,4.0,9.0,,;;;;;;;;;;,11,,,,,,00-0023534;00-0032486;00-0030023;00-0035650;00-0035217;00-0034204;00-0036333;00-0032897;00-0036326;00-0034720;00-0033053,Dustin Colquitt;Kameron Canaday;Jordan Dangerfield;Justin Layne;Benny Snell;Ola Adeniyi;Alex Highsmith;Derek Watt;Chase Claypool;Robert Spillane;Sean Davis,00-0036402;00-0032890;00-0034974;00-0032955;00-0035708;00-0032769;00-0029570;00-0033883;00-0036394;00-0032813;00-0034496,Carter Coughlin;James Bradberry;Julian Love;Kyler Fackrell;Oshane Ximines;Brandon Williams;Nate Ebner;Jabrill Peppers;Darnay Holmes;Elijhaa Penny;Sean Chandler
2020_01_PIT_NYG,1171,turnover,0.0,65.0,65.0,NYG,2.0,2560.0,65.0,5.0,12:40,12:35,,10.0,3.0,1.0,10.0,"3 DL, 4 LB, 4 DB",;;;;;;;;;;,11,7,6,MAN_COVERAGE,COVER_1,False,00-0031067;00-0033881;00-0034346;00-0034445;00-0030443;00-0034844;00-0029592;00-0034988;00-0036386;00-0032385;00-0035710,Cameron Fleming;Evan Engram;Will Hernandez;Nick Gates;Levine Toilolo;Saquon Barkley;Kevin Zeitler;Kaden Smith;Andrew Thomas;Sterling Shepard;Daniel Jones,00-0033913;00-0035525;00-0032146;00-0027969;00-0032150;00-0034858;00-0034789;00-0033886;00-0027860;00-0030434;00-0027862,Chris Wormley;Devin Bush;Bud Dupree;Cameron Heyward;Steven Nelson;Terrell Edmunds;Minkah Fitzpatrick;T.J. Watt;Joe Haden;Vince Williams;Tyson Alualu
2020_01_PIT_NYG,1197,run,8.0,36.0,28.0,PIT,2.0,2555.0,36.0,39.0,12:35,11:56,,10.0,3.0,1.0,10.0,"3 DL, 3 LB, 5 DB",;;;;;;;;;;,11,5,,,,,00-0033857;00-0031142;00-0031387;00-0035217;00-0030470;00-0033785;00-0030648;00-0027986;00-0035216;00-0027870;00-0022924,JuJu Smith-Schuster;Matt Feiler;Eric Ebron;Benny Snell;Vance McDonald;Zach Banner;Alejandro Villanueva;Stefen Wisniewski;Diontae Johnson;Maurkice Pouncey;Ben Roethlisberger,00-0031933;00-0032890;00-0030411;00-0034974;00-0032955;00-0034360;00-0033546;00-0035633;00-0035683;00-0033883;00-0032408,Leonard Williams;James Bradberry;Logan Ryan;Julian Love;Kyler Fackrell;Lorenzo Carter;Dalvin Tomlinson;Corey Ballentine;Dexter Lawrence;Jabrill Peppers;Blake Martinez
2020_01_PIT_NYG,1218,run,1.0,28.0,27.0,PIT,2.0,2516.0,28.0,48.0,11:56,11:08,,10.0,3.0,2.0,2.0,"3 DL, 3 LB, 5 DB",;;;;;;;;;;,11,5,,,,,00-0033857;00-0031142;00-0031387;00-0035217;00-0030470;00-0033785;00-0030648;00-0027986;00-0027870;00-0035216;00-0022924,JuJu Smith-Schuster;Matt Feiler;Eric Ebron;Benny Snell;Vance McDonald;Zach Banner;Alejandro Villanueva;Stefen Wisniewski;Maurkice Pouncey;Diontae Johnson;Ben Roethlisberger,00-0031933;00-0032890;00-0030411;00-0034974;00-0032955;00-0034360;00-0033546;00-0035633;00-0035683;00-0033883;00-0032408,Leonard Williams;James Bradberry;Logan Ryan;Julian Love;Kyler Fackrell;Lorenzo Carter;Dalvin Tomlinson;Corey Ballentine;Dexter Lawrence;Jabrill Peppers;Blake Martinez
2020_01_PIT_NYG,1239,no_play,0.0,27.0,27.0,PIT,2.0,2468.0,27.0,25.0,11:08,10:43,,10.0,3.0,3.0,1.0,"3 DL, 3 LB, 5 DB",;;;;;;;;;;,11,,,,,,00-0031142;00-0031387;00-0035217;00-0030470;00-0033785;00-0030648;00-0027986;00-0027870;00-0036326;00-0034768;00-0022924,Matt Feiler;Eric Ebron;Benny Snell;Vance McDonald;Zach Banner;Alejandro Villanueva;Stefen Wisniewski;Maurkice Pouncey;Chase Claypool;Chukwuma Okorafor;Ben Roethlisberger,00-0031933;00-0032890;00-0030411;00-0034974;00-0032955;00-0034360;00-0033546;00-0035633;00-0035683;00-0033883;00-0032408,Leonard Williams;James Bradberry;Logan Ryan;Julian Love;Kyler Fackrell;Lorenzo Carter;Dalvin Tomlinson;Corey Ballentine;Dexter Lawrence;Jabrill Peppers;Blake Martinez
2020_01_PIT_NYG,1262,pass,18.0,31.0,13.0,PIT,2.0,2443.0,31.0,41.0,10:43,10:02,,10.0,3.0,3.0,5.0,"1 DL, 4 LB, 6 DB",;;;;;;;;;;,11,5,3,MAN_COVERAGE,COVER_1,True,00-0033857;00-0031142;00-0031387;00-0033785;00-0027986;00-0030648;00-0027870;00-0035216;00-0034331;00-0022924;00-0034676,JuJu Smith-Schuster;Matt Feiler;Eric Ebron;Zach Banner;Stefen Wisniewski;Alejandro Villanueva;Maurkice Pouncey;Diontae Johnson;Jaylen Samuels;Ben Roethlisberger;James Washington,00-0031933;00-0032890;00-0030411;00-0034974;00-0034360;00-0035708;00-0035633;00-0032127;00-0033883;00-0036394;00-0032408,Leonard Williams;James Bradberry;Logan Ryan;Julian Love;Lorenzo Carter;Oshane Ximines;Corey Ballentine;Markus Golden;Jabrill Peppers;Darnay Holmes;Blake Martinez
2020_01_PIT_NYG,1286,pass,0.0,13.0,13.0,PIT,2.0,2402.0,13.0,7.0,10:02,9:55,,10.0,3.0,1.0,10.0,"3 DL, 3 LB, 5 DB",;;;;;;;;;;,11,5,4,ZONE_COVERAGE,COVER_2,False,00-0033857;00-0031142;00-0031387;00-0030470;00-0033785;00-0030648;00-0027986;00-0027870;00-0035216;00-0022924;00-0033553,JuJu Smith-Schuster;Matt Feiler;Eric Ebron;Vance McDonald;Zach Banner;Alejandro Villanueva;Stefen Wisniewski;Maurkice Pouncey;Diontae Johnson;Ben Roethlisberger;James Conner,00-0032890;00-0030411;00-0034974;00-0032955;00-0034360;00-0033546;00-0035633;00-0032763;00-0035683;00-0033883;00-0032408,James Bradberry;Logan Ryan;Julian Love;Kyler Fackrell;Lorenzo Carter;Dalvin Tomlinson;Corey Ballentine;Austin Johnson;Dexter Lawrence;Jabrill Peppers;Blake Martinez
2020_01_PIT_NYG,1308,pass,3.0,13.0,10.0,PIT,2.0,2395.0,13.0,48.0,9:55,9:07,,10.0,3.0,2.0,10.0,"3 DL, 3 LB, 5 DB",;;;;;;;;;;,11,4,3,ZONE_COVERAGE,COVER_2,False,00-0033857;00-0031142;00-0031387;00-0035217;00-0030470;00-0033785;00-0030648;00-0027986;00-0027870;00-0035216;00-0022924,JuJu Smith-Schuster;Matt Feiler;Eric Ebron;Benny Snell;Vance McDonald;Zach Banner;Alejandro Villanueva;Stefen Wisniewski;Maurkice Pouncey;Diontae Johnson;Ben Roethlisberger,00-0032890;00-0030411;00-0034974;00-0032955;00-0034360;00-0033546;00-0034780;00-0032763;00-0035683;00-0033883;00-0032408,James Bradberry;Logan Ryan;Julian Love;Kyler Fackrell;Lorenzo Carter;Dalvin Tomlinson;Isaac Yiadom;Austin Johnson;Dexter Lawrence;Jabrill Peppers;Blake Martinez
2020_01_PIT_NYG,1332,pass,10.0,10.0,0.0,PIT,2.0,2347.0,10.0,6.0,9:07,9:01,,10.0,9.0,3.0,7.0,"2 DL, 3 LB, 6 DB",;;;;;;;;;;,11,6,7,MAN_COVERAGE,COVER_0,False,00-0033857;00-0031142;00-0031387;00-0035217;00-0030470;00-0033785;00-0030648;00-0027986;00-0027870;00-0035216;00-0022924,JuJu Smith-Schuster;Matt Feiler;Eric Ebron;Benny Snell;Vance McDonald;Zach Banner;Alejandro Villanueva;Stefen Wisniewski;Maurkice Pouncey;Diontae Johnson;Ben Roethlisberger,00-0031933;00-0032890;00-0034800;00-0030411;00-0034974;00-0034360;00-0034780;00-0032127;00-0033883;00-0036394;00-0032408,Leonard Williams;James Bradberry;B.J. Hill;Logan Ryan;Julian Love;Lorenzo Carter;Isaac Yiadom;Markus Golden;Jabrill Peppers;Darnay Holmes;Blake Martinez
2020_01_PIT_NYG,1357,extra_point,0.0,15.0,15.0,PIT,2.0,2341.0,15.0,0.0,9:01,9:01,,10.0,9.0,,0.0,,;;;;;;;;;;,11,,,,,,00-0023534;00-0032486;00-0031142;00-0027969;00-0030470;00-0033785;00-0030648;00-0027986;00-0031136;00-0034768;00-0031412,Dustin Colquitt;Kameron Canaday;Matt Feiler;Cameron Heyward;Vance McDonald;Zach Banner;Alejandro Villanueva;Stefen Wisniewski;Chris Boswell;Chukwuma Okorafor;Stephon Tuitt,00-0031933;00-0032890;00-0034800;00-0034974;00-0034360;00-0033546;00-0035708;00-0035633;00-0035683;00-0029570;00-0033883,Leonard Williams;James Bradberry;B.J. Hill;Julian Love;Lorenzo Carter;Dalvin Tomlinson;Oshane Ximines;Corey Ballentine;Dexter Lawrence;Nate Ebner;Jabrill Peppers
2020_01_PIT_NYG,1373,kickoff,0.0,35.0,35.0,NYG,2.0,2341.0,35.0,0.0,9:01,9:01,,10.0,9.0,,0.0,,;;;;;;;;;;,11,,,,,,00-0033930;00-0030023;00-0035650;00-0034204;00-0036333;00-0032897;00-0031136;00-0036326;00-0034335;00-0034720;00-0035795,Cameron Sutton;Jordan Dangerfield;Justin Layne;Ola Adeniyi;Alex Highsmith;Derek Watt;Chris Boswell;Chase Claypool;Marcus Allen;Robert Spillane;James Pierre,00-0036402;00-0032955;00-0028087;00-0033302;00-0035708;00-0034988;00-0032769;00-0031690;00-0029570;00-0032813;00-0034496,Carter Coughlin;Kyler Fackrell;Dion Lewis;Adrian Colbert;Oshane Ximines;Kaden Smith;Brandon Williams;Eric Tomlinson;Nate Ebner;Elijhaa Penny;Sean Chandler
2020_01_PIT_NYG,1388,run,-2.0,75.0,77.0,NYG,2.0,2341.0,75.0,36.0,9:01,8:25,,10.0,9.0,1.0,10.0,"2 DL, 4 LB, 5 DB",;;;;;;;;;;,11,6,,,,,00-0031067;00-0034346;00-0034445;00-0034844;00-0029592;00-0034988;00-0035535;00-0036386;00-0033367;00-0032385;00-0035710,Cameron Fleming;Will Hernandez;Nick Gates;Saquon Barkley;Kevin Zeitler;Kaden Smith;Darius Slayton;Andrew Thomas;C.J. Board;Sterling Shepard;Daniel Jones,00-0035525;00-0032146;00-0032521;00-0032150;00-0034858;00-0034789;00-0033886;00-0027860;00-0030434;00-0031412;00-0027862,Devin Bush;Bud Dupree;Mike Hilton;Steven Nelson;Terrell Edmunds;Minkah Fitzpatrick;T.J. Watt;Joe Haden;Vince Williams;Stephon Tuitt;Tyson Alualu
2020_01_PIT_NYG,1409,no_play,0.0,77.0,77.0,NYG,2.0,2305.0,77.0,21.0,8:25,8:04,,10.0,9.0,2.0,12.0,"2 DL, 4 LB, 5 DB",;;;;;;;;;;,11,,,,,,00-0031067;00-0033881;00-0034346;00-0034445;00-0034844;00-0029592;00-0034988;00-0035535;00-0036386;00-0032385;00-0035710,Cameron Fleming;Evan Engram;Will Hernandez;Nick Gates;Saquon Barkley;Kevin Zeitler;Kaden Smith;Darius Slayton;Andrew Thomas;Sterling Shepard;Daniel Jones,00-0035525;00-0032146;00-0032521;00-0032150;00-0034858;00-0034789;00-0033886;00-0027860;00-0030434;00-0031412;00-0027862,Devin Bush;Bud Dupree;Mike Hilton;Steven Nelson;Terrell Edmunds;Minkah Fitzpatrick;T.J. Watt;Joe Haden;Vince Williams;Stephon Tuitt;Tyson Alualu
2020_01_PIT_NYG,1432,pass,38.0,82.0,44.0,NYG,2.0,2284.0,82.0,42.0,8:04,7:22,,10.0,9.0,2.0,17.0,"2 DL, 4 LB, 5 DB",;;;;;;;;;;,11,6,6,ZONE_COVERAGE,COVER_3,True,00-0031067;00-0033881;00-0034346;00-0034445;00-0034844;00-0029592;00-0035535;00-0036386;00-0033367;00-0032385;00-0035710,Cameron Fleming;Evan Engram;Will Hernandez;Nick Gates;Saquon Barkley;Kevin Zeitler;Darius Slayton;Andrew Thomas;C.J. Board;Sterling Shepard;Daniel Jones,00-0035525;00-0032146;00-0032521;00-0032150;00-0034858;00-0034789;00-0033886;00-0027860;00-0030434;00-0031412;00-0027862,Devin Bush;Bud Dupree;Mike Hilton;Steven Nelson;Terrell Edmunds;Minkah Fitzpatrick;T.J. Watt;Joe Haden;Vince Williams;Stephon Tuitt;Tyson Alualu
2020_01_PIT_NYG,1456,no_play,0.0,44.0,44.0,NYG,2.0,2242.0,44.0,28.0,7:22,6:54,,10.0,9.0,1.0,10.0,"3 DL, 4 LB, 4 DB",;;;;;;;;;;,11,7,,,,,00-0031067;00-0033881;00-0034346;00-0034445;00-0028087;00-0030443;00-0029592;00-0034988;00-0036386;00-0032385;00-0035710,Cameron Fleming;Evan Engram;Will Hernandez;Nick Gates;Dion Lewis;Levine Toilolo;Kevin Zeitler;Kaden Smith;Andrew Thomas;Sterling Shepard;Daniel Jones,00-0033913;00-0035525;00-0032146;00-0027969;00-0034858;00-0032150;00-0034789;00-0033886;00-0027860;00-0030434;00-0031412,Chris Wormley;Devin Bush;Bud Dupree;Cameron Heyward;Terrell Edmunds;Steven Nelson;Minkah Fitzpatrick;T.J. Watt;Joe Haden;Vince Williams;Stephon Tuitt
2020_01_PIT_NYG,1491,pass,0.0,54.0,54.0,NYG,2.0,2214.0,54.0,6.0,6:54,6:48,,10.0,9.0,1.0,20.0,"3 DL, 4 LB, 4 DB",;;;;;;;;;;,11,7,7,MAN_COVERAGE,COVER_1,True,00-0031067;00-0033881;00-0034346;00-0034445;00-0033950;00-0029592;00-0034988;00-0035535;00-0036386;00-0032385;00-0035710,Cameron Fleming;Evan Engram;Will Hernandez;Nick Gates;Wayne Gallman;Kevin Zeitler;Kaden Smith;Darius Slayton;Andrew Thomas;Sterling Shepard;Daniel Jones,00-0035525;00-0035219;00-0032146;00-0027969;00-0034858;00-0032150;00-0034204;00-0034789;00-0027860;00-0030434;00-0031412,Devin Bush;Isaiah Buggs;Bud Dupree;Cameron Heyward;Terrell Edmunds;Steven Nelson;Ola Adeniyi;Minkah Fitzpatrick;Joe Haden;Vince Williams;Stephon Tuitt
2020_01_PIT_NYG,1513,pass,-7.0,54.0,61.0,NYG,2.0,2208.0,54.0,40.0,6:48,6:08,,10.0,9.0,2.0,20.0,"2 DL, 4 LB, 5 DB",;;;;;;;;;;,11,6,5,,,,00-0031067;00-0033881;00-0034346;00-0034445;00-0033950;00-0029592;00-0035535;00-0036386;00-0033367;00-0032385;00-0035710,Cameron Fleming;Evan Engram;Will Hernandez;Nick Gates;Wayne Gallman;Kevin Zeitler;Darius Slayton;Andrew Thomas;C.J. Board;Sterling Shepard;Daniel Jones,00-0035525;00-0032146;00-0032521;00-0027969;00-0032150;00-0034858;00-0034204;00-0034789;00-0027860;00-0030434;00-0031412,Devin Bush;Bud Dupree;Mike Hilton;Cameron Heyward;Steven Nelson;Terrell Edmunds;Ola Adeniyi;Minkah Fitzpatrick;Joe Haden;Vince Williams;Stephon Tuitt
2020_01_PIT_NYG,1532,pass,14.0,61.0,47.0,NYG,2.0,2168.0,61.0,48.0,6:08,5:20,,10.0,9.0,3.0,27.0,"2 DL, 3 LB, 6 DB",;;;;;;;;;;,11,4,4,ZONE_COVERAGE,COVER_4,False,00-0031067;00-0033881;00-0034346;00-0034445;00-0033950;00-0029592;00-0035535;00-0036386;00-0033367;00-0032385;00-0035710,Cameron Fleming;Evan Engram;Will Hernandez;Nick Gates;Wayne Gallman;Kevin Zeitler;Darius Slayton;Andrew Thomas;C.J. Board;Sterling Shepard;Daniel Jones,00-0035525;00-0033930;00-0032146;00-0032521;00-0027969;00-0032150;00-0034858;00-0034204;00-0034789;00-0027860;00-0031412,Devin Bush;Cameron Sutton;Bud Dupree;Mike Hilton;Cameron Heyward;Steven Nelson;Terrell Edmunds;Ola Adeniyi;Minkah Fitzpatrick;Joe Haden;Stephon Tuitt
2020_01_PIT_NYG,1556,punt,0.0,47.0,47.0,NYG,2.0,2120.0,47.0,10.0,5:20,5:10,,10.0,9.0,4.0,13.0,,;;;;;;;;;;,11,,,,,,00-0033302;00-0034360;00-0034988;00-0032769;00-0031690;00-0032943;00-0034167;00-0029570;00-0030957;00-0033883;00-0032813,Adrian Colbert;Lorenzo Carter;Kaden Smith;Brandon Williams;Eric Tomlinson;Riley Dixon;Devante Downs;Nate Ebner;Casey Kreiter;Jabrill Peppers;Elijhaa Penny,00-0033930;00-0030023;00-0032521;00-0035650;00-0034204;00-0032897;00-0036333;00-0035216;00-0034331;00-0034720;00-0035795,Cameron Sutton;Jordan Dangerfield;Mike Hilton;Justin Layne;Ola Adeniyi;Derek Watt;Alex Highsmith;Diontae Johnson;Jaylen Samuels;Robert Spillane;James Pierre
2020_01_PIT_NYG,1581,pass,-9.0,84.0,93.0,PIT,2.0,2110.0,84.0,42.0,5:10,4:28,,10.0,9.0,1.0,10.0,"3 DL, 3 LB, 5 DB",;;;;;;;;;;,11,5,4,,,,00-0033857;00-0031142;00-0031387;00-0035217;00-0030470;00-0033785;00-0030648;00-0027986;00-0027870;00-0035216;00-0022924,JuJu Smith-Schuster;Matt Feiler;Eric Ebron;Benny Snell;Vance McDonald;Zach Banner;Alejandro Villanueva;Stefen Wisniewski;Maurkice Pouncey;Diontae Johnson;Ben Roethlisberger,00-0032890;00-0030411;00-0034974;00-0032955;00-0034360;00-0033546;00-0035633;00-0032763;00-0035683;00-0033883;00-0032408,James Bradberry;Logan Ryan;Julian Love;Kyler Fackrell;Lorenzo Carter;Dalvin Tomlinson;Corey Ballentine;Austin Johnson;Dexter Lawrence;Jabrill Peppers;Blake Martinez
2020_01_PIT_NYG,1600,run,5.0,93.0,88.0,PIT,2.0,2068.0,93.0,45.0,4:28,3:43,,10.0,9.0,2.0,19.0,"3 DL, 3 LB, 5 DB",;;;;;;;;;;,11,5,,,,,00-0033857;00-0031142;00-0031387;00-0035217;00-0030470;00-0033785;00-0030648;00-0027986;00-0027870;00-0035216;00-0022924,JuJu Smith-Schuster;Matt Feiler;Eric Ebron;Benny Snell;Vance McDonald;Zach Banner;Alejandro Villanueva;Stefen Wisniewski;Maurkice Pouncey;Diontae Johnson;Ben Roethlisberger,00-0032890;00-0030411;00-0034974;00-0032955;00-0034360;00-0033546;00-0035633;00-0032763;00-0035683;00-0033883;00-0032408,James Bradberry;Logan Ryan;Julian Love;Kyler Fackrell;Lorenzo Carter;Dalvin Tomlinson;Corey Ballentine;Austin Johnson;Dexter Lawrence;Jabrill Peppers;Blake Martinez
2020_01_PIT_NYG,1621,pass,0.0,88.0,88.0,PIT,2.0,2023.0,88.0,7.0,3:43,3:36,,10.0,9.0,3.0,14.0,"1 DL, 4 LB, 6 DB",;;;;;;;;;;,11,5,3,ZONE_COVERAGE,COVER_3,False,00-0033857;00-0031142;00-0031387;00-0033785;00-0027986;00-0030648;00-0035216;00-0027870;00-0034331;00-0036326;00-0022924,JuJu Smith-Schuster;Matt Feiler;Eric Ebron;Zach Banner;Stefen Wisniewski;Alejandro Villanueva;Diontae Johnson;Maurkice Pouncey;Jaylen Samuels;Chase Claypool;Ben Roethlisberger,00-0031933;00-0032890;00-0030411;00-0034974;00-0034360;00-0035708;00-0035633;00-0032127;00-0033883;00-0036394;00-0032408,Leonard Williams;James Bradberry;Logan Ryan;Julian Love;Lorenzo Carter;Oshane Ximines;Corey Ballentine;Markus Golden;Jabrill Peppers;Darnay Holmes;Blake Martinez
2020_01_PIT_NYG,1643,punt,0.0,88.0,88.0,PIT,2.0,2016.0,88.0,12.0,3:36,3:24,,10.0,9.0,4.0,14.0,,;;;;;;;;;;,11,,,,,,00-0023534;00-0032486;00-0030023;00-0035650;00-0035217;00-0034204;00-0036333;00-0032897;00-0036326;00-0034720;00-0033053,Dustin Colquitt;Kameron Canaday;Jordan Dangerfield;Justin Layne;Benny Snell;Ola Adeniyi;Alex Highsmith;Derek Watt;Chase Claypool;Robert Spillane;Sean Davis,00-0036402;00-0032890;00-0034974;00-0032955;00-0035708;00-0032769;00-0029570;00-0033883;00-0036394;00-0032813;00-0034496,Carter Coughlin;James Bradberry;Julian Love;Kyler Fackrell;Oshane Ximines;Brandon Williams;Nate Ebner;Jabrill Peppers;Darnay Holmes;Elijhaa Penny;Sean Chandler
2020_01_PIT_NYG,1668,pass,-1.0,51.0,52.0,NYG,2.0,2004.0,51.0,41.0,3:24,2:43,,10.0,9.0,1.0,10.0,"3 DL, 4 LB, 4 DB",;;;;;;;;;;,11,7,7,,,,00-0031067;00-0034346;00-0034445;00-0030443;00-0034844;00-0029592;00-0035535;00-0036386;00-0032385;00-0035710;00-0032813,Cameron Fleming;Will Hernandez;Nick Gates;Levine Toilolo;Saquon Barkley;Kevin Zeitler;Darius Slayton;Andrew Thomas;Sterling Shepard;Daniel Jones;Elijhaa Penny,00-0035525;00-0032146;00-0027969;00-0034858;00-0032150;00-0034789;00-0033886;00-0027860;00-0030434;00-0031412;00-0027862,Devin Bush;Bud Dupree;Cameron Heyward;Terrell Edmunds;Steven Nelson;Minkah Fitzpatrick;T.J. Watt;Joe Haden;Vince Williams;Stephon Tuitt;Tyson Alualu
2020_01_PIT_NYG,1687,run,-2.0,52.0,54.0,NYG,2.0,1963.0,52.0,43.0,2:43,2:00,,10.0,9.0,2.0,11.0,"3 DL, 4 LB, 4 DB",;;;;;;;;;;,11,7,,,,,00-0031067;00-0033881;00-0034346;00-0034445;00-0034844;00-0029592;00-0034988;00-0035535;00-0036386;00-0032385;00-0035710,Cameron Fleming;Evan Engram;Will Hernandez;Nick Gates;Saquon Barkley;Kevin Zeitler;Kaden Smith;Darius Slayton;Andrew Thomas;Sterling Shepard;Daniel Jones,00-0035525;00-0032146;00-0027969;00-0032150;00-0034858;00-0034789;00-0033886;00-0027860;00-0030434;00-0031412;00-0027862,Devin Bush;Bud Dupree;Cameron Heyward;Steven Nelson;Terrell Edmunds;Minkah Fitzpatrick;T.J. Watt;Joe Haden;Vince Williams;Stephon Tuitt;Tyson Alualu
2020_01_PIT_NYG,1726,no_play,0.0,54.0,54.0,NYG,2.0,1920.0,54.0,0.0,2:00,2:00,,10.0,9.0,3.0,13.0,"2 DL, 3 LB, 6 DB",;;;;;;;;;;,11,,,,,,00-0031067;00-0033881;00-0034346;00-0034445;00-0034844;00-0029592;00-0035535;00-0036386;00-0032385;00-0034273;00-0035710,Cameron Fleming;Evan Engram;Will Hernandez;Nick Gates;Saquon Barkley;Kevin Zeitler;Darius Slayton;Andrew Thomas;Sterling Shepard;Damion Ratley;Daniel Jones,00-0035525;00-0033930;00-0032146;00-0032521;00-0027969;00-0034858;00-0032150;00-0034789;00-0033886;00-0027860;00-0031412,Devin Bush;Cameron Sutton;Bud Dupree;Mike Hilton;Cameron Heyward;Terrell Edmunds;Steven Nelson;Minkah Fitzpatrick;T.J. Watt;Joe Haden;Stephon Tuitt
2020_01_PIT_NYG,1749,run,5.0,59.0,54.0,NYG,2.0,1920.0,59.0,18.0,2:00,1:42,,10.0,9.0,3.0,18.0,"2 DL, 3 LB, 6 DB",;;;;;;;;;;,11,5,,,,,00-0031067;00-0033881;00-0034346;00-0034445;00-0034844;00-0029592;00-0035535;00-0036386;00-0032385;00-0034273;00-0035710,Cameron Fleming;Evan Engram;Will Hernandez;Nick Gates;Saquon Barkley;Kevin Zeitler;Darius Slayton;Andrew Thomas;Sterling Shepard;Damion Ratley;Daniel Jones,00-0035525;00-0033930;00-0032146;00-0032521;00-0027969;00-0034858;00-0032150;00-0034789;00-0033886;00-0027860;00-0031412,Devin Bush;Cameron Sutton;Bud Dupree;Mike Hilton;Cameron Heyward;Terrell Edmunds;Steven Nelson;Minkah Fitzpatrick;T.J. Watt;Joe Haden;Stephon Tuitt
2020_01_PIT_NYG,1770,timeout,0.0,,,,2.0,1902.0,,0.0,1:42,1:42,PIT,10.0,9.0,,0.0,,,0,,,,,,,,,
2020_01_PIT_NYG,1787,punt,0.0,54.0,54.0,NYG,2.0,1902.0,54.0,10.0,1:42,1:32,,10.0,9.0,4.0,13.0,,;;;;;;;;;;,11,,,,,,00-0033302;00-0034360;00-0034988;00-0032769;00-0031690;00-0032943;00-0034167;00-0029570;00-0030957;00-0033883;00-0032813,Adrian Colbert;Lorenzo Carter;Kaden Smith;Brandon Williams;Eric Tomlinson;Riley Dixon;Devante Downs;Nate Ebner;Casey Kreiter;Jabrill Peppers;Elijhaa Penny,00-0033930;00-0030023;00-0032521;00-0035650;00-0034204;00-0032897;00-0036333;00-0035216;00-0034331;00-0034720;00-0035795,Cameron Sutton;Jordan Dangerfield;Mike Hilton;Justin Layne;Ola Adeniyi;Derek Watt;Alex Highsmith;Diontae Johnson;Jaylen Samuels;Robert Spillane;James Pierre
2020_01_PIT_NYG,1806,pass,2.0,78.0,76.0,PIT,2.0,1892.0,78.0,24.0,1:32,1:08,,10.0,9.0,1.0,10.0,"1 DL, 4 LB, 6 DB",;;;;;;;;;;,11,6,1,ZONE_COVERAGE,COVER_4,False,00-0033857;00-0031142;00-0031387;00-0033785;00-0030648;00-0027986;00-0027870;00-0035216;00-0034331;00-0022924;00-0034676,JuJu Smith-Schuster;Matt Feiler;Eric Ebron;Zach Banner;Alejandro Villanueva;Stefen Wisniewski;Maurkice Pouncey;Diontae Johnson;Jaylen Samuels;Ben Roethlisberger;James Washington,00-0031933;00-0032890;00-0030411;00-0034974;00-0034360;00-0035708;00-0035633;00-0032127;00-0033883;00-0036394;00-0032408,Leonard Williams;James Bradberry;Logan Ryan;Julian Love;Lorenzo Carter;Oshane Ximines;Corey Ballentine;Markus Golden;Jabrill Peppers;Darnay Holmes;Blake Martinez
2020_01_PIT_NYG,1830,pass,21.0,76.0,55.0,PIT,2.0,1868.0,76.0,22.0,1:08,0:46,,10.0,9.0,2.0,8.0,"1 DL, 4 LB, 6 DB",;;;;;;;;;;,11,6,5,MAN_COVERAGE,COVER_1,False,00-0033857;00-0031142;00-0031387;00-0033785;00-0027986;00-0030648;00-0035216;00-0027870;00-0034331;00-0022924;00-0034676,JuJu Smith-Schuster;Matt Feiler;Eric Ebron;Zach Banner;Stefen Wisniewski;Alejandro Villanueva;Diontae Johnson;Maurkice Pouncey;Jaylen Samuels;Ben Roethlisberger;James Washington,00-0031933;00-0032890;00-0030411;00-0034974;00-0034360;00-0035708;00-0035633;00-0032127;00-0033883;00-0036394;00-0032408,Leonard Williams;James Bradberry;Logan Ryan;Julian Love;Lorenzo Carter;Oshane Ximines;Corey Ballentine;Markus Golden;Jabrill Peppers;Darnay Holmes;Blake Martinez
2020_01_PIT_NYG,1854,pass,0.0,55.0,55.0,PIT,2.0,1846.0,55.0,7.0,0:46,0:39,,10.0,9.0,1.0,10.0,"1 DL, 4 LB, 6 DB",;;;;;;;;;;,11,6,4,MAN_COVERAGE,2_MAN,False,00-0033857;00-0031142;00-0031387;00-0033785;00-0027986;00-0030648;00-0027870;00-0035216;00-0034331;00-0022924;00-0034676,JuJu Smith-Schuster;Matt Feiler;Eric Ebron;Zach Banner;Stefen Wisniewski;Alejandro Villanueva;Maurkice Pouncey;Diontae Johnson;Jaylen Samuels;Ben Roethlisberger;James Washington,00-0031933;00-0032890;00-0030411;00-0034974;00-0034360;00-0035708;00-0035633;00-0032127;00-0033883;00-0036394;00-0032408,Leonard Williams;James Bradberry;Logan Ryan;Julian Love;Lorenzo Carter;Oshane Ximines;Corey Ballentine;Markus Golden;Jabrill Peppers;Darnay Holmes;Blake Martinez
2020_01_PIT_NYG,1876,pass,17.0,55.0,38.0,PIT,2.0,1839.0,55.0,6.0,0:39,0:33,,10.0,9.0,2.0,10.0,"1 DL, 4 LB, 6 DB",;;;;;;;;;;,11,6,5,MAN_COVERAGE,COVER_1,False,00-0033857;00-0031142;00-0031387;00-0033785;00-0027986;00-0030648;00-0027870;00-0034331;00-0036326;00-0022924;00-0034676,JuJu Smith-Schuster;Matt Feiler;Eric Ebron;Zach Banner;Stefen Wisniewski;Alejandro Villanueva;Maurkice Pouncey;Jaylen Samuels;Chase Claypool;Ben Roethlisberger;James Washington,00-0031933;00-0032890;00-0030411;00-0034974;00-0032955;00-0034360;00-0035708;00-0035633;00-0033883;00-0036394;00-0032408,Leonard Williams;James Bradberry;Logan Ryan;Julian Love;Kyler Fackrell;Lorenzo Carter;Oshane Ximines;Corey Ballentine;Jabrill Peppers;Darnay Holmes;Blake Martinez
2020_01_PIT_NYG,1905,pass,0.0,38.0,38.0,PIT,2.0,1833.0,38.0,4.0,0:33,0:29,,10.0,9.0,1.0,10.0,"1 DL, 4 LB, 6 DB",;;;;;;;;;;,11,6,5,MAN_COVERAGE,2_MAN,False,00-0033857;00-0031142;00-0031387;00-0033785;00-0030648;00-0027986;00-0027870;00-0035216;00-0034331;00-0022924;00-0034676,JuJu Smith-Schuster;Matt Feiler;Eric Ebron;Zach Banner;Alejandro Villanueva;Stefen Wisniewski;Maurkice Pouncey;Diontae Johnson;Jaylen Samuels;Ben Roethlisberger;James Washington,00-0032890;00-0034800;00-0030411;00-0034974;00-0032955;00-0034360;00-0035708;00-0035633;00-0033883;00-0036394;00-0032408,James Bradberry;B.J. Hill;Logan Ryan;Julian Love;Kyler Fackrell;Lorenzo Carter;Oshane Ximines;Corey Ballentine;Jabrill Peppers;Darnay Holmes;Blake Martinez
2020_01_PIT_NYG,1927,pass,14.0,38.0,24.0,PIT,2.0,1829.0,38.0,6.0,0:29,0:23,,10.0,9.0,2.0,10.0,"1 DL, 4 LB, 6 DB",;;;;;;;;;;,11,5,5,MAN_COVERAGE,COVER_1,False,00-0033857;00-0031142;00-0031387;00-0033785;00-0030648;00-0027986;00-0035216;00-0027870;00-0034331;00-0022924;00-0034676,JuJu Smith-Schuster;Matt Feiler;Eric Ebron;Zach Banner;Alejandro Villanueva;Stefen Wisniewski;Diontae Johnson;Maurkice Pouncey;Jaylen Samuels;Ben Roethlisberger;James Washington,00-0032890;00-0034800;00-0030411;00-0034974;00-0032955;00-0034360;00-0035633;00-0032127;00-0033883;00-0036394;00-0032408,James Bradberry;B.J. Hill;Logan Ryan;Julian Love;Kyler Fackrell;Lorenzo Carter;Corey Ballentine;Markus Golden;Jabrill Peppers;Darnay Holmes;Blake Martinez
2020_01_PIT_NYG,1956,run,11.0,24.0,13.0,PIT,2.0,1823.0,24.0,9.0,0:23,0:14,,10.0,9.0,1.0,10.0,"1 DL, 4 LB, 6 DB",;;;;;;;;;;,11,6,4,,,,00-0033857;00-0031142;00-0030470;00-0033785;00-0027986;00-0030648;00-0027870;00-0034331;00-0036326;00-0022924;00-0034676,JuJu Smith-Schuster;Matt Feiler;Vance McDonald;Zach Banner;Stefen Wisniewski;Alejandro Villanueva;Maurkice Pouncey;Jaylen Samuels;Chase Claypool;Ben Roethlisberger;James Washington,00-0032890;00-0034800;00-0030411;00-0034974;00-0032955;00-0034360;00-0035633;00-0032127;00-0033883;00-0036394;00-0032408,James Bradberry;B.J. Hill;Logan Ryan;Julian Love;Kyler Fackrell;Lorenzo Carter;Corey Ballentine;Markus Golden;Jabrill Peppers;Darnay Holmes;Blake Martinez
2020_01_PIT_NYG,1977,timeout,0.0,,,,2.0,1814.0,,0.0,0:14,0:14,PIT,10.0,9.0,,0.0,,,0,,,,,,,,,
2020_01_PIT_NYG,1994,timeout,0.0,,,,2.0,1814.0,,0.0,0:14,0:14,NYG,10.0,9.0,,0.0,,,0,,,,,,,,,
2020_01_PIT_NYG,2011,pass,13.0,13.0,0.0,PIT,2.0,1814.0,13.0,7.0,0:14,0:07,,10.0,15.0,1.0,10.0,"1 DL, 3 LB, 7 DB",;;;;;;;;;;,11,5,4,MAN_COVERAGE,COVER_1,False,00-0033857;00-0031142;00-0031387;00-0033785;00-0030648;00-0027986;00-0027870;00-0035216;00-0034331;00-0022924;00-0034676,JuJu Smith-Schuster;Matt Feiler;Eric Ebron;Zach Banner;Alejandro Villanueva;Stefen Wisniewski;Maurkice Pouncey;Diontae Johnson;Jaylen Samuels;Ben Roethlisberger;James Washington,00-0031933;00-0032890;00-0030411;00-0034974;00-0033302;00-0034360;00-0035633;00-0032127;00-0033883;00-0036394;00-0032408,Leonard Williams;James Bradberry;Logan Ryan;Julian Love;Adrian Colbert;Lorenzo Carter;Corey Ballentine;Markus Golden;Jabrill Peppers;Darnay Holmes;Blake Martinez
2020_01_PIT_NYG,2036,extra_point,0.0,15.0,15.0,PIT,2.0,1807.0,15.0,0.0,0:07,0:07,,10.0,16.0,,0.0,,;;;;;;;;;;,11,,,,,,00-0023534;00-0032486;00-0031142;00-0027969;00-0030470;00-0033785;00-0030648;00-0027986;00-0031136;00-0034768;00-0031412,Dustin Colquitt;Kameron Canaday;Matt Feiler;Cameron Heyward;Vance McDonald;Zach Banner;Alejandro Villanueva;Stefen Wisniewski;Chris Boswell;Chukwuma Okorafor;Stephon Tuitt,00-0031933;00-0032890;00-0034800;00-0034974;00-0034360;00-0033546;00-0035708;00-0035633;00-0035683;00-0029570;00-0033883,Leonard Williams;James Bradberry;B.J. Hill;Julian Love;Lorenzo Carter;Dalvin Tomlinson;Oshane Ximines;Corey Ballentine;Dexter Lawrence;Nate Ebner;Jabrill Peppers
2020_01_PIT_NYG,2052,kickoff,0.0,35.0,35.0,NYG,2.0,1807.0,35.0,0.0,0:07,0:07,,10.0,16.0,,0.0,,;;;;;;;;;;,11,,,,,,00-0033930;00-0030023;00-0032521;00-0035650;00-0034204;00-0032897;00-0036333;00-0031136;00-0036326;00-0034335;00-0034720,Cameron Sutton;Jordan Dangerfield;Mike Hilton;Justin Layne;Ola Adeniyi;Derek Watt;Alex Highsmith;Chris Boswell;Chase Claypool;Marcus Allen;Robert Spillane,00-0036402;00-0032955;00-0028087;00-0033302;00-0035708;00-0034988;00-0032769;00-0031690;00-0029570;00-0032813;00-0034496,Carter Coughlin;Kyler Fackrell;Dion Lewis;Adrian Colbert;Oshane Ximines;Kaden Smith;Brandon Williams;Eric Tomlinson;Nate Ebner;Elijhaa Penny;Sean Chandler
2020_01_PIT_NYG,2067,qb_kneel,-1.0,75.0,76.0,NYG,2.0,1807.0,75.0,7.0,0:07,0:00,,10.0,16.0,1.0,10.0,"2 DL, 4 LB, 5 DB",;;;;;;;;;;,11,5,,,,,00-0031067;00-0034346;00-0034445;00-0030443;00-0034844;00-0029592;00-0031690;00-0036386;00-0032385;00-0035710;00-0032813,Cameron Fleming;Will Hernandez;Nick Gates;Levine Toilolo;Saquon Barkley;Kevin Zeitler;Eric Tomlinson;Andrew Thomas;Sterling Shepard;Daniel Jones;Elijhaa Penny,00-0035525;00-0032146;00-0032521;00-0027969;00-0032150;00-0034858;00-0034789;00-0033886;00-0027860;00-0030434;00-0031412,Devin Bush;Bud Dupree;Mike Hilton;Cameron Heyward;Steven Nelson;Terrell Edmunds;Minkah Fitzpatrick;T.J. Watt;Joe Haden;Vince Williams;Stephon Tuitt
2020_01_PIT_NYG,2088,start_quarter_3,,,,,2.0,1800.0,,0.0,0:00,0:00,,10.0,16.0,,0.0,,,0,,,,,,,,,
2020_01_PIT_NYG,2108,kickoff,0.0,35.0,35.0,PIT,3.0,1800.0,35.0,7.0,15:00,14:53,,10.0,16.0,,0.0,,;;;;;;;;;;,11,,,,,,00-0036402;00-0032890;00-0030411;00-0026858;00-0033302;00-0032769;00-0034780;00-0034167;00-0029570;00-0032813;00-0034496,Carter Coughlin;James Bradberry;Logan Ryan;Graham Gano;Adrian Colbert;Brandon Williams;Isaac Yiadom;Devante Downs;Nate Ebner;Elijhaa Penny;Sean Chandler,00-0034407;00-0030023;00-0035217;00-0034204;00-0032897;00-0036333;00-0034331;00-0036326;00-0034335;00-0034720;00-0033053,Ray-Ray McCloud;Jordan Dangerfield;Benny Snell;Ola Adeniyi;Derek Watt;Alex Highsmith;Jaylen Samuels;Chase Claypool;Marcus Allen;Robert Spillane;Sean Davis
2020_01_PIT_NYG,2130,run,3.0,66.0,63.0,PIT,3.0,1793.0,66.0,35.0,14:53,14:18,,10.0,16.0,1.0,10.0,"3 DL, 4 LB, 4 DB",;;;;;;;;;;,11,6,,,,,00-0031142;00-0035217;00-0030470;00-0032897;00-0033785;00-0027986;00-0030648;00-0027870;00-0036326;00-0034768;00-0022924,Matt Feiler;Benny Snell;Vance McDonald;Derek Watt;Zach Banner;Stefen Wisniewski;Alejandro Villanueva;Maurkice Pouncey;Chase Claypool;Chukwuma Okorafor;Ben Roethlisberger,00-0031933;00-0032890;00-0034974;00-0034360;00-0033546;00-0035708;00-0035633;00-0034167;00-0035683;00-0033883;00-0032408,Leonard Williams;James Bradberry;Julian Love;Lorenzo Carter;Dalvin Tomlinson;Oshane Ximines;Corey Ballentine;Devante Downs;Dexter Lawrence;Jabrill Peppers;Blake Martinez
2020_01_PIT_NYG,2151,run,14.0,63.0,49.0,PIT,3.0,1758.0,63.0,37.0,14:18,13:41,,10.0,16.0,2.0,7.0,"2 DL, 3 LB, 6 DB",;;;;;;;;;;,11,6,,,,,00-0033857;00-0031142;00-0035217;00-0030470;00-0033785;00-0027986;00-0030648;00-0027870;00-0035216;00-0022924;00-0034676,JuJu Smith-Schuster;Matt Feiler;Benny Snell;Vance McDonald;Zach Banner;Stefen Wisniewski;Alejandro Villanueva;Maurkice Pouncey;Diontae Johnson;Ben Roethlisberger;James Washington,00-0031933;00-0032890;00-0030411;00-0034974;00-0034360;00-0035633;00-0032127;00-0035683;00-0033883;00-0036394;00-0032408,Leonard Williams;James Bradberry;Logan Ryan;Julian Love;Lorenzo Carter;Corey Ballentine;Markus Golden;Dexter Lawrence;Jabrill Peppers;Darnay Holmes;Blake Martinez
2020_01_PIT_NYG,2172,run,5.0,49.0,44.0,PIT,3.0,1721.0,49.0,42.0,13:41,12:59,,10.0,16.0,1.0,10.0,"3 DL, 3 LB, 5 DB",;;;;;;;;;;,11,5,,,,,00-0033857;00-0031142;00-0031387;00-0035217;00-0033785;00-0027986;00-0030648;00-0035216;00-0027870;00-0022924;00-0034676,JuJu Smith-Schuster;Matt Feiler;Eric Ebron;Benny Snell;Zach Banner;Stefen Wisniewski;Alejandro Villanueva;Diontae Johnson;Maurkice Pouncey;Ben Roethlisberger;James Washington,00-0031933;00-0032890;00-0034974;00-0032955;00-0034360;00-0033546;00-0035633;00-0035683;00-0033883;00-0036394;00-0032408,Leonard Williams;James Bradberry;Julian Love;Kyler Fackrell;Lorenzo Carter;Dalvin Tomlinson;Corey Ballentine;Dexter Lawrence;Jabrill Peppers;Darnay Holmes;Blake Martinez
2020_01_PIT_NYG,2193,run,0.0,44.0,44.0,PIT,3.0,1679.0,44.0,39.0,12:59,12:20,,10.0,16.0,2.0,5.0,"3 DL, 3 LB, 5 DB",;;;;;;;;;;,11,5,,,,,00-0031142;00-0035217;00-0030470;00-0032897;00-0033785;00-0027986;00-0030648;00-0027870;00-0036326;00-0034768;00-0022924,Matt Feiler;Benny Snell;Vance McDonald;Derek Watt;Zach Banner;Stefen Wisniewski;Alejandro Villanueva;Maurkice Pouncey;Chase Claypool;Chukwuma Okorafor;Ben Roethlisberger,00-0032890;00-0034800;00-0030411;00-0034974;00-0032955;00-0034360;00-0033546;00-0035633;00-0032763;00-0033883;00-0032408,James Bradberry;B.J. Hill;Logan Ryan;Julian Love;Kyler Fackrell;Lorenzo Carter;Dalvin Tomlinson;Corey Ballentine;Austin Johnson;Jabrill Peppers;Blake Martinez
2020_01_PIT_NYG,2214,pass,0.0,44.0,44.0,PIT,3.0,1640.0,44.0,6.0,12:20,12:14,,10.0,16.0,3.0,5.0,"1 DL, 3 LB, 7 DB",;;;;;;;;;;,11,5,4,MAN_COVERAGE,COVER_1,False,00-0033857;00-0031142;00-0030470;00-0033785;00-0030648;00-0027986;00-0027870;00-0035216;00-0034331;00-0022924;00-0034676,JuJu Smith-Schuster;Matt Feiler;Vance McDonald;Zach Banner;Alejandro Villanueva;Stefen Wisniewski;Maurkice Pouncey;Diontae Johnson;Jaylen Samuels;Ben Roethlisberger;James Washington,00-0031933;00-0032890;00-0030411;00-0034974;00-0033302;00-0034360;00-0035633;00-0032127;00-0033883;00-0036394;00-0032408,Leonard Williams;James Bradberry;Logan Ryan;Julian Love;Adrian Colbert;Lorenzo Carter;Corey Ballentine;Markus Golden;Jabrill Peppers;Darnay Holmes;Blake Martinez
2020_01_PIT_NYG,2236,punt,0.0,44.0,44.0,PIT,3.0,1634.0,44.0,7.0,12:14,12:07,,10.0,16.0,4.0,5.0,,;;;;;;;;;;,11,,,,,,00-0023534;00-0032486;00-0030023;00-0035650;00-0035217;00-0034204;00-0032897;00-0036333;00-0036326;00-0034720;00-0033053,Dustin Colquitt;Kameron Canaday;Jordan Dangerfield;Justin Layne;Benny Snell;Ola Adeniyi;Derek Watt;Alex Highsmith;Chase Claypool;Robert Spillane;Sean Davis,00-0031933;00-0032890;00-0034974;00-0034360;00-0035708;00-0032769;00-0032763;00-0035683;00-0029570;00-0033883;00-0032813,Leonard Williams;James Bradberry;Julian Love;Lorenzo Carter;Oshane Ximines;Brandon Williams;Austin Johnson;Dexter Lawrence;Nate Ebner;Jabrill Peppers;Elijhaa Penny
2020_01_PIT_NYG,2255,run,-4.0,91.0,95.0,NYG,3.0,1627.0,91.0,34.0,12:07,11:33,,10.0,16.0,1.0,10.0,"3 DL, 4 LB, 4 DB",;;;;;;;;;;,11,7,,,,,00-0031067;00-0033881;00-0034346;00-0034445;00-0030443;00-0034844;00-0029592;00-0034988;00-0035535;00-0036386;00-0035710,Cameron Fleming;Evan Engram;Will Hernandez;Nick Gates;Levine Toilolo;Saquon Barkley;Kevin Zeitler;Kaden Smith;Darius Slayton;Andrew Thomas;Daniel Jones,00-0035525;00-0032146;00-0027969;00-0034858;00-0032150;00-0034789;00-0033886;00-0027860;00-0030434;00-0031412;00-0027862,Devin Bush;Bud Dupree;Cameron Heyward;Terrell Edmunds;Steven Nelson;Minkah Fitzpatrick;T.J. Watt;Joe Haden;Vince Williams;Stephon Tuitt;Tyson Alualu
2020_01_PIT_NYG,2276,pass,0.0,95.0,95.0,NYG,3.0,1593.0,95.0,4.0,11:33,11:29,,10.0,16.0,2.0,14.0,"2 DL, 4 LB, 5 DB",;;;;;;;;;;,11,6,5,MAN_COVERAGE,COVER_1,False,00-0031067;00-0033881;00-0034346;00-0034445;00-0034844;00-0029592;00-0034988;00-0035535;00-0036386;00-0032385;00-0035710,Cameron Fleming;Evan Engram;Will Hernandez;Nick Gates;Saquon Barkley;Kevin Zeitler;Kaden Smith;Darius Slayton;Andrew Thomas;Sterling Shepard;Daniel Jones,00-0035525;00-0032146;00-0032521;00-0027969;00-0032150;00-0034858;00-0034789;00-0033886;00-0027860;00-0030434;00-0031412,Devin Bush;Bud Dupree;Mike Hilton;Cameron Heyward;Steven Nelson;Terrell Edmunds;Minkah Fitzpatrick;T.J. Watt;Joe Haden;Vince Williams;Stephon Tuitt
2020_01_PIT_NYG,2298,pass,18.0,95.0,77.0,NYG,3.0,1589.0,95.0,30.0,11:29,10:59,,10.0,16.0,3.0,14.0,"2 DL, 3 LB, 6 DB",;;;;;;;;;;,11,5,4,ZONE_COVERAGE,COVER_3,True,00-0031067;00-0033881;00-0034346;00-0034445;00-0034844;00-0029592;00-0035535;00-0036386;00-0033367;00-0032385;00-0035710,Cameron Fleming;Evan Engram;Will Hernandez;Nick Gates;Saquon Barkley;Kevin Zeitler;Darius Slayton;Andrew Thomas;C.J. Board;Sterling Shepard;Daniel Jones,00-0035525;00-0033930;00-0032146;00-0032521;00-0027969;00-0034858;00-0032150;00-0034789;00-0033886;00-0027860;00-0031412,Devin Bush;Cameron Sutton;Bud Dupree;Mike Hilton;Cameron Heyward;Terrell Edmunds;Steven Nelson;Minkah Fitzpatrick;T.J. Watt;Joe Haden;Stephon Tuitt
2020_01_PIT_NYG,2322,pass,5.0,77.0,72.0,NYG,3.0,1559.0,77.0,29.0,10:59,10:30,,10.0,16.0,1.0,10.0,"2 DL, 4 LB, 5 DB",;;;;;;;;;;,11,6,5,ZONE_COVERAGE,COVER_3,False,00-0031067;00-0033881;00-0034346;00-0034445;00-0034844;00-0029592;00-0035535;00-0036386;00-0033367;00-0032385;00-0035710,Cameron Fleming;Evan Engram;Will Hernandez;Nick Gates;Saquon Barkley;Kevin Zeitler;Darius Slayton;Andrew Thomas;C.J. Board;Sterling Shepard;Daniel Jones,00-0035525;00-0032521;00-0027969;00-0034858;00-0032150;00-0034204;00-0034789;00-0033886;00-0027860;00-0030434;00-0031412,Devin Bush;Mike Hilton;Cameron Heyward;Terrell Edmunds;Steven Nelson;Ola Adeniyi;Minkah Fitzpatrick;T.J. Watt;Joe Haden;Vince Williams;Stephon Tuitt
2020_01_PIT_NYG,2351,run,4.0,72.0,68.0,NYG,3.0,1530.0,72.0,38.0,10:30,9:52,,10.0,16.0,2.0,5.0,"3 DL, 4 LB, 4 DB",;;;;;;;;;;,11,7,,,,,00-0031067;00-0033881;00-0034346;00-0034445;00-0030443;00-0034844;00-0029592;00-0034988;00-0035535;00-0036386;00-0035710,Cameron Fleming;Evan Engram;Will Hernandez;Nick Gates;Levine Toilolo;Saquon Barkley;Kevin Zeitler;Kaden Smith;Darius Slayton;Andrew Thomas;Daniel Jones,00-0035525;00-0027969;00-0034858;00-0032150;00-0034204;00-0034789;00-0033886;00-0027860;00-0030434;00-0031412;00-0027862,Devin Bush;Cameron Heyward;Terrell Edmunds;Steven Nelson;Ola Adeniyi;Minkah Fitzpatrick;T.J. Watt;Joe Haden;Vince Williams;Stephon Tuitt;Tyson Alualu
2020_01_PIT_NYG,2372,pass,13.0,68.0,55.0,NYG,3.0,1492.0,68.0,33.0,9:52,9:19,,10.0,16.0,3.0,1.0,"3 DL, 4 LB, 4 DB",;;;;;;;;;;,11,7,6,MAN_COVERAGE,COVER_0,True,00-0031067;00-0034346;00-0034445;00-0030443;00-0034844;00-0029592;00-0031690;00-0035535;00-0036386;00-0035710;00-0032813,Cameron Fleming;Will Hernandez;Nick Gates;Levine Toilolo;Saquon Barkley;Kevin Zeitler;Eric Tomlinson;Darius Slayton;Andrew Thomas;Daniel Jones;Elijhaa Penny,00-0035525;00-0027969;00-0034858;00-0032150;00-0034204;00-0034789;00-0033886;00-0027860;00-0030434;00-0031412;00-0027862,Devin Bush;Cameron Heyward;Terrell Edmunds;Steven Nelson;Ola Adeniyi;Minkah Fitzpatrick;T.J. Watt;Joe Haden;Vince Williams;Stephon Tuitt;Tyson Alualu
2020_01_PIT_NYG,2396,pass,10.0,55.0,45.0,NYG,3.0,1459.0,55.0,22.0,9:19,8:57,,10.0,16.0,1.0,10.0,"4 DL, 3 LB, 4 DB",;;;;;;;;;;,11,7,5,ZONE_COVERAGE,COVER_3,True,00-0031067;00-0033881;00-0034346;00-0034445;00-0030443;00-0034844;00-0029592;00-0034988;00-0035535;00-0036386;00-0035710,Cameron Fleming;Evan Engram;Will Hernandez;Nick Gates;Levine Toilolo;Saquon Barkley;Kevin Zeitler;Kaden Smith;Darius Slayton;Andrew Thomas;Daniel Jones,00-0035525;00-0035219;00-0032150;00-0034858;00-0034204;00-0034789;00-0036333;00-0027860;00-0030434;00-0031412;00-0027862,Devin Bush;Isaiah Buggs;Steven Nelson;Terrell Edmunds;Ola Adeniyi;Minkah Fitzpatrick;Alex Highsmith;Joe Haden;Vince Williams;Stephon Tuitt;Tyson Alualu
2020_01_PIT_NYG,2425,run,1.0,45.0,44.0,NYG,3.0,1437.0,45.0,31.0,8:57,8:26,,10.0,16.0,1.0,10.0,"4 DL, 3 LB, 4 DB",;;;;;;;;;;,11,7,,,,,00-0031067;00-0033881;00-0034346;00-0034445;00-0030443;00-0034844;00-0029592;00-0034988;00-0036386;00-0035535;00-0035710,Cameron Fleming;Evan Engram;Will Hernandez;Nick Gates;Levine Toilolo;Saquon Barkley;Kevin Zeitler;Kaden Smith;Andrew Thomas;Darius Slayton;Daniel Jones,00-0033913;00-0035525;00-0035219;00-0032146;00-0032150;00-0034858;00-0034789;00-0036333;00-0027860;00-0034720;00-0027862,Chris Wormley;Devin Bush;Isaiah Buggs;Bud Dupree;Steven Nelson;Terrell Edmunds;Minkah Fitzpatrick;Alex Highsmith;Joe Haden;Robert Spillane;Tyson Alualu
2020_01_PIT_NYG,2451,pass,4.0,44.0,40.0,NYG,3.0,1406.0,44.0,39.0,8:26,7:47,,10.0,16.0,2.0,9.0,"4 DL, 3 LB, 4 DB",;;;;;;;;;;,11,7,3,ZONE_COVERAGE,COVER_3,False,00-0031067;00-0033881;00-0034346;00-0034445;00-0034844;00-0029592;00-0034988;00-0036386;00-0035535;00-0032385;00-0035710,Cameron Fleming;Evan Engram;Will Hernandez;Nick Gates;Saquon Barkley;Kevin Zeitler;Kaden Smith;Andrew Thomas;Darius Slayton;Sterling Shepard;Daniel Jones,00-0033913;00-0035525;00-0035219;00-0032146;00-0034858;00-0032150;00-0034789;00-0036333;00-0027860;00-0034720;00-0027862,Chris Wormley;Devin Bush;Isaiah Buggs;Bud Dupree;Terrell Edmunds;Steven Nelson;Minkah Fitzpatrick;Alex Highsmith;Joe Haden;Robert Spillane;Tyson Alualu
2020_01_PIT_NYG,2475,run,4.0,40.0,36.0,NYG,3.0,1367.0,40.0,32.0,7:47,7:15,,10.0,16.0,3.0,5.0,"2 DL, 4 LB, 5 DB",;;;;;;;;;;,11,5,4,,,,00-0031067;00-0033881;00-0034346;00-0034445;00-0034844;00-0029592;00-0034988;00-0035535;00-0036386;00-0032385;00-0035710,Cameron Fleming;Evan Engram;Will Hernandez;Nick Gates;Saquon Barkley;Kevin Zeitler;Kaden Smith;Darius Slayton;Andrew Thomas;Sterling Shepard;Daniel Jones,00-0035525;00-0032146;00-0032521;00-0027969;00-0032150;00-0034858;00-0034789;00-0033886;00-0027860;00-0034720;00-0031412,Devin Bush;Bud Dupree;Mike Hilton;Cameron Heyward;Steven Nelson;Terrell Edmunds;Minkah Fitzpatrick;T.J. Watt;Joe Haden;Robert Spillane;Stephon Tuitt
2020_01_PIT_NYG,2506,pass,3.0,36.0,33.0,NYG,3.0,1335.0,36.0,37.0,7:15,6:38,,10.0,16.0,4.0,1.0,"4 DL, 4 LB, 3 DB",;;;;;;;;;;,11,8,7,MAN_COVERAGE,COVER_0,True,00-0031067;00-0033881;00-0034346;00-0034445;00-0030443;00-0034844;00-0029592;00-0034988;00-0036386;00-0035535;00-0035710,Cameron Fleming;Evan Engram;Will Hernandez;Nick Gates;Levine Toilolo;Saquon Barkley;Kevin Zeitler;Kaden Smith;Andrew Thomas;Darius Slayton;Daniel Jones,00-0033913;00-0035525;00-0035219;00-0032146;00-0034858;00-0034789;00-0033886;00-0027860;00-0030434;00-0031412;00-0027862,Chris Wormley;Devin Bush;Isaiah Buggs;Bud Dupree;Terrell Edmunds;Minkah Fitzpatrick;T.J. Watt;Joe Haden;Vince Williams;Stephon Tuitt;Tyson Alualu
2020_01_PIT_NYG,2530,pass,4.0,33.0,29.0,NYG,3.0,1298.0,33.0,31.0,6:38,6:07,,10.0,16.0,1.0,10.0,"2 DL, 4 LB, 5 DB",;;;;;;;;;;,11,6,5,ZONE_COVERAGE,COVER_3,False,00-0031067;00-0033881;00-0034346;00-0034445;00-0034844;00-0029592;00-0035535;00-0036386;00-0033367;00-0032385;00-0035710,Cameron Fleming;Evan Engram;Will Hernandez;Nick Gates;Saquon Barkley;Kevin Zeitler;Darius Slayton;Andrew Thomas;C.J. Board;Sterling Shepard;Daniel Jones,00-0035525;00-0035219;00-0032146;00-0032521;00-0034858;00-0032150;00-0034789;00-0033886;00-0027860;00-0030434;00-0031412,Devin Bush;Isaiah Buggs;Bud Dupree;Mike Hilton;Terrell Edmunds;Steven Nelson;Minkah Fitzpatrick;T.J. Watt;Joe Haden;Vince Williams;Stephon Tuitt
2020_01_PIT_NYG,2554,pass,0.0,29.0,29.0,NYG,3.0,1267.0,29.0,5.0,6:07,6:02,,10.0,16.0,2.0,6.0,"3 DL, 3 LB, 5 DB",;;;;;;;;;;,11,6,4,MAN_COVERAGE,COVER_1,True,00-0031067;00-0033881;00-0034346;00-0034445;00-0028087;00-0029592;00-0036386;00-0033367;00-0032385;00-0034273;00-0035710,Cameron Fleming;Evan Engram;Will Hernandez;Nick Gates;Dion Lewis;Kevin Zeitler;Andrew Thomas;C.J. Board;Sterling Shepard;Damion Ratley;Daniel Jones,00-0035525;00-0032521;00-0027969;00-0034858;00-0032150;00-0034204;00-0034789;00-0036333;00-0027860;00-0030434;00-0031412,Devin Bush;Mike Hilton;Cameron Heyward;Terrell Edmunds;Steven Nelson;Ola Adeniyi;Minkah Fitzpatrick;Alex Highsmith;Joe Haden;Vince Williams;Stephon Tuitt
2020_01_PIT_NYG,2576,run,6.0,29.0,23.0,NYG,3.0,1262.0,29.0,22.0,6:02,5:40,,10.0,16.0,3.0,6.0,"3 DL, 2 LB, 6 DB",;;;;;;;;;;,11,4,4,,,,00-0031067;00-0033881;00-0034346;00-0034445;00-0028087;00-0029592;00-0036386;00-0033367;00-0032385;00-0034273;00-0035710,Cameron Fleming;Evan Engram;Will Hernandez;Nick Gates;Dion Lewis;Kevin Zeitler;Andrew Thomas;C.J. Board;Sterling Shepard;Damion Ratley;Daniel Jones,00-0035525;00-0033930;00-0032521;00-0027969;00-0032150;00-0034858;00-0034204;00-0034789;00-0036333;00-0027860;00-0031412,Devin Bush;Cameron Sutton;Mike Hilton;Cameron Heyward;Steven Nelson;Terrell Edmunds;Ola Adeniyi;Minkah Fitzpatrick;Alex Highsmith;Joe Haden;Stephon Tuitt
2020_01_PIT_NYG,2602,pass,5.0,23.0,18.0,NYG,3.0,1240.0,23.0,25.0,5:40,5:15,,10.0,16.0,1.0,10.0,"3 DL, 4 LB, 4 DB",;;;;;;;;;;,11,7,4,ZONE_COVERAGE,COVER_3,False,00-0031067;00-0033881;00-0034346;00-0034445;00-0030443;00-0034844;00-0029592;00-0034988;00-0035535;00-0036386;00-0035710,Cameron Fleming;Evan Engram;Will Hernandez;Nick Gates;Levine Toilolo;Saquon Barkley;Kevin Zeitler;Kaden Smith;Darius Slayton;Andrew Thomas;Daniel Jones,00-0033913;00-0035525;00-0035219;00-0032146;00-0034858;00-0032150;00-0034789;00-0033886;00-0027860;00-0034720;00-0027862,Chris Wormley;Devin Bush;Isaiah Buggs;Bud Dupree;Terrell Edmunds;Steven Nelson;Minkah Fitzpatrick;T.J. Watt;Joe Haden;Robert Spillane;Tyson Alualu
2020_01_PIT_NYG,2626,run,2.0,18.0,16.0,NYG,3.0,1215.0,18.0,43.0,5:15,4:32,,10.0,16.0,2.0,5.0,"3 DL, 4 LB, 4 DB",;;;;;;;;;;,11,7,,,,,00-0031067;00-0033881;00-0034346;00-0034445;00-0030443;00-0034844;00-0029592;00-0034988;00-0035535;00-0036386;00-0035710,Cameron Fleming;Evan Engram;Will Hernandez;Nick Gates;Levine Toilolo;Saquon Barkley;Kevin Zeitler;Kaden Smith;Darius Slayton;Andrew Thomas;Daniel Jones,00-0033913;00-0035525;00-0035219;00-0032146;00-0034858;00-0032150;00-0034789;00-0033886;00-0027860;00-0034720;00-0027862,Chris Wormley;Devin Bush;Isaiah Buggs;Bud Dupree;Terrell Edmunds;Steven Nelson;Minkah Fitzpatrick;T.J. Watt;Joe Haden;Robert Spillane;Tyson Alualu
2020_01_PIT_NYG,2647,pass,5.0,16.0,11.0,NYG,3.0,1172.0,16.0,40.0,4:32,3:52,,10.0,16.0,3.0,3.0,"2 DL, 4 LB, 5 DB",;;;;;;;;;;,11,5,5,MAN_COVERAGE,COVER_1,True,00-0031067;00-0033881;00-0034346;00-0034445;00-0034844;00-0029592;00-0035535;00-0036386;00-0032385;00-0034273;00-0035710,Cameron Fleming;Evan Engram;Will Hernandez;Nick Gates;Saquon Barkley;Kevin Zeitler;Darius Slayton;Andrew Thomas;Sterling Shepard;Damion Ratley;Daniel Jones,00-0033913;00-0035525;00-0032146;00-0032521;00-0034858;00-0032150;00-0034789;00-0033886;00-0027860;00-0034720;00-0027862,Chris Wormley;Devin Bush;Bud Dupree;Mike Hilton;Terrell Edmunds;Steven Nelson;Minkah Fitzpatrick;T.J. Watt;Joe Haden;Robert Spillane;Tyson Alualu
2020_01_PIT_NYG,2671,run,7.0,11.0,4.0,NYG,3.0,1132.0,11.0,27.0,3:52,3:25,,10.0,16.0,1.0,10.0,"3 DL, 4 LB, 4 DB",;;;;;;;;;;,11,7,,,,,00-0031067;00-0033881;00-0034346;00-0034445;00-0030443;00-0034844;00-0029592;00-0034988;00-0035535;00-0036386;00-0035710,Cameron Fleming;Evan Engram;Will Hernandez;Nick Gates;Levine Toilolo;Saquon Barkley;Kevin Zeitler;Kaden Smith;Darius Slayton;Andrew Thomas;Daniel Jones,00-0035525;00-0035219;00-0032146;00-0027969;00-0032150;00-0034858;00-0034789;00-0033886;00-0027860;00-0034720;00-0031412,Devin Bush;Isaiah Buggs;Bud Dupree;Cameron Heyward;Steven Nelson;Terrell Edmunds;Minkah Fitzpatrick;T.J. Watt;Joe Haden;Robert Spillane;Stephon Tuitt
2020_01_PIT_NYG,2692,turnover,0.0,4.0,4.0,NYG,3.0,1105.0,4.0,8.0,3:25,3:17,,10.0,16.0,2.0,3.0,"3 DL, 4 LB, 4 DB",;;;;;;;;;;,11,7,5,MAN_COVERAGE,COVER_0,True,00-0031067;00-0033881;00-0034346;00-0034445;00-0030443;00-0034844;00-0029592;00-0034988;00-0036386;00-0035535;00-0035710,Cameron Fleming;Evan Engram;Will Hernandez;Nick Gates;Levine Toilolo;Saquon Barkley;Kevin Zeitler;Kaden Smith;Andrew Thomas;Darius Slayton;Daniel Jones,00-0035525;00-0035219;00-0032146;00-0027969;00-0032150;00-0034858;00-0034789;00-0033886;00-0027860;00-0034720;00-0031412,Devin Bush;Isaiah Buggs;Bud Dupree;Cameron Heyward;Steven Nelson;Terrell Edmunds;Minkah Fitzpatrick;T.J. Watt;Joe Haden;Robert Spillane;Stephon Tuitt
2020_01_PIT_NYG,2719,pass,9.0,80.0,71.0,PIT,3.0,1097.0,80.0,31.0,3:17,2:46,,10.0,16.0,1.0,10.0,"2 DL, 4 LB, 5 DB",;;;;;;;;;;,11,5,4,ZONE_COVERAGE,COVER_2,False,00-0033857;00-0031142;00-0031387;00-0035217;00-0033785;00-0027986;00-0030648;00-0027870;00-0035216;00-0036326;00-0022924,JuJu Smith-Schuster;Matt Feiler;Eric Ebron;Benny Snell;Zach Banner;Stefen Wisniewski;Alejandro Villanueva;Maurkice Pouncey;Diontae Johnson;Chase Claypool;Ben Roethlisberger,00-0032890;00-0034974;00-0034360;00-0033546;00-0035708;00-0035633;00-0034167;00-0035683;00-0033883;00-0036394;00-0032408,James Bradberry;Julian Love;Lorenzo Carter;Dalvin Tomlinson;Oshane Ximines;Corey Ballentine;Devante Downs;Dexter Lawrence;Jabrill Peppers;Darnay Holmes;Blake Martinez
2020_01_PIT_NYG,2748,run,21.0,71.0,50.0,PIT,3.0,1066.0,71.0,30.0,2:46,2:16,,10.0,16.0,2.0,1.0,"2 DL, 4 LB, 5 DB",;;;;;;;;;;,11,6,,,,,00-0033857;00-0031142;00-0031387;00-0035217;00-0033785;00-0027986;00-0030648;00-0027870;00-0035216;00-0036326;00-0022924,JuJu Smith-Schuster;Matt Feiler;Eric Ebron;Benny Snell;Zach Banner;Stefen Wisniewski;Alejandro Villanueva;Maurkice Pouncey;Diontae Johnson;Chase Claypool;Ben Roethlisberger,00-0032890;00-0034974;00-0034360;00-0033546;00-0035708;00-0035633;00-0034167;00-0035683;00-0033883;00-0036394;00-0032408,James Bradberry;Julian Love;Lorenzo Carter;Dalvin Tomlinson;Oshane Ximines;Corey Ballentine;Devante Downs;Dexter Lawrence;Jabrill Peppers;Darnay Holmes;Blake Martinez
2020_01_PIT_NYG,2785,pass,10.0,46.0,36.0,PIT,3.0,1036.0,46.0,36.0,2:16,1:40,,10.0,16.0,1.0,10.0,"3 DL, 3 LB, 5 DB",;;;;;;;;;;,11,5,1,ZONE_COVERAGE,COVER_2,False,00-0033857;00-0031142;00-0030470;00-0033785;00-0027986;00-0030648;00-0035216;00-0027870;00-0034331;00-0022924;00-0034676,JuJu Smith-Schuster;Matt Feiler;Vance McDonald;Zach Banner;Stefen Wisniewski;Alejandro Villanueva;Diontae Johnson;Maurkice Pouncey;Jaylen Samuels;Ben Roethlisberger;James Washington,00-0031933;00-0032890;00-0034800;00-0034974;00-0032955;00-0034360;00-0035633;00-0032763;00-0033883;00-0036394;00-0032408,Leonard Williams;James Bradberry;B.J. Hill;Julian Love;Kyler Fackrell;Lorenzo Carter;Corey Ballentine;Austin Johnson;Jabrill Peppers;Darnay Holmes;Blake Martinez
2020_01_PIT_NYG,2809,pass,0.0,36.0,36.0,PIT,3.0,1000.0,36.0,4.0,1:40,1:36,,10.0,16.0,1.0,10.0,"3 DL, 3 LB, 5 DB",;;;;;;;;;;,11,5,2,ZONE_COVERAGE,COVER_3,False,00-0033857;00-0031142;00-0030470;00-0033785;00-0027986;00-0030648;00-0035216;00-0027870;00-0034331;00-0022924;00-0034676,JuJu Smith-Schuster;Matt Feiler;Vance McDonald;Zach Banner;Stefen Wisniewski;Alejandro Villanueva;Diontae Johnson;Maurkice Pouncey;Jaylen Samuels;Ben Roethlisberger;James Washington,00-0031933;00-0032890;00-0034800;00-0034974;00-0032955;00-0034360;00-0035633;00-0032763;00-0033883;00-0036394;00-0032408,Leonard Williams;James Bradberry;B.J. Hill;Julian Love;Kyler Fackrell;Lorenzo Carter;Corey Ballentine;Austin Johnson;Jabrill Peppers;Darnay Holmes;Blake Martinez
2020_01_PIT_NYG,2831,pass,18.0,36.0,18.0,PIT,3.0,996.0,36.0,41.0,1:36,0:55,,10.0,16.0,2.0,10.0,"3 DL, 3 LB, 5 DB",;;;;;;;;;;,11,6,5,MAN_COVERAGE,COVER_1,False,00-0033857;00-0031142;00-0035217;00-0030470;00-0033785;00-0027986;00-0030648;00-0035216;00-0027870;00-0022924;00-0034676,JuJu Smith-Schuster;Matt Feiler;Benny Snell;Vance McDonald;Zach Banner;Stefen Wisniewski;Alejandro Villanueva;Diontae Johnson;Maurkice Pouncey;Ben Roethlisberger;James Washington,00-0031933;00-0032890;00-0034800;00-0034974;00-0032955;00-0034360;00-0035633;00-0032763;00-0033883;00-0036394;00-0032408,Leonard Williams;James Bradberry;B.J. Hill;Julian Love;Kyler Fackrell;Lorenzo Carter;Corey Ballentine;Austin Johnson;Jabrill Peppers;Darnay Holmes;Blake Martinez
2020_01_PIT_NYG,2855,pass,-12.0,18.0,30.0,PIT,3.0,955.0,18.0,46.0,0:55,0:09,,10.0,16.0,1.0,10.0,"3 DL, 3 LB, 5 DB",;;;;;;;;;;,11,4,3,,,,00-0033857;00-0031142;00-0031387;00-0035217;00-0033785;00-0027986;00-0030648;00-0035216;00-0027870;00-0022924;00-0034676,JuJu Smith-Schuster;Matt Feiler;Eric Ebron;Benny Snell;Zach Banner;Stefen Wisniewski;Alejandro Villanueva;Diontae Johnson;Maurkice Pouncey;Ben Roethlisberger;James Washington,00-0031933;00-0032890;00-0034800;00-0034974;00-0032955;00-0034360;00-0035633;00-0032763;00-0033883;00-0036394;00-0032408,Leonard Williams;James Bradberry;B.J. Hill;Julian Love;Kyler Fackrell;Lorenzo Carter;Corey Ballentine;Austin Johnson;Jabrill Peppers;Darnay Holmes;Blake Martinez
2020_01_PIT_NYG,2874,pass,1.0,30.0,29.0,PIT,3.0,909.0,30.0,9.0,0:09,0:00,,10.0,16.0,2.0,22.0,"2 DL, 3 LB, 6 DB",;;;;;;;;;;,11,6,4,ZONE_COVERAGE,COVER_2,False,00-0033857;00-0031142;00-0031387;00-0033785;00-0030648;00-0027986;00-0027870;00-0035216;00-0034331;00-0022924;00-0034676,JuJu Smith-Schuster;Matt Feiler;Eric Ebron;Zach Banner;Alejandro Villanueva;Stefen Wisniewski;Maurkice Pouncey;Diontae Johnson;Jaylen Samuels;Ben Roethlisberger;James Washington,00-0031933;00-0032890;00-0030411;00-0034974;00-0032955;00-0035633;00-0032127;00-0035683;00-0033883;00-0036394;00-0032408,Leonard Williams;James Bradberry;Logan Ryan;Julian Love;Kyler Fackrell;Corey Ballentine;Markus Golden;Dexter Lawrence;Jabrill Peppers;Darnay Holmes;Blake Martinez
2020_01_PIT_NYG,2898,start_quarter_4,,,,PIT,3.0,900.0,,0.0,0:00,0:00,,10.0,16.0,,0.0,,,0,,,,,,,,,
2020_01_PIT_NYG,2917,pass,11.0,29.0,18.0,PIT,4.0,900.0,29.0,36.0,15:00,14:24,,10.0,16.0,3.0,21.0,"2 DL, 3 LB, 6 DB",;;;;;;;;;;,11,5,4,ZONE_COVERAGE,COVER_3,True,00-0033857;00-0031142;00-0031387;00-0033785;00-0027986;00-0030648;00-0035216;00-0027870;00-0034331;00-0036326;00-0022924,JuJu Smith-Schuster;Matt Feiler;Eric Ebron;Zach Banner;Stefen Wisniewski;Alejandro Villanueva;Diontae Johnson;Maurkice Pouncey;Jaylen Samuels;Chase Claypool;Ben Roethlisberger,00-0031933;00-0032890;00-0034800;00-0030411;00-0034974;00-0034360;00-0035708;00-0035633;00-0033883;00-0036394;00-0032408,Leonard Williams;James Bradberry;B.J. Hill;Logan Ryan;Julian Love;Lorenzo Carter;Oshane Ximines;Corey Ballentine;Jabrill Peppers;Darnay Holmes;Blake Martinez
2020_01_PIT_NYG,2941,field_goal,0.0,18.0,18.0,PIT,4.0,864.0,18.0,5.0,14:24,14:19,,10.0,19.0,4.0,10.0,,;;;;;;;;;;,11,,,,,,00-0023534;00-0032486;00-0031142;00-0027969;00-0030470;00-0033785;00-0030648;00-0027986;00-0031136;00-0034768;00-0031412,Dustin Colquitt;Kameron Canaday;Matt Feiler;Cameron Heyward;Vance McDonald;Zach Banner;Alejandro Villanueva;Stefen Wisniewski;Chris Boswell;Chukwuma Okorafor;Stephon Tuitt,00-0031933;00-0032890;00-0034800;00-0034974;00-0034360;00-0033546;00-0035708;00-0035633;00-0035683;00-0029570;00-0033883,Leonard Williams;James Bradberry;B.J. Hill;Julian Love;Lorenzo Carter;Dalvin Tomlinson;Oshane Ximines;Corey Ballentine;Dexter Lawrence;Nate Ebner;Jabrill Peppers
2020_01_PIT_NYG,2960,kickoff,0.0,35.0,35.0,NYG,4.0,859.0,35.0,0.0,14:19,14:19,,10.0,19.0,,0.0,,;;;;;;;;;;,11,,,,,,00-0033930;00-0030023;00-0032521;00-0035650;00-0034204;00-0032897;00-0036333;00-0031136;00-0036326;00-0034335;00-0034720,Cameron Sutton;Jordan Dangerfield;Mike Hilton;Justin Layne;Ola Adeniyi;Derek Watt;Alex Highsmith;Chris Boswell;Chase Claypool;Marcus Allen;Robert Spillane,00-0036402;00-0032955;00-0028087;00-0033302;00-0035708;00-0034988;00-0032769;00-0031690;00-0029570;00-0032813;00-0034496,Carter Coughlin;Kyler Fackrell;Dion Lewis;Adrian Colbert;Oshane Ximines;Kaden Smith;Brandon Williams;Eric Tomlinson;Nate Ebner;Elijhaa Penny;Sean Chandler
2020_01_PIT_NYG,2975,pass,4.0,60.0,56.0,NYG,4.0,859.0,60.0,32.0,14:19,13:47,,10.0,19.0,1.0,10.0,"2 DL, 4 LB, 5 DB",;;;;;;;;;;,11,6,5,MAN_COVERAGE,COVER_1,False,00-0031067;00-0033881;00-0034346;00-0034445;00-0034844;00-0029592;00-0034988;00-0035535;00-0036386;00-0032385;00-0035710,Cameron Fleming;Evan Engram;Will Hernandez;Nick Gates;Saquon Barkley;Kevin Zeitler;Kaden Smith;Darius Slayton;Andrew Thomas;Sterling Shepard;Daniel Jones,00-0035525;00-0032146;00-0032521;00-0027969;00-0034858;00-0032150;00-0034789;00-0033886;00-0027860;00-0030434;00-0031412,Devin Bush;Bud Dupree;Mike Hilton;Cameron Heyward;Terrell Edmunds;Steven Nelson;Minkah Fitzpatrick;T.J. Watt;Joe Haden;Vince Williams;Stephon Tuitt
2020_01_PIT_NYG,3004,run,-1.0,56.0,57.0,NYG,4.0,827.0,56.0,30.0,13:47,13:17,,10.0,19.0,2.0,6.0,"3 DL, 4 LB, 4 DB",;;;;;;;;;;,11,7,,,,,00-0031067;00-0033881;00-0034346;00-0034445;00-0030443;00-0034844;00-0029592;00-0034988;00-0035535;00-0036386;00-0035710,Cameron Fleming;Evan Engram;Will Hernandez;Nick Gates;Levine Toilolo;Saquon Barkley;Kevin Zeitler;Kaden Smith;Darius Slayton;Andrew Thomas;Daniel Jones,00-0035525;00-0032146;00-0027969;00-0034858;00-0032150;00-0034789;00-0033886;00-0027860;00-0030434;00-0031412;00-0027862,Devin Bush;Bud Dupree;Cameron Heyward;Terrell Edmunds;Steven Nelson;Minkah Fitzpatrick;T.J. Watt;Joe Haden;Vince Williams;Stephon Tuitt;Tyson Alualu
2020_01_PIT_NYG,3035,pass,-9.0,57.0,66.0,NYG,4.0,797.0,57.0,38.0,13:17,12:39,,10.0,19.0,3.0,7.0,"2 DL, 3 LB, 6 DB",;;;;;;;;;;,11,6,6,,,,00-0031067;00-0033881;00-0034346;00-0034445;00-0034844;00-0029592;00-0035535;00-0036386;00-0033367;00-0032385;00-0035710,Cameron Fleming;Evan Engram;Will Hernandez;Nick Gates;Saquon Barkley;Kevin Zeitler;Darius Slayton;Andrew Thomas;C.J. Board;Sterling Shepard;Daniel Jones,00-0035525;00-0033930;00-0032146;00-0032521;00-0027969;00-0032150;00-0034858;00-0034789;00-0033886;00-0027860;00-0031412,Devin Bush;Cameron Sutton;Bud Dupree;Mike Hilton;Cameron Heyward;Steven Nelson;Terrell Edmunds;Minkah Fitzpatrick;T.J. Watt;Joe Haden;Stephon Tuitt
2020_01_PIT_NYG,3055,punt,0.0,66.0,66.0,NYG,4.0,759.0,66.0,16.0,12:39,12:23,,10.0,19.0,4.0,16.0,,;;;;;;;;;;,11,,,,,,00-0033302;00-0034360;00-0034988;00-0032769;00-0031690;00-0032943;00-0034167;00-0029570;00-0030957;00-0033883;00-0032813,Adrian Colbert;Lorenzo Carter;Kaden Smith;Brandon Williams;Eric Tomlinson;Riley Dixon;Devante Downs;Nate Ebner;Casey Kreiter;Jabrill Peppers;Elijhaa Penny,00-0033930;00-0030023;00-0032521;00-0035650;00-0034204;00-0032897;00-0036333;00-0035216;00-0034331;00-0034720;00-0035795,Cameron Sutton;Jordan Dangerfield;Mike Hilton;Justin Layne;Ola Adeniyi;Derek Watt;Alex Highsmith;Diontae Johnson;Jaylen Samuels;Robert Spillane;James Pierre
2020_01_PIT_NYG,3080,run,-2.0,75.0,77.0,PIT,4.0,743.0,75.0,41.0,12:23,11:42,,10.0,19.0,1.0,10.0,"3 DL, 3 LB, 5 DB",;;;;;;;;;;,11,6,,,,,00-0033857;00-0031142;00-0035217;00-0030470;00-0033785;00-0027986;00-0030648;00-0027870;00-0035216;00-0022924;00-0034676,JuJu Smith-Schuster;Matt Feiler;Benny Snell;Vance McDonald;Zach Banner;Stefen Wisniewski;Alejandro Villanueva;Maurkice Pouncey;Diontae Johnson;Ben Roethlisberger;James Washington,00-0032890;00-0034974;00-0032955;00-0034360;00-0033546;00-0035633;00-0032763;00-0035683;00-0033883;00-0036394;00-0032408,James Bradberry;Julian Love;Kyler Fackrell;Lorenzo Carter;Dalvin Tomlinson;Corey Ballentine;Austin Johnson;Dexter Lawrence;Jabrill Peppers;Darnay Holmes;Blake Martinez
2020_01_PIT_NYG,3110,pass,5.0,77.0,72.0,PIT,4.0,702.0,77.0,41.0,11:42,11:01,,10.0,19.0,2.0,12.0,"2 DL, 4 LB, 5 DB",;;;;;;;;;;,11,4,3,ZONE_COVERAGE,COVER_2,False,00-0035217;00-0027870;00-0030470;00-0022924;00-0027986;00-0030648;00-0031142;00-0035216;00-0033857;00-0034676;00-0033785,Benny Snell;Maurkice Pouncey;Vance McDonald;Ben Roethlisberger;Stefen Wisniewski;Alejandro Villanueva;Matt Feiler;Diontae Johnson;JuJu Smith-Schuster;James Washington;Zach Banner,00-0033546;00-0033883;00-0035708;00-0036394;00-0034974;00-0034167;00-0032890;00-0034360;00-0035683;00-0035633;00-0032408,Dalvin Tomlinson;Jabrill Peppers;Oshane Ximines;Darnay Holmes;Julian Love;Devante Downs;James Bradberry;Lorenzo Carter;Dexter Lawrence;Corey Ballentine;Blake Martinez
2020_01_PIT_NYG,3134,pass,11.0,72.0,61.0,PIT,4.0,661.0,72.0,39.0,11:01,10:22,,10.0,19.0,3.0,7.0,"2 DL, 3 LB, 6 DB",;;;;;;;;;;,11,5,5,MAN_COVERAGE,COVER_1,False,00-0033857;00-0031142;00-0031387;00-0033785;00-0030648;00-0027986;00-0035216;00-0027870;00-0034331;00-0022924;00-0034676,JuJu Smith-Schuster;Matt Feiler;Eric Ebron;Zach Banner;Alejandro Villanueva;Stefen Wisniewski;Diontae Johnson;Maurkice Pouncey;Jaylen Samuels;Ben Roethlisberger;James Washington,00-0031933;00-0032890;00-0034800;00-0030411;00-0034974;00-0034360;00-0035633;00-0032127;00-0033883;00-0036394;00-0032408,Leonard Williams;James Bradberry;B.J. Hill;Logan Ryan;Julian Love;Lorenzo Carter;Corey Ballentine;Markus Golden;Jabrill Peppers;Darnay Holmes;Blake Martinez
2020_01_PIT_NYG,3158,run,1.0,61.0,60.0,PIT,4.0,622.0,61.0,41.0,10:22,9:41,,10.0,19.0,1.0,10.0,"3 DL, 3 LB, 5 DB",;;;;;;;;;;,11,6,,,,,00-0033857;00-0031142;00-0031387;00-0035217;00-0033785;00-0027986;00-0030648;00-0027870;00-0035216;00-0036326;00-0022924,JuJu Smith-Schuster;Matt Feiler;Eric Ebron;Benny Snell;Zach Banner;Stefen Wisniewski;Alejandro Villanueva;Maurkice Pouncey;Diontae Johnson;Chase Claypool;Ben Roethlisberger,00-0031933;00-0032890;00-0034800;00-0034974;00-0032955;00-0034360;00-0033546;00-0035633;00-0033883;00-0036394;00-0032408,Leonard Williams;James Bradberry;B.J. Hill;Julian Love;Kyler Fackrell;Lorenzo Carter;Dalvin Tomlinson;Corey Ballentine;Jabrill Peppers;Darnay Holmes;Blake Martinez
2020_01_PIT_NYG,3179,run,5.0,60.0,55.0,PIT,4.0,581.0,60.0,41.0,9:41,9:00,,10.0,19.0,2.0,9.0,"1 DL, 3 LB, 7 DB",;;;;;;;;;;,11,5,,,,,00-0033857;00-0031142;00-0031387;00-0035217;00-0033785;00-0030648;00-0027986;00-0027870;00-0035216;00-0022924;00-0034676,JuJu Smith-Schuster;Matt Feiler;Eric Ebron;Benny Snell;Zach Banner;Alejandro Villanueva;Stefen Wisniewski;Maurkice Pouncey;Diontae Johnson;Ben Roethlisberger;James Washington,00-0031933;00-0032890;00-0030411;00-0034974;00-0033302;00-0034360;00-0035633;00-0032127;00-0033883;00-0036394;00-0032408,Leonard Williams;James Bradberry;Logan Ryan;Julian Love;Adrian Colbert;Lorenzo Carter;Corey Ballentine;Markus Golden;Jabrill Peppers;Darnay Holmes;Blake Martinez
2020_01_PIT_NYG,3200,pass,11.0,55.0,44.0,PIT,4.0,540.0,55.0,42.0,9:00,8:18,,10.0,19.0,3.0,4.0,"1 DL, 3 LB, 7 DB",;;;;;;;;;;,11,4,4,ZONE_COVERAGE,COVER_2,False,00-0033857;00-0031142;00-0031387;00-0030470;00-0033785;00-0030648;00-0027986;00-0035216;00-0027870;00-0034331;00-0022924,JuJu Smith-Schuster;Matt Feiler;Eric Ebron;Vance McDonald;Zach Banner;Alejandro Villanueva;Stefen Wisniewski;Diontae Johnson;Maurkice Pouncey;Jaylen Samuels;Ben Roethlisberger,00-0031933;00-0032890;00-0030411;00-0034974;00-0033302;00-0034360;00-0035633;00-0032127;00-0033883;00-0036394;00-0032408,Leonard Williams;James Bradberry;Logan Ryan;Julian Love;Adrian Colbert;Lorenzo Carter;Corey Ballentine;Markus Golden;Jabrill Peppers;Darnay Holmes;Blake Martinez
2020_01_PIT_NYG,3228,run,0.0,44.0,44.0,PIT,4.0,498.0,44.0,44.0,8:18,7:34,,10.0,19.0,1.0,10.0,"3 DL, 3 LB, 5 DB",;;;;;;;;;;,11,6,,,,,00-0031142;00-0035217;00-0032897;00-0033785;00-0027986;00-0030648;00-0027870;00-0035216;00-0036326;00-0022924;00-0034768,Matt Feiler;Benny Snell;Derek Watt;Zach Banner;Stefen Wisniewski;Alejandro Villanueva;Maurkice Pouncey;Diontae Johnson;Chase Claypool;Ben Roethlisberger;Chukwuma Okorafor,00-0032890;00-0030411;00-0034974;00-0032955;00-0034360;00-0033546;00-0035633;00-0032763;00-0035683;00-0033883;00-0032408,James Bradberry;Logan Ryan;Julian Love;Kyler Fackrell;Lorenzo Carter;Dalvin Tomlinson;Corey Ballentine;Austin Johnson;Dexter Lawrence;Jabrill Peppers;Blake Martinez
2020_01_PIT_NYG,3249,run,30.0,44.0,14.0,PIT,4.0,454.0,44.0,38.0,7:34,6:56,,10.0,19.0,2.0,10.0,"3 DL, 3 LB, 5 DB",;;;;;;;;;;,11,6,,,,,00-0033857;00-0031142;00-0035217;00-0030470;00-0033785;00-0027986;00-0030648;00-0027870;00-0035216;00-0022924;00-0034676,JuJu Smith-Schuster;Matt Feiler;Benny Snell;Vance McDonald;Zach Banner;Stefen Wisniewski;Alejandro Villanueva;Maurkice Pouncey;Diontae Johnson;Ben Roethlisberger;James Washington,00-0032890;00-0034974;00-0032955;00-0034360;00-0033546;00-0035633;00-0032763;00-0035683;00-0033883;00-0036394;00-0032408,James Bradberry;Julian Love;Kyler Fackrell;Lorenzo Carter;Dalvin Tomlinson;Corey Ballentine;Austin Johnson;Dexter Lawrence;Jabrill Peppers;Darnay Holmes;Blake Martinez
2020_01_PIT_NYG,3273,run,2.0,14.0,12.0,PIT,4.0,416.0,14.0,44.0,6:56,6:12,,10.0,19.0,1.0,10.0,"2 DL, 4 LB, 5 DB",;;;;;;;;;;,11,6,,,,,00-0033857;00-0031142;00-0030470;00-0033785;00-0030648;00-0027986;00-0027870;00-0035216;00-0034331;00-0022924;00-0034676,JuJu Smith-Schuster;Matt Feiler;Vance McDonald;Zach Banner;Alejandro Villanueva;Stefen Wisniewski;Maurkice Pouncey;Diontae Johnson;Jaylen Samuels;Ben Roethlisberger;James Washington,00-0032890;00-0030411;00-0034974;00-0034360;00-0035708;00-0035633;00-0032763;00-0034167;00-0035683;00-0036394;00-0032408,James Bradberry;Logan Ryan;Julian Love;Lorenzo Carter;Oshane Ximines;Corey Ballentine;Austin Johnson;Devante Downs;Dexter Lawrence;Darnay Holmes;Blake Martinez
2020_01_PIT_NYG,3294,timeout,0.0,,,,4.0,372.0,,0.0,6:12,6:12,NYG,10.0,19.0,,0.0,,,0,,,,,,,,,
2020_01_PIT_NYG,3311,run,4.0,12.0,8.0,PIT,4.0,372.0,12.0,44.0,6:12,5:28,,10.0,19.0,2.0,8.0,"3 DL, 3 LB, 5 DB",;;;;;;;;;;,11,7,,,,,00-0033857;00-0031142;00-0031387;00-0035217;00-0030470;00-0033785;00-0030648;00-0027986;00-0027870;00-0035216;00-0022924,JuJu Smith-Schuster;Matt Feiler;Eric Ebron;Benny Snell;Vance McDonald;Zach Banner;Alejandro Villanueva;Stefen Wisniewski;Maurkice Pouncey;Diontae Johnson;Ben Roethlisberger,00-0031933;00-0032890;00-0034800;00-0030411;00-0034974;00-0032955;00-0034360;00-0033546;00-0035633;00-0033883;00-0032408,Leonard Williams;James Bradberry;B.J. Hill;Logan Ryan;Julian Love;Kyler Fackrell;Lorenzo Carter;Dalvin Tomlinson;Corey Ballentine;Jabrill Peppers;Blake Martinez
2020_01_PIT_NYG,3332,pass,8.0,8.0,0.0,PIT,4.0,328.0,8.0,5.0,5:28,5:23,,10.0,25.0,3.0,4.0,"3 DL, 3 LB, 5 DB",;;;;;;;;;;,11,5,5,MAN_COVERAGE,COVER_0,False,00-0033857;00-0031142;00-0031387;00-0036339;00-0030470;00-0033785;00-0030648;00-0035216;00-0027870;00-0034331;00-0022924,JuJu Smith-Schuster;Matt Feiler;Eric Ebron;Kevin Dotson;Vance McDonald;Zach Banner;Alejandro Villanueva;Diontae Johnson;Maurkice Pouncey;Jaylen Samuels;Ben Roethlisberger,00-0031933;00-0032890;00-0034800;00-0030411;00-0034974;00-0032955;00-0034360;00-0033546;00-0035633;00-0033883;00-0032408,Leonard Williams;James Bradberry;B.J. Hill;Logan Ryan;Julian Love;Kyler Fackrell;Lorenzo Carter;Dalvin Tomlinson;Corey Ballentine;Jabrill Peppers;Blake Martinez
2020_01_PIT_NYG,3361,extra_point,0.0,15.0,15.0,PIT,4.0,323.0,15.0,0.0,5:23,5:23,,10.0,26.0,,0.0,,;;;;;;;;;;,11,,,,,,00-0023534;00-0032486;00-0031142;00-0027969;00-0034142;00-0036339;00-0030470;00-0030648;00-0031136;00-0034768;00-0031412,Dustin Colquitt;Kameron Canaday;Matt Feiler;Cameron Heyward;J.C. Hassenauer;Kevin Dotson;Vance McDonald;Alejandro Villanueva;Chris Boswell;Chukwuma Okorafor;Stephon Tuitt,00-0031933;00-0032890;00-0034800;00-0034974;00-0034360;00-0033546;00-0035708;00-0035633;00-0029570;00-0035683;00-0034496,Leonard Williams;James Bradberry;B.J. Hill;Julian Love;Lorenzo Carter;Dalvin Tomlinson;Oshane Ximines;Corey Ballentine;Nate Ebner;Dexter Lawrence;Sean Chandler
2020_01_PIT_NYG,3381,kickoff,0.0,35.0,35.0,NYG,4.0,323.0,35.0,0.0,5:23,5:23,,10.0,26.0,,0.0,,;;;;;;;;;;,11,,,,,,00-0033930;00-0030023;00-0035650;00-0034204;00-0032897;00-0036333;00-0031136;00-0036326;00-0034335;00-0034720;00-0035795,Cameron Sutton;Jordan Dangerfield;Justin Layne;Ola Adeniyi;Derek Watt;Alex Highsmith;Chris Boswell;Chase Claypool;Marcus Allen;Robert Spillane;James Pierre,00-0036402;00-0032955;00-0028087;00-0033302;00-0035708;00-0034988;00-0032769;00-0031690;00-0029570;00-0032813;00-0034496,Carter Coughlin;Kyler Fackrell;Dion Lewis;Adrian Colbert;Oshane Ximines;Kaden Smith;Brandon Williams;Eric Tomlinson;Nate Ebner;Elijhaa Penny;Sean Chandler
2020_01_PIT_NYG,3396,pass,15.0,75.0,60.0,NYG,4.0,323.0,75.0,25.0,5:23,4:58,,10.0,26.0,1.0,10.0,"2 DL, 4 LB, 5 DB",;;;;;;;;;;,11,5,4,ZONE_COVERAGE,COVER_6,False,00-0031067;00-0033881;00-0034346;00-0034445;00-0034844;00-0029592;00-0035535;00-0036386;00-0033367;00-0032385;00-0035710,Cameron Fleming;Evan Engram;Will Hernandez;Nick Gates;Saquon Barkley;Kevin Zeitler;Darius Slayton;Andrew Thomas;C.J. Board;Sterling Shepard;Daniel Jones,00-0035525;00-0032146;00-0032521;00-0027969;00-0032150;00-0034858;00-0034789;00-0033886;00-0027860;00-0030434;00-0031412,Devin Bush;Bud Dupree;Mike Hilton;Cameron Heyward;Steven Nelson;Terrell Edmunds;Minkah Fitzpatrick;T.J. Watt;Joe Haden;Vince Williams;Stephon Tuitt
2020_01_PIT_NYG,3420,pass,10.0,60.0,50.0,NYG,4.0,298.0,60.0,6.0,4:58,4:52,,10.0,26.0,1.0,10.0,"2 DL, 4 LB, 5 DB",;;;;;;;;;;,11,5,4,ZONE_COVERAGE,COVER_6,True,00-0031067;00-0033881;00-0034346;00-0034445;00-0034844;00-0029592;00-0035535;00-0036386;00-0033367;00-0032385;00-0035710,Cameron Fleming;Evan Engram;Will Hernandez;Nick Gates;Saquon Barkley;Kevin Zeitler;Darius Slayton;Andrew Thomas;C.J. Board;Sterling Shepard;Daniel Jones,00-0035525;00-0032146;00-0032521;00-0027969;00-0032150;00-0034858;00-0034789;00-0033886;00-0027860;00-0030434;00-0031412,Devin Bush;Bud Dupree;Mike Hilton;Cameron Heyward;Steven Nelson;Terrell Edmunds;Minkah Fitzpatrick;T.J. Watt;Joe Haden;Vince Williams;Stephon Tuitt
2020_01_PIT_NYG,3449,run,13.0,50.0,37.0,NYG,4.0,292.0,50.0,27.0,4:52,4:25,,10.0,26.0,1.0,10.0,"2 DL, 4 LB, 5 DB",;;;;;;;;;;,11,6,5,,,,00-0031067;00-0033881;00-0034346;00-0034445;00-0034844;00-0029592;00-0035535;00-0036386;00-0033367;00-0032385;00-0035710,Cameron Fleming;Evan Engram;Will Hernandez;Nick Gates;Saquon Barkley;Kevin Zeitler;Darius Slayton;Andrew Thomas;C.J. Board;Sterling Shepard;Daniel Jones,00-0035525;00-0032146;00-0032521;00-0027969;00-0034858;00-0032150;00-0034789;00-0033886;00-0027860;00-0030434;00-0031412,Devin Bush;Bud Dupree;Mike Hilton;Cameron Heyward;Terrell Edmunds;Steven Nelson;Minkah Fitzpatrick;T.J. Watt;Joe Haden;Vince Williams;Stephon Tuitt
2020_01_PIT_NYG,3470,pass,0.0,37.0,37.0,NYG,4.0,265.0,37.0,4.0,4:25,4:21,,10.0,26.0,1.0,10.0,"2 DL, 4 LB, 5 DB",;;;;;;;;;;,11,5,4,ZONE_COVERAGE,COVER_6,True,00-0031067;00-0033881;00-0034346;00-0034445;00-0034844;00-0029592;00-0035535;00-0036386;00-0033367;00-0032385;00-0035710,Cameron Fleming;Evan Engram;Will Hernandez;Nick Gates;Saquon Barkley;Kevin Zeitler;Darius Slayton;Andrew Thomas;C.J. Board;Sterling Shepard;Daniel Jones,00-0035525;00-0032146;00-0032521;00-0027969;00-0032150;00-0034858;00-0034789;00-0033886;00-0027860;00-0030434;00-0027862,Devin Bush;Bud Dupree;Mike Hilton;Cameron Heyward;Steven Nelson;Terrell Edmunds;Minkah Fitzpatrick;T.J. Watt;Joe Haden;Vince Williams;Tyson Alualu
2020_01_PIT_NYG,3492,no_play,0.0,37.0,37.0,NYG,4.0,261.0,37.0,5.0,4:21,4:16,,10.0,26.0,2.0,10.0,"2 DL, 3 LB, 6 DB",;;;;;;;;;;,11,5,,,,,00-0031067;00-0033881;00-0034346;00-0034445;00-0034844;00-0029592;00-0035535;00-0036386;00-0033367;00-0032385;00-0035710,Cameron Fleming;Evan Engram;Will Hernandez;Nick Gates;Saquon Barkley;Kevin Zeitler;Darius Slayton;Andrew Thomas;C.J. Board;Sterling Shepard;Daniel Jones,00-0035525;00-0033930;00-0032146;00-0032521;00-0027969;00-0032150;00-0034858;00-0034789;00-0033886;00-0027860;00-0027862,Devin Bush;Cameron Sutton;Bud Dupree;Mike Hilton;Cameron Heyward;Steven Nelson;Terrell Edmunds;Minkah Fitzpatrick;T.J. Watt;Joe Haden;Tyson Alualu
2020_01_PIT_NYG,3525,pass,6.0,32.0,26.0,NYG,4.0,256.0,32.0,31.0,4:16,3:45,,10.0,26.0,1.0,10.0,"2 DL, 3 LB, 6 DB",;;;;;;;;;;,11,5,4,MAN_COVERAGE,COVER_1,False,00-0031067;00-0033881;00-0034346;00-0034445;00-0034844;00-0029592;00-0035535;00-0036386;00-0032385;00-0034273;00-0035710,Cameron Fleming;Evan Engram;Will Hernandez;Nick Gates;Saquon Barkley;Kevin Zeitler;Darius Slayton;Andrew Thomas;Sterling Shepard;Damion Ratley;Daniel Jones,00-0035525;00-0033930;00-0032146;00-0032521;00-0027969;00-0032150;00-0034858;00-0034789;00-0033886;00-0027860;00-0031412,Devin Bush;Cameron Sutton;Bud Dupree;Mike Hilton;Cameron Heyward;Steven Nelson;Terrell Edmunds;Minkah Fitzpatrick;T.J. Watt;Joe Haden;Stephon Tuitt
2020_01_PIT_NYG,3549,pass,0.0,26.0,26.0,NYG,4.0,225.0,26.0,4.0,3:45,3:41,,10.0,26.0,2.0,4.0,"2 DL, 3 LB, 6 DB",;;;;;;;;;;,11,5,4,MAN_COVERAGE,COVER_1,False,00-0032385;00-0033881;00-0034273;00-0034445;00-0035710;00-0035535;00-0034346;00-0034844;00-0031067;00-0036386;00-0029592,Sterling Shepard;Evan Engram;Damion Ratley;Nick Gates;Daniel Jones;Darius Slayton;Will Hernandez;Saquon Barkley;Cameron Fleming;Andrew Thomas;Kevin Zeitler,00-0034789;00-0032150;00-0033886;00-0033930;00-0027969;00-0035525;00-0034858;00-0027860;00-0032521;00-0031412;00-0032146,Minkah Fitzpatrick;Steven Nelson;T.J. Watt;Cameron Sutton;Cameron Heyward;Devin Bush;Terrell Edmunds;Joe Haden;Mike Hilton;Stephon Tuitt;Bud Dupree
2020_01_PIT_NYG,3571,pass,7.0,26.0,19.0,NYG,4.0,221.0,26.0,26.0,3:41,3:15,,10.0,26.0,3.0,4.0,"2 DL, 3 LB, 6 DB",;;;;;;;;;;,11,4,4,ZONE_COVERAGE,COVER_6,False,00-0031067;00-0033881;00-0034346;00-0034445;00-0034844;00-0029592;00-0035535;00-0036386;00-0032385;00-0034273;00-0035710,Cameron Fleming;Evan Engram;Will Hernandez;Nick Gates;Saquon Barkley;Kevin Zeitler;Darius Slayton;Andrew Thomas;Sterling Shepard;Damion Ratley;Daniel Jones,00-0035525;00-0033930;00-0035219;00-0032146;00-0032521;00-0034858;00-0032150;00-0034789;00-0033886;00-0027860;00-0027862,Devin Bush;Cameron Sutton;Isaiah Buggs;Bud Dupree;Mike Hilton;Terrell Edmunds;Steven Nelson;Minkah Fitzpatrick;T.J. Watt;Joe Haden;Tyson Alualu
2020_01_PIT_NYG,3595,pass,7.0,19.0,12.0,NYG,4.0,195.0,19.0,36.0,3:15,2:39,,10.0,26.0,1.0,10.0,"2 DL, 3 LB, 6 DB",;;;;;;;;;;,11,5,5,MAN_COVERAGE,COVER_1,True,00-0031067;00-0033881;00-0034346;00-0034445;00-0034844;00-0029592;00-0035535;00-0036386;00-0032385;00-0034273;00-0035710,Cameron Fleming;Evan Engram;Will Hernandez;Nick Gates;Saquon Barkley;Kevin Zeitler;Darius Slayton;Andrew Thomas;Sterling Shepard;Damion Ratley;Daniel Jones,00-0035525;00-0033930;00-0035219;00-0032146;00-0032521;00-0034858;00-0032150;00-0034789;00-0033886;00-0027860;00-0027862,Devin Bush;Cameron Sutton;Isaiah Buggs;Bud Dupree;Mike Hilton;Terrell Edmunds;Steven Nelson;Minkah Fitzpatrick;T.J. Watt;Joe Haden;Tyson Alualu
2020_01_PIT_NYG,3619,pass,0.0,12.0,12.0,NYG,4.0,159.0,12.0,5.0,2:39,2:34,,10.0,26.0,2.0,3.0,"2 DL, 3 LB, 6 DB",;;;;;;;;;;,11,5,5,MAN_COVERAGE,COVER_1,True,00-0031067;00-0033881;00-0034346;00-0034445;00-0034844;00-0029592;00-0035535;00-0036386;00-0032385;00-0034273;00-0035710,Cameron Fleming;Evan Engram;Will Hernandez;Nick Gates;Saquon Barkley;Kevin Zeitler;Darius Slayton;Andrew Thomas;Sterling Shepard;Damion Ratley;Daniel Jones,00-0035525;00-0033930;00-0035219;00-0032146;00-0032521;00-0034858;00-0032150;00-0034789;00-0033886;00-0027860;00-0027862,Devin Bush;Cameron Sutton;Isaiah Buggs;Bud Dupree;Mike Hilton;Terrell Edmunds;Steven Nelson;Minkah Fitzpatrick;T.J. Watt;Joe Haden;Tyson Alualu
2020_01_PIT_NYG,3641,pass,5.0,12.0,7.0,NYG,4.0,154.0,12.0,28.0,2:34,2:06,,10.0,26.0,3.0,3.0,"2 DL, 3 LB, 6 DB",;;;;;;;;;;,11,4,5,MAN_COVERAGE,COVER_1,True,00-0031067;00-0033881;00-0034346;00-0034445;00-0034844;00-0029592;00-0035535;00-0036386;00-0032385;00-0034273;00-0035710,Cameron Fleming;Evan Engram;Will Hernandez;Nick Gates;Saquon Barkley;Kevin Zeitler;Darius Slayton;Andrew Thomas;Sterling Shepard;Damion Ratley;Daniel Jones,00-0035525;00-0033930;00-0032146;00-0032521;00-0027969;00-0032150;00-0034858;00-0034789;00-0033886;00-0027860;00-0031412,Devin Bush;Cameron Sutton;Bud Dupree;Mike Hilton;Cameron Heyward;Steven Nelson;Terrell Edmunds;Minkah Fitzpatrick;T.J. Watt;Joe Haden;Stephon Tuitt
2020_01_PIT_NYG,3665,pass,0.0,7.0,7.0,NYG,4.0,126.0,7.0,4.0,2:06,2:02,,10.0,26.0,1.0,7.0,"2 DL, 3 LB, 6 DB",;;;;;;;;;;,11,4,5,MAN_COVERAGE,COVER_1,True,00-0031067;00-0033881;00-0034346;00-0034445;00-0034844;00-0029592;00-0035535;00-0036386;00-0032385;00-0034273;00-0035710,Cameron Fleming;Evan Engram;Will Hernandez;Nick Gates;Saquon Barkley;Kevin Zeitler;Darius Slayton;Andrew Thomas;Sterling Shepard;Damion Ratley;Daniel Jones,00-0035525;00-0033930;00-0032146;00-0032521;00-0027969;00-0032150;00-0034858;00-0034789;00-0033886;00-0027860;00-0031412,Devin Bush;Cameron Sutton;Bud Dupree;Mike Hilton;Cameron Heyward;Steven Nelson;Terrell Edmunds;Minkah Fitzpatrick;T.J. Watt;Joe Haden;Stephon Tuitt
2020_01_PIT_NYG,3687,pass,0.0,7.0,7.0,NYG,4.0,122.0,7.0,6.0,2:02,1:56,,10.0,26.0,2.0,7.0,"3 DL, 2 LB, 6 DB",;;;;;;;;;;,11,5,4,MAN_COVERAGE,COVER_1,True,00-0031067;00-0033881;00-0034346;00-0034445;00-0034844;00-0029592;00-0035535;00-0036386;00-0032385;00-0034273;00-0035710,Cameron Fleming;Evan Engram;Will Hernandez;Nick Gates;Saquon Barkley;Kevin Zeitler;Darius Slayton;Andrew Thomas;Sterling Shepard;Damion Ratley;Daniel Jones,00-0035525;00-0033930;00-0032146;00-0032521;00-0027969;00-0032150;00-0034858;00-0034789;00-0036333;00-0027860;00-0031412,Devin Bush;Cameron Sutton;Bud Dupree;Mike Hilton;Cameron Heyward;Steven Nelson;Terrell Edmunds;Minkah Fitzpatrick;Alex Highsmith;Joe Haden;Stephon Tuitt
2020_01_PIT_NYG,3726,pass,7.0,7.0,0.0,NYG,4.0,116.0,7.0,4.0,1:56,1:52,,16.0,26.0,3.0,7.0,"2 DL, 3 LB, 6 DB",;;;;;;;;;;,11,5,4,MAN_COVERAGE,COVER_0,False,00-0031067;00-0033881;00-0034346;00-0034445;00-0034844;00-0029592;00-0035535;00-0036386;00-0032385;00-0034273;00-0035710,Cameron Fleming;Evan Engram;Will Hernandez;Nick Gates;Saquon Barkley;Kevin Zeitler;Darius Slayton;Andrew Thomas;Sterling Shepard;Damion Ratley;Daniel Jones,00-0035525;00-0033930;00-0032146;00-0032521;00-0027969;00-0032150;00-0034858;00-0034789;00-0033886;00-0027860;00-0031412,Devin Bush;Cameron Sutton;Bud Dupree;Mike Hilton;Cameron Heyward;Steven Nelson;Terrell Edmunds;Minkah Fitzpatrick;T.J. Watt;Joe Haden;Stephon Tuitt
2020_01_PIT_NYG,3751,pass,0.0,2.0,2.0,NYG,4.0,112.0,2.0,0.0,1:52,1:52,,16.0,26.0,,0.0,"2 DL, 3 LB, 6 DB",;;;;;;;;;;,11,5,,,,,00-0031067;00-0033881;00-0034346;00-0034445;00-0034844;00-0029592;00-0035535;00-0036386;00-0032385;00-0034273;00-0035710,Cameron Fleming;Evan Engram;Will Hernandez;Nick Gates;Saquon Barkley;Kevin Zeitler;Darius Slayton;Andrew Thomas;Sterling Shepard;Damion Ratley;Daniel Jones,00-0035525;00-0033930;00-0032146;00-0032521;00-0027969;00-0032150;00-0034858;00-0034789;00-0033886;00-0027860;00-0031412,Devin Bush;Cameron Sutton;Bud Dupree;Mike Hilton;Cameron Heyward;Steven Nelson;Terrell Edmunds;Minkah Fitzpatrick;T.J. Watt;Joe Haden;Stephon Tuitt
2020_01_PIT_NYG,3765,kickoff,0.0,35.0,35.0,PIT,4.0,112.0,35.0,1.0,1:52,1:51,,16.0,26.0,,0.0,,;;;;;;;;;;,11,,,,,,00-0036394;00-0032813;00-0029570;00-0033302;00-0034974;00-0032769;00-0034167;00-0034988;00-0034496;00-0035633;00-0026858,Darnay Holmes;Elijhaa Penny;Nate Ebner;Adrian Colbert;Julian Love;Brandon Williams;Devante Downs;Kaden Smith;Sean Chandler;Corey Ballentine;Graham Gano,00-0030470;00-0035216;00-0036326;00-0033857;00-0033930;00-0034407;00-0034676;00-0031387;00-0027860;00-0034331;00-0032897,Vance McDonald;Diontae Johnson;Chase Claypool;JuJu Smith-Schuster;Cameron Sutton;Ray-Ray McCloud;James Washington;Eric Ebron;Joe Haden;Jaylen Samuels;Derek Watt
2020_01_PIT_NYG,3787,run,1.0,46.0,45.0,PIT,4.0,111.0,46.0,3.0,1:51,1:48,,16.0,26.0,1.0,10.0,"3 DL, 4 LB, 4 DB",;;;;;;;;;;,11,8,,,,,00-0031142;00-0031387;00-0035217;00-0036339;00-0030470;00-0032897;00-0030648;00-0027870;00-0036326;00-0034768;00-0022924,Matt Feiler;Eric Ebron;Benny Snell;Kevin Dotson;Vance McDonald;Derek Watt;Alejandro Villanueva;Maurkice Pouncey;Chase Claypool;Chukwuma Okorafor;Ben Roethlisberger,00-0031933;00-0032890;00-0034974;00-0034360;00-0033546;00-0035708;00-0035633;00-0034167;00-0035683;00-0033883;00-0032408,Leonard Williams;James Bradberry;Julian Love;Lorenzo Carter;Dalvin Tomlinson;Oshane Ximines;Corey Ballentine;Devante Downs;Dexter Lawrence;Jabrill Peppers;Blake Martinez
2020_01_PIT_NYG,3808,timeout,0.0,,,,4.0,108.0,,0.0,1:48,1:48,NYG,16.0,26.0,,0.0,,,0,,,,,,,,,
2020_01_PIT_NYG,3825,run,7.0,45.0,38.0,PIT,4.0,108.0,45.0,6.0,1:48,1:42,,16.0,26.0,2.0,9.0,"3 DL, 4 LB, 4 DB",;;;;;;;;;;,11,8,,,,,00-0031142;00-0031387;00-0035217;00-0036339;00-0030470;00-0032897;00-0030648;00-0027870;00-0036326;00-0034768;00-0022924,Matt Feiler;Eric Ebron;Benny Snell;Kevin Dotson;Vance McDonald;Derek Watt;Alejandro Villanueva;Maurkice Pouncey;Chase Claypool;Chukwuma Okorafor;Ben Roethlisberger,00-0031933;00-0032890;00-0034974;00-0034360;00-0033546;00-0035708;00-0035633;00-0034167;00-0035683;00-0033883;00-0032408,Leonard Williams;James Bradberry;Julian Love;Lorenzo Carter;Dalvin Tomlinson;Oshane Ximines;Corey Ballentine;Devante Downs;Dexter Lawrence;Jabrill Peppers;Blake Martinez
2020_01_PIT_NYG,3846,timeout,0.0,,,,4.0,102.0,,0.0,1:42,1:42,NYG,16.0,26.0,,0.0,,,0,,,,,,,,,
2020_01_PIT_NYG,3863,run,1.0,38.0,37.0,PIT,4.0,102.0,38.0,47.0,1:42,0:55,,16.0,26.0,3.0,2.0,"3 DL, 4 LB, 4 DB",;;;;;;;;;;,11,8,,,,,00-0031142;00-0031387;00-0035217;00-0036339;00-0030470;00-0032897;00-0030648;00-0027870;00-0036326;00-0034768;00-0022924,Matt Feiler;Eric Ebron;Benny Snell;Kevin Dotson;Vance McDonald;Derek Watt;Alejandro Villanueva;Maurkice Pouncey;Chase Claypool;Chukwuma Okorafor;Ben Roethlisberger,00-0031933;00-0032890;00-0034974;00-0034360;00-0033546;00-0035708;00-0035633;00-0034167;00-0035683;00-0033883;00-0032408,Leonard Williams;James Bradberry;Julian Love;Lorenzo Carter;Dalvin Tomlinson;Oshane Ximines;Corey Ballentine;Devante Downs;Dexter Lawrence;Jabrill Peppers;Blake Martinez
2020_01_PIT_NYG,3884,timeout,0.0,,,,4.0,55.0,,0.0,0:55,0:55,PIT,16.0,26.0,,0.0,,,0,,,,,,,,,
2020_01_PIT_NYG,3901,run,8.0,37.0,29.0,PIT,4.0,55.0,37.0,36.0,0:55,0:19,,16.0,26.0,4.0,1.0,"4 DL, 3 LB, 4 DB",;;;;;;;;;;,11,8,,,,,00-0031142;00-0031387;00-0035217;00-0036339;00-0030470;00-0032897;00-0030648;00-0027870;00-0036326;00-0034768;00-0022924,Matt Feiler;Eric Ebron;Benny Snell;Kevin Dotson;Vance McDonald;Derek Watt;Alejandro Villanueva;Maurkice Pouncey;Chase Claypool;Chukwuma Okorafor;Ben Roethlisberger,00-0031933;00-0032890;00-0034974;00-0034360;00-0033546;00-0035708;00-0035633;00-0032763;00-0035683;00-0033883;00-0032408,Leonard Williams;James Bradberry;Julian Love;Lorenzo Carter;Dalvin Tomlinson;Oshane Ximines;Corey Ballentine;Austin Johnson;Dexter Lawrence;Jabrill Peppers;Blake Martinez
2020_01_PIT_NYG,3922,qb_kneel,-2.0,29.0,31.0,PIT,4.0,19.0,29.0,19.0,0:19,0:00,,16.0,26.0,1.0,10.0,"4 DL, 3 LB, 4 DB",;;;;;;;;;;,11,8,,,,,00-0031142;00-0031387;00-0035217;00-0036339;00-0030470;00-0032897;00-0030648;00-0027870;00-0036326;00-0034768;00-0022924,Matt Feiler;Eric Ebron;Benny Snell;Kevin Dotson;Vance McDonald;Derek Watt;Alejandro Villanueva;Maurkice Pouncey;Chase Claypool;Chukwuma Okorafor;Ben Roethlisberger,00-0031933;00-0032890;00-0034974;00-0034360;00-0033546;00-0035708;00-0035633;00-0032763;00-0035683;00-0033883;00-0032408,Leonard Williams;James Bradberry;Julian Love;Lorenzo Carter;Dalvin Tomlinson;Oshane Ximines;Corey Ballentine;Austin Johnson;Dexter Lawrence;Jabrill Peppers;Blake Martinez
2020_01_PIT_NYG,3943,end_game,,,,PIT,4.0,0.0,,0.0,0:00,0:00,,16.0,26.0,,0.0,,,0,,,,,,,,,
