game_id,play_id,play_type,yards_gained,starting_yard,ending_yard,time_of_play,time_on_clock_start,time_on_clock_end,timeout_team,home_team_score,away_team_score,down,yds_to_go,defense_personnel,defense_positions,n_defense,defenders_in_box,number_of_pass_rushers,defense_man_zone_type,defense_coverage_type,was_pressure,offense_player_ids,offense_player_names,defense_player_ids,defense_player_names
2020_07_CLE_CIN,1,start_quarter_1,,,,0.0,15:00,15:00,,0.0,0.0,,0.0,,,0,,,,,,,,,
2020_07_CLE_CIN,41,kickoff,0.0,35.0,35.0,4.0,15:00,14:56,,0.0,0.0,,0.0,,;;;;;;;;;;,11,,,,,,00-0034500;00-0035039;00-0035646;00-0032888;00-0030850;00-0032956;00-0034977;00-0034253;00-0034355;00-0034488;00-0034088,Tae Davis;Stephen Carlson;Sione Takitaki;Karl Joseph;Cody Parkey;Andy Janovich;Sheldrick Redwine;Dontrell Hilliard;M.J. Stewart;Tavierre Thomas;Robert Jackson,00-0033791;00-0036298;00-0030471;00-0035631;00-0035697;00-0036294;00-0033790;00-0033798;00-0033114;00-0033526;00-0036341,Brandon Wilson;Akeem Davis-Gaither;Shawn Williams;Drew Sample;Germaine Pratt;Logan Wilson;Jordan Evans;Mason Schreck;Mike Thomas;Samaje Perine;Khalid Kareem
2020_07_CLE_CIN,63,pass,6.0,72.0,66.0,42.0,14:56,14:14,,0.0,0.0,1.0,10.0,"4 DL, 3 LB, 4 DB",;;;;;;;;;;,11,5,4,ZONE_COVERAGE,COVER_3,False,00-0035629;00-0030781;00-0035631;00-0031622;00-0035266;00-0032549;00-0036410;00-0036442;00-0033798;00-0030456;00-0027942,Jonah Williams;Trey Hopkins;Drew Sample;Bobby Hart;Mike Jordan;Alex Redmond;Tee Higgins;Joe Burrow;Mason Schreck;Giovani Bernard;A.J. Green,00-0033121;00-0035646;00-0030573;00-0033868;00-0035144;00-0033905;00-0027914;00-0034856;00-0031097;00-0034779;00-0029693,B.J. Goodson;Sione Takitaki;Sheldon Richardson;Myles Garrett;Mack Wilson;Larry Ogunjobi;Andrew Sendejo;Denzel Ward;Terrance Mitchell;Ronnie Harrison;Olivier Vernon
2020_07_CLE_CIN,87,run,-1.0,66.0,67.0,41.0,14:14,13:33,,0.0,0.0,2.0,4.0,"4 DL, 2 LB, 5 DB",;;;;;;;;;;,11,6,,,,,00-0035629;00-0030781;00-0035631;00-0031622;00-0033009;00-0035266;00-0032549;00-0036410;00-0036442;00-0030456;00-0027942,Jonah Williams;Trey Hopkins;Drew Sample;Bobby Hart;Tyler Boyd;Mike Jordan;Alex Redmond;Tee Higgins;Joe Burrow;Giovani Bernard;A.J. Green,00-0031548;00-0033121;00-0028180;00-0030573;00-0033868;00-0033905;00-0027914;00-0031097;00-0034856;00-0034779;00-0029693,Kevin Johnson;B.J. Goodson;Malcolm Smith;Sheldon Richardson;Myles Garrett;Larry Ogunjobi;Andrew Sendejo;Terrance Mitchell;Denzel Ward;Ronnie Harrison;Olivier Vernon
2020_07_CLE_CIN,108,pass,17.0,67.0,50.0,32.0,13:33,13:01,,0.0,0.0,3.0,5.0,"4 DL, 2 LB, 5 DB",;;;;;;;;;;,11,6,7,MAN_COVERAGE,COVER_1,False,00-0035629;00-0030781;00-0035631;00-0031622;00-0033009;00-0035266;00-0032549;00-0036410;00-0036442;00-0030456;00-0027942,Jonah Williams;Trey Hopkins;Drew Sample;Bobby Hart;Tyler Boyd;Mike Jordan;Alex Redmond;Tee Higgins;Joe Burrow;Giovani Bernard;A.J. Green,00-0027958;00-0031548;00-0033121;00-0030573;00-0028180;00-0033868;00-0027914;00-0031097;00-0034856;00-0034779;00-0029693,Adrian Clayborn;Kevin Johnson;B.J. Goodson;Sheldon Richardson;Malcolm Smith;Myles Garrett;Andrew Sendejo;Terrance Mitchell;Denzel Ward;Ronnie Harrison;Olivier Vernon
2020_07_CLE_CIN,137,no_play,0.0,50.0,50.0,16.0,13:01,12:45,,0.0,0.0,1.0,10.0,"4 DL, 3 LB, 4 DB",;;;;;;;;;;,11,,,,,,00-0035629;00-0030781;00-0035631;00-0031622;00-0035266;00-0032549;00-0036410;00-0036442;00-0033798;00-0030456;00-0027942,Jonah Williams;Trey Hopkins;Drew Sample;Bobby Hart;Mike Jordan;Alex Redmond;Tee Higgins;Joe Burrow;Mason Schreck;Giovani Bernard;A.J. Green,00-0033121;00-0035646;00-0030573;00-0035144;00-0033868;00-0033905;00-0027914;00-0031097;00-0034856;00-0034779;00-0029693,B.J. Goodson;Sione Takitaki;Sheldon Richardson;Mack Wilson;Myles Garrett;Larry Ogunjobi;Andrew Sendejo;Terrance Mitchell;Denzel Ward;Ronnie Harrison;Olivier Vernon
2020_07_CLE_CIN,160,pass,0.0,45.0,45.0,7.0,12:45,12:38,,0.0,0.0,1.0,5.0,"4 DL, 2 LB, 5 DB",;;;;;;;;;;,11,6,4,ZONE_COVERAGE,COVER_4,True,00-0035629;00-0030781;00-0035631;00-0031622;00-0033009;00-0035266;00-0032549;00-0036410;00-0036442;00-0027942;00-0033526,Jonah Williams;Trey Hopkins;Drew Sample;Bobby Hart;Tyler Boyd;Mike Jordan;Alex Redmond;Tee Higgins;Joe Burrow;A.J. Green;Samaje Perine,00-0031548;00-0033121;00-0028180;00-0030573;00-0033868;00-0033905;00-0027914;00-0034856;00-0031097;00-0034779;00-0029693,Kevin Johnson;B.J. Goodson;Malcolm Smith;Sheldon Richardson;Myles Garrett;Larry Ogunjobi;Andrew Sendejo;Denzel Ward;Terrance Mitchell;Ronnie Harrison;Olivier Vernon
2020_07_CLE_CIN,182,pass,-2.0,45.0,47.0,40.0,12:38,11:58,,0.0,0.0,2.0,5.0,"4 DL, 2 LB, 5 DB",;;;;;;;;;;,11,6,4,ZONE_COVERAGE,COVER_3,False,00-0035629;00-0030781;00-0035631;00-0031622;00-0033009;00-0035266;00-0032549;00-0036410;00-0036442;00-0033114;00-0033526,Jonah Williams;Trey Hopkins;Drew Sample;Bobby Hart;Tyler Boyd;Mike Jordan;Alex Redmond;Tee Higgins;Joe Burrow;Mike Thomas;Samaje Perine,00-0031548;00-0033121;00-0028180;00-0030573;00-0033868;00-0033905;00-0027914;00-0034856;00-0031097;00-0034779;00-0029693,Kevin Johnson;B.J. Goodson;Malcolm Smith;Sheldon Richardson;Myles Garrett;Larry Ogunjobi;Andrew Sendejo;Denzel Ward;Terrance Mitchell;Ronnie Harrison;Olivier Vernon
2020_07_CLE_CIN,206,no_play,0.0,47.0,47.0,25.0,11:58,11:33,,0.0,0.0,3.0,7.0,"4 DL, 2 LB, 5 DB",;;;;;;;;;;,11,,,,,,00-0035629;00-0030781;00-0031622;00-0033009;00-0035266;00-0032549;00-0036410;00-0036442;00-0030456;00-0027942;00-0034686,Jonah Williams;Trey Hopkins;Bobby Hart;Tyler Boyd;Mike Jordan;Alex Redmond;Tee Higgins;Joe Burrow;Giovani Bernard;A.J. Green;Auden Tate,00-0027958;00-0031548;00-0033121;00-0028180;00-0033868;00-0033905;00-0027914;00-0031097;00-0034856;00-0034779;00-0029693,Adrian Clayborn;Kevin Johnson;B.J. Goodson;Malcolm Smith;Myles Garrett;Larry Ogunjobi;Andrew Sendejo;Terrance Mitchell;Denzel Ward;Ronnie Harrison;Olivier Vernon
2020_07_CLE_CIN,229,pass,29.0,52.0,23.0,33.0,11:33,11:00,,0.0,0.0,3.0,12.0,"4 DL, 2 LB, 5 DB",;;;;;;;;;;,11,6,4,ZONE_COVERAGE,COVER_3,False,00-0035629;00-0030781;00-0035631;00-0031622;00-0035266;00-0032549;00-0036410;00-0036442;00-0030456;00-0033114;00-0027942,Jonah Williams;Trey Hopkins;Drew Sample;Bobby Hart;Mike Jordan;Alex Redmond;Tee Higgins;Joe Burrow;Giovani Bernard;Mike Thomas;A.J. Green,00-0027958;00-0031548;00-0033121;00-0028180;00-0033868;00-0033905;00-0027914;00-0031097;00-0034856;00-0034779;00-0029693,Adrian Clayborn;Kevin Johnson;B.J. Goodson;Malcolm Smith;Myles Garrett;Larry Ogunjobi;Andrew Sendejo;Terrance Mitchell;Denzel Ward;Ronnie Harrison;Olivier Vernon
2020_07_CLE_CIN,253,pass,0.0,23.0,23.0,32.0,11:00,10:28,,0.0,0.0,1.0,10.0,"4 DL, 2 LB, 5 DB",;;;;;;;;;;,11,6,4,,,,00-0035629;00-0030781;00-0035631;00-0031622;00-0035266;00-0032549;00-0036410;00-0036442;00-0030456;00-0033114;00-0027942,Jonah Williams;Trey Hopkins;Drew Sample;Bobby Hart;Mike Jordan;Alex Redmond;Tee Higgins;Joe Burrow;Giovani Bernard;Mike Thomas;A.J. Green,00-0031548;00-0033121;00-0028180;00-0030573;00-0033868;00-0033905;00-0027914;00-0031097;00-0034856;00-0034779;00-0029693,Kevin Johnson;B.J. Goodson;Malcolm Smith;Sheldon Richardson;Myles Garrett;Larry Ogunjobi;Andrew Sendejo;Terrance Mitchell;Denzel Ward;Ronnie Harrison;Olivier Vernon
2020_07_CLE_CIN,281,run,7.0,23.0,16.0,40.0,10:28,9:48,,0.0,0.0,2.0,10.0,"4 DL, 3 LB, 4 DB",;;;;;;;;;;,11,6,,,,,00-0035629;00-0030781;00-0035631;00-0031622;00-0035266;00-0032549;00-0036410;00-0036442;00-0033798;00-0030456;00-0027942,Jonah Williams;Trey Hopkins;Drew Sample;Bobby Hart;Mike Jordan;Alex Redmond;Tee Higgins;Joe Burrow;Mason Schreck;Giovani Bernard;A.J. Green,00-0033121;00-0033469;00-0035646;00-0035144;00-0033868;00-0027914;00-0036266;00-0034856;00-0031097;00-0034779;00-0029693,B.J. Goodson;Vincent Taylor;Sione Takitaki;Mack Wilson;Myles Garrett;Andrew Sendejo;Jordan Elliott;Denzel Ward;Terrance Mitchell;Ronnie Harrison;Olivier Vernon
2020_07_CLE_CIN,302,pass,14.0,16.0,2.0,24.0,9:48,9:24,,0.0,0.0,3.0,3.0,"4 DL, 2 LB, 5 DB",;;;;;;;;;;,11,6,5,MAN_COVERAGE,COVER_1,False,00-0035629;00-0030781;00-0035631;00-0031622;00-0033009;00-0035266;00-0032549;00-0036410;00-0036442;00-0030456;00-0027942,Jonah Williams;Trey Hopkins;Drew Sample;Bobby Hart;Tyler Boyd;Mike Jordan;Alex Redmond;Tee Higgins;Joe Burrow;Giovani Bernard;A.J. Green,00-0027958;00-0031548;00-0033121;00-0030573;00-0028180;00-0033868;00-0027914;00-0031097;00-0034856;00-0034779;00-0029693,Adrian Clayborn;Kevin Johnson;B.J. Goodson;Sheldon Richardson;Malcolm Smith;Myles Garrett;Andrew Sendejo;Terrance Mitchell;Denzel Ward;Ronnie Harrison;Olivier Vernon
2020_07_CLE_CIN,326,turnover,0.0,2.0,2.0,8.0,9:24,9:16,,0.0,0.0,1.0,2.0,"4 DL, 2 LB, 5 DB",;;;;;;;;;;,11,7,6,MAN_COVERAGE,COVER_0,False,00-0035629;00-0030781;00-0035631;00-0031622;00-0033009;00-0035266;00-0032549;00-0036410;00-0036442;00-0030456;00-0027942,Jonah Williams;Trey Hopkins;Drew Sample;Bobby Hart;Tyler Boyd;Mike Jordan;Alex Redmond;Tee Higgins;Joe Burrow;Giovani Bernard;A.J. Green,00-0027958;00-0031548;00-0033121;00-0028180;00-0030573;00-0033868;00-0027914;00-0031097;00-0034856;00-0034779;00-0029693,Adrian Clayborn;Kevin Johnson;B.J. Goodson;Malcolm Smith;Sheldon Richardson;Myles Garrett;Andrew Sendejo;Terrance Mitchell;Denzel Ward;Ronnie Harrison;Olivier Vernon
2020_07_CLE_CIN,352,run,6.0,96.0,90.0,43.0,9:16,8:33,,0.0,0.0,1.0,10.0,"4 DL, 3 LB, 4 DB",;;;;;;;;;;,11,7,,,,,00-0030076;00-0035039;00-0033885;00-0034855;00-0033057;00-0036232;00-0036267;00-0031235;00-0029963;00-0033923;00-0031426,JC Tretter;Stephen Carlson;David Njoku;Baker Mayfield;Jack Conklin;Harrison Bryant;Jedrick Wills;Odell Beckham Jr.;Chris Hubbard;Kareem Hunt;Joel Bitonio,00-0034683;00-0035697;00-0033463;00-0036294;00-0032939;00-0035513;00-0034675;00-0032783;00-0031619;00-0029284;00-0028278,Darius Phillips;Germaine Pratt;Carl Lawson;Logan Wilson;Vonn Bell;Amani Bledsoe;Jessie Bates;LeShaun Sims;Christian Covington;Mike Daniels;Josh Bynes
2020_07_CLE_CIN,373,turnover,0.0,90.0,90.0,12.0,8:33,8:21,,0.0,0.0,2.0,4.0,"5 DL, 2 LB, 4 DB",;;;;;;;;;;,11,8,5,ZONE_COVERAGE,COVER_3,True,00-0030076;00-0033885;00-0031382;00-0034855;00-0033057;00-0036267;00-0031235;00-0032956;00-0029963;00-0033923;00-0031426,JC Tretter;David Njoku;Jarvis Landry;Baker Mayfield;Jack Conklin;Jedrick Wills;Odell Beckham Jr.;Andy Janovich;Chris Hubbard;Kareem Hunt;Joel Bitonio,00-0034683;00-0031713;00-0035697;00-0033463;00-0032939;00-0035513;00-0034675;00-0032783;00-0031619;00-0029284;00-0028278,Darius Phillips;Xavier Williams;Germaine Pratt;Carl Lawson;Vonn Bell;Amani Bledsoe;Jessie Bates;LeShaun Sims;Christian Covington;Mike Daniels;Josh Bynes
2020_07_CLE_CIN,411,pass,13.0,24.0,11.0,45.0,8:21,7:36,,0.0,0.0,1.0,10.0,"4 DL, 3 LB, 4 DB",;;;;;;;;;;,11,4,4,ZONE_COVERAGE,COVER_3,True,00-0035629;00-0030781;00-0035631;00-0031622;00-0033009;00-0035266;00-0032549;00-0036442;00-0033798;00-0030456;00-0027942,Jonah Williams;Trey Hopkins;Drew Sample;Bobby Hart;Tyler Boyd;Mike Jordan;Alex Redmond;Joe Burrow;Mason Schreck;Giovani Bernard;A.J. Green,00-0033121;00-0035646;00-0030573;00-0033868;00-0035144;00-0033905;00-0027914;00-0034856;00-0031097;00-0034779;00-0029693,B.J. Goodson;Sione Takitaki;Sheldon Richardson;Myles Garrett;Mack Wilson;Larry Ogunjobi;Andrew Sendejo;Denzel Ward;Terrance Mitchell;Ronnie Harrison;Olivier Vernon
2020_07_CLE_CIN,435,no_play,0.0,11.0,11.0,4.0,7:36,7:32,,0.0,0.0,1.0,10.0,"4 DL, 2 LB, 5 DB",;;;;;;;;;;,11,6,,,,,00-0035629;00-0030781;00-0035631;00-0031622;00-0033009;00-0035266;00-0032549;00-0036410;00-0036442;00-0030456;00-0027942,Jonah Williams;Trey Hopkins;Drew Sample;Bobby Hart;Tyler Boyd;Mike Jordan;Alex Redmond;Tee Higgins;Joe Burrow;Giovani Bernard;A.J. Green,00-0031548;00-0033121;00-0028180;00-0030573;00-0033868;00-0033905;00-0027914;00-0031097;00-0034856;00-0034779;00-0029693,Kevin Johnson;B.J. Goodson;Malcolm Smith;Sheldon Richardson;Myles Garrett;Larry Ogunjobi;Andrew Sendejo;Terrance Mitchell;Denzel Ward;Ronnie Harrison;Olivier Vernon
2020_07_CLE_CIN,468,run,0.0,1.0,1.0,38.0,7:32,6:54,,0.0,0.0,1.0,1.0,"5 DL, 2 LB, 4 DB",;;;;;;;;;;,11,8,,,,,00-0035629;00-0030781;00-0035631;00-0031622;00-0035266;00-0032549;00-0036410;00-0036442;00-0033798;00-0030456;00-0027942,Jonah Williams;Trey Hopkins;Drew Sample;Bobby Hart;Mike Jordan;Alex Redmond;Tee Higgins;Joe Burrow;Mason Schreck;Giovani Bernard;A.J. Green,00-0033121;00-0030573;00-0033868;00-0035144;00-0033905;00-0027914;00-0036266;00-0031097;00-0034856;00-0034779;00-0029693,B.J. Goodson;Sheldon Richardson;Myles Garrett;Mack Wilson;Larry Ogunjobi;Andrew Sendejo;Jordan Elliott;Terrance Mitchell;Denzel Ward;Ronnie Harrison;Olivier Vernon
2020_07_CLE_CIN,489,run,1.0,1.0,0.0,7.0,6:54,6:47,,6.0,0.0,2.0,1.0,"5 DL, 2 LB, 4 DB",;;;;;;;;;;,11,8,,,,,00-0035629;00-0030781;00-0035631;00-0031622;00-0035266;00-0032549;00-0036410;00-0036442;00-0033798;00-0030456;00-0027942,Jonah Williams;Trey Hopkins;Drew Sample;Bobby Hart;Mike Jordan;Alex Redmond;Tee Higgins;Joe Burrow;Mason Schreck;Giovani Bernard;A.J. Green,00-0033121;00-0030573;00-0033868;00-0035144;00-0033905;00-0027914;00-0036266;00-0031097;00-0034856;00-0034779;00-0029693,B.J. Goodson;Sheldon Richardson;Myles Garrett;Mack Wilson;Larry Ogunjobi;Andrew Sendejo;Jordan Elliott;Terrance Mitchell;Denzel Ward;Ronnie Harrison;Olivier Vernon
2020_07_CLE_CIN,511,extra_point,0.0,15.0,15.0,0.0,6:47,6:47,,7.0,0.0,,0.0,,;;;;;;;;;;,11,,,,,,00-0036310;00-0025630;00-0029421;00-0035629;00-0027103;00-0030781;00-0035631;00-0034762;00-0035266;00-0032549;00-0033798,Hakeem Adeniji;Clark Harris;Randy Bullock;Jonah Williams;Kevin Huber;Trey Hopkins;Drew Sample;Billy Price;Mike Jordan;Alex Redmond;Mason Schreck,00-0033121;00-0035646;00-0030573;00-0028180;00-0033868;00-0033905;00-0027914;00-0034856;00-0034779;00-0029693;00-0034488,B.J. Goodson;Sione Takitaki;Sheldon Richardson;Malcolm Smith;Myles Garrett;Larry Ogunjobi;Andrew Sendejo;Denzel Ward;Ronnie Harrison;Olivier Vernon;Tavierre Thomas
2020_07_CLE_CIN,527,kickoff,0.0,35.0,35.0,0.0,6:47,6:47,,7.0,0.0,,0.0,,;;;;;;;;;;,11,,,,,,00-0034683;00-0029421;00-0033791;00-0036298;00-0030471;00-0035697;00-0036294;00-0034540;00-0036314;00-0033790;00-0033526,Darius Phillips;Randy Bullock;Brandon Wilson;Akeem Davis-Gaither;Shawn Williams;Germaine Pratt;Logan Wilson;Tony Brown;Markus Bailey;Jordan Evans;Samaje Perine,00-0034500;00-0035039;00-0035646;00-0032977;00-0036232;00-0032956;00-0034977;00-0034253;00-0036233;00-0034355;00-0034488,Tae Davis;Stephen Carlson;Sione Takitaki;Rashard Higgins;Harrison Bryant;Andy Janovich;Sheldrick Redwine;Dontrell Hilliard;Donovan Peoples-Jones;M.J. Stewart;Tavierre Thomas
2020_07_CLE_CIN,542,run,11.0,75.0,64.0,39.0,6:47,6:08,,7.0,0.0,1.0,10.0,"4 DL, 2 LB, 5 DB",;;;;;;;;;;,11,6,,,,,00-0030076;00-0031382;00-0034855;00-0033057;00-0032977;00-0036232;00-0036267;00-0036233;00-0029963;00-0033923;00-0031426,JC Tretter;Jarvis Landry;Baker Mayfield;Jack Conklin;Rashard Higgins;Harrison Bryant;Jedrick Wills;Donovan Peoples-Jones;Chris Hubbard;Kareem Hunt;Joel Bitonio,00-0034683;00-0035697;00-0033463;00-0032939;00-0035513;00-0034675;00-0032389;00-0032783;00-0031619;00-0029284;00-0028278,Darius Phillips;Germaine Pratt;Carl Lawson;Vonn Bell;Amani Bledsoe;Jessie Bates;Mackensie Alexander;LeShaun Sims;Christian Covington;Mike Daniels;Josh Bynes
2020_07_CLE_CIN,563,run,5.0,64.0,59.0,41.0,6:08,5:27,,7.0,0.0,1.0,10.0,"4 DL, 2 LB, 5 DB",;;;;;;;;;;,11,6,,,,,00-0030076;00-0031382;00-0034855;00-0033057;00-0032977;00-0036232;00-0036267;00-0036233;00-0029963;00-0033923;00-0031426,JC Tretter;Jarvis Landry;Baker Mayfield;Jack Conklin;Rashard Higgins;Harrison Bryant;Jedrick Wills;Donovan Peoples-Jones;Chris Hubbard;Kareem Hunt;Joel Bitonio,00-0034683;00-0035697;00-0033463;00-0032939;00-0035513;00-0034675;00-0032389;00-0032783;00-0031619;00-0029284;00-0028278,Darius Phillips;Germaine Pratt;Carl Lawson;Vonn Bell;Amani Bledsoe;Jessie Bates;Mackensie Alexander;LeShaun Sims;Christian Covington;Mike Daniels;Josh Bynes
2020_07_CLE_CIN,584,pass,0.0,59.0,59.0,5.0,5:27,5:22,,7.0,0.0,2.0,5.0,"4 DL, 2 LB, 5 DB",;;;;;;;;;;,11,7,7,MAN_COVERAGE,COVER_1,False,00-0030076;00-0031382;00-0034855;00-0033057;00-0032977;00-0036232;00-0036267;00-0036233;00-0029963;00-0033923;00-0031426,JC Tretter;Jarvis Landry;Baker Mayfield;Jack Conklin;Rashard Higgins;Harrison Bryant;Jedrick Wills;Donovan Peoples-Jones;Chris Hubbard;Kareem Hunt;Joel Bitonio,00-0034683;00-0035697;00-0033463;00-0032939;00-0035513;00-0034675;00-0032389;00-0032783;00-0031619;00-0029284;00-0028278,Darius Phillips;Germaine Pratt;Carl Lawson;Vonn Bell;Amani Bledsoe;Jessie Bates;Mackensie Alexander;LeShaun Sims;Christian Covington;Mike Daniels;Josh Bynes
2020_07_CLE_CIN,606,pass,0.0,59.0,59.0,6.0,5:22,5:16,,7.0,0.0,3.0,5.0,"4 DL, 2 LB, 5 DB",;;;;;;;;;;,11,6,4,MAN_COVERAGE,COVER_1,True,00-0030076;00-0031382;00-0034855;00-0033057;00-0032977;00-0036232;00-0036267;00-0032956;00-0036233;00-0029963;00-0031426,JC Tretter;Jarvis Landry;Baker Mayfield;Jack Conklin;Rashard Higgins;Harrison Bryant;Jedrick Wills;Andy Janovich;Donovan Peoples-Jones;Chris Hubbard;Joel Bitonio,00-0034683;00-0036298;00-0030449;00-0033463;00-0036294;00-0027662;00-0032939;00-0034675;00-0032389;00-0032783;00-0027720,Darius Phillips;Akeem Davis-Gaither;Margus Hunt;Carl Lawson;Logan Wilson;Carlos Dunlap;Vonn Bell;Jessie Bates;Mackensie Alexander;LeShaun Sims;Geno Atkins
2020_07_CLE_CIN,628,no_play,0.0,59.0,59.0,9.0,5:16,5:07,,7.0,0.0,4.0,5.0,,;;;;;;;;;;,11,,,,,,00-0034500;00-0035042;00-0035039;00-0035646;00-0029008;00-0027914;00-0032956;00-0034253;00-0034355;00-0034488;00-0034088,Tae Davis;Jamie Gillan;Stephen Carlson;Sione Takitaki;Charley Hughlett;Andrew Sendejo;Andy Janovich;Dontrell Hilliard;M.J. Stewart;Tavierre Thomas;Robert Jackson,00-0032543;00-0033791;00-0036298;00-0030471;00-0036294;00-0035291;00-0034540;00-0033790;00-0033798;00-0033114;00-0033526,Alex Erickson;Brandon Wilson;Akeem Davis-Gaither;Shawn Williams;Logan Wilson;Trayveon Williams;Tony Brown;Jordan Evans;Mason Schreck;Mike Thomas;Samaje Perine
2020_07_CLE_CIN,664,punt,0.0,64.0,64.0,11.0,5:07,4:56,,7.0,0.0,4.0,10.0,,;;;;;;;;;;,11,,,,,,00-0034500;00-0035042;00-0035039;00-0035646;00-0029008;00-0027914;00-0032956;00-0034253;00-0034355;00-0034488;00-0034088,Tae Davis;Jamie Gillan;Stephen Carlson;Sione Takitaki;Charley Hughlett;Andrew Sendejo;Andy Janovich;Dontrell Hilliard;M.J. Stewart;Tavierre Thomas;Robert Jackson,00-0032543;00-0033791;00-0036298;00-0030471;00-0036294;00-0035291;00-0034540;00-0033790;00-0033798;00-0033114;00-0033526,Alex Erickson;Brandon Wilson;Akeem Davis-Gaither;Shawn Williams;Logan Wilson;Trayveon Williams;Tony Brown;Jordan Evans;Mason Schreck;Mike Thomas;Samaje Perine
2020_07_CLE_CIN,700,pass,0.0,75.0,75.0,5.0,4:56,4:51,,7.0,0.0,1.0,10.0,"4 DL, 2 LB, 5 DB",;;;;;;;;;;,11,6,5,ZONE_COVERAGE,COVER_3,True,00-0035629;00-0030781;00-0031622;00-0033009;00-0035266;00-0032549;00-0036410;00-0036442;00-0030456;00-0027942;00-0034951,Jonah Williams;Trey Hopkins;Bobby Hart;Tyler Boyd;Mike Jordan;Alex Redmond;Tee Higgins;Joe Burrow;Giovani Bernard;A.J. Green;Fred Johnson,00-0027958;00-0031548;00-0033121;00-0033469;00-0028180;00-0030573;00-0033868;00-0027914;00-0031097;00-0034856;00-0034779,Adrian Clayborn;Kevin Johnson;B.J. Goodson;Vincent Taylor;Malcolm Smith;Sheldon Richardson;Myles Garrett;Andrew Sendejo;Terrance Mitchell;Denzel Ward;Ronnie Harrison
2020_07_CLE_CIN,733,pass,10.0,75.0,65.0,31.0,4:51,4:20,,7.0,0.0,2.0,10.0,"4 DL, 2 LB, 5 DB",;;;;;;;;;;,11,6,4,ZONE_COVERAGE,COVER_4,False,00-0035629;00-0030781;00-0035631;00-0031622;00-0033009;00-0035266;00-0032549;00-0036410;00-0036442;00-0030456;00-0027942,Jonah Williams;Trey Hopkins;Drew Sample;Bobby Hart;Tyler Boyd;Mike Jordan;Alex Redmond;Tee Higgins;Joe Burrow;Giovani Bernard;A.J. Green,00-0027958;00-0031548;00-0033121;00-0033469;00-0028180;00-0030573;00-0033868;00-0027914;00-0031097;00-0034856;00-0034779,Adrian Clayborn;Kevin Johnson;B.J. Goodson;Vincent Taylor;Malcolm Smith;Sheldon Richardson;Myles Garrett;Andrew Sendejo;Terrance Mitchell;Denzel Ward;Ronnie Harrison
2020_07_CLE_CIN,757,run,1.0,65.0,64.0,35.0,4:20,3:45,,7.0,0.0,1.0,10.0,"4 DL, 2 LB, 5 DB",;;;;;;;;;;,11,6,,,,,00-0035629;00-0030781;00-0035631;00-0031622;00-0033009;00-0035266;00-0032549;00-0036410;00-0036442;00-0030456;00-0027942,Jonah Williams;Trey Hopkins;Drew Sample;Bobby Hart;Tyler Boyd;Mike Jordan;Alex Redmond;Tee Higgins;Joe Burrow;Giovani Bernard;A.J. Green,00-0027958;00-0031548;00-0033121;00-0033469;00-0028180;00-0030573;00-0033868;00-0027914;00-0031097;00-0034856;00-0034779,Adrian Clayborn;Kevin Johnson;B.J. Goodson;Vincent Taylor;Malcolm Smith;Sheldon Richardson;Myles Garrett;Andrew Sendejo;Terrance Mitchell;Denzel Ward;Ronnie Harrison
2020_07_CLE_CIN,778,pass,7.0,64.0,57.0,32.0,3:45,3:13,,7.0,0.0,2.0,9.0,"4 DL, 2 LB, 5 DB",;;;;;;;;;;,11,6,4,ZONE_COVERAGE,COVER_4,False,00-0035629;00-0030781;00-0035631;00-0031622;00-0033009;00-0035266;00-0032549;00-0036410;00-0036442;00-0030456;00-0027942,Jonah Williams;Trey Hopkins;Drew Sample;Bobby Hart;Tyler Boyd;Mike Jordan;Alex Redmond;Tee Higgins;Joe Burrow;Giovani Bernard;A.J. Green,00-0027958;00-0031548;00-0033121;00-0033469;00-0028180;00-0030573;00-0033868;00-0027914;00-0031097;00-0034856;00-0034779,Adrian Clayborn;Kevin Johnson;B.J. Goodson;Vincent Taylor;Malcolm Smith;Sheldon Richardson;Myles Garrett;Andrew Sendejo;Terrance Mitchell;Denzel Ward;Ronnie Harrison
2020_07_CLE_CIN,813,pass,0.0,42.0,42.0,5.0,3:13,3:08,,7.0,0.0,1.0,10.0,"4 DL, 2 LB, 5 DB",;;;;;;;;;;,11,6,6,ZONE_COVERAGE,COVER_4,False,00-0035629;00-0030781;00-0035631;00-0031622;00-0033009;00-0035266;00-0032549;00-0036442;00-0030456;00-0033114;00-0027942,Jonah Williams;Trey Hopkins;Drew Sample;Bobby Hart;Tyler Boyd;Mike Jordan;Alex Redmond;Joe Burrow;Giovani Bernard;Mike Thomas;A.J. Green,00-0031548;00-0033121;00-0028180;00-0030573;00-0033868;00-0033905;00-0027914;00-0031097;00-0034856;00-0034779;00-0029693,Kevin Johnson;B.J. Goodson;Malcolm Smith;Sheldon Richardson;Myles Garrett;Larry Ogunjobi;Andrew Sendejo;Terrance Mitchell;Denzel Ward;Ronnie Harrison;Olivier Vernon
2020_07_CLE_CIN,847,turnover,-22.0,42.0,64.0,8.0,3:08,3:00,,7.0,0.0,2.0,10.0,"4 DL, 2 LB, 5 DB",;;;;;;;;;;,11,5,4,,,,00-0031622;00-0035266;00-0033009;00-0035629;00-0030781;00-0027942;00-0032549;00-0036442;00-0036410;00-0035631;00-0033526,Bobby Hart;Mike Jordan;Tyler Boyd;Jonah Williams;Trey Hopkins;A.J. Green;Alex Redmond;Joe Burrow;Tee Higgins;Drew Sample;Samaje Perine,00-0027958;00-0028180;00-0033121;00-0027914;00-0029693;00-0031097;00-0033868;00-0033905;00-0034779;00-0031548;00-0034856,Adrian Clayborn;Malcolm Smith;B.J. Goodson;Andrew Sendejo;Olivier Vernon;Terrance Mitchell;Myles Garrett;Larry Ogunjobi;Ronnie Harrison;Kevin Johnson;Denzel Ward
2020_07_CLE_CIN,888,run,12.0,33.0,21.0,41.0,3:00,2:19,,7.0,0.0,1.0,10.0,"4 DL, 3 LB, 4 DB",;;;;;;;;;;,11,7,,,,,00-0030076;00-0035039;00-0033885;00-0034855;00-0033057;00-0036232;00-0036267;00-0029963;00-0036233;00-0033923;00-0031426,JC Tretter;Stephen Carlson;David Njoku;Baker Mayfield;Jack Conklin;Harrison Bryant;Jedrick Wills;Chris Hubbard;Donovan Peoples-Jones;Kareem Hunt;Joel Bitonio,00-0034683;00-0031713;00-0030449;00-0035697;00-0033463;00-0036294;00-0032939;00-0034675;00-0032783;00-0031619;00-0028278,Darius Phillips;Xavier Williams;Margus Hunt;Germaine Pratt;Carl Lawson;Logan Wilson;Vonn Bell;Jessie Bates;LeShaun Sims;Christian Covington;Josh Bynes
2020_07_CLE_CIN,909,run,-4.0,21.0,25.0,45.0,2:19,1:34,,7.0,0.0,1.0,10.0,"4 DL, 3 LB, 4 DB",;;;;;;;;;;,11,8,,,,,00-0030076;00-0035039;00-0033885;00-0034855;00-0033057;00-0036232;00-0036267;00-0036233;00-0029963;00-0033923;00-0031426,JC Tretter;Stephen Carlson;David Njoku;Baker Mayfield;Jack Conklin;Harrison Bryant;Jedrick Wills;Donovan Peoples-Jones;Chris Hubbard;Kareem Hunt;Joel Bitonio,00-0034683;00-0031713;00-0030449;00-0035697;00-0033463;00-0036294;00-0032939;00-0034675;00-0032783;00-0031619;00-0028278,Darius Phillips;Xavier Williams;Margus Hunt;Germaine Pratt;Carl Lawson;Logan Wilson;Vonn Bell;Jessie Bates;LeShaun Sims;Christian Covington;Josh Bynes
2020_07_CLE_CIN,930,pass,0.0,25.0,25.0,4.0,1:34,1:30,,7.0,0.0,2.0,14.0,"4 DL, 2 LB, 5 DB",;;;;;;;;;;,11,6,4,ZONE_COVERAGE,COVER_3,False,00-0030076;00-0033885;00-0031382;00-0034855;00-0033057;00-0032977;00-0036267;00-0036233;00-0029963;00-0033923;00-0031426,JC Tretter;David Njoku;Jarvis Landry;Baker Mayfield;Jack Conklin;Rashard Higgins;Jedrick Wills;Donovan Peoples-Jones;Chris Hubbard;Kareem Hunt;Joel Bitonio,00-0034683;00-0031713;00-0036298;00-0030449;00-0033463;00-0036294;00-0032939;00-0034675;00-0032389;00-0032783;00-0031619,Darius Phillips;Xavier Williams;Akeem Davis-Gaither;Margus Hunt;Carl Lawson;Logan Wilson;Vonn Bell;Jessie Bates;Mackensie Alexander;LeShaun Sims;Christian Covington
2020_07_CLE_CIN,952,pass,0.0,25.0,25.0,5.0,1:30,1:25,,7.0,0.0,3.0,14.0,"4 DL, 2 LB, 5 DB",;;;;;;;;;;,11,6,4,ZONE_COVERAGE,COVER_2,True,00-0030076;00-0033885;00-0031382;00-0034855;00-0033057;00-0032977;00-0036267;00-0032956;00-0036233;00-0029963;00-0031426,JC Tretter;David Njoku;Jarvis Landry;Baker Mayfield;Jack Conklin;Rashard Higgins;Jedrick Wills;Andy Janovich;Donovan Peoples-Jones;Chris Hubbard;Joel Bitonio,00-0034683;00-0036298;00-0030449;00-0033463;00-0036294;00-0027662;00-0032939;00-0034675;00-0032389;00-0032783;00-0027720,Darius Phillips;Akeem Davis-Gaither;Margus Hunt;Carl Lawson;Logan Wilson;Carlos Dunlap;Vonn Bell;Jessie Bates;Mackensie Alexander;LeShaun Sims;Geno Atkins
2020_07_CLE_CIN,974,field_goal,0.0,25.0,25.0,4.0,1:25,1:21,,7.0,3.0,4.0,14.0,,;;;;;;;;;;,11,,,,,,00-0035042;00-0035039;00-0034495;00-0030850;00-0031921;00-0036232;00-0029008;00-0036267;00-0036236;00-0029963;00-0031426,Jamie Gillan;Stephen Carlson;Evan Brown;Cody Parkey;Kendall Lamm;Harrison Bryant;Charley Hughlett;Jedrick Wills;Nick Harris;Chris Hubbard;Joel Bitonio,00-0034683;00-0031713;00-0030471;00-0030449;00-0027662;00-0032939;00-0035513;00-0034540;00-0033790;00-0031619;00-0028278,Darius Phillips;Xavier Williams;Shawn Williams;Margus Hunt;Carlos Dunlap;Vonn Bell;Amani Bledsoe;Tony Brown;Jordan Evans;Christian Covington;Josh Bynes
2020_07_CLE_CIN,993,kickoff,0.0,35.0,35.0,8.0,1:21,1:13,,7.0,3.0,,0.0,,;;;;;;;;;;,11,,,,,,00-0034500;00-0035039;00-0035646;00-0032888;00-0030850;00-0032956;00-0034977;00-0034253;00-0034355;00-0034488;00-0034088,Tae Davis;Stephen Carlson;Sione Takitaki;Karl Joseph;Cody Parkey;Andy Janovich;Sheldrick Redwine;Dontrell Hilliard;M.J. Stewart;Tavierre Thomas;Robert Jackson,00-0033791;00-0036298;00-0030471;00-0035631;00-0035697;00-0036294;00-0033790;00-0033798;00-0033114;00-0033526;00-0036341,Brandon Wilson;Akeem Davis-Gaither;Shawn Williams;Drew Sample;Germaine Pratt;Logan Wilson;Jordan Evans;Mason Schreck;Mike Thomas;Samaje Perine;Khalid Kareem
2020_07_CLE_CIN,1015,run,8.0,81.0,73.0,33.0,1:13,0:40,,7.0,3.0,1.0,10.0,"4 DL, 3 LB, 4 DB",;;;;;;;;;;,11,8,,,,,00-0035629;00-0030781;00-0035631;00-0031622;00-0035266;00-0032549;00-0036410;00-0036442;00-0033798;00-0030456;00-0027942,Jonah Williams;Trey Hopkins;Drew Sample;Bobby Hart;Mike Jordan;Alex Redmond;Tee Higgins;Joe Burrow;Mason Schreck;Giovani Bernard;A.J. Green,00-0035404;00-0033121;00-0035646;00-0030573;00-0035144;00-0033905;00-0027914;00-0034856;00-0031097;00-0034779;00-0029693,Porter Gustin;B.J. Goodson;Sione Takitaki;Sheldon Richardson;Mack Wilson;Larry Ogunjobi;Andrew Sendejo;Denzel Ward;Terrance Mitchell;Ronnie Harrison;Olivier Vernon
2020_07_CLE_CIN,1036,run,1.0,73.0,72.0,39.0,0:40,0:01,,7.0,3.0,2.0,2.0,"4 DL, 3 LB, 4 DB",;;;;;;;;;;,11,7,,,,,00-0035629;00-0030781;00-0035631;00-0031622;00-0035266;00-0032549;00-0036410;00-0036442;00-0033798;00-0030456;00-0027942,Jonah Williams;Trey Hopkins;Drew Sample;Bobby Hart;Mike Jordan;Alex Redmond;Tee Higgins;Joe Burrow;Mason Schreck;Giovani Bernard;A.J. Green,00-0035404;00-0033121;00-0035646;00-0030573;00-0035144;00-0033905;00-0027914;00-0034856;00-0031097;00-0034779;00-0029693,Porter Gustin;B.J. Goodson;Sione Takitaki;Sheldon Richardson;Mack Wilson;Larry Ogunjobi;Andrew Sendejo;Denzel Ward;Terrance Mitchell;Ronnie Harrison;Olivier Vernon
2020_07_CLE_CIN,1057,pass,22.0,72.0,50.0,1.0,0:01,0:00,,7.0,3.0,3.0,1.0,"4 DL, 2 LB, 5 DB",;;;;;;;;;;,11,6,4,MAN_COVERAGE,COVER_1,True,00-0035629;00-0030781;00-0035631;00-0031622;00-0033009;00-0035266;00-0032549;00-0036410;00-0036442;00-0030456;00-0027942,Jonah Williams;Trey Hopkins;Drew Sample;Bobby Hart;Tyler Boyd;Mike Jordan;Alex Redmond;Tee Higgins;Joe Burrow;Giovani Bernard;A.J. Green,00-0035404;00-0031548;00-0033121;00-0030573;00-0035144;00-0033905;00-0027914;00-0034856;00-0031097;00-0034779;00-0029693,Porter Gustin;Kevin Johnson;B.J. Goodson;Sheldon Richardson;Mack Wilson;Larry Ogunjobi;Andrew Sendejo;Denzel Ward;Terrance Mitchell;Ronnie Harrison;Olivier Vernon
2020_07_CLE_CIN,1092,start_quarter_2,,50.0,,0.0,0:00,0:00,,7.0,3.0,,0.0,,,0,,,,,,,,,
2020_07_CLE_CIN,1111,pass,25.0,50.0,25.0,43.0,15:00,14:17,,7.0,3.0,1.0,10.0,"4 DL, 2 LB, 5 DB",;;;;;;;;;;,11,6,4,ZONE_COVERAGE,COVER_3,False,00-0035629;00-0030781;00-0035631;00-0031622;00-0033009;00-0035266;00-0032549;00-0036410;00-0036442;00-0030456;00-0027942,Jonah Williams;Trey Hopkins;Drew Sample;Bobby Hart;Tyler Boyd;Mike Jordan;Alex Redmond;Tee Higgins;Joe Burrow;Giovani Bernard;A.J. Green,00-0031548;00-0033121;00-0030573;00-0033868;00-0035144;00-0033905;00-0027914;00-0034856;00-0031097;00-0034779;00-0029693,Kevin Johnson;B.J. Goodson;Sheldon Richardson;Myles Garrett;Mack Wilson;Larry Ogunjobi;Andrew Sendejo;Denzel Ward;Terrance Mitchell;Ronnie Harrison;Olivier Vernon
2020_07_CLE_CIN,1135,pass,4.0,25.0,21.0,37.0,14:17,13:40,,7.0,3.0,1.0,10.0,"4 DL, 2 LB, 5 DB",;;;;;;;;;;,11,6,4,MAN_COVERAGE,COVER_1,True,00-0035629;00-0030781;00-0035631;00-0031622;00-0033009;00-0035266;00-0032549;00-0036410;00-0036442;00-0027942;00-0033526,Jonah Williams;Trey Hopkins;Drew Sample;Bobby Hart;Tyler Boyd;Mike Jordan;Alex Redmond;Tee Higgins;Joe Burrow;A.J. Green;Samaje Perine,00-0031548;00-0033121;00-0030573;00-0033868;00-0035144;00-0033905;00-0027914;00-0034856;00-0031097;00-0034779;00-0029693,Kevin Johnson;B.J. Goodson;Sheldon Richardson;Myles Garrett;Mack Wilson;Larry Ogunjobi;Andrew Sendejo;Denzel Ward;Terrance Mitchell;Ronnie Harrison;Olivier Vernon
2020_07_CLE_CIN,1159,run,3.0,21.0,18.0,46.0,13:40,12:54,,7.0,3.0,2.0,6.0,"4 DL, 3 LB, 4 DB",;;;;;;;;;;,11,8,,,,,00-0035629;00-0030781;00-0035631;00-0031622;00-0035266;00-0032549;00-0036410;00-0036442;00-0033798;00-0027942;00-0033526,Jonah Williams;Trey Hopkins;Drew Sample;Bobby Hart;Mike Jordan;Alex Redmond;Tee Higgins;Joe Burrow;Mason Schreck;A.J. Green;Samaje Perine,00-0033121;00-0035646;00-0030573;00-0035144;00-0033868;00-0033905;00-0027914;00-0034856;00-0031097;00-0034779;00-0029693,B.J. Goodson;Sione Takitaki;Sheldon Richardson;Mack Wilson;Myles Garrett;Larry Ogunjobi;Andrew Sendejo;Denzel Ward;Terrance Mitchell;Ronnie Harrison;Olivier Vernon
2020_07_CLE_CIN,1180,pass,4.0,18.0,14.0,29.0,12:54,12:25,,7.0,3.0,3.0,3.0,"4 DL, 2 LB, 5 DB",;;;;;;;;;;,11,6,5,ZONE_COVERAGE,COVER_4,False,00-0035629;00-0030781;00-0035631;00-0031622;00-0033009;00-0035266;00-0032549;00-0036410;00-0036442;00-0027942;00-0033526,Jonah Williams;Trey Hopkins;Drew Sample;Bobby Hart;Tyler Boyd;Mike Jordan;Alex Redmond;Tee Higgins;Joe Burrow;A.J. Green;Samaje Perine,00-0027958;00-0031548;00-0033121;00-0030573;00-0033868;00-0035144;00-0027914;00-0031097;00-0034856;00-0034779;00-0029693,Adrian Clayborn;Kevin Johnson;B.J. Goodson;Sheldon Richardson;Myles Garrett;Mack Wilson;Andrew Sendejo;Terrance Mitchell;Denzel Ward;Ronnie Harrison;Olivier Vernon
2020_07_CLE_CIN,1209,pass,3.0,14.0,11.0,28.0,12:25,11:57,,7.0,3.0,1.0,10.0,"4 DL, 2 LB, 5 DB",;;;;;;;;;;,11,6,4,ZONE_COVERAGE,COVER_4,False,00-0035629;00-0030781;00-0035631;00-0031622;00-0033009;00-0035266;00-0032549;00-0036410;00-0036442;00-0033526;00-0034686,Jonah Williams;Trey Hopkins;Drew Sample;Bobby Hart;Tyler Boyd;Mike Jordan;Alex Redmond;Tee Higgins;Joe Burrow;Samaje Perine;Auden Tate,00-0031548;00-0033121;00-0030573;00-0035144;00-0033868;00-0027914;00-0036266;00-0034856;00-0031097;00-0034779;00-0029693,Kevin Johnson;B.J. Goodson;Sheldon Richardson;Mack Wilson;Myles Garrett;Andrew Sendejo;Jordan Elliott;Denzel Ward;Terrance Mitchell;Ronnie Harrison;Olivier Vernon
2020_07_CLE_CIN,1235,pass,0.0,11.0,11.0,3.0,11:57,11:54,,7.0,3.0,2.0,7.0,"4 DL, 2 LB, 5 DB",;;;;;;;;;;,11,5,4,ZONE_COVERAGE,COVER_3,True,00-0035629;00-0030781;00-0035631;00-0031622;00-0033009;00-0035266;00-0032549;00-0036410;00-0036442;00-0030456;00-0027942,Jonah Williams;Trey Hopkins;Drew Sample;Bobby Hart;Tyler Boyd;Mike Jordan;Alex Redmond;Tee Higgins;Joe Burrow;Giovani Bernard;A.J. Green,00-0031548;00-0033121;00-0030573;00-0035144;00-0033868;00-0027914;00-0036266;00-0031097;00-0034856;00-0034779;00-0029693,Kevin Johnson;B.J. Goodson;Sheldon Richardson;Mack Wilson;Myles Garrett;Andrew Sendejo;Jordan Elliott;Terrance Mitchell;Denzel Ward;Ronnie Harrison;Olivier Vernon
2020_07_CLE_CIN,1257,pass,-8.0,11.0,19.0,40.0,11:54,11:14,,7.0,3.0,3.0,7.0,"4 DL, 2 LB, 5 DB",;;;;;;;;;;,11,5,4,,,,00-0035629;00-0030781;00-0035631;00-0031622;00-0033009;00-0035266;00-0032549;00-0036410;00-0036442;00-0030456;00-0027942,Jonah Williams;Trey Hopkins;Drew Sample;Bobby Hart;Tyler Boyd;Mike Jordan;Alex Redmond;Tee Higgins;Joe Burrow;Giovani Bernard;A.J. Green,00-0027958;00-0031548;00-0033121;00-0030573;00-0033868;00-0035144;00-0027914;00-0031097;00-0034856;00-0034779;00-0029693,Adrian Clayborn;Kevin Johnson;B.J. Goodson;Sheldon Richardson;Myles Garrett;Mack Wilson;Andrew Sendejo;Terrance Mitchell;Denzel Ward;Ronnie Harrison;Olivier Vernon
2020_07_CLE_CIN,1276,field_goal,0.0,19.0,19.0,5.0,11:14,11:09,,10.0,3.0,4.0,15.0,,;;;;;;;;;;,11,,,,,,00-0036310;00-0025630;00-0029421;00-0035629;00-0027103;00-0030781;00-0035631;00-0034762;00-0035266;00-0032549;00-0033798,Hakeem Adeniji;Clark Harris;Randy Bullock;Jonah Williams;Kevin Huber;Trey Hopkins;Drew Sample;Billy Price;Mike Jordan;Alex Redmond;Mason Schreck,00-0033121;00-0033469;00-0035646;00-0030573;00-0033868;00-0035144;00-0027914;00-0034856;00-0034779;00-0029693;00-0034488,B.J. Goodson;Vincent Taylor;Sione Takitaki;Sheldon Richardson;Myles Garrett;Mack Wilson;Andrew Sendejo;Denzel Ward;Ronnie Harrison;Olivier Vernon;Tavierre Thomas
2020_07_CLE_CIN,1295,kickoff,0.0,35.0,35.0,0.0,11:09,11:09,,10.0,3.0,,0.0,,;;;;;;;;;;,11,,,,,,00-0034683;00-0029421;00-0033791;00-0036298;00-0030471;00-0035697;00-0036294;00-0034540;00-0036314;00-0033790;00-0033526,Darius Phillips;Randy Bullock;Brandon Wilson;Akeem Davis-Gaither;Shawn Williams;Germaine Pratt;Logan Wilson;Tony Brown;Markus Bailey;Jordan Evans;Samaje Perine,00-0034500;00-0035039;00-0035646;00-0032977;00-0036232;00-0032956;00-0034977;00-0034253;00-0036233;00-0034355;00-0034488,Tae Davis;Stephen Carlson;Sione Takitaki;Rashard Higgins;Harrison Bryant;Andy Janovich;Sheldrick Redwine;Dontrell Hilliard;Donovan Peoples-Jones;M.J. Stewart;Tavierre Thomas
2020_07_CLE_CIN,1310,pass,28.0,75.0,47.0,43.0,11:09,10:26,,10.0,3.0,1.0,10.0,"4 DL, 2 LB, 5 DB",;;;;;;;;;;,11,6,5,MAN_COVERAGE,COVER_1,True,00-0030076;00-0031382;00-0034855;00-0033057;00-0032977;00-0036232;00-0036267;00-0036233;00-0029963;00-0033923;00-0031426,JC Tretter;Jarvis Landry;Baker Mayfield;Jack Conklin;Rashard Higgins;Harrison Bryant;Jedrick Wills;Donovan Peoples-Jones;Chris Hubbard;Kareem Hunt;Joel Bitonio,00-0034683;00-0031713;00-0030449;00-0035697;00-0032939;00-0034675;00-0032389;00-0032783;00-0029284;00-0028278;00-0036341,Darius Phillips;Xavier Williams;Margus Hunt;Germaine Pratt;Vonn Bell;Jessie Bates;Mackensie Alexander;LeShaun Sims;Mike Daniels;Josh Bynes;Khalid Kareem
2020_07_CLE_CIN,1334,pass,-3.0,47.0,50.0,48.0,10:26,9:38,,10.0,3.0,1.0,10.0,"4 DL, 2 LB, 5 DB",;;;;;;;;;;,11,6,4,ZONE_COVERAGE,COVER_6,False,00-0030076;00-0031382;00-0034855;00-0033057;00-0032977;00-0036232;00-0036267;00-0036233;00-0029963;00-0033923;00-0031426,JC Tretter;Jarvis Landry;Baker Mayfield;Jack Conklin;Rashard Higgins;Harrison Bryant;Jedrick Wills;Donovan Peoples-Jones;Chris Hubbard;Kareem Hunt;Joel Bitonio,00-0034683;00-0031713;00-0030449;00-0035697;00-0032939;00-0034675;00-0032389;00-0032783;00-0029284;00-0028278;00-0036341,Darius Phillips;Xavier Williams;Margus Hunt;Germaine Pratt;Vonn Bell;Jessie Bates;Mackensie Alexander;LeShaun Sims;Mike Daniels;Josh Bynes;Khalid Kareem
2020_07_CLE_CIN,1368,run,15.0,50.0,35.0,46.0,9:38,8:52,,10.0,3.0,2.0,13.0,"4 DL, 2 LB, 5 DB",;;;;;;;;;;,11,6,,,,,00-0030076;00-0031382;00-0034855;00-0033057;00-0032977;00-0036232;00-0036267;00-0029963;00-0036233;00-0033923;00-0031426,JC Tretter;Jarvis Landry;Baker Mayfield;Jack Conklin;Rashard Higgins;Harrison Bryant;Jedrick Wills;Chris Hubbard;Donovan Peoples-Jones;Kareem Hunt;Joel Bitonio,00-0034683;00-0031713;00-0036298;00-0036294;00-0032939;00-0035513;00-0034675;00-0032389;00-0032783;00-0029284;00-0036341,Darius Phillips;Xavier Williams;Akeem Davis-Gaither;Logan Wilson;Vonn Bell;Amani Bledsoe;Jessie Bates;Mackensie Alexander;LeShaun Sims;Mike Daniels;Khalid Kareem
2020_07_CLE_CIN,1395,run,2.0,35.0,33.0,-50.0,8:52,9:42,,10.0,3.0,1.0,10.0,"5 DL, 2 LB, 4 DB",;;;;;;;;;;,11,9,,,,,00-0030076;00-0033885;00-0034855;00-0033057;00-0032977;00-0036232;00-0036267;00-0032956;00-0029963;00-0033923;00-0031426,JC Tretter;David Njoku;Baker Mayfield;Jack Conklin;Rashard Higgins;Harrison Bryant;Jedrick Wills;Andy Janovich;Chris Hubbard;Kareem Hunt;Joel Bitonio,00-0031713;00-0030471;00-0035697;00-0032939;00-0035513;00-0034675;00-0032783;00-0031619;00-0029284;00-0028278;00-0036341,Xavier Williams;Shawn Williams;Germaine Pratt;Vonn Bell;Amani Bledsoe;Jessie Bates;LeShaun Sims;Christian Covington;Mike Daniels;Josh Bynes;Khalid Kareem
2020_07_CLE_CIN,1415,timeout,0.0,50.0,50.0,87.0,9:42,8:15,CLE,10.0,3.0,,0.0,,,0,,,,,,,,,
2020_07_CLE_CIN,1422,run,3.0,33.0,30.0,45.0,8:15,7:30,,10.0,3.0,2.0,8.0,"4 DL, 2 LB, 5 DB",;;;;;;;;;;,11,7,,,,,00-0030076;00-0031382;00-0034855;00-0033057;00-0032977;00-0036232;00-0036267;00-0036233;00-0029963;00-0035628;00-0031426,JC Tretter;Jarvis Landry;Baker Mayfield;Jack Conklin;Rashard Higgins;Harrison Bryant;Jedrick Wills;Donovan Peoples-Jones;Chris Hubbard;D'Ernest Johnson;Joel Bitonio,00-0034683;00-0031713;00-0035697;00-0032939;00-0035513;00-0034675;00-0032389;00-0032783;00-0029284;00-0028278;00-0036341,Darius Phillips;Xavier Williams;Germaine Pratt;Vonn Bell;Amani Bledsoe;Jessie Bates;Mackensie Alexander;LeShaun Sims;Mike Daniels;Josh Bynes;Khalid Kareem
2020_07_CLE_CIN,1444,no_play,0.0,30.0,30.0,16.0,7:30,7:14,,10.0,3.0,3.0,5.0,"4 DL, 2 LB, 5 DB",;;;;;;;;;;,11,,,,,,00-0030076;00-0033885;00-0031382;00-0034855;00-0033057;00-0032977;00-0036232;00-0036267;00-0032956;00-0029963;00-0031426,JC Tretter;David Njoku;Jarvis Landry;Baker Mayfield;Jack Conklin;Rashard Higgins;Harrison Bryant;Jedrick Wills;Andy Janovich;Chris Hubbard;Joel Bitonio,00-0034683;00-0036298;00-0030449;00-0033463;00-0036294;00-0027662;00-0032939;00-0034675;00-0032389;00-0032783;00-0027720,Darius Phillips;Akeem Davis-Gaither;Margus Hunt;Carl Lawson;Logan Wilson;Carlos Dunlap;Vonn Bell;Jessie Bates;Mackensie Alexander;LeShaun Sims;Geno Atkins
2020_07_CLE_CIN,1477,run,-1.0,25.0,26.0,47.0,7:14,6:27,,10.0,3.0,1.0,10.0,"4 DL, 2 LB, 5 DB",;;;;;;;;;;,11,7,,,,,00-0030076;00-0031382;00-0034855;00-0033057;00-0032977;00-0036232;00-0036267;00-0036233;00-0029963;00-0033923;00-0031426,JC Tretter;Jarvis Landry;Baker Mayfield;Jack Conklin;Rashard Higgins;Harrison Bryant;Jedrick Wills;Donovan Peoples-Jones;Chris Hubbard;Kareem Hunt;Joel Bitonio,00-0034683;00-0031713;00-0030449;00-0035697;00-0033463;00-0032939;00-0034675;00-0032389;00-0032783;00-0029284;00-0028278,Darius Phillips;Xavier Williams;Margus Hunt;Germaine Pratt;Carl Lawson;Vonn Bell;Jessie Bates;Mackensie Alexander;LeShaun Sims;Mike Daniels;Josh Bynes
2020_07_CLE_CIN,1498,pass,10.0,26.0,16.0,43.0,6:27,5:44,,10.0,3.0,2.0,11.0,"4 DL, 2 LB, 5 DB",;;;;;;;;;;,11,6,4,MAN_COVERAGE,COVER_1,False,00-0030076;00-0031382;00-0034855;00-0033057;00-0032977;00-0036232;00-0036267;00-0036233;00-0029963;00-0033923;00-0031426,JC Tretter;Jarvis Landry;Baker Mayfield;Jack Conklin;Rashard Higgins;Harrison Bryant;Jedrick Wills;Donovan Peoples-Jones;Chris Hubbard;Kareem Hunt;Joel Bitonio,00-0034683;00-0031713;00-0030449;00-0035697;00-0033463;00-0032939;00-0034675;00-0032389;00-0032783;00-0029284;00-0028278,Darius Phillips;Xavier Williams;Margus Hunt;Germaine Pratt;Carl Lawson;Vonn Bell;Jessie Bates;Mackensie Alexander;LeShaun Sims;Mike Daniels;Josh Bynes
2020_07_CLE_CIN,1522,run,5.0,16.0,11.0,38.0,5:44,5:06,,10.0,3.0,3.0,1.0,"4 DL, 3 LB, 4 DB",;;;;;;;;;;,11,8,,,,,00-0030076;00-0035039;00-0033885;00-0031382;00-0034855;00-0033057;00-0036232;00-0036267;00-0029963;00-0033923;00-0031426,JC Tretter;Stephen Carlson;David Njoku;Jarvis Landry;Baker Mayfield;Jack Conklin;Harrison Bryant;Jedrick Wills;Chris Hubbard;Kareem Hunt;Joel Bitonio,00-0034683;00-0031713;00-0030449;00-0035697;00-0036294;00-0032939;00-0035513;00-0034675;00-0032783;00-0029284;00-0028278,Darius Phillips;Xavier Williams;Margus Hunt;Germaine Pratt;Logan Wilson;Vonn Bell;Amani Bledsoe;Jessie Bates;LeShaun Sims;Mike Daniels;Josh Bynes
2020_07_CLE_CIN,1543,run,-3.0,11.0,14.0,41.0,5:06,4:25,,10.0,3.0,1.0,10.0,"5 DL, 2 LB, 4 DB",;;;;;;;;;;,11,8,,,,,00-0030076;00-0033885;00-0034855;00-0033057;00-0036232;00-0036267;00-0032956;00-0036233;00-0029963;00-0033923;00-0031426,JC Tretter;David Njoku;Baker Mayfield;Jack Conklin;Harrison Bryant;Jedrick Wills;Andy Janovich;Donovan Peoples-Jones;Chris Hubbard;Kareem Hunt;Joel Bitonio,00-0031713;00-0030471;00-0035697;00-0032939;00-0035513;00-0034675;00-0032783;00-0031619;00-0029284;00-0028278;00-0036341,Xavier Williams;Shawn Williams;Germaine Pratt;Vonn Bell;Amani Bledsoe;Jessie Bates;LeShaun Sims;Christian Covington;Mike Daniels;Josh Bynes;Khalid Kareem
2020_07_CLE_CIN,1564,pass,11.0,14.0,3.0,42.0,4:25,3:43,,10.0,3.0,2.0,13.0,"4 DL, 2 LB, 5 DB",;;;;;;;;;;,11,6,4,ZONE_COVERAGE,COVER_3,False,00-0030076;00-0031382;00-0034855;00-0033057;00-0032977;00-0036232;00-0036267;00-0029963;00-0036233;00-0033923;00-0031426,JC Tretter;Jarvis Landry;Baker Mayfield;Jack Conklin;Rashard Higgins;Harrison Bryant;Jedrick Wills;Chris Hubbard;Donovan Peoples-Jones;Kareem Hunt;Joel Bitonio,00-0034683;00-0036298;00-0030449;00-0033463;00-0036294;00-0027662;00-0032939;00-0034675;00-0032389;00-0032783;00-0027720,Darius Phillips;Akeem Davis-Gaither;Margus Hunt;Carl Lawson;Logan Wilson;Carlos Dunlap;Vonn Bell;Jessie Bates;Mackensie Alexander;LeShaun Sims;Geno Atkins
2020_07_CLE_CIN,1588,pass,3.0,3.0,0.0,4.0,3:43,3:39,,10.0,9.0,3.0,2.0,"4 DL, 2 LB, 5 DB",;;;;;;;;;;,11,7,6,MAN_COVERAGE,COVER_1,False,00-0030076;00-0031382;00-0034855;00-0033057;00-0032977;00-0036232;00-0036267;00-0036233;00-0029963;00-0033923;00-0031426,JC Tretter;Jarvis Landry;Baker Mayfield;Jack Conklin;Rashard Higgins;Harrison Bryant;Jedrick Wills;Donovan Peoples-Jones;Chris Hubbard;Kareem Hunt;Joel Bitonio,00-0034683;00-0031713;00-0035697;00-0032939;00-0035513;00-0034675;00-0032389;00-0032783;00-0031619;00-0028278;00-0036341,Darius Phillips;Xavier Williams;Germaine Pratt;Vonn Bell;Amani Bledsoe;Jessie Bates;Mackensie Alexander;LeShaun Sims;Christian Covington;Josh Bynes;Khalid Kareem
2020_07_CLE_CIN,1613,extra_point,0.0,15.0,15.0,0.0,3:39,3:39,,10.0,10.0,,0.0,,;;;;;;;;;;,11,,,,,,00-0035042;00-0035039;00-0034495;00-0030850;00-0031921;00-0036232;00-0036267;00-0029008;00-0036236;00-0029963;00-0031426,Jamie Gillan;Stephen Carlson;Evan Brown;Cody Parkey;Kendall Lamm;Harrison Bryant;Jedrick Wills;Charley Hughlett;Nick Harris;Chris Hubbard;Joel Bitonio,00-0034683;00-0031713;00-0030471;00-0030449;00-0027662;00-0032939;00-0035513;00-0034540;00-0033790;00-0031619;00-0028278,Darius Phillips;Xavier Williams;Shawn Williams;Margus Hunt;Carlos Dunlap;Vonn Bell;Amani Bledsoe;Tony Brown;Jordan Evans;Christian Covington;Josh Bynes
2020_07_CLE_CIN,1629,kickoff,0.0,35.0,35.0,0.0,3:39,3:39,,10.0,10.0,,0.0,,;;;;;;;;;;,11,,,,,,00-0034500;00-0035039;00-0035646;00-0032888;00-0030850;00-0032956;00-0034977;00-0034253;00-0034355;00-0034488;00-0034088,Tae Davis;Stephen Carlson;Sione Takitaki;Karl Joseph;Cody Parkey;Andy Janovich;Sheldrick Redwine;Dontrell Hilliard;M.J. Stewart;Tavierre Thomas;Robert Jackson,00-0036298;00-0033791;00-0035631;00-0030471;00-0035697;00-0036294;00-0033790;00-0033798;00-0033114;00-0033526;00-0036341,Akeem Davis-Gaither;Brandon Wilson;Drew Sample;Shawn Williams;Germaine Pratt;Logan Wilson;Jordan Evans;Mason Schreck;Mike Thomas;Samaje Perine;Khalid Kareem
2020_07_CLE_CIN,1644,run,5.0,75.0,70.0,31.0,3:39,3:08,,10.0,10.0,1.0,10.0,"4 DL, 2 LB, 5 DB",;;;;;;;;;;,11,6,,,,,00-0035631;00-0031622;00-0034762;00-0033009;00-0035266;00-0032549;00-0036410;00-0036442;00-0030456;00-0027942;00-0034951,Drew Sample;Bobby Hart;Billy Price;Tyler Boyd;Mike Jordan;Alex Redmond;Tee Higgins;Joe Burrow;Giovani Bernard;A.J. Green;Fred Johnson,00-0031548;00-0033121;00-0032888;00-0028180;00-0033868;00-0033905;00-0027914;00-0036266;00-0031097;00-0034856;00-0029693,Kevin Johnson;B.J. Goodson;Karl Joseph;Malcolm Smith;Myles Garrett;Larry Ogunjobi;Andrew Sendejo;Jordan Elliott;Terrance Mitchell;Denzel Ward;Olivier Vernon
2020_07_CLE_CIN,1665,pass,7.0,70.0,63.0,36.0,3:08,2:32,,10.0,10.0,2.0,5.0,"4 DL, 2 LB, 5 DB",;;;;;;;;;;,11,7,5,ZONE_COVERAGE,COVER_3,False,00-0035631;00-0031622;00-0034762;00-0033009;00-0035266;00-0032549;00-0036410;00-0036442;00-0030456;00-0027942;00-0034951,Drew Sample;Bobby Hart;Billy Price;Tyler Boyd;Mike Jordan;Alex Redmond;Tee Higgins;Joe Burrow;Giovani Bernard;A.J. Green;Fred Johnson,00-0031548;00-0033121;00-0032888;00-0028180;00-0033868;00-0033905;00-0027914;00-0036266;00-0031097;00-0034856;00-0029693,Kevin Johnson;B.J. Goodson;Karl Joseph;Malcolm Smith;Myles Garrett;Larry Ogunjobi;Andrew Sendejo;Jordan Elliott;Terrance Mitchell;Denzel Ward;Olivier Vernon
2020_07_CLE_CIN,1689,pass,27.0,63.0,36.0,32.0,2:32,2:00,,10.0,10.0,1.0,10.0,"4 DL, 2 LB, 5 DB",;;;;;;;;;;,11,7,4,MAN_COVERAGE,COVER_1,True,00-0035631;00-0031622;00-0034762;00-0033009;00-0035266;00-0032549;00-0036410;00-0036442;00-0030456;00-0027942;00-0034951,Drew Sample;Bobby Hart;Billy Price;Tyler Boyd;Mike Jordan;Alex Redmond;Tee Higgins;Joe Burrow;Giovani Bernard;A.J. Green;Fred Johnson,00-0031548;00-0033121;00-0032888;00-0028180;00-0033868;00-0033905;00-0027914;00-0036266;00-0031097;00-0034856;00-0029693,Kevin Johnson;B.J. Goodson;Karl Joseph;Malcolm Smith;Myles Garrett;Larry Ogunjobi;Andrew Sendejo;Jordan Elliott;Terrance Mitchell;Denzel Ward;Olivier Vernon
2020_07_CLE_CIN,1730,pass,5.0,36.0,31.0,5.0,2:00,1:55,,10.0,10.0,1.0,10.0,"4 DL, 2 LB, 5 DB",;;;;;;;;;;,11,6,4,ZONE_COVERAGE,COVER_4,False,00-0035631;00-0031622;00-0034762;00-0033009;00-0035266;00-0032549;00-0036410;00-0036442;00-0030456;00-0027942;00-0034951,Drew Sample;Bobby Hart;Billy Price;Tyler Boyd;Mike Jordan;Alex Redmond;Tee Higgins;Joe Burrow;Giovani Bernard;A.J. Green;Fred Johnson,00-0031548;00-0033121;00-0032888;00-0028180;00-0030573;00-0033868;00-0033905;00-0027914;00-0031097;00-0034856;00-0029693,Kevin Johnson;B.J. Goodson;Karl Joseph;Malcolm Smith;Sheldon Richardson;Myles Garrett;Larry Ogunjobi;Andrew Sendejo;Terrance Mitchell;Denzel Ward;Olivier Vernon
2020_07_CLE_CIN,1759,pass,10.0,31.0,21.0,8.0,1:55,1:47,,10.0,10.0,2.0,5.0,"4 DL, 2 LB, 5 DB",;;;;;;;;;;,11,7,5,ZONE_COVERAGE,COVER_3,False,00-0035631;00-0031622;00-0034762;00-0033009;00-0035266;00-0032549;00-0036410;00-0036442;00-0030456;00-0027942;00-0034951,Drew Sample;Bobby Hart;Billy Price;Tyler Boyd;Mike Jordan;Alex Redmond;Tee Higgins;Joe Burrow;Giovani Bernard;A.J. Green;Fred Johnson,00-0031548;00-0033121;00-0032888;00-0028180;00-0030573;00-0033868;00-0033905;00-0027914;00-0031097;00-0034856;00-0029693,Kevin Johnson;B.J. Goodson;Karl Joseph;Malcolm Smith;Sheldon Richardson;Myles Garrett;Larry Ogunjobi;Andrew Sendejo;Terrance Mitchell;Denzel Ward;Olivier Vernon
2020_07_CLE_CIN,1799,pass,13.0,31.0,18.0,34.0,1:47,1:13,,10.0,10.0,2.0,5.0,"4 DL, 2 LB, 5 DB",;;;;;;;;;;,11,6,4,ZONE_COVERAGE,COVER_4,False,00-0035631;00-0031622;00-0034762;00-0033009;00-0035266;00-0032549;00-0036410;00-0036442;00-0027942;00-0033526;00-0034951,Drew Sample;Bobby Hart;Billy Price;Tyler Boyd;Mike Jordan;Alex Redmond;Tee Higgins;Joe Burrow;A.J. Green;Samaje Perine;Fred Johnson,00-0027958;00-0031548;00-0033121;00-0030573;00-0032888;00-0028180;00-0033868;00-0027914;00-0031097;00-0034856;00-0029693,Adrian Clayborn;Kevin Johnson;B.J. Goodson;Sheldon Richardson;Karl Joseph;Malcolm Smith;Myles Garrett;Andrew Sendejo;Terrance Mitchell;Denzel Ward;Olivier Vernon
2020_07_CLE_CIN,1823,pass,9.0,18.0,9.0,34.0,1:13,0:39,,10.0,10.0,1.0,10.0,"4 DL, 2 LB, 5 DB",;;;;;;;;;;,11,6,4,ZONE_COVERAGE,COVER_3,False,00-0035631;00-0031622;00-0034762;00-0033009;00-0035266;00-0032549;00-0036410;00-0036442;00-0027942;00-0033526;00-0034951,Drew Sample;Bobby Hart;Billy Price;Tyler Boyd;Mike Jordan;Alex Redmond;Tee Higgins;Joe Burrow;A.J. Green;Samaje Perine;Fred Johnson,00-0027958;00-0031548;00-0033121;00-0030573;00-0032888;00-0028180;00-0033868;00-0027914;00-0031097;00-0034856;00-0029693,Adrian Clayborn;Kevin Johnson;B.J. Goodson;Sheldon Richardson;Karl Joseph;Malcolm Smith;Myles Garrett;Andrew Sendejo;Terrance Mitchell;Denzel Ward;Olivier Vernon
2020_07_CLE_CIN,1847,timeout,0.0,,,0.0,0:39,0:39,CIN,10.0,10.0,,0.0,,,0,,,,,,,,,
2020_07_CLE_CIN,1864,run,3.0,9.0,6.0,10.0,0:39,0:29,,10.0,10.0,2.0,1.0,"4 DL, 2 LB, 5 DB",;;;;;;;;;;,11,7,,,,,00-0035631;00-0031622;00-0033009;00-0034762;00-0035266;00-0032549;00-0036442;00-0027942;00-0033526;00-0034686;00-0034951,Drew Sample;Bobby Hart;Tyler Boyd;Billy Price;Mike Jordan;Alex Redmond;Joe Burrow;A.J. Green;Samaje Perine;Auden Tate;Fred Johnson,00-0031548;00-0033121;00-0032888;00-0028180;00-0030573;00-0033868;00-0033905;00-0027914;00-0031097;00-0034856;00-0029693,Kevin Johnson;B.J. Goodson;Karl Joseph;Malcolm Smith;Sheldon Richardson;Myles Garrett;Larry Ogunjobi;Andrew Sendejo;Terrance Mitchell;Denzel Ward;Olivier Vernon
2020_07_CLE_CIN,1885,timeout,0.0,,,0.0,0:29,0:29,CIN,10.0,10.0,,0.0,,,0,,,,,,,,,
2020_07_CLE_CIN,1902,pass,-5.0,6.0,11.0,7.0,0:29,0:22,,10.0,10.0,1.0,6.0,"4 DL, 2 LB, 5 DB",;;;;;;;;;;,11,7,4,,,,00-0035631;00-0031622;00-0034762;00-0033009;00-0035266;00-0032549;00-0036410;00-0036442;00-0030456;00-0027942;00-0034951,Drew Sample;Bobby Hart;Billy Price;Tyler Boyd;Mike Jordan;Alex Redmond;Tee Higgins;Joe Burrow;Giovani Bernard;A.J. Green;Fred Johnson,00-0031548;00-0033121;00-0032888;00-0028180;00-0030573;00-0033868;00-0033905;00-0027914;00-0031097;00-0034856;00-0029693,Kevin Johnson;B.J. Goodson;Karl Joseph;Malcolm Smith;Sheldon Richardson;Myles Garrett;Larry Ogunjobi;Andrew Sendejo;Terrance Mitchell;Denzel Ward;Olivier Vernon
2020_07_CLE_CIN,1921,timeout,0.0,,,0.0,0:22,0:22,CIN,10.0,10.0,,0.0,,,0,,,,,,,,,
2020_07_CLE_CIN,1938,pass,11.0,11.0,0.0,7.0,0:22,0:15,,16.0,10.0,2.0,11.0,"4 DL, 2 LB, 5 DB",;;;;;;;;;;,11,6,4,ZONE_COVERAGE,COVER_6,False,00-0035631;00-0031622;00-0034762;00-0033009;00-0035266;00-0032549;00-0036410;00-0036442;00-0030456;00-0027942;00-0034951,Drew Sample;Bobby Hart;Billy Price;Tyler Boyd;Mike Jordan;Alex Redmond;Tee Higgins;Joe Burrow;Giovani Bernard;A.J. Green;Fred Johnson,00-0031548;00-0033121;00-0032888;00-0028180;00-0030573;00-0033868;00-0033905;00-0027914;00-0031097;00-0034856;00-0029693,Kevin Johnson;B.J. Goodson;Karl Joseph;Malcolm Smith;Sheldon Richardson;Myles Garrett;Larry Ogunjobi;Andrew Sendejo;Terrance Mitchell;Denzel Ward;Olivier Vernon
2020_07_CLE_CIN,1968,extra_point,0.0,15.0,15.0,0.0,0:15,0:15,,17.0,10.0,,0.0,,;;;;;;;;;;,11,,,,,,00-0036310;00-0025630;00-0029421;00-0027103;00-0035631;00-0031622;00-0034762;00-0035266;00-0032549;00-0033798;00-0034951,Hakeem Adeniji;Clark Harris;Randy Bullock;Kevin Huber;Drew Sample;Bobby Hart;Billy Price;Mike Jordan;Alex Redmond;Mason Schreck;Fred Johnson,00-0033121;00-0035646;00-0030573;00-0032888;00-0028180;00-0033868;00-0033905;00-0027914;00-0034856;00-0029693;00-0034488,B.J. Goodson;Sione Takitaki;Sheldon Richardson;Karl Joseph;Malcolm Smith;Myles Garrett;Larry Ogunjobi;Andrew Sendejo;Denzel Ward;Olivier Vernon;Tavierre Thomas
2020_07_CLE_CIN,1984,kickoff,0.0,35.0,35.0,0.0,0:15,0:15,,17.0,10.0,,0.0,,;;;;;;;;;;,11,,,,,,00-0034683;00-0029421;00-0033791;00-0036298;00-0030471;00-0035697;00-0036294;00-0034540;00-0036314;00-0033790;00-0033526,Darius Phillips;Randy Bullock;Brandon Wilson;Akeem Davis-Gaither;Shawn Williams;Germaine Pratt;Logan Wilson;Tony Brown;Markus Bailey;Jordan Evans;Samaje Perine,00-0034500;00-0035039;00-0035646;00-0032977;00-0036232;00-0032956;00-0034977;00-0034253;00-0036233;00-0034355;00-0034488,Tae Davis;Stephen Carlson;Sione Takitaki;Rashard Higgins;Harrison Bryant;Andy Janovich;Sheldrick Redwine;Dontrell Hilliard;Donovan Peoples-Jones;M.J. Stewart;Tavierre Thomas
2020_07_CLE_CIN,1999,qb_kneel,-1.0,75.0,76.0,15.0,0:15,0:00,,17.0,10.0,1.0,10.0,"4 DL, 2 LB, 5 DB",;;;;;;;;;;,11,6,,,,,00-0030076;00-0033885;00-0034855;00-0033057;00-0036232;00-0036267;00-0032956;00-0036233;00-0029963;00-0035628;00-0031426,JC Tretter;David Njoku;Baker Mayfield;Jack Conklin;Harrison Bryant;Jedrick Wills;Andy Janovich;Donovan Peoples-Jones;Chris Hubbard;D'Ernest Johnson;Joel Bitonio,00-0034683;00-0031713;00-0030449;00-0035697;00-0033463;00-0032939;00-0034675;00-0032389;00-0032783;00-0029284;00-0028278,Darius Phillips;Xavier Williams;Margus Hunt;Germaine Pratt;Carl Lawson;Vonn Bell;Jessie Bates;Mackensie Alexander;LeShaun Sims;Mike Daniels;Josh Bynes
2020_07_CLE_CIN,2020,start_quarter_3,,,,0.0,0:00,0:00,,17.0,10.0,,0.0,,,0,,,,,,,,,
2020_07_CLE_CIN,2039,kickoff,0.0,35.0,35.0,0.0,15:00,15:00,,17.0,10.0,,0.0,,;;;;;;;;;;,11,,,,,,00-0034683;00-0029421;00-0033791;00-0036298;00-0030471;00-0035697;00-0036294;00-0034540;00-0036314;00-0033790;00-0033526,Darius Phillips;Randy Bullock;Brandon Wilson;Akeem Davis-Gaither;Shawn Williams;Germaine Pratt;Logan Wilson;Tony Brown;Markus Bailey;Jordan Evans;Samaje Perine,00-0034500;00-0035039;00-0035646;00-0032977;00-0036232;00-0032956;00-0034977;00-0034253;00-0036233;00-0034355;00-0034488,Tae Davis;Stephen Carlson;Sione Takitaki;Rashard Higgins;Harrison Bryant;Andy Janovich;Sheldrick Redwine;Dontrell Hilliard;Donovan Peoples-Jones;M.J. Stewart;Tavierre Thomas
2020_07_CLE_CIN,2054,pass,35.0,75.0,40.0,35.0,15:00,14:25,,17.0,10.0,1.0,10.0,"4 DL, 3 LB, 4 DB",;;;;;;;;;;,11,7,4,ZONE_COVERAGE,COVER_4,False,00-0030076;00-0035039;00-0033885;00-0034855;00-0033057;00-0032977;00-0036232;00-0036267;00-0029963;00-0033923;00-0031426,JC Tretter;Stephen Carlson;David Njoku;Baker Mayfield;Jack Conklin;Rashard Higgins;Harrison Bryant;Jedrick Wills;Chris Hubbard;Kareem Hunt;Joel Bitonio,00-0034683;00-0035697;00-0033463;00-0036294;00-0032939;00-0035513;00-0034675;00-0032783;00-0029284;00-0031619;00-0028278,Darius Phillips;Germaine Pratt;Carl Lawson;Logan Wilson;Vonn Bell;Amani Bledsoe;Jessie Bates;LeShaun Sims;Mike Daniels;Christian Covington;Josh Bynes
2020_07_CLE_CIN,2078,run,3.0,40.0,37.0,33.0,14:25,13:52,,17.0,10.0,1.0,10.0,"4 DL, 3 LB, 4 DB",;;;;;;;;;;,11,7,,,,,00-0030076;00-0035039;00-0033885;00-0034855;00-0033057;00-0032977;00-0036232;00-0036267;00-0029963;00-0033923;00-0031426,JC Tretter;Stephen Carlson;David Njoku;Baker Mayfield;Jack Conklin;Rashard Higgins;Harrison Bryant;Jedrick Wills;Chris Hubbard;Kareem Hunt;Joel Bitonio,00-0034683;00-0035697;00-0033463;00-0036294;00-0032939;00-0035513;00-0034675;00-0032783;00-0031619;00-0029284;00-0028278,Darius Phillips;Germaine Pratt;Carl Lawson;Logan Wilson;Vonn Bell;Amani Bledsoe;Jessie Bates;LeShaun Sims;Christian Covington;Mike Daniels;Josh Bynes
2020_07_CLE_CIN,2099,pass,8.0,37.0,29.0,44.0,13:52,13:08,,17.0,10.0,2.0,7.0,"5 DL, 2 LB, 4 DB",;;;;;;;;;;,11,8,5,ZONE_COVERAGE,COVER_3,True,00-0030076;00-0033885;00-0031382;00-0034855;00-0033057;00-0032977;00-0036267;00-0032956;00-0029963;00-0033923;00-0031426,JC Tretter;David Njoku;Jarvis Landry;Baker Mayfield;Jack Conklin;Rashard Higgins;Jedrick Wills;Andy Janovich;Chris Hubbard;Kareem Hunt;Joel Bitonio,00-0034683;00-0031713;00-0035697;00-0033463;00-0032939;00-0035513;00-0034675;00-0032783;00-0031619;00-0029284;00-0028278,Darius Phillips;Xavier Williams;Germaine Pratt;Carl Lawson;Vonn Bell;Amani Bledsoe;Jessie Bates;LeShaun Sims;Christian Covington;Mike Daniels;Josh Bynes
2020_07_CLE_CIN,2123,pass,4.0,29.0,25.0,40.0,13:08,12:28,,17.0,10.0,1.0,10.0,"4 DL, 3 LB, 4 DB",;;;;;;;;;;,11,7,4,ZONE_COVERAGE,COVER_4,False,00-0030076;00-0035039;00-0033885;00-0034855;00-0033057;00-0032977;00-0036232;00-0036267;00-0029963;00-0033923;00-0031426,JC Tretter;Stephen Carlson;David Njoku;Baker Mayfield;Jack Conklin;Rashard Higgins;Harrison Bryant;Jedrick Wills;Chris Hubbard;Kareem Hunt;Joel Bitonio,00-0034683;00-0035697;00-0036294;00-0032939;00-0035513;00-0034675;00-0032783;00-0031619;00-0029284;00-0028278;00-0036341,Darius Phillips;Germaine Pratt;Logan Wilson;Vonn Bell;Amani Bledsoe;Jessie Bates;LeShaun Sims;Christian Covington;Mike Daniels;Josh Bynes;Khalid Kareem
2020_07_CLE_CIN,2147,run,0.0,25.0,25.0,43.0,12:28,11:45,,17.0,10.0,2.0,6.0,"4 DL, 2 LB, 5 DB",;;;;;;;;;;,11,7,,,,,00-0030076;00-0033885;00-0031382;00-0034855;00-0033057;00-0032977;00-0036267;00-0036233;00-0029963;00-0033923;00-0031426,JC Tretter;David Njoku;Jarvis Landry;Baker Mayfield;Jack Conklin;Rashard Higgins;Jedrick Wills;Donovan Peoples-Jones;Chris Hubbard;Kareem Hunt;Joel Bitonio,00-0034683;00-0030449;00-0035697;00-0032939;00-0034675;00-0032389;00-0032783;00-0031619;00-0029284;00-0028278;00-0036341,Darius Phillips;Margus Hunt;Germaine Pratt;Vonn Bell;Jessie Bates;Mackensie Alexander;LeShaun Sims;Christian Covington;Mike Daniels;Josh Bynes;Khalid Kareem
2020_07_CLE_CIN,2168,pass,12.0,25.0,13.0,41.0,11:45,11:04,,17.0,10.0,3.0,6.0,"3 DL, 2 LB, 6 DB",;;;;;;;;;;,11,6,6,MAN_COVERAGE,COVER_1,False,00-0030076;00-0033885;00-0031382;00-0034855;00-0033057;00-0032977;00-0036232;00-0036267;00-0029963;00-0033923;00-0031426,JC Tretter;David Njoku;Jarvis Landry;Baker Mayfield;Jack Conklin;Rashard Higgins;Harrison Bryant;Jedrick Wills;Chris Hubbard;Kareem Hunt;Joel Bitonio,00-0034683;00-0036298;00-0030471;00-0033463;00-0036294;00-0027662;00-0032939;00-0034675;00-0032389;00-0032783;00-0027720,Darius Phillips;Akeem Davis-Gaither;Shawn Williams;Carl Lawson;Logan Wilson;Carlos Dunlap;Vonn Bell;Jessie Bates;Mackensie Alexander;LeShaun Sims;Geno Atkins
2020_07_CLE_CIN,2192,run,5.0,13.0,8.0,46.0,11:04,10:18,,17.0,10.0,1.0,10.0,"4 DL, 3 LB, 4 DB",;;;;;;;;;;,11,8,,,,,00-0030076;00-0035039;00-0033885;00-0034855;00-0033057;00-0032977;00-0036232;00-0036267;00-0029963;00-0033923;00-0031426,JC Tretter;Stephen Carlson;David Njoku;Baker Mayfield;Jack Conklin;Rashard Higgins;Harrison Bryant;Jedrick Wills;Chris Hubbard;Kareem Hunt;Joel Bitonio,00-0034683;00-0031713;00-0035697;00-0033463;00-0036294;00-0032939;00-0035513;00-0034675;00-0032783;00-0031619;00-0028278,Darius Phillips;Xavier Williams;Germaine Pratt;Carl Lawson;Logan Wilson;Vonn Bell;Amani Bledsoe;Jessie Bates;LeShaun Sims;Christian Covington;Josh Bynes
2020_07_CLE_CIN,2213,run,2.0,8.0,6.0,43.0,10:18,9:35,,17.0,10.0,2.0,5.0,"4 DL, 2 LB, 5 DB",;;;;;;;;;;,11,7,,,,,00-0030076;00-0033885;00-0031382;00-0034855;00-0033057;00-0032977;00-0036267;00-0036233;00-0029963;00-0033923;00-0031426,JC Tretter;David Njoku;Jarvis Landry;Baker Mayfield;Jack Conklin;Rashard Higgins;Jedrick Wills;Donovan Peoples-Jones;Chris Hubbard;Kareem Hunt;Joel Bitonio,00-0034683;00-0031713;00-0035697;00-0033463;00-0032939;00-0035513;00-0034675;00-0032389;00-0032783;00-0031619;00-0028278,Darius Phillips;Xavier Williams;Germaine Pratt;Carl Lawson;Vonn Bell;Amani Bledsoe;Jessie Bates;Mackensie Alexander;LeShaun Sims;Christian Covington;Josh Bynes
2020_07_CLE_CIN,2234,pass,6.0,6.0,0.0,3.0,9:35,9:32,,17.0,16.0,3.0,3.0,"4 DL, 2 LB, 5 DB",;;;;;;;;;;,11,6,4,MAN_COVERAGE,COVER_1,False,00-0030076;00-0031382;00-0034855;00-0033057;00-0032977;00-0036232;00-0036267;00-0036233;00-0029963;00-0033923;00-0031426,JC Tretter;Jarvis Landry;Baker Mayfield;Jack Conklin;Rashard Higgins;Harrison Bryant;Jedrick Wills;Donovan Peoples-Jones;Chris Hubbard;Kareem Hunt;Joel Bitonio,00-0034683;00-0036298;00-0030449;00-0033463;00-0027662;00-0036294;00-0032939;00-0034675;00-0032389;00-0032783;00-0027720,Darius Phillips;Akeem Davis-Gaither;Margus Hunt;Carl Lawson;Carlos Dunlap;Logan Wilson;Vonn Bell;Jessie Bates;Mackensie Alexander;LeShaun Sims;Geno Atkins
2020_07_CLE_CIN,2259,extra_point,0.0,15.0,15.0,0.0,9:32,9:32,,17.0,17.0,,0.0,,;;;;;;;;;;,11,,,,,,00-0035042;00-0035039;00-0034495;00-0030850;00-0031921;00-0036232;00-0036267;00-0029008;00-0036236;00-0029963;00-0031426,Jamie Gillan;Stephen Carlson;Evan Brown;Cody Parkey;Kendall Lamm;Harrison Bryant;Jedrick Wills;Charley Hughlett;Nick Harris;Chris Hubbard;Joel Bitonio,00-0034683;00-0031713;00-0030471;00-0030449;00-0027662;00-0035513;00-0032939;00-0034540;00-0033790;00-0031619;00-0028278,Darius Phillips;Xavier Williams;Shawn Williams;Margus Hunt;Carlos Dunlap;Amani Bledsoe;Vonn Bell;Tony Brown;Jordan Evans;Christian Covington;Josh Bynes
2020_07_CLE_CIN,2275,kickoff,0.0,35.0,35.0,0.0,9:32,9:32,,17.0,17.0,,0.0,,;;;;;;;;;;,11,,,,,,00-0034500;00-0035039;00-0036118;00-0035646;00-0030850;00-0032956;00-0034977;00-0034253;00-0034355;00-0034488;00-0034088,Tae Davis;Stephen Carlson;Jovante Moffatt;Sione Takitaki;Cody Parkey;Andy Janovich;Sheldrick Redwine;Dontrell Hilliard;M.J. Stewart;Tavierre Thomas;Robert Jackson,00-0033791;00-0036298;00-0035631;00-0030471;00-0035697;00-0036294;00-0033790;00-0033798;00-0033114;00-0033526;00-0036341,Brandon Wilson;Akeem Davis-Gaither;Drew Sample;Shawn Williams;Germaine Pratt;Logan Wilson;Jordan Evans;Mason Schreck;Mike Thomas;Samaje Perine;Khalid Kareem
2020_07_CLE_CIN,2290,run,5.0,75.0,70.0,37.0,9:32,8:55,,17.0,17.0,1.0,10.0,"4 DL, 2 LB, 5 DB",;;;;;;;;;;,11,6,,,,,00-0035631;00-0031622;00-0034762;00-0033009;00-0035266;00-0032549;00-0036410;00-0036442;00-0030456;00-0027942;00-0034951,Drew Sample;Bobby Hart;Billy Price;Tyler Boyd;Mike Jordan;Alex Redmond;Tee Higgins;Joe Burrow;Giovani Bernard;A.J. Green;Fred Johnson,00-0031548;00-0033121;00-0028180;00-0030573;00-0033868;00-0033905;00-0027914;00-0031097;00-0034856;00-0034779;00-0029693,Kevin Johnson;B.J. Goodson;Malcolm Smith;Sheldon Richardson;Myles Garrett;Larry Ogunjobi;Andrew Sendejo;Terrance Mitchell;Denzel Ward;Ronnie Harrison;Olivier Vernon
2020_07_CLE_CIN,2331,pass,16.0,70.0,54.0,29.0,8:55,8:26,,17.0,17.0,2.0,5.0,"4 DL, 2 LB, 5 DB",;;;;;;;;;;,11,6,4,ZONE_COVERAGE,COVER_3,False,00-0035631;00-0031622;00-0034762;00-0033009;00-0035266;00-0032549;00-0036410;00-0036442;00-0030456;00-0027942;00-0034951,Drew Sample;Bobby Hart;Billy Price;Tyler Boyd;Mike Jordan;Alex Redmond;Tee Higgins;Joe Burrow;Giovani Bernard;A.J. Green;Fred Johnson,00-0031548;00-0033121;00-0028180;00-0030573;00-0033868;00-0033905;00-0027914;00-0031097;00-0034856;00-0034779;00-0029693,Kevin Johnson;B.J. Goodson;Malcolm Smith;Sheldon Richardson;Myles Garrett;Larry Ogunjobi;Andrew Sendejo;Terrance Mitchell;Denzel Ward;Ronnie Harrison;Olivier Vernon
2020_07_CLE_CIN,2360,pass,6.0,54.0,48.0,39.0,8:26,7:47,,17.0,17.0,1.0,10.0,"4 DL, 2 LB, 5 DB",;;;;;;;;;;,11,6,4,ZONE_COVERAGE,COVER_3,False,00-0035631;00-0031622;00-0034762;00-0033009;00-0035266;00-0032549;00-0036410;00-0036442;00-0027942;00-0033526;00-0034951,Drew Sample;Bobby Hart;Billy Price;Tyler Boyd;Mike Jordan;Alex Redmond;Tee Higgins;Joe Burrow;A.J. Green;Samaje Perine;Fred Johnson,00-0031548;00-0033121;00-0028180;00-0030573;00-0033868;00-0033905;00-0027914;00-0031097;00-0034856;00-0034779;00-0029693,Kevin Johnson;B.J. Goodson;Malcolm Smith;Sheldon Richardson;Myles Garrett;Larry Ogunjobi;Andrew Sendejo;Terrance Mitchell;Denzel Ward;Ronnie Harrison;Olivier Vernon
2020_07_CLE_CIN,2384,no_play,0.0,48.0,48.0,3.0,7:47,7:44,,17.0,17.0,2.0,4.0,"4 DL, 2 LB, 5 DB",;;;;;;;;;;,11,6,,,,,00-0035631;00-0031622;00-0034762;00-0033009;00-0035266;00-0032549;00-0036410;00-0036442;00-0033114;00-0030456;00-0034951,Drew Sample;Bobby Hart;Billy Price;Tyler Boyd;Mike Jordan;Alex Redmond;Tee Higgins;Joe Burrow;Mike Thomas;Giovani Bernard;Fred Johnson,00-0031548;00-0033121;00-0028180;00-0030573;00-0033868;00-0033905;00-0027914;00-0031097;00-0034856;00-0034779;00-0029693,Kevin Johnson;B.J. Goodson;Malcolm Smith;Sheldon Richardson;Myles Garrett;Larry Ogunjobi;Andrew Sendejo;Terrance Mitchell;Denzel Ward;Ronnie Harrison;Olivier Vernon
2020_07_CLE_CIN,2417,no_play,0.0,58.0,58.0,2.0,7:44,7:42,,17.0,17.0,2.0,14.0,"4 DL, 3 LB, 4 DB",;;;;;;;;;;,11,,,,,,00-0035631;00-0031622;00-0033009;00-0034762;00-0035266;00-0032549;00-0036442;00-0033798;00-0030456;00-0027942;00-0034951,Drew Sample;Bobby Hart;Tyler Boyd;Billy Price;Mike Jordan;Alex Redmond;Joe Burrow;Mason Schreck;Giovani Bernard;A.J. Green;Fred Johnson,00-0027958;00-0033121;00-0035646;00-0030573;00-0033868;00-0035144;00-0027914;00-0034856;00-0031097;00-0034779;00-0029693,Adrian Clayborn;B.J. Goodson;Sione Takitaki;Sheldon Richardson;Myles Garrett;Mack Wilson;Andrew Sendejo;Denzel Ward;Terrance Mitchell;Ronnie Harrison;Olivier Vernon
2020_07_CLE_CIN,2440,pass,10.0,53.0,43.0,35.0,7:42,7:07,,17.0,17.0,2.0,9.0,"4 DL, 3 LB, 4 DB",;;;;;;;;;;,11,6,4,ZONE_COVERAGE,COVER_4,False,00-0035631;00-0031622;00-0034762;00-0033009;00-0035266;00-0032549;00-0036442;00-0033798;00-0030456;00-0027942;00-0034951,Drew Sample;Bobby Hart;Billy Price;Tyler Boyd;Mike Jordan;Alex Redmond;Joe Burrow;Mason Schreck;Giovani Bernard;A.J. Green;Fred Johnson,00-0027958;00-0033121;00-0035646;00-0030573;00-0033868;00-0035144;00-0027914;00-0031097;00-0034856;00-0034779;00-0029693,Adrian Clayborn;B.J. Goodson;Sione Takitaki;Sheldon Richardson;Myles Garrett;Mack Wilson;Andrew Sendejo;Terrance Mitchell;Denzel Ward;Ronnie Harrison;Olivier Vernon
2020_07_CLE_CIN,2464,run,6.0,43.0,37.0,41.0,7:07,6:26,,17.0,17.0,1.0,10.0,"4 DL, 2 LB, 5 DB",;;;;;;;;;;,11,6,,,,,00-0035631;00-0031622;00-0034762;00-0035266;00-0032549;00-0036410;00-0036442;00-0033114;00-0030456;00-0027942;00-0034951,Drew Sample;Bobby Hart;Billy Price;Mike Jordan;Alex Redmond;Tee Higgins;Joe Burrow;Mike Thomas;Giovani Bernard;A.J. Green;Fred Johnson,00-0031548;00-0033121;00-0028180;00-0030573;00-0033868;00-0033905;00-0027914;00-0031097;00-0034856;00-0034779;00-0029693,Kevin Johnson;B.J. Goodson;Malcolm Smith;Sheldon Richardson;Myles Garrett;Larry Ogunjobi;Andrew Sendejo;Terrance Mitchell;Denzel Ward;Ronnie Harrison;Olivier Vernon
2020_07_CLE_CIN,2490,pass,16.0,37.0,21.0,49.0,6:26,5:37,,17.0,17.0,2.0,4.0,"4 DL, 2 LB, 5 DB",;;;;;;;;;;,11,6,4,MAN_COVERAGE,COVER_1,False,00-0035631;00-0031622;00-0034762;00-0033009;00-0035266;00-0032549;00-0036410;00-0036442;00-0030456;00-0027942;00-0034951,Drew Sample;Bobby Hart;Billy Price;Tyler Boyd;Mike Jordan;Alex Redmond;Tee Higgins;Joe Burrow;Giovani Bernard;A.J. Green;Fred Johnson,00-0031548;00-0033121;00-0028180;00-0030573;00-0033868;00-0033905;00-0027914;00-0031097;00-0034856;00-0034779;00-0029693,Kevin Johnson;B.J. Goodson;Malcolm Smith;Sheldon Richardson;Myles Garrett;Larry Ogunjobi;Andrew Sendejo;Terrance Mitchell;Denzel Ward;Ronnie Harrison;Olivier Vernon
2020_07_CLE_CIN,2526,run,7.0,21.0,14.0,35.0,5:37,5:02,,17.0,17.0,1.0,10.0,"4 DL, 2 LB, 5 DB",;;;;;;;;;;,11,6,,,,,00-0035631;00-0031622;00-0034762;00-0033009;00-0035266;00-0032549;00-0036410;00-0036442;00-0033114;00-0030456;00-0034951,Drew Sample;Bobby Hart;Billy Price;Tyler Boyd;Mike Jordan;Alex Redmond;Tee Higgins;Joe Burrow;Mike Thomas;Giovani Bernard;Fred Johnson,00-0027958;00-0031548;00-0033121;00-0033469;00-0028180;00-0033868;00-0027914;00-0036266;00-0034856;00-0031097;00-0034779,Adrian Clayborn;Kevin Johnson;B.J. Goodson;Vincent Taylor;Malcolm Smith;Myles Garrett;Andrew Sendejo;Jordan Elliott;Denzel Ward;Terrance Mitchell;Ronnie Harrison
2020_07_CLE_CIN,2547,run,4.0,14.0,10.0,46.0,5:02,4:16,,17.0,17.0,2.0,3.0,"4 DL, 3 LB, 4 DB",;;;;;;;;;;,11,6,,,,,00-0035631;00-0031622;00-0034762;00-0035266;00-0032549;00-0036442;00-0033798;00-0033114;00-0030456;00-0027942;00-0034951,Drew Sample;Bobby Hart;Billy Price;Mike Jordan;Alex Redmond;Joe Burrow;Mason Schreck;Mike Thomas;Giovani Bernard;A.J. Green;Fred Johnson,00-0027958;00-0033121;00-0033469;00-0035646;00-0033868;00-0035144;00-0027914;00-0036266;00-0034856;00-0031097;00-0034779,Adrian Clayborn;B.J. Goodson;Vincent Taylor;Sione Takitaki;Myles Garrett;Mack Wilson;Andrew Sendejo;Jordan Elliott;Denzel Ward;Terrance Mitchell;Ronnie Harrison
2020_07_CLE_CIN,2569,run,1.0,10.0,9.0,42.0,4:16,3:34,,17.0,17.0,1.0,10.0,"4 DL, 3 LB, 4 DB",;;;;;;;;;;,11,7,,,,,00-0035631;00-0031622;00-0034762;00-0035266;00-0032549;00-0036442;00-0033798;00-0033114;00-0030456;00-0027942;00-0034951,Drew Sample;Bobby Hart;Billy Price;Mike Jordan;Alex Redmond;Joe Burrow;Mason Schreck;Mike Thomas;Giovani Bernard;A.J. Green;Fred Johnson,00-0027958;00-0033121;00-0035646;00-0033469;00-0035144;00-0033868;00-0027914;00-0036266;00-0034856;00-0031097;00-0034779,Adrian Clayborn;B.J. Goodson;Sione Takitaki;Vincent Taylor;Mack Wilson;Myles Garrett;Andrew Sendejo;Jordan Elliott;Denzel Ward;Terrance Mitchell;Ronnie Harrison
2020_07_CLE_CIN,2590,pass,5.0,9.0,4.0,35.0,3:34,2:59,,17.0,17.0,2.0,9.0,"4 DL, 2 LB, 5 DB",;;;;;;;;;;,11,6,4,ZONE_COVERAGE,COVER_3,False,00-0035631;00-0031622;00-0034762;00-0033009;00-0035266;00-0032549;00-0036410;00-0036442;00-0027942;00-0033526;00-0034951,Drew Sample;Bobby Hart;Billy Price;Tyler Boyd;Mike Jordan;Alex Redmond;Tee Higgins;Joe Burrow;A.J. Green;Samaje Perine;Fred Johnson,00-0027958;00-0031548;00-0033121;00-0033469;00-0028180;00-0033868;00-0027914;00-0036266;00-0034856;00-0031097;00-0034779,Adrian Clayborn;Kevin Johnson;B.J. Goodson;Vincent Taylor;Malcolm Smith;Myles Garrett;Andrew Sendejo;Jordan Elliott;Denzel Ward;Terrance Mitchell;Ronnie Harrison
2020_07_CLE_CIN,2614,pass,0.0,4.0,4.0,7.0,2:59,2:52,,17.0,17.0,3.0,4.0,"4 DL, 2 LB, 5 DB",;;;;;;;;;;,11,6,5,MAN_COVERAGE,COVER_1,True,00-0035631;00-0031622;00-0034762;00-0033009;00-0035266;00-0032549;00-0036410;00-0036442;00-0030456;00-0027942;00-0034951,Drew Sample;Bobby Hart;Billy Price;Tyler Boyd;Mike Jordan;Alex Redmond;Tee Higgins;Joe Burrow;Giovani Bernard;A.J. Green;Fred Johnson,00-0027958;00-0031548;00-0033121;00-0030573;00-0028180;00-0033868;00-0027914;00-0034856;00-0031097;00-0034779;00-0029693,Adrian Clayborn;Kevin Johnson;B.J. Goodson;Sheldon Richardson;Malcolm Smith;Myles Garrett;Andrew Sendejo;Denzel Ward;Terrance Mitchell;Ronnie Harrison;Olivier Vernon
2020_07_CLE_CIN,2657,field_goal,0.0,4.0,4.0,1.0,2:52,2:51,,20.0,17.0,4.0,4.0,,;;;;;;;;;;,11,,,,,,00-0036310;00-0025630;00-0029421;00-0027103;00-0035631;00-0031622;00-0034762;00-0035266;00-0032549;00-0033798;00-0034951,Hakeem Adeniji;Clark Harris;Randy Bullock;Kevin Huber;Drew Sample;Bobby Hart;Billy Price;Mike Jordan;Alex Redmond;Mason Schreck;Fred Johnson,00-0033121;00-0035646;00-0030573;00-0028180;00-0033868;00-0033905;00-0027914;00-0034856;00-0034779;00-0029693;00-0034488,B.J. Goodson;Sione Takitaki;Sheldon Richardson;Malcolm Smith;Myles Garrett;Larry Ogunjobi;Andrew Sendejo;Denzel Ward;Ronnie Harrison;Olivier Vernon;Tavierre Thomas
2020_07_CLE_CIN,2680,kickoff,0.0,35.0,35.0,6.0,2:51,2:45,,20.0,17.0,,0.0,,;;;;;;;;;;,11,,,,,,00-0034683;00-0029421;00-0036298;00-0033791;00-0030471;00-0035697;00-0036294;00-0034540;00-0036314;00-0033790;00-0033526,Darius Phillips;Randy Bullock;Akeem Davis-Gaither;Brandon Wilson;Shawn Williams;Germaine Pratt;Logan Wilson;Tony Brown;Markus Bailey;Jordan Evans;Samaje Perine,00-0034500;00-0035039;00-0035646;00-0032977;00-0036232;00-0032956;00-0034977;00-0034253;00-0036233;00-0034355;00-0034488,Tae Davis;Stephen Carlson;Sione Takitaki;Rashard Higgins;Harrison Bryant;Andy Janovich;Sheldrick Redwine;Dontrell Hilliard;Donovan Peoples-Jones;M.J. Stewart;Tavierre Thomas
2020_07_CLE_CIN,2708,run,3.0,79.0,76.0,43.0,2:45,2:02,,20.0,17.0,1.0,10.0,"4 DL, 2 LB, 5 DB",;;;;;;;;;;,11,7,,,,,00-0030076;00-0033885;00-0031382;00-0034855;00-0033057;00-0032977;00-0036267;00-0036233;00-0029963;00-0033923;00-0031426,JC Tretter;David Njoku;Jarvis Landry;Baker Mayfield;Jack Conklin;Rashard Higgins;Jedrick Wills;Donovan Peoples-Jones;Chris Hubbard;Kareem Hunt;Joel Bitonio,00-0034683;00-0031713;00-0035697;00-0032939;00-0035513;00-0034675;00-0032389;00-0032783;00-0029284;00-0028278;00-0036341,Darius Phillips;Xavier Williams;Germaine Pratt;Vonn Bell;Amani Bledsoe;Jessie Bates;Mackensie Alexander;LeShaun Sims;Mike Daniels;Josh Bynes;Khalid Kareem
2020_07_CLE_CIN,2729,pass,4.0,76.0,72.0,45.0,2:02,1:17,,20.0,17.0,2.0,7.0,"4 DL, 2 LB, 5 DB",;;;;;;;;;;,11,6,4,MAN_COVERAGE,COVER_1,False,00-0030076;00-0033885;00-0031382;00-0034855;00-0033057;00-0032977;00-0036267;00-0036233;00-0029963;00-0033923;00-0031426,JC Tretter;David Njoku;Jarvis Landry;Baker Mayfield;Jack Conklin;Rashard Higgins;Jedrick Wills;Donovan Peoples-Jones;Chris Hubbard;Kareem Hunt;Joel Bitonio,00-0034683;00-0031713;00-0035697;00-0032939;00-0035513;00-0034675;00-0032389;00-0032783;00-0029284;00-0028278;00-0036341,Darius Phillips;Xavier Williams;Germaine Pratt;Vonn Bell;Amani Bledsoe;Jessie Bates;Mackensie Alexander;LeShaun Sims;Mike Daniels;Josh Bynes;Khalid Kareem
2020_07_CLE_CIN,2753,no_play,0.0,72.0,72.0,5.0,1:17,1:12,,20.0,17.0,3.0,3.0,"4 DL, 2 LB, 5 DB",;;;;;;;;;;,11,7,,,,,00-0030076;00-0033885;00-0031382;00-0034855;00-0033057;00-0036232;00-0036267;00-0032956;00-0029963;00-0036233;00-0031426,JC Tretter;David Njoku;Jarvis Landry;Baker Mayfield;Jack Conklin;Harrison Bryant;Jedrick Wills;Andy Janovich;Chris Hubbard;Donovan Peoples-Jones;Joel Bitonio,00-0034683;00-0036298;00-0030449;00-0033463;00-0036294;00-0027662;00-0032939;00-0034675;00-0032389;00-0032783;00-0027720,Darius Phillips;Akeem Davis-Gaither;Margus Hunt;Carl Lawson;Logan Wilson;Carlos Dunlap;Vonn Bell;Jessie Bates;Mackensie Alexander;LeShaun Sims;Geno Atkins
2020_07_CLE_CIN,2786,run,0.0,67.0,67.0,39.0,1:12,0:33,,20.0,17.0,1.0,10.0,"4 DL, 2 LB, 5 DB",;;;;;;;;;;,11,7,,,,,00-0030076;00-0033885;00-0034855;00-0033057;00-0032977;00-0036232;00-0036267;00-0029963;00-0036233;00-0033923;00-0031426,JC Tretter;David Njoku;Baker Mayfield;Jack Conklin;Rashard Higgins;Harrison Bryant;Jedrick Wills;Chris Hubbard;Donovan Peoples-Jones;Kareem Hunt;Joel Bitonio,00-0034683;00-0031713;00-0035697;00-0033463;00-0032939;00-0035513;00-0034675;00-0032389;00-0032783;00-0031619;00-0028278,Darius Phillips;Xavier Williams;Germaine Pratt;Carl Lawson;Vonn Bell;Amani Bledsoe;Jessie Bates;Mackensie Alexander;LeShaun Sims;Christian Covington;Josh Bynes
2020_07_CLE_CIN,2807,pass,6.0,67.0,61.0,33.0,0:33,0:00,,20.0,17.0,2.0,10.0,"4 DL, 2 LB, 5 DB",;;;;;;;;;;,11,5,4,ZONE_COVERAGE,COVER_3,False,00-0030076;00-0033885;00-0031382;00-0034855;00-0033057;00-0032977;00-0036232;00-0036267;00-0029963;00-0033923;00-0031426,JC Tretter;David Njoku;Jarvis Landry;Baker Mayfield;Jack Conklin;Rashard Higgins;Harrison Bryant;Jedrick Wills;Chris Hubbard;Kareem Hunt;Joel Bitonio,00-0034683;00-0031713;00-0035697;00-0033463;00-0032939;00-0035513;00-0034675;00-0032389;00-0032783;00-0031619;00-0028278,Darius Phillips;Xavier Williams;Germaine Pratt;Carl Lawson;Vonn Bell;Amani Bledsoe;Jessie Bates;Mackensie Alexander;LeShaun Sims;Christian Covington;Josh Bynes
2020_07_CLE_CIN,2831,start_quarter_4,,,,0.0,0:00,0:00,,20.0,17.0,,0.0,,,0,,,,,,,,,
2020_07_CLE_CIN,2850,pass,21.0,61.0,40.0,29.0,15:00,14:31,,20.0,17.0,3.0,4.0,"4 DL, 2 LB, 5 DB",;;;;;;;;;;,11,5,4,MAN_COVERAGE,COVER_1,False,00-0030076;00-0033885;00-0031382;00-0034855;00-0033057;00-0032977;00-0036232;00-0036267;00-0029963;00-0033923;00-0031426,JC Tretter;David Njoku;Jarvis Landry;Baker Mayfield;Jack Conklin;Rashard Higgins;Harrison Bryant;Jedrick Wills;Chris Hubbard;Kareem Hunt;Joel Bitonio,00-0034683;00-0036298;00-0030449;00-0033463;00-0036294;00-0027662;00-0032939;00-0034675;00-0032389;00-0032783;00-0027720,Darius Phillips;Akeem Davis-Gaither;Margus Hunt;Carl Lawson;Logan Wilson;Carlos Dunlap;Vonn Bell;Jessie Bates;Mackensie Alexander;LeShaun Sims;Geno Atkins
2020_07_CLE_CIN,2874,pass,21.0,40.0,19.0,34.0,14:31,13:57,,20.0,17.0,1.0,10.0,"4 DL, 2 LB, 5 DB",;;;;;;;;;;,11,6,4,ZONE_COVERAGE,COVER_2,False,00-0030076;00-0033885;00-0031382;00-0034855;00-0033057;00-0032977;00-0036267;00-0029963;00-0036233;00-0033923;00-0031426,JC Tretter;David Njoku;Jarvis Landry;Baker Mayfield;Jack Conklin;Rashard Higgins;Jedrick Wills;Chris Hubbard;Donovan Peoples-Jones;Kareem Hunt;Joel Bitonio,00-0034683;00-0031713;00-0035697;00-0032939;00-0035513;00-0034675;00-0032389;00-0032783;00-0031619;00-0028278;00-0036341,Darius Phillips;Xavier Williams;Germaine Pratt;Vonn Bell;Amani Bledsoe;Jessie Bates;Mackensie Alexander;LeShaun Sims;Christian Covington;Josh Bynes;Khalid Kareem
2020_07_CLE_CIN,2903,run,3.0,19.0,16.0,38.0,13:57,13:19,,20.0,17.0,1.0,10.0,"4 DL, 2 LB, 5 DB",;;;;;;;;;;,11,7,,,,,00-0030076;00-0033885;00-0031382;00-0034855;00-0033057;00-0032977;00-0036267;00-0036233;00-0029963;00-0033923;00-0031426,JC Tretter;David Njoku;Jarvis Landry;Baker Mayfield;Jack Conklin;Rashard Higgins;Jedrick Wills;Donovan Peoples-Jones;Chris Hubbard;Kareem Hunt;Joel Bitonio,00-0034683;00-0031713;00-0035697;00-0032939;00-0035513;00-0034675;00-0032389;00-0032783;00-0031619;00-0028278;00-0036341,Darius Phillips;Xavier Williams;Germaine Pratt;Vonn Bell;Amani Bledsoe;Jessie Bates;Mackensie Alexander;LeShaun Sims;Christian Covington;Josh Bynes;Khalid Kareem
2020_07_CLE_CIN,2924,pass,16.0,16.0,0.0,6.0,13:19,13:13,,20.0,23.0,2.0,7.0,"5 DL, 2 LB, 4 DB",;;;;;;;;;;,11,8,4,MAN_COVERAGE,COVER_1,False,00-0030076;00-0033885;00-0031382;00-0034855;00-0033057;00-0032977;00-0036267;00-0032956;00-0029963;00-0033923;00-0031426,JC Tretter;David Njoku;Jarvis Landry;Baker Mayfield;Jack Conklin;Rashard Higgins;Jedrick Wills;Andy Janovich;Chris Hubbard;Kareem Hunt;Joel Bitonio,00-0034683;00-0031713;00-0030449;00-0035697;00-0032939;00-0035513;00-0034675;00-0032783;00-0031619;00-0028278;00-0036341,Darius Phillips;Xavier Williams;Margus Hunt;Germaine Pratt;Vonn Bell;Amani Bledsoe;Jessie Bates;LeShaun Sims;Christian Covington;Josh Bynes;Khalid Kareem
2020_07_CLE_CIN,2949,extra_point,0.0,15.0,15.0,0.0,13:13,13:13,,20.0,24.0,,0.0,,;;;;;;;;;;,11,,,,,,00-0035042;00-0035039;00-0034495;00-0030850;00-0031921;00-0036232;00-0036267;00-0029008;00-0036236;00-0029963;00-0031426,Jamie Gillan;Stephen Carlson;Evan Brown;Cody Parkey;Kendall Lamm;Harrison Bryant;Jedrick Wills;Charley Hughlett;Nick Harris;Chris Hubbard;Joel Bitonio,00-0034683;00-0031713;00-0030471;00-0030449;00-0027662;00-0035513;00-0032939;00-0034540;00-0033790;00-0031619;00-0028278,Darius Phillips;Xavier Williams;Shawn Williams;Margus Hunt;Carlos Dunlap;Amani Bledsoe;Vonn Bell;Tony Brown;Jordan Evans;Christian Covington;Josh Bynes
2020_07_CLE_CIN,2965,kickoff,0.0,35.0,35.0,5.0,13:13,13:08,,20.0,24.0,,0.0,,;;;;;;;;;;,11,,,,,,00-0034500;00-0035039;00-0035646;00-0032888;00-0030850;00-0032956;00-0034977;00-0034253;00-0034355;00-0034488;00-0034088,Tae Davis;Stephen Carlson;Sione Takitaki;Karl Joseph;Cody Parkey;Andy Janovich;Sheldrick Redwine;Dontrell Hilliard;M.J. Stewart;Tavierre Thomas;Robert Jackson,00-0033791;00-0036298;00-0030471;00-0035631;00-0035697;00-0036294;00-0033790;00-0033798;00-0033114;00-0033526;00-0036341,Brandon Wilson;Akeem Davis-Gaither;Shawn Williams;Drew Sample;Germaine Pratt;Logan Wilson;Jordan Evans;Mason Schreck;Mike Thomas;Samaje Perine;Khalid Kareem
2020_07_CLE_CIN,2987,pass,6.0,80.0,74.0,34.0,13:08,12:34,,20.0,24.0,1.0,10.0,"4 DL, 2 LB, 5 DB",;;;;;;;;;;,11,6,4,ZONE_COVERAGE,COVER_3,False,00-0035631;00-0031622;00-0034762;00-0033009;00-0035266;00-0032549;00-0036410;00-0036442;00-0030456;00-0027942;00-0034951,Drew Sample;Bobby Hart;Billy Price;Tyler Boyd;Mike Jordan;Alex Redmond;Tee Higgins;Joe Burrow;Giovani Bernard;A.J. Green;Fred Johnson,00-0031548;00-0033121;00-0030573;00-0033868;00-0035144;00-0033905;00-0034977;00-0034856;00-0031097;00-0034779;00-0029693,Kevin Johnson;B.J. Goodson;Sheldon Richardson;Myles Garrett;Mack Wilson;Larry Ogunjobi;Sheldrick Redwine;Denzel Ward;Terrance Mitchell;Ronnie Harrison;Olivier Vernon
2020_07_CLE_CIN,3016,pass,9.0,74.0,65.0,28.0,12:34,12:06,,20.0,24.0,2.0,4.0,"4 DL, 2 LB, 5 DB",;;;;;;;;;;,11,6,4,ZONE_COVERAGE,COVER_3,False,00-0035631;00-0031622;00-0033009;00-0034762;00-0035266;00-0032549;00-0036410;00-0036442;00-0030456;00-0027942;00-0034951,Drew Sample;Bobby Hart;Tyler Boyd;Billy Price;Mike Jordan;Alex Redmond;Tee Higgins;Joe Burrow;Giovani Bernard;A.J. Green;Fred Johnson,00-0031548;00-0033121;00-0030573;00-0035144;00-0033868;00-0033905;00-0034977;00-0034856;00-0031097;00-0034779;00-0029693,Kevin Johnson;B.J. Goodson;Sheldon Richardson;Mack Wilson;Myles Garrett;Larry Ogunjobi;Sheldrick Redwine;Denzel Ward;Terrance Mitchell;Ronnie Harrison;Olivier Vernon
2020_07_CLE_CIN,3040,run,-3.0,65.0,68.0,38.0,12:06,11:28,,20.0,24.0,1.0,10.0,"4 DL, 2 LB, 5 DB",;;;;;;;;;;,11,6,,,,,00-0035631;00-0031622;00-0033009;00-0034762;00-0035266;00-0032549;00-0036410;00-0036442;00-0033114;00-0030456;00-0034951,Drew Sample;Bobby Hart;Tyler Boyd;Billy Price;Mike Jordan;Alex Redmond;Tee Higgins;Joe Burrow;Mike Thomas;Giovani Bernard;Fred Johnson,00-0031548;00-0033121;00-0030573;00-0033868;00-0035144;00-0033905;00-0034977;00-0034856;00-0031097;00-0034779;00-0029693,Kevin Johnson;B.J. Goodson;Sheldon Richardson;Myles Garrett;Mack Wilson;Larry Ogunjobi;Sheldrick Redwine;Denzel Ward;Terrance Mitchell;Ronnie Harrison;Olivier Vernon
2020_07_CLE_CIN,3061,pass,14.0,68.0,54.0,40.0,11:28,10:48,,20.0,24.0,2.0,13.0,"4 DL, 3 LB, 4 DB",;;;;;;;;;;,11,6,4,ZONE_COVERAGE,COVER_4,False,00-0035631;00-0031622;00-0034762;00-0033009;00-0035266;00-0032549;00-0036442;00-0033798;00-0030456;00-0027942;00-0034951,Drew Sample;Bobby Hart;Billy Price;Tyler Boyd;Mike Jordan;Alex Redmond;Joe Burrow;Mason Schreck;Giovani Bernard;A.J. Green;Fred Johnson,00-0027958;00-0033121;00-0035646;00-0030573;00-0033868;00-0035144;00-0034977;00-0031097;00-0034856;00-0034779;00-0029693,Adrian Clayborn;B.J. Goodson;Sione Takitaki;Sheldon Richardson;Myles Garrett;Mack Wilson;Sheldrick Redwine;Terrance Mitchell;Denzel Ward;Ronnie Harrison;Olivier Vernon
2020_07_CLE_CIN,3085,pass,0.0,54.0,54.0,27.0,10:48,10:21,,20.0,24.0,1.0,10.0,"4 DL, 2 LB, 5 DB",;;;;;;;;;;,11,6,4,MAN_COVERAGE,COVER_1,False,00-0035631;00-0031622;00-0034762;00-0033009;00-0035266;00-0032549;00-0036410;00-0036442;00-0030456;00-0027942;00-0034951,Drew Sample;Bobby Hart;Billy Price;Tyler Boyd;Mike Jordan;Alex Redmond;Tee Higgins;Joe Burrow;Giovani Bernard;A.J. Green;Fred Johnson,00-0031548;00-0033121;00-0030573;00-0033868;00-0035144;00-0033905;00-0034977;00-0034856;00-0031097;00-0034779;00-0029693,Kevin Johnson;B.J. Goodson;Sheldon Richardson;Myles Garrett;Mack Wilson;Larry Ogunjobi;Sheldrick Redwine;Denzel Ward;Terrance Mitchell;Ronnie Harrison;Olivier Vernon
2020_07_CLE_CIN,3143,pass,0.0,42.0,42.0,7.0,10:21,10:14,,20.0,24.0,1.0,10.0,"4 DL, 2 LB, 5 DB",;;;;;;;;;;,11,6,4,ZONE_COVERAGE,COVER_3,True,00-0035631;00-0031622;00-0033009;00-0034762;00-0035266;00-0032549;00-0036410;00-0036442;00-0027942;00-0034951;00-0033526,Drew Sample;Bobby Hart;Tyler Boyd;Billy Price;Mike Jordan;Alex Redmond;Tee Higgins;Joe Burrow;A.J. Green;Fred Johnson;Samaje Perine,00-0031548;00-0033121;00-0033469;00-0033868;00-0035144;00-0036266;00-0034977;00-0034856;00-0031097;00-0034779;00-0029693,Kevin Johnson;B.J. Goodson;Vincent Taylor;Myles Garrett;Mack Wilson;Jordan Elliott;Sheldrick Redwine;Denzel Ward;Terrance Mitchell;Ronnie Harrison;Olivier Vernon
2020_07_CLE_CIN,3176,pass,16.0,42.0,26.0,35.0,10:14,9:39,,20.0,24.0,2.0,10.0,"4 DL, 2 LB, 5 DB",;;;;;;;;;;,11,6,4,ZONE_COVERAGE,COVER_3,False,00-0035631;00-0031622;00-0034762;00-0033009;00-0035266;00-0032549;00-0036410;00-0036442;00-0033114;00-0034951;00-0033526,Drew Sample;Bobby Hart;Billy Price;Tyler Boyd;Mike Jordan;Alex Redmond;Tee Higgins;Joe Burrow;Mike Thomas;Fred Johnson;Samaje Perine,00-0031548;00-0033121;00-0033469;00-0033868;00-0035144;00-0036266;00-0034977;00-0034856;00-0031097;00-0034779;00-0029693,Kevin Johnson;B.J. Goodson;Vincent Taylor;Myles Garrett;Mack Wilson;Jordan Elliott;Sheldrick Redwine;Denzel Ward;Terrance Mitchell;Ronnie Harrison;Olivier Vernon
2020_07_CLE_CIN,3200,pass,0.0,26.0,26.0,4.0,9:39,9:35,,20.0,24.0,1.0,10.0,"4 DL, 2 LB, 5 DB",;;;;;;;;;;,11,6,4,ZONE_COVERAGE,COVER_4,False,00-0035631;00-0031622;00-0034762;00-0033009;00-0035266;00-0032549;00-0036442;00-0027942;00-0034686;00-0034951;00-0033526,Drew Sample;Bobby Hart;Billy Price;Tyler Boyd;Mike Jordan;Alex Redmond;Joe Burrow;A.J. Green;Auden Tate;Fred Johnson;Samaje Perine,00-0027958;00-0031548;00-0033121;00-0033469;00-0035144;00-0036266;00-0034977;00-0034856;00-0031097;00-0034779;00-0029693,Adrian Clayborn;Kevin Johnson;B.J. Goodson;Vincent Taylor;Mack Wilson;Jordan Elliott;Sheldrick Redwine;Denzel Ward;Terrance Mitchell;Ronnie Harrison;Olivier Vernon
2020_07_CLE_CIN,3223,timeout,0.0,,,0.0,9:35,9:35,CIN,20.0,24.0,,0.0,,,0,,,,,,,,,
2020_07_CLE_CIN,3240,pass,10.0,26.0,16.0,-68.0,9:35,10:43,,20.0,24.0,2.0,10.0,"4 DL, 2 LB, 5 DB",;;;;;;;;;;,11,5,4,ZONE_COVERAGE,COVER_3,False,00-0035631;00-0031622;00-0034762;00-0033009;00-0035266;00-0032549;00-0036410;00-0036442;00-0027942;00-0033526;00-0034951,Drew Sample;Bobby Hart;Billy Price;Tyler Boyd;Mike Jordan;Alex Redmond;Tee Higgins;Joe Burrow;A.J. Green;Samaje Perine;Fred Johnson,00-0027958;00-0031548;00-0033121;00-0030573;00-0033868;00-0035144;00-0034977;00-0034856;00-0031097;00-0034779;00-0029693,Adrian Clayborn;Kevin Johnson;B.J. Goodson;Sheldon Richardson;Myles Garrett;Mack Wilson;Sheldrick Redwine;Denzel Ward;Terrance Mitchell;Ronnie Harrison;Olivier Vernon
2020_07_CLE_CIN,3251,run,12.0,54.0,42.0,107.0,10:43,8:56,,20.0,24.0,2.0,10.0,"4 DL, 2 LB, 5 DB",;;;;;;;;;;,11,6,5,,,,00-0035631;00-0031622;00-0033009;00-0034762;00-0035266;00-0032549;00-0036410;00-0036442;00-0033114;00-0030456;00-0034951,Drew Sample;Bobby Hart;Tyler Boyd;Billy Price;Mike Jordan;Alex Redmond;Tee Higgins;Joe Burrow;Mike Thomas;Giovani Bernard;Fred Johnson,00-0031548;00-0033121;00-0030573;00-0033868;00-0035144;00-0033905;00-0034977;00-0034856;00-0031097;00-0034779;00-0029693,Kevin Johnson;B.J. Goodson;Sheldon Richardson;Myles Garrett;Mack Wilson;Larry Ogunjobi;Sheldrick Redwine;Denzel Ward;Terrance Mitchell;Ronnie Harrison;Olivier Vernon
2020_07_CLE_CIN,3298,pass,0.0,16.0,16.0,5.0,8:56,8:51,,20.0,24.0,1.0,10.0,"4 DL, 3 LB, 4 DB",;;;;;;;;;;,11,7,4,MAN_COVERAGE,COVER_1,True,00-0035631;00-0031622;00-0034762;00-0035266;00-0032549;00-0036410;00-0036442;00-0033798;00-0027942;00-0034951;00-0033526,Drew Sample;Bobby Hart;Billy Price;Mike Jordan;Alex Redmond;Tee Higgins;Joe Burrow;Mason Schreck;A.J. Green;Fred Johnson;Samaje Perine,00-0033121;00-0035646;00-0030573;00-0033868;00-0035144;00-0033905;00-0034977;00-0034856;00-0031097;00-0034779;00-0029693,B.J. Goodson;Sione Takitaki;Sheldon Richardson;Myles Garrett;Mack Wilson;Larry Ogunjobi;Sheldrick Redwine;Denzel Ward;Terrance Mitchell;Ronnie Harrison;Olivier Vernon
2020_07_CLE_CIN,3320,pass,16.0,16.0,0.0,6.0,8:51,8:45,,26.0,24.0,2.0,10.0,"4 DL, 2 LB, 5 DB",;;;;;;;;;;,11,6,4,ZONE_COVERAGE,COVER_3,False,00-0035631;00-0031622;00-0034762;00-0033009;00-0035266;00-0032549;00-0036410;00-0036442;00-0034686;00-0034951;00-0033526,Drew Sample;Bobby Hart;Billy Price;Tyler Boyd;Mike Jordan;Alex Redmond;Tee Higgins;Joe Burrow;Auden Tate;Fred Johnson;Samaje Perine,00-0027958;00-0031548;00-0033121;00-0030573;00-0033868;00-0035144;00-0034977;00-0034856;00-0031097;00-0034779;00-0029693,Adrian Clayborn;Kevin Johnson;B.J. Goodson;Sheldon Richardson;Myles Garrett;Mack Wilson;Sheldrick Redwine;Denzel Ward;Terrance Mitchell;Ronnie Harrison;Olivier Vernon
2020_07_CLE_CIN,3345,extra_point,0.0,15.0,15.0,0.0,8:45,8:45,,27.0,24.0,,0.0,,;;;;;;;;;;,11,,,,,,00-0036310;00-0025630;00-0029421;00-0027103;00-0035631;00-0031622;00-0034762;00-0035266;00-0032549;00-0033798;00-0034951,Hakeem Adeniji;Clark Harris;Randy Bullock;Kevin Huber;Drew Sample;Bobby Hart;Billy Price;Mike Jordan;Alex Redmond;Mason Schreck;Fred Johnson,00-0033121;00-0033469;00-0035646;00-0030573;00-0033868;00-0035144;00-0027914;00-0034856;00-0034779;00-0029693;00-0034488,B.J. Goodson;Vincent Taylor;Sione Takitaki;Sheldon Richardson;Myles Garrett;Mack Wilson;Andrew Sendejo;Denzel Ward;Ronnie Harrison;Olivier Vernon;Tavierre Thomas
2020_07_CLE_CIN,3361,kickoff,0.0,35.0,35.0,7.0,8:45,8:38,,27.0,24.0,,0.0,,;;;;;;;;;;,11,,,,,,00-0034683;00-0029421;00-0036298;00-0033791;00-0030471;00-0035697;00-0036294;00-0034540;00-0036314;00-0033790;00-0033526,Darius Phillips;Randy Bullock;Akeem Davis-Gaither;Brandon Wilson;Shawn Williams;Germaine Pratt;Logan Wilson;Tony Brown;Markus Bailey;Jordan Evans;Samaje Perine,00-0034500;00-0035039;00-0035646;00-0032977;00-0036232;00-0032956;00-0034977;00-0034253;00-0036233;00-0034355;00-0034488,Tae Davis;Stephen Carlson;Sione Takitaki;Rashard Higgins;Harrison Bryant;Andy Janovich;Sheldrick Redwine;Dontrell Hilliard;Donovan Peoples-Jones;M.J. Stewart;Tavierre Thomas
2020_07_CLE_CIN,3383,pass,20.0,75.0,55.0,42.0,8:38,7:56,,27.0,24.0,1.0,10.0,"4 DL, 2 LB, 5 DB",;;;;;;;;;;,11,7,4,ZONE_COVERAGE,COVER_2,True,00-0030076;00-0031382;00-0034855;00-0033057;00-0032977;00-0036232;00-0036267;00-0036233;00-0029963;00-0033923;00-0031426,JC Tretter;Jarvis Landry;Baker Mayfield;Jack Conklin;Rashard Higgins;Harrison Bryant;Jedrick Wills;Donovan Peoples-Jones;Chris Hubbard;Kareem Hunt;Joel Bitonio,00-0034683;00-0030449;00-0035697;00-0033463;00-0032939;00-0034675;00-0032389;00-0032783;00-0031619;00-0029284;00-0028278,Darius Phillips;Margus Hunt;Germaine Pratt;Carl Lawson;Vonn Bell;Jessie Bates;Mackensie Alexander;LeShaun Sims;Christian Covington;Mike Daniels;Josh Bynes
2020_07_CLE_CIN,3413,timeout,0.0,,,0.0,7:56,7:56,CLE,27.0,24.0,,0.0,,,0,,,,,,,,,
2020_07_CLE_CIN,3436,run,11.0,55.0,44.0,31.0,7:56,7:25,,27.0,24.0,1.0,10.0,"4 DL, 2 LB, 5 DB",;;;;;;;;;;,11,6,,,,,00-0030076;00-0031382;00-0034855;00-0033057;00-0032977;00-0036232;00-0036267;00-0029963;00-0036233;00-0033923;00-0031426,JC Tretter;Jarvis Landry;Baker Mayfield;Jack Conklin;Rashard Higgins;Harrison Bryant;Jedrick Wills;Chris Hubbard;Donovan Peoples-Jones;Kareem Hunt;Joel Bitonio,00-0034683;00-0030449;00-0035697;00-0033463;00-0032939;00-0034675;00-0032389;00-0032783;00-0031619;00-0029284;00-0028278,Darius Phillips;Margus Hunt;Germaine Pratt;Carl Lawson;Vonn Bell;Jessie Bates;Mackensie Alexander;LeShaun Sims;Christian Covington;Mike Daniels;Josh Bynes
2020_07_CLE_CIN,3457,pass,19.0,44.0,25.0,33.0,7:25,6:52,,27.0,24.0,1.0,10.0,"4 DL, 2 LB, 5 DB",;;;;;;;;;;,11,7,4,ZONE_COVERAGE,COVER_3,True,00-0030076;00-0031382;00-0034855;00-0033057;00-0032977;00-0036232;00-0036267;00-0036233;00-0029963;00-0033923;00-0031426,JC Tretter;Jarvis Landry;Baker Mayfield;Jack Conklin;Rashard Higgins;Harrison Bryant;Jedrick Wills;Donovan Peoples-Jones;Chris Hubbard;Kareem Hunt;Joel Bitonio,00-0034683;00-0030449;00-0035697;00-0033463;00-0032939;00-0034675;00-0032389;00-0032783;00-0031619;00-0029284;00-0028278,Darius Phillips;Margus Hunt;Germaine Pratt;Carl Lawson;Vonn Bell;Jessie Bates;Mackensie Alexander;LeShaun Sims;Christian Covington;Mike Daniels;Josh Bynes
2020_07_CLE_CIN,3486,run,2.0,25.0,23.0,38.0,6:52,6:14,,27.0,24.0,1.0,10.0,"4 DL, 3 LB, 4 DB",;;;;;;;;;;,11,8,,,,,00-0030076;00-0035039;00-0033885;00-0034855;00-0033057;00-0032977;00-0036232;00-0036267;00-0029963;00-0033923;00-0031426,JC Tretter;Stephen Carlson;David Njoku;Baker Mayfield;Jack Conklin;Rashard Higgins;Harrison Bryant;Jedrick Wills;Chris Hubbard;Kareem Hunt;Joel Bitonio,00-0034683;00-0031713;00-0035697;00-0036294;00-0032939;00-0035513;00-0034675;00-0032783;00-0031619;00-0028278;00-0036341,Darius Phillips;Xavier Williams;Germaine Pratt;Logan Wilson;Vonn Bell;Amani Bledsoe;Jessie Bates;LeShaun Sims;Christian Covington;Josh Bynes;Khalid Kareem
2020_07_CLE_CIN,3511,pass,12.0,23.0,11.0,33.0,6:14,5:41,,27.0,24.0,2.0,8.0,"4 DL, 2 LB, 5 DB",;;;;;;;;;;,11,6,4,ZONE_COVERAGE,COVER_3,False,00-0030076;00-0033885;00-0031382;00-0034855;00-0033057;00-0032977;00-0036232;00-0036267;00-0029963;00-0033923;00-0031426,JC Tretter;David Njoku;Jarvis Landry;Baker Mayfield;Jack Conklin;Rashard Higgins;Harrison Bryant;Jedrick Wills;Chris Hubbard;Kareem Hunt;Joel Bitonio,00-0034683;00-0031713;00-0035697;00-0032939;00-0035513;00-0034675;00-0032389;00-0032783;00-0031619;00-0028278;00-0036341,Darius Phillips;Xavier Williams;Germaine Pratt;Vonn Bell;Amani Bledsoe;Jessie Bates;Mackensie Alexander;LeShaun Sims;Christian Covington;Josh Bynes;Khalid Kareem
2020_07_CLE_CIN,3535,run,3.0,11.0,8.0,43.0,5:41,4:58,,27.0,24.0,1.0,10.0,"4 DL, 2 LB, 5 DB",;;;;;;;;;;,11,7,,,,,00-0030076;00-0033885;00-0031382;00-0034855;00-0033057;00-0032977;00-0036232;00-0036267;00-0029963;00-0033923;00-0031426,JC Tretter;David Njoku;Jarvis Landry;Baker Mayfield;Jack Conklin;Rashard Higgins;Harrison Bryant;Jedrick Wills;Chris Hubbard;Kareem Hunt;Joel Bitonio,00-0034683;00-0031713;00-0035697;00-0032939;00-0035513;00-0034675;00-0032389;00-0032783;00-0031619;00-0028278;00-0036341,Darius Phillips;Xavier Williams;Germaine Pratt;Vonn Bell;Amani Bledsoe;Jessie Bates;Mackensie Alexander;LeShaun Sims;Christian Covington;Josh Bynes;Khalid Kareem
2020_07_CLE_CIN,3556,pass,8.0,8.0,0.0,5.0,4:58,4:53,,27.0,30.0,2.0,7.0,"4 DL, 2 LB, 5 DB",;;;;;;;;;;,11,6,4,ZONE_COVERAGE,COVER_4,False,00-0030076;00-0033885;00-0031382;00-0034855;00-0033057;00-0032977;00-0036267;00-0029963;00-0036233;00-0033923;00-0031426,JC Tretter;David Njoku;Jarvis Landry;Baker Mayfield;Jack Conklin;Rashard Higgins;Jedrick Wills;Chris Hubbard;Donovan Peoples-Jones;Kareem Hunt;Joel Bitonio,00-0034683;00-0031713;00-0035697;00-0032939;00-0035513;00-0034675;00-0032389;00-0032783;00-0031619;00-0028278;00-0036341,Darius Phillips;Xavier Williams;Germaine Pratt;Vonn Bell;Amani Bledsoe;Jessie Bates;Mackensie Alexander;LeShaun Sims;Christian Covington;Josh Bynes;Khalid Kareem
2020_07_CLE_CIN,3581,extra_point,0.0,15.0,15.0,0.0,4:53,4:53,,27.0,31.0,,0.0,,;;;;;;;;;;,11,,,,,,00-0035042;00-0035039;00-0034495;00-0030850;00-0031921;00-0036232;00-0029008;00-0036267;00-0036236;00-0029963;00-0031426,Jamie Gillan;Stephen Carlson;Evan Brown;Cody Parkey;Kendall Lamm;Harrison Bryant;Charley Hughlett;Jedrick Wills;Nick Harris;Chris Hubbard;Joel Bitonio,00-0034683;00-0031713;00-0030471;00-0030449;00-0027662;00-0032939;00-0035513;00-0034540;00-0033790;00-0031619;00-0028278,Darius Phillips;Xavier Williams;Shawn Williams;Margus Hunt;Carlos Dunlap;Vonn Bell;Amani Bledsoe;Tony Brown;Jordan Evans;Christian Covington;Josh Bynes
2020_07_CLE_CIN,3603,kickoff,0.0,35.0,35.0,0.0,4:53,4:53,,27.0,31.0,,0.0,,;;;;;;;;;;,11,,,,,,00-0034500;00-0035039;00-0035646;00-0032888;00-0030850;00-0032956;00-0034977;00-0034253;00-0034355;00-0034488;00-0034088,Tae Davis;Stephen Carlson;Sione Takitaki;Karl Joseph;Cody Parkey;Andy Janovich;Sheldrick Redwine;Dontrell Hilliard;M.J. Stewart;Tavierre Thomas;Robert Jackson,00-0036298;00-0033791;00-0035631;00-0030471;00-0035697;00-0036294;00-0033790;00-0033798;00-0033114;00-0033526;00-0036341,Akeem Davis-Gaither;Brandon Wilson;Drew Sample;Shawn Williams;Germaine Pratt;Logan Wilson;Jordan Evans;Mason Schreck;Mike Thomas;Samaje Perine;Khalid Kareem
2020_07_CLE_CIN,3618,pass,12.0,75.0,63.0,30.0,4:53,4:23,,27.0,31.0,1.0,10.0,"4 DL, 2 LB, 5 DB",;;;;;;;;;;,11,6,4,ZONE_COVERAGE,COVER_4,False,00-0035631;00-0031622;00-0034762;00-0033009;00-0035266;00-0032549;00-0036410;00-0036442;00-0030456;00-0027942;00-0034951,Drew Sample;Bobby Hart;Billy Price;Tyler Boyd;Mike Jordan;Alex Redmond;Tee Higgins;Joe Burrow;Giovani Bernard;A.J. Green;Fred Johnson,00-0031548;00-0033121;00-0028180;00-0030573;00-0033868;00-0033905;00-0027914;00-0031097;00-0034856;00-0034779;00-0029693,Kevin Johnson;B.J. Goodson;Malcolm Smith;Sheldon Richardson;Myles Garrett;Larry Ogunjobi;Andrew Sendejo;Terrance Mitchell;Denzel Ward;Ronnie Harrison;Olivier Vernon
2020_07_CLE_CIN,3642,pass,15.0,63.0,48.0,37.0,4:23,3:46,,27.0,31.0,1.0,10.0,"4 DL, 2 LB, 5 DB",;;;;;;;;;;,11,5,4,MAN_COVERAGE,COVER_1,False,00-0035631;00-0031622;00-0034762;00-0033009;00-0035266;00-0032549;00-0036442;00-0033114;00-0030456;00-0027942;00-0034951,Drew Sample;Bobby Hart;Billy Price;Tyler Boyd;Mike Jordan;Alex Redmond;Joe Burrow;Mike Thomas;Giovani Bernard;A.J. Green;Fred Johnson,00-0031548;00-0033121;00-0028180;00-0030573;00-0033868;00-0033905;00-0027914;00-0031097;00-0034856;00-0034779;00-0029693,Kevin Johnson;B.J. Goodson;Malcolm Smith;Sheldon Richardson;Myles Garrett;Larry Ogunjobi;Andrew Sendejo;Terrance Mitchell;Denzel Ward;Ronnie Harrison;Olivier Vernon
2020_07_CLE_CIN,3670,pass,25.0,48.0,23.0,45.0,3:46,3:01,,27.0,31.0,1.0,10.0,"4 DL, 2 LB, 5 DB",;;;;;;;;;;,11,6,5,ZONE_COVERAGE,COVER_3,False,00-0035631;00-0031622;00-0034762;00-0033009;00-0035266;00-0032549;00-0036442;00-0030456;00-0033114;00-0027942;00-0034951,Drew Sample;Bobby Hart;Billy Price;Tyler Boyd;Mike Jordan;Alex Redmond;Joe Burrow;Giovani Bernard;Mike Thomas;A.J. Green;Fred Johnson,00-0031548;00-0033121;00-0028180;00-0030573;00-0033868;00-0033905;00-0027914;00-0031097;00-0034856;00-0034779;00-0029693,Kevin Johnson;B.J. Goodson;Malcolm Smith;Sheldon Richardson;Myles Garrett;Larry Ogunjobi;Andrew Sendejo;Terrance Mitchell;Denzel Ward;Ronnie Harrison;Olivier Vernon
2020_07_CLE_CIN,3694,no_play,0.0,23.0,23.0,0.0,3:01,3:01,,27.0,31.0,1.0,10.0,"4 DL, 2 LB, 5 DB",;;;;;;;;;;,11,,,,,,00-0035631;00-0031622;00-0033009;00-0034762;00-0035266;00-0032549;00-0036442;00-0033798;00-0030456;00-0027942;00-0034951,Drew Sample;Bobby Hart;Tyler Boyd;Billy Price;Mike Jordan;Alex Redmond;Joe Burrow;Mason Schreck;Giovani Bernard;A.J. Green;Fred Johnson,00-0031548;00-0033121;00-0028180;00-0030573;00-0033868;00-0033905;00-0027914;00-0031097;00-0034856;00-0034779;00-0029693,Kevin Johnson;B.J. Goodson;Malcolm Smith;Sheldon Richardson;Myles Garrett;Larry Ogunjobi;Andrew Sendejo;Terrance Mitchell;Denzel Ward;Ronnie Harrison;Olivier Vernon
2020_07_CLE_CIN,3717,pass,0.0,28.0,28.0,5.0,3:01,2:56,,27.0,31.0,1.0,15.0,"4 DL, 2 LB, 5 DB",;;;;;;;;;;,11,5,4,MAN_COVERAGE,COVER_1,True,00-0035631;00-0031622;00-0034762;00-0033009;00-0035266;00-0032549;00-0036442;00-0033798;00-0030456;00-0027942;00-0034951,Drew Sample;Bobby Hart;Billy Price;Tyler Boyd;Mike Jordan;Alex Redmond;Joe Burrow;Mason Schreck;Giovani Bernard;A.J. Green;Fred Johnson,00-0031548;00-0033121;00-0028180;00-0030573;00-0033868;00-0033905;00-0027914;00-0031097;00-0034856;00-0034779;00-0029693,Kevin Johnson;B.J. Goodson;Malcolm Smith;Sheldon Richardson;Myles Garrett;Larry Ogunjobi;Andrew Sendejo;Terrance Mitchell;Denzel Ward;Ronnie Harrison;Olivier Vernon
2020_07_CLE_CIN,3739,pass,9.0,28.0,19.0,41.0,2:56,2:15,,27.0,31.0,2.0,15.0,"4 DL, 2 LB, 5 DB",;;;;;;;;;;,11,6,4,ZONE_COVERAGE,COVER_4,False,00-0035631;00-0031622;00-0034762;00-0033009;00-0035266;00-0032549;00-0036410;00-0036442;00-0030456;00-0033114;00-0034951,Drew Sample;Bobby Hart;Billy Price;Tyler Boyd;Mike Jordan;Alex Redmond;Tee Higgins;Joe Burrow;Giovani Bernard;Mike Thomas;Fred Johnson,00-0027958;00-0031548;00-0033121;00-0028180;00-0030573;00-0033868;00-0027914;00-0031097;00-0034856;00-0034779;00-0029693,Adrian Clayborn;Kevin Johnson;B.J. Goodson;Malcolm Smith;Sheldon Richardson;Myles Garrett;Andrew Sendejo;Terrance Mitchell;Denzel Ward;Ronnie Harrison;Olivier Vernon
2020_07_CLE_CIN,3763,no_play,0.0,19.0,19.0,0.0,2:15,2:15,,27.0,31.0,3.0,6.0,"3 DL, 2 LB, 6 DB",;;;;;;;;;;,11,,,,,,00-0035631;00-0031622;00-0034762;00-0033009;00-0035266;00-0032549;00-0036410;00-0036442;00-0033798;00-0027942;00-0034951,Drew Sample;Bobby Hart;Billy Price;Tyler Boyd;Mike Jordan;Alex Redmond;Tee Higgins;Joe Burrow;Mason Schreck;A.J. Green;Fred Johnson,00-0031548;00-0033121;00-0028180;00-0030573;00-0033868;00-0027914;00-0034977;00-0031097;00-0034856;00-0034779;00-0029693,Kevin Johnson;B.J. Goodson;Malcolm Smith;Sheldon Richardson;Myles Garrett;Andrew Sendejo;Sheldrick Redwine;Terrance Mitchell;Denzel Ward;Ronnie Harrison;Olivier Vernon
2020_07_CLE_CIN,3786,run,12.0,24.0,12.0,9.0,2:15,2:06,,27.0,31.0,3.0,11.0,"4 DL, 2 LB, 5 DB",;;;;;;;;;;,11,4,,,,,00-0035631;00-0031622;00-0034762;00-0033009;00-0035266;00-0032549;00-0036410;00-0036442;00-0030456;00-0027942;00-0034951,Drew Sample;Bobby Hart;Billy Price;Tyler Boyd;Mike Jordan;Alex Redmond;Tee Higgins;Joe Burrow;Giovani Bernard;A.J. Green;Fred Johnson,00-0027958;00-0031548;00-0033121;00-0028180;00-0030573;00-0033868;00-0027914;00-0031097;00-0034856;00-0034779;00-0029693,Adrian Clayborn;Kevin Johnson;B.J. Goodson;Malcolm Smith;Sheldon Richardson;Myles Garrett;Andrew Sendejo;Terrance Mitchell;Denzel Ward;Ronnie Harrison;Olivier Vernon
2020_07_CLE_CIN,3810,timeout,0.0,,,0.0,2:06,2:06,CLE,27.0,31.0,,0.0,,,0,,,,,,,,,
2020_07_CLE_CIN,3827,run,6.0,12.0,6.0,6.0,2:06,2:00,,27.0,31.0,1.0,10.0,"4 DL, 2 LB, 5 DB",;;;;;;;;;;,11,7,,,,,00-0035631;00-0031622;00-0034762;00-0033009;00-0035266;00-0032549;00-0036410;00-0036442;00-0030456;00-0027942;00-0034951,Drew Sample;Bobby Hart;Billy Price;Tyler Boyd;Mike Jordan;Alex Redmond;Tee Higgins;Joe Burrow;Giovani Bernard;A.J. Green;Fred Johnson,00-0031548;00-0033121;00-0032888;00-0028180;00-0030573;00-0033868;00-0033905;00-0027914;00-0031097;00-0034856;00-0029693,Kevin Johnson;B.J. Goodson;Karl Joseph;Malcolm Smith;Sheldon Richardson;Myles Garrett;Larry Ogunjobi;Andrew Sendejo;Terrance Mitchell;Denzel Ward;Olivier Vernon
2020_07_CLE_CIN,3865,run,1.0,6.0,5.0,5.0,2:00,1:55,,27.0,31.0,2.0,4.0,"4 DL, 2 LB, 5 DB",;;;;;;;;;;,11,7,,,,,00-0036310;00-0035631;00-0034762;00-0035266;00-0032549;00-0036410;00-0036442;00-0030456;00-0027942;00-0034951;00-0034686,Hakeem Adeniji;Drew Sample;Billy Price;Mike Jordan;Alex Redmond;Tee Higgins;Joe Burrow;Giovani Bernard;A.J. Green;Fred Johnson;Auden Tate,00-0031548;00-0033121;00-0028180;00-0030573;00-0033868;00-0033905;00-0027914;00-0034856;00-0031097;00-0034779;00-0029693,Kevin Johnson;B.J. Goodson;Malcolm Smith;Sheldon Richardson;Myles Garrett;Larry Ogunjobi;Andrew Sendejo;Denzel Ward;Terrance Mitchell;Ronnie Harrison;Olivier Vernon
2020_07_CLE_CIN,3890,timeout,0.0,,,0.0,1:55,1:55,CLE,27.0,31.0,,0.0,,,0,,,,,,,,,
2020_07_CLE_CIN,3907,run,2.0,5.0,3.0,46.0,1:55,1:09,,27.0,31.0,3.0,3.0,"4 DL, 2 LB, 5 DB",;;;;;;;;;;,11,6,,,,,00-0036310;00-0035631;00-0033009;00-0034762;00-0035266;00-0032549;00-0036410;00-0036442;00-0030456;00-0027942;00-0034951,Hakeem Adeniji;Drew Sample;Tyler Boyd;Billy Price;Mike Jordan;Alex Redmond;Tee Higgins;Joe Burrow;Giovani Bernard;A.J. Green;Fred Johnson,00-0031548;00-0033121;00-0028180;00-0030573;00-0033868;00-0033905;00-0027914;00-0034856;00-0031097;00-0034779;00-0029693,Kevin Johnson;B.J. Goodson;Malcolm Smith;Sheldon Richardson;Myles Garrett;Larry Ogunjobi;Andrew Sendejo;Denzel Ward;Terrance Mitchell;Ronnie Harrison;Olivier Vernon
2020_07_CLE_CIN,3928,timeout,0.0,,,0.0,1:09,1:09,CIN,27.0,31.0,,0.0,,,0,,,,,,,,,
2020_07_CLE_CIN,3945,pass,3.0,3.0,0.0,3.0,1:09,1:06,,33.0,31.0,4.0,1.0,"6 DL, 3 LB, 2 DB",;;;;;;;;;;,11,10,6,MAN_COVERAGE,COVER_0,False,00-0036310;00-0035631;00-0034762;00-0035266;00-0032549;00-0036442;00-0033798;00-0033114;00-0030456;00-0033526;00-0034951,Hakeem Adeniji;Drew Sample;Billy Price;Mike Jordan;Alex Redmond;Joe Burrow;Mason Schreck;Mike Thomas;Giovani Bernard;Samaje Perine;Fred Johnson,00-0033121;00-0033469;00-0035646;00-0030573;00-0033868;00-0035144;00-0033905;00-0027914;00-0036266;00-0034856;00-0029693,B.J. Goodson;Vincent Taylor;Sione Takitaki;Sheldon Richardson;Myles Garrett;Mack Wilson;Larry Ogunjobi;Andrew Sendejo;Jordan Elliott;Denzel Ward;Olivier Vernon
2020_07_CLE_CIN,3970,extra_point,0.0,15.0,15.0,0.0,1:06,1:06,,34.0,31.0,,0.0,,;;;;;;;;;;,11,,,,,,00-0036310;00-0025630;00-0029421;00-0027103;00-0035631;00-0030449;00-0034762;00-0035266;00-0032549;00-0033798;00-0034951,Hakeem Adeniji;Clark Harris;Randy Bullock;Kevin Huber;Drew Sample;Margus Hunt;Billy Price;Mike Jordan;Alex Redmond;Mason Schreck;Fred Johnson,00-0033121;00-0033469;00-0035646;00-0028180;00-0033868;00-0033905;00-0027914;00-0034977;00-0034856;00-0029693;00-0034488,B.J. Goodson;Vincent Taylor;Sione Takitaki;Malcolm Smith;Myles Garrett;Larry Ogunjobi;Andrew Sendejo;Sheldrick Redwine;Denzel Ward;Olivier Vernon;Tavierre Thomas
2020_07_CLE_CIN,3986,kickoff,0.0,35.0,35.0,0.0,1:06,1:06,,34.0,31.0,,0.0,,;;;;;;;;;;,11,,,,,,00-0034683;00-0029421;00-0033791;00-0036298;00-0030471;00-0035697;00-0036294;00-0034540;00-0036314;00-0033790;00-0033526,Darius Phillips;Randy Bullock;Brandon Wilson;Akeem Davis-Gaither;Shawn Williams;Germaine Pratt;Logan Wilson;Tony Brown;Markus Bailey;Jordan Evans;Samaje Perine,00-0034500;00-0035039;00-0035646;00-0032977;00-0036232;00-0032956;00-0034977;00-0034253;00-0036233;00-0034355;00-0034488,Tae Davis;Stephen Carlson;Sione Takitaki;Rashard Higgins;Harrison Bryant;Andy Janovich;Sheldrick Redwine;Dontrell Hilliard;Donovan Peoples-Jones;M.J. Stewart;Tavierre Thomas
2020_07_CLE_CIN,4001,pass,13.0,75.0,62.0,22.0,1:06,0:44,,34.0,31.0,1.0,10.0,"3 DL, 2 LB, 6 DB",;;;;;;;;;;,11,6,5,ZONE_COVERAGE,COVER_2,True,00-0030076;00-0031382;00-0034855;00-0033057;00-0032977;00-0036232;00-0036267;00-0029963;00-0036233;00-0033923;00-0031426,JC Tretter;Jarvis Landry;Baker Mayfield;Jack Conklin;Rashard Higgins;Harrison Bryant;Jedrick Wills;Chris Hubbard;Donovan Peoples-Jones;Kareem Hunt;Joel Bitonio,00-0034683;00-0036298;00-0030471;00-0033463;00-0027662;00-0036294;00-0032939;00-0034675;00-0032389;00-0032783;00-0027720,Darius Phillips;Akeem Davis-Gaither;Shawn Williams;Carl Lawson;Carlos Dunlap;Logan Wilson;Vonn Bell;Jessie Bates;Mackensie Alexander;LeShaun Sims;Geno Atkins
2020_07_CLE_CIN,4025,pass,8.0,62.0,54.0,5.0,0:44,0:39,,34.0,31.0,1.0,10.0,"3 DL, 2 LB, 6 DB",;;;;;;;;;;,11,5,4,MAN_COVERAGE,COVER_1,False,00-0030076;00-0031382;00-0034855;00-0033057;00-0032977;00-0036232;00-0036267;00-0029963;00-0036233;00-0033923;00-0031426,JC Tretter;Jarvis Landry;Baker Mayfield;Jack Conklin;Rashard Higgins;Harrison Bryant;Jedrick Wills;Chris Hubbard;Donovan Peoples-Jones;Kareem Hunt;Joel Bitonio,00-0034683;00-0036298;00-0030471;00-0033463;00-0036294;00-0027662;00-0032939;00-0034675;00-0032389;00-0032783;00-0027720,Darius Phillips;Akeem Davis-Gaither;Shawn Williams;Carl Lawson;Logan Wilson;Carlos Dunlap;Vonn Bell;Jessie Bates;Mackensie Alexander;LeShaun Sims;Geno Atkins
2020_07_CLE_CIN,4054,pass,30.0,54.0,24.0,22.0,0:39,0:17,,34.0,31.0,2.0,2.0,"3 DL, 2 LB, 6 DB",;;;;;;;;;;,11,6,6,MAN_COVERAGE,COVER_1,False,00-0030076;00-0031382;00-0034855;00-0033057;00-0032977;00-0036232;00-0036267;00-0036233;00-0029963;00-0033923;00-0031426,JC Tretter;Jarvis Landry;Baker Mayfield;Jack Conklin;Rashard Higgins;Harrison Bryant;Jedrick Wills;Donovan Peoples-Jones;Chris Hubbard;Kareem Hunt;Joel Bitonio,00-0034683;00-0036298;00-0030471;00-0033463;00-0036294;00-0027662;00-0032939;00-0034675;00-0032389;00-0032783;00-0027720,Darius Phillips;Akeem Davis-Gaither;Shawn Williams;Carl Lawson;Logan Wilson;Carlos Dunlap;Vonn Bell;Jessie Bates;Mackensie Alexander;LeShaun Sims;Geno Atkins
2020_07_CLE_CIN,4102,qb_spike,0.0,24.0,24.0,1.0,0:17,0:16,,34.0,31.0,1.0,10.0,"3 DL, 2 LB, 6 DB",;;;;;;;;;;,11,7,0,ZONE_COVERAGE,COVER_3,,00-0030076;00-0031382;00-0034855;00-0033057;00-0032977;00-0036232;00-0036267;00-0036233;00-0029963;00-0033923;00-0031426,JC Tretter;Jarvis Landry;Baker Mayfield;Jack Conklin;Rashard Higgins;Harrison Bryant;Jedrick Wills;Donovan Peoples-Jones;Chris Hubbard;Kareem Hunt;Joel Bitonio,00-0034683;00-0036298;00-0030471;00-0033463;00-0027662;00-0036294;00-0032939;00-0034675;00-0032389;00-0032783;00-0027720,Darius Phillips;Akeem Davis-Gaither;Shawn Williams;Carl Lawson;Carlos Dunlap;Logan Wilson;Vonn Bell;Jessie Bates;Mackensie Alexander;LeShaun Sims;Geno Atkins
2020_07_CLE_CIN,4124,timeout,0.0,,,0.0,0:16,0:16,CIN,34.0,31.0,,0.0,,,0,,,,,,,,,
2020_07_CLE_CIN,4141,pass,24.0,24.0,0.0,5.0,0:16,0:11,,34.0,37.0,2.0,10.0,"4 DL, 1 LB, 6 DB",;;;;;;;;;;,11,5,4,MAN_COVERAGE,COVER_1,False,00-0030076;00-0031382;00-0034855;00-0033057;00-0032977;00-0036232;00-0036267;00-0036233;00-0029963;00-0033923;00-0031426,JC Tretter;Jarvis Landry;Baker Mayfield;Jack Conklin;Rashard Higgins;Harrison Bryant;Jedrick Wills;Donovan Peoples-Jones;Chris Hubbard;Kareem Hunt;Joel Bitonio,00-0034683;00-0033791;00-0036298;00-0030449;00-0033463;00-0027662;00-0032939;00-0034675;00-0032389;00-0032783;00-0027720,Darius Phillips;Brandon Wilson;Akeem Davis-Gaither;Margus Hunt;Carl Lawson;Carlos Dunlap;Vonn Bell;Jessie Bates;Mackensie Alexander;LeShaun Sims;Geno Atkins
2020_07_CLE_CIN,4166,extra_point,0.0,15.0,15.0,0.0,0:11,0:11,,34.0,37.0,,0.0,,;;;;;;;;;;,11,,,,,,00-0035042;00-0035039;00-0034495;00-0030850;00-0031921;00-0036232;00-0036267;00-0029008;00-0036236;00-0029963;00-0031426,Jamie Gillan;Stephen Carlson;Evan Brown;Cody Parkey;Kendall Lamm;Harrison Bryant;Jedrick Wills;Charley Hughlett;Nick Harris;Chris Hubbard;Joel Bitonio,00-0034683;00-0031713;00-0030471;00-0030449;00-0027662;00-0035513;00-0032939;00-0034540;00-0033790;00-0031619;00-0028278,Darius Phillips;Xavier Williams;Shawn Williams;Margus Hunt;Carlos Dunlap;Amani Bledsoe;Vonn Bell;Tony Brown;Jordan Evans;Christian Covington;Josh Bynes
2020_07_CLE_CIN,4182,kickoff,0.0,35.0,35.0,7.0,0:11,0:04,,34.0,37.0,,0.0,,;;;;;;;;;;,11,,,,,,00-0034500;00-0035039;00-0035646;00-0032888;00-0030850;00-0032956;00-0034977;00-0034253;00-0034355;00-0034488;00-0034088,Tae Davis;Stephen Carlson;Sione Takitaki;Karl Joseph;Cody Parkey;Andy Janovich;Sheldrick Redwine;Dontrell Hilliard;M.J. Stewart;Tavierre Thomas;Robert Jackson,00-0032543;00-0036298;00-0030471;00-0035631;00-0035697;00-0036294;00-0033790;00-0033798;00-0033114;00-0030456;00-0033526,Alex Erickson;Akeem Davis-Gaither;Shawn Williams;Drew Sample;Germaine Pratt;Logan Wilson;Jordan Evans;Mason Schreck;Mike Thomas;Giovani Bernard;Samaje Perine
2020_07_CLE_CIN,4204,pass,0.0,58.0,58.0,4.0,0:04,0:00,,34.0,37.0,1.0,10.0,"0 DL, 2 LB, 9 DB",;;;;;;;;;;,11,2,2,ZONE_COVERAGE,PREVENT,False,00-0036310;00-0033009;00-0034762;00-0035266;00-0032549;00-0036410;00-0036442;00-0030456;00-0027942;00-0034686;00-0034951,Hakeem Adeniji;Tyler Boyd;Billy Price;Mike Jordan;Alex Redmond;Tee Higgins;Joe Burrow;Giovani Bernard;A.J. Green;Auden Tate;Fred Johnson,00-0031548;00-0033121;00-0036118;00-0032888;00-0028180;00-0027914;00-0034977;00-0034355;00-0034856;00-0031097;00-0034779,Kevin Johnson;B.J. Goodson;Jovante Moffatt;Karl Joseph;Malcolm Smith;Andrew Sendejo;Sheldrick Redwine;M.J. Stewart;Denzel Ward;Terrance Mitchell;Ronnie Harrison
2020_07_CLE_CIN,4226,end_game,,,,0.0,0:00,0:00,,34.0,37.0,,0.0,,,0,,,,,,,,,
