game_id,play_id,play_type,yards_gained,starting_yard,ending_yard,time_of_play,time_on_clock_start,time_on_clock_end,timeout_team,home_team_score,away_team_score,down,yds_to_go,defense_personnel,defense_positions,n_defense,defenders_in_box,number_of_pass_rushers,defense_man_zone_type,defense_coverage_type,was_pressure,offense_player_ids,offense_player_names,defense_player_ids,defense_player_names
2019_11_DAL_DET,1,start_quarter_1,,,,0.0,15:00,15:00,,0.0,0.0,,0.0,,,0,,,,,,,,,
2019_11_DAL_DET,36,kickoff,0.0,35.0,35.0,0.0,15:00,15:00,,0.0,0.0,,0.0,,;;;;;;;;;;,11,,,,,,00-0033572;00-0031796;00-0033557;00-0034433;00-0033779;00-0034639;00-0035270;00-0023853;00-0032470;00-0032399;00-0035327,Jamal Agnew;Justin Coleman;Jalen Reeves-Maybin;Nick Bawden;Dee Virgin;Mike Ford;Amani Oruwariye;Matt Prater;Steve Longa;Miles Killebrew;C.J. Moore,00-0033903;00-0035548;00-0034383;00-0033928;00-0031357;00-0029492;00-0035301;00-0035261;00-0030761;00-0031999;00-0033658,Josh Jones;Ventell Bryant;Dalton Schultz;Jourdan Lewis;C.J. Goodwin;Jamize Olawale;Donovan Wilson;Tony Pollard;Joe Thomas;Justin March;Blake Jarwin
2019_11_DAL_DET,60,pass,0.0,75.0,75.0,4.0,15:00,14:56,,0.0,0.0,1.0,10.0,"3 DL, 3 LB, 5 DB",;;;;;;;;;;,11,6,6,MAN_COVERAGE,COVER_1,False,00-0031544;00-0031534;00-0030546;00-0027947;00-0031410;00-0034764;00-0033077;00-0022127;00-0031402;00-0028002;00-0033045,Amari Cooper;La'el Collins;Travis Frederick;Tyron Smith;Xavier Su'a-Filo;Michael Gallup;Dak Prescott;Jason Witten;Zack Martin;Randall Cobb;Ezekiel Elliott,00-0029040;00-0031796;00-0030062;00-0032889;00-0029410;00-0031130;00-0031566;00-0029901;00-0033539;00-0031241;00-0035655,Damon Harrison;Justin Coleman;Darius Slay;A'Shawn Robinson;Tavon Wilson;Christian Jones;Trey Flowers;Rashaan Melvin;Jarrad Davis;Devon Kennard;Will Harris
2019_11_DAL_DET,82,turnover,2.0,75.0,73.0,7.0,14:56,14:49,,0.0,0.0,2.0,10.0,"3 DL, 3 LB, 5 DB",;;;;;;;;;;,11,6,,,,,00-0033077;00-0034764;00-0022127;00-0030546;00-0031544;00-0031410;00-0027947;00-0031402;00-0033658;00-0033045;00-0031534,Dak Prescott;Michael Gallup;Jason Witten;Travis Frederick;Amari Cooper;Xavier Su'a-Filo;Tyron Smith;Zack Martin;Blake Jarwin;Ezekiel Elliott;La'el Collins,00-0029901;00-0033539;00-0032889;00-0034745;00-0029040;00-0031566;00-0030062;00-0029410;00-0035655;00-0031241;00-0031130,Rashaan Melvin;Jarrad Davis;A'Shawn Robinson;Tracy Walker III;Damon Harrison;Trey Flowers;Darius Slay;Tavon Wilson;Will Harris;Devon Kennard;Christian Jones
2019_11_DAL_DET,119,run,2.0,28.0,26.0,34.0,14:49,14:15,,0.0,0.0,1.0,10.0,"4 DL, 3 LB, 4 DB",;;;;;;;;;;,11,6,,,,,00-0034432;00-0034433;00-0031260;00-0032135;00-0032436;00-0034345;00-0032381;00-0033932;00-0034390;00-0032418;00-0032395,Bo Scarbrough;Nick Bawden;Logan Thomas;Jesse James;Jeff Driskel;Frank Ragnow;Taylor Decker;Kenny Golladay;Tyrell Crosby;Joe Dahl;Graham Glasgow,00-0033083;00-0032239;00-0032871;00-0027663;00-0034674;00-0033548;00-0033579;00-0031411;00-0033052;00-0033131;00-0027952,Darian Thompson;Byron Jones;Antwaun Woods;Sean Lee;Leighton Vander Esch;Chidobe Awuzie;Xavier Woods;DeMarcus Lawrence;Jaylon Smith;Maliek Collins;Robert Quinn
2019_11_DAL_DET,140,pass,5.0,26.0,21.0,35.0,14:15,13:40,,0.0,0.0,2.0,8.0,"4 DL, 3 LB, 4 DB",;;;;;;;;;;,11,6,5,ZONE_COVERAGE,COVER_3,True,00-0034432;00-0031260;00-0032436;00-0029293;00-0034345;00-0032381;00-0033932;00-0034390;00-0035229;00-0032418;00-0032395,Bo Scarbrough;Logan Thomas;Jeff Driskel;Marvin Jones;Frank Ragnow;Taylor Decker;Kenny Golladay;Tyrell Crosby;T.J. Hockenson;Joe Dahl;Graham Glasgow,00-0033083;00-0032239;00-0032871;00-0027663;00-0034674;00-0033548;00-0033579;00-0031411;00-0033052;00-0033131;00-0027952,Darian Thompson;Byron Jones;Antwaun Woods;Sean Lee;Leighton Vander Esch;Chidobe Awuzie;Xavier Woods;DeMarcus Lawrence;Jaylon Smith;Maliek Collins;Robert Quinn
2019_11_DAL_DET,168,pass,11.0,21.0,10.0,31.0,13:40,13:09,,0.0,0.0,3.0,3.0,"4 DL, 2 LB, 5 DB",;;;;;;;;;;,11,5,4,MAN_COVERAGE,COVER_1,False,00-0035537;00-0032436;00-0029293;00-0034345;00-0032381;00-0033932;00-0034390;00-0035229;00-0032418;00-0032395;00-0026035,Ty Johnson;Jeff Driskel;Marvin Jones;Frank Ragnow;Taylor Decker;Kenny Golladay;Tyrell Crosby;T.J. Hockenson;Joe Dahl;Graham Glasgow;Danny Amendola,00-0033083;00-0032239;00-0033928;00-0034674;00-0033548;00-0033579;00-0031411;00-0026618;00-0033052;00-0033131;00-0027952,Darian Thompson;Byron Jones;Jourdan Lewis;Leighton Vander Esch;Chidobe Awuzie;Xavier Woods;DeMarcus Lawrence;Michael Bennett;Jaylon Smith;Maliek Collins;Robert Quinn
2019_11_DAL_DET,203,run,5.0,10.0,5.0,31.0,13:09,12:38,,0.0,0.0,1.0,10.0,"4 DL, 2 LB, 5 DB",;;;;;;;;;;,11,7,,,,,00-0034432;00-0032135;00-0032436;00-0029293;00-0032381;00-0034345;00-0033932;00-0034390;00-0032418;00-0032395;00-0026035,Bo Scarbrough;Jesse James;Jeff Driskel;Marvin Jones;Taylor Decker;Frank Ragnow;Kenny Golladay;Tyrell Crosby;Joe Dahl;Graham Glasgow;Danny Amendola,00-0033083;00-0032871;00-0032239;00-0033548;00-0033928;00-0034674;00-0033579;00-0031411;00-0033052;00-0033131;00-0027952,Darian Thompson;Antwaun Woods;Byron Jones;Chidobe Awuzie;Jourdan Lewis;Leighton Vander Esch;Xavier Woods;DeMarcus Lawrence;Jaylon Smith;Maliek Collins;Robert Quinn
2019_11_DAL_DET,224,run,5.0,5.0,0.0,5.0,12:38,12:33,,6.0,0.0,2.0,5.0,"4 DL, 3 LB, 4 DB",;;;;;;;;;;,11,7,,,,,00-0032381;00-0033932;00-0034432;00-0032418;00-0032395;00-0035229;00-0034390;00-0034345;00-0031260;00-0029293;00-0032436,Taylor Decker;Kenny Golladay;Bo Scarbrough;Joe Dahl;Graham Glasgow;T.J. Hockenson;Tyrell Crosby;Frank Ragnow;Logan Thomas;Marvin Jones;Jeff Driskel,00-0031411;00-0033052;00-0033579;00-0034674;00-0033131;00-0027663;00-0033083;00-0033548;00-0027952;00-0032239;00-0032871,DeMarcus Lawrence;Jaylon Smith;Xavier Woods;Leighton Vander Esch;Maliek Collins;Sean Lee;Darian Thompson;Chidobe Awuzie;Robert Quinn;Byron Jones;Antwaun Woods
2019_11_DAL_DET,257,extra_point,0.0,15.0,15.0,0.0,12:33,12:33,,7.0,0.0,,0.0,,;;;;;;;;;;,11,,,,,,00-0031260;00-0032135;00-0032381;00-0034345;00-0028240;00-0034390;00-0032418;00-0030092;00-0023853;00-0030083;00-0022455,Logan Thomas;Jesse James;Taylor Decker;Frank Ragnow;Kenny Wiggins;Tyrell Crosby;Joe Dahl;Sam Martin;Matt Prater;Oday Aboushi;Don Muhlbach,00-0033083;00-0032239;00-0027663;00-0034674;00-0033579;00-0031357;00-0031411;00-0033052;00-0033131;00-0031619;00-0027952,Darian Thompson;Byron Jones;Sean Lee;Leighton Vander Esch;Xavier Woods;C.J. Goodwin;DeMarcus Lawrence;Jaylon Smith;Maliek Collins;Christian Covington;Robert Quinn
2019_11_DAL_DET,273,kickoff,0.0,35.0,35.0,4.0,12:33,12:29,,7.0,0.0,,0.0,,;;;;;;;;;;,11,,,,,,00-0034433;00-0032470;00-0035327;00-0034639;00-0032399;00-0033557;00-0031796;00-0033572;00-0023853;00-0033779;00-0035270,Nick Bawden;Steve Longa;C.J. Moore;Mike Ford;Miles Killebrew;Jalen Reeves-Maybin;Justin Coleman;Jamal Agnew;Matt Prater;Dee Virgin;Amani Oruwariye,00-0035261;00-0033928;00-0033903;00-0035548;00-0029492;00-0031357;00-0031999;00-0033658;00-0035301;00-0034383;00-0030761,Tony Pollard;Jourdan Lewis;Josh Jones;Ventell Bryant;Jamize Olawale;C.J. Goodwin;Justin March;Blake Jarwin;Donovan Wilson;Dalton Schultz;Joe Thomas
2019_11_DAL_DET,295,run,1.0,86.0,85.0,38.0,12:29,11:51,,7.0,0.0,1.0,10.0,"4 DL, 3 LB, 4 DB",;;;;;;;;;;,11,8,,,,,00-0034383;00-0031534;00-0030546;00-0027947;00-0030525;00-0031410;00-0033077;00-0022127;00-0031402;00-0033045;00-0033658,Dalton Schultz;La'el Collins;Travis Frederick;Tyron Smith;Tavon Austin;Xavier Su'a-Filo;Dak Prescott;Jason Witten;Zack Martin;Ezekiel Elliott;Blake Jarwin,00-0029040;00-0035240;00-0034586;00-0030062;00-0032889;00-0029410;00-0031566;00-0029901;00-0033539;00-0031241;00-0035655,Damon Harrison;Jahlani Tavai;John Atkins;Darius Slay;A'Shawn Robinson;Tavon Wilson;Trey Flowers;Rashaan Melvin;Jarrad Davis;Devon Kennard;Will Harris
2019_11_DAL_DET,316,pass,0.0,85.0,85.0,8.0,11:51,11:43,,7.0,0.0,2.0,9.0,"3 DL, 3 LB, 5 DB",;;;;;;;;;;,11,6,4,ZONE_COVERAGE,COVER_3,True,00-0033077;00-0034764;00-0022127;00-0030546;00-0031544;00-0031410;00-0028002;00-0031402;00-0027947;00-0033045;00-0031534,Dak Prescott;Michael Gallup;Jason Witten;Travis Frederick;Amari Cooper;Xavier Su'a-Filo;Randall Cobb;Zack Martin;Tyron Smith;Ezekiel Elliott;La'el Collins,00-0029901;00-0033539;00-0032889;00-0029040;00-0031796;00-0031566;00-0030062;00-0029410;00-0035240;00-0035655;00-0031241,Rashaan Melvin;Jarrad Davis;A'Shawn Robinson;Damon Harrison;Justin Coleman;Trey Flowers;Darius Slay;Tavon Wilson;Jahlani Tavai;Will Harris;Devon Kennard
2019_11_DAL_DET,338,pass,0.0,85.0,85.0,6.0,11:43,11:37,,7.0,0.0,3.0,9.0,"2 DL, 3 LB, 6 DB",;;;;;;;;;;,11,5,4,MAN_COVERAGE,COVER_1,False,00-0033077;00-0034764;00-0022127;00-0030546;00-0031544;00-0031410;00-0028002;00-0031402;00-0027947;00-0033045;00-0031534,Dak Prescott;Michael Gallup;Jason Witten;Travis Frederick;Amari Cooper;Xavier Su'a-Filo;Randall Cobb;Zack Martin;Tyron Smith;Ezekiel Elliott;La'el Collins,00-0029901;00-0033539;00-0029284;00-0034639;00-0034745;00-0031796;00-0031566;00-0030062;00-0035240;00-0035655;00-0031241,Rashaan Melvin;Jarrad Davis;Mike Daniels;Mike Ford;Tracy Walker III;Justin Coleman;Trey Flowers;Darius Slay;Jahlani Tavai;Will Harris;Devon Kennard
2019_11_DAL_DET,360,punt,0.0,85.0,85.0,10.0,11:37,11:27,,7.0,0.0,4.0,9.0,,;;;;;;;;;;,11,,,,,,00-0033083;00-0035261;00-0034373;00-0035548;00-0029492;00-0031357;00-0023298;00-0031999;00-0028664;00-0033658;00-0030761,Darian Thompson;Tony Pollard;Dorance Armstrong;Ventell Bryant;Jamize Olawale;C.J. Goodwin;L.P. LaDouceur;Justin March;Chris Jones;Blake Jarwin;Joe Thomas,00-0034433;00-0031260;00-0032470;00-0035327;00-0034639;00-0032399;00-0033557;00-0033572;00-0035655;00-0033779;00-0035270,Nick Bawden;Logan Thomas;Steve Longa;C.J. Moore;Mike Ford;Miles Killebrew;Jalen Reeves-Maybin;Jamal Agnew;Will Harris;Dee Virgin;Amani Oruwariye
2019_11_DAL_DET,400,pass,6.0,70.0,64.0,33.0,11:27,10:54,,7.0,0.0,1.0,10.0,"4 DL, 2 LB, 5 DB",;;;;;;;;;;,11,6,4,ZONE_COVERAGE,COVER_4,False,00-0035537;00-0029293;00-0032436;00-0032381;00-0034345;00-0033932;00-0034390;00-0035229;00-0032418;00-0032395;00-0026035,Ty Johnson;Marvin Jones;Jeff Driskel;Taylor Decker;Frank Ragnow;Kenny Golladay;Tyrell Crosby;T.J. Hockenson;Joe Dahl;Graham Glasgow;Danny Amendola,00-0033083;00-0032239;00-0032871;00-0033928;00-0034674;00-0033548;00-0033579;00-0031411;00-0033052;00-0033131;00-0027952,Darian Thompson;Byron Jones;Antwaun Woods;Jourdan Lewis;Leighton Vander Esch;Chidobe Awuzie;Xavier Woods;DeMarcus Lawrence;Jaylon Smith;Maliek Collins;Robert Quinn
2019_11_DAL_DET,433,no_play,0.0,64.0,64.0,17.0,10:54,10:37,,7.0,0.0,2.0,4.0,"4 DL, 2 LB, 5 DB",;;;;;;;;;;,11,,,,,,00-0032381;00-0033932;00-0032418;00-0032395;00-0034390;00-0034345;00-0035537;00-0029293;00-0032436;00-0026035;00-0032135,Taylor Decker;Kenny Golladay;Joe Dahl;Graham Glasgow;Tyrell Crosby;Frank Ragnow;Ty Johnson;Marvin Jones;Jeff Driskel;Danny Amendola;Jesse James,00-0031411;00-0033928;00-0033052;00-0033579;00-0034674;00-0033131;00-0033083;00-0033548;00-0027952;00-0032239;00-0032871,DeMarcus Lawrence;Jourdan Lewis;Jaylon Smith;Xavier Woods;Leighton Vander Esch;Maliek Collins;Darian Thompson;Chidobe Awuzie;Robert Quinn;Byron Jones;Antwaun Woods
2019_11_DAL_DET,456,run,5.0,69.0,64.0,30.0,10:37,10:07,,7.0,0.0,2.0,9.0,"4 DL, 3 LB, 4 DB",;;;;;;;;;;,11,7,,,,,00-0034432;00-0031260;00-0032135;00-0032436;00-0034345;00-0032381;00-0033932;00-0034390;00-0035229;00-0032418;00-0032395,Bo Scarbrough;Logan Thomas;Jesse James;Jeff Driskel;Frank Ragnow;Taylor Decker;Kenny Golladay;Tyrell Crosby;T.J. Hockenson;Joe Dahl;Graham Glasgow,00-0033083;00-0032239;00-0032871;00-0027663;00-0034674;00-0033548;00-0033579;00-0031411;00-0033052;00-0033131;00-0027952,Darian Thompson;Byron Jones;Antwaun Woods;Sean Lee;Leighton Vander Esch;Chidobe Awuzie;Xavier Woods;DeMarcus Lawrence;Jaylon Smith;Maliek Collins;Robert Quinn
2019_11_DAL_DET,477,pass,0.0,64.0,64.0,6.0,10:07,10:01,,7.0,0.0,3.0,4.0,"4 DL, 2 LB, 5 DB",;;;;;;;;;;,11,6,4,MAN_COVERAGE,COVER_1,True,00-0032381;00-0033932;00-0032418;00-0032395;00-0034390;00-0034345;00-0031260;00-0035537;00-0029293;00-0032436;00-0026035,Taylor Decker;Kenny Golladay;Joe Dahl;Graham Glasgow;Tyrell Crosby;Frank Ragnow;Logan Thomas;Ty Johnson;Marvin Jones;Jeff Driskel;Danny Amendola,00-0031411;00-0026618;00-0033928;00-0033052;00-0033579;00-0034674;00-0033131;00-0033083;00-0033548;00-0027952;00-0032239,DeMarcus Lawrence;Michael Bennett;Jourdan Lewis;Jaylon Smith;Xavier Woods;Leighton Vander Esch;Maliek Collins;Darian Thompson;Chidobe Awuzie;Robert Quinn;Byron Jones
2019_11_DAL_DET,499,punt,0.0,64.0,64.0,12.0,10:01,9:49,,7.0,0.0,4.0,4.0,,;;;;;;;;;;,11,,,,,,00-0033557;00-0029410;00-0031130;00-0034433;00-0033779;00-0022455;00-0031260;00-0032470;00-0032399;00-0030092;00-0035327,Jalen Reeves-Maybin;Tavon Wilson;Christian Jones;Nick Bawden;Dee Virgin;Don Muhlbach;Logan Thomas;Steve Longa;Miles Killebrew;Sam Martin;C.J. Moore,00-0033903;00-0035548;00-0030946;00-0033928;00-0031357;00-0029492;00-0030525;00-0030761;00-0031999;00-0033548;00-0034373,Josh Jones;Ventell Bryant;Kerry Hyder;Jourdan Lewis;C.J. Goodwin;Jamize Olawale;Tavon Austin;Joe Thomas;Justin March;Chidobe Awuzie;Dorance Armstrong
2019_11_DAL_DET,524,pass,13.0,86.0,73.0,22.0,9:49,9:27,,7.0,0.0,1.0,10.0,"3 DL, 3 LB, 5 DB",;;;;;;;;;;,11,7,4,ZONE_COVERAGE,COVER_3,False,00-0031544;00-0031534;00-0030546;00-0027947;00-0031410;00-0034764;00-0033077;00-0022127;00-0031402;00-0028002;00-0033045,Amari Cooper;La'el Collins;Travis Frederick;Tyron Smith;Xavier Su'a-Filo;Michael Gallup;Dak Prescott;Jason Witten;Zack Martin;Randall Cobb;Ezekiel Elliott,00-0029040;00-0031796;00-0035240;00-0030062;00-0032889;00-0029410;00-0031130;00-0031566;00-0029901;00-0034745;00-0033539,Damon Harrison;Justin Coleman;Jahlani Tavai;Darius Slay;A'Shawn Robinson;Tavon Wilson;Christian Jones;Trey Flowers;Rashaan Melvin;Tracy Walker III;Jarrad Davis
2019_11_DAL_DET,557,run,7.0,73.0,66.0,32.0,9:27,8:55,,7.0,0.0,1.0,10.0,"3 DL, 3 LB, 5 DB",;;;;;;;;;;,11,6,,,,,00-0031544;00-0031534;00-0030546;00-0027947;00-0031410;00-0034764;00-0033077;00-0022127;00-0031402;00-0028002;00-0033045,Amari Cooper;La'el Collins;Travis Frederick;Tyron Smith;Xavier Su'a-Filo;Michael Gallup;Dak Prescott;Jason Witten;Zack Martin;Randall Cobb;Ezekiel Elliott,00-0029040;00-0031796;00-0035240;00-0030062;00-0032889;00-0029410;00-0031130;00-0031566;00-0029901;00-0034745;00-0033539,Damon Harrison;Justin Coleman;Jahlani Tavai;Darius Slay;A'Shawn Robinson;Tavon Wilson;Christian Jones;Trey Flowers;Rashaan Melvin;Tracy Walker III;Jarrad Davis
2019_11_DAL_DET,578,pass,13.0,66.0,53.0,36.0,8:55,8:19,,7.0,0.0,2.0,3.0,"3 DL, 3 LB, 5 DB",;;;;;;;;;;,11,6,4,MAN_COVERAGE,COVER_1,False,00-0031544;00-0031534;00-0030546;00-0035261;00-0027947;00-0031410;00-0034764;00-0033077;00-0022127;00-0031402;00-0033045,Amari Cooper;La'el Collins;Travis Frederick;Tony Pollard;Tyron Smith;Xavier Su'a-Filo;Michael Gallup;Dak Prescott;Jason Witten;Zack Martin;Ezekiel Elliott,00-0029040;00-0031796;00-0035240;00-0030062;00-0032889;00-0029410;00-0031130;00-0031566;00-0029901;00-0034745;00-0033539,Damon Harrison;Justin Coleman;Jahlani Tavai;Darius Slay;A'Shawn Robinson;Tavon Wilson;Christian Jones;Trey Flowers;Rashaan Melvin;Tracy Walker III;Jarrad Davis
2019_11_DAL_DET,602,pass,7.0,53.0,46.0,43.0,8:19,7:36,,7.0,0.0,1.0,10.0,"4 DL, 3 LB, 4 DB",;;;;;;;;;;,11,6,4,ZONE_COVERAGE,COVER_2,False,00-0031534;00-0030546;00-0029492;00-0027947;00-0030525;00-0031410;00-0034764;00-0033077;00-0022127;00-0031402;00-0033045,La'el Collins;Travis Frederick;Jamize Olawale;Tyron Smith;Tavon Austin;Xavier Su'a-Filo;Michael Gallup;Dak Prescott;Jason Witten;Zack Martin;Ezekiel Elliott,00-0035240;00-0034586;00-0030062;00-0032889;00-0029410;00-0031130;00-0031566;00-0029901;00-0034745;00-0033539;00-0029284,Jahlani Tavai;John Atkins;Darius Slay;A'Shawn Robinson;Tavon Wilson;Christian Jones;Trey Flowers;Rashaan Melvin;Tracy Walker III;Jarrad Davis;Mike Daniels
2019_11_DAL_DET,626,run,3.0,46.0,43.0,41.0,7:36,6:55,,7.0,0.0,2.0,3.0,"4 DL, 3 LB, 4 DB",;;;;;;;;;;,11,8,,,,,00-0031544;00-0031534;00-0030546;00-0029492;00-0027947;00-0031410;00-0034764;00-0033077;00-0022127;00-0031402;00-0033045,Amari Cooper;La'el Collins;Travis Frederick;Jamize Olawale;Tyron Smith;Xavier Su'a-Filo;Michael Gallup;Dak Prescott;Jason Witten;Zack Martin;Ezekiel Elliott,00-0035240;00-0034586;00-0030062;00-0032889;00-0029410;00-0031130;00-0031566;00-0029901;00-0034745;00-0033539;00-0029284,Jahlani Tavai;John Atkins;Darius Slay;A'Shawn Robinson;Tavon Wilson;Christian Jones;Trey Flowers;Rashaan Melvin;Tracy Walker III;Jarrad Davis;Mike Daniels
2019_11_DAL_DET,647,run,6.0,43.0,37.0,34.0,6:55,6:21,,7.0,0.0,1.0,10.0,"3 DL, 3 LB, 5 DB",;;;;;;;;;;,11,6,,,,,00-0031544;00-0031534;00-0030546;00-0027947;00-0031410;00-0034764;00-0033077;00-0022127;00-0031402;00-0028002;00-0033045,Amari Cooper;La'el Collins;Travis Frederick;Tyron Smith;Xavier Su'a-Filo;Michael Gallup;Dak Prescott;Jason Witten;Zack Martin;Randall Cobb;Ezekiel Elliott,00-0031796;00-0035240;00-0034586;00-0030062;00-0029410;00-0031130;00-0031566;00-0029901;00-0034745;00-0033539;00-0029284,Justin Coleman;Jahlani Tavai;John Atkins;Darius Slay;Tavon Wilson;Christian Jones;Trey Flowers;Rashaan Melvin;Tracy Walker III;Jarrad Davis;Mike Daniels
2019_11_DAL_DET,668,pass,0.0,37.0,37.0,5.0,6:21,6:16,,7.0,0.0,2.0,4.0,"3 DL, 3 LB, 5 DB",;;;;;;;;;;,11,7,4,MAN_COVERAGE,COVER_1,True,00-0031544;00-0031534;00-0030546;00-0027947;00-0031410;00-0034764;00-0033077;00-0022127;00-0031402;00-0028002;00-0033045,Amari Cooper;La'el Collins;Travis Frederick;Tyron Smith;Xavier Su'a-Filo;Michael Gallup;Dak Prescott;Jason Witten;Zack Martin;Randall Cobb;Ezekiel Elliott,00-0031796;00-0035240;00-0034586;00-0030062;00-0029410;00-0031130;00-0031566;00-0029901;00-0034745;00-0033539;00-0029284,Justin Coleman;Jahlani Tavai;John Atkins;Darius Slay;Tavon Wilson;Christian Jones;Trey Flowers;Rashaan Melvin;Tracy Walker III;Jarrad Davis;Mike Daniels
2019_11_DAL_DET,690,pass,7.0,37.0,30.0,31.0,6:16,5:45,,7.0,0.0,3.0,4.0,"2 DL, 4 LB, 5 DB",;;;;;;;;;;,11,6,5,MAN_COVERAGE,COVER_1,True,00-0031544;00-0031534;00-0030546;00-0027947;00-0031410;00-0034764;00-0033077;00-0022127;00-0031402;00-0028002;00-0033045,Amari Cooper;La'el Collins;Travis Frederick;Tyron Smith;Xavier Su'a-Filo;Michael Gallup;Dak Prescott;Jason Witten;Zack Martin;Randall Cobb;Ezekiel Elliott,00-0031796;00-0035240;00-0030062;00-0029410;00-0031130;00-0031566;00-0029901;00-0034745;00-0033539;00-0031241;00-0029284,Justin Coleman;Jahlani Tavai;Darius Slay;Tavon Wilson;Christian Jones;Trey Flowers;Rashaan Melvin;Tracy Walker III;Jarrad Davis;Devon Kennard;Mike Daniels
2019_11_DAL_DET,714,no_play,0.0,30.0,30.0,28.0,5:45,5:17,,7.0,0.0,1.0,10.0,"3 DL, 3 LB, 5 DB",;;;;;;;;;;,11,,,,,,00-0031534;00-0030546;00-0035261;00-0027947;00-0030525;00-0031410;00-0034764;00-0033077;00-0022127;00-0031402;00-0028002;00-0033045,La'el Collins;Travis Frederick;Tony Pollard;Tyron Smith;Tavon Austin;Xavier Su'a-Filo;Michael Gallup;Dak Prescott;Jason Witten;Zack Martin;Randall Cobb;Ezekiel Elliott,00-0029040;00-0031796;00-0035240;00-0030062;00-0032889;00-0029410;00-0031130;00-0031566;00-0029901;00-0034745;00-0033539,Damon Harrison;Justin Coleman;Jahlani Tavai;Darius Slay;A'Shawn Robinson;Tavon Wilson;Christian Jones;Trey Flowers;Rashaan Melvin;Tracy Walker III;Jarrad Davis
2019_11_DAL_DET,737,timeout,0.0,,,0.0,5:17,5:17,DAL,7.0,0.0,,0.0,,,0,,,,,,,,,
2019_11_DAL_DET,754,pass,12.0,35.0,23.0,22.0,5:17,4:55,,7.0,0.0,1.0,15.0,"3 DL, 3 LB, 5 DB",;;;;;;;;;;,11,6,4,MAN_COVERAGE,COVER_1,False,00-0031534;00-0030546;00-0027947;00-0030525;00-0031410;00-0034764;00-0033077;00-0022127;00-0031402;00-0028002;00-0033045,La'el Collins;Travis Frederick;Tyron Smith;Tavon Austin;Xavier Su'a-Filo;Michael Gallup;Dak Prescott;Jason Witten;Zack Martin;Randall Cobb;Ezekiel Elliott,00-0029040;00-0031796;00-0035240;00-0030062;00-0032889;00-0029410;00-0031566;00-0029901;00-0034745;00-0033539;00-0031241,Damon Harrison;Justin Coleman;Jahlani Tavai;Darius Slay;A'Shawn Robinson;Tavon Wilson;Trey Flowers;Rashaan Melvin;Tracy Walker III;Jarrad Davis;Devon Kennard
2019_11_DAL_DET,783,pass,14.0,23.0,9.0,39.0,4:55,4:16,,7.0,0.0,2.0,3.0,"3 DL, 3 LB, 5 DB",;;;;;;;;;;,11,6,3,MAN_COVERAGE,COVER_1,False,00-0031544;00-0031534;00-0030546;00-0027947;00-0031410;00-0034764;00-0033077;00-0022127;00-0031402;00-0028002;00-0033045,Amari Cooper;La'el Collins;Travis Frederick;Tyron Smith;Xavier Su'a-Filo;Michael Gallup;Dak Prescott;Jason Witten;Zack Martin;Randall Cobb;Ezekiel Elliott,00-0029040;00-0031796;00-0035240;00-0030062;00-0032889;00-0029410;00-0031566;00-0029901;00-0034745;00-0033539;00-0031241,Damon Harrison;Justin Coleman;Jahlani Tavai;Darius Slay;A'Shawn Robinson;Tavon Wilson;Trey Flowers;Rashaan Melvin;Tracy Walker III;Jarrad Davis;Devon Kennard
2019_11_DAL_DET,807,run,2.0,9.0,7.0,37.0,4:16,3:39,,7.0,0.0,1.0,9.0,"4 DL, 3 LB, 4 DB",;;;;;;;;;;,11,8,,,,,00-0034383;00-0031534;00-0030546;00-0027947;00-0030525;00-0031410;00-0033077;00-0022127;00-0031402;00-0033045;00-0033658,Dalton Schultz;La'el Collins;Travis Frederick;Tyron Smith;Tavon Austin;Xavier Su'a-Filo;Dak Prescott;Jason Witten;Zack Martin;Ezekiel Elliott;Blake Jarwin,00-0029040;00-0035240;00-0034586;00-0030062;00-0032889;00-0029410;00-0031566;00-0029901;00-0034745;00-0033539;00-0031241,Damon Harrison;Jahlani Tavai;John Atkins;Darius Slay;A'Shawn Robinson;Tavon Wilson;Trey Flowers;Rashaan Melvin;Tracy Walker III;Jarrad Davis;Devon Kennard
2019_11_DAL_DET,828,run,5.0,7.0,2.0,35.0,3:39,3:04,,7.0,0.0,2.0,7.0,"3 DL, 3 LB, 5 DB",;;;;;;;;;;,11,6,3,,,,00-0031544;00-0031534;00-0030546;00-0027947;00-0031410;00-0034764;00-0033077;00-0022127;00-0031402;00-0028002;00-0033045,Amari Cooper;La'el Collins;Travis Frederick;Tyron Smith;Xavier Su'a-Filo;Michael Gallup;Dak Prescott;Jason Witten;Zack Martin;Randall Cobb;Ezekiel Elliott,00-0029040;00-0031796;00-0035240;00-0030062;00-0032889;00-0029410;00-0031566;00-0029901;00-0034745;00-0033539;00-0031241,Damon Harrison;Justin Coleman;Jahlani Tavai;Darius Slay;A'Shawn Robinson;Tavon Wilson;Trey Flowers;Rashaan Melvin;Tracy Walker III;Jarrad Davis;Devon Kennard
2019_11_DAL_DET,863,pass,-10.0,2.0,12.0,42.0,3:04,2:22,,7.0,0.0,3.0,2.0,"3 DL, 3 LB, 5 DB",;;;;;;;;;;,11,7,6,,,,00-0031544;00-0031534;00-0030546;00-0027947;00-0031410;00-0034764;00-0033077;00-0022127;00-0031402;00-0028002;00-0033045,Amari Cooper;La'el Collins;Travis Frederick;Tyron Smith;Xavier Su'a-Filo;Michael Gallup;Dak Prescott;Jason Witten;Zack Martin;Randall Cobb;Ezekiel Elliott,00-0029040;00-0031796;00-0035240;00-0034586;00-0030062;00-0032889;00-0029410;00-0029901;00-0034745;00-0033539;00-0031241,Damon Harrison;Justin Coleman;Jahlani Tavai;John Atkins;Darius Slay;A'Shawn Robinson;Tavon Wilson;Rashaan Melvin;Tracy Walker III;Jarrad Davis;Devon Kennard
2019_11_DAL_DET,882,field_goal,0.0,12.0,12.0,4.0,2:22,2:18,,7.0,3.0,4.0,12.0,,;;;;;;;;;;,11,,,,,,00-0031067;00-0029278;00-0031534;00-0030546;00-0023298;00-0027947;00-0028664;00-0030332;00-0022127;00-0031402;00-0035418,Cameron Fleming;Joe Looney;La'el Collins;Travis Frederick;L.P. LaDouceur;Tyron Smith;Chris Jones;Brett Maher;Jason Witten;Zack Martin;Brandon Knight,00-0035240;00-0034586;00-0031130;00-0033779;00-0034639;00-0031566;00-0032399;00-0033539;00-0028240;00-0031241;00-0035655,Jahlani Tavai;John Atkins;Christian Jones;Dee Virgin;Mike Ford;Trey Flowers;Miles Killebrew;Jarrad Davis;Kenny Wiggins;Devon Kennard;Will Harris
2019_11_DAL_DET,901,kickoff,0.0,35.0,35.0,0.0,2:18,2:18,,7.0,3.0,,0.0,,;;;;;;;;;;,11,,,,,,00-0033903;00-0035548;00-0031357;00-0029492;00-0035301;00-0030761;00-0031999;00-0033083;00-0030332;00-0034373;00-0032239,Josh Jones;Ventell Bryant;C.J. Goodwin;Jamize Olawale;Donovan Wilson;Joe Thomas;Justin March;Darian Thompson;Brett Maher;Dorance Armstrong;Byron Jones,00-0033572;00-0033557;00-0034433;00-0033779;00-0033094;00-0034639;00-0031260;00-0032470;00-0032399;00-0035327;00-0032135,Jamal Agnew;Jalen Reeves-Maybin;Nick Bawden;Dee Virgin;Marvin Hall;Mike Ford;Logan Thomas;Steve Longa;Miles Killebrew;C.J. Moore;Jesse James
2019_11_DAL_DET,922,run,4.0,75.0,71.0,34.0,2:18,1:44,,7.0,3.0,1.0,10.0,"4 DL, 3 LB, 4 DB",;;;;;;;;;;,11,7,,,,,00-0032381;00-0033932;00-0034432;00-0032418;00-0035229;00-0034390;00-0034345;00-0031260;00-0032436;00-0028240;00-0032135,Taylor Decker;Kenny Golladay;Bo Scarbrough;Joe Dahl;T.J. Hockenson;Tyrell Crosby;Frank Ragnow;Logan Thomas;Jeff Driskel;Kenny Wiggins;Jesse James,00-0026618;00-0030946;00-0033052;00-0033579;00-0034674;00-0027663;00-0033083;00-0033548;00-0034373;00-0032239;00-0032871,Michael Bennett;Kerry Hyder;Jaylon Smith;Xavier Woods;Leighton Vander Esch;Sean Lee;Darian Thompson;Chidobe Awuzie;Dorance Armstrong;Byron Jones;Antwaun Woods
2019_11_DAL_DET,943,pass,0.0,71.0,71.0,6.0,1:44,1:38,,7.0,3.0,2.0,6.0,"4 DL, 2 LB, 5 DB",;;;;;;;;;;,11,5,4,MAN_COVERAGE,COVER_1,False,00-0032381;00-0033932;00-0032418;00-0035229;00-0034390;00-0034345;00-0035537;00-0029293;00-0032436;00-0026035;00-0028240,Taylor Decker;Kenny Golladay;Joe Dahl;T.J. Hockenson;Tyrell Crosby;Frank Ragnow;Ty Johnson;Marvin Jones;Jeff Driskel;Danny Amendola;Kenny Wiggins,00-0026618;00-0030946;00-0033052;00-0033579;00-0034674;00-0033047;00-0033083;00-0033548;00-0034373;00-0032239;00-0032871,Michael Bennett;Kerry Hyder;Jaylon Smith;Xavier Woods;Leighton Vander Esch;Anthony Brown;Darian Thompson;Chidobe Awuzie;Dorance Armstrong;Byron Jones;Antwaun Woods
2019_11_DAL_DET,965,pass,0.0,71.0,71.0,10.0,1:38,1:28,,7.0,3.0,3.0,6.0,"4 DL, 2 LB, 5 DB",;;;;;;;;;;,11,6,4,ZONE_COVERAGE,COVER_3,True,00-0032381;00-0033932;00-0032418;00-0034390;00-0034345;00-0031260;00-0029293;00-0032436;00-0026035;00-0028240;00-0032602,Taylor Decker;Kenny Golladay;Joe Dahl;Tyrell Crosby;Frank Ragnow;Logan Thomas;Marvin Jones;Jeff Driskel;Danny Amendola;Kenny Wiggins;J.D. McKissic,00-0031411;00-0030946;00-0026618;00-0033052;00-0033579;00-0034674;00-0033047;00-0033083;00-0033548;00-0027952;00-0032239,DeMarcus Lawrence;Kerry Hyder;Michael Bennett;Jaylon Smith;Xavier Woods;Leighton Vander Esch;Anthony Brown;Darian Thompson;Chidobe Awuzie;Robert Quinn;Byron Jones
2019_11_DAL_DET,987,punt,0.0,71.0,71.0,7.0,1:28,1:21,,7.0,3.0,4.0,6.0,,;;;;;;;;;;,11,,,,,,00-0033557;00-0029410;00-0031130;00-0034433;00-0033779;00-0022455;00-0031260;00-0032470;00-0032399;00-0030092;00-0035327,Jalen Reeves-Maybin;Tavon Wilson;Christian Jones;Nick Bawden;Dee Virgin;Don Muhlbach;Logan Thomas;Steve Longa;Miles Killebrew;Sam Martin;C.J. Moore,00-0033903;00-0035548;00-0033928;00-0031357;00-0029492;00-0035301;00-0030525;00-0030761;00-0031999;00-0033548;00-0034373,Josh Jones;Ventell Bryant;Jourdan Lewis;C.J. Goodwin;Jamize Olawale;Donovan Wilson;Tavon Austin;Joe Thomas;Justin March;Chidobe Awuzie;Dorance Armstrong
2019_11_DAL_DET,1015,pass,23.0,70.0,47.0,30.0,1:21,0:51,,7.0,3.0,1.0,10.0,"4 DL, 3 LB, 4 DB",;;;;;;;;;;,11,7,5,ZONE_COVERAGE,COVER_3,False,00-0031544;00-0031534;00-0030546;00-0035261;00-0027947;00-0031410;00-0034764;00-0033077;00-0022127;00-0031402;00-0033658,Amari Cooper;La'el Collins;Travis Frederick;Tony Pollard;Tyron Smith;Xavier Su'a-Filo;Michael Gallup;Dak Prescott;Jason Witten;Zack Martin;Blake Jarwin,00-0029040;00-0035240;00-0034586;00-0030062;00-0032889;00-0031130;00-0031566;00-0034745;00-0029901;00-0031241;00-0035655,Damon Harrison;Jahlani Tavai;John Atkins;Darius Slay;A'Shawn Robinson;Christian Jones;Trey Flowers;Tracy Walker III;Rashaan Melvin;Devon Kennard;Will Harris
2019_11_DAL_DET,1039,run,7.0,47.0,40.0,35.0,0:51,0:16,,7.0,3.0,1.0,10.0,"4 DL, 3 LB, 4 DB",;;;;;;;;;;,11,7,,,,,00-0031544;00-0031534;00-0030546;00-0029492;00-0035261;00-0027947;00-0031410;00-0034764;00-0033077;00-0022127;00-0031402,Amari Cooper;La'el Collins;Travis Frederick;Jamize Olawale;Tony Pollard;Tyron Smith;Xavier Su'a-Filo;Michael Gallup;Dak Prescott;Jason Witten;Zack Martin,00-0029040;00-0035240;00-0034586;00-0030062;00-0032889;00-0031130;00-0031566;00-0029901;00-0034745;00-0031241;00-0035655,Damon Harrison;Jahlani Tavai;John Atkins;Darius Slay;A'Shawn Robinson;Christian Jones;Trey Flowers;Rashaan Melvin;Tracy Walker III;Devon Kennard;Will Harris
2019_11_DAL_DET,1066,pass,0.0,40.0,40.0,5.0,0:16,0:11,,7.0,3.0,2.0,3.0,"3 DL, 3 LB, 5 DB",;;;;;;;;;;,11,6,4,MAN_COVERAGE,COVER_1,True,00-0031544;00-0031534;00-0030546;00-0035261;00-0027947;00-0031410;00-0034764;00-0033077;00-0022127;00-0031402;00-0028002,Amari Cooper;La'el Collins;Travis Frederick;Tony Pollard;Tyron Smith;Xavier Su'a-Filo;Michael Gallup;Dak Prescott;Jason Witten;Zack Martin;Randall Cobb,00-0029040;00-0031796;00-0035240;00-0030062;00-0032889;00-0031130;00-0031566;00-0029901;00-0034745;00-0031241;00-0035655,Damon Harrison;Justin Coleman;Jahlani Tavai;Darius Slay;A'Shawn Robinson;Christian Jones;Trey Flowers;Rashaan Melvin;Tracy Walker III;Devon Kennard;Will Harris
2019_11_DAL_DET,1100,pass,14.0,40.0,26.0,11.0,0:11,0:00,,7.0,3.0,3.0,3.0,"2 DL, 3 LB, 6 DB",;;;;;;;;;;,11,5,4,MAN_COVERAGE,COVER_1,False,00-0031534;00-0030546;00-0035261;00-0027947;00-0030525;00-0031410;00-0034764;00-0033077;00-0031402;00-0028002;00-0033658,La'el Collins;Travis Frederick;Tony Pollard;Tyron Smith;Tavon Austin;Xavier Su'a-Filo;Michael Gallup;Dak Prescott;Zack Martin;Randall Cobb;Blake Jarwin,00-0031796;00-0035240;00-0030062;00-0031130;00-0034639;00-0031566;00-0029901;00-0034745;00-0031241;00-0029284;00-0035655,Justin Coleman;Jahlani Tavai;Darius Slay;Christian Jones;Mike Ford;Trey Flowers;Rashaan Melvin;Tracy Walker III;Devon Kennard;Mike Daniels;Will Harris
2019_11_DAL_DET,1135,start_quarter_2,,,,0.0,0:00,0:00,,7.0,3.0,,0.0,,,0,,,,,,,,,
2019_11_DAL_DET,1152,pass,0.0,26.0,26.0,6.0,15:00,14:54,,7.0,3.0,1.0,10.0,"3 DL, 3 LB, 5 DB",;;;;;;;;;;,11,7,4,MAN_COVERAGE,COVER_1,False,00-0031544;00-0031534;00-0030546;00-0029492;00-0035261;00-0027947;00-0031410;00-0034764;00-0033077;00-0022127;00-0031402,Amari Cooper;La'el Collins;Travis Frederick;Jamize Olawale;Tony Pollard;Tyron Smith;Xavier Su'a-Filo;Michael Gallup;Dak Prescott;Jason Witten;Zack Martin,00-0029040;00-0035240;00-0030062;00-0032889;00-0029410;00-0031130;00-0031566;00-0029901;00-0034745;00-0031241;00-0035655,Damon Harrison;Jahlani Tavai;Darius Slay;A'Shawn Robinson;Tavon Wilson;Christian Jones;Trey Flowers;Rashaan Melvin;Tracy Walker III;Devon Kennard;Will Harris
2019_11_DAL_DET,1174,run,5.0,26.0,21.0,35.0,14:54,14:19,,7.0,3.0,2.0,10.0,"3 DL, 3 LB, 5 DB",;;;;;;;;;;,11,6,,,,,00-0031534;00-0030546;00-0035261;00-0027947;00-0030525;00-0031410;00-0034764;00-0033077;00-0022127;00-0031402;00-0028002,La'el Collins;Travis Frederick;Tony Pollard;Tyron Smith;Tavon Austin;Xavier Su'a-Filo;Michael Gallup;Dak Prescott;Jason Witten;Zack Martin;Randall Cobb,00-0029040;00-0031796;00-0035240;00-0030062;00-0032889;00-0031130;00-0031566;00-0029901;00-0034745;00-0031241;00-0035655,Damon Harrison;Justin Coleman;Jahlani Tavai;Darius Slay;A'Shawn Robinson;Christian Jones;Trey Flowers;Rashaan Melvin;Tracy Walker III;Devon Kennard;Will Harris
2019_11_DAL_DET,1195,pass,21.0,21.0,0.0,9.0,14:19,14:10,,7.0,9.0,3.0,5.0,"2 DL, 3 LB, 6 DB",;;;;;;;;;;,11,4,4,MAN_COVERAGE,COVER_1,False,00-0031534;00-0030546;00-0035261;00-0027947;00-0030525;00-0031410;00-0034764;00-0033077;00-0022127;00-0031402;00-0028002,La'el Collins;Travis Frederick;Tony Pollard;Tyron Smith;Tavon Austin;Xavier Su'a-Filo;Michael Gallup;Dak Prescott;Jason Witten;Zack Martin;Randall Cobb,00-0031796;00-0035240;00-0030062;00-0031130;00-0034639;00-0031566;00-0029901;00-0034745;00-0031241;00-0029284;00-0035655,Justin Coleman;Jahlani Tavai;Darius Slay;Christian Jones;Mike Ford;Trey Flowers;Rashaan Melvin;Tracy Walker III;Devon Kennard;Mike Daniels;Will Harris
2019_11_DAL_DET,1220,extra_point,0.0,15.0,15.0,0.0,14:10,14:10,,7.0,10.0,,0.0,,;;;;;;;;;;,11,,,,,,00-0031067;00-0029278;00-0031534;00-0030546;00-0023298;00-0027947;00-0028664;00-0030332;00-0022127;00-0031402;00-0035418,Cameron Fleming;Joe Looney;La'el Collins;Travis Frederick;L.P. LaDouceur;Tyron Smith;Chris Jones;Brett Maher;Jason Witten;Zack Martin;Brandon Knight,00-0035240;00-0034586;00-0031130;00-0033779;00-0034639;00-0031566;00-0032399;00-0033539;00-0028240;00-0031241;00-0035655,Jahlani Tavai;John Atkins;Christian Jones;Dee Virgin;Mike Ford;Trey Flowers;Miles Killebrew;Jarrad Davis;Kenny Wiggins;Devon Kennard;Will Harris
2019_11_DAL_DET,1236,kickoff,0.0,35.0,35.0,0.0,14:10,14:10,,7.0,10.0,,0.0,,;;;;;;;;;;,11,,,,,,00-0033903;00-0035548;00-0031357;00-0029492;00-0035301;00-0030761;00-0031999;00-0033083;00-0030332;00-0034373;00-0032239,Josh Jones;Ventell Bryant;C.J. Goodwin;Jamize Olawale;Donovan Wilson;Joe Thomas;Justin March;Darian Thompson;Brett Maher;Dorance Armstrong;Byron Jones,00-0033572;00-0033557;00-0034433;00-0033779;00-0033094;00-0034639;00-0031260;00-0032470;00-0032399;00-0035327;00-0032135,Jamal Agnew;Jalen Reeves-Maybin;Nick Bawden;Dee Virgin;Marvin Hall;Mike Ford;Logan Thomas;Steve Longa;Miles Killebrew;C.J. Moore;Jesse James
2019_11_DAL_DET,1260,pass,-7.0,75.0,82.0,43.0,14:10,13:27,,7.0,10.0,1.0,10.0,"4 DL, 3 LB, 4 DB",;;;;;;;;;;,11,7,4,,,,00-0032381;00-0032395;00-0033094;00-0035229;00-0034390;00-0034345;00-0035537;00-0029293;00-0032436;00-0028240;00-0032602,Taylor Decker;Graham Glasgow;Marvin Hall;T.J. Hockenson;Tyrell Crosby;Frank Ragnow;Ty Johnson;Marvin Jones;Jeff Driskel;Kenny Wiggins;J.D. McKissic,00-0031411;00-0033052;00-0033579;00-0034674;00-0033131;00-0027663;00-0033083;00-0033548;00-0027952;00-0031619;00-0032239,DeMarcus Lawrence;Jaylon Smith;Xavier Woods;Leighton Vander Esch;Maliek Collins;Sean Lee;Darian Thompson;Chidobe Awuzie;Robert Quinn;Christian Covington;Byron Jones
2019_11_DAL_DET,1279,run,2.0,82.0,80.0,38.0,13:27,12:49,,7.0,10.0,2.0,17.0,"4 DL, 2 LB, 5 DB",;;;;;;;;;;,11,5,,,,,00-0032381;00-0033932;00-0032395;00-0033094;00-0035229;00-0034390;00-0034345;00-0029293;00-0032436;00-0028240;00-0032602,Taylor Decker;Kenny Golladay;Graham Glasgow;Marvin Hall;T.J. Hockenson;Tyrell Crosby;Frank Ragnow;Marvin Jones;Jeff Driskel;Kenny Wiggins;J.D. McKissic,00-0031411;00-0033928;00-0033052;00-0033579;00-0034674;00-0033131;00-0033083;00-0033548;00-0027952;00-0031619;00-0032239,DeMarcus Lawrence;Jourdan Lewis;Jaylon Smith;Xavier Woods;Leighton Vander Esch;Maliek Collins;Darian Thompson;Chidobe Awuzie;Robert Quinn;Christian Covington;Byron Jones
2019_11_DAL_DET,1300,pass,0.0,80.0,80.0,6.0,12:49,12:43,,7.0,10.0,3.0,15.0,"4 DL, 2 LB, 5 DB",;;;;;;;;;;,11,4,4,ZONE_COVERAGE,COVER_2,False,00-0032381;00-0033932;00-0032395;00-0033094;00-0035229;00-0034390;00-0034345;00-0029293;00-0032436;00-0028240;00-0032602,Taylor Decker;Kenny Golladay;Graham Glasgow;Marvin Hall;T.J. Hockenson;Tyrell Crosby;Frank Ragnow;Marvin Jones;Jeff Driskel;Kenny Wiggins;J.D. McKissic,00-0031411;00-0026618;00-0033928;00-0033052;00-0033579;00-0034674;00-0033131;00-0033083;00-0033548;00-0027952;00-0032239,DeMarcus Lawrence;Michael Bennett;Jourdan Lewis;Jaylon Smith;Xavier Woods;Leighton Vander Esch;Maliek Collins;Darian Thompson;Chidobe Awuzie;Robert Quinn;Byron Jones
2019_11_DAL_DET,1322,punt,0.0,80.0,80.0,14.0,12:43,12:29,,7.0,10.0,4.0,15.0,,;;;;;;;;;;,11,,,,,,00-0033557;00-0029410;00-0031130;00-0034433;00-0033779;00-0022455;00-0031260;00-0032470;00-0032399;00-0030092;00-0035327,Jalen Reeves-Maybin;Tavon Wilson;Christian Jones;Nick Bawden;Dee Virgin;Don Muhlbach;Logan Thomas;Steve Longa;Miles Killebrew;Sam Martin;C.J. Moore,00-0033903;00-0035548;00-0033928;00-0031357;00-0029492;00-0035301;00-0030525;00-0030761;00-0031999;00-0033548;00-0034373,Josh Jones;Ventell Bryant;Jourdan Lewis;C.J. Goodwin;Jamize Olawale;Donovan Wilson;Tavon Austin;Joe Thomas;Justin March;Chidobe Awuzie;Dorance Armstrong
2019_11_DAL_DET,1358,pass,11.0,85.0,74.0,28.0,12:29,12:01,,7.0,10.0,1.0,10.0,"4 DL, 3 LB, 4 DB",;;;;;;;;;;,11,8,4,ZONE_COVERAGE,COVER_3,False,00-0031544;00-0034383;00-0031534;00-0030546;00-0029492;00-0027947;00-0031410;00-0034764;00-0033077;00-0031402;00-0033045,Amari Cooper;Dalton Schultz;La'el Collins;Travis Frederick;Jamize Olawale;Tyron Smith;Xavier Su'a-Filo;Michael Gallup;Dak Prescott;Zack Martin;Ezekiel Elliott,00-0029040;00-0035240;00-0034586;00-0030062;00-0029410;00-0031130;00-0031566;00-0029901;00-0033539;00-0029284;00-0035655,Damon Harrison;Jahlani Tavai;John Atkins;Darius Slay;Tavon Wilson;Christian Jones;Trey Flowers;Rashaan Melvin;Jarrad Davis;Mike Daniels;Will Harris
2019_11_DAL_DET,1387,run,1.0,74.0,73.0,34.0,12:01,11:27,,7.0,10.0,1.0,10.0,"2 DL, 4 LB, 5 DB",;;;;;;;;;;,11,7,,,,,00-0035548;00-0031534;00-0030546;00-0027947;00-0030525;00-0031410;00-0033077;00-0031402;00-0028002;00-0033045;00-0033658,Ventell Bryant;La'el Collins;Travis Frederick;Tyron Smith;Tavon Austin;Xavier Su'a-Filo;Dak Prescott;Zack Martin;Randall Cobb;Ezekiel Elliott;Blake Jarwin,00-0029040;00-0031796;00-0035240;00-0034586;00-0030062;00-0029410;00-0031130;00-0029901;00-0033539;00-0031241;00-0035655,Damon Harrison;Justin Coleman;Jahlani Tavai;John Atkins;Darius Slay;Tavon Wilson;Christian Jones;Rashaan Melvin;Jarrad Davis;Devon Kennard;Will Harris
2019_11_DAL_DET,1408,pass,0.0,73.0,73.0,4.0,11:27,11:23,,7.0,10.0,2.0,9.0,"2 DL, 4 LB, 5 DB",;;;;;;;;;;,11,6,5,MAN_COVERAGE,COVER_1,True,00-0030546;00-0031534;00-0027947;00-0030525;00-0031410;00-0034764;00-0033077;00-0031402;00-0033658;00-0033045;00-0028002,Travis Frederick;La'el Collins;Tyron Smith;Tavon Austin;Xavier Su'a-Filo;Michael Gallup;Dak Prescott;Zack Martin;Blake Jarwin;Ezekiel Elliott;Randall Cobb,00-0029040;00-0031796;00-0035240;00-0034586;00-0030062;00-0029410;00-0031130;00-0029901;00-0033539;00-0031241;00-0035655,Damon Harrison;Justin Coleman;Jahlani Tavai;John Atkins;Darius Slay;Tavon Wilson;Christian Jones;Rashaan Melvin;Jarrad Davis;Devon Kennard;Will Harris
2019_11_DAL_DET,1430,pass,0.0,73.0,73.0,6.0,11:23,11:17,,7.0,10.0,3.0,9.0,"2 DL, 3 LB, 6 DB",;;;;;;;;;;,11,5,4,ZONE_COVERAGE,COVER_2,True,00-0031544;00-0031534;00-0030546;00-0027947;00-0031410;00-0034764;00-0033077;00-0031402;00-0028002;00-0033045;00-0033658,Amari Cooper;La'el Collins;Travis Frederick;Tyron Smith;Xavier Su'a-Filo;Michael Gallup;Dak Prescott;Zack Martin;Randall Cobb;Ezekiel Elliott;Blake Jarwin,00-0031796;00-0035240;00-0030062;00-0029410;00-0031130;00-0034639;00-0031566;00-0029901;00-0033539;00-0029284;00-0035655,Justin Coleman;Jahlani Tavai;Darius Slay;Tavon Wilson;Christian Jones;Mike Ford;Trey Flowers;Rashaan Melvin;Jarrad Davis;Mike Daniels;Will Harris
2019_11_DAL_DET,1452,punt,0.0,73.0,73.0,14.0,11:17,11:03,,7.0,10.0,4.0,9.0,,;;;;;;;;;;,11,,,,,,00-0035548;00-0031357;00-0029492;00-0023298;00-0035261;00-0030761;00-0031999;00-0033083;00-0028664;00-0034373;00-0033658,Ventell Bryant;C.J. Goodwin;Jamize Olawale;L.P. LaDouceur;Tony Pollard;Joe Thomas;Justin March;Darian Thompson;Chris Jones;Dorance Armstrong;Blake Jarwin,00-0033572;00-0033557;00-0034433;00-0033779;00-0034639;00-0031260;00-0035270;00-0032470;00-0032399;00-0035655;00-0035327,Jamal Agnew;Jalen Reeves-Maybin;Nick Bawden;Dee Virgin;Mike Ford;Logan Thomas;Amani Oruwariye;Steve Longa;Miles Killebrew;Will Harris;C.J. Moore
2019_11_DAL_DET,1483,run,10.0,45.0,35.0,33.0,11:03,10:30,,7.0,10.0,1.0,10.0,"4 DL, 2 LB, 5 DB",;;;;;;;;;;,11,7,5,,,,00-0032381;00-0033932;00-0034432;00-0032418;00-0032395;00-0035229;00-0034390;00-0034345;00-0029293;00-0032436;00-0026035,Taylor Decker;Kenny Golladay;Bo Scarbrough;Joe Dahl;Graham Glasgow;T.J. Hockenson;Tyrell Crosby;Frank Ragnow;Marvin Jones;Jeff Driskel;Danny Amendola,00-0026618;00-0033928;00-0033052;00-0033579;00-0034674;00-0033131;00-0033083;00-0033548;00-0027952;00-0032239;00-0032871,Michael Bennett;Jourdan Lewis;Jaylon Smith;Xavier Woods;Leighton Vander Esch;Maliek Collins;Darian Thompson;Chidobe Awuzie;Robert Quinn;Byron Jones;Antwaun Woods
2019_11_DAL_DET,1504,no_play,0.0,35.0,35.0,26.0,10:30,10:04,,7.0,10.0,1.0,10.0,"4 DL, 3 LB, 4 DB",;;;;;;;;;;,11,7,,,,,00-0032381;00-0034432;00-0032418;00-0032395;00-0034433;00-0035229;00-0033094;00-0034390;00-0034345;00-0029293;00-0032436,Taylor Decker;Bo Scarbrough;Joe Dahl;Graham Glasgow;Nick Bawden;T.J. Hockenson;Marvin Hall;Tyrell Crosby;Frank Ragnow;Marvin Jones;Jeff Driskel,00-0026618;00-0033052;00-0033579;00-0034674;00-0027663;00-0033131;00-0033083;00-0033548;00-0027952;00-0032239;00-0032871,Michael Bennett;Jaylon Smith;Xavier Woods;Leighton Vander Esch;Sean Lee;Maliek Collins;Darian Thompson;Chidobe Awuzie;Robert Quinn;Byron Jones;Antwaun Woods
2019_11_DAL_DET,1541,run,0.0,30.0,30.0,38.0,10:04,9:26,,7.0,10.0,1.0,5.0,"4 DL, 3 LB, 4 DB",;;;;;;;;;;,11,8,,,,,00-0032381;00-0034432;00-0032418;00-0032395;00-0033094;00-0035229;00-0034390;00-0034345;00-0031260;00-0032436;00-0028240,Taylor Decker;Bo Scarbrough;Joe Dahl;Graham Glasgow;Marvin Hall;T.J. Hockenson;Tyrell Crosby;Frank Ragnow;Logan Thomas;Jeff Driskel;Kenny Wiggins,00-0026618;00-0033052;00-0033579;00-0034674;00-0027663;00-0033131;00-0033083;00-0033548;00-0027952;00-0032239;00-0032871,Michael Bennett;Jaylon Smith;Xavier Woods;Leighton Vander Esch;Sean Lee;Maliek Collins;Darian Thompson;Chidobe Awuzie;Robert Quinn;Byron Jones;Antwaun Woods
2019_11_DAL_DET,1564,pass,0.0,30.0,30.0,30.0,9:26,8:56,,7.0,10.0,2.0,5.0,"4 DL, 3 LB, 4 DB",;;;;;;;;;;,11,7,6,,,,00-0032381;00-0034432;00-0032418;00-0032395;00-0033094;00-0035229;00-0034390;00-0034345;00-0031260;00-0029293;00-0032436,Taylor Decker;Bo Scarbrough;Joe Dahl;Graham Glasgow;Marvin Hall;T.J. Hockenson;Tyrell Crosby;Frank Ragnow;Logan Thomas;Marvin Jones;Jeff Driskel,00-0026618;00-0033052;00-0033579;00-0034674;00-0033131;00-0027663;00-0033083;00-0033548;00-0027952;00-0032239;00-0032871,Michael Bennett;Jaylon Smith;Xavier Woods;Leighton Vander Esch;Maliek Collins;Sean Lee;Darian Thompson;Chidobe Awuzie;Robert Quinn;Byron Jones;Antwaun Woods
2019_11_DAL_DET,1583,run,5.0,30.0,25.0,27.0,8:56,8:29,,7.0,10.0,3.0,5.0,"4 DL, 1 LB, 6 DB",;;;;;;;;;;,11,5,,,,,00-0032381;00-0033932;00-0032418;00-0032395;00-0035229;00-0034390;00-0034345;00-0029293;00-0032436;00-0026035;00-0032602,Taylor Decker;Kenny Golladay;Joe Dahl;Graham Glasgow;T.J. Hockenson;Tyrell Crosby;Frank Ragnow;Marvin Jones;Jeff Driskel;Danny Amendola;J.D. McKissic,00-0031411;00-0026618;00-0033928;00-0033052;00-0033579;00-0033047;00-0033131;00-0033083;00-0033548;00-0027952;00-0032239,DeMarcus Lawrence;Michael Bennett;Jourdan Lewis;Jaylon Smith;Xavier Woods;Anthony Brown;Maliek Collins;Darian Thompson;Chidobe Awuzie;Robert Quinn;Byron Jones
2019_11_DAL_DET,1604,timeout,0.0,,,0.0,8:29,8:29,DAL,7.0,10.0,,0.0,,,0,,,,,,,,,
2019_11_DAL_DET,1621,run,23.0,25.0,2.0,40.0,8:29,7:49,,7.0,10.0,1.0,10.0,"4 DL, 3 LB, 4 DB",;;;;;;;;;;,11,6,,,,,00-0032381;00-0033932;00-0034432;00-0032418;00-0032395;00-0034390;00-0034345;00-0029293;00-0032436;00-0026035;00-0032135,Taylor Decker;Kenny Golladay;Bo Scarbrough;Joe Dahl;Graham Glasgow;Tyrell Crosby;Frank Ragnow;Marvin Jones;Jeff Driskel;Danny Amendola;Jesse James,00-0031411;00-0030946;00-0033052;00-0033579;00-0034674;00-0027663;00-0033083;00-0033548;00-0034373;00-0031619;00-0032239,DeMarcus Lawrence;Kerry Hyder;Jaylon Smith;Xavier Woods;Leighton Vander Esch;Sean Lee;Darian Thompson;Chidobe Awuzie;Dorance Armstrong;Christian Covington;Byron Jones
2019_11_DAL_DET,1642,run,2.0,2.0,0.0,3.0,7:49,7:46,,13.0,10.0,1.0,2.0,"4 DL, 3 LB, 4 DB",;;;;;;;;;;,11,7,,,,,00-0032381;00-0033932;00-0034432;00-0032418;00-0032395;00-0035229;00-0034390;00-0034345;00-0029293;00-0032436;00-0026035,Taylor Decker;Kenny Golladay;Bo Scarbrough;Joe Dahl;Graham Glasgow;T.J. Hockenson;Tyrell Crosby;Frank Ragnow;Marvin Jones;Jeff Driskel;Danny Amendola,00-0031411;00-0030946;00-0033052;00-0033579;00-0034674;00-0027663;00-0033083;00-0033548;00-0034373;00-0031619;00-0032239,DeMarcus Lawrence;Kerry Hyder;Jaylon Smith;Xavier Woods;Leighton Vander Esch;Sean Lee;Darian Thompson;Chidobe Awuzie;Dorance Armstrong;Christian Covington;Byron Jones
2019_11_DAL_DET,1664,extra_point,0.0,15.0,15.0,0.0,7:46,7:46,,14.0,10.0,,0.0,,;;;;;;;;;;,11,,,,,,00-0032381;00-0030083;00-0032418;00-0022455;00-0034390;00-0031260;00-0034345;00-0023853;00-0030092;00-0028240;00-0032135,Taylor Decker;Oday Aboushi;Joe Dahl;Don Muhlbach;Tyrell Crosby;Logan Thomas;Frank Ragnow;Matt Prater;Sam Martin;Kenny Wiggins;Jesse James,00-0031411;00-0033052;00-0033579;00-0031357;00-0034674;00-0027663;00-0033131;00-0033083;00-0027952;00-0031619;00-0032239,DeMarcus Lawrence;Jaylon Smith;Xavier Woods;C.J. Goodwin;Leighton Vander Esch;Sean Lee;Maliek Collins;Darian Thompson;Robert Quinn;Christian Covington;Byron Jones
2019_11_DAL_DET,1680,kickoff,0.0,35.0,35.0,0.0,7:46,7:46,,14.0,10.0,,0.0,,;;;;;;;;;;,11,,,,,,00-0033572;00-0031796;00-0033557;00-0034433;00-0033779;00-0034639;00-0035270;00-0023853;00-0032470;00-0032399;00-0035327,Jamal Agnew;Justin Coleman;Jalen Reeves-Maybin;Nick Bawden;Dee Virgin;Mike Ford;Amani Oruwariye;Matt Prater;Steve Longa;Miles Killebrew;C.J. Moore,00-0033903;00-0035548;00-0034383;00-0033928;00-0031357;00-0029492;00-0035301;00-0035261;00-0030761;00-0031999;00-0033658,Josh Jones;Ventell Bryant;Dalton Schultz;Jourdan Lewis;C.J. Goodwin;Jamize Olawale;Donovan Wilson;Tony Pollard;Joe Thomas;Justin March;Blake Jarwin
2019_11_DAL_DET,1695,run,9.0,75.0,66.0,32.0,7:46,7:14,,14.0,10.0,1.0,10.0,"2 DL, 4 LB, 5 DB",;;;;;;;;;;,11,7,,,,,00-0031544;00-0031534;00-0030546;00-0027947;00-0031410;00-0034764;00-0033077;00-0022127;00-0031402;00-0028002;00-0033045,Amari Cooper;La'el Collins;Travis Frederick;Tyron Smith;Xavier Su'a-Filo;Michael Gallup;Dak Prescott;Jason Witten;Zack Martin;Randall Cobb;Ezekiel Elliott,00-0031796;00-0035240;00-0034586;00-0030062;00-0032889;00-0029410;00-0031130;00-0029901;00-0033539;00-0031241;00-0035655,Justin Coleman;Jahlani Tavai;John Atkins;Darius Slay;A'Shawn Robinson;Tavon Wilson;Christian Jones;Rashaan Melvin;Jarrad Davis;Devon Kennard;Will Harris
2019_11_DAL_DET,1721,pass,15.0,66.0,51.0,41.0,7:14,6:33,,14.0,10.0,2.0,1.0,"4 DL, 3 LB, 4 DB",;;;;;;;;;;,11,8,5,MAN_COVERAGE,COVER_1,False,00-0031544;00-0031534;00-0030546;00-0027947;00-0031410;00-0034764;00-0033077;00-0022127;00-0031402;00-0033045;00-0033658,Amari Cooper;La'el Collins;Travis Frederick;Tyron Smith;Xavier Su'a-Filo;Michael Gallup;Dak Prescott;Jason Witten;Zack Martin;Ezekiel Elliott;Blake Jarwin,00-0035240;00-0034586;00-0030062;00-0032889;00-0029410;00-0031130;00-0031566;00-0029901;00-0033539;00-0029284;00-0035655,Jahlani Tavai;John Atkins;Darius Slay;A'Shawn Robinson;Tavon Wilson;Christian Jones;Trey Flowers;Rashaan Melvin;Jarrad Davis;Mike Daniels;Will Harris
2019_11_DAL_DET,1745,pass,0.0,51.0,51.0,7.0,6:33,6:26,,14.0,10.0,1.0,10.0,"3 DL, 3 LB, 5 DB",;;;;;;;;;;,11,6,3,ZONE_COVERAGE,COVER_2,True,00-0031534;00-0030546;00-0027947;00-0030525;00-0031410;00-0033077;00-0022127;00-0031402;00-0028002;00-0033045;00-0033658,La'el Collins;Travis Frederick;Tyron Smith;Tavon Austin;Xavier Su'a-Filo;Dak Prescott;Jason Witten;Zack Martin;Randall Cobb;Ezekiel Elliott;Blake Jarwin,00-0031796;00-0035240;00-0034586;00-0030062;00-0032889;00-0029410;00-0031130;00-0029901;00-0033539;00-0029284;00-0035655,Justin Coleman;Jahlani Tavai;John Atkins;Darius Slay;A'Shawn Robinson;Tavon Wilson;Christian Jones;Rashaan Melvin;Jarrad Davis;Mike Daniels;Will Harris
2019_11_DAL_DET,1767,run,1.0,51.0,50.0,40.0,6:26,5:46,,14.0,10.0,2.0,10.0,"3 DL, 3 LB, 5 DB",;;;;;;;;;;,11,6,,,,,00-0031544;00-0031534;00-0030546;00-0027947;00-0031410;00-0034764;00-0033077;00-0022127;00-0031402;00-0028002;00-0033045,Amari Cooper;La'el Collins;Travis Frederick;Tyron Smith;Xavier Su'a-Filo;Michael Gallup;Dak Prescott;Jason Witten;Zack Martin;Randall Cobb;Ezekiel Elliott,00-0031796;00-0035240;00-0034586;00-0030062;00-0032889;00-0029410;00-0031130;00-0029901;00-0033539;00-0029284;00-0035655,Justin Coleman;Jahlani Tavai;John Atkins;Darius Slay;A'Shawn Robinson;Tavon Wilson;Christian Jones;Rashaan Melvin;Jarrad Davis;Mike Daniels;Will Harris
2019_11_DAL_DET,1788,pass,41.0,50.0,9.0,24.0,5:46,5:22,,14.0,10.0,3.0,9.0,"1 DL, 4 LB, 6 DB",;;;;;;;;;;,11,5,4,MAN_COVERAGE,COVER_1,False,00-0031544;00-0031534;00-0030546;00-0027947;00-0031410;00-0034764;00-0033077;00-0022127;00-0031402;00-0033045;00-0028002,Amari Cooper;La'el Collins;Travis Frederick;Tyron Smith;Xavier Su'a-Filo;Michael Gallup;Dak Prescott;Jason Witten;Zack Martin;Ezekiel Elliott;Randall Cobb,00-0031796;00-0033557;00-0030062;00-0029410;00-0031130;00-0034639;00-0031566;00-0029901;00-0033539;00-0031241;00-0035655,Justin Coleman;Jalen Reeves-Maybin;Darius Slay;Tavon Wilson;Christian Jones;Mike Ford;Trey Flowers;Rashaan Melvin;Jarrad Davis;Devon Kennard;Will Harris
2019_11_DAL_DET,1823,run,8.0,9.0,1.0,40.0,5:22,4:42,,14.0,10.0,1.0,9.0,"3 DL, 3 LB, 5 DB",;;;;;;;;;;,11,6,,,,,00-0031544;00-0031534;00-0030546;00-0027947;00-0031410;00-0034764;00-0033077;00-0022127;00-0031402;00-0028002;00-0033045,Amari Cooper;La'el Collins;Travis Frederick;Tyron Smith;Xavier Su'a-Filo;Michael Gallup;Dak Prescott;Jason Witten;Zack Martin;Randall Cobb;Ezekiel Elliott,00-0029040;00-0031796;00-0035240;00-0030062;00-0032889;00-0029410;00-0031130;00-0031566;00-0029901;00-0033539;00-0035655,Damon Harrison;Justin Coleman;Jahlani Tavai;Darius Slay;A'Shawn Robinson;Tavon Wilson;Christian Jones;Trey Flowers;Rashaan Melvin;Jarrad Davis;Will Harris
2019_11_DAL_DET,1844,run,1.0,1.0,0.0,5.0,4:42,4:37,,14.0,16.0,2.0,1.0,"5 DL, 4 LB, 2 DB",;;;;;;;;;;,11,10,,,,,00-0031067;00-0031534;00-0030546;00-0029492;00-0027947;00-0031410;00-0033077;00-0022127;00-0031402;00-0033045;00-0033658,Cameron Fleming;La'el Collins;Travis Frederick;Jamize Olawale;Tyron Smith;Xavier Su'a-Filo;Dak Prescott;Jason Witten;Zack Martin;Ezekiel Elliott;Blake Jarwin,00-0029040;00-0033557;00-0035240;00-0034586;00-0032889;00-0029410;00-0031566;00-0033539;00-0031241;00-0035655;00-0029284,Damon Harrison;Jalen Reeves-Maybin;Jahlani Tavai;John Atkins;A'Shawn Robinson;Tavon Wilson;Trey Flowers;Jarrad Davis;Devon Kennard;Will Harris;Mike Daniels
2019_11_DAL_DET,1868,extra_point,0.0,15.0,15.0,0.0,4:37,4:37,,14.0,17.0,,0.0,,;;;;;;;;;;,11,,,,,,00-0031067;00-0029278;00-0031534;00-0030546;00-0023298;00-0027947;00-0028664;00-0030332;00-0022127;00-0031402;00-0035418,Cameron Fleming;Joe Looney;La'el Collins;Travis Frederick;L.P. LaDouceur;Tyron Smith;Chris Jones;Brett Maher;Jason Witten;Zack Martin;Brandon Knight,00-0035240;00-0032889;00-0031130;00-0033779;00-0034639;00-0031566;00-0032399;00-0033539;00-0028240;00-0031241;00-0035655,Jahlani Tavai;A'Shawn Robinson;Christian Jones;Dee Virgin;Mike Ford;Trey Flowers;Miles Killebrew;Jarrad Davis;Kenny Wiggins;Devon Kennard;Will Harris
2019_11_DAL_DET,1884,kickoff,0.0,35.0,35.0,7.0,4:37,4:30,,14.0,17.0,,0.0,,;;;;;;;;;;,11,,,,,,00-0033903;00-0035548;00-0031357;00-0029492;00-0035301;00-0030761;00-0031999;00-0033083;00-0030332;00-0034373;00-0032239,Josh Jones;Ventell Bryant;C.J. Goodwin;Jamize Olawale;Donovan Wilson;Joe Thomas;Justin March;Darian Thompson;Brett Maher;Dorance Armstrong;Byron Jones,00-0033572;00-0033557;00-0034433;00-0033779;00-0033094;00-0034639;00-0031260;00-0032470;00-0032399;00-0035327;00-0032135,Jamal Agnew;Jalen Reeves-Maybin;Nick Bawden;Dee Virgin;Marvin Hall;Mike Ford;Logan Thomas;Steve Longa;Miles Killebrew;C.J. Moore;Jesse James
2019_11_DAL_DET,1919,no_play,0.0,85.0,85.0,22.0,4:30,4:08,,14.0,17.0,1.0,10.0,"4 DL, 2 LB, 5 DB",;;;;;;;;;;,11,7,,,,,00-0032381;00-0033932;00-0034432;00-0032418;00-0032395;00-0035229;00-0034390;00-0034345;00-0029293;00-0032436;00-0026035,Taylor Decker;Kenny Golladay;Bo Scarbrough;Joe Dahl;Graham Glasgow;T.J. Hockenson;Tyrell Crosby;Frank Ragnow;Marvin Jones;Jeff Driskel;Danny Amendola,00-0031411;00-0026618;00-0033052;00-0033579;00-0034674;00-0033047;00-0033131;00-0033083;00-0033548;00-0032239;00-0032871,DeMarcus Lawrence;Michael Bennett;Jaylon Smith;Xavier Woods;Leighton Vander Esch;Anthony Brown;Maliek Collins;Darian Thompson;Chidobe Awuzie;Byron Jones;Antwaun Woods
2019_11_DAL_DET,1972,pass,22.0,92.0,70.0,45.0,4:08,3:23,,14.0,17.0,1.0,17.0,"4 DL, 2 LB, 5 DB",;;;;;;;;;;,11,7,4,ZONE_COVERAGE,COVER_3,False,00-0032381;00-0033932;00-0032418;00-0032395;00-0035229;00-0034390;00-0034345;00-0029293;00-0032436;00-0026035;00-0032602,Taylor Decker;Kenny Golladay;Joe Dahl;Graham Glasgow;T.J. Hockenson;Tyrell Crosby;Frank Ragnow;Marvin Jones;Jeff Driskel;Danny Amendola;J.D. McKissic,00-0031411;00-0026618;00-0033052;00-0033579;00-0034674;00-0033047;00-0033131;00-0033083;00-0033548;00-0032239;00-0032871,DeMarcus Lawrence;Michael Bennett;Jaylon Smith;Xavier Woods;Leighton Vander Esch;Anthony Brown;Maliek Collins;Darian Thompson;Chidobe Awuzie;Byron Jones;Antwaun Woods
2019_11_DAL_DET,1996,run,-6.0,70.0,76.0,39.0,3:23,2:44,,14.0,17.0,1.0,10.0,"4 DL, 3 LB, 4 DB",;;;;;;;;;;,11,7,,,,,00-0032381;00-0033932;00-0034432;00-0032418;00-0032395;00-0034390;00-0034345;00-0031260;00-0029293;00-0032436;00-0032135,Taylor Decker;Kenny Golladay;Bo Scarbrough;Joe Dahl;Graham Glasgow;Tyrell Crosby;Frank Ragnow;Logan Thomas;Marvin Jones;Jeff Driskel;Jesse James,00-0031411;00-0026618;00-0033052;00-0033579;00-0034674;00-0027663;00-0033131;00-0033083;00-0033548;00-0032239;00-0032871,DeMarcus Lawrence;Michael Bennett;Jaylon Smith;Xavier Woods;Leighton Vander Esch;Sean Lee;Maliek Collins;Darian Thompson;Chidobe Awuzie;Byron Jones;Antwaun Woods
2019_11_DAL_DET,2017,pass,7.0,76.0,69.0,44.0,2:44,2:00,,14.0,17.0,2.0,16.0,"4 DL, 2 LB, 5 DB",;;;;;;;;;;,11,6,4,ZONE_COVERAGE,COVER_2,True,00-0032381;00-0033932;00-0034432;00-0032418;00-0032395;00-0035229;00-0034390;00-0034345;00-0029293;00-0032436;00-0026035,Taylor Decker;Kenny Golladay;Bo Scarbrough;Joe Dahl;Graham Glasgow;T.J. Hockenson;Tyrell Crosby;Frank Ragnow;Marvin Jones;Jeff Driskel;Danny Amendola,00-0031411;00-0026618;00-0033052;00-0033579;00-0034674;00-0033047;00-0033131;00-0033083;00-0033548;00-0032239;00-0032871,DeMarcus Lawrence;Michael Bennett;Jaylon Smith;Xavier Woods;Leighton Vander Esch;Anthony Brown;Maliek Collins;Darian Thompson;Chidobe Awuzie;Byron Jones;Antwaun Woods
2019_11_DAL_DET,2058,pass,0.0,69.0,69.0,4.0,2:00,1:56,,14.0,17.0,3.0,9.0,"4 DL, 2 LB, 5 DB",;;;;;;;;;;,11,6,5,MAN_COVERAGE,COVER_1,True,00-0032381;00-0033932;00-0032418;00-0032395;00-0035229;00-0034390;00-0034345;00-0035537;00-0029293;00-0032436;00-0026035,Taylor Decker;Kenny Golladay;Joe Dahl;Graham Glasgow;T.J. Hockenson;Tyrell Crosby;Frank Ragnow;Ty Johnson;Marvin Jones;Jeff Driskel;Danny Amendola,00-0031411;00-0026618;00-0033052;00-0033579;00-0034674;00-0033047;00-0033131;00-0033083;00-0033548;00-0027952;00-0032239,DeMarcus Lawrence;Michael Bennett;Jaylon Smith;Xavier Woods;Leighton Vander Esch;Anthony Brown;Maliek Collins;Darian Thompson;Chidobe Awuzie;Robert Quinn;Byron Jones
2019_11_DAL_DET,2080,punt,0.0,69.0,69.0,8.0,1:56,1:48,,14.0,17.0,4.0,9.0,,;;;;;;;;;;,11,,,,,,00-0033557;00-0035240;00-0029410;00-0031130;00-0033779;00-0022455;00-0031260;00-0032470;00-0032399;00-0030092;00-0035327,Jalen Reeves-Maybin;Jahlani Tavai;Tavon Wilson;Christian Jones;Dee Virgin;Don Muhlbach;Logan Thomas;Steve Longa;Miles Killebrew;Sam Martin;C.J. Moore,00-0033903;00-0035548;00-0033928;00-0031357;00-0029492;00-0035301;00-0030525;00-0030761;00-0031999;00-0033548;00-0034373,Josh Jones;Ventell Bryant;Jourdan Lewis;C.J. Goodwin;Jamize Olawale;Donovan Wilson;Tavon Austin;Joe Thomas;Justin March;Chidobe Awuzie;Dorance Armstrong
2019_11_DAL_DET,2108,pass,10.0,83.0,73.0,6.0,1:48,1:42,,14.0,17.0,1.0,10.0,"3 DL, 3 LB, 5 DB",;;;;;;;;;;,11,6,4,MAN_COVERAGE,COVER_1,False,00-0031544;00-0031534;00-0030546;00-0027947;00-0031410;00-0034764;00-0033077;00-0022127;00-0031402;00-0028002;00-0033045,Amari Cooper;La'el Collins;Travis Frederick;Tyron Smith;Xavier Su'a-Filo;Michael Gallup;Dak Prescott;Jason Witten;Zack Martin;Randall Cobb;Ezekiel Elliott,00-0029040;00-0031796;00-0030062;00-0032889;00-0029410;00-0031130;00-0031566;00-0029901;00-0033539;00-0031241;00-0035655,Damon Harrison;Justin Coleman;Darius Slay;A'Shawn Robinson;Tavon Wilson;Christian Jones;Trey Flowers;Rashaan Melvin;Jarrad Davis;Devon Kennard;Will Harris
2019_11_DAL_DET,2137,pass,49.0,73.0,24.0,45.0,1:42,0:57,,14.0,17.0,1.0,10.0,"3 DL, 2 LB, 6 DB",;;;;;;;;;;,11,6,4,MAN_COVERAGE,COVER_1,True,00-0031534;00-0030546;00-0027947;00-0030525;00-0031410;00-0034764;00-0033077;00-0022127;00-0031402;00-0028002;00-0033045,La'el Collins;Travis Frederick;Tyron Smith;Tavon Austin;Xavier Su'a-Filo;Michael Gallup;Dak Prescott;Jason Witten;Zack Martin;Randall Cobb;Ezekiel Elliott,00-0031796;00-0030062;00-0032889;00-0029410;00-0031566;00-0035270;00-0029901;00-0033539;00-0031241;00-0029284;00-0035655,Justin Coleman;Darius Slay;A'Shawn Robinson;Tavon Wilson;Trey Flowers;Amani Oruwariye;Rashaan Melvin;Jarrad Davis;Devon Kennard;Mike Daniels;Will Harris
2019_11_DAL_DET,2161,pass,5.0,24.0,19.0,24.0,0:57,0:33,,14.0,17.0,1.0,10.0,"3 DL, 2 LB, 6 DB",;;;;;;;;;;,11,6,4,MAN_COVERAGE,COVER_1,False,00-0031534;00-0030546;00-0027947;00-0030525;00-0031410;00-0034764;00-0033077;00-0022127;00-0031402;00-0028002;00-0033045,La'el Collins;Travis Frederick;Tyron Smith;Tavon Austin;Xavier Su'a-Filo;Michael Gallup;Dak Prescott;Jason Witten;Zack Martin;Randall Cobb;Ezekiel Elliott,00-0031796;00-0030062;00-0032889;00-0029410;00-0031566;00-0035270;00-0029901;00-0033539;00-0031241;00-0029284;00-0035655,Justin Coleman;Darius Slay;A'Shawn Robinson;Tavon Wilson;Trey Flowers;Amani Oruwariye;Rashaan Melvin;Jarrad Davis;Devon Kennard;Mike Daniels;Will Harris
2019_11_DAL_DET,2185,pass,19.0,19.0,0.0,6.0,0:33,0:27,,14.0,23.0,2.0,5.0,"3 DL, 2 LB, 6 DB",;;;;;;;;;;,11,6,4,MAN_COVERAGE,COVER_1,False,00-0033077;00-0034764;00-0022127;00-0030546;00-0031544;00-0031410;00-0028002;00-0031402;00-0027947;00-0033045;00-0031534,Dak Prescott;Michael Gallup;Jason Witten;Travis Frederick;Amari Cooper;Xavier Su'a-Filo;Randall Cobb;Zack Martin;Tyron Smith;Ezekiel Elliott;La'el Collins,00-0029901;00-0033539;00-0029284;00-0032889;00-0031796;00-0031566;00-0030062;00-0029410;00-0035655;00-0035270;00-0031241,Rashaan Melvin;Jarrad Davis;Mike Daniels;A'Shawn Robinson;Justin Coleman;Trey Flowers;Darius Slay;Tavon Wilson;Will Harris;Amani Oruwariye;Devon Kennard
2019_11_DAL_DET,2221,extra_point,0.0,15.0,15.0,0.0,0:27,0:27,,14.0,24.0,,0.0,,;;;;;;;;;;,11,,,,,,00-0031067;00-0029278;00-0031534;00-0030546;00-0023298;00-0027947;00-0030332;00-0028664;00-0022127;00-0031402;00-0035418,Cameron Fleming;Joe Looney;La'el Collins;Travis Frederick;L.P. LaDouceur;Tyron Smith;Brett Maher;Chris Jones;Jason Witten;Zack Martin;Brandon Knight,00-0035240;00-0032889;00-0031130;00-0033779;00-0031566;00-0034639;00-0032399;00-0033539;00-0028240;00-0031241;00-0035655,Jahlani Tavai;A'Shawn Robinson;Christian Jones;Dee Virgin;Trey Flowers;Mike Ford;Miles Killebrew;Jarrad Davis;Kenny Wiggins;Devon Kennard;Will Harris
2019_11_DAL_DET,2261,timeout,0.0,,,0.0,0:27,0:27,DET,14.0,24.0,,0.0,,,0,,,,,,,,,
2019_11_DAL_DET,2281,kickoff,0.0,65.0,65.0,1.0,0:27,0:26,,14.0,24.0,,0.0,,;;;;;;;;;;,11,,,,,,00-0033903;00-0035548;00-0033928;00-0033579;00-0031357;00-0029492;00-0035301;00-0030761;00-0031999;00-0033083;00-0030332,Josh Jones;Ventell Bryant;Jourdan Lewis;Xavier Woods;C.J. Goodwin;Jamize Olawale;Donovan Wilson;Joe Thomas;Justin March;Darian Thompson;Brett Maher,00-0033557;00-0033932;00-0035240;00-0035229;00-0031260;00-0029293;00-0032470;00-0032399;00-0033539;00-0026035;00-0032135,Jalen Reeves-Maybin;Kenny Golladay;Jahlani Tavai;T.J. Hockenson;Logan Thomas;Marvin Jones;Steve Longa;Miles Killebrew;Jarrad Davis;Danny Amendola;Jesse James
2019_11_DAL_DET,2303,no_play,0.0,85.0,85.0,7.0,0:26,0:19,,14.0,24.0,1.0,10.0,"4 DL, 2 LB, 5 DB",;;;;;;;;;;,11,6,,,,,00-0032381;00-0033932;00-0034432;00-0032418;00-0032395;00-0035229;00-0034390;00-0034345;00-0029293;00-0032436;00-0026035,Taylor Decker;Kenny Golladay;Bo Scarbrough;Joe Dahl;Graham Glasgow;T.J. Hockenson;Tyrell Crosby;Frank Ragnow;Marvin Jones;Jeff Driskel;Danny Amendola,00-0026618;00-0033928;00-0030946;00-0033052;00-0033579;00-0034674;00-0033131;00-0033083;00-0033548;00-0034373;00-0032239,Michael Bennett;Jourdan Lewis;Kerry Hyder;Jaylon Smith;Xavier Woods;Leighton Vander Esch;Maliek Collins;Darian Thompson;Chidobe Awuzie;Dorance Armstrong;Byron Jones
2019_11_DAL_DET,2343,qb_kneel,-1.0,92.0,93.0,19.0,0:19,0:00,,14.0,24.0,1.0,17.0,"4 DL, 3 LB, 4 DB",;;;;;;;;;;,11,8,,,,,00-0032381;00-0033932;00-0034432;00-0032418;00-0032395;00-0035229;00-0034390;00-0034345;00-0031260;00-0029293;00-0032436,Taylor Decker;Kenny Golladay;Bo Scarbrough;Joe Dahl;Graham Glasgow;T.J. Hockenson;Tyrell Crosby;Frank Ragnow;Logan Thomas;Marvin Jones;Jeff Driskel,00-0030946;00-0026618;00-0033052;00-0033579;00-0034674;00-0027663;00-0033131;00-0033083;00-0033548;00-0034373;00-0032239,Kerry Hyder;Michael Bennett;Jaylon Smith;Xavier Woods;Leighton Vander Esch;Sean Lee;Maliek Collins;Darian Thompson;Chidobe Awuzie;Dorance Armstrong;Byron Jones
2019_11_DAL_DET,2364,start_quarter_3,,,,0.0,0:00,0:00,,14.0,24.0,,0.0,,,0,,,,,,,,,
2019_11_DAL_DET,2390,kickoff,0.0,35.0,35.0,0.0,15:00,15:00,,14.0,24.0,,0.0,,;;;;;;;;;;,11,,,,,,00-0033903;00-0035548;00-0033579;00-0031357;00-0029492;00-0035301;00-0030761;00-0031999;00-0033083;00-0030332;00-0034373,Josh Jones;Ventell Bryant;Xavier Woods;C.J. Goodwin;Jamize Olawale;Donovan Wilson;Joe Thomas;Justin March;Darian Thompson;Brett Maher;Dorance Armstrong,00-0033572;00-0033557;00-0033779;00-0033094;00-0034639;00-0031260;00-0035537;00-0032470;00-0032399;00-0035327;00-0032135,Jamal Agnew;Jalen Reeves-Maybin;Dee Virgin;Marvin Hall;Mike Ford;Logan Thomas;Ty Johnson;Steve Longa;Miles Killebrew;C.J. Moore;Jesse James
2019_11_DAL_DET,2411,pass,2.0,75.0,73.0,34.0,15:00,14:26,,14.0,24.0,1.0,10.0,"4 DL, 3 LB, 4 DB",;;;;;;;;;;,11,8,4,ZONE_COVERAGE,COVER_3,False,00-0032381;00-0033932;00-0034432;00-0032418;00-0032395;00-0035229;00-0034390;00-0034345;00-0031260;00-0029293;00-0032436,Taylor Decker;Kenny Golladay;Bo Scarbrough;Joe Dahl;Graham Glasgow;T.J. Hockenson;Tyrell Crosby;Frank Ragnow;Logan Thomas;Marvin Jones;Jeff Driskel,00-0031411;00-0033052;00-0033579;00-0034674;00-0027663;00-0033131;00-0033083;00-0033548;00-0027952;00-0032239;00-0032871,DeMarcus Lawrence;Jaylon Smith;Xavier Woods;Leighton Vander Esch;Sean Lee;Maliek Collins;Darian Thompson;Chidobe Awuzie;Robert Quinn;Byron Jones;Antwaun Woods
2019_11_DAL_DET,2435,no_play,0.0,73.0,73.0,17.0,14:26,14:09,,14.0,24.0,2.0,8.0,"4 DL, 2 LB, 5 DB",;;;;;;;;;;,11,,,,,,00-0032381;00-0033932;00-0032418;00-0032395;00-0033094;00-0034390;00-0034345;00-0029293;00-0032436;00-0032135;00-0032602,Taylor Decker;Kenny Golladay;Joe Dahl;Graham Glasgow;Marvin Hall;Tyrell Crosby;Frank Ragnow;Marvin Jones;Jeff Driskel;Jesse James;J.D. McKissic,00-0031411;00-0033928;00-0033052;00-0033579;00-0034674;00-0033131;00-0033083;00-0033548;00-0027952;00-0032239;00-0032871,DeMarcus Lawrence;Jourdan Lewis;Jaylon Smith;Xavier Woods;Leighton Vander Esch;Maliek Collins;Darian Thompson;Chidobe Awuzie;Robert Quinn;Byron Jones;Antwaun Woods
2019_11_DAL_DET,2458,run,6.0,68.0,62.0,35.0,14:09,13:34,,14.0,24.0,2.0,3.0,"4 DL, 2 LB, 5 DB",;;;;;;;;;;,11,6,,,,,00-0032381;00-0033932;00-0032418;00-0032395;00-0033094;00-0034390;00-0034345;00-0029293;00-0032436;00-0032602;00-0032135,Taylor Decker;Kenny Golladay;Joe Dahl;Graham Glasgow;Marvin Hall;Tyrell Crosby;Frank Ragnow;Marvin Jones;Jeff Driskel;J.D. McKissic;Jesse James,00-0031411;00-0033928;00-0033579;00-0033052;00-0034674;00-0033131;00-0033083;00-0033548;00-0027952;00-0032239;00-0032871,DeMarcus Lawrence;Jourdan Lewis;Xavier Woods;Jaylon Smith;Leighton Vander Esch;Maliek Collins;Darian Thompson;Chidobe Awuzie;Robert Quinn;Byron Jones;Antwaun Woods
2019_11_DAL_DET,2479,run,1.0,62.0,61.0,37.0,13:34,12:57,,14.0,24.0,1.0,10.0,"4 DL, 3 LB, 4 DB",;;;;;;;;;;,11,7,,,,,00-0032381;00-0033932;00-0034432;00-0032418;00-0032395;00-0035229;00-0034390;00-0034345;00-0031260;00-0032436;00-0028240,Taylor Decker;Kenny Golladay;Bo Scarbrough;Joe Dahl;Graham Glasgow;T.J. Hockenson;Tyrell Crosby;Frank Ragnow;Logan Thomas;Jeff Driskel;Kenny Wiggins,00-0031411;00-0033052;00-0033579;00-0034674;00-0027663;00-0033131;00-0033083;00-0033548;00-0027952;00-0032239;00-0032871,DeMarcus Lawrence;Jaylon Smith;Xavier Woods;Leighton Vander Esch;Sean Lee;Maliek Collins;Darian Thompson;Chidobe Awuzie;Robert Quinn;Byron Jones;Antwaun Woods
2019_11_DAL_DET,2502,run,6.0,61.0,55.0,39.0,12:57,12:18,,14.0,24.0,2.0,9.0,"4 DL, 3 LB, 4 DB",;;;;;;;;;;,11,6,,,,,00-0032381;00-0033932;00-0034432;00-0032418;00-0032395;00-0035229;00-0034390;00-0034345;00-0031260;00-0029293;00-0032436,Taylor Decker;Kenny Golladay;Bo Scarbrough;Joe Dahl;Graham Glasgow;T.J. Hockenson;Tyrell Crosby;Frank Ragnow;Logan Thomas;Marvin Jones;Jeff Driskel,00-0026618;00-0030946;00-0033052;00-0033579;00-0034674;00-0027663;00-0033083;00-0033548;00-0027952;00-0032239;00-0032871,Michael Bennett;Kerry Hyder;Jaylon Smith;Xavier Woods;Leighton Vander Esch;Sean Lee;Darian Thompson;Chidobe Awuzie;Robert Quinn;Byron Jones;Antwaun Woods
2019_11_DAL_DET,2523,pass,11.0,55.0,44.0,28.0,12:18,11:50,,14.0,24.0,3.0,3.0,"4 DL, 2 LB, 5 DB",;;;;;;;;;;,11,6,4,MAN_COVERAGE,COVER_1,False,00-0032381;00-0033932;00-0032418;00-0032395;00-0035229;00-0034390;00-0034345;00-0029293;00-0032436;00-0026035;00-0032602,Taylor Decker;Kenny Golladay;Joe Dahl;Graham Glasgow;T.J. Hockenson;Tyrell Crosby;Frank Ragnow;Marvin Jones;Jeff Driskel;Danny Amendola;J.D. McKissic,00-0030946;00-0026618;00-0033928;00-0033052;00-0033579;00-0034674;00-0033083;00-0033548;00-0027952;00-0031619;00-0032239,Kerry Hyder;Michael Bennett;Jourdan Lewis;Jaylon Smith;Xavier Woods;Leighton Vander Esch;Darian Thompson;Chidobe Awuzie;Robert Quinn;Christian Covington;Byron Jones
2019_11_DAL_DET,2552,run,-4.0,44.0,48.0,34.0,11:50,11:16,,14.0,24.0,1.0,10.0,"4 DL, 2 LB, 5 DB",;;;;;;;;;;,11,7,,,,,00-0032381;00-0033932;00-0034432;00-0032418;00-0032395;00-0034390;00-0034345;00-0029293;00-0032436;00-0026035;00-0032135,Taylor Decker;Kenny Golladay;Bo Scarbrough;Joe Dahl;Graham Glasgow;Tyrell Crosby;Frank Ragnow;Marvin Jones;Jeff Driskel;Danny Amendola;Jesse James,00-0030946;00-0026618;00-0033928;00-0033052;00-0033579;00-0034674;00-0033083;00-0033548;00-0034373;00-0031619;00-0032239,Kerry Hyder;Michael Bennett;Jourdan Lewis;Jaylon Smith;Xavier Woods;Leighton Vander Esch;Darian Thompson;Chidobe Awuzie;Dorance Armstrong;Christian Covington;Byron Jones
2019_11_DAL_DET,2576,run,0.0,48.0,48.0,41.0,11:16,10:35,,14.0,24.0,2.0,14.0,"4 DL, 2 LB, 5 DB",;;;;;;;;;;,11,6,,,,,00-0032381;00-0033932;00-0034432;00-0032418;00-0032395;00-0034390;00-0034345;00-0029293;00-0032436;00-0026035;00-0032135,Taylor Decker;Kenny Golladay;Bo Scarbrough;Joe Dahl;Graham Glasgow;Tyrell Crosby;Frank Ragnow;Marvin Jones;Jeff Driskel;Danny Amendola;Jesse James,00-0026618;00-0033928;00-0030946;00-0033052;00-0033579;00-0034674;00-0033083;00-0033548;00-0034373;00-0031619;00-0032239,Michael Bennett;Jourdan Lewis;Kerry Hyder;Jaylon Smith;Xavier Woods;Leighton Vander Esch;Darian Thompson;Chidobe Awuzie;Dorance Armstrong;Christian Covington;Byron Jones
2019_11_DAL_DET,2602,pass,39.0,48.0,9.0,33.0,10:35,10:02,,14.0,24.0,3.0,14.0,"4 DL, 2 LB, 5 DB",;;;;;;;;;;,11,4,4,ZONE_COVERAGE,COVER_3,False,00-0032381;00-0033932;00-0032418;00-0032395;00-0033094;00-0035229;00-0034390;00-0034345;00-0035537;00-0029293;00-0032436,Taylor Decker;Kenny Golladay;Joe Dahl;Graham Glasgow;Marvin Hall;T.J. Hockenson;Tyrell Crosby;Frank Ragnow;Ty Johnson;Marvin Jones;Jeff Driskel,00-0031411;00-0026618;00-0033928;00-0033052;00-0033579;00-0034674;00-0033131;00-0033083;00-0033548;00-0027952;00-0032239,DeMarcus Lawrence;Michael Bennett;Jourdan Lewis;Jaylon Smith;Xavier Woods;Leighton Vander Esch;Maliek Collins;Darian Thompson;Chidobe Awuzie;Robert Quinn;Byron Jones
2019_11_DAL_DET,2631,run,-2.0,9.0,11.0,40.0,10:02,9:22,,14.0,24.0,1.0,9.0,"4 DL, 2 LB, 5 DB",;;;;;;;;;;,11,7,,,,,00-0032381;00-0033932;00-0032418;00-0034432;00-0032395;00-0034390;00-0034345;00-0029293;00-0032436;00-0026035;00-0032135,Taylor Decker;Kenny Golladay;Joe Dahl;Bo Scarbrough;Graham Glasgow;Tyrell Crosby;Frank Ragnow;Marvin Jones;Jeff Driskel;Danny Amendola;Jesse James,00-0031411;00-0033928;00-0033579;00-0033052;00-0034674;00-0033131;00-0033083;00-0033548;00-0027952;00-0032239;00-0032871,DeMarcus Lawrence;Jourdan Lewis;Xavier Woods;Jaylon Smith;Leighton Vander Esch;Maliek Collins;Darian Thompson;Chidobe Awuzie;Robert Quinn;Byron Jones;Antwaun Woods
2019_11_DAL_DET,2652,pass,11.0,11.0,0.0,7.0,9:22,9:15,,20.0,24.0,2.0,11.0,"4 DL, 3 LB, 4 DB",;;;;;;;;;;,11,6,4,ZONE_COVERAGE,COVER_4,True,00-0032381;00-0033932;00-0032418;00-0032395;00-0035229;00-0034390;00-0034345;00-0031260;00-0035537;00-0029293;00-0032436,Taylor Decker;Kenny Golladay;Joe Dahl;Graham Glasgow;T.J. Hockenson;Tyrell Crosby;Frank Ragnow;Logan Thomas;Ty Johnson;Marvin Jones;Jeff Driskel,00-0031411;00-0033052;00-0033579;00-0034674;00-0027663;00-0033131;00-0033083;00-0033548;00-0027952;00-0032239;00-0032871,DeMarcus Lawrence;Jaylon Smith;Xavier Woods;Leighton Vander Esch;Sean Lee;Maliek Collins;Darian Thompson;Chidobe Awuzie;Robert Quinn;Byron Jones;Antwaun Woods
2019_11_DAL_DET,2677,extra_point,0.0,15.0,15.0,0.0,9:15,9:15,,21.0,24.0,,0.0,,;;;;;;;;;;,11,,,,,,00-0032381;00-0030083;00-0032418;00-0034390;00-0022455;00-0031260;00-0034345;00-0023853;00-0030092;00-0028240;00-0032135,Taylor Decker;Oday Aboushi;Joe Dahl;Tyrell Crosby;Don Muhlbach;Logan Thomas;Frank Ragnow;Matt Prater;Sam Martin;Kenny Wiggins;Jesse James,00-0031411;00-0033052;00-0033579;00-0031357;00-0034674;00-0033131;00-0027663;00-0033083;00-0027952;00-0031619;00-0032239,DeMarcus Lawrence;Jaylon Smith;Xavier Woods;C.J. Goodwin;Leighton Vander Esch;Maliek Collins;Sean Lee;Darian Thompson;Robert Quinn;Christian Covington;Byron Jones
2019_11_DAL_DET,2693,kickoff,0.0,35.0,35.0,0.0,9:15,9:15,,21.0,24.0,,0.0,,;;;;;;;;;;,11,,,,,,00-0033572;00-0031796;00-0033557;00-0033779;00-0034639;00-0031260;00-0035270;00-0023853;00-0032470;00-0032399;00-0035327,Jamal Agnew;Justin Coleman;Jalen Reeves-Maybin;Dee Virgin;Mike Ford;Logan Thomas;Amani Oruwariye;Matt Prater;Steve Longa;Miles Killebrew;C.J. Moore,00-0033903;00-0035548;00-0034383;00-0033928;00-0031357;00-0029492;00-0035301;00-0035261;00-0030761;00-0031999;00-0033658,Josh Jones;Ventell Bryant;Dalton Schultz;Jourdan Lewis;C.J. Goodwin;Jamize Olawale;Donovan Wilson;Tony Pollard;Joe Thomas;Justin March;Blake Jarwin
2019_11_DAL_DET,2708,pass,33.0,75.0,42.0,39.0,9:15,8:36,,21.0,24.0,1.0,10.0,"3 DL, 3 LB, 5 DB",;;;;;;;;;;,11,6,4,ZONE_COVERAGE,COVER_3,False,00-0031544;00-0031534;00-0030546;00-0027947;00-0031410;00-0034764;00-0033077;00-0022127;00-0031402;00-0028002;00-0033045,Amari Cooper;La'el Collins;Travis Frederick;Tyron Smith;Xavier Su'a-Filo;Michael Gallup;Dak Prescott;Jason Witten;Zack Martin;Randall Cobb;Ezekiel Elliott,00-0029040;00-0031796;00-0030062;00-0032889;00-0029410;00-0031130;00-0031566;00-0029901;00-0033539;00-0031241;00-0035655,Damon Harrison;Justin Coleman;Darius Slay;A'Shawn Robinson;Tavon Wilson;Christian Jones;Trey Flowers;Rashaan Melvin;Jarrad Davis;Devon Kennard;Will Harris
2019_11_DAL_DET,2732,run,5.0,42.0,37.0,44.0,8:36,7:52,,21.0,24.0,1.0,10.0,"3 DL, 3 LB, 5 DB",;;;;;;;;;;,11,6,,,,,00-0031534;00-0030546;00-0027947;00-0030525;00-0031410;00-0034764;00-0033077;00-0022127;00-0031402;00-0033045;00-0028002,La'el Collins;Travis Frederick;Tyron Smith;Tavon Austin;Xavier Su'a-Filo;Michael Gallup;Dak Prescott;Jason Witten;Zack Martin;Ezekiel Elliott;Randall Cobb,00-0029040;00-0031796;00-0030062;00-0032889;00-0029410;00-0031130;00-0031566;00-0029901;00-0033539;00-0031241;00-0035655,Damon Harrison;Justin Coleman;Darius Slay;A'Shawn Robinson;Tavon Wilson;Christian Jones;Trey Flowers;Rashaan Melvin;Jarrad Davis;Devon Kennard;Will Harris
2019_11_DAL_DET,2753,pass,7.0,37.0,30.0,25.0,7:52,7:27,,21.0,24.0,2.0,5.0,"3 DL, 3 LB, 5 DB",;;;;;;;;;;,11,6,2,ZONE_COVERAGE,COVER_3,False,00-0031544;00-0031534;00-0030546;00-0027947;00-0030525;00-0031410;00-0034764;00-0033077;00-0031402;00-0033658;00-0033045,Amari Cooper;La'el Collins;Travis Frederick;Tyron Smith;Tavon Austin;Xavier Su'a-Filo;Michael Gallup;Dak Prescott;Zack Martin;Blake Jarwin;Ezekiel Elliott,00-0029040;00-0031796;00-0030062;00-0032889;00-0029410;00-0031130;00-0031566;00-0029901;00-0033539;00-0031241;00-0035655,Damon Harrison;Justin Coleman;Darius Slay;A'Shawn Robinson;Tavon Wilson;Christian Jones;Trey Flowers;Rashaan Melvin;Jarrad Davis;Devon Kennard;Will Harris
2019_11_DAL_DET,2782,run,2.0,30.0,28.0,46.0,7:27,6:41,,21.0,24.0,1.0,10.0,"4 DL, 3 LB, 4 DB",;;;;;;;;;;,11,6,,,,,00-0031534;00-0030546;00-0027947;00-0030525;00-0031410;00-0034764;00-0033077;00-0022127;00-0033658;00-0033045;00-0031402,La'el Collins;Travis Frederick;Tyron Smith;Tavon Austin;Xavier Su'a-Filo;Michael Gallup;Dak Prescott;Jason Witten;Blake Jarwin;Ezekiel Elliott;Zack Martin,00-0029040;00-0034586;00-0030062;00-0032889;00-0029410;00-0031130;00-0031566;00-0029901;00-0033539;00-0031241;00-0035655,Damon Harrison;John Atkins;Darius Slay;A'Shawn Robinson;Tavon Wilson;Christian Jones;Trey Flowers;Rashaan Melvin;Jarrad Davis;Devon Kennard;Will Harris
2019_11_DAL_DET,2803,pass,5.0,28.0,23.0,44.0,6:41,5:57,,21.0,24.0,2.0,8.0,"2 DL, 3 LB, 6 DB",;;;;;;;;;;,11,6,4,MAN_COVERAGE,COVER_1,True,00-0031534;00-0030546;00-0027947;00-0030525;00-0031410;00-0034764;00-0033077;00-0022127;00-0031402;00-0033045;00-0028002,La'el Collins;Travis Frederick;Tyron Smith;Tavon Austin;Xavier Su'a-Filo;Michael Gallup;Dak Prescott;Jason Witten;Zack Martin;Ezekiel Elliott;Randall Cobb,00-0031796;00-0030062;00-0029410;00-0031130;00-0031566;00-0035270;00-0029901;00-0033539;00-0031241;00-0029284;00-0035655,Justin Coleman;Darius Slay;Tavon Wilson;Christian Jones;Trey Flowers;Amani Oruwariye;Rashaan Melvin;Jarrad Davis;Devon Kennard;Mike Daniels;Will Harris
2019_11_DAL_DET,2827,run,7.0,23.0,16.0,36.0,5:57,5:21,,21.0,24.0,3.0,3.0,"3 DL, 3 LB, 5 DB",;;;;;;;;;;,11,5,4,,,,00-0031544;00-0031534;00-0030546;00-0027947;00-0031410;00-0034764;00-0033077;00-0022127;00-0031402;00-0028002;00-0033045,Amari Cooper;La'el Collins;Travis Frederick;Tyron Smith;Xavier Su'a-Filo;Michael Gallup;Dak Prescott;Jason Witten;Zack Martin;Randall Cobb;Ezekiel Elliott,00-0031796;00-0034586;00-0030062;00-0032889;00-0029410;00-0031130;00-0031566;00-0029901;00-0033539;00-0031241;00-0035655,Justin Coleman;John Atkins;Darius Slay;A'Shawn Robinson;Tavon Wilson;Christian Jones;Trey Flowers;Rashaan Melvin;Jarrad Davis;Devon Kennard;Will Harris
2019_11_DAL_DET,2853,pass,0.0,16.0,16.0,7.0,5:21,5:14,,21.0,24.0,1.0,10.0,"4 DL, 3 LB, 4 DB",;;;;;;;;;;,11,8,4,MAN_COVERAGE,COVER_1,True,00-0031544;00-0031534;00-0030546;00-0027947;00-0031410;00-0034764;00-0033077;00-0022127;00-0031402;00-0033045;00-0033658,Amari Cooper;La'el Collins;Travis Frederick;Tyron Smith;Xavier Su'a-Filo;Michael Gallup;Dak Prescott;Jason Witten;Zack Martin;Ezekiel Elliott;Blake Jarwin,00-0029040;00-0034586;00-0030062;00-0032889;00-0029410;00-0031130;00-0031566;00-0029901;00-0033539;00-0031241;00-0035655,Damon Harrison;John Atkins;Darius Slay;A'Shawn Robinson;Tavon Wilson;Christian Jones;Trey Flowers;Rashaan Melvin;Jarrad Davis;Devon Kennard;Will Harris
2019_11_DAL_DET,2887,pass,0.0,16.0,16.0,3.0,5:14,5:11,,21.0,24.0,2.0,10.0,"3 DL, 3 LB, 5 DB",;;;;;;;;;;,11,6,3,MAN_COVERAGE,COVER_1,False,00-0031534;00-0030546;00-0027947;00-0030525;00-0031410;00-0034764;00-0033077;00-0022127;00-0031402;00-0028002;00-0033045,La'el Collins;Travis Frederick;Tyron Smith;Tavon Austin;Xavier Su'a-Filo;Michael Gallup;Dak Prescott;Jason Witten;Zack Martin;Randall Cobb;Ezekiel Elliott,00-0031796;00-0034586;00-0030062;00-0032889;00-0029410;00-0031130;00-0031566;00-0029901;00-0033539;00-0031241;00-0035655,Justin Coleman;John Atkins;Darius Slay;A'Shawn Robinson;Tavon Wilson;Christian Jones;Trey Flowers;Rashaan Melvin;Jarrad Davis;Devon Kennard;Will Harris
2019_11_DAL_DET,2909,pass,0.0,16.0,16.0,6.0,5:11,5:05,,21.0,24.0,3.0,10.0,"1 DL, 4 LB, 6 DB",;;;;;;;;;;,11,5,4,ZONE_COVERAGE,COVER_4,True,00-0031534;00-0030546;00-0027947;00-0030525;00-0031410;00-0034764;00-0033077;00-0022127;00-0031402;00-0033045;00-0028002,La'el Collins;Travis Frederick;Tyron Smith;Tavon Austin;Xavier Su'a-Filo;Michael Gallup;Dak Prescott;Jason Witten;Zack Martin;Ezekiel Elliott;Randall Cobb,00-0031796;00-0033557;00-0030062;00-0029410;00-0031130;00-0031566;00-0035270;00-0029901;00-0033539;00-0031241;00-0035655,Justin Coleman;Jalen Reeves-Maybin;Darius Slay;Tavon Wilson;Christian Jones;Trey Flowers;Amani Oruwariye;Rashaan Melvin;Jarrad Davis;Devon Kennard;Will Harris
2019_11_DAL_DET,2931,field_goal,0.0,16.0,16.0,5.0,5:05,5:00,,21.0,27.0,4.0,10.0,,;;;;;;;;;;,11,,,,,,00-0031067;00-0029278;00-0031534;00-0030546;00-0023298;00-0027947;00-0028664;00-0030332;00-0022127;00-0031402;00-0035418,Cameron Fleming;Joe Looney;La'el Collins;Travis Frederick;L.P. LaDouceur;Tyron Smith;Chris Jones;Brett Maher;Jason Witten;Zack Martin;Brandon Knight,00-0035240;00-0032889;00-0031130;00-0033779;00-0034639;00-0031566;00-0032399;00-0033539;00-0028240;00-0031241;00-0035655,Jahlani Tavai;A'Shawn Robinson;Christian Jones;Dee Virgin;Mike Ford;Trey Flowers;Miles Killebrew;Jarrad Davis;Kenny Wiggins;Devon Kennard;Will Harris
2019_11_DAL_DET,2950,kickoff,0.0,35.0,35.0,6.0,5:00,4:54,,21.0,27.0,,0.0,,;;;;;;;;;;,11,,,,,,00-0033903;00-0035548;00-0033579;00-0031357;00-0029492;00-0035301;00-0030761;00-0031999;00-0033083;00-0030332;00-0034373,Josh Jones;Ventell Bryant;Xavier Woods;C.J. Goodwin;Jamize Olawale;Donovan Wilson;Joe Thomas;Justin March;Darian Thompson;Brett Maher;Dorance Armstrong,00-0033572;00-0033557;00-0033779;00-0033094;00-0034639;00-0031260;00-0035537;00-0032470;00-0032399;00-0035327;00-0032135,Jamal Agnew;Jalen Reeves-Maybin;Dee Virgin;Marvin Hall;Mike Ford;Logan Thomas;Ty Johnson;Steve Longa;Miles Killebrew;C.J. Moore;Jesse James
2019_11_DAL_DET,2972,run,4.0,82.0,78.0,36.0,4:54,4:18,,21.0,27.0,1.0,10.0,"4 DL, 2 LB, 5 DB",;;;;;;;;;;,11,7,,,,,00-0032381;00-0033932;00-0034432;00-0032418;00-0032395;00-0033094;00-0035229;00-0034390;00-0034345;00-0029293;00-0032436,Taylor Decker;Kenny Golladay;Bo Scarbrough;Joe Dahl;Graham Glasgow;Marvin Hall;T.J. Hockenson;Tyrell Crosby;Frank Ragnow;Marvin Jones;Jeff Driskel,00-0030946;00-0026618;00-0033928;00-0033052;00-0033579;00-0034674;00-0033083;00-0033548;00-0027952;00-0032239;00-0032871,Kerry Hyder;Michael Bennett;Jourdan Lewis;Jaylon Smith;Xavier Woods;Leighton Vander Esch;Darian Thompson;Chidobe Awuzie;Robert Quinn;Byron Jones;Antwaun Woods
2019_11_DAL_DET,2993,pass,0.0,78.0,78.0,10.0,4:18,4:08,,21.0,27.0,2.0,6.0,"4 DL, 3 LB, 4 DB",;;;;;;;;;;,11,7,4,ZONE_COVERAGE,COVER_3,False,00-0032381;00-0033932;00-0032418;00-0032395;00-0035229;00-0034390;00-0034345;00-0031260;00-0035537;00-0032436;00-0028240,Taylor Decker;Kenny Golladay;Joe Dahl;Graham Glasgow;T.J. Hockenson;Tyrell Crosby;Frank Ragnow;Logan Thomas;Ty Johnson;Jeff Driskel;Kenny Wiggins,00-0026618;00-0030946;00-0033052;00-0033579;00-0034674;00-0027663;00-0033083;00-0033548;00-0027952;00-0032239;00-0032871,Michael Bennett;Kerry Hyder;Jaylon Smith;Xavier Woods;Leighton Vander Esch;Sean Lee;Darian Thompson;Chidobe Awuzie;Robert Quinn;Byron Jones;Antwaun Woods
2019_11_DAL_DET,3030,pass,8.0,78.0,70.0,38.0,4:08,3:30,,21.0,27.0,3.0,6.0,"4 DL, 2 LB, 5 DB",;;;;;;;;;;,11,7,5,MAN_COVERAGE,COVER_1,False,00-0032381;00-0033932;00-0032418;00-0032395;00-0034390;00-0034345;00-0031260;00-0035537;00-0029293;00-0032436;00-0026035,Taylor Decker;Kenny Golladay;Joe Dahl;Graham Glasgow;Tyrell Crosby;Frank Ragnow;Logan Thomas;Ty Johnson;Marvin Jones;Jeff Driskel;Danny Amendola,00-0031411;00-0026618;00-0033928;00-0033052;00-0033579;00-0034674;00-0033131;00-0033083;00-0033548;00-0027952;00-0032239,DeMarcus Lawrence;Michael Bennett;Jourdan Lewis;Jaylon Smith;Xavier Woods;Leighton Vander Esch;Maliek Collins;Darian Thompson;Chidobe Awuzie;Robert Quinn;Byron Jones
2019_11_DAL_DET,3054,no_play,0.0,70.0,70.0,22.0,3:30,3:08,,21.0,27.0,1.0,10.0,"4 DL, 3 LB, 4 DB",;;;;;;;;;;,11,,,,,,00-0032381;00-0033932;00-0032418;00-0034432;00-0032395;00-0035229;00-0034390;00-0034345;00-0029293;00-0032436;00-0026035,Taylor Decker;Kenny Golladay;Joe Dahl;Bo Scarbrough;Graham Glasgow;T.J. Hockenson;Tyrell Crosby;Frank Ragnow;Marvin Jones;Jeff Driskel;Danny Amendola,00-0031411;00-0033579;00-0033052;00-0034674;00-0027663;00-0033131;00-0033083;00-0033548;00-0034373;00-0032239;00-0032871,DeMarcus Lawrence;Xavier Woods;Jaylon Smith;Leighton Vander Esch;Sean Lee;Maliek Collins;Darian Thompson;Chidobe Awuzie;Dorance Armstrong;Byron Jones;Antwaun Woods
2019_11_DAL_DET,3082,run,7.0,75.0,68.0,40.0,3:08,2:28,,21.0,27.0,1.0,15.0,"4 DL, 3 LB, 4 DB",;;;;;;;;;;,11,4,3,,,,00-0032381;00-0033932;00-0032418;00-0032395;00-0035229;00-0034390;00-0034345;00-0029293;00-0032436;00-0026035;00-0032602,Taylor Decker;Kenny Golladay;Joe Dahl;Graham Glasgow;T.J. Hockenson;Tyrell Crosby;Frank Ragnow;Marvin Jones;Jeff Driskel;Danny Amendola;J.D. McKissic,00-0031411;00-0033579;00-0033052;00-0034674;00-0027663;00-0033131;00-0033083;00-0033548;00-0034373;00-0032239;00-0032871,DeMarcus Lawrence;Xavier Woods;Jaylon Smith;Leighton Vander Esch;Sean Lee;Maliek Collins;Darian Thompson;Chidobe Awuzie;Dorance Armstrong;Byron Jones;Antwaun Woods
2019_11_DAL_DET,3103,pass,7.0,68.0,61.0,42.0,2:28,1:46,,21.0,27.0,2.0,8.0,"4 DL, 2 LB, 5 DB",;;;;;;;;;;,11,6,4,ZONE_COVERAGE,COVER_2,False,00-0032381;00-0033932;00-0032418;00-0032395;00-0033094;00-0034390;00-0034345;00-0029293;00-0032436;00-0032135;00-0032602,Taylor Decker;Kenny Golladay;Joe Dahl;Graham Glasgow;Marvin Hall;Tyrell Crosby;Frank Ragnow;Marvin Jones;Jeff Driskel;Jesse James;J.D. McKissic,00-0031411;00-0033928;00-0033052;00-0033579;00-0034674;00-0033131;00-0033083;00-0033548;00-0034373;00-0031619;00-0032239,DeMarcus Lawrence;Jourdan Lewis;Jaylon Smith;Xavier Woods;Leighton Vander Esch;Maliek Collins;Darian Thompson;Chidobe Awuzie;Dorance Armstrong;Christian Covington;Byron Jones
2019_11_DAL_DET,3127,run,5.0,61.0,56.0,36.0,1:46,1:10,,21.0,27.0,3.0,1.0,"4 DL, 3 LB, 4 DB",;;;;;;;;;;,11,7,,,,,00-0032381;00-0033932;00-0034432;00-0032418;00-0032395;00-0035229;00-0034390;00-0034345;00-0031260;00-0032436;00-0028240,Taylor Decker;Kenny Golladay;Bo Scarbrough;Joe Dahl;Graham Glasgow;T.J. Hockenson;Tyrell Crosby;Frank Ragnow;Logan Thomas;Jeff Driskel;Kenny Wiggins,00-0031411;00-0026618;00-0033052;00-0033579;00-0034674;00-0027663;00-0033131;00-0033083;00-0033548;00-0034373;00-0032239,DeMarcus Lawrence;Michael Bennett;Jaylon Smith;Xavier Woods;Leighton Vander Esch;Sean Lee;Maliek Collins;Darian Thompson;Chidobe Awuzie;Dorance Armstrong;Byron Jones
2019_11_DAL_DET,3150,run,1.0,56.0,55.0,38.0,1:10,0:32,,21.0,27.0,1.0,10.0,"4 DL, 3 LB, 4 DB",;;;;;;;;;;,11,7,,,,,00-0034432;00-0031260;00-0032436;00-0029293;00-0034345;00-0032381;00-0033932;00-0034390;00-0035229;00-0032418;00-0032395,Bo Scarbrough;Logan Thomas;Jeff Driskel;Marvin Jones;Frank Ragnow;Taylor Decker;Kenny Golladay;Tyrell Crosby;T.J. Hockenson;Joe Dahl;Graham Glasgow,00-0033083;00-0032239;00-0032871;00-0027663;00-0034674;00-0033548;00-0033579;00-0026618;00-0030946;00-0033052;00-0027952,Darian Thompson;Byron Jones;Antwaun Woods;Sean Lee;Leighton Vander Esch;Chidobe Awuzie;Xavier Woods;Michael Bennett;Kerry Hyder;Jaylon Smith;Robert Quinn
2019_11_DAL_DET,3171,run,6.0,55.0,49.0,32.0,0:32,0:00,,21.0,27.0,2.0,9.0,"4 DL, 2 LB, 5 DB",;;;;;;;;;;,11,6,4,,,,00-0034432;00-0032135;00-0032436;00-0029293;00-0034345;00-0032381;00-0033932;00-0034390;00-0032418;00-0032395;00-0026035,Bo Scarbrough;Jesse James;Jeff Driskel;Marvin Jones;Frank Ragnow;Taylor Decker;Kenny Golladay;Tyrell Crosby;Joe Dahl;Graham Glasgow;Danny Amendola,00-0033083;00-0032239;00-0032871;00-0033928;00-0034674;00-0033548;00-0033579;00-0026618;00-0030946;00-0033052;00-0027952,Darian Thompson;Byron Jones;Antwaun Woods;Jourdan Lewis;Leighton Vander Esch;Chidobe Awuzie;Xavier Woods;Michael Bennett;Kerry Hyder;Jaylon Smith;Robert Quinn
2019_11_DAL_DET,3202,start_quarter_4,,,,0.0,0:00,0:00,,21.0,27.0,,0.0,,,0,,,,,,,,,
2019_11_DAL_DET,3219,run,1.0,49.0,48.0,46.0,15:00,14:14,,21.0,27.0,3.0,3.0,"4 DL, 2 LB, 5 DB",;;;;;;;;;;,11,6,,,,,00-0035537;00-0032436;00-0029293;00-0034345;00-0032381;00-0033932;00-0034390;00-0035229;00-0032418;00-0032395;00-0026035,Ty Johnson;Jeff Driskel;Marvin Jones;Frank Ragnow;Taylor Decker;Kenny Golladay;Tyrell Crosby;T.J. Hockenson;Joe Dahl;Graham Glasgow;Danny Amendola,00-0033083;00-0032239;00-0033928;00-0034674;00-0033548;00-0033579;00-0031411;00-0026618;00-0033052;00-0033131;00-0027952,Darian Thompson;Byron Jones;Jourdan Lewis;Leighton Vander Esch;Chidobe Awuzie;Xavier Woods;DeMarcus Lawrence;Michael Bennett;Jaylon Smith;Maliek Collins;Robert Quinn
2019_11_DAL_DET,3240,no_play,0.0,48.0,48.0,10.0,14:14,14:04,,21.0,27.0,4.0,2.0,,;;;;;;;;;;,11,,,,,,00-0033557;00-0035240;00-0029410;00-0031130;00-0033779;00-0022455;00-0031260;00-0032470;00-0032399;00-0030092;00-0035327,Jalen Reeves-Maybin;Jahlani Tavai;Tavon Wilson;Christian Jones;Dee Virgin;Don Muhlbach;Logan Thomas;Steve Longa;Miles Killebrew;Sam Martin;C.J. Moore,00-0031411;00-0026618;00-0033052;00-0034674;00-0033131;00-0027663;00-0033083;00-0033548;00-0027952;00-0032239;00-0028002,DeMarcus Lawrence;Michael Bennett;Jaylon Smith;Leighton Vander Esch;Maliek Collins;Sean Lee;Darian Thompson;Chidobe Awuzie;Robert Quinn;Byron Jones;Randall Cobb
2019_11_DAL_DET,3276,pass,0.0,43.0,43.0,4.0,14:04,14:00,,21.0,27.0,1.0,10.0,"4 DL, 2 LB, 5 DB",;;;;;;;;;;,11,7,5,ZONE_COVERAGE,COVER_3,False,00-0032381;00-0033932;00-0032418;00-0034432;00-0032395;00-0035229;00-0034390;00-0034345;00-0029293;00-0032436;00-0026035,Taylor Decker;Kenny Golladay;Joe Dahl;Bo Scarbrough;Graham Glasgow;T.J. Hockenson;Tyrell Crosby;Frank Ragnow;Marvin Jones;Jeff Driskel;Danny Amendola,00-0031411;00-0026618;00-0033928;00-0033052;00-0033579;00-0034674;00-0033083;00-0033548;00-0027952;00-0032239;00-0032871,DeMarcus Lawrence;Michael Bennett;Jourdan Lewis;Jaylon Smith;Xavier Woods;Leighton Vander Esch;Darian Thompson;Chidobe Awuzie;Robert Quinn;Byron Jones;Antwaun Woods
2019_11_DAL_DET,3298,pass,0.0,43.0,43.0,9.0,14:00,13:51,,21.0,27.0,2.0,10.0,"4 DL, 3 LB, 4 DB",;;;;;;;;;;,11,7,5,ZONE_COVERAGE,COVER_3,True,00-0032381;00-0034432;00-0032418;00-0032395;00-0033094;00-0035229;00-0034390;00-0034345;00-0031260;00-0032436;00-0028240,Taylor Decker;Bo Scarbrough;Joe Dahl;Graham Glasgow;Marvin Hall;T.J. Hockenson;Tyrell Crosby;Frank Ragnow;Logan Thomas;Jeff Driskel;Kenny Wiggins,00-0031411;00-0026618;00-0033052;00-0033579;00-0034674;00-0027663;00-0033083;00-0033548;00-0027952;00-0032239;00-0032871,DeMarcus Lawrence;Michael Bennett;Jaylon Smith;Xavier Woods;Leighton Vander Esch;Sean Lee;Darian Thompson;Chidobe Awuzie;Robert Quinn;Byron Jones;Antwaun Woods
2019_11_DAL_DET,3322,pass,0.0,43.0,43.0,6.0,13:51,13:45,,21.0,27.0,3.0,10.0,"4 DL, 1 LB, 6 DB",;;;;;;;;;;,11,5,3,MAN_COVERAGE,COVER_1,True,00-0032381;00-0033932;00-0032418;00-0032395;00-0034390;00-0034345;00-0031260;00-0029293;00-0032436;00-0026035;00-0032602,Taylor Decker;Kenny Golladay;Joe Dahl;Graham Glasgow;Tyrell Crosby;Frank Ragnow;Logan Thomas;Marvin Jones;Jeff Driskel;Danny Amendola;J.D. McKissic,00-0031411;00-0026618;00-0033928;00-0033052;00-0033579;00-0033047;00-0033131;00-0033083;00-0033548;00-0027952;00-0032239,DeMarcus Lawrence;Michael Bennett;Jourdan Lewis;Jaylon Smith;Xavier Woods;Anthony Brown;Maliek Collins;Darian Thompson;Chidobe Awuzie;Robert Quinn;Byron Jones
2019_11_DAL_DET,3344,punt,0.0,43.0,43.0,8.0,13:45,13:37,,21.0,27.0,4.0,10.0,,;;;;;;;;;;,11,,,,,,00-0033557;00-0035240;00-0029410;00-0031130;00-0033779;00-0022455;00-0031260;00-0032470;00-0032399;00-0030092;00-0035327,Jalen Reeves-Maybin;Jahlani Tavai;Tavon Wilson;Christian Jones;Dee Virgin;Don Muhlbach;Logan Thomas;Steve Longa;Miles Killebrew;Sam Martin;C.J. Moore,00-0031411;00-0033052;00-0031357;00-0034674;00-0033047;00-0027663;00-0033131;00-0033083;00-0034373;00-0031619;00-0028002,DeMarcus Lawrence;Jaylon Smith;C.J. Goodwin;Leighton Vander Esch;Anthony Brown;Sean Lee;Maliek Collins;Darian Thompson;Dorance Armstrong;Christian Covington;Randall Cobb
2019_11_DAL_DET,3372,pass,15.0,84.0,69.0,29.0,13:37,13:08,,21.0,27.0,1.0,10.0,"4 DL, 3 LB, 4 DB",;;;;;;;;;;,11,8,5,MAN_COVERAGE,COVER_1,False,00-0033077;00-0034764;00-0022127;00-0030546;00-0031544;00-0031410;00-0031402;00-0027947;00-0033658;00-0033045;00-0031534,Dak Prescott;Michael Gallup;Jason Witten;Travis Frederick;Amari Cooper;Xavier Su'a-Filo;Zack Martin;Tyron Smith;Blake Jarwin;Ezekiel Elliott;La'el Collins,00-0029901;00-0033539;00-0029284;00-0032889;00-0029040;00-0030062;00-0029410;00-0035240;00-0034586;00-0035655;00-0031241,Rashaan Melvin;Jarrad Davis;Mike Daniels;A'Shawn Robinson;Damon Harrison;Darius Slay;Tavon Wilson;Jahlani Tavai;John Atkins;Will Harris;Devon Kennard
2019_11_DAL_DET,3396,run,2.0,69.0,67.0,36.0,13:08,12:32,,21.0,27.0,1.0,10.0,"2 DL, 4 LB, 5 DB",;;;;;;;;;;,11,7,,,,,00-0033077;00-0034764;00-0022127;00-0030546;00-0031410;00-0030525;00-0028002;00-0031402;00-0027947;00-0033045;00-0031534,Dak Prescott;Michael Gallup;Jason Witten;Travis Frederick;Xavier Su'a-Filo;Tavon Austin;Randall Cobb;Zack Martin;Tyron Smith;Ezekiel Elliott;La'el Collins,00-0033539;00-0029901;00-0029284;00-0031796;00-0029040;00-0030062;00-0029410;00-0035240;00-0035655;00-0031130;00-0031241,Jarrad Davis;Rashaan Melvin;Mike Daniels;Justin Coleman;Damon Harrison;Darius Slay;Tavon Wilson;Jahlani Tavai;Will Harris;Christian Jones;Devon Kennard
2019_11_DAL_DET,3422,timeout,0.0,,,0.0,12:32,12:32,DET,21.0,27.0,,0.0,,,0,,,,,,,,,
2019_11_DAL_DET,3440,pass,5.0,67.0,62.0,41.0,12:32,11:51,,21.0,27.0,2.0,8.0,"2 DL, 3 LB, 6 DB",;;;;;;;;;;,11,5,4,MAN_COVERAGE,COVER_1,True,00-0033077;00-0034764;00-0022127;00-0030546;00-0031410;00-0030525;00-0028002;00-0031402;00-0027947;00-0033045;00-0031534,Dak Prescott;Michael Gallup;Jason Witten;Travis Frederick;Xavier Su'a-Filo;Tavon Austin;Randall Cobb;Zack Martin;Tyron Smith;Ezekiel Elliott;La'el Collins,00-0029901;00-0033539;00-0029284;00-0032889;00-0031796;00-0030062;00-0029410;00-0035240;00-0035655;00-0035270;00-0031241,Rashaan Melvin;Jarrad Davis;Mike Daniels;A'Shawn Robinson;Justin Coleman;Darius Slay;Tavon Wilson;Jahlani Tavai;Will Harris;Amani Oruwariye;Devon Kennard
2019_11_DAL_DET,3464,pass,11.0,62.0,51.0,40.0,11:51,11:11,,21.0,27.0,3.0,3.0,"2 DL, 3 LB, 6 DB",;;;;;;;;;;,11,6,4,MAN_COVERAGE,COVER_1,False,00-0033077;00-0034764;00-0022127;00-0030546;00-0031544;00-0031410;00-0028002;00-0031402;00-0027947;00-0033045;00-0031534,Dak Prescott;Michael Gallup;Jason Witten;Travis Frederick;Amari Cooper;Xavier Su'a-Filo;Randall Cobb;Zack Martin;Tyron Smith;Ezekiel Elliott;La'el Collins,00-0033539;00-0029901;00-0029284;00-0031796;00-0031566;00-0030062;00-0029410;00-0035240;00-0035655;00-0035270;00-0031241,Jarrad Davis;Rashaan Melvin;Mike Daniels;Justin Coleman;Trey Flowers;Darius Slay;Tavon Wilson;Jahlani Tavai;Will Harris;Amani Oruwariye;Devon Kennard
2019_11_DAL_DET,3488,pass,0.0,51.0,51.0,7.0,11:11,11:04,,21.0,27.0,1.0,10.0,"4 DL, 3 LB, 4 DB",;;;;;;;;;;,11,8,6,MAN_COVERAGE,COVER_1,False,00-0033077;00-0022127;00-0030546;00-0031410;00-0030525;00-0031402;00-0027947;00-0033658;00-0033045;00-0034383;00-0031534,Dak Prescott;Jason Witten;Travis Frederick;Xavier Su'a-Filo;Tavon Austin;Zack Martin;Tyron Smith;Blake Jarwin;Ezekiel Elliott;Dalton Schultz;La'el Collins,00-0029901;00-0033539;00-0029284;00-0032889;00-0029040;00-0030062;00-0029410;00-0035240;00-0034586;00-0035655;00-0031241,Rashaan Melvin;Jarrad Davis;Mike Daniels;A'Shawn Robinson;Damon Harrison;Darius Slay;Tavon Wilson;Jahlani Tavai;John Atkins;Will Harris;Devon Kennard
2019_11_DAL_DET,3510,timeout,0.0,,,0.0,11:04,11:04,DAL,21.0,27.0,,0.0,,,0,,,,,,,,,
2019_11_DAL_DET,3527,pass,16.0,51.0,35.0,37.0,11:04,10:27,,21.0,27.0,2.0,10.0,"3 DL, 3 LB, 5 DB",;;;;;;;;;;,11,7,5,MAN_COVERAGE,COVER_0,True,00-0033077;00-0034764;00-0022127;00-0030546;00-0031544;00-0031410;00-0028002;00-0031402;00-0027947;00-0033045;00-0031534,Dak Prescott;Michael Gallup;Jason Witten;Travis Frederick;Amari Cooper;Xavier Su'a-Filo;Randall Cobb;Zack Martin;Tyron Smith;Ezekiel Elliott;La'el Collins,00-0029901;00-0033539;00-0029040;00-0031796;00-0031566;00-0030062;00-0029410;00-0034586;00-0035655;00-0031130;00-0031241,Rashaan Melvin;Jarrad Davis;Damon Harrison;Justin Coleman;Trey Flowers;Darius Slay;Tavon Wilson;John Atkins;Will Harris;Christian Jones;Devon Kennard
2019_11_DAL_DET,3556,pass,8.0,35.0,27.0,36.0,10:27,9:51,,21.0,27.0,1.0,10.0,"3 DL, 3 LB, 5 DB",;;;;;;;;;;,11,6,4,ZONE_COVERAGE,COVER_6,False,00-0033077;00-0034764;00-0035261;00-0030546;00-0031410;00-0030525;00-0031402;00-0027947;00-0033658;00-0033045;00-0031534,Dak Prescott;Michael Gallup;Tony Pollard;Travis Frederick;Xavier Su'a-Filo;Tavon Austin;Zack Martin;Tyron Smith;Blake Jarwin;Ezekiel Elliott;La'el Collins,00-0029901;00-0033539;00-0029040;00-0031796;00-0031566;00-0030062;00-0029410;00-0034586;00-0035655;00-0031130;00-0031241,Rashaan Melvin;Jarrad Davis;Damon Harrison;Justin Coleman;Trey Flowers;Darius Slay;Tavon Wilson;John Atkins;Will Harris;Christian Jones;Devon Kennard
2019_11_DAL_DET,3585,run,3.0,27.0,24.0,40.0,9:51,9:11,,21.0,27.0,2.0,2.0,"4 DL, 3 LB, 4 DB",;;;;;;;;;;,11,8,,,,,00-0033077;00-0034764;00-0030546;00-0031410;00-0029492;00-0030525;00-0031402;00-0027947;00-0033045;00-0031534;00-0034383,Dak Prescott;Michael Gallup;Travis Frederick;Xavier Su'a-Filo;Jamize Olawale;Tavon Austin;Zack Martin;Tyron Smith;Ezekiel Elliott;La'el Collins;Dalton Schultz,00-0029901;00-0033539;00-0032889;00-0029040;00-0031566;00-0030062;00-0029410;00-0034586;00-0035655;00-0031130;00-0031241,Rashaan Melvin;Jarrad Davis;A'Shawn Robinson;Damon Harrison;Trey Flowers;Darius Slay;Tavon Wilson;John Atkins;Will Harris;Christian Jones;Devon Kennard
2019_11_DAL_DET,3606,no_play,0.0,24.0,24.0,27.0,9:11,8:44,,21.0,27.0,1.0,10.0,"3 DL, 3 LB, 5 DB",;;;;;;;;;;,11,7,,,,,00-0033077;00-0022127;00-0030546;00-0031410;00-0030525;00-0031402;00-0027947;00-0033658;00-0033045;00-0034383;00-0031534,Dak Prescott;Jason Witten;Travis Frederick;Xavier Su'a-Filo;Tavon Austin;Zack Martin;Tyron Smith;Blake Jarwin;Ezekiel Elliott;Dalton Schultz;La'el Collins,00-0029901;00-0033539;00-0032889;00-0029040;00-0031796;00-0030062;00-0029410;00-0034586;00-0035655;00-0031130;00-0031241,Rashaan Melvin;Jarrad Davis;A'Shawn Robinson;Damon Harrison;Justin Coleman;Darius Slay;Tavon Wilson;John Atkins;Will Harris;Christian Jones;Devon Kennard
2019_11_DAL_DET,3641,pass,2.0,19.0,17.0,35.0,8:44,8:09,,21.0,27.0,1.0,10.0,"3 DL, 3 LB, 5 DB",;;;;;;;;;;,11,6,4,MAN_COVERAGE,COVER_1,False,00-0031544;00-0031534;00-0030546;00-0035261;00-0027947;00-0031410;00-0034764;00-0033077;00-0022127;00-0031402;00-0033045,Amari Cooper;La'el Collins;Travis Frederick;Tony Pollard;Tyron Smith;Xavier Su'a-Filo;Michael Gallup;Dak Prescott;Jason Witten;Zack Martin;Ezekiel Elliott,00-0029040;00-0031796;00-0030062;00-0032889;00-0029410;00-0031130;00-0031566;00-0029901;00-0033539;00-0031241;00-0035655,Damon Harrison;Justin Coleman;Darius Slay;A'Shawn Robinson;Tavon Wilson;Christian Jones;Trey Flowers;Rashaan Melvin;Jarrad Davis;Devon Kennard;Will Harris
2019_11_DAL_DET,3669,pass,0.0,17.0,17.0,6.0,8:09,8:03,,21.0,27.0,2.0,8.0,"3 DL, 3 LB, 5 DB",;;;;;;;;;;,11,6,4,MAN_COVERAGE,COVER_1,False,00-0031544;00-0031534;00-0030546;00-0027947;00-0031410;00-0034764;00-0033077;00-0022127;00-0031402;00-0028002;00-0033045,Amari Cooper;La'el Collins;Travis Frederick;Tyron Smith;Xavier Su'a-Filo;Michael Gallup;Dak Prescott;Jason Witten;Zack Martin;Randall Cobb;Ezekiel Elliott,00-0029040;00-0031796;00-0030062;00-0032889;00-0029410;00-0031130;00-0031566;00-0029901;00-0033539;00-0031241;00-0035655,Damon Harrison;Justin Coleman;Darius Slay;A'Shawn Robinson;Tavon Wilson;Christian Jones;Trey Flowers;Rashaan Melvin;Jarrad Davis;Devon Kennard;Will Harris
2019_11_DAL_DET,3691,pass,17.0,17.0,0.0,7.0,8:03,7:56,,21.0,33.0,3.0,8.0,"1 DL, 4 LB, 6 DB",;;;;;;;;;;,11,5,5,MAN_COVERAGE,COVER_0,False,00-0031544;00-0031534;00-0030546;00-0027947;00-0031410;00-0034764;00-0033077;00-0022127;00-0031402;00-0033045;00-0028002,Amari Cooper;La'el Collins;Travis Frederick;Tyron Smith;Xavier Su'a-Filo;Michael Gallup;Dak Prescott;Jason Witten;Zack Martin;Ezekiel Elliott;Randall Cobb,00-0031796;00-0033557;00-0030062;00-0029410;00-0031130;00-0031566;00-0035270;00-0029901;00-0033539;00-0031241;00-0035655,Justin Coleman;Jalen Reeves-Maybin;Darius Slay;Tavon Wilson;Christian Jones;Trey Flowers;Amani Oruwariye;Rashaan Melvin;Jarrad Davis;Devon Kennard;Will Harris
2019_11_DAL_DET,3716,timeout,0.0,,,0.0,7:56,7:56,DAL,21.0,33.0,,0.0,,,0,,,,,,,,,
2019_11_DAL_DET,3737,run,2.0,2.0,0.0,0.0,7:56,7:56,,21.0,35.0,,0.0,"3 DL, 3 LB, 5 DB",;;;;;;;;;;,11,6,,,,,00-0031544;00-0031534;00-0030546;00-0035261;00-0027947;00-0031410;00-0034764;00-0033077;00-0022127;00-0031402;00-0028002,Amari Cooper;La'el Collins;Travis Frederick;Tony Pollard;Tyron Smith;Xavier Su'a-Filo;Michael Gallup;Dak Prescott;Jason Witten;Zack Martin;Randall Cobb,00-0029040;00-0031796;00-0035240;00-0034586;00-0030062;00-0032889;00-0029410;00-0029901;00-0033539;00-0031241;00-0035655,Damon Harrison;Justin Coleman;Jahlani Tavai;John Atkins;Darius Slay;A'Shawn Robinson;Tavon Wilson;Rashaan Melvin;Jarrad Davis;Devon Kennard;Will Harris
2019_11_DAL_DET,3758,kickoff,0.0,35.0,35.0,7.0,7:56,7:49,,21.0,35.0,,0.0,,;;;;;;;;;;,11,,,,,,00-0033903;00-0035548;00-0033579;00-0031357;00-0029492;00-0035301;00-0030761;00-0031999;00-0033083;00-0030332;00-0034373,Josh Jones;Ventell Bryant;Xavier Woods;C.J. Goodwin;Jamize Olawale;Donovan Wilson;Joe Thomas;Justin March;Darian Thompson;Brett Maher;Dorance Armstrong,00-0033572;00-0033557;00-0033779;00-0033094;00-0034639;00-0031260;00-0035537;00-0032470;00-0032399;00-0035327;00-0032135,Jamal Agnew;Jalen Reeves-Maybin;Dee Virgin;Marvin Hall;Mike Ford;Logan Thomas;Ty Johnson;Steve Longa;Miles Killebrew;C.J. Moore;Jesse James
2019_11_DAL_DET,3785,run,6.0,75.0,69.0,22.0,7:49,7:27,,21.0,35.0,1.0,10.0,"4 DL, 2 LB, 5 DB",;;;;;;;;;;,11,5,4,,,,00-0032381;00-0033932;00-0032418;00-0032395;00-0033094;00-0035229;00-0034390;00-0034345;00-0029293;00-0035537;00-0032436,Taylor Decker;Kenny Golladay;Joe Dahl;Graham Glasgow;Marvin Hall;T.J. Hockenson;Tyrell Crosby;Frank Ragnow;Marvin Jones;Ty Johnson;Jeff Driskel,00-0031411;00-0026618;00-0033052;00-0033579;00-0034674;00-0033047;00-0033131;00-0033083;00-0033548;00-0027952;00-0032239,DeMarcus Lawrence;Michael Bennett;Jaylon Smith;Xavier Woods;Leighton Vander Esch;Anthony Brown;Maliek Collins;Darian Thompson;Chidobe Awuzie;Robert Quinn;Byron Jones
2019_11_DAL_DET,3806,run,23.0,69.0,46.0,29.0,7:27,6:58,,21.0,35.0,2.0,4.0,"4 DL, 2 LB, 5 DB",;;;;;;;;;;,11,5,5,,,,00-0032381;00-0033932;00-0032418;00-0032395;00-0035229;00-0034390;00-0034345;00-0029293;00-0035537;00-0032436;00-0026035,Taylor Decker;Kenny Golladay;Joe Dahl;Graham Glasgow;T.J. Hockenson;Tyrell Crosby;Frank Ragnow;Marvin Jones;Ty Johnson;Jeff Driskel;Danny Amendola,00-0031411;00-0026618;00-0033052;00-0033579;00-0034674;00-0033047;00-0033131;00-0033083;00-0033548;00-0027952;00-0032239,DeMarcus Lawrence;Michael Bennett;Jaylon Smith;Xavier Woods;Leighton Vander Esch;Anthony Brown;Maliek Collins;Darian Thompson;Chidobe Awuzie;Robert Quinn;Byron Jones
2019_11_DAL_DET,3827,pass,0.0,46.0,46.0,26.0,6:58,6:32,,21.0,35.0,1.0,10.0,"4 DL, 2 LB, 5 DB",;;;;;;;;;;,11,6,4,MAN_COVERAGE,COVER_1,False,00-0032381;00-0033932;00-0032418;00-0032395;00-0035229;00-0034390;00-0034345;00-0029293;00-0035537;00-0032436;00-0026035,Taylor Decker;Kenny Golladay;Joe Dahl;Graham Glasgow;T.J. Hockenson;Tyrell Crosby;Frank Ragnow;Marvin Jones;Ty Johnson;Jeff Driskel;Danny Amendola,00-0031411;00-0026618;00-0033052;00-0033579;00-0034674;00-0033047;00-0033131;00-0033083;00-0033548;00-0027952;00-0032239,DeMarcus Lawrence;Michael Bennett;Jaylon Smith;Xavier Woods;Leighton Vander Esch;Anthony Brown;Maliek Collins;Darian Thompson;Chidobe Awuzie;Robert Quinn;Byron Jones
2019_11_DAL_DET,3854,pass,21.0,46.0,25.0,34.0,6:32,5:58,,21.0,35.0,2.0,10.0,"4 DL, 2 LB, 5 DB",;;;;;;;;;;,11,5,4,MAN_COVERAGE,COVER_1,False,00-0032381;00-0033932;00-0032418;00-0032395;00-0035229;00-0034390;00-0029293;00-0035537;00-0032436;00-0026035;00-0028240,Taylor Decker;Kenny Golladay;Joe Dahl;Graham Glasgow;T.J. Hockenson;Tyrell Crosby;Marvin Jones;Ty Johnson;Jeff Driskel;Danny Amendola;Kenny Wiggins,00-0030946;00-0026618;00-0033052;00-0033579;00-0034674;00-0033047;00-0033083;00-0033548;00-0027952;00-0031619;00-0032239,Kerry Hyder;Michael Bennett;Jaylon Smith;Xavier Woods;Leighton Vander Esch;Anthony Brown;Darian Thompson;Chidobe Awuzie;Robert Quinn;Christian Covington;Byron Jones
2019_11_DAL_DET,3878,pass,25.0,25.0,0.0,9.0,5:58,5:49,,27.0,35.0,1.0,10.0,"4 DL, 2 LB, 5 DB",;;;;;;;;;;,11,6,5,ZONE_COVERAGE,COVER_3,True,00-0032381;00-0033932;00-0032418;00-0032395;00-0033094;00-0035229;00-0034390;00-0035537;00-0029293;00-0032436;00-0028240,Taylor Decker;Kenny Golladay;Joe Dahl;Graham Glasgow;Marvin Hall;T.J. Hockenson;Tyrell Crosby;Ty Johnson;Marvin Jones;Jeff Driskel;Kenny Wiggins,00-0030946;00-0026618;00-0033928;00-0033052;00-0035301;00-0034674;00-0033131;00-0033083;00-0033548;00-0027952;00-0032239,Kerry Hyder;Michael Bennett;Jourdan Lewis;Jaylon Smith;Donovan Wilson;Leighton Vander Esch;Maliek Collins;Darian Thompson;Chidobe Awuzie;Robert Quinn;Byron Jones
2019_11_DAL_DET,3907,pass,0.0,2.0,2.0,0.0,5:49,5:49,,27.0,35.0,,0.0,"4 DL, 2 LB, 5 DB",;;;;;;;;;;,11,6,,,,,00-0032381;00-0033932;00-0032418;00-0032395;00-0035229;00-0034390;00-0029293;00-0032436;00-0026035;00-0028240;00-0032602,Taylor Decker;Kenny Golladay;Joe Dahl;Graham Glasgow;T.J. Hockenson;Tyrell Crosby;Marvin Jones;Jeff Driskel;Danny Amendola;Kenny Wiggins;J.D. McKissic,00-0026618;00-0033928;00-0033052;00-0033579;00-0034674;00-0033131;00-0033083;00-0033548;00-0034373;00-0027952;00-0032239,Michael Bennett;Jourdan Lewis;Jaylon Smith;Xavier Woods;Leighton Vander Esch;Maliek Collins;Darian Thompson;Chidobe Awuzie;Dorance Armstrong;Robert Quinn;Byron Jones
2019_11_DAL_DET,3928,kickoff,0.0,35.0,35.0,7.0,5:49,5:42,,27.0,35.0,,0.0,,;;;;;;;;;;,11,,,,,,00-0033557;00-0031796;00-0033779;00-0034639;00-0031260;00-0035270;00-0035537;00-0023853;00-0032470;00-0032399;00-0035327,Jalen Reeves-Maybin;Justin Coleman;Dee Virgin;Mike Ford;Logan Thomas;Amani Oruwariye;Ty Johnson;Matt Prater;Steve Longa;Miles Killebrew;C.J. Moore,00-0033903;00-0035548;00-0034383;00-0033928;00-0031357;00-0029492;00-0035301;00-0035261;00-0030761;00-0031999;00-0033658,Josh Jones;Ventell Bryant;Dalton Schultz;Jourdan Lewis;C.J. Goodwin;Jamize Olawale;Donovan Wilson;Tony Pollard;Joe Thomas;Justin March;Blake Jarwin
2019_11_DAL_DET,3952,pass,0.0,69.0,69.0,6.0,5:42,5:36,,27.0,35.0,1.0,10.0,"4 DL, 3 LB, 4 DB",;;;;;;;;;;,11,8,6,MAN_COVERAGE,COVER_1,True,00-0031544;00-0031534;00-0030546;00-0027947;00-0031410;00-0034764;00-0033077;00-0022127;00-0031402;00-0033045;00-0033658,Amari Cooper;La'el Collins;Travis Frederick;Tyron Smith;Xavier Su'a-Filo;Michael Gallup;Dak Prescott;Jason Witten;Zack Martin;Ezekiel Elliott;Blake Jarwin,00-0029040;00-0035240;00-0034586;00-0030062;00-0032889;00-0029410;00-0031566;00-0029901;00-0033539;00-0031241;00-0035655,Damon Harrison;Jahlani Tavai;John Atkins;Darius Slay;A'Shawn Robinson;Tavon Wilson;Trey Flowers;Rashaan Melvin;Jarrad Davis;Devon Kennard;Will Harris
2019_11_DAL_DET,3974,pass,6.0,69.0,63.0,39.0,5:36,4:57,,27.0,35.0,2.0,10.0,"3 DL, 3 LB, 5 DB",;;;;;;;;;;,11,7,5,MAN_COVERAGE,COVER_1,False,00-0031067;00-0030546;00-0027947;00-0030525;00-0031410;00-0034764;00-0033077;00-0022127;00-0031402;00-0033045;00-0028002,Cameron Fleming;Travis Frederick;Tyron Smith;Tavon Austin;Xavier Su'a-Filo;Michael Gallup;Dak Prescott;Jason Witten;Zack Martin;Ezekiel Elliott;Randall Cobb,00-0029040;00-0031796;00-0035240;00-0034586;00-0030062;00-0032889;00-0029410;00-0029901;00-0033539;00-0031241;00-0035655,Damon Harrison;Justin Coleman;Jahlani Tavai;John Atkins;Darius Slay;A'Shawn Robinson;Tavon Wilson;Rashaan Melvin;Jarrad Davis;Devon Kennard;Will Harris
2019_11_DAL_DET,4002,pass,22.0,63.0,41.0,11.0,4:57,4:46,,27.0,35.0,3.0,4.0,"3 DL, 3 LB, 5 DB",;;;;;;;;;;,11,6,3,MAN_COVERAGE,COVER_0,False,00-0031067;00-0031544;00-0030546;00-0027947;00-0031410;00-0034764;00-0033077;00-0022127;00-0031402;00-0028002;00-0033045,Cameron Fleming;Amari Cooper;Travis Frederick;Tyron Smith;Xavier Su'a-Filo;Michael Gallup;Dak Prescott;Jason Witten;Zack Martin;Randall Cobb;Ezekiel Elliott,00-0029040;00-0031796;00-0035240;00-0030062;00-0032889;00-0029410;00-0031566;00-0029901;00-0033539;00-0031241;00-0035655,Damon Harrison;Justin Coleman;Jahlani Tavai;Darius Slay;A'Shawn Robinson;Tavon Wilson;Trey Flowers;Rashaan Melvin;Jarrad Davis;Devon Kennard;Will Harris
2019_11_DAL_DET,4031,run,1.0,41.0,40.0,42.0,4:46,4:04,,27.0,35.0,1.0,10.0,"4 DL, 3 LB, 4 DB",;;;;;;;;;;,11,8,,,,,00-0031067;00-0034383;00-0030546;00-0027947;00-0030525;00-0031410;00-0033077;00-0022127;00-0031402;00-0033045;00-0033658,Cameron Fleming;Dalton Schultz;Travis Frederick;Tyron Smith;Tavon Austin;Xavier Su'a-Filo;Dak Prescott;Jason Witten;Zack Martin;Ezekiel Elliott;Blake Jarwin,00-0029040;00-0035240;00-0034586;00-0030062;00-0032889;00-0029410;00-0031566;00-0029901;00-0033539;00-0031241;00-0035655,Damon Harrison;Jahlani Tavai;John Atkins;Darius Slay;A'Shawn Robinson;Tavon Wilson;Trey Flowers;Rashaan Melvin;Jarrad Davis;Devon Kennard;Will Harris
2019_11_DAL_DET,4052,pass,0.0,40.0,40.0,7.0,4:04,3:57,,27.0,35.0,2.0,9.0,"3 DL, 3 LB, 5 DB",;;;;;;;;;;,11,7,5,MAN_COVERAGE,COVER_1,True,00-0031067;00-0030546;00-0035261;00-0027947;00-0030525;00-0031410;00-0034764;00-0033077;00-0031402;00-0033045;00-0028002,Cameron Fleming;Travis Frederick;Tony Pollard;Tyron Smith;Tavon Austin;Xavier Su'a-Filo;Michael Gallup;Dak Prescott;Zack Martin;Ezekiel Elliott;Randall Cobb,00-0029040;00-0031796;00-0030062;00-0032889;00-0029410;00-0031130;00-0031566;00-0029901;00-0033539;00-0031241;00-0035655,Damon Harrison;Justin Coleman;Darius Slay;A'Shawn Robinson;Tavon Wilson;Christian Jones;Trey Flowers;Rashaan Melvin;Jarrad Davis;Devon Kennard;Will Harris
2019_11_DAL_DET,4086,pass,0.0,40.0,40.0,5.0,3:57,3:52,,27.0,35.0,3.0,9.0,"1 DL, 4 LB, 6 DB",;;;;;;;;;;,11,5,3,MAN_COVERAGE,2_MAN,True,00-0031067;00-0031544;00-0030546;00-0027947;00-0031410;00-0034764;00-0033077;00-0031402;00-0033045;00-0028002;00-0033658,Cameron Fleming;Amari Cooper;Travis Frederick;Tyron Smith;Xavier Su'a-Filo;Michael Gallup;Dak Prescott;Zack Martin;Ezekiel Elliott;Randall Cobb;Blake Jarwin,00-0031796;00-0035240;00-0030062;00-0029410;00-0031130;00-0035270;00-0029901;00-0033539;00-0031241;00-0029284;00-0035655,Justin Coleman;Jahlani Tavai;Darius Slay;Tavon Wilson;Christian Jones;Amani Oruwariye;Rashaan Melvin;Jarrad Davis;Devon Kennard;Mike Daniels;Will Harris
2019_11_DAL_DET,4112,punt,0.0,40.0,40.0,8.0,3:52,3:44,,27.0,35.0,4.0,9.0,,;;;;;;;;;;,11,,,,,,00-0035548;00-0031357;00-0029492;00-0023298;00-0035261;00-0030761;00-0031999;00-0033083;00-0028664;00-0034373;00-0033658,Ventell Bryant;C.J. Goodwin;Jamize Olawale;L.P. LaDouceur;Tony Pollard;Joe Thomas;Justin March;Darian Thompson;Chris Jones;Dorance Armstrong;Blake Jarwin,00-0033557;00-0033779;00-0033094;00-0034639;00-0035270;00-0031260;00-0032470;00-0032399;00-0035655;00-0035327;00-0032135,Jalen Reeves-Maybin;Dee Virgin;Marvin Hall;Mike Ford;Amani Oruwariye;Logan Thomas;Steve Longa;Miles Killebrew;Will Harris;C.J. Moore;Jesse James
2019_11_DAL_DET,4140,run,5.0,86.0,81.0,31.0,3:44,3:13,,27.0,35.0,1.0,10.0,"4 DL, 2 LB, 5 DB",;;;;;;;;;;,11,5,,,,,00-0032381;00-0033932;00-0032418;00-0032395;00-0035229;00-0034390;00-0029293;00-0035537;00-0032436;00-0026035;00-0028240,Taylor Decker;Kenny Golladay;Joe Dahl;Graham Glasgow;T.J. Hockenson;Tyrell Crosby;Marvin Jones;Ty Johnson;Jeff Driskel;Danny Amendola;Kenny Wiggins,00-0031411;00-0033928;00-0033052;00-0033579;00-0034674;00-0033131;00-0033083;00-0033548;00-0027952;00-0032239;00-0032871,DeMarcus Lawrence;Jourdan Lewis;Jaylon Smith;Xavier Woods;Leighton Vander Esch;Maliek Collins;Darian Thompson;Chidobe Awuzie;Robert Quinn;Byron Jones;Antwaun Woods
2019_11_DAL_DET,4161,pass,34.0,81.0,47.0,12.0,3:13,3:01,,27.0,35.0,2.0,5.0,"4 DL, 2 LB, 5 DB",;;;;;;;;;;,11,5,4,ZONE_COVERAGE,COVER_3,False,00-0032381;00-0033932;00-0032418;00-0032395;00-0035229;00-0034390;00-0029293;00-0035537;00-0032436;00-0026035;00-0028240,Taylor Decker;Kenny Golladay;Joe Dahl;Graham Glasgow;T.J. Hockenson;Tyrell Crosby;Marvin Jones;Ty Johnson;Jeff Driskel;Danny Amendola;Kenny Wiggins,00-0031411;00-0033928;00-0033052;00-0033579;00-0034674;00-0033131;00-0033083;00-0033548;00-0027952;00-0032239;00-0032871,DeMarcus Lawrence;Jourdan Lewis;Jaylon Smith;Xavier Woods;Leighton Vander Esch;Maliek Collins;Darian Thompson;Chidobe Awuzie;Robert Quinn;Byron Jones;Antwaun Woods
2019_11_DAL_DET,4196,no_play,0.0,32.0,32.0,5.0,3:01,2:56,,27.0,35.0,1.0,10.0,"4 DL, 3 LB, 4 DB",;;;;;;;;;;,11,7,,,,,00-0032381;00-0033932;00-0034432;00-0032418;00-0032395;00-0034390;00-0031260;00-0029293;00-0032436;00-0028240;00-0032135,Taylor Decker;Kenny Golladay;Bo Scarbrough;Joe Dahl;Graham Glasgow;Tyrell Crosby;Logan Thomas;Marvin Jones;Jeff Driskel;Kenny Wiggins;Jesse James,00-0031411;00-0026618;00-0033052;00-0033579;00-0034674;00-0033131;00-0027663;00-0033083;00-0033548;00-0027952;00-0032239,DeMarcus Lawrence;Michael Bennett;Jaylon Smith;Xavier Woods;Leighton Vander Esch;Maliek Collins;Sean Lee;Darian Thompson;Chidobe Awuzie;Robert Quinn;Byron Jones
2019_11_DAL_DET,4229,pass,0.0,37.0,37.0,4.0,2:56,2:52,,27.0,35.0,1.0,15.0,"4 DL, 2 LB, 5 DB",;;;;;;;;;;,11,6,4,MAN_COVERAGE,COVER_1,False,00-0032381;00-0033932;00-0032418;00-0034432;00-0032395;00-0035229;00-0034390;00-0029293;00-0032436;00-0026035;00-0028240,Taylor Decker;Kenny Golladay;Joe Dahl;Bo Scarbrough;Graham Glasgow;T.J. Hockenson;Tyrell Crosby;Marvin Jones;Jeff Driskel;Danny Amendola;Kenny Wiggins,00-0031411;00-0026618;00-0033928;00-0033579;00-0033052;00-0034674;00-0033131;00-0033083;00-0033548;00-0027952;00-0032239,DeMarcus Lawrence;Michael Bennett;Jourdan Lewis;Xavier Woods;Jaylon Smith;Leighton Vander Esch;Maliek Collins;Darian Thompson;Chidobe Awuzie;Robert Quinn;Byron Jones
2019_11_DAL_DET,4251,pass,-11.0,37.0,48.0,39.0,2:52,2:13,,27.0,35.0,2.0,15.0,"4 DL, 2 LB, 5 DB",;;;;;;;;;;,11,6,4,,,,00-0032381;00-0033932;00-0032418;00-0032395;00-0035229;00-0034390;00-0029293;00-0032436;00-0026035;00-0028240;00-0032602,Taylor Decker;Kenny Golladay;Joe Dahl;Graham Glasgow;T.J. Hockenson;Tyrell Crosby;Marvin Jones;Jeff Driskel;Danny Amendola;Kenny Wiggins;J.D. McKissic,00-0031411;00-0026618;00-0033928;00-0033052;00-0033579;00-0034674;00-0033131;00-0033083;00-0033548;00-0027952;00-0032239,DeMarcus Lawrence;Michael Bennett;Jourdan Lewis;Jaylon Smith;Xavier Woods;Leighton Vander Esch;Maliek Collins;Darian Thompson;Chidobe Awuzie;Robert Quinn;Byron Jones
2019_11_DAL_DET,4270,pass,0.0,48.0,48.0,6.0,2:13,2:07,,27.0,35.0,3.0,26.0,"4 DL, 2 LB, 5 DB",;;;;;;;;;;,11,4,4,ZONE_COVERAGE,COVER_2,True,00-0032381;00-0033932;00-0032418;00-0032395;00-0035229;00-0034390;00-0029293;00-0032436;00-0026035;00-0028240;00-0032602,Taylor Decker;Kenny Golladay;Joe Dahl;Graham Glasgow;T.J. Hockenson;Tyrell Crosby;Marvin Jones;Jeff Driskel;Danny Amendola;Kenny Wiggins;J.D. McKissic,00-0031411;00-0026618;00-0033928;00-0033052;00-0033579;00-0034674;00-0033131;00-0033083;00-0033548;00-0027952;00-0032239,DeMarcus Lawrence;Michael Bennett;Jourdan Lewis;Jaylon Smith;Xavier Woods;Leighton Vander Esch;Maliek Collins;Darian Thompson;Chidobe Awuzie;Robert Quinn;Byron Jones
2019_11_DAL_DET,4292,no_play,0.0,48.0,48.0,0.0,2:07,2:07,,27.0,35.0,4.0,26.0,,;;;;;;;;;;,11,,,,,,00-0033557;00-0035240;00-0029410;00-0031130;00-0033779;00-0022455;00-0031260;00-0032470;00-0032399;00-0030092;00-0035327,Jalen Reeves-Maybin;Jahlani Tavai;Tavon Wilson;Christian Jones;Dee Virgin;Don Muhlbach;Logan Thomas;Steve Longa;Miles Killebrew;Sam Martin;C.J. Moore,00-0031411;00-0033052;00-0034674;00-0027663;00-0033131;00-0033083;00-0033548;00-0027952;00-0031619;00-0032239;00-0028002,DeMarcus Lawrence;Jaylon Smith;Leighton Vander Esch;Sean Lee;Maliek Collins;Darian Thompson;Chidobe Awuzie;Robert Quinn;Christian Covington;Byron Jones;Randall Cobb
2019_11_DAL_DET,4328,punt,0.0,53.0,53.0,9.0,2:07,1:58,,27.0,35.0,4.0,31.0,,;;;;;;;;;;,11,,,,,,00-0033557;00-0035240;00-0029410;00-0031130;00-0033779;00-0022455;00-0031260;00-0032470;00-0032399;00-0030092;00-0035327,Jalen Reeves-Maybin;Jahlani Tavai;Tavon Wilson;Christian Jones;Dee Virgin;Don Muhlbach;Logan Thomas;Steve Longa;Miles Killebrew;Sam Martin;C.J. Moore,00-0031411;00-0033052;00-0034674;00-0027663;00-0033131;00-0033083;00-0033548;00-0027952;00-0031619;00-0032239;00-0028002,DeMarcus Lawrence;Jaylon Smith;Leighton Vander Esch;Sean Lee;Maliek Collins;Darian Thompson;Chidobe Awuzie;Robert Quinn;Christian Covington;Byron Jones;Randall Cobb
2019_11_DAL_DET,4373,run,0.0,87.0,87.0,4.0,1:58,1:54,,27.0,35.0,1.0,10.0,"4 DL, 5 LB, 2 DB",;;;;;;;;;;,11,10,,,,,00-0031067;00-0034383;00-0030546;00-0027947;00-0030525;00-0031410;00-0033077;00-0022127;00-0031402;00-0033045;00-0033658,Cameron Fleming;Dalton Schultz;Travis Frederick;Tyron Smith;Tavon Austin;Xavier Su'a-Filo;Dak Prescott;Jason Witten;Zack Martin;Ezekiel Elliott;Blake Jarwin,00-0029040;00-0033557;00-0035240;00-0034586;00-0030062;00-0032889;00-0029410;00-0031130;00-0033539;00-0031241;00-0029284,Damon Harrison;Jalen Reeves-Maybin;Jahlani Tavai;John Atkins;Darius Slay;A'Shawn Robinson;Tavon Wilson;Christian Jones;Jarrad Davis;Devon Kennard;Mike Daniels
2019_11_DAL_DET,4394,timeout,0.0,,,0.0,1:54,1:54,DET,27.0,35.0,,0.0,,,0,,,,,,,,,
2019_11_DAL_DET,4411,pass,23.0,87.0,64.0,7.0,1:54,1:47,,27.0,35.0,2.0,10.0,"4 DL, 3 LB, 4 DB",;;;;;;;;;;,11,7,6,MAN_COVERAGE,COVER_0,False,00-0031067;00-0030546;00-0029492;00-0027947;00-0030525;00-0031410;00-0033077;00-0022127;00-0031402;00-0033045;00-0033658,Cameron Fleming;Travis Frederick;Jamize Olawale;Tyron Smith;Tavon Austin;Xavier Su'a-Filo;Dak Prescott;Jason Witten;Zack Martin;Ezekiel Elliott;Blake Jarwin,00-0029040;00-0034586;00-0030062;00-0032889;00-0029410;00-0031130;00-0029901;00-0033539;00-0031241;00-0029284;00-0035655,Damon Harrison;John Atkins;Darius Slay;A'Shawn Robinson;Tavon Wilson;Christian Jones;Rashaan Melvin;Jarrad Davis;Devon Kennard;Mike Daniels;Will Harris
2019_11_DAL_DET,4435,timeout,0.0,,,0.0,1:47,1:47,DET,27.0,35.0,,0.0,,,0,,,,,,,,,
2019_11_DAL_DET,4452,qb_kneel,-1.0,64.0,65.0,38.0,1:47,1:09,,27.0,35.0,1.0,10.0,"4 DL, 3 LB, 4 DB",;;;;;;;;;;,11,8,,,,,00-0031067;00-0035548;00-0034383;00-0030546;00-0029492;00-0027947;00-0031410;00-0033077;00-0022127;00-0031402;00-0033045,Cameron Fleming;Ventell Bryant;Dalton Schultz;Travis Frederick;Jamize Olawale;Tyron Smith;Xavier Su'a-Filo;Dak Prescott;Jason Witten;Zack Martin;Ezekiel Elliott,00-0029040;00-0034586;00-0030062;00-0032889;00-0029410;00-0031130;00-0029901;00-0033539;00-0031241;00-0029284;00-0035655,Damon Harrison;John Atkins;Darius Slay;A'Shawn Robinson;Tavon Wilson;Christian Jones;Rashaan Melvin;Jarrad Davis;Devon Kennard;Mike Daniels;Will Harris
2019_11_DAL_DET,4473,qb_kneel,-1.0,65.0,66.0,31.0,1:09,0:38,,27.0,35.0,2.0,11.0,"4 DL, 3 LB, 4 DB",;;;;;;;;;;,11,8,,,,,00-0031067;00-0035548;00-0034383;00-0030546;00-0029492;00-0027947;00-0031410;00-0033077;00-0022127;00-0031402;00-0033045,Cameron Fleming;Ventell Bryant;Dalton Schultz;Travis Frederick;Jamize Olawale;Tyron Smith;Xavier Su'a-Filo;Dak Prescott;Jason Witten;Zack Martin;Ezekiel Elliott,00-0029040;00-0034586;00-0030062;00-0032889;00-0029410;00-0031130;00-0029901;00-0033539;00-0031241;00-0029284;00-0035655,Damon Harrison;John Atkins;Darius Slay;A'Shawn Robinson;Tavon Wilson;Christian Jones;Rashaan Melvin;Jarrad Davis;Devon Kennard;Mike Daniels;Will Harris
2019_11_DAL_DET,4494,qb_kneel,-1.0,66.0,67.0,38.0,0:38,0:00,,27.0,35.0,3.0,12.0,"4 DL, 3 LB, 4 DB",;;;;;;;;;;,11,8,,,,,00-0031067;00-0035548;00-0034383;00-0030546;00-0029492;00-0027947;00-0031410;00-0033077;00-0022127;00-0031402;00-0033045,Cameron Fleming;Ventell Bryant;Dalton Schultz;Travis Frederick;Jamize Olawale;Tyron Smith;Xavier Su'a-Filo;Dak Prescott;Jason Witten;Zack Martin;Ezekiel Elliott,00-0029040;00-0034586;00-0030062;00-0032889;00-0029410;00-0031130;00-0029901;00-0033539;00-0031241;00-0035655;00-0029284,Damon Harrison;John Atkins;Darius Slay;A'Shawn Robinson;Tavon Wilson;Christian Jones;Rashaan Melvin;Jarrad Davis;Devon Kennard;Will Harris;Mike Daniels
2019_11_DAL_DET,4515,end_game,,,,0.0,0:00,0:00,,27.0,35.0,,0.0,,,0,,,,,,,,,
