game_id,play_id,play_type,yards_gained,starting_yard,ending_yard,posteam,qtr,game_seconds_remaining,yardline_100,time_of_play,time_on_clock_start,time_on_clock_end,timeout_team,home_team_score,away_team_score,down,yds_to_go,defense_personnel,defense_positions,n_defense,defenders_in_box,number_of_pass_rushers,defense_man_zone_type,defense_coverage_type,was_pressure,offense_player_ids,offense_player_names,defense_player_ids,defense_player_names
2020_10_DEN_LV,1,start_quarter_1,,,,,1.0,3600.0,,0.0,15:00,15:00,,0.0,0.0,,0.0,,,0,,,,,,,,,
2020_10_DEN_LV,40,kickoff,0.0,35.0,35.0,DEN,1.0,3600.0,35.0,11.0,15:00,14:49,,0.0,0.0,,0.0,,;;;;;;;;;;,11,,,,,,00-0034161;00-0031176;00-0029119;00-0029647;00-0030196;00-0032972;00-0033461;00-0032320;00-0034726;00-0035133;00-0035693,Daniel Carlson;Nevin Lawson;Derek Carrier;Kyle Wilber;Jeff Heath;Devontae Booker;Raekwon McMillan;Erik Harris;Dallin Leavitt;Keisean Nixon;Johnathan Abram,00-0031258;00-0035227;00-0034956;00-0031319;00-0033452;00-0031956;00-0035862;00-0034744;00-0035427;00-0034838;00-0034111,Jeremiah Attaochu;P.J. Locke;Josh Watson;Diontae Spencer;Austin Calitro;Anthony Chickillo;Essang Bassey;Duke Dawson;Jeremy Cox;Royce Freeman;Trey Marshall
2020_10_DEN_LV,73,pass,0.0,97.0,97.0,DEN,1.0,3589.0,97.0,5.0,14:49,14:44,,0.0,0.0,1.0,10.0,"4 DL, 3 LB, 4 DB",;;;;;;;;;;,11,8,5,MAN_COVERAGE,COVER_1,False,00-0035704;00-0032395;00-0034957;00-0036407;00-0036391;00-0033375;00-0032144;00-0033538;00-0035427;00-0035702;00-0032394,Drew Lock;Graham Glasgow;Calvin Anderson;Jerry Jeudy;Lloyd Cushenberry III;Tim Patrick;Melvin Gordon;Garett Bolles;Jeremy Cox;Dalton Risner;Nick Vannett,00-0034973;00-0031176;00-0033445;00-0035695;00-0033131;00-0035692;00-0033461;00-0030063;00-0032320;00-0032773;00-0035693,Maxx Crosby;Nevin Lawson;Nicholas Morrow;Trayvon Mullen;Maliek Collins;Clelin Ferrell;Raekwon McMillan;Johnathan Hankins;Erik Harris;Nick Kwiatkoski;Johnathan Abram
2020_10_DEN_LV,95,run,4.0,97.0,93.0,DEN,1.0,3584.0,97.0,22.0,14:44,14:22,,0.0,0.0,2.0,10.0,"4 DL, 3 LB, 4 DB",;;;;;;;;;;,11,7,,,,,00-0035704;00-0035644;00-0032395;00-0034957;00-0034370;00-0036391;00-0032144;00-0034393;00-0033538;00-0035702;00-0032394,Drew Lock;Noah Fant;Graham Glasgow;Calvin Anderson;DaeSean Hamilton;Lloyd Cushenberry III;Melvin Gordon;Troy Fumagalli;Garett Bolles;Dalton Risner;Nick Vannett,00-0034973;00-0031176;00-0033445;00-0035695;00-0033131;00-0030196;00-0035692;00-0033461;00-0030063;00-0032320;00-0032773,Maxx Crosby;Nevin Lawson;Nicholas Morrow;Trayvon Mullen;Maliek Collins;Jeff Heath;Clelin Ferrell;Raekwon McMillan;Johnathan Hankins;Erik Harris;Nick Kwiatkoski
2020_10_DEN_LV,119,pass,1.0,93.0,92.0,DEN,1.0,3562.0,93.0,43.0,14:22,13:39,,0.0,0.0,3.0,6.0,"4 DL, 1 LB, 6 DB",;;;;;;;;;;,11,6,4,MAN_COVERAGE,COVER_1,False,00-0035704;00-0035644;00-0032395;00-0034957;00-0036407;00-0036391;00-0033375;00-0033538;00-0034838;00-0035702;00-0032394,Drew Lock;Noah Fant;Graham Glasgow;Calvin Anderson;Jerry Jeudy;Lloyd Cushenberry III;Tim Patrick;Garett Bolles;Royce Freeman;Dalton Risner;Nick Vannett,00-0033129;00-0034973;00-0031389;00-0031176;00-0033445;00-0035695;00-0033131;00-0030196;00-0035692;00-0034980;00-0032320,Carl Nassib;Maxx Crosby;Lamarcus Joyner;Nevin Lawson;Nicholas Morrow;Trayvon Mullen;Maliek Collins;Jeff Heath;Clelin Ferrell;Isaiah Johnson;Erik Harris
2020_10_DEN_LV,143,punt,0.0,92.0,92.0,DEN,1.0,3519.0,92.0,13.0,13:39,13:26,,0.0,0.0,4.0,5.0,,;;;;;;;;;;,11,,,,,,00-0035227;00-0031258;00-0034956;00-0034388;00-0033452;00-0034954;00-0035757;00-0030092;00-0035427;00-0034838;00-0034111,P.J. Locke;Jeremiah Attaochu;Josh Watson;Davontae Harris;Austin Calitro;Malik Reed;Jacob Bobenmoyer;Sam Martin;Jeremy Cox;Royce Freeman;Trey Marshall,00-0031176;00-0029119;00-0029647;00-0034981;00-0030196;00-0034125;00-0033461;00-0034726;00-0032320;00-0035133;00-0034983,Nevin Lawson;Derek Carrier;Kyle Wilber;Foster Moreau;Jeff Heath;Kendal Vickers;Raekwon McMillan;Dallin Leavitt;Erik Harris;Keisean Nixon;Hunter Renfrow
2020_10_DEN_LV,179,run,3.0,62.0,59.0,LV,1.0,3506.0,62.0,30.0,13:26,12:56,,0.0,0.0,1.0,10.0,"3 DL, 3 LB, 5 DB",;;;;;;;;;;,11,6,,,,,00-0027993;00-0034763;00-0036357;00-0031280;00-0035700;00-0031632;00-0031367;00-0027778;00-0031610;00-0031549;00-0034983,Rodney Hudson;Brandon Parker;Henry Ruggs III;Derek Carr;Josh Jacobs;Denzelle Good;Gabe Jackson;Sam Young;Darren Waller;Nelson Agholor;Hunter Renfrow,00-0035678;00-0030228;00-0034954;00-0034887;00-0035862;00-0031795;00-0032971;00-0027872;00-0031904;00-0034832;00-0034368,Dre'Mont Jones;A.J. Bouye;Malik Reed;Alexander Johnson;Essang Bassey;DeShawn Williams;Justin Simmons;Kareem Jackson;Bryce Callahan;Bradley Chubb;Josey Jewell
2020_10_DEN_LV,200,run,2.0,59.0,57.0,LV,1.0,3476.0,59.0,37.0,12:56,12:19,,0.0,0.0,2.0,7.0,"3 DL, 3 LB, 5 DB",;;;;;;;;;;,11,6,,,,,00-0027993;00-0034763;00-0036357;00-0031280;00-0035700;00-0031632;00-0031367;00-0027778;00-0031610;00-0031549;00-0034983,Rodney Hudson;Brandon Parker;Henry Ruggs III;Derek Carr;Josh Jacobs;Denzelle Good;Gabe Jackson;Sam Young;Darren Waller;Nelson Agholor;Hunter Renfrow,00-0035678;00-0030228;00-0034954;00-0034887;00-0035862;00-0031795;00-0032971;00-0027872;00-0031904;00-0034832;00-0034368,Dre'Mont Jones;A.J. Bouye;Malik Reed;Alexander Johnson;Essang Bassey;DeShawn Williams;Justin Simmons;Kareem Jackson;Bryce Callahan;Bradley Chubb;Josey Jewell
2020_10_DEN_LV,221,pass,25.0,57.0,32.0,LV,1.0,3439.0,57.0,40.0,12:19,11:39,,0.0,0.0,3.0,5.0,"3 DL, 2 LB, 6 DB",;;;;;;;;;;,11,5,4,MAN_COVERAGE,COVER_1,False,00-0027993;00-0034763;00-0036357;00-0031280;00-0033025;00-0031632;00-0031367;00-0027778;00-0031610;00-0031549;00-0034983,Rodney Hudson;Brandon Parker;Henry Ruggs III;Derek Carr;Jalen Richard;Denzelle Good;Gabe Jackson;Sam Young;Darren Waller;Nelson Agholor;Hunter Renfrow,00-0033782;00-0035678;00-0030228;00-0034954;00-0035862;00-0034744;00-0032971;00-0027872;00-0031904;00-0034832;00-0034368,DeMarcus Walker;Dre'Mont Jones;A.J. Bouye;Malik Reed;Essang Bassey;Duke Dawson;Justin Simmons;Kareem Jackson;Bryce Callahan;Bradley Chubb;Josey Jewell
2020_10_DEN_LV,245,pass,9.0,32.0,23.0,LV,1.0,3399.0,32.0,38.0,11:39,11:01,,0.0,0.0,1.0,10.0,"3 DL, 3 LB, 5 DB",;;;;;;;;;;,11,6,4,ZONE_COVERAGE,COVER_3,False,00-0027993;00-0034763;00-0036357;00-0031280;00-0035700;00-0031632;00-0031367;00-0027778;00-0031610;00-0031549;00-0034983,Rodney Hudson;Brandon Parker;Henry Ruggs III;Derek Carr;Josh Jacobs;Denzelle Good;Gabe Jackson;Sam Young;Darren Waller;Nelson Agholor;Hunter Renfrow,00-0033782;00-0035678;00-0030228;00-0034954;00-0034887;00-0035862;00-0032971;00-0027872;00-0031904;00-0034832;00-0034368,DeMarcus Walker;Dre'Mont Jones;A.J. Bouye;Malik Reed;Alexander Johnson;Essang Bassey;Justin Simmons;Kareem Jackson;Bryce Callahan;Bradley Chubb;Josey Jewell
2020_10_DEN_LV,269,run,3.0,23.0,20.0,LV,1.0,3361.0,23.0,37.0,11:01,10:24,,0.0,0.0,2.0,1.0,"3 DL, 3 LB, 5 DB",;;;;;;;;;;,11,6,,,,,00-0027993;00-0034763;00-0031280;00-0035700;00-0031632;00-0031367;00-0035125;00-0022127;00-0027778;00-0031610;00-0031549,Rodney Hudson;Brandon Parker;Derek Carr;Josh Jacobs;Denzelle Good;Gabe Jackson;Alec Ingold;Jason Witten;Sam Young;Darren Waller;Nelson Agholor,00-0030577;00-0033782;00-0030228;00-0034954;00-0034887;00-0035862;00-0032971;00-0027872;00-0031904;00-0034832;00-0034368,Sylvester Williams;DeMarcus Walker;A.J. Bouye;Malik Reed;Alexander Johnson;Essang Bassey;Justin Simmons;Kareem Jackson;Bryce Callahan;Bradley Chubb;Josey Jewell
2020_10_DEN_LV,290,run,9.0,20.0,11.0,LV,1.0,3324.0,20.0,34.0,10:24,9:50,,0.0,0.0,1.0,10.0,"3 DL, 3 LB, 5 DB",;;;;;;;;;;,11,6,4,,,,00-0027993;00-0034763;00-0036357;00-0031280;00-0035700;00-0031632;00-0031367;00-0022127;00-0027778;00-0031610;00-0031549,Rodney Hudson;Brandon Parker;Henry Ruggs III;Derek Carr;Josh Jacobs;Denzelle Good;Gabe Jackson;Jason Witten;Sam Young;Darren Waller;Nelson Agholor,00-0030577;00-0033782;00-0030228;00-0034954;00-0034887;00-0035862;00-0032971;00-0027872;00-0031904;00-0034832;00-0034368,Sylvester Williams;DeMarcus Walker;A.J. Bouye;Malik Reed;Alexander Johnson;Essang Bassey;Justin Simmons;Kareem Jackson;Bryce Callahan;Bradley Chubb;Josey Jewell
2020_10_DEN_LV,311,run,11.0,11.0,0.0,LV,1.0,3290.0,11.0,6.0,9:50,9:44,,6.0,0.0,2.0,1.0,"2 DL, 4 LB, 5 DB",;;;;;;;;;;,11,6,,,,,00-0027993;00-0034763;00-0034981;00-0031280;00-0035700;00-0031632;00-0031367;00-0022127;00-0027778;00-0031610;00-0031549,Rodney Hudson;Brandon Parker;Foster Moreau;Derek Carr;Josh Jacobs;Denzelle Good;Gabe Jackson;Jason Witten;Sam Young;Darren Waller;Nelson Agholor,00-0031258;00-0031956;00-0030228;00-0034887;00-0036420;00-0035862;00-0031795;00-0032971;00-0027872;00-0031904;00-0034368,Jeremiah Attaochu;Anthony Chickillo;A.J. Bouye;Alexander Johnson;McTelvin Agim;Essang Bassey;DeShawn Williams;Justin Simmons;Kareem Jackson;Bryce Callahan;Josey Jewell
2020_10_DEN_LV,328,extra_point,0.0,15.0,15.0,LV,1.0,3284.0,15.0,0.0,9:44,9:44,,7.0,0.0,,0.0,,;;;;;;;;;;,11,,,,,,00-0035190;00-0034628;00-0034161;00-0034763;00-0029119;00-0035127;00-0034981;00-0031632;00-0031367;00-0029889;00-0034198,AJ Cole;Jaryd Jones-Smith;Daniel Carlson;Brandon Parker;Derek Carrier;Andre James;Foster Moreau;Denzelle Good;Gabe Jackson;Patrick Omameh;Trent Sieg,00-0030577;00-0033782;00-0035227;00-0031258;00-0034956;00-0035678;00-0034887;00-0031795;00-0032971;00-0034368;00-0034111,Sylvester Williams;DeMarcus Walker;P.J. Locke;Jeremiah Attaochu;Josh Watson;Dre'Mont Jones;Alexander Johnson;DeShawn Williams;Justin Simmons;Josey Jewell;Trey Marshall
2020_10_DEN_LV,344,kickoff,0.0,35.0,35.0,DEN,1.0,3284.0,35.0,5.0,9:44,9:39,,7.0,0.0,,0.0,,;;;;;;;;;;,11,,,,,,00-0034161;00-0031176;00-0029119;00-0029647;00-0030196;00-0032972;00-0033461;00-0032320;00-0034726;00-0035133;00-0035693,Daniel Carlson;Nevin Lawson;Derek Carrier;Kyle Wilber;Jeff Heath;Devontae Booker;Raekwon McMillan;Erik Harris;Dallin Leavitt;Keisean Nixon;Johnathan Abram,00-0035227;00-0031258;00-0034956;00-0031319;00-0033452;00-0031956;00-0035862;00-0034744;00-0035427;00-0034838;00-0034111,P.J. Locke;Jeremiah Attaochu;Josh Watson;Diontae Spencer;Austin Calitro;Anthony Chickillo;Essang Bassey;Duke Dawson;Jeremy Cox;Royce Freeman;Trey Marshall
2020_10_DEN_LV,366,pass,9.0,74.0,65.0,DEN,1.0,3279.0,74.0,11.0,9:39,9:28,,7.0,0.0,1.0,10.0,"4 DL, 2 LB, 5 DB",;;;;;;;;;;,11,6,4,ZONE_COVERAGE,COVER_2,False,00-0035704;00-0035644;00-0032395;00-0034957;00-0036407;00-0034109;00-0036391;00-0036412;00-0033375;00-0033538;00-0035702,Drew Lock;Noah Fant;Graham Glasgow;Calvin Anderson;Jerry Jeudy;Phillip Lindsay;Lloyd Cushenberry III;KJ Hamler;Tim Patrick;Garett Bolles;Dalton Risner,00-0034973;00-0031389;00-0036359;00-0033445;00-0035695;00-0033131;00-0035692;00-0030063;00-0032320;00-0032773;00-0035693,Maxx Crosby;Lamarcus Joyner;Damon Arnette;Nicholas Morrow;Trayvon Mullen;Maliek Collins;Clelin Ferrell;Johnathan Hankins;Erik Harris;Nick Kwiatkoski;Johnathan Abram
2020_10_DEN_LV,393,run,2.0,65.0,63.0,DEN,1.0,3268.0,65.0,30.0,9:28,8:58,,7.0,0.0,2.0,1.0,"4 DL, 2 LB, 5 DB",;;;;;;;;;;,11,7,,,,,00-0035704;00-0035644;00-0032395;00-0034957;00-0034109;00-0034370;00-0036391;00-0036412;00-0033375;00-0033538;00-0035702,Drew Lock;Noah Fant;Graham Glasgow;Calvin Anderson;Phillip Lindsay;DaeSean Hamilton;Lloyd Cushenberry III;KJ Hamler;Tim Patrick;Garett Bolles;Dalton Risner,00-0034973;00-0031389;00-0031176;00-0036359;00-0033445;00-0033131;00-0035692;00-0030063;00-0032320;00-0032773;00-0035693,Maxx Crosby;Lamarcus Joyner;Nevin Lawson;Damon Arnette;Nicholas Morrow;Maliek Collins;Clelin Ferrell;Johnathan Hankins;Erik Harris;Nick Kwiatkoski;Johnathan Abram
2020_10_DEN_LV,414,pass,14.0,63.0,49.0,DEN,1.0,3238.0,63.0,25.0,8:58,8:33,,7.0,0.0,1.0,10.0,"4 DL, 3 LB, 4 DB",;;;;;;;;;;,11,6,5,ZONE_COVERAGE,COVER_4,False,00-0035704;00-0035644;00-0032395;00-0034957;00-0036407;00-0034109;00-0036391;00-0033375;00-0033538;00-0035702;00-0032394,Drew Lock;Noah Fant;Graham Glasgow;Calvin Anderson;Jerry Jeudy;Phillip Lindsay;Lloyd Cushenberry III;Tim Patrick;Garett Bolles;Dalton Risner;Nick Vannett,00-0034973;00-0031176;00-0036359;00-0033445;00-0033131;00-0035692;00-0033461;00-0030063;00-0032320;00-0032773;00-0035693,Maxx Crosby;Nevin Lawson;Damon Arnette;Nicholas Morrow;Maliek Collins;Clelin Ferrell;Raekwon McMillan;Johnathan Hankins;Erik Harris;Nick Kwiatkoski;Johnathan Abram
2020_10_DEN_LV,438,pass,17.0,49.0,32.0,DEN,1.0,3213.0,49.0,31.0,8:33,8:02,,7.0,0.0,1.0,10.0,"4 DL, 3 LB, 4 DB",;;;;;;;;;;,11,7,4,ZONE_COVERAGE,COVER_2,False,00-0035704;00-0035644;00-0032395;00-0034957;00-0036407;00-0034109;00-0036391;00-0036412;00-0033538;00-0035702;00-0032394,Drew Lock;Noah Fant;Graham Glasgow;Calvin Anderson;Jerry Jeudy;Phillip Lindsay;Lloyd Cushenberry III;KJ Hamler;Garett Bolles;Dalton Risner;Nick Vannett,00-0034973;00-0031176;00-0036359;00-0033445;00-0033131;00-0035692;00-0033461;00-0030063;00-0032320;00-0032773;00-0035693,Maxx Crosby;Nevin Lawson;Damon Arnette;Nicholas Morrow;Maliek Collins;Clelin Ferrell;Raekwon McMillan;Johnathan Hankins;Erik Harris;Nick Kwiatkoski;Johnathan Abram
2020_10_DEN_LV,462,pass,0.0,32.0,32.0,DEN,1.0,3182.0,32.0,5.0,8:02,7:57,,7.0,0.0,1.0,10.0,"4 DL, 2 LB, 5 DB",;;;;;;;;;;,11,7,4,ZONE_COVERAGE,COVER_3,False,00-0035704;00-0035644;00-0032395;00-0034957;00-0036407;00-0034109;00-0036391;00-0036412;00-0033375;00-0033538;00-0035702,Drew Lock;Noah Fant;Graham Glasgow;Calvin Anderson;Jerry Jeudy;Phillip Lindsay;Lloyd Cushenberry III;KJ Hamler;Tim Patrick;Garett Bolles;Dalton Risner,00-0034973;00-0031389;00-0031176;00-0036359;00-0033445;00-0033131;00-0034125;00-0035692;00-0032320;00-0032773;00-0035693,Maxx Crosby;Lamarcus Joyner;Nevin Lawson;Damon Arnette;Nicholas Morrow;Maliek Collins;Kendal Vickers;Clelin Ferrell;Erik Harris;Nick Kwiatkoski;Johnathan Abram
2020_10_DEN_LV,484,run,0.0,32.0,32.0,DEN,1.0,3177.0,32.0,34.0,7:57,7:23,,7.0,0.0,2.0,10.0,"4 DL, 2 LB, 5 DB",;;;;;;;;;;,11,6,,,,,00-0035704;00-0032395;00-0034957;00-0034109;00-0034370;00-0036391;00-0036412;00-0033375;00-0034393;00-0033538;00-0035702,Drew Lock;Graham Glasgow;Calvin Anderson;Phillip Lindsay;DaeSean Hamilton;Lloyd Cushenberry III;KJ Hamler;Tim Patrick;Troy Fumagalli;Garett Bolles;Dalton Risner,00-0033129;00-0031389;00-0031176;00-0036359;00-0033445;00-0031997;00-0034825;00-0034125;00-0032320;00-0032773;00-0035693,Carl Nassib;Lamarcus Joyner;Nevin Lawson;Damon Arnette;Nicholas Morrow;David Irving;Arden Key;Kendal Vickers;Erik Harris;Nick Kwiatkoski;Johnathan Abram
2020_10_DEN_LV,505,pass,0.0,32.0,32.0,DEN,1.0,3143.0,32.0,6.0,7:23,7:17,,7.0,0.0,3.0,10.0,"4 DL, 1 LB, 6 DB",;;;;;;;;;;,11,6,5,MAN_COVERAGE,COVER_1,False,00-0035704;00-0035644;00-0032395;00-0034957;00-0034370;00-0036391;00-0036412;00-0033375;00-0032144;00-0033538;00-0035702,Drew Lock;Noah Fant;Graham Glasgow;Calvin Anderson;DaeSean Hamilton;Lloyd Cushenberry III;KJ Hamler;Tim Patrick;Melvin Gordon;Garett Bolles;Dalton Risner,00-0033129;00-0031389;00-0031176;00-0036359;00-0033445;00-0031997;00-0034825;00-0034125;00-0034980;00-0032320;00-0035693,Carl Nassib;Lamarcus Joyner;Nevin Lawson;Damon Arnette;Nicholas Morrow;David Irving;Arden Key;Kendal Vickers;Isaiah Johnson;Erik Harris;Johnathan Abram
2020_10_DEN_LV,527,field_goal,0.0,32.0,32.0,DEN,1.0,3137.0,32.0,6.0,7:17,7:11,,7.0,3.0,4.0,10.0,,;;;;;;;;;;,11,,,,,,00-0033782;00-0032395;00-0034957;00-0035678;00-0029822;00-0035757;00-0034112;00-0033538;00-0030092;00-0035702;00-0034929,DeMarcus Walker;Graham Glasgow;Calvin Anderson;Dre'Mont Jones;Brandon McManus;Jacob Bobenmoyer;Austin Schlottmann;Garett Bolles;Sam Martin;Dalton Risner;Quinn Bailey,00-0034973;00-0031176;00-0029647;00-0031997;00-0035695;00-0033131;00-0030196;00-0033461;00-0030063;00-0032320;00-0032773,Maxx Crosby;Nevin Lawson;Kyle Wilber;David Irving;Trayvon Mullen;Maliek Collins;Jeff Heath;Raekwon McMillan;Johnathan Hankins;Erik Harris;Nick Kwiatkoski
2020_10_DEN_LV,546,kickoff,0.0,35.0,35.0,LV,1.0,3131.0,35.0,0.0,7:11,7:11,,7.0,3.0,,0.0,,;;;;;;;;;;,11,,,,,,00-0036390;00-0035227;00-0031258;00-0034956;00-0033452;00-0031956;00-0029822;00-0034744;00-0035427;00-0034838;00-0034111,Michael Ojemudia;P.J. Locke;Jeremiah Attaochu;Josh Watson;Austin Calitro;Anthony Chickillo;Brandon McManus;Duke Dawson;Jeremy Cox;Royce Freeman;Trey Marshall,00-0029119;00-0029647;00-0034981;00-0030196;00-0032972;00-0033461;00-0033025;00-0034980;00-0034726;00-0035125;00-0035133,Derek Carrier;Kyle Wilber;Foster Moreau;Jeff Heath;Devontae Booker;Raekwon McMillan;Jalen Richard;Isaiah Johnson;Dallin Leavitt;Alec Ingold;Keisean Nixon
2020_10_DEN_LV,561,run,4.0,75.0,71.0,LV,1.0,3131.0,75.0,34.0,7:11,6:37,,7.0,3.0,1.0,10.0,"3 DL, 3 LB, 5 DB",;;;;;;;;;;,11,5,,,,,00-0027993;00-0034763;00-0036357;00-0031280;00-0035700;00-0031632;00-0031367;00-0027778;00-0031610;00-0031549;00-0034983,Rodney Hudson;Brandon Parker;Henry Ruggs III;Derek Carr;Josh Jacobs;Denzelle Good;Gabe Jackson;Sam Young;Darren Waller;Nelson Agholor;Hunter Renfrow,00-0033782;00-0030228;00-0034954;00-0034887;00-0035862;00-0031795;00-0032971;00-0027872;00-0031904;00-0034832;00-0034368,DeMarcus Walker;A.J. Bouye;Malik Reed;Alexander Johnson;Essang Bassey;DeShawn Williams;Justin Simmons;Kareem Jackson;Bryce Callahan;Bradley Chubb;Josey Jewell
2020_10_DEN_LV,582,run,3.0,71.0,68.0,LV,1.0,3097.0,71.0,40.0,6:37,5:57,,7.0,3.0,2.0,6.0,"3 DL, 3 LB, 5 DB",;;;;;;;;;;,11,6,,,,,00-0027993;00-0034763;00-0036357;00-0031280;00-0035700;00-0031632;00-0031367;00-0027778;00-0031610;00-0031549;00-0034983,Rodney Hudson;Brandon Parker;Henry Ruggs III;Derek Carr;Josh Jacobs;Denzelle Good;Gabe Jackson;Sam Young;Darren Waller;Nelson Agholor;Hunter Renfrow,00-0033782;00-0030228;00-0034954;00-0034887;00-0035862;00-0031795;00-0032971;00-0027872;00-0031904;00-0034832;00-0034368,DeMarcus Walker;A.J. Bouye;Malik Reed;Alexander Johnson;Essang Bassey;DeShawn Williams;Justin Simmons;Kareem Jackson;Bryce Callahan;Bradley Chubb;Josey Jewell
2020_10_DEN_LV,603,pass,0.0,68.0,68.0,LV,1.0,3057.0,68.0,6.0,5:57,5:51,,7.0,3.0,3.0,3.0,"3 DL, 3 LB, 5 DB",;;;;;;;;;;,11,6,4,ZONE_COVERAGE,COVER_3,False,00-0027993;00-0034763;00-0036357;00-0031280;00-0033025;00-0031632;00-0031367;00-0027778;00-0031610;00-0031549;00-0034983,Rodney Hudson;Brandon Parker;Henry Ruggs III;Derek Carr;Jalen Richard;Denzelle Good;Gabe Jackson;Sam Young;Darren Waller;Nelson Agholor;Hunter Renfrow,00-0033782;00-0035678;00-0030228;00-0034954;00-0034887;00-0035862;00-0032971;00-0027872;00-0031904;00-0034832;00-0034368,DeMarcus Walker;Dre'Mont Jones;A.J. Bouye;Malik Reed;Alexander Johnson;Essang Bassey;Justin Simmons;Kareem Jackson;Bryce Callahan;Bradley Chubb;Josey Jewell
2020_10_DEN_LV,625,punt,0.0,68.0,68.0,LV,1.0,3051.0,68.0,13.0,5:51,5:38,,7.0,3.0,4.0,3.0,,;;;;;;;;;;,11,,,,,,00-0035190;00-0029119;00-0029647;00-0033445;00-0034981;00-0030196;00-0033461;00-0034726;00-0035125;00-0035133;00-0034198,AJ Cole;Derek Carrier;Kyle Wilber;Nicholas Morrow;Foster Moreau;Jeff Heath;Raekwon McMillan;Dallin Leavitt;Alec Ingold;Keisean Nixon;Trent Sieg,00-0036390;00-0035227;00-0031258;00-0034956;00-0031319;00-0033452;00-0034388;00-0034744;00-0035427;00-0034838;00-0034111,Michael Ojemudia;P.J. Locke;Jeremiah Attaochu;Josh Watson;Diontae Spencer;Austin Calitro;Davontae Harris;Duke Dawson;Jeremy Cox;Royce Freeman;Trey Marshall
2020_10_DEN_LV,644,run,3.0,93.0,90.0,DEN,1.0,3038.0,93.0,33.0,5:38,5:05,,7.0,3.0,1.0,10.0,"4 DL, 3 LB, 4 DB",;;;;;;;;;;,11,8,,,,,00-0035704;00-0035644;00-0032395;00-0034957;00-0036391;00-0033375;00-0032144;00-0033538;00-0035427;00-0035702;00-0032394,Drew Lock;Noah Fant;Graham Glasgow;Calvin Anderson;Lloyd Cushenberry III;Tim Patrick;Melvin Gordon;Garett Bolles;Jeremy Cox;Dalton Risner;Nick Vannett,00-0033129;00-0036359;00-0033445;00-0035695;00-0034825;00-0033131;00-0030196;00-0033461;00-0030063;00-0032773;00-0035693,Carl Nassib;Damon Arnette;Nicholas Morrow;Trayvon Mullen;Arden Key;Maliek Collins;Jeff Heath;Raekwon McMillan;Johnathan Hankins;Nick Kwiatkoski;Johnathan Abram
2020_10_DEN_LV,671,pass,0.0,90.0,90.0,DEN,1.0,3005.0,90.0,44.0,5:05,4:21,,7.0,3.0,2.0,7.0,"4 DL, 2 LB, 5 DB",;;;;;;;;;;,11,6,4,ZONE_COVERAGE,COVER_3,False,00-0035704;00-0035644;00-0032395;00-0034957;00-0036407;00-0036391;00-0036412;00-0033375;00-0032144;00-0033538;00-0035702,Drew Lock;Noah Fant;Graham Glasgow;Calvin Anderson;Jerry Jeudy;Lloyd Cushenberry III;KJ Hamler;Tim Patrick;Melvin Gordon;Garett Bolles;Dalton Risner,00-0033129;00-0031389;00-0036359;00-0033445;00-0035695;00-0034825;00-0033131;00-0030196;00-0030063;00-0032773;00-0035693,Carl Nassib;Lamarcus Joyner;Damon Arnette;Nicholas Morrow;Trayvon Mullen;Arden Key;Maliek Collins;Jeff Heath;Johnathan Hankins;Nick Kwiatkoski;Johnathan Abram
2020_10_DEN_LV,695,pass,11.0,90.0,79.0,DEN,1.0,2961.0,90.0,37.0,4:21,3:44,,7.0,3.0,3.0,7.0,"4 DL, 1 LB, 6 DB",;;;;;;;;;;,11,4,4,MAN_COVERAGE,COVER_1,False,00-0035704;00-0035644;00-0032395;00-0034957;00-0036407;00-0036391;00-0036412;00-0033375;00-0033538;00-0034838;00-0035702,Drew Lock;Noah Fant;Graham Glasgow;Calvin Anderson;Jerry Jeudy;Lloyd Cushenberry III;KJ Hamler;Tim Patrick;Garett Bolles;Royce Freeman;Dalton Risner,00-0034973;00-0033129;00-0031389;00-0036359;00-0033445;00-0035695;00-0030196;00-0033131;00-0035692;00-0034980;00-0035693,Maxx Crosby;Carl Nassib;Lamarcus Joyner;Damon Arnette;Nicholas Morrow;Trayvon Mullen;Jeff Heath;Maliek Collins;Clelin Ferrell;Isaiah Johnson;Johnathan Abram
2020_10_DEN_LV,719,run,8.0,79.0,71.0,DEN,1.0,2924.0,79.0,11.0,3:44,3:33,,7.0,3.0,1.0,10.0,"4 DL, 3 LB, 4 DB",;;;;;;;;;;,11,7,,,,,00-0035704;00-0035644;00-0032395;00-0034957;00-0036391;00-0036412;00-0032144;00-0033538;00-0035427;00-0035702;00-0032394,Drew Lock;Noah Fant;Graham Glasgow;Calvin Anderson;Lloyd Cushenberry III;KJ Hamler;Melvin Gordon;Garett Bolles;Jeremy Cox;Dalton Risner;Nick Vannett,00-0034973;00-0036359;00-0033445;00-0035695;00-0031997;00-0030196;00-0034125;00-0035692;00-0033461;00-0032773;00-0035693,Maxx Crosby;Damon Arnette;Nicholas Morrow;Trayvon Mullen;David Irving;Jeff Heath;Kendal Vickers;Clelin Ferrell;Raekwon McMillan;Nick Kwiatkoski;Johnathan Abram
2020_10_DEN_LV,740,run,1.0,71.0,70.0,DEN,1.0,2913.0,71.0,36.0,3:33,2:57,,7.0,3.0,2.0,2.0,"4 DL, 2 LB, 5 DB",;;;;;;;;;;,11,7,,,,,00-0035704;00-0032395;00-0034957;00-0036407;00-0036391;00-0036412;00-0033375;00-0032144;00-0033538;00-0034393;00-0035702,Drew Lock;Graham Glasgow;Calvin Anderson;Jerry Jeudy;Lloyd Cushenberry III;KJ Hamler;Tim Patrick;Melvin Gordon;Garett Bolles;Troy Fumagalli;Dalton Risner,00-0034973;00-0031389;00-0036359;00-0033445;00-0035695;00-0031997;00-0030196;00-0035692;00-0030063;00-0032773;00-0035693,Maxx Crosby;Lamarcus Joyner;Damon Arnette;Nicholas Morrow;Trayvon Mullen;David Irving;Jeff Heath;Clelin Ferrell;Johnathan Hankins;Nick Kwiatkoski;Johnathan Abram
2020_10_DEN_LV,765,run,6.0,70.0,64.0,DEN,1.0,2877.0,70.0,39.0,2:57,2:18,,7.0,3.0,3.0,1.0,"4 DL, 2 LB, 5 DB",;;;;;;;;;;,11,7,,,,,00-0035704;00-0032395;00-0035644;00-0034957;00-0036407;00-0036391;00-0036412;00-0033375;00-0032144;00-0033538;00-0035702,Drew Lock;Graham Glasgow;Noah Fant;Calvin Anderson;Jerry Jeudy;Lloyd Cushenberry III;KJ Hamler;Tim Patrick;Melvin Gordon;Garett Bolles;Dalton Risner,00-0034973;00-0031389;00-0036359;00-0033445;00-0035695;00-0031997;00-0030196;00-0035692;00-0030063;00-0032773;00-0035693,Maxx Crosby;Lamarcus Joyner;Damon Arnette;Nicholas Morrow;Trayvon Mullen;David Irving;Jeff Heath;Clelin Ferrell;Johnathan Hankins;Nick Kwiatkoski;Johnathan Abram
2020_10_DEN_LV,786,run,-4.0,64.0,68.0,DEN,1.0,2838.0,64.0,43.0,2:18,1:35,,7.0,3.0,1.0,10.0,"4 DL, 3 LB, 4 DB",;;;;;;;;;;,11,7,,,,,00-0035704;00-0035644;00-0032395;00-0034957;00-0036407;00-0034109;00-0036391;00-0033375;00-0033538;00-0035702;00-0032394,Drew Lock;Noah Fant;Graham Glasgow;Calvin Anderson;Jerry Jeudy;Phillip Lindsay;Lloyd Cushenberry III;Tim Patrick;Garett Bolles;Dalton Risner;Nick Vannett,00-0034973;00-0036359;00-0033445;00-0035695;00-0031997;00-0030196;00-0035692;00-0033461;00-0030063;00-0032773;00-0035693,Maxx Crosby;Damon Arnette;Nicholas Morrow;Trayvon Mullen;David Irving;Jeff Heath;Clelin Ferrell;Raekwon McMillan;Johnathan Hankins;Nick Kwiatkoski;Johnathan Abram
2020_10_DEN_LV,807,pass,0.0,68.0,68.0,DEN,1.0,2795.0,68.0,5.0,1:35,1:30,,7.0,3.0,2.0,14.0,"4 DL, 2 LB, 5 DB",;;;;;;;;;;,11,7,4,ZONE_COVERAGE,COVER_3,False,00-0035704;00-0035644;00-0032395;00-0034957;00-0036407;00-0034109;00-0036391;00-0036412;00-0033375;00-0033538;00-0035702,Drew Lock;Noah Fant;Graham Glasgow;Calvin Anderson;Jerry Jeudy;Phillip Lindsay;Lloyd Cushenberry III;KJ Hamler;Tim Patrick;Garett Bolles;Dalton Risner,00-0034973;00-0031389;00-0036359;00-0033445;00-0035695;00-0033131;00-0030196;00-0035692;00-0030063;00-0032773;00-0035693,Maxx Crosby;Lamarcus Joyner;Damon Arnette;Nicholas Morrow;Trayvon Mullen;Maliek Collins;Jeff Heath;Clelin Ferrell;Johnathan Hankins;Nick Kwiatkoski;Johnathan Abram
2020_10_DEN_LV,829,turnover,0.0,68.0,68.0,DEN,1.0,2790.0,68.0,10.0,1:30,1:20,,7.0,3.0,3.0,14.0,"3 DL, 2 LB, 6 DB",;;;;;;;;;;,11,6,4,MAN_COVERAGE,2_MAN,False,00-0035704;00-0032395;00-0034957;00-0036407;00-0036391;00-0036412;00-0033375;00-0033538;00-0034393;00-0034838;00-0035702,Drew Lock;Graham Glasgow;Calvin Anderson;Jerry Jeudy;Lloyd Cushenberry III;KJ Hamler;Tim Patrick;Garett Bolles;Troy Fumagalli;Royce Freeman;Dalton Risner,00-0034973;00-0033129;00-0031389;00-0036359;00-0033445;00-0035695;00-0031997;00-0030196;00-0034980;00-0032773;00-0035693,Maxx Crosby;Carl Nassib;Lamarcus Joyner;Damon Arnette;Nicholas Morrow;Trayvon Mullen;David Irving;Jeff Heath;Isaiah Johnson;Nick Kwiatkoski;Johnathan Abram
2020_10_DEN_LV,855,run,1.0,39.0,38.0,LV,1.0,2780.0,39.0,40.0,1:20,0:40,,7.0,3.0,1.0,10.0,"4 DL, 3 LB, 4 DB",;;;;;;;;;;,11,6,,,,,00-0027993;00-0034763;00-0036357;00-0031280;00-0032972;00-0031632;00-0031367;00-0022127;00-0027778;00-0031610;00-0031549,Rodney Hudson;Brandon Parker;Henry Ruggs III;Derek Carr;Devontae Booker;Denzelle Good;Gabe Jackson;Jason Witten;Sam Young;Darren Waller;Nelson Agholor,00-0033782;00-0035678;00-0030228;00-0034954;00-0034887;00-0031795;00-0032971;00-0027872;00-0031904;00-0034832;00-0034368,DeMarcus Walker;Dre'Mont Jones;A.J. Bouye;Malik Reed;Alexander Johnson;DeShawn Williams;Justin Simmons;Kareem Jackson;Bryce Callahan;Bradley Chubb;Josey Jewell
2020_10_DEN_LV,882,pass,2.0,38.0,36.0,LV,1.0,2740.0,38.0,33.0,0:40,0:07,,7.0,3.0,2.0,9.0,"3 DL, 3 LB, 5 DB",;;;;;;;;;;,11,6,4,ZONE_COVERAGE,COVER_3,False,00-0027993;00-0034763;00-0036357;00-0031280;00-0032972;00-0031632;00-0031367;00-0035125;00-0027778;00-0031610;00-0031549,Rodney Hudson;Brandon Parker;Henry Ruggs III;Derek Carr;Devontae Booker;Denzelle Good;Gabe Jackson;Alec Ingold;Sam Young;Darren Waller;Nelson Agholor,00-0033782;00-0035678;00-0030228;00-0034954;00-0034887;00-0035862;00-0032971;00-0027872;00-0031904;00-0034832;00-0034368,DeMarcus Walker;Dre'Mont Jones;A.J. Bouye;Malik Reed;Alexander Johnson;Essang Bassey;Justin Simmons;Kareem Jackson;Bryce Callahan;Bradley Chubb;Josey Jewell
2020_10_DEN_LV,906,no_play,0.0,36.0,36.0,LV,1.0,2707.0,36.0,6.0,0:07,0:01,,7.0,3.0,3.0,7.0,"3 DL, 2 LB, 6 DB",;;;;;;;;;;,11,4,,,,,00-0027993;00-0034763;00-0036357;00-0031280;00-0032972;00-0031632;00-0031367;00-0027778;00-0031610;00-0031549;00-0034983,Rodney Hudson;Brandon Parker;Henry Ruggs III;Derek Carr;Devontae Booker;Denzelle Good;Gabe Jackson;Sam Young;Darren Waller;Nelson Agholor;Hunter Renfrow,00-0035678;00-0030228;00-0034954;00-0035862;00-0031795;00-0034744;00-0032971;00-0027872;00-0031904;00-0034832;00-0034368,Dre'Mont Jones;A.J. Bouye;Malik Reed;Essang Bassey;DeShawn Williams;Duke Dawson;Justin Simmons;Kareem Jackson;Bryce Callahan;Bradley Chubb;Josey Jewell
2020_10_DEN_LV,939,run,1.0,31.0,30.0,LV,1.0,2701.0,31.0,1.0,0:01,0:00,,7.0,3.0,3.0,2.0,"3 DL, 3 LB, 5 DB",;;;;;;;;;;,11,6,,,,,00-0027993;00-0034763;00-0036357;00-0031280;00-0032972;00-0031632;00-0031367;00-0027778;00-0031610;00-0031549;00-0034983,Rodney Hudson;Brandon Parker;Henry Ruggs III;Derek Carr;Devontae Booker;Denzelle Good;Gabe Jackson;Sam Young;Darren Waller;Nelson Agholor;Hunter Renfrow,00-0035678;00-0030228;00-0034954;00-0034887;00-0035862;00-0031795;00-0032971;00-0027872;00-0031904;00-0034832;00-0034368,Dre'Mont Jones;A.J. Bouye;Malik Reed;Alexander Johnson;Essang Bassey;DeShawn Williams;Justin Simmons;Kareem Jackson;Bryce Callahan;Bradley Chubb;Josey Jewell
2020_10_DEN_LV,960,start_quarter_2,,,,LV,1.0,2700.0,,0.0,0:00,0:00,,7.0,3.0,,0.0,,,0,,,,,,,,,
2020_10_DEN_LV,979,no_play,0.0,30.0,30.0,LV,2.0,2700.0,30.0,13.0,15:00,14:47,,7.0,3.0,4.0,1.0,"5 DL, 2 LB, 4 DB",;;;;;;;;;;,11,7,,,,,00-0027993;00-0034763;00-0034981;00-0031280;00-0035700;00-0031632;00-0031367;00-0035125;00-0022127;00-0027778;00-0031549,Rodney Hudson;Brandon Parker;Foster Moreau;Derek Carr;Josh Jacobs;Denzelle Good;Gabe Jackson;Alec Ingold;Jason Witten;Sam Young;Nelson Agholor,00-0030577;00-0033782;00-0035678;00-0030228;00-0034954;00-0034887;00-0031795;00-0032971;00-0027872;00-0031904;00-0034832,Sylvester Williams;DeMarcus Walker;Dre'Mont Jones;A.J. Bouye;Malik Reed;Alexander Johnson;DeShawn Williams;Justin Simmons;Kareem Jackson;Bryce Callahan;Bradley Chubb
2020_10_DEN_LV,1014,punt,0.0,40.0,40.0,LV,2.0,2687.0,40.0,9.0,14:47,14:38,,7.0,3.0,4.0,11.0,,;;;;;;;;;;,11,,,,,,00-0035190;00-0029119;00-0029647;00-0033445;00-0034981;00-0030196;00-0033461;00-0034726;00-0035125;00-0035133;00-0034198,AJ Cole;Derek Carrier;Kyle Wilber;Nicholas Morrow;Foster Moreau;Jeff Heath;Raekwon McMillan;Dallin Leavitt;Alec Ingold;Keisean Nixon;Trent Sieg,00-0036390;00-0035227;00-0031258;00-0034956;00-0031319;00-0033452;00-0034388;00-0031956;00-0034954;00-0031795;00-0034111,Michael Ojemudia;P.J. Locke;Jeremiah Attaochu;Josh Watson;Diontae Spencer;Austin Calitro;Davontae Harris;Anthony Chickillo;Malik Reed;DeShawn Williams;Trey Marshall
2020_10_DEN_LV,1046,run,3.0,98.0,95.0,DEN,2.0,2678.0,98.0,39.0,14:38,13:59,,7.0,3.0,1.0,10.0,"4 DL, 3 LB, 4 DB",;;;;;;;;;;,11,8,,,,,00-0035704;00-0035644;00-0032395;00-0034957;00-0036391;00-0033375;00-0032144;00-0034393;00-0033538;00-0035702;00-0032394,Drew Lock;Noah Fant;Graham Glasgow;Calvin Anderson;Lloyd Cushenberry III;Tim Patrick;Melvin Gordon;Troy Fumagalli;Garett Bolles;Dalton Risner;Nick Vannett,00-0034973;00-0031176;00-0033445;00-0035695;00-0033131;00-0035692;00-0033461;00-0030063;00-0032320;00-0032773;00-0035693,Maxx Crosby;Nevin Lawson;Nicholas Morrow;Trayvon Mullen;Maliek Collins;Clelin Ferrell;Raekwon McMillan;Johnathan Hankins;Erik Harris;Nick Kwiatkoski;Johnathan Abram
2020_10_DEN_LV,1067,run,6.0,95.0,89.0,DEN,2.0,2639.0,95.0,37.0,13:59,13:22,,7.0,3.0,2.0,7.0,"4 DL, 2 LB, 5 DB",;;;;;;;;;;,11,6,,,,,00-0035704;00-0035644;00-0032395;00-0034957;00-0036407;00-0036391;00-0036412;00-0033375;00-0032144;00-0033538;00-0035702,Drew Lock;Noah Fant;Graham Glasgow;Calvin Anderson;Jerry Jeudy;Lloyd Cushenberry III;KJ Hamler;Tim Patrick;Melvin Gordon;Garett Bolles;Dalton Risner,00-0034973;00-0031389;00-0031176;00-0033445;00-0035695;00-0033131;00-0035692;00-0030063;00-0032320;00-0032773;00-0035693,Maxx Crosby;Lamarcus Joyner;Nevin Lawson;Nicholas Morrow;Trayvon Mullen;Maliek Collins;Clelin Ferrell;Johnathan Hankins;Erik Harris;Nick Kwiatkoski;Johnathan Abram
2020_10_DEN_LV,1088,pass,-9.0,89.0,98.0,DEN,2.0,2602.0,89.0,48.0,13:22,12:34,,7.0,3.0,3.0,1.0,"4 DL, 3 LB, 4 DB",;;;;;;;;;;,11,8,6,,,,00-0035704;00-0035644;00-0032395;00-0034957;00-0036407;00-0036391;00-0033375;00-0032144;00-0033538;00-0035427;00-0035702,Drew Lock;Noah Fant;Graham Glasgow;Calvin Anderson;Jerry Jeudy;Lloyd Cushenberry III;Tim Patrick;Melvin Gordon;Garett Bolles;Jeremy Cox;Dalton Risner,00-0034973;00-0031176;00-0033445;00-0035695;00-0033131;00-0035692;00-0033461;00-0030063;00-0032320;00-0032773;00-0035693,Maxx Crosby;Nevin Lawson;Nicholas Morrow;Trayvon Mullen;Maliek Collins;Clelin Ferrell;Raekwon McMillan;Johnathan Hankins;Erik Harris;Nick Kwiatkoski;Johnathan Abram
2020_10_DEN_LV,1107,punt,0.0,98.0,98.0,DEN,2.0,2554.0,98.0,17.0,12:34,12:17,,7.0,3.0,4.0,10.0,,;;;;;;;;;;,11,,,,,,00-0035227;00-0031258;00-0034956;00-0033452;00-0034388;00-0034954;00-0035757;00-0035427;00-0030092;00-0034838;00-0034111,P.J. Locke;Jeremiah Attaochu;Josh Watson;Austin Calitro;Davontae Harris;Malik Reed;Jacob Bobenmoyer;Jeremy Cox;Sam Martin;Royce Freeman;Trey Marshall,00-0029119;00-0029647;00-0034981;00-0030196;00-0033461;00-0034980;00-0032320;00-0034726;00-0035133;00-0035693;00-0034983,Derek Carrier;Kyle Wilber;Foster Moreau;Jeff Heath;Raekwon McMillan;Isaiah Johnson;Erik Harris;Dallin Leavitt;Keisean Nixon;Johnathan Abram;Hunter Renfrow
2020_10_DEN_LV,1185,pass,0.0,71.0,71.0,LV,2.0,2537.0,71.0,3.0,12:17,12:14,,7.0,3.0,1.0,10.0,"3 DL, 3 LB, 5 DB",;;;;;;;;;;,11,6,4,ZONE_COVERAGE,COVER_3,True,00-0027993;00-0034763;00-0036357;00-0031280;00-0035700;00-0031632;00-0031367;00-0027778;00-0031610;00-0031549;00-0034983,Rodney Hudson;Brandon Parker;Henry Ruggs III;Derek Carr;Josh Jacobs;Denzelle Good;Gabe Jackson;Sam Young;Darren Waller;Nelson Agholor;Hunter Renfrow,00-0033782;00-0035678;00-0030228;00-0034954;00-0034887;00-0035862;00-0032971;00-0027872;00-0031904;00-0034832;00-0034368,DeMarcus Walker;Dre'Mont Jones;A.J. Bouye;Malik Reed;Alexander Johnson;Essang Bassey;Justin Simmons;Kareem Jackson;Bryce Callahan;Bradley Chubb;Josey Jewell
2020_10_DEN_LV,1207,pass,3.0,71.0,68.0,LV,2.0,2534.0,71.0,39.0,12:14,11:35,,7.0,3.0,2.0,10.0,"3 DL, 3 LB, 5 DB",;;;;;;;;;;,11,6,4,MAN_COVERAGE,COVER_1,True,00-0027993;00-0034763;00-0036357;00-0031280;00-0035700;00-0031632;00-0031367;00-0027778;00-0031610;00-0031549;00-0034983,Rodney Hudson;Brandon Parker;Henry Ruggs III;Derek Carr;Josh Jacobs;Denzelle Good;Gabe Jackson;Sam Young;Darren Waller;Nelson Agholor;Hunter Renfrow,00-0033782;00-0035678;00-0030228;00-0034954;00-0034887;00-0035862;00-0032971;00-0027872;00-0031904;00-0034832;00-0034368,DeMarcus Walker;Dre'Mont Jones;A.J. Bouye;Malik Reed;Alexander Johnson;Essang Bassey;Justin Simmons;Kareem Jackson;Bryce Callahan;Bradley Chubb;Josey Jewell
2020_10_DEN_LV,1231,pass,0.0,68.0,68.0,LV,2.0,2495.0,68.0,6.0,11:35,11:29,,7.0,3.0,3.0,7.0,"3 DL, 2 LB, 6 DB",;;;;;;;;;;,11,4,4,MAN_COVERAGE,COVER_1,True,00-0027993;00-0034763;00-0036357;00-0031280;00-0033025;00-0031632;00-0031367;00-0027778;00-0031610;00-0031549;00-0034983,Rodney Hudson;Brandon Parker;Henry Ruggs III;Derek Carr;Jalen Richard;Denzelle Good;Gabe Jackson;Sam Young;Darren Waller;Nelson Agholor;Hunter Renfrow,00-0035678;00-0030228;00-0034954;00-0035862;00-0031795;00-0034744;00-0032971;00-0027872;00-0031904;00-0034832;00-0034368,Dre'Mont Jones;A.J. Bouye;Malik Reed;Essang Bassey;DeShawn Williams;Duke Dawson;Justin Simmons;Kareem Jackson;Bryce Callahan;Bradley Chubb;Josey Jewell
2020_10_DEN_LV,1253,punt,0.0,68.0,68.0,LV,2.0,2489.0,68.0,7.0,11:29,11:22,,7.0,3.0,4.0,7.0,,;;;;;;;;;;,11,,,,,,00-0035190;00-0029119;00-0029647;00-0033445;00-0034981;00-0030196;00-0033461;00-0034726;00-0035125;00-0035133;00-0034198,AJ Cole;Derek Carrier;Kyle Wilber;Nicholas Morrow;Foster Moreau;Jeff Heath;Raekwon McMillan;Dallin Leavitt;Alec Ingold;Keisean Nixon;Trent Sieg,00-0036390;00-0031258;00-0035227;00-0034956;00-0031319;00-0033452;00-0035862;00-0034744;00-0035427;00-0034838;00-0034111,Michael Ojemudia;Jeremiah Attaochu;P.J. Locke;Josh Watson;Diontae Spencer;Austin Calitro;Essang Bassey;Duke Dawson;Jeremy Cox;Royce Freeman;Trey Marshall
2020_10_DEN_LV,1282,no_play,0.0,71.0,71.0,DEN,2.0,2482.0,71.0,0.0,11:22,11:22,,7.0,3.0,1.0,10.0,"4 DL, 2 LB, 5 DB",;;;;;;;;;;,11,,,,,,00-0035704;00-0035644;00-0032395;00-0034957;00-0036407;00-0034109;00-0036412;00-0036391;00-0033375;00-0033538;00-0035702,Drew Lock;Noah Fant;Graham Glasgow;Calvin Anderson;Jerry Jeudy;Phillip Lindsay;KJ Hamler;Lloyd Cushenberry III;Tim Patrick;Garett Bolles;Dalton Risner,00-0033129;00-0031389;00-0036359;00-0033445;00-0035695;00-0031997;00-0034825;00-0030063;00-0032320;00-0032773;00-0035693,Carl Nassib;Lamarcus Joyner;Damon Arnette;Nicholas Morrow;Trayvon Mullen;David Irving;Arden Key;Johnathan Hankins;Erik Harris;Nick Kwiatkoski;Johnathan Abram
2020_10_DEN_LV,1306,pass,0.0,76.0,76.0,DEN,2.0,2482.0,76.0,7.0,11:22,11:15,,7.0,3.0,1.0,15.0,"4 DL, 2 LB, 5 DB",;;;;;;;;;;,11,5,4,ZONE_COVERAGE,COVER_6,True,00-0035704;00-0035644;00-0032395;00-0034957;00-0036407;00-0034109;00-0036391;00-0036412;00-0033375;00-0033538;00-0035702,Drew Lock;Noah Fant;Graham Glasgow;Calvin Anderson;Jerry Jeudy;Phillip Lindsay;Lloyd Cushenberry III;KJ Hamler;Tim Patrick;Garett Bolles;Dalton Risner,00-0033129;00-0031389;00-0036359;00-0033445;00-0035695;00-0031997;00-0034825;00-0030063;00-0032320;00-0032773;00-0035693,Carl Nassib;Lamarcus Joyner;Damon Arnette;Nicholas Morrow;Trayvon Mullen;David Irving;Arden Key;Johnathan Hankins;Erik Harris;Nick Kwiatkoski;Johnathan Abram
2020_10_DEN_LV,1328,pass,0.0,76.0,76.0,DEN,2.0,2475.0,76.0,4.0,11:15,11:11,,7.0,3.0,2.0,15.0,"4 DL, 2 LB, 5 DB",;;;;;;;;;;,11,7,3,ZONE_COVERAGE,COVER_2,True,00-0035704;00-0035644;00-0032395;00-0034957;00-0036407;00-0034109;00-0036391;00-0036412;00-0033375;00-0033538;00-0035702,Drew Lock;Noah Fant;Graham Glasgow;Calvin Anderson;Jerry Jeudy;Phillip Lindsay;Lloyd Cushenberry III;KJ Hamler;Tim Patrick;Garett Bolles;Dalton Risner,00-0033129;00-0031389;00-0036359;00-0033445;00-0035695;00-0031997;00-0034825;00-0030063;00-0032320;00-0032773;00-0035693,Carl Nassib;Lamarcus Joyner;Damon Arnette;Nicholas Morrow;Trayvon Mullen;David Irving;Arden Key;Johnathan Hankins;Erik Harris;Nick Kwiatkoski;Johnathan Abram
2020_10_DEN_LV,1350,pass,26.0,76.0,50.0,DEN,2.0,2471.0,76.0,39.0,11:11,10:32,,7.0,3.0,3.0,15.0,"3 DL, 2 LB, 6 DB",;;;;;;;;;;,11,6,4,MAN_COVERAGE,2_MAN,True,00-0035704;00-0035644;00-0032395;00-0034957;00-0036407;00-0036391;00-0036412;00-0033375;00-0032144;00-0033538;00-0035702,Drew Lock;Noah Fant;Graham Glasgow;Calvin Anderson;Jerry Jeudy;Lloyd Cushenberry III;KJ Hamler;Tim Patrick;Melvin Gordon;Garett Bolles;Dalton Risner,00-0033129;00-0031389;00-0036359;00-0033445;00-0035695;00-0034825;00-0033131;00-0034980;00-0032320;00-0032773;00-0035693,Carl Nassib;Lamarcus Joyner;Damon Arnette;Nicholas Morrow;Trayvon Mullen;Arden Key;Maliek Collins;Isaiah Johnson;Erik Harris;Nick Kwiatkoski;Johnathan Abram
2020_10_DEN_LV,1374,pass,27.0,50.0,23.0,DEN,2.0,2432.0,50.0,39.0,10:32,9:53,,7.0,3.0,1.0,10.0,"4 DL, 2 LB, 5 DB",;;;;;;;;;;,11,7,4,ZONE_COVERAGE,COVER_3,False,00-0035704;00-0035644;00-0032395;00-0034957;00-0036407;00-0036391;00-0036412;00-0033375;00-0032144;00-0033538;00-0035702,Drew Lock;Noah Fant;Graham Glasgow;Calvin Anderson;Jerry Jeudy;Lloyd Cushenberry III;KJ Hamler;Tim Patrick;Melvin Gordon;Garett Bolles;Dalton Risner,00-0033129;00-0031389;00-0036359;00-0033445;00-0035695;00-0033131;00-0034125;00-0035692;00-0032320;00-0032773;00-0035693,Carl Nassib;Lamarcus Joyner;Damon Arnette;Nicholas Morrow;Trayvon Mullen;Maliek Collins;Kendal Vickers;Clelin Ferrell;Erik Harris;Nick Kwiatkoski;Johnathan Abram
2020_10_DEN_LV,1398,pass,0.0,23.0,23.0,DEN,2.0,2393.0,23.0,5.0,9:53,9:48,,7.0,3.0,1.0,10.0,"4 DL, 2 LB, 5 DB",;;;;;;;;;;,11,6,4,ZONE_COVERAGE,COVER_4,False,00-0035704;00-0035644;00-0032395;00-0034957;00-0036407;00-0034370;00-0036391;00-0036412;00-0032144;00-0033538;00-0035702,Drew Lock;Noah Fant;Graham Glasgow;Calvin Anderson;Jerry Jeudy;DaeSean Hamilton;Lloyd Cushenberry III;KJ Hamler;Melvin Gordon;Garett Bolles;Dalton Risner,00-0033129;00-0031389;00-0036359;00-0033445;00-0035695;00-0033131;00-0034125;00-0035692;00-0032320;00-0032773;00-0035693,Carl Nassib;Lamarcus Joyner;Damon Arnette;Nicholas Morrow;Trayvon Mullen;Maliek Collins;Kendal Vickers;Clelin Ferrell;Erik Harris;Nick Kwiatkoski;Johnathan Abram
2020_10_DEN_LV,1420,run,7.0,23.0,16.0,DEN,2.0,2388.0,23.0,44.0,9:48,9:04,,7.0,3.0,2.0,10.0,"4 DL, 2 LB, 5 DB",;;;;;;;;;;,11,6,,,,,00-0035704;00-0035644;00-0032395;00-0034957;00-0036407;00-0034370;00-0036391;00-0036412;00-0032144;00-0033538;00-0035702,Drew Lock;Noah Fant;Graham Glasgow;Calvin Anderson;Jerry Jeudy;DaeSean Hamilton;Lloyd Cushenberry III;KJ Hamler;Melvin Gordon;Garett Bolles;Dalton Risner,00-0034973;00-0031389;00-0036359;00-0033445;00-0035695;00-0033131;00-0034125;00-0035692;00-0032320;00-0032773;00-0035693,Maxx Crosby;Lamarcus Joyner;Damon Arnette;Nicholas Morrow;Trayvon Mullen;Maliek Collins;Kendal Vickers;Clelin Ferrell;Erik Harris;Nick Kwiatkoski;Johnathan Abram
2020_10_DEN_LV,1441,pass,1.0,16.0,15.0,DEN,2.0,2344.0,16.0,44.0,9:04,8:20,,7.0,3.0,3.0,3.0,"4 DL, 1 LB, 6 DB",;;;;;;;;;;,11,5,5,MAN_COVERAGE,COVER_1,False,00-0035704;00-0035644;00-0032395;00-0034957;00-0036407;00-0036391;00-0036412;00-0033375;00-0032144;00-0033538;00-0035702,Drew Lock;Noah Fant;Graham Glasgow;Calvin Anderson;Jerry Jeudy;Lloyd Cushenberry III;KJ Hamler;Tim Patrick;Melvin Gordon;Garett Bolles;Dalton Risner,00-0034973;00-0033129;00-0031389;00-0036359;00-0033445;00-0035695;00-0033131;00-0035692;00-0034980;00-0032320;00-0035693,Maxx Crosby;Carl Nassib;Lamarcus Joyner;Damon Arnette;Nicholas Morrow;Trayvon Mullen;Maliek Collins;Clelin Ferrell;Isaiah Johnson;Erik Harris;Johnathan Abram
2020_10_DEN_LV,1465,field_goal,0.0,15.0,15.0,DEN,2.0,2300.0,15.0,5.0,8:20,8:15,,7.0,6.0,4.0,2.0,,;;;;;;;;;;,11,,,,,,00-0033782;00-0032395;00-0034957;00-0035678;00-0029822;00-0035757;00-0034112;00-0033538;00-0030092;00-0035702;00-0034929,DeMarcus Walker;Graham Glasgow;Calvin Anderson;Dre'Mont Jones;Brandon McManus;Jacob Bobenmoyer;Austin Schlottmann;Garett Bolles;Sam Martin;Dalton Risner;Quinn Bailey,00-0034973;00-0031176;00-0029647;00-0031997;00-0035695;00-0033131;00-0030196;00-0033461;00-0030063;00-0032320;00-0032773,Maxx Crosby;Nevin Lawson;Kyle Wilber;David Irving;Trayvon Mullen;Maliek Collins;Jeff Heath;Raekwon McMillan;Johnathan Hankins;Erik Harris;Nick Kwiatkoski
2020_10_DEN_LV,1490,kickoff,0.0,35.0,35.0,LV,2.0,2295.0,35.0,5.0,8:15,8:10,,7.0,6.0,,0.0,,;;;;;;;;;;,11,,,,,,00-0036390;00-0035227;00-0031258;00-0034956;00-0033452;00-0031956;00-0029822;00-0034744;00-0035427;00-0034838;00-0034111,Michael Ojemudia;P.J. Locke;Jeremiah Attaochu;Josh Watson;Austin Calitro;Anthony Chickillo;Brandon McManus;Duke Dawson;Jeremy Cox;Royce Freeman;Trey Marshall,00-0029119;00-0029647;00-0034981;00-0030196;00-0032972;00-0033461;00-0033025;00-0034980;00-0034726;00-0035125;00-0035133,Derek Carrier;Kyle Wilber;Foster Moreau;Jeff Heath;Devontae Booker;Raekwon McMillan;Jalen Richard;Isaiah Johnson;Dallin Leavitt;Alec Ingold;Keisean Nixon
2020_10_DEN_LV,1515,run,9.0,87.0,78.0,LV,2.0,2290.0,87.0,39.0,8:10,7:31,,7.0,6.0,1.0,10.0,"2 DL, 4 LB, 5 DB",;;;;;;;;;;,11,6,,,,,00-0036365;00-0027993;00-0034763;00-0036357;00-0031280;00-0035700;00-0031632;00-0031367;00-0022127;00-0027778;00-0031610,Bryan Edwards;Rodney Hudson;Brandon Parker;Henry Ruggs III;Derek Carr;Josh Jacobs;Denzelle Good;Gabe Jackson;Jason Witten;Sam Young;Darren Waller,00-0030577;00-0031258;00-0030228;00-0034954;00-0034887;00-0036420;00-0035862;00-0032971;00-0027872;00-0031904;00-0034368,Sylvester Williams;Jeremiah Attaochu;A.J. Bouye;Malik Reed;Alexander Johnson;McTelvin Agim;Essang Bassey;Justin Simmons;Kareem Jackson;Bryce Callahan;Josey Jewell
2020_10_DEN_LV,1536,pass,8.0,78.0,70.0,LV,2.0,2251.0,78.0,36.0,7:31,6:55,,7.0,6.0,2.0,1.0,"3 DL, 4 LB, 4 DB",;;;;;;;;;;,11,7,5,ZONE_COVERAGE,COVER_3,False,00-0036365;00-0027993;00-0034763;00-0031280;00-0035700;00-0031632;00-0031367;00-0035125;00-0022127;00-0027778;00-0031610,Bryan Edwards;Rodney Hudson;Brandon Parker;Derek Carr;Josh Jacobs;Denzelle Good;Gabe Jackson;Alec Ingold;Jason Witten;Sam Young;Darren Waller,00-0030577;00-0033782;00-0031258;00-0030228;00-0034954;00-0036420;00-0034887;00-0032971;00-0027872;00-0031904;00-0034368,Sylvester Williams;DeMarcus Walker;Jeremiah Attaochu;A.J. Bouye;Malik Reed;McTelvin Agim;Alexander Johnson;Justin Simmons;Kareem Jackson;Bryce Callahan;Josey Jewell
2020_10_DEN_LV,1560,run,3.0,70.0,67.0,LV,2.0,2215.0,70.0,31.0,6:55,6:24,,7.0,6.0,1.0,10.0,"2 DL, 4 LB, 5 DB",;;;;;;;;;;,11,6,,,,,00-0036365;00-0027993;00-0034763;00-0036357;00-0031280;00-0035700;00-0031632;00-0031367;00-0027778;00-0031610;00-0034983,Bryan Edwards;Rodney Hudson;Brandon Parker;Henry Ruggs III;Derek Carr;Josh Jacobs;Denzelle Good;Gabe Jackson;Sam Young;Darren Waller;Hunter Renfrow,00-0030577;00-0031258;00-0030228;00-0034954;00-0034887;00-0036420;00-0035862;00-0032971;00-0027872;00-0031904;00-0034368,Sylvester Williams;Jeremiah Attaochu;A.J. Bouye;Malik Reed;Alexander Johnson;McTelvin Agim;Essang Bassey;Justin Simmons;Kareem Jackson;Bryce Callahan;Josey Jewell
2020_10_DEN_LV,1581,pass,8.0,67.0,59.0,LV,2.0,2184.0,67.0,39.0,6:24,5:45,,7.0,6.0,2.0,7.0,"2 DL, 4 LB, 5 DB",;;;;;;;;;;,11,6,4,ZONE_COVERAGE,COVER_3,False,00-0036365;00-0027993;00-0034763;00-0036357;00-0031280;00-0035700;00-0031632;00-0031367;00-0027778;00-0031610;00-0034983,Bryan Edwards;Rodney Hudson;Brandon Parker;Henry Ruggs III;Derek Carr;Josh Jacobs;Denzelle Good;Gabe Jackson;Sam Young;Darren Waller;Hunter Renfrow,00-0031258;00-0035678;00-0030228;00-0034954;00-0034887;00-0035862;00-0031795;00-0032971;00-0027872;00-0031904;00-0034368,Jeremiah Attaochu;Dre'Mont Jones;A.J. Bouye;Malik Reed;Alexander Johnson;Essang Bassey;DeShawn Williams;Justin Simmons;Kareem Jackson;Bryce Callahan;Josey Jewell
2020_10_DEN_LV,1605,run,5.0,59.0,54.0,LV,2.0,2145.0,59.0,41.0,5:45,5:04,,7.0,6.0,1.0,10.0,"4 DL, 3 LB, 4 DB",;;;;;;;;;;,11,7,,,,,00-0027993;00-0034763;00-0036357;00-0034981;00-0031280;00-0035700;00-0031632;00-0031367;00-0022127;00-0027778;00-0031610,Rodney Hudson;Brandon Parker;Henry Ruggs III;Foster Moreau;Derek Carr;Josh Jacobs;Denzelle Good;Gabe Jackson;Jason Witten;Sam Young;Darren Waller,00-0033782;00-0031258;00-0035678;00-0030228;00-0034887;00-0031795;00-0032971;00-0027872;00-0031904;00-0034832;00-0034368,DeMarcus Walker;Jeremiah Attaochu;Dre'Mont Jones;A.J. Bouye;Alexander Johnson;DeShawn Williams;Justin Simmons;Kareem Jackson;Bryce Callahan;Bradley Chubb;Josey Jewell
2020_10_DEN_LV,1626,pass,1.0,54.0,53.0,LV,2.0,2104.0,54.0,39.0,5:04,4:25,,7.0,6.0,2.0,5.0,"3 DL, 3 LB, 5 DB",;;;;;;;;;;,11,6,4,ZONE_COVERAGE,COVER_3,False,00-0036365;00-0027993;00-0034763;00-0036357;00-0031280;00-0032972;00-0031632;00-0031367;00-0027778;00-0031610;00-0034983,Bryan Edwards;Rodney Hudson;Brandon Parker;Henry Ruggs III;Derek Carr;Devontae Booker;Denzelle Good;Gabe Jackson;Sam Young;Darren Waller;Hunter Renfrow,00-0033782;00-0031258;00-0030228;00-0034887;00-0035862;00-0031795;00-0032971;00-0027872;00-0031904;00-0034832;00-0034368,DeMarcus Walker;Jeremiah Attaochu;A.J. Bouye;Alexander Johnson;Essang Bassey;DeShawn Williams;Justin Simmons;Kareem Jackson;Bryce Callahan;Bradley Chubb;Josey Jewell
2020_10_DEN_LV,1650,no_play,0.0,53.0,53.0,LV,2.0,2065.0,53.0,7.0,4:25,4:18,,7.0,6.0,3.0,4.0,"3 DL, 2 LB, 6 DB",;;;;;;;;;;,11,4,,,,,00-0036365;00-0027993;00-0034763;00-0036357;00-0031280;00-0032972;00-0031632;00-0031367;00-0027778;00-0031610;00-0034983,Bryan Edwards;Rodney Hudson;Brandon Parker;Henry Ruggs III;Derek Carr;Devontae Booker;Denzelle Good;Gabe Jackson;Sam Young;Darren Waller;Hunter Renfrow,00-0033782;00-0031258;00-0030228;00-0035862;00-0031795;00-0034744;00-0032971;00-0027872;00-0031904;00-0034832;00-0034368,DeMarcus Walker;Jeremiah Attaochu;A.J. Bouye;Essang Bassey;DeShawn Williams;Duke Dawson;Justin Simmons;Kareem Jackson;Bryce Callahan;Bradley Chubb;Josey Jewell
2020_10_DEN_LV,1683,run,0.0,48.0,48.0,LV,2.0,2058.0,48.0,41.0,4:18,3:37,,7.0,6.0,1.0,10.0,"4 DL, 3 LB, 4 DB",;;;;;;;;;;,11,7,,,,,00-0036365;00-0027993;00-0034763;00-0034981;00-0031280;00-0032972;00-0031632;00-0031367;00-0022127;00-0027778;00-0031610,Bryan Edwards;Rodney Hudson;Brandon Parker;Foster Moreau;Derek Carr;Devontae Booker;Denzelle Good;Gabe Jackson;Jason Witten;Sam Young;Darren Waller,00-0030577;00-0030228;00-0034954;00-0036420;00-0034887;00-0031795;00-0032971;00-0027872;00-0031904;00-0034832;00-0034368,Sylvester Williams;A.J. Bouye;Malik Reed;McTelvin Agim;Alexander Johnson;DeShawn Williams;Justin Simmons;Kareem Jackson;Bryce Callahan;Bradley Chubb;Josey Jewell
2020_10_DEN_LV,1710,pass,16.0,48.0,32.0,LV,2.0,2017.0,48.0,42.0,3:37,2:55,,7.0,6.0,2.0,10.0,"3 DL, 3 LB, 5 DB",;;;;;;;;;;,11,6,4,ZONE_COVERAGE,COVER_3,False,00-0036365;00-0027993;00-0034763;00-0036357;00-0031280;00-0035700;00-0031632;00-0031367;00-0027778;00-0031610;00-0034983,Bryan Edwards;Rodney Hudson;Brandon Parker;Henry Ruggs III;Derek Carr;Josh Jacobs;Denzelle Good;Gabe Jackson;Sam Young;Darren Waller;Hunter Renfrow,00-0030228;00-0034954;00-0034887;00-0036420;00-0035862;00-0031795;00-0032971;00-0027872;00-0031904;00-0034832;00-0034368,A.J. Bouye;Malik Reed;Alexander Johnson;McTelvin Agim;Essang Bassey;DeShawn Williams;Justin Simmons;Kareem Jackson;Bryce Callahan;Bradley Chubb;Josey Jewell
2020_10_DEN_LV,1734,run,24.0,32.0,8.0,LV,2.0,1975.0,32.0,18.0,2:55,2:37,,7.0,6.0,1.0,10.0,"3 DL, 3 LB, 5 DB",;;;;;;;;;;,11,6,,,,,00-0036365;00-0027993;00-0034763;00-0036357;00-0031280;00-0035700;00-0031632;00-0031367;00-0022127;00-0027778;00-0031610,Bryan Edwards;Rodney Hudson;Brandon Parker;Henry Ruggs III;Derek Carr;Josh Jacobs;Denzelle Good;Gabe Jackson;Jason Witten;Sam Young;Darren Waller,00-0030577;00-0030228;00-0034954;00-0034887;00-0035862;00-0031795;00-0032971;00-0027872;00-0031904;00-0034832;00-0034368,Sylvester Williams;A.J. Bouye;Malik Reed;Alexander Johnson;Essang Bassey;DeShawn Williams;Justin Simmons;Kareem Jackson;Bryce Callahan;Bradley Chubb;Josey Jewell
2020_10_DEN_LV,1755,run,2.0,8.0,6.0,LV,2.0,1957.0,8.0,37.0,2:37,2:00,,7.0,6.0,1.0,8.0,"3 DL, 3 LB, 5 DB",;;;;;;;;;;,11,6,,,,,00-0036365;00-0027993;00-0034763;00-0036357;00-0031280;00-0035700;00-0031632;00-0031367;00-0022127;00-0027778;00-0031610,Bryan Edwards;Rodney Hudson;Brandon Parker;Henry Ruggs III;Derek Carr;Josh Jacobs;Denzelle Good;Gabe Jackson;Jason Witten;Sam Young;Darren Waller,00-0030577;00-0030228;00-0034954;00-0034887;00-0035862;00-0031795;00-0032971;00-0027872;00-0031904;00-0034832;00-0034368,Sylvester Williams;A.J. Bouye;Malik Reed;Alexander Johnson;Essang Bassey;DeShawn Williams;Justin Simmons;Kareem Jackson;Bryce Callahan;Bradley Chubb;Josey Jewell
2020_10_DEN_LV,1793,pass,0.0,6.0,6.0,LV,2.0,1920.0,6.0,4.0,2:00,1:56,,7.0,6.0,2.0,6.0,"3 DL, 3 LB, 5 DB",;;;;;;;;;;,11,6,4,MAN_COVERAGE,COVER_1,False,00-0027993;00-0034763;00-0036357;00-0031280;00-0035700;00-0031632;00-0031367;00-0027778;00-0031610;00-0031549;00-0034983,Rodney Hudson;Brandon Parker;Henry Ruggs III;Derek Carr;Josh Jacobs;Denzelle Good;Gabe Jackson;Sam Young;Darren Waller;Nelson Agholor;Hunter Renfrow,00-0033782;00-0030228;00-0034954;00-0034887;00-0035862;00-0031795;00-0032971;00-0027872;00-0031904;00-0034832;00-0034368,DeMarcus Walker;A.J. Bouye;Malik Reed;Alexander Johnson;Essang Bassey;DeShawn Williams;Justin Simmons;Kareem Jackson;Bryce Callahan;Bradley Chubb;Josey Jewell
2020_10_DEN_LV,1815,timeout,0.0,,,,2.0,1916.0,,0.0,1:56,1:56,LV,7.0,6.0,,0.0,,,0,,,,,,,,,
2020_10_DEN_LV,1832,pass,0.0,6.0,6.0,LV,2.0,1916.0,6.0,8.0,1:56,1:48,,7.0,6.0,3.0,6.0,"3 DL, 3 LB, 5 DB",;;;;;;;;;;,11,5,5,MAN_COVERAGE,COVER_0,True,00-0027993;00-0034763;00-0036357;00-0031280;00-0035700;00-0031632;00-0031367;00-0027778;00-0031610;00-0031549;00-0034983,Rodney Hudson;Brandon Parker;Henry Ruggs III;Derek Carr;Josh Jacobs;Denzelle Good;Gabe Jackson;Sam Young;Darren Waller;Nelson Agholor;Hunter Renfrow,00-0033782;00-0035678;00-0030228;00-0034954;00-0034887;00-0035862;00-0032971;00-0027872;00-0031904;00-0034832;00-0034368,DeMarcus Walker;Dre'Mont Jones;A.J. Bouye;Malik Reed;Alexander Johnson;Essang Bassey;Justin Simmons;Kareem Jackson;Bryce Callahan;Bradley Chubb;Josey Jewell
2020_10_DEN_LV,1854,field_goal,0.0,6.0,6.0,LV,2.0,1908.0,6.0,4.0,1:48,1:44,,10.0,6.0,4.0,6.0,,;;;;;;;;;;,11,,,,,,00-0035190;00-0034628;00-0034161;00-0034763;00-0029119;00-0035127;00-0034981;00-0031632;00-0031367;00-0029889;00-0034198,AJ Cole;Jaryd Jones-Smith;Daniel Carlson;Brandon Parker;Derek Carrier;Andre James;Foster Moreau;Denzelle Good;Gabe Jackson;Patrick Omameh;Trent Sieg,00-0030577;00-0033782;00-0035227;00-0031258;00-0034956;00-0035678;00-0034887;00-0031795;00-0032971;00-0034368;00-0034111,Sylvester Williams;DeMarcus Walker;P.J. Locke;Jeremiah Attaochu;Josh Watson;Dre'Mont Jones;Alexander Johnson;DeShawn Williams;Justin Simmons;Josey Jewell;Trey Marshall
2020_10_DEN_LV,1873,kickoff,0.0,35.0,35.0,DEN,2.0,1904.0,35.0,0.0,1:44,1:44,,10.0,6.0,,0.0,,;;;;;;;;;;,11,,,,,,00-0034161;00-0031176;00-0029119;00-0029647;00-0030196;00-0032972;00-0033461;00-0032320;00-0034726;00-0035133;00-0035693,Daniel Carlson;Nevin Lawson;Derek Carrier;Kyle Wilber;Jeff Heath;Devontae Booker;Raekwon McMillan;Erik Harris;Dallin Leavitt;Keisean Nixon;Johnathan Abram,00-0035227;00-0031258;00-0034956;00-0031319;00-0033452;00-0031956;00-0035862;00-0034744;00-0035427;00-0034838;00-0034111,P.J. Locke;Jeremiah Attaochu;Josh Watson;Diontae Spencer;Austin Calitro;Anthony Chickillo;Essang Bassey;Duke Dawson;Jeremy Cox;Royce Freeman;Trey Marshall
2020_10_DEN_LV,1888,pass,9.0,75.0,66.0,DEN,2.0,1904.0,75.0,22.0,1:44,1:22,,10.0,6.0,1.0,10.0,"4 DL, 2 LB, 5 DB",;;;;;;;;;;,11,6,4,ZONE_COVERAGE,COVER_6,False,00-0035704;00-0035644;00-0032395;00-0034957;00-0036407;00-0036391;00-0036412;00-0033375;00-0032144;00-0033538;00-0035702,Drew Lock;Noah Fant;Graham Glasgow;Calvin Anderson;Jerry Jeudy;Lloyd Cushenberry III;KJ Hamler;Tim Patrick;Melvin Gordon;Garett Bolles;Dalton Risner,00-0033129;00-0034973;00-0031389;00-0031176;00-0033445;00-0035695;00-0033131;00-0030196;00-0035692;00-0032773;00-0035693,Carl Nassib;Maxx Crosby;Lamarcus Joyner;Nevin Lawson;Nicholas Morrow;Trayvon Mullen;Maliek Collins;Jeff Heath;Clelin Ferrell;Nick Kwiatkoski;Johnathan Abram
2020_10_DEN_LV,1912,pass,0.0,66.0,66.0,DEN,2.0,1882.0,66.0,4.0,1:22,1:18,,10.0,6.0,2.0,1.0,"4 DL, 2 LB, 5 DB",;;;;;;;;;;,11,6,4,ZONE_COVERAGE,COVER_2,False,00-0035704;00-0035644;00-0032395;00-0034957;00-0036407;00-0036412;00-0036391;00-0033375;00-0032144;00-0033538;00-0035702,Drew Lock;Noah Fant;Graham Glasgow;Calvin Anderson;Jerry Jeudy;KJ Hamler;Lloyd Cushenberry III;Tim Patrick;Melvin Gordon;Garett Bolles;Dalton Risner,00-0034973;00-0033129;00-0031389;00-0031176;00-0033445;00-0035695;00-0033131;00-0030196;00-0035692;00-0032773;00-0035693,Maxx Crosby;Carl Nassib;Lamarcus Joyner;Nevin Lawson;Nicholas Morrow;Trayvon Mullen;Maliek Collins;Jeff Heath;Clelin Ferrell;Nick Kwiatkoski;Johnathan Abram
2020_10_DEN_LV,1934,run,2.0,66.0,64.0,DEN,2.0,1878.0,66.0,4.0,1:18,1:14,,10.0,6.0,3.0,1.0,"4 DL, 2 LB, 5 DB",;;;;;;;;;;,11,6,,,,,00-0035704;00-0035644;00-0032395;00-0034957;00-0036407;00-0036391;00-0036412;00-0033375;00-0032144;00-0033538;00-0035702,Drew Lock;Noah Fant;Graham Glasgow;Calvin Anderson;Jerry Jeudy;Lloyd Cushenberry III;KJ Hamler;Tim Patrick;Melvin Gordon;Garett Bolles;Dalton Risner,00-0033129;00-0034973;00-0031389;00-0031176;00-0033445;00-0035695;00-0033131;00-0030196;00-0035692;00-0032773;00-0035693,Carl Nassib;Maxx Crosby;Lamarcus Joyner;Nevin Lawson;Nicholas Morrow;Trayvon Mullen;Maliek Collins;Jeff Heath;Clelin Ferrell;Nick Kwiatkoski;Johnathan Abram
2020_10_DEN_LV,1955,timeout,0.0,,,,2.0,1874.0,,0.0,1:14,1:14,DEN,10.0,6.0,,0.0,,,0,,,,,,,,,
2020_10_DEN_LV,1972,pass,0.0,64.0,64.0,DEN,2.0,1874.0,64.0,7.0,1:14,1:07,,10.0,6.0,1.0,10.0,"4 DL, 2 LB, 5 DB",;;;;;;;;;;,11,6,4,ZONE_COVERAGE,COVER_6,True,00-0035704;00-0035644;00-0032395;00-0034957;00-0036407;00-0036391;00-0036412;00-0033375;00-0032144;00-0033538;00-0035702,Drew Lock;Noah Fant;Graham Glasgow;Calvin Anderson;Jerry Jeudy;Lloyd Cushenberry III;KJ Hamler;Tim Patrick;Melvin Gordon;Garett Bolles;Dalton Risner,00-0034973;00-0033129;00-0031389;00-0031176;00-0033445;00-0035695;00-0033131;00-0030196;00-0035692;00-0032773;00-0035693,Maxx Crosby;Carl Nassib;Lamarcus Joyner;Nevin Lawson;Nicholas Morrow;Trayvon Mullen;Maliek Collins;Jeff Heath;Clelin Ferrell;Nick Kwiatkoski;Johnathan Abram
2020_10_DEN_LV,1994,pass,27.0,64.0,37.0,DEN,2.0,1867.0,64.0,8.0,1:07,0:59,,10.0,6.0,2.0,10.0,"4 DL, 2 LB, 5 DB",;;;;;;;;;;,11,6,4,MAN_COVERAGE,COVER_1,False,00-0035704;00-0032395;00-0034957;00-0036407;00-0034370;00-0036391;00-0036412;00-0032144;00-0033538;00-0034393;00-0035702,Drew Lock;Graham Glasgow;Calvin Anderson;Jerry Jeudy;DaeSean Hamilton;Lloyd Cushenberry III;KJ Hamler;Melvin Gordon;Garett Bolles;Troy Fumagalli;Dalton Risner,00-0033129;00-0034973;00-0031389;00-0031176;00-0033445;00-0035695;00-0033131;00-0030196;00-0035692;00-0032773;00-0035693,Carl Nassib;Maxx Crosby;Lamarcus Joyner;Nevin Lawson;Nicholas Morrow;Trayvon Mullen;Maliek Collins;Jeff Heath;Clelin Ferrell;Nick Kwiatkoski;Johnathan Abram
2020_10_DEN_LV,2018,run,0.0,37.0,37.0,DEN,2.0,1859.0,37.0,23.0,0:59,0:36,,10.0,6.0,1.0,10.0,"4 DL, 2 LB, 5 DB",;;;;;;;;;;,11,6,,,,,00-0035704;00-0032395;00-0035644;00-0034957;00-0034370;00-0036391;00-0036412;00-0033375;00-0032144;00-0033538;00-0035702,Drew Lock;Graham Glasgow;Noah Fant;Calvin Anderson;DaeSean Hamilton;Lloyd Cushenberry III;KJ Hamler;Tim Patrick;Melvin Gordon;Garett Bolles;Dalton Risner,00-0034973;00-0031389;00-0031176;00-0033445;00-0035695;00-0031997;00-0034825;00-0030196;00-0035692;00-0032773;00-0035693,Maxx Crosby;Lamarcus Joyner;Nevin Lawson;Nicholas Morrow;Trayvon Mullen;David Irving;Arden Key;Jeff Heath;Clelin Ferrell;Nick Kwiatkoski;Johnathan Abram
2020_10_DEN_LV,2039,pass,0.0,37.0,37.0,DEN,2.0,1836.0,37.0,6.0,0:36,0:30,,10.0,6.0,2.0,10.0,"4 DL, 2 LB, 5 DB",;;;;;;;;;;,11,6,4,ZONE_COVERAGE,COVER_3,False,00-0035704;00-0035644;00-0032395;00-0034957;00-0034370;00-0036391;00-0036412;00-0033375;00-0032144;00-0033538;00-0035702,Drew Lock;Noah Fant;Graham Glasgow;Calvin Anderson;DaeSean Hamilton;Lloyd Cushenberry III;KJ Hamler;Tim Patrick;Melvin Gordon;Garett Bolles;Dalton Risner,00-0034973;00-0031389;00-0031176;00-0033445;00-0035695;00-0031997;00-0034825;00-0030196;00-0035692;00-0032773;00-0035693,Maxx Crosby;Lamarcus Joyner;Nevin Lawson;Nicholas Morrow;Trayvon Mullen;David Irving;Arden Key;Jeff Heath;Clelin Ferrell;Nick Kwiatkoski;Johnathan Abram
2020_10_DEN_LV,2061,pass,14.0,37.0,23.0,DEN,2.0,1830.0,37.0,8.0,0:30,0:22,,10.0,6.0,3.0,10.0,"4 DL, 2 LB, 5 DB",;;;;;;;;;;,11,5,4,ZONE_COVERAGE,COVER_6,True,00-0035704;00-0035644;00-0032395;00-0034957;00-0036407;00-0034109;00-0036391;00-0036412;00-0033375;00-0033538;00-0035702,Drew Lock;Noah Fant;Graham Glasgow;Calvin Anderson;Jerry Jeudy;Phillip Lindsay;Lloyd Cushenberry III;KJ Hamler;Tim Patrick;Garett Bolles;Dalton Risner,00-0034973;00-0031389;00-0031176;00-0033445;00-0035695;00-0034825;00-0030196;00-0034125;00-0035692;00-0032773;00-0035693,Maxx Crosby;Lamarcus Joyner;Nevin Lawson;Nicholas Morrow;Trayvon Mullen;Arden Key;Jeff Heath;Kendal Vickers;Clelin Ferrell;Nick Kwiatkoski;Johnathan Abram
2020_10_DEN_LV,2096,pass,6.0,11.0,5.0,DEN,2.0,1822.0,11.0,4.0,0:22,0:18,,10.0,6.0,1.0,10.0,"4 DL, 2 LB, 5 DB",;;;;;;;;;;,11,5,4,ZONE_COVERAGE,COVER_4,False,00-0035704;00-0035644;00-0032395;00-0034957;00-0036407;00-0034109;00-0036391;00-0036412;00-0033375;00-0033538;00-0035702,Drew Lock;Noah Fant;Graham Glasgow;Calvin Anderson;Jerry Jeudy;Phillip Lindsay;Lloyd Cushenberry III;KJ Hamler;Tim Patrick;Garett Bolles;Dalton Risner,00-0033129;00-0031389;00-0031176;00-0033445;00-0035695;00-0034825;00-0033131;00-0030196;00-0034125;00-0032773;00-0035693,Carl Nassib;Lamarcus Joyner;Nevin Lawson;Nicholas Morrow;Trayvon Mullen;Arden Key;Maliek Collins;Jeff Heath;Kendal Vickers;Nick Kwiatkoski;Johnathan Abram
2020_10_DEN_LV,2120,timeout,0.0,,,,2.0,1818.0,,0.0,0:18,0:18,DEN,10.0,6.0,,0.0,,,0,,,,,,,,,
2020_10_DEN_LV,2137,run,5.0,5.0,0.0,DEN,2.0,1818.0,5.0,6.0,0:18,0:12,,10.0,6.0,2.0,4.0,"4 DL, 2 LB, 5 DB",;;;;;;;;;;,11,7,,,,,00-0035704;00-0035644;00-0032395;00-0034957;00-0036407;00-0034109;00-0036391;00-0036412;00-0033375;00-0033538;00-0035702,Drew Lock;Noah Fant;Graham Glasgow;Calvin Anderson;Jerry Jeudy;Phillip Lindsay;Lloyd Cushenberry III;KJ Hamler;Tim Patrick;Garett Bolles;Dalton Risner,00-0033129;00-0031389;00-0031176;00-0033445;00-0035695;00-0034825;00-0033131;00-0030196;00-0034125;00-0032773;00-0035693,Carl Nassib;Lamarcus Joyner;Nevin Lawson;Nicholas Morrow;Trayvon Mullen;Arden Key;Maliek Collins;Jeff Heath;Kendal Vickers;Nick Kwiatkoski;Johnathan Abram
2020_10_DEN_LV,2166,turnover,0.0,10.0,10.0,DEN,2.0,1812.0,10.0,7.0,0:12,0:05,,10.0,6.0,2.0,9.0,"4 DL, 2 LB, 5 DB",;;;;;;;;;;,11,5,4,ZONE_COVERAGE,COVER_4,False,00-0035704;00-0035644;00-0032395;00-0034957;00-0036407;00-0034109;00-0036412;00-0036391;00-0033375;00-0033538;00-0035702,Drew Lock;Noah Fant;Graham Glasgow;Calvin Anderson;Jerry Jeudy;Phillip Lindsay;KJ Hamler;Lloyd Cushenberry III;Tim Patrick;Garett Bolles;Dalton Risner,00-0033129;00-0031389;00-0033445;00-0035695;00-0034825;00-0030196;00-0033131;00-0034125;00-0034980;00-0032773;00-0035693,Carl Nassib;Lamarcus Joyner;Nicholas Morrow;Trayvon Mullen;Arden Key;Jeff Heath;Maliek Collins;Kendal Vickers;Isaiah Johnson;Nick Kwiatkoski;Johnathan Abram
2020_10_DEN_LV,2192,qb_kneel,-1.0,82.0,83.0,LV,2.0,1805.0,82.0,5.0,0:05,0:00,,10.0,6.0,1.0,10.0,"4 DL, 3 LB, 4 DB",;;;;;;;;;;,11,8,,,,,00-0033891;00-0027993;00-0034763;00-0031280;00-0032972;00-0031632;00-0031367;00-0035125;00-0022127;00-0027778;00-0031610,Zay Jones;Rodney Hudson;Brandon Parker;Derek Carr;Devontae Booker;Denzelle Good;Gabe Jackson;Alec Ingold;Jason Witten;Sam Young;Darren Waller,00-0030577;00-0033782;00-0035678;00-0030228;00-0034954;00-0034887;00-0032971;00-0027872;00-0031904;00-0034832;00-0034368,Sylvester Williams;DeMarcus Walker;Dre'Mont Jones;A.J. Bouye;Malik Reed;Alexander Johnson;Justin Simmons;Kareem Jackson;Bryce Callahan;Bradley Chubb;Josey Jewell
2020_10_DEN_LV,2213,start_quarter_3,,,,,2.0,1800.0,,0.0,0:00,0:00,,10.0,6.0,,0.0,,,0,,,,,,,,,
2020_10_DEN_LV,2232,kickoff,0.0,35.0,35.0,LV,3.0,1800.0,35.0,6.0,15:00,14:54,,10.0,6.0,,0.0,,;;;;;;;;;;,11,,,,,,00-0036390;00-0035227;00-0031258;00-0034956;00-0033452;00-0031956;00-0029822;00-0034744;00-0035427;00-0034838;00-0034111,Michael Ojemudia;P.J. Locke;Jeremiah Attaochu;Josh Watson;Austin Calitro;Anthony Chickillo;Brandon McManus;Duke Dawson;Jeremy Cox;Royce Freeman;Trey Marshall,00-0029119;00-0029647;00-0036357;00-0034981;00-0030196;00-0032972;00-0033461;00-0034980;00-0034726;00-0035125;00-0035133,Derek Carrier;Kyle Wilber;Henry Ruggs III;Foster Moreau;Jeff Heath;Devontae Booker;Raekwon McMillan;Isaiah Johnson;Dallin Leavitt;Alec Ingold;Keisean Nixon
2020_10_DEN_LV,2254,run,3.0,80.0,77.0,LV,3.0,1794.0,80.0,36.0,14:54,14:18,,10.0,6.0,1.0,10.0,"4 DL, 3 LB, 4 DB",;;;;;;;;;;,11,7,,,,,00-0027993;00-0034763;00-0031280;00-0035700;00-0031632;00-0031367;00-0035125;00-0022127;00-0027778;00-0031610;00-0031549,Rodney Hudson;Brandon Parker;Derek Carr;Josh Jacobs;Denzelle Good;Gabe Jackson;Alec Ingold;Jason Witten;Sam Young;Darren Waller;Nelson Agholor,00-0033782;00-0035678;00-0030228;00-0034954;00-0034887;00-0031795;00-0032971;00-0027872;00-0031904;00-0034832;00-0034368,DeMarcus Walker;Dre'Mont Jones;A.J. Bouye;Malik Reed;Alexander Johnson;DeShawn Williams;Justin Simmons;Kareem Jackson;Bryce Callahan;Bradley Chubb;Josey Jewell
2020_10_DEN_LV,2275,pass,0.0,77.0,77.0,LV,3.0,1758.0,77.0,3.0,14:18,14:15,,10.0,6.0,2.0,7.0,"3 DL, 3 LB, 5 DB",;;;;;;;;;;,11,6,4,ZONE_COVERAGE,COVER_3,False,00-0027993;00-0034763;00-0036357;00-0034981;00-0031280;00-0035700;00-0031632;00-0031367;00-0022127;00-0027778;00-0031610,Rodney Hudson;Brandon Parker;Henry Ruggs III;Foster Moreau;Derek Carr;Josh Jacobs;Denzelle Good;Gabe Jackson;Jason Witten;Sam Young;Darren Waller,00-0033782;00-0035678;00-0030228;00-0034954;00-0034887;00-0035862;00-0032971;00-0027872;00-0031904;00-0034832;00-0034368,DeMarcus Walker;Dre'Mont Jones;A.J. Bouye;Malik Reed;Alexander Johnson;Essang Bassey;Justin Simmons;Kareem Jackson;Bryce Callahan;Bradley Chubb;Josey Jewell
2020_10_DEN_LV,2297,pass,8.0,77.0,69.0,LV,3.0,1755.0,77.0,37.0,14:15,13:38,,10.0,6.0,3.0,7.0,"3 DL, 3 LB, 5 DB",;;;;;;;;;;,11,6,4,ZONE_COVERAGE,COVER_6,False,00-0027993;00-0034763;00-0036357;00-0031280;00-0035700;00-0031632;00-0031367;00-0027778;00-0031610;00-0031549;00-0034983,Rodney Hudson;Brandon Parker;Henry Ruggs III;Derek Carr;Josh Jacobs;Denzelle Good;Gabe Jackson;Sam Young;Darren Waller;Nelson Agholor;Hunter Renfrow,00-0035678;00-0030228;00-0034954;00-0034887;00-0035862;00-0031795;00-0032971;00-0027872;00-0031904;00-0034832;00-0034368,Dre'Mont Jones;A.J. Bouye;Malik Reed;Alexander Johnson;Essang Bassey;DeShawn Williams;Justin Simmons;Kareem Jackson;Bryce Callahan;Bradley Chubb;Josey Jewell
2020_10_DEN_LV,2321,no_play,0.0,69.0,69.0,LV,3.0,1718.0,69.0,11.0,13:38,13:27,,10.0,6.0,1.0,10.0,"3 DL, 3 LB, 5 DB",;;;;;;;;;;,11,,,,,,00-0027993;00-0034763;00-0036357;00-0031280;00-0035700;00-0031632;00-0031367;00-0022127;00-0027778;00-0031610;00-0031549,Rodney Hudson;Brandon Parker;Henry Ruggs III;Derek Carr;Josh Jacobs;Denzelle Good;Gabe Jackson;Jason Witten;Sam Young;Darren Waller;Nelson Agholor,00-0035678;00-0030228;00-0034954;00-0034887;00-0035862;00-0031795;00-0032971;00-0027872;00-0031904;00-0034832;00-0034368,Dre'Mont Jones;A.J. Bouye;Malik Reed;Alexander Johnson;Essang Bassey;DeShawn Williams;Justin Simmons;Kareem Jackson;Bryce Callahan;Bradley Chubb;Josey Jewell
2020_10_DEN_LV,2344,run,13.0,74.0,61.0,LV,3.0,1707.0,74.0,34.0,13:27,12:53,,10.0,6.0,1.0,15.0,"3 DL, 3 LB, 5 DB",;;;;;;;;;;,11,6,,,,,00-0027993;00-0034763;00-0036357;00-0031280;00-0035700;00-0031632;00-0031367;00-0022127;00-0027778;00-0031610;00-0031549,Rodney Hudson;Brandon Parker;Henry Ruggs III;Derek Carr;Josh Jacobs;Denzelle Good;Gabe Jackson;Jason Witten;Sam Young;Darren Waller;Nelson Agholor,00-0030577;00-0030228;00-0034954;00-0034887;00-0035862;00-0031795;00-0032971;00-0027872;00-0031904;00-0034832;00-0034368,Sylvester Williams;A.J. Bouye;Malik Reed;Alexander Johnson;Essang Bassey;DeShawn Williams;Justin Simmons;Kareem Jackson;Bryce Callahan;Bradley Chubb;Josey Jewell
2020_10_DEN_LV,2365,run,6.0,61.0,55.0,LV,3.0,1673.0,61.0,37.0,12:53,12:16,,10.0,6.0,2.0,2.0,"4 DL, 3 LB, 4 DB",;;;;;;;;;;,11,7,,,,,00-0027993;00-0034763;00-0034981;00-0031280;00-0035700;00-0031632;00-0031367;00-0022127;00-0027778;00-0031610;00-0031549,Rodney Hudson;Brandon Parker;Foster Moreau;Derek Carr;Josh Jacobs;Denzelle Good;Gabe Jackson;Jason Witten;Sam Young;Darren Waller;Nelson Agholor,00-0030577;00-0035678;00-0030228;00-0034954;00-0034887;00-0031795;00-0032971;00-0027872;00-0031904;00-0034832;00-0034368,Sylvester Williams;Dre'Mont Jones;A.J. Bouye;Malik Reed;Alexander Johnson;DeShawn Williams;Justin Simmons;Kareem Jackson;Bryce Callahan;Bradley Chubb;Josey Jewell
2020_10_DEN_LV,2386,pass,0.0,55.0,55.0,LV,3.0,1636.0,55.0,6.0,12:16,12:10,,10.0,6.0,1.0,10.0,"4 DL, 3 LB, 4 DB",;;;;;;;;;;,11,7,4,ZONE_COVERAGE,COVER_6,False,00-0027993;00-0034763;00-0036357;00-0031280;00-0032972;00-0031632;00-0031367;00-0022127;00-0027778;00-0031610;00-0031549,Rodney Hudson;Brandon Parker;Henry Ruggs III;Derek Carr;Devontae Booker;Denzelle Good;Gabe Jackson;Jason Witten;Sam Young;Darren Waller;Nelson Agholor,00-0030577;00-0035678;00-0030228;00-0034954;00-0034887;00-0031795;00-0032971;00-0027872;00-0031904;00-0034832;00-0034368,Sylvester Williams;Dre'Mont Jones;A.J. Bouye;Malik Reed;Alexander Johnson;DeShawn Williams;Justin Simmons;Kareem Jackson;Bryce Callahan;Bradley Chubb;Josey Jewell
2020_10_DEN_LV,2408,timeout,0.0,,,,3.0,1630.0,,0.0,12:10,12:10,LV,10.0,6.0,,0.0,,,0,,,,,,,,,
2020_10_DEN_LV,2425,run,3.0,55.0,52.0,LV,3.0,1630.0,55.0,41.0,12:10,11:29,,10.0,6.0,2.0,10.0,"2 DL, 4 LB, 5 DB",;;;;;;;;;;,11,6,,,,,00-0027993;00-0034763;00-0036357;00-0034981;00-0031280;00-0032972;00-0031632;00-0031367;00-0027778;00-0031549;00-0034983,Rodney Hudson;Brandon Parker;Henry Ruggs III;Foster Moreau;Derek Carr;Devontae Booker;Denzelle Good;Gabe Jackson;Sam Young;Nelson Agholor;Hunter Renfrow,00-0033782;00-0031258;00-0030228;00-0034954;00-0034887;00-0036420;00-0035862;00-0032971;00-0027872;00-0031904;00-0034368,DeMarcus Walker;Jeremiah Attaochu;A.J. Bouye;Malik Reed;Alexander Johnson;McTelvin Agim;Essang Bassey;Justin Simmons;Kareem Jackson;Bryce Callahan;Josey Jewell
2020_10_DEN_LV,2446,pass,24.0,52.0,28.0,LV,3.0,1589.0,52.0,38.0,11:29,10:51,,10.0,6.0,3.0,7.0,"3 DL, 2 LB, 6 DB",;;;;;;;;;;,11,5,4,ZONE_COVERAGE,COVER_2,True,00-0027993;00-0034763;00-0036357;00-0031280;00-0032972;00-0031632;00-0031367;00-0027778;00-0031610;00-0031549;00-0034983,Rodney Hudson;Brandon Parker;Henry Ruggs III;Derek Carr;Devontae Booker;Denzelle Good;Gabe Jackson;Sam Young;Darren Waller;Nelson Agholor;Hunter Renfrow,00-0033782;00-0031258;00-0035678;00-0030228;00-0035862;00-0034744;00-0032971;00-0027872;00-0031904;00-0034832;00-0034368,DeMarcus Walker;Jeremiah Attaochu;Dre'Mont Jones;A.J. Bouye;Essang Bassey;Duke Dawson;Justin Simmons;Kareem Jackson;Bryce Callahan;Bradley Chubb;Josey Jewell
2020_10_DEN_LV,2470,run,-5.0,28.0,33.0,LV,3.0,1551.0,28.0,41.0,10:51,10:10,,10.0,6.0,1.0,10.0,"4 DL, 3 LB, 4 DB",;;;;;;;;;;,11,6,,,,,00-0027993;00-0034763;00-0036357;00-0031280;00-0035700;00-0031632;00-0031367;00-0035125;00-0027778;00-0031610;00-0031549,Rodney Hudson;Brandon Parker;Henry Ruggs III;Derek Carr;Josh Jacobs;Denzelle Good;Gabe Jackson;Alec Ingold;Sam Young;Darren Waller;Nelson Agholor,00-0030577;00-0033782;00-0031258;00-0035678;00-0030228;00-0034887;00-0032971;00-0027872;00-0031904;00-0034832;00-0034368,Sylvester Williams;DeMarcus Walker;Jeremiah Attaochu;Dre'Mont Jones;A.J. Bouye;Alexander Johnson;Justin Simmons;Kareem Jackson;Bryce Callahan;Bradley Chubb;Josey Jewell
2020_10_DEN_LV,2491,pass,0.0,33.0,33.0,LV,3.0,1510.0,33.0,5.0,10:10,10:05,,10.0,6.0,2.0,15.0,"3 DL, 3 LB, 5 DB",;;;;;;;;;;,11,6,4,ZONE_COVERAGE,COVER_6,True,00-0027993;00-0034763;00-0031280;00-0035700;00-0031632;00-0031367;00-0022127;00-0027778;00-0031610;00-0031549;00-0034983,Rodney Hudson;Brandon Parker;Derek Carr;Josh Jacobs;Denzelle Good;Gabe Jackson;Jason Witten;Sam Young;Darren Waller;Nelson Agholor;Hunter Renfrow,00-0033782;00-0031258;00-0035678;00-0030228;00-0034887;00-0035862;00-0032971;00-0027872;00-0031904;00-0034832;00-0034368,DeMarcus Walker;Jeremiah Attaochu;Dre'Mont Jones;A.J. Bouye;Alexander Johnson;Essang Bassey;Justin Simmons;Kareem Jackson;Bryce Callahan;Bradley Chubb;Josey Jewell
2020_10_DEN_LV,2513,pass,0.0,33.0,33.0,LV,3.0,1505.0,33.0,45.0,10:05,9:20,,10.0,6.0,3.0,15.0,"3 DL, 3 LB, 5 DB",;;;;;;;;;;,11,6,4,ZONE_COVERAGE,COVER_6,True,00-0027993;00-0034763;00-0036357;00-0031280;00-0035700;00-0031632;00-0031367;00-0027778;00-0031610;00-0031549;00-0034983,Rodney Hudson;Brandon Parker;Henry Ruggs III;Derek Carr;Josh Jacobs;Denzelle Good;Gabe Jackson;Sam Young;Darren Waller;Nelson Agholor;Hunter Renfrow,00-0033782;00-0031258;00-0035678;00-0030228;00-0034887;00-0035862;00-0032971;00-0027872;00-0031904;00-0034832;00-0034368,DeMarcus Walker;Jeremiah Attaochu;Dre'Mont Jones;A.J. Bouye;Alexander Johnson;Essang Bassey;Justin Simmons;Kareem Jackson;Bryce Callahan;Bradley Chubb;Josey Jewell
2020_10_DEN_LV,2537,field_goal,0.0,33.0,33.0,LV,3.0,1460.0,33.0,7.0,9:20,9:13,,13.0,6.0,4.0,15.0,,;;;;;;;;;;,11,,,,,,00-0035190;00-0034628;00-0034161;00-0034763;00-0029119;00-0035127;00-0034981;00-0031632;00-0031367;00-0029889;00-0034198,AJ Cole;Jaryd Jones-Smith;Daniel Carlson;Brandon Parker;Derek Carrier;Andre James;Foster Moreau;Denzelle Good;Gabe Jackson;Patrick Omameh;Trent Sieg,00-0030577;00-0033782;00-0035227;00-0031258;00-0034956;00-0035678;00-0034887;00-0031795;00-0032971;00-0034368;00-0034111,Sylvester Williams;DeMarcus Walker;P.J. Locke;Jeremiah Attaochu;Josh Watson;Dre'Mont Jones;Alexander Johnson;DeShawn Williams;Justin Simmons;Josey Jewell;Trey Marshall
2020_10_DEN_LV,2556,kickoff,0.0,35.0,35.0,DEN,3.0,1453.0,35.0,5.0,9:13,9:08,,13.0,6.0,,0.0,,;;;;;;;;;;,11,,,,,,00-0034161;00-0031176;00-0029119;00-0029647;00-0030196;00-0032972;00-0033461;00-0032320;00-0034726;00-0035133;00-0035693,Daniel Carlson;Nevin Lawson;Derek Carrier;Kyle Wilber;Jeff Heath;Devontae Booker;Raekwon McMillan;Erik Harris;Dallin Leavitt;Keisean Nixon;Johnathan Abram,00-0036390;00-0031258;00-0035227;00-0034956;00-0031319;00-0033452;00-0031956;00-0034744;00-0035427;00-0034838;00-0034111,Michael Ojemudia;Jeremiah Attaochu;P.J. Locke;Josh Watson;Diontae Spencer;Austin Calitro;Anthony Chickillo;Duke Dawson;Jeremy Cox;Royce Freeman;Trey Marshall
2020_10_DEN_LV,2578,run,-3.0,74.0,77.0,DEN,3.0,1448.0,74.0,32.0,9:08,8:36,,13.0,6.0,1.0,10.0,"4 DL, 2 LB, 5 DB",;;;;;;;;;;,11,6,,,,,00-0035704;00-0032395;00-0035644;00-0034957;00-0036407;00-0036391;00-0036412;00-0033375;00-0032144;00-0033538;00-0035702,Drew Lock;Graham Glasgow;Noah Fant;Calvin Anderson;Jerry Jeudy;Lloyd Cushenberry III;KJ Hamler;Tim Patrick;Melvin Gordon;Garett Bolles;Dalton Risner,00-0034973;00-0031389;00-0031176;00-0033445;00-0035695;00-0033131;00-0030196;00-0035692;00-0030063;00-0032773;00-0035693,Maxx Crosby;Lamarcus Joyner;Nevin Lawson;Nicholas Morrow;Trayvon Mullen;Maliek Collins;Jeff Heath;Clelin Ferrell;Johnathan Hankins;Nick Kwiatkoski;Johnathan Abram
2020_10_DEN_LV,2599,pass,0.0,77.0,77.0,DEN,3.0,1416.0,77.0,5.0,8:36,8:31,,13.0,6.0,2.0,13.0,"4 DL, 2 LB, 5 DB",;;;;;;;;;;,11,6,4,ZONE_COVERAGE,COVER_2,False,00-0035704;00-0035644;00-0032395;00-0034957;00-0036407;00-0036391;00-0036412;00-0033375;00-0032144;00-0033538;00-0035702,Drew Lock;Noah Fant;Graham Glasgow;Calvin Anderson;Jerry Jeudy;Lloyd Cushenberry III;KJ Hamler;Tim Patrick;Melvin Gordon;Garett Bolles;Dalton Risner,00-0034973;00-0031389;00-0031176;00-0033445;00-0035695;00-0033131;00-0030196;00-0035692;00-0030063;00-0032773;00-0035693,Maxx Crosby;Lamarcus Joyner;Nevin Lawson;Nicholas Morrow;Trayvon Mullen;Maliek Collins;Jeff Heath;Clelin Ferrell;Johnathan Hankins;Nick Kwiatkoski;Johnathan Abram
2020_10_DEN_LV,2621,pass,0.0,77.0,77.0,DEN,3.0,1411.0,77.0,7.0,8:31,8:24,,13.0,6.0,3.0,13.0,"4 DL, 2 LB, 5 DB",;;;;;;;;;;,11,7,5,ZONE_COVERAGE,COVER_3,True,00-0035704;00-0035644;00-0032395;00-0034957;00-0036407;00-0036391;00-0036412;00-0033375;00-0032144;00-0033538;00-0035702,Drew Lock;Noah Fant;Graham Glasgow;Calvin Anderson;Jerry Jeudy;Lloyd Cushenberry III;KJ Hamler;Tim Patrick;Melvin Gordon;Garett Bolles;Dalton Risner,00-0034973;00-0033129;00-0031389;00-0031176;00-0033445;00-0035695;00-0033131;00-0030196;00-0035692;00-0032773;00-0035693,Maxx Crosby;Carl Nassib;Lamarcus Joyner;Nevin Lawson;Nicholas Morrow;Trayvon Mullen;Maliek Collins;Jeff Heath;Clelin Ferrell;Nick Kwiatkoski;Johnathan Abram
2020_10_DEN_LV,2643,punt,0.0,77.0,77.0,DEN,3.0,1404.0,77.0,7.0,8:24,8:17,,13.0,6.0,4.0,13.0,,;;;;;;;;;;,11,,,,,,00-0035227;00-0031258;00-0034956;00-0033452;00-0034388;00-0034954;00-0035757;00-0030092;00-0035427;00-0034838;00-0034111,P.J. Locke;Jeremiah Attaochu;Josh Watson;Austin Calitro;Davontae Harris;Malik Reed;Jacob Bobenmoyer;Sam Martin;Jeremy Cox;Royce Freeman;Trey Marshall,00-0029119;00-0029647;00-0034981;00-0030196;00-0033461;00-0034980;00-0034726;00-0032320;00-0035133;00-0035693;00-0034983,Derek Carrier;Kyle Wilber;Foster Moreau;Jeff Heath;Raekwon McMillan;Isaiah Johnson;Dallin Leavitt;Erik Harris;Keisean Nixon;Johnathan Abram;Hunter Renfrow
2020_10_DEN_LV,2668,run,11.0,78.0,67.0,LV,3.0,1397.0,78.0,30.0,8:17,7:47,,13.0,6.0,1.0,10.0,"3 DL, 3 LB, 5 DB",;;;;;;;;;;,11,6,,,,,00-0027993;00-0034763;00-0036357;00-0031280;00-0035700;00-0031632;00-0031367;00-0027778;00-0031610;00-0031549;00-0034983,Rodney Hudson;Brandon Parker;Henry Ruggs III;Derek Carr;Josh Jacobs;Denzelle Good;Gabe Jackson;Sam Young;Darren Waller;Nelson Agholor;Hunter Renfrow,00-0033782;00-0035678;00-0030228;00-0034954;00-0034887;00-0035862;00-0032971;00-0027872;00-0031904;00-0034832;00-0034368,DeMarcus Walker;Dre'Mont Jones;A.J. Bouye;Malik Reed;Alexander Johnson;Essang Bassey;Justin Simmons;Kareem Jackson;Bryce Callahan;Bradley Chubb;Josey Jewell
2020_10_DEN_LV,2692,run,2.0,67.0,65.0,LV,3.0,1367.0,67.0,42.0,7:47,7:05,,13.0,6.0,1.0,10.0,"3 DL, 3 LB, 5 DB",;;;;;;;;;;,11,6,,,,,00-0027993;00-0034763;00-0036357;00-0031280;00-0035700;00-0031632;00-0031367;00-0027778;00-0031610;00-0031549;00-0034983,Rodney Hudson;Brandon Parker;Henry Ruggs III;Derek Carr;Josh Jacobs;Denzelle Good;Gabe Jackson;Sam Young;Darren Waller;Nelson Agholor;Hunter Renfrow,00-0033782;00-0035678;00-0030228;00-0034954;00-0034887;00-0035862;00-0032971;00-0027872;00-0031904;00-0034832;00-0034368,DeMarcus Walker;Dre'Mont Jones;A.J. Bouye;Malik Reed;Alexander Johnson;Essang Bassey;Justin Simmons;Kareem Jackson;Bryce Callahan;Bradley Chubb;Josey Jewell
2020_10_DEN_LV,2713,no_play,0.0,65.0,65.0,LV,3.0,1325.0,65.0,25.0,7:05,6:40,,13.0,6.0,2.0,8.0,"4 DL, 3 LB, 4 DB",;;;;;;;;;;,11,6,,,,,00-0027993;00-0034763;00-0036357;00-0034981;00-0031280;00-0035700;00-0031632;00-0031367;00-0022127;00-0027778;00-0031610,Rodney Hudson;Brandon Parker;Henry Ruggs III;Foster Moreau;Derek Carr;Josh Jacobs;Denzelle Good;Gabe Jackson;Jason Witten;Sam Young;Darren Waller,00-0033782;00-0035678;00-0030228;00-0034954;00-0034887;00-0031795;00-0032971;00-0027872;00-0031904;00-0034832;00-0034368,DeMarcus Walker;Dre'Mont Jones;A.J. Bouye;Malik Reed;Alexander Johnson;DeShawn Williams;Justin Simmons;Kareem Jackson;Bryce Callahan;Bradley Chubb;Josey Jewell
2020_10_DEN_LV,2743,pass,5.0,60.0,55.0,LV,3.0,1300.0,60.0,37.0,6:40,6:03,,13.0,6.0,1.0,10.0,"2 DL, 4 LB, 5 DB",;;;;;;;;;;,11,6,5,ZONE_COVERAGE,COVER_3,False,00-0027993;00-0034763;00-0036357;00-0031280;00-0035700;00-0031632;00-0031367;00-0027778;00-0031610;00-0031549;00-0034983,Rodney Hudson;Brandon Parker;Henry Ruggs III;Derek Carr;Josh Jacobs;Denzelle Good;Gabe Jackson;Sam Young;Darren Waller;Nelson Agholor;Hunter Renfrow,00-0035678;00-0031956;00-0030228;00-0034954;00-0034887;00-0035862;00-0031795;00-0032971;00-0027872;00-0031904;00-0034368,Dre'Mont Jones;Anthony Chickillo;A.J. Bouye;Malik Reed;Alexander Johnson;Essang Bassey;DeShawn Williams;Justin Simmons;Kareem Jackson;Bryce Callahan;Josey Jewell
2020_10_DEN_LV,2767,run,1.0,55.0,54.0,LV,3.0,1263.0,55.0,38.0,6:03,5:25,,13.0,6.0,2.0,5.0,"3 DL, 4 LB, 4 DB",;;;;;;;;;;,11,7,,,,,00-0027993;00-0034763;00-0036357;00-0031280;00-0035700;00-0031632;00-0031367;00-0022127;00-0027778;00-0031610;00-0031549,Rodney Hudson;Brandon Parker;Henry Ruggs III;Derek Carr;Josh Jacobs;Denzelle Good;Gabe Jackson;Jason Witten;Sam Young;Darren Waller;Nelson Agholor,00-0030577;00-0030228;00-0031956;00-0034954;00-0036420;00-0034887;00-0031795;00-0032971;00-0027872;00-0031904;00-0034368,Sylvester Williams;A.J. Bouye;Anthony Chickillo;Malik Reed;McTelvin Agim;Alexander Johnson;DeShawn Williams;Justin Simmons;Kareem Jackson;Bryce Callahan;Josey Jewell
2020_10_DEN_LV,2788,pass,21.0,54.0,33.0,LV,3.0,1225.0,54.0,44.0,5:25,4:41,,13.0,6.0,3.0,4.0,"3 DL, 3 LB, 5 DB",;;;;;;;;;;,11,6,4,MAN_COVERAGE,COVER_1,False,00-0027993;00-0034763;00-0036357;00-0031280;00-0035700;00-0031632;00-0031367;00-0027778;00-0031610;00-0031549;00-0034983,Rodney Hudson;Brandon Parker;Henry Ruggs III;Derek Carr;Josh Jacobs;Denzelle Good;Gabe Jackson;Sam Young;Darren Waller;Nelson Agholor;Hunter Renfrow,00-0033782;00-0031258;00-0035678;00-0030228;00-0034887;00-0035862;00-0032971;00-0027872;00-0031904;00-0034832;00-0034368,DeMarcus Walker;Jeremiah Attaochu;Dre'Mont Jones;A.J. Bouye;Alexander Johnson;Essang Bassey;Justin Simmons;Kareem Jackson;Bryce Callahan;Bradley Chubb;Josey Jewell
2020_10_DEN_LV,2812,run,9.0,33.0,24.0,LV,3.0,1181.0,33.0,34.0,4:41,4:07,,13.0,6.0,1.0,10.0,"3 DL, 3 LB, 5 DB",;;;;;;;;;;,11,6,,,,,00-0027993;00-0034763;00-0036357;00-0034981;00-0031280;00-0032972;00-0031632;00-0031367;00-0027778;00-0031549;00-0034983,Rodney Hudson;Brandon Parker;Henry Ruggs III;Foster Moreau;Derek Carr;Devontae Booker;Denzelle Good;Gabe Jackson;Sam Young;Nelson Agholor;Hunter Renfrow,00-0033782;00-0031258;00-0035678;00-0030228;00-0034887;00-0035862;00-0032971;00-0027872;00-0031904;00-0034832;00-0034368,DeMarcus Walker;Jeremiah Attaochu;Dre'Mont Jones;A.J. Bouye;Alexander Johnson;Essang Bassey;Justin Simmons;Kareem Jackson;Bryce Callahan;Bradley Chubb;Josey Jewell
2020_10_DEN_LV,2833,run,9.0,24.0,15.0,LV,3.0,1147.0,24.0,40.0,4:07,3:27,,13.0,6.0,2.0,1.0,"4 DL, 3 LB, 4 DB",;;;;;;;;;;,11,7,,,,,00-0027993;00-0034763;00-0034981;00-0031280;00-0032972;00-0031632;00-0031367;00-0035125;00-0022127;00-0027778;00-0031549,Rodney Hudson;Brandon Parker;Foster Moreau;Derek Carr;Devontae Booker;Denzelle Good;Gabe Jackson;Alec Ingold;Jason Witten;Sam Young;Nelson Agholor,00-0030577;00-0033782;00-0031258;00-0035678;00-0030228;00-0034887;00-0032971;00-0027872;00-0031904;00-0034832;00-0034368,Sylvester Williams;DeMarcus Walker;Jeremiah Attaochu;Dre'Mont Jones;A.J. Bouye;Alexander Johnson;Justin Simmons;Kareem Jackson;Bryce Callahan;Bradley Chubb;Josey Jewell
2020_10_DEN_LV,2854,run,2.0,15.0,13.0,LV,3.0,1107.0,15.0,45.0,3:27,2:42,,13.0,6.0,1.0,10.0,"4 DL, 3 LB, 4 DB",;;;;;;;;;;,11,7,,,,,00-0027993;00-0034763;00-0034981;00-0031280;00-0032972;00-0031632;00-0031367;00-0035125;00-0022127;00-0027778;00-0031549,Rodney Hudson;Brandon Parker;Foster Moreau;Derek Carr;Devontae Booker;Denzelle Good;Gabe Jackson;Alec Ingold;Jason Witten;Sam Young;Nelson Agholor,00-0030577;00-0033782;00-0031258;00-0035678;00-0030228;00-0034887;00-0032971;00-0027872;00-0031904;00-0034832;00-0034368,Sylvester Williams;DeMarcus Walker;Jeremiah Attaochu;Dre'Mont Jones;A.J. Bouye;Alexander Johnson;Justin Simmons;Kareem Jackson;Bryce Callahan;Bradley Chubb;Josey Jewell
2020_10_DEN_LV,2875,no_play,0.0,13.0,13.0,LV,3.0,1062.0,13.0,32.0,2:42,2:10,,13.0,6.0,2.0,8.0,"3 DL, 3 LB, 5 DB",;;;;;;;;;;,11,6,,,,,00-0027993;00-0034763;00-0036357;00-0031280;00-0032972;00-0031632;00-0031367;00-0027778;00-0031610;00-0031549;00-0034983,Rodney Hudson;Brandon Parker;Henry Ruggs III;Derek Carr;Devontae Booker;Denzelle Good;Gabe Jackson;Sam Young;Darren Waller;Nelson Agholor;Hunter Renfrow,00-0033782;00-0031258;00-0035678;00-0030228;00-0034887;00-0035862;00-0032971;00-0027872;00-0031904;00-0034832;00-0034368,DeMarcus Walker;Jeremiah Attaochu;Dre'Mont Jones;A.J. Bouye;Alexander Johnson;Essang Bassey;Justin Simmons;Kareem Jackson;Bryce Callahan;Bradley Chubb;Josey Jewell
2020_10_DEN_LV,2907,pass,13.0,23.0,10.0,LV,3.0,1030.0,23.0,45.0,2:10,1:25,,13.0,6.0,2.0,18.0,"2 DL, 4 LB, 5 DB",;;;;;;;;;;,11,5,4,ZONE_COVERAGE,COVER_4,False,00-0027993;00-0034763;00-0036357;00-0031280;00-0035700;00-0031632;00-0031367;00-0027778;00-0031610;00-0031549;00-0034983,Rodney Hudson;Brandon Parker;Henry Ruggs III;Derek Carr;Josh Jacobs;Denzelle Good;Gabe Jackson;Sam Young;Darren Waller;Nelson Agholor;Hunter Renfrow,00-0031956;00-0030228;00-0034954;00-0034887;00-0036420;00-0035862;00-0031795;00-0032971;00-0027872;00-0031904;00-0034368,Anthony Chickillo;A.J. Bouye;Malik Reed;Alexander Johnson;McTelvin Agim;Essang Bassey;DeShawn Williams;Justin Simmons;Kareem Jackson;Bryce Callahan;Josey Jewell
2020_10_DEN_LV,2931,pass,5.0,10.0,5.0,LV,3.0,985.0,10.0,43.0,1:25,0:42,,13.0,6.0,3.0,5.0,"3 DL, 3 LB, 5 DB",;;;;;;;;;;,11,5,4,MAN_COVERAGE,COVER_1,False,00-0027993;00-0034763;00-0036357;00-0031280;00-0035700;00-0031632;00-0031367;00-0027778;00-0031610;00-0031549;00-0034983,Rodney Hudson;Brandon Parker;Henry Ruggs III;Derek Carr;Josh Jacobs;Denzelle Good;Gabe Jackson;Sam Young;Darren Waller;Nelson Agholor;Hunter Renfrow,00-0030228;00-0034954;00-0034887;00-0036420;00-0035862;00-0031795;00-0032971;00-0027872;00-0031904;00-0034832;00-0034368,A.J. Bouye;Malik Reed;Alexander Johnson;McTelvin Agim;Essang Bassey;DeShawn Williams;Justin Simmons;Kareem Jackson;Bryce Callahan;Bradley Chubb;Josey Jewell
2020_10_DEN_LV,2955,run,5.0,5.0,0.0,LV,3.0,942.0,5.0,6.0,0:42,0:36,,19.0,6.0,1.0,5.0,"5 DL, 3 LB, 2 DB",;;;;;;;;;,10,9,,,,,00-0033891;00-0027993;00-0034763;00-0034981;00-0031280;00-0035700;00-0031632;00-0031367;00-0035125;00-0022127;00-0027778,Zay Jones;Rodney Hudson;Brandon Parker;Foster Moreau;Derek Carr;Josh Jacobs;Denzelle Good;Gabe Jackson;Alec Ingold;Jason Witten;Sam Young,00-0030577;00-0033782;00-0035678;00-0034954;00-0034887;00-0031795;00-0032971;00-0034832;00-0034368;00-0034111,Sylvester Williams;DeMarcus Walker;Dre'Mont Jones;Malik Reed;Alexander Johnson;DeShawn Williams;Justin Simmons;Bradley Chubb;Josey Jewell;Trey Marshall
2020_10_DEN_LV,2972,extra_point,0.0,15.0,15.0,LV,3.0,936.0,15.0,0.0,0:36,0:36,,20.0,6.0,,0.0,,;;;;;;;;;;,11,,,,,,00-0035190;00-0034628;00-0034161;00-0034763;00-0029119;00-0035127;00-0034981;00-0031632;00-0031367;00-0029889;00-0034198,AJ Cole;Jaryd Jones-Smith;Daniel Carlson;Brandon Parker;Derek Carrier;Andre James;Foster Moreau;Denzelle Good;Gabe Jackson;Patrick Omameh;Trent Sieg,00-0030577;00-0033782;00-0035227;00-0031258;00-0034956;00-0035678;00-0034887;00-0031795;00-0032971;00-0034368;00-0034111,Sylvester Williams;DeMarcus Walker;P.J. Locke;Jeremiah Attaochu;Josh Watson;Dre'Mont Jones;Alexander Johnson;DeShawn Williams;Justin Simmons;Josey Jewell;Trey Marshall
2020_10_DEN_LV,2988,kickoff,0.0,35.0,35.0,DEN,3.0,936.0,35.0,0.0,0:36,0:36,,20.0,6.0,,0.0,,;;;;;;;;;;,11,,,,,,00-0034161;00-0031176;00-0029119;00-0029647;00-0030196;00-0032972;00-0033461;00-0032320;00-0034726;00-0035133;00-0035693,Daniel Carlson;Nevin Lawson;Derek Carrier;Kyle Wilber;Jeff Heath;Devontae Booker;Raekwon McMillan;Erik Harris;Dallin Leavitt;Keisean Nixon;Johnathan Abram,00-0036390;00-0035227;00-0031258;00-0034956;00-0031319;00-0033452;00-0031956;00-0034744;00-0035427;00-0034838;00-0034111,Michael Ojemudia;P.J. Locke;Jeremiah Attaochu;Josh Watson;Diontae Spencer;Austin Calitro;Anthony Chickillo;Duke Dawson;Jeremy Cox;Royce Freeman;Trey Marshall
2020_10_DEN_LV,3003,run,4.0,75.0,71.0,DEN,3.0,936.0,75.0,36.0,0:36,0:00,,20.0,6.0,1.0,10.0,"4 DL, 2 LB, 5 DB",;;;;;;;;;;,11,6,,,,,00-0035704;00-0035644;00-0032395;00-0034957;00-0036407;00-0034109;00-0036391;00-0036412;00-0033375;00-0033538;00-0035702,Drew Lock;Noah Fant;Graham Glasgow;Calvin Anderson;Jerry Jeudy;Phillip Lindsay;Lloyd Cushenberry III;KJ Hamler;Tim Patrick;Garett Bolles;Dalton Risner,00-0033129;00-0031389;00-0036359;00-0033445;00-0035695;00-0031997;00-0034825;00-0030196;00-0034125;00-0032773;00-0035693,Carl Nassib;Lamarcus Joyner;Damon Arnette;Nicholas Morrow;Trayvon Mullen;David Irving;Arden Key;Jeff Heath;Kendal Vickers;Nick Kwiatkoski;Johnathan Abram
2020_10_DEN_LV,3024,start_quarter_4,,,,DEN,3.0,900.0,,0.0,0:00,0:00,,20.0,6.0,,0.0,,,0,,,,,,,,,
2020_10_DEN_LV,3043,turnover,0.0,71.0,71.0,DEN,4.0,900.0,71.0,12.0,15:00,14:48,,20.0,6.0,2.0,6.0,"4 DL, 2 LB, 5 DB",;;;;;;;;;;,11,7,5,ZONE_COVERAGE,COVER_3,True,00-0035704;00-0035644;00-0032395;00-0034957;00-0036407;00-0034109;00-0036391;00-0036412;00-0033375;00-0033538;00-0035702,Drew Lock;Noah Fant;Graham Glasgow;Calvin Anderson;Jerry Jeudy;Phillip Lindsay;Lloyd Cushenberry III;KJ Hamler;Tim Patrick;Garett Bolles;Dalton Risner,00-0033129;00-0031389;00-0036359;00-0033445;00-0035695;00-0031997;00-0034825;00-0030196;00-0034125;00-0032773;00-0035693,Carl Nassib;Lamarcus Joyner;Damon Arnette;Nicholas Morrow;Trayvon Mullen;David Irving;Arden Key;Jeff Heath;Kendal Vickers;Nick Kwiatkoski;Johnathan Abram
2020_10_DEN_LV,3069,run,1.0,11.0,10.0,LV,4.0,888.0,11.0,42.0,14:48,14:06,,20.0,6.0,1.0,10.0,"4 DL, 3 LB, 4 DB",;;;;;;;;;;,11,7,,,,,00-0027993;00-0034763;00-0034981;00-0031280;00-0032972;00-0031632;00-0031367;00-0022127;00-0027778;00-0031610;00-0031549,Rodney Hudson;Brandon Parker;Foster Moreau;Derek Carr;Devontae Booker;Denzelle Good;Gabe Jackson;Jason Witten;Sam Young;Darren Waller;Nelson Agholor,00-0033782;00-0035678;00-0030228;00-0034954;00-0034887;00-0031795;00-0032971;00-0027872;00-0031904;00-0034832;00-0034368,DeMarcus Walker;Dre'Mont Jones;A.J. Bouye;Malik Reed;Alexander Johnson;DeShawn Williams;Justin Simmons;Kareem Jackson;Bryce Callahan;Bradley Chubb;Josey Jewell
2020_10_DEN_LV,3090,pass,6.0,10.0,4.0,LV,4.0,846.0,10.0,35.0,14:06,13:31,,20.0,6.0,2.0,9.0,"3 DL, 3 LB, 5 DB",;;;;;;;;;;,11,7,4,ZONE_COVERAGE,COVER_3,False,00-0033891;00-0027993;00-0034763;00-0034981;00-0031280;00-0032972;00-0031632;00-0031367;00-0027778;00-0031549;00-0034983,Zay Jones;Rodney Hudson;Brandon Parker;Foster Moreau;Derek Carr;Devontae Booker;Denzelle Good;Gabe Jackson;Sam Young;Nelson Agholor;Hunter Renfrow,00-0033782;00-0035678;00-0030228;00-0034954;00-0034887;00-0035862;00-0032971;00-0027872;00-0031904;00-0034832;00-0034368,DeMarcus Walker;Dre'Mont Jones;A.J. Bouye;Malik Reed;Alexander Johnson;Essang Bassey;Justin Simmons;Kareem Jackson;Bryce Callahan;Bradley Chubb;Josey Jewell
2020_10_DEN_LV,3114,timeout,0.0,,,,4.0,811.0,,0.0,13:31,13:31,DEN,20.0,6.0,,0.0,,,0,,,,,,,,,
2020_10_DEN_LV,3131,pass,0.0,4.0,4.0,LV,4.0,811.0,4.0,5.0,13:31,13:26,,20.0,6.0,3.0,3.0,"5 DL, 3 LB, 3 DB",;;;;;;;;;;,11,6,5,MAN_COVERAGE,COVER_0,False,00-0027993;00-0034763;00-0034981;00-0031280;00-0035700;00-0031632;00-0031367;00-0035125;00-0022127;00-0027778;00-0031610,Rodney Hudson;Brandon Parker;Foster Moreau;Derek Carr;Josh Jacobs;Denzelle Good;Gabe Jackson;Alec Ingold;Jason Witten;Sam Young;Darren Waller,00-0030577;00-0033782;00-0034956;00-0035678;00-0034887;00-0031795;00-0032971;00-0027872;00-0034832;00-0034368;00-0034111,Sylvester Williams;DeMarcus Walker;Josh Watson;Dre'Mont Jones;Alexander Johnson;DeShawn Williams;Justin Simmons;Kareem Jackson;Bradley Chubb;Josey Jewell;Trey Marshall
2020_10_DEN_LV,3156,field_goal,0.0,4.0,4.0,LV,4.0,806.0,4.0,4.0,13:26,13:22,,23.0,6.0,4.0,3.0,,;;;;;;;;;;,11,,,,,,00-0035190;00-0034628;00-0034161;00-0034763;00-0029119;00-0035127;00-0034981;00-0031632;00-0031367;00-0029889;00-0034198,AJ Cole;Jaryd Jones-Smith;Daniel Carlson;Brandon Parker;Derek Carrier;Andre James;Foster Moreau;Denzelle Good;Gabe Jackson;Patrick Omameh;Trent Sieg,00-0030577;00-0033782;00-0035227;00-0031258;00-0034956;00-0035678;00-0034887;00-0031795;00-0032971;00-0034368;00-0034111,Sylvester Williams;DeMarcus Walker;P.J. Locke;Jeremiah Attaochu;Josh Watson;Dre'Mont Jones;Alexander Johnson;DeShawn Williams;Justin Simmons;Josey Jewell;Trey Marshall
2020_10_DEN_LV,3175,kickoff,0.0,35.0,35.0,DEN,4.0,802.0,35.0,0.0,13:22,13:22,,23.0,6.0,,0.0,,;;;;;;;;;;,11,,,,,,00-0034161;00-0031176;00-0029119;00-0029647;00-0030196;00-0032972;00-0033461;00-0032320;00-0034726;00-0035133;00-0035693,Daniel Carlson;Nevin Lawson;Derek Carrier;Kyle Wilber;Jeff Heath;Devontae Booker;Raekwon McMillan;Erik Harris;Dallin Leavitt;Keisean Nixon;Johnathan Abram,00-0036390;00-0035227;00-0031258;00-0034956;00-0031319;00-0033452;00-0031956;00-0034744;00-0035427;00-0034838;00-0034111,Michael Ojemudia;P.J. Locke;Jeremiah Attaochu;Josh Watson;Diontae Spencer;Austin Calitro;Anthony Chickillo;Duke Dawson;Jeremy Cox;Royce Freeman;Trey Marshall
2020_10_DEN_LV,3193,pass,0.0,75.0,75.0,DEN,4.0,802.0,75.0,8.0,13:22,13:14,,23.0,6.0,1.0,10.0,"4 DL, 2 LB, 5 DB",;;;;;;;;;;,11,6,4,ZONE_COVERAGE,COVER_4,False,00-0035704;00-0035644;00-0032395;00-0034957;00-0036407;00-0036391;00-0036412;00-0033375;00-0032144;00-0033538;00-0035702,Drew Lock;Noah Fant;Graham Glasgow;Calvin Anderson;Jerry Jeudy;Lloyd Cushenberry III;KJ Hamler;Tim Patrick;Melvin Gordon;Garett Bolles;Dalton Risner,00-0034973;00-0031389;00-0036359;00-0033445;00-0035695;00-0033131;00-0035692;00-0030063;00-0032320;00-0032773;00-0035693,Maxx Crosby;Lamarcus Joyner;Damon Arnette;Nicholas Morrow;Trayvon Mullen;Maliek Collins;Clelin Ferrell;Johnathan Hankins;Erik Harris;Nick Kwiatkoski;Johnathan Abram
2020_10_DEN_LV,3215,pass,0.0,75.0,75.0,DEN,4.0,794.0,75.0,5.0,13:14,13:09,,23.0,6.0,2.0,10.0,"4 DL, 2 LB, 5 DB",;;;;;;;;;;,11,7,4,ZONE_COVERAGE,COVER_2,True,00-0035704;00-0035644;00-0032395;00-0034957;00-0036407;00-0036391;00-0036412;00-0033375;00-0032144;00-0033538;00-0035702,Drew Lock;Noah Fant;Graham Glasgow;Calvin Anderson;Jerry Jeudy;Lloyd Cushenberry III;KJ Hamler;Tim Patrick;Melvin Gordon;Garett Bolles;Dalton Risner,00-0034973;00-0031389;00-0036359;00-0033445;00-0035695;00-0033131;00-0035692;00-0030063;00-0032320;00-0032773;00-0035693,Maxx Crosby;Lamarcus Joyner;Damon Arnette;Nicholas Morrow;Trayvon Mullen;Maliek Collins;Clelin Ferrell;Johnathan Hankins;Erik Harris;Nick Kwiatkoski;Johnathan Abram
2020_10_DEN_LV,3237,no_play,,75.0,,DEN,4.0,789.0,75.0,4.0,13:09,13:05,,23.0,6.0,3.0,10.0,"4 DL, 1 LB, 6 DB",;;;;;;;;;;,11,5,,,,,00-0035704;00-0032395;00-0034957;00-0036407;00-0036391;00-0036412;00-0033375;00-0032144;00-0033538;00-0034393;00-0035702,Drew Lock;Graham Glasgow;Calvin Anderson;Jerry Jeudy;Lloyd Cushenberry III;KJ Hamler;Tim Patrick;Melvin Gordon;Garett Bolles;Troy Fumagalli;Dalton Risner,00-0033129;00-0034973;00-0031389;00-0036359;00-0033445;00-0035695;00-0033131;00-0035692;00-0034980;00-0032320;00-0035693,Carl Nassib;Maxx Crosby;Lamarcus Joyner;Damon Arnette;Nicholas Morrow;Trayvon Mullen;Maliek Collins;Clelin Ferrell;Isaiah Johnson;Erik Harris;Johnathan Abram
2020_10_DEN_LV,3270,no_play,0.0,75.0,75.0,DEN,4.0,785.0,75.0,0.0,13:05,13:05,,23.0,6.0,3.0,10.0,"4 DL, 2 LB, 5 DB",;;;;;;;;;;,11,,,,,,00-0035704;00-0032395;00-0035644;00-0034957;00-0036407;00-0036412;00-0036391;00-0034370;00-0032144;00-0033538;00-0035702,Drew Lock;Graham Glasgow;Noah Fant;Calvin Anderson;Jerry Jeudy;KJ Hamler;Lloyd Cushenberry III;DaeSean Hamilton;Melvin Gordon;Garett Bolles;Dalton Risner,00-0034973;00-0033129;00-0031389;00-0036359;00-0033445;00-0035695;00-0033131;00-0035692;00-0032320;00-0032773;00-0035693,Maxx Crosby;Carl Nassib;Lamarcus Joyner;Damon Arnette;Nicholas Morrow;Trayvon Mullen;Maliek Collins;Clelin Ferrell;Erik Harris;Nick Kwiatkoski;Johnathan Abram
2020_10_DEN_LV,3293,pass,0.0,80.0,80.0,DEN,4.0,785.0,80.0,4.0,13:05,13:01,,23.0,6.0,3.0,15.0,"4 DL, 2 LB, 5 DB",;;;;;;;;;;,11,7,5,ZONE_COVERAGE,COVER_3,True,00-0035704;00-0035644;00-0032395;00-0034957;00-0036407;00-0034370;00-0036391;00-0036412;00-0032144;00-0033538;00-0035702,Drew Lock;Noah Fant;Graham Glasgow;Calvin Anderson;Jerry Jeudy;DaeSean Hamilton;Lloyd Cushenberry III;KJ Hamler;Melvin Gordon;Garett Bolles;Dalton Risner,00-0034973;00-0033129;00-0031389;00-0036359;00-0033445;00-0035695;00-0033131;00-0035692;00-0032320;00-0032773;00-0035693,Maxx Crosby;Carl Nassib;Lamarcus Joyner;Damon Arnette;Nicholas Morrow;Trayvon Mullen;Maliek Collins;Clelin Ferrell;Erik Harris;Nick Kwiatkoski;Johnathan Abram
2020_10_DEN_LV,3315,punt,0.0,80.0,80.0,DEN,4.0,781.0,80.0,11.0,13:01,12:50,,23.0,6.0,4.0,15.0,,;;;;;;;;;;,11,,,,,,00-0035227;00-0031258;00-0034956;00-0033452;00-0034388;00-0034954;00-0035757;00-0035427;00-0030092;00-0034838;00-0034111,P.J. Locke;Jeremiah Attaochu;Josh Watson;Austin Calitro;Davontae Harris;Malik Reed;Jacob Bobenmoyer;Jeremy Cox;Sam Martin;Royce Freeman;Trey Marshall,00-0031176;00-0029119;00-0029647;00-0034981;00-0030196;00-0033461;00-0032320;00-0034726;00-0035133;00-0035693;00-0034983,Nevin Lawson;Derek Carrier;Kyle Wilber;Foster Moreau;Jeff Heath;Raekwon McMillan;Erik Harris;Dallin Leavitt;Keisean Nixon;Johnathan Abram;Hunter Renfrow
2020_10_DEN_LV,3340,no_play,0.0,48.0,48.0,LV,4.0,770.0,48.0,22.0,12:50,12:28,,23.0,6.0,1.0,10.0,"3 DL, 4 LB, 4 DB",;;;;;;;;;;,11,7,,,,,00-0036365;00-0027993;00-0034763;00-0034981;00-0031280;00-0035700;00-0031632;00-0031367;00-0022127;00-0029889;00-0031610,Bryan Edwards;Rodney Hudson;Brandon Parker;Foster Moreau;Derek Carr;Josh Jacobs;Denzelle Good;Gabe Jackson;Jason Witten;Patrick Omameh;Darren Waller,00-0030577;00-0031258;00-0031956;00-0030228;00-0036420;00-0034887;00-0031795;00-0032971;00-0027872;00-0031904;00-0034368,Sylvester Williams;Jeremiah Attaochu;Anthony Chickillo;A.J. Bouye;McTelvin Agim;Alexander Johnson;DeShawn Williams;Justin Simmons;Kareem Jackson;Bryce Callahan;Josey Jewell
2020_10_DEN_LV,3372,run,1.0,53.0,52.0,LV,4.0,748.0,53.0,45.0,12:28,11:43,,23.0,6.0,1.0,15.0,"3 DL, 4 LB, 4 DB",;;;;;;;;;;,11,6,,,,,00-0033891;00-0036365;00-0027993;00-0034763;00-0031280;00-0035700;00-0031632;00-0031367;00-0022127;00-0029889;00-0031610,Zay Jones;Bryan Edwards;Rodney Hudson;Brandon Parker;Derek Carr;Josh Jacobs;Denzelle Good;Gabe Jackson;Jason Witten;Patrick Omameh;Darren Waller,00-0030577;00-0031258;00-0030228;00-0031956;00-0036420;00-0034887;00-0031795;00-0032971;00-0027872;00-0031904;00-0034368,Sylvester Williams;Jeremiah Attaochu;A.J. Bouye;Anthony Chickillo;McTelvin Agim;Alexander Johnson;DeShawn Williams;Justin Simmons;Kareem Jackson;Bryce Callahan;Josey Jewell
2020_10_DEN_LV,3393,run,4.0,52.0,48.0,LV,4.0,703.0,52.0,43.0,11:43,11:00,,23.0,6.0,2.0,14.0,"3 DL, 4 LB, 4 DB",;;;;;;;;;;,11,7,,,,,00-0033891;00-0027993;00-0034763;00-0034981;00-0031280;00-0035700;00-0031632;00-0031367;00-0022127;00-0029889;00-0031610,Zay Jones;Rodney Hudson;Brandon Parker;Foster Moreau;Derek Carr;Josh Jacobs;Denzelle Good;Gabe Jackson;Jason Witten;Patrick Omameh;Darren Waller,00-0030577;00-0031258;00-0030228;00-0031956;00-0036420;00-0034887;00-0031795;00-0032971;00-0027872;00-0031904;00-0034368,Sylvester Williams;Jeremiah Attaochu;A.J. Bouye;Anthony Chickillo;McTelvin Agim;Alexander Johnson;DeShawn Williams;Justin Simmons;Kareem Jackson;Bryce Callahan;Josey Jewell
2020_10_DEN_LV,3414,run,5.0,48.0,43.0,LV,4.0,660.0,48.0,41.0,11:00,10:19,,23.0,6.0,3.0,10.0,"3 DL, 3 LB, 5 DB",;;;;;;;;;;,11,6,,,,,00-0036365;00-0027993;00-0034763;00-0036357;00-0031280;00-0035700;00-0031632;00-0031367;00-0029889;00-0031610;00-0034983,Bryan Edwards;Rodney Hudson;Brandon Parker;Henry Ruggs III;Derek Carr;Josh Jacobs;Denzelle Good;Gabe Jackson;Patrick Omameh;Darren Waller;Hunter Renfrow,00-0033782;00-0035678;00-0030228;00-0034954;00-0034887;00-0035862;00-0032971;00-0027872;00-0031904;00-0034832;00-0034368,DeMarcus Walker;Dre'Mont Jones;A.J. Bouye;Malik Reed;Alexander Johnson;Essang Bassey;Justin Simmons;Kareem Jackson;Bryce Callahan;Bradley Chubb;Josey Jewell
2020_10_DEN_LV,3435,punt,0.0,43.0,43.0,LV,4.0,619.0,43.0,6.0,10:19,10:13,,23.0,6.0,4.0,5.0,,;;;;;;;;;;,11,,,,,,00-0035190;00-0029119;00-0029647;00-0033445;00-0034981;00-0030196;00-0033461;00-0034726;00-0035125;00-0035133;00-0034198,AJ Cole;Derek Carrier;Kyle Wilber;Nicholas Morrow;Foster Moreau;Jeff Heath;Raekwon McMillan;Dallin Leavitt;Alec Ingold;Keisean Nixon;Trent Sieg,00-0036390;00-0035227;00-0031258;00-0034956;00-0031319;00-0033452;00-0034388;00-0031956;00-0034954;00-0031795;00-0034111,Michael Ojemudia;P.J. Locke;Jeremiah Attaochu;Josh Watson;Diontae Spencer;Austin Calitro;Davontae Harris;Anthony Chickillo;Malik Reed;DeShawn Williams;Trey Marshall
2020_10_DEN_LV,3454,turnover,6.0,93.0,87.0,DEN,4.0,613.0,93.0,8.0,10:13,10:05,,23.0,6.0,1.0,10.0,"4 DL, 2 LB, 5 DB",;;;;;;;;;;,11,6,4,ZONE_COVERAGE,COVER_2,False,00-0033538;00-0034370;00-0036412;00-0036407;00-0036391;00-0035702;00-0035704;00-0032395;00-0035644;00-0034957;00-0034109,Garett Bolles;DaeSean Hamilton;KJ Hamler;Jerry Jeudy;Lloyd Cushenberry III;Dalton Risner;Drew Lock;Graham Glasgow;Noah Fant;Calvin Anderson;Phillip Lindsay,00-0033445;00-0035693;00-0032320;00-0032773;00-0034825;00-0035695;00-0034973;00-0031176;00-0031389;00-0033131;00-0030063,Nicholas Morrow;Johnathan Abram;Erik Harris;Nick Kwiatkoski;Arden Key;Trayvon Mullen;Maxx Crosby;Nevin Lawson;Lamarcus Joyner;Maliek Collins;Johnathan Hankins
2020_10_DEN_LV,3495,run,7.0,7.0,0.0,LV,4.0,605.0,7.0,5.0,10:05,10:00,,29.0,6.0,1.0,7.0,"5 DL, 2 LB, 4 DB",;;;;;;;;;;,11,8,,,,,00-0033891;00-0036365;00-0027993;00-0034763;00-0031280;00-0032972;00-0031632;00-0031367;00-0022127;00-0029889;00-0031610,Zay Jones;Bryan Edwards;Rodney Hudson;Brandon Parker;Derek Carr;Devontae Booker;Denzelle Good;Gabe Jackson;Jason Witten;Patrick Omameh;Darren Waller,00-0030577;00-0033782;00-0035678;00-0030228;00-0034954;00-0034887;00-0031795;00-0032971;00-0027872;00-0031904;00-0034832,Sylvester Williams;DeMarcus Walker;Dre'Mont Jones;A.J. Bouye;Malik Reed;Alexander Johnson;DeShawn Williams;Justin Simmons;Kareem Jackson;Bryce Callahan;Bradley Chubb
2020_10_DEN_LV,3512,extra_point,0.0,15.0,15.0,LV,4.0,600.0,15.0,0.0,10:00,10:00,,30.0,6.0,,0.0,,;;;;;;;;;;,11,,,,,,00-0035190;00-0034628;00-0034161;00-0034763;00-0029119;00-0035127;00-0034981;00-0031632;00-0031367;00-0029889;00-0034198,AJ Cole;Jaryd Jones-Smith;Daniel Carlson;Brandon Parker;Derek Carrier;Andre James;Foster Moreau;Denzelle Good;Gabe Jackson;Patrick Omameh;Trent Sieg,00-0030577;00-0033782;00-0035227;00-0031258;00-0034956;00-0035678;00-0034887;00-0031795;00-0032971;00-0034368;00-0034111,Sylvester Williams;DeMarcus Walker;P.J. Locke;Jeremiah Attaochu;Josh Watson;Dre'Mont Jones;Alexander Johnson;DeShawn Williams;Justin Simmons;Josey Jewell;Trey Marshall
2020_10_DEN_LV,3528,kickoff,0.0,35.0,35.0,DEN,4.0,600.0,35.0,0.0,10:00,10:00,,30.0,6.0,,0.0,,;;;;;;;;;;,11,,,,,,00-0034161;00-0031176;00-0029119;00-0029647;00-0030196;00-0032972;00-0033461;00-0032320;00-0034726;00-0035133;00-0035693,Daniel Carlson;Nevin Lawson;Derek Carrier;Kyle Wilber;Jeff Heath;Devontae Booker;Raekwon McMillan;Erik Harris;Dallin Leavitt;Keisean Nixon;Johnathan Abram,00-0036390;00-0035227;00-0031258;00-0034956;00-0031319;00-0033452;00-0031956;00-0034744;00-0035427;00-0034838;00-0034111,Michael Ojemudia;P.J. Locke;Jeremiah Attaochu;Josh Watson;Diontae Spencer;Austin Calitro;Anthony Chickillo;Duke Dawson;Jeremy Cox;Royce Freeman;Trey Marshall
2020_10_DEN_LV,3543,pass,7.0,75.0,68.0,DEN,4.0,600.0,75.0,31.0,10:00,9:29,,30.0,6.0,1.0,10.0,"4 DL, 2 LB, 5 DB",;;;;;;;;;;,11,6,4,ZONE_COVERAGE,COVER_4,False,00-0035704;00-0035644;00-0032395;00-0034957;00-0036407;00-0034370;00-0036391;00-0036412;00-0032144;00-0033538;00-0035702,Drew Lock;Noah Fant;Graham Glasgow;Calvin Anderson;Jerry Jeudy;DaeSean Hamilton;Lloyd Cushenberry III;KJ Hamler;Melvin Gordon;Garett Bolles;Dalton Risner,00-0034973;00-0031176;00-0036359;00-0033445;00-0035695;00-0034825;00-0033131;00-0035692;00-0032320;00-0032773;00-0035693,Maxx Crosby;Nevin Lawson;Damon Arnette;Nicholas Morrow;Trayvon Mullen;Arden Key;Maliek Collins;Clelin Ferrell;Erik Harris;Nick Kwiatkoski;Johnathan Abram
2020_10_DEN_LV,3571,pass,11.0,68.0,57.0,DEN,4.0,569.0,68.0,23.0,9:29,9:06,,30.0,6.0,2.0,3.0,"4 DL, 2 LB, 5 DB",;;;;;;;;;;,11,7,4,ZONE_COVERAGE,COVER_3,False,00-0035704;00-0035644;00-0032395;00-0034957;00-0036407;00-0034370;00-0036391;00-0036412;00-0032144;00-0033538;00-0035702,Drew Lock;Noah Fant;Graham Glasgow;Calvin Anderson;Jerry Jeudy;DaeSean Hamilton;Lloyd Cushenberry III;KJ Hamler;Melvin Gordon;Garett Bolles;Dalton Risner,00-0034973;00-0031176;00-0036359;00-0033445;00-0035695;00-0034825;00-0033131;00-0035692;00-0032320;00-0032773;00-0035693,Maxx Crosby;Nevin Lawson;Damon Arnette;Nicholas Morrow;Trayvon Mullen;Arden Key;Maliek Collins;Clelin Ferrell;Erik Harris;Nick Kwiatkoski;Johnathan Abram
2020_10_DEN_LV,3595,no_play,0.0,57.0,57.0,DEN,4.0,546.0,57.0,3.0,9:06,9:03,,30.0,6.0,1.0,10.0,"4 DL, 2 LB, 5 DB",;;;;;;;;;;,11,5,,,,,00-0035704;00-0035644;00-0032395;00-0034957;00-0036407;00-0034370;00-0036391;00-0036412;00-0032144;00-0033538;00-0035702,Drew Lock;Noah Fant;Graham Glasgow;Calvin Anderson;Jerry Jeudy;DaeSean Hamilton;Lloyd Cushenberry III;KJ Hamler;Melvin Gordon;Garett Bolles;Dalton Risner,00-0034973;00-0031176;00-0036359;00-0033445;00-0035695;00-0031997;00-0034825;00-0034125;00-0032320;00-0032773;00-0035693,Maxx Crosby;Nevin Lawson;Damon Arnette;Nicholas Morrow;Trayvon Mullen;David Irving;Arden Key;Kendal Vickers;Erik Harris;Nick Kwiatkoski;Johnathan Abram
2020_10_DEN_LV,3628,run,11.0,42.0,31.0,DEN,4.0,543.0,42.0,24.0,9:03,8:39,,30.0,6.0,1.0,10.0,"4 DL, 2 LB, 5 DB",;;;;;;;;;;,11,6,,,,,00-0035704;00-0035644;00-0032395;00-0034957;00-0036407;00-0034370;00-0036412;00-0036391;00-0032144;00-0033538;00-0035702,Drew Lock;Noah Fant;Graham Glasgow;Calvin Anderson;Jerry Jeudy;DaeSean Hamilton;KJ Hamler;Lloyd Cushenberry III;Melvin Gordon;Garett Bolles;Dalton Risner,00-0034973;00-0031176;00-0036359;00-0033445;00-0035695;00-0031997;00-0034825;00-0034125;00-0032320;00-0032773;00-0035693,Maxx Crosby;Nevin Lawson;Damon Arnette;Nicholas Morrow;Trayvon Mullen;David Irving;Arden Key;Kendal Vickers;Erik Harris;Nick Kwiatkoski;Johnathan Abram
2020_10_DEN_LV,3649,pass,0.0,31.0,31.0,DEN,4.0,519.0,31.0,3.0,8:39,8:36,,30.0,6.0,1.0,10.0,"4 DL, 2 LB, 5 DB",;;;;;;;;;;,11,5,4,ZONE_COVERAGE,COVER_2,False,00-0035704;00-0035644;00-0032395;00-0034957;00-0036407;00-0034370;00-0036391;00-0036412;00-0032144;00-0033538;00-0035702,Drew Lock;Noah Fant;Graham Glasgow;Calvin Anderson;Jerry Jeudy;DaeSean Hamilton;Lloyd Cushenberry III;KJ Hamler;Melvin Gordon;Garett Bolles;Dalton Risner,00-0034973;00-0031176;00-0036359;00-0033445;00-0035695;00-0031997;00-0034825;00-0034125;00-0032320;00-0032773;00-0035693,Maxx Crosby;Nevin Lawson;Damon Arnette;Nicholas Morrow;Trayvon Mullen;David Irving;Arden Key;Kendal Vickers;Erik Harris;Nick Kwiatkoski;Johnathan Abram
2020_10_DEN_LV,3671,pass,0.0,31.0,31.0,DEN,4.0,516.0,31.0,6.0,8:36,8:30,,30.0,6.0,2.0,10.0,"4 DL, 2 LB, 5 DB",;;;;;;;;;;,11,6,4,MAN_COVERAGE,COVER_1,False,00-0035704;00-0032395;00-0034957;00-0036407;00-0034370;00-0036391;00-0036412;00-0032144;00-0033538;00-0034393;00-0035702,Drew Lock;Graham Glasgow;Calvin Anderson;Jerry Jeudy;DaeSean Hamilton;Lloyd Cushenberry III;KJ Hamler;Melvin Gordon;Garett Bolles;Troy Fumagalli;Dalton Risner,00-0033129;00-0031176;00-0036359;00-0033445;00-0035695;00-0034825;00-0033131;00-0035692;00-0032320;00-0032773;00-0035693,Carl Nassib;Nevin Lawson;Damon Arnette;Nicholas Morrow;Trayvon Mullen;Arden Key;Maliek Collins;Clelin Ferrell;Erik Harris;Nick Kwiatkoski;Johnathan Abram
2020_10_DEN_LV,3693,pass,13.0,31.0,18.0,DEN,4.0,510.0,31.0,31.0,8:30,7:59,,30.0,6.0,3.0,10.0,"4 DL, 2 LB, 5 DB",;;;;;;;;;;,11,6,3,MAN_COVERAGE,COVER_1,False,00-0035704;00-0032395;00-0034957;00-0036407;00-0036391;00-0034370;00-0036412;00-0032144;00-0033538;00-0034393;00-0035702,Drew Lock;Graham Glasgow;Calvin Anderson;Jerry Jeudy;Lloyd Cushenberry III;DaeSean Hamilton;KJ Hamler;Melvin Gordon;Garett Bolles;Troy Fumagalli;Dalton Risner,00-0034973;00-0033129;00-0031176;00-0036359;00-0033445;00-0035695;00-0033131;00-0035692;00-0032320;00-0032773;00-0035693,Maxx Crosby;Carl Nassib;Nevin Lawson;Damon Arnette;Nicholas Morrow;Trayvon Mullen;Maliek Collins;Clelin Ferrell;Erik Harris;Nick Kwiatkoski;Johnathan Abram
2020_10_DEN_LV,3717,pass,8.0,18.0,10.0,DEN,4.0,479.0,18.0,22.0,7:59,7:37,,30.0,6.0,1.0,10.0,"4 DL, 2 LB, 5 DB",;;;;;;;;;;,11,6,4,ZONE_COVERAGE,COVER_2,False,00-0035704;00-0032395;00-0034957;00-0036407;00-0034370;00-0036391;00-0036412;00-0032144;00-0033538;00-0034393;00-0035702,Drew Lock;Graham Glasgow;Calvin Anderson;Jerry Jeudy;DaeSean Hamilton;Lloyd Cushenberry III;KJ Hamler;Melvin Gordon;Garett Bolles;Troy Fumagalli;Dalton Risner,00-0034973;00-0033129;00-0031176;00-0036359;00-0033445;00-0035695;00-0033131;00-0035692;00-0032320;00-0032773;00-0035693,Maxx Crosby;Carl Nassib;Nevin Lawson;Damon Arnette;Nicholas Morrow;Trayvon Mullen;Maliek Collins;Clelin Ferrell;Erik Harris;Nick Kwiatkoski;Johnathan Abram
2020_10_DEN_LV,3741,pass,4.0,10.0,6.0,DEN,4.0,457.0,10.0,35.0,7:37,7:02,,30.0,6.0,2.0,2.0,"4 DL, 2 LB, 5 DB",;;;;;;;;;;,11,6,4,ZONE_COVERAGE,COVER_4,True,00-0035704;00-0032395;00-0034957;00-0036407;00-0036391;00-0036412;00-0034370;00-0032144;00-0033538;00-0034393;00-0035702,Drew Lock;Graham Glasgow;Calvin Anderson;Jerry Jeudy;Lloyd Cushenberry III;KJ Hamler;DaeSean Hamilton;Melvin Gordon;Garett Bolles;Troy Fumagalli;Dalton Risner,00-0034973;00-0033129;00-0031176;00-0036359;00-0033445;00-0035695;00-0033131;00-0035692;00-0032320;00-0032773;00-0035693,Maxx Crosby;Carl Nassib;Nevin Lawson;Damon Arnette;Nicholas Morrow;Trayvon Mullen;Maliek Collins;Clelin Ferrell;Erik Harris;Nick Kwiatkoski;Johnathan Abram
2020_10_DEN_LV,3776,pass,0.0,6.0,6.0,DEN,4.0,422.0,6.0,4.0,7:02,6:58,,30.0,6.0,1.0,6.0,"4 DL, 2 LB, 5 DB",;;;;;;;;;;,11,6,4,MAN_COVERAGE,COVER_0,False,00-0035704;00-0035644;00-0032395;00-0034957;00-0036407;00-0036391;00-0034370;00-0036412;00-0032144;00-0033538;00-0035702,Drew Lock;Noah Fant;Graham Glasgow;Calvin Anderson;Jerry Jeudy;Lloyd Cushenberry III;DaeSean Hamilton;KJ Hamler;Melvin Gordon;Garett Bolles;Dalton Risner,00-0034973;00-0033129;00-0031389;00-0031176;00-0033445;00-0035695;00-0034125;00-0030063;00-0032320;00-0032773;00-0035693,Maxx Crosby;Carl Nassib;Lamarcus Joyner;Nevin Lawson;Nicholas Morrow;Trayvon Mullen;Kendal Vickers;Johnathan Hankins;Erik Harris;Nick Kwiatkoski;Johnathan Abram
2020_10_DEN_LV,3800,pass,0.0,6.0,6.0,DEN,4.0,418.0,6.0,3.0,6:58,6:55,,30.0,6.0,2.0,6.0,"4 DL, 2 LB, 5 DB",;;;;;;;;;;,11,7,4,MAN_COVERAGE,COVER_1,False,00-0035704;00-0035644;00-0032395;00-0034957;00-0036407;00-0034109;00-0036391;00-0036412;00-0034370;00-0033538;00-0035702,Drew Lock;Noah Fant;Graham Glasgow;Calvin Anderson;Jerry Jeudy;Phillip Lindsay;Lloyd Cushenberry III;KJ Hamler;DaeSean Hamilton;Garett Bolles;Dalton Risner,00-0034973;00-0033129;00-0031389;00-0031176;00-0033445;00-0035695;00-0034125;00-0030063;00-0032320;00-0032773;00-0035693,Maxx Crosby;Carl Nassib;Lamarcus Joyner;Nevin Lawson;Nicholas Morrow;Trayvon Mullen;Kendal Vickers;Johnathan Hankins;Erik Harris;Nick Kwiatkoski;Johnathan Abram
2020_10_DEN_LV,3823,pass,-1.0,6.0,7.0,DEN,4.0,415.0,6.0,40.0,6:55,6:15,,30.0,6.0,3.0,6.0,"4 DL, 2 LB, 5 DB",;;;;;;;;;;,11,7,4,,,,00-0035704;00-0035644;00-0032395;00-0034957;00-0036407;00-0034109;00-0036391;00-0034370;00-0036412;00-0033538;00-0035702,Drew Lock;Noah Fant;Graham Glasgow;Calvin Anderson;Jerry Jeudy;Phillip Lindsay;Lloyd Cushenberry III;DaeSean Hamilton;KJ Hamler;Garett Bolles;Dalton Risner,00-0034973;00-0033129;00-0031389;00-0031176;00-0033445;00-0035695;00-0034125;00-0030063;00-0032320;00-0032773;00-0035693,Maxx Crosby;Carl Nassib;Lamarcus Joyner;Nevin Lawson;Nicholas Morrow;Trayvon Mullen;Kendal Vickers;Johnathan Hankins;Erik Harris;Nick Kwiatkoski;Johnathan Abram
2020_10_DEN_LV,3842,pass,7.0,7.0,0.0,DEN,4.0,375.0,7.0,5.0,6:15,6:10,,30.0,12.0,4.0,7.0,"4 DL, 2 LB, 5 DB",;;;;;;;;;;,11,6,4,ZONE_COVERAGE,COVER_4,False,00-0035704;00-0035644;00-0032395;00-0034957;00-0036407;00-0034109;00-0034370;00-0036391;00-0036412;00-0033538;00-0035702,Drew Lock;Noah Fant;Graham Glasgow;Calvin Anderson;Jerry Jeudy;Phillip Lindsay;DaeSean Hamilton;Lloyd Cushenberry III;KJ Hamler;Garett Bolles;Dalton Risner,00-0034973;00-0033129;00-0031389;00-0031176;00-0033445;00-0035695;00-0034125;00-0030063;00-0032320;00-0032773;00-0035693,Maxx Crosby;Carl Nassib;Lamarcus Joyner;Nevin Lawson;Nicholas Morrow;Trayvon Mullen;Kendal Vickers;Johnathan Hankins;Erik Harris;Nick Kwiatkoski;Johnathan Abram
2020_10_DEN_LV,3862,pass,0.0,2.0,2.0,DEN,4.0,370.0,2.0,0.0,6:10,6:10,,30.0,12.0,,0.0,"4 DL, 2 LB, 5 DB",;;;;;;;;;;,11,7,,,,,00-0035704;00-0035644;00-0031319;00-0032395;00-0034957;00-0036407;00-0034109;00-0036391;00-0033538;00-0035702;00-0032394,Drew Lock;Noah Fant;Diontae Spencer;Graham Glasgow;Calvin Anderson;Jerry Jeudy;Phillip Lindsay;Lloyd Cushenberry III;Garett Bolles;Dalton Risner;Nick Vannett,00-0034973;00-0031389;00-0031176;00-0033445;00-0035695;00-0034825;00-0033131;00-0030063;00-0032320;00-0032773;00-0035693,Maxx Crosby;Lamarcus Joyner;Nevin Lawson;Nicholas Morrow;Trayvon Mullen;Arden Key;Maliek Collins;Johnathan Hankins;Erik Harris;Nick Kwiatkoski;Johnathan Abram
2020_10_DEN_LV,3876,kickoff,0.0,35.0,35.0,LV,4.0,370.0,35.0,1.0,6:10,6:09,,30.0,12.0,,0.0,,;;;;;;;;;;,11,,,,,,00-0036390;00-0035227;00-0034956;00-0033452;00-0035862;00-0029822;00-0034744;00-0035427;00-0034838;00-0034368;00-0034111,Michael Ojemudia;P.J. Locke;Josh Watson;Austin Calitro;Essang Bassey;Brandon McManus;Duke Dawson;Jeremy Cox;Royce Freeman;Josey Jewell;Trey Marshall,00-0029119;00-0036357;00-0033445;00-0034981;00-0030196;00-0032320;00-0034726;00-0022127;00-0032773;00-0031610;00-0034983,Derek Carrier;Henry Ruggs III;Nicholas Morrow;Foster Moreau;Jeff Heath;Erik Harris;Dallin Leavitt;Jason Witten;Nick Kwiatkoski;Darren Waller;Hunter Renfrow
2020_10_DEN_LV,3898,run,3.0,48.0,45.0,LV,4.0,369.0,48.0,37.0,6:09,5:32,,30.0,12.0,1.0,10.0,"3 DL, 4 LB, 4 DB",;;;;;;;;;;,11,7,,,,,00-0036365;00-0027993;00-0034763;00-0034981;00-0031280;00-0032972;00-0031632;00-0031367;00-0022127;00-0029889;00-0031610,Bryan Edwards;Rodney Hudson;Brandon Parker;Foster Moreau;Derek Carr;Devontae Booker;Denzelle Good;Gabe Jackson;Jason Witten;Patrick Omameh;Darren Waller,00-0030577;00-0033782;00-0031258;00-0031956;00-0030228;00-0036420;00-0034887;00-0032971;00-0027872;00-0031904;00-0034368,Sylvester Williams;DeMarcus Walker;Jeremiah Attaochu;Anthony Chickillo;A.J. Bouye;McTelvin Agim;Alexander Johnson;Justin Simmons;Kareem Jackson;Bryce Callahan;Josey Jewell
2020_10_DEN_LV,3919,run,1.0,45.0,44.0,LV,4.0,332.0,45.0,44.0,5:32,4:48,,30.0,12.0,2.0,7.0,"4 DL, 3 LB, 4 DB",;;;;;;;;;;,11,8,,,,,00-0036365;00-0027993;00-0034763;00-0034981;00-0031280;00-0032972;00-0031632;00-0031367;00-0022127;00-0029889;00-0031610,Bryan Edwards;Rodney Hudson;Brandon Parker;Foster Moreau;Derek Carr;Devontae Booker;Denzelle Good;Gabe Jackson;Jason Witten;Patrick Omameh;Darren Waller,00-0030577;00-0033782;00-0031258;00-0035678;00-0030228;00-0031956;00-0036420;00-0034887;00-0032971;00-0027872;00-0031904,Sylvester Williams;DeMarcus Walker;Jeremiah Attaochu;Dre'Mont Jones;A.J. Bouye;Anthony Chickillo;McTelvin Agim;Alexander Johnson;Justin Simmons;Kareem Jackson;Bryce Callahan
2020_10_DEN_LV,3940,timeout,0.0,,,,4.0,288.0,,0.0,4:48,4:48,LV,30.0,12.0,,0.0,,,0,,,,,,,,,
2020_10_DEN_LV,3957,run,8.0,44.0,36.0,LV,4.0,288.0,44.0,45.0,4:48,4:03,,30.0,12.0,3.0,6.0,"3 DL, 4 LB, 4 DB",;;;;;;;;;;,11,7,,,,,00-0036365;00-0027993;00-0034763;00-0034981;00-0031280;00-0032972;00-0031632;00-0031367;00-0022127;00-0029889;00-0031610,Bryan Edwards;Rodney Hudson;Brandon Parker;Foster Moreau;Derek Carr;Devontae Booker;Denzelle Good;Gabe Jackson;Jason Witten;Patrick Omameh;Darren Waller,00-0030577;00-0031258;00-0035678;00-0030228;00-0031956;00-0036420;00-0034887;00-0032971;00-0027872;00-0031904;00-0034368,Sylvester Williams;Jeremiah Attaochu;Dre'Mont Jones;A.J. Bouye;Anthony Chickillo;McTelvin Agim;Alexander Johnson;Justin Simmons;Kareem Jackson;Bryce Callahan;Josey Jewell
2020_10_DEN_LV,3978,run,2.0,36.0,34.0,LV,4.0,243.0,36.0,43.0,4:03,3:20,,30.0,12.0,1.0,10.0,"4 DL, 3 LB, 4 DB",;;;;;;;;;;,11,8,,,,,00-0036365;00-0027993;00-0034763;00-0034981;00-0031280;00-0032972;00-0031632;00-0031367;00-0022127;00-0029889;00-0031610,Bryan Edwards;Rodney Hudson;Brandon Parker;Foster Moreau;Derek Carr;Devontae Booker;Denzelle Good;Gabe Jackson;Jason Witten;Patrick Omameh;Darren Waller,00-0030577;00-0033782;00-0031258;00-0035678;00-0030228;00-0031956;00-0034887;00-0036420;00-0032971;00-0027872;00-0031904,Sylvester Williams;DeMarcus Walker;Jeremiah Attaochu;Dre'Mont Jones;A.J. Bouye;Anthony Chickillo;Alexander Johnson;McTelvin Agim;Justin Simmons;Kareem Jackson;Bryce Callahan
2020_10_DEN_LV,3999,run,9.0,34.0,25.0,LV,4.0,200.0,34.0,46.0,3:20,2:34,,30.0,12.0,2.0,8.0,"4 DL, 3 LB, 4 DB",;;;;;;;;;;,11,8,,,,,00-0036365;00-0027993;00-0034763;00-0034981;00-0031280;00-0032972;00-0031632;00-0031367;00-0022127;00-0029889;00-0031610,Bryan Edwards;Rodney Hudson;Brandon Parker;Foster Moreau;Derek Carr;Devontae Booker;Denzelle Good;Gabe Jackson;Jason Witten;Patrick Omameh;Darren Waller,00-0030577;00-0031258;00-0035678;00-0030228;00-0031956;00-0036420;00-0034887;00-0031795;00-0032971;00-0027872;00-0031904,Sylvester Williams;Jeremiah Attaochu;Dre'Mont Jones;A.J. Bouye;Anthony Chickillo;McTelvin Agim;Alexander Johnson;DeShawn Williams;Justin Simmons;Kareem Jackson;Bryce Callahan
2020_10_DEN_LV,4020,run,2.0,25.0,23.0,LV,4.0,154.0,25.0,34.0,2:34,2:00,,30.0,12.0,1.0,10.0,"4 DL, 4 LB, 3 DB",;;;;;;;;;;,11,9,,,,,00-0033891;00-0027993;00-0034763;00-0034981;00-0031280;00-0032972;00-0031632;00-0031367;00-0022127;00-0029889;00-0031610,Zay Jones;Rodney Hudson;Brandon Parker;Foster Moreau;Derek Carr;Devontae Booker;Denzelle Good;Gabe Jackson;Jason Witten;Patrick Omameh;Darren Waller,00-0030577;00-0031258;00-0035678;00-0031956;00-0030228;00-0036420;00-0034887;00-0031795;00-0032971;00-0031904;00-0034368,Sylvester Williams;Jeremiah Attaochu;Dre'Mont Jones;Anthony Chickillo;A.J. Bouye;McTelvin Agim;Alexander Johnson;DeShawn Williams;Justin Simmons;Bryce Callahan;Josey Jewell
2020_10_DEN_LV,4058,run,23.0,23.0,0.0,LV,4.0,120.0,23.0,6.0,2:00,1:54,,36.0,12.0,2.0,8.0,"4 DL, 4 LB, 3 DB",;;;;;;;;;;,11,9,,,,,00-0036365;00-0027993;00-0034763;00-0034981;00-0031280;00-0032972;00-0031632;00-0031367;00-0022127;00-0029889;00-0031610,Bryan Edwards;Rodney Hudson;Brandon Parker;Foster Moreau;Derek Carr;Devontae Booker;Denzelle Good;Gabe Jackson;Jason Witten;Patrick Omameh;Darren Waller,00-0030577;00-0033782;00-0031258;00-0034956;00-0031956;00-0030228;00-0036420;00-0034887;00-0031795;00-0032971;00-0031904,Sylvester Williams;DeMarcus Walker;Jeremiah Attaochu;Josh Watson;Anthony Chickillo;A.J. Bouye;McTelvin Agim;Alexander Johnson;DeShawn Williams;Justin Simmons;Bryce Callahan
2020_10_DEN_LV,4075,extra_point,0.0,15.0,15.0,LV,4.0,114.0,15.0,0.0,1:54,1:54,,37.0,12.0,,0.0,,;;;;;;;;;;,11,,,,,,00-0035190;00-0034628;00-0034161;00-0034763;00-0029119;00-0035127;00-0034981;00-0031632;00-0031367;00-0029889;00-0034198,AJ Cole;Jaryd Jones-Smith;Daniel Carlson;Brandon Parker;Derek Carrier;Andre James;Foster Moreau;Denzelle Good;Gabe Jackson;Patrick Omameh;Trent Sieg,00-0030577;00-0033782;00-0035227;00-0031258;00-0034956;00-0035678;00-0034887;00-0031795;00-0032971;00-0034368;00-0034111,Sylvester Williams;DeMarcus Walker;P.J. Locke;Jeremiah Attaochu;Josh Watson;Dre'Mont Jones;Alexander Johnson;DeShawn Williams;Justin Simmons;Josey Jewell;Trey Marshall
2020_10_DEN_LV,4091,kickoff,0.0,35.0,35.0,DEN,4.0,114.0,35.0,0.0,1:54,1:54,,37.0,12.0,,0.0,,;;;;;;;;;;,11,,,,,,00-0034161;00-0031176;00-0029119;00-0029647;00-0030196;00-0032972;00-0033461;00-0032320;00-0034726;00-0035133;00-0035693,Daniel Carlson;Nevin Lawson;Derek Carrier;Kyle Wilber;Jeff Heath;Devontae Booker;Raekwon McMillan;Erik Harris;Dallin Leavitt;Keisean Nixon;Johnathan Abram,00-0036390;00-0035227;00-0031258;00-0034956;00-0031319;00-0033452;00-0031956;00-0034744;00-0035427;00-0034838;00-0034111,Michael Ojemudia;P.J. Locke;Jeremiah Attaochu;Josh Watson;Diontae Spencer;Austin Calitro;Anthony Chickillo;Duke Dawson;Jeremy Cox;Royce Freeman;Trey Marshall
2020_10_DEN_LV,4106,run,9.0,75.0,66.0,DEN,4.0,114.0,75.0,21.0,1:54,1:33,,37.0,12.0,1.0,10.0,"4 DL, 2 LB, 5 DB",;;;;;;;;;;,11,6,,,,,00-0035704;00-0035644;00-0032395;00-0034957;00-0036407;00-0034370;00-0036391;00-0036412;00-0033538;00-0034838;00-0035702,Drew Lock;Noah Fant;Graham Glasgow;Calvin Anderson;Jerry Jeudy;DaeSean Hamilton;Lloyd Cushenberry III;KJ Hamler;Garett Bolles;Royce Freeman;Dalton Risner,00-0031389;00-0036359;00-0033445;00-0035695;00-0031997;00-0034825;00-0030196;00-0034125;00-0035692;00-0032773;00-0035693,Lamarcus Joyner;Damon Arnette;Nicholas Morrow;Trayvon Mullen;David Irving;Arden Key;Jeff Heath;Kendal Vickers;Clelin Ferrell;Nick Kwiatkoski;Johnathan Abram
2020_10_DEN_LV,4127,pass,9.0,66.0,57.0,DEN,4.0,93.0,66.0,18.0,1:33,1:15,,37.0,12.0,2.0,1.0,"4 DL, 2 LB, 5 DB",;;;;;;;;;;,11,6,4,ZONE_COVERAGE,COVER_2,False,00-0033538;00-0036412;00-0034370;00-0036407;00-0036391;00-0035702;00-0035704;00-0032395;00-0035644;00-0034838;00-0034957,Garett Bolles;KJ Hamler;DaeSean Hamilton;Jerry Jeudy;Lloyd Cushenberry III;Dalton Risner;Drew Lock;Graham Glasgow;Noah Fant;Royce Freeman;Calvin Anderson,00-0033445;00-0035693;00-0032773;00-0036359;00-0035692;00-0034825;00-0035695;00-0030196;00-0034125;00-0031389;00-0031997,Nicholas Morrow;Johnathan Abram;Nick Kwiatkoski;Damon Arnette;Clelin Ferrell;Arden Key;Trayvon Mullen;Jeff Heath;Kendal Vickers;Lamarcus Joyner;David Irving
2020_10_DEN_LV,4151,run,2.0,57.0,55.0,DEN,4.0,75.0,57.0,21.0,1:15,0:54,,37.0,12.0,1.0,10.0,"4 DL, 2 LB, 5 DB",;;;;;;;;;;,11,6,,,,,00-0035704;00-0035644;00-0032395;00-0034957;00-0036407;00-0034370;00-0036391;00-0036412;00-0033538;00-0034838;00-0035702,Drew Lock;Noah Fant;Graham Glasgow;Calvin Anderson;Jerry Jeudy;DaeSean Hamilton;Lloyd Cushenberry III;KJ Hamler;Garett Bolles;Royce Freeman;Dalton Risner,00-0031389;00-0036359;00-0033445;00-0035695;00-0031997;00-0034825;00-0030196;00-0034125;00-0035692;00-0032773;00-0035693,Lamarcus Joyner;Damon Arnette;Nicholas Morrow;Trayvon Mullen;David Irving;Arden Key;Jeff Heath;Kendal Vickers;Clelin Ferrell;Nick Kwiatkoski;Johnathan Abram
2020_10_DEN_LV,4172,pass,0.0,55.0,55.0,DEN,4.0,54.0,55.0,3.0,0:54,0:51,,37.0,12.0,2.0,8.0,"4 DL, 2 LB, 5 DB",;;;;;;;;;;,11,5,4,ZONE_COVERAGE,COVER_2,False,00-0035704;00-0035644;00-0032395;00-0034957;00-0036407;00-0034370;00-0036391;00-0036412;00-0033538;00-0034838;00-0035702,Drew Lock;Noah Fant;Graham Glasgow;Calvin Anderson;Jerry Jeudy;DaeSean Hamilton;Lloyd Cushenberry III;KJ Hamler;Garett Bolles;Royce Freeman;Dalton Risner,00-0031389;00-0036359;00-0033445;00-0035695;00-0031997;00-0034825;00-0030196;00-0034125;00-0035692;00-0032773;00-0035693,Lamarcus Joyner;Damon Arnette;Nicholas Morrow;Trayvon Mullen;David Irving;Arden Key;Jeff Heath;Kendal Vickers;Clelin Ferrell;Nick Kwiatkoski;Johnathan Abram
2020_10_DEN_LV,4194,pass,14.0,55.0,41.0,DEN,4.0,51.0,55.0,20.0,0:51,0:31,,37.0,12.0,3.0,8.0,"4 DL, 2 LB, 5 DB",;;;;;;;;;;,11,5,4,ZONE_COVERAGE,COVER_2,False,00-0035704;00-0035644;00-0032395;00-0034957;00-0036407;00-0034370;00-0036391;00-0036412;00-0033538;00-0034838;00-0035702,Drew Lock;Noah Fant;Graham Glasgow;Calvin Anderson;Jerry Jeudy;DaeSean Hamilton;Lloyd Cushenberry III;KJ Hamler;Garett Bolles;Royce Freeman;Dalton Risner,00-0031389;00-0036359;00-0033445;00-0035695;00-0031997;00-0034825;00-0030196;00-0034125;00-0035692;00-0032773;00-0035693,Lamarcus Joyner;Damon Arnette;Nicholas Morrow;Trayvon Mullen;David Irving;Arden Key;Jeff Heath;Kendal Vickers;Clelin Ferrell;Nick Kwiatkoski;Johnathan Abram
2020_10_DEN_LV,4218,pass,16.0,41.0,25.0,DEN,4.0,31.0,41.0,6.0,0:31,0:25,,37.0,12.0,1.0,10.0,"4 DL, 2 LB, 5 DB",;;;;;;;;;;,11,5,4,ZONE_COVERAGE,COVER_2,False,00-0035704;00-0035644;00-0032395;00-0034957;00-0036407;00-0034370;00-0036391;00-0036412;00-0033538;00-0034838;00-0035702,Drew Lock;Noah Fant;Graham Glasgow;Calvin Anderson;Jerry Jeudy;DaeSean Hamilton;Lloyd Cushenberry III;KJ Hamler;Garett Bolles;Royce Freeman;Dalton Risner,00-0031389;00-0036359;00-0033445;00-0035695;00-0031997;00-0034825;00-0030196;00-0034125;00-0035692;00-0032773;00-0035693,Lamarcus Joyner;Damon Arnette;Nicholas Morrow;Trayvon Mullen;David Irving;Arden Key;Jeff Heath;Kendal Vickers;Clelin Ferrell;Nick Kwiatkoski;Johnathan Abram
2020_10_DEN_LV,4242,turnover,0.0,25.0,25.0,DEN,4.0,25.0,25.0,7.0,0:25,0:18,,37.0,12.0,1.0,10.0,"4 DL, 2 LB, 5 DB",;;;;;;;;;;,11,6,6,ZONE_COVERAGE,COVER_4,True,00-0035704;00-0031319;00-0032395;00-0034957;00-0034370;00-0036391;00-0036412;00-0033538;00-0034393;00-0034838;00-0035702,Drew Lock;Diontae Spencer;Graham Glasgow;Calvin Anderson;DaeSean Hamilton;Lloyd Cushenberry III;KJ Hamler;Garett Bolles;Troy Fumagalli;Royce Freeman;Dalton Risner,00-0033129;00-0031389;00-0036359;00-0033445;00-0035695;00-0034825;00-0030196;00-0034125;00-0035692;00-0032773;00-0035693,Carl Nassib;Lamarcus Joyner;Damon Arnette;Nicholas Morrow;Trayvon Mullen;Arden Key;Jeff Heath;Kendal Vickers;Clelin Ferrell;Nick Kwiatkoski;Johnathan Abram
2020_10_DEN_LV,4268,qb_kneel,-1.0,81.0,82.0,LV,4.0,18.0,81.0,18.0,0:18,0:00,,37.0,12.0,1.0,10.0,"3 DL, 4 LB, 4 DB",;;;;;;;;;;,11,8,,,,,00-0033891;00-0027993;00-0034763;00-0034981;00-0031280;00-0032972;00-0031632;00-0031367;00-0035125;00-0022127;00-0029889,Zay Jones;Rodney Hudson;Brandon Parker;Foster Moreau;Derek Carr;Devontae Booker;Denzelle Good;Gabe Jackson;Alec Ingold;Jason Witten;Patrick Omameh,00-0030577;00-0031258;00-0034956;00-0035678;00-0031956;00-0030228;00-0034887;00-0036420;00-0032971;00-0027872;00-0031904,Sylvester Williams;Jeremiah Attaochu;Josh Watson;Dre'Mont Jones;Anthony Chickillo;A.J. Bouye;Alexander Johnson;McTelvin Agim;Justin Simmons;Kareem Jackson;Bryce Callahan
2020_10_DEN_LV,4291,end_game,,,,LV,4.0,0.0,,0.0,0:00,0:00,,37.0,12.0,,0.0,,,0,,,,,,,,,
