game_id,play_id,play_type,yards_gained,starting_yard,ending_yard,posteam,qtr,game_seconds_remaining,yardline_100,time_of_play,time_on_clock_start,time_on_clock_end,timeout_team,home_team_score,away_team_score,down,yds_to_go,defense_personnel,defense_positions,n_defense,defenders_in_box,number_of_pass_rushers,defense_man_zone_type,defense_coverage_type,was_pressure,offense_player_ids,offense_player_names,defense_player_ids,defense_player_names
2024_20_LA_PHI,1,start_quarter_1,,,,,1.0,3600.0,,0.0,15:00,15:00,,0.0,0.0,,0.0,,,,,,,,,,,,
2024_20_LA_PHI,39,kickoff,0.0,35.0,35.0,PHI,1.0,3600.0,35.0,5.0,15:00,14:55,,0.0,0.0,,0.0,"2 CB, 2 FS, 2 ILB, 1 OLB, 1 P, 1 TE, 2 WR",CB;CB;FS;FS;ILB;ILB;OLB;P;TE;WR;WR,11,0,0,,,False,00-0034377;00-0036222;00-0039140;00-0035099;00-0037461;00-0033445;00-0039826;00-0039740;00-0036919;00-0038498;00-0039236,Avonte Maddox;Isaiah Rodgers;Kelee Ringo;Khari Blasingame;Tristin McCollum;Nicholas Morrow;Jeremiah Trotter Jr.;Jalyx Hunt;Kenneth Gainwell;E.J. Jenkins;Johnny Wilson,00-0037839;00-0039772;00-0039834;00-0039776;00-0037633;00-0039774;00-0035933;00-0039059;00-0037004;00-0038359;00-0039751,Cobie Durant;Josh Wallace;Kamren Kinchens;Jaylen McCollough;Jacob Hummel;Omar Speights;Michael Hoecht;Ethan Evans;Hunter Long;Xavier Smith;Jordan Whittington
2024_20_LA_PHI,62,pass,14.0,74.0,60.0,PHI,1.0,3595.0,74.0,42.0,14:55,14:13,,0.0,0.0,1.0,10.0,"2 CB, 1 DE, 1 FS, 2 ILB, 2 NT, 2 OLB, 1 SS",CB;CB;DE;FS;ILB;ILB;NT;NT;OLB;OLB;SS,11,6,4,ZONE_COVERAGE,COVER_6,False,00-0037002;00-0038112;00-0036389;00-0034844;00-0030561;00-0034429;00-0036284;00-0034351;00-0035676;00-0036912;00-0039236,Landon Dickerson;Cam Jurgens;Jalen Hurts;Saquon Barkley;Lane Johnson;Jordan Mailata;Mekhi Becton;Dallas Goedert;A.J. Brown;DeVonta Smith;Johnny Wilson,00-0033783;00-0034203;00-0039749;00-0037841;00-0035942;00-0039774;00-0036903;00-0039138;00-0039137;00-0039852;00-0036349,Ahkello Witherspoon;Darious Williams;Tyler Davis;Quentin Lake;Christian Rozeboom;Omar Speights;Bobby Brown III;Kobie Turner;Byron Young;Jared Verse;Kamren Curl
2024_20_LA_PHI,92,pass,5.0,60.0,55.0,PHI,1.0,3553.0,60.0,33.0,14:13,13:40,,0.0,0.0,1.0,10.0,"2 CB, 1 DE, 2 FS, 2 ILB, 1 NT, 2 OLB, 1 SS",CB;CB;DE;FS;FS;ILB;ILB;NT;OLB;OLB;SS,11,6,4,ZONE_COVERAGE,COVER_2,False,00-0037002;00-0038112;00-0036389;00-0034844;00-0030561;00-0034429;00-0036284;00-0034351;00-0035676;00-0036912;00-0037741,Landon Dickerson;Cam Jurgens;Jalen Hurts;Saquon Barkley;Lane Johnson;Jordan Mailata;Mekhi Becton;Dallas Goedert;A.J. Brown;DeVonta Smith;Jahan Dotson,00-0033783;00-0034203;00-0039749;00-0037841;00-0039834;00-0035942;00-0039774;00-0039138;00-0039137;00-0039852;00-0036349,Ahkello Witherspoon;Darious Williams;Tyler Davis;Quentin Lake;Kamren Kinchens;Christian Rozeboom;Omar Speights;Kobie Turner;Byron Young;Jared Verse;Kamren Curl
2024_20_LA_PHI,117,run,4.0,55.0,51.0,PHI,1.0,3520.0,55.0,26.0,13:40,13:14,,0.0,0.0,2.0,5.0,"2 CB, 1 DE, 2 FS, 2 ILB, 1 NT, 2 OLB, 1 SS",CB;CB;DE;FS;FS;ILB;ILB;NT;OLB;OLB;SS,11,6,0,,,False,00-0037002;00-0038112;00-0036389;00-0034844;00-0030561;00-0034429;00-0036284;00-0034351;00-0035676;00-0036912;00-0037741,Landon Dickerson;Cam Jurgens;Jalen Hurts;Saquon Barkley;Lane Johnson;Jordan Mailata;Mekhi Becton;Dallas Goedert;A.J. Brown;DeVonta Smith;Jahan Dotson,00-0033783;00-0034203;00-0039749;00-0037841;00-0039834;00-0035942;00-0039774;00-0039138;00-0039137;00-0039852;00-0036349,Ahkello Witherspoon;Darious Williams;Tyler Davis;Quentin Lake;Kamren Kinchens;Christian Rozeboom;Omar Speights;Kobie Turner;Byron Young;Jared Verse;Kamren Curl
2024_20_LA_PHI,139,run,1.0,51.0,50.0,PHI,1.0,3494.0,51.0,40.0,13:14,12:34,,0.0,0.0,3.0,1.0,"2 CB, 1 DE, 2 FS, 2 ILB, 1 NT, 2 OLB, 1 SS",CB;CB;DE;FS;FS;ILB;ILB;NT;OLB;OLB;SS,11,8,0,ZONE_COVERAGE,COVER_2,False,00-0037002;00-0038112;00-0036389;00-0034844;00-0030561;00-0034429;00-0036284;00-0034351;00-0035676;00-0036912;00-0037741,Landon Dickerson;Cam Jurgens;Jalen Hurts;Saquon Barkley;Lane Johnson;Jordan Mailata;Mekhi Becton;Dallas Goedert;A.J. Brown;DeVonta Smith;Jahan Dotson,00-0033783;00-0034203;00-0039749;00-0037841;00-0039834;00-0035942;00-0039774;00-0039138;00-0039137;00-0039852;00-0036349,Ahkello Witherspoon;Darious Williams;Tyler Davis;Quentin Lake;Kamren Kinchens;Christian Rozeboom;Omar Speights;Kobie Turner;Byron Young;Jared Verse;Kamren Curl
2024_20_LA_PHI,161,pass,6.0,50.0,44.0,PHI,1.0,3454.0,50.0,30.0,12:34,12:04,,0.0,0.0,1.0,10.0,"2 CB, 1 DT, 2 FS, 2 ILB, 1 NT, 2 OLB, 1 SS",CB;CB;DT;FS;FS;ILB;ILB;NT;OLB;OLB;SS,11,7,4,ZONE_COVERAGE,COVER_2,True,00-0037002;00-0038112;00-0036389;00-0034844;00-0030561;00-0034429;00-0036284;00-0034351;00-0035676;00-0036912;00-0037741,Landon Dickerson;Cam Jurgens;Jalen Hurts;Saquon Barkley;Lane Johnson;Jordan Mailata;Mekhi Becton;Dallas Goedert;A.J. Brown;DeVonta Smith;Jahan Dotson,00-0033783;00-0034203;00-0039734;00-0037841;00-0039834;00-0035942;00-0039774;00-0036366;00-0039137;00-0039852;00-0036349,Ahkello Witherspoon;Darious Williams;Braden Fiske;Quentin Lake;Kamren Kinchens;Christian Rozeboom;Omar Speights;Neville Gallimore;Byron Young;Jared Verse;Kamren Curl
2024_20_LA_PHI,186,run,44.0,44.0,0.0,PHI,1.0,3424.0,44.0,9.0,12:04,11:55,,6.0,0.0,2.0,4.0,"2 CB, 1 DT, 2 FS, 2 ILB, 1 NT, 2 OLB, 1 SS",CB;CB;DT;FS;FS;ILB;ILB;NT;OLB;OLB;SS,11,6,0,,,False,00-0037002;00-0038112;00-0036389;00-0034844;00-0030561;00-0034429;00-0036284;00-0034351;00-0035676;00-0036912;00-0037741,Landon Dickerson;Cam Jurgens;Jalen Hurts;Saquon Barkley;Lane Johnson;Jordan Mailata;Mekhi Becton;Dallas Goedert;A.J. Brown;DeVonta Smith;Jahan Dotson,00-0033783;00-0034203;00-0039734;00-0037841;00-0039834;00-0035942;00-0039774;00-0036366;00-0039137;00-0039852;00-0036349,Ahkello Witherspoon;Darious Williams;Braden Fiske;Quentin Lake;Kamren Kinchens;Christian Rozeboom;Omar Speights;Neville Gallimore;Byron Young;Jared Verse;Kamren Curl
2024_20_LA_PHI,209,extra_point,0.0,15.0,15.0,PHI,1.0,3415.0,15.0,0.0,11:55,11:55,,6.0,0.0,,0.0,"2 CB, 1 DT, 2 FS, 3 ILB, 2 NT, 1 OLB",CB;CB;DT;FS;FS;ILB;ILB;ILB;NT;NT;OLB,11,0,0,,,False,00-0037073;00-0037002;00-0039001;00-0033787;00-0031911;00-0036313;00-0034429;00-0035743;00-0034951;00-0036284;00-0038498,Jordan Davis;Landon Dickerson;Tyler Steen;Jake Elliott;Rick Lovato;Braden Mann;Jordan Mailata;Brett Toth;Fred Johnson;Mekhi Becton;E.J. Jenkins,00-0037839;00-0039772;00-0039734;00-0037841;00-0039776;00-0035942;00-0037633;00-0039774;00-0036366;00-0039138;00-0035933,Cobie Durant;Josh Wallace;Braden Fiske;Quentin Lake;Jaylen McCollough;Christian Rozeboom;Jacob Hummel;Omar Speights;Neville Gallimore;Kobie Turner;Michael Hoecht
2024_20_LA_PHI,224,kickoff,0.0,35.0,35.0,LA,1.0,3415.0,35.0,5.0,11:55,11:50,,6.0,0.0,,0.0,"2 CB, 1 FS, 2 ILB, 1 K, 2 OLB, 2 RB, 1 SS",CB;CB;FS;ILB;ILB;K;OLB;OLB;RB;RB;SS,11,0,0,,,False,00-0039772;00-0039776;00-0037633;00-0039774;00-0037057;00-0037557;00-0039703;00-0036244;00-0037004;00-0039074;00-0039751,Josh Wallace;Jaylen McCollough;Jacob Hummel;Omar Speights;Keir Thomas;Ronnie Rivers;Cody Schrader;Colby Parkinson;Hunter Long;Davis Allen;Jordan Whittington,00-0039140;00-0039841;00-0037461;00-0033445;00-0039826;00-0033787;00-0039013;00-0039740;00-0036919;00-0039746;00-0039002,Kelee Ringo;Cooper DeJean;Tristin McCollum;Nicholas Morrow;Jeremiah Trotter Jr.;Jake Elliott;Nolan Smith;Jalyx Hunt;Kenneth Gainwell;Will Shipley;Sydney Brown
2024_20_LA_PHI,254,pass,0.0,67.0,67.0,LA,1.0,3410.0,67.0,6.0,11:50,11:44,,6.0,0.0,1.0,10.0,"3 CB, 2 DT, 4 OLB, 2 SS",CB;CB;CB;DT;DT;OLB;OLB;OLB;OLB;SS;SS,11,7,4,MAN_COVERAGE,COVER_1,False,00-0039753;00-0036339;00-0039058;00-0026498;00-0037840;00-0032242;00-0036603;00-0033110;00-0032775;00-0033908;00-0039075,Beaux Limmer;Kevin Dotson;Steve Avila;Matthew Stafford;Kyren Williams;Rob Havenstein;Alaric Jackson;Tyler Higbee;Demarcus Robinson;Cooper Kupp;Puka Nacua,00-0030062;00-0039888;00-0039841;00-0037073;00-0038386;00-0034754;00-0034381;00-0036418;00-0039013;00-0035253;00-0037130,Darius Slay;Quinyon Mitchell;Cooper DeJean;Jordan Davis;Jalen Carter;Oren Burks;Josh Sweat;Zack Baun;Nolan Smith;C.J. Gardner-Johnson;Reed Blankenship
2024_20_LA_PHI,277,run,3.0,67.0,64.0,LA,1.0,3404.0,67.0,40.0,11:44,11:04,,6.0,0.0,2.0,10.0,"3 CB, 2 DT, 4 OLB, 2 SS",CB;CB;CB;DT;DT;OLB;OLB;OLB;OLB;SS;SS,11,6,0,,,False,00-0039753;00-0036339;00-0039058;00-0026498;00-0037840;00-0032242;00-0036603;00-0033110;00-0032775;00-0033908;00-0039075,Beaux Limmer;Kevin Dotson;Steve Avila;Matthew Stafford;Kyren Williams;Rob Havenstein;Alaric Jackson;Tyler Higbee;Demarcus Robinson;Cooper Kupp;Puka Nacua,00-0030062;00-0039888;00-0039841;00-0037073;00-0038386;00-0034754;00-0034381;00-0036418;00-0039013;00-0035253;00-0037130,Darius Slay;Quinyon Mitchell;Cooper DeJean;Jordan Davis;Jalen Carter;Oren Burks;Josh Sweat;Zack Baun;Nolan Smith;C.J. Gardner-Johnson;Reed Blankenship
2024_20_LA_PHI,299,pass,9.0,64.0,55.0,LA,1.0,3364.0,64.0,14.0,11:04,10:50,,6.0,0.0,3.0,7.0,"3 CB, 2 DT, 4 OLB, 2 SS",CB;CB;CB;DT;DT;OLB;OLB;OLB;OLB;SS;SS,11,6,4,MAN_COVERAGE,COVER_1,False,00-0039753;00-0036339;00-0039058;00-0026498;00-0037840;00-0032242;00-0036603;00-0033110;00-0032775;00-0033908;00-0039075,Beaux Limmer;Kevin Dotson;Steve Avila;Matthew Stafford;Kyren Williams;Rob Havenstein;Alaric Jackson;Tyler Higbee;Demarcus Robinson;Cooper Kupp;Puka Nacua,00-0030062;00-0039888;00-0039841;00-0036916;00-0038386;00-0034754;00-0034381;00-0036418;00-0039013;00-0035253;00-0037130,Darius Slay;Quinyon Mitchell;Cooper DeJean;Milton Williams;Jalen Carter;Oren Burks;Josh Sweat;Zack Baun;Nolan Smith;C.J. Gardner-Johnson;Reed Blankenship
2024_20_LA_PHI,322,run,20.0,55.0,35.0,LA,1.0,3350.0,55.0,43.0,10:50,10:07,,6.0,0.0,1.0,10.0,"3 CB, 2 DT, 4 OLB, 2 SS",CB;CB;CB;DT;DT;OLB;OLB;OLB;OLB;SS;SS,11,6,0,,,False,00-0039753;00-0036339;00-0039058;00-0026498;00-0037840;00-0032242;00-0036603;00-0037004;00-0032775;00-0033908;00-0039075,Beaux Limmer;Kevin Dotson;Steve Avila;Matthew Stafford;Kyren Williams;Rob Havenstein;Alaric Jackson;Hunter Long;Demarcus Robinson;Cooper Kupp;Puka Nacua,00-0030062;00-0039888;00-0039841;00-0037073;00-0038386;00-0034754;00-0034381;00-0036418;00-0039013;00-0035253;00-0037130,Darius Slay;Quinyon Mitchell;Cooper DeJean;Jordan Davis;Jalen Carter;Oren Burks;Josh Sweat;Zack Baun;Nolan Smith;C.J. Gardner-Johnson;Reed Blankenship
2024_20_LA_PHI,395,pass,0.0,35.0,35.0,LA,1.0,3307.0,35.0,4.0,10:07,10:03,,6.0,0.0,1.0,10.0,"3 CB, 2 DT, 4 OLB, 2 SS",CB;CB;CB;DT;DT;OLB;OLB;OLB;OLB;SS;SS,11,7,4,MAN_COVERAGE,COVER_1,True,00-0039753;00-0036339;00-0039058;00-0026498;00-0037840;00-0032242;00-0036603;00-0033110;00-0032775;00-0033908;00-0039075,Beaux Limmer;Kevin Dotson;Steve Avila;Matthew Stafford;Kyren Williams;Rob Havenstein;Alaric Jackson;Tyler Higbee;Demarcus Robinson;Cooper Kupp;Puka Nacua,00-0030062;00-0039888;00-0039841;00-0037073;00-0038386;00-0034754;00-0034381;00-0036418;00-0039013;00-0035253;00-0037130,Darius Slay;Quinyon Mitchell;Cooper DeJean;Jordan Davis;Jalen Carter;Oren Burks;Josh Sweat;Zack Baun;Nolan Smith;C.J. Gardner-Johnson;Reed Blankenship
2024_20_LA_PHI,418,pass,16.0,35.0,19.0,LA,1.0,3303.0,35.0,40.0,10:03,9:23,,6.0,0.0,2.0,10.0,"3 CB, 2 DT, 4 OLB, 2 SS",CB;CB;CB;DT;DT;OLB;OLB;OLB;OLB;SS;SS,11,6,4,MAN_COVERAGE,COVER_1,True,00-0039753;00-0036339;00-0039058;00-0026498;00-0037840;00-0032242;00-0036603;00-0033110;00-0032775;00-0033908;00-0039075,Beaux Limmer;Kevin Dotson;Steve Avila;Matthew Stafford;Kyren Williams;Rob Havenstein;Alaric Jackson;Tyler Higbee;Demarcus Robinson;Cooper Kupp;Puka Nacua,00-0030062;00-0039888;00-0039841;00-0036916;00-0038386;00-0034754;00-0034381;00-0036418;00-0039013;00-0035253;00-0037130,Darius Slay;Quinyon Mitchell;Cooper DeJean;Milton Williams;Jalen Carter;Oren Burks;Josh Sweat;Zack Baun;Nolan Smith;C.J. Gardner-Johnson;Reed Blankenship
2024_20_LA_PHI,443,pass,4.0,19.0,15.0,LA,1.0,3263.0,19.0,36.0,9:23,8:47,,6.0,0.0,1.0,10.0,"3 CB, 2 DT, 4 OLB, 2 SS",CB;CB;CB;DT;DT;OLB;OLB;OLB;OLB;SS;SS,11,6,4,MAN_COVERAGE,COVER_1,False,00-0039753;00-0036339;00-0039058;00-0026498;00-0037840;00-0032242;00-0036603;00-0033110;00-0032775;00-0033908;00-0039075,Beaux Limmer;Kevin Dotson;Steve Avila;Matthew Stafford;Kyren Williams;Rob Havenstein;Alaric Jackson;Tyler Higbee;Demarcus Robinson;Cooper Kupp;Puka Nacua,00-0030062;00-0039888;00-0039841;00-0036916;00-0038386;00-0034754;00-0034381;00-0036418;00-0039013;00-0035253;00-0037130,Darius Slay;Quinyon Mitchell;Cooper DeJean;Milton Williams;Jalen Carter;Oren Burks;Josh Sweat;Zack Baun;Nolan Smith;C.J. Gardner-Johnson;Reed Blankenship
2024_20_LA_PHI,468,pass,0.0,15.0,15.0,LA,1.0,3227.0,15.0,3.0,8:47,8:44,,6.0,0.0,2.0,6.0,"3 CB, 2 DT, 4 OLB, 2 SS",CB;CB;CB;DT;DT;OLB;OLB;OLB;OLB;SS;SS,11,6,4,ZONE_COVERAGE,COVER_2,False,00-0039753;00-0036339;00-0039058;00-0026498;00-0037840;00-0032242;00-0036603;00-0033110;00-0032775;00-0033908;00-0039075,Beaux Limmer;Kevin Dotson;Steve Avila;Matthew Stafford;Kyren Williams;Rob Havenstein;Alaric Jackson;Tyler Higbee;Demarcus Robinson;Cooper Kupp;Puka Nacua,00-0030062;00-0039888;00-0039841;00-0036916;00-0038386;00-0034754;00-0034381;00-0036418;00-0039013;00-0035253;00-0037130,Darius Slay;Quinyon Mitchell;Cooper DeJean;Milton Williams;Jalen Carter;Oren Burks;Josh Sweat;Zack Baun;Nolan Smith;C.J. Gardner-Johnson;Reed Blankenship
2024_20_LA_PHI,491,run,5.0,15.0,10.0,LA,1.0,3224.0,15.0,39.0,8:44,8:05,,6.0,0.0,3.0,6.0,"4 CB, 2 DT, 3 OLB, 2 SS",CB;CB;CB;CB;DT;DT;OLB;OLB;OLB;SS;SS,11,4,4,MAN_COVERAGE,2_MAN,False,00-0039753;00-0036339;00-0039058;00-0026498;00-0037840;00-0032242;00-0036603;00-0033110;00-0032775;00-0033908;00-0039075,Beaux Limmer;Kevin Dotson;Steve Avila;Matthew Stafford;Kyren Williams;Rob Havenstein;Alaric Jackson;Tyler Higbee;Demarcus Robinson;Cooper Kupp;Puka Nacua,00-0030062;00-0036222;00-0039888;00-0039841;00-0036916;00-0038386;00-0034381;00-0036418;00-0039013;00-0035253;00-0037130,Darius Slay;Isaiah Rodgers;Quinyon Mitchell;Cooper DeJean;Milton Williams;Jalen Carter;Josh Sweat;Zack Baun;Nolan Smith;C.J. Gardner-Johnson;Reed Blankenship
2024_20_LA_PHI,513,run,4.0,10.0,6.0,LA,1.0,3185.0,10.0,39.0,8:05,7:26,,6.0,0.0,4.0,1.0,"3 CB, 2 DT, 4 OLB, 2 SS",CB;CB;CB;DT;DT;OLB;OLB;OLB;OLB;SS;SS,11,7,0,,,False,00-0039753;00-0036339;00-0039058;00-0026498;00-0037840;00-0032242;00-0036603;00-0033110;00-0032775;00-0033908;00-0039075,Beaux Limmer;Kevin Dotson;Steve Avila;Matthew Stafford;Kyren Williams;Rob Havenstein;Alaric Jackson;Tyler Higbee;Demarcus Robinson;Cooper Kupp;Puka Nacua,00-0030062;00-0036222;00-0039841;00-0036916;00-0038386;00-0034754;00-0034381;00-0036418;00-0039013;00-0035253;00-0037130,Darius Slay;Isaiah Rodgers;Cooper DeJean;Milton Williams;Jalen Carter;Oren Burks;Josh Sweat;Zack Baun;Nolan Smith;C.J. Gardner-Johnson;Reed Blankenship
2024_20_LA_PHI,535,run,2.0,6.0,4.0,LA,1.0,3146.0,6.0,47.0,7:26,6:39,,6.0,0.0,1.0,6.0,"3 CB, 2 DT, 4 OLB, 2 SS",CB;CB;CB;DT;DT;OLB;OLB;OLB;OLB;SS;SS,11,7,0,,,False,00-0039753;00-0036339;00-0039058;00-0026498;00-0037840;00-0032242;00-0036603;00-0033110;00-0032775;00-0033908;00-0039075,Beaux Limmer;Kevin Dotson;Steve Avila;Matthew Stafford;Kyren Williams;Rob Havenstein;Alaric Jackson;Tyler Higbee;Demarcus Robinson;Cooper Kupp;Puka Nacua,00-0030062;00-0036222;00-0039841;00-0036916;00-0038386;00-0034754;00-0034381;00-0036418;00-0039013;00-0035253;00-0037130,Darius Slay;Isaiah Rodgers;Cooper DeJean;Milton Williams;Jalen Carter;Oren Burks;Josh Sweat;Zack Baun;Nolan Smith;C.J. Gardner-Johnson;Reed Blankenship
2024_20_LA_PHI,557,pass,0.0,4.0,4.0,LA,1.0,3099.0,4.0,3.0,6:39,6:36,,6.0,0.0,2.0,4.0,"2 CB, 3 DT, 4 OLB, 2 SS",CB;CB;DT;DT;DT;OLB;OLB;OLB;OLB;SS;SS,11,9,5,MAN_COVERAGE,COVER_0,False,00-0036258;00-0039753;00-0036339;00-0039058;00-0026498;00-0037840;00-0032242;00-0036603;00-0033110;00-0037004;00-0032775,Jonah Jackson;Beaux Limmer;Kevin Dotson;Steve Avila;Matthew Stafford;Kyren Williams;Rob Havenstein;Alaric Jackson;Tyler Higbee;Hunter Long;Demarcus Robinson,00-0030062;00-0036222;00-0036916;00-0037073;00-0038386;00-0034754;00-0034381;00-0036418;00-0039013;00-0035253;00-0037130,Darius Slay;Isaiah Rodgers;Milton Williams;Jordan Davis;Jalen Carter;Oren Burks;Josh Sweat;Zack Baun;Nolan Smith;C.J. Gardner-Johnson;Reed Blankenship
2024_20_LA_PHI,582,pass,4.0,4.0,0.0,LA,1.0,3096.0,4.0,4.0,6:36,6:32,,6.0,6.0,3.0,4.0,"3 CB, 2 DT, 4 OLB, 2 SS",CB;CB;CB;DT;DT;OLB;OLB;OLB;OLB;SS;SS,11,6,4,MAN_COVERAGE,COVER_0,False,00-0039753;00-0036339;00-0039058;00-0026498;00-0037840;00-0032242;00-0036603;00-0033110;00-0032775;00-0033908;00-0039075,Beaux Limmer;Kevin Dotson;Steve Avila;Matthew Stafford;Kyren Williams;Rob Havenstein;Alaric Jackson;Tyler Higbee;Demarcus Robinson;Cooper Kupp;Puka Nacua,00-0030062;00-0036222;00-0039841;00-0036916;00-0038386;00-0034754;00-0034381;00-0036418;00-0039013;00-0035253;00-0037130,Darius Slay;Isaiah Rodgers;Cooper DeJean;Milton Williams;Jalen Carter;Oren Burks;Josh Sweat;Zack Baun;Nolan Smith;C.J. Gardner-Johnson;Reed Blankenship
2024_20_LA_PHI,608,extra_point,0.0,15.0,15.0,LA,1.0,3092.0,15.0,0.0,6:32,6:32,,6.0,7.0,,0.0,"3 CB, 5 DT, 1 ILB, 1 OLB, 1 SS",CB;CB;CB;DT;DT;DT;DT;DT;ILB;OLB;SS,11,0,0,,,False,00-0036258;00-0039753;00-0036339;00-0039058;00-0039750;00-0038360;00-0035933;00-0039059;00-0036603;00-0039077;00-0037004,Jonah Jackson;Beaux Limmer;Kevin Dotson;Steve Avila;Joshua Karty;Alex Ward;Michael Hoecht;Ethan Evans;Alaric Jackson;Warren McClendon Jr.;Hunter Long,00-0036222;00-0039140;00-0039841;00-0036916;00-0037073;00-0037262;00-0038386;00-0038412;00-0039826;00-0034754;00-0039002,Isaiah Rodgers;Kelee Ringo;Cooper DeJean;Milton Williams;Jordan Davis;Thomas Booker;Jalen Carter;Moro Ojomo;Jeremiah Trotter Jr.;Oren Burks;Sydney Brown
2024_20_LA_PHI,623,kickoff,0.0,35.0,35.0,PHI,1.0,3092.0,35.0,7.0,6:32,6:25,,6.0,7.0,,0.0,"2 CB, 2 FS, 2 ILB, 1 OLB, 1 P, 1 TE, 2 WR",CB;CB;FS;FS;ILB;ILB;OLB;P;TE;WR;WR,11,0,0,,,False,00-0034377;00-0039140;00-0035099;00-0037461;00-0033445;00-0039826;00-0039740;00-0036919;00-0039746;00-0038498;00-0039236,Avonte Maddox;Kelee Ringo;Khari Blasingame;Tristin McCollum;Nicholas Morrow;Jeremiah Trotter Jr.;Jalyx Hunt;Kenneth Gainwell;Will Shipley;E.J. Jenkins;Johnny Wilson,00-0037839;00-0039772;00-0039834;00-0039776;00-0037633;00-0039774;00-0035933;00-0039059;00-0037004;00-0038359;00-0039751,Cobie Durant;Josh Wallace;Kamren Kinchens;Jaylen McCollough;Jacob Hummel;Omar Speights;Michael Hoecht;Ethan Evans;Hunter Long;Xavier Smith;Jordan Whittington
2024_20_LA_PHI,653,run,4.0,68.0,64.0,PHI,1.0,3085.0,68.0,37.0,6:25,5:48,,6.0,7.0,1.0,10.0,"2 CB, 1 DE, 1 FS, 2 ILB, 2 NT, 2 OLB, 1 SS",CB;CB;DE;FS;ILB;ILB;NT;NT;OLB;OLB;SS,11,8,0,,,False,00-0037002;00-0038112;00-0036389;00-0034844;00-0030561;00-0034429;00-0036284;00-0034351;00-0035676;00-0036912;00-0039236,Landon Dickerson;Cam Jurgens;Jalen Hurts;Saquon Barkley;Lane Johnson;Jordan Mailata;Mekhi Becton;Dallas Goedert;A.J. Brown;DeVonta Smith;Johnny Wilson,00-0033783;00-0034203;00-0039749;00-0037841;00-0035942;00-0039774;00-0036903;00-0039138;00-0035933;00-0037057;00-0036349,Ahkello Witherspoon;Darious Williams;Tyler Davis;Quentin Lake;Christian Rozeboom;Omar Speights;Bobby Brown III;Kobie Turner;Michael Hoecht;Keir Thomas;Kamren Curl
2024_20_LA_PHI,675,pass,0.0,64.0,64.0,PHI,1.0,3048.0,64.0,4.0,5:48,5:44,,6.0,7.0,2.0,6.0,"2 CB, 1 DE, 1 FS, 2 ILB, 2 NT, 2 OLB, 1 SS",CB;CB;DE;FS;ILB;ILB;NT;NT;OLB;OLB;SS,11,6,4,ZONE_COVERAGE,COVER_2,False,00-0037002;00-0038112;00-0036389;00-0034844;00-0030561;00-0034429;00-0036284;00-0034351;00-0035676;00-0036912;00-0039236,Landon Dickerson;Cam Jurgens;Jalen Hurts;Saquon Barkley;Lane Johnson;Jordan Mailata;Mekhi Becton;Dallas Goedert;A.J. Brown;DeVonta Smith;Johnny Wilson,00-0033783;00-0034203;00-0039749;00-0037841;00-0035942;00-0039774;00-0036903;00-0039138;00-0035933;00-0037057;00-0036349,Ahkello Witherspoon;Darious Williams;Tyler Davis;Quentin Lake;Christian Rozeboom;Omar Speights;Bobby Brown III;Kobie Turner;Michael Hoecht;Keir Thomas;Kamren Curl
2024_20_LA_PHI,698,pass,-9.0,64.0,73.0,PHI,1.0,3044.0,64.0,40.0,5:44,5:04,,6.0,7.0,3.0,6.0,"2 CB, 1 DT, 3 FS, 1 NT, 3 OLB, 1 SS",CB;CB;DT;FS;FS;FS;NT;OLB;OLB;OLB;SS,11,6,5,MAN_COVERAGE,COVER_1,True,00-0037002;00-0038112;00-0036389;00-0034844;00-0030561;00-0034429;00-0036284;00-0034351;00-0035676;00-0036912;00-0037741,Landon Dickerson;Cam Jurgens;Jalen Hurts;Saquon Barkley;Lane Johnson;Jordan Mailata;Mekhi Becton;Dallas Goedert;A.J. Brown;DeVonta Smith;Jahan Dotson,00-0033783;00-0034203;00-0039734;00-0037841;00-0039834;00-0039776;00-0039138;00-0035933;00-0039137;00-0039852;00-0036349,Ahkello Witherspoon;Darious Williams;Braden Fiske;Quentin Lake;Kamren Kinchens;Jaylen McCollough;Kobie Turner;Michael Hoecht;Byron Young;Jared Verse;Kamren Curl
2024_20_LA_PHI,718,punt,0.0,73.0,73.0,PHI,1.0,3004.0,73.0,13.0,5:04,4:51,,6.0,7.0,4.0,15.0,"2 CB, 2 FS, 1 ILB, 1 OLB, 2 RB, 1 TE, 2 WR",CB;CB;FS;FS;ILB;OLB;RB;RB;TE;WR;WR,11,0,0,,,False,00-0039140;00-0035099;00-0039826;00-0031911;00-0034754;00-0036418;00-0039740;00-0036313;00-0039746;00-0039002;00-0038498,Kelee Ringo;Khari Blasingame;Jeremiah Trotter Jr.;Rick Lovato;Oren Burks;Zack Baun;Jalyx Hunt;Braden Mann;Will Shipley;Sydney Brown;E.J. Jenkins,00-0037839;00-0039772;00-0039834;00-0039776;00-0037633;00-0037057;00-0037557;00-0039703;00-0037004;00-0038359;00-0039751,Cobie Durant;Josh Wallace;Kamren Kinchens;Jaylen McCollough;Jacob Hummel;Keir Thomas;Ronnie Rivers;Cody Schrader;Hunter Long;Xavier Smith;Jordan Whittington
2024_20_LA_PHI,744,pass,8.0,66.0,58.0,LA,1.0,2991.0,66.0,39.0,4:51,4:12,,6.0,7.0,1.0,10.0,"3 CB, 3 DT, 3 OLB, 2 SS",CB;CB;CB;DT;DT;DT;OLB;OLB;OLB;SS;SS,11,6,4,ZONE_COVERAGE,COVER_6,False,00-0039753;00-0036339;00-0039058;00-0026498;00-0037840;00-0032242;00-0036603;00-0033110;00-0032775;00-0033908;00-0039075,Beaux Limmer;Kevin Dotson;Steve Avila;Matthew Stafford;Kyren Williams;Rob Havenstein;Alaric Jackson;Tyler Higbee;Demarcus Robinson;Cooper Kupp;Puka Nacua,00-0030062;00-0036222;00-0039841;00-0036916;00-0037073;00-0038386;00-0034754;00-0036418;00-0039740;00-0035253;00-0037130,Darius Slay;Isaiah Rodgers;Cooper DeJean;Milton Williams;Jordan Davis;Jalen Carter;Oren Burks;Zack Baun;Jalyx Hunt;C.J. Gardner-Johnson;Reed Blankenship
2024_20_LA_PHI,781,pass,-1.0,58.0,59.0,LA,1.0,2952.0,58.0,42.0,4:12,3:30,,6.0,7.0,2.0,2.0,"3 CB, 3 DT, 3 OLB, 2 SS",CB;CB;CB;DT;DT;DT;OLB;OLB;OLB;SS;SS,11,7,5,MAN_COVERAGE,COVER_1,True,00-0039753;00-0036339;00-0039058;00-0026498;00-0037840;00-0032242;00-0036603;00-0033110;00-0032775;00-0033908;00-0039075,Beaux Limmer;Kevin Dotson;Steve Avila;Matthew Stafford;Kyren Williams;Rob Havenstein;Alaric Jackson;Tyler Higbee;Demarcus Robinson;Cooper Kupp;Puka Nacua,00-0030062;00-0036222;00-0039841;00-0036916;00-0037073;00-0038386;00-0034754;00-0036418;00-0039740;00-0035253;00-0037130,Darius Slay;Isaiah Rodgers;Cooper DeJean;Milton Williams;Jordan Davis;Jalen Carter;Oren Burks;Zack Baun;Jalyx Hunt;C.J. Gardner-Johnson;Reed Blankenship
2024_20_LA_PHI,806,pass,-7.0,59.0,66.0,LA,1.0,2910.0,59.0,43.0,3:30,2:47,,6.0,7.0,3.0,3.0,"3 CB, 2 DT, 4 OLB, 2 SS",CB;CB;CB;DT;DT;OLB;OLB;OLB;OLB;SS;SS,11,6,4,MAN_COVERAGE,COVER_1,True,00-0039753;00-0036339;00-0039058;00-0026498;00-0037840;00-0032242;00-0036603;00-0033110;00-0032775;00-0033908;00-0039075,Beaux Limmer;Kevin Dotson;Steve Avila;Matthew Stafford;Kyren Williams;Rob Havenstein;Alaric Jackson;Tyler Higbee;Demarcus Robinson;Cooper Kupp;Puka Nacua,00-0030062;00-0036222;00-0039841;00-0036916;00-0038386;00-0034754;00-0036418;00-0039013;00-0039740;00-0035253;00-0037130,Darius Slay;Isaiah Rodgers;Cooper DeJean;Milton Williams;Jalen Carter;Oren Burks;Zack Baun;Nolan Smith;Jalyx Hunt;C.J. Gardner-Johnson;Reed Blankenship
2024_20_LA_PHI,826,punt,0.0,66.0,66.0,LA,1.0,2867.0,66.0,6.0,2:47,2:41,,6.0,7.0,4.0,10.0,"3 CB, 1 DT, 1 FB, 1 FS, 2 ILB, 1 RB, 1 SS, 1 WR",CB;CB;CB;DT;FB;FS;ILB;ILB;RB;SS;WR,11,0,0,,,False,00-0035942;00-0037633;00-0039774;00-0038360;00-0039059;00-0037557;00-0036244;00-0037004;00-0039074;00-0038359;00-0039751,Christian Rozeboom;Jacob Hummel;Omar Speights;Alex Ward;Ethan Evans;Ronnie Rivers;Colby Parkinson;Hunter Long;Davis Allen;Xavier Smith;Jordan Whittington,00-0034377;00-0039140;00-0039841;00-0038412;00-0035099;00-0037461;00-0033445;00-0039826;00-0039746;00-0039002;00-0039236,Avonte Maddox;Kelee Ringo;Cooper DeJean;Moro Ojomo;Khari Blasingame;Tristin McCollum;Nicholas Morrow;Jeremiah Trotter Jr.;Will Shipley;Sydney Brown;Johnny Wilson
2024_20_LA_PHI,857,no_play,0.0,83.0,83.0,PHI,1.0,2861.0,83.0,7.0,2:41,2:34,,6.0,7.0,1.0,10.0,"2 CB, 1 DE, 1 FS, 2 ILB, 2 NT, 2 OLB, 1 SS",CB;CB;DE;FS;ILB;ILB;NT;NT;OLB;OLB;SS,11,8,4,MAN_COVERAGE,COVER_1,False,00-0037002;00-0038112;00-0036389;00-0034844;00-0030561;00-0034429;00-0036284;00-0034351;00-0037086;00-0035676;00-0036912,Landon Dickerson;Cam Jurgens;Jalen Hurts;Saquon Barkley;Lane Johnson;Jordan Mailata;Mekhi Becton;Dallas Goedert;Grant Calcaterra;A.J. Brown;DeVonta Smith,00-0033783;00-0034203;00-0039749;00-0037841;00-0035942;00-0039774;00-0036366;00-0036903;00-0035933;00-0039852;00-0036349,Ahkello Witherspoon;Darious Williams;Tyler Davis;Quentin Lake;Christian Rozeboom;Omar Speights;Neville Gallimore;Bobby Brown III;Michael Hoecht;Jared Verse;Kamren Curl
2024_20_LA_PHI,891,run,0.0,68.0,68.0,PHI,1.0,2854.0,68.0,45.0,2:34,1:49,,6.0,7.0,1.0,10.0,"2 CB, 1 DE, 1 FS, 2 ILB, 2 NT, 2 OLB, 1 SS",CB;CB;DE;FS;ILB;ILB;NT;NT;OLB;OLB;SS,11,8,0,,,False,00-0037002;00-0038112;00-0036389;00-0034844;00-0030561;00-0034429;00-0036284;00-0034351;00-0037086;00-0035676;00-0036912,Landon Dickerson;Cam Jurgens;Jalen Hurts;Saquon Barkley;Lane Johnson;Jordan Mailata;Mekhi Becton;Dallas Goedert;Grant Calcaterra;A.J. Brown;DeVonta Smith,00-0033783;00-0037839;00-0039749;00-0037841;00-0035942;00-0039774;00-0036366;00-0036903;00-0035933;00-0039852;00-0036349,Ahkello Witherspoon;Cobie Durant;Tyler Davis;Quentin Lake;Christian Rozeboom;Omar Speights;Neville Gallimore;Bobby Brown III;Michael Hoecht;Jared Verse;Kamren Curl
2024_20_LA_PHI,913,pass,6.0,68.0,62.0,PHI,1.0,2809.0,68.0,32.0,1:49,1:17,,6.0,7.0,2.0,10.0,"2 CB, 1 DT, 3 FS, 1 ILB, 1 NT, 2 OLB, 1 SS",CB;CB;DT;FS;FS;FS;ILB;NT;OLB;OLB;SS,11,6,5,ZONE_COVERAGE,COVER_3,False,00-0037002;00-0038112;00-0036389;00-0034844;00-0030561;00-0034429;00-0036284;00-0034351;00-0035676;00-0036912;00-0037741,Landon Dickerson;Cam Jurgens;Jalen Hurts;Saquon Barkley;Lane Johnson;Jordan Mailata;Mekhi Becton;Dallas Goedert;A.J. Brown;DeVonta Smith;Jahan Dotson,00-0033783;00-0037839;00-0039061;00-0037841;00-0039834;00-0039776;00-0035942;00-0039138;00-0039137;00-0039852;00-0036349,Ahkello Witherspoon;Cobie Durant;Desjuan Johnson;Quentin Lake;Kamren Kinchens;Jaylen McCollough;Christian Rozeboom;Kobie Turner;Byron Young;Jared Verse;Kamren Curl
2024_20_LA_PHI,948,run,62.0,62.0,0.0,PHI,1.0,2777.0,62.0,10.0,1:17,1:07,,12.0,7.0,3.0,4.0,"2 CB, 1 DT, 3 FS, 1 ILB, 1 NT, 2 OLB, 1 SS",CB;CB;DT;FS;FS;FS;ILB;NT;OLB;OLB;SS,11,6,0,,,False,00-0037002;00-0038112;00-0036389;00-0034844;00-0030561;00-0034429;00-0036284;00-0034351;00-0035676;00-0036912;00-0037741,Landon Dickerson;Cam Jurgens;Jalen Hurts;Saquon Barkley;Lane Johnson;Jordan Mailata;Mekhi Becton;Dallas Goedert;A.J. Brown;DeVonta Smith;Jahan Dotson,00-0033783;00-0037839;00-0039061;00-0037841;00-0039834;00-0039776;00-0035942;00-0039138;00-0039137;00-0039852;00-0036349,Ahkello Witherspoon;Cobie Durant;Desjuan Johnson;Quentin Lake;Kamren Kinchens;Jaylen McCollough;Christian Rozeboom;Kobie Turner;Byron Young;Jared Verse;Kamren Curl
2024_20_LA_PHI,971,extra_point,0.0,15.0,15.0,PHI,1.0,2767.0,15.0,0.0,1:07,1:07,,13.0,7.0,,0.0,"2 CB, 1 DE, 2 FS, 3 ILB, 2 NT, 1 OLB",CB;CB;DE;FS;FS;ILB;ILB;ILB;NT;NT;OLB,11,0,0,,,False,00-0037073;00-0037002;00-0039001;00-0033787;00-0031911;00-0036313;00-0034429;00-0035743;00-0034951;00-0036284;00-0038498,Jordan Davis;Landon Dickerson;Tyler Steen;Jake Elliott;Rick Lovato;Braden Mann;Jordan Mailata;Brett Toth;Fred Johnson;Mekhi Becton;E.J. Jenkins,00-0037839;00-0039772;00-0039749;00-0037841;00-0039776;00-0035942;00-0037633;00-0039774;00-0036366;00-0039138;00-0035933,Cobie Durant;Josh Wallace;Tyler Davis;Quentin Lake;Jaylen McCollough;Christian Rozeboom;Jacob Hummel;Omar Speights;Neville Gallimore;Kobie Turner;Michael Hoecht
2024_20_LA_PHI,986,kickoff,0.0,35.0,35.0,LA,1.0,2767.0,35.0,0.0,1:07,1:07,,13.0,7.0,,0.0,"2 CB, 1 FS, 2 ILB, 1 K, 2 OLB, 2 RB, 1 SS",CB;CB;FS;ILB;ILB;K;OLB;OLB;RB;RB;SS,11,0,0,,,False,00-0039772;00-0039776;00-0037633;00-0039774;00-0037057;00-0037557;00-0039703;00-0036244;00-0037004;00-0039074;00-0039751,Josh Wallace;Jaylen McCollough;Jacob Hummel;Omar Speights;Keir Thomas;Ronnie Rivers;Cody Schrader;Colby Parkinson;Hunter Long;Davis Allen;Jordan Whittington,00-0039140;00-0039841;00-0037461;00-0033445;00-0039826;00-0033787;00-0039013;00-0039740;00-0036919;00-0039746;00-0039002,Kelee Ringo;Cooper DeJean;Tristin McCollum;Nicholas Morrow;Jeremiah Trotter Jr.;Jake Elliott;Nolan Smith;Jalyx Hunt;Kenneth Gainwell;Will Shipley;Sydney Brown
2024_20_LA_PHI,1010,run,3.0,70.0,67.0,LA,1.0,2767.0,70.0,39.0,1:07,0:28,,13.0,7.0,1.0,10.0,"2 CB, 3 DT, 4 OLB, 2 SS",CB;CB;DT;DT;DT;OLB;OLB;OLB;OLB;SS;SS,11,7,0,,,False,00-0039753;00-0036339;00-0039058;00-0026498;00-0037840;00-0032242;00-0036603;00-0037004;00-0039074;00-0032775;00-0039075,Beaux Limmer;Kevin Dotson;Steve Avila;Matthew Stafford;Kyren Williams;Rob Havenstein;Alaric Jackson;Hunter Long;Davis Allen;Demarcus Robinson;Puka Nacua,00-0030062;00-0036222;00-0037073;00-0038386;00-0038412;00-0034754;00-0034381;00-0036418;00-0039740;00-0035253;00-0037130,Darius Slay;Isaiah Rodgers;Jordan Davis;Jalen Carter;Moro Ojomo;Oren Burks;Josh Sweat;Zack Baun;Jalyx Hunt;C.J. Gardner-Johnson;Reed Blankenship
2024_20_LA_PHI,1032,pass,48.0,67.0,19.0,LA,1.0,2728.0,67.0,28.0,0:28,0:00,,13.0,7.0,2.0,7.0,"3 CB, 2 DT, 4 OLB, 2 SS",CB;CB;CB;DT;DT;OLB;OLB;OLB;OLB;SS;SS,11,7,4,ZONE_COVERAGE,COVER_3,False,00-0039753;00-0036339;00-0039058;00-0026498;00-0037840;00-0032242;00-0036603;00-0033110;00-0032775;00-0033908;00-0039075,Beaux Limmer;Kevin Dotson;Steve Avila;Matthew Stafford;Kyren Williams;Rob Havenstein;Alaric Jackson;Tyler Higbee;Demarcus Robinson;Cooper Kupp;Puka Nacua,00-0030062;00-0036222;00-0039841;00-0038386;00-0038412;00-0034754;00-0034381;00-0036418;00-0039740;00-0035253;00-0037130,Darius Slay;Isaiah Rodgers;Cooper DeJean;Jalen Carter;Moro Ojomo;Oren Burks;Josh Sweat;Zack Baun;Jalyx Hunt;C.J. Gardner-Johnson;Reed Blankenship
2024_20_LA_PHI,1057,start_quarter_2,,,,LA,1.0,2700.0,,0.0,0:00,0:00,,13.0,7.0,,0.0,,,,,,,,,,,,
2024_20_LA_PHI,1077,no_play,0.0,19.0,19.0,LA,2.0,2700.0,19.0,6.0,15:00,14:54,,13.0,7.0,1.0,10.0,"3 CB, 2 DT, 4 OLB, 2 SS",CB;CB;CB;DT;DT;OLB;OLB;OLB;OLB;SS;SS,11,7,4,MAN_COVERAGE,COVER_1,True,00-0039753;00-0036339;00-0039058;00-0026498;00-0037840;00-0032242;00-0036603;00-0033110;00-0032775;00-0033908;00-0039075,Beaux Limmer;Kevin Dotson;Steve Avila;Matthew Stafford;Kyren Williams;Rob Havenstein;Alaric Jackson;Tyler Higbee;Demarcus Robinson;Cooper Kupp;Puka Nacua,00-0030062;00-0036222;00-0039841;00-0038386;00-0038412;00-0034754;00-0034381;00-0036418;00-0039013;00-0035253;00-0037130,Darius Slay;Isaiah Rodgers;Cooper DeJean;Jalen Carter;Moro Ojomo;Oren Burks;Josh Sweat;Zack Baun;Nolan Smith;C.J. Gardner-Johnson;Reed Blankenship
2024_20_LA_PHI,1111,run,9.0,29.0,20.0,LA,2.0,2694.0,29.0,42.0,14:54,14:12,,13.0,7.0,1.0,20.0,"3 CB, 2 DT, 4 OLB, 2 SS",CB;CB;CB;DT;DT;OLB;OLB;OLB;OLB;SS;SS,11,7,0,,,False,00-0039753;00-0036339;00-0039058;00-0026498;00-0037840;00-0032242;00-0036603;00-0033110;00-0032775;00-0033908;00-0039751,Beaux Limmer;Kevin Dotson;Steve Avila;Matthew Stafford;Kyren Williams;Rob Havenstein;Alaric Jackson;Tyler Higbee;Demarcus Robinson;Cooper Kupp;Jordan Whittington,00-0030062;00-0036222;00-0039841;00-0038386;00-0038412;00-0034754;00-0034381;00-0036418;00-0039013;00-0035253;00-0037130,Darius Slay;Isaiah Rodgers;Cooper DeJean;Jalen Carter;Moro Ojomo;Oren Burks;Josh Sweat;Zack Baun;Nolan Smith;C.J. Gardner-Johnson;Reed Blankenship
2024_20_LA_PHI,1133,pass,9.0,20.0,11.0,LA,2.0,2652.0,20.0,39.0,14:12,13:33,,13.0,7.0,2.0,11.0,"3 CB, 2 DT, 4 OLB, 2 SS",CB;CB;CB;DT;DT;OLB;OLB;OLB;OLB;SS;SS,11,6,4,MAN_COVERAGE,COVER_1,False,00-0039753;00-0036339;00-0039058;00-0026498;00-0037840;00-0032242;00-0036603;00-0033110;00-0032775;00-0033908;00-0039751,Beaux Limmer;Kevin Dotson;Steve Avila;Matthew Stafford;Kyren Williams;Rob Havenstein;Alaric Jackson;Tyler Higbee;Demarcus Robinson;Cooper Kupp;Jordan Whittington,00-0030062;00-0036222;00-0039841;00-0038386;00-0038412;00-0034754;00-0034381;00-0036418;00-0039013;00-0035253;00-0037130,Darius Slay;Isaiah Rodgers;Cooper DeJean;Jalen Carter;Moro Ojomo;Oren Burks;Josh Sweat;Zack Baun;Nolan Smith;C.J. Gardner-Johnson;Reed Blankenship
2024_20_LA_PHI,1172,run,-1.0,11.0,12.0,LA,2.0,2613.0,11.0,42.0,13:33,12:51,,13.0,7.0,3.0,2.0,"2 CB, 3 DT, 4 OLB, 2 SS",CB;CB;DT;DT;DT;OLB;OLB;OLB;OLB;SS;SS,11,7,0,,,False,00-0039753;00-0036339;00-0039058;00-0026498;00-0037840;00-0032242;00-0036603;00-0036244;00-0037004;00-0039074;00-0039075,Beaux Limmer;Kevin Dotson;Steve Avila;Matthew Stafford;Kyren Williams;Rob Havenstein;Alaric Jackson;Colby Parkinson;Hunter Long;Davis Allen;Puka Nacua,00-0030062;00-0036222;00-0036916;00-0037073;00-0038386;00-0034754;00-0034381;00-0036418;00-0039013;00-0035253;00-0037130,Darius Slay;Isaiah Rodgers;Milton Williams;Jordan Davis;Jalen Carter;Oren Burks;Josh Sweat;Zack Baun;Nolan Smith;C.J. Gardner-Johnson;Reed Blankenship
2024_20_LA_PHI,1194,field_goal,0.0,12.0,12.0,LA,2.0,2571.0,12.0,4.0,12:51,12:47,,13.0,10.0,4.0,3.0,"3 CB, 5 DT, 1 ILB, 1 OLB, 1 SS",CB;CB;CB;DT;DT;DT;DT;DT;ILB;OLB;SS,11,0,0,,,False,00-0036258;00-0039753;00-0036339;00-0039058;00-0039750;00-0038360;00-0035933;00-0039059;00-0036603;00-0039077;00-0037004,Jonah Jackson;Beaux Limmer;Kevin Dotson;Steve Avila;Joshua Karty;Alex Ward;Michael Hoecht;Ethan Evans;Alaric Jackson;Warren McClendon Jr.;Hunter Long,00-0036222;00-0039140;00-0039841;00-0036916;00-0037073;00-0037262;00-0038386;00-0038412;00-0039826;00-0034754;00-0039002,Isaiah Rodgers;Kelee Ringo;Cooper DeJean;Milton Williams;Jordan Davis;Thomas Booker;Jalen Carter;Moro Ojomo;Jeremiah Trotter Jr.;Oren Burks;Sydney Brown
2024_20_LA_PHI,1214,kickoff,0.0,35.0,35.0,PHI,2.0,2567.0,35.0,11.0,12:47,12:36,,13.0,10.0,,0.0,"2 CB, 2 FS, 2 ILB, 1 OLB, 1 P, 1 TE, 2 WR",CB;CB;FS;FS;ILB;ILB;OLB;P;TE;WR;WR,11,0,0,,,False,00-0034377;00-0039140;00-0035099;00-0037461;00-0033445;00-0039826;00-0039740;00-0036919;00-0039746;00-0038498;00-0039236,Avonte Maddox;Kelee Ringo;Khari Blasingame;Tristin McCollum;Nicholas Morrow;Jeremiah Trotter Jr.;Jalyx Hunt;Kenneth Gainwell;Will Shipley;E.J. Jenkins;Johnny Wilson,00-0037839;00-0039772;00-0039834;00-0039776;00-0037633;00-0039774;00-0035933;00-0039059;00-0037004;00-0038359;00-0039751,Cobie Durant;Josh Wallace;Kamren Kinchens;Jaylen McCollough;Jacob Hummel;Omar Speights;Michael Hoecht;Ethan Evans;Hunter Long;Xavier Smith;Jordan Whittington
2024_20_LA_PHI,1249,run,1.0,57.0,56.0,PHI,2.0,2556.0,57.0,46.0,12:36,11:50,,13.0,10.0,1.0,10.0,"2 CB, 1 DE, 1 FS, 2 ILB, 2 NT, 2 OLB, 1 SS",CB;CB;DE;FS;ILB;ILB;NT;NT;OLB;OLB;SS,11,6,0,,,False,00-0037002;00-0038112;00-0036389;00-0034844;00-0030561;00-0034429;00-0036284;00-0034351;00-0037086;00-0038498;00-0035676,Landon Dickerson;Cam Jurgens;Jalen Hurts;Saquon Barkley;Lane Johnson;Jordan Mailata;Mekhi Becton;Dallas Goedert;Grant Calcaterra;E.J. Jenkins;A.J. Brown,00-0033783;00-0034203;00-0039749;00-0037841;00-0035942;00-0039774;00-0036366;00-0036903;00-0035933;00-0037057;00-0036349,Ahkello Witherspoon;Darious Williams;Tyler Davis;Quentin Lake;Christian Rozeboom;Omar Speights;Neville Gallimore;Bobby Brown III;Michael Hoecht;Keir Thomas;Kamren Curl
2024_20_LA_PHI,1271,run,6.0,56.0,50.0,PHI,2.0,2510.0,56.0,40.0,11:50,11:10,,13.0,10.0,2.0,9.0,"2 CB, 2 FS, 2 ILB, 2 NT, 2 OLB, 1 SS",CB;CB;FS;FS;ILB;ILB;NT;NT;OLB;OLB;SS,11,6,4,MAN_COVERAGE,COVER_1,False,00-0037002;00-0038112;00-0036389;00-0034844;00-0030561;00-0034429;00-0036284;00-0034351;00-0035676;00-0036912;00-0037741,Landon Dickerson;Cam Jurgens;Jalen Hurts;Saquon Barkley;Lane Johnson;Jordan Mailata;Mekhi Becton;Dallas Goedert;A.J. Brown;DeVonta Smith;Jahan Dotson,00-0033783;00-0034203;00-0037841;00-0039834;00-0035942;00-0039774;00-0036366;00-0039138;00-0035933;00-0037057;00-0036349,Ahkello Witherspoon;Darious Williams;Quentin Lake;Kamren Kinchens;Christian Rozeboom;Omar Speights;Neville Gallimore;Kobie Turner;Michael Hoecht;Keir Thomas;Kamren Curl
2024_20_LA_PHI,1293,pass,5.0,50.0,45.0,PHI,2.0,2470.0,50.0,25.0,11:10,10:45,,13.0,10.0,3.0,3.0,"2 CB, 2 FS, 2 ILB, 2 NT, 2 OLB, 1 SS",CB;CB;FS;FS;ILB;ILB;NT;NT;OLB;OLB;SS,11,6,5,MAN_COVERAGE,COVER_1,False,00-0037002;00-0038112;00-0036389;00-0034844;00-0030561;00-0034429;00-0036284;00-0034351;00-0035676;00-0036912;00-0037741,Landon Dickerson;Cam Jurgens;Jalen Hurts;Saquon Barkley;Lane Johnson;Jordan Mailata;Mekhi Becton;Dallas Goedert;A.J. Brown;DeVonta Smith;Jahan Dotson,00-0033783;00-0034203;00-0037841;00-0039834;00-0035942;00-0039774;00-0036366;00-0039138;00-0035933;00-0037057;00-0036349,Ahkello Witherspoon;Darious Williams;Quentin Lake;Kamren Kinchens;Christian Rozeboom;Omar Speights;Neville Gallimore;Kobie Turner;Michael Hoecht;Keir Thomas;Kamren Curl
2024_20_LA_PHI,1318,run,6.0,45.0,39.0,PHI,2.0,2445.0,45.0,31.0,10:45,10:14,,13.0,10.0,1.0,10.0,"2 CB, 2 FS, 2 ILB, 2 NT, 2 OLB, 1 SS",CB;CB;FS;FS;ILB;ILB;NT;NT;OLB;OLB;SS,11,6,0,,,False,00-0037002;00-0038112;00-0036389;00-0034844;00-0030561;00-0034429;00-0036284;00-0034351;00-0035676;00-0036912;00-0037741,Landon Dickerson;Cam Jurgens;Jalen Hurts;Saquon Barkley;Lane Johnson;Jordan Mailata;Mekhi Becton;Dallas Goedert;A.J. Brown;DeVonta Smith;Jahan Dotson,00-0033783;00-0034203;00-0037841;00-0039834;00-0035942;00-0039774;00-0036366;00-0039138;00-0035933;00-0037057;00-0036349,Ahkello Witherspoon;Darious Williams;Quentin Lake;Kamren Kinchens;Christian Rozeboom;Omar Speights;Neville Gallimore;Kobie Turner;Michael Hoecht;Keir Thomas;Kamren Curl
2024_20_LA_PHI,1340,run,7.0,39.0,32.0,PHI,2.0,2414.0,39.0,27.0,10:14,9:47,,13.0,10.0,2.0,4.0,"2 CB, 2 FS, 2 ILB, 2 NT, 2 OLB, 1 SS",CB;CB;FS;FS;ILB;ILB;NT;NT;OLB;OLB;SS,11,6,0,,,False,00-0037002;00-0038112;00-0036389;00-0034844;00-0030561;00-0034429;00-0036284;00-0034351;00-0035676;00-0036912;00-0037741,Landon Dickerson;Cam Jurgens;Jalen Hurts;Saquon Barkley;Lane Johnson;Jordan Mailata;Mekhi Becton;Dallas Goedert;A.J. Brown;DeVonta Smith;Jahan Dotson,00-0033783;00-0034203;00-0037841;00-0039834;00-0035942;00-0039774;00-0036366;00-0039138;00-0035933;00-0037057;00-0036349,Ahkello Witherspoon;Darious Williams;Quentin Lake;Kamren Kinchens;Christian Rozeboom;Omar Speights;Neville Gallimore;Kobie Turner;Michael Hoecht;Keir Thomas;Kamren Curl
2024_20_LA_PHI,1362,run,2.0,32.0,30.0,PHI,2.0,2387.0,32.0,38.0,9:47,9:09,,13.0,10.0,1.0,10.0,"2 CB, 2 FS, 2 ILB, 2 NT, 2 OLB, 1 SS",CB;CB;FS;FS;ILB;ILB;NT;NT;OLB;OLB;SS,11,6,0,,,False,00-0037002;00-0038112;00-0036389;00-0034844;00-0030561;00-0034429;00-0036284;00-0034351;00-0035676;00-0036912;00-0037741,Landon Dickerson;Cam Jurgens;Jalen Hurts;Saquon Barkley;Lane Johnson;Jordan Mailata;Mekhi Becton;Dallas Goedert;A.J. Brown;DeVonta Smith;Jahan Dotson,00-0033783;00-0034203;00-0037841;00-0039834;00-0035942;00-0039774;00-0036366;00-0039138;00-0035933;00-0037057;00-0036349,Ahkello Witherspoon;Darious Williams;Quentin Lake;Kamren Kinchens;Christian Rozeboom;Omar Speights;Neville Gallimore;Kobie Turner;Michael Hoecht;Keir Thomas;Kamren Curl
2024_20_LA_PHI,1384,pass,0.0,30.0,30.0,PHI,2.0,2349.0,30.0,5.0,9:09,9:04,,13.0,10.0,2.0,8.0,"2 CB, 1 DE, 2 FS, 2 ILB, 1 NT, 2 OLB, 1 SS",CB;CB;DE;FS;FS;ILB;ILB;NT;OLB;OLB;SS,11,7,5,MAN_COVERAGE,COVER_1,False,00-0037002;00-0038112;00-0036389;00-0034844;00-0030561;00-0034429;00-0036284;00-0034351;00-0035676;00-0036912;00-0037741,Landon Dickerson;Cam Jurgens;Jalen Hurts;Saquon Barkley;Lane Johnson;Jordan Mailata;Mekhi Becton;Dallas Goedert;A.J. Brown;DeVonta Smith;Jahan Dotson,00-0033783;00-0034203;00-0039749;00-0037841;00-0039834;00-0035942;00-0039774;00-0036903;00-0035933;00-0037057;00-0036349,Ahkello Witherspoon;Darious Williams;Tyler Davis;Quentin Lake;Kamren Kinchens;Christian Rozeboom;Omar Speights;Bobby Brown III;Michael Hoecht;Keir Thomas;Kamren Curl
2024_20_LA_PHI,1407,pass,-9.0,30.0,39.0,PHI,2.0,2344.0,30.0,40.0,9:04,8:24,,13.0,10.0,3.0,8.0,"2 CB, 1 DT, 3 FS, 1 NT, 3 OLB, 1 SS",CB;CB;DT;FS;FS;FS;NT;OLB;OLB;OLB;SS,11,7,4,ZONE_COVERAGE,COVER_6,True,00-0037002;00-0038112;00-0036389;00-0036919;00-0030561;00-0034429;00-0036284;00-0034351;00-0035676;00-0036912;00-0037741,Landon Dickerson;Cam Jurgens;Jalen Hurts;Kenneth Gainwell;Lane Johnson;Jordan Mailata;Mekhi Becton;Dallas Goedert;A.J. Brown;DeVonta Smith;Jahan Dotson,00-0033783;00-0034203;00-0039061;00-0037841;00-0039834;00-0039776;00-0039138;00-0035933;00-0039137;00-0039852;00-0036349,Ahkello Witherspoon;Darious Williams;Desjuan Johnson;Quentin Lake;Kamren Kinchens;Jaylen McCollough;Kobie Turner;Michael Hoecht;Byron Young;Jared Verse;Kamren Curl
2024_20_LA_PHI,1427,punt,0.0,39.0,39.0,PHI,2.0,2304.0,39.0,10.0,8:24,8:14,,13.0,10.0,4.0,17.0,"2 CB, 1 DE, 2 FS, 1 ILB, 2 NT, 2 OLB, 1 WR",CB;CB;DE;FS;FS;ILB;NT;NT;OLB;OLB;WR,11,0,0,,,False,00-0039140;00-0035099;00-0039826;00-0031911;00-0034754;00-0036418;00-0039740;00-0036313;00-0039746;00-0039002;00-0038498,Kelee Ringo;Khari Blasingame;Jeremiah Trotter Jr.;Rick Lovato;Oren Burks;Zack Baun;Jalyx Hunt;Braden Mann;Will Shipley;Sydney Brown;E.J. Jenkins,00-0037839;00-0039772;00-0039749;00-0037841;00-0039776;00-0035942;00-0036366;00-0039138;00-0035933;00-0039137;00-0038359,Cobie Durant;Josh Wallace;Tyler Davis;Quentin Lake;Jaylen McCollough;Christian Rozeboom;Neville Gallimore;Kobie Turner;Michael Hoecht;Byron Young;Xavier Smith
2024_20_LA_PHI,1447,run,8.0,93.0,85.0,LA,2.0,2294.0,93.0,38.0,8:14,7:36,,13.0,10.0,1.0,10.0,"3 CB, 2 DT, 4 OLB, 2 SS",CB;CB;CB;DT;DT;OLB;OLB;OLB;OLB;SS;SS,11,6,0,,,False,00-0039753;00-0036339;00-0039058;00-0026498;00-0037840;00-0032242;00-0036603;00-0037004;00-0032775;00-0033908;00-0039075,Beaux Limmer;Kevin Dotson;Steve Avila;Matthew Stafford;Kyren Williams;Rob Havenstein;Alaric Jackson;Hunter Long;Demarcus Robinson;Cooper Kupp;Puka Nacua,00-0030062;00-0036222;00-0039841;00-0036916;00-0038386;00-0034754;00-0034381;00-0036418;00-0039013;00-0035253;00-0037130,Darius Slay;Isaiah Rodgers;Cooper DeJean;Milton Williams;Jalen Carter;Oren Burks;Josh Sweat;Zack Baun;Nolan Smith;C.J. Gardner-Johnson;Reed Blankenship
2024_20_LA_PHI,1476,pass,20.0,85.0,65.0,LA,2.0,2256.0,85.0,50.0,7:36,6:46,,13.0,10.0,2.0,2.0,"3 CB, 2 DT, 4 OLB, 2 SS",CB;CB;CB;DT;DT;OLB;OLB;OLB;OLB;SS;SS,11,6,4,MAN_COVERAGE,COVER_1,True,00-0039753;00-0036339;00-0039058;00-0026498;00-0037840;00-0032242;00-0036603;00-0033110;00-0032775;00-0033908;00-0039075,Beaux Limmer;Kevin Dotson;Steve Avila;Matthew Stafford;Kyren Williams;Rob Havenstein;Alaric Jackson;Tyler Higbee;Demarcus Robinson;Cooper Kupp;Puka Nacua,00-0030062;00-0036222;00-0039841;00-0036916;00-0038386;00-0034754;00-0034381;00-0036418;00-0039013;00-0035253;00-0037130,Darius Slay;Isaiah Rodgers;Cooper DeJean;Milton Williams;Jalen Carter;Oren Burks;Josh Sweat;Zack Baun;Nolan Smith;C.J. Gardner-Johnson;Reed Blankenship
2024_20_LA_PHI,1501,pass,0.0,65.0,65.0,LA,2.0,2206.0,65.0,6.0,6:46,6:40,,13.0,10.0,1.0,10.0,"3 CB, 2 DT, 4 OLB, 2 SS",CB;CB;CB;DT;DT;OLB;OLB;OLB;OLB;SS;SS,11,6,4,MAN_COVERAGE,2_MAN,True,00-0039753;00-0036339;00-0039058;00-0026498;00-0037840;00-0032242;00-0036603;00-0033110;00-0032775;00-0033908;00-0039075,Beaux Limmer;Kevin Dotson;Steve Avila;Matthew Stafford;Kyren Williams;Rob Havenstein;Alaric Jackson;Tyler Higbee;Demarcus Robinson;Cooper Kupp;Puka Nacua,00-0030062;00-0036222;00-0039841;00-0036916;00-0038386;00-0034754;00-0034381;00-0036418;00-0039013;00-0035253;00-0037130,Darius Slay;Isaiah Rodgers;Cooper DeJean;Milton Williams;Jalen Carter;Oren Burks;Josh Sweat;Zack Baun;Nolan Smith;C.J. Gardner-Johnson;Reed Blankenship
2024_20_LA_PHI,1524,pass,9.0,65.0,56.0,LA,2.0,2200.0,65.0,35.0,6:40,6:05,,13.0,10.0,2.0,10.0,"3 CB, 2 DT, 4 OLB, 2 SS",CB;CB;CB;DT;DT;OLB;OLB;OLB;OLB;SS;SS,11,6,4,ZONE_COVERAGE,COVER_3,False,00-0039753;00-0036339;00-0039058;00-0026498;00-0037840;00-0032242;00-0036603;00-0033110;00-0032775;00-0033908;00-0039075,Beaux Limmer;Kevin Dotson;Steve Avila;Matthew Stafford;Kyren Williams;Rob Havenstein;Alaric Jackson;Tyler Higbee;Demarcus Robinson;Cooper Kupp;Puka Nacua,00-0030062;00-0036222;00-0039841;00-0036916;00-0038386;00-0034754;00-0034381;00-0036418;00-0039013;00-0035253;00-0037130,Darius Slay;Isaiah Rodgers;Cooper DeJean;Milton Williams;Jalen Carter;Oren Burks;Josh Sweat;Zack Baun;Nolan Smith;C.J. Gardner-Johnson;Reed Blankenship
2024_20_LA_PHI,1549,run,-2.0,56.0,58.0,LA,2.0,2165.0,56.0,39.0,6:05,5:26,,13.0,10.0,3.0,1.0,"3 CB, 2 DT, 4 OLB, 2 SS",CB;CB;CB;DT;DT;OLB;OLB;OLB;OLB;SS;SS,11,7,0,,,False,00-0039753;00-0036339;00-0039058;00-0026498;00-0037840;00-0032242;00-0036603;00-0033110;00-0032775;00-0033908;00-0039075,Beaux Limmer;Kevin Dotson;Steve Avila;Matthew Stafford;Kyren Williams;Rob Havenstein;Alaric Jackson;Tyler Higbee;Demarcus Robinson;Cooper Kupp;Puka Nacua,00-0030062;00-0036222;00-0039841;00-0036916;00-0038386;00-0034754;00-0034381;00-0036418;00-0039013;00-0035253;00-0037130,Darius Slay;Isaiah Rodgers;Cooper DeJean;Milton Williams;Jalen Carter;Oren Burks;Josh Sweat;Zack Baun;Nolan Smith;C.J. Gardner-Johnson;Reed Blankenship
2024_20_LA_PHI,1571,punt,0.0,58.0,58.0,LA,2.0,2126.0,58.0,8.0,5:26,5:18,,13.0,10.0,4.0,3.0,"4 CB, 2 DT, 4 OLB, 1 SS",CB;CB;CB;CB;DT;DT;OLB;OLB;OLB;OLB;SS,11,0,0,,,False,00-0035942;00-0037633;00-0039774;00-0038360;00-0039059;00-0037557;00-0036244;00-0037004;00-0039074;00-0038359;00-0039751,Christian Rozeboom;Jacob Hummel;Omar Speights;Alex Ward;Ethan Evans;Ronnie Rivers;Colby Parkinson;Hunter Long;Davis Allen;Xavier Smith;Jordan Whittington,00-0034377;00-0036222;00-0039140;00-0039841;00-0036916;00-0038386;00-0034754;00-0034381;00-0036418;00-0039013;00-0037130,Avonte Maddox;Isaiah Rodgers;Kelee Ringo;Cooper DeJean;Milton Williams;Jalen Carter;Oren Burks;Josh Sweat;Zack Baun;Nolan Smith;Reed Blankenship
2024_20_LA_PHI,1610,run,2.0,91.0,89.0,PHI,2.0,2118.0,91.0,40.0,5:18,4:38,,13.0,10.0,1.0,10.0,"2 CB, 1 DE, 2 FS, 2 ILB, 1 NT, 2 OLB, 1 SS",CB;CB;DE;FS;FS;ILB;ILB;NT;OLB;OLB;SS,11,7,0,,,False,00-0037002;00-0038112;00-0036389;00-0034844;00-0030561;00-0034429;00-0036284;00-0034351;00-0035676;00-0036912;00-0039236,Landon Dickerson;Cam Jurgens;Jalen Hurts;Saquon Barkley;Lane Johnson;Jordan Mailata;Mekhi Becton;Dallas Goedert;A.J. Brown;DeVonta Smith;Johnny Wilson,00-0033783;00-0037839;00-0039749;00-0037841;00-0039834;00-0035942;00-0039774;00-0036903;00-0039137;00-0039852;00-0036349,Ahkello Witherspoon;Cobie Durant;Tyler Davis;Quentin Lake;Kamren Kinchens;Christian Rozeboom;Omar Speights;Bobby Brown III;Byron Young;Jared Verse;Kamren Curl
2024_20_LA_PHI,1639,no_play,0.0,89.0,89.0,PHI,2.0,2078.0,89.0,19.0,4:38,4:19,,13.0,10.0,2.0,8.0,"2 CB, 1 DT, 2 FS, 2 ILB, 1 NT, 2 OLB, 1 SS",CB;CB;DT;FS;FS;ILB;ILB;NT;OLB;OLB;SS,11,0,0,,,False,00-0037002;00-0038112;00-0036389;00-0034844;00-0030561;00-0034429;00-0036284;00-0034351;00-0037086;00-0035676;00-0036912,Landon Dickerson;Cam Jurgens;Jalen Hurts;Saquon Barkley;Lane Johnson;Jordan Mailata;Mekhi Becton;Dallas Goedert;Grant Calcaterra;A.J. Brown;DeVonta Smith,00-0033783;00-0037839;00-0039061;00-0037841;00-0039834;00-0035942;00-0039774;00-0039138;00-0039137;00-0039852;00-0036349,Ahkello Witherspoon;Cobie Durant;Desjuan Johnson;Quentin Lake;Kamren Kinchens;Christian Rozeboom;Omar Speights;Kobie Turner;Byron Young;Jared Verse;Kamren Curl
2024_20_LA_PHI,1679,run,-1.0,94.0,95.0,PHI,2.0,2059.0,94.0,44.0,4:19,3:35,,13.0,10.0,2.0,13.0,"2 CB, 1 DT, 3 FS, 1 ILB, 1 NT, 2 OLB, 1 SS",CB;CB;DT;FS;FS;FS;ILB;NT;OLB;OLB;SS,11,6,0,,,False,00-0037002;00-0038112;00-0036389;00-0034844;00-0030561;00-0034429;00-0036284;00-0034351;00-0035676;00-0036912;00-0039236,Landon Dickerson;Cam Jurgens;Jalen Hurts;Saquon Barkley;Lane Johnson;Jordan Mailata;Mekhi Becton;Dallas Goedert;A.J. Brown;DeVonta Smith;Johnny Wilson,00-0033783;00-0037839;00-0039061;00-0037841;00-0039834;00-0039776;00-0035942;00-0039138;00-0039137;00-0039852;00-0036349,Ahkello Witherspoon;Cobie Durant;Desjuan Johnson;Quentin Lake;Kamren Kinchens;Jaylen McCollough;Christian Rozeboom;Kobie Turner;Byron Young;Jared Verse;Kamren Curl
2024_20_LA_PHI,1701,pass,16.0,95.0,79.0,PHI,2.0,2015.0,95.0,40.0,3:35,2:55,,13.0,10.0,3.0,14.0,"2 CB, 1 DT, 3 FS, 1 ILB, 1 NT, 2 OLB, 1 SS",CB;CB;DT;FS;FS;FS;ILB;NT;OLB;OLB;SS,11,6,5,MAN_COVERAGE,COVER_1,True,00-0037002;00-0038112;00-0036389;00-0034844;00-0030561;00-0034429;00-0036284;00-0034351;00-0035676;00-0036912;00-0037741,Landon Dickerson;Cam Jurgens;Jalen Hurts;Saquon Barkley;Lane Johnson;Jordan Mailata;Mekhi Becton;Dallas Goedert;A.J. Brown;DeVonta Smith;Jahan Dotson,00-0033783;00-0037839;00-0039061;00-0037841;00-0039834;00-0039776;00-0035942;00-0039138;00-0039137;00-0039852;00-0036349,Ahkello Witherspoon;Cobie Durant;Desjuan Johnson;Quentin Lake;Kamren Kinchens;Jaylen McCollough;Christian Rozeboom;Kobie Turner;Byron Young;Jared Verse;Kamren Curl
2024_20_LA_PHI,1726,pass,10.0,79.0,69.0,PHI,2.0,1975.0,79.0,36.0,2:55,2:19,,13.0,10.0,1.0,10.0,"2 CB, 1 DE, 2 FS, 2 ILB, 1 NT, 2 OLB, 1 SS",CB;CB;DE;FS;FS;ILB;ILB;NT;OLB;OLB;SS,11,6,4,ZONE_COVERAGE,COVER_2,False,00-0037002;00-0038112;00-0036389;00-0036919;00-0030561;00-0034429;00-0036284;00-0034351;00-0035676;00-0036912;00-0037741,Landon Dickerson;Cam Jurgens;Jalen Hurts;Kenneth Gainwell;Lane Johnson;Jordan Mailata;Mekhi Becton;Dallas Goedert;A.J. Brown;DeVonta Smith;Jahan Dotson,00-0033783;00-0037839;00-0039749;00-0037841;00-0039834;00-0035942;00-0039774;00-0036903;00-0035933;00-0039137;00-0036349,Ahkello Witherspoon;Cobie Durant;Tyler Davis;Quentin Lake;Kamren Kinchens;Christian Rozeboom;Omar Speights;Bobby Brown III;Michael Hoecht;Byron Young;Kamren Curl
2024_20_LA_PHI,1756,run,10.0,69.0,59.0,PHI,2.0,1939.0,69.0,19.0,2:19,2:00,,13.0,10.0,1.0,10.0,"2 CB, 1 DE, 2 FS, 2 ILB, 1 NT, 2 OLB, 1 SS",CB;CB;DE;FS;FS;ILB;ILB;NT;OLB;OLB;SS,11,6,0,,,False,00-0037002;00-0038112;00-0036389;00-0036919;00-0030561;00-0034429;00-0036284;00-0034351;00-0035676;00-0036912;00-0037741,Landon Dickerson;Cam Jurgens;Jalen Hurts;Kenneth Gainwell;Lane Johnson;Jordan Mailata;Mekhi Becton;Dallas Goedert;A.J. Brown;DeVonta Smith;Jahan Dotson,00-0033783;00-0037839;00-0039749;00-0037841;00-0039834;00-0035942;00-0039774;00-0036903;00-0035933;00-0039137;00-0036349,Ahkello Witherspoon;Cobie Durant;Tyler Davis;Quentin Lake;Kamren Kinchens;Christian Rozeboom;Omar Speights;Bobby Brown III;Michael Hoecht;Byron Young;Kamren Curl
2024_20_LA_PHI,1778,pass,2.0,59.0,57.0,PHI,2.0,1920.0,59.0,23.0,2:00,1:37,,13.0,10.0,1.0,10.0,"2 CB, 1 DT, 2 FS, 2 ILB, 1 NT, 2 OLB, 1 SS",CB;CB;DT;FS;FS;ILB;ILB;NT;OLB;OLB;SS,11,7,5,ZONE_COVERAGE,COVER_3,False,00-0037002;00-0038112;00-0036389;00-0034844;00-0030561;00-0034429;00-0036284;00-0034351;00-0035676;00-0036912;00-0037741,Landon Dickerson;Cam Jurgens;Jalen Hurts;Saquon Barkley;Lane Johnson;Jordan Mailata;Mekhi Becton;Dallas Goedert;A.J. Brown;DeVonta Smith;Jahan Dotson,00-0033783;00-0037839;00-0039061;00-0037841;00-0039834;00-0035942;00-0039774;00-0039138;00-0039137;00-0039852;00-0036349,Ahkello Witherspoon;Cobie Durant;Desjuan Johnson;Quentin Lake;Kamren Kinchens;Christian Rozeboom;Omar Speights;Kobie Turner;Byron Young;Jared Verse;Kamren Curl
2024_20_LA_PHI,1810,run,11.0,57.0,46.0,PHI,2.0,1897.0,57.0,8.0,1:37,1:29,,13.0,10.0,2.0,8.0,"2 CB, 1 DT, 2 FS, 2 ILB, 1 NT, 2 OLB, 1 SS",CB;CB;DT;FS;FS;ILB;ILB;NT;OLB;OLB;SS,11,6,4,MAN_COVERAGE,COVER_1,False,00-0037002;00-0038112;00-0036389;00-0034844;00-0030561;00-0034429;00-0036284;00-0034351;00-0035676;00-0036912;00-0037741,Landon Dickerson;Cam Jurgens;Jalen Hurts;Saquon Barkley;Lane Johnson;Jordan Mailata;Mekhi Becton;Dallas Goedert;A.J. Brown;DeVonta Smith;Jahan Dotson,00-0033783;00-0037839;00-0039061;00-0037841;00-0039834;00-0035942;00-0039774;00-0039138;00-0039137;00-0039852;00-0036349,Ahkello Witherspoon;Cobie Durant;Desjuan Johnson;Quentin Lake;Kamren Kinchens;Christian Rozeboom;Omar Speights;Kobie Turner;Byron Young;Jared Verse;Kamren Curl
2024_20_LA_PHI,1837,run,9.0,46.0,37.0,PHI,2.0,1889.0,46.0,25.0,1:29,1:04,,13.0,10.0,1.0,10.0,"2 CB, 1 DT, 2 FS, 2 ILB, 1 NT, 2 OLB, 1 SS",CB;CB;DT;FS;FS;ILB;ILB;NT;OLB;OLB;SS,11,6,0,,,False,00-0037002;00-0038112;00-0036389;00-0034844;00-0030561;00-0034429;00-0036284;00-0034351;00-0035676;00-0036912;00-0037741,Landon Dickerson;Cam Jurgens;Jalen Hurts;Saquon Barkley;Lane Johnson;Jordan Mailata;Mekhi Becton;Dallas Goedert;A.J. Brown;DeVonta Smith;Jahan Dotson,00-0033783;00-0037839;00-0039061;00-0037841;00-0039834;00-0035942;00-0039774;00-0039138;00-0035933;00-0039852;00-0036349,Ahkello Witherspoon;Cobie Durant;Desjuan Johnson;Quentin Lake;Kamren Kinchens;Christian Rozeboom;Omar Speights;Kobie Turner;Michael Hoecht;Jared Verse;Kamren Curl
2024_20_LA_PHI,1859,pass,0.0,37.0,37.0,PHI,2.0,1864.0,37.0,7.0,1:04,0:57,,13.0,10.0,2.0,1.0,"2 CB, 1 DT, 2 FS, 2 ILB, 1 NT, 2 OLB, 1 SS",CB;CB;DT;FS;FS;ILB;ILB;NT;OLB;OLB;SS,11,6,4,MAN_COVERAGE,COVER_1,False,00-0037002;00-0038112;00-0036389;00-0034844;00-0030561;00-0034429;00-0036284;00-0034351;00-0035676;00-0036912;00-0037741,Landon Dickerson;Cam Jurgens;Jalen Hurts;Saquon Barkley;Lane Johnson;Jordan Mailata;Mekhi Becton;Dallas Goedert;A.J. Brown;DeVonta Smith;Jahan Dotson,00-0033783;00-0037839;00-0039061;00-0037841;00-0039834;00-0035942;00-0039774;00-0039138;00-0035933;00-0039852;00-0036349,Ahkello Witherspoon;Cobie Durant;Desjuan Johnson;Quentin Lake;Kamren Kinchens;Christian Rozeboom;Omar Speights;Kobie Turner;Michael Hoecht;Jared Verse;Kamren Curl
2024_20_LA_PHI,1882,run,3.0,37.0,34.0,PHI,2.0,1857.0,37.0,0.0,0:57,0:57,,13.0,10.0,3.0,1.0,"2 CB, 1 DT, 2 FS, 2 ILB, 1 NT, 2 OLB, 1 SS",CB;CB;DT;FS;FS;ILB;ILB;NT;OLB;OLB;SS,11,7,0,,,False,00-0037002;00-0038112;00-0036389;00-0034844;00-0030561;00-0034429;00-0036284;00-0034351;00-0035676;00-0036912;00-0037741,Landon Dickerson;Cam Jurgens;Jalen Hurts;Saquon Barkley;Lane Johnson;Jordan Mailata;Mekhi Becton;Dallas Goedert;A.J. Brown;DeVonta Smith;Jahan Dotson,00-0033783;00-0037839;00-0039061;00-0037841;00-0039834;00-0035942;00-0039774;00-0039138;00-0035933;00-0039852;00-0036349,Ahkello Witherspoon;Cobie Durant;Desjuan Johnson;Quentin Lake;Kamren Kinchens;Christian Rozeboom;Omar Speights;Kobie Turner;Michael Hoecht;Jared Verse;Kamren Curl
2024_20_LA_PHI,1894,timeout,0.0,,,,2.0,1857.0,,22.0,0:57,0:35,PHI,13.0,10.0,,0.0,,,,,,,,,,,,
2024_20_LA_PHI,1911,pass,2.0,34.0,32.0,PHI,2.0,1835.0,34.0,5.0,0:35,0:30,,13.0,10.0,1.0,10.0,"2 CB, 1 DT, 2 FS, 2 ILB, 1 NT, 2 OLB, 1 SS",CB;CB;DT;FS;FS;ILB;ILB;NT;OLB;OLB;SS,11,5,4,ZONE_COVERAGE,COVER_3,False,00-0037002;00-0038112;00-0036389;00-0034844;00-0030561;00-0034429;00-0036284;00-0034351;00-0035676;00-0036912;00-0037741,Landon Dickerson;Cam Jurgens;Jalen Hurts;Saquon Barkley;Lane Johnson;Jordan Mailata;Mekhi Becton;Dallas Goedert;A.J. Brown;DeVonta Smith;Jahan Dotson,00-0033783;00-0037839;00-0039061;00-0037841;00-0039834;00-0035942;00-0039774;00-0039138;00-0035933;00-0039852;00-0036349,Ahkello Witherspoon;Cobie Durant;Desjuan Johnson;Quentin Lake;Kamren Kinchens;Christian Rozeboom;Omar Speights;Kobie Turner;Michael Hoecht;Jared Verse;Kamren Curl
2024_20_LA_PHI,1936,pass,-15.0,32.0,47.0,PHI,2.0,1830.0,32.0,0.0,0:30,0:30,,13.0,10.0,2.0,8.0,"2 CB, 1 DT, 2 FS, 2 ILB, 1 NT, 2 OLB, 1 SS",CB;CB;DT;FS;FS;ILB;ILB;NT;OLB;OLB;SS,11,6,4,ZONE_COVERAGE,COVER_3,True,00-0037002;00-0038112;00-0036389;00-0036919;00-0030561;00-0034429;00-0036284;00-0034351;00-0035676;00-0036912;00-0037741,Landon Dickerson;Cam Jurgens;Jalen Hurts;Kenneth Gainwell;Lane Johnson;Jordan Mailata;Mekhi Becton;Dallas Goedert;A.J. Brown;DeVonta Smith;Jahan Dotson,00-0033783;00-0037839;00-0039061;00-0037841;00-0039834;00-0035942;00-0039774;00-0039138;00-0039137;00-0039852;00-0036349,Ahkello Witherspoon;Cobie Durant;Desjuan Johnson;Quentin Lake;Kamren Kinchens;Christian Rozeboom;Omar Speights;Kobie Turner;Byron Young;Jared Verse;Kamren Curl
2024_20_LA_PHI,1948,timeout,0.0,,,,2.0,1830.0,,27.0,0:30,0:03,PHI,13.0,10.0,,0.0,,,,,,,,,,,,
2024_20_LA_PHI,1973,pass,-8.0,47.0,55.0,PHI,2.0,1803.0,47.0,0.0,0:03,0:03,,13.0,10.0,3.0,23.0,"3 CB, 3 FS, 1 ILB, 1 NT, 2 OLB, 1 SS",CB;CB;CB;FS;FS;FS;ILB;NT;OLB;OLB;SS,11,5,5,MAN_COVERAGE,2_MAN,True,00-0037002;00-0038112;00-0036389;00-0036919;00-0030561;00-0034429;00-0036284;00-0034351;00-0035676;00-0036912;00-0039236,Landon Dickerson;Cam Jurgens;Jalen Hurts;Kenneth Gainwell;Lane Johnson;Jordan Mailata;Mekhi Becton;Dallas Goedert;A.J. Brown;DeVonta Smith;Johnny Wilson,00-0033783;00-0034203;00-0039772;00-0037841;00-0039834;00-0039776;00-0035942;00-0039138;00-0039137;00-0039852;00-0036349,Ahkello Witherspoon;Darious Williams;Josh Wallace;Quentin Lake;Kamren Kinchens;Jaylen McCollough;Christian Rozeboom;Kobie Turner;Byron Young;Jared Verse;Kamren Curl
2024_20_LA_PHI,1985,timeout,0.0,,,,2.0,1803.0,,0.0,0:03,0:03,PHI,13.0,10.0,,0.0,,,,,,,,,,,,
2024_20_LA_PHI,1992,timeout,0.0,,,,2.0,1803.0,,3.0,0:03,0:00,LA,13.0,10.0,,0.0,,,,,,,,,,,,
2024_20_LA_PHI,2007,start_quarter_3,,,,,2.0,1800.0,,0.0,0:00,0:00,,13.0,10.0,,0.0,,,,,,,,,,,,
2024_20_LA_PHI,2027,kickoff,0.0,35.0,35.0,LA,3.0,1800.0,35.0,0.0,15:00,15:00,,13.0,10.0,,0.0,"2 CB, 1 FS, 2 ILB, 1 K, 2 OLB, 2 RB, 1 SS",CB;CB;FS;ILB;ILB;K;OLB;OLB;RB;RB;SS,11,0,0,,,False,00-0039772;00-0039776;00-0037633;00-0039774;00-0037057;00-0037557;00-0039703;00-0036244;00-0037004;00-0039074;00-0039751,Josh Wallace;Jaylen McCollough;Jacob Hummel;Omar Speights;Keir Thomas;Ronnie Rivers;Cody Schrader;Colby Parkinson;Hunter Long;Davis Allen;Jordan Whittington,00-0039140;00-0039841;00-0037461;00-0033445;00-0039826;00-0033787;00-0039013;00-0039740;00-0036919;00-0039746;00-0039002,Kelee Ringo;Cooper DeJean;Tristin McCollum;Nicholas Morrow;Jeremiah Trotter Jr.;Jake Elliott;Nolan Smith;Jalyx Hunt;Kenneth Gainwell;Will Shipley;Sydney Brown
2024_20_LA_PHI,2044,pass,0.0,70.0,70.0,LA,3.0,1800.0,70.0,6.0,15:00,14:54,,13.0,10.0,1.0,10.0,"3 CB, 2 DT, 4 OLB, 2 SS",CB;CB;CB;DT;DT;OLB;OLB;OLB;OLB;SS;SS,11,6,4,MAN_COVERAGE,COVER_1,False,00-0039753;00-0036339;00-0039058;00-0026498;00-0037840;00-0032242;00-0036603;00-0033110;00-0032775;00-0033908;00-0039075,Beaux Limmer;Kevin Dotson;Steve Avila;Matthew Stafford;Kyren Williams;Rob Havenstein;Alaric Jackson;Tyler Higbee;Demarcus Robinson;Cooper Kupp;Puka Nacua,00-0030062;00-0036222;00-0039841;00-0037073;00-0038386;00-0034754;00-0034381;00-0036418;00-0039013;00-0035253;00-0037130,Darius Slay;Isaiah Rodgers;Cooper DeJean;Jordan Davis;Jalen Carter;Oren Burks;Josh Sweat;Zack Baun;Nolan Smith;C.J. Gardner-Johnson;Reed Blankenship
2024_20_LA_PHI,2067,run,2.0,70.0,68.0,LA,3.0,1794.0,70.0,40.0,14:54,14:14,,13.0,10.0,2.0,10.0,"3 CB, 2 DT, 4 OLB, 2 SS",CB;CB;CB;DT;DT;OLB;OLB;OLB;OLB;SS;SS,11,6,0,,,False,00-0039753;00-0036339;00-0039058;00-0026498;00-0037840;00-0032242;00-0036603;00-0033110;00-0032775;00-0033908;00-0039075,Beaux Limmer;Kevin Dotson;Steve Avila;Matthew Stafford;Kyren Williams;Rob Havenstein;Alaric Jackson;Tyler Higbee;Demarcus Robinson;Cooper Kupp;Puka Nacua,00-0030062;00-0036222;00-0039841;00-0037073;00-0038386;00-0034754;00-0034381;00-0036418;00-0039013;00-0035253;00-0037130,Darius Slay;Isaiah Rodgers;Cooper DeJean;Jordan Davis;Jalen Carter;Oren Burks;Josh Sweat;Zack Baun;Nolan Smith;C.J. Gardner-Johnson;Reed Blankenship
2024_20_LA_PHI,2089,pass,5.0,68.0,63.0,LA,3.0,1754.0,68.0,45.0,14:14,13:29,,13.0,10.0,3.0,8.0,"3 CB, 2 DT, 4 OLB, 2 SS",CB;CB;CB;DT;DT;OLB;OLB;OLB;OLB;SS;SS,11,6,4,ZONE_COVERAGE,COVER_3,False,00-0039753;00-0036339;00-0039058;00-0026498;00-0037840;00-0032242;00-0036603;00-0036244;00-0032775;00-0033908;00-0039075,Beaux Limmer;Kevin Dotson;Steve Avila;Matthew Stafford;Kyren Williams;Rob Havenstein;Alaric Jackson;Colby Parkinson;Demarcus Robinson;Cooper Kupp;Puka Nacua,00-0030062;00-0036222;00-0039841;00-0036916;00-0038386;00-0034754;00-0034381;00-0036418;00-0039013;00-0035253;00-0037130,Darius Slay;Isaiah Rodgers;Cooper DeJean;Milton Williams;Jalen Carter;Oren Burks;Josh Sweat;Zack Baun;Nolan Smith;C.J. Gardner-Johnson;Reed Blankenship
2024_20_LA_PHI,2114,punt,0.0,63.0,63.0,LA,3.0,1709.0,63.0,9.0,13:29,13:20,,13.0,10.0,4.0,3.0,"3 CB, 1 DT, 1 FB, 1 FS, 2 ILB, 1 RB, 1 SS, 1 WR",CB;CB;CB;DT;FB;FS;ILB;ILB;RB;SS;WR,11,0,0,,,False,00-0035942;00-0037633;00-0039774;00-0038360;00-0039059;00-0037557;00-0036244;00-0037004;00-0039074;00-0038359;00-0039751,Christian Rozeboom;Jacob Hummel;Omar Speights;Alex Ward;Ethan Evans;Ronnie Rivers;Colby Parkinson;Hunter Long;Davis Allen;Xavier Smith;Jordan Whittington,00-0034377;00-0039140;00-0039841;00-0038412;00-0035099;00-0037461;00-0033445;00-0039826;00-0039746;00-0039002;00-0039236,Avonte Maddox;Kelee Ringo;Cooper DeJean;Moro Ojomo;Khari Blasingame;Tristin McCollum;Nicholas Morrow;Jeremiah Trotter Jr.;Will Shipley;Sydney Brown;Johnny Wilson
2024_20_LA_PHI,2145,pass,7.0,85.0,78.0,PHI,3.0,1700.0,85.0,29.0,13:20,12:51,,13.0,10.0,1.0,10.0,"2 CB, 1 DE, 1 FS, 2 ILB, 2 NT, 2 OLB, 1 SS",CB;CB;DE;FS;ILB;ILB;NT;NT;OLB;OLB;SS,11,8,4,ZONE_COVERAGE,COVER_3,False,00-0037002;00-0038112;00-0036389;00-0034844;00-0030561;00-0034429;00-0036284;00-0034351;00-0037086;00-0035676;00-0036912,Landon Dickerson;Cam Jurgens;Jalen Hurts;Saquon Barkley;Lane Johnson;Jordan Mailata;Mekhi Becton;Dallas Goedert;Grant Calcaterra;A.J. Brown;DeVonta Smith,00-0033783;00-0034203;00-0039749;00-0037841;00-0035942;00-0039774;00-0036366;00-0036903;00-0039137;00-0039852;00-0036349,Ahkello Witherspoon;Darious Williams;Tyler Davis;Quentin Lake;Christian Rozeboom;Omar Speights;Neville Gallimore;Bobby Brown III;Byron Young;Jared Verse;Kamren Curl
2024_20_LA_PHI,2180,run,0.0,78.0,78.0,PHI,3.0,1671.0,78.0,38.0,12:51,12:13,,13.0,10.0,2.0,3.0,"2 CB, 1 DE, 1 FS, 2 ILB, 2 NT, 2 OLB, 1 SS",CB;CB;DE;FS;ILB;ILB;NT;NT;OLB;OLB;SS,11,7,0,,,False,00-0037002;00-0038112;00-0036389;00-0034844;00-0030561;00-0034429;00-0036284;00-0034351;00-0037086;00-0035676;00-0036912,Landon Dickerson;Cam Jurgens;Jalen Hurts;Saquon Barkley;Lane Johnson;Jordan Mailata;Mekhi Becton;Dallas Goedert;Grant Calcaterra;A.J. Brown;DeVonta Smith,00-0033783;00-0034203;00-0039749;00-0037841;00-0035942;00-0039774;00-0036366;00-0036903;00-0039137;00-0039852;00-0036349,Ahkello Witherspoon;Darious Williams;Tyler Davis;Quentin Lake;Christian Rozeboom;Omar Speights;Neville Gallimore;Bobby Brown III;Byron Young;Jared Verse;Kamren Curl
2024_20_LA_PHI,2202,pass,0.0,78.0,78.0,PHI,3.0,1633.0,78.0,4.0,12:13,12:09,,13.0,10.0,3.0,3.0,"2 CB, 1 DT, 2 FS, 2 ILB, 1 NT, 2 OLB, 1 SS",CB;CB;DT;FS;FS;ILB;ILB;NT;OLB;OLB;SS,11,6,4,MAN_COVERAGE,COVER_1,False,00-0037002;00-0038112;00-0036389;00-0034844;00-0030561;00-0034429;00-0036284;00-0034351;00-0035676;00-0036912;00-0037741,Landon Dickerson;Cam Jurgens;Jalen Hurts;Saquon Barkley;Lane Johnson;Jordan Mailata;Mekhi Becton;Dallas Goedert;A.J. Brown;DeVonta Smith;Jahan Dotson,00-0033783;00-0034203;00-0039061;00-0037841;00-0039834;00-0035942;00-0039774;00-0039138;00-0039137;00-0039852;00-0036349,Ahkello Witherspoon;Darious Williams;Desjuan Johnson;Quentin Lake;Kamren Kinchens;Christian Rozeboom;Omar Speights;Kobie Turner;Byron Young;Jared Verse;Kamren Curl
2024_20_LA_PHI,2225,punt,0.0,78.0,78.0,PHI,3.0,1629.0,78.0,10.0,12:09,11:59,,13.0,10.0,4.0,3.0,"2 CB, 2 FS, 1 ILB, 1 OLB, 2 RB, 1 TE, 2 WR",CB;CB;FS;FS;ILB;OLB;RB;RB;TE;WR;WR,11,0,0,,,False,00-0039140;00-0035099;00-0039826;00-0031911;00-0034754;00-0036418;00-0039740;00-0036313;00-0039746;00-0039002;00-0038498,Kelee Ringo;Khari Blasingame;Jeremiah Trotter Jr.;Rick Lovato;Oren Burks;Zack Baun;Jalyx Hunt;Braden Mann;Will Shipley;Sydney Brown;E.J. Jenkins,00-0037839;00-0039772;00-0039834;00-0039776;00-0037633;00-0037057;00-0037557;00-0039703;00-0037004;00-0038359;00-0039751,Cobie Durant;Josh Wallace;Kamren Kinchens;Jaylen McCollough;Jacob Hummel;Keir Thomas;Ronnie Rivers;Cody Schrader;Hunter Long;Xavier Smith;Jordan Whittington
2024_20_LA_PHI,2251,run,6.0,74.0,68.0,LA,3.0,1619.0,74.0,38.0,11:59,11:21,,13.0,10.0,1.0,10.0,"3 CB, 2 DT, 4 OLB, 2 SS",CB;CB;CB;DT;DT;OLB;OLB;OLB;OLB;SS;SS,11,6,0,,,False,00-0039753;00-0036339;00-0039058;00-0026498;00-0037840;00-0032242;00-0036603;00-0039074;00-0032775;00-0033908;00-0039075,Beaux Limmer;Kevin Dotson;Steve Avila;Matthew Stafford;Kyren Williams;Rob Havenstein;Alaric Jackson;Davis Allen;Demarcus Robinson;Cooper Kupp;Puka Nacua,00-0030062;00-0036222;00-0039841;00-0037073;00-0038386;00-0034754;00-0034381;00-0036418;00-0039013;00-0035253;00-0037130,Darius Slay;Isaiah Rodgers;Cooper DeJean;Jordan Davis;Jalen Carter;Oren Burks;Josh Sweat;Zack Baun;Nolan Smith;C.J. Gardner-Johnson;Reed Blankenship
2024_20_LA_PHI,2285,pass,0.0,68.0,68.0,LA,3.0,1581.0,68.0,5.0,11:21,11:16,,13.0,10.0,2.0,4.0,"3 CB, 2 DT, 4 OLB, 2 SS",CB;CB;CB;DT;DT;OLB;OLB;OLB;OLB;SS;SS,11,6,4,MAN_COVERAGE,COVER_1,False,00-0039753;00-0036339;00-0039058;00-0026498;00-0037840;00-0032242;00-0036603;00-0039074;00-0032775;00-0033908;00-0039075,Beaux Limmer;Kevin Dotson;Steve Avila;Matthew Stafford;Kyren Williams;Rob Havenstein;Alaric Jackson;Davis Allen;Demarcus Robinson;Cooper Kupp;Puka Nacua,00-0030062;00-0036222;00-0039841;00-0037073;00-0038386;00-0034754;00-0034381;00-0036418;00-0039013;00-0035253;00-0037130,Darius Slay;Isaiah Rodgers;Cooper DeJean;Jordan Davis;Jalen Carter;Oren Burks;Josh Sweat;Zack Baun;Nolan Smith;C.J. Gardner-Johnson;Reed Blankenship
2024_20_LA_PHI,2308,pass,30.0,68.0,38.0,LA,3.0,1576.0,68.0,42.0,11:16,10:34,,13.0,10.0,3.0,4.0,"3 CB, 2 DT, 4 OLB, 2 SS",CB;CB;CB;DT;DT;OLB;OLB;OLB;OLB;SS;SS,11,6,4,MAN_COVERAGE,COVER_1,False,00-0039753;00-0036339;00-0039058;00-0026498;00-0037840;00-0032242;00-0036603;00-0033110;00-0032775;00-0033908;00-0039751,Beaux Limmer;Kevin Dotson;Steve Avila;Matthew Stafford;Kyren Williams;Rob Havenstein;Alaric Jackson;Tyler Higbee;Demarcus Robinson;Cooper Kupp;Jordan Whittington,00-0030062;00-0036222;00-0039841;00-0036916;00-0038386;00-0034754;00-0034381;00-0036418;00-0039013;00-0035253;00-0037130,Darius Slay;Isaiah Rodgers;Cooper DeJean;Milton Williams;Jalen Carter;Oren Burks;Josh Sweat;Zack Baun;Nolan Smith;C.J. Gardner-Johnson;Reed Blankenship
2024_20_LA_PHI,2333,run,30.0,38.0,8.0,LA,3.0,1534.0,38.0,42.0,10:34,9:52,,13.0,10.0,1.0,10.0,"3 CB, 2 DT, 4 OLB, 2 SS",CB;CB;CB;DT;DT;OLB;OLB;OLB;OLB;SS;SS,11,6,0,,,False,00-0039753;00-0036339;00-0039058;00-0026498;00-0037840;00-0032242;00-0036603;00-0033110;00-0032775;00-0033908;00-0039751,Beaux Limmer;Kevin Dotson;Steve Avila;Matthew Stafford;Kyren Williams;Rob Havenstein;Alaric Jackson;Tyler Higbee;Demarcus Robinson;Cooper Kupp;Jordan Whittington,00-0030062;00-0036222;00-0039841;00-0036916;00-0038386;00-0034754;00-0036418;00-0039013;00-0039740;00-0035253;00-0037130,Darius Slay;Isaiah Rodgers;Cooper DeJean;Milton Williams;Jalen Carter;Oren Burks;Zack Baun;Nolan Smith;Jalyx Hunt;C.J. Gardner-Johnson;Reed Blankenship
2024_20_LA_PHI,2355,run,0.0,8.0,8.0,LA,3.0,1492.0,8.0,43.0,9:52,9:09,,13.0,10.0,1.0,8.0,"3 CB, 2 DT, 4 OLB, 2 SS",CB;CB;CB;DT;DT;OLB;OLB;OLB;OLB;SS;SS,11,6,0,,,False,00-0039753;00-0036339;00-0039058;00-0026498;00-0037840;00-0032242;00-0036603;00-0033110;00-0032775;00-0033908;00-0039075,Beaux Limmer;Kevin Dotson;Steve Avila;Matthew Stafford;Kyren Williams;Rob Havenstein;Alaric Jackson;Tyler Higbee;Demarcus Robinson;Cooper Kupp;Puka Nacua,00-0030062;00-0036222;00-0039841;00-0036916;00-0038386;00-0034754;00-0036418;00-0039013;00-0039740;00-0035253;00-0037130,Darius Slay;Isaiah Rodgers;Cooper DeJean;Milton Williams;Jalen Carter;Oren Burks;Zack Baun;Nolan Smith;Jalyx Hunt;C.J. Gardner-Johnson;Reed Blankenship
2024_20_LA_PHI,2394,pass,2.0,15.0,13.0,LA,3.0,1449.0,15.0,44.0,9:09,8:25,,13.0,10.0,2.0,15.0,"3 CB, 2 DT, 4 OLB, 2 SS",CB;CB;CB;DT;DT;OLB;OLB;OLB;OLB;SS;SS,11,6,4,ZONE_COVERAGE,COVER_3,True,00-0039753;00-0036339;00-0039058;00-0026498;00-0037840;00-0032242;00-0036603;00-0033110;00-0032775;00-0033908;00-0039075,Beaux Limmer;Kevin Dotson;Steve Avila;Matthew Stafford;Kyren Williams;Rob Havenstein;Alaric Jackson;Tyler Higbee;Demarcus Robinson;Cooper Kupp;Puka Nacua,00-0030062;00-0036222;00-0039841;00-0036916;00-0038386;00-0034754;00-0034381;00-0036418;00-0039740;00-0035253;00-0037130,Darius Slay;Isaiah Rodgers;Cooper DeJean;Milton Williams;Jalen Carter;Oren Burks;Josh Sweat;Zack Baun;Jalyx Hunt;C.J. Gardner-Johnson;Reed Blankenship
2024_20_LA_PHI,2419,pass,-3.0,13.0,16.0,LA,3.0,1405.0,13.0,44.0,8:25,7:41,,13.0,10.0,3.0,13.0,"4 CB, 1 DT, 4 OLB, 2 SS",CB;CB;CB;CB;DT;OLB;OLB;OLB;OLB;SS;SS,11,5,3,ZONE_COVERAGE,COVER_9,True,00-0039753;00-0036339;00-0039058;00-0026498;00-0037840;00-0032242;00-0036603;00-0033110;00-0032775;00-0033908;00-0039075,Beaux Limmer;Kevin Dotson;Steve Avila;Matthew Stafford;Kyren Williams;Rob Havenstein;Alaric Jackson;Tyler Higbee;Demarcus Robinson;Cooper Kupp;Puka Nacua,00-0030062;00-0036222;00-0039140;00-0039841;00-0038386;00-0034754;00-0034381;00-0036418;00-0039740;00-0035253;00-0037130,Darius Slay;Isaiah Rodgers;Kelee Ringo;Cooper DeJean;Jalen Carter;Oren Burks;Josh Sweat;Zack Baun;Jalyx Hunt;C.J. Gardner-Johnson;Reed Blankenship
2024_20_LA_PHI,2439,field_goal,0.0,16.0,16.0,LA,3.0,1361.0,16.0,4.0,7:41,7:37,,13.0,13.0,4.0,16.0,"3 CB, 5 DT, 1 ILB, 1 OLB, 1 SS",CB;CB;CB;DT;DT;DT;DT;DT;ILB;OLB;SS,11,0,0,,,False,00-0036258;00-0039753;00-0036339;00-0039058;00-0039750;00-0038360;00-0035933;00-0039059;00-0036603;00-0039077;00-0037004,Jonah Jackson;Beaux Limmer;Kevin Dotson;Steve Avila;Joshua Karty;Alex Ward;Michael Hoecht;Ethan Evans;Alaric Jackson;Warren McClendon Jr.;Hunter Long,00-0036222;00-0039140;00-0039841;00-0036916;00-0037073;00-0037262;00-0038386;00-0038412;00-0039826;00-0034754;00-0039002,Isaiah Rodgers;Kelee Ringo;Cooper DeJean;Milton Williams;Jordan Davis;Thomas Booker;Jalen Carter;Moro Ojomo;Jeremiah Trotter Jr.;Oren Burks;Sydney Brown
2024_20_LA_PHI,2459,kickoff,0.0,35.0,35.0,PHI,3.0,1357.0,35.0,0.0,7:37,7:37,,13.0,13.0,,0.0,"2 CB, 2 FS, 2 ILB, 1 OLB, 1 P, 1 TE, 2 WR",CB;CB;FS;FS;ILB;ILB;OLB;P;TE;WR;WR,11,0,0,,,False,00-0034377;00-0039140;00-0035099;00-0037461;00-0033445;00-0039826;00-0039740;00-0036919;00-0039746;00-0038498;00-0039236,Avonte Maddox;Kelee Ringo;Khari Blasingame;Tristin McCollum;Nicholas Morrow;Jeremiah Trotter Jr.;Jalyx Hunt;Kenneth Gainwell;Will Shipley;E.J. Jenkins;Johnny Wilson,00-0037839;00-0039772;00-0039834;00-0039776;00-0037633;00-0039774;00-0035933;00-0039059;00-0037004;00-0038359;00-0039751,Cobie Durant;Josh Wallace;Kamren Kinchens;Jaylen McCollough;Jacob Hummel;Omar Speights;Michael Hoecht;Ethan Evans;Hunter Long;Xavier Smith;Jordan Whittington
2024_20_LA_PHI,2483,run,1.0,70.0,69.0,PHI,3.0,1357.0,70.0,32.0,7:37,7:05,,13.0,13.0,1.0,10.0,"2 CB, 1 DE, 1 FS, 2 ILB, 2 NT, 2 OLB, 1 SS",CB;CB;DE;FS;ILB;ILB;NT;NT;OLB;OLB;SS,11,7,0,,,False,00-0037002;00-0038112;00-0036389;00-0034844;00-0030561;00-0034429;00-0036284;00-0034351;00-0037086;00-0035676;00-0036912,Landon Dickerson;Cam Jurgens;Jalen Hurts;Saquon Barkley;Lane Johnson;Jordan Mailata;Mekhi Becton;Dallas Goedert;Grant Calcaterra;A.J. Brown;DeVonta Smith,00-0033783;00-0034203;00-0039749;00-0037841;00-0035942;00-0039774;00-0036366;00-0036903;00-0035933;00-0039852;00-0036349,Ahkello Witherspoon;Darious Williams;Tyler Davis;Quentin Lake;Christian Rozeboom;Omar Speights;Neville Gallimore;Bobby Brown III;Michael Hoecht;Jared Verse;Kamren Curl
2024_20_LA_PHI,2505,run,4.0,69.0,65.0,PHI,3.0,1325.0,69.0,44.0,7:05,6:21,,13.0,13.0,2.0,9.0,"2 CB, 1 DE, 1 FS, 2 ILB, 2 NT, 2 OLB, 1 SS",CB;CB;DE;FS;ILB;ILB;NT;NT;OLB;OLB;SS,11,6,4,ZONE_COVERAGE,COVER_2,False,00-0037002;00-0038112;00-0036389;00-0034844;00-0030561;00-0034429;00-0036284;00-0034351;00-0037086;00-0035676;00-0036912,Landon Dickerson;Cam Jurgens;Jalen Hurts;Saquon Barkley;Lane Johnson;Jordan Mailata;Mekhi Becton;Dallas Goedert;Grant Calcaterra;A.J. Brown;DeVonta Smith,00-0033783;00-0034203;00-0039749;00-0037841;00-0035942;00-0039774;00-0036366;00-0036903;00-0035933;00-0039852;00-0036349,Ahkello Witherspoon;Darious Williams;Tyler Davis;Quentin Lake;Christian Rozeboom;Omar Speights;Neville Gallimore;Bobby Brown III;Michael Hoecht;Jared Verse;Kamren Curl
2024_20_LA_PHI,2532,pass,31.0,65.0,34.0,PHI,3.0,1281.0,65.0,39.0,6:21,5:42,,13.0,13.0,3.0,5.0,"2 CB, 1 DT, 3 FS, 1 ILB, 1 NT, 2 OLB, 1 SS",CB;CB;DT;FS;FS;FS;ILB;NT;OLB;OLB;SS,11,5,4,MAN_COVERAGE,COVER_1,False,00-0037002;00-0038112;00-0036389;00-0034844;00-0030561;00-0034429;00-0036284;00-0034351;00-0035676;00-0036912;00-0037741,Landon Dickerson;Cam Jurgens;Jalen Hurts;Saquon Barkley;Lane Johnson;Jordan Mailata;Mekhi Becton;Dallas Goedert;A.J. Brown;DeVonta Smith;Jahan Dotson,00-0033783;00-0034203;00-0039061;00-0037841;00-0039834;00-0039776;00-0035942;00-0039138;00-0039137;00-0039852;00-0036349,Ahkello Witherspoon;Darious Williams;Desjuan Johnson;Quentin Lake;Kamren Kinchens;Jaylen McCollough;Christian Rozeboom;Kobie Turner;Byron Young;Jared Verse;Kamren Curl
2024_20_LA_PHI,2557,pass,5.0,34.0,29.0,PHI,3.0,1242.0,34.0,37.0,5:42,5:05,,13.0,13.0,1.0,10.0,"2 CB, 1 DE, 2 FS, 2 ILB, 1 NT, 2 OLB, 1 SS",CB;CB;DE;FS;FS;ILB;ILB;NT;OLB;OLB;SS,11,7,4,ZONE_COVERAGE,COVER_3,True,00-0037002;00-0038112;00-0036389;00-0034844;00-0030561;00-0034429;00-0036284;00-0034351;00-0035676;00-0036912;00-0037741,Landon Dickerson;Cam Jurgens;Jalen Hurts;Saquon Barkley;Lane Johnson;Jordan Mailata;Mekhi Becton;Dallas Goedert;A.J. Brown;DeVonta Smith;Jahan Dotson,00-0033783;00-0034203;00-0039749;00-0037841;00-0039834;00-0035942;00-0039774;00-0036903;00-0039137;00-0039852;00-0036349,Ahkello Witherspoon;Darious Williams;Tyler Davis;Quentin Lake;Kamren Kinchens;Christian Rozeboom;Omar Speights;Bobby Brown III;Byron Young;Jared Verse;Kamren Curl
2024_20_LA_PHI,2582,run,7.0,29.0,22.0,PHI,3.0,1205.0,29.0,33.0,5:05,4:32,,13.0,13.0,2.0,5.0,"2 CB, 1 DE, 2 FS, 2 ILB, 1 NT, 2 OLB, 1 SS",CB;CB;DE;FS;FS;ILB;ILB;NT;OLB;OLB;SS,11,6,0,,,False,00-0037002;00-0038112;00-0036389;00-0034844;00-0030561;00-0034429;00-0036284;00-0034351;00-0035676;00-0036912;00-0037741,Landon Dickerson;Cam Jurgens;Jalen Hurts;Saquon Barkley;Lane Johnson;Jordan Mailata;Mekhi Becton;Dallas Goedert;A.J. Brown;DeVonta Smith;Jahan Dotson,00-0033783;00-0034203;00-0039749;00-0037841;00-0039834;00-0035942;00-0039774;00-0036903;00-0035933;00-0039137;00-0036349,Ahkello Witherspoon;Darious Williams;Tyler Davis;Quentin Lake;Kamren Kinchens;Christian Rozeboom;Omar Speights;Bobby Brown III;Michael Hoecht;Byron Young;Kamren Curl
2024_20_LA_PHI,2604,pass,0.0,22.0,22.0,PHI,3.0,1172.0,22.0,6.0,4:32,4:26,,13.0,13.0,1.0,10.0,"2 CB, 1 DE, 2 FS, 2 ILB, 1 NT, 2 OLB, 1 SS",CB;CB;DE;FS;FS;ILB;ILB;NT;OLB;OLB;SS,11,7,4,MAN_COVERAGE,COVER_1,False,00-0037002;00-0038112;00-0036389;00-0034844;00-0030561;00-0034429;00-0036284;00-0037086;00-0035676;00-0036912;00-0037741,Landon Dickerson;Cam Jurgens;Jalen Hurts;Saquon Barkley;Lane Johnson;Jordan Mailata;Mekhi Becton;Grant Calcaterra;A.J. Brown;DeVonta Smith;Jahan Dotson,00-0033783;00-0034203;00-0039749;00-0037841;00-0039834;00-0035942;00-0039774;00-0036903;00-0035933;00-0039137;00-0036349,Ahkello Witherspoon;Darious Williams;Tyler Davis;Quentin Lake;Kamren Kinchens;Christian Rozeboom;Omar Speights;Bobby Brown III;Michael Hoecht;Byron Young;Kamren Curl
2024_20_LA_PHI,2627,no_play,0.0,22.0,22.0,PHI,3.0,1166.0,22.0,35.0,4:26,3:51,,13.0,13.0,2.0,10.0,"2 CB, 1 DT, 2 FS, 2 ILB, 1 NT, 2 OLB, 1 SS",CB;CB;DT;FS;FS;ILB;ILB;NT;OLB;OLB;SS,11,7,4,ZONE_COVERAGE,COVER_3,True,00-0037002;00-0038112;00-0036389;00-0034844;00-0030561;00-0034429;00-0036284;00-0034351;00-0037086;00-0036912;00-0037741,Landon Dickerson;Cam Jurgens;Jalen Hurts;Saquon Barkley;Lane Johnson;Jordan Mailata;Mekhi Becton;Dallas Goedert;Grant Calcaterra;DeVonta Smith;Jahan Dotson,00-0033783;00-0034203;00-0039061;00-0037841;00-0039834;00-0035942;00-0039774;00-0039138;00-0035933;00-0039852;00-0036349,Ahkello Witherspoon;Darious Williams;Desjuan Johnson;Quentin Lake;Kamren Kinchens;Christian Rozeboom;Omar Speights;Kobie Turner;Michael Hoecht;Jared Verse;Kamren Curl
2024_20_LA_PHI,2652,pass,-2.0,27.0,29.0,PHI,3.0,1131.0,27.0,48.0,3:51,3:03,,13.0,13.0,2.0,15.0,"2 CB, 1 DT, 3 FS, 1 ILB, 1 NT, 2 OLB, 1 SS",CB;CB;DT;FS;FS;FS;ILB;NT;OLB;OLB;SS,11,6,5,MAN_COVERAGE,COVER_1,True,00-0037002;00-0038112;00-0036389;00-0034844;00-0030561;00-0034429;00-0036284;00-0037086;00-0035676;00-0036912;00-0037741,Landon Dickerson;Cam Jurgens;Jalen Hurts;Saquon Barkley;Lane Johnson;Jordan Mailata;Mekhi Becton;Grant Calcaterra;A.J. Brown;DeVonta Smith;Jahan Dotson,00-0033783;00-0034203;00-0039061;00-0037841;00-0039834;00-0039776;00-0035942;00-0039138;00-0039137;00-0039852;00-0036349,Ahkello Witherspoon;Darious Williams;Desjuan Johnson;Quentin Lake;Kamren Kinchens;Jaylen McCollough;Christian Rozeboom;Kobie Turner;Byron Young;Jared Verse;Kamren Curl
2024_20_LA_PHI,2684,run,3.0,29.0,26.0,PHI,3.0,1083.0,29.0,39.0,3:03,2:24,,13.0,13.0,3.0,17.0,"2 CB, 1 DT, 3 FS, 1 ILB, 1 NT, 2 OLB, 1 SS",CB;CB;DT;FS;FS;FS;ILB;NT;OLB;OLB;SS,11,6,0,,,False,00-0037002;00-0038112;00-0036389;00-0034844;00-0030561;00-0034429;00-0036284;00-0037086;00-0035676;00-0036912;00-0037741,Landon Dickerson;Cam Jurgens;Jalen Hurts;Saquon Barkley;Lane Johnson;Jordan Mailata;Mekhi Becton;Grant Calcaterra;A.J. Brown;DeVonta Smith;Jahan Dotson,00-0033783;00-0034203;00-0039061;00-0037841;00-0039834;00-0039776;00-0035942;00-0039138;00-0039137;00-0039852;00-0036349,Ahkello Witherspoon;Darious Williams;Desjuan Johnson;Quentin Lake;Kamren Kinchens;Jaylen McCollough;Christian Rozeboom;Kobie Turner;Byron Young;Jared Verse;Kamren Curl
2024_20_LA_PHI,2706,field_goal,0.0,26.0,26.0,PHI,3.0,1044.0,26.0,5.0,2:24,2:19,,16.0,13.0,4.0,14.0,"2 CB, 1 DE, 2 FS, 3 ILB, 2 NT, 1 OLB",CB;CB;DE;FS;FS;ILB;ILB;ILB;NT;NT;OLB,11,0,0,,,False,00-0037073;00-0037002;00-0039001;00-0033787;00-0031911;00-0036313;00-0034429;00-0035743;00-0034951;00-0036284;00-0038498,Jordan Davis;Landon Dickerson;Tyler Steen;Jake Elliott;Rick Lovato;Braden Mann;Jordan Mailata;Brett Toth;Fred Johnson;Mekhi Becton;E.J. Jenkins,00-0037839;00-0039772;00-0039749;00-0037841;00-0039776;00-0035942;00-0037633;00-0039774;00-0036366;00-0039138;00-0035933,Cobie Durant;Josh Wallace;Tyler Davis;Quentin Lake;Jaylen McCollough;Christian Rozeboom;Jacob Hummel;Omar Speights;Neville Gallimore;Kobie Turner;Michael Hoecht
2024_20_LA_PHI,2726,kickoff,0.0,35.0,35.0,LA,3.0,1039.0,35.0,0.0,2:19,2:19,,16.0,13.0,,0.0,"2 CB, 1 FS, 2 ILB, 1 K, 2 OLB, 2 RB, 1 SS",CB;CB;FS;ILB;ILB;K;OLB;OLB;RB;RB;SS,11,0,0,,,False,00-0039772;00-0039776;00-0037633;00-0039774;00-0037057;00-0037557;00-0039703;00-0036244;00-0037004;00-0039074;00-0039751,Josh Wallace;Jaylen McCollough;Jacob Hummel;Omar Speights;Keir Thomas;Ronnie Rivers;Cody Schrader;Colby Parkinson;Hunter Long;Davis Allen;Jordan Whittington,00-0039140;00-0039841;00-0037461;00-0033445;00-0039826;00-0033787;00-0039013;00-0039740;00-0036919;00-0039746;00-0039002,Kelee Ringo;Cooper DeJean;Tristin McCollum;Nicholas Morrow;Jeremiah Trotter Jr.;Jake Elliott;Nolan Smith;Jalyx Hunt;Kenneth Gainwell;Will Shipley;Sydney Brown
2024_20_LA_PHI,2750,pass,0.0,70.0,70.0,LA,3.0,1039.0,70.0,5.0,2:19,2:14,,16.0,13.0,1.0,10.0,"3 CB, 2 DT, 4 OLB, 2 SS",CB;CB;CB;DT;DT;OLB;OLB;OLB;OLB;SS;SS,11,6,4,ZONE_COVERAGE,COVER_3,False,00-0039753;00-0036339;00-0039058;00-0026498;00-0037840;00-0032242;00-0036603;00-0033110;00-0032775;00-0033908;00-0039075,Beaux Limmer;Kevin Dotson;Steve Avila;Matthew Stafford;Kyren Williams;Rob Havenstein;Alaric Jackson;Tyler Higbee;Demarcus Robinson;Cooper Kupp;Puka Nacua,00-0030062;00-0036222;00-0039841;00-0037073;00-0038412;00-0034754;00-0036418;00-0039013;00-0039740;00-0035253;00-0037130,Darius Slay;Isaiah Rodgers;Cooper DeJean;Jordan Davis;Moro Ojomo;Oren Burks;Zack Baun;Nolan Smith;Jalyx Hunt;C.J. Gardner-Johnson;Reed Blankenship
2024_20_LA_PHI,2773,run,8.0,70.0,62.0,LA,3.0,1034.0,70.0,44.0,2:14,1:30,,16.0,13.0,2.0,10.0,"3 CB, 3 DT, 3 OLB, 2 SS",CB;CB;CB;DT;DT;DT;OLB;OLB;OLB;SS;SS,11,6,0,,,False,00-0039753;00-0036339;00-0039058;00-0026498;00-0037840;00-0032242;00-0036603;00-0037004;00-0033908;00-0039075;00-0039751,Beaux Limmer;Kevin Dotson;Steve Avila;Matthew Stafford;Kyren Williams;Rob Havenstein;Alaric Jackson;Hunter Long;Cooper Kupp;Puka Nacua;Jordan Whittington,00-0030062;00-0036222;00-0039841;00-0036916;00-0037073;00-0038412;00-0034754;00-0036418;00-0039740;00-0035253;00-0037130,Darius Slay;Isaiah Rodgers;Cooper DeJean;Milton Williams;Jordan Davis;Moro Ojomo;Oren Burks;Zack Baun;Jalyx Hunt;C.J. Gardner-Johnson;Reed Blankenship
2024_20_LA_PHI,2795,pass,0.0,62.0,62.0,LA,3.0,990.0,62.0,4.0,1:30,1:26,,16.0,13.0,3.0,2.0,"3 CB, 2 DT, 4 OLB, 2 SS",CB;CB;CB;DT;DT;OLB;OLB;OLB;OLB;SS;SS,11,7,4,MAN_COVERAGE,COVER_1,False,00-0039753;00-0036339;00-0039058;00-0026498;00-0037840;00-0032242;00-0036603;00-0033110;00-0032775;00-0033908;00-0039075,Beaux Limmer;Kevin Dotson;Steve Avila;Matthew Stafford;Kyren Williams;Rob Havenstein;Alaric Jackson;Tyler Higbee;Demarcus Robinson;Cooper Kupp;Puka Nacua,00-0030062;00-0036222;00-0039841;00-0036916;00-0038386;00-0034754;00-0034381;00-0036418;00-0039740;00-0035253;00-0037130,Darius Slay;Isaiah Rodgers;Cooper DeJean;Milton Williams;Jalen Carter;Oren Burks;Josh Sweat;Zack Baun;Jalyx Hunt;C.J. Gardner-Johnson;Reed Blankenship
2024_20_LA_PHI,2818,punt,0.0,62.0,62.0,LA,3.0,986.0,62.0,10.0,1:26,1:16,,16.0,13.0,4.0,2.0,"3 CB, 2 DT, 1 FB, 1 FS, 2 ILB, 1 RB, 1 SS",CB;CB;CB;DT;DT;FB;FS;ILB;ILB;RB;SS,11,0,0,,,False,00-0035942;00-0037633;00-0039774;00-0038360;00-0037057;00-0039059;00-0037557;00-0036244;00-0039074;00-0038359;00-0039751,Christian Rozeboom;Jacob Hummel;Omar Speights;Alex Ward;Keir Thomas;Ethan Evans;Ronnie Rivers;Colby Parkinson;Davis Allen;Xavier Smith;Jordan Whittington,00-0034377;00-0039140;00-0039841;00-0037262;00-0038412;00-0035099;00-0037461;00-0033445;00-0039826;00-0039746;00-0039002,Avonte Maddox;Kelee Ringo;Cooper DeJean;Thomas Booker;Moro Ojomo;Khari Blasingame;Tristin McCollum;Nicholas Morrow;Jeremiah Trotter Jr.;Will Shipley;Sydney Brown
2024_20_LA_PHI,2838,run,4.0,96.0,92.0,PHI,3.0,976.0,96.0,44.0,1:16,0:32,,16.0,13.0,1.0,10.0,"2 CB, 1 DE, 1 FS, 2 ILB, 2 NT, 2 OLB, 1 SS",CB;CB;DE;FS;ILB;ILB;NT;NT;OLB;OLB;SS,11,6,0,,,False,00-0037002;00-0038112;00-0036389;00-0034844;00-0030561;00-0034429;00-0036284;00-0034351;00-0037086;00-0035676;00-0036912,Landon Dickerson;Cam Jurgens;Jalen Hurts;Saquon Barkley;Lane Johnson;Jordan Mailata;Mekhi Becton;Dallas Goedert;Grant Calcaterra;A.J. Brown;DeVonta Smith,00-0033783;00-0034203;00-0039749;00-0037841;00-0035942;00-0039774;00-0036366;00-0036903;00-0035933;00-0037057;00-0036349,Ahkello Witherspoon;Darious Williams;Tyler Davis;Quentin Lake;Christian Rozeboom;Omar Speights;Neville Gallimore;Bobby Brown III;Michael Hoecht;Keir Thomas;Kamren Curl
2024_20_LA_PHI,2867,pass,-8.0,92.0,100.0,PHI,3.0,932.0,92.0,6.0,0:32,0:26,,16.0,15.0,2.0,6.0,"2 CB, 1 DE, 2 FS, 2 ILB, 1 NT, 2 OLB, 1 SS",CB;CB;DE;FS;FS;ILB;ILB;NT;OLB;OLB;SS,11,6,4,ZONE_COVERAGE,COVER_3,True,00-0037002;00-0038112;00-0036389;00-0034844;00-0030561;00-0034429;00-0036284;00-0034351;00-0035676;00-0036912;00-0037741,Landon Dickerson;Cam Jurgens;Jalen Hurts;Saquon Barkley;Lane Johnson;Jordan Mailata;Mekhi Becton;Dallas Goedert;A.J. Brown;DeVonta Smith;Jahan Dotson,00-0033783;00-0034203;00-0039749;00-0037841;00-0039834;00-0035942;00-0039774;00-0036366;00-0035933;00-0037057;00-0036349,Ahkello Witherspoon;Darious Williams;Tyler Davis;Quentin Lake;Kamren Kinchens;Christian Rozeboom;Omar Speights;Neville Gallimore;Michael Hoecht;Keir Thomas;Kamren Curl
2024_20_LA_PHI,2887,kickoff,0.0,20.0,20.0,LA,3.0,926.0,20.0,7.0,0:26,0:19,,16.0,15.0,,0.0,"2 CB, 1 FS, 2 ILB, 1 K, 2 OLB, 2 RB, 1 SS",CB;CB;FS;ILB;ILB;K;OLB;OLB;RB;RB;SS,11,0,0,,,False,00-0039772;00-0039776;00-0037633;00-0039774;00-0037057;00-0037557;00-0039703;00-0036244;00-0037004;00-0039074;00-0039751,Josh Wallace;Jaylen McCollough;Jacob Hummel;Omar Speights;Keir Thomas;Ronnie Rivers;Cody Schrader;Colby Parkinson;Hunter Long;Davis Allen;Jordan Whittington,00-0034377;00-0039841;00-0037461;00-0033445;00-0039826;00-0033787;00-0039013;00-0039740;00-0036919;00-0039746;00-0039002,Avonte Maddox;Cooper DeJean;Tristin McCollum;Nicholas Morrow;Jeremiah Trotter Jr.;Jake Elliott;Nolan Smith;Jalyx Hunt;Kenneth Gainwell;Will Shipley;Sydney Brown
2024_20_LA_PHI,2913,run,8.0,65.0,57.0,LA,3.0,919.0,65.0,19.0,0:19,0:00,,16.0,15.0,1.0,10.0,"3 CB, 2 DT, 4 OLB, 2 SS",CB;CB;CB;DT;DT;OLB;OLB;OLB;OLB;SS;SS,11,6,0,,,False,00-0039753;00-0036339;00-0039058;00-0026498;00-0037840;00-0032242;00-0036603;00-0033110;00-0033908;00-0039075;00-0039751,Beaux Limmer;Kevin Dotson;Steve Avila;Matthew Stafford;Kyren Williams;Rob Havenstein;Alaric Jackson;Tyler Higbee;Cooper Kupp;Puka Nacua;Jordan Whittington,00-0030062;00-0036222;00-0039841;00-0038386;00-0038412;00-0034754;00-0034381;00-0036418;00-0039013;00-0035253;00-0037130,Darius Slay;Isaiah Rodgers;Cooper DeJean;Jalen Carter;Moro Ojomo;Oren Burks;Josh Sweat;Zack Baun;Nolan Smith;C.J. Gardner-Johnson;Reed Blankenship
2024_20_LA_PHI,2935,start_quarter_4,,,,LA,3.0,900.0,,0.0,0:00,0:00,,16.0,15.0,,0.0,,,,,,,,,,,,
2024_20_LA_PHI,2955,turnover,0.0,57.0,57.0,LA,4.0,900.0,57.0,11.0,15:00,14:49,,16.0,15.0,2.0,2.0,"3 CB, 2 DT, 4 OLB, 2 SS",CB;CB;CB;DT;DT;OLB;OLB;OLB;OLB;SS;SS,11,6,0,,,False,00-0039753;00-0036339;00-0039058;00-0026498;00-0037840;00-0032242;00-0036603;00-0039074;00-0033908;00-0039075;00-0039751,Beaux Limmer;Kevin Dotson;Steve Avila;Matthew Stafford;Kyren Williams;Rob Havenstein;Alaric Jackson;Davis Allen;Cooper Kupp;Puka Nacua;Jordan Whittington,00-0030062;00-0036222;00-0039841;00-0038386;00-0038412;00-0034754;00-0034381;00-0036418;00-0039740;00-0035253;00-0037130,Darius Slay;Isaiah Rodgers;Cooper DeJean;Jalen Carter;Moro Ojomo;Oren Burks;Josh Sweat;Zack Baun;Jalyx Hunt;C.J. Gardner-Johnson;Reed Blankenship
2024_20_LA_PHI,2998,run,8.0,10.0,2.0,PHI,4.0,889.0,10.0,32.0,14:49,14:17,,16.0,15.0,1.0,10.0,"2 CB, 1 DE, 1 FS, 2 ILB, 2 NT, 2 OLB, 1 SS",CB;CB;DE;FS;ILB;ILB;NT;NT;OLB;OLB;SS,11,7,0,,,False,00-0037002;00-0038112;00-0036389;00-0034844;00-0030561;00-0034429;00-0036284;00-0034351;00-0037086;00-0035676;00-0036912,Landon Dickerson;Cam Jurgens;Jalen Hurts;Saquon Barkley;Lane Johnson;Jordan Mailata;Mekhi Becton;Dallas Goedert;Grant Calcaterra;A.J. Brown;DeVonta Smith,00-0033783;00-0034203;00-0039749;00-0037841;00-0035942;00-0039774;00-0036903;00-0039138;00-0035933;00-0039852;00-0036349,Ahkello Witherspoon;Darious Williams;Tyler Davis;Quentin Lake;Christian Rozeboom;Omar Speights;Bobby Brown III;Kobie Turner;Michael Hoecht;Jared Verse;Kamren Curl
2024_20_LA_PHI,3020,run,0.0,2.0,2.0,PHI,4.0,857.0,2.0,43.0,14:17,13:34,,16.0,15.0,2.0,2.0,"2 CB, 1 DE, 1 FS, 2 ILB, 2 NT, 2 OLB, 1 SS",CB;CB;DE;FS;ILB;ILB;NT;NT;OLB;OLB;SS,11,7,0,,,False,00-0037002;00-0038112;00-0036389;00-0034844;00-0030561;00-0034429;00-0036284;00-0034351;00-0037086;00-0035676;00-0036912,Landon Dickerson;Cam Jurgens;Jalen Hurts;Saquon Barkley;Lane Johnson;Jordan Mailata;Mekhi Becton;Dallas Goedert;Grant Calcaterra;A.J. Brown;DeVonta Smith,00-0033783;00-0034203;00-0039749;00-0037841;00-0035942;00-0039774;00-0036903;00-0039138;00-0035933;00-0039852;00-0036349,Ahkello Witherspoon;Darious Williams;Tyler Davis;Quentin Lake;Christian Rozeboom;Omar Speights;Bobby Brown III;Kobie Turner;Michael Hoecht;Jared Verse;Kamren Curl
2024_20_LA_PHI,3042,run,1.0,2.0,1.0,PHI,4.0,814.0,2.0,8.0,13:34,13:26,,16.0,15.0,3.0,2.0,"1 DE, 1 FS, 2 ILB, 3 NT, 4 OLB",DE;FS;ILB;ILB;NT;NT;NT;OLB;OLB;OLB;OLB,11,9,0,,,False,00-0037002;00-0038112;00-0036389;00-0034844;00-0030561;00-0034429;00-0034951;00-0036284;00-0034351;00-0037086;00-0035676,Landon Dickerson;Cam Jurgens;Jalen Hurts;Saquon Barkley;Lane Johnson;Jordan Mailata;Fred Johnson;Mekhi Becton;Dallas Goedert;Grant Calcaterra;A.J. Brown,00-0039749;00-0037841;00-0035942;00-0039774;00-0036366;00-0036903;00-0039138;00-0035933;00-0037057;00-0039137;00-0039852,Tyler Davis;Quentin Lake;Christian Rozeboom;Omar Speights;Neville Gallimore;Bobby Brown III;Kobie Turner;Michael Hoecht;Keir Thomas;Byron Young;Jared Verse
2024_20_LA_PHI,3096,no_play,0.0,1.0,1.0,PHI,4.0,806.0,1.0,0.0,13:26,13:26,,16.0,15.0,4.0,1.0,"1 CB, 1 DE, 1 FS, 2 ILB, 3 NT, 3 OLB",CB;DE;FS;ILB;ILB;NT;NT;NT;OLB;OLB;OLB,11,0,0,,,False,00-0037002;00-0038112;00-0036389;00-0034844;00-0030561;00-0034429;00-0036284;00-0034351;00-0037086;00-0035676;00-0039236,Landon Dickerson;Cam Jurgens;Jalen Hurts;Saquon Barkley;Lane Johnson;Jordan Mailata;Mekhi Becton;Dallas Goedert;Grant Calcaterra;A.J. Brown;Johnny Wilson,00-0034203;00-0039749;00-0037841;00-0035942;00-0039774;00-0036366;00-0036903;00-0039138;00-0035933;00-0039137;00-0039852,Darious Williams;Tyler Davis;Quentin Lake;Christian Rozeboom;Omar Speights;Neville Gallimore;Bobby Brown III;Kobie Turner;Michael Hoecht;Byron Young;Jared Verse
2024_20_LA_PHI,3136,field_goal,0.0,5.0,5.0,PHI,4.0,806.0,5.0,3.0,13:26,13:23,,19.0,15.0,4.0,5.0,"2 CB, 1 DE, 2 FS, 3 ILB, 2 NT, 1 OLB",CB;CB;DE;FS;FS;ILB;ILB;ILB;NT;NT;OLB,11,0,0,,,False,00-0037073;00-0037002;00-0039001;00-0033787;00-0031911;00-0036313;00-0034429;00-0035743;00-0034951;00-0036284;00-0038498,Jordan Davis;Landon Dickerson;Tyler Steen;Jake Elliott;Rick Lovato;Braden Mann;Jordan Mailata;Brett Toth;Fred Johnson;Mekhi Becton;E.J. Jenkins,00-0037839;00-0039772;00-0039749;00-0037841;00-0039776;00-0035942;00-0037633;00-0039774;00-0036366;00-0039138;00-0035933,Cobie Durant;Josh Wallace;Tyler Davis;Quentin Lake;Jaylen McCollough;Christian Rozeboom;Jacob Hummel;Omar Speights;Neville Gallimore;Kobie Turner;Michael Hoecht
2024_20_LA_PHI,3156,kickoff,0.0,35.0,35.0,LA,4.0,803.0,35.0,5.0,13:23,13:18,,19.0,15.0,,0.0,"2 CB, 1 FS, 2 ILB, 1 K, 2 OLB, 2 RB, 1 SS",CB;CB;FS;ILB;ILB;K;OLB;OLB;RB;RB;SS,11,0,0,,,False,00-0039772;00-0039776;00-0037633;00-0039774;00-0037057;00-0037557;00-0039703;00-0036244;00-0037004;00-0039074;00-0039751,Josh Wallace;Jaylen McCollough;Jacob Hummel;Omar Speights;Keir Thomas;Ronnie Rivers;Cody Schrader;Colby Parkinson;Hunter Long;Davis Allen;Jordan Whittington,00-0039140;00-0039841;00-0037461;00-0033445;00-0039826;00-0033787;00-0039013;00-0039740;00-0036919;00-0039746;00-0039002,Kelee Ringo;Cooper DeJean;Tristin McCollum;Nicholas Morrow;Jeremiah Trotter Jr.;Jake Elliott;Nolan Smith;Jalyx Hunt;Kenneth Gainwell;Will Shipley;Sydney Brown
2024_20_LA_PHI,3179,run,4.0,71.0,67.0,LA,4.0,798.0,71.0,34.0,13:18,12:44,,19.0,15.0,1.0,10.0,"3 CB, 2 DT, 4 OLB, 2 SS",CB;CB;CB;DT;DT;OLB;OLB;OLB;OLB;SS;SS,11,6,0,,,False,00-0039753;00-0036339;00-0039058;00-0026498;00-0037840;00-0032242;00-0036603;00-0039074;00-0032775;00-0033908;00-0039075,Beaux Limmer;Kevin Dotson;Steve Avila;Matthew Stafford;Kyren Williams;Rob Havenstein;Alaric Jackson;Davis Allen;Demarcus Robinson;Cooper Kupp;Puka Nacua,00-0030062;00-0036222;00-0039841;00-0036916;00-0038386;00-0034754;00-0034381;00-0036418;00-0039740;00-0035253;00-0037130,Darius Slay;Isaiah Rodgers;Cooper DeJean;Milton Williams;Jalen Carter;Oren Burks;Josh Sweat;Zack Baun;Jalyx Hunt;C.J. Gardner-Johnson;Reed Blankenship
2024_20_LA_PHI,3201,run,-3.0,67.0,70.0,LA,4.0,764.0,67.0,45.0,12:44,11:59,,19.0,15.0,2.0,6.0,"3 CB, 2 DT, 4 OLB, 2 SS",CB;CB;CB;DT;DT;OLB;OLB;OLB;OLB;SS;SS,11,6,0,,,False,00-0039753;00-0036339;00-0039058;00-0026498;00-0037840;00-0032242;00-0036603;00-0039074;00-0032775;00-0033908;00-0039075,Beaux Limmer;Kevin Dotson;Steve Avila;Matthew Stafford;Kyren Williams;Rob Havenstein;Alaric Jackson;Davis Allen;Demarcus Robinson;Cooper Kupp;Puka Nacua,00-0030062;00-0036222;00-0039841;00-0036916;00-0038386;00-0034754;00-0034381;00-0036418;00-0039740;00-0035253;00-0037130,Darius Slay;Isaiah Rodgers;Cooper DeJean;Milton Williams;Jalen Carter;Oren Burks;Josh Sweat;Zack Baun;Jalyx Hunt;C.J. Gardner-Johnson;Reed Blankenship
2024_20_LA_PHI,3223,pass,15.0,70.0,55.0,LA,4.0,719.0,70.0,40.0,11:59,11:19,,19.0,15.0,3.0,9.0,"3 CB, 2 DT, 4 OLB, 2 SS",CB;CB;CB;DT;DT;OLB;OLB;OLB;OLB;SS;SS,11,6,4,ZONE_COVERAGE,COVER_3,True,00-0039753;00-0036339;00-0039058;00-0026498;00-0037840;00-0032242;00-0036603;00-0033110;00-0032775;00-0033908;00-0039075,Beaux Limmer;Kevin Dotson;Steve Avila;Matthew Stafford;Kyren Williams;Rob Havenstein;Alaric Jackson;Tyler Higbee;Demarcus Robinson;Cooper Kupp;Puka Nacua,00-0030062;00-0036222;00-0039841;00-0036916;00-0038386;00-0034754;00-0034381;00-0036418;00-0039013;00-0035253;00-0037130,Darius Slay;Isaiah Rodgers;Cooper DeJean;Milton Williams;Jalen Carter;Oren Burks;Josh Sweat;Zack Baun;Nolan Smith;C.J. Gardner-Johnson;Reed Blankenship
2024_20_LA_PHI,3248,pass,0.0,55.0,55.0,LA,4.0,679.0,55.0,6.0,11:19,11:13,,19.0,15.0,1.0,10.0,"3 CB, 2 DT, 4 OLB, 2 SS",CB;CB;CB;DT;DT;OLB;OLB;OLB;OLB;SS;SS,11,6,5,MAN_COVERAGE,COVER_1,True,00-0039753;00-0036339;00-0039058;00-0026498;00-0037840;00-0032242;00-0036603;00-0033110;00-0032775;00-0033908;00-0039751,Beaux Limmer;Kevin Dotson;Steve Avila;Matthew Stafford;Kyren Williams;Rob Havenstein;Alaric Jackson;Tyler Higbee;Demarcus Robinson;Cooper Kupp;Jordan Whittington,00-0030062;00-0036222;00-0039841;00-0036916;00-0038386;00-0034754;00-0034381;00-0036418;00-0039013;00-0035253;00-0037130,Darius Slay;Isaiah Rodgers;Cooper DeJean;Milton Williams;Jalen Carter;Oren Burks;Josh Sweat;Zack Baun;Nolan Smith;C.J. Gardner-Johnson;Reed Blankenship
2024_20_LA_PHI,3271,pass,0.0,55.0,55.0,LA,4.0,673.0,55.0,3.0,11:13,11:10,,19.0,15.0,2.0,10.0,"3 CB, 2 DT, 4 OLB, 2 SS",CB;CB;CB;DT;DT;OLB;OLB;OLB;OLB;SS;SS,11,6,5,MAN_COVERAGE,COVER_1,False,00-0039753;00-0036339;00-0039058;00-0026498;00-0037840;00-0032242;00-0036603;00-0033110;00-0033908;00-0039075;00-0039751,Beaux Limmer;Kevin Dotson;Steve Avila;Matthew Stafford;Kyren Williams;Rob Havenstein;Alaric Jackson;Tyler Higbee;Cooper Kupp;Puka Nacua;Jordan Whittington,00-0030062;00-0036222;00-0039841;00-0036916;00-0038386;00-0034754;00-0034381;00-0036418;00-0039013;00-0035253;00-0037130,Darius Slay;Isaiah Rodgers;Cooper DeJean;Milton Williams;Jalen Carter;Oren Burks;Josh Sweat;Zack Baun;Nolan Smith;C.J. Gardner-Johnson;Reed Blankenship
2024_20_LA_PHI,3294,turnover,-7.0,55.0,62.0,LA,4.0,670.0,55.0,6.0,11:10,11:04,,19.0,15.0,3.0,10.0,"3 CB, 2 DT, 4 OLB, 2 SS",CB;CB;CB;DT;DT;OLB;OLB;OLB;OLB;SS;SS,11,6,6,MAN_COVERAGE,COVER_1,True,00-0039753;00-0036339;00-0039058;00-0026498;00-0037840;00-0032242;00-0036603;00-0033110;00-0032775;00-0033908;00-0039075,Beaux Limmer;Kevin Dotson;Steve Avila;Matthew Stafford;Kyren Williams;Rob Havenstein;Alaric Jackson;Tyler Higbee;Demarcus Robinson;Cooper Kupp;Puka Nacua,00-0030062;00-0036222;00-0039841;00-0036916;00-0038386;00-0034754;00-0034381;00-0036418;00-0039013;00-0035253;00-0037130,Darius Slay;Isaiah Rodgers;Cooper DeJean;Milton Williams;Jalen Carter;Oren Burks;Josh Sweat;Zack Baun;Nolan Smith;C.J. Gardner-Johnson;Reed Blankenship
2024_20_LA_PHI,3336,run,2.0,38.0,36.0,PHI,4.0,664.0,38.0,43.0,11:04,10:21,,19.0,15.0,1.0,10.0,"2 CB, 1 DE, 1 FS, 2 ILB, 2 NT, 2 OLB, 1 SS",CB;CB;DE;FS;ILB;ILB;NT;NT;OLB;OLB;SS,11,6,0,,,False,00-0037002;00-0038112;00-0036389;00-0034844;00-0030561;00-0034429;00-0036284;00-0034351;00-0037086;00-0038498;00-0035676,Landon Dickerson;Cam Jurgens;Jalen Hurts;Saquon Barkley;Lane Johnson;Jordan Mailata;Mekhi Becton;Dallas Goedert;Grant Calcaterra;E.J. Jenkins;A.J. Brown,00-0033783;00-0037839;00-0039749;00-0037841;00-0035942;00-0039774;00-0036903;00-0039138;00-0039137;00-0039852;00-0036349,Ahkello Witherspoon;Cobie Durant;Tyler Davis;Quentin Lake;Christian Rozeboom;Omar Speights;Bobby Brown III;Kobie Turner;Byron Young;Jared Verse;Kamren Curl
2024_20_LA_PHI,3358,pass,3.0,36.0,33.0,PHI,4.0,621.0,36.0,38.0,10:21,9:43,,19.0,15.0,2.0,8.0,"2 CB, 1 DE, 1 FS, 2 ILB, 2 NT, 2 OLB, 1 SS",CB;CB;DE;FS;ILB;ILB;NT;NT;OLB;OLB;SS,11,8,5,ZONE_COVERAGE,COVER_3,False,00-0037002;00-0038112;00-0036389;00-0034844;00-0030561;00-0034429;00-0036284;00-0034351;00-0037086;00-0035676;00-0039236,Landon Dickerson;Cam Jurgens;Jalen Hurts;Saquon Barkley;Lane Johnson;Jordan Mailata;Mekhi Becton;Dallas Goedert;Grant Calcaterra;A.J. Brown;Johnny Wilson,00-0033783;00-0037839;00-0039749;00-0037841;00-0035942;00-0039774;00-0036903;00-0039138;00-0039137;00-0039852;00-0036349,Ahkello Witherspoon;Cobie Durant;Tyler Davis;Quentin Lake;Christian Rozeboom;Omar Speights;Bobby Brown III;Kobie Turner;Byron Young;Jared Verse;Kamren Curl
2024_20_LA_PHI,3388,run,1.0,33.0,32.0,PHI,4.0,583.0,33.0,48.0,9:43,8:55,,19.0,15.0,3.0,5.0,"2 CB, 1 DE, 1 FS, 2 ILB, 2 NT, 2 OLB, 1 SS",CB;CB;DE;FS;ILB;ILB;NT;NT;OLB;OLB;SS,11,6,0,,,False,00-0037002;00-0038112;00-0036389;00-0034844;00-0030561;00-0034429;00-0036284;00-0034351;00-0037086;00-0035676;00-0039236,Landon Dickerson;Cam Jurgens;Jalen Hurts;Saquon Barkley;Lane Johnson;Jordan Mailata;Mekhi Becton;Dallas Goedert;Grant Calcaterra;A.J. Brown;Johnny Wilson,00-0033783;00-0037839;00-0039749;00-0037841;00-0035942;00-0039774;00-0036903;00-0039138;00-0039137;00-0039852;00-0036349,Ahkello Witherspoon;Cobie Durant;Tyler Davis;Quentin Lake;Christian Rozeboom;Omar Speights;Bobby Brown III;Kobie Turner;Byron Young;Jared Verse;Kamren Curl
2024_20_LA_PHI,3410,pass,9.0,32.0,23.0,PHI,4.0,535.0,32.0,31.0,8:55,8:24,,19.0,15.0,4.0,4.0,"2 CB, 1 DE, 2 FS, 2 ILB, 1 NT, 2 OLB, 1 SS",CB;CB;DE;FS;FS;ILB;ILB;NT;OLB;OLB;SS,11,6,4,ZONE_COVERAGE,COVER_2,False,00-0037002;00-0038112;00-0036389;00-0034844;00-0030561;00-0034429;00-0036284;00-0034351;00-0035676;00-0036912;00-0037741,Landon Dickerson;Cam Jurgens;Jalen Hurts;Saquon Barkley;Lane Johnson;Jordan Mailata;Mekhi Becton;Dallas Goedert;A.J. Brown;DeVonta Smith;Jahan Dotson,00-0033783;00-0037839;00-0039749;00-0037841;00-0039834;00-0035942;00-0039774;00-0039138;00-0039137;00-0039852;00-0036349,Ahkello Witherspoon;Cobie Durant;Tyler Davis;Quentin Lake;Kamren Kinchens;Christian Rozeboom;Omar Speights;Kobie Turner;Byron Young;Jared Verse;Kamren Curl
2024_20_LA_PHI,3435,run,-1.0,23.0,24.0,PHI,4.0,504.0,23.0,36.0,8:24,7:48,,19.0,15.0,1.0,10.0,"2 CB, 1 DE, 2 FS, 2 ILB, 1 NT, 2 OLB, 1 SS",CB;CB;DE;FS;FS;ILB;ILB;NT;OLB;OLB;SS,11,6,0,,,False,00-0037002;00-0038112;00-0036389;00-0034844;00-0030561;00-0034429;00-0036284;00-0034351;00-0035676;00-0036912;00-0037741,Landon Dickerson;Cam Jurgens;Jalen Hurts;Saquon Barkley;Lane Johnson;Jordan Mailata;Mekhi Becton;Dallas Goedert;A.J. Brown;DeVonta Smith;Jahan Dotson,00-0033783;00-0037839;00-0039749;00-0037841;00-0039834;00-0035942;00-0039774;00-0039138;00-0039137;00-0039852;00-0036349,Ahkello Witherspoon;Cobie Durant;Tyler Davis;Quentin Lake;Kamren Kinchens;Christian Rozeboom;Omar Speights;Kobie Turner;Byron Young;Jared Verse;Kamren Curl
2024_20_LA_PHI,3457,pass,7.0,24.0,17.0,PHI,4.0,468.0,24.0,44.0,7:48,7:04,,19.0,15.0,2.0,11.0,"2 CB, 1 DE, 2 FS, 2 ILB, 1 NT, 2 OLB, 1 SS",CB;CB;DE;FS;FS;ILB;ILB;NT;OLB;OLB;SS,11,6,4,ZONE_COVERAGE,COVER_2,False,00-0037002;00-0038112;00-0036389;00-0034844;00-0030561;00-0034429;00-0036284;00-0034351;00-0035676;00-0036912;00-0037741,Landon Dickerson;Cam Jurgens;Jalen Hurts;Saquon Barkley;Lane Johnson;Jordan Mailata;Mekhi Becton;Dallas Goedert;A.J. Brown;DeVonta Smith;Jahan Dotson,00-0033783;00-0037839;00-0039749;00-0037841;00-0039834;00-0035942;00-0039774;00-0039138;00-0039137;00-0039852;00-0036349,Ahkello Witherspoon;Cobie Durant;Tyler Davis;Quentin Lake;Kamren Kinchens;Christian Rozeboom;Omar Speights;Kobie Turner;Byron Young;Jared Verse;Kamren Curl
2024_20_LA_PHI,3487,run,-2.0,17.0,19.0,PHI,4.0,424.0,17.0,42.0,7:04,6:22,,19.0,15.0,3.0,4.0,"2 CB, 1 DE, 3 FS, 1 ILB, 1 NT, 2 OLB, 1 SS",CB;CB;DE;FS;FS;FS;ILB;NT;OLB;OLB;SS,11,6,0,ZONE_COVERAGE,COVER_3,False,00-0037002;00-0038112;00-0036389;00-0034844;00-0030561;00-0034429;00-0036284;00-0034351;00-0035676;00-0036912;00-0037741,Landon Dickerson;Cam Jurgens;Jalen Hurts;Saquon Barkley;Lane Johnson;Jordan Mailata;Mekhi Becton;Dallas Goedert;A.J. Brown;DeVonta Smith;Jahan Dotson,00-0033783;00-0037839;00-0039749;00-0037841;00-0039834;00-0039776;00-0035942;00-0039138;00-0035933;00-0039852;00-0036349,Ahkello Witherspoon;Cobie Durant;Tyler Davis;Quentin Lake;Kamren Kinchens;Jaylen McCollough;Christian Rozeboom;Kobie Turner;Michael Hoecht;Jared Verse;Kamren Curl
2024_20_LA_PHI,3514,field_goal,0.0,19.0,19.0,PHI,4.0,382.0,19.0,4.0,6:22,6:18,,22.0,15.0,4.0,6.0,"2 CB, 2 FS, 3 ILB, 3 NT, 1 OLB",CB;CB;FS;FS;ILB;ILB;ILB;NT;NT;NT;OLB,11,0,0,,,False,00-0037073;00-0037002;00-0039001;00-0033787;00-0031911;00-0036313;00-0034429;00-0035743;00-0034951;00-0036284;00-0038498,Jordan Davis;Landon Dickerson;Tyler Steen;Jake Elliott;Rick Lovato;Braden Mann;Jordan Mailata;Brett Toth;Fred Johnson;Mekhi Becton;E.J. Jenkins,00-0037839;00-0039772;00-0037841;00-0039776;00-0035942;00-0037633;00-0039774;00-0036366;00-0036903;00-0039138;00-0035933,Cobie Durant;Josh Wallace;Quentin Lake;Jaylen McCollough;Christian Rozeboom;Jacob Hummel;Omar Speights;Neville Gallimore;Bobby Brown III;Kobie Turner;Michael Hoecht
2024_20_LA_PHI,3534,kickoff,0.0,35.0,35.0,LA,4.0,378.0,35.0,0.0,6:18,6:18,,22.0,15.0,,0.0,"2 CB, 1 FB, 1 FS, 2 ILB, 1 K, 1 OLB, 2 RB, 1 SS",CB;CB;FB;FS;ILB;ILB;K;OLB;RB;RB;SS,11,0,0,,,False,00-0039772;00-0039776;00-0037633;00-0039774;00-0037057;00-0037557;00-0039703;00-0036244;00-0037004;00-0039074;00-0039751,Josh Wallace;Jaylen McCollough;Jacob Hummel;Omar Speights;Keir Thomas;Ronnie Rivers;Cody Schrader;Colby Parkinson;Hunter Long;Davis Allen;Jordan Whittington,00-0039140;00-0039841;00-0035099;00-0037461;00-0033445;00-0039826;00-0033787;00-0039740;00-0036919;00-0039746;00-0039002,Kelee Ringo;Cooper DeJean;Khari Blasingame;Tristin McCollum;Nicholas Morrow;Jeremiah Trotter Jr.;Jake Elliott;Jalyx Hunt;Kenneth Gainwell;Will Shipley;Sydney Brown
2024_20_LA_PHI,3558,pass,-7.0,70.0,77.0,LA,4.0,378.0,70.0,40.0,6:18,5:38,,22.0,15.0,1.0,10.0,"3 CB, 2 DT, 4 OLB, 2 SS",CB;CB;CB;DT;DT;OLB;OLB;OLB;OLB;SS;SS,11,6,5,MAN_COVERAGE,COVER_1,True,00-0039753;00-0036339;00-0039058;00-0026498;00-0037840;00-0032242;00-0036603;00-0033110;00-0032775;00-0033908;00-0039075,Beaux Limmer;Kevin Dotson;Steve Avila;Matthew Stafford;Kyren Williams;Rob Havenstein;Alaric Jackson;Tyler Higbee;Demarcus Robinson;Cooper Kupp;Puka Nacua,00-0030062;00-0036222;00-0039841;00-0038386;00-0038412;00-0034754;00-0034381;00-0036418;00-0039013;00-0035253;00-0037130,Darius Slay;Isaiah Rodgers;Cooper DeJean;Jalen Carter;Moro Ojomo;Oren Burks;Josh Sweat;Zack Baun;Nolan Smith;C.J. Gardner-Johnson;Reed Blankenship
2024_20_LA_PHI,3578,run,7.0,77.0,70.0,LA,4.0,338.0,77.0,41.0,5:38,4:57,,22.0,15.0,2.0,17.0,"3 CB, 2 DT, 4 OLB, 2 SS",CB;CB;CB;DT;DT;OLB;OLB;OLB;OLB;SS;SS,11,6,0,,,False,00-0039753;00-0036339;00-0039058;00-0026498;00-0037840;00-0032242;00-0036603;00-0033110;00-0032775;00-0033908;00-0039075,Beaux Limmer;Kevin Dotson;Steve Avila;Matthew Stafford;Kyren Williams;Rob Havenstein;Alaric Jackson;Tyler Higbee;Demarcus Robinson;Cooper Kupp;Puka Nacua,00-0030062;00-0036222;00-0039841;00-0038386;00-0038412;00-0034754;00-0034381;00-0036418;00-0039013;00-0035253;00-0037130,Darius Slay;Isaiah Rodgers;Cooper DeJean;Jalen Carter;Moro Ojomo;Oren Burks;Josh Sweat;Zack Baun;Nolan Smith;C.J. Gardner-Johnson;Reed Blankenship
2024_20_LA_PHI,3600,pass,0.0,70.0,70.0,LA,4.0,297.0,70.0,3.0,4:57,4:54,,22.0,15.0,3.0,10.0,"3 CB, 2 DT, 4 OLB, 2 SS",CB;CB;CB;DT;DT;OLB;OLB;OLB;OLB;SS;SS,11,6,5,MAN_COVERAGE,COVER_1,False,00-0039753;00-0036339;00-0039058;00-0026498;00-0037840;00-0032242;00-0036603;00-0033110;00-0032775;00-0033908;00-0039075,Beaux Limmer;Kevin Dotson;Steve Avila;Matthew Stafford;Kyren Williams;Rob Havenstein;Alaric Jackson;Tyler Higbee;Demarcus Robinson;Cooper Kupp;Puka Nacua,00-0030062;00-0036222;00-0039841;00-0038386;00-0038412;00-0034754;00-0034381;00-0036418;00-0039013;00-0035253;00-0037130,Darius Slay;Isaiah Rodgers;Cooper DeJean;Jalen Carter;Moro Ojomo;Oren Burks;Josh Sweat;Zack Baun;Nolan Smith;C.J. Gardner-Johnson;Reed Blankenship
2024_20_LA_PHI,3623,punt,0.0,70.0,70.0,LA,4.0,294.0,70.0,7.0,4:54,4:47,,22.0,15.0,4.0,10.0,"3 CB, 1 DT, 1 FB, 1 FS, 2 ILB, 1 RB, 1 SS, 1 WR",CB;CB;CB;DT;FB;FS;ILB;ILB;RB;SS;WR,11,0,0,,,False,00-0035942;00-0037633;00-0039774;00-0038360;00-0039059;00-0037557;00-0036244;00-0037004;00-0039074;00-0038359;00-0039751,Christian Rozeboom;Jacob Hummel;Omar Speights;Alex Ward;Ethan Evans;Ronnie Rivers;Colby Parkinson;Hunter Long;Davis Allen;Xavier Smith;Jordan Whittington,00-0034377;00-0039140;00-0039841;00-0038412;00-0035099;00-0037461;00-0033445;00-0039826;00-0039746;00-0039002;00-0039236,Avonte Maddox;Kelee Ringo;Cooper DeJean;Moro Ojomo;Khari Blasingame;Tristin McCollum;Nicholas Morrow;Jeremiah Trotter Jr.;Will Shipley;Sydney Brown;Johnny Wilson
2024_20_LA_PHI,3642,run,78.0,78.0,0.0,PHI,4.0,287.0,78.0,11.0,4:47,4:36,,28.0,15.0,1.0,10.0,"2 CB, 1 DE, 1 FS, 2 ILB, 2 NT, 2 OLB, 1 SS",CB;CB;DE;FS;ILB;ILB;NT;NT;OLB;OLB;SS,11,8,0,,,False,00-0037002;00-0038112;00-0036389;00-0034844;00-0030561;00-0034429;00-0036284;00-0034351;00-0037086;00-0035676;00-0036912,Landon Dickerson;Cam Jurgens;Jalen Hurts;Saquon Barkley;Lane Johnson;Jordan Mailata;Mekhi Becton;Dallas Goedert;Grant Calcaterra;A.J. Brown;DeVonta Smith,00-0033783;00-0034203;00-0039749;00-0037841;00-0035942;00-0039774;00-0036903;00-0039138;00-0035933;00-0039852;00-0036349,Ahkello Witherspoon;Darious Williams;Tyler Davis;Quentin Lake;Christian Rozeboom;Omar Speights;Bobby Brown III;Kobie Turner;Michael Hoecht;Jared Verse;Kamren Curl
2024_20_LA_PHI,3672,extra_point,0.0,15.0,15.0,PHI,4.0,276.0,15.0,0.0,4:36,4:36,,28.0,15.0,,0.0,"2 CB, 1 DE, 2 FS, 3 ILB, 2 NT, 1 OLB",CB;CB;DE;FS;FS;ILB;ILB;ILB;NT;NT;OLB,11,0,0,,,False,00-0037073;00-0037002;00-0039001;00-0033787;00-0031911;00-0036313;00-0034429;00-0035743;00-0034951;00-0036284;00-0038498,Jordan Davis;Landon Dickerson;Tyler Steen;Jake Elliott;Rick Lovato;Braden Mann;Jordan Mailata;Brett Toth;Fred Johnson;Mekhi Becton;E.J. Jenkins,00-0037839;00-0039772;00-0039749;00-0037841;00-0039776;00-0035942;00-0037633;00-0039774;00-0036366;00-0039138;00-0035933,Cobie Durant;Josh Wallace;Tyler Davis;Quentin Lake;Jaylen McCollough;Christian Rozeboom;Jacob Hummel;Omar Speights;Neville Gallimore;Kobie Turner;Michael Hoecht
2024_20_LA_PHI,3687,kickoff,0.0,35.0,35.0,LA,4.0,276.0,35.0,0.0,4:36,4:36,,28.0,15.0,,0.0,"2 CB, 1 FB, 1 FS, 2 ILB, 1 K, 1 OLB, 2 RB, 1 SS",CB;CB;FB;FS;ILB;ILB;K;OLB;RB;RB;SS,11,0,0,,,False,00-0039772;00-0039776;00-0037633;00-0039774;00-0037057;00-0037557;00-0039703;00-0036244;00-0037004;00-0039074;00-0039751,Josh Wallace;Jaylen McCollough;Jacob Hummel;Omar Speights;Keir Thomas;Ronnie Rivers;Cody Schrader;Colby Parkinson;Hunter Long;Davis Allen;Jordan Whittington,00-0039140;00-0039841;00-0035099;00-0037461;00-0033445;00-0039826;00-0033787;00-0039740;00-0036919;00-0039746;00-0039002,Kelee Ringo;Cooper DeJean;Khari Blasingame;Tristin McCollum;Nicholas Morrow;Jeremiah Trotter Jr.;Jake Elliott;Jalyx Hunt;Kenneth Gainwell;Will Shipley;Sydney Brown
2024_20_LA_PHI,3704,pass,21.0,70.0,49.0,LA,4.0,276.0,70.0,25.0,4:36,4:11,,28.0,15.0,1.0,10.0,"3 CB, 2 DT, 4 OLB, 2 SS",CB;CB;CB;DT;DT;OLB;OLB;OLB;OLB;SS;SS,11,6,4,MAN_COVERAGE,COVER_1,False,00-0039753;00-0036339;00-0039058;00-0026498;00-0037840;00-0032242;00-0036603;00-0033110;00-0032775;00-0033908;00-0039075,Beaux Limmer;Kevin Dotson;Steve Avila;Matthew Stafford;Kyren Williams;Rob Havenstein;Alaric Jackson;Tyler Higbee;Demarcus Robinson;Cooper Kupp;Puka Nacua,00-0030062;00-0036222;00-0039841;00-0038386;00-0038412;00-0034754;00-0034381;00-0036418;00-0039013;00-0035253;00-0037130,Darius Slay;Isaiah Rodgers;Cooper DeJean;Jalen Carter;Moro Ojomo;Oren Burks;Josh Sweat;Zack Baun;Nolan Smith;C.J. Gardner-Johnson;Reed Blankenship
2024_20_LA_PHI,3729,pass,0.0,49.0,49.0,LA,4.0,251.0,49.0,4.0,4:11,4:07,,28.0,15.0,1.0,10.0,"3 CB, 2 DT, 4 OLB, 2 SS",CB;CB;CB;DT;DT;OLB;OLB;OLB;OLB;SS;SS,11,6,4,ZONE_COVERAGE,COVER_3,False,00-0039753;00-0036339;00-0039058;00-0026498;00-0037840;00-0032242;00-0036603;00-0033110;00-0032775;00-0033908;00-0039075,Beaux Limmer;Kevin Dotson;Steve Avila;Matthew Stafford;Kyren Williams;Rob Havenstein;Alaric Jackson;Tyler Higbee;Demarcus Robinson;Cooper Kupp;Puka Nacua,00-0030062;00-0036222;00-0039841;00-0038386;00-0038412;00-0034754;00-0034381;00-0036418;00-0039013;00-0035253;00-0037130,Darius Slay;Isaiah Rodgers;Cooper DeJean;Jalen Carter;Moro Ojomo;Oren Burks;Josh Sweat;Zack Baun;Nolan Smith;C.J. Gardner-Johnson;Reed Blankenship
2024_20_LA_PHI,3752,pass,12.0,49.0,37.0,LA,4.0,247.0,49.0,5.0,4:07,4:02,,28.0,15.0,2.0,10.0,"3 CB, 3 DT, 3 OLB, 2 SS",CB;CB;CB;DT;DT;DT;OLB;OLB;OLB;SS;SS,11,6,5,MAN_COVERAGE,COVER_1,False,00-0039753;00-0036339;00-0039058;00-0026498;00-0037840;00-0032242;00-0036603;00-0033110;00-0032775;00-0033908;00-0039751,Beaux Limmer;Kevin Dotson;Steve Avila;Matthew Stafford;Kyren Williams;Rob Havenstein;Alaric Jackson;Tyler Higbee;Demarcus Robinson;Cooper Kupp;Jordan Whittington,00-0030062;00-0036222;00-0039841;00-0037073;00-0038386;00-0038412;00-0034754;00-0036418;00-0039740;00-0035253;00-0037130,Darius Slay;Isaiah Rodgers;Cooper DeJean;Jordan Davis;Jalen Carter;Moro Ojomo;Oren Burks;Zack Baun;Jalyx Hunt;C.J. Gardner-Johnson;Reed Blankenship
2024_20_LA_PHI,3782,pass,0.0,37.0,37.0,LA,4.0,242.0,37.0,4.0,4:02,3:58,,28.0,15.0,1.0,10.0,"3 CB, 3 DT, 3 OLB, 2 SS",CB;CB;CB;DT;DT;DT;OLB;OLB;OLB;SS;SS,11,6,4,ZONE_COVERAGE,COVER_3,False,00-0039753;00-0036339;00-0039058;00-0026498;00-0037840;00-0032242;00-0036603;00-0033110;00-0032775;00-0033908;00-0039751,Beaux Limmer;Kevin Dotson;Steve Avila;Matthew Stafford;Kyren Williams;Rob Havenstein;Alaric Jackson;Tyler Higbee;Demarcus Robinson;Cooper Kupp;Jordan Whittington,00-0030062;00-0036222;00-0039841;00-0037073;00-0038386;00-0038412;00-0034754;00-0036418;00-0039740;00-0035253;00-0037130,Darius Slay;Isaiah Rodgers;Cooper DeJean;Jordan Davis;Jalen Carter;Moro Ojomo;Oren Burks;Zack Baun;Jalyx Hunt;C.J. Gardner-Johnson;Reed Blankenship
2024_20_LA_PHI,3805,pass,18.0,37.0,19.0,LA,4.0,238.0,37.0,22.0,3:58,3:36,,28.0,15.0,2.0,10.0,"3 CB, 2 DT, 4 OLB, 2 SS",CB;CB;CB;DT;DT;OLB;OLB;OLB;OLB;SS;SS,11,6,4,ZONE_COVERAGE,COVER_6,False,00-0039753;00-0036339;00-0039058;00-0026498;00-0037840;00-0032242;00-0036603;00-0033110;00-0033908;00-0036849;00-0039075,Beaux Limmer;Kevin Dotson;Steve Avila;Matthew Stafford;Kyren Williams;Rob Havenstein;Alaric Jackson;Tyler Higbee;Cooper Kupp;Tutu Atwell;Puka Nacua,00-0030062;00-0039140;00-0039841;00-0036916;00-0038386;00-0034754;00-0034381;00-0036418;00-0039013;00-0035253;00-0037130,Darius Slay;Kelee Ringo;Cooper DeJean;Milton Williams;Jalen Carter;Oren Burks;Josh Sweat;Zack Baun;Nolan Smith;C.J. Gardner-Johnson;Reed Blankenship
2024_20_LA_PHI,3830,pass,6.0,19.0,13.0,LA,4.0,216.0,19.0,4.0,3:36,3:32,,28.0,15.0,1.0,10.0,"3 CB, 2 DT, 4 OLB, 2 SS",CB;CB;CB;DT;DT;OLB;OLB;OLB;OLB;SS;SS,11,6,4,ZONE_COVERAGE,COVER_3,False,00-0039753;00-0036339;00-0039058;00-0026498;00-0037840;00-0032242;00-0036603;00-0033110;00-0033908;00-0036849;00-0039075,Beaux Limmer;Kevin Dotson;Steve Avila;Matthew Stafford;Kyren Williams;Rob Havenstein;Alaric Jackson;Tyler Higbee;Cooper Kupp;Tutu Atwell;Puka Nacua,00-0030062;00-0039140;00-0039841;00-0036916;00-0038386;00-0034754;00-0034381;00-0036418;00-0039013;00-0035253;00-0037130,Darius Slay;Kelee Ringo;Cooper DeJean;Milton Williams;Jalen Carter;Oren Burks;Josh Sweat;Zack Baun;Nolan Smith;C.J. Gardner-Johnson;Reed Blankenship
2024_20_LA_PHI,3860,pass,11.0,13.0,2.0,LA,4.0,212.0,13.0,18.0,3:32,3:14,,28.0,15.0,2.0,4.0,"3 CB, 2 DT, 4 OLB, 2 SS",CB;CB;CB;DT;DT;OLB;OLB;OLB;OLB;SS;SS,11,6,4,ZONE_COVERAGE,COVER_2,True,00-0039753;00-0036339;00-0039058;00-0026498;00-0037840;00-0032242;00-0036603;00-0033110;00-0032775;00-0033908;00-0039075,Beaux Limmer;Kevin Dotson;Steve Avila;Matthew Stafford;Kyren Williams;Rob Havenstein;Alaric Jackson;Tyler Higbee;Demarcus Robinson;Cooper Kupp;Puka Nacua,00-0030062;00-0039140;00-0039841;00-0036916;00-0038386;00-0034754;00-0034381;00-0036418;00-0039013;00-0035253;00-0037130,Darius Slay;Kelee Ringo;Cooper DeJean;Milton Williams;Jalen Carter;Oren Burks;Josh Sweat;Zack Baun;Nolan Smith;C.J. Gardner-Johnson;Reed Blankenship
2024_20_LA_PHI,3885,run,-2.0,2.0,4.0,LA,4.0,194.0,2.0,19.0,3:14,2:55,,28.0,15.0,1.0,2.0,"3 CB, 2 DT, 4 OLB, 2 SS",CB;CB;CB;DT;DT;OLB;OLB;OLB;OLB;SS;SS,11,8,0,,,False,00-0039753;00-0036339;00-0039058;00-0026498;00-0037840;00-0032242;00-0036603;00-0033110;00-0032775;00-0033908;00-0039075,Beaux Limmer;Kevin Dotson;Steve Avila;Matthew Stafford;Kyren Williams;Rob Havenstein;Alaric Jackson;Tyler Higbee;Demarcus Robinson;Cooper Kupp;Puka Nacua,00-0030062;00-0039140;00-0039841;00-0036916;00-0038386;00-0034754;00-0034381;00-0036418;00-0039013;00-0035253;00-0037130,Darius Slay;Kelee Ringo;Cooper DeJean;Milton Williams;Jalen Carter;Oren Burks;Josh Sweat;Zack Baun;Nolan Smith;C.J. Gardner-Johnson;Reed Blankenship
2024_20_LA_PHI,3907,pass,0.0,4.0,4.0,LA,4.0,175.0,4.0,4.0,2:55,2:51,,28.0,15.0,2.0,4.0,"3 CB, 2 DT, 4 OLB, 2 SS",CB;CB;CB;DT;DT;OLB;OLB;OLB;OLB;SS;SS,11,7,4,MAN_COVERAGE,COVER_1,False,00-0039753;00-0036339;00-0039058;00-0026498;00-0037840;00-0032242;00-0036603;00-0033110;00-0032775;00-0033908;00-0039075,Beaux Limmer;Kevin Dotson;Steve Avila;Matthew Stafford;Kyren Williams;Rob Havenstein;Alaric Jackson;Tyler Higbee;Demarcus Robinson;Cooper Kupp;Puka Nacua,00-0030062;00-0039140;00-0039841;00-0036916;00-0038386;00-0034754;00-0034381;00-0036418;00-0039013;00-0035253;00-0037130,Darius Slay;Kelee Ringo;Cooper DeJean;Milton Williams;Jalen Carter;Oren Burks;Josh Sweat;Zack Baun;Nolan Smith;C.J. Gardner-Johnson;Reed Blankenship
2024_20_LA_PHI,3930,pass,4.0,4.0,0.0,LA,4.0,171.0,4.0,3.0,2:51,2:48,,28.0,21.0,3.0,4.0,"3 CB, 2 DT, 4 OLB, 2 SS",CB;CB;CB;DT;DT;OLB;OLB;OLB;OLB;SS;SS,11,6,4,MAN_COVERAGE,COVER_0,False,00-0039753;00-0036339;00-0039058;00-0026498;00-0037840;00-0032242;00-0036603;00-0036244;00-0032775;00-0033908;00-0039075,Beaux Limmer;Kevin Dotson;Steve Avila;Matthew Stafford;Kyren Williams;Rob Havenstein;Alaric Jackson;Colby Parkinson;Demarcus Robinson;Cooper Kupp;Puka Nacua,00-0030062;00-0039140;00-0039841;00-0036916;00-0038386;00-0034754;00-0034381;00-0036418;00-0039013;00-0035253;00-0037130,Darius Slay;Kelee Ringo;Cooper DeJean;Milton Williams;Jalen Carter;Oren Burks;Josh Sweat;Zack Baun;Nolan Smith;C.J. Gardner-Johnson;Reed Blankenship
2024_20_LA_PHI,3956,extra_point,0.0,15.0,15.0,LA,4.0,168.0,15.0,0.0,2:48,2:48,,28.0,22.0,,0.0,"3 CB, 5 DT, 1 ILB, 1 OLB, 1 SS",CB;CB;CB;DT;DT;DT;DT;DT;ILB;OLB;SS,11,0,0,,,False,00-0036258;00-0039753;00-0036339;00-0039058;00-0039750;00-0038360;00-0035933;00-0039059;00-0036603;00-0039077;00-0037004,Jonah Jackson;Beaux Limmer;Kevin Dotson;Steve Avila;Joshua Karty;Alex Ward;Michael Hoecht;Ethan Evans;Alaric Jackson;Warren McClendon Jr.;Hunter Long,00-0034377;00-0039140;00-0039841;00-0036916;00-0037073;00-0037262;00-0038386;00-0038412;00-0039826;00-0034754;00-0039002,Avonte Maddox;Kelee Ringo;Cooper DeJean;Milton Williams;Jordan Davis;Thomas Booker;Jalen Carter;Moro Ojomo;Jeremiah Trotter Jr.;Oren Burks;Sydney Brown
2024_20_LA_PHI,3971,kickoff,0.0,35.0,35.0,PHI,4.0,168.0,35.0,0.0,2:48,2:48,,28.0,22.0,,0.0,"2 CB, 2 FS, 2 ILB, 1 OLB, 1 P, 1 TE, 2 WR",CB;CB;FS;FS;ILB;ILB;OLB;P;TE;WR;WR,11,0,0,,,False,00-0034377;00-0039140;00-0035099;00-0037461;00-0033445;00-0039826;00-0039740;00-0036919;00-0039746;00-0038498;00-0039236,Avonte Maddox;Kelee Ringo;Khari Blasingame;Tristin McCollum;Nicholas Morrow;Jeremiah Trotter Jr.;Jalyx Hunt;Kenneth Gainwell;Will Shipley;E.J. Jenkins;Johnny Wilson,00-0037839;00-0039772;00-0039834;00-0039776;00-0037633;00-0039774;00-0035933;00-0039059;00-0037004;00-0038359;00-0039751,Cobie Durant;Josh Wallace;Kamren Kinchens;Jaylen McCollough;Jacob Hummel;Omar Speights;Michael Hoecht;Ethan Evans;Hunter Long;Xavier Smith;Jordan Whittington
2024_20_LA_PHI,3988,run,3.0,70.0,67.0,PHI,4.0,168.0,70.0,4.0,2:48,2:44,,28.0,22.0,1.0,10.0,"2 CB, 1 DE, 1 FS, 2 ILB, 2 NT, 2 OLB, 1 SS",CB;CB;DE;FS;ILB;ILB;NT;NT;OLB;OLB;SS,11,6,0,,,False,00-0037002;00-0038112;00-0036389;00-0034844;00-0030561;00-0034429;00-0036284;00-0034351;00-0037086;00-0035676;00-0036912,Landon Dickerson;Cam Jurgens;Jalen Hurts;Saquon Barkley;Lane Johnson;Jordan Mailata;Mekhi Becton;Dallas Goedert;Grant Calcaterra;A.J. Brown;DeVonta Smith,00-0033783;00-0034203;00-0039749;00-0037841;00-0035942;00-0039774;00-0036903;00-0039138;00-0035933;00-0039852;00-0036349,Ahkello Witherspoon;Darious Williams;Tyler Davis;Quentin Lake;Christian Rozeboom;Omar Speights;Bobby Brown III;Kobie Turner;Michael Hoecht;Jared Verse;Kamren Curl
2024_20_LA_PHI,4010,pass,-12.0,67.0,79.0,PHI,4.0,164.0,67.0,0.0,2:44,2:44,,28.0,22.0,2.0,7.0,"2 CB, 1 DE, 1 FS, 2 ILB, 2 NT, 2 OLB, 1 SS",CB;CB;DE;FS;ILB;ILB;NT;NT;OLB;OLB;SS,11,7,4,ZONE_COVERAGE,COVER_6,True,00-0037002;00-0038112;00-0036389;00-0034844;00-0030561;00-0034429;00-0036284;00-0034351;00-0037086;00-0035676;00-0036912,Landon Dickerson;Cam Jurgens;Jalen Hurts;Saquon Barkley;Lane Johnson;Jordan Mailata;Mekhi Becton;Dallas Goedert;Grant Calcaterra;A.J. Brown;DeVonta Smith,00-0033783;00-0034203;00-0039749;00-0037841;00-0035942;00-0039774;00-0036903;00-0039138;00-0035933;00-0039852;00-0036349,Ahkello Witherspoon;Darious Williams;Tyler Davis;Quentin Lake;Christian Rozeboom;Omar Speights;Bobby Brown III;Kobie Turner;Michael Hoecht;Jared Verse;Kamren Curl
2024_20_LA_PHI,4022,timeout,0.0,,,,4.0,164.0,,5.0,2:44,2:39,LA,28.0,22.0,,0.0,,,,,,,,,,,,
2024_20_LA_PHI,4037,run,6.0,79.0,73.0,PHI,4.0,159.0,79.0,0.0,2:39,2:39,,28.0,22.0,3.0,19.0,"2 CB, 2 FS, 2 ILB, 2 NT, 2 OLB, 1 SS",CB;CB;FS;FS;ILB;ILB;NT;NT;OLB;OLB;SS,11,6,0,,,False,00-0037002;00-0038112;00-0036389;00-0034844;00-0030561;00-0034429;00-0036284;00-0034351;00-0035676;00-0036912;00-0037741,Landon Dickerson;Cam Jurgens;Jalen Hurts;Saquon Barkley;Lane Johnson;Jordan Mailata;Mekhi Becton;Dallas Goedert;A.J. Brown;DeVonta Smith;Jahan Dotson,00-0033783;00-0034203;00-0037841;00-0039834;00-0035942;00-0039774;00-0036366;00-0039138;00-0035933;00-0039852;00-0036349,Ahkello Witherspoon;Darious Williams;Quentin Lake;Kamren Kinchens;Christian Rozeboom;Omar Speights;Neville Gallimore;Kobie Turner;Michael Hoecht;Jared Verse;Kamren Curl
2024_20_LA_PHI,4049,timeout,0.0,,,,4.0,159.0,,4.0,2:39,2:35,LA,28.0,22.0,,0.0,,,,,,,,,,,,
2024_20_LA_PHI,4066,punt,0.0,73.0,73.0,PHI,4.0,155.0,73.0,0.0,2:35,2:35,,28.0,22.0,4.0,13.0,"2 CB, 2 FS, 1 ILB, 1 OLB, 2 RB, 1 TE, 2 WR",CB;CB;FS;FS;ILB;OLB;RB;RB;TE;WR;WR,11,0,0,,,False,00-0039140;00-0035099;00-0033445;00-0039826;00-0031911;00-0034754;00-0039740;00-0036313;00-0039746;00-0039002;00-0038498,Kelee Ringo;Khari Blasingame;Nicholas Morrow;Jeremiah Trotter Jr.;Rick Lovato;Oren Burks;Jalyx Hunt;Braden Mann;Will Shipley;Sydney Brown;E.J. Jenkins,00-0037839;00-0039772;00-0039834;00-0039776;00-0037633;00-0037057;00-0037557;00-0039703;00-0037004;00-0038359;00-0039751,Cobie Durant;Josh Wallace;Kamren Kinchens;Jaylen McCollough;Jacob Hummel;Keir Thomas;Ronnie Rivers;Cody Schrader;Hunter Long;Xavier Smith;Jordan Whittington
2024_20_LA_PHI,4078,timeout,0.0,,,,4.0,155.0,,12.0,2:35,2:23,LA,28.0,22.0,,0.0,,,,,,,,,,,,
2024_20_LA_PHI,4093,pass,5.0,82.0,77.0,LA,4.0,143.0,82.0,16.0,2:23,2:07,,28.0,22.0,1.0,10.0,"3 CB, 2 DT, 4 OLB, 2 SS",CB;CB;CB;DT;DT;OLB;OLB;OLB;OLB;SS;SS,11,6,4,ZONE_COVERAGE,COVER_2,False,00-0039753;00-0036339;00-0039058;00-0026498;00-0037840;00-0032242;00-0036603;00-0033110;00-0032775;00-0033908;00-0039075,Beaux Limmer;Kevin Dotson;Steve Avila;Matthew Stafford;Kyren Williams;Rob Havenstein;Alaric Jackson;Tyler Higbee;Demarcus Robinson;Cooper Kupp;Puka Nacua,00-0030062;00-0036222;00-0039841;00-0036916;00-0038386;00-0034754;00-0034381;00-0036418;00-0039013;00-0035253;00-0037130,Darius Slay;Isaiah Rodgers;Cooper DeJean;Milton Williams;Jalen Carter;Oren Burks;Josh Sweat;Zack Baun;Nolan Smith;C.J. Gardner-Johnson;Reed Blankenship
2024_20_LA_PHI,4118,pass,8.0,77.0,69.0,LA,4.0,127.0,77.0,7.0,2:07,2:00,,28.0,22.0,2.0,5.0,"3 CB, 2 DT, 4 OLB, 2 SS",CB;CB;CB;DT;DT;OLB;OLB;OLB;OLB;SS;SS,11,6,4,MAN_COVERAGE,COVER_1,False,00-0039753;00-0036339;00-0039058;00-0026498;00-0037840;00-0032242;00-0036603;00-0033110;00-0032775;00-0033908;00-0039075,Beaux Limmer;Kevin Dotson;Steve Avila;Matthew Stafford;Kyren Williams;Rob Havenstein;Alaric Jackson;Tyler Higbee;Demarcus Robinson;Cooper Kupp;Puka Nacua,00-0030062;00-0036222;00-0039841;00-0036916;00-0038386;00-0034754;00-0034381;00-0036418;00-0039013;00-0035253;00-0037130,Darius Slay;Isaiah Rodgers;Cooper DeJean;Milton Williams;Jalen Carter;Oren Burks;Josh Sweat;Zack Baun;Nolan Smith;C.J. Gardner-Johnson;Reed Blankenship
2024_20_LA_PHI,4147,pass,0.0,69.0,69.0,LA,4.0,120.0,69.0,6.0,2:00,1:54,,28.0,22.0,1.0,10.0,"4 CB, 2 DT, 3 OLB, 2 SS",CB;CB;CB;CB;DT;DT;OLB;OLB;OLB;SS;SS,11,6,5,MAN_COVERAGE,COVER_1,False,00-0039753;00-0036339;00-0039058;00-0026498;00-0037840;00-0032242;00-0036603;00-0033110;00-0032775;00-0033908;00-0039075,Beaux Limmer;Kevin Dotson;Steve Avila;Matthew Stafford;Kyren Williams;Rob Havenstein;Alaric Jackson;Tyler Higbee;Demarcus Robinson;Cooper Kupp;Puka Nacua,00-0030062;00-0036222;00-0039140;00-0039841;00-0036916;00-0038386;00-0034381;00-0036418;00-0039013;00-0035253;00-0037130,Darius Slay;Isaiah Rodgers;Kelee Ringo;Cooper DeJean;Milton Williams;Jalen Carter;Josh Sweat;Zack Baun;Nolan Smith;C.J. Gardner-Johnson;Reed Blankenship
2024_20_LA_PHI,4177,pass,0.0,69.0,69.0,LA,4.0,114.0,69.0,4.0,1:54,1:50,,28.0,22.0,2.0,10.0,"4 CB, 2 DT, 3 OLB, 2 SS",CB;CB;CB;CB;DT;DT;OLB;OLB;OLB;SS;SS,11,6,5,MAN_COVERAGE,COVER_1,False,00-0039753;00-0036339;00-0039058;00-0026498;00-0037840;00-0032242;00-0036603;00-0033110;00-0032775;00-0033908;00-0039075,Beaux Limmer;Kevin Dotson;Steve Avila;Matthew Stafford;Kyren Williams;Rob Havenstein;Alaric Jackson;Tyler Higbee;Demarcus Robinson;Cooper Kupp;Puka Nacua,00-0030062;00-0036222;00-0039140;00-0039841;00-0036916;00-0038386;00-0034381;00-0036418;00-0039013;00-0035253;00-0037130,Darius Slay;Isaiah Rodgers;Kelee Ringo;Cooper DeJean;Milton Williams;Jalen Carter;Josh Sweat;Zack Baun;Nolan Smith;C.J. Gardner-Johnson;Reed Blankenship
2024_20_LA_PHI,4200,pass,11.0,69.0,58.0,LA,4.0,110.0,69.0,17.0,1:50,1:33,,28.0,22.0,3.0,10.0,"3 CB, 2 DT, 4 OLB, 2 SS",CB;CB;CB;DT;DT;OLB;OLB;OLB;OLB;SS;SS,11,6,5,MAN_COVERAGE,COVER_1,False,00-0039753;00-0036339;00-0039058;00-0026498;00-0037840;00-0032242;00-0036603;00-0033110;00-0032775;00-0033908;00-0039075,Beaux Limmer;Kevin Dotson;Steve Avila;Matthew Stafford;Kyren Williams;Rob Havenstein;Alaric Jackson;Tyler Higbee;Demarcus Robinson;Cooper Kupp;Puka Nacua,00-0030062;00-0036222;00-0039841;00-0036916;00-0038386;00-0034754;00-0034381;00-0036418;00-0039013;00-0035253;00-0037130,Darius Slay;Isaiah Rodgers;Cooper DeJean;Milton Williams;Jalen Carter;Oren Burks;Josh Sweat;Zack Baun;Nolan Smith;C.J. Gardner-Johnson;Reed Blankenship
2024_20_LA_PHI,4225,pass,37.0,58.0,21.0,LA,4.0,93.0,58.0,8.0,1:33,1:25,,28.0,22.0,1.0,10.0,"3 CB, 2 DT, 4 OLB, 2 SS",CB;CB;CB;DT;DT;OLB;OLB;OLB;OLB;SS;SS,11,6,4,MAN_COVERAGE,COVER_1,False,00-0039753;00-0036339;00-0039058;00-0026498;00-0037840;00-0032242;00-0036603;00-0033110;00-0032775;00-0033908;00-0039075,Beaux Limmer;Kevin Dotson;Steve Avila;Matthew Stafford;Kyren Williams;Rob Havenstein;Alaric Jackson;Tyler Higbee;Demarcus Robinson;Cooper Kupp;Puka Nacua,00-0030062;00-0036222;00-0039841;00-0036916;00-0038386;00-0034754;00-0034381;00-0036418;00-0039013;00-0035253;00-0037130,Darius Slay;Isaiah Rodgers;Cooper DeJean;Milton Williams;Jalen Carter;Oren Burks;Josh Sweat;Zack Baun;Nolan Smith;C.J. Gardner-Johnson;Reed Blankenship
2024_20_LA_PHI,4260,pass,3.0,21.0,18.0,LA,4.0,85.0,21.0,6.0,1:25,1:19,,28.0,22.0,1.0,10.0,"3 CB, 2 DT, 4 OLB, 2 SS",CB;CB;CB;DT;DT;OLB;OLB;OLB;OLB;SS;SS,11,6,6,MAN_COVERAGE,COVER_1,False,00-0039753;00-0036339;00-0039058;00-0026498;00-0037840;00-0032242;00-0036603;00-0036244;00-0032775;00-0033908;00-0039075,Beaux Limmer;Kevin Dotson;Steve Avila;Matthew Stafford;Kyren Williams;Rob Havenstein;Alaric Jackson;Colby Parkinson;Demarcus Robinson;Cooper Kupp;Puka Nacua,00-0030062;00-0036222;00-0039841;00-0036916;00-0038386;00-0034754;00-0034381;00-0036418;00-0039013;00-0035253;00-0037130,Darius Slay;Isaiah Rodgers;Cooper DeJean;Milton Williams;Jalen Carter;Oren Burks;Josh Sweat;Zack Baun;Nolan Smith;C.J. Gardner-Johnson;Reed Blankenship
2024_20_LA_PHI,4295,no_play,0.0,18.0,18.0,LA,4.0,79.0,18.0,0.0,1:19,1:19,,28.0,22.0,2.0,7.0,"3 CB, 2 DT, 4 OLB, 2 SS",CB;CB;CB;DT;DT;OLB;OLB;OLB;OLB;SS;SS,11,0,0,,,False,00-0039753;00-0036339;00-0039058;00-0026498;00-0037840;00-0032242;00-0036603;00-0036244;00-0032775;00-0033908;00-0039075,Beaux Limmer;Kevin Dotson;Steve Avila;Matthew Stafford;Kyren Williams;Rob Havenstein;Alaric Jackson;Colby Parkinson;Demarcus Robinson;Cooper Kupp;Puka Nacua,00-0030062;00-0036222;00-0039841;00-0036916;00-0038386;00-0034754;00-0034381;00-0036418;00-0039013;00-0035253;00-0037130,Darius Slay;Isaiah Rodgers;Cooper DeJean;Milton Williams;Jalen Carter;Oren Burks;Josh Sweat;Zack Baun;Nolan Smith;C.J. Gardner-Johnson;Reed Blankenship
2024_20_LA_PHI,4319,pass,10.0,23.0,13.0,LA,4.0,79.0,23.0,5.0,1:19,1:14,,28.0,22.0,2.0,12.0,"3 CB, 2 DT, 4 OLB, 2 SS",CB;CB;CB;DT;DT;OLB;OLB;OLB;OLB;SS;SS,11,6,5,MAN_COVERAGE,COVER_1,False,00-0039753;00-0036339;00-0039058;00-0026498;00-0037840;00-0032242;00-0036603;00-0033110;00-0032775;00-0033908;00-0039075,Beaux Limmer;Kevin Dotson;Steve Avila;Matthew Stafford;Kyren Williams;Rob Havenstein;Alaric Jackson;Tyler Higbee;Demarcus Robinson;Cooper Kupp;Puka Nacua,00-0030062;00-0036222;00-0039841;00-0038386;00-0038412;00-0034754;00-0034381;00-0036418;00-0039013;00-0035253;00-0037130,Darius Slay;Isaiah Rodgers;Cooper DeJean;Jalen Carter;Moro Ojomo;Oren Burks;Josh Sweat;Zack Baun;Nolan Smith;C.J. Gardner-Johnson;Reed Blankenship
2024_20_LA_PHI,4349,pass,-9.0,13.0,22.0,LA,4.0,74.0,13.0,43.0,1:14,0:31,,28.0,22.0,3.0,2.0,"3 CB, 2 DT, 4 OLB, 2 SS",CB;CB;CB;DT;DT;OLB;OLB;OLB;OLB;SS;SS,11,7,4,MAN_COVERAGE,COVER_1,True,00-0039753;00-0036339;00-0039058;00-0026498;00-0037840;00-0032242;00-0036603;00-0033110;00-0032775;00-0033908;00-0039075,Beaux Limmer;Kevin Dotson;Steve Avila;Matthew Stafford;Kyren Williams;Rob Havenstein;Alaric Jackson;Tyler Higbee;Demarcus Robinson;Cooper Kupp;Puka Nacua,00-0030062;00-0036222;00-0039841;00-0038386;00-0038412;00-0034754;00-0034381;00-0036418;00-0039013;00-0035253;00-0037130,Darius Slay;Isaiah Rodgers;Cooper DeJean;Jalen Carter;Moro Ojomo;Oren Burks;Josh Sweat;Zack Baun;Nolan Smith;C.J. Gardner-Johnson;Reed Blankenship
2024_20_LA_PHI,4369,pass,0.0,22.0,22.0,LA,4.0,31.0,22.0,5.0,0:31,0:26,,28.0,22.0,4.0,11.0,"3 CB, 2 DT, 4 OLB, 2 SS",CB;CB;CB;DT;DT;OLB;OLB;OLB;OLB;SS;SS,11,6,4,ZONE_COVERAGE,COVER_2,True,00-0039753;00-0036339;00-0039058;00-0026498;00-0037840;00-0032242;00-0036603;00-0033110;00-0032775;00-0033908;00-0039075,Beaux Limmer;Kevin Dotson;Steve Avila;Matthew Stafford;Kyren Williams;Rob Havenstein;Alaric Jackson;Tyler Higbee;Demarcus Robinson;Cooper Kupp;Puka Nacua,00-0030062;00-0036222;00-0039841;00-0038386;00-0038412;00-0034754;00-0034381;00-0036418;00-0039013;00-0035253;00-0037130,Darius Slay;Isaiah Rodgers;Cooper DeJean;Jalen Carter;Moro Ojomo;Oren Burks;Josh Sweat;Zack Baun;Nolan Smith;C.J. Gardner-Johnson;Reed Blankenship
2024_20_LA_PHI,4392,qb_kneel,-1.0,78.0,79.0,PHI,4.0,26.0,78.0,26.0,0:26,0:00,,28.0,22.0,1.0,10.0,"2 CB, 1 DE, 1 FS, 2 ILB, 2 NT, 2 OLB, 1 SS",CB;CB;DE;FS;ILB;ILB;NT;NT;OLB;OLB;SS,11,0,0,,,False,00-0037002;00-0038112;00-0036389;00-0036919;00-0037130;00-0034429;00-0034951;00-0036284;00-0034351;00-0037086;00-0038498,Landon Dickerson;Cam Jurgens;Jalen Hurts;Kenneth Gainwell;Reed Blankenship;Jordan Mailata;Fred Johnson;Mekhi Becton;Dallas Goedert;Grant Calcaterra;E.J. Jenkins,00-0033783;00-0034203;00-0039749;00-0037841;00-0035942;00-0039774;00-0036903;00-0039138;00-0039137;00-0039852;00-0036349,Ahkello Witherspoon;Darious Williams;Tyler Davis;Quentin Lake;Christian Rozeboom;Omar Speights;Bobby Brown III;Kobie Turner;Byron Young;Jared Verse;Kamren Curl
2024_20_LA_PHI,4414,end_game,,,,PHI,4.0,0.0,,0.0,0:00,0:00,,28.0,22.0,,0.0,,,,,,,,,,,,
