game_id,play_id,play_type,yards_gained,starting_yard,ending_yard,posteam,qtr,game_seconds_remaining,yardline_100,time_of_play,time_on_clock_start,time_on_clock_end,timeout_team,home_team_score,away_team_score,down,yds_to_go,defense_personnel,defense_positions,n_defense,defenders_in_box,number_of_pass_rushers,defense_man_zone_type,defense_coverage_type,was_pressure,offense_player_ids,offense_player_names,defense_player_ids,defense_player_names
2021_10_CLE_NE,1,start_quarter_1,,,,,1.0,3600.0,,0.0,15:00,15:00,,0.0,0.0,,0.0,,,0,,,,,,,,,
2021_10_CLE_NE,40,kickoff,0.0,35.0,35.0,CLE,1.0,3600.0,35.0,4.0,15:00,14:56,,0.0,0.0,,0.0,,;;;;;;;;;;,11,,,,,,00-0031404;00-0031856;00-0035280;00-0029239;00-0035240;00-0026293;00-0029530;00-0035241;00-0033716;00-0029764;00-0036231,Adrian Phillips;Brandon King;Jake Bailey;Brandon Bolden;Jahlani Tavai;Matthew Slater;Justin Bethel;Joejuan Williams;Calvin Munson;Cody Davis;Kyle Dugger,00-0035144;00-0036282;00-0032956;00-0033969;00-0036915;00-0034355;00-0036232;00-0036999;00-0033973;00-0035646;00-0036114,Mack Wilson;Grant Delpit;Andy Janovich;Ifeadi Odenigbo;Jeremiah Owusu-Koramoah;M.J. Stewart;Harrison Bryant;Anthony Schwartz;Elijah Lee;Sione Takitaki;A.J. Green
2021_10_CLE_NE,62,run,5.0,84.0,79.0,CLE,1.0,3596.0,84.0,23.0,14:56,14:33,,0.0,0.0,1.0,10.0,"3 DL, 4 LB, 4 DB",;;;;;;;;;;,11,7,,,,,00-0036267;00-0035355;00-0030076;00-0033885;00-0032392;00-0031382;00-0031426;00-0036233;00-0035628;00-0034855;00-0034399,Jedrick Wills;Blake Hance;JC Tretter;David Njoku;Austin Hooper;Jarvis Landry;Joel Bitonio;Donovan Peoples-Jones;D'Ernest Johnson;Baker Mayfield;Wyatt Teller,00-0032803;00-0031404;00-0034385;00-0027647;00-0032415;00-0031360;00-0034591;00-0029669;00-0036981;00-0028171;00-0033860,Jalen Mills;Adrian Phillips;Ja'Whaun Bentley;Devin McCourty;Matthew Judon;Kyle Van Noy;J.C. Jackson;Dont'a Hightower;Christian Barmore;Lawrence Guy;Davon Godchaux
2021_10_CLE_NE,83,pass,6.0,79.0,73.0,CLE,1.0,3573.0,79.0,23.0,14:33,14:10,,0.0,0.0,2.0,5.0,"3 DL, 4 LB, 4 DB",;;;;;;;;;;,11,5,4,ZONE_COVERAGE,COVER_6,False,00-0036267;00-0035355;00-0030076;00-0033885;00-0032392;00-0031382;00-0031426;00-0036233;00-0035628;00-0034855;00-0034399,Jedrick Wills;Blake Hance;JC Tretter;David Njoku;Austin Hooper;Jarvis Landry;Joel Bitonio;Donovan Peoples-Jones;D'Ernest Johnson;Baker Mayfield;Wyatt Teller,00-0032803;00-0031404;00-0034385;00-0027647;00-0032415;00-0031360;00-0034591;00-0036981;00-0029669;00-0028171;00-0033860,Jalen Mills;Adrian Phillips;Ja'Whaun Bentley;Devin McCourty;Matthew Judon;Kyle Van Noy;J.C. Jackson;Christian Barmore;Dont'a Hightower;Lawrence Guy;Davon Godchaux
2021_10_CLE_NE,107,pass,0.0,73.0,73.0,CLE,1.0,3550.0,73.0,3.0,14:10,14:07,,0.0,0.0,1.0,10.0,"3 DL, 4 LB, 4 DB",;;;;;;;;;;,11,5,4,ZONE_COVERAGE,COVER_3,False,00-0036267;00-0035355;00-0030076;00-0033885;00-0032392;00-0031382;00-0031426;00-0036233;00-0035628;00-0034855;00-0034399,Jedrick Wills;Blake Hance;JC Tretter;David Njoku;Austin Hooper;Jarvis Landry;Joel Bitonio;Donovan Peoples-Jones;D'Ernest Johnson;Baker Mayfield;Wyatt Teller,00-0032803;00-0031404;00-0034385;00-0027647;00-0032415;00-0031360;00-0034591;00-0029669;00-0036981;00-0028171;00-0033860,Jalen Mills;Adrian Phillips;Ja'Whaun Bentley;Devin McCourty;Matthew Judon;Kyle Van Noy;J.C. Jackson;Dont'a Hightower;Christian Barmore;Lawrence Guy;Davon Godchaux
2021_10_CLE_NE,129,run,10.0,73.0,63.0,CLE,1.0,3547.0,73.0,38.0,14:07,13:29,,0.0,0.0,2.0,10.0,"3 DL, 3 LB, 5 DB",;;;;;;;;;;,11,7,,,,,00-0036267;00-0032977;00-0035355;00-0030076;00-0032392;00-0036232;00-0031382;00-0031426;00-0035628;00-0034855;00-0034399,Jedrick Wills;Rashard Higgins;Blake Hance;JC Tretter;Austin Hooper;Harrison Bryant;Jarvis Landry;Joel Bitonio;D'Ernest Johnson;Baker Mayfield;Wyatt Teller,00-0032803;00-0031404;00-0034385;00-0027647;00-0032415;00-0033947;00-0034591;00-0036981;00-0029669;00-0036231;00-0033860,Jalen Mills;Adrian Phillips;Ja'Whaun Bentley;Devin McCourty;Matthew Judon;Deatrich Wise;J.C. Jackson;Christian Barmore;Dont'a Hightower;Kyle Dugger;Davon Godchaux
2021_10_CLE_NE,150,pass,13.0,63.0,50.0,CLE,1.0,3509.0,63.0,44.0,13:29,12:45,,0.0,0.0,1.0,10.0,"3 DL, 3 LB, 5 DB",;;;;;;;;;;,11,7,5,ZONE_COVERAGE,COVER_3,True,00-0036267;00-0035355;00-0030076;00-0033885;00-0032392;00-0036232;00-0036999;00-0031426;00-0035628;00-0034855;00-0034399,Jedrick Wills;Blake Hance;JC Tretter;David Njoku;Austin Hooper;Harrison Bryant;Anthony Schwartz;Joel Bitonio;D'Ernest Johnson;Baker Mayfield;Wyatt Teller,00-0031938;00-0034385;00-0031404;00-0027647;00-0032415;00-0033947;00-0035241;00-0034591;00-0029669;00-0028171;00-0036231,Carl Davis;Ja'Whaun Bentley;Adrian Phillips;Devin McCourty;Matthew Judon;Deatrich Wise;Joejuan Williams;J.C. Jackson;Dont'a Hightower;Lawrence Guy;Kyle Dugger
2021_10_CLE_NE,178,run,24.0,50.0,26.0,CLE,1.0,3465.0,50.0,41.0,12:45,12:04,,0.0,0.0,1.0,10.0,"3 DL, 3 LB, 5 DB",;;;;;;;;;;,11,7,,,,,00-0036267;00-0035355;00-0030076;00-0032392;00-0031382;00-0036999;00-0031426;00-0036233;00-0035628;00-0034855;00-0034399,Jedrick Wills;Blake Hance;JC Tretter;Austin Hooper;Jarvis Landry;Anthony Schwartz;Joel Bitonio;Donovan Peoples-Jones;D'Ernest Johnson;Baker Mayfield;Wyatt Teller,00-0031938;00-0031404;00-0034385;00-0027647;00-0032415;00-0033947;00-0035241;00-0034591;00-0029669;00-0028171;00-0036087,Carl Davis;Adrian Phillips;Ja'Whaun Bentley;Devin McCourty;Matthew Judon;Deatrich Wise;Joejuan Williams;J.C. Jackson;Dont'a Hightower;Lawrence Guy;Myles Bryant
2021_10_CLE_NE,199,no_play,0.0,26.0,26.0,CLE,1.0,3424.0,26.0,24.0,12:04,11:40,,0.0,0.0,1.0,10.0,"3 DL, 3 LB, 5 DB",;;;;;;;;;;,11,,,,,,00-0036267;00-0032977;00-0035355;00-0030076;00-0032392;00-0036232;00-0031382;00-0031426;00-0035628;00-0034855;00-0034399,Jedrick Wills;Rashard Higgins;Blake Hance;JC Tretter;Austin Hooper;Harrison Bryant;Jarvis Landry;Joel Bitonio;D'Ernest Johnson;Baker Mayfield;Wyatt Teller,00-0031938;00-0031404;00-0034385;00-0027647;00-0032415;00-0033947;00-0035241;00-0034591;00-0029669;00-0028171;00-0036231,Carl Davis;Adrian Phillips;Ja'Whaun Bentley;Devin McCourty;Matthew Judon;Deatrich Wise;Joejuan Williams;J.C. Jackson;Dont'a Hightower;Lawrence Guy;Kyle Dugger
2021_10_CLE_NE,222,run,19.0,21.0,2.0,CLE,1.0,3400.0,21.0,41.0,11:40,10:59,,0.0,0.0,1.0,5.0,"3 DL, 3 LB, 5 DB",;;;;;;;;;;,11,7,,,,,00-0036267;00-0035355;00-0030076;00-0032956;00-0033885;00-0032392;00-0031426;00-0036233;00-0035628;00-0034855;00-0034399,Jedrick Wills;Blake Hance;JC Tretter;Andy Janovich;David Njoku;Austin Hooper;Joel Bitonio;Donovan Peoples-Jones;D'Ernest Johnson;Baker Mayfield;Wyatt Teller,00-0031404;00-0034385;00-0027647;00-0032415;00-0033947;00-0035241;00-0034591;00-0029669;00-0028171;00-0036231;00-0033860,Adrian Phillips;Ja'Whaun Bentley;Devin McCourty;Matthew Judon;Deatrich Wise;Joejuan Williams;J.C. Jackson;Dont'a Hightower;Lawrence Guy;Kyle Dugger;Davon Godchaux
2021_10_CLE_NE,243,run,0.0,2.0,2.0,CLE,1.0,3359.0,2.0,41.0,10:59,10:18,,0.0,0.0,1.0,2.0,"4 DL, 4 LB, 3 DB",;;;;;;;;;;,11,10,,,,,00-0036267;00-0035355;00-0030076;00-0034311;00-0033885;00-0032956;00-0032392;00-0036232;00-0031426;00-0034855;00-0034399,Jedrick Wills;Blake Hance;JC Tretter;Johnny Stanton;David Njoku;Andy Janovich;Austin Hooper;Harrison Bryant;Joel Bitonio;Baker Mayfield;Wyatt Teller,00-0031938;00-0031404;00-0034385;00-0027647;00-0032415;00-0031360;00-0036981;00-0029669;00-0028171;00-0036231;00-0033860,Carl Davis;Adrian Phillips;Ja'Whaun Bentley;Devin McCourty;Matthew Judon;Kyle Van Noy;Christian Barmore;Dont'a Hightower;Lawrence Guy;Kyle Dugger;Davon Godchaux
2021_10_CLE_NE,266,pass,0.0,2.0,2.0,CLE,1.0,3318.0,2.0,6.0,10:18,10:12,,0.0,0.0,2.0,2.0,"4 DL, 4 LB, 3 DB",;;;;;;;;;;,11,10,4,MAN_COVERAGE,COVER_0,False,00-0036267;00-0035355;00-0030076;00-0033885;00-0032956;00-0032392;00-0036232;00-0031426;00-0035628;00-0034855;00-0034399,Jedrick Wills;Blake Hance;JC Tretter;David Njoku;Andy Janovich;Austin Hooper;Harrison Bryant;Joel Bitonio;D'Ernest Johnson;Baker Mayfield;Wyatt Teller,00-0031938;00-0031404;00-0034385;00-0027647;00-0032415;00-0031360;00-0029669;00-0036981;00-0028171;00-0036231;00-0033860,Carl Davis;Adrian Phillips;Ja'Whaun Bentley;Devin McCourty;Matthew Judon;Kyle Van Noy;Dont'a Hightower;Christian Barmore;Lawrence Guy;Kyle Dugger;Davon Godchaux
2021_10_CLE_NE,300,pass,0.0,2.0,2.0,CLE,1.0,3312.0,2.0,3.0,10:12,10:09,,0.0,0.0,3.0,2.0,"2 DL, 4 LB, 5 DB",;;;;;;;;;;,11,8,2,MAN_COVERAGE,COVER_0,True,00-0036267;00-0035355;00-0030076;00-0032392;00-0031382;00-0031426;00-0036999;00-0036233;00-0035628;00-0034855;00-0034399,Jedrick Wills;Blake Hance;JC Tretter;Austin Hooper;Jarvis Landry;Joel Bitonio;Anthony Schwartz;Donovan Peoples-Jones;D'Ernest Johnson;Baker Mayfield;Wyatt Teller,00-0031404;00-0034385;00-0027647;00-0032415;00-0035241;00-0031360;00-0034591;00-0029669;00-0036981;00-0033860;00-0036087,Adrian Phillips;Ja'Whaun Bentley;Devin McCourty;Matthew Judon;Joejuan Williams;Kyle Van Noy;J.C. Jackson;Dont'a Hightower;Christian Barmore;Davon Godchaux;Myles Bryant
2021_10_CLE_NE,322,pass,2.0,2.0,0.0,CLE,1.0,3309.0,2.0,4.0,10:09,10:05,,0.0,6.0,4.0,2.0,"3 DL, 3 LB, 5 DB",;;;;;;;;;;,11,7,4,ZONE_COVERAGE,COVER_3,False,00-0036267;00-0035355;00-0030076;00-0033885;00-0032392;00-0031382;00-0031426;00-0036233;00-0035628;00-0034855;00-0034399,Jedrick Wills;Blake Hance;JC Tretter;David Njoku;Austin Hooper;Jarvis Landry;Joel Bitonio;Donovan Peoples-Jones;D'Ernest Johnson;Baker Mayfield;Wyatt Teller,00-0031404;00-0034385;00-0027647;00-0032415;00-0033947;00-0035241;00-0034591;00-0029669;00-0036981;00-0036231;00-0033860,Adrian Phillips;Ja'Whaun Bentley;Devin McCourty;Matthew Judon;Deatrich Wise;Joejuan Williams;J.C. Jackson;Dont'a Hightower;Christian Barmore;Kyle Dugger;Davon Godchaux
2021_10_CLE_NE,347,extra_point,0.0,15.0,15.0,CLE,1.0,3305.0,15.0,0.0,10:05,10:05,,0.0,7.0,,0.0,,;;;;;;;;;;,11,,,,,,00-0036267;00-0035355;00-0033995;00-0030076;00-0035358;00-0035042;00-0036232;00-0029008;00-0031426;00-0034399;00-0035258,Jedrick Wills;Blake Hance;Michael Dunn;JC Tretter;Chase McLaughlin;Jamie Gillan;Harrison Bryant;Charley Hughlett;Joel Bitonio;Wyatt Teller;Hjalte Froholdt,00-0031856;00-0032415;00-0026293;00-0029530;00-0036159;00-0029764;00-0036981;00-0028171;00-0036231;00-0033860;00-0036087,Brandon King;Matthew Judon;Matthew Slater;Justin Bethel;Joshua Uche;Cody Davis;Christian Barmore;Lawrence Guy;Kyle Dugger;Davon Godchaux;Myles Bryant
2021_10_CLE_NE,363,kickoff,0.0,35.0,35.0,NE,1.0,3305.0,35.0,7.0,10:05,9:58,,0.0,7.0,,0.0,,;;;;;;;;;;,11,,,,,,00-0035144;00-0035210;00-0036282;00-0035358;00-0032956;00-0033969;00-0034355;00-0036999;00-0033973;00-0035646;00-0036114,Mack Wilson;Herb Miller;Grant Delpit;Chase McLaughlin;Andy Janovich;Ifeadi Odenigbo;M.J. Stewart;Anthony Schwartz;Elijah Lee;Sione Takitaki;A.J. Green,00-0035726;00-0031856;00-0029239;00-0035240;00-0026293;00-0029530;00-0035241;00-0036159;00-0033716;00-0029764;00-0033090,Jakob Johnson;Brandon King;Brandon Bolden;Jahlani Tavai;Matthew Slater;Justin Bethel;Joejuan Williams;Joshua Uche;Calvin Munson;Cody Davis;Hunter Henry
2021_10_CLE_NE,389,run,0.0,83.0,83.0,NE,1.0,3298.0,83.0,32.0,9:58,9:26,,0.0,7.0,1.0,10.0,"4 DL, 3 LB, 4 DB",;;;;;;;;;;,11,8,,,,,00-0034960;00-0031852;00-0036972;00-0035726;00-0035624;00-0031580;00-0034833;00-0036875;00-0032445;00-0032071;00-0033090,Jakobi Meyers;David Andrews;Mac Jones;Jakob Johnson;N'Keal Harry;Shaq Mason;Isaiah Wynn;Rhamondre Stevenson;Ted Karras;Trent Brown;Hunter Henry,00-0035144;00-0033927;00-0029568;00-0031364;00-0033868;00-0033570;00-0034019;00-0036996;00-0034779;00-0035646;00-0034856,Mack Wilson;John Johnson;Malik Jackson;Jadeveon Clowney;Myles Garrett;Anthony Walker;Malik McDowell;Greg Newsome II;Ronnie Harrison;Sione Takitaki;Denzel Ward
2021_10_CLE_NE,410,pass,2.0,83.0,81.0,NE,1.0,3266.0,83.0,43.0,9:26,8:43,,0.0,7.0,2.0,10.0,"4 DL, 2 LB, 5 DB",;;;;;;;;;;,11,7,4,ZONE_COVERAGE,COVER_3,False,00-0033307;00-0034960;00-0031852;00-0036972;00-0031580;00-0034833;00-0036875;00-0032445;00-0031549;00-0032071;00-0033090,Kendrick Bourne;Jakobi Meyers;David Andrews;Mac Jones;Shaq Mason;Isaiah Wynn;Rhamondre Stevenson;Ted Karras;Nelson Agholor;Trent Brown;Hunter Henry,00-0031785;00-0028180;00-0033927;00-0029568;00-0031364;00-0033868;00-0033570;00-0034019;00-0036996;00-0034779;00-0034856,Troy Hill;Malcolm Smith;John Johnson;Malik Jackson;Jadeveon Clowney;Myles Garrett;Anthony Walker;Malik McDowell;Greg Newsome II;Ronnie Harrison;Denzel Ward
2021_10_CLE_NE,434,pass,12.0,81.0,69.0,NE,1.0,3223.0,81.0,40.0,8:43,8:03,,0.0,7.0,3.0,8.0,"4 DL, 1 LB, 6 DB",;;;;;;;;;;,11,6,4,ZONE_COVERAGE,COVER_6,False,00-0033307;00-0034960;00-0031852;00-0036972;00-0031580;00-0034833;00-0029239;00-0032445;00-0032071;00-0031549;00-0033090,Kendrick Bourne;Jakobi Meyers;David Andrews;Mac Jones;Shaq Mason;Isaiah Wynn;Brandon Bolden;Ted Karras;Trent Brown;Nelson Agholor;Hunter Henry,00-0031785;00-0036282;00-0033927;00-0036915;00-0029568;00-0031364;00-0033868;00-0034019;00-0036996;00-0034779;00-0034856,Troy Hill;Grant Delpit;John Johnson;Jeremiah Owusu-Koramoah;Malik Jackson;Jadeveon Clowney;Myles Garrett;Malik McDowell;Greg Newsome II;Ronnie Harrison;Denzel Ward
2021_10_CLE_NE,458,run,5.0,69.0,64.0,NE,1.0,3183.0,69.0,36.0,8:03,7:27,,0.0,7.0,1.0,10.0,"4 DL, 2 LB, 5 DB",;;;;;;;;;;,11,7,,,,,00-0034960;00-0031852;00-0036972;00-0031580;00-0034833;00-0029239;00-0036875;00-0032445;00-0032071;00-0031549;00-0033090,Jakobi Meyers;David Andrews;Mac Jones;Shaq Mason;Isaiah Wynn;Brandon Bolden;Rhamondre Stevenson;Ted Karras;Trent Brown;Nelson Agholor;Hunter Henry,00-0036282;00-0028180;00-0033927;00-0031364;00-0033868;00-0033570;00-0034019;00-0036996;00-0036266;00-0034779;00-0034856,Grant Delpit;Malcolm Smith;John Johnson;Jadeveon Clowney;Myles Garrett;Anthony Walker;Malik McDowell;Greg Newsome II;Jordan Elliott;Ronnie Harrison;Denzel Ward
2021_10_CLE_NE,479,run,-1.0,64.0,65.0,NE,1.0,3147.0,64.0,35.0,7:27,6:52,,0.0,7.0,2.0,5.0,"4 DL, 2 LB, 5 DB",;;;;;;;;;;,11,6,,,,,00-0034960;00-0031852;00-0036972;00-0035624;00-0031580;00-0034833;00-0036875;00-0032445;00-0031549;00-0032071;00-0033090,Jakobi Meyers;David Andrews;Mac Jones;N'Keal Harry;Shaq Mason;Isaiah Wynn;Rhamondre Stevenson;Ted Karras;Nelson Agholor;Trent Brown;Hunter Henry,00-0031785;00-0028180;00-0033927;00-0031364;00-0033868;00-0033570;00-0034019;00-0036996;00-0036266;00-0034779;00-0034856,Troy Hill;Malcolm Smith;John Johnson;Jadeveon Clowney;Myles Garrett;Anthony Walker;Malik McDowell;Greg Newsome II;Jordan Elliott;Ronnie Harrison;Denzel Ward
2021_10_CLE_NE,500,pass,7.0,65.0,58.0,NE,1.0,3112.0,65.0,38.0,6:52,6:14,,0.0,7.0,3.0,6.0,"4 DL, 1 LB, 6 DB",;;;;;;;;;;,11,6,5,MAN_COVERAGE,COVER_1,False,00-0033307;00-0034960;00-0031852;00-0036972;00-0031580;00-0034833;00-0029239;00-0032445;00-0032071;00-0031549;00-0033090,Kendrick Bourne;Jakobi Meyers;David Andrews;Mac Jones;Shaq Mason;Isaiah Wynn;Brandon Bolden;Ted Karras;Trent Brown;Nelson Agholor;Hunter Henry,00-0031785;00-0036282;00-0033927;00-0029568;00-0031364;00-0033868;00-0033570;00-0034019;00-0036996;00-0034779;00-0034856,Troy Hill;Grant Delpit;John Johnson;Malik Jackson;Jadeveon Clowney;Myles Garrett;Anthony Walker;Malik McDowell;Greg Newsome II;Ronnie Harrison;Denzel Ward
2021_10_CLE_NE,524,no_play,0.0,58.0,58.0,NE,1.0,3074.0,58.0,23.0,6:14,5:51,,0.0,7.0,1.0,10.0,"4 DL, 3 LB, 4 DB",;;;;;;;;;;,11,7,,,,,00-0034960;00-0031852;00-0036972;00-0035726;00-0035624;00-0031580;00-0034833;00-0036875;00-0032445;00-0032071;00-0033090,Jakobi Meyers;David Andrews;Mac Jones;Jakob Johnson;N'Keal Harry;Shaq Mason;Isaiah Wynn;Rhamondre Stevenson;Ted Karras;Trent Brown;Hunter Henry,00-0035144;00-0033927;00-0033969;00-0035281;00-0033570;00-0036996;00-0036266;00-0034779;00-0035646;00-0034856;00-0036883,Mack Wilson;John Johnson;Ifeadi Odenigbo;Joe Jackson;Anthony Walker;Greg Newsome II;Jordan Elliott;Ronnie Harrison;Sione Takitaki;Denzel Ward;Tommy Togiai
2021_10_CLE_NE,556,run,15.0,68.0,53.0,NE,1.0,3051.0,68.0,42.0,5:51,5:09,,0.0,7.0,1.0,20.0,"4 DL, 2 LB, 5 DB",;;;;;;;;;;,11,6,,,,,00-0033307;00-0034960;00-0031852;00-0036972;00-0031580;00-0034833;00-0036875;00-0032445;00-0031549;00-0032071;00-0033090,Kendrick Bourne;Jakobi Meyers;David Andrews;Mac Jones;Shaq Mason;Isaiah Wynn;Rhamondre Stevenson;Ted Karras;Nelson Agholor;Trent Brown;Hunter Henry,00-0031785;00-0028180;00-0033927;00-0033969;00-0035281;00-0033570;00-0036996;00-0036266;00-0034779;00-0034856;00-0036883,Troy Hill;Malcolm Smith;John Johnson;Ifeadi Odenigbo;Joe Jackson;Anthony Walker;Greg Newsome II;Jordan Elliott;Ronnie Harrison;Denzel Ward;Tommy Togiai
2021_10_CLE_NE,577,run,9.0,53.0,44.0,NE,1.0,3009.0,53.0,34.0,5:09,4:35,,0.0,7.0,2.0,5.0,"4 DL, 3 LB, 4 DB",;;;;;;;;;;,11,8,,,,,00-0034960;00-0031852;00-0036972;00-0035726;00-0035624;00-0031580;00-0034833;00-0036875;00-0032445;00-0032071;00-0033090,Jakobi Meyers;David Andrews;Mac Jones;Jakob Johnson;N'Keal Harry;Shaq Mason;Isaiah Wynn;Rhamondre Stevenson;Ted Karras;Trent Brown;Hunter Henry,00-0035144;00-0033927;00-0033969;00-0035281;00-0033570;00-0036996;00-0036266;00-0034779;00-0035646;00-0034856;00-0036883,Mack Wilson;John Johnson;Ifeadi Odenigbo;Joe Jackson;Anthony Walker;Greg Newsome II;Jordan Elliott;Ronnie Harrison;Sione Takitaki;Denzel Ward;Tommy Togiai
2021_10_CLE_NE,598,pass,11.0,44.0,33.0,NE,1.0,2975.0,44.0,40.0,4:35,3:55,,0.0,7.0,1.0,10.0,"4 DL, 2 LB, 5 DB",;;;;;;;;;;,11,6,3,ZONE_COVERAGE,COVER_3,False,00-0033307;00-0034960;00-0031852;00-0036972;00-0031580;00-0034833;00-0036875;00-0032445;00-0031549;00-0032071;00-0033090,Kendrick Bourne;Jakobi Meyers;David Andrews;Mac Jones;Shaq Mason;Isaiah Wynn;Rhamondre Stevenson;Ted Karras;Nelson Agholor;Trent Brown;Hunter Henry,00-0031785;00-0028180;00-0033927;00-0033969;00-0035281;00-0033570;00-0036996;00-0036266;00-0034779;00-0034856;00-0036883,Troy Hill;Malcolm Smith;John Johnson;Ifeadi Odenigbo;Joe Jackson;Anthony Walker;Greg Newsome II;Jordan Elliott;Ronnie Harrison;Denzel Ward;Tommy Togiai
2021_10_CLE_NE,622,run,13.0,33.0,20.0,NE,1.0,2935.0,33.0,38.0,3:55,3:17,,0.0,7.0,1.0,10.0,"4 DL, 3 LB, 4 DB",;;;;;;;;;;,11,8,,,,,00-0031852;00-0036972;00-0035726;00-0035624;00-0031580;00-0034833;00-0036875;00-0036198;00-0032445;00-0031549;00-0032071,David Andrews;Mac Jones;Jakob Johnson;N'Keal Harry;Shaq Mason;Isaiah Wynn;Rhamondre Stevenson;Mike Onwenu;Ted Karras;Nelson Agholor;Trent Brown,00-0035144;00-0033927;00-0033969;00-0035281;00-0033570;00-0036996;00-0036266;00-0034779;00-0035646;00-0034856;00-0036883,Mack Wilson;John Johnson;Ifeadi Odenigbo;Joe Jackson;Anthony Walker;Greg Newsome II;Jordan Elliott;Ronnie Harrison;Sione Takitaki;Denzel Ward;Tommy Togiai
2021_10_CLE_NE,645,run,4.0,20.0,16.0,NE,1.0,2897.0,20.0,44.0,3:17,2:33,,0.0,7.0,1.0,10.0,"4 DL, 3 LB, 4 DB",;;;;;;;;;;,11,8,,,,,00-0034960;00-0031852;00-0036972;00-0035726;00-0031580;00-0034833;00-0036875;00-0032445;00-0031549;00-0032071;00-0033090,Jakobi Meyers;David Andrews;Mac Jones;Jakob Johnson;Shaq Mason;Isaiah Wynn;Rhamondre Stevenson;Ted Karras;Nelson Agholor;Trent Brown;Hunter Henry,00-0035144;00-0033927;00-0029568;00-0031364;00-0033868;00-0033570;00-0034019;00-0036996;00-0034779;00-0035646;00-0034856,Mack Wilson;John Johnson;Malik Jackson;Jadeveon Clowney;Myles Garrett;Anthony Walker;Malik McDowell;Greg Newsome II;Ronnie Harrison;Sione Takitaki;Denzel Ward
2021_10_CLE_NE,666,pass,-7.0,16.0,23.0,NE,1.0,2853.0,16.0,39.0,2:33,1:54,,0.0,7.0,2.0,6.0,"4 DL, 3 LB, 4 DB",;;;;;;;;;;,11,7,4,,,,00-0034960;00-0031852;00-0036972;00-0031580;00-0034833;00-0029239;00-0032445;00-0031744;00-0032071;00-0031549;00-0033090,Jakobi Meyers;David Andrews;Mac Jones;Shaq Mason;Isaiah Wynn;Brandon Bolden;Ted Karras;Matt LaCosse;Trent Brown;Nelson Agholor;Hunter Henry,00-0035144;00-0033927;00-0029568;00-0031364;00-0033868;00-0033570;00-0034019;00-0036996;00-0034779;00-0035646;00-0034856,Mack Wilson;John Johnson;Malik Jackson;Jadeveon Clowney;Myles Garrett;Anthony Walker;Malik McDowell;Greg Newsome II;Ronnie Harrison;Sione Takitaki;Denzel Ward
2021_10_CLE_NE,685,pass,20.0,23.0,3.0,NE,1.0,2814.0,23.0,40.0,1:54,1:14,,0.0,7.0,3.0,13.0,"4 DL, 1 LB, 6 DB",;;;;;;;;;;,11,5,4,ZONE_COVERAGE,COVER_4,False,00-0033307;00-0034960;00-0031852;00-0036972;00-0031580;00-0029239;00-0034833;00-0032445;00-0031549;00-0032071;00-0033090,Kendrick Bourne;Jakobi Meyers;David Andrews;Mac Jones;Shaq Mason;Brandon Bolden;Isaiah Wynn;Ted Karras;Nelson Agholor;Trent Brown;Hunter Henry,00-0031785;00-0036282;00-0033927;00-0036915;00-0031364;00-0033868;00-0034019;00-0036996;00-0036266;00-0034779;00-0034856,Troy Hill;Grant Delpit;John Johnson;Jeremiah Owusu-Koramoah;Jadeveon Clowney;Myles Garrett;Malik McDowell;Greg Newsome II;Jordan Elliott;Ronnie Harrison;Denzel Ward
2021_10_CLE_NE,709,run,0.0,3.0,3.0,NE,1.0,2774.0,3.0,43.0,1:14,0:31,,0.0,7.0,1.0,3.0,"6 DL, 3 LB, 2 DB",;;;;;;;;;;,11,11,,,,,00-0031852;00-0036972;00-0035726;00-0031580;00-0034833;00-0036875;00-0036198;00-0036194;00-0032445;00-0032071;00-0033090,David Andrews;Mac Jones;Jakob Johnson;Shaq Mason;Isaiah Wynn;Rhamondre Stevenson;Mike Onwenu;Devin Asiasi;Ted Karras;Trent Brown;Hunter Henry,00-0035144;00-0033927;00-0029568;00-0031364;00-0033868;00-0033570;00-0034019;00-0036266;00-0034779;00-0035646;00-0036883,Mack Wilson;John Johnson;Malik Jackson;Jadeveon Clowney;Myles Garrett;Anthony Walker;Malik McDowell;Jordan Elliott;Ronnie Harrison;Sione Takitaki;Tommy Togiai
2021_10_CLE_NE,732,pass,3.0,3.0,0.0,NE,1.0,2731.0,3.0,5.0,0:31,0:26,,6.0,7.0,2.0,3.0,"4 DL, 2 LB, 5 DB",;;;;;;;;;;,11,6,5,MAN_COVERAGE,COVER_0,True,00-0033307;00-0034960;00-0031852;00-0036972;00-0031580;00-0034833;00-0029239;00-0032445;00-0032071;00-0031549;00-0033090,Kendrick Bourne;Jakobi Meyers;David Andrews;Mac Jones;Shaq Mason;Isaiah Wynn;Brandon Bolden;Ted Karras;Trent Brown;Nelson Agholor;Hunter Henry,00-0031785;00-0028180;00-0033927;00-0029568;00-0031364;00-0033868;00-0033570;00-0034019;00-0036996;00-0034779;00-0034856,Troy Hill;Malcolm Smith;John Johnson;Malik Jackson;Jadeveon Clowney;Myles Garrett;Anthony Walker;Malik McDowell;Greg Newsome II;Ronnie Harrison;Denzel Ward
2021_10_CLE_NE,757,extra_point,0.0,15.0,15.0,NE,1.0,2726.0,15.0,0.0,0:26,0:26,,7.0,7.0,,0.0,,;;;;;;;;;;,11,,,,,,00-0035726;00-0031580;00-0035280;00-0034833;00-0032228;00-0036198;00-0033947;00-0025565;00-0032445;00-0032071;00-0028171,Jakob Johnson;Shaq Mason;Jake Bailey;Isaiah Wynn;Joe Cardona;Mike Onwenu;Deatrich Wise;Nick Folk;Ted Karras;Trent Brown;Lawrence Guy,00-0033927;00-0031364;00-0033868;00-0033570;00-0034019;00-0036996;00-0036266;00-0034779;00-0033973;00-0035646;00-0034856,John Johnson;Jadeveon Clowney;Myles Garrett;Anthony Walker;Malik McDowell;Greg Newsome II;Jordan Elliott;Ronnie Harrison;Elijah Lee;Sione Takitaki;Denzel Ward
2021_10_CLE_NE,773,kickoff,0.0,35.0,35.0,CLE,1.0,2726.0,35.0,8.0,0:26,0:18,,7.0,7.0,,0.0,,;;;;;;;;;;,11,,,,,,00-0031404;00-0031856;00-0035280;00-0029239;00-0035240;00-0026293;00-0029530;00-0035241;00-0033716;00-0029764;00-0036231,Adrian Phillips;Brandon King;Jake Bailey;Brandon Bolden;Jahlani Tavai;Matthew Slater;Justin Bethel;Joejuan Williams;Calvin Munson;Cody Davis;Kyle Dugger,00-0035144;00-0036282;00-0034311;00-0032956;00-0033969;00-0034355;00-0036232;00-0036999;00-0033973;00-0035646;00-0036114,Mack Wilson;Grant Delpit;Johnny Stanton;Andy Janovich;Ifeadi Odenigbo;M.J. Stewart;Harrison Bryant;Anthony Schwartz;Elijah Lee;Sione Takitaki;A.J. Green
2021_10_CLE_NE,795,run,3.0,71.0,68.0,CLE,1.0,2718.0,71.0,18.0,0:18,0:00,,7.0,7.0,1.0,10.0,"3 DL, 4 LB, 4 DB",;;;;;;;;;;,11,7,,,,,00-0036267;00-0035355;00-0030076;00-0033885;00-0036232;00-0031382;00-0031426;00-0036233;00-0035628;00-0034855;00-0034399,Jedrick Wills;Blake Hance;JC Tretter;David Njoku;Harrison Bryant;Jarvis Landry;Joel Bitonio;Donovan Peoples-Jones;D'Ernest Johnson;Baker Mayfield;Wyatt Teller,00-0032803;00-0034385;00-0027647;00-0032415;00-0031360;00-0034591;00-0036981;00-0029669;00-0028171;00-0036231;00-0033860,Jalen Mills;Ja'Whaun Bentley;Devin McCourty;Matthew Judon;Kyle Van Noy;J.C. Jackson;Christian Barmore;Dont'a Hightower;Lawrence Guy;Kyle Dugger;Davon Godchaux
2021_10_CLE_NE,816,start_quarter_2,,,,CLE,1.0,2700.0,,0.0,0:00,0:00,,7.0,7.0,,0.0,,,0,,,,,,,,,
2021_10_CLE_NE,835,pass,0.0,68.0,68.0,CLE,2.0,2700.0,68.0,3.0,15:00,14:57,,7.0,7.0,2.0,7.0,"3 DL, 3 LB, 5 DB",;;;;;;;;;;,11,7,4,ZONE_COVERAGE,COVER_3,False,00-0036267;00-0035355;00-0030076;00-0033885;00-0031382;00-0036999;00-0031426;00-0036233;00-0034855;00-0034399;00-0033266,Jedrick Wills;Blake Hance;JC Tretter;David Njoku;Jarvis Landry;Anthony Schwartz;Joel Bitonio;Donovan Peoples-Jones;Baker Mayfield;Wyatt Teller;JoJo Natson,00-0032803;00-0034385;00-0027647;00-0032415;00-0033947;00-0034591;00-0029669;00-0028171;00-0036231;00-0033860;00-0036087,Jalen Mills;Ja'Whaun Bentley;Devin McCourty;Matthew Judon;Deatrich Wise;J.C. Jackson;Dont'a Hightower;Lawrence Guy;Kyle Dugger;Davon Godchaux;Myles Bryant
2021_10_CLE_NE,857,turnover,0.0,68.0,68.0,CLE,2.0,2697.0,68.0,9.0,14:57,14:48,,7.0,7.0,3.0,7.0,"1 DL, 4 LB, 6 DB",;;;;;;;;;;,11,5,4,ZONE_COVERAGE,COVER_2,False,00-0036267;00-0035355;00-0030076;00-0032956;00-0033885;00-0031382;00-0036999;00-0031426;00-0036233;00-0034855;00-0034399,Jedrick Wills;Blake Hance;JC Tretter;Andy Janovich;David Njoku;Jarvis Landry;Anthony Schwartz;Joel Bitonio;Donovan Peoples-Jones;Baker Mayfield;Wyatt Teller,00-0032803;00-0031404;00-0027647;00-0032415;00-0036159;00-0031360;00-0034591;00-0036981;00-0029669;00-0036231;00-0036087,Jalen Mills;Adrian Phillips;Devin McCourty;Matthew Judon;Joshua Uche;Kyle Van Noy;J.C. Jackson;Christian Barmore;Dont'a Hightower;Kyle Dugger;Myles Bryant
2021_10_CLE_NE,894,run,5.0,5.0,0.0,NE,2.0,2688.0,5.0,5.0,14:48,14:43,,13.0,7.0,1.0,5.0,"4 DL, 3 LB, 4 DB",;;;;;;;;;;,11,8,,,,,00-0034960;00-0031852;00-0036972;00-0035726;00-0035624;00-0031580;00-0034833;00-0036875;00-0032445;00-0032071;00-0033090,Jakobi Meyers;David Andrews;Mac Jones;Jakob Johnson;N'Keal Harry;Shaq Mason;Isaiah Wynn;Rhamondre Stevenson;Ted Karras;Trent Brown;Hunter Henry,00-0035144;00-0033927;00-0029568;00-0031364;00-0033868;00-0033570;00-0034019;00-0036996;00-0034779;00-0035646;00-0034856,Mack Wilson;John Johnson;Malik Jackson;Jadeveon Clowney;Myles Garrett;Anthony Walker;Malik McDowell;Greg Newsome II;Ronnie Harrison;Sione Takitaki;Denzel Ward
2021_10_CLE_NE,916,extra_point,0.0,15.0,15.0,NE,2.0,2683.0,15.0,0.0,14:43,14:43,,14.0,7.0,,0.0,,;;;;;;;;;;,11,,,,,,00-0035726;00-0031580;00-0035280;00-0034833;00-0032228;00-0036198;00-0033947;00-0025565;00-0032445;00-0032071;00-0028171,Jakob Johnson;Shaq Mason;Jake Bailey;Isaiah Wynn;Joe Cardona;Mike Onwenu;Deatrich Wise;Nick Folk;Ted Karras;Trent Brown;Lawrence Guy,00-0033927;00-0029568;00-0031364;00-0033868;00-0033570;00-0034019;00-0036996;00-0034779;00-0033973;00-0035646;00-0034856,John Johnson;Malik Jackson;Jadeveon Clowney;Myles Garrett;Anthony Walker;Malik McDowell;Greg Newsome II;Ronnie Harrison;Elijah Lee;Sione Takitaki;Denzel Ward
2021_10_CLE_NE,932,kickoff,0.0,35.0,35.0,CLE,2.0,2683.0,35.0,7.0,14:43,14:36,,14.0,7.0,,0.0,,;;;;;;;;;;,11,,,,,,00-0031404;00-0031856;00-0029239;00-0035240;00-0026293;00-0025565;00-0029530;00-0035241;00-0033716;00-0029764;00-0036231,Adrian Phillips;Brandon King;Brandon Bolden;Jahlani Tavai;Matthew Slater;Nick Folk;Justin Bethel;Joejuan Williams;Calvin Munson;Cody Davis;Kyle Dugger,00-0035144;00-0036282;00-0032956;00-0033969;00-0036915;00-0034355;00-0036232;00-0036999;00-0033973;00-0035646;00-0036114,Mack Wilson;Grant Delpit;Andy Janovich;Ifeadi Odenigbo;Jeremiah Owusu-Koramoah;M.J. Stewart;Harrison Bryant;Anthony Schwartz;Elijah Lee;Sione Takitaki;A.J. Green
2021_10_CLE_NE,965,pass,11.0,88.0,77.0,CLE,2.0,2676.0,88.0,30.0,14:36,14:06,,14.0,7.0,1.0,10.0,"3 DL, 4 LB, 4 DB",;;;;;;;;;;,11,5,4,ZONE_COVERAGE,COVER_2,False,00-0036267;00-0035355;00-0030076;00-0033885;00-0032392;00-0036232;00-0031382;00-0031426;00-0035628;00-0034855;00-0034399,Jedrick Wills;Blake Hance;JC Tretter;David Njoku;Austin Hooper;Harrison Bryant;Jarvis Landry;Joel Bitonio;D'Ernest Johnson;Baker Mayfield;Wyatt Teller,00-0032803;00-0034385;00-0027647;00-0032415;00-0031360;00-0034591;00-0029669;00-0036981;00-0028171;00-0036231;00-0033860,Jalen Mills;Ja'Whaun Bentley;Devin McCourty;Matthew Judon;Kyle Van Noy;J.C. Jackson;Dont'a Hightower;Christian Barmore;Lawrence Guy;Kyle Dugger;Davon Godchaux
2021_10_CLE_NE,989,pass,11.0,77.0,66.0,CLE,2.0,2646.0,77.0,37.0,14:06,13:29,,14.0,7.0,1.0,10.0,"3 DL, 4 LB, 4 DB",;;;;;;;;;;,11,4,4,ZONE_COVERAGE,COVER_6,False,00-0036267;00-0035355;00-0030076;00-0033885;00-0032392;00-0036232;00-0031382;00-0031426;00-0035628;00-0034855;00-0034399,Jedrick Wills;Blake Hance;JC Tretter;David Njoku;Austin Hooper;Harrison Bryant;Jarvis Landry;Joel Bitonio;D'Ernest Johnson;Baker Mayfield;Wyatt Teller,00-0032803;00-0034385;00-0027647;00-0032415;00-0031360;00-0034591;00-0029669;00-0036981;00-0028171;00-0036231;00-0033860,Jalen Mills;Ja'Whaun Bentley;Devin McCourty;Matthew Judon;Kyle Van Noy;J.C. Jackson;Dont'a Hightower;Christian Barmore;Lawrence Guy;Kyle Dugger;Davon Godchaux
2021_10_CLE_NE,1013,run,1.0,66.0,65.0,CLE,2.0,2609.0,66.0,46.0,13:29,12:43,,14.0,7.0,1.0,10.0,"3 DL, 4 LB, 4 DB",;;;;;;;;;;,11,7,,,,,00-0036267;00-0035355;00-0030076;00-0032956;00-0033885;00-0036232;00-0031382;00-0031426;00-0035628;00-0034855;00-0034399,Jedrick Wills;Blake Hance;JC Tretter;Andy Janovich;David Njoku;Harrison Bryant;Jarvis Landry;Joel Bitonio;D'Ernest Johnson;Baker Mayfield;Wyatt Teller,00-0032803;00-0034385;00-0027647;00-0032415;00-0031360;00-0034591;00-0029669;00-0036981;00-0028171;00-0036231;00-0033860,Jalen Mills;Ja'Whaun Bentley;Devin McCourty;Matthew Judon;Kyle Van Noy;J.C. Jackson;Dont'a Hightower;Christian Barmore;Lawrence Guy;Kyle Dugger;Davon Godchaux
2021_10_CLE_NE,1034,pass,0.0,65.0,65.0,CLE,2.0,2563.0,65.0,5.0,12:43,12:38,,14.0,7.0,2.0,9.0,"3 DL, 3 LB, 5 DB",;;;;;;;;;;,11,6,3,MAN_COVERAGE,COVER_1,False,00-0036267;00-0035355;00-0030076;00-0033885;00-0036232;00-0031382;00-0031426;00-0036233;00-0035628;00-0034855;00-0034399,Jedrick Wills;Blake Hance;JC Tretter;David Njoku;Harrison Bryant;Jarvis Landry;Joel Bitonio;Donovan Peoples-Jones;D'Ernest Johnson;Baker Mayfield;Wyatt Teller,00-0032803;00-0031404;00-0034385;00-0027647;00-0033947;00-0031360;00-0034591;00-0029669;00-0028171;00-0036231;00-0033860,Jalen Mills;Adrian Phillips;Ja'Whaun Bentley;Devin McCourty;Deatrich Wise;Kyle Van Noy;J.C. Jackson;Dont'a Hightower;Lawrence Guy;Kyle Dugger;Davon Godchaux
2021_10_CLE_NE,1056,no_play,0.0,65.0,65.0,CLE,2.0,2558.0,65.0,27.0,12:38,12:11,,14.0,7.0,3.0,9.0,"1 DL, 4 LB, 6 DB",;;;;;;;;;;,11,4,,,,,00-0036267;00-0035355;00-0030076;00-0032956;00-0033885;00-0031382;00-0036999;00-0031426;00-0036233;00-0034855;00-0034399,Jedrick Wills;Blake Hance;JC Tretter;Andy Janovich;David Njoku;Jarvis Landry;Anthony Schwartz;Joel Bitonio;Donovan Peoples-Jones;Baker Mayfield;Wyatt Teller,00-0032803;00-0031404;00-0027647;00-0032415;00-0036159;00-0031360;00-0034591;00-0029669;00-0036981;00-0036231;00-0036087,Jalen Mills;Adrian Phillips;Devin McCourty;Matthew Judon;Joshua Uche;Kyle Van Noy;J.C. Jackson;Dont'a Hightower;Christian Barmore;Kyle Dugger;Myles Bryant
2021_10_CLE_NE,1091,pass,0.0,60.0,60.0,CLE,2.0,2531.0,60.0,6.0,12:11,12:05,,14.0,7.0,3.0,4.0,"2 DL, 3 LB, 6 DB",;;;;;;;;;;,11,7,4,MAN_COVERAGE,COVER_1,True,00-0036267;00-0035355;00-0030076;00-0032956;00-0033885;00-0031382;00-0036999;00-0031426;00-0036233;00-0034855;00-0034399,Jedrick Wills;Blake Hance;JC Tretter;Andy Janovich;David Njoku;Jarvis Landry;Anthony Schwartz;Joel Bitonio;Donovan Peoples-Jones;Baker Mayfield;Wyatt Teller,00-0032803;00-0031404;00-0027647;00-0032415;00-0033947;00-0031360;00-0034591;00-0036981;00-0029669;00-0036231;00-0036087,Jalen Mills;Adrian Phillips;Devin McCourty;Matthew Judon;Deatrich Wise;Kyle Van Noy;J.C. Jackson;Christian Barmore;Dont'a Hightower;Kyle Dugger;Myles Bryant
2021_10_CLE_NE,1113,punt,0.0,60.0,60.0,CLE,2.0,2525.0,60.0,14.0,12:05,11:51,,14.0,7.0,4.0,4.0,,;;;;;;;;;;,11,,,,,,00-0035144;00-0035210;00-0036282;00-0033927;00-0034355;00-0029008;00-0035042;00-0036232;00-0033973;00-0035646;00-0036114,Mack Wilson;Herb Miller;Grant Delpit;John Johnson;M.J. Stewart;Charley Hughlett;Jamie Gillan;Harrison Bryant;Elijah Lee;Sione Takitaki;A.J. Green,00-0034960;00-0031856;00-0032415;00-0026293;00-0029530;00-0035241;00-0036159;00-0033716;00-0029764;00-0029669;00-0028171,Jakobi Meyers;Brandon King;Matthew Judon;Matthew Slater;Justin Bethel;Joejuan Williams;Joshua Uche;Calvin Munson;Cody Davis;Dont'a Hightower;Lawrence Guy
2021_10_CLE_NE,1145,run,5.0,99.0,94.0,NE,2.0,2511.0,99.0,43.0,11:51,11:08,,14.0,7.0,1.0,10.0,"4 DL, 2 LB, 5 DB",;;;;;;;;;;,11,7,,,,,00-0034960;00-0031852;00-0036972;00-0035624;00-0031580;00-0034833;00-0036875;00-0032445;00-0031549;00-0032071;00-0033090,Jakobi Meyers;David Andrews;Mac Jones;N'Keal Harry;Shaq Mason;Isaiah Wynn;Rhamondre Stevenson;Ted Karras;Nelson Agholor;Trent Brown;Hunter Henry,00-0031785;00-0033927;00-0036915;00-0031364;00-0033868;00-0033570;00-0034019;00-0036996;00-0036266;00-0034779;00-0034856,Troy Hill;John Johnson;Jeremiah Owusu-Koramoah;Jadeveon Clowney;Myles Garrett;Anthony Walker;Malik McDowell;Greg Newsome II;Jordan Elliott;Ronnie Harrison;Denzel Ward
2021_10_CLE_NE,1166,run,4.0,94.0,90.0,NE,2.0,2468.0,94.0,36.0,11:08,10:32,,14.0,7.0,2.0,5.0,"4 DL, 2 LB, 5 DB",;;;;;;;;;;,11,6,,,,,00-0034960;00-0031852;00-0036972;00-0035624;00-0031580;00-0034833;00-0036875;00-0032445;00-0031549;00-0032071;00-0033090,Jakobi Meyers;David Andrews;Mac Jones;N'Keal Harry;Shaq Mason;Isaiah Wynn;Rhamondre Stevenson;Ted Karras;Nelson Agholor;Trent Brown;Hunter Henry,00-0031785;00-0033927;00-0036915;00-0031364;00-0033868;00-0033570;00-0034019;00-0036996;00-0036266;00-0034779;00-0034856,Troy Hill;John Johnson;Jeremiah Owusu-Koramoah;Jadeveon Clowney;Myles Garrett;Anthony Walker;Malik McDowell;Greg Newsome II;Jordan Elliott;Ronnie Harrison;Denzel Ward
2021_10_CLE_NE,1187,run,18.0,90.0,72.0,NE,2.0,2432.0,90.0,37.0,10:32,9:55,,14.0,7.0,3.0,1.0,"4 DL, 2 LB, 5 DB",;;;;;;;;;;,11,7,,,,,00-0034960;00-0031852;00-0036972;00-0035624;00-0031580;00-0034833;00-0036875;00-0032445;00-0031549;00-0032071;00-0033090,Jakobi Meyers;David Andrews;Mac Jones;N'Keal Harry;Shaq Mason;Isaiah Wynn;Rhamondre Stevenson;Ted Karras;Nelson Agholor;Trent Brown;Hunter Henry,00-0031785;00-0033927;00-0036915;00-0031364;00-0033868;00-0033570;00-0034019;00-0036996;00-0036266;00-0034779;00-0034856,Troy Hill;John Johnson;Jeremiah Owusu-Koramoah;Jadeveon Clowney;Myles Garrett;Anthony Walker;Malik McDowell;Greg Newsome II;Jordan Elliott;Ronnie Harrison;Denzel Ward
2021_10_CLE_NE,1208,run,2.0,72.0,70.0,NE,2.0,2395.0,72.0,40.0,9:55,9:15,,14.0,7.0,1.0,10.0,"4 DL, 3 LB, 4 DB",;;;;;;;;;;,11,8,,,,,00-0034960;00-0031852;00-0036972;00-0035726;00-0035624;00-0036096;00-0031580;00-0034833;00-0032445;00-0032071;00-0033090,Jakobi Meyers;David Andrews;Mac Jones;Jakob Johnson;N'Keal Harry;J.J. Taylor;Shaq Mason;Isaiah Wynn;Ted Karras;Trent Brown;Hunter Henry,00-0035144;00-0036282;00-0033927;00-0033969;00-0029568;00-0035281;00-0033570;00-0034019;00-0036996;00-0035646;00-0034856,Mack Wilson;Grant Delpit;John Johnson;Ifeadi Odenigbo;Malik Jackson;Joe Jackson;Anthony Walker;Malik McDowell;Greg Newsome II;Sione Takitaki;Denzel Ward
2021_10_CLE_NE,1229,run,3.0,70.0,67.0,NE,2.0,2355.0,70.0,41.0,9:15,8:34,,14.0,7.0,2.0,8.0,"4 DL, 3 LB, 4 DB",;;;;;;;;;;,11,8,,,,,00-0034960;00-0031852;00-0036972;00-0035726;00-0035624;00-0036096;00-0031580;00-0034833;00-0032445;00-0032071;00-0033090,Jakobi Meyers;David Andrews;Mac Jones;Jakob Johnson;N'Keal Harry;J.J. Taylor;Shaq Mason;Isaiah Wynn;Ted Karras;Trent Brown;Hunter Henry,00-0035144;00-0036282;00-0033927;00-0033969;00-0029568;00-0035281;00-0033570;00-0034019;00-0036996;00-0035646;00-0034856,Mack Wilson;Grant Delpit;John Johnson;Ifeadi Odenigbo;Malik Jackson;Joe Jackson;Anthony Walker;Malik McDowell;Greg Newsome II;Sione Takitaki;Denzel Ward
2021_10_CLE_NE,1250,pass,12.0,67.0,55.0,NE,2.0,2314.0,67.0,43.0,8:34,7:51,,14.0,7.0,3.0,5.0,"4 DL, 1 LB, 6 DB",;;;;;;;;;;,11,5,5,MAN_COVERAGE,COVER_1,False,00-0033307;00-0034960;00-0031852;00-0036972;00-0031580;00-0034833;00-0029239;00-0032445;00-0032071;00-0031549;00-0033090,Kendrick Bourne;Jakobi Meyers;David Andrews;Mac Jones;Shaq Mason;Isaiah Wynn;Brandon Bolden;Ted Karras;Trent Brown;Nelson Agholor;Hunter Henry,00-0031785;00-0036282;00-0033927;00-0029568;00-0031364;00-0033868;00-0033570;00-0036996;00-0036266;00-0034779;00-0034856,Troy Hill;Grant Delpit;John Johnson;Malik Jackson;Jadeveon Clowney;Myles Garrett;Anthony Walker;Greg Newsome II;Jordan Elliott;Ronnie Harrison;Denzel Ward
2021_10_CLE_NE,1274,pass,0.0,55.0,55.0,NE,2.0,2271.0,55.0,6.0,7:51,7:45,,14.0,7.0,1.0,10.0,"4 DL, 3 LB, 4 DB",;;;;;;;;;;,11,6,4,ZONE_COVERAGE,COVER_4,True,00-0031852;00-0036972;00-0035624;00-0036096;00-0031580;00-0034833;00-0032445;00-0031744;00-0031549;00-0032071;00-0033090,David Andrews;Mac Jones;N'Keal Harry;J.J. Taylor;Shaq Mason;Isaiah Wynn;Ted Karras;Matt LaCosse;Nelson Agholor;Trent Brown;Hunter Henry,00-0035144;00-0036282;00-0033927;00-0031364;00-0033868;00-0033570;00-0036996;00-0036266;00-0035646;00-0034856;00-0036883,Mack Wilson;Grant Delpit;John Johnson;Jadeveon Clowney;Myles Garrett;Anthony Walker;Greg Newsome II;Jordan Elliott;Sione Takitaki;Denzel Ward;Tommy Togiai
2021_10_CLE_NE,1296,run,1.0,55.0,54.0,NE,2.0,2265.0,55.0,39.0,7:45,7:06,,14.0,7.0,2.0,10.0,"4 DL, 2 LB, 5 DB",;;;;;;;;;;,11,5,,,,,00-0033307;00-0034960;00-0031852;00-0036972;00-0035624;00-0036096;00-0031580;00-0034833;00-0032445;00-0032071;00-0033090,Kendrick Bourne;Jakobi Meyers;David Andrews;Mac Jones;N'Keal Harry;J.J. Taylor;Shaq Mason;Isaiah Wynn;Ted Karras;Trent Brown;Hunter Henry,00-0031785;00-0036282;00-0028180;00-0033927;00-0031364;00-0033868;00-0033570;00-0036996;00-0036266;00-0034856;00-0036883,Troy Hill;Grant Delpit;Malcolm Smith;John Johnson;Jadeveon Clowney;Myles Garrett;Anthony Walker;Greg Newsome II;Jordan Elliott;Denzel Ward;Tommy Togiai
2021_10_CLE_NE,1317,pass,26.0,54.0,28.0,NE,2.0,2226.0,54.0,46.0,7:06,6:20,,14.0,7.0,3.0,9.0,"4 DL, 1 LB, 6 DB",;;;;;;;;;;,11,6,4,ZONE_COVERAGE,COVER_4,False,00-0033307;00-0034960;00-0031852;00-0036972;00-0035624;00-0031580;00-0034833;00-0029239;00-0032445;00-0032071;00-0033090,Kendrick Bourne;Jakobi Meyers;David Andrews;Mac Jones;N'Keal Harry;Shaq Mason;Isaiah Wynn;Brandon Bolden;Ted Karras;Trent Brown;Hunter Henry,00-0031785;00-0036282;00-0033927;00-0029568;00-0031364;00-0033868;00-0033570;00-0034019;00-0036996;00-0034779;00-0034856,Troy Hill;Grant Delpit;John Johnson;Malik Jackson;Jadeveon Clowney;Myles Garrett;Anthony Walker;Malik McDowell;Greg Newsome II;Ronnie Harrison;Denzel Ward
2021_10_CLE_NE,1341,run,5.0,28.0,23.0,NE,2.0,2180.0,28.0,34.0,6:20,5:46,,14.0,7.0,1.0,10.0,"4 DL, 2 LB, 5 DB",;;;;;;;;;;,11,6,,,,,00-0033307;00-0034960;00-0031852;00-0036972;00-0031580;00-0029239;00-0034833;00-0032445;00-0031549;00-0032071;00-0033090,Kendrick Bourne;Jakobi Meyers;David Andrews;Mac Jones;Shaq Mason;Brandon Bolden;Isaiah Wynn;Ted Karras;Nelson Agholor;Trent Brown;Hunter Henry,00-0036282;00-0028180;00-0033927;00-0033969;00-0029568;00-0031364;00-0033570;00-0034019;00-0036996;00-0034779;00-0034856,Grant Delpit;Malcolm Smith;John Johnson;Ifeadi Odenigbo;Malik Jackson;Jadeveon Clowney;Anthony Walker;Malik McDowell;Greg Newsome II;Ronnie Harrison;Denzel Ward
2021_10_CLE_NE,1362,pass,23.0,23.0,0.0,NE,2.0,2146.0,23.0,6.0,5:46,5:40,,20.0,7.0,2.0,5.0,"4 DL, 2 LB, 5 DB",;;;;;;;;;;,11,6,4,MAN_COVERAGE,COVER_1,False,00-0033307;00-0034960;00-0031852;00-0036972;00-0031580;00-0034833;00-0029239;00-0032445;00-0032071;00-0031549;00-0033090,Kendrick Bourne;Jakobi Meyers;David Andrews;Mac Jones;Shaq Mason;Isaiah Wynn;Brandon Bolden;Ted Karras;Trent Brown;Nelson Agholor;Hunter Henry,00-0031785;00-0036282;00-0028180;00-0033927;00-0033969;00-0029568;00-0031364;00-0033570;00-0034019;00-0036996;00-0034856,Troy Hill;Grant Delpit;Malcolm Smith;John Johnson;Ifeadi Odenigbo;Malik Jackson;Jadeveon Clowney;Anthony Walker;Malik McDowell;Greg Newsome II;Denzel Ward
2021_10_CLE_NE,1387,extra_point,0.0,15.0,15.0,NE,2.0,2140.0,15.0,0.0,5:40,5:40,,21.0,7.0,,0.0,,;;;;;;;;;;,11,,,,,,00-0035726;00-0031580;00-0035280;00-0034833;00-0032228;00-0036198;00-0033947;00-0025565;00-0032445;00-0032071;00-0028171,Jakob Johnson;Shaq Mason;Jake Bailey;Isaiah Wynn;Joe Cardona;Mike Onwenu;Deatrich Wise;Nick Folk;Ted Karras;Trent Brown;Lawrence Guy,00-0033927;00-0033969;00-0031364;00-0033570;00-0036996;00-0036266;00-0034779;00-0033973;00-0035646;00-0034856;00-0036883,John Johnson;Ifeadi Odenigbo;Jadeveon Clowney;Anthony Walker;Greg Newsome II;Jordan Elliott;Ronnie Harrison;Elijah Lee;Sione Takitaki;Denzel Ward;Tommy Togiai
2021_10_CLE_NE,1403,kickoff,0.0,35.0,35.0,CLE,2.0,2140.0,35.0,5.0,5:40,5:35,,21.0,7.0,,0.0,,;;;;;;;;;;,11,,,,,,00-0031404;00-0031856;00-0029239;00-0026293;00-0035240;00-0025565;00-0029530;00-0035241;00-0033716;00-0029764;00-0036231,Adrian Phillips;Brandon King;Brandon Bolden;Matthew Slater;Jahlani Tavai;Nick Folk;Justin Bethel;Joejuan Williams;Calvin Munson;Cody Davis;Kyle Dugger,00-0035144;00-0036282;00-0034311;00-0032956;00-0033969;00-0034355;00-0036232;00-0036999;00-0033973;00-0035646;00-0036114,Mack Wilson;Grant Delpit;Johnny Stanton;Andy Janovich;Ifeadi Odenigbo;M.J. Stewart;Harrison Bryant;Anthony Schwartz;Elijah Lee;Sione Takitaki;A.J. Green
2021_10_CLE_NE,1425,pass,0.0,67.0,67.0,CLE,2.0,2135.0,67.0,8.0,5:35,5:27,,21.0,7.0,1.0,10.0,"3 DL, 3 LB, 5 DB",;;;;;;;;;;,11,5,4,ZONE_COVERAGE,COVER_3,False,00-0036267;00-0035355;00-0030076;00-0033885;00-0032392;00-0036232;00-0031382;00-0031426;00-0035628;00-0034855;00-0034399,Jedrick Wills;Blake Hance;JC Tretter;David Njoku;Austin Hooper;Harrison Bryant;Jarvis Landry;Joel Bitonio;D'Ernest Johnson;Baker Mayfield;Wyatt Teller,00-0032803;00-0031404;00-0034385;00-0027647;00-0032415;00-0033947;00-0034591;00-0029669;00-0028171;00-0036231;00-0033860,Jalen Mills;Adrian Phillips;Ja'Whaun Bentley;Devin McCourty;Matthew Judon;Deatrich Wise;J.C. Jackson;Dont'a Hightower;Lawrence Guy;Kyle Dugger;Davon Godchaux
2021_10_CLE_NE,1451,run,2.0,67.0,65.0,CLE,2.0,2127.0,67.0,45.0,5:27,4:42,,21.0,7.0,2.0,10.0,"3 DL, 3 LB, 5 DB",;;;;;;;;;;,11,8,,,,,00-0036267;00-0035355;00-0030076;00-0032956;00-0032392;00-0031382;00-0031426;00-0036999;00-0035628;00-0034855;00-0034399,Jedrick Wills;Blake Hance;JC Tretter;Andy Janovich;Austin Hooper;Jarvis Landry;Joel Bitonio;Anthony Schwartz;D'Ernest Johnson;Baker Mayfield;Wyatt Teller,00-0032803;00-0031404;00-0034385;00-0027647;00-0032415;00-0033947;00-0034591;00-0029669;00-0036981;00-0036231;00-0033860,Jalen Mills;Adrian Phillips;Ja'Whaun Bentley;Devin McCourty;Matthew Judon;Deatrich Wise;J.C. Jackson;Dont'a Hightower;Christian Barmore;Kyle Dugger;Davon Godchaux
2021_10_CLE_NE,1472,pass,-7.0,65.0,72.0,CLE,2.0,2082.0,65.0,45.0,4:42,3:57,,21.0,7.0,3.0,8.0,"1 DL, 4 LB, 6 DB",;;;;;;;;;;,11,5,3,MAN_COVERAGE,COVER_1,False,00-0036267;00-0035355;00-0030076;00-0032392;00-0031382;00-0031426;00-0036999;00-0036233;00-0035628;00-0034855;00-0034399,Jedrick Wills;Blake Hance;JC Tretter;Austin Hooper;Jarvis Landry;Joel Bitonio;Anthony Schwartz;Donovan Peoples-Jones;D'Ernest Johnson;Baker Mayfield;Wyatt Teller,00-0032803;00-0031404;00-0027647;00-0032415;00-0036159;00-0031360;00-0034591;00-0029669;00-0036981;00-0036231;00-0036087,Jalen Mills;Adrian Phillips;Devin McCourty;Matthew Judon;Joshua Uche;Kyle Van Noy;J.C. Jackson;Dont'a Hightower;Christian Barmore;Kyle Dugger;Myles Bryant
2021_10_CLE_NE,1512,punt,0.0,72.0,72.0,CLE,2.0,2037.0,72.0,9.0,3:57,3:48,,21.0,7.0,4.0,15.0,,;;;;;;;;;;,11,,,,,,00-0035144;00-0035210;00-0036282;00-0033927;00-0034355;00-0029008;00-0035042;00-0036232;00-0033973;00-0035646;00-0036114,Mack Wilson;Herb Miller;Grant Delpit;John Johnson;M.J. Stewart;Charley Hughlett;Jamie Gillan;Harrison Bryant;Elijah Lee;Sione Takitaki;A.J. Green,00-0034960;00-0031404;00-0031856;00-0032415;00-0026293;00-0035240;00-0029530;00-0036159;00-0033716;00-0034591;00-0029764,Jakobi Meyers;Adrian Phillips;Brandon King;Matthew Judon;Matthew Slater;Jahlani Tavai;Justin Bethel;Joshua Uche;Calvin Munson;J.C. Jackson;Cody Davis
2021_10_CLE_NE,1531,run,1.0,67.0,66.0,NE,2.0,2028.0,67.0,39.0,3:48,3:09,,21.0,7.0,1.0,10.0,"4 DL, 3 LB, 4 DB",;;;;;;;;;;,11,8,,,,,00-0031852;00-0036972;00-0035726;00-0035624;00-0031580;00-0034833;00-0036875;00-0036198;00-0032445;00-0031549;00-0033090,David Andrews;Mac Jones;Jakob Johnson;N'Keal Harry;Shaq Mason;Isaiah Wynn;Rhamondre Stevenson;Mike Onwenu;Ted Karras;Nelson Agholor;Hunter Henry,00-0035144;00-0033927;00-0031364;00-0033868;00-0033570;00-0034019;00-0036996;00-0036266;00-0034779;00-0035646;00-0034856,Mack Wilson;John Johnson;Jadeveon Clowney;Myles Garrett;Anthony Walker;Malik McDowell;Greg Newsome II;Jordan Elliott;Ronnie Harrison;Sione Takitaki;Denzel Ward
2021_10_CLE_NE,1552,pass,4.0,66.0,62.0,NE,2.0,1989.0,66.0,39.0,3:09,2:30,,21.0,7.0,2.0,9.0,"4 DL, 2 LB, 5 DB",;;;;;;;;;;,11,6,4,MAN_COVERAGE,COVER_1,False,00-0033307;00-0034960;00-0031852;00-0036972;00-0031580;00-0034833;00-0036875;00-0036198;00-0032445;00-0031549;00-0033090,Kendrick Bourne;Jakobi Meyers;David Andrews;Mac Jones;Shaq Mason;Isaiah Wynn;Rhamondre Stevenson;Mike Onwenu;Ted Karras;Nelson Agholor;Hunter Henry,00-0031785;00-0033927;00-0036915;00-0031364;00-0033868;00-0033570;00-0034019;00-0036996;00-0036266;00-0034779;00-0034856,Troy Hill;John Johnson;Jeremiah Owusu-Koramoah;Jadeveon Clowney;Myles Garrett;Anthony Walker;Malik McDowell;Greg Newsome II;Jordan Elliott;Ronnie Harrison;Denzel Ward
2021_10_CLE_NE,1576,no_play,0.0,62.0,62.0,NE,2.0,1950.0,62.0,4.0,2:30,2:26,,21.0,7.0,3.0,5.0,"4 DL, 1 LB, 6 DB",;;;;;;;;;;,11,6,,,,,00-0033307;00-0034960;00-0031852;00-0036972;00-0031580;00-0034833;00-0029239;00-0036198;00-0032445;00-0031549;00-0033090,Kendrick Bourne;Jakobi Meyers;David Andrews;Mac Jones;Shaq Mason;Isaiah Wynn;Brandon Bolden;Mike Onwenu;Ted Karras;Nelson Agholor;Hunter Henry,00-0031785;00-0036282;00-0033927;00-0029568;00-0031364;00-0033868;00-0033570;00-0034019;00-0036996;00-0034779;00-0034856,Troy Hill;Grant Delpit;John Johnson;Malik Jackson;Jadeveon Clowney;Myles Garrett;Anthony Walker;Malik McDowell;Greg Newsome II;Ronnie Harrison;Denzel Ward
2021_10_CLE_NE,1609,run,-1.0,55.0,56.0,NE,2.0,1946.0,55.0,26.0,2:26,2:00,,21.0,7.0,1.0,10.0,"4 DL, 2 LB, 5 DB",;;;;;;;;;;,11,7,,,,,00-0034960;00-0033307;00-0031852;00-0036972;00-0035624;00-0031580;00-0034833;00-0036875;00-0036198;00-0032445;00-0033090,Jakobi Meyers;Kendrick Bourne;David Andrews;Mac Jones;N'Keal Harry;Shaq Mason;Isaiah Wynn;Rhamondre Stevenson;Mike Onwenu;Ted Karras;Hunter Henry,00-0031785;00-0033927;00-0036915;00-0029568;00-0031364;00-0033868;00-0033570;00-0036996;00-0034779;00-0034856;00-0036883,Troy Hill;John Johnson;Jeremiah Owusu-Koramoah;Malik Jackson;Jadeveon Clowney;Myles Garrett;Anthony Walker;Greg Newsome II;Ronnie Harrison;Denzel Ward;Tommy Togiai
2021_10_CLE_NE,1647,run,16.0,56.0,40.0,NE,2.0,1920.0,56.0,38.0,2:00,1:22,,21.0,7.0,2.0,11.0,"4 DL, 2 LB, 5 DB",;;;;;;;;;;,11,6,,,,,00-0033307;00-0034960;00-0031852;00-0036972;00-0031580;00-0034833;00-0036875;00-0036198;00-0032445;00-0031549;00-0033090,Kendrick Bourne;Jakobi Meyers;David Andrews;Mac Jones;Shaq Mason;Isaiah Wynn;Rhamondre Stevenson;Mike Onwenu;Ted Karras;Nelson Agholor;Hunter Henry,00-0031785;00-0028180;00-0033927;00-0029568;00-0031364;00-0033868;00-0033570;00-0036996;00-0034779;00-0034856;00-0036883,Troy Hill;Malcolm Smith;John Johnson;Malik Jackson;Jadeveon Clowney;Myles Garrett;Anthony Walker;Greg Newsome II;Ronnie Harrison;Denzel Ward;Tommy Togiai
2021_10_CLE_NE,1668,run,11.0,40.0,29.0,NE,2.0,1882.0,40.0,8.0,1:22,1:14,,21.0,7.0,1.0,10.0,"4 DL, 2 LB, 5 DB",;;;;;;;;;;,11,7,,,,,00-0033307;00-0034960;00-0031852;00-0036972;00-0031580;00-0034833;00-0036875;00-0036198;00-0032445;00-0031549;00-0033090,Kendrick Bourne;Jakobi Meyers;David Andrews;Mac Jones;Shaq Mason;Isaiah Wynn;Rhamondre Stevenson;Mike Onwenu;Ted Karras;Nelson Agholor;Hunter Henry,00-0031785;00-0028180;00-0033927;00-0031364;00-0033868;00-0033570;00-0034019;00-0036996;00-0036266;00-0034779;00-0034856,Troy Hill;Malcolm Smith;John Johnson;Jadeveon Clowney;Myles Garrett;Anthony Walker;Malik McDowell;Greg Newsome II;Jordan Elliott;Ronnie Harrison;Denzel Ward
2021_10_CLE_NE,1694,pass,8.0,29.0,21.0,NE,2.0,1874.0,29.0,27.0,1:14,0:47,,21.0,7.0,1.0,10.0,"4 DL, 2 LB, 5 DB",;;;;;;;;;;,11,7,4,ZONE_COVERAGE,COVER_3,False,00-0033307;00-0034960;00-0031852;00-0036972;00-0031580;00-0034833;00-0036875;00-0036198;00-0032445;00-0031549;00-0033090,Kendrick Bourne;Jakobi Meyers;David Andrews;Mac Jones;Shaq Mason;Isaiah Wynn;Rhamondre Stevenson;Mike Onwenu;Ted Karras;Nelson Agholor;Hunter Henry,00-0031785;00-0036282;00-0028180;00-0033927;00-0031364;00-0033868;00-0033570;00-0034019;00-0036996;00-0036266;00-0034856,Troy Hill;Grant Delpit;Malcolm Smith;John Johnson;Jadeveon Clowney;Myles Garrett;Anthony Walker;Malik McDowell;Greg Newsome II;Jordan Elliott;Denzel Ward
2021_10_CLE_NE,1718,pass,5.0,21.0,16.0,NE,2.0,1847.0,21.0,5.0,0:47,0:42,,21.0,7.0,2.0,2.0,"4 DL, 2 LB, 5 DB",;;;;;;;;;;,11,7,4,ZONE_COVERAGE,COVER_3,False,00-0033307;00-0034960;00-0031852;00-0036972;00-0031580;00-0034833;00-0036875;00-0036198;00-0032445;00-0031549;00-0033090,Kendrick Bourne;Jakobi Meyers;David Andrews;Mac Jones;Shaq Mason;Isaiah Wynn;Rhamondre Stevenson;Mike Onwenu;Ted Karras;Nelson Agholor;Hunter Henry,00-0031785;00-0036282;00-0028180;00-0033927;00-0031364;00-0033868;00-0033570;00-0034019;00-0036996;00-0036266;00-0034856,Troy Hill;Grant Delpit;Malcolm Smith;John Johnson;Jadeveon Clowney;Myles Garrett;Anthony Walker;Malik McDowell;Greg Newsome II;Jordan Elliott;Denzel Ward
2021_10_CLE_NE,1747,no_play,0.0,16.0,16.0,NE,2.0,1842.0,16.0,5.0,0:42,0:37,,21.0,7.0,1.0,10.0,"4 DL, 2 LB, 5 DB",;;;;;;;;;;,11,6,,,,,00-0034960;00-0033307;00-0031852;00-0036972;00-0031580;00-0034833;00-0029239;00-0036198;00-0032445;00-0031549;00-0033090,Jakobi Meyers;Kendrick Bourne;David Andrews;Mac Jones;Shaq Mason;Isaiah Wynn;Brandon Bolden;Mike Onwenu;Ted Karras;Nelson Agholor;Hunter Henry,00-0031785;00-0036282;00-0028180;00-0033927;00-0031364;00-0033868;00-0033570;00-0034019;00-0036996;00-0036266;00-0034856,Troy Hill;Grant Delpit;Malcolm Smith;John Johnson;Jadeveon Clowney;Myles Garrett;Anthony Walker;Malik McDowell;Greg Newsome II;Jordan Elliott;Denzel Ward
2021_10_CLE_NE,1787,pass,1.0,26.0,25.0,NE,2.0,1837.0,26.0,8.0,0:37,0:29,,21.0,7.0,1.0,20.0,"4 DL, 2 LB, 5 DB",;;;;;;;;;;,11,5,4,ZONE_COVERAGE,COVER_6,False,00-0033307;00-0034960;00-0031852;00-0036972;00-0031580;00-0034833;00-0029239;00-0036198;00-0032445;00-0031549;00-0033090,Kendrick Bourne;Jakobi Meyers;David Andrews;Mac Jones;Shaq Mason;Isaiah Wynn;Brandon Bolden;Mike Onwenu;Ted Karras;Nelson Agholor;Hunter Henry,00-0031785;00-0036282;00-0028180;00-0033927;00-0033969;00-0029568;00-0033868;00-0033570;00-0036996;00-0034856;00-0036883,Troy Hill;Grant Delpit;Malcolm Smith;John Johnson;Ifeadi Odenigbo;Malik Jackson;Myles Garrett;Anthony Walker;Greg Newsome II;Denzel Ward;Tommy Togiai
2021_10_CLE_NE,1811,timeout,0.0,,,,2.0,1829.0,,0.0,0:29,0:29,NE,21.0,7.0,,0.0,,,0,,,,,,,,,
2021_10_CLE_NE,1828,run,5.0,25.0,20.0,NE,2.0,1829.0,25.0,7.0,0:29,0:22,,21.0,7.0,2.0,19.0,"4 DL, 3 LB, 4 DB",;;;;;;;;;;,11,7,,,,,00-0031852;00-0036972;00-0035726;00-0035624;00-0031580;00-0034833;00-0036875;00-0036198;00-0032445;00-0031549;00-0033090,David Andrews;Mac Jones;Jakob Johnson;N'Keal Harry;Shaq Mason;Isaiah Wynn;Rhamondre Stevenson;Mike Onwenu;Ted Karras;Nelson Agholor;Hunter Henry,00-0035144;00-0033927;00-0033969;00-0029568;00-0033868;00-0033570;00-0034019;00-0036996;00-0034779;00-0035646;00-0034856,Mack Wilson;John Johnson;Ifeadi Odenigbo;Malik Jackson;Myles Garrett;Anthony Walker;Malik McDowell;Greg Newsome II;Ronnie Harrison;Sione Takitaki;Denzel Ward
2021_10_CLE_NE,1849,timeout,0.0,,,,2.0,1822.0,,0.0,0:22,0:22,NE,21.0,7.0,,0.0,,,0,,,,,,,,,
2021_10_CLE_NE,1866,pass,0.0,20.0,20.0,NE,2.0,1822.0,20.0,2.0,0:22,0:20,,21.0,7.0,3.0,14.0,"4 DL, 1 LB, 6 DB",;;;;;;;;;;,11,5,3,ZONE_COVERAGE,COVER_4,False,00-0033307;00-0034960;00-0031852;00-0036972;00-0031580;00-0029239;00-0034833;00-0036198;00-0032445;00-0031549;00-0033090,Kendrick Bourne;Jakobi Meyers;David Andrews;Mac Jones;Shaq Mason;Brandon Bolden;Isaiah Wynn;Mike Onwenu;Ted Karras;Nelson Agholor;Hunter Henry,00-0031785;00-0036282;00-0033927;00-0029568;00-0031364;00-0033868;00-0033570;00-0034019;00-0036996;00-0034779;00-0034856,Troy Hill;Grant Delpit;John Johnson;Malik Jackson;Jadeveon Clowney;Myles Garrett;Anthony Walker;Malik McDowell;Greg Newsome II;Ronnie Harrison;Denzel Ward
2021_10_CLE_NE,1888,field_goal,0.0,20.0,20.0,NE,2.0,1820.0,20.0,3.0,0:20,0:17,,24.0,7.0,4.0,14.0,,;;;;;;;;;;,11,,,,,,00-0035726;00-0035280;00-0031580;00-0034833;00-0032228;00-0036198;00-0033947;00-0025565;00-0032445;00-0032071;00-0028171,Jakob Johnson;Jake Bailey;Shaq Mason;Isaiah Wynn;Joe Cardona;Mike Onwenu;Deatrich Wise;Nick Folk;Ted Karras;Trent Brown;Lawrence Guy,00-0033927;00-0029568;00-0031364;00-0033868;00-0033570;00-0034019;00-0036996;00-0034779;00-0033973;00-0035646;00-0034856,John Johnson;Malik Jackson;Jadeveon Clowney;Myles Garrett;Anthony Walker;Malik McDowell;Greg Newsome II;Ronnie Harrison;Elijah Lee;Sione Takitaki;Denzel Ward
2021_10_CLE_NE,1907,kickoff,0.0,35.0,35.0,CLE,2.0,1817.0,35.0,5.0,0:17,0:12,,24.0,7.0,,0.0,,;;;;;;;;;;,11,,,,,,00-0031404;00-0031856;00-0035280;00-0029239;00-0035240;00-0026293;00-0029530;00-0035241;00-0033716;00-0029764;00-0036231,Adrian Phillips;Brandon King;Jake Bailey;Brandon Bolden;Jahlani Tavai;Matthew Slater;Justin Bethel;Joejuan Williams;Calvin Munson;Cody Davis;Kyle Dugger,00-0035144;00-0036282;00-0032956;00-0033969;00-0036232;00-0036999;00-0036233;00-0033973;00-0035646;00-0036114;00-0033266,Mack Wilson;Grant Delpit;Andy Janovich;Ifeadi Odenigbo;Harrison Bryant;Anthony Schwartz;Donovan Peoples-Jones;Elijah Lee;Sione Takitaki;A.J. Green;JoJo Natson
2021_10_CLE_NE,1932,pass,-9.0,77.0,86.0,CLE,2.0,1812.0,77.0,12.0,0:12,0:00,,24.0,7.0,1.0,10.0,"2 DL, 3 LB, 6 DB",;;;;;;;;;;,11,6,4,,,,00-0036267;00-0032977;00-0035355;00-0030076;00-0032392;00-0031382;00-0031426;00-0036233;00-0035628;00-0034855;00-0034399,Jedrick Wills;Rashard Higgins;Blake Hance;JC Tretter;Austin Hooper;Jarvis Landry;Joel Bitonio;Donovan Peoples-Jones;D'Ernest Johnson;Baker Mayfield;Wyatt Teller,00-0032803;00-0031404;00-0027647;00-0032415;00-0033947;00-0031360;00-0034591;00-0029669;00-0036981;00-0036231;00-0036087,Jalen Mills;Adrian Phillips;Devin McCourty;Matthew Judon;Deatrich Wise;Kyle Van Noy;J.C. Jackson;Dont'a Hightower;Christian Barmore;Kyle Dugger;Myles Bryant
2021_10_CLE_NE,1964,start_quarter_3,,,,,2.0,1800.0,,0.0,0:00,0:00,,24.0,7.0,,0.0,,,0,,,,,,,,,
2021_10_CLE_NE,1983,kickoff,0.0,35.0,35.0,NE,3.0,1800.0,35.0,5.0,15:00,14:55,,24.0,7.0,,0.0,,;;;;;;;;;;,11,,,,,,00-0035144;00-0035210;00-0036282;00-0035358;00-0032956;00-0033969;00-0034355;00-0036996;00-0033973;00-0035646;00-0036114,Mack Wilson;Herb Miller;Grant Delpit;Chase McLaughlin;Andy Janovich;Ifeadi Odenigbo;M.J. Stewart;Greg Newsome II;Elijah Lee;Sione Takitaki;A.J. Green,00-0035726;00-0031856;00-0036096;00-0035240;00-0026293;00-0029530;00-0035241;00-0036159;00-0033716;00-0031744;00-0029764,Jakob Johnson;Brandon King;J.J. Taylor;Jahlani Tavai;Matthew Slater;Justin Bethel;Joejuan Williams;Joshua Uche;Calvin Munson;Matt LaCosse;Cody Davis
2021_10_CLE_NE,2005,run,1.0,73.0,72.0,NE,3.0,1795.0,73.0,33.0,14:55,14:22,,24.0,7.0,1.0,10.0,"4 DL, 3 LB, 4 DB",;;;;;;;;;;,11,6,,,,,00-0031852;00-0036972;00-0035726;00-0035624;00-0031580;00-0034833;00-0036875;00-0032445;00-0031549;00-0032071;00-0033090,David Andrews;Mac Jones;Jakob Johnson;N'Keal Harry;Shaq Mason;Isaiah Wynn;Rhamondre Stevenson;Ted Karras;Nelson Agholor;Trent Brown;Hunter Henry,00-0035144;00-0033927;00-0029568;00-0031364;00-0033868;00-0033570;00-0034019;00-0036996;00-0034779;00-0035646;00-0034856,Mack Wilson;John Johnson;Malik Jackson;Jadeveon Clowney;Myles Garrett;Anthony Walker;Malik McDowell;Greg Newsome II;Ronnie Harrison;Sione Takitaki;Denzel Ward
2021_10_CLE_NE,2030,pass,0.0,72.0,72.0,NE,3.0,1762.0,72.0,5.0,14:22,14:17,,24.0,7.0,2.0,9.0,"4 DL, 3 LB, 4 DB",;;;;;;;;;;,11,7,5,MAN_COVERAGE,COVER_1,False,00-0031852;00-0036972;00-0035624;00-0031580;00-0034833;00-0036875;00-0032445;00-0031744;00-0031549;00-0032071;00-0033090,David Andrews;Mac Jones;N'Keal Harry;Shaq Mason;Isaiah Wynn;Rhamondre Stevenson;Ted Karras;Matt LaCosse;Nelson Agholor;Trent Brown;Hunter Henry,00-0035144;00-0033927;00-0029568;00-0031364;00-0033868;00-0033570;00-0034019;00-0036996;00-0034779;00-0035646;00-0034856,Mack Wilson;John Johnson;Malik Jackson;Jadeveon Clowney;Myles Garrett;Anthony Walker;Malik McDowell;Greg Newsome II;Ronnie Harrison;Sione Takitaki;Denzel Ward
2021_10_CLE_NE,2056,pass,-8.0,72.0,80.0,NE,3.0,1757.0,72.0,31.0,14:17,13:46,,24.0,7.0,3.0,9.0,"4 DL, 1 LB, 6 DB",;;;;;;;;;;,11,5,4,,,,00-0033307;00-0034960;00-0031852;00-0036972;00-0031580;00-0034833;00-0029239;00-0032445;00-0032071;00-0031549;00-0033090,Kendrick Bourne;Jakobi Meyers;David Andrews;Mac Jones;Shaq Mason;Isaiah Wynn;Brandon Bolden;Ted Karras;Trent Brown;Nelson Agholor;Hunter Henry,00-0031785;00-0036282;00-0033927;00-0029568;00-0031364;00-0033868;00-0033570;00-0034019;00-0036996;00-0034779;00-0034856,Troy Hill;Grant Delpit;John Johnson;Malik Jackson;Jadeveon Clowney;Myles Garrett;Anthony Walker;Malik McDowell;Greg Newsome II;Ronnie Harrison;Denzel Ward
2021_10_CLE_NE,2075,punt,0.0,80.0,80.0,NE,3.0,1726.0,80.0,13.0,13:46,13:33,,24.0,7.0,4.0,17.0,,;;;;;;;;;;,11,,,,,,00-0035726;00-0031856;00-0035280;00-0029239;00-0032228;00-0035240;00-0026293;00-0029530;00-0033716;00-0029764;00-0036231,Jakob Johnson;Brandon King;Jake Bailey;Brandon Bolden;Joe Cardona;Jahlani Tavai;Matthew Slater;Justin Bethel;Calvin Munson;Cody Davis;Kyle Dugger,00-0031785;00-0035144;00-0036282;00-0035210;00-0034311;00-0032956;00-0033969;00-0034355;00-0033973;00-0035646;00-0033266,Troy Hill;Mack Wilson;Grant Delpit;Herb Miller;Johnny Stanton;Andy Janovich;Ifeadi Odenigbo;M.J. Stewart;Elijah Lee;Sione Takitaki;JoJo Natson
2021_10_CLE_NE,2094,run,5.0,86.0,81.0,CLE,3.0,1713.0,86.0,31.0,13:33,13:02,,24.0,7.0,1.0,10.0,"3 DL, 3 LB, 5 DB",;;;;;;;;;;,11,7,,,,,00-0036267;00-0032977;00-0035355;00-0030076;00-0032392;00-0031382;00-0031426;00-0036233;00-0035628;00-0034855;00-0034399,Jedrick Wills;Rashard Higgins;Blake Hance;JC Tretter;Austin Hooper;Jarvis Landry;Joel Bitonio;Donovan Peoples-Jones;D'Ernest Johnson;Baker Mayfield;Wyatt Teller,00-0032803;00-0034385;00-0031404;00-0027647;00-0032415;00-0033947;00-0034591;00-0029669;00-0028171;00-0033860;00-0036087,Jalen Mills;Ja'Whaun Bentley;Adrian Phillips;Devin McCourty;Matthew Judon;Deatrich Wise;J.C. Jackson;Dont'a Hightower;Lawrence Guy;Davon Godchaux;Myles Bryant
2021_10_CLE_NE,2115,pass,9.0,81.0,72.0,CLE,3.0,1682.0,81.0,36.0,13:02,12:26,,24.0,7.0,2.0,5.0,"3 DL, 3 LB, 5 DB",;;;;;;;;;;,11,5,4,MAN_COVERAGE,COVER_1,False,00-0036267;00-0032977;00-0035355;00-0030076;00-0032392;00-0031382;00-0031426;00-0036233;00-0035628;00-0034855;00-0034399,Jedrick Wills;Rashard Higgins;Blake Hance;JC Tretter;Austin Hooper;Jarvis Landry;Joel Bitonio;Donovan Peoples-Jones;D'Ernest Johnson;Baker Mayfield;Wyatt Teller,00-0032803;00-0031404;00-0034385;00-0027647;00-0032415;00-0033947;00-0034591;00-0029669;00-0028171;00-0033860;00-0036087,Jalen Mills;Adrian Phillips;Ja'Whaun Bentley;Devin McCourty;Matthew Judon;Deatrich Wise;J.C. Jackson;Dont'a Hightower;Lawrence Guy;Davon Godchaux;Myles Bryant
2021_10_CLE_NE,2144,pass,6.0,72.0,66.0,CLE,3.0,1646.0,72.0,40.0,12:26,11:46,,24.0,7.0,1.0,10.0,"3 DL, 3 LB, 5 DB",;;;;;;;;;;,11,5,4,ZONE_COVERAGE,COVER_3,False,00-0036267;00-0035355;00-0032977;00-0030076;00-0032392;00-0031382;00-0031426;00-0036233;00-0035628;00-0034855;00-0034399,Jedrick Wills;Blake Hance;Rashard Higgins;JC Tretter;Austin Hooper;Jarvis Landry;Joel Bitonio;Donovan Peoples-Jones;D'Ernest Johnson;Baker Mayfield;Wyatt Teller,00-0032803;00-0034385;00-0031404;00-0027647;00-0032415;00-0033947;00-0034591;00-0029669;00-0028171;00-0033860;00-0036087,Jalen Mills;Ja'Whaun Bentley;Adrian Phillips;Devin McCourty;Matthew Judon;Deatrich Wise;J.C. Jackson;Dont'a Hightower;Lawrence Guy;Davon Godchaux;Myles Bryant
2021_10_CLE_NE,2168,run,2.0,66.0,64.0,CLE,3.0,1606.0,66.0,38.0,11:46,11:08,,24.0,7.0,2.0,4.0,"3 DL, 3 LB, 5 DB",;;;;;;;;;;,11,7,,,,,00-0036267;00-0032977;00-0035355;00-0030076;00-0032392;00-0031382;00-0031426;00-0036233;00-0035628;00-0034855;00-0034399,Jedrick Wills;Rashard Higgins;Blake Hance;JC Tretter;Austin Hooper;Jarvis Landry;Joel Bitonio;Donovan Peoples-Jones;D'Ernest Johnson;Baker Mayfield;Wyatt Teller,00-0032803;00-0031404;00-0034385;00-0027647;00-0032415;00-0033947;00-0034591;00-0029669;00-0028171;00-0033860;00-0036087,Jalen Mills;Adrian Phillips;Ja'Whaun Bentley;Devin McCourty;Matthew Judon;Deatrich Wise;J.C. Jackson;Dont'a Hightower;Lawrence Guy;Davon Godchaux;Myles Bryant
2021_10_CLE_NE,2189,run,-3.0,64.0,67.0,CLE,3.0,1568.0,64.0,42.0,11:08,10:26,,24.0,7.0,3.0,2.0,"2 DL, 4 LB, 5 DB",;;;;;;;;;;,11,7,,,,,00-0036267;00-0032977;00-0035355;00-0030076;00-0032392;00-0031382;00-0031426;00-0036233;00-0035628;00-0034855;00-0034399,Jedrick Wills;Rashard Higgins;Blake Hance;JC Tretter;Austin Hooper;Jarvis Landry;Joel Bitonio;Donovan Peoples-Jones;D'Ernest Johnson;Baker Mayfield;Wyatt Teller,00-0032803;00-0031404;00-0034385;00-0027647;00-0032415;00-0031360;00-0034591;00-0029669;00-0036981;00-0033860;00-0036087,Jalen Mills;Adrian Phillips;Ja'Whaun Bentley;Devin McCourty;Matthew Judon;Kyle Van Noy;J.C. Jackson;Dont'a Hightower;Christian Barmore;Davon Godchaux;Myles Bryant
2021_10_CLE_NE,2210,punt,0.0,67.0,67.0,CLE,3.0,1526.0,67.0,16.0,10:26,10:10,,24.0,7.0,4.0,5.0,,;;;;;;;;;,10,,,,,,00-0035144;00-0035210;00-0036282;00-0033927;00-0034355;00-0035042;00-0029008;00-0036232;00-0033973;00-0035646;00-0033266,Mack Wilson;Herb Miller;Grant Delpit;John Johnson;M.J. Stewart;Jamie Gillan;Charley Hughlett;Harrison Bryant;Elijah Lee;Sione Takitaki;JoJo Natson,00-0034960;00-0031404;00-0031856;00-0032415;00-0026293;00-0029530;00-0035241;00-0036159;00-0033716;00-0029764,Jakobi Meyers;Adrian Phillips;Brandon King;Matthew Judon;Matthew Slater;Justin Bethel;Joejuan Williams;Joshua Uche;Calvin Munson;Cody Davis
2021_10_CLE_NE,2229,pass,10.0,92.0,82.0,NE,3.0,1510.0,92.0,39.0,10:10,9:31,,24.0,7.0,1.0,10.0,"4 DL, 3 LB, 4 DB",;;;;;;;;;;,11,7,4,ZONE_COVERAGE,COVER_4,False,00-0034960;00-0031852;00-0036972;00-0035726;00-0031580;00-0034833;00-0036875;00-0032445;00-0031549;00-0032071;00-0033090,Jakobi Meyers;David Andrews;Mac Jones;Jakob Johnson;Shaq Mason;Isaiah Wynn;Rhamondre Stevenson;Ted Karras;Nelson Agholor;Trent Brown;Hunter Henry,00-0035144;00-0033927;00-0033969;00-0035281;00-0033570;00-0034019;00-0036996;00-0036266;00-0034779;00-0035646;00-0034856,Mack Wilson;John Johnson;Ifeadi Odenigbo;Joe Jackson;Anthony Walker;Malik McDowell;Greg Newsome II;Jordan Elliott;Ronnie Harrison;Sione Takitaki;Denzel Ward
2021_10_CLE_NE,2258,run,5.0,82.0,77.0,NE,3.0,1471.0,82.0,40.0,9:31,8:51,,24.0,7.0,1.0,10.0,"4 DL, 2 LB, 5 DB",;;;;;;;;;;,11,6,,,,,00-0034960;00-0031852;00-0036972;00-0035624;00-0031580;00-0034833;00-0036875;00-0032445;00-0031549;00-0032071;00-0033090,Jakobi Meyers;David Andrews;Mac Jones;N'Keal Harry;Shaq Mason;Isaiah Wynn;Rhamondre Stevenson;Ted Karras;Nelson Agholor;Trent Brown;Hunter Henry,00-0031785;00-0033927;00-0033969;00-0036915;00-0035281;00-0033570;00-0034019;00-0036996;00-0036266;00-0034779;00-0034856,Troy Hill;John Johnson;Ifeadi Odenigbo;Jeremiah Owusu-Koramoah;Joe Jackson;Anthony Walker;Malik McDowell;Greg Newsome II;Jordan Elliott;Ronnie Harrison;Denzel Ward
2021_10_CLE_NE,2279,pass,19.0,77.0,58.0,NE,3.0,1431.0,77.0,41.0,8:51,8:10,,24.0,7.0,2.0,5.0,"4 DL, 3 LB, 4 DB",;;;;;;;;;;,11,6,5,ZONE_COVERAGE,COVER_3,True,00-0031852;00-0036972;00-0035624;00-0031580;00-0034833;00-0036875;00-0036194;00-0032445;00-0031549;00-0032071;00-0033090,David Andrews;Mac Jones;N'Keal Harry;Shaq Mason;Isaiah Wynn;Rhamondre Stevenson;Devin Asiasi;Ted Karras;Nelson Agholor;Trent Brown;Hunter Henry,00-0035144;00-0033927;00-0033969;00-0035281;00-0033570;00-0034019;00-0036996;00-0036266;00-0034779;00-0035646;00-0034856,Mack Wilson;John Johnson;Ifeadi Odenigbo;Joe Jackson;Anthony Walker;Malik McDowell;Greg Newsome II;Jordan Elliott;Ronnie Harrison;Sione Takitaki;Denzel Ward
2021_10_CLE_NE,2303,run,22.0,58.0,36.0,NE,3.0,1390.0,58.0,45.0,8:10,7:25,,24.0,7.0,1.0,10.0,"4 DL, 3 LB, 4 DB",;;;;;;;;;;,11,8,,,,,00-0034960;00-0031852;00-0036972;00-0035726;00-0035624;00-0031580;00-0034833;00-0029239;00-0036198;00-0032445;00-0032071,Jakobi Meyers;David Andrews;Mac Jones;Jakob Johnson;N'Keal Harry;Shaq Mason;Isaiah Wynn;Brandon Bolden;Mike Onwenu;Ted Karras;Trent Brown,00-0035144;00-0033927;00-0033969;00-0035281;00-0033570;00-0036996;00-0036266;00-0034779;00-0035646;00-0034856;00-0036883,Mack Wilson;John Johnson;Ifeadi Odenigbo;Joe Jackson;Anthony Walker;Greg Newsome II;Jordan Elliott;Ronnie Harrison;Sione Takitaki;Denzel Ward;Tommy Togiai
2021_10_CLE_NE,2331,pass,17.0,36.0,19.0,NE,3.0,1345.0,36.0,45.0,7:25,6:40,,24.0,7.0,1.0,10.0,"4 DL, 3 LB, 4 DB",;;;;;;;;;;,11,7,3,ZONE_COVERAGE,COVER_3,False,00-0033307;00-0034960;00-0031852;00-0036972;00-0031580;00-0034833;00-0029239;00-0036194;00-0032445;00-0031549;00-0032071,Kendrick Bourne;Jakobi Meyers;David Andrews;Mac Jones;Shaq Mason;Isaiah Wynn;Brandon Bolden;Devin Asiasi;Ted Karras;Nelson Agholor;Trent Brown,00-0035144;00-0033927;00-0029568;00-0035281;00-0033868;00-0033570;00-0036996;00-0034779;00-0035646;00-0034856;00-0036883,Mack Wilson;John Johnson;Malik Jackson;Joe Jackson;Myles Garrett;Anthony Walker;Greg Newsome II;Ronnie Harrison;Sione Takitaki;Denzel Ward;Tommy Togiai
2021_10_CLE_NE,2355,pass,0.0,19.0,19.0,NE,3.0,1300.0,19.0,44.0,6:40,5:56,,24.0,7.0,1.0,10.0,"4 DL, 3 LB, 4 DB",;;;;;;;;;;,11,8,4,ZONE_COVERAGE,COVER_3,False,00-0031852;00-0036972;00-0035624;00-0031580;00-0034833;00-0036875;00-0036194;00-0032445;00-0031549;00-0032071;00-0033090,David Andrews;Mac Jones;N'Keal Harry;Shaq Mason;Isaiah Wynn;Rhamondre Stevenson;Devin Asiasi;Ted Karras;Nelson Agholor;Trent Brown;Hunter Henry,00-0035144;00-0033927;00-0029568;00-0031364;00-0033868;00-0033570;00-0034019;00-0036996;00-0034779;00-0035646;00-0034856,Mack Wilson;John Johnson;Malik Jackson;Jadeveon Clowney;Myles Garrett;Anthony Walker;Malik McDowell;Greg Newsome II;Ronnie Harrison;Sione Takitaki;Denzel Ward
2021_10_CLE_NE,2384,run,17.0,19.0,2.0,NE,3.0,1256.0,19.0,48.0,5:56,5:08,,24.0,7.0,2.0,10.0,"4 DL, 3 LB, 4 DB",;;;;;;;;;;,11,8,,,,,00-0033307;00-0031852;00-0036972;00-0035624;00-0031580;00-0034833;00-0036875;00-0032445;00-0031744;00-0032071;00-0033090,Kendrick Bourne;David Andrews;Mac Jones;N'Keal Harry;Shaq Mason;Isaiah Wynn;Rhamondre Stevenson;Ted Karras;Matt LaCosse;Trent Brown;Hunter Henry,00-0035144;00-0033927;00-0029568;00-0031364;00-0033868;00-0033570;00-0034019;00-0036996;00-0034779;00-0035646;00-0034856,Mack Wilson;John Johnson;Malik Jackson;Jadeveon Clowney;Myles Garrett;Anthony Walker;Malik McDowell;Greg Newsome II;Ronnie Harrison;Sione Takitaki;Denzel Ward
2021_10_CLE_NE,2410,run,2.0,2.0,0.0,NE,3.0,1208.0,2.0,4.0,5:08,5:04,,30.0,7.0,1.0,2.0,"6 DL, 3 LB, 2 DB",;;;;;;;;;;,11,11,,,,,00-0031852;00-0036972;00-0035726;00-0031580;00-0034833;00-0036875;00-0036198;00-0036194;00-0032445;00-0032071;00-0033090,David Andrews;Mac Jones;Jakob Johnson;Shaq Mason;Isaiah Wynn;Rhamondre Stevenson;Mike Onwenu;Devin Asiasi;Ted Karras;Trent Brown;Hunter Henry,00-0035144;00-0033927;00-0029568;00-0031364;00-0033868;00-0033570;00-0034019;00-0036266;00-0034779;00-0035646;00-0036883,Mack Wilson;John Johnson;Malik Jackson;Jadeveon Clowney;Myles Garrett;Anthony Walker;Malik McDowell;Jordan Elliott;Ronnie Harrison;Sione Takitaki;Tommy Togiai
2021_10_CLE_NE,2440,extra_point,0.0,15.0,15.0,NE,3.0,1204.0,15.0,0.0,5:04,5:04,,31.0,7.0,,0.0,,;;;;;;;;;;,11,,,,,,00-0035726;00-0031580;00-0035280;00-0034833;00-0032228;00-0036198;00-0033947;00-0025565;00-0032445;00-0032071;00-0028171,Jakob Johnson;Shaq Mason;Jake Bailey;Isaiah Wynn;Joe Cardona;Mike Onwenu;Deatrich Wise;Nick Folk;Ted Karras;Trent Brown;Lawrence Guy,00-0033927;00-0031364;00-0033868;00-0033570;00-0036996;00-0036266;00-0034779;00-0033973;00-0035646;00-0034856;00-0036883,John Johnson;Jadeveon Clowney;Myles Garrett;Anthony Walker;Greg Newsome II;Jordan Elliott;Ronnie Harrison;Elijah Lee;Sione Takitaki;Denzel Ward;Tommy Togiai
2021_10_CLE_NE,2456,kickoff,0.0,35.0,35.0,CLE,3.0,1204.0,35.0,7.0,5:04,4:57,,31.0,7.0,,0.0,,;;;;;;;;;;,11,,,,,,00-0031404;00-0031856;00-0035280;00-0029239;00-0035240;00-0026293;00-0029530;00-0035241;00-0033716;00-0029764;00-0036231,Adrian Phillips;Brandon King;Jake Bailey;Brandon Bolden;Jahlani Tavai;Matthew Slater;Justin Bethel;Joejuan Williams;Calvin Munson;Cody Davis;Kyle Dugger,00-0035144;00-0035210;00-0036282;00-0034311;00-0032956;00-0033969;00-0034355;00-0036232;00-0033973;00-0035646;00-0033266,Mack Wilson;Herb Miller;Grant Delpit;Johnny Stanton;Andy Janovich;Ifeadi Odenigbo;M.J. Stewart;Harrison Bryant;Elijah Lee;Sione Takitaki;JoJo Natson
2021_10_CLE_NE,2478,pass,9.0,73.0,64.0,CLE,3.0,1197.0,73.0,27.0,4:57,4:30,,31.0,7.0,1.0,10.0,"3 DL, 3 LB, 5 DB",;;;;;;;;;;,11,6,4,ZONE_COVERAGE,COVER_2,False,00-0036267;00-0032977;00-0035355;00-0030076;00-0033885;00-0031382;00-0031426;00-0036233;00-0035628;00-0034855;00-0034399,Jedrick Wills;Rashard Higgins;Blake Hance;JC Tretter;David Njoku;Jarvis Landry;Joel Bitonio;Donovan Peoples-Jones;D'Ernest Johnson;Baker Mayfield;Wyatt Teller,00-0031938;00-0034385;00-0027647;00-0032415;00-0033947;00-0035241;00-0034591;00-0029669;00-0028171;00-0036231;00-0036087,Carl Davis;Ja'Whaun Bentley;Devin McCourty;Matthew Judon;Deatrich Wise;Joejuan Williams;J.C. Jackson;Dont'a Hightower;Lawrence Guy;Kyle Dugger;Myles Bryant
2021_10_CLE_NE,2502,run,4.0,64.0,60.0,CLE,3.0,1170.0,64.0,26.0,4:30,4:04,,31.0,7.0,2.0,1.0,"3 DL, 3 LB, 5 DB",;;;;;;;;;;,11,7,,,,,00-0036267;00-0032977;00-0035355;00-0030076;00-0033885;00-0031382;00-0031426;00-0036233;00-0035628;00-0034855;00-0034399,Jedrick Wills;Rashard Higgins;Blake Hance;JC Tretter;David Njoku;Jarvis Landry;Joel Bitonio;Donovan Peoples-Jones;D'Ernest Johnson;Baker Mayfield;Wyatt Teller,00-0031938;00-0034385;00-0027647;00-0032415;00-0033947;00-0035241;00-0034591;00-0029669;00-0028171;00-0036231;00-0036087,Carl Davis;Ja'Whaun Bentley;Devin McCourty;Matthew Judon;Deatrich Wise;Joejuan Williams;J.C. Jackson;Dont'a Hightower;Lawrence Guy;Kyle Dugger;Myles Bryant
2021_10_CLE_NE,2523,pass,2.0,60.0,58.0,CLE,3.0,1144.0,60.0,29.0,4:04,3:35,,31.0,7.0,1.0,10.0,"3 DL, 3 LB, 5 DB",;;;;;;;;;;,11,6,4,ZONE_COVERAGE,COVER_3,False,00-0036267;00-0032977;00-0035355;00-0030076;00-0033885;00-0031382;00-0031426;00-0036233;00-0035628;00-0034855;00-0034399,Jedrick Wills;Rashard Higgins;Blake Hance;JC Tretter;David Njoku;Jarvis Landry;Joel Bitonio;Donovan Peoples-Jones;D'Ernest Johnson;Baker Mayfield;Wyatt Teller,00-0031938;00-0034385;00-0027647;00-0032415;00-0033947;00-0035241;00-0034591;00-0029669;00-0028171;00-0036231;00-0036087,Carl Davis;Ja'Whaun Bentley;Devin McCourty;Matthew Judon;Deatrich Wise;Joejuan Williams;J.C. Jackson;Dont'a Hightower;Lawrence Guy;Kyle Dugger;Myles Bryant
2021_10_CLE_NE,2547,pass,-8.0,58.0,66.0,CLE,3.0,1115.0,58.0,34.0,3:35,3:01,,31.0,7.0,2.0,8.0,"3 DL, 3 LB, 5 DB",;;;;;;;;;;,11,6,5,,,,00-0036267;00-0032977;00-0035355;00-0030076;00-0033885;00-0031382;00-0031426;00-0036233;00-0035628;00-0034855;00-0034399,Jedrick Wills;Rashard Higgins;Blake Hance;JC Tretter;David Njoku;Jarvis Landry;Joel Bitonio;Donovan Peoples-Jones;D'Ernest Johnson;Baker Mayfield;Wyatt Teller,00-0031938;00-0034385;00-0027647;00-0032415;00-0033947;00-0035241;00-0034591;00-0029669;00-0028171;00-0036231;00-0036087,Carl Davis;Ja'Whaun Bentley;Devin McCourty;Matthew Judon;Deatrich Wise;Joejuan Williams;J.C. Jackson;Dont'a Hightower;Lawrence Guy;Kyle Dugger;Myles Bryant
2021_10_CLE_NE,2566,pass,11.0,66.0,55.0,CLE,3.0,1081.0,66.0,32.0,3:01,2:29,,31.0,7.0,3.0,16.0,"2 DL, 3 LB, 6 DB",;;;;;;;;;;,11,5,4,ZONE_COVERAGE,COVER_3,True,00-0036267;00-0032977;00-0035355;00-0030076;00-0033885;00-0031382;00-0031426;00-0036233;00-0035628;00-0034855;00-0034399,Jedrick Wills;Rashard Higgins;Blake Hance;JC Tretter;David Njoku;Jarvis Landry;Joel Bitonio;Donovan Peoples-Jones;D'Ernest Johnson;Baker Mayfield;Wyatt Teller,00-0032803;00-0031404;00-0027647;00-0032415;00-0033947;00-0031360;00-0034591;00-0029669;00-0036981;00-0036231;00-0036087,Jalen Mills;Adrian Phillips;Devin McCourty;Matthew Judon;Deatrich Wise;Kyle Van Noy;J.C. Jackson;Dont'a Hightower;Christian Barmore;Kyle Dugger;Myles Bryant
2021_10_CLE_NE,2606,pass,0.0,40.0,40.0,CLE,3.0,1049.0,40.0,3.0,2:29,2:26,,31.0,7.0,1.0,10.0,"3 DL, 3 LB, 5 DB",;;;;;;;;;;,11,6,4,ZONE_COVERAGE,COVER_2,False,00-0036267;00-0035355;00-0032977;00-0030076;00-0033885;00-0031382;00-0031426;00-0036233;00-0035628;00-0034855;00-0034399,Jedrick Wills;Blake Hance;Rashard Higgins;JC Tretter;David Njoku;Jarvis Landry;Joel Bitonio;Donovan Peoples-Jones;D'Ernest Johnson;Baker Mayfield;Wyatt Teller,00-0034385;00-0027647;00-0032415;00-0033947;00-0035241;00-0031360;00-0034591;00-0036981;00-0036231;00-0036087;00-0033860,Ja'Whaun Bentley;Devin McCourty;Matthew Judon;Deatrich Wise;Joejuan Williams;Kyle Van Noy;J.C. Jackson;Christian Barmore;Kyle Dugger;Myles Bryant;Davon Godchaux
2021_10_CLE_NE,2628,pass,0.0,40.0,40.0,CLE,3.0,1046.0,40.0,4.0,2:26,2:22,,31.0,7.0,2.0,10.0,"2 DL, 4 LB, 5 DB",;;;;;;;;;;,11,6,3,ZONE_COVERAGE,COVER_3,True,00-0036267;00-0032977;00-0035355;00-0030076;00-0033885;00-0031382;00-0031426;00-0036233;00-0035628;00-0034855;00-0034399,Jedrick Wills;Rashard Higgins;Blake Hance;JC Tretter;David Njoku;Jarvis Landry;Joel Bitonio;Donovan Peoples-Jones;D'Ernest Johnson;Baker Mayfield;Wyatt Teller,00-0034385;00-0027647;00-0032415;00-0035241;00-0031360;00-0034591;00-0029669;00-0036981;00-0036231;00-0033860;00-0036087,Ja'Whaun Bentley;Devin McCourty;Matthew Judon;Joejuan Williams;Kyle Van Noy;J.C. Jackson;Dont'a Hightower;Christian Barmore;Kyle Dugger;Davon Godchaux;Myles Bryant
2021_10_CLE_NE,2650,pass,-9.0,40.0,49.0,CLE,3.0,1042.0,40.0,45.0,2:22,1:37,,31.0,7.0,3.0,10.0,"2 DL, 3 LB, 6 DB",;;;;;;;;;;,11,5,4,,,,00-0036267;00-0032977;00-0035355;00-0030076;00-0033885;00-0031382;00-0031426;00-0036233;00-0035628;00-0028986;00-0034399,Jedrick Wills;Rashard Higgins;Blake Hance;JC Tretter;David Njoku;Jarvis Landry;Joel Bitonio;Donovan Peoples-Jones;D'Ernest Johnson;Case Keenum;Wyatt Teller,00-0032803;00-0031404;00-0027647;00-0032415;00-0033947;00-0031360;00-0034591;00-0029669;00-0036981;00-0036231;00-0036087,Jalen Mills;Adrian Phillips;Devin McCourty;Matthew Judon;Deatrich Wise;Kyle Van Noy;J.C. Jackson;Dont'a Hightower;Christian Barmore;Kyle Dugger;Myles Bryant
2021_10_CLE_NE,2683,pass,-4.0,49.0,53.0,CLE,3.0,997.0,49.0,5.0,1:37,1:32,,31.0,7.0,4.0,19.0,"2 DL, 3 LB, 6 DB",;;;;;;;;;;,11,4,4,,,,00-0036267;00-0032977;00-0035355;00-0030076;00-0033885;00-0031382;00-0031426;00-0036233;00-0035628;00-0028986;00-0034399,Jedrick Wills;Rashard Higgins;Blake Hance;JC Tretter;David Njoku;Jarvis Landry;Joel Bitonio;Donovan Peoples-Jones;D'Ernest Johnson;Case Keenum;Wyatt Teller,00-0032803;00-0031404;00-0027647;00-0032415;00-0033947;00-0031360;00-0034591;00-0029669;00-0036981;00-0036231;00-0036087,Jalen Mills;Adrian Phillips;Devin McCourty;Matthew Judon;Deatrich Wise;Kyle Van Noy;J.C. Jackson;Dont'a Hightower;Christian Barmore;Kyle Dugger;Myles Bryant
2021_10_CLE_NE,2713,no_play,0.0,47.0,47.0,NE,3.0,992.0,47.0,5.0,1:32,1:27,,31.0,7.0,1.0,10.0,"4 DL, 3 LB, 4 DB",;;;;;;;;;;,11,7,,,,,00-0031852;00-0036972;00-0035726;00-0035624;00-0031580;00-0034833;00-0036875;00-0032445;00-0031549;00-0032071;00-0033090,David Andrews;Mac Jones;Jakob Johnson;N'Keal Harry;Shaq Mason;Isaiah Wynn;Rhamondre Stevenson;Ted Karras;Nelson Agholor;Trent Brown;Hunter Henry,00-0033927;00-0036915;00-0029568;00-0031364;00-0033868;00-0034019;00-0036996;00-0034779;00-0033973;00-0035646;00-0034856,John Johnson;Jeremiah Owusu-Koramoah;Malik Jackson;Jadeveon Clowney;Myles Garrett;Malik McDowell;Greg Newsome II;Ronnie Harrison;Elijah Lee;Sione Takitaki;Denzel Ward
2021_10_CLE_NE,2750,pass,15.0,37.0,22.0,NE,3.0,987.0,37.0,41.0,1:27,0:46,,31.0,7.0,1.0,10.0,"4 DL, 3 LB, 4 DB",;;;;;;;;;;,11,6,3,ZONE_COVERAGE,COVER_3,False,00-0033307;00-0031852;00-0036972;00-0035726;00-0035624;00-0031580;00-0034833;00-0036875;00-0032445;00-0032071;00-0033090,Kendrick Bourne;David Andrews;Mac Jones;Jakob Johnson;N'Keal Harry;Shaq Mason;Isaiah Wynn;Rhamondre Stevenson;Ted Karras;Trent Brown;Hunter Henry,00-0033927;00-0036915;00-0029568;00-0031364;00-0033868;00-0034019;00-0036996;00-0034779;00-0033973;00-0035646;00-0034856,John Johnson;Jeremiah Owusu-Koramoah;Malik Jackson;Jadeveon Clowney;Myles Garrett;Malik McDowell;Greg Newsome II;Ronnie Harrison;Elijah Lee;Sione Takitaki;Denzel Ward
2021_10_CLE_NE,2774,run,5.0,22.0,17.0,NE,3.0,946.0,22.0,39.0,0:46,0:07,,31.0,7.0,1.0,10.0,"4 DL, 3 LB, 4 DB",;;;;;;;;;;,11,6,,,,,00-0034960;00-0031852;00-0036972;00-0035726;00-0031580;00-0034833;00-0036875;00-0032445;00-0031549;00-0032071;00-0033090,Jakobi Meyers;David Andrews;Mac Jones;Jakob Johnson;Shaq Mason;Isaiah Wynn;Rhamondre Stevenson;Ted Karras;Nelson Agholor;Trent Brown;Hunter Henry,00-0033927;00-0036915;00-0029568;00-0031364;00-0033868;00-0034019;00-0036996;00-0034779;00-0033973;00-0035646;00-0034856,John Johnson;Jeremiah Owusu-Koramoah;Malik Jackson;Jadeveon Clowney;Myles Garrett;Malik McDowell;Greg Newsome II;Ronnie Harrison;Elijah Lee;Sione Takitaki;Denzel Ward
2021_10_CLE_NE,2795,no_play,0.0,17.0,17.0,NE,3.0,907.0,17.0,7.0,0:07,0:00,,31.0,7.0,2.0,5.0,"4 DL, 3 LB, 4 DB",;;;;;;;;;;,11,,,,,,00-0034960;00-0031852;00-0036972;00-0035726;00-0031580;00-0034833;00-0036875;00-0032445;00-0031549;00-0032071;00-0033090,Jakobi Meyers;David Andrews;Mac Jones;Jakob Johnson;Shaq Mason;Isaiah Wynn;Rhamondre Stevenson;Ted Karras;Nelson Agholor;Trent Brown;Hunter Henry,00-0033927;00-0036915;00-0029568;00-0031364;00-0033868;00-0034019;00-0036996;00-0034779;00-0033973;00-0035646;00-0034856,John Johnson;Jeremiah Owusu-Koramoah;Malik Jackson;Jadeveon Clowney;Myles Garrett;Malik McDowell;Greg Newsome II;Ronnie Harrison;Elijah Lee;Sione Takitaki;Denzel Ward
2021_10_CLE_NE,2818,start_quarter_4,,,,NE,3.0,900.0,,0.0,0:00,0:00,,31.0,7.0,,0.0,,,0,,,,,,,,,
2021_10_CLE_NE,2837,run,10.0,12.0,2.0,NE,4.0,900.0,12.0,36.0,15:00,14:24,,31.0,7.0,1.0,10.0,"4 DL, 3 LB, 4 DB",;;;;;;;;;;,11,7,,,,,00-0031852;00-0036972;00-0035726;00-0035624;00-0031580;00-0034833;00-0036875;00-0032445;00-0031549;00-0032071;00-0033090,David Andrews;Mac Jones;Jakob Johnson;N'Keal Harry;Shaq Mason;Isaiah Wynn;Rhamondre Stevenson;Ted Karras;Nelson Agholor;Trent Brown;Hunter Henry,00-0033927;00-0036915;00-0031364;00-0033868;00-0036996;00-0036266;00-0034779;00-0033973;00-0035646;00-0034856;00-0036883,John Johnson;Jeremiah Owusu-Koramoah;Jadeveon Clowney;Myles Garrett;Greg Newsome II;Jordan Elliott;Ronnie Harrison;Elijah Lee;Sione Takitaki;Denzel Ward;Tommy Togiai
2021_10_CLE_NE,2862,run,-1.0,2.0,3.0,NE,4.0,864.0,2.0,44.0,14:24,13:40,,31.0,7.0,1.0,2.0,"6 DL, 3 LB, 2 DB",;;;;;;;;;;,11,11,,,,,00-0031852;00-0036972;00-0035726;00-0031580;00-0034833;00-0036875;00-0036198;00-0036194;00-0032445;00-0032071;00-0033090,David Andrews;Mac Jones;Jakob Johnson;Shaq Mason;Isaiah Wynn;Rhamondre Stevenson;Mike Onwenu;Devin Asiasi;Ted Karras;Trent Brown;Hunter Henry,00-0035144;00-0033927;00-0029568;00-0031364;00-0033868;00-0033570;00-0034019;00-0036266;00-0034779;00-0035646;00-0036883,Mack Wilson;John Johnson;Malik Jackson;Jadeveon Clowney;Myles Garrett;Anthony Walker;Malik McDowell;Jordan Elliott;Ronnie Harrison;Sione Takitaki;Tommy Togiai
2021_10_CLE_NE,2885,pass,0.0,3.0,3.0,NE,4.0,820.0,3.0,3.0,13:40,13:37,,31.0,7.0,2.0,3.0,"4 DL, 3 LB, 4 DB",;;;;;;;;;;,11,9,5,MAN_COVERAGE,COVER_0,False,00-0034960;00-0031852;00-0036972;00-0035726;00-0035624;00-0031580;00-0034833;00-0036875;00-0032445;00-0032071;00-0033090,Jakobi Meyers;David Andrews;Mac Jones;Jakob Johnson;N'Keal Harry;Shaq Mason;Isaiah Wynn;Rhamondre Stevenson;Ted Karras;Trent Brown;Hunter Henry,00-0035144;00-0033927;00-0031364;00-0033868;00-0033570;00-0034019;00-0036996;00-0036266;00-0034779;00-0035646;00-0034856,Mack Wilson;John Johnson;Jadeveon Clowney;Myles Garrett;Anthony Walker;Malik McDowell;Greg Newsome II;Jordan Elliott;Ronnie Harrison;Sione Takitaki;Denzel Ward
2021_10_CLE_NE,2907,pass,3.0,3.0,0.0,NE,4.0,817.0,3.0,4.0,13:37,13:33,,37.0,7.0,3.0,3.0,"4 DL, 2 LB, 5 DB",;;;;;;;;;;,11,5,4,MAN_COVERAGE,COVER_1,False,00-0033307;00-0034960;00-0031852;00-0036972;00-0031580;00-0029239;00-0034833;00-0032445;00-0031549;00-0032071;00-0033090,Kendrick Bourne;Jakobi Meyers;David Andrews;Mac Jones;Shaq Mason;Brandon Bolden;Isaiah Wynn;Ted Karras;Nelson Agholor;Trent Brown;Hunter Henry,00-0031785;00-0028180;00-0033927;00-0031364;00-0033868;00-0033570;00-0034019;00-0036996;00-0036266;00-0034779;00-0034856,Troy Hill;Malcolm Smith;John Johnson;Jadeveon Clowney;Myles Garrett;Anthony Walker;Malik McDowell;Greg Newsome II;Jordan Elliott;Ronnie Harrison;Denzel Ward
2021_10_CLE_NE,2932,extra_point,0.0,15.0,15.0,NE,4.0,813.0,15.0,0.0,13:33,13:33,,38.0,7.0,,0.0,,;;;;;;;;;;,11,,,,,,00-0035726;00-0031580;00-0035280;00-0034833;00-0032228;00-0036198;00-0033947;00-0025565;00-0032445;00-0032071;00-0028171,Jakob Johnson;Shaq Mason;Jake Bailey;Isaiah Wynn;Joe Cardona;Mike Onwenu;Deatrich Wise;Nick Folk;Ted Karras;Trent Brown;Lawrence Guy,00-0033927;00-0031364;00-0033868;00-0033570;00-0034019;00-0036996;00-0036266;00-0034779;00-0033973;00-0035646;00-0034856,John Johnson;Jadeveon Clowney;Myles Garrett;Anthony Walker;Malik McDowell;Greg Newsome II;Jordan Elliott;Ronnie Harrison;Elijah Lee;Sione Takitaki;Denzel Ward
2021_10_CLE_NE,2948,kickoff,0.0,35.0,35.0,CLE,4.0,813.0,35.0,5.0,13:33,13:28,,38.0,7.0,,0.0,,;;;;;;;;;;,11,,,,,,00-0031404;00-0031856;00-0035280;00-0029239;00-0035240;00-0026293;00-0029530;00-0035241;00-0033716;00-0029764;00-0036231,Adrian Phillips;Brandon King;Jake Bailey;Brandon Bolden;Jahlani Tavai;Matthew Slater;Justin Bethel;Joejuan Williams;Calvin Munson;Cody Davis;Kyle Dugger,00-0035144;00-0036282;00-0035210;00-0034311;00-0032956;00-0033969;00-0034355;00-0036232;00-0033973;00-0035646;00-0033266,Mack Wilson;Grant Delpit;Herb Miller;Johnny Stanton;Andy Janovich;Ifeadi Odenigbo;M.J. Stewart;Harrison Bryant;Elijah Lee;Sione Takitaki;JoJo Natson
2021_10_CLE_NE,2970,run,5.0,81.0,76.0,CLE,4.0,808.0,81.0,22.0,13:28,13:06,,38.0,7.0,1.0,10.0,"4 DL, 2 LB, 5 DB",;;;;;;;;;;,11,7,,,,,00-0036267;00-0035355;00-0030076;00-0032392;00-0036232;00-0031382;00-0031426;00-0036233;00-0035628;00-0028986;00-0034399,Jedrick Wills;Blake Hance;JC Tretter;Austin Hooper;Harrison Bryant;Jarvis Landry;Joel Bitonio;Donovan Peoples-Jones;D'Ernest Johnson;Case Keenum;Wyatt Teller,00-0031938;00-0032803;00-0031404;00-0034385;00-0027647;00-0033947;00-0033324;00-0035241;00-0031360;00-0036981;00-0036231,Carl Davis;Jalen Mills;Adrian Phillips;Ja'Whaun Bentley;Devin McCourty;Deatrich Wise;Tashawn Bower;Joejuan Williams;Kyle Van Noy;Christian Barmore;Kyle Dugger
2021_10_CLE_NE,2991,pass,5.0,76.0,71.0,CLE,4.0,786.0,76.0,28.0,13:06,12:38,,38.0,7.0,2.0,5.0,"4 DL, 2 LB, 5 DB",;;;;;;;;;;,11,5,3,ZONE_COVERAGE,COVER_2,False,00-0036267;00-0035355;00-0030076;00-0032392;00-0036232;00-0031382;00-0031426;00-0036233;00-0035628;00-0028986;00-0034399,Jedrick Wills;Blake Hance;JC Tretter;Austin Hooper;Harrison Bryant;Jarvis Landry;Joel Bitonio;Donovan Peoples-Jones;D'Ernest Johnson;Case Keenum;Wyatt Teller,00-0031938;00-0032803;00-0031404;00-0034385;00-0027647;00-0033947;00-0033324;00-0035241;00-0031360;00-0036981;00-0036231,Carl Davis;Jalen Mills;Adrian Phillips;Ja'Whaun Bentley;Devin McCourty;Deatrich Wise;Tashawn Bower;Joejuan Williams;Kyle Van Noy;Christian Barmore;Kyle Dugger
2021_10_CLE_NE,3015,pass,18.0,71.0,53.0,CLE,4.0,758.0,71.0,32.0,12:38,12:06,,38.0,7.0,1.0,10.0,"4 DL, 2 LB, 5 DB",;;;;;;;;;;,11,6,4,MAN_COVERAGE,COVER_1,False,00-0036267;00-0035355;00-0030076;00-0032392;00-0036232;00-0031382;00-0031426;00-0036233;00-0035628;00-0028986;00-0034399,Jedrick Wills;Blake Hance;JC Tretter;Austin Hooper;Harrison Bryant;Jarvis Landry;Joel Bitonio;Donovan Peoples-Jones;D'Ernest Johnson;Case Keenum;Wyatt Teller,00-0031938;00-0032803;00-0031404;00-0034385;00-0027647;00-0033947;00-0033324;00-0035241;00-0031360;00-0036981;00-0036231,Carl Davis;Jalen Mills;Adrian Phillips;Ja'Whaun Bentley;Devin McCourty;Deatrich Wise;Tashawn Bower;Joejuan Williams;Kyle Van Noy;Christian Barmore;Kyle Dugger
2021_10_CLE_NE,3039,pass,0.0,53.0,53.0,CLE,4.0,726.0,53.0,7.0,12:06,11:59,,38.0,7.0,1.0,10.0,"4 DL, 2 LB, 5 DB",;;;;;;;;;;,11,5,4,ZONE_COVERAGE,COVER_3,True,00-0036267;00-0032977;00-0035355;00-0030076;00-0032392;00-0036232;00-0031426;00-0036233;00-0035628;00-0028986;00-0034399,Jedrick Wills;Rashard Higgins;Blake Hance;JC Tretter;Austin Hooper;Harrison Bryant;Joel Bitonio;Donovan Peoples-Jones;D'Ernest Johnson;Case Keenum;Wyatt Teller,00-0032803;00-0031404;00-0034385;00-0027647;00-0033947;00-0033324;00-0035241;00-0031360;00-0036981;00-0036231;00-0033860,Jalen Mills;Adrian Phillips;Ja'Whaun Bentley;Devin McCourty;Deatrich Wise;Tashawn Bower;Joejuan Williams;Kyle Van Noy;Christian Barmore;Kyle Dugger;Davon Godchaux
2021_10_CLE_NE,3061,run,3.0,53.0,50.0,CLE,4.0,719.0,53.0,26.0,11:59,11:33,,38.0,7.0,2.0,10.0,"4 DL, 2 LB, 5 DB",;;;;;;;;;;,11,7,,,,,00-0036267;00-0032977;00-0035355;00-0030076;00-0032392;00-0036232;00-0031426;00-0036233;00-0035628;00-0028986;00-0034399,Jedrick Wills;Rashard Higgins;Blake Hance;JC Tretter;Austin Hooper;Harrison Bryant;Joel Bitonio;Donovan Peoples-Jones;D'Ernest Johnson;Case Keenum;Wyatt Teller,00-0032803;00-0034385;00-0031404;00-0027647;00-0033947;00-0033324;00-0035241;00-0031360;00-0036981;00-0036231;00-0033860,Jalen Mills;Ja'Whaun Bentley;Adrian Phillips;Devin McCourty;Deatrich Wise;Tashawn Bower;Joejuan Williams;Kyle Van Noy;Christian Barmore;Kyle Dugger;Davon Godchaux
2021_10_CLE_NE,3082,timeout,0.0,50.0,50.0,,4.0,693.0,50.0,0.0,11:33,11:33,NE,38.0,7.0,,0.0,,,0,,,,,,,,,
2021_10_CLE_NE,3099,pass,0.0,50.0,50.0,CLE,4.0,693.0,50.0,6.0,11:33,11:27,,38.0,7.0,3.0,7.0,"2 DL, 3 LB, 6 DB",;;;;;;;;;;,11,6,4,ZONE_COVERAGE,COVER_4,False,00-0036267;00-0032977;00-0035355;00-0030076;00-0032392;00-0031382;00-0031426;00-0036233;00-0035628;00-0028986;00-0034399,Jedrick Wills;Rashard Higgins;Blake Hance;JC Tretter;Austin Hooper;Jarvis Landry;Joel Bitonio;Donovan Peoples-Jones;D'Ernest Johnson;Case Keenum;Wyatt Teller,00-0032803;00-0031404;00-0034385;00-0027647;00-0033947;00-0036159;00-0031360;00-0034591;00-0036981;00-0036231;00-0036087,Jalen Mills;Adrian Phillips;Ja'Whaun Bentley;Devin McCourty;Deatrich Wise;Joshua Uche;Kyle Van Noy;J.C. Jackson;Christian Barmore;Kyle Dugger;Myles Bryant
2021_10_CLE_NE,3121,pass,16.0,50.0,34.0,CLE,4.0,687.0,50.0,26.0,11:27,11:01,,38.0,7.0,4.0,7.0,"2 DL, 3 LB, 6 DB",;;;;;;;;;;,11,6,4,MAN_COVERAGE,COVER_1,False,00-0036267;00-0032977;00-0035355;00-0030076;00-0032392;00-0031382;00-0031426;00-0036233;00-0035628;00-0028986;00-0034399,Jedrick Wills;Rashard Higgins;Blake Hance;JC Tretter;Austin Hooper;Jarvis Landry;Joel Bitonio;Donovan Peoples-Jones;D'Ernest Johnson;Case Keenum;Wyatt Teller,00-0032803;00-0034385;00-0031404;00-0027647;00-0033947;00-0036159;00-0031360;00-0034591;00-0036981;00-0036231;00-0036087,Jalen Mills;Ja'Whaun Bentley;Adrian Phillips;Devin McCourty;Deatrich Wise;Joshua Uche;Kyle Van Noy;J.C. Jackson;Christian Barmore;Kyle Dugger;Myles Bryant
2021_10_CLE_NE,3145,timeout,0.0,,,,4.0,661.0,,0.0,11:01,11:01,NE,38.0,7.0,,0.0,,,0,,,,,,,,,
2021_10_CLE_NE,3162,run,9.0,34.0,25.0,CLE,4.0,661.0,34.0,23.0,11:01,10:38,,38.0,7.0,1.0,10.0,"4 DL, 2 LB, 5 DB",;;;;;;;;;;,11,7,,,,,00-0036267;00-0035355;00-0030076;00-0032392;00-0036232;00-0031382;00-0031426;00-0036233;00-0035628;00-0028986;00-0034399,Jedrick Wills;Blake Hance;JC Tretter;Austin Hooper;Harrison Bryant;Jarvis Landry;Joel Bitonio;Donovan Peoples-Jones;D'Ernest Johnson;Case Keenum;Wyatt Teller,00-0031938;00-0034385;00-0031404;00-0027647;00-0033947;00-0033324;00-0035241;00-0031360;00-0034591;00-0036981;00-0036231,Carl Davis;Ja'Whaun Bentley;Adrian Phillips;Devin McCourty;Deatrich Wise;Tashawn Bower;Joejuan Williams;Kyle Van Noy;J.C. Jackson;Christian Barmore;Kyle Dugger
2021_10_CLE_NE,3183,pass,3.0,25.0,22.0,CLE,4.0,638.0,25.0,32.0,10:38,10:06,,38.0,7.0,2.0,1.0,"4 DL, 2 LB, 5 DB",;;;;;;;;;;,11,6,3,ZONE_COVERAGE,COVER_4,False,00-0036267;00-0035355;00-0030076;00-0032392;00-0036232;00-0031382;00-0031426;00-0036233;00-0035628;00-0028986;00-0034399,Jedrick Wills;Blake Hance;JC Tretter;Austin Hooper;Harrison Bryant;Jarvis Landry;Joel Bitonio;Donovan Peoples-Jones;D'Ernest Johnson;Case Keenum;Wyatt Teller,00-0031938;00-0034385;00-0031404;00-0027647;00-0033947;00-0033324;00-0035241;00-0031360;00-0034591;00-0036981;00-0036231,Carl Davis;Ja'Whaun Bentley;Adrian Phillips;Devin McCourty;Deatrich Wise;Tashawn Bower;Joejuan Williams;Kyle Van Noy;J.C. Jackson;Christian Barmore;Kyle Dugger
2021_10_CLE_NE,3207,pass,9.0,22.0,13.0,CLE,4.0,606.0,22.0,32.0,10:06,9:34,,38.0,7.0,1.0,10.0,"4 DL, 2 LB, 5 DB",;;;;;;;;;;,11,5,4,ZONE_COVERAGE,COVER_2,False,00-0036267;00-0035355;00-0030076;00-0032392;00-0036232;00-0031382;00-0031426;00-0036233;00-0035628;00-0028986;00-0034399,Jedrick Wills;Blake Hance;JC Tretter;Austin Hooper;Harrison Bryant;Jarvis Landry;Joel Bitonio;Donovan Peoples-Jones;D'Ernest Johnson;Case Keenum;Wyatt Teller,00-0031938;00-0034385;00-0031404;00-0027647;00-0033947;00-0033324;00-0035241;00-0031360;00-0034591;00-0036981;00-0036231,Carl Davis;Ja'Whaun Bentley;Adrian Phillips;Devin McCourty;Deatrich Wise;Tashawn Bower;Joejuan Williams;Kyle Van Noy;J.C. Jackson;Christian Barmore;Kyle Dugger
2021_10_CLE_NE,3231,pass,5.0,13.0,8.0,CLE,4.0,574.0,13.0,28.0,9:34,9:06,,38.0,7.0,2.0,1.0,"4 DL, 2 LB, 5 DB",;;;;;;;;;;,11,5,3,MAN_COVERAGE,COVER_1,False,00-0036267;00-0035355;00-0030076;00-0032392;00-0036232;00-0031382;00-0031426;00-0036233;00-0035628;00-0028986;00-0034399,Jedrick Wills;Blake Hance;JC Tretter;Austin Hooper;Harrison Bryant;Jarvis Landry;Joel Bitonio;Donovan Peoples-Jones;D'Ernest Johnson;Case Keenum;Wyatt Teller,00-0034385;00-0031404;00-0027647;00-0033947;00-0033324;00-0035241;00-0031360;00-0034591;00-0036981;00-0036231;00-0033860,Ja'Whaun Bentley;Adrian Phillips;Devin McCourty;Deatrich Wise;Tashawn Bower;Joejuan Williams;Kyle Van Noy;J.C. Jackson;Christian Barmore;Kyle Dugger;Davon Godchaux
2021_10_CLE_NE,3260,run,1.0,8.0,7.0,CLE,4.0,546.0,8.0,34.0,9:06,8:32,,38.0,7.0,1.0,8.0,"4 DL, 2 LB, 5 DB",;;;;;;;;;;,11,7,,,,,00-0036267;00-0035355;00-0030076;00-0032392;00-0036232;00-0031382;00-0031426;00-0036233;00-0035628;00-0028986;00-0034399,Jedrick Wills;Blake Hance;JC Tretter;Austin Hooper;Harrison Bryant;Jarvis Landry;Joel Bitonio;Donovan Peoples-Jones;D'Ernest Johnson;Case Keenum;Wyatt Teller,00-0034385;00-0031404;00-0027647;00-0033947;00-0033324;00-0035241;00-0031360;00-0034591;00-0036981;00-0036231;00-0033860,Ja'Whaun Bentley;Adrian Phillips;Devin McCourty;Deatrich Wise;Tashawn Bower;Joejuan Williams;Kyle Van Noy;J.C. Jackson;Christian Barmore;Kyle Dugger;Davon Godchaux
2021_10_CLE_NE,3281,pass,0.0,7.0,7.0,CLE,4.0,512.0,7.0,8.0,8:32,8:24,,38.0,7.0,2.0,7.0,"4 DL, 2 LB, 5 DB",;;;;;;;;;;,11,6,4,ZONE_COVERAGE,COVER_3,True,00-0036267;00-0035355;00-0030076;00-0032392;00-0036232;00-0031382;00-0031426;00-0036233;00-0035628;00-0028986;00-0034399,Jedrick Wills;Blake Hance;JC Tretter;Austin Hooper;Harrison Bryant;Jarvis Landry;Joel Bitonio;Donovan Peoples-Jones;D'Ernest Johnson;Case Keenum;Wyatt Teller,00-0034385;00-0031404;00-0027647;00-0033947;00-0033324;00-0035241;00-0031360;00-0034591;00-0036981;00-0036231;00-0033860,Ja'Whaun Bentley;Adrian Phillips;Devin McCourty;Deatrich Wise;Tashawn Bower;Joejuan Williams;Kyle Van Noy;J.C. Jackson;Christian Barmore;Kyle Dugger;Davon Godchaux
2021_10_CLE_NE,3307,no_play,0.0,7.0,7.0,CLE,4.0,504.0,7.0,0.0,8:24,8:24,,38.0,7.0,3.0,7.0,"4 DL, 2 LB, 5 DB",;;;;;;;;;;,11,,,,,,00-0036267;00-0035355;00-0030076;00-0033885;00-0032392;00-0036232;00-0031382;00-0031426;00-0036233;00-0028986;00-0034399,Jedrick Wills;Blake Hance;JC Tretter;David Njoku;Austin Hooper;Harrison Bryant;Jarvis Landry;Joel Bitonio;Donovan Peoples-Jones;Case Keenum;Wyatt Teller,00-0032803;00-0031404;00-0034385;00-0027647;00-0033947;00-0033324;00-0031360;00-0034591;00-0036981;00-0036231;00-0033860,Jalen Mills;Adrian Phillips;Ja'Whaun Bentley;Devin McCourty;Deatrich Wise;Tashawn Bower;Kyle Van Noy;J.C. Jackson;Christian Barmore;Kyle Dugger;Davon Godchaux
2021_10_CLE_NE,3330,pass,0.0,12.0,12.0,CLE,4.0,504.0,12.0,3.0,8:24,8:21,,38.0,7.0,3.0,12.0,"2 DL, 4 LB, 5 DB",;;;;;;;;;;,11,6,5,MAN_COVERAGE,COVER_0,True,00-0036267;00-0035355;00-0030076;00-0033885;00-0032392;00-0036232;00-0031382;00-0031426;00-0036233;00-0028986;00-0034399,Jedrick Wills;Blake Hance;JC Tretter;David Njoku;Austin Hooper;Harrison Bryant;Jarvis Landry;Joel Bitonio;Donovan Peoples-Jones;Case Keenum;Wyatt Teller,00-0032803;00-0034385;00-0027647;00-0032415;00-0036159;00-0031360;00-0034591;00-0036981;00-0036231;00-0033860;00-0036087,Jalen Mills;Ja'Whaun Bentley;Devin McCourty;Matthew Judon;Joshua Uche;Kyle Van Noy;J.C. Jackson;Christian Barmore;Kyle Dugger;Davon Godchaux;Myles Bryant
2021_10_CLE_NE,3352,pass,7.0,12.0,5.0,CLE,4.0,501.0,12.0,6.0,8:21,8:15,,38.0,7.0,4.0,12.0,"2 DL, 4 LB, 5 DB",;;;;;;;;;;,11,6,6,MAN_COVERAGE,COVER_0,True,00-0036267;00-0035355;00-0030076;00-0033885;00-0032392;00-0036232;00-0031382;00-0031426;00-0036233;00-0028986;00-0034399,Jedrick Wills;Blake Hance;JC Tretter;David Njoku;Austin Hooper;Harrison Bryant;Jarvis Landry;Joel Bitonio;Donovan Peoples-Jones;Case Keenum;Wyatt Teller,00-0032803;00-0034385;00-0027647;00-0032415;00-0036159;00-0031360;00-0034591;00-0036981;00-0036231;00-0033860;00-0036087,Jalen Mills;Ja'Whaun Bentley;Devin McCourty;Matthew Judon;Joshua Uche;Kyle Van Noy;J.C. Jackson;Christian Barmore;Kyle Dugger;Davon Godchaux;Myles Bryant
2021_10_CLE_NE,3376,run,2.0,95.0,93.0,NE,4.0,495.0,95.0,37.0,8:15,7:38,,38.0,7.0,1.0,10.0,"4 DL, 2 LB, 5 DB",;;;;;;;;;;,11,7,,,,,00-0034960;00-0031852;00-0035624;00-0036096;00-0031580;00-0036198;00-0032445;00-0031744;00-0036163;00-0026625;00-0031549,Jakobi Meyers;David Andrews;N'Keal Harry;J.J. Taylor;Shaq Mason;Mike Onwenu;Ted Karras;Matt LaCosse;Justin Herron;Brian Hoyer;Nelson Agholor,00-0031785;00-0035210;00-0036282;00-0033927;00-0033969;00-0036915;00-0035281;00-0036996;00-0036266;00-0033973;00-0036883,Troy Hill;Herb Miller;Grant Delpit;John Johnson;Ifeadi Odenigbo;Jeremiah Owusu-Koramoah;Joe Jackson;Greg Newsome II;Jordan Elliott;Elijah Lee;Tommy Togiai
2021_10_CLE_NE,3407,pass,26.0,93.0,67.0,NE,4.0,458.0,93.0,39.0,7:38,6:59,,38.0,7.0,2.0,8.0,"4 DL, 2 LB, 5 DB",;;;;;;;;;;,11,7,6,MAN_COVERAGE,COVER_1,False,00-0034960;00-0031852;00-0035624;00-0036096;00-0031580;00-0036198;00-0032445;00-0031744;00-0026625;00-0031549;00-0036163,Jakobi Meyers;David Andrews;N'Keal Harry;J.J. Taylor;Shaq Mason;Mike Onwenu;Ted Karras;Matt LaCosse;Brian Hoyer;Nelson Agholor;Justin Herron,00-0031785;00-0035210;00-0036282;00-0033927;00-0033969;00-0036915;00-0035281;00-0036996;00-0036266;00-0033973;00-0036883,Troy Hill;Herb Miller;Grant Delpit;John Johnson;Ifeadi Odenigbo;Jeremiah Owusu-Koramoah;Joe Jackson;Greg Newsome II;Jordan Elliott;Elijah Lee;Tommy Togiai
2021_10_CLE_NE,3436,run,3.0,67.0,64.0,NE,4.0,419.0,67.0,42.0,6:59,6:17,,38.0,7.0,1.0,10.0,"4 DL, 2 LB, 5 DB",;;;;;;;;;;,11,7,,,,,00-0034960;00-0033307;00-0031852;00-0035624;00-0036096;00-0031580;00-0036198;00-0036194;00-0032445;00-0036163;00-0026625,Jakobi Meyers;Kendrick Bourne;David Andrews;N'Keal Harry;J.J. Taylor;Shaq Mason;Mike Onwenu;Devin Asiasi;Ted Karras;Justin Herron;Brian Hoyer,00-0031785;00-0035210;00-0036282;00-0033927;00-0033969;00-0036915;00-0035281;00-0036996;00-0036266;00-0033973;00-0036883,Troy Hill;Herb Miller;Grant Delpit;John Johnson;Ifeadi Odenigbo;Jeremiah Owusu-Koramoah;Joe Jackson;Greg Newsome II;Jordan Elliott;Elijah Lee;Tommy Togiai
2021_10_CLE_NE,3457,pass,48.0,64.0,16.0,NE,4.0,377.0,64.0,49.0,6:17,5:28,,38.0,7.0,2.0,7.0,"4 DL, 2 LB, 5 DB",;;;;;;;;;;,11,6,4,ZONE_COVERAGE,COVER_6,False,00-0034960;00-0033307;00-0031852;00-0035624;00-0036096;00-0031580;00-0036198;00-0036194;00-0032445;00-0026625;00-0036163,Jakobi Meyers;Kendrick Bourne;David Andrews;N'Keal Harry;J.J. Taylor;Shaq Mason;Mike Onwenu;Devin Asiasi;Ted Karras;Brian Hoyer;Justin Herron,00-0031785;00-0035210;00-0036282;00-0033927;00-0033969;00-0036915;00-0035281;00-0036996;00-0036266;00-0033973;00-0036883,Troy Hill;Herb Miller;Grant Delpit;John Johnson;Ifeadi Odenigbo;Jeremiah Owusu-Koramoah;Joe Jackson;Greg Newsome II;Jordan Elliott;Elijah Lee;Tommy Togiai
2021_10_CLE_NE,3481,no_play,0.0,16.0,16.0,NE,4.0,328.0,16.0,22.0,5:28,5:06,,38.0,7.0,1.0,10.0,"4 DL, 3 LB, 5 DB",;;;;;;;;;;;,12,,,,,,00-0031852;00-0035726;00-0035624;00-0036096;00-0031580;00-0036198;00-0036194;00-0032445;00-0026625;00-0031549;00-0036163,David Andrews;Jakob Johnson;N'Keal Harry;J.J. Taylor;Shaq Mason;Mike Onwenu;Devin Asiasi;Ted Karras;Brian Hoyer;Nelson Agholor;Justin Herron,00-0035210;00-0036282;00-0033927;00-0033969;00-0036915;00-0029568;00-0035281;00-0036996;00-0036266;00-0033973;00-0035646;00-0031785,Herb Miller;Grant Delpit;John Johnson;Ifeadi Odenigbo;Jeremiah Owusu-Koramoah;Malik Jackson;Joe Jackson;Greg Newsome II;Jordan Elliott;Elijah Lee;Sione Takitaki;Troy Hill
2021_10_CLE_NE,3504,run,0.0,11.0,11.0,NE,4.0,306.0,11.0,46.0,5:06,4:20,,38.0,7.0,1.0,5.0,"4 DL, 3 LB, 4 DB",;;;;;;;;;;,11,7,,,,,00-0031852;00-0035726;00-0035624;00-0036096;00-0031580;00-0036198;00-0036194;00-0032445;00-0026625;00-0036163;00-0031549,David Andrews;Jakob Johnson;N'Keal Harry;J.J. Taylor;Shaq Mason;Mike Onwenu;Devin Asiasi;Ted Karras;Brian Hoyer;Justin Herron;Nelson Agholor,00-0035210;00-0036282;00-0033927;00-0033969;00-0036915;00-0029568;00-0035281;00-0036996;00-0036266;00-0033973;00-0035646,Herb Miller;Grant Delpit;John Johnson;Ifeadi Odenigbo;Jeremiah Owusu-Koramoah;Malik Jackson;Joe Jackson;Greg Newsome II;Jordan Elliott;Elijah Lee;Sione Takitaki
2021_10_CLE_NE,3525,pass,11.0,11.0,0.0,NE,4.0,260.0,11.0,7.0,4:20,4:13,,44.0,7.0,2.0,5.0,"4 DL, 2 LB, 5 DB",;;;;;;;;;;,11,7,4,MAN_COVERAGE,COVER_1,False,00-0034960;00-0031852;00-0035624;00-0036096;00-0031580;00-0036198;00-0032445;00-0031744;00-0026625;00-0031549;00-0036163,Jakobi Meyers;David Andrews;N'Keal Harry;J.J. Taylor;Shaq Mason;Mike Onwenu;Ted Karras;Matt LaCosse;Brian Hoyer;Nelson Agholor;Justin Herron,00-0031785;00-0035210;00-0036282;00-0033927;00-0033969;00-0036915;00-0035281;00-0034019;00-0036996;00-0036266;00-0033973,Troy Hill;Herb Miller;Grant Delpit;John Johnson;Ifeadi Odenigbo;Jeremiah Owusu-Koramoah;Joe Jackson;Malik McDowell;Greg Newsome II;Jordan Elliott;Elijah Lee
2021_10_CLE_NE,3554,extra_point,0.0,15.0,15.0,NE,4.0,253.0,15.0,0.0,4:13,4:13,,45.0,7.0,,0.0,,;;;;;;;;;;,11,,,,,,00-0035726;00-0035280;00-0031580;00-0034833;00-0032228;00-0036198;00-0033947;00-0025565;00-0032445;00-0036163;00-0028171,Jakob Johnson;Jake Bailey;Shaq Mason;Isaiah Wynn;Joe Cardona;Mike Onwenu;Deatrich Wise;Nick Folk;Ted Karras;Justin Herron;Lawrence Guy,00-0035210;00-0033927;00-0033969;00-0035281;00-0033570;00-0036996;00-0036266;00-0034779;00-0033973;00-0035646;00-0036883,Herb Miller;John Johnson;Ifeadi Odenigbo;Joe Jackson;Anthony Walker;Greg Newsome II;Jordan Elliott;Ronnie Harrison;Elijah Lee;Sione Takitaki;Tommy Togiai
2021_10_CLE_NE,3574,kickoff,0.0,35.0,35.0,CLE,4.0,253.0,35.0,8.0,4:13,4:05,,45.0,7.0,,0.0,,;;;;;;;;;;,11,,,,,,00-0031404;00-0031856;00-0035280;00-0029239;00-0035240;00-0026293;00-0029530;00-0035241;00-0033716;00-0029764;00-0036231,Adrian Phillips;Brandon King;Jake Bailey;Brandon Bolden;Jahlani Tavai;Matthew Slater;Justin Bethel;Joejuan Williams;Calvin Munson;Cody Davis;Kyle Dugger,00-0035144;00-0036282;00-0035210;00-0034311;00-0032956;00-0033969;00-0034355;00-0036232;00-0033973;00-0035646;00-0033266,Mack Wilson;Grant Delpit;Herb Miller;Johnny Stanton;Andy Janovich;Ifeadi Odenigbo;M.J. Stewart;Harrison Bryant;Elijah Lee;Sione Takitaki;JoJo Natson
2021_10_CLE_NE,3596,run,3.0,74.0,71.0,CLE,4.0,245.0,74.0,40.0,4:05,3:25,,45.0,7.0,1.0,10.0,"3 DL, 3 LB, 5 DB",;;;;;;;;;;,11,7,,,,,00-0036267;00-0032977;00-0035355;00-0030076;00-0033885;00-0031426;00-0036233;00-0035628;00-0028986;00-0034399;00-0033266,Jedrick Wills;Rashard Higgins;Blake Hance;JC Tretter;David Njoku;Joel Bitonio;Donovan Peoples-Jones;D'Ernest Johnson;Case Keenum;Wyatt Teller;JoJo Natson,00-0031938;00-0032803;00-0031404;00-0035240;00-0033324;00-0029530;00-0035241;00-0036159;00-0033716;00-0036981;00-0036087,Carl Davis;Jalen Mills;Adrian Phillips;Jahlani Tavai;Tashawn Bower;Justin Bethel;Joejuan Williams;Joshua Uche;Calvin Munson;Christian Barmore;Myles Bryant
2021_10_CLE_NE,3617,run,3.0,71.0,68.0,CLE,4.0,205.0,71.0,43.0,3:25,2:42,,45.0,7.0,2.0,7.0,"3 DL, 3 LB, 5 DB",;;;;;;;;;;,11,7,,,,,00-0036267;00-0032977;00-0035355;00-0030076;00-0033885;00-0031426;00-0036233;00-0035628;00-0028986;00-0034399;00-0033266,Jedrick Wills;Rashard Higgins;Blake Hance;JC Tretter;David Njoku;Joel Bitonio;Donovan Peoples-Jones;D'Ernest Johnson;Case Keenum;Wyatt Teller;JoJo Natson,00-0031938;00-0032803;00-0031404;00-0035240;00-0033324;00-0029530;00-0035241;00-0036159;00-0033716;00-0036981;00-0036087,Carl Davis;Jalen Mills;Adrian Phillips;Jahlani Tavai;Tashawn Bower;Justin Bethel;Joejuan Williams;Joshua Uche;Calvin Munson;Christian Barmore;Myles Bryant
2021_10_CLE_NE,3638,pass,18.0,68.0,50.0,CLE,4.0,162.0,68.0,7.0,2:42,2:35,,45.0,7.0,3.0,4.0,"3 DL, 3 LB, 5 DB",;;;;;;;;;;,11,6,4,MAN_COVERAGE,COVER_1,False,00-0036267;00-0032977;00-0035355;00-0030076;00-0033885;00-0031426;00-0036233;00-0035628;00-0028986;00-0034399;00-0033266,Jedrick Wills;Rashard Higgins;Blake Hance;JC Tretter;David Njoku;Joel Bitonio;Donovan Peoples-Jones;D'Ernest Johnson;Case Keenum;Wyatt Teller;JoJo Natson,00-0031938;00-0032803;00-0031404;00-0035240;00-0033324;00-0029530;00-0035241;00-0036159;00-0033716;00-0036981;00-0036087,Carl Davis;Jalen Mills;Adrian Phillips;Jahlani Tavai;Tashawn Bower;Justin Bethel;Joejuan Williams;Joshua Uche;Calvin Munson;Christian Barmore;Myles Bryant
2021_10_CLE_NE,3667,run,5.0,50.0,45.0,CLE,4.0,155.0,50.0,34.0,2:35,2:01,,45.0,7.0,1.0,10.0,"3 DL, 3 LB, 5 DB",;;;;;;;;;;,11,8,,,,,00-0036267;00-0032977;00-0035355;00-0030076;00-0033885;00-0031426;00-0036233;00-0035628;00-0028986;00-0034399;00-0033266,Jedrick Wills;Rashard Higgins;Blake Hance;JC Tretter;David Njoku;Joel Bitonio;Donovan Peoples-Jones;D'Ernest Johnson;Case Keenum;Wyatt Teller;JoJo Natson,00-0031938;00-0032803;00-0031404;00-0035240;00-0033324;00-0029530;00-0035241;00-0036159;00-0033716;00-0036981;00-0036087,Carl Davis;Jalen Mills;Adrian Phillips;Jahlani Tavai;Tashawn Bower;Justin Bethel;Joejuan Williams;Joshua Uche;Calvin Munson;Christian Barmore;Myles Bryant
2021_10_CLE_NE,3688,run,-2.0,45.0,47.0,CLE,4.0,121.0,45.0,5.0,2:01,1:56,,45.0,7.0,2.0,5.0,"3 DL, 3 LB, 5 DB",;;;;;;;;;;,11,6,,,,,00-0036267;00-0035355;00-0032977;00-0030076;00-0033885;00-0031426;00-0036233;00-0035628;00-0028986;00-0034399;00-0033266,Jedrick Wills;Blake Hance;Rashard Higgins;JC Tretter;David Njoku;Joel Bitonio;Donovan Peoples-Jones;D'Ernest Johnson;Case Keenum;Wyatt Teller;JoJo Natson,00-0032803;00-0031404;00-0035240;00-0033324;00-0029530;00-0035241;00-0036159;00-0033716;00-0036981;00-0033860;00-0036087,Jalen Mills;Adrian Phillips;Jahlani Tavai;Tashawn Bower;Justin Bethel;Joejuan Williams;Joshua Uche;Calvin Munson;Christian Barmore;Davon Godchaux;Myles Bryant
2021_10_CLE_NE,3726,pass,-6.0,47.0,53.0,CLE,4.0,116.0,47.0,47.0,1:56,1:09,,45.0,7.0,3.0,7.0,"3 DL, 3 LB, 5 DB",;;;;;;;;;;,11,6,3,,,,00-0036267;00-0032977;00-0035355;00-0030076;00-0033885;00-0031426;00-0036233;00-0035628;00-0028986;00-0034399;00-0033266,Jedrick Wills;Rashard Higgins;Blake Hance;JC Tretter;David Njoku;Joel Bitonio;Donovan Peoples-Jones;D'Ernest Johnson;Case Keenum;Wyatt Teller;JoJo Natson,00-0032803;00-0031404;00-0035240;00-0033324;00-0029530;00-0035241;00-0036159;00-0033716;00-0036981;00-0033860;00-0036087,Jalen Mills;Adrian Phillips;Jahlani Tavai;Tashawn Bower;Justin Bethel;Joejuan Williams;Joshua Uche;Calvin Munson;Christian Barmore;Davon Godchaux;Myles Bryant
2021_10_CLE_NE,3745,punt,0.0,53.0,53.0,CLE,4.0,69.0,53.0,7.0,1:09,1:02,,45.0,7.0,4.0,13.0,,;;;;;;;;;;,11,,,,,,00-0035144;00-0035210;00-0033927;00-0032956;00-0034355;00-0036232;00-0029008;00-0035042;00-0033973;00-0035646;00-0033266,Mack Wilson;Herb Miller;John Johnson;Andy Janovich;M.J. Stewart;Harrison Bryant;Charley Hughlett;Jamie Gillan;Elijah Lee;Sione Takitaki;JoJo Natson,00-0034960;00-0031856;00-0032415;00-0026293;00-0029530;00-0035241;00-0036159;00-0033716;00-0029764;00-0029669;00-0028171,Jakobi Meyers;Brandon King;Matthew Judon;Matthew Slater;Justin Bethel;Joejuan Williams;Joshua Uche;Calvin Munson;Cody Davis;Dont'a Hightower;Lawrence Guy
2021_10_CLE_NE,3763,qb_kneel,-1.0,80.0,81.0,NE,4.0,62.0,80.0,24.0,1:02,0:38,,45.0,7.0,1.0,10.0,"4 DL, 3 LB, 4 DB",;;;;;;;;;;,11,7,,,,,00-0031852;00-0035726;00-0036096;00-0035252;00-0036198;00-0026293;00-0036194;00-0032445;00-0031744;00-0026625;00-0036163,David Andrews;Jakob Johnson;J.J. Taylor;Yodny Cajuste;Mike Onwenu;Matthew Slater;Devin Asiasi;Ted Karras;Matt LaCosse;Brian Hoyer;Justin Herron,00-0035210;00-0036282;00-0033927;00-0033969;00-0036915;00-0035281;00-0036996;00-0036266;00-0033973;00-0035646;00-0036883,Herb Miller;Grant Delpit;John Johnson;Ifeadi Odenigbo;Jeremiah Owusu-Koramoah;Joe Jackson;Greg Newsome II;Jordan Elliott;Elijah Lee;Sione Takitaki;Tommy Togiai
2021_10_CLE_NE,3784,qb_kneel,-1.0,81.0,82.0,NE,4.0,38.0,81.0,38.0,0:38,0:00,,45.0,7.0,2.0,11.0,"4 DL, 3 LB, 4 DB",;;;;;;;;;;,11,7,,,,,00-0031852;00-0035726;00-0036096;00-0035252;00-0036198;00-0026293;00-0036194;00-0032445;00-0031744;00-0026625;00-0036163,David Andrews;Jakob Johnson;J.J. Taylor;Yodny Cajuste;Mike Onwenu;Matthew Slater;Devin Asiasi;Ted Karras;Matt LaCosse;Brian Hoyer;Justin Herron,00-0035210;00-0036282;00-0033927;00-0033969;00-0036915;00-0035281;00-0036996;00-0036266;00-0033973;00-0035646;00-0036883,Herb Miller;Grant Delpit;John Johnson;Ifeadi Odenigbo;Jeremiah Owusu-Koramoah;Joe Jackson;Greg Newsome II;Jordan Elliott;Elijah Lee;Sione Takitaki;Tommy Togiai
2021_10_CLE_NE,3805,end_game,,,,NE,4.0,0.0,,0.0,0:00,0:00,,45.0,7.0,,0.0,,,0,,,,,,,,,
