game_id,play_id,play_type,yards_gained,starting_yard,ending_yard,posteam,qtr,game_seconds_remaining,yardline_100,time_of_play,time_on_clock_start,time_on_clock_end,timeout_team,home_team_score,away_team_score,down,yds_to_go,defense_personnel,defense_positions,n_defense,defenders_in_box,number_of_pass_rushers,defense_man_zone_type,defense_coverage_type,was_pressure,offense_player_ids,offense_player_names,defense_player_ids,defense_player_names
2019_04_OAK_IND,1,start_quarter_1,,,,,1.0,3600.0,,0.0,15:00,15:00,,0.0,0.0,,0.0,,,0,,,,,,,,,
2019_04_OAK_IND,36,kickoff,0.0,35.0,35.0,LV,1.0,3600.0,35.0,0.0,15:00,15:00,,0.0,0.0,,0.0,,;;;;;;;;;;,11,,,,,,00-0034400;00-0035534;00-0034431;00-0034091;00-0034987;00-0035637;00-0032830;00-0035021;00-0033269;00-0034424;00-0033251,Jordan Wilkins;Marvell Tell;Zaire Franklin;George Odum;E.J. Speed;Rock Ya-Sin;Rolan Milligan;Ashton Dulin;Rigoberto Sanchez;Matthew Adams;Zach Pascal,00-0029119;00-0029647;00-0033445;00-0034981;00-0032940;00-0032423;00-0034726;00-0035419;00-0035125;00-0032042;00-0035133,Derek Carrier;Kyle Wilber;Nicholas Morrow;Foster Moreau;DeAndre Washington;Trevor Davis;Dallin Leavitt;Justin Phillips;Alec Ingold;Curtis Riley;Keisean Nixon
2019_04_OAK_IND,65,pass,7.0,75.0,68.0,LV,1.0,3600.0,75.0,33.0,15:00,14:27,,0.0,0.0,1.0,10.0,"4 DL, 3 LB, 4 DB",;;;;;;;;;;,11,7,4,ZONE_COVERAGE,COVER_3,False,00-0027993;00-0034759;00-0031280;00-0035700;00-0030011;00-0023516;00-0032423;00-0035125;00-0032071;00-0031610;00-0032160,Rodney Hudson;Kolton Miller;Derek Carr;Josh Jacobs;Jordan Devey;Richie Incognito;Trevor Davis;Alec Ingold;Trent Brown;Darren Waller;Tyrell Williams,00-0028008;00-0031571;00-0033570;00-0033393;00-0033952;00-0035530;00-0031254;00-0035637;00-0033964;00-0035687;00-0034424,Justin Houston;Clayton Geathers;Anthony Walker;Kenny Moore II;Grover Stewart;Khari Willis;Denico Autry;Rock Ya-Sin;Al-Quadin Muhammad;Bobby Okereke;Matthew Adams
2019_04_OAK_IND,89,pass,4.0,68.0,64.0,LV,1.0,3567.0,68.0,38.0,14:27,13:49,,0.0,0.0,2.0,3.0,"4 DL, 3 LB, 4 DB",;;;;;;;;;;,11,8,4,ZONE_COVERAGE,COVER_3,False,00-0027993;00-0034981;00-0034759;00-0031280;00-0035700;00-0030011;00-0023516;00-0035125;00-0032071;00-0031610;00-0032160,Rodney Hudson;Foster Moreau;Kolton Miller;Derek Carr;Josh Jacobs;Jordan Devey;Richie Incognito;Alec Ingold;Trent Brown;Darren Waller;Tyrell Williams,00-0028008;00-0033570;00-0031571;00-0033393;00-0033952;00-0035530;00-0031254;00-0035637;00-0033964;00-0035687;00-0034424,Justin Houston;Anthony Walker;Clayton Geathers;Kenny Moore II;Grover Stewart;Khari Willis;Denico Autry;Rock Ya-Sin;Al-Quadin Muhammad;Bobby Okereke;Matthew Adams
2019_04_OAK_IND,113,pass,10.0,64.0,54.0,LV,1.0,3529.0,64.0,32.0,13:49,13:17,,0.0,0.0,1.0,10.0,"4 DL, 2 LB, 5 DB",;;;;;;;;;;,11,6,2,ZONE_COVERAGE,COVER_3,False,00-0027993;00-0029119;00-0034759;00-0031280;00-0035700;00-0030011;00-0023516;00-0032423;00-0032071;00-0032160;00-0034983,Rodney Hudson;Derek Carrier;Kolton Miller;Derek Carr;Josh Jacobs;Jordan Devey;Richie Incognito;Trevor Davis;Trent Brown;Tyrell Williams;Hunter Renfrow,00-0028008;00-0033570;00-0031571;00-0033393;00-0033952;00-0035530;00-0033544;00-0031254;00-0035637;00-0033964;00-0035687,Justin Houston;Anthony Walker;Clayton Geathers;Kenny Moore II;Grover Stewart;Khari Willis;Quincy Wilson;Denico Autry;Rock Ya-Sin;Al-Quadin Muhammad;Bobby Okereke
2019_04_OAK_IND,142,pass,7.0,54.0,47.0,LV,1.0,3497.0,54.0,37.0,13:17,12:40,,0.0,0.0,1.0,10.0,"4 DL, 3 LB, 4 DB",;;;;;;;;;;,11,6,4,ZONE_COVERAGE,COVER_2,False,00-0027993;00-0029119;00-0034981;00-0034759;00-0031280;00-0032940;00-0030011;00-0023516;00-0033025;00-0032071;00-0032160,Rodney Hudson;Derek Carrier;Foster Moreau;Kolton Miller;Derek Carr;DeAndre Washington;Jordan Devey;Richie Incognito;Jalen Richard;Trent Brown;Tyrell Williams,00-0028008;00-0031571;00-0033570;00-0033393;00-0033952;00-0035530;00-0031254;00-0035637;00-0033964;00-0035687;00-0034424,Justin Houston;Clayton Geathers;Anthony Walker;Kenny Moore II;Grover Stewart;Khari Willis;Denico Autry;Rock Ya-Sin;Al-Quadin Muhammad;Bobby Okereke;Matthew Adams
2019_04_OAK_IND,166,run,12.0,47.0,35.0,LV,1.0,3460.0,47.0,47.0,12:40,11:53,,0.0,0.0,2.0,3.0,"4 DL, 3 LB, 4 DB",;;;;;;;;;;,11,6,,,,,00-0027993;00-0034759;00-0031280;00-0035700;00-0030011;00-0023516;00-0032423;00-0035125;00-0032071;00-0031610;00-0032160,Rodney Hudson;Kolton Miller;Derek Carr;Josh Jacobs;Jordan Devey;Richie Incognito;Trevor Davis;Alec Ingold;Trent Brown;Darren Waller;Tyrell Williams,00-0028008;00-0033570;00-0031571;00-0033393;00-0033952;00-0035530;00-0031254;00-0035637;00-0033964;00-0035687;00-0034424,Justin Houston;Anthony Walker;Clayton Geathers;Kenny Moore II;Grover Stewart;Khari Willis;Denico Autry;Rock Ya-Sin;Al-Quadin Muhammad;Bobby Okereke;Matthew Adams
2019_04_OAK_IND,187,run,1.0,35.0,34.0,LV,1.0,3413.0,35.0,42.0,11:53,11:11,,0.0,0.0,1.0,10.0,"4 DL, 3 LB, 4 DB",;;;;;;;;;;,11,7,,,,,00-0027993;00-0034981;00-0034759;00-0031280;00-0035700;00-0030011;00-0023516;00-0035125;00-0032071;00-0031610;00-0032160,Rodney Hudson;Foster Moreau;Kolton Miller;Derek Carr;Josh Jacobs;Jordan Devey;Richie Incognito;Alec Ingold;Trent Brown;Darren Waller;Tyrell Williams,00-0033570;00-0031571;00-0033393;00-0030449;00-0035530;00-0035637;00-0034969;00-0033046;00-0035687;00-0034424;00-0027975,Anthony Walker;Clayton Geathers;Kenny Moore II;Margus Hunt;Khari Willis;Rock Ya-Sin;Ben Banogu;Jihad Ward;Bobby Okereke;Matthew Adams;Jabaal Sheard
2019_04_OAK_IND,208,run,3.0,34.0,31.0,LV,1.0,3371.0,34.0,40.0,11:11,10:31,,0.0,0.0,2.0,9.0,"4 DL, 3 LB, 4 DB",;;;;;;;;;;,11,6,,,,,00-0027993;00-0034981;00-0034759;00-0031280;00-0035700;00-0030011;00-0023516;00-0032423;00-0032071;00-0031610;00-0032160,Rodney Hudson;Foster Moreau;Kolton Miller;Derek Carr;Josh Jacobs;Jordan Devey;Richie Incognito;Trevor Davis;Trent Brown;Darren Waller;Tyrell Williams,00-0033570;00-0031571;00-0033393;00-0030449;00-0035530;00-0035637;00-0034969;00-0033046;00-0035687;00-0034424;00-0027975,Anthony Walker;Clayton Geathers;Kenny Moore II;Margus Hunt;Khari Willis;Rock Ya-Sin;Ben Banogu;Jihad Ward;Bobby Okereke;Matthew Adams;Jabaal Sheard
2019_04_OAK_IND,229,pass,7.0,31.0,24.0,LV,1.0,3331.0,31.0,39.0,10:31,9:52,,0.0,0.0,3.0,6.0,"3 DL, 2 LB, 6 DB",;;;;;;;;;;,11,5,3,ZONE_COVERAGE,COVER_2,False,00-0027993;00-0034759;00-0031280;00-0030011;00-0023516;00-0033025;00-0032423;00-0032071;00-0031610;00-0032160;00-0034983,Rodney Hudson;Kolton Miller;Derek Carr;Jordan Devey;Richie Incognito;Jalen Richard;Trevor Davis;Trent Brown;Darren Waller;Tyrell Williams;Hunter Renfrow,00-0028008;00-0033570;00-0031571;00-0033393;00-0034091;00-0035530;00-0033544;00-0034354;00-0031254;00-0035637;00-0035687,Justin Houston;Anthony Walker;Clayton Geathers;Kenny Moore II;George Odum;Khari Willis;Quincy Wilson;Kemoko Turay;Denico Autry;Rock Ya-Sin;Bobby Okereke
2019_04_OAK_IND,253,run,6.0,24.0,18.0,LV,1.0,3292.0,24.0,36.0,9:52,9:16,,0.0,0.0,1.0,10.0,"4 DL, 3 LB, 4 DB",;;;;;;;;;;,11,7,,,,,00-0027993;00-0034981;00-0034759;00-0031280;00-0035700;00-0030011;00-0023516;00-0035125;00-0032071;00-0031610;00-0032160,Rodney Hudson;Foster Moreau;Kolton Miller;Derek Carr;Josh Jacobs;Jordan Devey;Richie Incognito;Alec Ingold;Trent Brown;Darren Waller;Tyrell Williams,00-0028008;00-0033570;00-0031571;00-0033393;00-0033952;00-0035530;00-0031254;00-0035637;00-0033964;00-0035687;00-0034424,Justin Houston;Anthony Walker;Clayton Geathers;Kenny Moore II;Grover Stewart;Khari Willis;Denico Autry;Rock Ya-Sin;Al-Quadin Muhammad;Bobby Okereke;Matthew Adams
2019_04_OAK_IND,274,pass,18.0,18.0,0.0,LV,1.0,3256.0,18.0,7.0,9:16,9:09,,0.0,6.0,2.0,4.0,"4 DL, 3 LB, 4 DB",;;;;;;;;;;,11,7,4,ZONE_COVERAGE,COVER_2,False,00-0027993;00-0034981;00-0034759;00-0031280;00-0035700;00-0030011;00-0023516;00-0032423;00-0032071;00-0031610;00-0032160,Rodney Hudson;Foster Moreau;Kolton Miller;Derek Carr;Josh Jacobs;Jordan Devey;Richie Incognito;Trevor Davis;Trent Brown;Darren Waller;Tyrell Williams,00-0028008;00-0033570;00-0031571;00-0033393;00-0033952;00-0035530;00-0031254;00-0035637;00-0033964;00-0035687;00-0034424,Justin Houston;Anthony Walker;Clayton Geathers;Kenny Moore II;Grover Stewart;Khari Willis;Denico Autry;Rock Ya-Sin;Al-Quadin Muhammad;Bobby Okereke;Matthew Adams
2019_04_OAK_IND,299,extra_point,0.0,15.0,15.0,LV,1.0,3249.0,15.0,0.0,9:09,9:09,,0.0,7.0,,0.0,,;;;;;;;;;;,11,,,,,,00-0035190;00-0034161;00-0033946;00-0029119;00-0034981;00-0034759;00-0030011;00-0023516;00-0031632;00-0032071;00-0034198,AJ Cole;Daniel Carlson;David Sharpe;Derek Carrier;Foster Moreau;Kolton Miller;Jordan Devey;Richie Incognito;Denzelle Good;Trent Brown;Trent Sieg,00-0034431;00-0033570;00-0033393;00-0030449;00-0033952;00-0034091;00-0034354;00-0031254;00-0035637;00-0032830;00-0034424,Zaire Franklin;Anthony Walker;Kenny Moore II;Margus Hunt;Grover Stewart;George Odum;Kemoko Turay;Denico Autry;Rock Ya-Sin;Rolan Milligan;Matthew Adams
2019_04_OAK_IND,315,kickoff,0.0,35.0,35.0,IND,1.0,3249.0,35.0,0.0,9:09,9:09,,0.0,7.0,,0.0,,;;;;;;;;;;,11,,,,,,00-0034161;00-0029119;00-0029647;00-0032888;00-0033445;00-0035695;00-0034726;00-0032320;00-0035419;00-0032042;00-0035133,Daniel Carlson;Derek Carrier;Kyle Wilber;Karl Joseph;Nicholas Morrow;Trayvon Mullen;Dallin Leavitt;Erik Harris;Justin Phillips;Curtis Riley;Keisean Nixon,00-0034400;00-0034431;00-0034091;00-0034987;00-0035530;00-0033544;00-0032830;00-0033217;00-0035687;00-0035639;00-0034424,Jordan Wilkins;Zaire Franklin;George Odum;E.J. Speed;Khari Willis;Quincy Wilson;Rolan Milligan;Mo Alie-Cox;Bobby Okereke;Parris Campbell;Matthew Adams
2019_04_OAK_IND,339,run,-2.0,75.0,77.0,IND,1.0,3249.0,75.0,36.0,9:09,8:33,,0.0,7.0,1.0,10.0,"4 DL, 2 LB, 5 DB",;;;;;;;;;;,11,7,,,,,00-0027960;00-0034836;00-0033951;00-0030181;00-0032383;00-0034342;00-0031581;00-0033217;00-0035639;00-0033119;00-0034406,Anthony Castonzo;Braden Smith;Marlon Mack;Jack Doyle;Ryan Kelly;Quenton Nelson;Mark Glowinski;Mo Alie-Cox;Parris Campbell;Jacoby Brissett;Deon Cain,00-0031389;00-0030883;00-0032891;00-0028912;00-0032888;00-0033882;00-0035692;00-0030063;00-0032320;00-0034262;00-0029212,Lamarcus Joyner;Josh Mauro;Daryl Worley;Vontaze Burfict;Karl Joseph;Gareon Conley;Clelin Ferrell;Johnathan Hankins;Erik Harris;P.J. Hall;Tahir Whitehead
2019_04_OAK_IND,360,pass,0.0,77.0,77.0,IND,1.0,3213.0,77.0,6.0,8:33,8:27,,0.0,7.0,2.0,12.0,"4 DL, 2 LB, 5 DB",;;;;;;;;;;,11,7,3,ZONE_COVERAGE,COVER_4,False,00-0027960;00-0034836;00-0033951;00-0030181;00-0032383;00-0034342;00-0031581;00-0033217;00-0035639;00-0033119;00-0034406,Anthony Castonzo;Braden Smith;Marlon Mack;Jack Doyle;Ryan Kelly;Quenton Nelson;Mark Glowinski;Mo Alie-Cox;Parris Campbell;Jacoby Brissett;Deon Cain,00-0031389;00-0030883;00-0032891;00-0028912;00-0032888;00-0033882;00-0035692;00-0030063;00-0032320;00-0034262;00-0029212,Lamarcus Joyner;Josh Mauro;Daryl Worley;Vontaze Burfict;Karl Joseph;Gareon Conley;Clelin Ferrell;Johnathan Hankins;Erik Harris;P.J. Hall;Tahir Whitehead
2019_04_OAK_IND,382,pass,0.0,77.0,77.0,IND,1.0,3207.0,77.0,5.0,8:27,8:22,,0.0,7.0,3.0,12.0,"4 DL, 2 LB, 5 DB",;;;;;;;;;;,11,7,4,ZONE_COVERAGE,COVER_2,False,00-0027960;00-0034836;00-0032355;00-0033951;00-0030181;00-0032383;00-0034342;00-0031581;00-0035639;00-0033119;00-0034406,Anthony Castonzo;Braden Smith;Chester Rogers;Marlon Mack;Jack Doyle;Ryan Kelly;Quenton Nelson;Mark Glowinski;Parris Campbell;Jacoby Brissett;Deon Cain,00-0034973;00-0031389;00-0028912;00-0032891;00-0032888;00-0033882;00-0033445;00-0034746;00-0034825;00-0035692;00-0032320,Maxx Crosby;Lamarcus Joyner;Vontaze Burfict;Daryl Worley;Karl Joseph;Gareon Conley;Nicholas Morrow;Maurice Hurst;Arden Key;Clelin Ferrell;Erik Harris
2019_04_OAK_IND,404,punt,0.0,77.0,77.0,IND,1.0,3202.0,77.0,9.0,8:22,8:13,,0.0,7.0,4.0,12.0,,;;;;;;;;;;,11,,,,,,00-0034367;00-0034400;00-0033570;00-0034431;00-0031571;00-0034091;00-0035021;00-0033269;00-0035687;00-0034424;00-0032753,Nyheim Hines;Jordan Wilkins;Anthony Walker;Zaire Franklin;Clayton Geathers;George Odum;Ashton Dulin;Rigoberto Sanchez;Bobby Okereke;Matthew Adams;Luke Rhodes,00-0034973;00-0032891;00-0029119;00-0029647;00-0034981;00-0032423;00-0034726;00-0032320;00-0035125;00-0032042;00-0035133,Maxx Crosby;Daryl Worley;Derek Carrier;Kyle Wilber;Foster Moreau;Trevor Davis;Dallin Leavitt;Erik Harris;Alec Ingold;Curtis Riley;Keisean Nixon
2019_04_OAK_IND,429,run,60.0,60.0,0.0,LV,1.0,3193.0,60.0,10.0,8:13,8:03,,0.0,13.0,1.0,10.0,"4 DL, 2 LB, 5 DB",;;;;;;;;;;,11,6,,,,,00-0027993;00-0034759;00-0031280;00-0035700;00-0030011;00-0023516;00-0032423;00-0032071;00-0031610;00-0032160;00-0034983,Rodney Hudson;Kolton Miller;Derek Carr;Josh Jacobs;Jordan Devey;Richie Incognito;Trevor Davis;Trent Brown;Darren Waller;Tyrell Williams;Hunter Renfrow,00-0031571;00-0033570;00-0033393;00-0030449;00-0035530;00-0033544;00-0035637;00-0034969;00-0033046;00-0035687;00-0027975,Clayton Geathers;Anthony Walker;Kenny Moore II;Margus Hunt;Khari Willis;Quincy Wilson;Rock Ya-Sin;Ben Banogu;Jihad Ward;Bobby Okereke;Jabaal Sheard
2019_04_OAK_IND,451,extra_point,0.0,15.0,15.0,LV,1.0,3183.0,15.0,0.0,8:03,8:03,,0.0,14.0,,0.0,,;;;;;;;;;;,11,,,,,,00-0035190;00-0034161;00-0033946;00-0029119;00-0034981;00-0034759;00-0030011;00-0023516;00-0031632;00-0032071;00-0034198,AJ Cole;Daniel Carlson;David Sharpe;Derek Carrier;Foster Moreau;Kolton Miller;Jordan Devey;Richie Incognito;Denzelle Good;Trent Brown;Trent Sieg,00-0033570;00-0034431;00-0033393;00-0030449;00-0033952;00-0034091;00-0034354;00-0031254;00-0035637;00-0032830;00-0034424,Anthony Walker;Zaire Franklin;Kenny Moore II;Margus Hunt;Grover Stewart;George Odum;Kemoko Turay;Denico Autry;Rock Ya-Sin;Rolan Milligan;Matthew Adams
2019_04_OAK_IND,467,kickoff,0.0,35.0,35.0,IND,1.0,3183.0,35.0,0.0,8:03,8:03,,0.0,14.0,,0.0,,;;;;;;;;;;,11,,,,,,00-0034161;00-0029119;00-0029647;00-0032888;00-0033445;00-0035695;00-0034726;00-0032320;00-0035419;00-0032042;00-0035133,Daniel Carlson;Derek Carrier;Kyle Wilber;Karl Joseph;Nicholas Morrow;Trayvon Mullen;Dallin Leavitt;Erik Harris;Justin Phillips;Curtis Riley;Keisean Nixon,00-0034400;00-0034431;00-0034091;00-0034987;00-0035530;00-0033544;00-0032830;00-0035687;00-0033217;00-0035639;00-0034424,Jordan Wilkins;Zaire Franklin;George Odum;E.J. Speed;Khari Willis;Quincy Wilson;Rolan Milligan;Bobby Okereke;Mo Alie-Cox;Parris Campbell;Matthew Adams
2019_04_OAK_IND,491,run,-5.0,75.0,80.0,IND,1.0,3183.0,75.0,37.0,8:03,7:26,,0.0,14.0,1.0,10.0,"4 DL, 2 LB, 5 DB",;;;;;;;;;;,11,6,,,,,00-0034367;00-0027960;00-0034836;00-0033951;00-0030181;00-0032383;00-0034342;00-0031581;00-0035639;00-0033251;00-0033119,Nyheim Hines;Anthony Castonzo;Braden Smith;Marlon Mack;Jack Doyle;Ryan Kelly;Quenton Nelson;Mark Glowinski;Parris Campbell;Zach Pascal;Jacoby Brissett,00-0031389;00-0030883;00-0032891;00-0028912;00-0032888;00-0033882;00-0035692;00-0030063;00-0032320;00-0034262;00-0029212,Lamarcus Joyner;Josh Mauro;Daryl Worley;Vontaze Burfict;Karl Joseph;Gareon Conley;Clelin Ferrell;Johnathan Hankins;Erik Harris;P.J. Hall;Tahir Whitehead
2019_04_OAK_IND,512,no_play,0.0,80.0,80.0,IND,1.0,3146.0,80.0,19.0,7:26,7:07,,0.0,14.0,2.0,15.0,"4 DL, 2 LB, 5 DB",;;;;;;;;;;,11,,,,,,00-0027960;00-0034836;00-0032355;00-0033951;00-0030181;00-0032383;00-0034342;00-0031581;00-0035639;00-0033119;00-0034406,Anthony Castonzo;Braden Smith;Chester Rogers;Marlon Mack;Jack Doyle;Ryan Kelly;Quenton Nelson;Mark Glowinski;Parris Campbell;Jacoby Brissett;Deon Cain,00-0034973;00-0031389;00-0028912;00-0032891;00-0032888;00-0033882;00-0033445;00-0034746;00-0034825;00-0035692;00-0032320,Maxx Crosby;Lamarcus Joyner;Vontaze Burfict;Daryl Worley;Karl Joseph;Gareon Conley;Nicholas Morrow;Maurice Hurst;Arden Key;Clelin Ferrell;Erik Harris
2019_04_OAK_IND,535,pass,0.0,85.0,85.0,IND,1.0,3127.0,85.0,5.0,7:07,7:02,,0.0,14.0,2.0,20.0,"4 DL, 2 LB, 5 DB",;;;;;;;;;;,11,5,4,ZONE_COVERAGE,COVER_6,False,00-0034400;00-0027960;00-0032355;00-0034836;00-0030181;00-0032383;00-0034342;00-0031581;00-0035639;00-0033119;00-0034406,Jordan Wilkins;Anthony Castonzo;Chester Rogers;Braden Smith;Jack Doyle;Ryan Kelly;Quenton Nelson;Mark Glowinski;Parris Campbell;Jacoby Brissett;Deon Cain,00-0034973;00-0031389;00-0032891;00-0028912;00-0032888;00-0033882;00-0033445;00-0034746;00-0034825;00-0035692;00-0032320,Maxx Crosby;Lamarcus Joyner;Daryl Worley;Vontaze Burfict;Karl Joseph;Gareon Conley;Nicholas Morrow;Maurice Hurst;Arden Key;Clelin Ferrell;Erik Harris
2019_04_OAK_IND,557,pass,0.0,85.0,85.0,IND,1.0,3122.0,85.0,7.0,7:02,6:55,,0.0,14.0,3.0,20.0,"4 DL, 2 LB, 5 DB",;;;;;;;;;;,11,4,3,ZONE_COVERAGE,COVER_2,False,00-0027960;00-0034836;00-0032355;00-0031387;00-0033951;00-0032383;00-0034342;00-0031581;00-0035639;00-0033119;00-0034406,Anthony Castonzo;Braden Smith;Chester Rogers;Eric Ebron;Marlon Mack;Ryan Kelly;Quenton Nelson;Mark Glowinski;Parris Campbell;Jacoby Brissett;Deon Cain,00-0034973;00-0031389;00-0028912;00-0032891;00-0032888;00-0033882;00-0033445;00-0034746;00-0034825;00-0035692;00-0032320,Maxx Crosby;Lamarcus Joyner;Vontaze Burfict;Daryl Worley;Karl Joseph;Gareon Conley;Nicholas Morrow;Maurice Hurst;Arden Key;Clelin Ferrell;Erik Harris
2019_04_OAK_IND,579,punt,0.0,85.0,85.0,IND,1.0,3115.0,85.0,13.0,6:55,6:42,,0.0,14.0,4.0,20.0,,;;;;;;;;;;,11,,,,,,00-0034367;00-0034400;00-0034431;00-0033570;00-0031571;00-0034091;00-0035021;00-0033269;00-0035687;00-0034424;00-0032753,Nyheim Hines;Jordan Wilkins;Zaire Franklin;Anthony Walker;Clayton Geathers;George Odum;Ashton Dulin;Rigoberto Sanchez;Bobby Okereke;Matthew Adams;Luke Rhodes,00-0034973;00-0032891;00-0029119;00-0029647;00-0034981;00-0032423;00-0032320;00-0034726;00-0035125;00-0032042;00-0035133,Maxx Crosby;Daryl Worley;Derek Carrier;Kyle Wilber;Foster Moreau;Trevor Davis;Erik Harris;Dallin Leavitt;Alec Ingold;Curtis Riley;Keisean Nixon
2019_04_OAK_IND,615,pass,0.0,77.0,77.0,LV,1.0,3102.0,77.0,3.0,6:42,6:39,,0.0,14.0,1.0,10.0,"4 DL, 3 LB, 4 DB",;;;;;;;;;;,11,7,6,MAN_COVERAGE,COVER_1,False,00-0027993;00-0034759;00-0031280;00-0035700;00-0030011;00-0023516;00-0032423;00-0035125;00-0032071;00-0031610;00-0032160,Rodney Hudson;Kolton Miller;Derek Carr;Josh Jacobs;Jordan Devey;Richie Incognito;Trevor Davis;Alec Ingold;Trent Brown;Darren Waller;Tyrell Williams,00-0028008;00-0033570;00-0031571;00-0033393;00-0033952;00-0034987;00-0035530;00-0031254;00-0035637;00-0033964;00-0035687,Justin Houston;Anthony Walker;Clayton Geathers;Kenny Moore II;Grover Stewart;E.J. Speed;Khari Willis;Denico Autry;Rock Ya-Sin;Al-Quadin Muhammad;Bobby Okereke
2019_04_OAK_IND,637,turnover,0.0,77.0,77.0,LV,1.0,3099.0,77.0,3.0,6:39,6:36,,0.0,14.0,2.0,10.0,"4 DL, 2 LB, 5 DB",;;;;;;;;;;,11,6,,,,,00-0034759;00-0027993;00-0030011;00-0031280;00-0032160;00-0031610;00-0023516;00-0032071;00-0032423;00-0034983;00-0035700,Kolton Miller;Rodney Hudson;Jordan Devey;Derek Carr;Tyrell Williams;Darren Waller;Richie Incognito;Trent Brown;Trevor Davis;Hunter Renfrow;Josh Jacobs,00-0035687;00-0033393;00-0035637;00-0033570;00-0031254;00-0033964;00-0031571;00-0035530;00-0028008;00-0033544;00-0033952,Bobby Okereke;Kenny Moore II;Rock Ya-Sin;Anthony Walker;Denico Autry;Al-Quadin Muhammad;Clayton Geathers;Khari Willis;Justin Houston;Quincy Wilson;Grover Stewart
2019_04_OAK_IND,669,run,18.0,22.0,4.0,IND,1.0,3096.0,22.0,31.0,6:36,6:05,,0.0,14.0,1.0,10.0,"4 DL, 2 LB, 5 DB",;;;;;;;;;;,11,8,,,,,00-0027960;00-0034836;00-0033951;00-0032383;00-0034342;00-0031581;00-0033217;00-0035639;00-0033251;00-0033119;00-0034406,Anthony Castonzo;Braden Smith;Marlon Mack;Ryan Kelly;Quenton Nelson;Mark Glowinski;Mo Alie-Cox;Parris Campbell;Zach Pascal;Jacoby Brissett;Deon Cain,00-0031389;00-0030883;00-0032891;00-0028912;00-0032888;00-0033882;00-0035692;00-0030063;00-0032320;00-0029212;00-0027956,Lamarcus Joyner;Josh Mauro;Daryl Worley;Vontaze Burfict;Karl Joseph;Gareon Conley;Clelin Ferrell;Johnathan Hankins;Erik Harris;Tahir Whitehead;Corey Liuget
2019_04_OAK_IND,695,run,-1.0,4.0,5.0,IND,1.0,3065.0,4.0,37.0,6:05,5:28,,0.0,14.0,1.0,4.0,"4 DL, 2 LB, 5 DB",;;;;;;;;;;,11,7,,,,,00-0027960;00-0032355;00-0034836;00-0033951;00-0030181;00-0032383;00-0034342;00-0031581;00-0033251;00-0033119;00-0034406,Anthony Castonzo;Chester Rogers;Braden Smith;Marlon Mack;Jack Doyle;Ryan Kelly;Quenton Nelson;Mark Glowinski;Zach Pascal;Jacoby Brissett;Deon Cain,00-0031389;00-0030883;00-0032891;00-0028912;00-0032888;00-0033882;00-0035692;00-0030063;00-0032320;00-0029212;00-0027956,Lamarcus Joyner;Josh Mauro;Daryl Worley;Vontaze Burfict;Karl Joseph;Gareon Conley;Clelin Ferrell;Johnathan Hankins;Erik Harris;Tahir Whitehead;Corey Liuget
2019_04_OAK_IND,716,pass,5.0,5.0,0.0,IND,1.0,3028.0,5.0,6.0,5:28,5:22,,6.0,14.0,2.0,5.0,"4 DL, 2 LB, 5 DB",;;;;;;;;;;,11,8,3,MAN_COVERAGE,COVER_1,False,00-0027960;00-0034836;00-0032355;00-0033951;00-0030181;00-0032383;00-0034342;00-0031581;00-0035639;00-0033251;00-0033119,Anthony Castonzo;Braden Smith;Chester Rogers;Marlon Mack;Jack Doyle;Ryan Kelly;Quenton Nelson;Mark Glowinski;Parris Campbell;Zach Pascal;Jacoby Brissett,00-0031389;00-0030883;00-0032891;00-0028912;00-0032888;00-0033882;00-0035692;00-0030063;00-0032320;00-0029212;00-0027956,Lamarcus Joyner;Josh Mauro;Daryl Worley;Vontaze Burfict;Karl Joseph;Gareon Conley;Clelin Ferrell;Johnathan Hankins;Erik Harris;Tahir Whitehead;Corey Liuget
2019_04_OAK_IND,741,extra_point,0.0,15.0,15.0,IND,1.0,3022.0,15.0,0.0,5:22,5:22,,7.0,14.0,,0.0,,;;;;;;;;;;,11,,,,,,00-0027960;00-0030449;00-0033952;00-0016919;00-0034836;00-0032419;00-0034342;00-0033269;00-0031581;00-0033217;00-0032753,Anthony Castonzo;Margus Hunt;Grover Stewart;Adam Vinatieri;Braden Smith;Joe Haeg;Quenton Nelson;Rigoberto Sanchez;Mark Glowinski;Mo Alie-Cox;Luke Rhodes,00-0034973;00-0032891;00-0028912;00-0029647;00-0032888;00-0034746;00-0035692;00-0030063;00-0032320;00-0029212;00-0035133,Maxx Crosby;Daryl Worley;Vontaze Burfict;Kyle Wilber;Karl Joseph;Maurice Hurst;Clelin Ferrell;Johnathan Hankins;Erik Harris;Tahir Whitehead;Keisean Nixon
2019_04_OAK_IND,757,kickoff,0.0,35.0,35.0,LV,1.0,3022.0,35.0,5.0,5:22,5:17,,7.0,14.0,,0.0,,;;;;;;;;;;,11,,,,,,00-0034400;00-0035534;00-0034431;00-0034091;00-0034987;00-0035637;00-0035021;00-0032830;00-0033269;00-0034424;00-0033251,Jordan Wilkins;Marvell Tell;Zaire Franklin;George Odum;E.J. Speed;Rock Ya-Sin;Ashton Dulin;Rolan Milligan;Rigoberto Sanchez;Matthew Adams;Zach Pascal,00-0029119;00-0029647;00-0033445;00-0034981;00-0032940;00-0032423;00-0034726;00-0035419;00-0035125;00-0032042;00-0035133,Derek Carrier;Kyle Wilber;Nicholas Morrow;Foster Moreau;DeAndre Washington;Trevor Davis;Dallin Leavitt;Justin Phillips;Alec Ingold;Curtis Riley;Keisean Nixon
2019_04_OAK_IND,781,run,8.0,76.0,68.0,LV,1.0,3017.0,76.0,33.0,5:17,4:44,,7.0,14.0,1.0,10.0,"4 DL, 3 LB, 4 DB",;;;;;;;;;;,11,7,,,,,00-0027993;00-0034981;00-0034759;00-0031280;00-0035700;00-0030011;00-0023516;00-0035125;00-0032071;00-0031610;00-0032160,Rodney Hudson;Foster Moreau;Kolton Miller;Derek Carr;Josh Jacobs;Jordan Devey;Richie Incognito;Alec Ingold;Trent Brown;Darren Waller;Tyrell Williams,00-0028008;00-0033570;00-0031571;00-0033393;00-0033952;00-0034987;00-0035530;00-0031254;00-0035637;00-0033964;00-0035687,Justin Houston;Anthony Walker;Clayton Geathers;Kenny Moore II;Grover Stewart;E.J. Speed;Khari Willis;Denico Autry;Rock Ya-Sin;Al-Quadin Muhammad;Bobby Okereke
2019_04_OAK_IND,802,pass,0.0,68.0,68.0,LV,1.0,2984.0,68.0,6.0,4:44,4:38,,7.0,14.0,2.0,2.0,"4 DL, 3 LB, 4 DB",;;;;;;;;;;,11,7,4,ZONE_COVERAGE,COVER_3,True,00-0027993;00-0034759;00-0031280;00-0035700;00-0030011;00-0023516;00-0032423;00-0035125;00-0032071;00-0031610;00-0032160,Rodney Hudson;Kolton Miller;Derek Carr;Josh Jacobs;Jordan Devey;Richie Incognito;Trevor Davis;Alec Ingold;Trent Brown;Darren Waller;Tyrell Williams,00-0028008;00-0033570;00-0031571;00-0033393;00-0033952;00-0034987;00-0035530;00-0031254;00-0035637;00-0033964;00-0035687,Justin Houston;Anthony Walker;Clayton Geathers;Kenny Moore II;Grover Stewart;E.J. Speed;Khari Willis;Denico Autry;Rock Ya-Sin;Al-Quadin Muhammad;Bobby Okereke
2019_04_OAK_IND,824,run,3.0,68.0,65.0,LV,1.0,2978.0,68.0,39.0,4:38,3:59,,7.0,14.0,3.0,2.0,"3 DL, 2 LB, 6 DB",;;;;;;;;;;,11,5,,,,,00-0027993;00-0034759;00-0031280;00-0030011;00-0023516;00-0033025;00-0032423;00-0032071;00-0031610;00-0032160;00-0034983,Rodney Hudson;Kolton Miller;Derek Carr;Jordan Devey;Richie Incognito;Jalen Richard;Trevor Davis;Trent Brown;Darren Waller;Tyrell Williams;Hunter Renfrow,00-0028008;00-0031571;00-0033570;00-0033393;00-0034091;00-0035530;00-0034354;00-0033544;00-0031254;00-0035637;00-0035687,Justin Houston;Clayton Geathers;Anthony Walker;Kenny Moore II;George Odum;Khari Willis;Kemoko Turay;Quincy Wilson;Denico Autry;Rock Ya-Sin;Bobby Okereke
2019_04_OAK_IND,845,pass,-1.0,65.0,66.0,LV,1.0,2939.0,65.0,39.0,3:59,3:20,,7.0,14.0,1.0,10.0,"4 DL, 3 LB, 4 DB",;;;;;;;;;;,11,6,3,ZONE_COVERAGE,COVER_3,False,00-0027993;00-0034981;00-0034759;00-0031280;00-0035700;00-0030011;00-0023516;00-0032423;00-0035125;00-0032071;00-0032160,Rodney Hudson;Foster Moreau;Kolton Miller;Derek Carr;Josh Jacobs;Jordan Devey;Richie Incognito;Trevor Davis;Alec Ingold;Trent Brown;Tyrell Williams,00-0028008;00-0033570;00-0031571;00-0033393;00-0033952;00-0034987;00-0035530;00-0031254;00-0035637;00-0033964;00-0035687,Justin Houston;Anthony Walker;Clayton Geathers;Kenny Moore II;Grover Stewart;E.J. Speed;Khari Willis;Denico Autry;Rock Ya-Sin;Al-Quadin Muhammad;Bobby Okereke
2019_04_OAK_IND,869,pass,17.0,66.0,49.0,LV,1.0,2900.0,66.0,37.0,3:20,2:43,,7.0,14.0,2.0,11.0,"4 DL, 2 LB, 5 DB",;;;;;;;;;;,11,5,4,ZONE_COVERAGE,COVER_2,False,00-0027993;00-0034759;00-0031280;00-0030011;00-0023516;00-0033025;00-0032423;00-0032071;00-0031610;00-0032160;00-0034983,Rodney Hudson;Kolton Miller;Derek Carr;Jordan Devey;Richie Incognito;Jalen Richard;Trevor Davis;Trent Brown;Darren Waller;Tyrell Williams;Hunter Renfrow,00-0028008;00-0033570;00-0031571;00-0033393;00-0033952;00-0035530;00-0033544;00-0031254;00-0035637;00-0033964;00-0035687,Justin Houston;Anthony Walker;Clayton Geathers;Kenny Moore II;Grover Stewart;Khari Willis;Quincy Wilson;Denico Autry;Rock Ya-Sin;Al-Quadin Muhammad;Bobby Okereke
2019_04_OAK_IND,893,run,13.0,49.0,36.0,LV,1.0,2863.0,49.0,41.0,2:43,2:02,,7.0,14.0,1.0,10.0,"4 DL, 2 LB, 5 DB",;;;;;;;;;;,11,6,,,,,00-0027993;00-0034759;00-0031280;00-0030011;00-0023516;00-0033025;00-0032423;00-0032071;00-0031610;00-0032160;00-0034983,Rodney Hudson;Kolton Miller;Derek Carr;Jordan Devey;Richie Incognito;Jalen Richard;Trevor Davis;Trent Brown;Darren Waller;Tyrell Williams;Hunter Renfrow,00-0033570;00-0031571;00-0033393;00-0030449;00-0033952;00-0035530;00-0033544;00-0035637;00-0033964;00-0035687;00-0027975,Anthony Walker;Clayton Geathers;Kenny Moore II;Margus Hunt;Grover Stewart;Khari Willis;Quincy Wilson;Rock Ya-Sin;Al-Quadin Muhammad;Bobby Okereke;Jabaal Sheard
2019_04_OAK_IND,914,run,0.0,36.0,36.0,LV,1.0,2822.0,36.0,47.0,2:02,1:15,,7.0,14.0,1.0,10.0,"4 DL, 3 LB, 4 DB",;;;;;;;;;;,11,7,,,,,00-0027993;00-0034981;00-0034759;00-0031280;00-0030011;00-0023516;00-0033025;00-0032423;00-0035125;00-0032071;00-0032160,Rodney Hudson;Foster Moreau;Kolton Miller;Derek Carr;Jordan Devey;Richie Incognito;Jalen Richard;Trevor Davis;Alec Ingold;Trent Brown;Tyrell Williams,00-0033570;00-0031571;00-0033393;00-0030449;00-0033952;00-0034987;00-0035530;00-0035637;00-0033964;00-0035687;00-0027975,Anthony Walker;Clayton Geathers;Kenny Moore II;Margus Hunt;Grover Stewart;E.J. Speed;Khari Willis;Rock Ya-Sin;Al-Quadin Muhammad;Bobby Okereke;Jabaal Sheard
2019_04_OAK_IND,935,pass,15.0,36.0,21.0,LV,1.0,2775.0,36.0,33.0,1:15,0:42,,7.0,14.0,2.0,10.0,"4 DL, 2 LB, 5 DB",;;;;;;;;;;,11,7,4,ZONE_COVERAGE,COVER_3,False,00-0027993;00-0034981;00-0034759;00-0031280;00-0035700;00-0030011;00-0023516;00-0032423;00-0032071;00-0031610;00-0032160,Rodney Hudson;Foster Moreau;Kolton Miller;Derek Carr;Josh Jacobs;Jordan Devey;Richie Incognito;Trevor Davis;Trent Brown;Darren Waller;Tyrell Williams,00-0033570;00-0031571;00-0033393;00-0030449;00-0033952;00-0035530;00-0033544;00-0035637;00-0033964;00-0035687;00-0027975,Anthony Walker;Clayton Geathers;Kenny Moore II;Margus Hunt;Grover Stewart;Khari Willis;Quincy Wilson;Rock Ya-Sin;Al-Quadin Muhammad;Bobby Okereke;Jabaal Sheard
2019_04_OAK_IND,964,run,3.0,21.0,18.0,LV,1.0,2742.0,21.0,42.0,0:42,0:00,,7.0,14.0,1.0,10.0,"4 DL, 3 LB, 4 DB",;;;;;;;;;;,11,7,,,,,00-0027993;00-0034759;00-0031280;00-0035700;00-0030011;00-0023516;00-0032423;00-0035125;00-0032071;00-0031610;00-0032160,Rodney Hudson;Kolton Miller;Derek Carr;Josh Jacobs;Jordan Devey;Richie Incognito;Trevor Davis;Alec Ingold;Trent Brown;Darren Waller;Tyrell Williams,00-0031571;00-0033570;00-0033393;00-0030449;00-0033952;00-0034987;00-0035530;00-0035637;00-0034969;00-0035687;00-0027975,Clayton Geathers;Anthony Walker;Kenny Moore II;Margus Hunt;Grover Stewart;E.J. Speed;Khari Willis;Rock Ya-Sin;Ben Banogu;Bobby Okereke;Jabaal Sheard
2019_04_OAK_IND,985,start_quarter_2,,,,LV,1.0,2700.0,,0.0,0:00,0:00,,7.0,14.0,,0.0,,,0,,,,,,,,,
2019_04_OAK_IND,1002,pass,-1.0,18.0,19.0,LV,2.0,2700.0,18.0,42.0,15:00,14:18,,7.0,14.0,2.0,7.0,"4 DL, 3 LB, 4 DB",;;;;;;;;;;,11,6,4,ZONE_COVERAGE,COVER_4,False,00-0027993;00-0029119;00-0034981;00-0034759;00-0031280;00-0035700;00-0030011;00-0023516;00-0032071;00-0031610;00-0032160,Rodney Hudson;Derek Carrier;Foster Moreau;Kolton Miller;Derek Carr;Josh Jacobs;Jordan Devey;Richie Incognito;Trent Brown;Darren Waller;Tyrell Williams,00-0028008;00-0031571;00-0033570;00-0033393;00-0033952;00-0034987;00-0035530;00-0031254;00-0035637;00-0033964;00-0035687,Justin Houston;Clayton Geathers;Anthony Walker;Kenny Moore II;Grover Stewart;E.J. Speed;Khari Willis;Denico Autry;Rock Ya-Sin;Al-Quadin Muhammad;Bobby Okereke
2019_04_OAK_IND,1026,timeout,0.0,,,,2.0,2658.0,,0.0,14:18,14:18,LV,7.0,14.0,,0.0,,,0,,,,,,,,,
2019_04_OAK_IND,1043,pass,19.0,19.0,0.0,LV,2.0,2658.0,19.0,5.0,14:18,14:13,,7.0,20.0,3.0,8.0,"4 DL, 1 LB, 6 DB",;;;;;;;;;;,11,6,4,ZONE_COVERAGE,COVER_4,False,00-0027993;00-0034759;00-0031280;00-0032940;00-0030011;00-0023516;00-0032423;00-0032071;00-0031610;00-0032160;00-0034983,Rodney Hudson;Kolton Miller;Derek Carr;DeAndre Washington;Jordan Devey;Richie Incognito;Trevor Davis;Trent Brown;Darren Waller;Tyrell Williams;Hunter Renfrow,00-0028008;00-0031571;00-0033570;00-0033393;00-0034091;00-0035530;00-0033544;00-0034354;00-0031254;00-0035637;00-0027975,Justin Houston;Clayton Geathers;Anthony Walker;Kenny Moore II;George Odum;Khari Willis;Quincy Wilson;Kemoko Turay;Denico Autry;Rock Ya-Sin;Jabaal Sheard
2019_04_OAK_IND,1068,extra_point,0.0,15.0,15.0,LV,2.0,2653.0,15.0,0.0,14:13,14:13,,7.0,21.0,,0.0,,;;;;;;;;;;,11,,,,,,00-0035190;00-0034161;00-0033946;00-0029119;00-0034981;00-0034759;00-0030011;00-0023516;00-0031632;00-0032071;00-0034198,AJ Cole;Daniel Carlson;David Sharpe;Derek Carrier;Foster Moreau;Kolton Miller;Jordan Devey;Richie Incognito;Denzelle Good;Trent Brown;Trent Sieg,00-0034431;00-0033570;00-0033393;00-0030449;00-0033952;00-0034091;00-0034354;00-0031254;00-0035637;00-0032830;00-0034424,Zaire Franklin;Anthony Walker;Kenny Moore II;Margus Hunt;Grover Stewart;George Odum;Kemoko Turay;Denico Autry;Rock Ya-Sin;Rolan Milligan;Matthew Adams
2019_04_OAK_IND,1084,kickoff,0.0,35.0,35.0,IND,2.0,2653.0,35.0,0.0,14:13,14:13,,7.0,21.0,,0.0,,;;;;;;;;;;,11,,,,,,00-0034161;00-0029119;00-0029647;00-0032888;00-0033445;00-0035695;00-0032320;00-0034726;00-0035419;00-0032042;00-0035133,Daniel Carlson;Derek Carrier;Kyle Wilber;Karl Joseph;Nicholas Morrow;Trayvon Mullen;Erik Harris;Dallin Leavitt;Justin Phillips;Curtis Riley;Keisean Nixon,00-0034400;00-0034431;00-0034987;00-0034091;00-0035530;00-0033544;00-0032830;00-0033217;00-0035687;00-0035639;00-0034424,Jordan Wilkins;Zaire Franklin;E.J. Speed;George Odum;Khari Willis;Quincy Wilson;Rolan Milligan;Mo Alie-Cox;Bobby Okereke;Parris Campbell;Matthew Adams
2019_04_OAK_IND,1108,pass,0.0,75.0,75.0,IND,2.0,2653.0,75.0,9.0,14:13,14:04,,7.0,21.0,1.0,10.0,"4 DL, 2 LB, 5 DB",;;;;;;;;;;,11,5,4,ZONE_COVERAGE,COVER_6,False,00-0027960;00-0032355;00-0034836;00-0033951;00-0030181;00-0032383;00-0034342;00-0031581;00-0035639;00-0033119;00-0034406,Anthony Castonzo;Chester Rogers;Braden Smith;Marlon Mack;Jack Doyle;Ryan Kelly;Quenton Nelson;Mark Glowinski;Parris Campbell;Jacoby Brissett;Deon Cain,00-0031389;00-0030883;00-0032891;00-0028912;00-0032888;00-0033882;00-0035692;00-0030063;00-0032320;00-0034262;00-0029212,Lamarcus Joyner;Josh Mauro;Daryl Worley;Vontaze Burfict;Karl Joseph;Gareon Conley;Clelin Ferrell;Johnathan Hankins;Erik Harris;P.J. Hall;Tahir Whitehead
2019_04_OAK_IND,1130,run,6.0,75.0,69.0,IND,2.0,2644.0,75.0,40.0,14:04,13:24,,7.0,21.0,2.0,10.0,"4 DL, 2 LB, 5 DB",;;;;;;;;;;,11,6,,,,,00-0027960;00-0032355;00-0034836;00-0033951;00-0030181;00-0032383;00-0034342;00-0031581;00-0033251;00-0033119;00-0034406,Anthony Castonzo;Chester Rogers;Braden Smith;Marlon Mack;Jack Doyle;Ryan Kelly;Quenton Nelson;Mark Glowinski;Zach Pascal;Jacoby Brissett;Deon Cain,00-0031389;00-0030883;00-0032891;00-0028912;00-0032888;00-0033882;00-0035692;00-0030063;00-0032320;00-0034262;00-0029212,Lamarcus Joyner;Josh Mauro;Daryl Worley;Vontaze Burfict;Karl Joseph;Gareon Conley;Clelin Ferrell;Johnathan Hankins;Erik Harris;P.J. Hall;Tahir Whitehead
2019_04_OAK_IND,1151,run,9.0,69.0,60.0,IND,2.0,2604.0,69.0,39.0,13:24,12:45,,7.0,21.0,3.0,4.0,"4 DL, 2 LB, 5 DB",;;;;;;;;;;,11,4,4,,,,00-0034367;00-0027960;00-0032355;00-0034836;00-0031387;00-0032383;00-0034342;00-0031581;00-0035639;00-0033119;00-0034406,Nyheim Hines;Anthony Castonzo;Chester Rogers;Braden Smith;Eric Ebron;Ryan Kelly;Quenton Nelson;Mark Glowinski;Parris Campbell;Jacoby Brissett;Deon Cain,00-0034973;00-0031389;00-0032891;00-0028912;00-0032888;00-0033882;00-0033445;00-0034746;00-0034825;00-0035692;00-0032320,Maxx Crosby;Lamarcus Joyner;Daryl Worley;Vontaze Burfict;Karl Joseph;Gareon Conley;Nicholas Morrow;Maurice Hurst;Arden Key;Clelin Ferrell;Erik Harris
2019_04_OAK_IND,1172,pass,0.0,60.0,60.0,IND,2.0,2565.0,60.0,5.0,12:45,12:40,,7.0,21.0,1.0,10.0,"4 DL, 2 LB, 5 DB",;;;;;;;;;;,11,5,4,ZONE_COVERAGE,COVER_2,False,00-0030181;00-0027960;00-0032383;00-0031581;00-0033251;00-0034406;00-0031387;00-0033119;00-0034836;00-0034342;00-0033951,Jack Doyle;Anthony Castonzo;Ryan Kelly;Mark Glowinski;Zach Pascal;Deon Cain;Eric Ebron;Jacoby Brissett;Braden Smith;Quenton Nelson;Marlon Mack,00-0033882;00-0032320;00-0032891;00-0032888;00-0028912;00-0035692;00-0029212;00-0034262;00-0031389;00-0030883;00-0030063,Gareon Conley;Erik Harris;Daryl Worley;Karl Joseph;Vontaze Burfict;Clelin Ferrell;Tahir Whitehead;P.J. Hall;Lamarcus Joyner;Josh Mauro;Johnathan Hankins
2019_04_OAK_IND,1194,run,7.0,60.0,53.0,IND,2.0,2560.0,60.0,33.0,12:40,12:07,,7.0,21.0,2.0,10.0,"4 DL, 2 LB, 5 DB",;;;;;;;;;;,11,6,,,,,00-0027960;00-0032355;00-0034836;00-0033951;00-0030181;00-0032383;00-0034342;00-0031581;00-0035639;00-0033119;00-0034406,Anthony Castonzo;Chester Rogers;Braden Smith;Marlon Mack;Jack Doyle;Ryan Kelly;Quenton Nelson;Mark Glowinski;Parris Campbell;Jacoby Brissett;Deon Cain,00-0034973;00-0031389;00-0032891;00-0028912;00-0032888;00-0033882;00-0034746;00-0035692;00-0032320;00-0034262;00-0029212,Maxx Crosby;Lamarcus Joyner;Daryl Worley;Vontaze Burfict;Karl Joseph;Gareon Conley;Maurice Hurst;Clelin Ferrell;Erik Harris;P.J. Hall;Tahir Whitehead
2019_04_OAK_IND,1220,no_play,,53.0,,IND,2.0,2527.0,53.0,25.0,12:07,11:42,,7.0,21.0,3.0,3.0,"4 DL, 2 LB, 5 DB",;;;;;;;;;;,11,7,,,,,00-0034400;00-0027960;00-0034836;00-0032355;00-0031387;00-0032383;00-0034342;00-0031581;00-0035639;00-0033251;00-0033119,Jordan Wilkins;Anthony Castonzo;Braden Smith;Chester Rogers;Eric Ebron;Ryan Kelly;Quenton Nelson;Mark Glowinski;Parris Campbell;Zach Pascal;Jacoby Brissett,00-0034973;00-0031389;00-0032891;00-0028912;00-0032888;00-0033882;00-0033445;00-0034746;00-0035692;00-0032320;00-0034262,Maxx Crosby;Lamarcus Joyner;Daryl Worley;Vontaze Burfict;Karl Joseph;Gareon Conley;Nicholas Morrow;Maurice Hurst;Clelin Ferrell;Erik Harris;P.J. Hall
2019_04_OAK_IND,1252,pass,5.0,53.0,48.0,IND,2.0,2502.0,53.0,29.0,11:42,11:13,,7.0,21.0,3.0,3.0,"4 DL, 2 LB, 5 DB",;;;;;;;;;;,11,4,4,ZONE_COVERAGE,COVER_2,False,00-0030181;00-0035639;00-0032355;00-0027960;00-0032383;00-0031581;00-0034406;00-0033119;00-0034836;00-0034342;00-0034367,Jack Doyle;Parris Campbell;Chester Rogers;Anthony Castonzo;Ryan Kelly;Mark Glowinski;Deon Cain;Jacoby Brissett;Braden Smith;Quenton Nelson;Nyheim Hines,00-0033445;00-0034746;00-0033882;00-0032320;00-0032891;00-0032888;00-0028912;00-0035692;00-0034262;00-0034973;00-0031389,Nicholas Morrow;Maurice Hurst;Gareon Conley;Erik Harris;Daryl Worley;Karl Joseph;Vontaze Burfict;Clelin Ferrell;P.J. Hall;Maxx Crosby;Lamarcus Joyner
2019_04_OAK_IND,1287,run,14.0,33.0,19.0,IND,2.0,2473.0,33.0,37.0,11:13,10:36,,7.0,21.0,1.0,10.0,"4 DL, 3 LB, 4 DB",;;;;;;;;;;,11,7,,,,,00-0027960;00-0034836;00-0033951;00-0031387;00-0030181;00-0032383;00-0035021;00-0034342;00-0031581;00-0033217;00-0033119,Anthony Castonzo;Braden Smith;Marlon Mack;Eric Ebron;Jack Doyle;Ryan Kelly;Ashton Dulin;Quenton Nelson;Mark Glowinski;Mo Alie-Cox;Jacoby Brissett,00-0030883;00-0032891;00-0029647;00-0032888;00-0033882;00-0033445;00-0035692;00-0030063;00-0032320;00-0029212;00-0027956,Josh Mauro;Daryl Worley;Kyle Wilber;Karl Joseph;Gareon Conley;Nicholas Morrow;Clelin Ferrell;Johnathan Hankins;Erik Harris;Tahir Whitehead;Corey Liuget
2019_04_OAK_IND,1348,no_play,,19.0,,IND,2.0,2436.0,19.0,21.0,10:36,10:15,,7.0,21.0,1.0,10.0,"4 DL, 2 LB, 5 DB",;;;;;;;;;;,11,6,,,,,00-0027960;00-0034836;00-0033951;00-0031387;00-0030181;00-0032383;00-0034342;00-0031581;00-0035639;00-0033119;00-0034406,Anthony Castonzo;Braden Smith;Marlon Mack;Eric Ebron;Jack Doyle;Ryan Kelly;Quenton Nelson;Mark Glowinski;Parris Campbell;Jacoby Brissett;Deon Cain,00-0031389;00-0030883;00-0032891;00-0032888;00-0033882;00-0033445;00-0035692;00-0030063;00-0032320;00-0029212;00-0027956,Lamarcus Joyner;Josh Mauro;Daryl Worley;Karl Joseph;Gareon Conley;Nicholas Morrow;Clelin Ferrell;Johnathan Hankins;Erik Harris;Tahir Whitehead;Corey Liuget
2019_04_OAK_IND,1389,run,6.0,19.0,13.0,IND,2.0,2415.0,19.0,17.0,10:15,9:58,,7.0,21.0,1.0,10.0,"4 DL, 2 LB, 5 DB",;;;;;;;;;;,11,6,,,,,00-0034400;00-0027960;00-0034836;00-0032355;00-0030181;00-0032383;00-0034342;00-0031581;00-0035639;00-0033119;00-0034406,Jordan Wilkins;Anthony Castonzo;Braden Smith;Chester Rogers;Jack Doyle;Ryan Kelly;Quenton Nelson;Mark Glowinski;Parris Campbell;Jacoby Brissett;Deon Cain,00-0034973;00-0031389;00-0032891;00-0032888;00-0033882;00-0033445;00-0035692;00-0030063;00-0032320;00-0029212;00-0027956,Maxx Crosby;Lamarcus Joyner;Daryl Worley;Karl Joseph;Gareon Conley;Nicholas Morrow;Clelin Ferrell;Johnathan Hankins;Erik Harris;Tahir Whitehead;Corey Liuget
2019_04_OAK_IND,1415,no_play,0.0,13.0,13.0,IND,2.0,2398.0,13.0,18.0,9:58,9:40,,7.0,21.0,2.0,4.0,"4 DL, 2 LB, 5 DB",;;;;;;;;;;,11,7,,,,,00-0034400;00-0027960;00-0032355;00-0034836;00-0030181;00-0032383;00-0034342;00-0031581;00-0035639;00-0033119;00-0034406,Jordan Wilkins;Anthony Castonzo;Chester Rogers;Braden Smith;Jack Doyle;Ryan Kelly;Quenton Nelson;Mark Glowinski;Parris Campbell;Jacoby Brissett;Deon Cain,00-0034973;00-0031389;00-0032891;00-0032888;00-0033882;00-0033445;00-0035692;00-0030063;00-0032320;00-0029212;00-0027956,Maxx Crosby;Lamarcus Joyner;Daryl Worley;Karl Joseph;Gareon Conley;Nicholas Morrow;Clelin Ferrell;Johnathan Hankins;Erik Harris;Tahir Whitehead;Corey Liuget
2019_04_OAK_IND,1452,pass,2.0,8.0,6.0,IND,2.0,2380.0,8.0,39.0,9:40,9:01,,7.0,21.0,1.0,8.0,"4 DL, 2 LB, 5 DB",;;;;;;;;;;,11,6,4,ZONE_COVERAGE,COVER_4,False,00-0027960;00-0034836;00-0031387;00-0033951;00-0032383;00-0034342;00-0031581;00-0035639;00-0033251;00-0033119;00-0034406,Anthony Castonzo;Braden Smith;Eric Ebron;Marlon Mack;Ryan Kelly;Quenton Nelson;Mark Glowinski;Parris Campbell;Zach Pascal;Jacoby Brissett;Deon Cain,00-0034973;00-0031389;00-0032891;00-0032888;00-0033882;00-0033445;00-0034746;00-0035692;00-0032320;00-0034262;00-0029212,Maxx Crosby;Lamarcus Joyner;Daryl Worley;Karl Joseph;Gareon Conley;Nicholas Morrow;Maurice Hurst;Clelin Ferrell;Erik Harris;P.J. Hall;Tahir Whitehead
2019_04_OAK_IND,1476,run,-4.0,6.0,10.0,IND,2.0,2341.0,6.0,43.0,9:01,8:18,,7.0,21.0,2.0,6.0,"4 DL, 2 LB, 5 DB",;;;;;;;;;;,11,8,,,,,00-0027960;00-0034836;00-0033951;00-0032383;00-0034342;00-0031581;00-0033217;00-0035639;00-0033251;00-0033119;00-0034406,Anthony Castonzo;Braden Smith;Marlon Mack;Ryan Kelly;Quenton Nelson;Mark Glowinski;Mo Alie-Cox;Parris Campbell;Zach Pascal;Jacoby Brissett;Deon Cain,00-0034973;00-0031389;00-0032891;00-0032888;00-0033882;00-0033445;00-0034746;00-0035692;00-0032320;00-0034262;00-0029212,Maxx Crosby;Lamarcus Joyner;Daryl Worley;Karl Joseph;Gareon Conley;Nicholas Morrow;Maurice Hurst;Clelin Ferrell;Erik Harris;P.J. Hall;Tahir Whitehead
2019_04_OAK_IND,1497,pass,2.0,10.0,8.0,IND,2.0,2298.0,10.0,41.0,8:18,7:37,,7.0,21.0,3.0,10.0,"4 DL, 2 LB, 5 DB",;;;;;;;;;;,11,5,4,ZONE_COVERAGE,COVER_4,False,00-0034367;00-0027960;00-0034836;00-0031387;00-0030181;00-0032383;00-0034342;00-0031581;00-0033251;00-0033119;00-0034406,Nyheim Hines;Anthony Castonzo;Braden Smith;Eric Ebron;Jack Doyle;Ryan Kelly;Quenton Nelson;Mark Glowinski;Zach Pascal;Jacoby Brissett;Deon Cain,00-0034973;00-0031389;00-0032891;00-0032888;00-0033882;00-0033445;00-0034746;00-0034825;00-0035692;00-0032320;00-0029212,Maxx Crosby;Lamarcus Joyner;Daryl Worley;Karl Joseph;Gareon Conley;Nicholas Morrow;Maurice Hurst;Arden Key;Clelin Ferrell;Erik Harris;Tahir Whitehead
2019_04_OAK_IND,1521,field_goal,0.0,8.0,8.0,IND,2.0,2257.0,8.0,4.0,7:37,7:33,,10.0,21.0,4.0,8.0,,;;;;;;;;;;,11,,,,,,00-0027960;00-0030449;00-0033952;00-0016919;00-0034836;00-0032419;00-0034342;00-0033269;00-0031581;00-0033217;00-0032753,Anthony Castonzo;Margus Hunt;Grover Stewart;Adam Vinatieri;Braden Smith;Joe Haeg;Quenton Nelson;Rigoberto Sanchez;Mark Glowinski;Mo Alie-Cox;Luke Rhodes,00-0034973;00-0032891;00-0029647;00-0032888;00-0033445;00-0034746;00-0035692;00-0030063;00-0032320;00-0029212;00-0035133,Maxx Crosby;Daryl Worley;Kyle Wilber;Karl Joseph;Nicholas Morrow;Maurice Hurst;Clelin Ferrell;Johnathan Hankins;Erik Harris;Tahir Whitehead;Keisean Nixon
2019_04_OAK_IND,1540,kickoff,0.0,35.0,35.0,LV,2.0,2253.0,35.0,0.0,7:33,7:33,,10.0,21.0,,0.0,,;;;;;;;;;;,11,,,,,,00-0034400;00-0035534;00-0034431;00-0034091;00-0034987;00-0035637;00-0035021;00-0032830;00-0033269;00-0034424;00-0033251,Jordan Wilkins;Marvell Tell;Zaire Franklin;George Odum;E.J. Speed;Rock Ya-Sin;Ashton Dulin;Rolan Milligan;Rigoberto Sanchez;Matthew Adams;Zach Pascal,00-0029119;00-0029647;00-0033445;00-0034981;00-0032940;00-0032423;00-0034726;00-0035419;00-0035125;00-0032042;00-0035133,Derek Carrier;Kyle Wilber;Nicholas Morrow;Foster Moreau;DeAndre Washington;Trevor Davis;Dallin Leavitt;Justin Phillips;Alec Ingold;Curtis Riley;Keisean Nixon
2019_04_OAK_IND,1564,pass,0.0,75.0,75.0,LV,2.0,2253.0,75.0,4.0,7:33,7:29,,10.0,21.0,1.0,10.0,"4 DL, 3 LB, 4 DB",;;;;;;;;;;,11,7,4,ZONE_COVERAGE,COVER_2,False,00-0027993;00-0029119;00-0034981;00-0034759;00-0031280;00-0032940;00-0030011;00-0023516;00-0032071;00-0031610;00-0032160,Rodney Hudson;Derek Carrier;Foster Moreau;Kolton Miller;Derek Carr;DeAndre Washington;Jordan Devey;Richie Incognito;Trent Brown;Darren Waller;Tyrell Williams,00-0031571;00-0033570;00-0033393;00-0030449;00-0034987;00-0035530;00-0035637;00-0034969;00-0033046;00-0035687;00-0027975,Clayton Geathers;Anthony Walker;Kenny Moore II;Margus Hunt;E.J. Speed;Khari Willis;Rock Ya-Sin;Ben Banogu;Jihad Ward;Bobby Okereke;Jabaal Sheard
2019_04_OAK_IND,1586,run,3.0,75.0,72.0,LV,2.0,2249.0,75.0,42.0,7:29,6:47,,10.0,21.0,2.0,10.0,"4 DL, 3 LB, 4 DB",;;;;;;;;;;,11,6,,,,,00-0027993;00-0034759;00-0031280;00-0032940;00-0030011;00-0023516;00-0032423;00-0035125;00-0032071;00-0031610;00-0032160,Rodney Hudson;Kolton Miller;Derek Carr;DeAndre Washington;Jordan Devey;Richie Incognito;Trevor Davis;Alec Ingold;Trent Brown;Darren Waller;Tyrell Williams,00-0033570;00-0031571;00-0033393;00-0030449;00-0034987;00-0035530;00-0035637;00-0034969;00-0033046;00-0035687;00-0027975,Anthony Walker;Clayton Geathers;Kenny Moore II;Margus Hunt;E.J. Speed;Khari Willis;Rock Ya-Sin;Ben Banogu;Jihad Ward;Bobby Okereke;Jabaal Sheard
2019_04_OAK_IND,1607,pass,0.0,72.0,72.0,LV,2.0,2207.0,72.0,6.0,6:47,6:41,,10.0,21.0,3.0,7.0,"4 DL, 1 LB, 6 DB",;;;;;;;;;;,11,6,6,ZONE_COVERAGE,COVER_3,True,00-0027993;00-0034759;00-0031280;00-0030011;00-0023516;00-0033025;00-0032423;00-0032071;00-0031610;00-0032160;00-0034983,Rodney Hudson;Kolton Miller;Derek Carr;Jordan Devey;Richie Incognito;Jalen Richard;Trevor Davis;Trent Brown;Darren Waller;Tyrell Williams;Hunter Renfrow,00-0028008;00-0033570;00-0031571;00-0031331;00-0033393;00-0034091;00-0035530;00-0034354;00-0031254;00-0035637;00-0027975,Justin Houston;Anthony Walker;Clayton Geathers;Pierre Desir;Kenny Moore II;George Odum;Khari Willis;Kemoko Turay;Denico Autry;Rock Ya-Sin;Jabaal Sheard
2019_04_OAK_IND,1629,punt,0.0,72.0,72.0,LV,2.0,2201.0,72.0,13.0,6:41,6:28,,10.0,21.0,4.0,7.0,,;;;;;;;;;;,11,,,,,,00-0034973;00-0035190;00-0029119;00-0029647;00-0033445;00-0034981;00-0032320;00-0035125;00-0032042;00-0035133;00-0034198,Maxx Crosby;AJ Cole;Derek Carrier;Kyle Wilber;Nicholas Morrow;Foster Moreau;Erik Harris;Alec Ingold;Curtis Riley;Keisean Nixon;Trent Sieg,00-0034400;00-0035534;00-0034431;00-0033393;00-0032355;00-0034091;00-0034987;00-0035637;00-0032830;00-0035021;00-0034424,Jordan Wilkins;Marvell Tell;Zaire Franklin;Kenny Moore II;Chester Rogers;George Odum;E.J. Speed;Rock Ya-Sin;Rolan Milligan;Ashton Dulin;Matthew Adams
2019_04_OAK_IND,1654,pass,27.0,65.0,38.0,IND,2.0,2188.0,65.0,33.0,6:28,5:55,,10.0,21.0,1.0,10.0,"4 DL, 2 LB, 5 DB",;;;;;;;;;;,11,7,4,ZONE_COVERAGE,COVER_3,False,00-0027960;00-0032355;00-0034836;00-0033951;00-0030181;00-0032383;00-0034342;00-0031581;00-0035639;00-0033119;00-0034406,Anthony Castonzo;Chester Rogers;Braden Smith;Marlon Mack;Jack Doyle;Ryan Kelly;Quenton Nelson;Mark Glowinski;Parris Campbell;Jacoby Brissett;Deon Cain,00-0031389;00-0030883;00-0032891;00-0032888;00-0033882;00-0033445;00-0035692;00-0030063;00-0032320;00-0034262;00-0029212,Lamarcus Joyner;Josh Mauro;Daryl Worley;Karl Joseph;Gareon Conley;Nicholas Morrow;Clelin Ferrell;Johnathan Hankins;Erik Harris;P.J. Hall;Tahir Whitehead
2019_04_OAK_IND,1683,run,3.0,38.0,35.0,IND,2.0,2155.0,38.0,42.0,5:55,5:13,,10.0,21.0,1.0,10.0,"4 DL, 2 LB, 5 DB",;;;;;;;;;;,11,7,,,,,00-0027960;00-0032355;00-0034836;00-0033951;00-0030181;00-0032383;00-0034342;00-0031581;00-0035639;00-0033119;00-0034406,Anthony Castonzo;Chester Rogers;Braden Smith;Marlon Mack;Jack Doyle;Ryan Kelly;Quenton Nelson;Mark Glowinski;Parris Campbell;Jacoby Brissett;Deon Cain,00-0031389;00-0030883;00-0032891;00-0032888;00-0033882;00-0033445;00-0035692;00-0030063;00-0032320;00-0034262;00-0029212,Lamarcus Joyner;Josh Mauro;Daryl Worley;Karl Joseph;Gareon Conley;Nicholas Morrow;Clelin Ferrell;Johnathan Hankins;Erik Harris;P.J. Hall;Tahir Whitehead
2019_04_OAK_IND,1704,run,6.0,35.0,29.0,IND,2.0,2113.0,35.0,22.0,5:13,4:51,,10.0,21.0,2.0,7.0,"4 DL, 2 LB, 5 DB",;;;;;;;;;;,11,7,,,,,00-0034400;00-0027960;00-0032355;00-0034836;00-0030181;00-0032383;00-0034342;00-0031581;00-0035639;00-0033251;00-0033119,Jordan Wilkins;Anthony Castonzo;Chester Rogers;Braden Smith;Jack Doyle;Ryan Kelly;Quenton Nelson;Mark Glowinski;Parris Campbell;Zach Pascal;Jacoby Brissett,00-0031389;00-0030883;00-0032891;00-0032888;00-0033882;00-0033445;00-0035692;00-0030063;00-0032320;00-0034262;00-0029212,Lamarcus Joyner;Josh Mauro;Daryl Worley;Karl Joseph;Gareon Conley;Nicholas Morrow;Clelin Ferrell;Johnathan Hankins;Erik Harris;P.J. Hall;Tahir Whitehead
2019_04_OAK_IND,1725,pass,8.0,29.0,21.0,IND,2.0,2091.0,29.0,38.0,4:51,4:13,,10.0,21.0,3.0,1.0,"4 DL, 2 LB, 5 DB",;;;;;;;;;;,11,7,5,ZONE_COVERAGE,COVER_4,True,00-0034400;00-0027960;00-0034836;00-0032355;00-0030181;00-0032383;00-0034342;00-0031581;00-0035639;00-0033251;00-0033119,Jordan Wilkins;Anthony Castonzo;Braden Smith;Chester Rogers;Jack Doyle;Ryan Kelly;Quenton Nelson;Mark Glowinski;Parris Campbell;Zach Pascal;Jacoby Brissett,00-0031389;00-0030883;00-0032891;00-0032888;00-0033882;00-0033445;00-0035692;00-0030063;00-0032320;00-0034262;00-0029212,Lamarcus Joyner;Josh Mauro;Daryl Worley;Karl Joseph;Gareon Conley;Nicholas Morrow;Clelin Ferrell;Johnathan Hankins;Erik Harris;P.J. Hall;Tahir Whitehead
2019_04_OAK_IND,1749,pass,0.0,21.0,21.0,IND,2.0,2053.0,21.0,6.0,4:13,4:07,,10.0,21.0,1.0,10.0,"4 DL, 2 LB, 5 DB",;;;;;;;;;;,11,5,4,ZONE_COVERAGE,COVER_6,False,00-0034400;00-0027960;00-0034836;00-0032355;00-0031387;00-0032383;00-0034342;00-0031581;00-0033251;00-0033119;00-0034406,Jordan Wilkins;Anthony Castonzo;Braden Smith;Chester Rogers;Eric Ebron;Ryan Kelly;Quenton Nelson;Mark Glowinski;Zach Pascal;Jacoby Brissett;Deon Cain,00-0031389;00-0030883;00-0032891;00-0032888;00-0033882;00-0033445;00-0034746;00-0035692;00-0032320;00-0034262;00-0029212,Lamarcus Joyner;Josh Mauro;Daryl Worley;Karl Joseph;Gareon Conley;Nicholas Morrow;Maurice Hurst;Clelin Ferrell;Erik Harris;P.J. Hall;Tahir Whitehead
2019_04_OAK_IND,1771,no_play,0.0,21.0,21.0,IND,2.0,2047.0,21.0,17.0,4:07,3:50,,10.0,21.0,2.0,10.0,"4 DL, 2 LB, 5 DB",;;;;;;;;;;,11,7,,,,,00-0027960;00-0034836;00-0032355;00-0033951;00-0030181;00-0032383;00-0034342;00-0031581;00-0035639;00-0033119;00-0034406,Anthony Castonzo;Braden Smith;Chester Rogers;Marlon Mack;Jack Doyle;Ryan Kelly;Quenton Nelson;Mark Glowinski;Parris Campbell;Jacoby Brissett;Deon Cain,00-0034973;00-0031389;00-0032891;00-0032888;00-0033882;00-0033445;00-0034746;00-0035692;00-0032320;00-0029212;00-0027956,Maxx Crosby;Lamarcus Joyner;Daryl Worley;Karl Joseph;Gareon Conley;Nicholas Morrow;Maurice Hurst;Clelin Ferrell;Erik Harris;Tahir Whitehead;Corey Liuget
2019_04_OAK_IND,1803,pass,0.0,31.0,31.0,IND,2.0,2030.0,31.0,4.0,3:50,3:46,,10.0,21.0,2.0,20.0,"4 DL, 2 LB, 5 DB",;;;;;;;;;;,11,6,3,MAN_COVERAGE,COVER_1,False,00-0027960;00-0032355;00-0034836;00-0031387;00-0033951;00-0032383;00-0034342;00-0031581;00-0035639;00-0033119;00-0034406,Anthony Castonzo;Chester Rogers;Braden Smith;Eric Ebron;Marlon Mack;Ryan Kelly;Quenton Nelson;Mark Glowinski;Parris Campbell;Jacoby Brissett;Deon Cain,00-0034973;00-0031389;00-0032891;00-0032888;00-0033882;00-0033445;00-0034746;00-0034825;00-0035692;00-0032320;00-0029212,Maxx Crosby;Lamarcus Joyner;Daryl Worley;Karl Joseph;Gareon Conley;Nicholas Morrow;Maurice Hurst;Arden Key;Clelin Ferrell;Erik Harris;Tahir Whitehead
2019_04_OAK_IND,1825,turnover,15.0,31.0,16.0,IND,2.0,2026.0,31.0,8.0,3:46,3:38,,10.0,21.0,3.0,20.0,"4 DL, 2 LB, 5 DB",;;;;;;;;;;,11,6,6,ZONE_COVERAGE,COVER_3,False,00-0030181;00-0035639;00-0032355;00-0027960;00-0032383;00-0031581;00-0033251;00-0033119;00-0034836;00-0034342;00-0033951,Jack Doyle;Parris Campbell;Chester Rogers;Anthony Castonzo;Ryan Kelly;Mark Glowinski;Zach Pascal;Jacoby Brissett;Braden Smith;Quenton Nelson;Marlon Mack,00-0033445;00-0034746;00-0032320;00-0033882;00-0032891;00-0032888;00-0035692;00-0029212;00-0034825;00-0034973;00-0031389,Nicholas Morrow;Maurice Hurst;Erik Harris;Gareon Conley;Daryl Worley;Karl Joseph;Clelin Ferrell;Tahir Whitehead;Arden Key;Maxx Crosby;Lamarcus Joyner
2019_04_OAK_IND,1865,run,-2.0,85.0,87.0,LV,2.0,2018.0,85.0,41.0,3:38,2:57,,10.0,21.0,1.0,10.0,"4 DL, 3 LB, 4 DB",;;;;;;;;;;,11,6,,,,,00-0027993;00-0034981;00-0034759;00-0031280;00-0035700;00-0030011;00-0023516;00-0032423;00-0032071;00-0031610;00-0032160,Rodney Hudson;Foster Moreau;Kolton Miller;Derek Carr;Josh Jacobs;Jordan Devey;Richie Incognito;Trevor Davis;Trent Brown;Darren Waller;Tyrell Williams,00-0028008;00-0033570;00-0031571;00-0033393;00-0033952;00-0034987;00-0035530;00-0031254;00-0035637;00-0033964;00-0035687,Justin Houston;Anthony Walker;Clayton Geathers;Kenny Moore II;Grover Stewart;E.J. Speed;Khari Willis;Denico Autry;Rock Ya-Sin;Al-Quadin Muhammad;Bobby Okereke
2019_04_OAK_IND,1886,pass,5.0,87.0,82.0,LV,2.0,1977.0,87.0,38.0,2:57,2:19,,10.0,21.0,2.0,12.0,"4 DL, 2 LB, 5 DB",;;;;;;;;;;,11,6,4,ZONE_COVERAGE,COVER_3,False,00-0027993;00-0034759;00-0031280;00-0035700;00-0030011;00-0023516;00-0032423;00-0032071;00-0031610;00-0032160;00-0034983,Rodney Hudson;Kolton Miller;Derek Carr;Josh Jacobs;Jordan Devey;Richie Incognito;Trevor Davis;Trent Brown;Darren Waller;Tyrell Williams;Hunter Renfrow,00-0028008;00-0033570;00-0031571;00-0031331;00-0033393;00-0033952;00-0035530;00-0031254;00-0035637;00-0033964;00-0035687,Justin Houston;Anthony Walker;Clayton Geathers;Pierre Desir;Kenny Moore II;Grover Stewart;Khari Willis;Denico Autry;Rock Ya-Sin;Al-Quadin Muhammad;Bobby Okereke
2019_04_OAK_IND,1910,pass,0.0,82.0,82.0,LV,2.0,1939.0,82.0,2.0,2:19,2:17,,10.0,21.0,3.0,7.0,"4 DL, 1 LB, 6 DB",;;;;;;;;;;,11,6,6,ZONE_COVERAGE,COVER_3,False,00-0027993;00-0034759;00-0031280;00-0030011;00-0023516;00-0033025;00-0032423;00-0032071;00-0031610;00-0032160;00-0034983,Rodney Hudson;Kolton Miller;Derek Carr;Jordan Devey;Richie Incognito;Jalen Richard;Trevor Davis;Trent Brown;Darren Waller;Tyrell Williams;Hunter Renfrow,00-0028008;00-0031571;00-0033570;00-0031331;00-0033393;00-0034091;00-0035530;00-0034354;00-0031254;00-0035637;00-0027975,Justin Houston;Clayton Geathers;Anthony Walker;Pierre Desir;Kenny Moore II;George Odum;Khari Willis;Kemoko Turay;Denico Autry;Rock Ya-Sin;Jabaal Sheard
2019_04_OAK_IND,1943,punt,0.0,91.0,91.0,LV,2.0,1937.0,91.0,14.0,2:17,2:03,,10.0,21.0,4.0,16.0,,;;;;;;;;;;,11,,,,,,00-0034973;00-0035190;00-0029119;00-0029647;00-0033445;00-0034981;00-0034726;00-0035125;00-0032042;00-0035133;00-0034198,Maxx Crosby;AJ Cole;Derek Carrier;Kyle Wilber;Nicholas Morrow;Foster Moreau;Dallin Leavitt;Alec Ingold;Curtis Riley;Keisean Nixon;Trent Sieg,00-0034400;00-0035534;00-0034431;00-0033393;00-0032355;00-0034091;00-0034987;00-0035637;00-0035021;00-0032830;00-0034424,Jordan Wilkins;Marvell Tell;Zaire Franklin;Kenny Moore II;Chester Rogers;George Odum;E.J. Speed;Rock Ya-Sin;Ashton Dulin;Rolan Milligan;Matthew Adams
2019_04_OAK_IND,1968,run,2.0,53.0,51.0,IND,2.0,1923.0,53.0,4.0,2:03,1:59,,10.0,21.0,1.0,10.0,"4 DL, 2 LB, 5 DB",;;;;;;;;;;,11,5,,,,,00-0034367;00-0027960;00-0034836;00-0030181;00-0032383;00-0034342;00-0031581;00-0035639;00-0033251;00-0033119;00-0034406,Nyheim Hines;Anthony Castonzo;Braden Smith;Jack Doyle;Ryan Kelly;Quenton Nelson;Mark Glowinski;Parris Campbell;Zach Pascal;Jacoby Brissett;Deon Cain,00-0031389;00-0030883;00-0032891;00-0032888;00-0033882;00-0033445;00-0034746;00-0035692;00-0030063;00-0032320;00-0029212,Lamarcus Joyner;Josh Mauro;Daryl Worley;Karl Joseph;Gareon Conley;Nicholas Morrow;Maurice Hurst;Clelin Ferrell;Johnathan Hankins;Erik Harris;Tahir Whitehead
2019_04_OAK_IND,2006,no_play,0.0,51.0,51.0,IND,2.0,1919.0,51.0,6.0,1:59,1:53,,10.0,21.0,2.0,8.0,"4 DL, 2 LB, 5 DB",;;;;;;;;;;,11,6,,,,,00-0034367;00-0027960;00-0034836;00-0032355;00-0030181;00-0032383;00-0034342;00-0031581;00-0035639;00-0033119;00-0034406,Nyheim Hines;Anthony Castonzo;Braden Smith;Chester Rogers;Jack Doyle;Ryan Kelly;Quenton Nelson;Mark Glowinski;Parris Campbell;Jacoby Brissett;Deon Cain,00-0034973;00-0031389;00-0032891;00-0032888;00-0033882;00-0033445;00-0034746;00-0034825;00-0035692;00-0032320;00-0029212,Maxx Crosby;Lamarcus Joyner;Daryl Worley;Karl Joseph;Gareon Conley;Nicholas Morrow;Maurice Hurst;Arden Key;Clelin Ferrell;Erik Harris;Tahir Whitehead
2019_04_OAK_IND,2046,pass,0.0,61.0,61.0,IND,2.0,1913.0,61.0,4.0,1:53,1:49,,10.0,21.0,2.0,18.0,"4 DL, 1 LB, 6 DB",;;;;;;;;;;,11,5,4,MAN_COVERAGE,2_MAN,False,00-0034367;00-0027960;00-0032355;00-0034836;00-0030181;00-0032383;00-0034342;00-0031581;00-0035639;00-0033119;00-0034406,Nyheim Hines;Anthony Castonzo;Chester Rogers;Braden Smith;Jack Doyle;Ryan Kelly;Quenton Nelson;Mark Glowinski;Parris Campbell;Jacoby Brissett;Deon Cain,00-0034973;00-0031389;00-0032891;00-0032888;00-0033882;00-0034746;00-0035695;00-0034825;00-0035692;00-0032320;00-0029212,Maxx Crosby;Lamarcus Joyner;Daryl Worley;Karl Joseph;Gareon Conley;Maurice Hurst;Trayvon Mullen;Arden Key;Clelin Ferrell;Erik Harris;Tahir Whitehead
2019_04_OAK_IND,2068,pass,15.0,61.0,46.0,IND,2.0,1909.0,61.0,22.0,1:49,1:27,,10.0,21.0,3.0,18.0,"4 DL, 1 LB, 6 DB",;;;;;;;;;;,11,6,4,MAN_COVERAGE,COVER_1,False,00-0034367;00-0027960;00-0032355;00-0034836;00-0030181;00-0032383;00-0034342;00-0031581;00-0033251;00-0033119;00-0034406,Nyheim Hines;Anthony Castonzo;Chester Rogers;Braden Smith;Jack Doyle;Ryan Kelly;Quenton Nelson;Mark Glowinski;Zach Pascal;Jacoby Brissett;Deon Cain,00-0034973;00-0031389;00-0032891;00-0032888;00-0033882;00-0034746;00-0035695;00-0034825;00-0035692;00-0032320;00-0029212,Maxx Crosby;Lamarcus Joyner;Daryl Worley;Karl Joseph;Gareon Conley;Maurice Hurst;Trayvon Mullen;Arden Key;Clelin Ferrell;Erik Harris;Tahir Whitehead
2019_04_OAK_IND,2092,timeout,0.0,,,,2.0,1887.0,,0.0,1:27,1:27,LV,10.0,21.0,,0.0,,,0,,,,,,,,,
2019_04_OAK_IND,2109,timeout,0.0,,,,2.0,1887.0,,0.0,1:27,1:27,IND,10.0,21.0,,0.0,,,0,,,,,,,,,
2019_04_OAK_IND,2126,pass,6.0,46.0,40.0,IND,2.0,1887.0,46.0,11.0,1:27,1:16,,10.0,21.0,4.0,3.0,"4 DL, 2 LB, 5 DB",;;;;;;;;;;,11,5,3,ZONE_COVERAGE,COVER_2,False,00-0034367;00-0027960;00-0032355;00-0034836;00-0030181;00-0032383;00-0034342;00-0031581;00-0033251;00-0033119;00-0034406,Nyheim Hines;Anthony Castonzo;Chester Rogers;Braden Smith;Jack Doyle;Ryan Kelly;Quenton Nelson;Mark Glowinski;Zach Pascal;Jacoby Brissett;Deon Cain,00-0034973;00-0031389;00-0032891;00-0032888;00-0033882;00-0033445;00-0034746;00-0034825;00-0032320;00-0029212;00-0027956,Maxx Crosby;Lamarcus Joyner;Daryl Worley;Karl Joseph;Gareon Conley;Nicholas Morrow;Maurice Hurst;Arden Key;Erik Harris;Tahir Whitehead;Corey Liuget
2019_04_OAK_IND,2161,pass,1.0,35.0,34.0,IND,2.0,1876.0,35.0,24.0,1:16,0:52,,10.0,21.0,1.0,5.0,"4 DL, 2 LB, 5 DB",;;;;;;;;;;,11,6,4,ZONE_COVERAGE,COVER_6,False,00-0034367;00-0027960;00-0032355;00-0034836;00-0031387;00-0032383;00-0034342;00-0031581;00-0033251;00-0033119;00-0034406,Nyheim Hines;Anthony Castonzo;Chester Rogers;Braden Smith;Eric Ebron;Ryan Kelly;Quenton Nelson;Mark Glowinski;Zach Pascal;Jacoby Brissett;Deon Cain,00-0031389;00-0032891;00-0032888;00-0033882;00-0033445;00-0034825;00-0035692;00-0030063;00-0032320;00-0029212;00-0027956,Lamarcus Joyner;Daryl Worley;Karl Joseph;Gareon Conley;Nicholas Morrow;Arden Key;Clelin Ferrell;Johnathan Hankins;Erik Harris;Tahir Whitehead;Corey Liuget
2019_04_OAK_IND,2185,pass,0.0,34.0,34.0,IND,2.0,1852.0,34.0,4.0,0:52,0:48,,10.0,21.0,2.0,4.0,"4 DL, 2 LB, 5 DB",;;;;;;;;;;,11,6,5,ZONE_COVERAGE,COVER_4,False,00-0034367;00-0027960;00-0034836;00-0032355;00-0031387;00-0032383;00-0034342;00-0031581;00-0033251;00-0033119;00-0034406,Nyheim Hines;Anthony Castonzo;Braden Smith;Chester Rogers;Eric Ebron;Ryan Kelly;Quenton Nelson;Mark Glowinski;Zach Pascal;Jacoby Brissett;Deon Cain,00-0031389;00-0032891;00-0032888;00-0033882;00-0033445;00-0034825;00-0035692;00-0030063;00-0032320;00-0029212;00-0027956,Lamarcus Joyner;Daryl Worley;Karl Joseph;Gareon Conley;Nicholas Morrow;Arden Key;Clelin Ferrell;Johnathan Hankins;Erik Harris;Tahir Whitehead;Corey Liuget
2019_04_OAK_IND,2207,no_play,0.0,34.0,34.0,IND,2.0,1848.0,34.0,7.0,0:48,0:41,,10.0,21.0,3.0,4.0,"4 DL, 2 LB, 5 DB",;;;;;;;;;;,11,6,,,,,00-0034367;00-0027960;00-0034836;00-0032355;00-0031387;00-0032383;00-0034342;00-0031581;00-0033251;00-0033119;00-0034406,Nyheim Hines;Anthony Castonzo;Braden Smith;Chester Rogers;Eric Ebron;Ryan Kelly;Quenton Nelson;Mark Glowinski;Zach Pascal;Jacoby Brissett;Deon Cain,00-0031389;00-0032891;00-0032888;00-0033882;00-0033445;00-0034825;00-0035692;00-0030063;00-0032320;00-0029212;00-0027956,Lamarcus Joyner;Daryl Worley;Karl Joseph;Gareon Conley;Nicholas Morrow;Arden Key;Clelin Ferrell;Johnathan Hankins;Erik Harris;Tahir Whitehead;Corey Liuget
2019_04_OAK_IND,2247,pass,0.0,39.0,39.0,IND,2.0,1841.0,39.0,4.0,0:41,0:37,,10.0,21.0,3.0,9.0,"4 DL, 1 LB, 6 DB",;;;;;;;;;;,11,6,4,MAN_COVERAGE,COVER_1,True,00-0034367;00-0027960;00-0034836;00-0032355;00-0031387;00-0032383;00-0034342;00-0031581;00-0033251;00-0033119;00-0034406,Nyheim Hines;Anthony Castonzo;Braden Smith;Chester Rogers;Eric Ebron;Ryan Kelly;Quenton Nelson;Mark Glowinski;Zach Pascal;Jacoby Brissett;Deon Cain,00-0034973;00-0031389;00-0032891;00-0032888;00-0033882;00-0035695;00-0034825;00-0030063;00-0032320;00-0034262;00-0029212,Maxx Crosby;Lamarcus Joyner;Daryl Worley;Karl Joseph;Gareon Conley;Trayvon Mullen;Arden Key;Johnathan Hankins;Erik Harris;P.J. Hall;Tahir Whitehead
2019_04_OAK_IND,2269,field_goal,0.0,39.0,39.0,IND,2.0,1837.0,39.0,5.0,0:37,0:32,,10.0,21.0,4.0,9.0,,;;;;;;;;;;,11,,,,,,00-0027960;00-0030449;00-0033952;00-0016919;00-0034836;00-0032419;00-0034342;00-0033269;00-0031581;00-0033217;00-0032753,Anthony Castonzo;Margus Hunt;Grover Stewart;Adam Vinatieri;Braden Smith;Joe Haeg;Quenton Nelson;Rigoberto Sanchez;Mark Glowinski;Mo Alie-Cox;Luke Rhodes,00-0034973;00-0032891;00-0029647;00-0032888;00-0033445;00-0034746;00-0035692;00-0030063;00-0032320;00-0029212;00-0035133,Maxx Crosby;Daryl Worley;Kyle Wilber;Karl Joseph;Nicholas Morrow;Maurice Hurst;Clelin Ferrell;Johnathan Hankins;Erik Harris;Tahir Whitehead;Keisean Nixon
2019_04_OAK_IND,2289,pass,0.0,53.0,53.0,LV,2.0,1832.0,53.0,6.0,0:32,0:26,,10.0,21.0,1.0,10.0,"4 DL, 2 LB, 5 DB",;;;;;;;;;;,11,6,4,ZONE_COVERAGE,COVER_2,False,00-0027993;00-0034981;00-0034759;00-0031280;00-0030011;00-0023516;00-0033025;00-0032423;00-0032071;00-0031610;00-0032160,Rodney Hudson;Foster Moreau;Kolton Miller;Derek Carr;Jordan Devey;Richie Incognito;Jalen Richard;Trevor Davis;Trent Brown;Darren Waller;Tyrell Williams,00-0028008;00-0031571;00-0033570;00-0031331;00-0033393;00-0033952;00-0035530;00-0031254;00-0035637;00-0033964;00-0035687,Justin Houston;Clayton Geathers;Anthony Walker;Pierre Desir;Kenny Moore II;Grover Stewart;Khari Willis;Denico Autry;Rock Ya-Sin;Al-Quadin Muhammad;Bobby Okereke
2019_04_OAK_IND,2311,pass,0.0,53.0,53.0,LV,2.0,1826.0,53.0,6.0,0:26,0:20,,10.0,21.0,2.0,10.0,"4 DL, 2 LB, 5 DB",;;;;;;;;;;,11,6,4,ZONE_COVERAGE,COVER_6,False,00-0027993;00-0034759;00-0031280;00-0030011;00-0023516;00-0033025;00-0032423;00-0032071;00-0031610;00-0032160;00-0034983,Rodney Hudson;Kolton Miller;Derek Carr;Jordan Devey;Richie Incognito;Jalen Richard;Trevor Davis;Trent Brown;Darren Waller;Tyrell Williams;Hunter Renfrow,00-0028008;00-0033570;00-0031571;00-0031331;00-0033393;00-0033952;00-0035530;00-0031254;00-0035637;00-0033964;00-0035687,Justin Houston;Anthony Walker;Clayton Geathers;Pierre Desir;Kenny Moore II;Grover Stewart;Khari Willis;Denico Autry;Rock Ya-Sin;Al-Quadin Muhammad;Bobby Okereke
2019_04_OAK_IND,2333,pass,0.0,53.0,53.0,LV,2.0,1820.0,53.0,4.0,0:20,0:16,,10.0,21.0,3.0,10.0,"4 DL, 1 LB, 6 DB",;;;;;;;;;;,11,6,6,ZONE_COVERAGE,COVER_2,False,00-0027993;00-0034759;00-0031280;00-0030011;00-0023516;00-0033025;00-0032423;00-0032071;00-0031610;00-0032160;00-0034983,Rodney Hudson;Kolton Miller;Derek Carr;Jordan Devey;Richie Incognito;Jalen Richard;Trevor Davis;Trent Brown;Darren Waller;Tyrell Williams;Hunter Renfrow,00-0028008;00-0033570;00-0031571;00-0031331;00-0033393;00-0034091;00-0035530;00-0034354;00-0031254;00-0035637;00-0027975,Justin Houston;Anthony Walker;Clayton Geathers;Pierre Desir;Kenny Moore II;George Odum;Khari Willis;Kemoko Turay;Denico Autry;Rock Ya-Sin;Jabaal Sheard
2019_04_OAK_IND,2355,punt,0.0,53.0,53.0,LV,2.0,1816.0,53.0,6.0,0:16,0:10,,10.0,21.0,4.0,10.0,,;;;;;;;;;;,11,,,,,,00-0035190;00-0034973;00-0029119;00-0029647;00-0033445;00-0034981;00-0032320;00-0035125;00-0032042;00-0035133;00-0034198,AJ Cole;Maxx Crosby;Derek Carrier;Kyle Wilber;Nicholas Morrow;Foster Moreau;Erik Harris;Alec Ingold;Curtis Riley;Keisean Nixon;Trent Sieg,00-0035534;00-0034431;00-0033393;00-0030449;00-0033952;00-0032355;00-0034091;00-0031254;00-0035637;00-0033964;00-0034424,Marvell Tell;Zaire Franklin;Kenny Moore II;Margus Hunt;Grover Stewart;Chester Rogers;George Odum;Denico Autry;Rock Ya-Sin;Al-Quadin Muhammad;Matthew Adams
2019_04_OAK_IND,2383,qb_kneel,-1.0,89.0,90.0,IND,2.0,1810.0,89.0,10.0,0:10,0:00,,10.0,21.0,1.0,10.0,"4 DL, 2 LB, 5 DB",;;;;;;;;;;,11,7,,,,,00-0034367;00-0027960;00-0034836;00-0031387;00-0030181;00-0032383;00-0034342;00-0031581;00-0033217;00-0033251;00-0033119,Nyheim Hines;Anthony Castonzo;Braden Smith;Eric Ebron;Jack Doyle;Ryan Kelly;Quenton Nelson;Mark Glowinski;Mo Alie-Cox;Zach Pascal;Jacoby Brissett,00-0034973;00-0031389;00-0032891;00-0032888;00-0033882;00-0033445;00-0034746;00-0034825;00-0035692;00-0032320;00-0029212,Maxx Crosby;Lamarcus Joyner;Daryl Worley;Karl Joseph;Gareon Conley;Nicholas Morrow;Maurice Hurst;Arden Key;Clelin Ferrell;Erik Harris;Tahir Whitehead
2019_04_OAK_IND,2404,start_quarter_3,,,,,2.0,1800.0,,0.0,0:00,0:00,,10.0,21.0,,0.0,,,0,,,,,,,,,
2019_04_OAK_IND,2422,kickoff,0.0,35.0,35.0,IND,3.0,1800.0,35.0,4.0,15:00,14:56,,10.0,21.0,,0.0,,;;;;;;;;;;,11,,,,,,00-0034161;00-0029119;00-0029647;00-0032888;00-0035695;00-0032940;00-0032320;00-0034726;00-0035419;00-0032042;00-0035133,Daniel Carlson;Derek Carrier;Kyle Wilber;Karl Joseph;Trayvon Mullen;DeAndre Washington;Erik Harris;Dallin Leavitt;Justin Phillips;Curtis Riley;Keisean Nixon,00-0034400;00-0034431;00-0034987;00-0034091;00-0035530;00-0033544;00-0032830;00-0033217;00-0035687;00-0033251;00-0034424,Jordan Wilkins;Zaire Franklin;E.J. Speed;George Odum;Khari Willis;Quincy Wilson;Rolan Milligan;Mo Alie-Cox;Bobby Okereke;Zach Pascal;Matthew Adams
2019_04_OAK_IND,2445,pass,0.0,77.0,77.0,IND,3.0,1796.0,77.0,5.0,14:56,14:51,,10.0,21.0,1.0,10.0,"4 DL, 2 LB, 5 DB",;;;;;;;;;;,11,8,4,MAN_COVERAGE,COVER_1,False,00-0027960;00-0034836;00-0033951;00-0030181;00-0032383;00-0034342;00-0031581;00-0033217;00-0033251;00-0033119;00-0034406,Anthony Castonzo;Braden Smith;Marlon Mack;Jack Doyle;Ryan Kelly;Quenton Nelson;Mark Glowinski;Mo Alie-Cox;Zach Pascal;Jacoby Brissett;Deon Cain,00-0031389;00-0030883;00-0032891;00-0032888;00-0033882;00-0033445;00-0035692;00-0030063;00-0032320;00-0034262;00-0029212,Lamarcus Joyner;Josh Mauro;Daryl Worley;Karl Joseph;Gareon Conley;Nicholas Morrow;Clelin Ferrell;Johnathan Hankins;Erik Harris;P.J. Hall;Tahir Whitehead
2019_04_OAK_IND,2467,pass,17.0,77.0,60.0,IND,3.0,1791.0,77.0,29.0,14:51,14:22,,10.0,21.0,2.0,10.0,"4 DL, 2 LB, 5 DB",;;;;;;;;;;,11,5,4,MAN_COVERAGE,COVER_1,False,00-0027960;00-0034836;00-0032355;00-0033951;00-0030181;00-0032383;00-0034342;00-0031581;00-0035639;00-0033119;00-0034406,Anthony Castonzo;Braden Smith;Chester Rogers;Marlon Mack;Jack Doyle;Ryan Kelly;Quenton Nelson;Mark Glowinski;Parris Campbell;Jacoby Brissett;Deon Cain,00-0031389;00-0030883;00-0032891;00-0032888;00-0033882;00-0033445;00-0035692;00-0030063;00-0032320;00-0034262;00-0029212,Lamarcus Joyner;Josh Mauro;Daryl Worley;Karl Joseph;Gareon Conley;Nicholas Morrow;Clelin Ferrell;Johnathan Hankins;Erik Harris;P.J. Hall;Tahir Whitehead
2019_04_OAK_IND,2491,run,-1.0,60.0,61.0,IND,3.0,1762.0,60.0,29.0,14:22,13:53,,10.0,21.0,1.0,10.0,"4 DL, 2 LB, 5 DB",;;;;;;;;;;,11,7,,,,,00-0027960;00-0034836;00-0033951;00-0030181;00-0032383;00-0034342;00-0031581;00-0035639;00-0033251;00-0033119;00-0034406,Anthony Castonzo;Braden Smith;Marlon Mack;Jack Doyle;Ryan Kelly;Quenton Nelson;Mark Glowinski;Parris Campbell;Zach Pascal;Jacoby Brissett;Deon Cain,00-0031389;00-0030883;00-0032891;00-0032888;00-0033882;00-0033445;00-0035692;00-0030063;00-0032320;00-0034262;00-0029212,Lamarcus Joyner;Josh Mauro;Daryl Worley;Karl Joseph;Gareon Conley;Nicholas Morrow;Clelin Ferrell;Johnathan Hankins;Erik Harris;P.J. Hall;Tahir Whitehead
2019_04_OAK_IND,2512,run,2.0,61.0,59.0,IND,3.0,1733.0,61.0,42.0,13:53,13:11,,10.0,21.0,2.0,11.0,"4 DL, 2 LB, 5 DB",;;;;;;;;;;,11,7,4,,,,00-0027960;00-0034836;00-0033951;00-0030181;00-0032383;00-0034342;00-0031581;00-0035639;00-0033251;00-0033119;00-0034406,Anthony Castonzo;Braden Smith;Marlon Mack;Jack Doyle;Ryan Kelly;Quenton Nelson;Mark Glowinski;Parris Campbell;Zach Pascal;Jacoby Brissett;Deon Cain,00-0034973;00-0031389;00-0032891;00-0032888;00-0033882;00-0033445;00-0035692;00-0030063;00-0032320;00-0034262;00-0029212,Maxx Crosby;Lamarcus Joyner;Daryl Worley;Karl Joseph;Gareon Conley;Nicholas Morrow;Clelin Ferrell;Johnathan Hankins;Erik Harris;P.J. Hall;Tahir Whitehead
2019_04_OAK_IND,2533,pass,3.0,59.0,56.0,IND,3.0,1691.0,59.0,37.0,13:11,12:34,,10.0,21.0,3.0,9.0,"4 DL, 2 LB, 5 DB",;;;;;;;;;;,11,5,4,MAN_COVERAGE,COVER_1,False,00-0027960;00-0034836;00-0033951;00-0031387;00-0030181;00-0032383;00-0034342;00-0031581;00-0035639;00-0033119;00-0034406,Anthony Castonzo;Braden Smith;Marlon Mack;Eric Ebron;Jack Doyle;Ryan Kelly;Quenton Nelson;Mark Glowinski;Parris Campbell;Jacoby Brissett;Deon Cain,00-0034973;00-0031389;00-0032891;00-0032888;00-0033882;00-0033445;00-0034825;00-0035692;00-0032320;00-0034262;00-0029212,Maxx Crosby;Lamarcus Joyner;Daryl Worley;Karl Joseph;Gareon Conley;Nicholas Morrow;Arden Key;Clelin Ferrell;Erik Harris;P.J. Hall;Tahir Whitehead
2019_04_OAK_IND,2557,punt,0.0,56.0,56.0,IND,3.0,1654.0,56.0,8.0,12:34,12:26,,10.0,21.0,4.0,6.0,,;;;;;;;;;;,11,,,,,,00-0034367;00-0034400;00-0034431;00-0033570;00-0031571;00-0034091;00-0035021;00-0033269;00-0035687;00-0034424;00-0032753,Nyheim Hines;Jordan Wilkins;Zaire Franklin;Anthony Walker;Clayton Geathers;George Odum;Ashton Dulin;Rigoberto Sanchez;Bobby Okereke;Matthew Adams;Luke Rhodes,00-0034973;00-0029119;00-0029647;00-0034981;00-0035695;00-0032423;00-0032320;00-0034726;00-0035125;00-0032042;00-0035133,Maxx Crosby;Derek Carrier;Kyle Wilber;Foster Moreau;Trayvon Mullen;Trevor Davis;Erik Harris;Dallin Leavitt;Alec Ingold;Curtis Riley;Keisean Nixon
2019_04_OAK_IND,2585,pass,9.0,90.0,81.0,LV,3.0,1646.0,90.0,38.0,12:26,11:48,,10.0,21.0,1.0,10.0,"4 DL, 3 LB, 4 DB",;;;;;;;;;;,11,6,4,ZONE_COVERAGE,COVER_2,False,00-0027993;00-0034981;00-0034759;00-0031280;00-0035700;00-0030011;00-0023516;00-0032423;00-0032071;00-0031610;00-0032160,Rodney Hudson;Foster Moreau;Kolton Miller;Derek Carr;Josh Jacobs;Jordan Devey;Richie Incognito;Trevor Davis;Trent Brown;Darren Waller;Tyrell Williams,00-0028008;00-0033570;00-0031571;00-0033393;00-0033952;00-0034987;00-0035530;00-0031254;00-0035637;00-0033964;00-0035687,Justin Houston;Anthony Walker;Clayton Geathers;Kenny Moore II;Grover Stewart;E.J. Speed;Khari Willis;Denico Autry;Rock Ya-Sin;Al-Quadin Muhammad;Bobby Okereke
2019_04_OAK_IND,2609,run,10.0,81.0,71.0,LV,3.0,1608.0,81.0,33.0,11:48,11:15,,10.0,21.0,2.0,1.0,"4 DL, 3 LB, 4 DB",;;;;;;;;;;,11,7,,,,,00-0027993;00-0034981;00-0034759;00-0031280;00-0035700;00-0030011;00-0023516;00-0035125;00-0032071;00-0031610;00-0032160,Rodney Hudson;Foster Moreau;Kolton Miller;Derek Carr;Josh Jacobs;Jordan Devey;Richie Incognito;Alec Ingold;Trent Brown;Darren Waller;Tyrell Williams,00-0028008;00-0031571;00-0033570;00-0033393;00-0033952;00-0034987;00-0035530;00-0031254;00-0035637;00-0033964;00-0035687,Justin Houston;Clayton Geathers;Anthony Walker;Kenny Moore II;Grover Stewart;E.J. Speed;Khari Willis;Denico Autry;Rock Ya-Sin;Al-Quadin Muhammad;Bobby Okereke
2019_04_OAK_IND,2630,pass,20.0,71.0,51.0,LV,3.0,1575.0,71.0,37.0,11:15,10:38,,10.0,21.0,1.0,10.0,"4 DL, 3 LB, 4 DB",;;;;;;;;;;,11,7,5,ZONE_COVERAGE,COVER_3,False,00-0027993;00-0034759;00-0031280;00-0035700;00-0030011;00-0023516;00-0032423;00-0035125;00-0032071;00-0031610;00-0032160,Rodney Hudson;Kolton Miller;Derek Carr;Josh Jacobs;Jordan Devey;Richie Incognito;Trevor Davis;Alec Ingold;Trent Brown;Darren Waller;Tyrell Williams,00-0028008;00-0031571;00-0033570;00-0033393;00-0033952;00-0034987;00-0035530;00-0031254;00-0035637;00-0033964;00-0035687,Justin Houston;Clayton Geathers;Anthony Walker;Kenny Moore II;Grover Stewart;E.J. Speed;Khari Willis;Denico Autry;Rock Ya-Sin;Al-Quadin Muhammad;Bobby Okereke
2019_04_OAK_IND,2659,run,0.0,51.0,51.0,LV,3.0,1538.0,51.0,40.0,10:38,9:58,,10.0,21.0,1.0,10.0,"4 DL, 2 LB, 5 DB",;;;;;;;;;;,11,5,,,,,00-0027993;00-0033946;00-0034759;00-0031280;00-0035700;00-0030011;00-0023516;00-0032423;00-0031610;00-0032160;00-0034983,Rodney Hudson;David Sharpe;Kolton Miller;Derek Carr;Josh Jacobs;Jordan Devey;Richie Incognito;Trevor Davis;Darren Waller;Tyrell Williams;Hunter Renfrow,00-0028008;00-0031571;00-0033570;00-0031331;00-0033393;00-0033952;00-0035530;00-0031254;00-0035637;00-0033964;00-0035687,Justin Houston;Clayton Geathers;Anthony Walker;Pierre Desir;Kenny Moore II;Grover Stewart;Khari Willis;Denico Autry;Rock Ya-Sin;Al-Quadin Muhammad;Bobby Okereke
2019_04_OAK_IND,2680,pass,1.0,51.0,50.0,LV,3.0,1498.0,51.0,41.0,9:58,9:17,,10.0,21.0,2.0,10.0,"4 DL, 3 LB, 4 DB",;;;;;;;;;;,11,7,5,ZONE_COVERAGE,COVER_3,False,00-0027993;00-0033946;00-0029119;00-0034981;00-0034759;00-0031280;00-0032940;00-0030011;00-0023516;00-0031610;00-0032160,Rodney Hudson;David Sharpe;Derek Carrier;Foster Moreau;Kolton Miller;Derek Carr;DeAndre Washington;Jordan Devey;Richie Incognito;Darren Waller;Tyrell Williams,00-0028008;00-0033570;00-0031571;00-0033393;00-0033952;00-0034987;00-0035530;00-0031254;00-0035637;00-0033964;00-0035687,Justin Houston;Anthony Walker;Clayton Geathers;Kenny Moore II;Grover Stewart;E.J. Speed;Khari Willis;Denico Autry;Rock Ya-Sin;Al-Quadin Muhammad;Bobby Okereke
2019_04_OAK_IND,2704,pass,8.0,50.0,42.0,LV,3.0,1457.0,50.0,45.0,9:17,8:32,,10.0,21.0,3.0,9.0,"4 DL, 1 LB, 6 DB",;;;;;;;;;;,11,6,7,ZONE_COVERAGE,COVER_3,True,00-0027993;00-0033946;00-0034759;00-0031280;00-0030011;00-0023516;00-0033025;00-0032423;00-0031610;00-0035120;00-0034983,Rodney Hudson;David Sharpe;Kolton Miller;Derek Carr;Jordan Devey;Richie Incognito;Jalen Richard;Trevor Davis;Darren Waller;Keelan Doss;Hunter Renfrow,00-0028008;00-0033570;00-0031571;00-0031331;00-0033393;00-0034091;00-0035530;00-0034354;00-0031254;00-0035637;00-0027975,Justin Houston;Anthony Walker;Clayton Geathers;Pierre Desir;Kenny Moore II;George Odum;Khari Willis;Kemoko Turay;Denico Autry;Rock Ya-Sin;Jabaal Sheard
2019_04_OAK_IND,2733,timeout,0.0,,,,3.0,1412.0,,0.0,8:32,8:32,LV,10.0,21.0,,0.0,,,0,,,,,,,,,
2019_04_OAK_IND,2750,run,1.0,42.0,41.0,LV,3.0,1412.0,42.0,43.0,8:32,7:49,,10.0,21.0,4.0,1.0,"4 DL, 3 LB, 4 DB",;;;;;;;;;;,11,7,,,,,00-0027993;00-0033946;00-0034981;00-0034759;00-0031280;00-0035700;00-0030011;00-0023516;00-0035125;00-0031610;00-0032160,Rodney Hudson;David Sharpe;Foster Moreau;Kolton Miller;Derek Carr;Josh Jacobs;Jordan Devey;Richie Incognito;Alec Ingold;Darren Waller;Tyrell Williams,00-0028008;00-0033570;00-0031571;00-0033393;00-0033952;00-0034987;00-0035530;00-0031254;00-0035637;00-0033964;00-0035687,Justin Houston;Anthony Walker;Clayton Geathers;Kenny Moore II;Grover Stewart;E.J. Speed;Khari Willis;Denico Autry;Rock Ya-Sin;Al-Quadin Muhammad;Bobby Okereke
2019_04_OAK_IND,2771,run,1.0,41.0,40.0,LV,3.0,1369.0,41.0,35.0,7:49,7:14,,10.0,21.0,1.0,10.0,"4 DL, 3 LB, 4 DB",;;;;;;;;;;,11,5,,,,,00-0027993;00-0033946;00-0034981;00-0034759;00-0031280;00-0032940;00-0030011;00-0023516;00-0032423;00-0031610;00-0032160,Rodney Hudson;David Sharpe;Foster Moreau;Kolton Miller;Derek Carr;DeAndre Washington;Jordan Devey;Richie Incognito;Trevor Davis;Darren Waller;Tyrell Williams,00-0033570;00-0031571;00-0033393;00-0030449;00-0034987;00-0035530;00-0035637;00-0034969;00-0033046;00-0035687;00-0027975,Anthony Walker;Clayton Geathers;Kenny Moore II;Margus Hunt;E.J. Speed;Khari Willis;Rock Ya-Sin;Ben Banogu;Jihad Ward;Bobby Okereke;Jabaal Sheard
2019_04_OAK_IND,2792,pass,1.0,40.0,39.0,LV,3.0,1334.0,40.0,40.0,7:14,6:34,,10.0,21.0,2.0,9.0,"4 DL, 3 LB, 4 DB",;;;;;;;;;;,11,6,4,MAN_COVERAGE,COVER_1,False,00-0027993;00-0033946;00-0034981;00-0034759;00-0031280;00-0030011;00-0023516;00-0033025;00-0032423;00-0031610;00-0032160,Rodney Hudson;David Sharpe;Foster Moreau;Kolton Miller;Derek Carr;Jordan Devey;Richie Incognito;Jalen Richard;Trevor Davis;Darren Waller;Tyrell Williams,00-0033570;00-0031571;00-0033393;00-0030449;00-0034987;00-0035530;00-0035637;00-0034969;00-0033046;00-0035687;00-0027975,Anthony Walker;Clayton Geathers;Kenny Moore II;Margus Hunt;E.J. Speed;Khari Willis;Rock Ya-Sin;Ben Banogu;Jihad Ward;Bobby Okereke;Jabaal Sheard
2019_04_OAK_IND,2816,pass,18.0,39.0,21.0,LV,3.0,1294.0,39.0,35.0,6:34,5:59,,10.0,21.0,3.0,8.0,"4 DL, 1 LB, 6 DB",;;;;;;;;;;,11,6,6,ZONE_COVERAGE,COVER_4,True,00-0027993;00-0033946;00-0034759;00-0031280;00-0030011;00-0023516;00-0033025;00-0032423;00-0031610;00-0032160;00-0034983,Rodney Hudson;David Sharpe;Kolton Miller;Derek Carr;Jordan Devey;Richie Incognito;Jalen Richard;Trevor Davis;Darren Waller;Tyrell Williams;Hunter Renfrow,00-0028008;00-0031571;00-0033570;00-0031331;00-0033393;00-0034091;00-0035530;00-0034354;00-0031254;00-0035637;00-0027975,Justin Houston;Clayton Geathers;Anthony Walker;Pierre Desir;Kenny Moore II;George Odum;Khari Willis;Kemoko Turay;Denico Autry;Rock Ya-Sin;Jabaal Sheard
2019_04_OAK_IND,2851,run,7.0,21.0,14.0,LV,3.0,1259.0,21.0,40.0,5:59,5:19,,10.0,21.0,1.0,10.0,"4 DL, 3 LB, 4 DB",;;;;;;;;;;,11,6,,,,,00-0027993;00-0033946;00-0034981;00-0034759;00-0031280;00-0032940;00-0030011;00-0023516;00-0032423;00-0031610;00-0032160,Rodney Hudson;David Sharpe;Foster Moreau;Kolton Miller;Derek Carr;DeAndre Washington;Jordan Devey;Richie Incognito;Trevor Davis;Darren Waller;Tyrell Williams,00-0033570;00-0031571;00-0033393;00-0030449;00-0034987;00-0035530;00-0035637;00-0034969;00-0033046;00-0035687;00-0027975,Anthony Walker;Clayton Geathers;Kenny Moore II;Margus Hunt;E.J. Speed;Khari Willis;Rock Ya-Sin;Ben Banogu;Jihad Ward;Bobby Okereke;Jabaal Sheard
2019_04_OAK_IND,2872,run,6.0,14.0,8.0,LV,3.0,1219.0,14.0,43.0,5:19,4:36,,10.0,21.0,2.0,3.0,"4 DL, 3 LB, 4 DB",;;;;;;;;;;,11,7,,,,,00-0027993;00-0033946;00-0034981;00-0034759;00-0031280;00-0032940;00-0030011;00-0023516;00-0035125;00-0031610;00-0032160,Rodney Hudson;David Sharpe;Foster Moreau;Kolton Miller;Derek Carr;DeAndre Washington;Jordan Devey;Richie Incognito;Alec Ingold;Darren Waller;Tyrell Williams,00-0033570;00-0031571;00-0033393;00-0030449;00-0034987;00-0035530;00-0035637;00-0034969;00-0033046;00-0035687;00-0027975,Anthony Walker;Clayton Geathers;Kenny Moore II;Margus Hunt;E.J. Speed;Khari Willis;Rock Ya-Sin;Ben Banogu;Jihad Ward;Bobby Okereke;Jabaal Sheard
2019_04_OAK_IND,2893,run,0.0,8.0,8.0,LV,3.0,1176.0,8.0,38.0,4:36,3:58,,10.0,21.0,1.0,8.0,"4 DL, 3 LB, 4 DB",;;;;;;;;;;,11,7,,,,,00-0027993;00-0033946;00-0034981;00-0034759;00-0031280;00-0032940;00-0030011;00-0023516;00-0035125;00-0031610;00-0032160,Rodney Hudson;David Sharpe;Foster Moreau;Kolton Miller;Derek Carr;DeAndre Washington;Jordan Devey;Richie Incognito;Alec Ingold;Darren Waller;Tyrell Williams,00-0031571;00-0033570;00-0033393;00-0030449;00-0034987;00-0035530;00-0035637;00-0034969;00-0033046;00-0035687;00-0027975,Clayton Geathers;Anthony Walker;Kenny Moore II;Margus Hunt;E.J. Speed;Khari Willis;Rock Ya-Sin;Ben Banogu;Jihad Ward;Bobby Okereke;Jabaal Sheard
2019_04_OAK_IND,2914,pass,0.0,8.0,8.0,LV,3.0,1138.0,8.0,36.0,3:58,3:22,,10.0,21.0,2.0,8.0,"4 DL, 3 LB, 4 DB",;;;;;;;;;;,11,7,5,,,,00-0027993;00-0033946;00-0034981;00-0034759;00-0031280;00-0032940;00-0030011;00-0023516;00-0035125;00-0031610;00-0032160,Rodney Hudson;David Sharpe;Foster Moreau;Kolton Miller;Derek Carr;DeAndre Washington;Jordan Devey;Richie Incognito;Alec Ingold;Darren Waller;Tyrell Williams,00-0033570;00-0031571;00-0033393;00-0030449;00-0034987;00-0035530;00-0035637;00-0034969;00-0033046;00-0035687;00-0027975,Anthony Walker;Clayton Geathers;Kenny Moore II;Margus Hunt;E.J. Speed;Khari Willis;Rock Ya-Sin;Ben Banogu;Jihad Ward;Bobby Okereke;Jabaal Sheard
2019_04_OAK_IND,2947,pass,0.0,8.0,8.0,LV,3.0,1102.0,8.0,4.0,3:22,3:18,,10.0,21.0,3.0,8.0,"4 DL, 2 LB, 5 DB",;;;;;;;;;;,11,6,4,ZONE_COVERAGE,COVER_4,False,00-0027993;00-0033946;00-0034759;00-0031280;00-0030011;00-0023516;00-0033025;00-0032423;00-0031610;00-0032160;00-0034983,Rodney Hudson;David Sharpe;Kolton Miller;Derek Carr;Jordan Devey;Richie Incognito;Jalen Richard;Trevor Davis;Darren Waller;Tyrell Williams;Hunter Renfrow,00-0028008;00-0033570;00-0031571;00-0031331;00-0033393;00-0035530;00-0034354;00-0031254;00-0035637;00-0035687;00-0027975,Justin Houston;Anthony Walker;Clayton Geathers;Pierre Desir;Kenny Moore II;Khari Willis;Kemoko Turay;Denico Autry;Rock Ya-Sin;Bobby Okereke;Jabaal Sheard
2019_04_OAK_IND,2969,field_goal,0.0,8.0,8.0,LV,3.0,1098.0,8.0,4.0,3:18,3:14,,10.0,24.0,4.0,8.0,,;;;;;;;;;;,11,,,,,,00-0035190;00-0034161;00-0033946;00-0029119;00-0035127;00-0034981;00-0034759;00-0030011;00-0031632;00-0023516;00-0034198,AJ Cole;Daniel Carlson;David Sharpe;Derek Carrier;Andre James;Foster Moreau;Kolton Miller;Jordan Devey;Denzelle Good;Richie Incognito;Trent Sieg,00-0034431;00-0033570;00-0033393;00-0030449;00-0033952;00-0034091;00-0034354;00-0031254;00-0035637;00-0032830;00-0034424,Zaire Franklin;Anthony Walker;Kenny Moore II;Margus Hunt;Grover Stewart;George Odum;Kemoko Turay;Denico Autry;Rock Ya-Sin;Rolan Milligan;Matthew Adams
2019_04_OAK_IND,2988,kickoff,0.0,35.0,35.0,IND,3.0,1094.0,35.0,0.0,3:14,3:14,,10.0,24.0,,0.0,,;;;;;;;;;;,11,,,,,,00-0034161;00-0029119;00-0029647;00-0032888;00-0035695;00-0032940;00-0032320;00-0034726;00-0035419;00-0032042;00-0035133,Daniel Carlson;Derek Carrier;Kyle Wilber;Karl Joseph;Trayvon Mullen;DeAndre Washington;Erik Harris;Dallin Leavitt;Justin Phillips;Curtis Riley;Keisean Nixon,00-0034400;00-0034431;00-0034091;00-0034987;00-0035530;00-0033544;00-0032830;00-0033217;00-0035687;00-0034424;00-0033251,Jordan Wilkins;Zaire Franklin;George Odum;E.J. Speed;Khari Willis;Quincy Wilson;Rolan Milligan;Mo Alie-Cox;Bobby Okereke;Matthew Adams;Zach Pascal
2019_04_OAK_IND,3012,run,4.0,75.0,71.0,IND,3.0,1094.0,75.0,34.0,3:14,2:40,,10.0,24.0,1.0,10.0,"4 DL, 2 LB, 5 DB",;;;;;;;;;;,11,7,,,,,00-0027960;00-0034836;00-0033951;00-0030181;00-0035021;00-0032383;00-0034342;00-0031581;00-0033217;00-0033251;00-0033119,Anthony Castonzo;Braden Smith;Marlon Mack;Jack Doyle;Ashton Dulin;Ryan Kelly;Quenton Nelson;Mark Glowinski;Mo Alie-Cox;Zach Pascal;Jacoby Brissett,00-0031389;00-0030883;00-0032891;00-0032888;00-0033882;00-0033445;00-0034746;00-0035692;00-0032320;00-0029212;00-0027956,Lamarcus Joyner;Josh Mauro;Daryl Worley;Karl Joseph;Gareon Conley;Nicholas Morrow;Maurice Hurst;Clelin Ferrell;Erik Harris;Tahir Whitehead;Corey Liuget
2019_04_OAK_IND,3033,run,1.0,71.0,70.0,IND,3.0,1060.0,71.0,38.0,2:40,2:02,,10.0,24.0,2.0,6.0,"4 DL, 3 LB, 4 DB",;;;;;;;;;;,11,7,,,,,00-0034400;00-0027960;00-0034836;00-0031387;00-0030181;00-0032383;00-0035021;00-0034342;00-0031581;00-0033217;00-0033119,Jordan Wilkins;Anthony Castonzo;Braden Smith;Eric Ebron;Jack Doyle;Ryan Kelly;Ashton Dulin;Quenton Nelson;Mark Glowinski;Mo Alie-Cox;Jacoby Brissett,00-0030883;00-0032891;00-0029647;00-0032888;00-0033882;00-0033445;00-0034746;00-0035692;00-0032320;00-0029212;00-0027956,Josh Mauro;Daryl Worley;Kyle Wilber;Karl Joseph;Gareon Conley;Nicholas Morrow;Maurice Hurst;Clelin Ferrell;Erik Harris;Tahir Whitehead;Corey Liuget
2019_04_OAK_IND,3054,pass,7.0,70.0,63.0,IND,3.0,1022.0,70.0,39.0,2:02,1:23,,10.0,24.0,3.0,5.0,"4 DL, 2 LB, 5 DB",;;;;;;;;;;,11,6,6,MAN_COVERAGE,COVER_1,False,00-0034400;00-0027960;00-0032355;00-0034836;00-0031387;00-0032383;00-0034342;00-0031581;00-0035639;00-0033251;00-0033119,Jordan Wilkins;Anthony Castonzo;Chester Rogers;Braden Smith;Eric Ebron;Ryan Kelly;Quenton Nelson;Mark Glowinski;Parris Campbell;Zach Pascal;Jacoby Brissett,00-0034973;00-0031389;00-0032891;00-0032888;00-0033882;00-0033445;00-0034825;00-0035692;00-0030063;00-0032320;00-0029212,Maxx Crosby;Lamarcus Joyner;Daryl Worley;Karl Joseph;Gareon Conley;Nicholas Morrow;Arden Key;Clelin Ferrell;Johnathan Hankins;Erik Harris;Tahir Whitehead
2019_04_OAK_IND,3078,pass,0.0,63.0,63.0,IND,3.0,983.0,63.0,7.0,1:23,1:16,,10.0,24.0,1.0,10.0,"4 DL, 2 LB, 5 DB",;;;;;;;;;;,11,7,4,ZONE_COVERAGE,COVER_4,False,00-0034400;00-0027960;00-0034836;00-0030181;00-0032383;00-0034342;00-0031581;00-0033217;00-0035639;00-0033119;00-0034406,Jordan Wilkins;Anthony Castonzo;Braden Smith;Jack Doyle;Ryan Kelly;Quenton Nelson;Mark Glowinski;Mo Alie-Cox;Parris Campbell;Jacoby Brissett;Deon Cain,00-0034973;00-0031389;00-0032891;00-0032888;00-0033882;00-0033445;00-0035692;00-0030063;00-0032320;00-0034262;00-0029212,Maxx Crosby;Lamarcus Joyner;Daryl Worley;Karl Joseph;Gareon Conley;Nicholas Morrow;Clelin Ferrell;Johnathan Hankins;Erik Harris;P.J. Hall;Tahir Whitehead
2019_04_OAK_IND,3100,run,4.0,63.0,59.0,IND,3.0,976.0,63.0,39.0,1:16,0:37,,10.0,24.0,2.0,10.0,"4 DL, 2 LB, 5 DB",;;;;;;;;;;,11,7,,,,,00-0034400;00-0027960;00-0034836;00-0032355;00-0030181;00-0032383;00-0034342;00-0031581;00-0033251;00-0033119;00-0034406,Jordan Wilkins;Anthony Castonzo;Braden Smith;Chester Rogers;Jack Doyle;Ryan Kelly;Quenton Nelson;Mark Glowinski;Zach Pascal;Jacoby Brissett;Deon Cain,00-0031389;00-0030883;00-0032891;00-0032888;00-0033882;00-0033445;00-0034746;00-0034825;00-0032320;00-0029212;00-0027956,Lamarcus Joyner;Josh Mauro;Daryl Worley;Karl Joseph;Gareon Conley;Nicholas Morrow;Maurice Hurst;Arden Key;Erik Harris;Tahir Whitehead;Corey Liuget
2019_04_OAK_IND,3121,pass,0.0,59.0,59.0,IND,3.0,937.0,59.0,5.0,0:37,0:32,,10.0,24.0,3.0,6.0,"4 DL, 1 LB, 6 DB",;;;;;;;;;;,11,6,4,MAN_COVERAGE,COVER_1,True,00-0034400;00-0027960;00-0034836;00-0032355;00-0031387;00-0032383;00-0034342;00-0031581;00-0035639;00-0033119;00-0034406,Jordan Wilkins;Anthony Castonzo;Braden Smith;Chester Rogers;Eric Ebron;Ryan Kelly;Quenton Nelson;Mark Glowinski;Parris Campbell;Jacoby Brissett;Deon Cain,00-0034973;00-0031389;00-0032891;00-0032888;00-0033882;00-0035695;00-0034825;00-0035692;00-0032320;00-0029212;00-0027956,Maxx Crosby;Lamarcus Joyner;Daryl Worley;Karl Joseph;Gareon Conley;Trayvon Mullen;Arden Key;Clelin Ferrell;Erik Harris;Tahir Whitehead;Corey Liuget
2019_04_OAK_IND,3143,punt,0.0,59.0,59.0,IND,3.0,932.0,59.0,9.0,0:32,0:23,,10.0,24.0,4.0,6.0,,;;;;;;;;;;,11,,,,,,00-0034367;00-0034400;00-0034431;00-0033570;00-0031571;00-0034091;00-0035021;00-0033269;00-0035687;00-0034424;00-0032753,Nyheim Hines;Jordan Wilkins;Zaire Franklin;Anthony Walker;Clayton Geathers;George Odum;Ashton Dulin;Rigoberto Sanchez;Bobby Okereke;Matthew Adams;Luke Rhodes,00-0034973;00-0032891;00-0029119;00-0029647;00-0034981;00-0032423;00-0032320;00-0034726;00-0035125;00-0032042;00-0035133,Maxx Crosby;Daryl Worley;Derek Carrier;Kyle Wilber;Foster Moreau;Trevor Davis;Erik Harris;Dallin Leavitt;Alec Ingold;Curtis Riley;Keisean Nixon
2019_04_OAK_IND,3182,run,2.0,94.0,92.0,LV,3.0,923.0,94.0,23.0,0:23,0:00,,10.0,24.0,1.0,10.0,"4 DL, 3 LB, 4 DB",;;;;;;;;;;,11,7,,,,,00-0027993;00-0034981;00-0034759;00-0031280;00-0035700;00-0030011;00-0023516;00-0035125;00-0032071;00-0031610;00-0032160,Rodney Hudson;Foster Moreau;Kolton Miller;Derek Carr;Josh Jacobs;Jordan Devey;Richie Incognito;Alec Ingold;Trent Brown;Darren Waller;Tyrell Williams,00-0028008;00-0033570;00-0031571;00-0033393;00-0033952;00-0034987;00-0035530;00-0031254;00-0035637;00-0033964;00-0035687,Justin Houston;Anthony Walker;Clayton Geathers;Kenny Moore II;Grover Stewart;E.J. Speed;Khari Willis;Denico Autry;Rock Ya-Sin;Al-Quadin Muhammad;Bobby Okereke
2019_04_OAK_IND,3203,start_quarter_4,,,,LV,3.0,900.0,,0.0,0:00,0:00,,10.0,24.0,,0.0,,,0,,,,,,,,,
2019_04_OAK_IND,3220,run,2.0,92.0,90.0,LV,4.0,900.0,92.0,38.0,15:00,14:22,,10.0,24.0,2.0,8.0,"4 DL, 3 LB, 4 DB",;;;;;;;;;;,11,6,,,,,00-0027993;00-0034981;00-0034759;00-0031280;00-0035700;00-0030011;00-0023516;00-0035125;00-0032071;00-0031610;00-0032160,Rodney Hudson;Foster Moreau;Kolton Miller;Derek Carr;Josh Jacobs;Jordan Devey;Richie Incognito;Alec Ingold;Trent Brown;Darren Waller;Tyrell Williams,00-0028008;00-0031571;00-0033570;00-0033393;00-0033952;00-0034987;00-0035530;00-0031254;00-0035637;00-0033964;00-0035687,Justin Houston;Clayton Geathers;Anthony Walker;Kenny Moore II;Grover Stewart;E.J. Speed;Khari Willis;Denico Autry;Rock Ya-Sin;Al-Quadin Muhammad;Bobby Okereke
2019_04_OAK_IND,3241,pass,8.0,90.0,82.0,LV,4.0,862.0,90.0,32.0,14:22,13:50,,10.0,24.0,3.0,6.0,"4 DL, 1 LB, 6 DB",;;;;;;;;;;,11,6,4,ZONE_COVERAGE,COVER_3,False,00-0027993;00-0034981;00-0034759;00-0031280;00-0030011;00-0023516;00-0033025;00-0032423;00-0032071;00-0031610;00-0032160,Rodney Hudson;Foster Moreau;Kolton Miller;Derek Carr;Jordan Devey;Richie Incognito;Jalen Richard;Trevor Davis;Trent Brown;Darren Waller;Tyrell Williams,00-0028008;00-0033570;00-0031571;00-0031331;00-0033393;00-0034091;00-0035530;00-0034354;00-0031254;00-0035637;00-0027975,Justin Houston;Anthony Walker;Clayton Geathers;Pierre Desir;Kenny Moore II;George Odum;Khari Willis;Kemoko Turay;Denico Autry;Rock Ya-Sin;Jabaal Sheard
2019_04_OAK_IND,3265,run,14.0,82.0,68.0,LV,4.0,830.0,82.0,41.0,13:50,13:09,,10.0,24.0,1.0,10.0,"4 DL, 2 LB, 5 DB",;;;;;;;;;;,11,6,,,,,00-0027993;00-0034759;00-0031280;00-0032940;00-0030011;00-0023516;00-0032423;00-0032071;00-0031610;00-0032160;00-0034983,Rodney Hudson;Kolton Miller;Derek Carr;DeAndre Washington;Jordan Devey;Richie Incognito;Trevor Davis;Trent Brown;Darren Waller;Tyrell Williams;Hunter Renfrow,00-0028008;00-0033570;00-0031571;00-0031331;00-0033393;00-0033952;00-0035530;00-0031254;00-0035637;00-0033964;00-0035687,Justin Houston;Anthony Walker;Clayton Geathers;Pierre Desir;Kenny Moore II;Grover Stewart;Khari Willis;Denico Autry;Rock Ya-Sin;Al-Quadin Muhammad;Bobby Okereke
2019_04_OAK_IND,3291,run,-4.0,68.0,72.0,LV,4.0,789.0,68.0,46.0,13:09,12:23,,10.0,24.0,1.0,10.0,"4 DL, 3 LB, 4 DB",;;;;;;;;;;,11,7,,,,,00-0027993;00-0029119;00-0034981;00-0034759;00-0031280;00-0035700;00-0023516;00-0031632;00-0035125;00-0032071;00-0035120,Rodney Hudson;Derek Carrier;Foster Moreau;Kolton Miller;Derek Carr;Josh Jacobs;Richie Incognito;Denzelle Good;Alec Ingold;Trent Brown;Keelan Doss,00-0028008;00-0033570;00-0031571;00-0033393;00-0033952;00-0034987;00-0035530;00-0031254;00-0035637;00-0033964;00-0035687,Justin Houston;Anthony Walker;Clayton Geathers;Kenny Moore II;Grover Stewart;E.J. Speed;Khari Willis;Denico Autry;Rock Ya-Sin;Al-Quadin Muhammad;Bobby Okereke
2019_04_OAK_IND,3312,pass,14.0,72.0,58.0,LV,4.0,743.0,72.0,45.0,12:23,11:38,,10.0,24.0,2.0,14.0,"4 DL, 2 LB, 5 DB",;;;;;;;;;;,11,5,4,ZONE_COVERAGE,COVER_4,True,00-0027993;00-0029119;00-0034759;00-0031280;00-0035700;00-0023516;00-0031632;00-0032071;00-0035120;00-0032160;00-0034983,Rodney Hudson;Derek Carrier;Kolton Miller;Derek Carr;Josh Jacobs;Richie Incognito;Denzelle Good;Trent Brown;Keelan Doss;Tyrell Williams;Hunter Renfrow,00-0033570;00-0031571;00-0031331;00-0033393;00-0033952;00-0035530;00-0031254;00-0035637;00-0033964;00-0035687;00-0027975,Anthony Walker;Clayton Geathers;Pierre Desir;Kenny Moore II;Grover Stewart;Khari Willis;Denico Autry;Rock Ya-Sin;Al-Quadin Muhammad;Bobby Okereke;Jabaal Sheard
2019_04_OAK_IND,3336,run,1.0,58.0,57.0,LV,4.0,698.0,58.0,24.0,11:38,11:14,,10.0,24.0,1.0,10.0,"4 DL, 2 LB, 5 DB",;;;;;;;;;;,11,5,,,,,00-0027993;00-0034759;00-0031280;00-0032940;00-0023516;00-0031632;00-0032071;00-0035120;00-0031610;00-0032160;00-0034983,Rodney Hudson;Kolton Miller;Derek Carr;DeAndre Washington;Richie Incognito;Denzelle Good;Trent Brown;Keelan Doss;Darren Waller;Tyrell Williams;Hunter Renfrow,00-0033570;00-0031571;00-0031331;00-0033393;00-0030449;00-0033952;00-0035530;00-0035637;00-0034969;00-0035687;00-0027975,Anthony Walker;Clayton Geathers;Pierre Desir;Kenny Moore II;Margus Hunt;Grover Stewart;Khari Willis;Rock Ya-Sin;Ben Banogu;Bobby Okereke;Jabaal Sheard
2019_04_OAK_IND,3357,pass,0.0,57.0,57.0,LV,4.0,674.0,57.0,5.0,11:14,11:09,,10.0,24.0,2.0,9.0,"4 DL, 2 LB, 5 DB",;;;;;;;;;;,11,6,3,ZONE_COVERAGE,COVER_3,False,00-0027993;00-0034759;00-0031280;00-0032940;00-0023516;00-0031632;00-0032071;00-0035120;00-0031610;00-0032160;00-0034983,Rodney Hudson;Kolton Miller;Derek Carr;DeAndre Washington;Richie Incognito;Denzelle Good;Trent Brown;Keelan Doss;Darren Waller;Tyrell Williams;Hunter Renfrow,00-0033570;00-0031571;00-0031331;00-0033393;00-0030449;00-0033952;00-0035530;00-0035637;00-0034969;00-0035687;00-0027975,Anthony Walker;Clayton Geathers;Pierre Desir;Kenny Moore II;Margus Hunt;Grover Stewart;Khari Willis;Rock Ya-Sin;Ben Banogu;Bobby Okereke;Jabaal Sheard
2019_04_OAK_IND,3388,run,1.0,57.0,56.0,LV,4.0,669.0,57.0,38.0,11:09,10:31,,10.0,24.0,3.0,9.0,"4 DL, 1 LB, 6 DB",;;;;;;;;;;,11,6,,,,,00-0027993;00-0034759;00-0031280;00-0031632;00-0023516;00-0033025;00-0032071;00-0035120;00-0031610;00-0032160;00-0034983,Rodney Hudson;Kolton Miller;Derek Carr;Denzelle Good;Richie Incognito;Jalen Richard;Trent Brown;Keelan Doss;Darren Waller;Tyrell Williams;Hunter Renfrow,00-0028008;00-0033570;00-0031571;00-0031331;00-0033393;00-0034091;00-0035530;00-0034354;00-0031254;00-0035637;00-0027975,Justin Houston;Anthony Walker;Clayton Geathers;Pierre Desir;Kenny Moore II;George Odum;Khari Willis;Kemoko Turay;Denico Autry;Rock Ya-Sin;Jabaal Sheard
2019_04_OAK_IND,3409,punt,0.0,56.0,56.0,LV,4.0,631.0,56.0,10.0,10:31,10:21,,10.0,24.0,4.0,8.0,,;;;;;;;;;;,11,,,,,,00-0034973;00-0035190;00-0029119;00-0029647;00-0033445;00-0034981;00-0034726;00-0035125;00-0032042;00-0035133;00-0034198,Maxx Crosby;AJ Cole;Derek Carrier;Kyle Wilber;Nicholas Morrow;Foster Moreau;Dallin Leavitt;Alec Ingold;Curtis Riley;Keisean Nixon;Trent Sieg,00-0034400;00-0035534;00-0034431;00-0033393;00-0032355;00-0034987;00-0034091;00-0035637;00-0032830;00-0035021;00-0034424,Jordan Wilkins;Marvell Tell;Zaire Franklin;Kenny Moore II;Chester Rogers;E.J. Speed;George Odum;Rock Ya-Sin;Rolan Milligan;Ashton Dulin;Matthew Adams
2019_04_OAK_IND,3447,pass,-2.0,90.0,92.0,IND,4.0,621.0,90.0,24.0,10:21,9:57,,10.0,24.0,1.0,10.0,"4 DL, 2 LB, 5 DB",;;;;;;;;;;,11,6,4,ZONE_COVERAGE,COVER_2,False,00-0034367;00-0027960;00-0034836;00-0032355;00-0030181;00-0032383;00-0034342;00-0031581;00-0035639;00-0033251;00-0033119,Nyheim Hines;Anthony Castonzo;Braden Smith;Chester Rogers;Jack Doyle;Ryan Kelly;Quenton Nelson;Mark Glowinski;Parris Campbell;Zach Pascal;Jacoby Brissett,00-0031389;00-0030883;00-0032891;00-0032888;00-0033882;00-0033445;00-0035692;00-0030063;00-0032320;00-0034262;00-0029212,Lamarcus Joyner;Josh Mauro;Daryl Worley;Karl Joseph;Gareon Conley;Nicholas Morrow;Clelin Ferrell;Johnathan Hankins;Erik Harris;P.J. Hall;Tahir Whitehead
2019_04_OAK_IND,3471,pass,10.0,92.0,82.0,IND,4.0,597.0,92.0,19.0,9:57,9:38,,10.0,24.0,2.0,12.0,"4 DL, 2 LB, 5 DB",;;;;;;;;;;,11,6,4,ZONE_COVERAGE,COVER_4,False,00-0034367;00-0027960;00-0034836;00-0032355;00-0030181;00-0032383;00-0034342;00-0031581;00-0035639;00-0033251;00-0033119,Nyheim Hines;Anthony Castonzo;Braden Smith;Chester Rogers;Jack Doyle;Ryan Kelly;Quenton Nelson;Mark Glowinski;Parris Campbell;Zach Pascal;Jacoby Brissett,00-0034973;00-0031389;00-0032891;00-0032888;00-0033882;00-0033445;00-0034825;00-0035692;00-0032320;00-0034262;00-0029212,Maxx Crosby;Lamarcus Joyner;Daryl Worley;Karl Joseph;Gareon Conley;Nicholas Morrow;Arden Key;Clelin Ferrell;Erik Harris;P.J. Hall;Tahir Whitehead
2019_04_OAK_IND,3506,run,0.0,82.0,82.0,IND,4.0,578.0,82.0,39.0,9:38,8:59,,10.0,24.0,3.0,2.0,"4 DL, 2 LB, 5 DB",;;;;;;;;;;,11,8,,,,,00-0034367;00-0027960;00-0032355;00-0034836;00-0030181;00-0032383;00-0034342;00-0031581;00-0035639;00-0033251;00-0033119,Nyheim Hines;Anthony Castonzo;Chester Rogers;Braden Smith;Jack Doyle;Ryan Kelly;Quenton Nelson;Mark Glowinski;Parris Campbell;Zach Pascal;Jacoby Brissett,00-0034973;00-0031389;00-0032891;00-0032888;00-0033882;00-0033445;00-0034825;00-0035692;00-0032320;00-0034262;00-0029212,Maxx Crosby;Lamarcus Joyner;Daryl Worley;Karl Joseph;Gareon Conley;Nicholas Morrow;Arden Key;Clelin Ferrell;Erik Harris;P.J. Hall;Tahir Whitehead
2019_04_OAK_IND,3527,run,4.0,82.0,78.0,IND,4.0,539.0,82.0,29.0,8:59,8:30,,10.0,24.0,4.0,2.0,"4 DL, 2 LB, 5 DB",;;;;;;;;;;,11,7,,,,,00-0034367;00-0027960;00-0032355;00-0034836;00-0030181;00-0032383;00-0034342;00-0031581;00-0035639;00-0033251;00-0033119,Nyheim Hines;Anthony Castonzo;Chester Rogers;Braden Smith;Jack Doyle;Ryan Kelly;Quenton Nelson;Mark Glowinski;Parris Campbell;Zach Pascal;Jacoby Brissett,00-0034973;00-0031389;00-0032891;00-0032888;00-0033882;00-0033445;00-0034825;00-0035692;00-0032320;00-0034262;00-0029212,Maxx Crosby;Lamarcus Joyner;Daryl Worley;Karl Joseph;Gareon Conley;Nicholas Morrow;Arden Key;Clelin Ferrell;Erik Harris;P.J. Hall;Tahir Whitehead
2019_04_OAK_IND,3548,pass,14.0,78.0,64.0,IND,4.0,510.0,78.0,30.0,8:30,8:00,,10.0,24.0,1.0,10.0,"4 DL, 2 LB, 5 DB",;;;;;;;;;;,11,6,4,ZONE_COVERAGE,COVER_6,False,00-0034367;00-0027960;00-0034836;00-0032355;00-0030181;00-0032383;00-0034342;00-0031581;00-0035639;00-0033251;00-0033119,Nyheim Hines;Anthony Castonzo;Braden Smith;Chester Rogers;Jack Doyle;Ryan Kelly;Quenton Nelson;Mark Glowinski;Parris Campbell;Zach Pascal;Jacoby Brissett,00-0034973;00-0031389;00-0032891;00-0032888;00-0033882;00-0033445;00-0034746;00-0035692;00-0030063;00-0032320;00-0029212,Maxx Crosby;Lamarcus Joyner;Daryl Worley;Karl Joseph;Gareon Conley;Nicholas Morrow;Maurice Hurst;Clelin Ferrell;Johnathan Hankins;Erik Harris;Tahir Whitehead
2019_04_OAK_IND,3572,pass,2.0,64.0,62.0,IND,4.0,480.0,64.0,33.0,8:00,7:27,,10.0,24.0,1.0,10.0,"4 DL, 2 LB, 5 DB",;;;;;;;;;;,11,7,4,ZONE_COVERAGE,COVER_3,False,00-0034367;00-0027960;00-0032355;00-0034836;00-0030181;00-0032383;00-0034342;00-0031581;00-0035639;00-0033251;00-0033119,Nyheim Hines;Anthony Castonzo;Chester Rogers;Braden Smith;Jack Doyle;Ryan Kelly;Quenton Nelson;Mark Glowinski;Parris Campbell;Zach Pascal;Jacoby Brissett,00-0034973;00-0031389;00-0032891;00-0032888;00-0033882;00-0033445;00-0034746;00-0035692;00-0030063;00-0032320;00-0029212,Maxx Crosby;Lamarcus Joyner;Daryl Worley;Karl Joseph;Gareon Conley;Nicholas Morrow;Maurice Hurst;Clelin Ferrell;Johnathan Hankins;Erik Harris;Tahir Whitehead
2019_04_OAK_IND,3596,pass,0.0,62.0,62.0,IND,4.0,447.0,62.0,5.0,7:27,7:22,,10.0,24.0,2.0,8.0,"4 DL, 2 LB, 5 DB",;;;;;;;;;;,11,6,4,ZONE_COVERAGE,COVER_6,False,00-0034400;00-0027960;00-0032355;00-0034836;00-0030181;00-0032383;00-0034342;00-0031581;00-0033251;00-0033119;00-0034406,Jordan Wilkins;Anthony Castonzo;Chester Rogers;Braden Smith;Jack Doyle;Ryan Kelly;Quenton Nelson;Mark Glowinski;Zach Pascal;Jacoby Brissett;Deon Cain,00-0034973;00-0031389;00-0032891;00-0032888;00-0033882;00-0033445;00-0034746;00-0034825;00-0030063;00-0032320;00-0029212,Maxx Crosby;Lamarcus Joyner;Daryl Worley;Karl Joseph;Gareon Conley;Nicholas Morrow;Maurice Hurst;Arden Key;Johnathan Hankins;Erik Harris;Tahir Whitehead
2019_04_OAK_IND,3618,pass,23.0,62.0,39.0,IND,4.0,442.0,62.0,26.0,7:22,6:56,,10.0,24.0,3.0,8.0,"4 DL, 1 LB, 6 DB",;;;;;;;;;;,11,6,4,ZONE_COVERAGE,COVER_2,True,00-0034400;00-0027960;00-0032355;00-0034836;00-0031387;00-0032383;00-0034342;00-0031581;00-0035639;00-0033251;00-0033119,Jordan Wilkins;Anthony Castonzo;Chester Rogers;Braden Smith;Eric Ebron;Ryan Kelly;Quenton Nelson;Mark Glowinski;Parris Campbell;Zach Pascal;Jacoby Brissett,00-0034973;00-0031389;00-0032891;00-0032888;00-0033882;00-0035695;00-0034825;00-0030063;00-0032320;00-0029212;00-0027956,Maxx Crosby;Lamarcus Joyner;Daryl Worley;Karl Joseph;Gareon Conley;Trayvon Mullen;Arden Key;Johnathan Hankins;Erik Harris;Tahir Whitehead;Corey Liuget
2019_04_OAK_IND,3642,pass,11.0,39.0,28.0,IND,4.0,416.0,39.0,31.0,6:56,6:25,,10.0,24.0,1.0,10.0,"4 DL, 2 LB, 5 DB",;;;;;;;;;;,11,6,4,ZONE_COVERAGE,COVER_6,False,00-0034400;00-0027960;00-0032355;00-0034836;00-0031387;00-0032383;00-0034342;00-0031581;00-0035639;00-0033251;00-0033119,Jordan Wilkins;Anthony Castonzo;Chester Rogers;Braden Smith;Eric Ebron;Ryan Kelly;Quenton Nelson;Mark Glowinski;Parris Campbell;Zach Pascal;Jacoby Brissett,00-0034973;00-0031389;00-0032891;00-0032888;00-0033882;00-0033445;00-0034825;00-0030063;00-0032320;00-0029212;00-0027956,Maxx Crosby;Lamarcus Joyner;Daryl Worley;Karl Joseph;Gareon Conley;Nicholas Morrow;Arden Key;Johnathan Hankins;Erik Harris;Tahir Whitehead;Corey Liuget
2019_04_OAK_IND,3666,run,8.0,28.0,20.0,IND,4.0,385.0,28.0,22.0,6:25,6:03,,10.0,24.0,1.0,10.0,"4 DL, 2 LB, 5 DB",;;;;;;;;;;,11,6,5,,,,00-0034400;00-0027960;00-0032355;00-0034836;00-0031387;00-0032383;00-0034342;00-0031581;00-0035639;00-0033251;00-0033119,Jordan Wilkins;Anthony Castonzo;Chester Rogers;Braden Smith;Eric Ebron;Ryan Kelly;Quenton Nelson;Mark Glowinski;Parris Campbell;Zach Pascal;Jacoby Brissett,00-0034973;00-0031389;00-0032891;00-0032888;00-0033882;00-0033445;00-0034746;00-0034825;00-0032320;00-0029212;00-0027956,Maxx Crosby;Lamarcus Joyner;Daryl Worley;Karl Joseph;Gareon Conley;Nicholas Morrow;Maurice Hurst;Arden Key;Erik Harris;Tahir Whitehead;Corey Liuget
2019_04_OAK_IND,3692,timeout,0.0,,,,4.0,363.0,,0.0,6:03,6:03,LV,10.0,24.0,,0.0,,,0,,,,,,,,,
2019_04_OAK_IND,3709,run,1.0,20.0,19.0,IND,4.0,363.0,20.0,18.0,6:03,5:45,,10.0,24.0,2.0,2.0,"4 DL, 2 LB, 5 DB",;;;;;;;;;;,11,6,,,,,00-0034367;00-0027960;00-0034836;00-0032355;00-0030181;00-0032383;00-0034342;00-0031581;00-0035639;00-0033251;00-0033119,Nyheim Hines;Anthony Castonzo;Braden Smith;Chester Rogers;Jack Doyle;Ryan Kelly;Quenton Nelson;Mark Glowinski;Parris Campbell;Zach Pascal;Jacoby Brissett,00-0031389;00-0032891;00-0032888;00-0033445;00-0033882;00-0034746;00-0034825;00-0035692;00-0032320;00-0034262;00-0029212,Lamarcus Joyner;Daryl Worley;Karl Joseph;Nicholas Morrow;Gareon Conley;Maurice Hurst;Arden Key;Clelin Ferrell;Erik Harris;P.J. Hall;Tahir Whitehead
2019_04_OAK_IND,3753,no_play,0.0,9.0,9.0,IND,4.0,345.0,9.0,6.0,5:45,5:39,,10.0,24.0,1.0,9.0,"4 DL, 2 LB, 5 DB",;;;;;;;;;;,11,6,,,,,00-0034367;00-0027960;00-0034836;00-0031387;00-0032383;00-0034342;00-0031581;00-0035639;00-0033251;00-0033119;00-0034406,Nyheim Hines;Anthony Castonzo;Braden Smith;Eric Ebron;Ryan Kelly;Quenton Nelson;Mark Glowinski;Parris Campbell;Zach Pascal;Jacoby Brissett;Deon Cain,00-0031389;00-0032891;00-0032888;00-0033882;00-0033445;00-0034746;00-0034825;00-0035692;00-0032320;00-0034262;00-0029212,Lamarcus Joyner;Daryl Worley;Karl Joseph;Gareon Conley;Nicholas Morrow;Maurice Hurst;Arden Key;Clelin Ferrell;Erik Harris;P.J. Hall;Tahir Whitehead
2019_04_OAK_IND,3786,pass,0.0,4.0,4.0,IND,4.0,339.0,4.0,3.0,5:39,5:36,,10.0,24.0,1.0,4.0,"4 DL, 2 LB, 5 DB",;;;;;;;;;;,11,6,4,MAN_COVERAGE,COVER_1,False,00-0034367;00-0027960;00-0034836;00-0031387;00-0030181;00-0032383;00-0034342;00-0031581;00-0033251;00-0033119;00-0034406,Nyheim Hines;Anthony Castonzo;Braden Smith;Eric Ebron;Jack Doyle;Ryan Kelly;Quenton Nelson;Mark Glowinski;Zach Pascal;Jacoby Brissett;Deon Cain,00-0031389;00-0032891;00-0032888;00-0033445;00-0033882;00-0034746;00-0034825;00-0035692;00-0032320;00-0034262;00-0029212,Lamarcus Joyner;Daryl Worley;Karl Joseph;Nicholas Morrow;Gareon Conley;Maurice Hurst;Arden Key;Clelin Ferrell;Erik Harris;P.J. Hall;Tahir Whitehead
2019_04_OAK_IND,3808,pass,0.0,4.0,4.0,IND,4.0,336.0,4.0,4.0,5:36,5:32,,10.0,24.0,2.0,4.0,"4 DL, 2 LB, 5 DB",;;;;;;;;;;,11,8,8,MAN_COVERAGE,COVER_0,False,00-0034367;00-0027960;00-0032355;00-0034836;00-0030181;00-0032383;00-0034342;00-0031581;00-0033251;00-0033119;00-0034406,Nyheim Hines;Anthony Castonzo;Chester Rogers;Braden Smith;Jack Doyle;Ryan Kelly;Quenton Nelson;Mark Glowinski;Zach Pascal;Jacoby Brissett;Deon Cain,00-0031389;00-0032891;00-0032888;00-0033882;00-0033445;00-0034825;00-0035692;00-0030063;00-0032320;00-0034262;00-0029212,Lamarcus Joyner;Daryl Worley;Karl Joseph;Gareon Conley;Nicholas Morrow;Arden Key;Clelin Ferrell;Johnathan Hankins;Erik Harris;P.J. Hall;Tahir Whitehead
2019_04_OAK_IND,3830,pass,4.0,4.0,0.0,IND,4.0,332.0,4.0,5.0,5:32,5:27,,16.0,24.0,3.0,4.0,"4 DL, 2 LB, 5 DB",;;;;;;;;;;,11,7,4,MAN_COVERAGE,COVER_1,False,00-0034367;00-0027960;00-0034836;00-0032355;00-0030181;00-0032383;00-0034342;00-0031581;00-0033251;00-0033119;00-0034406,Nyheim Hines;Anthony Castonzo;Braden Smith;Chester Rogers;Jack Doyle;Ryan Kelly;Quenton Nelson;Mark Glowinski;Zach Pascal;Jacoby Brissett;Deon Cain,00-0034973;00-0031389;00-0032891;00-0032888;00-0033882;00-0033445;00-0035692;00-0030063;00-0032320;00-0034262;00-0029212,Maxx Crosby;Lamarcus Joyner;Daryl Worley;Karl Joseph;Gareon Conley;Nicholas Morrow;Clelin Ferrell;Johnathan Hankins;Erik Harris;P.J. Hall;Tahir Whitehead
2019_04_OAK_IND,3855,extra_point,0.0,15.0,15.0,IND,4.0,327.0,15.0,0.0,5:27,5:27,,17.0,24.0,,0.0,,;;;;;;;;;;,11,,,,,,00-0027960;00-0030449;00-0033952;00-0016919;00-0034836;00-0032419;00-0034342;00-0033269;00-0031581;00-0033217;00-0032753,Anthony Castonzo;Margus Hunt;Grover Stewart;Adam Vinatieri;Braden Smith;Joe Haeg;Quenton Nelson;Rigoberto Sanchez;Mark Glowinski;Mo Alie-Cox;Luke Rhodes,00-0034973;00-0032891;00-0029647;00-0032888;00-0033445;00-0034746;00-0035692;00-0030063;00-0032320;00-0029212;00-0035133,Maxx Crosby;Daryl Worley;Kyle Wilber;Karl Joseph;Nicholas Morrow;Maurice Hurst;Clelin Ferrell;Johnathan Hankins;Erik Harris;Tahir Whitehead;Keisean Nixon
2019_04_OAK_IND,3871,kickoff,0.0,35.0,35.0,LV,4.0,327.0,35.0,0.0,5:27,5:27,,17.0,24.0,,0.0,,;;;;;;;;;;,11,,,,,,00-0035534;00-0034431;00-0034091;00-0034987;00-0035530;00-0033544;00-0035637;00-0032830;00-0035021;00-0033269;00-0034424,Marvell Tell;Zaire Franklin;George Odum;E.J. Speed;Khari Willis;Quincy Wilson;Rock Ya-Sin;Rolan Milligan;Ashton Dulin;Rigoberto Sanchez;Matthew Adams,00-0029119;00-0033445;00-0034981;00-0032940;00-0032423;00-0032320;00-0035125;00-0032042;00-0031610;00-0032160;00-0034983,Derek Carrier;Nicholas Morrow;Foster Moreau;DeAndre Washington;Trevor Davis;Erik Harris;Alec Ingold;Curtis Riley;Darren Waller;Tyrell Williams;Hunter Renfrow
2019_04_OAK_IND,3895,no_play,0.0,75.0,75.0,LV,4.0,327.0,75.0,0.0,5:27,5:27,,17.0,24.0,1.0,10.0,"4 DL, 2 LB, 5 DB",;;;;;;;;;;,11,,,,,,00-0027993;00-0034759;00-0031280;00-0035700;00-0023516;00-0031632;00-0032071;00-0031610;00-0035120;00-0032160;00-0034983,Rodney Hudson;Kolton Miller;Derek Carr;Josh Jacobs;Richie Incognito;Denzelle Good;Trent Brown;Darren Waller;Keelan Doss;Tyrell Williams;Hunter Renfrow,00-0033570;00-0031571;00-0031331;00-0033393;00-0030449;00-0033952;00-0035530;00-0035637;00-0033964;00-0035687;00-0027975,Anthony Walker;Clayton Geathers;Pierre Desir;Kenny Moore II;Margus Hunt;Grover Stewart;Khari Willis;Rock Ya-Sin;Al-Quadin Muhammad;Bobby Okereke;Jabaal Sheard
2019_04_OAK_IND,3918,run,16.0,80.0,64.0,LV,4.0,327.0,80.0,46.0,5:27,4:41,,17.0,24.0,1.0,15.0,"4 DL, 2 LB, 5 DB",;;;;;;;;;;,11,6,,,,,00-0027993;00-0034759;00-0031280;00-0035700;00-0031632;00-0023516;00-0032071;00-0035120;00-0031610;00-0034983;00-0032160,Rodney Hudson;Kolton Miller;Derek Carr;Josh Jacobs;Denzelle Good;Richie Incognito;Trent Brown;Keelan Doss;Darren Waller;Hunter Renfrow;Tyrell Williams,00-0033570;00-0031571;00-0031331;00-0033393;00-0030449;00-0033952;00-0035530;00-0035637;00-0033964;00-0035687;00-0027975,Anthony Walker;Clayton Geathers;Pierre Desir;Kenny Moore II;Margus Hunt;Grover Stewart;Khari Willis;Rock Ya-Sin;Al-Quadin Muhammad;Bobby Okereke;Jabaal Sheard
2019_04_OAK_IND,3942,no_play,0.0,64.0,64.0,LV,4.0,281.0,64.0,0.0,4:41,4:41,,17.0,24.0,1.0,10.0,"4 DL, 2 LB, 5 DB",;;;;;;;;;;,11,,,,,,00-0027993;00-0034759;00-0031280;00-0035700;00-0023516;00-0031632;00-0032071;00-0035120;00-0031610;00-0032160;00-0034983,Rodney Hudson;Kolton Miller;Derek Carr;Josh Jacobs;Richie Incognito;Denzelle Good;Trent Brown;Keelan Doss;Darren Waller;Tyrell Williams;Hunter Renfrow,00-0033570;00-0031571;00-0031331;00-0033393;00-0030449;00-0035530;00-0035637;00-0033964;00-0033046;00-0035687;00-0027975,Anthony Walker;Clayton Geathers;Pierre Desir;Kenny Moore II;Margus Hunt;Khari Willis;Rock Ya-Sin;Al-Quadin Muhammad;Jihad Ward;Bobby Okereke;Jabaal Sheard
2019_04_OAK_IND,3965,run,8.0,69.0,61.0,LV,4.0,281.0,69.0,41.0,4:41,4:00,,17.0,24.0,1.0,15.0,"4 DL, 2 LB, 5 DB",;;;;;;;;;;,11,6,,,,,00-0027993;00-0034759;00-0031280;00-0035700;00-0023516;00-0031632;00-0032071;00-0035120;00-0031610;00-0032160;00-0034983,Rodney Hudson;Kolton Miller;Derek Carr;Josh Jacobs;Richie Incognito;Denzelle Good;Trent Brown;Keelan Doss;Darren Waller;Tyrell Williams;Hunter Renfrow,00-0033570;00-0031571;00-0031331;00-0033393;00-0030449;00-0035530;00-0035637;00-0033964;00-0033046;00-0035687;00-0027975,Anthony Walker;Clayton Geathers;Pierre Desir;Kenny Moore II;Margus Hunt;Khari Willis;Rock Ya-Sin;Al-Quadin Muhammad;Jihad Ward;Bobby Okereke;Jabaal Sheard
2019_04_OAK_IND,3986,run,2.0,61.0,59.0,LV,4.0,240.0,61.0,43.0,4:00,3:17,,17.0,24.0,2.0,7.0,"4 DL, 3 LB, 4 DB",;;;;;;;;;;,11,7,,,,,00-0027993;00-0034981;00-0034759;00-0031280;00-0035700;00-0023516;00-0031632;00-0035125;00-0032071;00-0031610;00-0032160,Rodney Hudson;Foster Moreau;Kolton Miller;Derek Carr;Josh Jacobs;Richie Incognito;Denzelle Good;Alec Ingold;Trent Brown;Darren Waller;Tyrell Williams,00-0031571;00-0033570;00-0031331;00-0034987;00-0035530;00-0031254;00-0035637;00-0033964;00-0033046;00-0035687;00-0027975,Clayton Geathers;Anthony Walker;Pierre Desir;E.J. Speed;Khari Willis;Denico Autry;Rock Ya-Sin;Al-Quadin Muhammad;Jihad Ward;Bobby Okereke;Jabaal Sheard
2019_04_OAK_IND,4007,no_play,0.0,59.0,59.0,LV,4.0,197.0,59.0,0.0,3:17,3:17,,17.0,24.0,3.0,5.0,"4 DL, 1 LB, 6 DB",;;;;;;;;;;,11,,,,,,00-0027993;00-0034759;00-0031280;00-0031632;00-0023516;00-0033025;00-0032071;00-0031610;00-0035120;00-0032160;00-0034983,Rodney Hudson;Kolton Miller;Derek Carr;Denzelle Good;Richie Incognito;Jalen Richard;Trent Brown;Darren Waller;Keelan Doss;Tyrell Williams;Hunter Renfrow,00-0028008;00-0033570;00-0031571;00-0031331;00-0034091;00-0035530;00-0034354;00-0031254;00-0035637;00-0032830;00-0027975,Justin Houston;Anthony Walker;Clayton Geathers;Pierre Desir;George Odum;Khari Willis;Kemoko Turay;Denico Autry;Rock Ya-Sin;Rolan Milligan;Jabaal Sheard
2019_04_OAK_IND,4030,pass,3.0,64.0,61.0,LV,4.0,197.0,64.0,41.0,3:17,2:36,,17.0,24.0,3.0,10.0,"4 DL, 1 LB, 6 DB",;;;;;;;;;;,11,5,5,MAN_COVERAGE,COVER_1,False,00-0027993;00-0034759;00-0031280;00-0031632;00-0023516;00-0033025;00-0032071;00-0035120;00-0031610;00-0032160;00-0034983,Rodney Hudson;Kolton Miller;Derek Carr;Denzelle Good;Richie Incognito;Jalen Richard;Trent Brown;Keelan Doss;Darren Waller;Tyrell Williams;Hunter Renfrow,00-0028008;00-0033570;00-0031571;00-0031331;00-0033393;00-0034091;00-0035530;00-0034354;00-0031254;00-0035637;00-0027975,Justin Houston;Anthony Walker;Clayton Geathers;Pierre Desir;Kenny Moore II;George Odum;Khari Willis;Kemoko Turay;Denico Autry;Rock Ya-Sin;Jabaal Sheard
2019_04_OAK_IND,4054,punt,0.0,61.0,61.0,LV,4.0,156.0,61.0,8.0,2:36,2:28,,17.0,24.0,4.0,7.0,,;;;;;;;;;;,11,,,,,,00-0035190;00-0034973;00-0029119;00-0029647;00-0033445;00-0034981;00-0032320;00-0035125;00-0032042;00-0035133;00-0034198,AJ Cole;Maxx Crosby;Derek Carrier;Kyle Wilber;Nicholas Morrow;Foster Moreau;Erik Harris;Alec Ingold;Curtis Riley;Keisean Nixon;Trent Sieg,00-0034400;00-0035534;00-0034431;00-0033393;00-0032355;00-0034091;00-0034987;00-0035637;00-0032830;00-0035021;00-0034424,Jordan Wilkins;Marvell Tell;Zaire Franklin;Kenny Moore II;Chester Rogers;George Odum;E.J. Speed;Rock Ya-Sin;Rolan Milligan;Ashton Dulin;Matthew Adams
2019_04_OAK_IND,4082,pass,0.0,85.0,85.0,IND,4.0,148.0,85.0,6.0,2:28,2:22,,17.0,24.0,1.0,10.0,"4 DL, 2 LB, 5 DB",;;;;;;;;;;,11,5,4,ZONE_COVERAGE,COVER_6,False,00-0034367;00-0027960;00-0034836;00-0032355;00-0031387;00-0032383;00-0034342;00-0031581;00-0033251;00-0033119;00-0034406,Nyheim Hines;Anthony Castonzo;Braden Smith;Chester Rogers;Eric Ebron;Ryan Kelly;Quenton Nelson;Mark Glowinski;Zach Pascal;Jacoby Brissett;Deon Cain,00-0034973;00-0031389;00-0032891;00-0032888;00-0033882;00-0033445;00-0034746;00-0034825;00-0035692;00-0032320;00-0029212,Maxx Crosby;Lamarcus Joyner;Daryl Worley;Karl Joseph;Gareon Conley;Nicholas Morrow;Maurice Hurst;Arden Key;Clelin Ferrell;Erik Harris;Tahir Whitehead
2019_04_OAK_IND,4119,pass,10.0,85.0,75.0,IND,4.0,142.0,85.0,5.0,2:22,2:17,,17.0,24.0,2.0,10.0,"4 DL, 2 LB, 5 DB",;;;;;;;;;;,11,5,4,ZONE_COVERAGE,COVER_4,True,00-0034367;00-0027960;00-0034836;00-0030181;00-0032383;00-0034342;00-0031581;00-0035639;00-0033251;00-0033119;00-0034406,Nyheim Hines;Anthony Castonzo;Braden Smith;Jack Doyle;Ryan Kelly;Quenton Nelson;Mark Glowinski;Parris Campbell;Zach Pascal;Jacoby Brissett;Deon Cain,00-0034973;00-0031389;00-0032891;00-0032888;00-0033445;00-0033882;00-0034825;00-0035692;00-0030063;00-0032320;00-0029212,Maxx Crosby;Lamarcus Joyner;Daryl Worley;Karl Joseph;Nicholas Morrow;Gareon Conley;Arden Key;Clelin Ferrell;Johnathan Hankins;Erik Harris;Tahir Whitehead
2019_04_OAK_IND,4148,turnover,0.0,75.0,75.0,IND,4.0,137.0,75.0,8.0,2:17,2:09,,17.0,30.0,1.0,10.0,"4 DL, 2 LB, 5 DB",;;;;;;;;;;,11,5,4,ZONE_COVERAGE,COVER_3,False,00-0034367;00-0027960;00-0034836;00-0030181;00-0032383;00-0034342;00-0031581;00-0035639;00-0033251;00-0033119;00-0034406,Nyheim Hines;Anthony Castonzo;Braden Smith;Jack Doyle;Ryan Kelly;Quenton Nelson;Mark Glowinski;Parris Campbell;Zach Pascal;Jacoby Brissett;Deon Cain,00-0034973;00-0031389;00-0032891;00-0032888;00-0033882;00-0033445;00-0034825;00-0035692;00-0030063;00-0032320;00-0029212,Maxx Crosby;Lamarcus Joyner;Daryl Worley;Karl Joseph;Gareon Conley;Nicholas Morrow;Arden Key;Clelin Ferrell;Johnathan Hankins;Erik Harris;Tahir Whitehead
2019_04_OAK_IND,4175,extra_point,0.0,15.0,15.0,LV,4.0,129.0,15.0,0.0,2:09,2:09,,17.0,31.0,,0.0,,;;;;;;;;;,10,,,,,,00-0035190;00-0034161;00-0033946;00-0029119;00-0035127;00-0034981;00-0034759;00-0031632;00-0023516;00-0032071;00-0034198,AJ Cole;Daniel Carlson;David Sharpe;Derek Carrier;Andre James;Foster Moreau;Kolton Miller;Denzelle Good;Richie Incognito;Trent Brown;Trent Sieg,00-0034431;00-0033570;00-0033393;00-0030449;00-0033952;00-0034091;00-0031254;00-0035637;00-0032830;00-0034424,Zaire Franklin;Anthony Walker;Kenny Moore II;Margus Hunt;Grover Stewart;George Odum;Denico Autry;Rock Ya-Sin;Rolan Milligan;Matthew Adams
2019_04_OAK_IND,4191,kickoff,0.0,35.0,35.0,IND,4.0,129.0,35.0,0.0,2:09,2:09,,17.0,31.0,,0.0,,;;;;;;;;;;,11,,,,,,00-0034161;00-0029119;00-0029647;00-0032888;00-0035695;00-0032940;00-0034726;00-0035419;00-0035125;00-0032042;00-0035133,Daniel Carlson;Derek Carrier;Kyle Wilber;Karl Joseph;Trayvon Mullen;DeAndre Washington;Dallin Leavitt;Justin Phillips;Alec Ingold;Curtis Riley;Keisean Nixon,00-0034400;00-0034431;00-0034987;00-0034091;00-0035530;00-0033544;00-0032830;00-0033217;00-0035687;00-0033251;00-0034424,Jordan Wilkins;Zaire Franklin;E.J. Speed;George Odum;Khari Willis;Quincy Wilson;Rolan Milligan;Mo Alie-Cox;Bobby Okereke;Zach Pascal;Matthew Adams
2019_04_OAK_IND,4215,no_play,0.0,75.0,75.0,IND,4.0,129.0,75.0,8.0,2:09,2:01,,17.0,31.0,1.0,10.0,"4 DL, 2 LB, 5 DB",;;;;;;;;;;,11,6,,,,,00-0034367;00-0027960;00-0032355;00-0034836;00-0030181;00-0032383;00-0034342;00-0031581;00-0033251;00-0033119;00-0034406,Nyheim Hines;Anthony Castonzo;Chester Rogers;Braden Smith;Jack Doyle;Ryan Kelly;Quenton Nelson;Mark Glowinski;Zach Pascal;Jacoby Brissett;Deon Cain,00-0031389;00-0032891;00-0032888;00-0033882;00-0033445;00-0034746;00-0034825;00-0035692;00-0032320;00-0034262;00-0029212,Lamarcus Joyner;Daryl Worley;Karl Joseph;Gareon Conley;Nicholas Morrow;Maurice Hurst;Arden Key;Clelin Ferrell;Erik Harris;P.J. Hall;Tahir Whitehead
2019_04_OAK_IND,4251,pass,0.0,80.0,80.0,IND,4.0,121.0,80.0,8.0,2:01,1:53,,17.0,31.0,1.0,15.0,"4 DL, 2 LB, 5 DB",;;;;;;;;;;,11,6,4,ZONE_COVERAGE,COVER_6,True,00-0034367;00-0027960;00-0034836;00-0032355;00-0030181;00-0032383;00-0034342;00-0031581;00-0033251;00-0033119;00-0034406,Nyheim Hines;Anthony Castonzo;Braden Smith;Chester Rogers;Jack Doyle;Ryan Kelly;Quenton Nelson;Mark Glowinski;Zach Pascal;Jacoby Brissett;Deon Cain,00-0031389;00-0032891;00-0032888;00-0033882;00-0033445;00-0034746;00-0034825;00-0035692;00-0032320;00-0034262;00-0029212,Lamarcus Joyner;Daryl Worley;Karl Joseph;Gareon Conley;Nicholas Morrow;Maurice Hurst;Arden Key;Clelin Ferrell;Erik Harris;P.J. Hall;Tahir Whitehead
2019_04_OAK_IND,4290,pass,28.0,80.0,52.0,IND,4.0,113.0,80.0,20.0,1:53,1:33,,17.0,31.0,2.0,15.0,"4 DL, 2 LB, 5 DB",;;;;;;;;;;,11,6,4,ZONE_COVERAGE,COVER_6,False,00-0034367;00-0027960;00-0034836;00-0032355;00-0030181;00-0032383;00-0034342;00-0031581;00-0033251;00-0033119;00-0034406,Nyheim Hines;Anthony Castonzo;Braden Smith;Chester Rogers;Jack Doyle;Ryan Kelly;Quenton Nelson;Mark Glowinski;Zach Pascal;Jacoby Brissett;Deon Cain,00-0034973;00-0031389;00-0032891;00-0032888;00-0033882;00-0033445;00-0034746;00-0034825;00-0032320;00-0034262;00-0029212,Maxx Crosby;Lamarcus Joyner;Daryl Worley;Karl Joseph;Gareon Conley;Nicholas Morrow;Maurice Hurst;Arden Key;Erik Harris;P.J. Hall;Tahir Whitehead
2019_04_OAK_IND,4314,pass,4.0,52.0,48.0,IND,4.0,93.0,52.0,4.0,1:33,1:29,,17.0,31.0,1.0,10.0,"4 DL, 2 LB, 5 DB",;;;;;;;;;;,11,6,4,ZONE_COVERAGE,COVER_2,False,00-0034367;00-0027960;00-0034836;00-0032355;00-0030181;00-0032383;00-0034342;00-0031581;00-0033251;00-0033119;00-0034406,Nyheim Hines;Anthony Castonzo;Braden Smith;Chester Rogers;Jack Doyle;Ryan Kelly;Quenton Nelson;Mark Glowinski;Zach Pascal;Jacoby Brissett;Deon Cain,00-0034973;00-0031389;00-0032891;00-0032888;00-0033445;00-0033882;00-0034746;00-0034825;00-0032320;00-0034262;00-0029212,Maxx Crosby;Lamarcus Joyner;Daryl Worley;Karl Joseph;Nicholas Morrow;Gareon Conley;Maurice Hurst;Arden Key;Erik Harris;P.J. Hall;Tahir Whitehead
2019_04_OAK_IND,4343,pass,0.0,48.0,48.0,IND,4.0,89.0,48.0,6.0,1:29,1:23,,17.0,31.0,2.0,6.0,"4 DL, 2 LB, 5 DB",;;;;;;;;;;,11,6,4,ZONE_COVERAGE,COVER_3,True,00-0034367;00-0027960;00-0032355;00-0034836;00-0030181;00-0032383;00-0034342;00-0031581;00-0033251;00-0033119;00-0034406,Nyheim Hines;Anthony Castonzo;Chester Rogers;Braden Smith;Jack Doyle;Ryan Kelly;Quenton Nelson;Mark Glowinski;Zach Pascal;Jacoby Brissett;Deon Cain,00-0034973;00-0031389;00-0032891;00-0032888;00-0033882;00-0033445;00-0034746;00-0034825;00-0032320;00-0034262;00-0029212,Maxx Crosby;Lamarcus Joyner;Daryl Worley;Karl Joseph;Gareon Conley;Nicholas Morrow;Maurice Hurst;Arden Key;Erik Harris;P.J. Hall;Tahir Whitehead
2019_04_OAK_IND,4365,timeout,0.0,,,,4.0,83.0,,0.0,1:23,1:23,LV,17.0,31.0,,0.0,,,0,,,,,,,,,
2019_04_OAK_IND,4386,pass,0.0,48.0,48.0,IND,4.0,83.0,48.0,4.0,1:23,1:19,,17.0,31.0,3.0,6.0,"4 DL, 1 LB, 6 DB",;;;;;;;;;;,11,6,5,MAN_COVERAGE,COVER_1,False,00-0034367;00-0027960;00-0034836;00-0032355;00-0031387;00-0032383;00-0034342;00-0031581;00-0033251;00-0033119;00-0034406,Nyheim Hines;Anthony Castonzo;Braden Smith;Chester Rogers;Eric Ebron;Ryan Kelly;Quenton Nelson;Mark Glowinski;Zach Pascal;Jacoby Brissett;Deon Cain,00-0034973;00-0031389;00-0032891;00-0032888;00-0033882;00-0035695;00-0034825;00-0030063;00-0032320;00-0029212;00-0027956,Maxx Crosby;Lamarcus Joyner;Daryl Worley;Karl Joseph;Gareon Conley;Trayvon Mullen;Arden Key;Johnathan Hankins;Erik Harris;Tahir Whitehead;Corey Liuget
2019_04_OAK_IND,4419,pass,48.0,48.0,0.0,IND,4.0,79.0,48.0,9.0,1:19,1:10,,23.0,31.0,4.0,6.0,"4 DL, 2 LB, 5 DB",;;;;;;;;;;,11,7,5,MAN_COVERAGE,COVER_1,True,00-0034367;00-0027960;00-0032355;00-0034836;00-0031387;00-0032383;00-0034342;00-0031581;00-0033251;00-0033119;00-0034406,Nyheim Hines;Anthony Castonzo;Chester Rogers;Braden Smith;Eric Ebron;Ryan Kelly;Quenton Nelson;Mark Glowinski;Zach Pascal;Jacoby Brissett;Deon Cain,00-0034973;00-0031389;00-0032891;00-0032888;00-0033882;00-0033445;00-0034825;00-0030063;00-0032320;00-0029212;00-0027956,Maxx Crosby;Lamarcus Joyner;Daryl Worley;Karl Joseph;Gareon Conley;Nicholas Morrow;Arden Key;Johnathan Hankins;Erik Harris;Tahir Whitehead;Corey Liuget
2019_04_OAK_IND,4444,extra_point,0.0,15.0,15.0,IND,4.0,70.0,15.0,0.0,1:10,1:10,,24.0,31.0,,0.0,,;;;;;;;;;;,11,,,,,,00-0027960;00-0030449;00-0016919;00-0033952;00-0034836;00-0032419;00-0034342;00-0033269;00-0031581;00-0033217;00-0032753,Anthony Castonzo;Margus Hunt;Adam Vinatieri;Grover Stewart;Braden Smith;Joe Haeg;Quenton Nelson;Rigoberto Sanchez;Mark Glowinski;Mo Alie-Cox;Luke Rhodes,00-0034973;00-0032891;00-0029647;00-0032888;00-0033445;00-0034746;00-0035692;00-0030063;00-0032320;00-0029212;00-0035133,Maxx Crosby;Daryl Worley;Kyle Wilber;Karl Joseph;Nicholas Morrow;Maurice Hurst;Clelin Ferrell;Johnathan Hankins;Erik Harris;Tahir Whitehead;Keisean Nixon
2019_04_OAK_IND,4460,kickoff,0.0,35.0,35.0,LV,4.0,70.0,35.0,4.0,1:10,1:06,,24.0,31.0,,0.0,,;;;;;;;;;;,11,,,,,,00-0035534;00-0034431;00-0034091;00-0034987;00-0035530;00-0033544;00-0035637;00-0032830;00-0035021;00-0033269;00-0034424,Marvell Tell;Zaire Franklin;George Odum;E.J. Speed;Khari Willis;Quincy Wilson;Rock Ya-Sin;Rolan Milligan;Ashton Dulin;Rigoberto Sanchez;Matthew Adams,00-0029119;00-0033445;00-0034981;00-0032940;00-0032423;00-0032320;00-0035125;00-0032042;00-0031610;00-0035120;00-0034983,Derek Carrier;Nicholas Morrow;Foster Moreau;DeAndre Washington;Trevor Davis;Erik Harris;Alec Ingold;Curtis Riley;Darren Waller;Keelan Doss;Hunter Renfrow
2019_04_OAK_IND,4487,run,7.0,81.0,74.0,LV,4.0,66.0,81.0,5.0,1:06,1:01,,24.0,31.0,1.0,10.0,"4 DL, 3 LB, 4 DB",;;;;;;;;;;,11,7,,,,,00-0027993;00-0034981;00-0034759;00-0031280;00-0035700;00-0023516;00-0031632;00-0035125;00-0032071;00-0035120;00-0031610,Rodney Hudson;Foster Moreau;Kolton Miller;Derek Carr;Josh Jacobs;Richie Incognito;Denzelle Good;Alec Ingold;Trent Brown;Keelan Doss;Darren Waller,00-0028008;00-0033570;00-0031571;00-0033393;00-0033952;00-0034987;00-0035530;00-0031254;00-0035637;00-0033964;00-0035687,Justin Houston;Anthony Walker;Clayton Geathers;Kenny Moore II;Grover Stewart;E.J. Speed;Khari Willis;Denico Autry;Rock Ya-Sin;Al-Quadin Muhammad;Bobby Okereke
2019_04_OAK_IND,4508,timeout,0.0,,,,4.0,61.0,,0.0,1:01,1:01,IND,24.0,31.0,,0.0,,,0,,,,,,,,,
2019_04_OAK_IND,4525,run,5.0,74.0,69.0,LV,4.0,61.0,74.0,34.0,1:01,0:27,,24.0,31.0,2.0,3.0,"4 DL, 3 LB, 4 DB",;;;;;;;;;;,11,7,,,,,00-0027993;00-0033946;00-0034759;00-0031280;00-0035700;00-0023516;00-0031632;00-0035125;00-0032071;00-0035120;00-0031610,Rodney Hudson;David Sharpe;Kolton Miller;Derek Carr;Josh Jacobs;Richie Incognito;Denzelle Good;Alec Ingold;Trent Brown;Keelan Doss;Darren Waller,00-0028008;00-0031571;00-0033570;00-0033393;00-0033952;00-0034987;00-0035530;00-0031254;00-0035637;00-0033964;00-0035687,Justin Houston;Clayton Geathers;Anthony Walker;Kenny Moore II;Grover Stewart;E.J. Speed;Khari Willis;Denico Autry;Rock Ya-Sin;Al-Quadin Muhammad;Bobby Okereke
2019_04_OAK_IND,4548,qb_kneel,-1.0,69.0,70.0,LV,4.0,27.0,69.0,27.0,0:27,0:00,,24.0,31.0,1.0,10.0,"4 DL, 3 LB, 4 DB",;;;;;;;;;;,11,7,,,,,00-0027993;00-0034981;00-0034759;00-0031280;00-0035700;00-0023516;00-0031632;00-0035125;00-0032071;00-0035120;00-0031610,Rodney Hudson;Foster Moreau;Kolton Miller;Derek Carr;Josh Jacobs;Richie Incognito;Denzelle Good;Alec Ingold;Trent Brown;Keelan Doss;Darren Waller,00-0028008;00-0033570;00-0031571;00-0033393;00-0033952;00-0034987;00-0035530;00-0031254;00-0035637;00-0033964;00-0035687,Justin Houston;Anthony Walker;Clayton Geathers;Kenny Moore II;Grover Stewart;E.J. Speed;Khari Willis;Denico Autry;Rock Ya-Sin;Al-Quadin Muhammad;Bobby Okereke
2019_04_OAK_IND,4569,end_game,,,,LV,4.0,0.0,,0.0,0:00,0:00,,24.0,31.0,,0.0,,,0,,,,,,,,,
