game_id,play_id,play_type,yards_gained,starting_yard,ending_yard,posteam,qtr,game_seconds_remaining,yardline_100,time_of_play,time_on_clock_start,time_on_clock_end,timeout_team,home_team_score,away_team_score,down,yds_to_go,defense_personnel,defense_positions,n_defense,defenders_in_box,number_of_pass_rushers,defense_man_zone_type,defense_coverage_type,was_pressure,offense_player_ids,offense_player_names,defense_player_ids,defense_player_names
2020_14_NE_LA,1,start_quarter_1,,,,,1.0,3600.0,,0.0,15:00,15:00,,0.0,0.0,,0.0,,,0,,,,,,,,,
2020_14_NE_LA,41,kickoff,0.0,35.0,35.0,LA,1.0,3600.0,35.0,0.0,15:00,15:00,,0.0,0.0,,0.0,,;;;;;;;;;;,11,,,,,,00-0035241;00-0035645;00-0026293;00-0036231;00-0035654;00-0036087;00-0029764;00-0035280;00-0032580;00-0031404;00-0029530,Joejuan Williams;Gunner Olszewski;Matthew Slater;Kyle Dugger;Chase Winovich;Myles Bryant;Cody Davis;Jake Bailey;Jonathan Jones;Adrian Phillips;Justin Bethel,00-0035830;00-0036415;00-0035615;00-0035621;00-0032671;00-0036077;00-0031806;00-0036424;00-0033246;00-0035669;00-0033920,J.R. Reed;Van Jefferson;Natrez Patrick;Nsimba Webster;Morgan Fox;JuJu Hughes;Malcolm Brown;Brycen Hopkins;Johnny Mundt;Nick Scott;Derek Rivers
2020_14_NE_LA,56,pass,25.0,75.0,50.0,LA,1.0,3600.0,75.0,37.0,15:00,14:23,,0.0,0.0,1.0,10.0,"4 DL, 2 LB, 5 DB",;;;;;;;;;;,11,6,4,ZONE_COVERAGE,COVER_2,False,00-0033106;00-0033110;00-0034261;00-0033895;00-0032455;00-0036414;00-0032242;00-0030431;00-0035668;00-0033943;00-0034803,Jared Goff;Tyler Higbee;Austin Corbett;Gerald Everett;Austin Blythe;Cam Akers;Rob Havenstein;Robert Woods;David Edwards;Josh Reynolds;Joe Noteboom,00-0029542;00-0036231;00-0027647;00-0036193;00-0034385;00-0034591;00-0030442;00-0033947;00-0031404;00-0028171;00-0035278,Stephon Gilmore;Kyle Dugger;Devin McCourty;Anfernee Jennings;Ja'Whaun Bentley;J.C. Jackson;John Simon;Deatrich Wise;Adrian Phillips;Lawrence Guy;Byron Cowart
2020_14_NE_LA,85,no_play,0.0,50.0,50.0,LA,1.0,3563.0,50.0,11.0,14:23,14:12,,0.0,0.0,1.0,10.0,"4 DL, 2 LB, 5 DB",;;;;;;;;;;,11,,,,,,00-0033106;00-0033110;00-0034261;00-0033895;00-0032455;00-0036414;00-0032242;00-0030431;00-0035668;00-0033943;00-0034803,Jared Goff;Tyler Higbee;Austin Corbett;Gerald Everett;Austin Blythe;Cam Akers;Rob Havenstein;Robert Woods;David Edwards;Josh Reynolds;Joe Noteboom,00-0029542;00-0036231;00-0027647;00-0036193;00-0034385;00-0034591;00-0030442;00-0033947;00-0031404;00-0035278;00-0028171,Stephon Gilmore;Kyle Dugger;Devin McCourty;Anfernee Jennings;Ja'Whaun Bentley;J.C. Jackson;John Simon;Deatrich Wise;Adrian Phillips;Byron Cowart;Lawrence Guy
2020_14_NE_LA,108,run,35.0,45.0,10.0,LA,1.0,3552.0,45.0,37.0,14:12,13:35,,0.0,0.0,1.0,5.0,"4 DL, 2 LB, 5 DB",;;;;;;;;;;,11,7,,,,,00-0033106;00-0033110;00-0034261;00-0033895;00-0032455;00-0036414;00-0032242;00-0030431;00-0035668;00-0033943;00-0034803,Jared Goff;Tyler Higbee;Austin Corbett;Gerald Everett;Austin Blythe;Cam Akers;Rob Havenstein;Robert Woods;David Edwards;Josh Reynolds;Joe Noteboom,00-0029542;00-0036231;00-0027647;00-0036193;00-0034385;00-0034591;00-0030442;00-0033947;00-0031404;00-0028171;00-0035278,Stephon Gilmore;Kyle Dugger;Devin McCourty;Anfernee Jennings;Ja'Whaun Bentley;J.C. Jackson;John Simon;Deatrich Wise;Adrian Phillips;Lawrence Guy;Byron Cowart
2020_14_NE_LA,134,run,2.0,10.0,8.0,LA,1.0,3515.0,10.0,43.0,13:35,12:52,,0.0,0.0,1.0,10.0,"4 DL, 2 LB, 5 DB",;;;;;;;;;;,11,7,,,,,00-0033106;00-0033110;00-0034261;00-0033895;00-0032455;00-0036414;00-0032242;00-0030431;00-0035668;00-0033943;00-0034803,Jared Goff;Tyler Higbee;Austin Corbett;Gerald Everett;Austin Blythe;Cam Akers;Rob Havenstein;Robert Woods;David Edwards;Josh Reynolds;Joe Noteboom,00-0029542;00-0036231;00-0027647;00-0036193;00-0034385;00-0034591;00-0030442;00-0033947;00-0031404;00-0035278;00-0028171,Stephon Gilmore;Kyle Dugger;Devin McCourty;Anfernee Jennings;Ja'Whaun Bentley;J.C. Jackson;John Simon;Deatrich Wise;Adrian Phillips;Byron Cowart;Lawrence Guy
2020_14_NE_LA,155,run,4.0,8.0,4.0,LA,1.0,3472.0,8.0,47.0,12:52,12:05,,0.0,0.0,2.0,8.0,"4 DL, 2 LB, 5 DB",;;;;;;;;;;,11,6,,,,,00-0033106;00-0033110;00-0034261;00-0032455;00-0036414;00-0032242;00-0033908;00-0030431;00-0035668;00-0033943;00-0034803,Jared Goff;Tyler Higbee;Austin Corbett;Austin Blythe;Cam Akers;Rob Havenstein;Cooper Kupp;Robert Woods;David Edwards;Josh Reynolds;Joe Noteboom,00-0029542;00-0036231;00-0027647;00-0036193;00-0034385;00-0034591;00-0030442;00-0033947;00-0032580;00-0028171;00-0035278,Stephon Gilmore;Kyle Dugger;Devin McCourty;Anfernee Jennings;Ja'Whaun Bentley;J.C. Jackson;John Simon;Deatrich Wise;Jonathan Jones;Lawrence Guy;Byron Cowart
2020_14_NE_LA,176,pass,3.0,4.0,1.0,LA,1.0,3425.0,4.0,42.0,12:05,11:23,,0.0,0.0,3.0,4.0,"3 DL, 1 LB, 7 DB",;;;;;;;;;;,11,7,5,MAN_COVERAGE,COVER_0,False,00-0033106;00-0034261;00-0033895;00-0032455;00-0032242;00-0033908;00-0030431;00-0035668;00-0033943;00-0031806;00-0034803,Jared Goff;Austin Corbett;Gerald Everett;Austin Blythe;Rob Havenstein;Cooper Kupp;Robert Woods;David Edwards;Josh Reynolds;Malcolm Brown;Joe Noteboom,00-0029542;00-0035654;00-0036087;00-0027647;00-0033381;00-0034591;00-0033947;00-0032580;00-0031404;00-0027136;00-0036159,Stephon Gilmore;Chase Winovich;Myles Bryant;Devin McCourty;Adam Butler;J.C. Jackson;Deatrich Wise;Jonathan Jones;Adrian Phillips;Jason McCourty;Joshua Uche
2020_14_NE_LA,205,run,1.0,1.0,0.0,LA,1.0,3383.0,1.0,2.0,11:23,11:21,,6.0,0.0,4.0,1.0,"3 DL, 1 LB, 7 DB",;;;;;;;;;;,11,6,,,,,00-0033106;00-0034261;00-0033895;00-0032455;00-0033908;00-0032242;00-0030431;00-0035668;00-0033943;00-0031806;00-0034803,Jared Goff;Austin Corbett;Gerald Everett;Austin Blythe;Cooper Kupp;Rob Havenstein;Robert Woods;David Edwards;Josh Reynolds;Malcolm Brown;Joe Noteboom,00-0029542;00-0035654;00-0036087;00-0027647;00-0033381;00-0034591;00-0033947;00-0032580;00-0031404;00-0027136;00-0036159,Stephon Gilmore;Chase Winovich;Myles Bryant;Devin McCourty;Adam Butler;J.C. Jackson;Deatrich Wise;Jonathan Jones;Adrian Phillips;Jason McCourty;Joshua Uche
2020_14_NE_LA,227,extra_point,0.0,15.0,15.0,LA,1.0,3381.0,15.0,0.0,11:21,11:21,,7.0,0.0,,0.0,,;;;;;;;;;;,11,,,,,,00-0028394;00-0034261;00-0028872;00-0032455;00-0032242;00-0034114;00-0035668;00-0032671;00-0035269;00-0033246;00-0036437,Jake McQuaide;Austin Corbett;Johnny Hekker;Austin Blythe;Rob Havenstein;Coleman Shelton;David Edwards;Morgan Fox;Matt Gay;Johnny Mundt;Tremayne Anchrum,00-0026293;00-0027647;00-0035654;00-0029764;00-0036193;00-0030402;00-0030442;00-0033947;00-0032580;00-0029530;00-0035278,Matthew Slater;Devin McCourty;Chase Winovich;Cody Davis;Anfernee Jennings;Akeem Spence;John Simon;Deatrich Wise;Jonathan Jones;Justin Bethel;Byron Cowart
2020_14_NE_LA,243,kickoff,0.0,35.0,35.0,NE,1.0,3381.0,35.0,0.0,11:21,11:21,,7.0,0.0,,0.0,,;;;;;;;;;;,11,,,,,,00-0035830;00-0033945;00-0035591;00-0036415;00-0035615;00-0035621;00-0036077;00-0035269;00-0034807;00-0036424;00-0035669,J.R. Reed;Samson Ebukam;Justin Hollins;Van Jefferson;Natrez Patrick;Nsimba Webster;JuJu Hughes;Matt Gay;Ogbo Okoronkwo;Brycen Hopkins;Nick Scott,00-0034962;00-0035241;00-0035645;00-0026293;00-0035654;00-0029764;00-0035726;00-0031339;00-0031404;00-0036159;00-0029530,Terez Hall;Joejuan Williams;Gunner Olszewski;Matthew Slater;Chase Winovich;Cody Davis;Jakob Johnson;Donte Moncrief;Adrian Phillips;Joshua Uche;Justin Bethel
2020_14_NE_LA,258,run,1.0,75.0,74.0,NE,1.0,3381.0,75.0,38.0,11:21,10:43,,7.0,0.0,1.0,10.0,"3 DL, 4 LB, 4 DB",;;;;;;;;;;,11,7,,,,,00-0031852;00-0036198;00-0035726;00-0035657;00-0036163;00-0031580;00-0033290;00-0032391;00-0027939;00-0034960;00-0031868,David Andrews;Mike Onwenu;Jakob Johnson;Damien Harris;Justin Herron;Shaq Mason;Jermaine Eluemunor;Joe Thuney;Cam Newton;Jakobi Meyers;Damiere Byrd,00-0033927;00-0031785;00-0033945;00-0034810;00-0033072;00-0034266;00-0033055;00-0035617;00-0036431;00-0031388;00-0029630,John Johnson;Troy Hill;Samson Ebukam;Sebastian Joseph-Day;Leonard Floyd;Kenny Young;Jalen Ramsey;Troy Reeder;Jordan Fuller;Aaron Donald;Michael Brockers
2020_14_NE_LA,281,pass,0.0,74.0,74.0,NE,1.0,3343.0,74.0,50.0,10:43,9:53,,7.0,0.0,2.0,9.0,"3 DL, 4 LB, 4 DB",;;;;;;;;;;,11,7,4,ZONE_COVERAGE,COVER_6,False,00-0035624;00-0031852;00-0036198;00-0035657;00-0031580;00-0033290;00-0032391;00-0027939;00-0034960;00-0031868;00-0036225,N'Keal Harry;David Andrews;Mike Onwenu;Damien Harris;Shaq Mason;Jermaine Eluemunor;Joe Thuney;Cam Newton;Jakobi Meyers;Damiere Byrd;Dalton Keene,00-0033927;00-0031785;00-0033945;00-0034810;00-0033072;00-0034266;00-0033055;00-0035617;00-0036431;00-0031388;00-0029630,John Johnson;Troy Hill;Samson Ebukam;Sebastian Joseph-Day;Leonard Floyd;Kenny Young;Jalen Ramsey;Troy Reeder;Jordan Fuller;Aaron Donald;Michael Brockers
2020_14_NE_LA,305,pass,0.0,74.0,74.0,NE,1.0,3293.0,74.0,4.0,9:53,9:49,,7.0,0.0,3.0,9.0,"2 DL, 3 LB, 6 DB",;;;;;;;;;;,11,4,4,MAN_COVERAGE,COVER_1,True,00-0035624;00-0031852;00-0036198;00-0031580;00-0033290;00-0032391;00-0027939;00-0034960;00-0031062;00-0031868;00-0036225,N'Keal Harry;David Andrews;Mike Onwenu;Shaq Mason;Jermaine Eluemunor;Joe Thuney;Cam Newton;Jakobi Meyers;James White;Damiere Byrd;Dalton Keene,00-0033927;00-0031785;00-0033072;00-0033055;00-0032671;00-0035617;00-0036431;00-0034807;00-0034203;00-0031388;00-0035669,John Johnson;Troy Hill;Leonard Floyd;Jalen Ramsey;Morgan Fox;Troy Reeder;Jordan Fuller;Ogbo Okoronkwo;Darious Williams;Aaron Donald;Nick Scott
2020_14_NE_LA,327,punt,0.0,74.0,74.0,NE,1.0,3289.0,74.0,8.0,9:49,9:41,,7.0,0.0,4.0,9.0,,;;;;;;;;;;,11,,,,,,00-0026293;00-0036231;00-0035654;00-0029764;00-0035726;00-0034385;00-0035280;00-0030442;00-0031339;00-0032228;00-0029530,Matthew Slater;Kyle Dugger;Chase Winovich;Cody Davis;Jakob Johnson;Ja'Whaun Bentley;Jake Bailey;John Simon;Donte Moncrief;Joe Cardona;Justin Bethel,00-0035830;00-0035665;00-0035615;00-0035621;00-0036077;00-0034807;00-0034203;00-0036424;00-0033246;00-0035669;00-0033920,J.R. Reed;David Long;Natrez Patrick;Nsimba Webster;JuJu Hughes;Ogbo Okoronkwo;Darious Williams;Brycen Hopkins;Johnny Mundt;Nick Scott;Derek Rivers
2020_14_NE_LA,352,run,14.0,77.0,63.0,LA,1.0,3281.0,77.0,33.0,9:41,9:08,,7.0,0.0,1.0,10.0,"4 DL, 2 LB, 5 DB",;;;;;;;;;;,11,7,,,,,00-0033106;00-0033110;00-0034261;00-0033895;00-0032455;00-0036414;00-0032242;00-0033908;00-0036415;00-0035668;00-0034803,Jared Goff;Tyler Higbee;Austin Corbett;Gerald Everett;Austin Blythe;Cam Akers;Rob Havenstein;Cooper Kupp;Van Jefferson;David Edwards;Joe Noteboom,00-0029542;00-0036231;00-0027647;00-0036193;00-0034385;00-0034591;00-0030442;00-0033947;00-0031404;00-0028171;00-0035278,Stephon Gilmore;Kyle Dugger;Devin McCourty;Anfernee Jennings;Ja'Whaun Bentley;J.C. Jackson;John Simon;Deatrich Wise;Adrian Phillips;Lawrence Guy;Byron Cowart
2020_14_NE_LA,373,run,9.0,63.0,54.0,LA,1.0,3248.0,63.0,33.0,9:08,8:35,,7.0,0.0,1.0,10.0,"5 DL, 1 LB, 5 DB",;;;;;;;;;;,11,7,,,,,00-0033106;00-0033110;00-0034261;00-0033895;00-0032455;00-0036414;00-0032242;00-0033908;00-0036415;00-0035668;00-0034803,Jared Goff;Tyler Higbee;Austin Corbett;Gerald Everett;Austin Blythe;Cam Akers;Rob Havenstein;Cooper Kupp;Van Jefferson;David Edwards;Joe Noteboom,00-0029542;00-0033324;00-0036231;00-0027647;00-0034385;00-0034591;00-0030442;00-0033947;00-0031404;00-0035278;00-0028171,Stephon Gilmore;Tashawn Bower;Kyle Dugger;Devin McCourty;Ja'Whaun Bentley;J.C. Jackson;John Simon;Deatrich Wise;Adrian Phillips;Byron Cowart;Lawrence Guy
2020_14_NE_LA,394,run,6.0,54.0,48.0,LA,1.0,3215.0,54.0,33.0,8:35,8:02,,7.0,0.0,2.0,1.0,"5 DL, 1 LB, 5 DB",;;;;;;;;;;,11,8,,,,,00-0033106;00-0033110;00-0034261;00-0033895;00-0032455;00-0036414;00-0032242;00-0033908;00-0036415;00-0035668;00-0034803,Jared Goff;Tyler Higbee;Austin Corbett;Gerald Everett;Austin Blythe;Cam Akers;Rob Havenstein;Cooper Kupp;Van Jefferson;David Edwards;Joe Noteboom,00-0029542;00-0033324;00-0036231;00-0027647;00-0034385;00-0034591;00-0030442;00-0033947;00-0031404;00-0035278;00-0028171,Stephon Gilmore;Tashawn Bower;Kyle Dugger;Devin McCourty;Ja'Whaun Bentley;J.C. Jackson;John Simon;Deatrich Wise;Adrian Phillips;Byron Cowart;Lawrence Guy
2020_14_NE_LA,415,pass,0.0,48.0,48.0,LA,1.0,3182.0,48.0,4.0,8:02,7:58,,7.0,0.0,1.0,10.0,"5 DL, 1 LB, 5 DB",;;;;;;;;;;,11,8,5,MAN_COVERAGE,COVER_1,False,00-0033106;00-0033110;00-0034261;00-0033895;00-0032455;00-0036414;00-0032242;00-0033908;00-0036415;00-0035668;00-0034803,Jared Goff;Tyler Higbee;Austin Corbett;Gerald Everett;Austin Blythe;Cam Akers;Rob Havenstein;Cooper Kupp;Van Jefferson;David Edwards;Joe Noteboom,00-0029542;00-0033324;00-0036231;00-0027647;00-0034385;00-0034591;00-0030442;00-0033947;00-0031404;00-0035278;00-0028171,Stephon Gilmore;Tashawn Bower;Kyle Dugger;Devin McCourty;Ja'Whaun Bentley;J.C. Jackson;John Simon;Deatrich Wise;Adrian Phillips;Byron Cowart;Lawrence Guy
2020_14_NE_LA,437,pass,-2.0,48.0,50.0,LA,1.0,3178.0,48.0,21.0,7:58,7:37,,7.0,0.0,2.0,10.0,"3 DL, 2 LB, 6 DB",;;;;;;;;;;,11,6,4,MAN_COVERAGE,COVER_0,False,00-0033106;00-0033110;00-0034261;00-0032455;00-0036414;00-0032242;00-0033908;00-0036415;00-0030431;00-0035668;00-0034803,Jared Goff;Tyler Higbee;Austin Corbett;Austin Blythe;Cam Akers;Rob Havenstein;Cooper Kupp;Van Jefferson;Robert Woods;David Edwards;Joe Noteboom,00-0029542;00-0027647;00-0035654;00-0033381;00-0030402;00-0034385;00-0034591;00-0031404;00-0032580;00-0027136;00-0036159,Stephon Gilmore;Devin McCourty;Chase Winovich;Adam Butler;Akeem Spence;Ja'Whaun Bentley;J.C. Jackson;Adrian Phillips;Jonathan Jones;Jason McCourty;Joshua Uche
2020_14_NE_LA,461,pass,14.0,50.0,36.0,LA,1.0,3157.0,50.0,38.0,7:37,6:59,,7.0,0.0,3.0,12.0,"3 DL, 2 LB, 6 DB",;;;;;;;;;;,11,7,5,MAN_COVERAGE,COVER_0,False,00-0032242;00-0033110;00-0036414;00-0034803;00-0035668;00-0032455;00-0033908;00-0036415;00-0030431;00-0034261;00-0033106,Rob Havenstein;Tyler Higbee;Cam Akers;Joe Noteboom;David Edwards;Austin Blythe;Cooper Kupp;Van Jefferson;Robert Woods;Austin Corbett;Jared Goff,00-0034385;00-0031404;00-0027647;00-0029542;00-0030402;00-0035654;00-0032580;00-0036159;00-0034591;00-0033381;00-0027136,Ja'Whaun Bentley;Adrian Phillips;Devin McCourty;Stephon Gilmore;Akeem Spence;Chase Winovich;Jonathan Jones;Joshua Uche;J.C. Jackson;Adam Butler;Jason McCourty
2020_14_NE_LA,485,run,11.0,36.0,25.0,LA,1.0,3119.0,36.0,30.0,6:59,6:29,,7.0,0.0,1.0,10.0,"5 DL, 1 LB, 5 DB",;;;;;;;;;;,11,7,,,,,00-0033106;00-0033110;00-0034261;00-0033895;00-0032455;00-0036414;00-0032242;00-0033908;00-0036415;00-0035668;00-0034803,Jared Goff;Tyler Higbee;Austin Corbett;Gerald Everett;Austin Blythe;Cam Akers;Rob Havenstein;Cooper Kupp;Van Jefferson;David Edwards;Joe Noteboom,00-0029542;00-0033324;00-0036231;00-0027647;00-0034385;00-0034591;00-0030442;00-0033947;00-0031404;00-0028171;00-0035278,Stephon Gilmore;Tashawn Bower;Kyle Dugger;Devin McCourty;Ja'Whaun Bentley;J.C. Jackson;John Simon;Deatrich Wise;Adrian Phillips;Lawrence Guy;Byron Cowart
2020_14_NE_LA,506,pass,0.0,25.0,25.0,LA,1.0,3089.0,25.0,2.0,6:29,6:27,,7.0,0.0,1.0,10.0,"5 DL, 1 LB, 5 DB",;;;;;;;;;;,11,7,5,ZONE_COVERAGE,COVER_2,True,00-0033106;00-0033110;00-0034261;00-0033895;00-0032455;00-0036414;00-0033908;00-0032242;00-0036415;00-0035668;00-0034803,Jared Goff;Tyler Higbee;Austin Corbett;Gerald Everett;Austin Blythe;Cam Akers;Cooper Kupp;Rob Havenstein;Van Jefferson;David Edwards;Joe Noteboom,00-0029542;00-0033324;00-0036231;00-0027647;00-0034385;00-0034591;00-0030442;00-0033947;00-0031404;00-0028171;00-0035278,Stephon Gilmore;Tashawn Bower;Kyle Dugger;Devin McCourty;Ja'Whaun Bentley;J.C. Jackson;John Simon;Deatrich Wise;Adrian Phillips;Lawrence Guy;Byron Cowart
2020_14_NE_LA,528,run,2.0,35.0,33.0,LA,1.0,3087.0,35.0,21.0,6:27,6:06,,7.0,0.0,2.0,20.0,"3 DL, 2 LB, 6 DB",;;;;;;;;;;,11,6,,,,,00-0033106;00-0034261;00-0033895;00-0032455;00-0036414;00-0032242;00-0033908;00-0036415;00-0030431;00-0035668;00-0034803,Jared Goff;Austin Corbett;Gerald Everett;Austin Blythe;Cam Akers;Rob Havenstein;Cooper Kupp;Van Jefferson;Robert Woods;David Edwards;Joe Noteboom,00-0029542;00-0027647;00-0035654;00-0033381;00-0034385;00-0034591;00-0033947;00-0032580;00-0031404;00-0027136;00-0036159,Stephon Gilmore;Devin McCourty;Chase Winovich;Adam Butler;Ja'Whaun Bentley;J.C. Jackson;Deatrich Wise;Jonathan Jones;Adrian Phillips;Jason McCourty;Joshua Uche
2020_14_NE_LA,561,pass,16.0,33.0,17.0,LA,1.0,3066.0,33.0,46.0,6:06,5:20,,7.0,0.0,3.0,18.0,"3 DL, 2 LB, 6 DB",;;;;;;;;;;,11,6,4,ZONE_COVERAGE,COVER_3,True,00-0033106;00-0034261;00-0033895;00-0032455;00-0036414;00-0033908;00-0032242;00-0036415;00-0030431;00-0035668;00-0034803,Jared Goff;Austin Corbett;Gerald Everett;Austin Blythe;Cam Akers;Cooper Kupp;Rob Havenstein;Van Jefferson;Robert Woods;David Edwards;Joe Noteboom,00-0029542;00-0027647;00-0035654;00-0033381;00-0034385;00-0034591;00-0033947;00-0032580;00-0031404;00-0027136;00-0036159,Stephon Gilmore;Devin McCourty;Chase Winovich;Adam Butler;Ja'Whaun Bentley;J.C. Jackson;Deatrich Wise;Jonathan Jones;Adrian Phillips;Jason McCourty;Joshua Uche
2020_14_NE_LA,585,field_goal,0.0,17.0,17.0,LA,1.0,3020.0,17.0,4.0,5:20,5:16,,10.0,0.0,4.0,2.0,,;;;;;;;;;;,11,,,,,,00-0028394;00-0034261;00-0028872;00-0032455;00-0032242;00-0034114;00-0035668;00-0032671;00-0035269;00-0033246;00-0036437,Jake McQuaide;Austin Corbett;Johnny Hekker;Austin Blythe;Rob Havenstein;Coleman Shelton;David Edwards;Morgan Fox;Matt Gay;Johnny Mundt;Tremayne Anchrum,00-0026293;00-0035654;00-0027647;00-0029764;00-0036193;00-0030402;00-0030442;00-0033947;00-0032580;00-0029530;00-0035278,Matthew Slater;Chase Winovich;Devin McCourty;Cody Davis;Anfernee Jennings;Akeem Spence;John Simon;Deatrich Wise;Jonathan Jones;Justin Bethel;Byron Cowart
2020_14_NE_LA,615,kickoff,0.0,35.0,35.0,NE,1.0,3016.0,35.0,0.0,5:16,5:16,,10.0,0.0,,0.0,,;;;;;;;;;;,11,,,,,,00-0035830;00-0033945;00-0035591;00-0036415;00-0035615;00-0035621;00-0036077;00-0035269;00-0034807;00-0036424;00-0035669,J.R. Reed;Samson Ebukam;Justin Hollins;Van Jefferson;Natrez Patrick;Nsimba Webster;JuJu Hughes;Matt Gay;Ogbo Okoronkwo;Brycen Hopkins;Nick Scott,00-0034962;00-0035241;00-0035645;00-0026293;00-0035654;00-0029764;00-0035726;00-0031339;00-0031404;00-0036159;00-0029530,Terez Hall;Joejuan Williams;Gunner Olszewski;Matthew Slater;Chase Winovich;Cody Davis;Jakob Johnson;Donte Moncrief;Adrian Phillips;Joshua Uche;Justin Bethel
2020_14_NE_LA,630,pass,5.0,75.0,70.0,NE,1.0,3016.0,75.0,34.0,5:16,4:42,,10.0,0.0,1.0,10.0,"3 DL, 3 LB, 5 DB",;;;;;;;;;;,11,6,3,ZONE_COVERAGE,COVER_4,False,00-0031852;00-0036198;00-0031580;00-0033290;00-0032391;00-0031339;00-0027939;00-0034960;00-0031062;00-0031868;00-0036225,David Andrews;Mike Onwenu;Shaq Mason;Jermaine Eluemunor;Joe Thuney;Donte Moncrief;Cam Newton;Jakobi Meyers;James White;Damiere Byrd;Dalton Keene,00-0033927;00-0031785;00-0035665;00-0034810;00-0033072;00-0034266;00-0033055;00-0035617;00-0036431;00-0031388;00-0029630,John Johnson;Troy Hill;David Long;Sebastian Joseph-Day;Leonard Floyd;Kenny Young;Jalen Ramsey;Troy Reeder;Jordan Fuller;Aaron Donald;Michael Brockers
2020_14_NE_LA,654,run,3.0,70.0,67.0,NE,1.0,2982.0,70.0,41.0,4:42,4:01,,10.0,0.0,2.0,5.0,"3 DL, 3 LB, 5 DB",;;;;;;;;;;,11,5,,,,,00-0031852;00-0036198;00-0031580;00-0033290;00-0032391;00-0031339;00-0027939;00-0034960;00-0031062;00-0031868;00-0036225,David Andrews;Mike Onwenu;Shaq Mason;Jermaine Eluemunor;Joe Thuney;Donte Moncrief;Cam Newton;Jakobi Meyers;James White;Damiere Byrd;Dalton Keene,00-0033927;00-0031785;00-0035665;00-0034810;00-0033072;00-0034266;00-0033055;00-0035617;00-0036431;00-0031388;00-0029630,John Johnson;Troy Hill;David Long;Sebastian Joseph-Day;Leonard Floyd;Kenny Young;Jalen Ramsey;Troy Reeder;Jordan Fuller;Aaron Donald;Michael Brockers
2020_14_NE_LA,675,pass,0.0,67.0,67.0,NE,1.0,2941.0,67.0,3.0,4:01,3:58,,10.0,0.0,3.0,2.0,"4 DL, 3 LB, 4 DB",;;;;;;;;;;,11,8,5,ZONE_COVERAGE,COVER_3,True,00-0035624;00-0031852;00-0036198;00-0035726;00-0035657;00-0031580;00-0033290;00-0032391;00-0027939;00-0034960;00-0036225,N'Keal Harry;David Andrews;Mike Onwenu;Jakob Johnson;Damien Harris;Shaq Mason;Jermaine Eluemunor;Joe Thuney;Cam Newton;Jakobi Meyers;Dalton Keene,00-0033927;00-0031785;00-0033945;00-0034810;00-0033072;00-0033055;00-0032671;00-0035617;00-0036431;00-0031388;00-0029630,John Johnson;Troy Hill;Samson Ebukam;Sebastian Joseph-Day;Leonard Floyd;Jalen Ramsey;Morgan Fox;Troy Reeder;Jordan Fuller;Aaron Donald;Michael Brockers
2020_14_NE_LA,697,punt,0.0,67.0,67.0,NE,1.0,2938.0,67.0,10.0,3:58,3:48,,10.0,0.0,4.0,2.0,,;;;;;;;;;;,11,,,,,,00-0036231;00-0026293;00-0035654;00-0029764;00-0035726;00-0034385;00-0035280;00-0030442;00-0031339;00-0032228;00-0029530,Kyle Dugger;Matthew Slater;Chase Winovich;Cody Davis;Jakob Johnson;Ja'Whaun Bentley;Jake Bailey;John Simon;Donte Moncrief;Joe Cardona;Justin Bethel,00-0035830;00-0033945;00-0035665;00-0035591;00-0035615;00-0035621;00-0036077;00-0034807;00-0034203;00-0035669;00-0033920,J.R. Reed;Samson Ebukam;David Long;Justin Hollins;Natrez Patrick;Nsimba Webster;JuJu Hughes;Ogbo Okoronkwo;Darious Williams;Nick Scott;Derek Rivers
2020_14_NE_LA,716,pass,0.0,87.0,87.0,LA,1.0,2928.0,87.0,6.0,3:48,3:42,,10.0,0.0,1.0,10.0,"4 DL, 2 LB, 5 DB",;;;;;;;;;;,11,8,4,MAN_COVERAGE,COVER_1,False,00-0033106;00-0033110;00-0034261;00-0033895;00-0032455;00-0036414;00-0032242;00-0030431;00-0035668;00-0033943;00-0034803,Jared Goff;Tyler Higbee;Austin Corbett;Gerald Everett;Austin Blythe;Cam Akers;Rob Havenstein;Robert Woods;David Edwards;Josh Reynolds;Joe Noteboom,00-0029542;00-0036231;00-0027647;00-0033381;00-0036193;00-0034385;00-0034591;00-0030442;00-0031404;00-0035278;00-0028171,Stephon Gilmore;Kyle Dugger;Devin McCourty;Adam Butler;Anfernee Jennings;Ja'Whaun Bentley;J.C. Jackson;John Simon;Adrian Phillips;Byron Cowart;Lawrence Guy
2020_14_NE_LA,750,pass,9.0,87.0,78.0,LA,1.0,2922.0,87.0,31.0,3:42,3:11,,10.0,0.0,2.0,10.0,"4 DL, 2 LB, 5 DB",;;;;;;;;;;,11,6,3,ZONE_COVERAGE,COVER_2,True,00-0033106;00-0033110;00-0034261;00-0033895;00-0032455;00-0036414;00-0032242;00-0030431;00-0035668;00-0033943;00-0034803,Jared Goff;Tyler Higbee;Austin Corbett;Gerald Everett;Austin Blythe;Cam Akers;Rob Havenstein;Robert Woods;David Edwards;Josh Reynolds;Joe Noteboom,00-0029542;00-0036231;00-0027647;00-0033381;00-0036193;00-0034385;00-0034591;00-0030442;00-0031404;00-0035278;00-0028171,Stephon Gilmore;Kyle Dugger;Devin McCourty;Adam Butler;Anfernee Jennings;Ja'Whaun Bentley;J.C. Jackson;John Simon;Adrian Phillips;Byron Cowart;Lawrence Guy
2020_14_NE_LA,774,run,1.0,78.0,77.0,LA,1.0,2891.0,78.0,44.0,3:11,2:27,,10.0,0.0,3.0,1.0,"4 DL, 2 LB, 5 DB",;;;;;;;;;;,11,7,,,,,00-0033106;00-0033110;00-0034261;00-0033895;00-0032455;00-0036414;00-0032242;00-0030431;00-0035668;00-0033943;00-0034803,Jared Goff;Tyler Higbee;Austin Corbett;Gerald Everett;Austin Blythe;Cam Akers;Rob Havenstein;Robert Woods;David Edwards;Josh Reynolds;Joe Noteboom,00-0029542;00-0036231;00-0027647;00-0033381;00-0036193;00-0034385;00-0034591;00-0030442;00-0031404;00-0028171;00-0035278,Stephon Gilmore;Kyle Dugger;Devin McCourty;Adam Butler;Anfernee Jennings;Ja'Whaun Bentley;J.C. Jackson;John Simon;Adrian Phillips;Lawrence Guy;Byron Cowart
2020_14_NE_LA,795,no_play,0.0,77.0,77.0,LA,1.0,2847.0,77.0,26.0,2:27,2:01,,10.0,0.0,1.0,10.0,"4 DL, 2 LB, 5 DB",;;;;;;;;;;,11,7,,,,,00-0033106;00-0033110;00-0034261;00-0033895;00-0035664;00-0032455;00-0032242;00-0030431;00-0035668;00-0033943;00-0034803,Jared Goff;Tyler Higbee;Austin Corbett;Gerald Everett;Darrell Henderson;Austin Blythe;Rob Havenstein;Robert Woods;David Edwards;Josh Reynolds;Joe Noteboom,00-0029542;00-0036231;00-0027647;00-0033381;00-0036193;00-0034385;00-0034591;00-0030442;00-0031404;00-0028171;00-0035278,Stephon Gilmore;Kyle Dugger;Devin McCourty;Adam Butler;Anfernee Jennings;Ja'Whaun Bentley;J.C. Jackson;John Simon;Adrian Phillips;Lawrence Guy;Byron Cowart
2020_14_NE_LA,827,pass,7.0,87.0,80.0,LA,1.0,2821.0,87.0,22.0,2:01,1:39,,10.0,0.0,1.0,20.0,"4 DL, 2 LB, 5 DB",;;;;;;;;;;,11,6,4,ZONE_COVERAGE,COVER_3,False,00-0033106;00-0033110;00-0034261;00-0035664;00-0032455;00-0032242;00-0033908;00-0030431;00-0035668;00-0033943;00-0034803,Jared Goff;Tyler Higbee;Austin Corbett;Darrell Henderson;Austin Blythe;Rob Havenstein;Cooper Kupp;Robert Woods;David Edwards;Josh Reynolds;Joe Noteboom,00-0029542;00-0036231;00-0027647;00-0033381;00-0036193;00-0034385;00-0034591;00-0030442;00-0033947;00-0032580;00-0028171,Stephon Gilmore;Kyle Dugger;Devin McCourty;Adam Butler;Anfernee Jennings;Ja'Whaun Bentley;J.C. Jackson;John Simon;Deatrich Wise;Jonathan Jones;Lawrence Guy
2020_14_NE_LA,851,run,9.0,80.0,71.0,LA,1.0,2799.0,80.0,39.0,1:39,1:00,,10.0,0.0,2.0,13.0,"4 DL, 2 LB, 5 DB",;;;;;;;;;;,11,7,3,,,,00-0033106;00-0033110;00-0034261;00-0035664;00-0032455;00-0033908;00-0032242;00-0030431;00-0035668;00-0033943;00-0034803,Jared Goff;Tyler Higbee;Austin Corbett;Darrell Henderson;Austin Blythe;Cooper Kupp;Rob Havenstein;Robert Woods;David Edwards;Josh Reynolds;Joe Noteboom,00-0029542;00-0036231;00-0027647;00-0033381;00-0036193;00-0034385;00-0034591;00-0030442;00-0033947;00-0032580;00-0028171,Stephon Gilmore;Kyle Dugger;Devin McCourty;Adam Butler;Anfernee Jennings;Ja'Whaun Bentley;J.C. Jackson;John Simon;Deatrich Wise;Jonathan Jones;Lawrence Guy
2020_14_NE_LA,877,turnover,0.0,71.0,71.0,LA,1.0,2760.0,71.0,3.0,1:00,0:57,,10.0,0.0,3.0,4.0,"3 DL, 1 LB, 7 DB",;;;;;;;;;;,11,5,4,MAN_COVERAGE,COVER_1,False,00-0033106;00-0033110;00-0034261;00-0035664;00-0032455;00-0032242;00-0033908;00-0030431;00-0035668;00-0033943;00-0034803,Jared Goff;Tyler Higbee;Austin Corbett;Darrell Henderson;Austin Blythe;Rob Havenstein;Cooper Kupp;Robert Woods;David Edwards;Josh Reynolds;Joe Noteboom,00-0029542;00-0035654;00-0036087;00-0027647;00-0033381;00-0034591;00-0033947;00-0032580;00-0031404;00-0027136;00-0036159,Stephon Gilmore;Chase Winovich;Myles Bryant;Devin McCourty;Adam Butler;J.C. Jackson;Deatrich Wise;Jonathan Jones;Adrian Phillips;Jason McCourty;Joshua Uche
2020_14_NE_LA,935,run,12.0,32.0,20.0,NE,1.0,2757.0,32.0,33.0,0:57,0:24,,10.0,0.0,1.0,10.0,"4 DL, 2 LB, 5 DB",;;;;;;;;;;,11,6,,,,,00-0031852;00-0036198;00-0035726;00-0035657;00-0031580;00-0033290;00-0036194;00-0032391;00-0027939;00-0034960;00-0031868,David Andrews;Mike Onwenu;Jakob Johnson;Damien Harris;Shaq Mason;Jermaine Eluemunor;Devin Asiasi;Joe Thuney;Cam Newton;Jakobi Meyers;Damiere Byrd,00-0033927;00-0031785;00-0035665;00-0035667;00-0033072;00-0033055;00-0032671;00-0035617;00-0036431;00-0031388;00-0029630,John Johnson;Troy Hill;David Long;Greg Gaines;Leonard Floyd;Jalen Ramsey;Morgan Fox;Troy Reeder;Jordan Fuller;Aaron Donald;Michael Brockers
2020_14_NE_LA,956,run,1.0,20.0,19.0,NE,1.0,2724.0,20.0,24.0,0:24,0:00,,10.0,0.0,1.0,10.0,"3 DL, 4 LB, 4 DB",;;;;;;;;;;,11,7,,,,,00-0031852;00-0036198;00-0035726;00-0035657;00-0031580;00-0033290;00-0036194;00-0032391;00-0027939;00-0034960;00-0031868,David Andrews;Mike Onwenu;Jakob Johnson;Damien Harris;Shaq Mason;Jermaine Eluemunor;Devin Asiasi;Joe Thuney;Cam Newton;Jakobi Meyers;Damiere Byrd,00-0033927;00-0031785;00-0035591;00-0035667;00-0033072;00-0034266;00-0033055;00-0035617;00-0036431;00-0031388;00-0029630,John Johnson;Troy Hill;Justin Hollins;Greg Gaines;Leonard Floyd;Kenny Young;Jalen Ramsey;Troy Reeder;Jordan Fuller;Aaron Donald;Michael Brockers
2020_14_NE_LA,977,start_quarter_2,,,,NE,1.0,2700.0,,0.0,0:00,0:00,,10.0,0.0,,0.0,,,0,,,,,,,,,
2020_14_NE_LA,996,turnover,0.0,19.0,19.0,NE,2.0,2700.0,19.0,14.0,15:00,14:46,,16.0,0.0,2.0,9.0,"3 DL, 3 LB, 5 DB",;;;;;;;;;;,11,4,4,ZONE_COVERAGE,COVER_3,True,00-0031852;00-0036198;00-0035657;00-0031580;00-0033290;00-0036194;00-0032391;00-0031339;00-0027939;00-0034960;00-0031868,David Andrews;Mike Onwenu;Damien Harris;Shaq Mason;Jermaine Eluemunor;Devin Asiasi;Joe Thuney;Donte Moncrief;Cam Newton;Jakobi Meyers;Damiere Byrd,00-0033927;00-0031785;00-0035665;00-0035667;00-0033072;00-0034266;00-0033055;00-0035617;00-0036431;00-0031388;00-0029630,John Johnson;Troy Hill;David Long;Greg Gaines;Leonard Floyd;Kenny Young;Jalen Ramsey;Troy Reeder;Jordan Fuller;Aaron Donald;Michael Brockers
2020_14_NE_LA,1023,extra_point,0.0,15.0,15.0,LA,2.0,2686.0,15.0,0.0,14:46,14:46,,17.0,0.0,,0.0,,;;;;;;;;;;,11,,,,,,00-0028394;00-0034261;00-0028872;00-0032455;00-0032242;00-0034114;00-0035668;00-0032671;00-0035269;00-0033246;00-0036437,Jake McQuaide;Austin Corbett;Johnny Hekker;Austin Blythe;Rob Havenstein;Coleman Shelton;David Edwards;Morgan Fox;Matt Gay;Johnny Mundt;Tremayne Anchrum,00-0026293;00-0027647;00-0035654;00-0029764;00-0036193;00-0030402;00-0030442;00-0033947;00-0032580;00-0029530;00-0035278,Matthew Slater;Devin McCourty;Chase Winovich;Cody Davis;Anfernee Jennings;Akeem Spence;John Simon;Deatrich Wise;Jonathan Jones;Justin Bethel;Byron Cowart
2020_14_NE_LA,1039,kickoff,0.0,35.0,35.0,NE,2.0,2686.0,35.0,0.0,14:46,14:46,,17.0,0.0,,0.0,,;;;;;;;;;;,11,,,,,,00-0035830;00-0033945;00-0035591;00-0036415;00-0035615;00-0035621;00-0036077;00-0035269;00-0034807;00-0036424;00-0035669,J.R. Reed;Samson Ebukam;Justin Hollins;Van Jefferson;Natrez Patrick;Nsimba Webster;JuJu Hughes;Matt Gay;Ogbo Okoronkwo;Brycen Hopkins;Nick Scott,00-0034962;00-0035241;00-0035645;00-0026293;00-0035654;00-0029764;00-0035726;00-0031339;00-0031404;00-0036159;00-0029530,Terez Hall;Joejuan Williams;Gunner Olszewski;Matthew Slater;Chase Winovich;Cody Davis;Jakob Johnson;Donte Moncrief;Adrian Phillips;Joshua Uche;Justin Bethel
2020_14_NE_LA,1067,run,6.0,60.0,54.0,NE,2.0,2686.0,60.0,38.0,14:46,14:08,,17.0,0.0,1.0,10.0,"3 DL, 4 LB, 4 DB",;;;;;;;;;;,11,7,,,,,00-0031852;00-0036198;00-0035726;00-0035657;00-0031580;00-0033290;00-0036194;00-0032391;00-0027939;00-0034960;00-0031868,David Andrews;Mike Onwenu;Jakob Johnson;Damien Harris;Shaq Mason;Jermaine Eluemunor;Devin Asiasi;Joe Thuney;Cam Newton;Jakobi Meyers;Damiere Byrd,00-0033927;00-0032889;00-0035591;00-0034810;00-0033072;00-0034266;00-0033055;00-0032671;00-0035617;00-0036431;00-0034203,John Johnson;A'Shawn Robinson;Justin Hollins;Sebastian Joseph-Day;Leonard Floyd;Kenny Young;Jalen Ramsey;Morgan Fox;Troy Reeder;Jordan Fuller;Darious Williams
2020_14_NE_LA,1089,run,5.0,54.0,49.0,NE,2.0,2648.0,54.0,39.0,14:08,13:29,,17.0,0.0,2.0,4.0,"3 DL, 4 LB, 4 DB",;;;;;;;;;;,11,7,,,,,00-0031852;00-0036198;00-0035726;00-0035657;00-0031580;00-0033290;00-0036194;00-0032391;00-0027939;00-0034960;00-0031868,David Andrews;Mike Onwenu;Jakob Johnson;Damien Harris;Shaq Mason;Jermaine Eluemunor;Devin Asiasi;Joe Thuney;Cam Newton;Jakobi Meyers;Damiere Byrd,00-0033927;00-0032889;00-0035591;00-0034810;00-0033072;00-0034266;00-0033055;00-0032671;00-0035617;00-0036431;00-0034203,John Johnson;A'Shawn Robinson;Justin Hollins;Sebastian Joseph-Day;Leonard Floyd;Kenny Young;Jalen Ramsey;Morgan Fox;Troy Reeder;Jordan Fuller;Darious Williams
2020_14_NE_LA,1110,run,9.0,49.0,40.0,NE,2.0,2609.0,49.0,42.0,13:29,12:47,,17.0,0.0,1.0,10.0,"3 DL, 4 LB, 4 DB",;;;;;;;;;;,11,7,,,,,00-0031852;00-0036198;00-0035726;00-0035657;00-0031580;00-0033290;00-0036194;00-0032391;00-0027939;00-0034960;00-0031868,David Andrews;Mike Onwenu;Jakob Johnson;Damien Harris;Shaq Mason;Jermaine Eluemunor;Devin Asiasi;Joe Thuney;Cam Newton;Jakobi Meyers;Damiere Byrd,00-0033927;00-0032889;00-0035591;00-0034810;00-0033072;00-0034266;00-0033055;00-0032671;00-0035617;00-0036431;00-0034203,John Johnson;A'Shawn Robinson;Justin Hollins;Sebastian Joseph-Day;Leonard Floyd;Kenny Young;Jalen Ramsey;Morgan Fox;Troy Reeder;Jordan Fuller;Darious Williams
2020_14_NE_LA,1131,run,8.0,40.0,32.0,NE,2.0,2567.0,40.0,37.0,12:47,12:10,,17.0,0.0,2.0,1.0,"3 DL, 4 LB, 4 DB",;;;;;;;;;;,11,7,,,,,00-0031852;00-0036198;00-0035726;00-0034845;00-0031580;00-0033290;00-0036194;00-0032391;00-0027939;00-0034960;00-0031868,David Andrews;Mike Onwenu;Jakob Johnson;Sony Michel;Shaq Mason;Jermaine Eluemunor;Devin Asiasi;Joe Thuney;Cam Newton;Jakobi Meyers;Damiere Byrd,00-0033927;00-0035591;00-0034810;00-0033072;00-0034266;00-0033055;00-0032671;00-0035617;00-0036431;00-0034203;00-0029630,John Johnson;Justin Hollins;Sebastian Joseph-Day;Leonard Floyd;Kenny Young;Jalen Ramsey;Morgan Fox;Troy Reeder;Jordan Fuller;Darious Williams;Michael Brockers
2020_14_NE_LA,1152,no_play,0.0,32.0,32.0,NE,2.0,2530.0,32.0,28.0,12:10,11:42,,17.0,0.0,1.0,10.0,"4 DL, 3 LB, 4 DB",;;;;;;;;;;,11,6,,,,,00-0031852;00-0036198;00-0035726;00-0034845;00-0031580;00-0033290;00-0036194;00-0032391;00-0027939;00-0034960;00-0031868,David Andrews;Mike Onwenu;Jakob Johnson;Sony Michel;Shaq Mason;Jermaine Eluemunor;Devin Asiasi;Joe Thuney;Cam Newton;Jakobi Meyers;Damiere Byrd,00-0033927;00-0033945;00-0035591;00-0034810;00-0033055;00-0032671;00-0035617;00-0036431;00-0034203;00-0031388;00-0029630,John Johnson;Samson Ebukam;Justin Hollins;Sebastian Joseph-Day;Jalen Ramsey;Morgan Fox;Troy Reeder;Jordan Fuller;Darious Williams;Aaron Donald;Michael Brockers
2020_14_NE_LA,1184,pass,25.0,42.0,17.0,NE,2.0,2502.0,42.0,45.0,11:42,10:57,,17.0,0.0,1.0,20.0,"2 DL, 4 LB, 5 DB",;;;;;;;;;;,11,6,4,ZONE_COVERAGE,COVER_3,False,00-0031852;00-0036198;00-0035726;00-0034845;00-0031580;00-0036194;00-0033290;00-0032391;00-0027939;00-0034960;00-0031868,David Andrews;Mike Onwenu;Jakob Johnson;Sony Michel;Shaq Mason;Devin Asiasi;Jermaine Eluemunor;Joe Thuney;Cam Newton;Jakobi Meyers;Damiere Byrd,00-0033927;00-0031785;00-0033945;00-0035667;00-0033072;00-0034266;00-0033055;00-0035617;00-0036431;00-0034203;00-0031388,John Johnson;Troy Hill;Samson Ebukam;Greg Gaines;Leonard Floyd;Kenny Young;Jalen Ramsey;Troy Reeder;Jordan Fuller;Darious Williams;Aaron Donald
2020_14_NE_LA,1208,run,4.0,17.0,13.0,NE,2.0,2457.0,17.0,38.0,10:57,10:19,,17.0,0.0,1.0,10.0,"3 DL, 3 LB, 5 DB",;;;;;;;;;;,11,5,,,,,00-0035624;00-0031852;00-0036198;00-0035657;00-0031580;00-0033290;00-0032391;00-0027939;00-0031062;00-0034960;00-0031868,N'Keal Harry;David Andrews;Mike Onwenu;Damien Harris;Shaq Mason;Jermaine Eluemunor;Joe Thuney;Cam Newton;James White;Jakobi Meyers;Damiere Byrd,00-0033927;00-0031785;00-0035667;00-0033072;00-0034266;00-0033055;00-0035617;00-0036431;00-0034203;00-0031388;00-0029630,John Johnson;Troy Hill;Greg Gaines;Leonard Floyd;Kenny Young;Jalen Ramsey;Troy Reeder;Jordan Fuller;Darious Williams;Aaron Donald;Michael Brockers
2020_14_NE_LA,1229,run,4.0,13.0,9.0,NE,2.0,2419.0,13.0,43.0,10:19,9:36,,17.0,0.0,2.0,6.0,"3 DL, 3 LB, 5 DB",;;;;;;;;;;,11,6,,,,,00-0035624;00-0031852;00-0036198;00-0035657;00-0031580;00-0033290;00-0032391;00-0031339;00-0027939;00-0034960;00-0036225,N'Keal Harry;David Andrews;Mike Onwenu;Damien Harris;Shaq Mason;Jermaine Eluemunor;Joe Thuney;Donte Moncrief;Cam Newton;Jakobi Meyers;Dalton Keene,00-0033927;00-0031785;00-0035667;00-0033072;00-0034266;00-0033055;00-0035617;00-0036431;00-0034203;00-0031388;00-0029630,John Johnson;Troy Hill;Greg Gaines;Leonard Floyd;Kenny Young;Jalen Ramsey;Troy Reeder;Jordan Fuller;Darious Williams;Aaron Donald;Michael Brockers
2020_14_NE_LA,1250,run,3.0,9.0,6.0,NE,2.0,2376.0,9.0,34.0,9:36,9:02,,17.0,0.0,3.0,2.0,"4 DL, 2 LB, 5 DB",;;;;;;;;;;,11,5,,,,,00-0035624;00-0031852;00-0036198;00-0035657;00-0031580;00-0033290;00-0032391;00-0027939;00-0034960;00-0031868;00-0036225,N'Keal Harry;David Andrews;Mike Onwenu;Damien Harris;Shaq Mason;Jermaine Eluemunor;Joe Thuney;Cam Newton;Jakobi Meyers;Damiere Byrd;Dalton Keene,00-0033927;00-0031785;00-0035665;00-0034810;00-0033072;00-0033055;00-0032671;00-0035617;00-0036431;00-0031388;00-0029630,John Johnson;Troy Hill;David Long;Sebastian Joseph-Day;Leonard Floyd;Jalen Ramsey;Morgan Fox;Troy Reeder;Jordan Fuller;Aaron Donald;Michael Brockers
2020_14_NE_LA,1271,run,1.0,6.0,5.0,NE,2.0,2342.0,6.0,42.0,9:02,8:20,,17.0,0.0,1.0,6.0,"4 DL, 3 LB, 4 DB",;;;;;;;;;;,11,9,,,,,00-0031852;00-0036198;00-0035726;00-0035657;00-0031580;00-0033290;00-0036194;00-0032391;00-0027939;00-0034960;00-0031868,David Andrews;Mike Onwenu;Jakob Johnson;Damien Harris;Shaq Mason;Jermaine Eluemunor;Devin Asiasi;Joe Thuney;Cam Newton;Jakobi Meyers;Damiere Byrd,00-0033927;00-0031785;00-0035591;00-0034810;00-0033072;00-0033055;00-0032671;00-0035617;00-0036431;00-0031388;00-0029630,John Johnson;Troy Hill;Justin Hollins;Sebastian Joseph-Day;Leonard Floyd;Jalen Ramsey;Morgan Fox;Troy Reeder;Jordan Fuller;Aaron Donald;Michael Brockers
2020_14_NE_LA,1292,run,2.0,5.0,3.0,NE,2.0,2300.0,5.0,45.0,8:20,7:35,,17.0,0.0,2.0,5.0,"3 DL, 4 LB, 4 DB",;;;;;;;;;;,11,9,,,,,00-0031852;00-0036198;00-0035726;00-0034845;00-0031580;00-0033290;00-0036194;00-0032391;00-0027939;00-0034960;00-0031868,David Andrews;Mike Onwenu;Jakob Johnson;Sony Michel;Shaq Mason;Jermaine Eluemunor;Devin Asiasi;Joe Thuney;Cam Newton;Jakobi Meyers;Damiere Byrd,00-0033927;00-0031785;00-0035591;00-0034810;00-0033072;00-0034266;00-0033055;00-0035617;00-0036431;00-0031388;00-0029630,John Johnson;Troy Hill;Justin Hollins;Sebastian Joseph-Day;Leonard Floyd;Kenny Young;Jalen Ramsey;Troy Reeder;Jordan Fuller;Aaron Donald;Michael Brockers
2020_14_NE_LA,1313,run,1.0,3.0,2.0,NE,2.0,2255.0,3.0,43.0,7:35,6:52,,17.0,0.0,3.0,3.0,"3 DL, 3 LB, 5 DB",;;;;;;;;;;,11,8,,,,,00-0035624;00-0031852;00-0036198;00-0031580;00-0033290;00-0036194;00-0032391;00-0027939;00-0034960;00-0031062;00-0031868,N'Keal Harry;David Andrews;Mike Onwenu;Shaq Mason;Jermaine Eluemunor;Devin Asiasi;Joe Thuney;Cam Newton;Jakobi Meyers;James White;Damiere Byrd,00-0033927;00-0031785;00-0035591;00-0035667;00-0033072;00-0033055;00-0035617;00-0036431;00-0034203;00-0031388;00-0029630,John Johnson;Troy Hill;Justin Hollins;Greg Gaines;Leonard Floyd;Jalen Ramsey;Troy Reeder;Jordan Fuller;Darious Williams;Aaron Donald;Michael Brockers
2020_14_NE_LA,1334,run,-2.0,2.0,4.0,NE,2.0,2212.0,2.0,4.0,6:52,6:48,,17.0,0.0,4.0,2.0,"3 DL, 3 LB, 5 DB",;;;;;;;;;;,11,7,,,,,00-0035624;00-0031852;00-0036198;00-0035657;00-0031580;00-0033290;00-0032391;00-0027939;00-0034960;00-0031062;00-0031868,N'Keal Harry;David Andrews;Mike Onwenu;Damien Harris;Shaq Mason;Jermaine Eluemunor;Joe Thuney;Cam Newton;Jakobi Meyers;James White;Damiere Byrd,00-0033927;00-0031785;00-0035591;00-0035667;00-0033072;00-0033055;00-0035617;00-0036431;00-0034203;00-0031388;00-0029630,John Johnson;Troy Hill;Justin Hollins;Greg Gaines;Leonard Floyd;Jalen Ramsey;Troy Reeder;Jordan Fuller;Darious Williams;Aaron Donald;Michael Brockers
2020_14_NE_LA,1355,run,1.0,96.0,95.0,LA,2.0,2208.0,96.0,30.0,6:48,6:18,,17.0,0.0,1.0,10.0,"4 DL, 2 LB, 5 DB",;;;;;;;;;;,11,7,,,,,00-0033106;00-0033110;00-0034261;00-0033895;00-0032455;00-0036414;00-0032242;00-0033908;00-0036415;00-0035668;00-0034803,Jared Goff;Tyler Higbee;Austin Corbett;Gerald Everett;Austin Blythe;Cam Akers;Rob Havenstein;Cooper Kupp;Van Jefferson;David Edwards;Joe Noteboom,00-0029542;00-0036231;00-0027647;00-0036193;00-0034385;00-0034591;00-0030442;00-0033947;00-0031404;00-0028171;00-0035278,Stephon Gilmore;Kyle Dugger;Devin McCourty;Anfernee Jennings;Ja'Whaun Bentley;J.C. Jackson;John Simon;Deatrich Wise;Adrian Phillips;Lawrence Guy;Byron Cowart
2020_14_NE_LA,1376,run,4.0,95.0,91.0,LA,2.0,2178.0,95.0,33.0,6:18,5:45,,17.0,0.0,2.0,9.0,"4 DL, 2 LB, 5 DB",;;;;;;;;;;,11,7,,,,,00-0033106;00-0033110;00-0034261;00-0033895;00-0032455;00-0036414;00-0032242;00-0033908;00-0036415;00-0035668;00-0034803,Jared Goff;Tyler Higbee;Austin Corbett;Gerald Everett;Austin Blythe;Cam Akers;Rob Havenstein;Cooper Kupp;Van Jefferson;David Edwards;Joe Noteboom,00-0029542;00-0036231;00-0027647;00-0036193;00-0034385;00-0034591;00-0030442;00-0033947;00-0031404;00-0035278;00-0028171,Stephon Gilmore;Kyle Dugger;Devin McCourty;Anfernee Jennings;Ja'Whaun Bentley;J.C. Jackson;John Simon;Deatrich Wise;Adrian Phillips;Byron Cowart;Lawrence Guy
2020_14_NE_LA,1397,pass,9.0,91.0,82.0,LA,2.0,2145.0,91.0,22.0,5:45,5:23,,17.0,0.0,3.0,5.0,"3 DL, 1 LB, 7 DB",;;;;;;;;;;,11,5,3,ZONE_COVERAGE,COVER_3,False,00-0033106;00-0033110;00-0034261;00-0033895;00-0032455;00-0036414;00-0033908;00-0032242;00-0036415;00-0035668;00-0034803,Jared Goff;Tyler Higbee;Austin Corbett;Gerald Everett;Austin Blythe;Cam Akers;Cooper Kupp;Rob Havenstein;Van Jefferson;David Edwards;Joe Noteboom,00-0029542;00-0036087;00-0027647;00-0035654;00-0033381;00-0034591;00-0033947;00-0032580;00-0031404;00-0027136;00-0036159,Stephon Gilmore;Myles Bryant;Devin McCourty;Chase Winovich;Adam Butler;J.C. Jackson;Deatrich Wise;Jonathan Jones;Adrian Phillips;Jason McCourty;Joshua Uche
2020_14_NE_LA,1431,pass,0.0,82.0,82.0,LA,2.0,2123.0,82.0,7.0,5:23,5:16,,17.0,0.0,1.0,10.0,"3 DL, 1 LB, 7 DB",;;;;;;;;;;,11,5,3,ZONE_COVERAGE,COVER_3,True,00-0033106;00-0033110;00-0034261;00-0033895;00-0032455;00-0036414;00-0033908;00-0032242;00-0036415;00-0035668;00-0034803,Jared Goff;Tyler Higbee;Austin Corbett;Gerald Everett;Austin Blythe;Cam Akers;Cooper Kupp;Rob Havenstein;Van Jefferson;David Edwards;Joe Noteboom,00-0029542;00-0035654;00-0027647;00-0036087;00-0033381;00-0034591;00-0033947;00-0032580;00-0031404;00-0027136;00-0036159,Stephon Gilmore;Chase Winovich;Devin McCourty;Myles Bryant;Adam Butler;J.C. Jackson;Deatrich Wise;Jonathan Jones;Adrian Phillips;Jason McCourty;Joshua Uche
2020_14_NE_LA,1453,pass,0.0,82.0,82.0,LA,2.0,2116.0,82.0,2.0,5:16,5:14,,17.0,0.0,2.0,10.0,"4 DL, 2 LB, 5 DB",;;;;;;;;;;,11,7,6,ZONE_COVERAGE,COVER_3,True,00-0032242;00-0036414;00-0034803;00-0035668;00-0032455;00-0036415;00-0033908;00-0030431;00-0034261;00-0033895;00-0033106,Rob Havenstein;Cam Akers;Joe Noteboom;David Edwards;Austin Blythe;Van Jefferson;Cooper Kupp;Robert Woods;Austin Corbett;Gerald Everett;Jared Goff,00-0034385;00-0035278;00-0027647;00-0029542;00-0030442;00-0036193;00-0033947;00-0032580;00-0034591;00-0028171;00-0036231,Ja'Whaun Bentley;Byron Cowart;Devin McCourty;Stephon Gilmore;John Simon;Anfernee Jennings;Deatrich Wise;Jonathan Jones;J.C. Jackson;Lawrence Guy;Kyle Dugger
2020_14_NE_LA,1475,pass,7.0,82.0,75.0,LA,2.0,2114.0,82.0,27.0,5:14,4:47,,17.0,0.0,3.0,10.0,"4 DL, 2 LB, 5 DB",;;;;;;;;;;,11,6,3,ZONE_COVERAGE,COVER_3,True,00-0033106;00-0034261;00-0033895;00-0032455;00-0036414;00-0033908;00-0032242;00-0036415;00-0030431;00-0035668;00-0034803,Jared Goff;Austin Corbett;Gerald Everett;Austin Blythe;Cam Akers;Cooper Kupp;Rob Havenstein;Van Jefferson;Robert Woods;David Edwards;Joe Noteboom,00-0029542;00-0036231;00-0027647;00-0036193;00-0034385;00-0034591;00-0030442;00-0033947;00-0032580;00-0028171;00-0035278,Stephon Gilmore;Kyle Dugger;Devin McCourty;Anfernee Jennings;Ja'Whaun Bentley;J.C. Jackson;John Simon;Deatrich Wise;Jonathan Jones;Lawrence Guy;Byron Cowart
2020_14_NE_LA,1504,punt,0.0,75.0,75.0,LA,2.0,2087.0,75.0,7.0,4:47,4:40,,17.0,0.0,4.0,3.0,,;;;;;;;;;;,11,,,,,,00-0028394;00-0033945;00-0028872;00-0035591;00-0036415;00-0035615;00-0035621;00-0034266;00-0035617;00-0033246;00-0035669,Jake McQuaide;Samson Ebukam;Johnny Hekker;Justin Hollins;Van Jefferson;Natrez Patrick;Nsimba Webster;Kenny Young;Troy Reeder;Johnny Mundt;Nick Scott,00-0035241;00-0035645;00-0026293;00-0036231;00-0029764;00-0034845;00-0031339;00-0031404;00-0032580;00-0027136;00-0029530,Joejuan Williams;Gunner Olszewski;Matthew Slater;Kyle Dugger;Cody Davis;Sony Michel;Donte Moncrief;Adrian Phillips;Jonathan Jones;Jason McCourty;Justin Bethel
2020_14_NE_LA,1523,pass,31.0,68.0,37.0,NE,2.0,2080.0,68.0,36.0,4:40,4:04,,17.0,0.0,1.0,10.0,"3 DL, 3 LB, 5 DB",;;;;;;;;;;,11,6,5,ZONE_COVERAGE,COVER_3,False,00-0031852;00-0036198;00-0031580;00-0033290;00-0032391;00-0031339;00-0027939;00-0034960;00-0031062;00-0031868;00-0036225,David Andrews;Mike Onwenu;Shaq Mason;Jermaine Eluemunor;Joe Thuney;Donte Moncrief;Cam Newton;Jakobi Meyers;James White;Damiere Byrd;Dalton Keene,00-0033927;00-0031785;00-0032889;00-0035665;00-0035591;00-0034810;00-0034266;00-0033055;00-0032671;00-0035617;00-0036431,John Johnson;Troy Hill;A'Shawn Robinson;David Long;Justin Hollins;Sebastian Joseph-Day;Kenny Young;Jalen Ramsey;Morgan Fox;Troy Reeder;Jordan Fuller
2020_14_NE_LA,1547,run,0.0,37.0,37.0,NE,2.0,2044.0,37.0,43.0,4:04,3:21,,17.0,0.0,1.0,10.0,"3 DL, 4 LB, 4 DB",;;;;;;;;;;,11,7,,,,,00-0031852;00-0036198;00-0035726;00-0035657;00-0031580;00-0033290;00-0032391;00-0027939;00-0034960;00-0031868;00-0036225,David Andrews;Mike Onwenu;Jakob Johnson;Damien Harris;Shaq Mason;Jermaine Eluemunor;Joe Thuney;Cam Newton;Jakobi Meyers;Damiere Byrd;Dalton Keene,00-0033927;00-0031785;00-0032889;00-0033945;00-0035591;00-0034810;00-0034266;00-0033055;00-0032671;00-0035617;00-0036431,John Johnson;Troy Hill;A'Shawn Robinson;Samson Ebukam;Justin Hollins;Sebastian Joseph-Day;Kenny Young;Jalen Ramsey;Morgan Fox;Troy Reeder;Jordan Fuller
2020_14_NE_LA,1574,pass,5.0,37.0,32.0,NE,2.0,2001.0,37.0,41.0,3:21,2:40,,17.0,0.0,2.0,10.0,"3 DL, 4 LB, 4 DB",;;;;;;;;;;,11,4,3,ZONE_COVERAGE,COVER_4,False,00-0031852;00-0036198;00-0035726;00-0035657;00-0031580;00-0033290;00-0032391;00-0027939;00-0034960;00-0031868;00-0036225,David Andrews;Mike Onwenu;Jakob Johnson;Damien Harris;Shaq Mason;Jermaine Eluemunor;Joe Thuney;Cam Newton;Jakobi Meyers;Damiere Byrd;Dalton Keene,00-0033927;00-0031785;00-0032889;00-0033945;00-0035591;00-0034810;00-0034266;00-0033055;00-0032671;00-0035617;00-0036431,John Johnson;Troy Hill;A'Shawn Robinson;Samson Ebukam;Justin Hollins;Sebastian Joseph-Day;Kenny Young;Jalen Ramsey;Morgan Fox;Troy Reeder;Jordan Fuller
2020_14_NE_LA,1598,pass,13.0,32.0,19.0,NE,2.0,1960.0,32.0,40.0,2:40,2:00,,17.0,0.0,3.0,5.0,"2 DL, 3 LB, 6 DB",;;;;;;;;;;,11,5,5,MAN_COVERAGE,COVER_1,False,00-0035624;00-0031852;00-0036198;00-0031580;00-0033290;00-0032391;00-0027939;00-0034960;00-0031062;00-0031868;00-0036225,N'Keal Harry;David Andrews;Mike Onwenu;Shaq Mason;Jermaine Eluemunor;Joe Thuney;Cam Newton;Jakobi Meyers;James White;Damiere Byrd;Dalton Keene,00-0033927;00-0031785;00-0035591;00-0033072;00-0033055;00-0036431;00-0034807;00-0034203;00-0031388;00-0029630;00-0035669,John Johnson;Troy Hill;Justin Hollins;Leonard Floyd;Jalen Ramsey;Jordan Fuller;Ogbo Okoronkwo;Darious Williams;Aaron Donald;Michael Brockers;Nick Scott
2020_14_NE_LA,1639,run,0.0,19.0,19.0,NE,2.0,1920.0,19.0,3.0,2:00,1:57,,17.0,0.0,1.0,10.0,"4 DL, 2 LB, 5 DB",;;;;;;;;;;,11,6,,,,,00-0031852;00-0036198;00-0035657;00-0031580;00-0033290;00-0036194;00-0032391;00-0027939;00-0034960;00-0031062;00-0031868,David Andrews;Mike Onwenu;Damien Harris;Shaq Mason;Jermaine Eluemunor;Devin Asiasi;Joe Thuney;Cam Newton;Jakobi Meyers;James White;Damiere Byrd,00-0033927;00-0031785;00-0035665;00-0034810;00-0033072;00-0032671;00-0033055;00-0035617;00-0036431;00-0031388;00-0029630,John Johnson;Troy Hill;David Long;Sebastian Joseph-Day;Leonard Floyd;Morgan Fox;Jalen Ramsey;Troy Reeder;Jordan Fuller;Aaron Donald;Michael Brockers
2020_14_NE_LA,1721,run,7.0,24.0,17.0,NE,2.0,1917.0,24.0,43.0,1:57,1:14,,17.0,0.0,2.0,15.0,"3 DL, 4 LB, 4 DB",;;;;;;;;;;,11,6,4,,,,00-0035624;00-0031852;00-0036198;00-0031580;00-0033290;00-0032391;00-0027939;00-0034960;00-0031062;00-0031868;00-0036225,N'Keal Harry;David Andrews;Mike Onwenu;Shaq Mason;Jermaine Eluemunor;Joe Thuney;Cam Newton;Jakobi Meyers;James White;Damiere Byrd;Dalton Keene,00-0033927;00-0031785;00-0035591;00-0034810;00-0033072;00-0034266;00-0033055;00-0035617;00-0036431;00-0031388;00-0029630,John Johnson;Troy Hill;Justin Hollins;Sebastian Joseph-Day;Leonard Floyd;Kenny Young;Jalen Ramsey;Troy Reeder;Jordan Fuller;Aaron Donald;Michael Brockers
2020_14_NE_LA,1742,pass,6.0,17.0,11.0,NE,2.0,1874.0,17.0,6.0,1:14,1:08,,17.0,0.0,3.0,8.0,"2 DL, 4 LB, 5 DB",;;;;;;;;;;,11,4,4,ZONE_COVERAGE,COVER_4,False,00-0035624;00-0031852;00-0036198;00-0031580;00-0033290;00-0032391;00-0027939;00-0034960;00-0031062;00-0031868;00-0036225,N'Keal Harry;David Andrews;Mike Onwenu;Shaq Mason;Jermaine Eluemunor;Joe Thuney;Cam Newton;Jakobi Meyers;James White;Damiere Byrd;Dalton Keene,00-0033927;00-0031785;00-0035591;00-0033072;00-0034266;00-0033055;00-0035617;00-0036431;00-0034203;00-0031388;00-0029630,John Johnson;Troy Hill;Justin Hollins;Leonard Floyd;Kenny Young;Jalen Ramsey;Troy Reeder;Jordan Fuller;Darious Williams;Aaron Donald;Michael Brockers
2020_14_NE_LA,1766,timeout,0.0,,,,2.0,1868.0,,0.0,1:08,1:08,LA,17.0,0.0,,0.0,,,0,,,,,,,,,
2020_14_NE_LA,1783,field_goal,0.0,11.0,11.0,NE,2.0,1868.0,11.0,-49.0,1:08,1:57,,17.0,3.0,4.0,2.0,,;;;;;;;;;;,11,,,,,,00-0034687;00-0036193;00-0036198;00-0035726;00-0036163;00-0035280;00-0031580;00-0033290;00-0032391;00-0032228;00-0025565,Korey Cunningham;Anfernee Jennings;Mike Onwenu;Jakob Johnson;Justin Herron;Jake Bailey;Shaq Mason;Jermaine Eluemunor;Joe Thuney;Joe Cardona;Nick Folk,00-0033927;00-0032889;00-0035665;00-0033945;00-0034810;00-0035667;00-0032671;00-0035617;00-0036077;00-0029630;00-0035669,John Johnson;A'Shawn Robinson;David Long;Samson Ebukam;Sebastian Joseph-Day;Greg Gaines;Morgan Fox;Troy Reeder;JuJu Hughes;Michael Brockers;Nick Scott
2020_14_NE_LA,1801,timeout,0.0,,,,2.0,1917.0,,53.0,1:57,1:04,LA,17.0,0.0,,0.0,,,0,,,,,,,,,
2020_14_NE_LA,1809,kickoff,0.0,35.0,35.0,LA,2.0,1864.0,35.0,4.0,1:04,1:00,,17.0,3.0,,0.0,,;;;;;;;;;;,11,,,,,,00-0035241;00-0035645;00-0026293;00-0036231;00-0035654;00-0036087;00-0029764;00-0035280;00-0032580;00-0031404;00-0029530,Joejuan Williams;Gunner Olszewski;Matthew Slater;Kyle Dugger;Chase Winovich;Myles Bryant;Cody Davis;Jake Bailey;Jonathan Jones;Adrian Phillips;Justin Bethel,00-0035830;00-0036415;00-0035615;00-0035621;00-0032671;00-0036077;00-0031806;00-0036424;00-0033246;00-0035669;00-0033920,J.R. Reed;Van Jefferson;Natrez Patrick;Nsimba Webster;Morgan Fox;JuJu Hughes;Malcolm Brown;Brycen Hopkins;Johnny Mundt;Nick Scott;Derek Rivers
2020_14_NE_LA,1831,pass,6.0,74.0,68.0,LA,2.0,1860.0,74.0,19.0,1:00,0:41,,17.0,3.0,1.0,10.0,"3 DL, 1 LB, 7 DB",;;;;;;;;;;,11,5,4,ZONE_COVERAGE,COVER_2,True,00-0033106;00-0033110;00-0034261;00-0032455;00-0033908;00-0032242;00-0030431;00-0035668;00-0033943;00-0031806;00-0034803,Jared Goff;Tyler Higbee;Austin Corbett;Austin Blythe;Cooper Kupp;Rob Havenstein;Robert Woods;David Edwards;Josh Reynolds;Malcolm Brown;Joe Noteboom,00-0029542;00-0035654;00-0036087;00-0027647;00-0033381;00-0034591;00-0033947;00-0032580;00-0031404;00-0036159;00-0027136,Stephon Gilmore;Chase Winovich;Myles Bryant;Devin McCourty;Adam Butler;J.C. Jackson;Deatrich Wise;Jonathan Jones;Adrian Phillips;Joshua Uche;Jason McCourty
2020_14_NE_LA,1861,pass,0.0,68.0,68.0,LA,2.0,1841.0,68.0,5.0,0:41,0:36,,17.0,3.0,2.0,4.0,"3 DL, 1 LB, 7 DB",;;;;;;;;;;,11,5,4,ZONE_COVERAGE,COVER_2,True,00-0033106;00-0033110;00-0034261;00-0032455;00-0033908;00-0032242;00-0030431;00-0035668;00-0033943;00-0031806;00-0034803,Jared Goff;Tyler Higbee;Austin Corbett;Austin Blythe;Cooper Kupp;Rob Havenstein;Robert Woods;David Edwards;Josh Reynolds;Malcolm Brown;Joe Noteboom,00-0029542;00-0036087;00-0027647;00-0035654;00-0033381;00-0034591;00-0033947;00-0032580;00-0031404;00-0036159;00-0027136,Stephon Gilmore;Myles Bryant;Devin McCourty;Chase Winovich;Adam Butler;J.C. Jackson;Deatrich Wise;Jonathan Jones;Adrian Phillips;Joshua Uche;Jason McCourty
2020_14_NE_LA,1883,pass,2.0,68.0,66.0,LA,2.0,1836.0,68.0,8.0,0:36,0:28,,17.0,3.0,3.0,4.0,"3 DL, 1 LB, 7 DB",;;;;;;;;;;,11,5,3,MAN_COVERAGE,COVER_1,False,00-0033106;00-0034261;00-0033895;00-0032455;00-0032242;00-0033908;00-0030431;00-0035668;00-0033943;00-0031806;00-0034803,Jared Goff;Austin Corbett;Gerald Everett;Austin Blythe;Rob Havenstein;Cooper Kupp;Robert Woods;David Edwards;Josh Reynolds;Malcolm Brown;Joe Noteboom,00-0029542;00-0027647;00-0035654;00-0036087;00-0033381;00-0034591;00-0033947;00-0032580;00-0031404;00-0027136;00-0036159,Stephon Gilmore;Devin McCourty;Chase Winovich;Myles Bryant;Adam Butler;J.C. Jackson;Deatrich Wise;Jonathan Jones;Adrian Phillips;Jason McCourty;Joshua Uche
2020_14_NE_LA,1906,timeout,0.0,,,,2.0,1828.0,,0.0,0:28,0:28,NE,17.0,3.0,,0.0,,,0,,,,,,,,,
2020_14_NE_LA,1924,punt,0.0,66.0,66.0,LA,2.0,1828.0,66.0,13.0,0:28,0:15,,17.0,3.0,4.0,2.0,,;;;;;;;;;;,11,,,,,,00-0028394;00-0035665;00-0033945;00-0028872;00-0035591;00-0035615;00-0035621;00-0035617;00-0033246;00-0035669;00-0033920,Jake McQuaide;David Long;Samson Ebukam;Johnny Hekker;Justin Hollins;Natrez Patrick;Nsimba Webster;Troy Reeder;Johnny Mundt;Nick Scott;Derek Rivers,00-0035241;00-0035645;00-0026293;00-0036231;00-0029764;00-0034845;00-0031339;00-0032580;00-0027136;00-0036159;00-0029530,Joejuan Williams;Gunner Olszewski;Matthew Slater;Kyle Dugger;Cody Davis;Sony Michel;Donte Moncrief;Jonathan Jones;Jason McCourty;Joshua Uche;Justin Bethel
2020_14_NE_LA,1955,pass,4.0,63.0,59.0,NE,2.0,1815.0,63.0,7.0,0:15,0:08,,17.0,3.0,1.0,10.0,"2 DL, 3 LB, 6 DB",;;;;;;;;;;,11,6,4,ZONE_COVERAGE,COVER_3,True,00-0035624;00-0031852;00-0036198;00-0031580;00-0033290;00-0032391;00-0027939;00-0034960;00-0031062;00-0031868;00-0036225,N'Keal Harry;David Andrews;Mike Onwenu;Shaq Mason;Jermaine Eluemunor;Joe Thuney;Cam Newton;Jakobi Meyers;James White;Damiere Byrd;Dalton Keene,00-0033927;00-0031785;00-0033072;00-0033055;00-0032671;00-0035617;00-0036431;00-0034807;00-0034203;00-0031388;00-0035669,John Johnson;Troy Hill;Leonard Floyd;Jalen Ramsey;Morgan Fox;Troy Reeder;Jordan Fuller;Ogbo Okoronkwo;Darious Williams;Aaron Donald;Nick Scott
2020_14_NE_LA,1978,timeout,0.0,,,,2.0,1808.0,,0.0,0:08,0:08,NE,17.0,3.0,,0.0,,,0,,,,,,,,,
2020_14_NE_LA,1996,pass,0.0,59.0,59.0,NE,2.0,1808.0,59.0,4.0,0:08,0:04,,17.0,3.0,2.0,6.0,"2 DL, 3 LB, 6 DB",;;;;;;;;;;,11,6,4,ZONE_COVERAGE,COVER_6,False,00-0035624;00-0031852;00-0036198;00-0031580;00-0033290;00-0032391;00-0027939;00-0034960;00-0031062;00-0031868;00-0036225,N'Keal Harry;David Andrews;Mike Onwenu;Shaq Mason;Jermaine Eluemunor;Joe Thuney;Cam Newton;Jakobi Meyers;James White;Damiere Byrd;Dalton Keene,00-0033927;00-0031785;00-0033072;00-0033055;00-0032671;00-0035617;00-0036431;00-0034807;00-0034203;00-0031388;00-0035669,John Johnson;Troy Hill;Leonard Floyd;Jalen Ramsey;Morgan Fox;Troy Reeder;Jordan Fuller;Ogbo Okoronkwo;Darious Williams;Aaron Donald;Nick Scott
2020_14_NE_LA,2030,timeout,0.0,,,,2.0,1804.0,,0.0,0:04,0:04,LA,17.0,3.0,,0.0,,,0,,,,,,,,,
2020_14_NE_LA,2047,run,4.0,59.0,55.0,NE,2.0,1804.0,59.0,4.0,0:04,0:00,,17.0,3.0,3.0,6.0,"1 DL, 3 LB, 7 DB",;;;;;;;;;;,11,5,,,,,00-0035624;00-0031852;00-0036198;00-0031580;00-0033290;00-0032391;00-0027939;00-0034960;00-0031062;00-0031868;00-0036225,N'Keal Harry;David Andrews;Mike Onwenu;Shaq Mason;Jermaine Eluemunor;Joe Thuney;Cam Newton;Jakobi Meyers;James White;Damiere Byrd;Dalton Keene,00-0033927;00-0031785;00-0035665;00-0033072;00-0033055;00-0035617;00-0036431;00-0034807;00-0034203;00-0031388;00-0035669,John Johnson;Troy Hill;David Long;Leonard Floyd;Jalen Ramsey;Troy Reeder;Jordan Fuller;Ogbo Okoronkwo;Darious Williams;Aaron Donald;Nick Scott
2020_14_NE_LA,2079,start_quarter_3,,,,,2.0,1800.0,,0.0,0:00,0:00,,17.0,3.0,,0.0,,,0,,,,,,,,,
2020_14_NE_LA,2098,kickoff,0.0,35.0,35.0,NE,3.0,1800.0,35.0,0.0,15:00,15:00,,17.0,3.0,,0.0,,;;;;;;;;;;,11,,,,,,00-0035830;00-0033945;00-0035591;00-0036415;00-0035615;00-0035621;00-0036077;00-0035269;00-0034807;00-0036424;00-0035669,J.R. Reed;Samson Ebukam;Justin Hollins;Van Jefferson;Natrez Patrick;Nsimba Webster;JuJu Hughes;Matt Gay;Ogbo Okoronkwo;Brycen Hopkins;Nick Scott,00-0034962;00-0035241;00-0035645;00-0026293;00-0035654;00-0029764;00-0035726;00-0034845;00-0031339;00-0036159;00-0029530,Terez Hall;Joejuan Williams;Gunner Olszewski;Matthew Slater;Chase Winovich;Cody Davis;Jakob Johnson;Sony Michel;Donte Moncrief;Joshua Uche;Justin Bethel
2020_14_NE_LA,2113,pass,-10.0,75.0,85.0,NE,3.0,1800.0,75.0,46.0,15:00,14:14,,17.0,3.0,1.0,10.0,"3 DL, 4 LB, 4 DB",;;;;;;;;;;,11,7,5,,,,00-0031852;00-0036198;00-0035726;00-0035657;00-0031580;00-0033290;00-0032391;00-0027939;00-0034960;00-0031868;00-0036225,David Andrews;Mike Onwenu;Jakob Johnson;Damien Harris;Shaq Mason;Jermaine Eluemunor;Joe Thuney;Cam Newton;Jakobi Meyers;Damiere Byrd;Dalton Keene,00-0033927;00-0031785;00-0033945;00-0034810;00-0033072;00-0034266;00-0033055;00-0035617;00-0036431;00-0031388;00-0029630,John Johnson;Troy Hill;Samson Ebukam;Sebastian Joseph-Day;Leonard Floyd;Kenny Young;Jalen Ramsey;Troy Reeder;Jordan Fuller;Aaron Donald;Michael Brockers
2020_14_NE_LA,2132,pass,30.0,85.0,55.0,NE,3.0,1754.0,85.0,37.0,14:14,13:37,,17.0,3.0,2.0,20.0,"2 DL, 4 LB, 5 DB",;;;;;;;;;;,11,6,4,ZONE_COVERAGE,COVER_3,True,00-0035624;00-0031852;00-0036198;00-0031580;00-0033290;00-0032391;00-0027939;00-0034960;00-0031062;00-0031868;00-0036225,N'Keal Harry;David Andrews;Mike Onwenu;Shaq Mason;Jermaine Eluemunor;Joe Thuney;Cam Newton;Jakobi Meyers;James White;Damiere Byrd;Dalton Keene,00-0033927;00-0031785;00-0033072;00-0034266;00-0033055;00-0035617;00-0036431;00-0034807;00-0034203;00-0031388;00-0029630,John Johnson;Troy Hill;Leonard Floyd;Kenny Young;Jalen Ramsey;Troy Reeder;Jordan Fuller;Ogbo Okoronkwo;Darious Williams;Aaron Donald;Michael Brockers
2020_14_NE_LA,2156,run,7.0,55.0,48.0,NE,3.0,1717.0,55.0,21.0,13:37,13:16,,17.0,3.0,1.0,10.0,"3 DL, 4 LB, 4 DB",;;;;;;;;;;,11,7,,,,,00-0031852;00-0036198;00-0035726;00-0035657;00-0031580;00-0033290;00-0032391;00-0027939;00-0034960;00-0031868;00-0036225,David Andrews;Mike Onwenu;Jakob Johnson;Damien Harris;Shaq Mason;Jermaine Eluemunor;Joe Thuney;Cam Newton;Jakobi Meyers;Damiere Byrd;Dalton Keene,00-0033927;00-0031785;00-0033945;00-0034810;00-0033072;00-0034266;00-0033055;00-0035617;00-0036431;00-0031388;00-0029630,John Johnson;Troy Hill;Samson Ebukam;Sebastian Joseph-Day;Leonard Floyd;Kenny Young;Jalen Ramsey;Troy Reeder;Jordan Fuller;Aaron Donald;Michael Brockers
2020_14_NE_LA,2177,run,4.0,48.0,44.0,NE,3.0,1696.0,48.0,26.0,13:16,12:50,,17.0,3.0,2.0,3.0,"3 DL, 4 LB, 4 DB",;;;;;;;;;;,11,8,,,,,00-0031852;00-0036198;00-0035726;00-0035657;00-0031580;00-0033290;00-0032391;00-0027939;00-0034960;00-0031868;00-0036225,David Andrews;Mike Onwenu;Jakob Johnson;Damien Harris;Shaq Mason;Jermaine Eluemunor;Joe Thuney;Cam Newton;Jakobi Meyers;Damiere Byrd;Dalton Keene,00-0033927;00-0031785;00-0033945;00-0034810;00-0033072;00-0034266;00-0033055;00-0035617;00-0036431;00-0031388;00-0029630,John Johnson;Troy Hill;Samson Ebukam;Sebastian Joseph-Day;Leonard Floyd;Kenny Young;Jalen Ramsey;Troy Reeder;Jordan Fuller;Aaron Donald;Michael Brockers
2020_14_NE_LA,2198,pass,-7.0,44.0,51.0,NE,3.0,1670.0,44.0,43.0,12:50,12:07,,17.0,3.0,1.0,10.0,"3 DL, 4 LB, 4 DB",;;;;;;;;;;,11,6,5,,,,00-0031852;00-0036198;00-0035726;00-0035657;00-0031580;00-0033290;00-0032391;00-0027939;00-0034960;00-0031868;00-0036225,David Andrews;Mike Onwenu;Jakob Johnson;Damien Harris;Shaq Mason;Jermaine Eluemunor;Joe Thuney;Cam Newton;Jakobi Meyers;Damiere Byrd;Dalton Keene,00-0033927;00-0031785;00-0033945;00-0034810;00-0033072;00-0034266;00-0033055;00-0035617;00-0036431;00-0031388;00-0029630,John Johnson;Troy Hill;Samson Ebukam;Sebastian Joseph-Day;Leonard Floyd;Kenny Young;Jalen Ramsey;Troy Reeder;Jordan Fuller;Aaron Donald;Michael Brockers
2020_14_NE_LA,2217,run,9.0,51.0,42.0,NE,3.0,1627.0,51.0,37.0,12:07,11:30,,17.0,3.0,2.0,17.0,"2 DL, 4 LB, 5 DB",;;;;;;;;;;,11,6,,,,,00-0035624;00-0031852;00-0036198;00-0031580;00-0033290;00-0032391;00-0027939;00-0034960;00-0031062;00-0031868;00-0036225,N'Keal Harry;David Andrews;Mike Onwenu;Shaq Mason;Jermaine Eluemunor;Joe Thuney;Cam Newton;Jakobi Meyers;James White;Damiere Byrd;Dalton Keene,00-0033927;00-0031785;00-0033945;00-0033072;00-0034266;00-0033055;00-0032671;00-0035617;00-0036431;00-0034203;00-0031388,John Johnson;Troy Hill;Samson Ebukam;Leonard Floyd;Kenny Young;Jalen Ramsey;Morgan Fox;Troy Reeder;Jordan Fuller;Darious Williams;Aaron Donald
2020_14_NE_LA,2238,pass,0.0,42.0,42.0,NE,3.0,1590.0,42.0,6.0,11:30,11:24,,17.0,3.0,3.0,8.0,"2 DL, 3 LB, 6 DB",;;;;;;;;;;,11,6,6,MAN_COVERAGE,COVER_1,True,00-0035624;00-0031852;00-0036198;00-0031580;00-0033290;00-0032391;00-0027939;00-0031062;00-0034960;00-0031868;00-0036225,N'Keal Harry;David Andrews;Mike Onwenu;Shaq Mason;Jermaine Eluemunor;Joe Thuney;Cam Newton;James White;Jakobi Meyers;Damiere Byrd;Dalton Keene,00-0033927;00-0031785;00-0035591;00-0033072;00-0033055;00-0032671;00-0036431;00-0034807;00-0034203;00-0031388;00-0035669,John Johnson;Troy Hill;Justin Hollins;Leonard Floyd;Jalen Ramsey;Morgan Fox;Jordan Fuller;Ogbo Okoronkwo;Darious Williams;Aaron Donald;Nick Scott
2020_14_NE_LA,2260,punt,0.0,42.0,42.0,NE,3.0,1584.0,42.0,9.0,11:24,11:15,,17.0,3.0,4.0,8.0,,;;;;;;;;;;,11,,,,,,00-0036231;00-0026293;00-0035654;00-0029764;00-0035726;00-0034385;00-0035280;00-0030442;00-0031339;00-0032228;00-0029530,Kyle Dugger;Matthew Slater;Chase Winovich;Cody Davis;Jakob Johnson;Ja'Whaun Bentley;Jake Bailey;John Simon;Donte Moncrief;Joe Cardona;Justin Bethel,00-0035830;00-0033945;00-0035665;00-0035591;00-0035615;00-0035621;00-0036077;00-0034203;00-0034807;00-0035669;00-0033920,J.R. Reed;Samson Ebukam;David Long;Justin Hollins;Natrez Patrick;Nsimba Webster;JuJu Hughes;Darious Williams;Ogbo Okoronkwo;Nick Scott;Derek Rivers
2020_14_NE_LA,2279,run,6.0,90.0,84.0,LA,3.0,1575.0,90.0,33.0,11:15,10:42,,17.0,3.0,1.0,10.0,"4 DL, 2 LB, 5 DB",;;;;;;;;;;,11,8,,,,,00-0033106;00-0033110;00-0034261;00-0033895;00-0032455;00-0036414;00-0032242;00-0030431;00-0035668;00-0033943;00-0034803,Jared Goff;Tyler Higbee;Austin Corbett;Gerald Everett;Austin Blythe;Cam Akers;Rob Havenstein;Robert Woods;David Edwards;Josh Reynolds;Joe Noteboom,00-0029542;00-0036231;00-0027647;00-0033381;00-0036193;00-0034385;00-0034591;00-0030442;00-0033947;00-0031404;00-0028171,Stephon Gilmore;Kyle Dugger;Devin McCourty;Adam Butler;Anfernee Jennings;Ja'Whaun Bentley;J.C. Jackson;John Simon;Deatrich Wise;Adrian Phillips;Lawrence Guy
2020_14_NE_LA,2300,run,6.0,84.0,78.0,LA,3.0,1542.0,84.0,40.0,10:42,10:02,,17.0,3.0,2.0,4.0,"4 DL, 2 LB, 5 DB",;;;;;;;;;;,11,8,,,,,00-0033106;00-0033110;00-0034261;00-0033895;00-0032455;00-0036414;00-0032242;00-0030431;00-0035668;00-0033943;00-0034803,Jared Goff;Tyler Higbee;Austin Corbett;Gerald Everett;Austin Blythe;Cam Akers;Rob Havenstein;Robert Woods;David Edwards;Josh Reynolds;Joe Noteboom,00-0029542;00-0036231;00-0027647;00-0033381;00-0036193;00-0034385;00-0034591;00-0030442;00-0033947;00-0031404;00-0028171,Stephon Gilmore;Kyle Dugger;Devin McCourty;Adam Butler;Anfernee Jennings;Ja'Whaun Bentley;J.C. Jackson;John Simon;Deatrich Wise;Adrian Phillips;Lawrence Guy
2020_14_NE_LA,2321,run,8.0,78.0,70.0,LA,3.0,1502.0,78.0,36.0,10:02,9:26,,17.0,3.0,1.0,10.0,"4 DL, 2 LB, 5 DB",;;;;;;;;;;,11,7,,,,,00-0033106;00-0033110;00-0034261;00-0033895;00-0032455;00-0036414;00-0032242;00-0030431;00-0035668;00-0033943;00-0034803,Jared Goff;Tyler Higbee;Austin Corbett;Gerald Everett;Austin Blythe;Cam Akers;Rob Havenstein;Robert Woods;David Edwards;Josh Reynolds;Joe Noteboom,00-0029542;00-0036231;00-0027647;00-0033381;00-0036193;00-0034385;00-0034591;00-0030442;00-0033947;00-0031404;00-0028171,Stephon Gilmore;Kyle Dugger;Devin McCourty;Adam Butler;Anfernee Jennings;Ja'Whaun Bentley;J.C. Jackson;John Simon;Deatrich Wise;Adrian Phillips;Lawrence Guy
2020_14_NE_LA,2342,run,25.0,70.0,45.0,LA,3.0,1466.0,70.0,37.0,9:26,8:49,,17.0,3.0,2.0,2.0,"4 DL, 2 LB, 5 DB",;;;;;;;;;;,11,8,,,,,00-0033106;00-0033110;00-0034261;00-0033895;00-0032455;00-0036414;00-0032242;00-0030431;00-0035668;00-0033943;00-0034803,Jared Goff;Tyler Higbee;Austin Corbett;Gerald Everett;Austin Blythe;Cam Akers;Rob Havenstein;Robert Woods;David Edwards;Josh Reynolds;Joe Noteboom,00-0029542;00-0036231;00-0027647;00-0033381;00-0036193;00-0034385;00-0034591;00-0030442;00-0033947;00-0031404;00-0028171,Stephon Gilmore;Kyle Dugger;Devin McCourty;Adam Butler;Anfernee Jennings;Ja'Whaun Bentley;J.C. Jackson;John Simon;Deatrich Wise;Adrian Phillips;Lawrence Guy
2020_14_NE_LA,2368,run,3.0,45.0,42.0,LA,3.0,1429.0,45.0,41.0,8:49,8:08,,17.0,3.0,1.0,10.0,"4 DL, 2 LB, 5 DB",;;;;;;;;;;,11,7,,,,,00-0033106;00-0033110;00-0034261;00-0033895;00-0035664;00-0032455;00-0032242;00-0030431;00-0035668;00-0033943;00-0034803,Jared Goff;Tyler Higbee;Austin Corbett;Gerald Everett;Darrell Henderson;Austin Blythe;Rob Havenstein;Robert Woods;David Edwards;Josh Reynolds;Joe Noteboom,00-0029542;00-0036231;00-0027647;00-0036193;00-0030402;00-0034385;00-0034591;00-0030442;00-0033947;00-0031404;00-0028171,Stephon Gilmore;Kyle Dugger;Devin McCourty;Anfernee Jennings;Akeem Spence;Ja'Whaun Bentley;J.C. Jackson;John Simon;Deatrich Wise;Adrian Phillips;Lawrence Guy
2020_14_NE_LA,2389,pass,8.0,42.0,34.0,LA,3.0,1388.0,42.0,37.0,8:08,7:31,,17.0,3.0,2.0,7.0,"4 DL, 2 LB, 5 DB",;;;;;;;;;;,11,6,4,ZONE_COVERAGE,COVER_2,False,00-0033106;00-0033110;00-0034261;00-0033895;00-0035664;00-0032455;00-0032242;00-0030431;00-0035668;00-0033943;00-0034803,Jared Goff;Tyler Higbee;Austin Corbett;Gerald Everett;Darrell Henderson;Austin Blythe;Rob Havenstein;Robert Woods;David Edwards;Josh Reynolds;Joe Noteboom,00-0029542;00-0036231;00-0027647;00-0036193;00-0030402;00-0034385;00-0034591;00-0030442;00-0033947;00-0031404;00-0028171,Stephon Gilmore;Kyle Dugger;Devin McCourty;Anfernee Jennings;Akeem Spence;Ja'Whaun Bentley;J.C. Jackson;John Simon;Deatrich Wise;Adrian Phillips;Lawrence Guy
2020_14_NE_LA,2413,run,2.0,34.0,32.0,LA,3.0,1351.0,34.0,36.0,7:31,6:55,,17.0,3.0,1.0,10.0,"5 DL, 1 LB, 5 DB",;;;;;;;;;;,11,6,,,,,00-0033106;00-0033110;00-0034261;00-0033895;00-0035664;00-0032455;00-0032242;00-0030431;00-0035668;00-0033943;00-0034803,Jared Goff;Tyler Higbee;Austin Corbett;Gerald Everett;Darrell Henderson;Austin Blythe;Rob Havenstein;Robert Woods;David Edwards;Josh Reynolds;Joe Noteboom,00-0029542;00-0036231;00-0027647;00-0035654;00-0030402;00-0034385;00-0034591;00-0030442;00-0033947;00-0031404;00-0028171,Stephon Gilmore;Kyle Dugger;Devin McCourty;Chase Winovich;Akeem Spence;Ja'Whaun Bentley;J.C. Jackson;John Simon;Deatrich Wise;Adrian Phillips;Lawrence Guy
2020_14_NE_LA,2434,run,1.0,32.0,31.0,LA,3.0,1315.0,32.0,45.0,6:55,6:10,,17.0,3.0,2.0,8.0,"5 DL, 1 LB, 5 DB",;;;;;;;;;;,11,8,,,,,00-0033106;00-0033110;00-0034261;00-0033895;00-0032455;00-0036414;00-0032242;00-0030431;00-0035668;00-0033943;00-0034803,Jared Goff;Tyler Higbee;Austin Corbett;Gerald Everett;Austin Blythe;Cam Akers;Rob Havenstein;Robert Woods;David Edwards;Josh Reynolds;Joe Noteboom,00-0029542;00-0036231;00-0027647;00-0035654;00-0030402;00-0034385;00-0034591;00-0030442;00-0033947;00-0031404;00-0028171,Stephon Gilmore;Kyle Dugger;Devin McCourty;Chase Winovich;Akeem Spence;Ja'Whaun Bentley;J.C. Jackson;John Simon;Deatrich Wise;Adrian Phillips;Lawrence Guy
2020_14_NE_LA,2461,pass,6.0,31.0,25.0,LA,3.0,1270.0,31.0,37.0,6:10,5:33,,17.0,3.0,3.0,7.0,"3 DL, 1 LB, 7 DB",;;;;;;;;;;,11,5,5,MAN_COVERAGE,COVER_0,False,00-0033106;00-0034261;00-0033895;00-0032455;00-0032242;00-0033908;00-0030431;00-0035668;00-0033943;00-0031806;00-0034803,Jared Goff;Austin Corbett;Gerald Everett;Austin Blythe;Rob Havenstein;Cooper Kupp;Robert Woods;David Edwards;Josh Reynolds;Malcolm Brown;Joe Noteboom,00-0029542;00-0035654;00-0036087;00-0027647;00-0033381;00-0034591;00-0033947;00-0032580;00-0031404;00-0027136;00-0036159,Stephon Gilmore;Chase Winovich;Myles Bryant;Devin McCourty;Adam Butler;J.C. Jackson;Deatrich Wise;Jonathan Jones;Adrian Phillips;Jason McCourty;Joshua Uche
2020_14_NE_LA,2485,run,2.0,25.0,23.0,LA,3.0,1233.0,25.0,43.0,5:33,4:50,,17.0,3.0,4.0,1.0,"5 DL, 1 LB, 5 DB",;;;;;;;;;;,11,8,,,,,00-0033106;00-0033110;00-0034261;00-0033895;00-0032455;00-0036414;00-0032242;00-0030431;00-0035668;00-0033943;00-0034803,Jared Goff;Tyler Higbee;Austin Corbett;Gerald Everett;Austin Blythe;Cam Akers;Rob Havenstein;Robert Woods;David Edwards;Josh Reynolds;Joe Noteboom,00-0029542;00-0036231;00-0035654;00-0027647;00-0034385;00-0034591;00-0030442;00-0033947;00-0031404;00-0028171;00-0035278,Stephon Gilmore;Kyle Dugger;Chase Winovich;Devin McCourty;Ja'Whaun Bentley;J.C. Jackson;John Simon;Deatrich Wise;Adrian Phillips;Lawrence Guy;Byron Cowart
2020_14_NE_LA,2506,run,9.0,23.0,14.0,LA,3.0,1190.0,23.0,34.0,4:50,4:16,,17.0,3.0,1.0,10.0,"5 DL, 1 LB, 5 DB",;;;;;;;;;;,11,7,,,,,00-0033106;00-0033110;00-0034261;00-0033895;00-0032455;00-0036414;00-0032242;00-0030431;00-0035668;00-0033943;00-0034803,Jared Goff;Tyler Higbee;Austin Corbett;Gerald Everett;Austin Blythe;Cam Akers;Rob Havenstein;Robert Woods;David Edwards;Josh Reynolds;Joe Noteboom,00-0029542;00-0036231;00-0027647;00-0035654;00-0034385;00-0034591;00-0030442;00-0033947;00-0031404;00-0028171;00-0035278,Stephon Gilmore;Kyle Dugger;Devin McCourty;Chase Winovich;Ja'Whaun Bentley;J.C. Jackson;John Simon;Deatrich Wise;Adrian Phillips;Lawrence Guy;Byron Cowart
2020_14_NE_LA,2532,run,1.0,14.0,13.0,LA,3.0,1156.0,14.0,36.0,4:16,3:40,,17.0,3.0,2.0,1.0,"5 DL, 1 LB, 5 DB",;;;;;;;;;;,11,7,,,,,00-0033106;00-0033110;00-0034261;00-0033895;00-0032455;00-0036414;00-0032242;00-0030431;00-0035668;00-0033943;00-0034803,Jared Goff;Tyler Higbee;Austin Corbett;Gerald Everett;Austin Blythe;Cam Akers;Rob Havenstein;Robert Woods;David Edwards;Josh Reynolds;Joe Noteboom,00-0029542;00-0036231;00-0027647;00-0035654;00-0033381;00-0030402;00-0034385;00-0034591;00-0030442;00-0031404;00-0028171,Stephon Gilmore;Kyle Dugger;Devin McCourty;Chase Winovich;Adam Butler;Akeem Spence;Ja'Whaun Bentley;J.C. Jackson;John Simon;Adrian Phillips;Lawrence Guy
2020_14_NE_LA,2553,pass,5.0,13.0,8.0,LA,3.0,1120.0,13.0,32.0,3:40,3:08,,17.0,3.0,1.0,10.0,"5 DL, 1 LB, 5 DB",;;;;;;;;;;,11,8,4,ZONE_COVERAGE,COVER_2,False,00-0033106;00-0033110;00-0034261;00-0033895;00-0032455;00-0036414;00-0032242;00-0030431;00-0035668;00-0033943;00-0034803,Jared Goff;Tyler Higbee;Austin Corbett;Gerald Everett;Austin Blythe;Cam Akers;Rob Havenstein;Robert Woods;David Edwards;Josh Reynolds;Joe Noteboom,00-0029542;00-0036231;00-0027647;00-0035654;00-0033381;00-0030402;00-0034385;00-0034591;00-0030442;00-0031404;00-0028171,Stephon Gilmore;Kyle Dugger;Devin McCourty;Chase Winovich;Adam Butler;Akeem Spence;Ja'Whaun Bentley;J.C. Jackson;John Simon;Adrian Phillips;Lawrence Guy
2020_14_NE_LA,2577,run,4.0,8.0,4.0,LA,3.0,1088.0,8.0,44.0,3:08,2:24,,17.0,3.0,2.0,5.0,"5 DL, 1 LB, 5 DB",;;;;;;;;;;,11,7,,,,,00-0033106;00-0033110;00-0034261;00-0033895;00-0032455;00-0036414;00-0032242;00-0030431;00-0035668;00-0033943;00-0034803,Jared Goff;Tyler Higbee;Austin Corbett;Gerald Everett;Austin Blythe;Cam Akers;Rob Havenstein;Robert Woods;David Edwards;Josh Reynolds;Joe Noteboom,00-0029542;00-0036231;00-0027647;00-0035654;00-0033381;00-0030402;00-0034385;00-0034591;00-0030442;00-0031404;00-0028171,Stephon Gilmore;Kyle Dugger;Devin McCourty;Chase Winovich;Adam Butler;Akeem Spence;Ja'Whaun Bentley;J.C. Jackson;John Simon;Adrian Phillips;Lawrence Guy
2020_14_NE_LA,2598,run,0.0,4.0,4.0,LA,3.0,1044.0,4.0,46.0,2:24,1:38,,17.0,3.0,3.0,1.0,"5 DL, 1 LB, 5 DB",;;;;;;;;;;,11,9,,,,,00-0033106;00-0033110;00-0034261;00-0033895;00-0032455;00-0036414;00-0032242;00-0030431;00-0035668;00-0033943;00-0034803,Jared Goff;Tyler Higbee;Austin Corbett;Gerald Everett;Austin Blythe;Cam Akers;Rob Havenstein;Robert Woods;David Edwards;Josh Reynolds;Joe Noteboom,00-0029542;00-0036231;00-0035654;00-0027647;00-0033381;00-0030402;00-0034385;00-0034591;00-0030442;00-0031404;00-0028171,Stephon Gilmore;Kyle Dugger;Chase Winovich;Devin McCourty;Adam Butler;Akeem Spence;Ja'Whaun Bentley;J.C. Jackson;John Simon;Adrian Phillips;Lawrence Guy
2020_14_NE_LA,2619,timeout,0.0,,,,3.0,998.0,,0.0,1:38,1:38,LA,17.0,3.0,,0.0,,,0,,,,,,,,,
2020_14_NE_LA,2636,no_play,0.0,4.0,4.0,LA,3.0,998.0,4.0,0.0,1:38,1:38,,17.0,3.0,4.0,1.0,"5 DL, 2 LB, 4 DB",;;;;;;;;;;,11,,,,,,00-0033106;00-0033110;00-0034261;00-0033895;00-0032455;00-0036414;00-0032242;00-0030431;00-0035668;00-0033943;00-0034803,Jared Goff;Tyler Higbee;Austin Corbett;Gerald Everett;Austin Blythe;Cam Akers;Rob Havenstein;Robert Woods;David Edwards;Josh Reynolds;Joe Noteboom,00-0029542;00-0027647;00-0033381;00-0036193;00-0030402;00-0034385;00-0034591;00-0030442;00-0031404;00-0028171;00-0035278,Stephon Gilmore;Devin McCourty;Adam Butler;Anfernee Jennings;Akeem Spence;Ja'Whaun Bentley;J.C. Jackson;John Simon;Adrian Phillips;Lawrence Guy;Byron Cowart
2020_14_NE_LA,2659,pass,2.0,2.0,0.0,LA,3.0,998.0,2.0,5.0,1:38,1:33,,23.0,3.0,1.0,2.0,"5 DL, 2 LB, 4 DB",;;;;;;;;;;,11,7,6,MAN_COVERAGE,COVER_0,False,00-0033106;00-0033110;00-0034261;00-0032455;00-0036414;00-0033908;00-0032242;00-0030431;00-0035668;00-0033943;00-0034803,Jared Goff;Tyler Higbee;Austin Corbett;Austin Blythe;Cam Akers;Cooper Kupp;Rob Havenstein;Robert Woods;David Edwards;Josh Reynolds;Joe Noteboom,00-0029542;00-0027647;00-0033381;00-0036193;00-0030402;00-0034385;00-0034591;00-0030442;00-0032580;00-0028171;00-0035278,Stephon Gilmore;Devin McCourty;Adam Butler;Anfernee Jennings;Akeem Spence;Ja'Whaun Bentley;J.C. Jackson;John Simon;Jonathan Jones;Lawrence Guy;Byron Cowart
2020_14_NE_LA,2684,extra_point,0.0,15.0,15.0,LA,3.0,993.0,15.0,0.0,1:33,1:33,,24.0,3.0,,0.0,,;;;;;;;;;;,11,,,,,,00-0028394;00-0034261;00-0028872;00-0032455;00-0032242;00-0034114;00-0035668;00-0032671;00-0035269;00-0033246;00-0036437,Jake McQuaide;Austin Corbett;Johnny Hekker;Austin Blythe;Rob Havenstein;Coleman Shelton;David Edwards;Morgan Fox;Matt Gay;Johnny Mundt;Tremayne Anchrum,00-0026293;00-0035654;00-0027647;00-0029764;00-0036193;00-0030402;00-0030442;00-0033947;00-0032580;00-0029530;00-0035278,Matthew Slater;Chase Winovich;Devin McCourty;Cody Davis;Anfernee Jennings;Akeem Spence;John Simon;Deatrich Wise;Jonathan Jones;Justin Bethel;Byron Cowart
2020_14_NE_LA,2700,kickoff,0.0,35.0,35.0,NE,3.0,993.0,35.0,0.0,1:33,1:33,,24.0,3.0,,0.0,,;;;;;;;;;;,11,,,,,,00-0035830;00-0033945;00-0035591;00-0036415;00-0035615;00-0035621;00-0036077;00-0035269;00-0034807;00-0036424;00-0035669,J.R. Reed;Samson Ebukam;Justin Hollins;Van Jefferson;Natrez Patrick;Nsimba Webster;JuJu Hughes;Matt Gay;Ogbo Okoronkwo;Brycen Hopkins;Nick Scott,00-0034962;00-0035241;00-0035645;00-0026293;00-0035654;00-0029764;00-0035726;00-0031339;00-0031404;00-0036159;00-0029530,Terez Hall;Joejuan Williams;Gunner Olszewski;Matthew Slater;Chase Winovich;Cody Davis;Jakob Johnson;Donte Moncrief;Adrian Phillips;Joshua Uche;Justin Bethel
2020_14_NE_LA,2715,run,3.0,75.0,72.0,NE,3.0,993.0,75.0,28.0,1:33,1:05,,24.0,3.0,1.0,10.0,"2 DL, 4 LB, 5 DB",;;;;;;;;;;,11,6,4,,,,00-0035624;00-0031852;00-0036198;00-0034845;00-0036163;00-0031580;00-0036194;00-0032391;00-0027939;00-0034960;00-0031868,N'Keal Harry;David Andrews;Mike Onwenu;Sony Michel;Justin Herron;Shaq Mason;Devin Asiasi;Joe Thuney;Cam Newton;Jakobi Meyers;Damiere Byrd,00-0033927;00-0031785;00-0032889;00-0035591;00-0033072;00-0034266;00-0033055;00-0035617;00-0036431;00-0034203;00-0031388,John Johnson;Troy Hill;A'Shawn Robinson;Justin Hollins;Leonard Floyd;Kenny Young;Jalen Ramsey;Troy Reeder;Jordan Fuller;Darious Williams;Aaron Donald
2020_14_NE_LA,2736,run,3.0,72.0,69.0,NE,3.0,965.0,72.0,38.0,1:05,0:27,,24.0,3.0,2.0,7.0,"2 DL, 4 LB, 5 DB",;;;;;;;;;;,11,5,,,,,00-0034960;00-0031852;00-0035624;00-0032391;00-0031580;00-0036198;00-0027939;00-0036194;00-0031868;00-0034845;00-0036163,Jakobi Meyers;David Andrews;N'Keal Harry;Joe Thuney;Shaq Mason;Mike Onwenu;Cam Newton;Devin Asiasi;Damiere Byrd;Sony Michel;Justin Herron,00-0031785;00-0033072;00-0035591;00-0033927;00-0032889;00-0035617;00-0034266;00-0031388;00-0034203;00-0033055;00-0036431,Troy Hill;Leonard Floyd;Justin Hollins;John Johnson;A'Shawn Robinson;Troy Reeder;Kenny Young;Aaron Donald;Darious Williams;Jalen Ramsey;Jordan Fuller
2020_14_NE_LA,2757,pass,-1.0,69.0,70.0,NE,3.0,927.0,69.0,27.0,0:27,0:00,,24.0,3.0,3.0,4.0,"2 DL, 3 LB, 6 DB",;;;;;;;;;;,11,5,4,,,,00-0035624;00-0031852;00-0036198;00-0036163;00-0031580;00-0036194;00-0032391;00-0027939;00-0034960;00-0031062;00-0031868,N'Keal Harry;David Andrews;Mike Onwenu;Justin Herron;Shaq Mason;Devin Asiasi;Joe Thuney;Cam Newton;Jakobi Meyers;James White;Damiere Byrd,00-0033927;00-0031785;00-0033072;00-0033055;00-0035617;00-0036431;00-0034807;00-0034203;00-0031388;00-0029630;00-0035669,John Johnson;Troy Hill;Leonard Floyd;Jalen Ramsey;Troy Reeder;Jordan Fuller;Ogbo Okoronkwo;Darious Williams;Aaron Donald;Michael Brockers;Nick Scott
2020_14_NE_LA,2776,start_quarter_4,,,,NE,3.0,900.0,,0.0,0:00,0:00,,24.0,3.0,,0.0,,,0,,,,,,,,,
2020_14_NE_LA,2795,punt,0.0,70.0,70.0,NE,4.0,900.0,70.0,9.0,15:00,14:51,,24.0,3.0,4.0,5.0,,;;;;;;;;;;,11,,,,,,00-0036231;00-0026293;00-0035654;00-0029764;00-0035726;00-0034385;00-0035280;00-0030442;00-0031339;00-0032228;00-0029530,Kyle Dugger;Matthew Slater;Chase Winovich;Cody Davis;Jakob Johnson;Ja'Whaun Bentley;Jake Bailey;John Simon;Donte Moncrief;Joe Cardona;Justin Bethel,00-0035830;00-0035665;00-0033945;00-0035591;00-0035615;00-0035621;00-0036077;00-0034807;00-0034203;00-0035669;00-0033920,J.R. Reed;David Long;Samson Ebukam;Justin Hollins;Natrez Patrick;Nsimba Webster;JuJu Hughes;Ogbo Okoronkwo;Darious Williams;Nick Scott;Derek Rivers
2020_14_NE_LA,2813,run,2.0,70.0,68.0,LA,4.0,891.0,70.0,38.0,14:51,14:13,,24.0,3.0,1.0,10.0,"4 DL, 2 LB, 5 DB",;;;;;;;;;;,11,7,,,,,00-0033106;00-0033110;00-0034261;00-0033895;00-0032455;00-0036414;00-0032242;00-0033908;00-0036415;00-0035668;00-0034803,Jared Goff;Tyler Higbee;Austin Corbett;Gerald Everett;Austin Blythe;Cam Akers;Rob Havenstein;Cooper Kupp;Van Jefferson;David Edwards;Joe Noteboom,00-0029542;00-0034962;00-0033324;00-0036231;00-0027647;00-0033381;00-0034385;00-0034591;00-0030442;00-0031404;00-0028171,Stephon Gilmore;Terez Hall;Tashawn Bower;Kyle Dugger;Devin McCourty;Adam Butler;Ja'Whaun Bentley;J.C. Jackson;John Simon;Adrian Phillips;Lawrence Guy
2020_14_NE_LA,2834,run,3.0,68.0,65.0,LA,4.0,853.0,68.0,38.0,14:13,13:35,,24.0,3.0,2.0,8.0,"4 DL, 2 LB, 5 DB",;;;;;;;;;;,11,7,,,,,00-0033106;00-0033110;00-0034261;00-0033895;00-0032455;00-0036414;00-0032242;00-0033908;00-0036415;00-0035668;00-0034803,Jared Goff;Tyler Higbee;Austin Corbett;Gerald Everett;Austin Blythe;Cam Akers;Rob Havenstein;Cooper Kupp;Van Jefferson;David Edwards;Joe Noteboom,00-0029542;00-0034962;00-0033324;00-0036231;00-0027647;00-0033381;00-0034385;00-0034591;00-0030442;00-0031404;00-0028171,Stephon Gilmore;Terez Hall;Tashawn Bower;Kyle Dugger;Devin McCourty;Adam Butler;Ja'Whaun Bentley;J.C. Jackson;John Simon;Adrian Phillips;Lawrence Guy
2020_14_NE_LA,2855,run,3.0,65.0,62.0,LA,4.0,815.0,65.0,41.0,13:35,12:54,,24.0,3.0,3.0,5.0,"3 DL, 1 LB, 7 DB",;;;;;;;;;;,11,6,,,,,00-0033106;00-0033110;00-0034261;00-0033895;00-0032455;00-0036414;00-0033908;00-0032242;00-0036415;00-0035668;00-0034803,Jared Goff;Tyler Higbee;Austin Corbett;Gerald Everett;Austin Blythe;Cam Akers;Cooper Kupp;Rob Havenstein;Van Jefferson;David Edwards;Joe Noteboom,00-0029542;00-0035654;00-0027647;00-0036087;00-0033381;00-0034591;00-0033947;00-0032580;00-0031404;00-0027136;00-0036159,Stephon Gilmore;Chase Winovich;Devin McCourty;Myles Bryant;Adam Butler;J.C. Jackson;Deatrich Wise;Jonathan Jones;Adrian Phillips;Jason McCourty;Joshua Uche
2020_14_NE_LA,2876,punt,0.0,62.0,62.0,LA,4.0,774.0,62.0,9.0,12:54,12:45,,24.0,3.0,4.0,2.0,,;;;;;;;;;;,11,,,,,,00-0028394;00-0035665;00-0033945;00-0028872;00-0035591;00-0035615;00-0035621;00-0035617;00-0033246;00-0035669;00-0033920,Jake McQuaide;David Long;Samson Ebukam;Johnny Hekker;Justin Hollins;Natrez Patrick;Nsimba Webster;Troy Reeder;Johnny Mundt;Nick Scott;Derek Rivers,00-0035241;00-0035645;00-0036231;00-0026293;00-0029764;00-0034845;00-0031339;00-0031404;00-0032580;00-0027136;00-0029530,Joejuan Williams;Gunner Olszewski;Kyle Dugger;Matthew Slater;Cody Davis;Sony Michel;Donte Moncrief;Adrian Phillips;Jonathan Jones;Jason McCourty;Justin Bethel
2020_14_NE_LA,2901,pass,-3.0,74.0,77.0,NE,4.0,765.0,74.0,30.0,12:45,12:15,,24.0,3.0,1.0,10.0,"4 DL, 3 LB, 4 DB",;;;;;;;;;;,11,7,5,,,,00-0035624;00-0031852;00-0036198;00-0035726;00-0035657;00-0036163;00-0031580;00-0032391;00-0027939;00-0034960;00-0036225,N'Keal Harry;David Andrews;Mike Onwenu;Jakob Johnson;Damien Harris;Justin Herron;Shaq Mason;Joe Thuney;Cam Newton;Jakobi Meyers;Dalton Keene,00-0033927;00-0031785;00-0032889;00-0035667;00-0033072;00-0034266;00-0033055;00-0032671;00-0035617;00-0036431;00-0033920,John Johnson;Troy Hill;A'Shawn Robinson;Greg Gaines;Leonard Floyd;Kenny Young;Jalen Ramsey;Morgan Fox;Troy Reeder;Jordan Fuller;Derek Rivers
2020_14_NE_LA,2923,pass,0.0,77.0,77.0,NE,4.0,735.0,77.0,4.0,12:15,12:11,,24.0,3.0,2.0,13.0,"3 DL, 3 LB, 5 DB",;;;;;;;;;;,11,5,4,ZONE_COVERAGE,COVER_3,True,00-0031852;00-0036198;00-0035726;00-0034845;00-0036163;00-0031580;00-0032391;00-0027939;00-0034960;00-0031868;00-0036225,David Andrews;Mike Onwenu;Jakob Johnson;Sony Michel;Justin Herron;Shaq Mason;Joe Thuney;Cam Newton;Jakobi Meyers;Damiere Byrd;Dalton Keene,00-0033927;00-0031785;00-0035667;00-0033072;00-0034266;00-0033055;00-0032671;00-0035617;00-0036431;00-0034203;00-0033920,John Johnson;Troy Hill;Greg Gaines;Leonard Floyd;Kenny Young;Jalen Ramsey;Morgan Fox;Troy Reeder;Jordan Fuller;Darious Williams;Derek Rivers
2020_14_NE_LA,2945,pass,0.0,77.0,77.0,NE,4.0,731.0,77.0,5.0,12:11,12:06,,24.0,3.0,3.0,13.0,"2 DL, 3 LB, 6 DB",;;;;;;;;;;,11,6,5,ZONE_COVERAGE,COVER_3,False,00-0035624;00-0031852;00-0036198;00-0034845;00-0036163;00-0031580;00-0032391;00-0027939;00-0034960;00-0031062;00-0031868,N'Keal Harry;David Andrews;Mike Onwenu;Sony Michel;Justin Herron;Shaq Mason;Joe Thuney;Cam Newton;Jakobi Meyers;James White;Damiere Byrd,00-0033927;00-0031785;00-0035591;00-0034810;00-0033072;00-0033055;00-0036431;00-0034807;00-0034203;00-0031388;00-0035669,John Johnson;Troy Hill;Justin Hollins;Sebastian Joseph-Day;Leonard Floyd;Jalen Ramsey;Jordan Fuller;Ogbo Okoronkwo;Darious Williams;Aaron Donald;Nick Scott
2020_14_NE_LA,2967,punt,0.0,77.0,77.0,NE,4.0,726.0,77.0,13.0,12:06,11:53,,24.0,3.0,4.0,13.0,,;;;;;;;;;;,11,,,,,,00-0036231;00-0026293;00-0035654;00-0029764;00-0035726;00-0034385;00-0035280;00-0030442;00-0032228;00-0031404;00-0029530,Kyle Dugger;Matthew Slater;Chase Winovich;Cody Davis;Jakob Johnson;Ja'Whaun Bentley;Jake Bailey;John Simon;Joe Cardona;Adrian Phillips;Justin Bethel,00-0035830;00-0033945;00-0035665;00-0035591;00-0035615;00-0035621;00-0036077;00-0034807;00-0034203;00-0035669;00-0033920,J.R. Reed;Samson Ebukam;David Long;Justin Hollins;Natrez Patrick;Nsimba Webster;JuJu Hughes;Ogbo Okoronkwo;Darious Williams;Nick Scott;Derek Rivers
2020_14_NE_LA,2986,run,0.0,94.0,94.0,LA,4.0,713.0,94.0,40.0,11:53,11:13,,24.0,3.0,1.0,10.0,"4 DL, 2 LB, 5 DB",;;;;;;;;;;,11,7,,,,,00-0033106;00-0033110;00-0034261;00-0033895;00-0032455;00-0036414;00-0032242;00-0030431;00-0035668;00-0033943;00-0034803,Jared Goff;Tyler Higbee;Austin Corbett;Gerald Everett;Austin Blythe;Cam Akers;Rob Havenstein;Robert Woods;David Edwards;Josh Reynolds;Joe Noteboom,00-0029542;00-0034962;00-0033324;00-0036231;00-0027647;00-0034385;00-0034591;00-0030442;00-0031404;00-0028171;00-0035278,Stephon Gilmore;Terez Hall;Tashawn Bower;Kyle Dugger;Devin McCourty;Ja'Whaun Bentley;J.C. Jackson;John Simon;Adrian Phillips;Lawrence Guy;Byron Cowart
2020_14_NE_LA,3007,run,3.0,94.0,91.0,LA,4.0,673.0,94.0,44.0,11:13,10:29,,24.0,3.0,2.0,10.0,"4 DL, 2 LB, 5 DB",;;;;;;;;;;,11,7,,,,,00-0033106;00-0033110;00-0034261;00-0033895;00-0032455;00-0036414;00-0032242;00-0030431;00-0035668;00-0033943;00-0034803,Jared Goff;Tyler Higbee;Austin Corbett;Gerald Everett;Austin Blythe;Cam Akers;Rob Havenstein;Robert Woods;David Edwards;Josh Reynolds;Joe Noteboom,00-0029542;00-0034962;00-0033324;00-0036231;00-0027647;00-0034385;00-0034591;00-0030442;00-0031404;00-0028171;00-0035278,Stephon Gilmore;Terez Hall;Tashawn Bower;Kyle Dugger;Devin McCourty;Ja'Whaun Bentley;J.C. Jackson;John Simon;Adrian Phillips;Lawrence Guy;Byron Cowart
2020_14_NE_LA,3028,pass,0.0,91.0,91.0,LA,4.0,629.0,91.0,2.0,10:29,10:27,,24.0,3.0,3.0,7.0,"3 DL, 1 LB, 7 DB",;;;;;;;;;;,11,3,3,MAN_COVERAGE,COVER_1,False,00-0033106;00-0033110;00-0034261;00-0032455;00-0036414;00-0032242;00-0033908;00-0030431;00-0035668;00-0033943;00-0034803,Jared Goff;Tyler Higbee;Austin Corbett;Austin Blythe;Cam Akers;Rob Havenstein;Cooper Kupp;Robert Woods;David Edwards;Josh Reynolds;Joe Noteboom,00-0029542;00-0036087;00-0027647;00-0035654;00-0033381;00-0034591;00-0033947;00-0032580;00-0031404;00-0027136;00-0036159,Stephon Gilmore;Myles Bryant;Devin McCourty;Chase Winovich;Adam Butler;J.C. Jackson;Deatrich Wise;Jonathan Jones;Adrian Phillips;Jason McCourty;Joshua Uche
2020_14_NE_LA,3050,punt,0.0,91.0,91.0,LA,4.0,627.0,91.0,15.0,10:27,10:12,,24.0,3.0,4.0,7.0,,;;;;;;;;;;,11,,,,,,00-0028394;00-0035665;00-0033945;00-0028872;00-0035591;00-0035615;00-0035621;00-0035617;00-0033246;00-0035669;00-0033920,Jake McQuaide;David Long;Samson Ebukam;Johnny Hekker;Justin Hollins;Natrez Patrick;Nsimba Webster;Troy Reeder;Johnny Mundt;Nick Scott;Derek Rivers,00-0035241;00-0035645;00-0026293;00-0036231;00-0029764;00-0034845;00-0031404;00-0032580;00-0027136;00-0036159;00-0029530,Joejuan Williams;Gunner Olszewski;Matthew Slater;Kyle Dugger;Cody Davis;Sony Michel;Adrian Phillips;Jonathan Jones;Jason McCourty;Joshua Uche;Justin Bethel
2020_14_NE_LA,3075,pass,2.0,34.0,32.0,NE,4.0,612.0,34.0,24.0,10:12,9:48,,24.0,3.0,1.0,10.0,"2 DL, 4 LB, 5 DB",;;;;;;;;;;,11,5,4,ZONE_COVERAGE,COVER_3,True,00-0035624;00-0031852;00-0036198;00-0031580;00-0033290;00-0036194;00-0032391;00-0034960;00-0031062;00-0035264;00-0031868,N'Keal Harry;David Andrews;Mike Onwenu;Shaq Mason;Jermaine Eluemunor;Devin Asiasi;Joe Thuney;Jakobi Meyers;James White;Jarrett Stidham;Damiere Byrd,00-0033927;00-0031785;00-0033945;00-0033072;00-0034266;00-0033055;00-0035617;00-0036431;00-0034203;00-0031388;00-0029630,John Johnson;Troy Hill;Samson Ebukam;Leonard Floyd;Kenny Young;Jalen Ramsey;Troy Reeder;Jordan Fuller;Darious Williams;Aaron Donald;Michael Brockers
2020_14_NE_LA,3099,pass,7.0,32.0,25.0,NE,4.0,588.0,32.0,22.0,9:48,9:26,,24.0,3.0,2.0,8.0,"2 DL, 4 LB, 5 DB",;;;;;;;;;;,11,5,5,ZONE_COVERAGE,COVER_4,True,00-0035624;00-0031852;00-0036198;00-0031580;00-0033290;00-0036194;00-0032391;00-0034960;00-0031062;00-0035264;00-0031868,N'Keal Harry;David Andrews;Mike Onwenu;Shaq Mason;Jermaine Eluemunor;Devin Asiasi;Joe Thuney;Jakobi Meyers;James White;Jarrett Stidham;Damiere Byrd,00-0033927;00-0031785;00-0033945;00-0033072;00-0034266;00-0033055;00-0035617;00-0036431;00-0034203;00-0031388;00-0029630,John Johnson;Troy Hill;Samson Ebukam;Leonard Floyd;Kenny Young;Jalen Ramsey;Troy Reeder;Jordan Fuller;Darious Williams;Aaron Donald;Michael Brockers
2020_14_NE_LA,3123,run,3.0,25.0,22.0,NE,4.0,566.0,25.0,17.0,9:26,9:09,,24.0,3.0,3.0,1.0,"2 DL, 4 LB, 5 DB",;;;;;;;;;;,11,6,,,,,00-0035624;00-0031852;00-0036198;00-0031580;00-0033290;00-0036194;00-0032391;00-0034960;00-0031062;00-0035264;00-0031868,N'Keal Harry;David Andrews;Mike Onwenu;Shaq Mason;Jermaine Eluemunor;Devin Asiasi;Joe Thuney;Jakobi Meyers;James White;Jarrett Stidham;Damiere Byrd,00-0033927;00-0031785;00-0033945;00-0033072;00-0034266;00-0033055;00-0035617;00-0036431;00-0034203;00-0031388;00-0029630,John Johnson;Troy Hill;Samson Ebukam;Leonard Floyd;Kenny Young;Jalen Ramsey;Troy Reeder;Jordan Fuller;Darious Williams;Aaron Donald;Michael Brockers
2020_14_NE_LA,3144,pass,-6.0,22.0,28.0,NE,4.0,549.0,22.0,33.0,9:09,8:36,,24.0,3.0,1.0,10.0,"2 DL, 4 LB, 5 DB",;;;;;;;;;;,11,6,4,,,,00-0035624;00-0031852;00-0036198;00-0031580;00-0033290;00-0036194;00-0032391;00-0034960;00-0031062;00-0035264;00-0031868,N'Keal Harry;David Andrews;Mike Onwenu;Shaq Mason;Jermaine Eluemunor;Devin Asiasi;Joe Thuney;Jakobi Meyers;James White;Jarrett Stidham;Damiere Byrd,00-0033927;00-0031785;00-0033945;00-0033072;00-0034266;00-0033055;00-0035617;00-0036431;00-0034203;00-0031388;00-0029630,John Johnson;Troy Hill;Samson Ebukam;Leonard Floyd;Kenny Young;Jalen Ramsey;Troy Reeder;Jordan Fuller;Darious Williams;Aaron Donald;Michael Brockers
2020_14_NE_LA,3163,pass,6.0,28.0,22.0,NE,4.0,516.0,28.0,36.0,8:36,8:00,,24.0,3.0,2.0,16.0,"2 DL, 4 LB, 5 DB",;;;;;;;;;;,11,5,3,ZONE_COVERAGE,COVER_4,False,00-0035624;00-0031852;00-0036198;00-0031580;00-0033290;00-0036194;00-0032391;00-0034960;00-0031062;00-0035264;00-0031868,N'Keal Harry;David Andrews;Mike Onwenu;Shaq Mason;Jermaine Eluemunor;Devin Asiasi;Joe Thuney;Jakobi Meyers;James White;Jarrett Stidham;Damiere Byrd,00-0033927;00-0031785;00-0033072;00-0034266;00-0033055;00-0035617;00-0036431;00-0034807;00-0034203;00-0031388;00-0029630,John Johnson;Troy Hill;Leonard Floyd;Kenny Young;Jalen Ramsey;Troy Reeder;Jordan Fuller;Ogbo Okoronkwo;Darious Williams;Aaron Donald;Michael Brockers
2020_14_NE_LA,3187,pass,6.0,22.0,16.0,NE,4.0,480.0,22.0,39.0,8:00,7:21,,24.0,3.0,3.0,10.0,"2 DL, 3 LB, 6 DB",;;;;;;;;;;,11,5,5,ZONE_COVERAGE,COVER_3,False,00-0035624;00-0031852;00-0036198;00-0031580;00-0033290;00-0036194;00-0032391;00-0034960;00-0031062;00-0035264;00-0031868,N'Keal Harry;David Andrews;Mike Onwenu;Shaq Mason;Jermaine Eluemunor;Devin Asiasi;Joe Thuney;Jakobi Meyers;James White;Jarrett Stidham;Damiere Byrd,00-0033927;00-0031785;00-0035591;00-0033072;00-0033055;00-0032671;00-0036431;00-0034807;00-0034203;00-0031388;00-0035669,John Johnson;Troy Hill;Justin Hollins;Leonard Floyd;Jalen Ramsey;Morgan Fox;Jordan Fuller;Ogbo Okoronkwo;Darious Williams;Aaron Donald;Nick Scott
2020_14_NE_LA,3211,pass,0.0,16.0,16.0,NE,4.0,441.0,16.0,5.0,7:21,7:16,,24.0,3.0,4.0,4.0,"2 DL, 3 LB, 6 DB",;;;;;;;;;;,11,5,4,MAN_COVERAGE,COVER_1,True,00-0035624;00-0031852;00-0036198;00-0031580;00-0033290;00-0036194;00-0032391;00-0034960;00-0031062;00-0035264;00-0031868,N'Keal Harry;David Andrews;Mike Onwenu;Shaq Mason;Jermaine Eluemunor;Devin Asiasi;Joe Thuney;Jakobi Meyers;James White;Jarrett Stidham;Damiere Byrd,00-0033927;00-0031785;00-0033072;00-0033055;00-0032671;00-0035617;00-0036431;00-0034807;00-0034203;00-0031388;00-0035669,John Johnson;Troy Hill;Leonard Floyd;Jalen Ramsey;Morgan Fox;Troy Reeder;Jordan Fuller;Ogbo Okoronkwo;Darious Williams;Aaron Donald;Nick Scott
2020_14_NE_LA,3233,no_play,0.0,84.0,84.0,LA,4.0,436.0,84.0,0.0,7:16,7:16,,24.0,3.0,1.0,10.0,"4 DL, 2 LB, 5 DB",;;;;;;;;;;,11,,,,,,00-0033106;00-0033110;00-0034261;00-0033895;00-0032455;00-0036414;00-0032242;00-0033908;00-0030431;00-0035668;00-0034803,Jared Goff;Tyler Higbee;Austin Corbett;Gerald Everett;Austin Blythe;Cam Akers;Rob Havenstein;Cooper Kupp;Robert Woods;David Edwards;Joe Noteboom,00-0029542;00-0034962;00-0033324;00-0036231;00-0027647;00-0034385;00-0034591;00-0030442;00-0031404;00-0028171;00-0035278,Stephon Gilmore;Terez Hall;Tashawn Bower;Kyle Dugger;Devin McCourty;Ja'Whaun Bentley;J.C. Jackson;John Simon;Adrian Phillips;Lawrence Guy;Byron Cowart
2020_14_NE_LA,3256,pass,-5.0,89.0,94.0,LA,4.0,436.0,89.0,42.0,7:16,6:34,,24.0,3.0,1.0,15.0,"4 DL, 2 LB, 5 DB",;;;;;;;;;;,11,7,5,,,,00-0033106;00-0033110;00-0034261;00-0033895;00-0032455;00-0036414;00-0033908;00-0032242;00-0030431;00-0035668;00-0034803,Jared Goff;Tyler Higbee;Austin Corbett;Gerald Everett;Austin Blythe;Cam Akers;Cooper Kupp;Rob Havenstein;Robert Woods;David Edwards;Joe Noteboom,00-0029542;00-0034962;00-0033324;00-0036231;00-0027647;00-0034385;00-0034591;00-0030442;00-0031404;00-0035278;00-0028171,Stephon Gilmore;Terez Hall;Tashawn Bower;Kyle Dugger;Devin McCourty;Ja'Whaun Bentley;J.C. Jackson;John Simon;Adrian Phillips;Byron Cowart;Lawrence Guy
2020_14_NE_LA,3275,pass,20.0,94.0,74.0,LA,4.0,394.0,94.0,47.0,6:34,5:47,,24.0,3.0,2.0,20.0,"4 DL, 2 LB, 5 DB",;;;;;;;;;;,11,7,4,ZONE_COVERAGE,COVER_3,False,00-0033106;00-0033110;00-0034261;00-0033895;00-0032455;00-0036414;00-0032242;00-0033908;00-0030431;00-0035668;00-0034803,Jared Goff;Tyler Higbee;Austin Corbett;Gerald Everett;Austin Blythe;Cam Akers;Rob Havenstein;Cooper Kupp;Robert Woods;David Edwards;Joe Noteboom,00-0029542;00-0034962;00-0033324;00-0036231;00-0027647;00-0034385;00-0034591;00-0030442;00-0031404;00-0028171;00-0035278,Stephon Gilmore;Terez Hall;Tashawn Bower;Kyle Dugger;Devin McCourty;Ja'Whaun Bentley;J.C. Jackson;John Simon;Adrian Phillips;Lawrence Guy;Byron Cowart
2020_14_NE_LA,3299,no_play,0.0,74.0,74.0,LA,4.0,347.0,74.0,0.0,5:47,5:47,,24.0,3.0,1.0,10.0,"4 DL, 2 LB, 5 DB",;;;;;;;;;;,11,,,,,,00-0033106;00-0033110;00-0034261;00-0033895;00-0032455;00-0036414;00-0033908;00-0032242;00-0030431;00-0035668;00-0034803,Jared Goff;Tyler Higbee;Austin Corbett;Gerald Everett;Austin Blythe;Cam Akers;Cooper Kupp;Rob Havenstein;Robert Woods;David Edwards;Joe Noteboom,00-0029542;00-0034962;00-0033324;00-0036231;00-0027647;00-0034385;00-0034591;00-0030442;00-0031404;00-0028171;00-0035278,Stephon Gilmore;Terez Hall;Tashawn Bower;Kyle Dugger;Devin McCourty;Ja'Whaun Bentley;J.C. Jackson;John Simon;Adrian Phillips;Lawrence Guy;Byron Cowart
2020_14_NE_LA,3322,pass,0.0,79.0,79.0,LA,4.0,347.0,79.0,7.0,5:47,5:40,,24.0,3.0,1.0,15.0,"4 DL, 2 LB, 5 DB",;;;;;;;;;;,11,7,4,ZONE_COVERAGE,COVER_3,False,00-0033106;00-0033110;00-0034261;00-0033895;00-0032455;00-0036414;00-0033908;00-0032242;00-0030431;00-0035668;00-0034803,Jared Goff;Tyler Higbee;Austin Corbett;Gerald Everett;Austin Blythe;Cam Akers;Cooper Kupp;Rob Havenstein;Robert Woods;David Edwards;Joe Noteboom,00-0029542;00-0034962;00-0033324;00-0036231;00-0027647;00-0034385;00-0034591;00-0030442;00-0031404;00-0028171;00-0035278,Stephon Gilmore;Terez Hall;Tashawn Bower;Kyle Dugger;Devin McCourty;Ja'Whaun Bentley;J.C. Jackson;John Simon;Adrian Phillips;Lawrence Guy;Byron Cowart
2020_14_NE_LA,3356,no_play,0.0,79.0,79.0,LA,4.0,340.0,79.0,0.0,5:40,5:40,,24.0,3.0,2.0,15.0,"4 DL, 2 LB, 5 DB",;;;;;;;;;;,11,,,,,,00-0033106;00-0033110;00-0034261;00-0033895;00-0032455;00-0036414;00-0033908;00-0032242;00-0030431;00-0035668;00-0034803,Jared Goff;Tyler Higbee;Austin Corbett;Gerald Everett;Austin Blythe;Cam Akers;Cooper Kupp;Rob Havenstein;Robert Woods;David Edwards;Joe Noteboom,00-0029542;00-0034962;00-0033324;00-0036231;00-0027647;00-0033381;00-0034385;00-0034591;00-0030442;00-0033947;00-0031404,Stephon Gilmore;Terez Hall;Tashawn Bower;Kyle Dugger;Devin McCourty;Adam Butler;Ja'Whaun Bentley;J.C. Jackson;John Simon;Deatrich Wise;Adrian Phillips
2020_14_NE_LA,3379,run,6.0,84.0,78.0,LA,4.0,340.0,84.0,45.0,5:40,4:55,,24.0,3.0,2.0,20.0,"4 DL, 2 LB, 5 DB",;;;;;;;;;;,11,8,,,,,00-0033106;00-0033110;00-0034261;00-0033895;00-0032455;00-0036414;00-0032242;00-0033908;00-0030431;00-0035668;00-0034803,Jared Goff;Tyler Higbee;Austin Corbett;Gerald Everett;Austin Blythe;Cam Akers;Rob Havenstein;Cooper Kupp;Robert Woods;David Edwards;Joe Noteboom,00-0029542;00-0034962;00-0033324;00-0036231;00-0027647;00-0033381;00-0034385;00-0034591;00-0030442;00-0033947;00-0031404,Stephon Gilmore;Terez Hall;Tashawn Bower;Kyle Dugger;Devin McCourty;Adam Butler;Ja'Whaun Bentley;J.C. Jackson;John Simon;Deatrich Wise;Adrian Phillips
2020_14_NE_LA,3400,run,3.0,78.0,75.0,LA,4.0,295.0,78.0,6.0,4:55,4:49,,24.0,3.0,3.0,14.0,"3 DL, 1 LB, 7 DB",;;;;;;;;;;,11,5,,,,,00-0033106;00-0033110;00-0034261;00-0033895;00-0032455;00-0036414;00-0033908;00-0032242;00-0030431;00-0035668;00-0034803,Jared Goff;Tyler Higbee;Austin Corbett;Gerald Everett;Austin Blythe;Cam Akers;Cooper Kupp;Rob Havenstein;Robert Woods;David Edwards;Joe Noteboom,00-0029542;00-0036087;00-0027647;00-0035654;00-0033381;00-0034591;00-0033947;00-0032580;00-0031404;00-0027136;00-0036159,Stephon Gilmore;Myles Bryant;Devin McCourty;Chase Winovich;Adam Butler;J.C. Jackson;Deatrich Wise;Jonathan Jones;Adrian Phillips;Jason McCourty;Joshua Uche
2020_14_NE_LA,3420,timeout,0.0,,,,4.0,289.0,,0.0,4:49,4:49,NE,24.0,3.0,,0.0,,,0,,,,,,,,,
2020_14_NE_LA,3438,punt,0.0,75.0,75.0,LA,4.0,289.0,75.0,8.0,4:49,4:41,,24.0,3.0,4.0,11.0,,;;;;;;;;;;,11,,,,,,00-0028394;00-0028872;00-0033945;00-0035591;00-0036415;00-0035615;00-0033943;00-0035617;00-0033246;00-0035669;00-0033920,Jake McQuaide;Johnny Hekker;Samson Ebukam;Justin Hollins;Van Jefferson;Natrez Patrick;Josh Reynolds;Troy Reeder;Johnny Mundt;Nick Scott;Derek Rivers,00-0035241;00-0035645;00-0026293;00-0036231;00-0027647;00-0029764;00-0034845;00-0031404;00-0032580;00-0027136;00-0029530,Joejuan Williams;Gunner Olszewski;Matthew Slater;Kyle Dugger;Devin McCourty;Cody Davis;Sony Michel;Adrian Phillips;Jonathan Jones;Jason McCourty;Justin Bethel
2020_14_NE_LA,3490,pass,6.0,72.0,66.0,NE,4.0,281.0,72.0,23.0,4:41,4:18,,24.0,3.0,1.0,10.0,"2 DL, 4 LB, 5 DB",;;;;;;;;;;,11,6,4,ZONE_COVERAGE,COVER_3,False,00-0035624;00-0031852;00-0036198;00-0034845;00-0031580;00-0033290;00-0032391;00-0034960;00-0031868;00-0035264;00-0036225,N'Keal Harry;David Andrews;Mike Onwenu;Sony Michel;Shaq Mason;Jermaine Eluemunor;Joe Thuney;Jakobi Meyers;Damiere Byrd;Jarrett Stidham;Dalton Keene,00-0033927;00-0031785;00-0032889;00-0033072;00-0034266;00-0033055;00-0032671;00-0035617;00-0036431;00-0034807;00-0034203,John Johnson;Troy Hill;A'Shawn Robinson;Leonard Floyd;Kenny Young;Jalen Ramsey;Morgan Fox;Troy Reeder;Jordan Fuller;Ogbo Okoronkwo;Darious Williams
2020_14_NE_LA,3518,pass,0.0,66.0,66.0,NE,4.0,258.0,66.0,5.0,4:18,4:13,,24.0,3.0,2.0,4.0,"2 DL, 4 LB, 5 DB",;;;;;;;;;;,11,5,4,ZONE_COVERAGE,COVER_3,True,00-0035624;00-0031852;00-0036198;00-0034845;00-0031580;00-0033290;00-0032391;00-0034960;00-0031868;00-0035264;00-0036225,N'Keal Harry;David Andrews;Mike Onwenu;Sony Michel;Shaq Mason;Jermaine Eluemunor;Joe Thuney;Jakobi Meyers;Damiere Byrd;Jarrett Stidham;Dalton Keene,00-0033927;00-0031785;00-0032889;00-0033072;00-0034266;00-0032671;00-0035617;00-0033055;00-0036431;00-0034807;00-0034203,John Johnson;Troy Hill;A'Shawn Robinson;Leonard Floyd;Kenny Young;Morgan Fox;Troy Reeder;Jalen Ramsey;Jordan Fuller;Ogbo Okoronkwo;Darious Williams
2020_14_NE_LA,3552,pass,-6.0,66.0,72.0,NE,4.0,253.0,66.0,35.0,4:13,3:38,,24.0,3.0,3.0,4.0,"2 DL, 4 LB, 5 DB",;;;;;;;;;;,11,6,4,,,,00-0035624;00-0031852;00-0036198;00-0034845;00-0031580;00-0033290;00-0032391;00-0034960;00-0031062;00-0031868;00-0035264,N'Keal Harry;David Andrews;Mike Onwenu;Sony Michel;Shaq Mason;Jermaine Eluemunor;Joe Thuney;Jakobi Meyers;James White;Damiere Byrd;Jarrett Stidham,00-0033927;00-0031785;00-0035591;00-0034266;00-0033055;00-0032671;00-0035617;00-0036431;00-0034807;00-0034203;00-0031388,John Johnson;Troy Hill;Justin Hollins;Kenny Young;Jalen Ramsey;Morgan Fox;Troy Reeder;Jordan Fuller;Ogbo Okoronkwo;Darious Williams;Aaron Donald
2020_14_NE_LA,3571,punt,0.0,72.0,72.0,NE,4.0,218.0,72.0,6.0,3:38,3:32,,24.0,3.0,4.0,10.0,,;;;;;;;;;;,11,,,,,,00-0036231;00-0026293;00-0035654;00-0029764;00-0035726;00-0034385;00-0035280;00-0030442;00-0032228;00-0031404;00-0029530,Kyle Dugger;Matthew Slater;Chase Winovich;Cody Davis;Jakob Johnson;Ja'Whaun Bentley;Jake Bailey;John Simon;Joe Cardona;Adrian Phillips;Justin Bethel,00-0035830;00-0031785;00-0035665;00-0033945;00-0035591;00-0035615;00-0035621;00-0036077;00-0034807;00-0035669;00-0033920,J.R. Reed;Troy Hill;David Long;Samson Ebukam;Justin Hollins;Natrez Patrick;Nsimba Webster;JuJu Hughes;Ogbo Okoronkwo;Nick Scott;Derek Rivers
2020_14_NE_LA,3590,run,4.0,82.0,78.0,LA,4.0,212.0,82.0,44.0,3:32,2:48,,24.0,3.0,1.0,10.0,"4 DL, 2 LB, 5 DB",;;;;;;;;;;,11,6,,,,,00-0033106;00-0033110;00-0034261;00-0033895;00-0032455;00-0036414;00-0033908;00-0032242;00-0030431;00-0035668;00-0034803,Jared Goff;Tyler Higbee;Austin Corbett;Gerald Everett;Austin Blythe;Cam Akers;Cooper Kupp;Rob Havenstein;Robert Woods;David Edwards;Joe Noteboom,00-0034962;00-0033324;00-0035241;00-0036231;00-0036087;00-0034385;00-0034591;00-0030442;00-0031404;00-0035278;00-0028171,Terez Hall;Tashawn Bower;Joejuan Williams;Kyle Dugger;Myles Bryant;Ja'Whaun Bentley;J.C. Jackson;John Simon;Adrian Phillips;Byron Cowart;Lawrence Guy
2020_14_NE_LA,3611,run,-2.0,78.0,80.0,LA,4.0,168.0,78.0,44.0,2:48,2:04,,24.0,3.0,2.0,6.0,"4 DL, 2 LB, 5 DB",;;;;;;;;;;,11,7,,,,,00-0033106;00-0033110;00-0034261;00-0033895;00-0032455;00-0036414;00-0033908;00-0032242;00-0030431;00-0035668;00-0034803,Jared Goff;Tyler Higbee;Austin Corbett;Gerald Everett;Austin Blythe;Cam Akers;Cooper Kupp;Rob Havenstein;Robert Woods;David Edwards;Joe Noteboom,00-0034962;00-0033324;00-0035241;00-0036231;00-0036087;00-0034385;00-0034591;00-0030442;00-0031404;00-0028171;00-0035278,Terez Hall;Tashawn Bower;Joejuan Williams;Kyle Dugger;Myles Bryant;Ja'Whaun Bentley;J.C. Jackson;John Simon;Adrian Phillips;Lawrence Guy;Byron Cowart
2020_14_NE_LA,3632,run,-1.0,80.0,81.0,LA,4.0,124.0,80.0,6.0,2:04,1:58,,24.0,3.0,3.0,8.0,"4 DL, 2 LB, 5 DB",;;;;;;;;;;,11,6,,,,,00-0033106;00-0033110;00-0034261;00-0033895;00-0032455;00-0036414;00-0033908;00-0032242;00-0030431;00-0035668;00-0034803,Jared Goff;Tyler Higbee;Austin Corbett;Gerald Everett;Austin Blythe;Cam Akers;Cooper Kupp;Rob Havenstein;Robert Woods;David Edwards;Joe Noteboom,00-0034962;00-0033324;00-0035241;00-0036231;00-0036087;00-0034385;00-0034591;00-0030442;00-0031404;00-0028171;00-0035278,Terez Hall;Tashawn Bower;Joejuan Williams;Kyle Dugger;Myles Bryant;Ja'Whaun Bentley;J.C. Jackson;John Simon;Adrian Phillips;Lawrence Guy;Byron Cowart
2020_14_NE_LA,3670,punt,0.0,81.0,81.0,LA,4.0,118.0,81.0,11.0,1:58,1:47,,24.0,3.0,4.0,9.0,,;;;;;;;;;;,11,,,,,,00-0028394;00-0033945;00-0028872;00-0035591;00-0036415;00-0035615;00-0035621;00-0035617;00-0033246;00-0035669;00-0033920,Jake McQuaide;Samson Ebukam;Johnny Hekker;Justin Hollins;Van Jefferson;Natrez Patrick;Nsimba Webster;Troy Reeder;Johnny Mundt;Nick Scott;Derek Rivers,00-0035241;00-0035645;00-0036231;00-0026293;00-0029764;00-0034845;00-0031404;00-0032580;00-0036159;00-0027136;00-0029530,Joejuan Williams;Gunner Olszewski;Kyle Dugger;Matthew Slater;Cody Davis;Sony Michel;Adrian Phillips;Jonathan Jones;Joshua Uche;Jason McCourty;Justin Bethel
2020_14_NE_LA,3695,run,1.0,50.0,49.0,NE,4.0,107.0,50.0,33.0,1:47,1:14,,24.0,3.0,1.0,10.0,"4 DL, 3 LB, 4 DB",;;;;;;;;;;,11,8,,,,,00-0035624;00-0031852;00-0036198;00-0035726;00-0034845;00-0031580;00-0033290;00-0032391;00-0034960;00-0035264;00-0036225,N'Keal Harry;David Andrews;Mike Onwenu;Jakob Johnson;Sony Michel;Shaq Mason;Jermaine Eluemunor;Joe Thuney;Jakobi Meyers;Jarrett Stidham;Dalton Keene,00-0033927;00-0031785;00-0032889;00-0035591;00-0035667;00-0034266;00-0032671;00-0035617;00-0033055;00-0036431;00-0033920,John Johnson;Troy Hill;A'Shawn Robinson;Justin Hollins;Greg Gaines;Kenny Young;Morgan Fox;Troy Reeder;Jalen Ramsey;Jordan Fuller;Derek Rivers
2020_14_NE_LA,3716,run,6.0,49.0,43.0,NE,4.0,74.0,49.0,33.0,1:14,0:41,,24.0,3.0,2.0,9.0,"4 DL, 3 LB, 4 DB",;;;;;;;;;;,11,7,,,,,00-0035624;00-0031852;00-0036198;00-0035726;00-0034845;00-0031580;00-0033290;00-0032391;00-0034960;00-0035264;00-0036225,N'Keal Harry;David Andrews;Mike Onwenu;Jakob Johnson;Sony Michel;Shaq Mason;Jermaine Eluemunor;Joe Thuney;Jakobi Meyers;Jarrett Stidham;Dalton Keene,00-0033927;00-0031785;00-0032889;00-0035591;00-0035667;00-0034266;00-0032671;00-0035617;00-0033055;00-0036431;00-0033920,John Johnson;Troy Hill;A'Shawn Robinson;Justin Hollins;Greg Gaines;Kenny Young;Morgan Fox;Troy Reeder;Jalen Ramsey;Jordan Fuller;Derek Rivers
2020_14_NE_LA,3737,run,-1.0,43.0,44.0,NE,4.0,41.0,43.0,33.0,0:41,0:08,,24.0,3.0,3.0,3.0,"4 DL, 3 LB, 4 DB",;;;;;;;;;;,11,8,,,,,00-0035624;00-0031852;00-0036198;00-0035726;00-0034845;00-0031580;00-0033290;00-0032391;00-0034960;00-0035264;00-0036225,N'Keal Harry;David Andrews;Mike Onwenu;Jakob Johnson;Sony Michel;Shaq Mason;Jermaine Eluemunor;Joe Thuney;Jakobi Meyers;Jarrett Stidham;Dalton Keene,00-0033927;00-0031785;00-0032889;00-0035591;00-0035667;00-0034266;00-0032671;00-0035617;00-0033055;00-0036431;00-0033920,John Johnson;Troy Hill;A'Shawn Robinson;Justin Hollins;Greg Gaines;Kenny Young;Morgan Fox;Troy Reeder;Jalen Ramsey;Jordan Fuller;Derek Rivers
2020_14_NE_LA,3758,run,3.0,44.0,41.0,NE,4.0,8.0,44.0,3.0,0:08,0:05,,24.0,3.0,4.0,4.0,"4 DL, 3 LB, 4 DB",;;;;;;;;;;,11,8,,,,,00-0035624;00-0031852;00-0036198;00-0035726;00-0034845;00-0031580;00-0033290;00-0032391;00-0034960;00-0035264;00-0036225,N'Keal Harry;David Andrews;Mike Onwenu;Jakob Johnson;Sony Michel;Shaq Mason;Jermaine Eluemunor;Joe Thuney;Jakobi Meyers;Jarrett Stidham;Dalton Keene,00-0033927;00-0031785;00-0032889;00-0035591;00-0035667;00-0034266;00-0032671;00-0035617;00-0033055;00-0036431;00-0033920,John Johnson;Troy Hill;A'Shawn Robinson;Justin Hollins;Greg Gaines;Kenny Young;Morgan Fox;Troy Reeder;Jalen Ramsey;Jordan Fuller;Derek Rivers
2020_14_NE_LA,3779,qb_kneel,-1.0,59.0,60.0,LA,4.0,5.0,59.0,5.0,0:05,0:00,,24.0,3.0,1.0,10.0,"4 DL, 2 LB, 5 DB",;;;;;;;;;;,11,8,,,,,00-0033106;00-0033110;00-0034261;00-0033895;00-0032455;00-0036414;00-0032242;00-0035668;00-0035621;00-0033246;00-0034803,Jared Goff;Tyler Higbee;Austin Corbett;Gerald Everett;Austin Blythe;Cam Akers;Rob Havenstein;David Edwards;Nsimba Webster;Johnny Mundt;Joe Noteboom,00-0034962;00-0033324;00-0035241;00-0036231;00-0036087;00-0034385;00-0034591;00-0030442;00-0031404;00-0035278;00-0028171,Terez Hall;Tashawn Bower;Joejuan Williams;Kyle Dugger;Myles Bryant;Ja'Whaun Bentley;J.C. Jackson;John Simon;Adrian Phillips;Byron Cowart;Lawrence Guy
2020_14_NE_LA,3800,end_game,,,,LA,4.0,0.0,,0.0,0:00,0:00,,24.0,3.0,,0.0,,,0,,,,,,,,,
