game_id,play_id,play_type,yards_gained,starting_yard,ending_yard,time_of_play,time_on_clock_start,time_on_clock_end,timeout_team,home_team_score,away_team_score,down,yds_to_go,defense_personnel,defense_positions,n_defense,defenders_in_box,number_of_pass_rushers,defense_man_zone_type,defense_coverage_type,was_pressure,offense_player_ids,offense_player_names,defense_player_ids,defense_player_names
2019_15_HOU_TEN,1,start_quarter_1,,,,0.0,15:00,15:00,,0.0,0.0,,0.0,,,0,,,,,,,,,
2019_15_HOU_TEN,36,kickoff,0.0,35.0,35.0,7.0,15:00,14:53,,0.0,0.0,,0.0,,;;;;;;;;;;,11,,,,,,00-0035292;00-0033386;00-0035632;00-0034389;00-0034662;00-0035521;00-0035099;00-0034648;00-0032464;00-0032783;00-0032633,David Long Jr.;Cody Hollister;Amani Hooker;Dane Cruikshank;Joshua Kalu;Derick Roberson;Khari Blasingame;Ryan Santoso;Kalif Raymond;LeShaun Sims;Reggie Gilbert,00-0030312;00-0034421;00-0034163;00-0034594;00-0032734;00-0034449;00-0030558;00-0032094;00-0034364;00-0031763;00-0035304,Jahleel Addae;Peter Kalambayi;Jacob Martin;A.J. Moore;Brennan Scarlett;Buddy Howell;Barkevious Mingo;Tyrell Adams;Jordan Akins;DeAndre Carter;Cullen Gillaspia
2019_15_HOU_TEN,58,run,4.0,74.0,70.0,34.0,14:53,14:19,,0.0,0.0,1.0,10.0,"3 DL, 3 LB, 5 DB",;;;;;;;;;;,11,6,,,,,00-0035245;00-0030564;00-0029738;00-0032380;00-0033537;00-0034364;00-0030997;00-0032969;00-0033127;00-0025900;00-0031045,Max Scharping;DeAndre Hopkins;Darren Fells;Laremy Tunsil;Deshaun Watson;Jordan Akins;Zach Fulton;Nick Martin;Will Fuller;Chris Clark;Carlos Hyde,00-0030411;00-0031597;00-0034743;00-0035643;00-0027375;00-0033132;00-0028015;00-0033954;00-0031054;00-0034828;00-0030060,Logan Ryan;Tye Smith;Rashaan Evans;Jeffery Simmons;Tramaine Brock;Kevin Byard;Jurrell Casey;Jayon Brown;DaQuan Jones;Harold Landry III;Kenny Vaccaro
2019_15_HOU_TEN,79,pass,14.0,70.0,56.0,38.0,14:19,13:41,,0.0,0.0,2.0,6.0,"3 DL, 3 LB, 5 DB",;;;;;;;;;;,11,6,4,ZONE_COVERAGE,COVER_6,False,00-0029738;00-0030564;00-0032380;00-0031045;00-0032969;00-0030997;00-0033127;00-0025900;00-0034364;00-0033537;00-0035245,Darren Fells;DeAndre Hopkins;Laremy Tunsil;Carlos Hyde;Nick Martin;Zach Fulton;Will Fuller;Chris Clark;Jordan Akins;Deshaun Watson;Max Scharping,00-0028015;00-0033954;00-0034743;00-0027375;00-0031597;00-0033132;00-0030060;00-0035643;00-0031054;00-0034828;00-0030411,Jurrell Casey;Jayon Brown;Rashaan Evans;Tramaine Brock;Tye Smith;Kevin Byard;Kenny Vaccaro;Jeffery Simmons;DaQuan Jones;Harold Landry III;Logan Ryan
2019_15_HOU_TEN,103,run,2.0,56.0,54.0,36.0,13:41,13:05,,0.0,0.0,1.0,10.0,"3 DL, 3 LB, 5 DB",;;;;;;;;;;,11,7,,,,,00-0029738;00-0030564;00-0032380;00-0031045;00-0032969;00-0030997;00-0033127;00-0025900;00-0034364;00-0033537;00-0035245,Darren Fells;DeAndre Hopkins;Laremy Tunsil;Carlos Hyde;Nick Martin;Zach Fulton;Will Fuller;Chris Clark;Jordan Akins;Deshaun Watson;Max Scharping,00-0028015;00-0033954;00-0034743;00-0027375;00-0031597;00-0033132;00-0030060;00-0035643;00-0031054;00-0034828;00-0030411,Jurrell Casey;Jayon Brown;Rashaan Evans;Tramaine Brock;Tye Smith;Kevin Byard;Kenny Vaccaro;Jeffery Simmons;DaQuan Jones;Harold Landry III;Logan Ryan
2019_15_HOU_TEN,124,run,9.0,54.0,45.0,30.0,13:05,12:35,,0.0,0.0,2.0,8.0,"3 DL, 3 LB, 5 DB",;;;;;;;;;;,11,7,,,,,00-0035245;00-0030564;00-0029738;00-0032380;00-0033537;00-0034364;00-0030997;00-0032969;00-0033127;00-0025900;00-0031045,Max Scharping;DeAndre Hopkins;Darren Fells;Laremy Tunsil;Deshaun Watson;Jordan Akins;Zach Fulton;Nick Martin;Will Fuller;Chris Clark;Carlos Hyde,00-0030411;00-0031597;00-0034743;00-0035643;00-0027375;00-0033132;00-0028015;00-0033954;00-0031054;00-0034828;00-0030060,Logan Ryan;Tye Smith;Rashaan Evans;Jeffery Simmons;Tramaine Brock;Kevin Byard;Jurrell Casey;Jayon Brown;DaQuan Jones;Harold Landry III;Kenny Vaccaro
2019_15_HOU_TEN,150,pass,10.0,45.0,35.0,32.0,12:35,12:03,,0.0,0.0,1.0,10.0,"3 DL, 3 LB, 5 DB",;;;;;;;;;;,11,6,4,ZONE_COVERAGE,COVER_6,False,00-0035245;00-0030564;00-0029738;00-0032380;00-0033537;00-0030085;00-0030997;00-0032969;00-0033127;00-0025900;00-0031045,Max Scharping;DeAndre Hopkins;Darren Fells;Laremy Tunsil;Deshaun Watson;Kenny Stills;Zach Fulton;Nick Martin;Will Fuller;Chris Clark;Carlos Hyde,00-0030411;00-0031597;00-0034743;00-0035643;00-0027375;00-0033132;00-0033954;00-0028015;00-0031054;00-0034828;00-0030060,Logan Ryan;Tye Smith;Rashaan Evans;Jeffery Simmons;Tramaine Brock;Kevin Byard;Jayon Brown;Jurrell Casey;DaQuan Jones;Harold Landry III;Kenny Vaccaro
2019_15_HOU_TEN,174,run,3.0,35.0,32.0,37.0,12:03,11:26,,0.0,0.0,1.0,10.0,"2 DL, 4 LB, 5 DB",;;;;;;;;;;,11,6,,,,,00-0035245;00-0030564;00-0029738;00-0032380;00-0033537;00-0030085;00-0030997;00-0032969;00-0033127;00-0025900;00-0031045,Max Scharping;DeAndre Hopkins;Darren Fells;Laremy Tunsil;Deshaun Watson;Kenny Stills;Zach Fulton;Nick Martin;Will Fuller;Chris Clark;Carlos Hyde,00-0030411;00-0033590;00-0031597;00-0034743;00-0027375;00-0032386;00-0033132;00-0033954;00-0034828;00-0032763;00-0030060,Logan Ryan;Joey Ivie;Tye Smith;Rashaan Evans;Tramaine Brock;Kamalei Correa;Kevin Byard;Jayon Brown;Harold Landry III;Austin Johnson;Kenny Vaccaro
2019_15_HOU_TEN,195,pass,2.0,32.0,30.0,44.0,11:26,10:42,,0.0,0.0,2.0,7.0,"2 DL, 4 LB, 5 DB",;;;;;;;;;;,11,6,3,MAN_COVERAGE,COVER_1,False,00-0035245;00-0030564;00-0032380;00-0033537;00-0032257;00-0030085;00-0030997;00-0034364;00-0032969;00-0033127;00-0025900,Max Scharping;DeAndre Hopkins;Laremy Tunsil;Deshaun Watson;Duke Johnson;Kenny Stills;Zach Fulton;Jordan Akins;Nick Martin;Will Fuller;Chris Clark,00-0030411;00-0031597;00-0033590;00-0034743;00-0027375;00-0032386;00-0033132;00-0033954;00-0034828;00-0032763;00-0030060,Logan Ryan;Tye Smith;Joey Ivie;Rashaan Evans;Tramaine Brock;Kamalei Correa;Kevin Byard;Jayon Brown;Harold Landry III;Austin Johnson;Kenny Vaccaro
2019_15_HOU_TEN,219,pass,7.0,30.0,23.0,30.0,10:42,10:12,,0.0,0.0,3.0,5.0,"1 DL, 4 LB, 6 DB",;;;;;;;;;;,11,6,3,MAN_COVERAGE,COVER_1,False,00-0035245;00-0030564;00-0032380;00-0033537;00-0032257;00-0030085;00-0030997;00-0034364;00-0032969;00-0033127;00-0025900,Max Scharping;DeAndre Hopkins;Laremy Tunsil;Deshaun Watson;Duke Johnson;Kenny Stills;Zach Fulton;Jordan Akins;Nick Martin;Will Fuller;Chris Clark,00-0030411;00-0031597;00-0034743;00-0027375;00-0035632;00-0033132;00-0033954;00-0028015;00-0034828;00-0030060;00-0032633,Logan Ryan;Tye Smith;Rashaan Evans;Tramaine Brock;Amani Hooker;Kevin Byard;Jayon Brown;Jurrell Casey;Harold Landry III;Kenny Vaccaro;Reggie Gilbert
2019_15_HOU_TEN,243,run,3.0,23.0,20.0,37.0,10:12,9:35,,0.0,0.0,1.0,10.0,"3 DL, 3 LB, 5 DB",;;;;;;;;;;,11,6,,,,,00-0035245;00-0030564;00-0029738;00-0032380;00-0033537;00-0030997;00-0034364;00-0032969;00-0033127;00-0025900;00-0031045,Max Scharping;DeAndre Hopkins;Darren Fells;Laremy Tunsil;Deshaun Watson;Zach Fulton;Jordan Akins;Nick Martin;Will Fuller;Chris Clark;Carlos Hyde,00-0030411;00-0031597;00-0034743;00-0035643;00-0027375;00-0033132;00-0033954;00-0028015;00-0031054;00-0034828;00-0030060,Logan Ryan;Tye Smith;Rashaan Evans;Jeffery Simmons;Tramaine Brock;Kevin Byard;Jayon Brown;Jurrell Casey;DaQuan Jones;Harold Landry III;Kenny Vaccaro
2019_15_HOU_TEN,269,turnover,0.0,20.0,20.0,7.0,9:35,9:28,,0.0,0.0,2.0,7.0,"3 DL, 3 LB, 5 DB",;;;;;;;;;;,11,4,4,ZONE_COVERAGE,COVER_2,True,00-0035245;00-0030564;00-0029738;00-0032380;00-0033537;00-0032257;00-0030997;00-0034364;00-0032969;00-0033127;00-0025900,Max Scharping;DeAndre Hopkins;Darren Fells;Laremy Tunsil;Deshaun Watson;Duke Johnson;Zach Fulton;Jordan Akins;Nick Martin;Will Fuller;Chris Clark,00-0030411;00-0031597;00-0034743;00-0035643;00-0027375;00-0033132;00-0028015;00-0033954;00-0031054;00-0034828;00-0030060,Logan Ryan;Tye Smith;Rashaan Evans;Jeffery Simmons;Tramaine Brock;Kevin Byard;Jurrell Casey;Jayon Brown;DaQuan Jones;Harold Landry III;Kenny Vaccaro
2019_15_HOU_TEN,300,run,2.0,99.0,97.0,34.0,9:28,8:54,,0.0,0.0,1.0,10.0,"3 DL, 4 LB, 4 DB",;;;;;;;;;;,11,8,,,,,00-0033057;00-0032764;00-0031442;00-0029413;00-0035649;00-0031585;00-0033858;00-0035676;00-0033455;00-0029701;00-0027648,Jack Conklin;Derrick Henry;Taylor Lewan;Ben Jones;Nate Davis;MyCole Pruitt;Jonnu Smith;A.J. Brown;Anthony Firkser;Ryan Tannehill;Rodger Saffold,00-0024239;00-0032734;00-0033547;00-0031553;00-0034361;00-0028924;00-0031372;00-0032107;00-0031127;00-0032424;00-0029643,Johnathan Joseph;Brennan Scarlett;Zach Cunningham;Benardrick McKinney;Justin Reid;Tashaun Gipson;Bradley Roby;Angelo Blackson;Brandon Dunn;DJ Reader;Whitney Mercilus
2019_15_HOU_TEN,331,pass,60.0,97.0,37.0,25.0,8:54,8:29,,0.0,0.0,2.0,8.0,"3 DL, 4 LB, 4 DB",;;;;;;;;;;,11,7,7,MAN_COVERAGE,COVER_1,False,00-0033057;00-0032764;00-0032464;00-0031442;00-0029413;00-0035649;00-0031585;00-0033858;00-0035676;00-0029701;00-0027648,Jack Conklin;Derrick Henry;Kalif Raymond;Taylor Lewan;Ben Jones;Nate Davis;MyCole Pruitt;Jonnu Smith;A.J. Brown;Ryan Tannehill;Rodger Saffold,00-0032734;00-0024239;00-0033547;00-0031553;00-0034361;00-0028924;00-0031372;00-0032107;00-0031127;00-0032424;00-0029643,Brennan Scarlett;Johnathan Joseph;Zach Cunningham;Benardrick McKinney;Justin Reid;Tashaun Gipson;Bradley Roby;Angelo Blackson;Brandon Dunn;DJ Reader;Whitney Mercilus
2019_15_HOU_TEN,360,run,2.0,37.0,35.0,38.0,8:29,7:51,,0.0,0.0,1.0,10.0,"3 DL, 4 LB, 4 DB",;;;;;;;;;;,11,8,,,,,00-0033057;00-0032764;00-0035099;00-0031442;00-0029413;00-0035649;00-0033858;00-0035676;00-0029701;00-0027648;00-0033871,Jack Conklin;Derrick Henry;Khari Blasingame;Taylor Lewan;Ben Jones;Nate Davis;Jonnu Smith;A.J. Brown;Ryan Tannehill;Rodger Saffold;Corey Davis,00-0032734;00-0024239;00-0033547;00-0031553;00-0034361;00-0028924;00-0031372;00-0032107;00-0031127;00-0032424;00-0029643,Brennan Scarlett;Johnathan Joseph;Zach Cunningham;Benardrick McKinney;Justin Reid;Tashaun Gipson;Bradley Roby;Angelo Blackson;Brandon Dunn;DJ Reader;Whitney Mercilus
2019_15_HOU_TEN,381,no_play,0.0,35.0,35.0,8.0,7:51,7:43,,0.0,0.0,2.0,8.0,"3 DL, 4 LB, 4 DB",;;;;;;;;;;,11,8,,,,,00-0033057;00-0032764;00-0031442;00-0029413;00-0035649;00-0031585;00-0033858;00-0035676;00-0029701;00-0027648;00-0033871,Jack Conklin;Derrick Henry;Taylor Lewan;Ben Jones;Nate Davis;MyCole Pruitt;Jonnu Smith;A.J. Brown;Ryan Tannehill;Rodger Saffold;Corey Davis,00-0024239;00-0032734;00-0033547;00-0031553;00-0034361;00-0028924;00-0031372;00-0032107;00-0031127;00-0032424;00-0029643,Johnathan Joseph;Brennan Scarlett;Zach Cunningham;Benardrick McKinney;Justin Reid;Tashaun Gipson;Bradley Roby;Angelo Blackson;Brandon Dunn;DJ Reader;Whitney Mercilus
2019_15_HOU_TEN,414,run,3.0,30.0,27.0,22.0,7:43,7:21,,0.0,0.0,1.0,10.0,"3 DL, 4 LB, 4 DB",;;;;;;;;;;,11,8,,,,,00-0033057;00-0032764;00-0031442;00-0029413;00-0035649;00-0031585;00-0033858;00-0035676;00-0029701;00-0027648;00-0033871,Jack Conklin;Derrick Henry;Taylor Lewan;Ben Jones;Nate Davis;MyCole Pruitt;Jonnu Smith;A.J. Brown;Ryan Tannehill;Rodger Saffold;Corey Davis,00-0032734;00-0024239;00-0033547;00-0031553;00-0034361;00-0028924;00-0031372;00-0032107;00-0031127;00-0032424;00-0029643,Brennan Scarlett;Johnathan Joseph;Zach Cunningham;Benardrick McKinney;Justin Reid;Tashaun Gipson;Bradley Roby;Angelo Blackson;Brandon Dunn;DJ Reader;Whitney Mercilus
2019_15_HOU_TEN,446,pass,0.0,27.0,27.0,7.0,7:21,7:14,,0.0,0.0,2.0,7.0,"2 DL, 4 LB, 5 DB",;;;;;;;;;;,11,7,3,MAN_COVERAGE,COVER_1,True,00-0033057;00-0032764;00-0032464;00-0031442;00-0029413;00-0035649;00-0033858;00-0035676;00-0029701;00-0027648;00-0033871,Jack Conklin;Derrick Henry;Kalif Raymond;Taylor Lewan;Ben Jones;Nate Davis;Jonnu Smith;A.J. Brown;Ryan Tannehill;Rodger Saffold;Corey Davis,00-0032758;00-0024239;00-0032734;00-0033547;00-0031553;00-0034361;00-0028924;00-0031372;00-0031127;00-0032424;00-0029643,Vernon Hargreaves III;Johnathan Joseph;Brennan Scarlett;Zach Cunningham;Benardrick McKinney;Justin Reid;Tashaun Gipson;Bradley Roby;Brandon Dunn;DJ Reader;Whitney Mercilus
2019_15_HOU_TEN,480,pass,0.0,27.0,27.0,6.0,7:14,7:08,,0.0,0.0,3.0,7.0,"1 DL, 4 LB, 6 DB",;;;;;;;;;;,11,6,3,ZONE_COVERAGE,COVER_2,False,00-0033057;00-0028087;00-0032464;00-0031442;00-0029413;00-0035649;00-0035676;00-0033455;00-0029701;00-0027648;00-0033871,Jack Conklin;Dion Lewis;Kalif Raymond;Taylor Lewan;Ben Jones;Nate Davis;A.J. Brown;Anthony Firkser;Ryan Tannehill;Rodger Saffold;Corey Davis,00-0030312;00-0034163;00-0032758;00-0024239;00-0033547;00-0031553;00-0035279;00-0034361;00-0028924;00-0031372;00-0029643,Jahleel Addae;Jacob Martin;Vernon Hargreaves III;Johnathan Joseph;Zach Cunningham;Benardrick McKinney;Charles Omenihu;Justin Reid;Tashaun Gipson;Bradley Roby;Whitney Mercilus
2019_15_HOU_TEN,502,field_goal,0.0,27.0,27.0,9.0,7:08,6:59,,0.0,0.0,4.0,7.0,,;;;;;;;;;;,11,,,,,,00-0025825;00-0033057;00-0026968;00-0031442;00-0029134;00-0031575;00-0035649;00-0031585;00-0032763;00-0029419;00-0027648,Brett Kern;Jack Conklin;Ryan Succop;Taylor Lewan;Beau Brinkley;Jamil Douglas;Nate Davis;MyCole Pruitt;Austin Johnson;Dennis Kelly;Rodger Saffold,00-0034435;00-0034594;00-0032734;00-0033547;00-0030558;00-0035244;00-0033563;00-0035279;00-0032107;00-0031127;00-0032424,Keion Crossen;A.J. Moore;Brennan Scarlett;Zach Cunningham;Barkevious Mingo;Lonnie Johnson;Carlos Watkins;Charles Omenihu;Angelo Blackson;Brandon Dunn;DJ Reader
2019_15_HOU_TEN,531,run,5.0,77.0,72.0,26.0,6:59,6:33,,0.0,0.0,1.0,10.0,"2 DL, 4 LB, 5 DB",;;;;;;;;;;,11,6,,,,,00-0035245;00-0030564;00-0029738;00-0032380;00-0033537;00-0034364;00-0030997;00-0032969;00-0033127;00-0025900;00-0031045,Max Scharping;DeAndre Hopkins;Darren Fells;Laremy Tunsil;Deshaun Watson;Jordan Akins;Zach Fulton;Nick Martin;Will Fuller;Chris Clark;Carlos Hyde,00-0030411;00-0031597;00-0034743;00-0027375;00-0032386;00-0033132;00-0033954;00-0028015;00-0031054;00-0034828;00-0030060,Logan Ryan;Tye Smith;Rashaan Evans;Tramaine Brock;Kamalei Correa;Kevin Byard;Jayon Brown;Jurrell Casey;DaQuan Jones;Harold Landry III;Kenny Vaccaro
2019_15_HOU_TEN,552,pass,7.0,72.0,65.0,36.0,6:33,5:57,,0.0,0.0,2.0,5.0,"2 DL, 4 LB, 5 DB",;;;;;;;;;;,11,7,3,MAN_COVERAGE,COVER_1,False,00-0035245;00-0030564;00-0029738;00-0032380;00-0033537;00-0034364;00-0030997;00-0032969;00-0033127;00-0025900;00-0031045,Max Scharping;DeAndre Hopkins;Darren Fells;Laremy Tunsil;Deshaun Watson;Jordan Akins;Zach Fulton;Nick Martin;Will Fuller;Chris Clark;Carlos Hyde,00-0030411;00-0031597;00-0034743;00-0027375;00-0032386;00-0033132;00-0033954;00-0028015;00-0031054;00-0034828;00-0030060,Logan Ryan;Tye Smith;Rashaan Evans;Tramaine Brock;Kamalei Correa;Kevin Byard;Jayon Brown;Jurrell Casey;DaQuan Jones;Harold Landry III;Kenny Vaccaro
2019_15_HOU_TEN,576,pass,5.0,65.0,60.0,32.0,5:57,5:25,,0.0,0.0,1.0,10.0,"2 DL, 4 LB, 5 DB",;;;;;;;;;;,11,6,5,ZONE_COVERAGE,COVER_3,False,00-0035245;00-0030564;00-0029738;00-0032380;00-0033537;00-0034364;00-0030997;00-0032969;00-0033127;00-0025900;00-0031045,Max Scharping;DeAndre Hopkins;Darren Fells;Laremy Tunsil;Deshaun Watson;Jordan Akins;Zach Fulton;Nick Martin;Will Fuller;Chris Clark;Carlos Hyde,00-0030411;00-0031597;00-0034743;00-0035643;00-0027375;00-0032386;00-0033132;00-0033954;00-0028015;00-0034828;00-0030060,Logan Ryan;Tye Smith;Rashaan Evans;Jeffery Simmons;Tramaine Brock;Kamalei Correa;Kevin Byard;Jayon Brown;Jurrell Casey;Harold Landry III;Kenny Vaccaro
2019_15_HOU_TEN,600,pass,0.0,60.0,60.0,5.0,5:25,5:20,,0.0,0.0,2.0,5.0,"2 DL, 4 LB, 5 DB",;;;;;;;;;;,11,6,2,MAN_COVERAGE,COVER_1,False,00-0035245;00-0030564;00-0029738;00-0032380;00-0033537;00-0034364;00-0030997;00-0032969;00-0033127;00-0025900;00-0031045,Max Scharping;DeAndre Hopkins;Darren Fells;Laremy Tunsil;Deshaun Watson;Jordan Akins;Zach Fulton;Nick Martin;Will Fuller;Chris Clark;Carlos Hyde,00-0030411;00-0031597;00-0034743;00-0035643;00-0027375;00-0032386;00-0033132;00-0033954;00-0028015;00-0034828;00-0030060,Logan Ryan;Tye Smith;Rashaan Evans;Jeffery Simmons;Tramaine Brock;Kamalei Correa;Kevin Byard;Jayon Brown;Jurrell Casey;Harold Landry III;Kenny Vaccaro
2019_15_HOU_TEN,622,pass,0.0,60.0,60.0,8.0,5:20,5:12,,0.0,0.0,3.0,5.0,"1 DL, 4 LB, 6 DB",;;;;;;;;;;,11,4,3,ZONE_COVERAGE,COVER_2,False,00-0035245;00-0030564;00-0032380;00-0033537;00-0032257;00-0030085;00-0030997;00-0034364;00-0032969;00-0033127;00-0025900,Max Scharping;DeAndre Hopkins;Laremy Tunsil;Deshaun Watson;Duke Johnson;Kenny Stills;Zach Fulton;Jordan Akins;Nick Martin;Will Fuller;Chris Clark,00-0030411;00-0031597;00-0034743;00-0027375;00-0035632;00-0033132;00-0033954;00-0028015;00-0034828;00-0030060;00-0032633,Logan Ryan;Tye Smith;Rashaan Evans;Tramaine Brock;Amani Hooker;Kevin Byard;Jayon Brown;Jurrell Casey;Harold Landry III;Kenny Vaccaro;Reggie Gilbert
2019_15_HOU_TEN,644,punt,0.0,60.0,60.0,8.0,5:12,5:04,,0.0,0.0,4.0,5.0,,;;;;;;;;;;,11,,,,,,00-0034421;00-0034435;00-0034594;00-0032734;00-0034449;00-0033547;00-0030558;00-0029692;00-0027224;00-0034361;00-0035304,Peter Kalambayi;Keion Crossen;A.J. Moore;Brennan Scarlett;Buddy Howell;Zach Cunningham;Barkevious Mingo;Bryan Anger;Jon Weeks;Justin Reid;Cullen Gillaspia,00-0030411;00-0031597;00-0035292;00-0035632;00-0034389;00-0034662;00-0035521;00-0035099;00-0032464;00-0031585;00-0033455,Logan Ryan;Tye Smith;David Long Jr.;Amani Hooker;Dane Cruikshank;Joshua Kalu;Derick Roberson;Khari Blasingame;Kalif Raymond;MyCole Pruitt;Anthony Firkser
2019_15_HOU_TEN,672,pass,0.0,84.0,84.0,4.0,5:04,5:00,,0.0,0.0,1.0,10.0,"3 DL, 4 LB, 4 DB",;;;;;;;;;;,11,7,5,MAN_COVERAGE,COVER_1,False,00-0033057;00-0032764;00-0035099;00-0031442;00-0029413;00-0035649;00-0031585;00-0033858;00-0035676;00-0029701;00-0027648,Jack Conklin;Derrick Henry;Khari Blasingame;Taylor Lewan;Ben Jones;Nate Davis;MyCole Pruitt;Jonnu Smith;A.J. Brown;Ryan Tannehill;Rodger Saffold,00-0032734;00-0024239;00-0033547;00-0031553;00-0033563;00-0034361;00-0028924;00-0031372;00-0032107;00-0032424;00-0029643,Brennan Scarlett;Johnathan Joseph;Zach Cunningham;Benardrick McKinney;Carlos Watkins;Justin Reid;Tashaun Gipson;Bradley Roby;Angelo Blackson;DJ Reader;Whitney Mercilus
2019_15_HOU_TEN,694,run,4.0,84.0,80.0,38.0,5:00,4:22,,0.0,0.0,2.0,10.0,"2 DL, 4 LB, 5 DB",;;;;;;;;;;,11,6,,,,,00-0033057;00-0032764;00-0031442;00-0032778;00-0029413;00-0035649;00-0031585;00-0035676;00-0029701;00-0027648;00-0033871,Jack Conklin;Derrick Henry;Taylor Lewan;Tajae Sharpe;Ben Jones;Nate Davis;MyCole Pruitt;A.J. Brown;Ryan Tannehill;Rodger Saffold;Corey Davis,00-0032758;00-0024239;00-0032734;00-0033547;00-0031553;00-0033563;00-0034361;00-0028924;00-0031372;00-0032424;00-0029643,Vernon Hargreaves III;Johnathan Joseph;Brennan Scarlett;Zach Cunningham;Benardrick McKinney;Carlos Watkins;Justin Reid;Tashaun Gipson;Bradley Roby;DJ Reader;Whitney Mercilus
2019_15_HOU_TEN,715,pass,0.0,80.0,80.0,5.0,4:22,4:17,,0.0,0.0,3.0,6.0,"1 DL, 4 LB, 6 DB",;;;;;;;;;;,11,6,6,MAN_COVERAGE,COVER_1,True,00-0033057;00-0028087;00-0032464;00-0031442;00-0029413;00-0035649;00-0035676;00-0033455;00-0029701;00-0027648;00-0033871,Jack Conklin;Dion Lewis;Kalif Raymond;Taylor Lewan;Ben Jones;Nate Davis;A.J. Brown;Anthony Firkser;Ryan Tannehill;Rodger Saffold;Corey Davis,00-0030312;00-0034163;00-0032758;00-0024239;00-0033547;00-0031553;00-0035279;00-0034361;00-0028924;00-0031372;00-0029643,Jahleel Addae;Jacob Martin;Vernon Hargreaves III;Johnathan Joseph;Zach Cunningham;Benardrick McKinney;Charles Omenihu;Justin Reid;Tashaun Gipson;Bradley Roby;Whitney Mercilus
2019_15_HOU_TEN,737,punt,0.0,80.0,80.0,11.0,4:17,4:06,,0.0,0.0,4.0,6.0,,;;;;;;;;;;,11,,,,,,00-0025825;00-0035292;00-0035632;00-0032386;00-0034389;00-0034662;00-0033132;00-0035099;00-0025828;00-0029134;00-0031585,Brett Kern;David Long Jr.;Amani Hooker;Kamalei Correa;Dane Cruikshank;Joshua Kalu;Kevin Byard;Khari Blasingame;Wesley Woodyard;Beau Brinkley;MyCole Pruitt,00-0030312;00-0034421;00-0034435;00-0034163;00-0034594;00-0034449;00-0030558;00-0032094;00-0035244;00-0031763;00-0035304,Jahleel Addae;Peter Kalambayi;Keion Crossen;Jacob Martin;A.J. Moore;Buddy Howell;Barkevious Mingo;Tyrell Adams;Lonnie Johnson;DeAndre Carter;Cullen Gillaspia
2019_15_HOU_TEN,756,no_play,0.0,72.0,72.0,0.0,4:06,4:06,,0.0,0.0,1.0,10.0,"2 DL, 4 LB, 5 DB",;;;;;;;;;;,11,,,,,,00-0035245;00-0030564;00-0029738;00-0032380;00-0033537;00-0030085;00-0030997;00-0032969;00-0033127;00-0025900;00-0031045,Max Scharping;DeAndre Hopkins;Darren Fells;Laremy Tunsil;Deshaun Watson;Kenny Stills;Zach Fulton;Nick Martin;Will Fuller;Chris Clark;Carlos Hyde,00-0030411;00-0031597;00-0034743;00-0035643;00-0027375;00-0032386;00-0033132;00-0033954;00-0034828;00-0032763;00-0030060,Logan Ryan;Tye Smith;Rashaan Evans;Jeffery Simmons;Tramaine Brock;Kamalei Correa;Kevin Byard;Jayon Brown;Harold Landry III;Austin Johnson;Kenny Vaccaro
2019_15_HOU_TEN,779,pass,-9.0,77.0,86.0,45.0,4:06,3:21,,0.0,0.0,1.0,15.0,"2 DL, 4 LB, 5 DB",;;;;;;;;;;,11,5,4,,,,00-0035245;00-0030564;00-0029738;00-0032380;00-0033537;00-0034364;00-0030997;00-0032969;00-0033127;00-0025900;00-0031045,Max Scharping;DeAndre Hopkins;Darren Fells;Laremy Tunsil;Deshaun Watson;Jordan Akins;Zach Fulton;Nick Martin;Will Fuller;Chris Clark;Carlos Hyde,00-0030411;00-0031597;00-0034743;00-0035643;00-0027375;00-0032386;00-0033132;00-0033954;00-0034828;00-0032763;00-0030060,Logan Ryan;Tye Smith;Rashaan Evans;Jeffery Simmons;Tramaine Brock;Kamalei Correa;Kevin Byard;Jayon Brown;Harold Landry III;Austin Johnson;Kenny Vaccaro
2019_15_HOU_TEN,798,run,2.0,86.0,84.0,41.0,3:21,2:40,,0.0,0.0,2.0,24.0,"2 DL, 4 LB, 5 DB",;;;;;;;;;;,11,6,,,,,00-0035245;00-0030564;00-0029738;00-0032380;00-0033537;00-0030085;00-0030997;00-0032969;00-0033127;00-0025900;00-0031045,Max Scharping;DeAndre Hopkins;Darren Fells;Laremy Tunsil;Deshaun Watson;Kenny Stills;Zach Fulton;Nick Martin;Will Fuller;Chris Clark;Carlos Hyde,00-0030411;00-0031597;00-0034743;00-0035643;00-0027375;00-0032386;00-0033132;00-0033954;00-0034828;00-0032763;00-0030060,Logan Ryan;Tye Smith;Rashaan Evans;Jeffery Simmons;Tramaine Brock;Kamalei Correa;Kevin Byard;Jayon Brown;Harold Landry III;Austin Johnson;Kenny Vaccaro
2019_15_HOU_TEN,819,pass,8.0,84.0,76.0,43.0,2:40,1:57,,0.0,0.0,3.0,22.0,"1 DL, 4 LB, 6 DB",;;;;;;;;;;,11,3,3,ZONE_COVERAGE,COVER_2,False,00-0035245;00-0030564;00-0032380;00-0033537;00-0032257;00-0030085;00-0034364;00-0030997;00-0032969;00-0033127;00-0025900,Max Scharping;DeAndre Hopkins;Laremy Tunsil;Deshaun Watson;Duke Johnson;Kenny Stills;Jordan Akins;Zach Fulton;Nick Martin;Will Fuller;Chris Clark,00-0030411;00-0031597;00-0034743;00-0027375;00-0035632;00-0033132;00-0028015;00-0033954;00-0034828;00-0032633;00-0030060,Logan Ryan;Tye Smith;Rashaan Evans;Tramaine Brock;Amani Hooker;Kevin Byard;Jurrell Casey;Jayon Brown;Harold Landry III;Reggie Gilbert;Kenny Vaccaro
2019_15_HOU_TEN,847,punt,0.0,76.0,76.0,12.0,1:57,1:45,,0.0,0.0,4.0,14.0,,;;;;;;;;;;,11,,,,,,00-0034421;00-0034435;00-0034594;00-0032734;00-0034449;00-0033547;00-0030558;00-0029692;00-0027224;00-0034361;00-0035304,Peter Kalambayi;Keion Crossen;A.J. Moore;Brennan Scarlett;Buddy Howell;Zach Cunningham;Barkevious Mingo;Bryan Anger;Jon Weeks;Justin Reid;Cullen Gillaspia,00-0031597;00-0035292;00-0035632;00-0034389;00-0034662;00-0035521;00-0035099;00-0032464;00-0031585;00-0032783;00-0033455,Tye Smith;David Long Jr.;Amani Hooker;Dane Cruikshank;Joshua Kalu;Derick Roberson;Khari Blasingame;Kalif Raymond;MyCole Pruitt;LeShaun Sims;Anthony Firkser
2019_15_HOU_TEN,883,no_play,0.0,76.0,76.0,12.0,1:45,1:33,,0.0,0.0,1.0,10.0,"3 DL, 4 LB, 4 DB",;;;;;;;;;;,11,,,,,,00-0033057;00-0032764;00-0031442;00-0029413;00-0035649;00-0031585;00-0033858;00-0035676;00-0029701;00-0027648;00-0033871,Jack Conklin;Derrick Henry;Taylor Lewan;Ben Jones;Nate Davis;MyCole Pruitt;Jonnu Smith;A.J. Brown;Ryan Tannehill;Rodger Saffold;Corey Davis,00-0024239;00-0032734;00-0033547;00-0031553;00-0033563;00-0034361;00-0028924;00-0031372;00-0031127;00-0032424;00-0029643,Johnathan Joseph;Brennan Scarlett;Zach Cunningham;Benardrick McKinney;Carlos Watkins;Justin Reid;Tashaun Gipson;Bradley Roby;Brandon Dunn;DJ Reader;Whitney Mercilus
2019_15_HOU_TEN,915,run,2.0,81.0,79.0,34.0,1:33,0:59,,0.0,0.0,1.0,15.0,"3 DL, 4 LB, 4 DB",;;;;;;;;;;,11,7,,,,,00-0033057;00-0032764;00-0031442;00-0029413;00-0035649;00-0031585;00-0033858;00-0035676;00-0029701;00-0027648;00-0033871,Jack Conklin;Derrick Henry;Taylor Lewan;Ben Jones;Nate Davis;MyCole Pruitt;Jonnu Smith;A.J. Brown;Ryan Tannehill;Rodger Saffold;Corey Davis,00-0032734;00-0024239;00-0033547;00-0031553;00-0033563;00-0034361;00-0028924;00-0031372;00-0031127;00-0032424;00-0029643,Brennan Scarlett;Johnathan Joseph;Zach Cunningham;Benardrick McKinney;Carlos Watkins;Justin Reid;Tashaun Gipson;Bradley Roby;Brandon Dunn;DJ Reader;Whitney Mercilus
2019_15_HOU_TEN,936,pass,0.0,79.0,79.0,8.0,0:59,0:51,,0.0,0.0,2.0,13.0,"3 DL, 4 LB, 4 DB",;;;;;;;;;;,11,6,4,ZONE_COVERAGE,COVER_2,False,00-0033057;00-0032764;00-0031442;00-0029413;00-0035649;00-0031585;00-0033858;00-0035676;00-0029701;00-0027648;00-0033871,Jack Conklin;Derrick Henry;Taylor Lewan;Ben Jones;Nate Davis;MyCole Pruitt;Jonnu Smith;A.J. Brown;Ryan Tannehill;Rodger Saffold;Corey Davis,00-0024239;00-0032734;00-0033547;00-0031553;00-0033563;00-0034361;00-0028924;00-0031372;00-0031127;00-0032424;00-0029643,Johnathan Joseph;Brennan Scarlett;Zach Cunningham;Benardrick McKinney;Carlos Watkins;Justin Reid;Tashaun Gipson;Bradley Roby;Brandon Dunn;DJ Reader;Whitney Mercilus
2019_15_HOU_TEN,958,pass,22.0,79.0,57.0,39.0,0:51,0:12,,0.0,0.0,3.0,13.0,"1 DL, 4 LB, 6 DB",;;;;;;;;;;,11,5,4,MAN_COVERAGE,COVER_1,False,00-0033057;00-0031442;00-0032778;00-0029413;00-0035649;00-0033858;00-0035676;00-0033455;00-0029701;00-0027648;00-0033871,Jack Conklin;Taylor Lewan;Tajae Sharpe;Ben Jones;Nate Davis;Jonnu Smith;A.J. Brown;Anthony Firkser;Ryan Tannehill;Rodger Saffold;Corey Davis,00-0030312;00-0034163;00-0032758;00-0024239;00-0033547;00-0031553;00-0035279;00-0034361;00-0028924;00-0031372;00-0029643,Jahleel Addae;Jacob Martin;Vernon Hargreaves III;Johnathan Joseph;Zach Cunningham;Benardrick McKinney;Charles Omenihu;Justin Reid;Tashaun Gipson;Bradley Roby;Whitney Mercilus
2019_15_HOU_TEN,982,run,6.0,57.0,51.0,12.0,0:12,0:00,,0.0,0.0,1.0,10.0,"3 DL, 4 LB, 4 DB",;;;;;;;;;;,11,8,,,,,00-0033057;00-0032764;00-0035099;00-0031442;00-0029413;00-0035649;00-0033858;00-0035676;00-0029701;00-0027648;00-0033871,Jack Conklin;Derrick Henry;Khari Blasingame;Taylor Lewan;Ben Jones;Nate Davis;Jonnu Smith;A.J. Brown;Ryan Tannehill;Rodger Saffold;Corey Davis,00-0032734;00-0033882;00-0033547;00-0031553;00-0033563;00-0034361;00-0028924;00-0031372;00-0032107;00-0031127;00-0029643,Brennan Scarlett;Gareon Conley;Zach Cunningham;Benardrick McKinney;Carlos Watkins;Justin Reid;Tashaun Gipson;Bradley Roby;Angelo Blackson;Brandon Dunn;Whitney Mercilus
2019_15_HOU_TEN,1003,start_quarter_2,,,,0.0,0:00,0:00,,0.0,0.0,,0.0,,,0,,,,,,,,,
2019_15_HOU_TEN,1020,run,6.0,51.0,45.0,40.0,15:00,14:20,,0.0,0.0,2.0,4.0,"3 DL, 4 LB, 4 DB",;;;;;;;;;;,11,7,,,,,00-0033057;00-0032764;00-0032464;00-0031442;00-0029413;00-0035649;00-0031585;00-0033858;00-0035676;00-0029701;00-0027648,Jack Conklin;Derrick Henry;Kalif Raymond;Taylor Lewan;Ben Jones;Nate Davis;MyCole Pruitt;Jonnu Smith;A.J. Brown;Ryan Tannehill;Rodger Saffold,00-0032734;00-0024239;00-0033547;00-0031553;00-0034361;00-0028924;00-0031372;00-0032107;00-0031127;00-0032424;00-0029643,Brennan Scarlett;Johnathan Joseph;Zach Cunningham;Benardrick McKinney;Justin Reid;Tashaun Gipson;Bradley Roby;Angelo Blackson;Brandon Dunn;DJ Reader;Whitney Mercilus
2019_15_HOU_TEN,1041,run,2.0,45.0,43.0,45.0,14:20,13:35,,0.0,0.0,1.0,10.0,"3 DL, 4 LB, 4 DB",;;;;;;;;;;,11,6,,,,,00-0033057;00-0032764;00-0032464;00-0031442;00-0029413;00-0035649;00-0031585;00-0033858;00-0035676;00-0029701;00-0027648,Jack Conklin;Derrick Henry;Kalif Raymond;Taylor Lewan;Ben Jones;Nate Davis;MyCole Pruitt;Jonnu Smith;A.J. Brown;Ryan Tannehill;Rodger Saffold,00-0024239;00-0032734;00-0033547;00-0031553;00-0034361;00-0028924;00-0031372;00-0032107;00-0031127;00-0032424;00-0029643,Johnathan Joseph;Brennan Scarlett;Zach Cunningham;Benardrick McKinney;Justin Reid;Tashaun Gipson;Bradley Roby;Angelo Blackson;Brandon Dunn;DJ Reader;Whitney Mercilus
2019_15_HOU_TEN,1062,run,23.0,43.0,20.0,36.0,13:35,12:59,,0.0,0.0,2.0,8.0,"3 DL, 4 LB, 4 DB",;;;;;;;;;;,11,7,,,,,00-0033057;00-0032764;00-0035099;00-0031442;00-0029413;00-0035649;00-0033858;00-0035676;00-0029701;00-0027648;00-0033871,Jack Conklin;Derrick Henry;Khari Blasingame;Taylor Lewan;Ben Jones;Nate Davis;Jonnu Smith;A.J. Brown;Ryan Tannehill;Rodger Saffold;Corey Davis,00-0024239;00-0032734;00-0033547;00-0031553;00-0034361;00-0028924;00-0031372;00-0032107;00-0031127;00-0032424;00-0029643,Johnathan Joseph;Brennan Scarlett;Zach Cunningham;Benardrick McKinney;Justin Reid;Tashaun Gipson;Bradley Roby;Angelo Blackson;Brandon Dunn;DJ Reader;Whitney Mercilus
2019_15_HOU_TEN,1083,run,2.0,20.0,18.0,37.0,12:59,12:22,,0.0,0.0,1.0,10.0,"3 DL, 4 LB, 4 DB",;;;;;;;;;;,11,8,,,,,00-0033057;00-0032764;00-0035099;00-0031442;00-0029413;00-0035649;00-0033858;00-0035676;00-0029701;00-0027648;00-0033871,Jack Conklin;Derrick Henry;Khari Blasingame;Taylor Lewan;Ben Jones;Nate Davis;Jonnu Smith;A.J. Brown;Ryan Tannehill;Rodger Saffold;Corey Davis,00-0024239;00-0032734;00-0033547;00-0031553;00-0034361;00-0028924;00-0031372;00-0032107;00-0031127;00-0032424;00-0029643,Johnathan Joseph;Brennan Scarlett;Zach Cunningham;Benardrick McKinney;Justin Reid;Tashaun Gipson;Bradley Roby;Angelo Blackson;Brandon Dunn;DJ Reader;Whitney Mercilus
2019_15_HOU_TEN,1104,pass,7.0,18.0,11.0,36.0,12:22,11:46,,0.0,0.0,2.0,8.0,"3 DL, 4 LB, 4 DB",;;;;;;;;;;,11,7,4,ZONE_COVERAGE,COVER_4,True,00-0033057;00-0028087;00-0031442;00-0029413;00-0035649;00-0031585;00-0033858;00-0033455;00-0035676;00-0029701;00-0027648,Jack Conklin;Dion Lewis;Taylor Lewan;Ben Jones;Nate Davis;MyCole Pruitt;Jonnu Smith;Anthony Firkser;A.J. Brown;Ryan Tannehill;Rodger Saffold,00-0024239;00-0032734;00-0033547;00-0031553;00-0033563;00-0034361;00-0028924;00-0031372;00-0031127;00-0032424;00-0029643,Johnathan Joseph;Brennan Scarlett;Zach Cunningham;Benardrick McKinney;Carlos Watkins;Justin Reid;Tashaun Gipson;Bradley Roby;Brandon Dunn;DJ Reader;Whitney Mercilus
2019_15_HOU_TEN,1128,run,6.0,11.0,5.0,45.0,11:46,11:01,,0.0,0.0,3.0,1.0,"3 DL, 4 LB, 4 DB",;;;;;;;;;;,11,8,,,,,00-0033057;00-0028087;00-0031442;00-0029413;00-0035649;00-0031585;00-0033858;00-0035676;00-0033455;00-0029701;00-0027648,Jack Conklin;Dion Lewis;Taylor Lewan;Ben Jones;Nate Davis;MyCole Pruitt;Jonnu Smith;A.J. Brown;Anthony Firkser;Ryan Tannehill;Rodger Saffold,00-0024239;00-0032734;00-0033547;00-0031553;00-0033563;00-0034361;00-0028924;00-0031372;00-0031127;00-0032424;00-0029643,Johnathan Joseph;Brennan Scarlett;Zach Cunningham;Benardrick McKinney;Carlos Watkins;Justin Reid;Tashaun Gipson;Bradley Roby;Brandon Dunn;DJ Reader;Whitney Mercilus
2019_15_HOU_TEN,1149,turnover,0.0,5.0,5.0,15.0,11:01,10:46,,0.0,0.0,1.0,5.0,"3 DL, 4 LB, 4 DB",;;;;;;;;;;,11,6,3,MAN_COVERAGE,COVER_1,False,00-0033057;00-0032764;00-0031442;00-0029413;00-0035649;00-0031585;00-0033858;00-0035676;00-0033455;00-0029701;00-0027648,Jack Conklin;Derrick Henry;Taylor Lewan;Ben Jones;Nate Davis;MyCole Pruitt;Jonnu Smith;A.J. Brown;Anthony Firkser;Ryan Tannehill;Rodger Saffold,00-0024239;00-0032734;00-0033547;00-0031553;00-0033563;00-0034361;00-0028924;00-0031372;00-0031127;00-0032424;00-0029643,Johnathan Joseph;Brennan Scarlett;Zach Cunningham;Benardrick McKinney;Carlos Watkins;Justin Reid;Tashaun Gipson;Bradley Roby;Brandon Dunn;DJ Reader;Whitney Mercilus
2019_15_HOU_TEN,1175,run,0.0,12.0,12.0,42.0,10:46,10:04,,0.0,0.0,1.0,10.0,"2 DL, 4 LB, 5 DB",;;;;;;;;;;,11,7,,,,,00-0035245;00-0030564;00-0033569;00-0029738;00-0032380;00-0033537;00-0034364;00-0030997;00-0032969;00-0033127;00-0031045,Max Scharping;DeAndre Hopkins;Roderick Johnson;Darren Fells;Laremy Tunsil;Deshaun Watson;Jordan Akins;Zach Fulton;Nick Martin;Will Fuller;Carlos Hyde,00-0030411;00-0031597;00-0034743;00-0027375;00-0032386;00-0033132;00-0033954;00-0028015;00-0031054;00-0034828;00-0030060,Logan Ryan;Tye Smith;Rashaan Evans;Tramaine Brock;Kamalei Correa;Kevin Byard;Jayon Brown;Jurrell Casey;DaQuan Jones;Harold Landry III;Kenny Vaccaro
2019_15_HOU_TEN,1196,pass,12.0,12.0,0.0,5.0,10:04,9:59,,0.0,6.0,2.0,10.0,"2 DL, 4 LB, 5 DB",;;;;;;;;;;,11,7,4,MAN_COVERAGE,COVER_1,False,00-0035245;00-0030564;00-0033569;00-0029738;00-0032380;00-0033537;00-0032257;00-0030085;00-0030997;00-0032969;00-0033127,Max Scharping;DeAndre Hopkins;Roderick Johnson;Darren Fells;Laremy Tunsil;Deshaun Watson;Duke Johnson;Kenny Stills;Zach Fulton;Nick Martin;Will Fuller,00-0030411;00-0031597;00-0034743;00-0027375;00-0032386;00-0033132;00-0028015;00-0033954;00-0031054;00-0034828;00-0030060,Logan Ryan;Tye Smith;Rashaan Evans;Tramaine Brock;Kamalei Correa;Kevin Byard;Jurrell Casey;Jayon Brown;DaQuan Jones;Harold Landry III;Kenny Vaccaro
2019_15_HOU_TEN,1232,extra_point,0.0,15.0,15.0,0.0,9:59,9:59,,0.0,7.0,,0.0,,;;;;;;;;;,10,,,,,,00-0035245;00-0033569;00-0029738;00-0032380;00-0029692;00-0032726;00-0034364;00-0030997;00-0027224;00-0032969;00-0031923,Max Scharping;Roderick Johnson;Darren Fells;Laremy Tunsil;Bryan Anger;Ka'imi Fairbairn;Jordan Akins;Zach Fulton;Jon Weeks;Nick Martin;Greg Mancz,00-0031597;00-0035643;00-0035632;00-0032386;00-0034389;00-0034662;00-0033954;00-0025828;00-0031054;00-0032763,Tye Smith;Jeffery Simmons;Amani Hooker;Kamalei Correa;Dane Cruikshank;Joshua Kalu;Jayon Brown;Wesley Woodyard;DaQuan Jones;Austin Johnson
2019_15_HOU_TEN,1248,kickoff,0.0,35.0,35.0,6.0,9:59,9:53,,0.0,7.0,,0.0,,;;;;;;;;;;,11,,,,,,00-0030312;00-0034421;00-0034435;00-0034163;00-0034594;00-0034449;00-0030558;00-0032094;00-0032726;00-0035244;00-0035304,Jahleel Addae;Peter Kalambayi;Keion Crossen;Jacob Martin;A.J. Moore;Buddy Howell;Barkevious Mingo;Tyrell Adams;Ka'imi Fairbairn;Lonnie Johnson;Cullen Gillaspia,00-0035292;00-0033386;00-0035632;00-0034389;00-0034662;00-0035099;00-0032464;00-0025828;00-0031585;00-0033858;00-0033455,David Long Jr.;Cody Hollister;Amani Hooker;Dane Cruikshank;Joshua Kalu;Khari Blasingame;Kalif Raymond;Wesley Woodyard;MyCole Pruitt;Jonnu Smith;Anthony Firkser
2019_15_HOU_TEN,1276,run,4.0,75.0,71.0,31.0,9:53,9:22,,0.0,7.0,1.0,10.0,"3 DL, 3 LB, 5 DB",;;;;;;;;;;,11,6,,,,,00-0033057;00-0028087;00-0031442;00-0032778;00-0029413;00-0035649;00-0033858;00-0035676;00-0029701;00-0027648;00-0033871,Jack Conklin;Dion Lewis;Taylor Lewan;Tajae Sharpe;Ben Jones;Nate Davis;Jonnu Smith;A.J. Brown;Ryan Tannehill;Rodger Saffold;Corey Davis,00-0034163;00-0032758;00-0033547;00-0033882;00-0031553;00-0035279;00-0034361;00-0028924;00-0031372;00-0032107;00-0031127,Jacob Martin;Vernon Hargreaves III;Zach Cunningham;Gareon Conley;Benardrick McKinney;Charles Omenihu;Justin Reid;Tashaun Gipson;Bradley Roby;Angelo Blackson;Brandon Dunn
2019_15_HOU_TEN,1297,run,0.0,71.0,71.0,37.0,9:22,8:45,,0.0,7.0,2.0,6.0,"3 DL, 3 LB, 5 DB",;;;;;;;;;;,11,6,,,,,00-0033057;00-0028087;00-0031442;00-0032778;00-0029413;00-0035649;00-0033858;00-0035676;00-0029701;00-0027648;00-0033871,Jack Conklin;Dion Lewis;Taylor Lewan;Tajae Sharpe;Ben Jones;Nate Davis;Jonnu Smith;A.J. Brown;Ryan Tannehill;Rodger Saffold;Corey Davis,00-0034163;00-0032758;00-0033882;00-0033547;00-0031553;00-0035279;00-0034361;00-0028924;00-0031372;00-0032107;00-0031127,Jacob Martin;Vernon Hargreaves III;Gareon Conley;Zach Cunningham;Benardrick McKinney;Charles Omenihu;Justin Reid;Tashaun Gipson;Bradley Roby;Angelo Blackson;Brandon Dunn
2019_15_HOU_TEN,1318,pass,0.0,71.0,71.0,49.0,8:45,7:56,,0.0,7.0,3.0,6.0,"0 DL, 4 LB, 7 DB",;;;;;;;;;;,11,6,4,MAN_COVERAGE,COVER_1,True,00-0033057;00-0028087;00-0031442;00-0032778;00-0029413;00-0035649;00-0035676;00-0033455;00-0029701;00-0027648;00-0033871,Jack Conklin;Dion Lewis;Taylor Lewan;Tajae Sharpe;Ben Jones;Nate Davis;A.J. Brown;Anthony Firkser;Ryan Tannehill;Rodger Saffold;Corey Davis,00-0030312;00-0034163;00-0032758;00-0034594;00-0033547;00-0033882;00-0031553;00-0034361;00-0028924;00-0031372;00-0029643,Jahleel Addae;Jacob Martin;Vernon Hargreaves III;A.J. Moore;Zach Cunningham;Gareon Conley;Benardrick McKinney;Justin Reid;Tashaun Gipson;Bradley Roby;Whitney Mercilus
2019_15_HOU_TEN,1342,punt,0.0,71.0,71.0,7.0,7:56,7:49,,0.0,7.0,4.0,6.0,,;;;;;;;;;;,11,,,,,,00-0025825;00-0035292;00-0035632;00-0032386;00-0034389;00-0034662;00-0033132;00-0035099;00-0025828;00-0029134;00-0031585,Brett Kern;David Long Jr.;Amani Hooker;Kamalei Correa;Dane Cruikshank;Joshua Kalu;Kevin Byard;Khari Blasingame;Wesley Woodyard;Beau Brinkley;MyCole Pruitt,00-0030312;00-0034421;00-0034435;00-0034163;00-0034594;00-0034449;00-0030558;00-0032094;00-0035244;00-0031763;00-0035304,Jahleel Addae;Peter Kalambayi;Keion Crossen;Jacob Martin;A.J. Moore;Buddy Howell;Barkevious Mingo;Tyrell Adams;Lonnie Johnson;DeAndre Carter;Cullen Gillaspia
2019_15_HOU_TEN,1370,run,7.0,72.0,65.0,31.0,7:49,7:18,,0.0,7.0,1.0,10.0,"2 DL, 4 LB, 5 DB",;;;;;;;;;;,11,6,,,,,00-0035245;00-0030564;00-0033569;00-0029738;00-0032380;00-0033537;00-0030085;00-0030997;00-0032969;00-0033127;00-0031045,Max Scharping;DeAndre Hopkins;Roderick Johnson;Darren Fells;Laremy Tunsil;Deshaun Watson;Kenny Stills;Zach Fulton;Nick Martin;Will Fuller;Carlos Hyde,00-0030411;00-0031597;00-0034743;00-0027375;00-0032386;00-0033132;00-0033954;00-0028015;00-0031054;00-0034828;00-0030060,Logan Ryan;Tye Smith;Rashaan Evans;Tramaine Brock;Kamalei Correa;Kevin Byard;Jayon Brown;Jurrell Casey;DaQuan Jones;Harold Landry III;Kenny Vaccaro
2019_15_HOU_TEN,1391,pass,7.0,65.0,58.0,33.0,7:18,6:45,,0.0,7.0,2.0,3.0,"2 DL, 4 LB, 5 DB",;;;;;;;;;;,11,7,3,MAN_COVERAGE,COVER_1,False,00-0035245;00-0030564;00-0033569;00-0029738;00-0032380;00-0033537;00-0030085;00-0030997;00-0032969;00-0033127;00-0031045,Max Scharping;DeAndre Hopkins;Roderick Johnson;Darren Fells;Laremy Tunsil;Deshaun Watson;Kenny Stills;Zach Fulton;Nick Martin;Will Fuller;Carlos Hyde,00-0030411;00-0031597;00-0034743;00-0027375;00-0032386;00-0033132;00-0033954;00-0028015;00-0031054;00-0034828;00-0030060,Logan Ryan;Tye Smith;Rashaan Evans;Tramaine Brock;Kamalei Correa;Kevin Byard;Jayon Brown;Jurrell Casey;DaQuan Jones;Harold Landry III;Kenny Vaccaro
2019_15_HOU_TEN,1415,run,6.0,58.0,52.0,34.0,6:45,6:11,,0.0,7.0,1.0,10.0,"2 DL, 4 LB, 5 DB",;;;;;;;;;;,11,7,,,,,00-0035245;00-0030564;00-0033569;00-0029738;00-0032380;00-0033537;00-0030085;00-0030997;00-0032969;00-0033127;00-0031045,Max Scharping;DeAndre Hopkins;Roderick Johnson;Darren Fells;Laremy Tunsil;Deshaun Watson;Kenny Stills;Zach Fulton;Nick Martin;Will Fuller;Carlos Hyde,00-0030411;00-0031597;00-0034743;00-0027375;00-0032386;00-0033132;00-0033954;00-0028015;00-0031054;00-0034828;00-0030060,Logan Ryan;Tye Smith;Rashaan Evans;Tramaine Brock;Kamalei Correa;Kevin Byard;Jayon Brown;Jurrell Casey;DaQuan Jones;Harold Landry III;Kenny Vaccaro
2019_15_HOU_TEN,1436,run,6.0,52.0,46.0,42.0,6:11,5:29,,0.0,7.0,2.0,4.0,"2 DL, 4 LB, 5 DB",;;;;;;;;;;,11,6,,,,,00-0035245;00-0030564;00-0033569;00-0029738;00-0032380;00-0033537;00-0030085;00-0030997;00-0032969;00-0033127;00-0031045,Max Scharping;DeAndre Hopkins;Roderick Johnson;Darren Fells;Laremy Tunsil;Deshaun Watson;Kenny Stills;Zach Fulton;Nick Martin;Will Fuller;Carlos Hyde,00-0030411;00-0031597;00-0034743;00-0027375;00-0032386;00-0033132;00-0033954;00-0028015;00-0031054;00-0034828;00-0030060,Logan Ryan;Tye Smith;Rashaan Evans;Tramaine Brock;Kamalei Correa;Kevin Byard;Jayon Brown;Jurrell Casey;DaQuan Jones;Harold Landry III;Kenny Vaccaro
2019_15_HOU_TEN,1457,run,1.0,46.0,45.0,42.0,5:29,4:47,,0.0,7.0,1.0,10.0,"2 DL, 4 LB, 5 DB",;;;;;;;;;;,11,7,,,,,00-0035245;00-0030564;00-0033569;00-0029738;00-0032380;00-0033537;00-0032257;00-0030085;00-0030997;00-0032969;00-0033127,Max Scharping;DeAndre Hopkins;Roderick Johnson;Darren Fells;Laremy Tunsil;Deshaun Watson;Duke Johnson;Kenny Stills;Zach Fulton;Nick Martin;Will Fuller,00-0030411;00-0031597;00-0034743;00-0035643;00-0027375;00-0033132;00-0033954;00-0034828;00-0032763;00-0030060;00-0032633,Logan Ryan;Tye Smith;Rashaan Evans;Jeffery Simmons;Tramaine Brock;Kevin Byard;Jayon Brown;Harold Landry III;Austin Johnson;Kenny Vaccaro;Reggie Gilbert
2019_15_HOU_TEN,1478,pass,6.0,45.0,39.0,8.0,4:47,4:39,,0.0,7.0,2.0,9.0,"2 DL, 4 LB, 5 DB",;;;;;;;;;;,11,7,4,MAN_COVERAGE,COVER_1,False,00-0035245;00-0030564;00-0033569;00-0029738;00-0032380;00-0033537;00-0032257;00-0030085;00-0030997;00-0032969;00-0033127,Max Scharping;DeAndre Hopkins;Roderick Johnson;Darren Fells;Laremy Tunsil;Deshaun Watson;Duke Johnson;Kenny Stills;Zach Fulton;Nick Martin;Will Fuller,00-0030411;00-0031597;00-0034743;00-0035643;00-0027375;00-0033132;00-0033954;00-0034828;00-0032763;00-0030060;00-0032633,Logan Ryan;Tye Smith;Rashaan Evans;Jeffery Simmons;Tramaine Brock;Kevin Byard;Jayon Brown;Harold Landry III;Austin Johnson;Kenny Vaccaro;Reggie Gilbert
2019_15_HOU_TEN,1513,run,3.0,24.0,21.0,36.0,4:39,4:03,,0.0,7.0,1.0,10.0,"2 DL, 4 LB, 5 DB",;;;;;;;;;;,11,7,,,,,00-0035245;00-0030564;00-0033569;00-0029738;00-0032380;00-0033537;00-0030085;00-0030997;00-0032969;00-0033127;00-0031045,Max Scharping;DeAndre Hopkins;Roderick Johnson;Darren Fells;Laremy Tunsil;Deshaun Watson;Kenny Stills;Zach Fulton;Nick Martin;Will Fuller;Carlos Hyde,00-0030411;00-0031597;00-0034743;00-0035643;00-0027375;00-0033132;00-0033954;00-0034828;00-0032763;00-0030060;00-0032633,Logan Ryan;Tye Smith;Rashaan Evans;Jeffery Simmons;Tramaine Brock;Kevin Byard;Jayon Brown;Harold Landry III;Austin Johnson;Kenny Vaccaro;Reggie Gilbert
2019_15_HOU_TEN,1534,run,5.0,21.0,16.0,43.0,4:03,3:20,,0.0,7.0,2.0,7.0,"2 DL, 4 LB, 5 DB",;;;;;;;;;;,11,7,,,,,00-0035245;00-0030564;00-0033569;00-0029738;00-0032380;00-0033537;00-0030085;00-0030997;00-0032969;00-0033127;00-0031045,Max Scharping;DeAndre Hopkins;Roderick Johnson;Darren Fells;Laremy Tunsil;Deshaun Watson;Kenny Stills;Zach Fulton;Nick Martin;Will Fuller;Carlos Hyde,00-0030411;00-0031597;00-0034743;00-0035643;00-0027375;00-0033132;00-0033954;00-0034828;00-0032763;00-0030060;00-0032633,Logan Ryan;Tye Smith;Rashaan Evans;Jeffery Simmons;Tramaine Brock;Kevin Byard;Jayon Brown;Harold Landry III;Austin Johnson;Kenny Vaccaro;Reggie Gilbert
2019_15_HOU_TEN,1555,pass,16.0,16.0,0.0,6.0,3:20,3:14,,0.0,13.0,3.0,2.0,"2 DL, 4 LB, 5 DB",;;;;;;;;;;,11,7,2,MAN_COVERAGE,COVER_1,False,00-0035245;00-0030564;00-0033569;00-0029738;00-0032380;00-0033537;00-0032257;00-0030085;00-0030997;00-0032969;00-0033127,Max Scharping;DeAndre Hopkins;Roderick Johnson;Darren Fells;Laremy Tunsil;Deshaun Watson;Duke Johnson;Kenny Stills;Zach Fulton;Nick Martin;Will Fuller,00-0030411;00-0031597;00-0034743;00-0035643;00-0027375;00-0033132;00-0033954;00-0034828;00-0032763;00-0030060;00-0032633,Logan Ryan;Tye Smith;Rashaan Evans;Jeffery Simmons;Tramaine Brock;Kevin Byard;Jayon Brown;Harold Landry III;Austin Johnson;Kenny Vaccaro;Reggie Gilbert
2019_15_HOU_TEN,1580,extra_point,0.0,15.0,15.0,0.0,3:14,3:14,,0.0,14.0,,0.0,,;;;;;;;;;;,11,,,,,,00-0035245;00-0033569;00-0029738;00-0032380;00-0029692;00-0032726;00-0034364;00-0030997;00-0027224;00-0032969;00-0031923,Max Scharping;Roderick Johnson;Darren Fells;Laremy Tunsil;Bryan Anger;Ka'imi Fairbairn;Jordan Akins;Zach Fulton;Jon Weeks;Nick Martin;Greg Mancz,00-0033590;00-0031597;00-0035643;00-0035632;00-0032386;00-0034389;00-0034662;00-0033954;00-0025828;00-0031054;00-0032763,Joey Ivie;Tye Smith;Jeffery Simmons;Amani Hooker;Kamalei Correa;Dane Cruikshank;Joshua Kalu;Jayon Brown;Wesley Woodyard;DaQuan Jones;Austin Johnson
2019_15_HOU_TEN,1596,kickoff,0.0,35.0,35.0,6.0,3:14,3:08,,0.0,14.0,,0.0,,;;;;;;;;;;,11,,,,,,00-0030312;00-0034421;00-0034435;00-0034163;00-0034594;00-0034449;00-0030558;00-0032094;00-0032726;00-0035244;00-0035304,Jahleel Addae;Peter Kalambayi;Keion Crossen;Jacob Martin;A.J. Moore;Buddy Howell;Barkevious Mingo;Tyrell Adams;Ka'imi Fairbairn;Lonnie Johnson;Cullen Gillaspia,00-0035292;00-0033386;00-0035632;00-0034389;00-0034662;00-0035099;00-0025828;00-0032464;00-0031585;00-0033858;00-0033455,David Long Jr.;Cody Hollister;Amani Hooker;Dane Cruikshank;Joshua Kalu;Khari Blasingame;Wesley Woodyard;Kalif Raymond;MyCole Pruitt;Jonnu Smith;Anthony Firkser
2019_15_HOU_TEN,1620,run,4.0,82.0,78.0,36.0,3:08,2:32,,0.0,14.0,1.0,10.0,"3 DL, 3 LB, 5 DB",;;;;;;;;;;,11,6,,,,,00-0033057;00-0032764;00-0031442;00-0032778;00-0029413;00-0035649;00-0033858;00-0035676;00-0029701;00-0027648;00-0033871,Jack Conklin;Derrick Henry;Taylor Lewan;Tajae Sharpe;Ben Jones;Nate Davis;Jonnu Smith;A.J. Brown;Ryan Tannehill;Rodger Saffold;Corey Davis,00-0034163;00-0032758;00-0033882;00-0033547;00-0031553;00-0033563;00-0035279;00-0034361;00-0028924;00-0031372;00-0032424,Jacob Martin;Vernon Hargreaves III;Gareon Conley;Zach Cunningham;Benardrick McKinney;Carlos Watkins;Charles Omenihu;Justin Reid;Tashaun Gipson;Bradley Roby;DJ Reader
2019_15_HOU_TEN,1641,pass,16.0,78.0,62.0,28.0,2:32,2:04,,0.0,14.0,2.0,6.0,"3 DL, 3 LB, 5 DB",;;;;;;;;;;,11,6,3,ZONE_COVERAGE,COVER_2,False,00-0033057;00-0032764;00-0031442;00-0032778;00-0029413;00-0035649;00-0033858;00-0035676;00-0029701;00-0027648;00-0033871,Jack Conklin;Derrick Henry;Taylor Lewan;Tajae Sharpe;Ben Jones;Nate Davis;Jonnu Smith;A.J. Brown;Ryan Tannehill;Rodger Saffold;Corey Davis,00-0034163;00-0032758;00-0033547;00-0033882;00-0031553;00-0033563;00-0035279;00-0034361;00-0028924;00-0031372;00-0032424,Jacob Martin;Vernon Hargreaves III;Zach Cunningham;Gareon Conley;Benardrick McKinney;Carlos Watkins;Charles Omenihu;Justin Reid;Tashaun Gipson;Bradley Roby;DJ Reader
2019_15_HOU_TEN,1665,run,3.0,62.0,59.0,5.0,2:04,1:59,,0.0,14.0,1.0,10.0,"3 DL, 3 LB, 5 DB",;;;;;;;;;;,11,7,,,,,00-0033057;00-0032764;00-0031442;00-0032778;00-0029413;00-0035649;00-0033858;00-0035676;00-0029701;00-0027648;00-0033871,Jack Conklin;Derrick Henry;Taylor Lewan;Tajae Sharpe;Ben Jones;Nate Davis;Jonnu Smith;A.J. Brown;Ryan Tannehill;Rodger Saffold;Corey Davis,00-0034163;00-0032758;00-0033547;00-0033882;00-0031553;00-0033563;00-0035279;00-0034361;00-0028924;00-0031372;00-0032424,Jacob Martin;Vernon Hargreaves III;Zach Cunningham;Gareon Conley;Benardrick McKinney;Carlos Watkins;Charles Omenihu;Justin Reid;Tashaun Gipson;Bradley Roby;DJ Reader
2019_15_HOU_TEN,1703,pass,11.0,59.0,48.0,24.0,1:59,1:35,,0.0,14.0,2.0,7.0,"3 DL, 3 LB, 5 DB",;;;;;;;;;;,11,6,4,ZONE_COVERAGE,COVER_4,False,00-0033057;00-0028087;00-0031442;00-0032778;00-0029413;00-0035649;00-0033858;00-0035676;00-0029701;00-0027648;00-0033871,Jack Conklin;Dion Lewis;Taylor Lewan;Tajae Sharpe;Ben Jones;Nate Davis;Jonnu Smith;A.J. Brown;Ryan Tannehill;Rodger Saffold;Corey Davis,00-0034163;00-0032758;00-0033547;00-0033882;00-0031553;00-0033563;00-0035279;00-0034361;00-0028924;00-0031372;00-0032424,Jacob Martin;Vernon Hargreaves III;Zach Cunningham;Gareon Conley;Benardrick McKinney;Carlos Watkins;Charles Omenihu;Justin Reid;Tashaun Gipson;Bradley Roby;DJ Reader
2019_15_HOU_TEN,1727,pass,11.0,48.0,37.0,5.0,1:35,1:30,,0.0,14.0,1.0,10.0,"3 DL, 3 LB, 5 DB",;;;;;;;;;;,11,6,6,MAN_COVERAGE,COVER_1,False,00-0033057;00-0028087;00-0031442;00-0032778;00-0029413;00-0035649;00-0033858;00-0035676;00-0029701;00-0027648;00-0033871,Jack Conklin;Dion Lewis;Taylor Lewan;Tajae Sharpe;Ben Jones;Nate Davis;Jonnu Smith;A.J. Brown;Ryan Tannehill;Rodger Saffold;Corey Davis,00-0034163;00-0032758;00-0033547;00-0033882;00-0031553;00-0033563;00-0035279;00-0034361;00-0028924;00-0031372;00-0032424,Jacob Martin;Vernon Hargreaves III;Zach Cunningham;Gareon Conley;Benardrick McKinney;Carlos Watkins;Charles Omenihu;Justin Reid;Tashaun Gipson;Bradley Roby;DJ Reader
2019_15_HOU_TEN,1761,pass,0.0,37.0,37.0,4.0,1:30,1:26,,0.0,14.0,1.0,10.0,"2 DL, 4 LB, 5 DB",;;;;;;;;;;,11,6,4,MAN_COVERAGE,COVER_1,False,00-0033057;00-0028087;00-0031442;00-0032778;00-0029413;00-0035649;00-0035676;00-0033455;00-0029701;00-0027648;00-0033871,Jack Conklin;Dion Lewis;Taylor Lewan;Tajae Sharpe;Ben Jones;Nate Davis;A.J. Brown;Anthony Firkser;Ryan Tannehill;Rodger Saffold;Corey Davis,00-0034163;00-0032758;00-0033547;00-0033882;00-0031553;00-0033563;00-0034361;00-0028924;00-0031372;00-0032424;00-0029643,Jacob Martin;Vernon Hargreaves III;Zach Cunningham;Gareon Conley;Benardrick McKinney;Carlos Watkins;Justin Reid;Tashaun Gipson;Bradley Roby;DJ Reader;Whitney Mercilus
2019_15_HOU_TEN,1783,pass,0.0,37.0,37.0,6.0,1:26,1:20,,0.0,14.0,2.0,10.0,"2 DL, 4 LB, 5 DB",;;;;;;;;;;,11,5,4,ZONE_COVERAGE,COVER_2,False,00-0033057;00-0028087;00-0031442;00-0032778;00-0029413;00-0035649;00-0035676;00-0033455;00-0029701;00-0027648;00-0033871,Jack Conklin;Dion Lewis;Taylor Lewan;Tajae Sharpe;Ben Jones;Nate Davis;A.J. Brown;Anthony Firkser;Ryan Tannehill;Rodger Saffold;Corey Davis,00-0034163;00-0032758;00-0033547;00-0033882;00-0031553;00-0033563;00-0034361;00-0028924;00-0031372;00-0032424;00-0029643,Jacob Martin;Vernon Hargreaves III;Zach Cunningham;Gareon Conley;Benardrick McKinney;Carlos Watkins;Justin Reid;Tashaun Gipson;Bradley Roby;DJ Reader;Whitney Mercilus
2019_15_HOU_TEN,1805,pass,0.0,37.0,37.0,6.0,1:20,1:14,,0.0,14.0,3.0,10.0,"1 DL, 4 LB, 6 DB",;;;;;;;;;;,11,6,5,MAN_COVERAGE,COVER_1,False,00-0033057;00-0028087;00-0032464;00-0031442;00-0032778;00-0029413;00-0035649;00-0033858;00-0029701;00-0027648;00-0033871,Jack Conklin;Dion Lewis;Kalif Raymond;Taylor Lewan;Tajae Sharpe;Ben Jones;Nate Davis;Jonnu Smith;Ryan Tannehill;Rodger Saffold;Corey Davis,00-0030312;00-0034163;00-0032758;00-0033882;00-0033547;00-0031553;00-0035279;00-0034361;00-0028924;00-0031372;00-0029643,Jahleel Addae;Jacob Martin;Vernon Hargreaves III;Gareon Conley;Zach Cunningham;Benardrick McKinney;Charles Omenihu;Justin Reid;Tashaun Gipson;Bradley Roby;Whitney Mercilus
2019_15_HOU_TEN,1827,pass,0.0,37.0,37.0,6.0,1:14,1:08,,0.0,14.0,4.0,10.0,"5 DL, 2 LB, 3 DB, 1 WR",;;;;;;;;;;,11,,0,,,False,00-0025825;00-0035292;00-0035632;00-0032386;00-0034389;00-0034662;00-0033132;00-0035099;00-0025828;00-0029134;00-0031585,Brett Kern;David Long Jr.;Amani Hooker;Kamalei Correa;Dane Cruikshank;Joshua Kalu;Kevin Byard;Khari Blasingame;Wesley Woodyard;Beau Brinkley;MyCole Pruitt,00-0034435;00-0034594;00-0033547;00-0030558;00-0035244;00-0033563;00-0035279;00-0031763;00-0032107;00-0031127;00-0032424,Keion Crossen;A.J. Moore;Zach Cunningham;Barkevious Mingo;Lonnie Johnson;Carlos Watkins;Charles Omenihu;DeAndre Carter;Angelo Blackson;Brandon Dunn;DJ Reader
2019_15_HOU_TEN,1862,pass,7.0,63.0,56.0,23.0,1:08,0:45,,0.0,14.0,1.0,10.0,"1 DL, 4 LB, 6 DB",;;;;;;;;;;,11,7,4,MAN_COVERAGE,COVER_1,False,00-0035245;00-0030564;00-0033569;00-0032380;00-0033537;00-0032257;00-0030085;00-0034364;00-0030997;00-0032969;00-0033127,Max Scharping;DeAndre Hopkins;Roderick Johnson;Laremy Tunsil;Deshaun Watson;Duke Johnson;Kenny Stills;Jordan Akins;Zach Fulton;Nick Martin;Will Fuller,00-0030411;00-0027375;00-0032386;00-0035632;00-0033132;00-0033954;00-0028015;00-0034828;00-0032783;00-0032633;00-0030060,Logan Ryan;Tramaine Brock;Kamalei Correa;Amani Hooker;Kevin Byard;Jayon Brown;Jurrell Casey;Harold Landry III;LeShaun Sims;Reggie Gilbert;Kenny Vaccaro
2019_15_HOU_TEN,1886,run,7.0,56.0,49.0,9.0,0:45,0:36,,0.0,14.0,2.0,3.0,"1 DL, 4 LB, 6 DB",;;;;;;;;;;,11,6,3,,,,00-0035245;00-0030564;00-0033569;00-0032380;00-0033537;00-0032257;00-0030085;00-0034364;00-0030997;00-0032969;00-0033127,Max Scharping;DeAndre Hopkins;Roderick Johnson;Laremy Tunsil;Deshaun Watson;Duke Johnson;Kenny Stills;Jordan Akins;Zach Fulton;Nick Martin;Will Fuller,00-0030411;00-0027375;00-0035632;00-0032386;00-0033132;00-0033954;00-0028015;00-0034828;00-0032783;00-0030060;00-0032633,Logan Ryan;Tramaine Brock;Amani Hooker;Kamalei Correa;Kevin Byard;Jayon Brown;Jurrell Casey;Harold Landry III;LeShaun Sims;Kenny Vaccaro;Reggie Gilbert
2019_15_HOU_TEN,1907,timeout,0.0,,,0.0,0:36,0:36,HOU,0.0,14.0,,0.0,,,0,,,,,,,,,
2019_15_HOU_TEN,1924,pass,0.0,49.0,49.0,8.0,0:36,0:28,,0.0,14.0,1.0,10.0,"1 DL, 4 LB, 6 DB",;;;;;;;;;;,11,6,4,MAN_COVERAGE,COVER_1,False,00-0035245;00-0030564;00-0033569;00-0032380;00-0033537;00-0032257;00-0030085;00-0034364;00-0030997;00-0032969;00-0033127,Max Scharping;DeAndre Hopkins;Roderick Johnson;Laremy Tunsil;Deshaun Watson;Duke Johnson;Kenny Stills;Jordan Akins;Zach Fulton;Nick Martin;Will Fuller,00-0030411;00-0027375;00-0032386;00-0035632;00-0033132;00-0033954;00-0028015;00-0034828;00-0032783;00-0032633;00-0030060,Logan Ryan;Tramaine Brock;Kamalei Correa;Amani Hooker;Kevin Byard;Jayon Brown;Jurrell Casey;Harold Landry III;LeShaun Sims;Reggie Gilbert;Kenny Vaccaro
2019_15_HOU_TEN,1946,run,1.0,49.0,48.0,7.0,0:28,0:21,,0.0,14.0,2.0,10.0,"1 DL, 4 LB, 6 DB",;;;;;;;;;;,11,6,3,,,,00-0035245;00-0030564;00-0033569;00-0032380;00-0033537;00-0032257;00-0030085;00-0034364;00-0030997;00-0032969;00-0033127,Max Scharping;DeAndre Hopkins;Roderick Johnson;Laremy Tunsil;Deshaun Watson;Duke Johnson;Kenny Stills;Jordan Akins;Zach Fulton;Nick Martin;Will Fuller,00-0030411;00-0027375;00-0035632;00-0032386;00-0033132;00-0033954;00-0028015;00-0034828;00-0032783;00-0030060;00-0032633,Logan Ryan;Tramaine Brock;Amani Hooker;Kamalei Correa;Kevin Byard;Jayon Brown;Jurrell Casey;Harold Landry III;LeShaun Sims;Kenny Vaccaro;Reggie Gilbert
2019_15_HOU_TEN,1972,pass,0.0,48.0,48.0,8.0,0:21,0:13,,0.0,14.0,3.0,9.0,"1 DL, 4 LB, 6 DB",;;;;;;;;;;,11,5,4,MAN_COVERAGE,COVER_1,False,00-0035245;00-0030564;00-0033569;00-0032380;00-0033537;00-0032257;00-0030085;00-0034364;00-0030997;00-0032969;00-0033127,Max Scharping;DeAndre Hopkins;Roderick Johnson;Laremy Tunsil;Deshaun Watson;Duke Johnson;Kenny Stills;Jordan Akins;Zach Fulton;Nick Martin;Will Fuller,00-0030411;00-0027375;00-0035632;00-0032386;00-0033132;00-0033954;00-0028015;00-0034828;00-0032783;00-0030060;00-0032633,Logan Ryan;Tramaine Brock;Amani Hooker;Kamalei Correa;Kevin Byard;Jayon Brown;Jurrell Casey;Harold Landry III;LeShaun Sims;Kenny Vaccaro;Reggie Gilbert
2019_15_HOU_TEN,2005,punt,0.0,48.0,48.0,12.0,0:13,0:01,,0.0,14.0,4.0,9.0,,;;;;;;;;;;,11,,,,,,00-0034421;00-0034435;00-0034594;00-0032734;00-0034449;00-0033547;00-0030558;00-0029692;00-0027224;00-0034361;00-0035304,Peter Kalambayi;Keion Crossen;A.J. Moore;Brennan Scarlett;Buddy Howell;Zach Cunningham;Barkevious Mingo;Bryan Anger;Jon Weeks;Justin Reid;Cullen Gillaspia,00-0031597;00-0033590;00-0035643;00-0035632;00-0034389;00-0032464;00-0025828;00-0031054;00-0034828;00-0032763;00-0032783,Tye Smith;Joey Ivie;Jeffery Simmons;Amani Hooker;Dane Cruikshank;Kalif Raymond;Wesley Woodyard;DaQuan Jones;Harold Landry III;Austin Johnson;LeShaun Sims
2019_15_HOU_TEN,2042,qb_kneel,-1.0,90.0,91.0,1.0,0:01,0:00,,0.0,14.0,1.0,10.0,"3 DL, 4 LB, 4 DB",;;;;;;;;;;,11,6,,,,,00-0033057;00-0035099;00-0031442;00-0029413;00-0035649;00-0031585;00-0033858;00-0035676;00-0033455;00-0029701;00-0027648,Jack Conklin;Khari Blasingame;Taylor Lewan;Ben Jones;Nate Davis;MyCole Pruitt;Jonnu Smith;A.J. Brown;Anthony Firkser;Ryan Tannehill;Rodger Saffold,00-0032734;00-0033547;00-0033882;00-0031553;00-0034361;00-0028924;00-0031372;00-0032107;00-0031127;00-0032424;00-0029643,Brennan Scarlett;Zach Cunningham;Gareon Conley;Benardrick McKinney;Justin Reid;Tashaun Gipson;Bradley Roby;Angelo Blackson;Brandon Dunn;DJ Reader;Whitney Mercilus
2019_15_HOU_TEN,2063,start_quarter_3,,,,0.0,0:00,0:00,,0.0,14.0,,0.0,,,0,,,,,,,,,
2019_15_HOU_TEN,2080,kickoff,0.0,35.0,35.0,7.0,15:00,14:53,,0.0,14.0,,0.0,,;;;;;;;;;;,11,,,,,,00-0030312;00-0034421;00-0034435;00-0034163;00-0034594;00-0034449;00-0030558;00-0032094;00-0032726;00-0035244;00-0035304,Jahleel Addae;Peter Kalambayi;Keion Crossen;Jacob Martin;A.J. Moore;Buddy Howell;Barkevious Mingo;Tyrell Adams;Ka'imi Fairbairn;Lonnie Johnson;Cullen Gillaspia,00-0035292;00-0033386;00-0035632;00-0034389;00-0034662;00-0032464;00-0035099;00-0025828;00-0031585;00-0033858;00-0033455,David Long Jr.;Cody Hollister;Amani Hooker;Dane Cruikshank;Joshua Kalu;Kalif Raymond;Khari Blasingame;Wesley Woodyard;MyCole Pruitt;Jonnu Smith;Anthony Firkser
2019_15_HOU_TEN,2104,pass,0.0,76.0,76.0,8.0,14:53,14:45,,0.0,14.0,1.0,10.0,"3 DL, 4 LB, 4 DB",;;;;;;;;;;,11,8,5,MAN_COVERAGE,COVER_1,False,00-0033057;00-0032764;00-0031442;00-0035099;00-0029413;00-0035649;00-0031585;00-0033858;00-0035676;00-0029701;00-0027648,Jack Conklin;Derrick Henry;Taylor Lewan;Khari Blasingame;Ben Jones;Nate Davis;MyCole Pruitt;Jonnu Smith;A.J. Brown;Ryan Tannehill;Rodger Saffold,00-0024239;00-0032734;00-0033547;00-0031553;00-0034361;00-0028924;00-0031372;00-0032107;00-0031127;00-0032424;00-0029643,Johnathan Joseph;Brennan Scarlett;Zach Cunningham;Benardrick McKinney;Justin Reid;Tashaun Gipson;Bradley Roby;Angelo Blackson;Brandon Dunn;DJ Reader;Whitney Mercilus
2019_15_HOU_TEN,2126,run,5.0,76.0,71.0,44.0,14:45,14:01,,0.0,14.0,2.0,10.0,"2 DL, 4 LB, 5 DB",;;;;;;;;;;,11,5,,,,,00-0033057;00-0032764;00-0031442;00-0032778;00-0029413;00-0035649;00-0031585;00-0035676;00-0029701;00-0027648;00-0033871,Jack Conklin;Derrick Henry;Taylor Lewan;Tajae Sharpe;Ben Jones;Nate Davis;MyCole Pruitt;A.J. Brown;Ryan Tannehill;Rodger Saffold;Corey Davis,00-0032758;00-0032734;00-0024239;00-0033547;00-0031553;00-0034361;00-0028924;00-0031372;00-0032107;00-0032424;00-0029643,Vernon Hargreaves III;Brennan Scarlett;Johnathan Joseph;Zach Cunningham;Benardrick McKinney;Justin Reid;Tashaun Gipson;Bradley Roby;Angelo Blackson;DJ Reader;Whitney Mercilus
2019_15_HOU_TEN,2147,pass,9.0,71.0,62.0,34.0,14:01,13:27,,0.0,14.0,3.0,5.0,"1 DL, 4 LB, 6 DB",;;;;;;;;;;,11,7,5,MAN_COVERAGE,COVER_1,False,00-0033057;00-0028087;00-0031442;00-0032778;00-0029413;00-0035649;00-0035676;00-0033455;00-0029701;00-0027648;00-0033871,Jack Conklin;Dion Lewis;Taylor Lewan;Tajae Sharpe;Ben Jones;Nate Davis;A.J. Brown;Anthony Firkser;Ryan Tannehill;Rodger Saffold;Corey Davis,00-0030312;00-0034163;00-0032758;00-0024239;00-0033547;00-0031553;00-0035279;00-0034361;00-0028924;00-0031372;00-0029643,Jahleel Addae;Jacob Martin;Vernon Hargreaves III;Johnathan Joseph;Zach Cunningham;Benardrick McKinney;Charles Omenihu;Justin Reid;Tashaun Gipson;Bradley Roby;Whitney Mercilus
2019_15_HOU_TEN,2176,run,2.0,62.0,60.0,40.0,13:27,12:47,,0.0,14.0,1.0,10.0,"3 DL, 4 LB, 4 DB",;;;;;;;;;;,11,8,,,,,00-0033057;00-0032764;00-0031442;00-0032778;00-0029413;00-0035649;00-0031585;00-0033858;00-0029701;00-0027648;00-0033871,Jack Conklin;Derrick Henry;Taylor Lewan;Tajae Sharpe;Ben Jones;Nate Davis;MyCole Pruitt;Jonnu Smith;Ryan Tannehill;Rodger Saffold;Corey Davis,00-0032734;00-0024239;00-0033547;00-0031553;00-0033563;00-0034361;00-0028924;00-0031372;00-0031127;00-0032424;00-0029643,Brennan Scarlett;Johnathan Joseph;Zach Cunningham;Benardrick McKinney;Carlos Watkins;Justin Reid;Tashaun Gipson;Bradley Roby;Brandon Dunn;DJ Reader;Whitney Mercilus
2019_15_HOU_TEN,2197,no_play,0.0,60.0,60.0,19.0,12:47,12:28,,0.0,14.0,2.0,8.0,"2 DL, 4 LB, 5 DB",;;;;;;;;;;,11,,,,,,00-0033057;00-0032764;00-0031442;00-0032778;00-0029413;00-0035649;00-0033858;00-0035676;00-0029701;00-0033871;00-0027648,Jack Conklin;Derrick Henry;Taylor Lewan;Tajae Sharpe;Ben Jones;Nate Davis;Jonnu Smith;A.J. Brown;Ryan Tannehill;Corey Davis;Rodger Saffold,00-0032758;00-0024239;00-0032734;00-0033547;00-0031553;00-0034361;00-0028924;00-0031372;00-0031127;00-0032424;00-0029643,Vernon Hargreaves III;Johnathan Joseph;Brennan Scarlett;Zach Cunningham;Benardrick McKinney;Justin Reid;Tashaun Gipson;Bradley Roby;Brandon Dunn;DJ Reader;Whitney Mercilus
2019_15_HOU_TEN,2220,pass,10.0,65.0,55.0,42.0,12:28,11:46,,0.0,14.0,2.0,13.0,"2 DL, 4 LB, 5 DB",;;;;;;;;;;,11,6,4,ZONE_COVERAGE,COVER_2,True,00-0033057;00-0032764;00-0032464;00-0031442;00-0029413;00-0035649;00-0031585;00-0033858;00-0035676;00-0029701;00-0027648,Jack Conklin;Derrick Henry;Kalif Raymond;Taylor Lewan;Ben Jones;Nate Davis;MyCole Pruitt;Jonnu Smith;A.J. Brown;Ryan Tannehill;Rodger Saffold,00-0032758;00-0024239;00-0032734;00-0033547;00-0031553;00-0034361;00-0028924;00-0031372;00-0031127;00-0032424;00-0029643,Vernon Hargreaves III;Johnathan Joseph;Brennan Scarlett;Zach Cunningham;Benardrick McKinney;Justin Reid;Tashaun Gipson;Bradley Roby;Brandon Dunn;DJ Reader;Whitney Mercilus
2019_15_HOU_TEN,2244,pass,11.0,55.0,44.0,43.0,11:46,11:03,,0.0,14.0,3.0,3.0,"1 DL, 4 LB, 6 DB",;;;;;;;;;;,11,6,3,ZONE_COVERAGE,COVER_2,False,00-0033057;00-0028087;00-0031442;00-0032778;00-0029413;00-0035649;00-0035676;00-0033455;00-0029701;00-0027648;00-0033871,Jack Conklin;Dion Lewis;Taylor Lewan;Tajae Sharpe;Ben Jones;Nate Davis;A.J. Brown;Anthony Firkser;Ryan Tannehill;Rodger Saffold;Corey Davis,00-0030312;00-0034163;00-0032758;00-0024239;00-0033547;00-0031553;00-0035279;00-0034361;00-0028924;00-0031372;00-0029643,Jahleel Addae;Jacob Martin;Vernon Hargreaves III;Johnathan Joseph;Zach Cunningham;Benardrick McKinney;Charles Omenihu;Justin Reid;Tashaun Gipson;Bradley Roby;Whitney Mercilus
2019_15_HOU_TEN,2268,run,2.0,44.0,42.0,44.0,11:03,10:19,,0.0,14.0,1.0,10.0,"3 DL, 4 LB, 4 DB",;;;;;;;;;;,11,8,,,,,00-0033057;00-0032764;00-0031442;00-0029413;00-0035649;00-0031585;00-0033858;00-0035676;00-0029701;00-0027648;00-0033871,Jack Conklin;Derrick Henry;Taylor Lewan;Ben Jones;Nate Davis;MyCole Pruitt;Jonnu Smith;A.J. Brown;Ryan Tannehill;Rodger Saffold;Corey Davis,00-0032734;00-0024239;00-0033547;00-0031553;00-0033563;00-0034361;00-0028924;00-0031372;00-0032107;00-0031127;00-0029643,Brennan Scarlett;Johnathan Joseph;Zach Cunningham;Benardrick McKinney;Carlos Watkins;Justin Reid;Tashaun Gipson;Bradley Roby;Angelo Blackson;Brandon Dunn;Whitney Mercilus
2019_15_HOU_TEN,2289,run,10.0,42.0,32.0,42.0,10:19,9:37,,0.0,14.0,2.0,8.0,"3 DL, 4 LB, 4 DB",;;;;;;;;;;,11,6,4,,,,00-0033057;00-0032764;00-0032464;00-0031442;00-0035099;00-0029413;00-0035649;00-0033858;00-0035676;00-0029701;00-0027648,Jack Conklin;Derrick Henry;Kalif Raymond;Taylor Lewan;Khari Blasingame;Ben Jones;Nate Davis;Jonnu Smith;A.J. Brown;Ryan Tannehill;Rodger Saffold,00-0024239;00-0032734;00-0033547;00-0031553;00-0033563;00-0034361;00-0028924;00-0031372;00-0032107;00-0031127;00-0029643,Johnathan Joseph;Brennan Scarlett;Zach Cunningham;Benardrick McKinney;Carlos Watkins;Justin Reid;Tashaun Gipson;Bradley Roby;Angelo Blackson;Brandon Dunn;Whitney Mercilus
2019_15_HOU_TEN,2310,run,3.0,32.0,29.0,34.0,9:37,9:03,,0.0,14.0,1.0,10.0,"2 DL, 4 LB, 5 DB",;;;;;;;;;;,11,6,,,,,00-0033057;00-0032764;00-0032464;00-0031442;00-0032778;00-0029413;00-0035649;00-0033858;00-0029701;00-0027648;00-0033871,Jack Conklin;Derrick Henry;Kalif Raymond;Taylor Lewan;Tajae Sharpe;Ben Jones;Nate Davis;Jonnu Smith;Ryan Tannehill;Rodger Saffold;Corey Davis,00-0032758;00-0024239;00-0032734;00-0033547;00-0031553;00-0033563;00-0034361;00-0028924;00-0031372;00-0032424;00-0029643,Vernon Hargreaves III;Johnathan Joseph;Brennan Scarlett;Zach Cunningham;Benardrick McKinney;Carlos Watkins;Justin Reid;Tashaun Gipson;Bradley Roby;DJ Reader;Whitney Mercilus
2019_15_HOU_TEN,2331,pass,16.0,29.0,13.0,41.0,9:03,8:22,,0.0,14.0,2.0,7.0,"3 DL, 4 LB, 4 DB",;;;;;;;;;;,11,8,5,MAN_COVERAGE,COVER_1,False,00-0033057;00-0032764;00-0031442;00-0035099;00-0029413;00-0035649;00-0033858;00-0035676;00-0029701;00-0027648;00-0033871,Jack Conklin;Derrick Henry;Taylor Lewan;Khari Blasingame;Ben Jones;Nate Davis;Jonnu Smith;A.J. Brown;Ryan Tannehill;Rodger Saffold;Corey Davis,00-0024239;00-0032734;00-0033547;00-0031553;00-0033563;00-0035279;00-0034361;00-0028924;00-0031372;00-0032424;00-0029643,Johnathan Joseph;Brennan Scarlett;Zach Cunningham;Benardrick McKinney;Carlos Watkins;Charles Omenihu;Justin Reid;Tashaun Gipson;Bradley Roby;DJ Reader;Whitney Mercilus
2019_15_HOU_TEN,2360,run,11.0,13.0,2.0,37.0,8:22,7:45,,0.0,14.0,1.0,10.0,"3 DL, 4 LB, 4 DB",;;;;;;;;;;,11,8,,,,,00-0033057;00-0032764;00-0031442;00-0029413;00-0035649;00-0031585;00-0033858;00-0035676;00-0029701;00-0027648;00-0033871,Jack Conklin;Derrick Henry;Taylor Lewan;Ben Jones;Nate Davis;MyCole Pruitt;Jonnu Smith;A.J. Brown;Ryan Tannehill;Rodger Saffold;Corey Davis,00-0024239;00-0032734;00-0033547;00-0031553;00-0033563;00-0035279;00-0034361;00-0028924;00-0031372;00-0032424;00-0029643,Johnathan Joseph;Brennan Scarlett;Zach Cunningham;Benardrick McKinney;Carlos Watkins;Charles Omenihu;Justin Reid;Tashaun Gipson;Bradley Roby;DJ Reader;Whitney Mercilus
2019_15_HOU_TEN,2381,run,1.0,2.0,1.0,40.0,7:45,7:05,,0.0,14.0,1.0,2.0,"3 DL, 4 LB, 4 DB",;;;;;;;;;;,11,9,,,,,00-0033057;00-0032764;00-0031442;00-0029413;00-0035649;00-0031585;00-0033858;00-0035676;00-0029701;00-0027648;00-0033871,Jack Conklin;Derrick Henry;Taylor Lewan;Ben Jones;Nate Davis;MyCole Pruitt;Jonnu Smith;A.J. Brown;Ryan Tannehill;Rodger Saffold;Corey Davis,00-0024239;00-0032734;00-0033547;00-0031553;00-0034361;00-0028924;00-0031372;00-0032107;00-0031127;00-0032424;00-0029643,Johnathan Joseph;Brennan Scarlett;Zach Cunningham;Benardrick McKinney;Justin Reid;Tashaun Gipson;Bradley Roby;Angelo Blackson;Brandon Dunn;DJ Reader;Whitney Mercilus
2019_15_HOU_TEN,2406,pass,0.0,1.0,1.0,37.0,7:05,6:28,,0.0,14.0,2.0,1.0,"5 DL, 4 LB, 2 DB",;;;;;;;;;;,11,9,7,MAN_COVERAGE,COVER_0,True,00-0033057;00-0032764;00-0035099;00-0031442;00-0029413;00-0035649;00-0031585;00-0033858;00-0029701;00-0029419;00-0027648,Jack Conklin;Derrick Henry;Khari Blasingame;Taylor Lewan;Ben Jones;Nate Davis;MyCole Pruitt;Jonnu Smith;Ryan Tannehill;Dennis Kelly;Rodger Saffold,00-0030312;00-0032734;00-0033547;00-0031553;00-0033563;00-0035279;00-0031372;00-0032107;00-0031127;00-0032424;00-0029643,Jahleel Addae;Brennan Scarlett;Zach Cunningham;Benardrick McKinney;Carlos Watkins;Charles Omenihu;Bradley Roby;Angelo Blackson;Brandon Dunn;DJ Reader;Whitney Mercilus
2019_15_HOU_TEN,2430,run,0.0,1.0,1.0,48.0,6:28,5:40,,0.0,14.0,3.0,1.0,"5 DL, 4 LB, 2 DB",;;;;;;;;;;,11,10,,,,,00-0033057;00-0032764;00-0035099;00-0031442;00-0029413;00-0035649;00-0031585;00-0033858;00-0029701;00-0029419;00-0027648,Jack Conklin;Derrick Henry;Khari Blasingame;Taylor Lewan;Ben Jones;Nate Davis;MyCole Pruitt;Jonnu Smith;Ryan Tannehill;Dennis Kelly;Rodger Saffold,00-0030312;00-0032734;00-0033547;00-0031553;00-0033563;00-0035279;00-0031372;00-0032107;00-0031127;00-0032424;00-0029643,Jahleel Addae;Brennan Scarlett;Zach Cunningham;Benardrick McKinney;Carlos Watkins;Charles Omenihu;Bradley Roby;Angelo Blackson;Brandon Dunn;DJ Reader;Whitney Mercilus
2019_15_HOU_TEN,2451,run,1.0,1.0,0.0,6.0,5:40,5:34,,6.0,14.0,4.0,1.0,"5 DL, 4 LB, 2 DB",;;;;;;;;;;,11,9,8,,,,00-0033057;00-0032764;00-0035099;00-0031442;00-0029413;00-0035649;00-0031585;00-0033858;00-0029701;00-0029419;00-0027648,Jack Conklin;Derrick Henry;Khari Blasingame;Taylor Lewan;Ben Jones;Nate Davis;MyCole Pruitt;Jonnu Smith;Ryan Tannehill;Dennis Kelly;Rodger Saffold,00-0030312;00-0032734;00-0033547;00-0031553;00-0033563;00-0035279;00-0031372;00-0032107;00-0031127;00-0032424;00-0029643,Jahleel Addae;Brennan Scarlett;Zach Cunningham;Benardrick McKinney;Carlos Watkins;Charles Omenihu;Bradley Roby;Angelo Blackson;Brandon Dunn;DJ Reader;Whitney Mercilus
2019_15_HOU_TEN,2473,extra_point,0.0,15.0,15.0,0.0,5:34,5:34,,7.0,14.0,,0.0,,;;;;;;;;;;,11,,,,,,00-0025825;00-0033057;00-0026968;00-0031442;00-0029134;00-0031575;00-0035649;00-0031585;00-0032763;00-0029419;00-0027648,Brett Kern;Jack Conklin;Ryan Succop;Taylor Lewan;Beau Brinkley;Jamil Douglas;Nate Davis;MyCole Pruitt;Austin Johnson;Dennis Kelly;Rodger Saffold,00-0034435;00-0034594;00-0032734;00-0033547;00-0030558;00-0035244;00-0033563;00-0035279;00-0032107;00-0031127;00-0032424,Keion Crossen;A.J. Moore;Brennan Scarlett;Zach Cunningham;Barkevious Mingo;Lonnie Johnson;Carlos Watkins;Charles Omenihu;Angelo Blackson;Brandon Dunn;DJ Reader
2019_15_HOU_TEN,2489,kickoff,0.0,35.0,35.0,7.0,5:34,5:27,,7.0,14.0,,0.0,,;;;;;;;;;;,11,,,,,,00-0035292;00-0033386;00-0035632;00-0034389;00-0034662;00-0035521;00-0034648;00-0032464;00-0035099;00-0032783;00-0032633,David Long Jr.;Cody Hollister;Amani Hooker;Dane Cruikshank;Joshua Kalu;Derick Roberson;Ryan Santoso;Kalif Raymond;Khari Blasingame;LeShaun Sims;Reggie Gilbert,00-0030312;00-0034421;00-0034163;00-0034594;00-0032734;00-0034449;00-0030558;00-0032094;00-0034364;00-0031763;00-0035304,Jahleel Addae;Peter Kalambayi;Jacob Martin;A.J. Moore;Brennan Scarlett;Buddy Howell;Barkevious Mingo;Tyrell Adams;Jordan Akins;DeAndre Carter;Cullen Gillaspia
2019_15_HOU_TEN,2513,run,0.0,64.0,64.0,46.0,5:27,4:41,,7.0,14.0,1.0,10.0,"2 DL, 4 LB, 5 DB",;;;;;;;;;;,11,6,,,,,00-0035245;00-0030564;00-0029738;00-0032380;00-0033537;00-0030085;00-0030997;00-0032969;00-0033127;00-0025900;00-0031045,Max Scharping;DeAndre Hopkins;Darren Fells;Laremy Tunsil;Deshaun Watson;Kenny Stills;Zach Fulton;Nick Martin;Will Fuller;Chris Clark;Carlos Hyde,00-0030411;00-0034743;00-0027375;00-0032386;00-0033132;00-0033954;00-0028015;00-0031054;00-0034828;00-0032783;00-0030060,Logan Ryan;Rashaan Evans;Tramaine Brock;Kamalei Correa;Kevin Byard;Jayon Brown;Jurrell Casey;DaQuan Jones;Harold Landry III;LeShaun Sims;Kenny Vaccaro
2019_15_HOU_TEN,2534,pass,11.0,64.0,53.0,36.0,4:41,4:05,,7.0,14.0,2.0,10.0,"2 DL, 4 LB, 5 DB",;;;;;;;;;;,11,7,4,MAN_COVERAGE,COVER_1,False,00-0035245;00-0030564;00-0029738;00-0032380;00-0033537;00-0032257;00-0030997;00-0034364;00-0032969;00-0033127;00-0025900,Max Scharping;DeAndre Hopkins;Darren Fells;Laremy Tunsil;Deshaun Watson;Duke Johnson;Zach Fulton;Jordan Akins;Nick Martin;Will Fuller;Chris Clark,00-0030411;00-0034743;00-0027375;00-0032386;00-0033132;00-0033954;00-0028015;00-0031054;00-0034828;00-0032783;00-0030060,Logan Ryan;Rashaan Evans;Tramaine Brock;Kamalei Correa;Kevin Byard;Jayon Brown;Jurrell Casey;DaQuan Jones;Harold Landry III;LeShaun Sims;Kenny Vaccaro
2019_15_HOU_TEN,2558,run,3.0,53.0,50.0,39.0,4:05,3:26,,7.0,14.0,1.0,10.0,"2 DL, 4 LB, 5 DB",;;;;;;;;;;,11,6,,,,,00-0035245;00-0030564;00-0029738;00-0032380;00-0033537;00-0030085;00-0030997;00-0032969;00-0033127;00-0025900;00-0031045,Max Scharping;DeAndre Hopkins;Darren Fells;Laremy Tunsil;Deshaun Watson;Kenny Stills;Zach Fulton;Nick Martin;Will Fuller;Chris Clark;Carlos Hyde,00-0030411;00-0034743;00-0027375;00-0032386;00-0033132;00-0033954;00-0028015;00-0031054;00-0034828;00-0032783;00-0030060,Logan Ryan;Rashaan Evans;Tramaine Brock;Kamalei Correa;Kevin Byard;Jayon Brown;Jurrell Casey;DaQuan Jones;Harold Landry III;LeShaun Sims;Kenny Vaccaro
2019_15_HOU_TEN,2579,run,3.0,50.0,47.0,43.0,3:26,2:43,,7.0,14.0,2.0,7.0,"2 DL, 4 LB, 5 DB",;;;;;;;;;;,11,6,5,,,,00-0035245;00-0030564;00-0029738;00-0032380;00-0033537;00-0030085;00-0030997;00-0032969;00-0033127;00-0025900;00-0031045,Max Scharping;DeAndre Hopkins;Darren Fells;Laremy Tunsil;Deshaun Watson;Kenny Stills;Zach Fulton;Nick Martin;Will Fuller;Chris Clark;Carlos Hyde,00-0030411;00-0034743;00-0027375;00-0032386;00-0033132;00-0033954;00-0028015;00-0031054;00-0034828;00-0032783;00-0030060,Logan Ryan;Rashaan Evans;Tramaine Brock;Kamalei Correa;Kevin Byard;Jayon Brown;Jurrell Casey;DaQuan Jones;Harold Landry III;LeShaun Sims;Kenny Vaccaro
2019_15_HOU_TEN,2605,pass,31.0,47.0,16.0,40.0,2:43,2:03,,7.0,14.0,3.0,4.0,"1 DL, 4 LB, 6 DB",;;;;;;;;;;,11,6,3,MAN_COVERAGE,COVER_1,False,00-0035245;00-0030564;00-0032380;00-0033537;00-0032257;00-0030085;00-0030997;00-0034364;00-0032969;00-0033127;00-0025900,Max Scharping;DeAndre Hopkins;Laremy Tunsil;Deshaun Watson;Duke Johnson;Kenny Stills;Zach Fulton;Jordan Akins;Nick Martin;Will Fuller;Chris Clark,00-0030411;00-0034743;00-0027375;00-0035632;00-0033132;00-0033954;00-0028015;00-0034828;00-0032783;00-0030060;00-0032633,Logan Ryan;Rashaan Evans;Tramaine Brock;Amani Hooker;Kevin Byard;Jayon Brown;Jurrell Casey;Harold Landry III;LeShaun Sims;Kenny Vaccaro;Reggie Gilbert
2019_15_HOU_TEN,2638,run,11.0,16.0,5.0,37.0,2:03,1:26,,7.0,14.0,1.0,10.0,"2 DL, 4 LB, 5 DB",;;;;;;;;;;,11,6,,,,,00-0035245;00-0030564;00-0029738;00-0032380;00-0033537;00-0030997;00-0034364;00-0032969;00-0033127;00-0025900;00-0031045,Max Scharping;DeAndre Hopkins;Darren Fells;Laremy Tunsil;Deshaun Watson;Zach Fulton;Jordan Akins;Nick Martin;Will Fuller;Chris Clark;Carlos Hyde,00-0030411;00-0033590;00-0034743;00-0035643;00-0027375;00-0033132;00-0033954;00-0034828;00-0032783;00-0030060;00-0032633,Logan Ryan;Joey Ivie;Rashaan Evans;Jeffery Simmons;Tramaine Brock;Kevin Byard;Jayon Brown;Harold Landry III;LeShaun Sims;Kenny Vaccaro;Reggie Gilbert
2019_15_HOU_TEN,2670,run,1.0,5.0,4.0,40.0,1:26,0:46,,7.0,14.0,1.0,5.0,"2 DL, 4 LB, 5 DB",;;;;;;;;;;,11,7,,,,,00-0035245;00-0030564;00-0029738;00-0032380;00-0033537;00-0030085;00-0030997;00-0032969;00-0033127;00-0025900;00-0031045,Max Scharping;DeAndre Hopkins;Darren Fells;Laremy Tunsil;Deshaun Watson;Kenny Stills;Zach Fulton;Nick Martin;Will Fuller;Chris Clark;Carlos Hyde,00-0030411;00-0033590;00-0034743;00-0035643;00-0027375;00-0033132;00-0033954;00-0034828;00-0032783;00-0030060;00-0032633,Logan Ryan;Joey Ivie;Rashaan Evans;Jeffery Simmons;Tramaine Brock;Kevin Byard;Jayon Brown;Harold Landry III;LeShaun Sims;Kenny Vaccaro;Reggie Gilbert
2019_15_HOU_TEN,2691,turnover,0.0,4.0,4.0,7.0,0:46,0:39,,7.0,14.0,2.0,4.0,"4 DL, 2 LB, 5 DB",;;;;;;;;;;,11,7,3,MAN_COVERAGE,COVER_0,False,00-0035245;00-0030564;00-0034420;00-0032380;00-0033537;00-0030085;00-0030997;00-0032969;00-0033127;00-0025900;00-0031045,Max Scharping;DeAndre Hopkins;Jordan Thomas;Laremy Tunsil;Deshaun Watson;Kenny Stills;Zach Fulton;Nick Martin;Will Fuller;Chris Clark;Carlos Hyde,00-0030411;00-0034743;00-0035643;00-0027375;00-0033132;00-0033954;00-0028015;00-0031054;00-0032763;00-0032783;00-0030060,Logan Ryan;Rashaan Evans;Jeffery Simmons;Tramaine Brock;Kevin Byard;Jayon Brown;Jurrell Casey;DaQuan Jones;Austin Johnson;LeShaun Sims;Kenny Vaccaro
2019_15_HOU_TEN,2718,pass,7.0,80.0,73.0,39.0,0:39,0:00,,7.0,14.0,1.0,10.0,"3 DL, 4 LB, 4 DB",;;;;;;;;;;,11,8,5,MAN_COVERAGE,COVER_1,False,00-0033057;00-0032764;00-0031442;00-0029413;00-0035649;00-0031585;00-0033858;00-0035676;00-0029701;00-0027648;00-0033871,Jack Conklin;Derrick Henry;Taylor Lewan;Ben Jones;Nate Davis;MyCole Pruitt;Jonnu Smith;A.J. Brown;Ryan Tannehill;Rodger Saffold;Corey Davis,00-0034163;00-0032734;00-0033547;00-0033882;00-0031553;00-0033563;00-0034361;00-0028924;00-0031372;00-0032107;00-0032424,Jacob Martin;Brennan Scarlett;Zach Cunningham;Gareon Conley;Benardrick McKinney;Carlos Watkins;Justin Reid;Tashaun Gipson;Bradley Roby;Angelo Blackson;DJ Reader
2019_15_HOU_TEN,2742,start_quarter_4,,,,0.0,0:00,0:00,,7.0,14.0,,0.0,,,0,,,,,,,,,
2019_15_HOU_TEN,2759,run,57.0,73.0,16.0,29.0,15:00,14:31,,7.0,14.0,2.0,3.0,"1 DL, 4 LB, 6 DB",;;;;;;;;;;,11,6,,,,,00-0033057;00-0031442;00-0032778;00-0029413;00-0035649;00-0033858;00-0033455;00-0035676;00-0029701;00-0027648;00-0033871,Jack Conklin;Taylor Lewan;Tajae Sharpe;Ben Jones;Nate Davis;Jonnu Smith;Anthony Firkser;A.J. Brown;Ryan Tannehill;Rodger Saffold;Corey Davis,00-0030312;00-0034163;00-0032758;00-0033547;00-0033882;00-0031553;00-0035279;00-0034361;00-0028924;00-0031372;00-0029643,Jahleel Addae;Jacob Martin;Vernon Hargreaves III;Zach Cunningham;Gareon Conley;Benardrick McKinney;Charles Omenihu;Justin Reid;Tashaun Gipson;Bradley Roby;Whitney Mercilus
2019_15_HOU_TEN,2783,pass,0.0,16.0,16.0,4.0,14:31,14:27,,7.0,14.0,1.0,10.0,"3 DL, 4 LB, 4 DB",;;;;;;;;;;,11,8,5,MAN_COVERAGE,COVER_1,False,00-0033057;00-0032764;00-0031442;00-0029413;00-0035649;00-0031585;00-0033858;00-0035676;00-0029701;00-0027648;00-0033871,Jack Conklin;Derrick Henry;Taylor Lewan;Ben Jones;Nate Davis;MyCole Pruitt;Jonnu Smith;A.J. Brown;Ryan Tannehill;Rodger Saffold;Corey Davis,00-0030312;00-0032734;00-0033547;00-0033882;00-0031553;00-0033563;00-0028924;00-0031372;00-0031127;00-0032424;00-0029643,Jahleel Addae;Brennan Scarlett;Zach Cunningham;Gareon Conley;Benardrick McKinney;Carlos Watkins;Tashaun Gipson;Bradley Roby;Brandon Dunn;DJ Reader;Whitney Mercilus
2019_15_HOU_TEN,2805,pass,2.0,16.0,14.0,19.0,14:27,14:08,,7.0,14.0,2.0,10.0,"3 DL, 4 LB, 4 DB",;;;;;;;;;;,11,6,3,ZONE_COVERAGE,COVER_2,False,00-0033057;00-0032464;00-0031442;00-0029413;00-0035649;00-0033858;00-0033455;00-0035676;00-0029701;00-0027648;00-0033871,Jack Conklin;Kalif Raymond;Taylor Lewan;Ben Jones;Nate Davis;Jonnu Smith;Anthony Firkser;A.J. Brown;Ryan Tannehill;Rodger Saffold;Corey Davis,00-0030312;00-0032734;00-0033547;00-0033882;00-0031553;00-0033563;00-0028924;00-0031372;00-0031127;00-0032424;00-0029643,Jahleel Addae;Brennan Scarlett;Zach Cunningham;Gareon Conley;Benardrick McKinney;Carlos Watkins;Tashaun Gipson;Bradley Roby;Brandon Dunn;DJ Reader;Whitney Mercilus
2019_15_HOU_TEN,2840,run,2.0,7.0,5.0,22.0,14:08,13:46,,7.0,14.0,1.0,7.0,"3 DL, 4 LB, 4 DB",;;;;;;;;;;,11,8,,,,,00-0033057;00-0032764;00-0031442;00-0029413;00-0035649;00-0031585;00-0033858;00-0035676;00-0029701;00-0027648;00-0033871,Jack Conklin;Derrick Henry;Taylor Lewan;Ben Jones;Nate Davis;MyCole Pruitt;Jonnu Smith;A.J. Brown;Ryan Tannehill;Rodger Saffold;Corey Davis,00-0032734;00-0033882;00-0033547;00-0031553;00-0033563;00-0034361;00-0028924;00-0031372;00-0031127;00-0032424;00-0029643,Brennan Scarlett;Gareon Conley;Zach Cunningham;Benardrick McKinney;Carlos Watkins;Justin Reid;Tashaun Gipson;Bradley Roby;Brandon Dunn;DJ Reader;Whitney Mercilus
2019_15_HOU_TEN,2861,pass,5.0,5.0,0.0,11.0,13:46,13:35,,13.0,14.0,2.0,5.0,"3 DL, 4 LB, 4 DB",;;;;;;;;;;,11,8,4,MAN_COVERAGE,COVER_1,False,00-0033057;00-0032764;00-0031442;00-0029413;00-0035649;00-0031585;00-0033858;00-0035676;00-0029701;00-0027648;00-0033871,Jack Conklin;Derrick Henry;Taylor Lewan;Ben Jones;Nate Davis;MyCole Pruitt;Jonnu Smith;A.J. Brown;Ryan Tannehill;Rodger Saffold;Corey Davis,00-0032734;00-0033882;00-0033547;00-0031553;00-0033563;00-0034361;00-0028924;00-0031372;00-0031127;00-0032424;00-0029643,Brennan Scarlett;Gareon Conley;Zach Cunningham;Benardrick McKinney;Carlos Watkins;Justin Reid;Tashaun Gipson;Bradley Roby;Brandon Dunn;DJ Reader;Whitney Mercilus
2019_15_HOU_TEN,2886,extra_point,0.0,15.0,15.0,0.0,13:35,13:35,,14.0,14.0,,0.0,,;;;;;;;;;;,11,,,,,,00-0025825;00-0033057;00-0026968;00-0031442;00-0029134;00-0031575;00-0035649;00-0031585;00-0032763;00-0029419;00-0027648,Brett Kern;Jack Conklin;Ryan Succop;Taylor Lewan;Beau Brinkley;Jamil Douglas;Nate Davis;MyCole Pruitt;Austin Johnson;Dennis Kelly;Rodger Saffold,00-0034435;00-0034594;00-0032734;00-0033547;00-0030558;00-0035244;00-0033563;00-0035279;00-0032107;00-0031127;00-0032424,Keion Crossen;A.J. Moore;Brennan Scarlett;Zach Cunningham;Barkevious Mingo;Lonnie Johnson;Carlos Watkins;Charles Omenihu;Angelo Blackson;Brandon Dunn;DJ Reader
2019_15_HOU_TEN,2902,kickoff,0.0,35.0,35.0,0.0,13:35,13:35,,14.0,14.0,,0.0,,;;;;;;;;;;,11,,,,,,00-0035292;00-0033386;00-0035632;00-0034389;00-0034662;00-0035521;00-0035099;00-0034648;00-0032464;00-0032783;00-0032633,David Long Jr.;Cody Hollister;Amani Hooker;Dane Cruikshank;Joshua Kalu;Derick Roberson;Khari Blasingame;Ryan Santoso;Kalif Raymond;LeShaun Sims;Reggie Gilbert,00-0030312;00-0034421;00-0034163;00-0034594;00-0032734;00-0034449;00-0030558;00-0032094;00-0034364;00-0031763;00-0035304,Jahleel Addae;Peter Kalambayi;Jacob Martin;A.J. Moore;Brennan Scarlett;Buddy Howell;Barkevious Mingo;Tyrell Adams;Jordan Akins;DeAndre Carter;Cullen Gillaspia
2019_15_HOU_TEN,2926,pass,2.0,75.0,73.0,35.0,13:35,13:00,,14.0,14.0,1.0,10.0,"2 DL, 4 LB, 5 DB",;;;;;;;;;;,11,6,4,ZONE_COVERAGE,COVER_4,False,00-0035245;00-0030564;00-0029738;00-0032380;00-0033537;00-0030085;00-0030997;00-0032969;00-0033127;00-0025900;00-0031045,Max Scharping;DeAndre Hopkins;Darren Fells;Laremy Tunsil;Deshaun Watson;Kenny Stills;Zach Fulton;Nick Martin;Will Fuller;Chris Clark;Carlos Hyde,00-0030411;00-0034743;00-0035643;00-0027375;00-0032386;00-0033132;00-0033954;00-0031054;00-0034828;00-0032783;00-0030060,Logan Ryan;Rashaan Evans;Jeffery Simmons;Tramaine Brock;Kamalei Correa;Kevin Byard;Jayon Brown;DaQuan Jones;Harold Landry III;LeShaun Sims;Kenny Vaccaro
2019_15_HOU_TEN,2950,run,9.0,73.0,64.0,32.0,13:00,12:28,,14.0,14.0,2.0,8.0,"2 DL, 4 LB, 5 DB",;;;;;;;;;;,11,6,,,,,00-0035245;00-0030564;00-0029738;00-0032380;00-0033537;00-0030085;00-0030997;00-0032969;00-0033127;00-0025900;00-0031045,Max Scharping;DeAndre Hopkins;Darren Fells;Laremy Tunsil;Deshaun Watson;Kenny Stills;Zach Fulton;Nick Martin;Will Fuller;Chris Clark;Carlos Hyde,00-0030411;00-0034743;00-0035643;00-0027375;00-0032386;00-0033132;00-0033954;00-0031054;00-0034828;00-0032783;00-0030060,Logan Ryan;Rashaan Evans;Jeffery Simmons;Tramaine Brock;Kamalei Correa;Kevin Byard;Jayon Brown;DaQuan Jones;Harold Landry III;LeShaun Sims;Kenny Vaccaro
2019_15_HOU_TEN,2971,pass,35.0,64.0,29.0,29.0,12:28,11:59,,14.0,14.0,1.0,10.0,"2 DL, 4 LB, 5 DB",;;;;;;;;;;,11,6,4,ZONE_COVERAGE,COVER_2,False,00-0035245;00-0030564;00-0029738;00-0032380;00-0033537;00-0030085;00-0030997;00-0032969;00-0033127;00-0025900;00-0031045,Max Scharping;DeAndre Hopkins;Darren Fells;Laremy Tunsil;Deshaun Watson;Kenny Stills;Zach Fulton;Nick Martin;Will Fuller;Chris Clark;Carlos Hyde,00-0030411;00-0034743;00-0035643;00-0027375;00-0032386;00-0033132;00-0033954;00-0031054;00-0034828;00-0032783;00-0030060,Logan Ryan;Rashaan Evans;Jeffery Simmons;Tramaine Brock;Kamalei Correa;Kevin Byard;Jayon Brown;DaQuan Jones;Harold Landry III;LeShaun Sims;Kenny Vaccaro
2019_15_HOU_TEN,3000,pass,0.0,29.0,29.0,5.0,11:59,11:54,,14.0,14.0,1.0,10.0,"2 DL, 4 LB, 5 DB",;;;;;;;;;;,11,6,4,ZONE_COVERAGE,COVER_4,True,00-0035245;00-0030564;00-0029738;00-0032380;00-0033537;00-0032257;00-0030085;00-0034364;00-0030997;00-0032969;00-0025900,Max Scharping;DeAndre Hopkins;Darren Fells;Laremy Tunsil;Deshaun Watson;Duke Johnson;Kenny Stills;Jordan Akins;Zach Fulton;Nick Martin;Chris Clark,00-0030411;00-0034743;00-0035643;00-0027375;00-0032386;00-0033132;00-0033954;00-0031054;00-0034828;00-0032783;00-0030060,Logan Ryan;Rashaan Evans;Jeffery Simmons;Tramaine Brock;Kamalei Correa;Kevin Byard;Jayon Brown;DaQuan Jones;Harold Landry III;LeShaun Sims;Kenny Vaccaro
2019_15_HOU_TEN,3022,run,2.0,29.0,27.0,48.0,11:54,11:06,,14.0,14.0,2.0,10.0,"2 DL, 4 LB, 5 DB",;;;;;;;;;;,11,6,,,,,00-0035245;00-0030564;00-0029738;00-0032380;00-0033537;00-0030085;00-0034364;00-0030997;00-0032969;00-0025900;00-0031045,Max Scharping;DeAndre Hopkins;Darren Fells;Laremy Tunsil;Deshaun Watson;Kenny Stills;Jordan Akins;Zach Fulton;Nick Martin;Chris Clark;Carlos Hyde,00-0030411;00-0034743;00-0027375;00-0032386;00-0033132;00-0033954;00-0028015;00-0034828;00-0032763;00-0032783;00-0030060,Logan Ryan;Rashaan Evans;Tramaine Brock;Kamalei Correa;Kevin Byard;Jayon Brown;Jurrell Casey;Harold Landry III;Austin Johnson;LeShaun Sims;Kenny Vaccaro
2019_15_HOU_TEN,3043,run,12.0,27.0,15.0,25.0,11:06,10:41,,14.0,14.0,3.0,8.0,"1 DL, 4 LB, 6 DB",;;;;;;;;;;,11,5,5,,,,00-0035245;00-0030564;00-0029738;00-0032380;00-0033537;00-0032257;00-0034364;00-0030997;00-0032969;00-0033127;00-0025900,Max Scharping;DeAndre Hopkins;Darren Fells;Laremy Tunsil;Deshaun Watson;Duke Johnson;Jordan Akins;Zach Fulton;Nick Martin;Will Fuller;Chris Clark,00-0030411;00-0034743;00-0027375;00-0035632;00-0033132;00-0033954;00-0028015;00-0034828;00-0032783;00-0030060;00-0032633,Logan Ryan;Rashaan Evans;Tramaine Brock;Amani Hooker;Kevin Byard;Jayon Brown;Jurrell Casey;Harold Landry III;LeShaun Sims;Kenny Vaccaro;Reggie Gilbert
2019_15_HOU_TEN,3075,run,10.0,10.0,0.0,7.0,10:41,10:34,,14.0,20.0,1.0,10.0,"2 DL, 4 LB, 5 DB",;;;;;;;;;;,11,6,,,,,00-0035245;00-0030564;00-0029738;00-0032380;00-0033537;00-0030997;00-0034364;00-0032969;00-0033127;00-0025900;00-0031045,Max Scharping;DeAndre Hopkins;Darren Fells;Laremy Tunsil;Deshaun Watson;Zach Fulton;Jordan Akins;Nick Martin;Will Fuller;Chris Clark;Carlos Hyde,00-0030411;00-0034743;00-0027375;00-0032386;00-0033132;00-0028015;00-0033954;00-0031054;00-0034828;00-0032783;00-0030060,Logan Ryan;Rashaan Evans;Tramaine Brock;Kamalei Correa;Kevin Byard;Jurrell Casey;Jayon Brown;DaQuan Jones;Harold Landry III;LeShaun Sims;Kenny Vaccaro
2019_15_HOU_TEN,3097,extra_point,0.0,15.0,15.0,0.0,10:34,10:34,,14.0,21.0,,0.0,,;;;;;;;;;;,11,,,,,,00-0035245;00-0033569;00-0029738;00-0032380;00-0029692;00-0032726;00-0034364;00-0030997;00-0027224;00-0032969;00-0031923,Max Scharping;Roderick Johnson;Darren Fells;Laremy Tunsil;Bryan Anger;Ka'imi Fairbairn;Jordan Akins;Zach Fulton;Jon Weeks;Nick Martin;Greg Mancz,00-0033590;00-0031597;00-0035643;00-0035632;00-0032386;00-0034389;00-0034662;00-0033954;00-0025828;00-0031054;00-0032763,Joey Ivie;Tye Smith;Jeffery Simmons;Amani Hooker;Kamalei Correa;Dane Cruikshank;Joshua Kalu;Jayon Brown;Wesley Woodyard;DaQuan Jones;Austin Johnson
2019_15_HOU_TEN,3113,kickoff,0.0,35.0,35.0,0.0,10:34,10:34,,14.0,21.0,,0.0,,;;;;;;;;;;,11,,,,,,00-0030312;00-0034421;00-0034435;00-0034163;00-0034594;00-0034449;00-0030558;00-0032094;00-0032726;00-0035244;00-0035304,Jahleel Addae;Peter Kalambayi;Keion Crossen;Jacob Martin;A.J. Moore;Buddy Howell;Barkevious Mingo;Tyrell Adams;Ka'imi Fairbairn;Lonnie Johnson;Cullen Gillaspia,00-0035292;00-0033386;00-0035632;00-0034389;00-0034662;00-0035099;00-0032464;00-0025828;00-0031585;00-0033858;00-0033455,David Long Jr.;Cody Hollister;Amani Hooker;Dane Cruikshank;Joshua Kalu;Khari Blasingame;Kalif Raymond;Wesley Woodyard;MyCole Pruitt;Jonnu Smith;Anthony Firkser
2019_15_HOU_TEN,3137,pass,17.0,75.0,58.0,34.0,10:34,10:00,,14.0,21.0,1.0,10.0,"3 DL, 4 LB, 4 DB",;;;;;;;;;;,11,7,5,MAN_COVERAGE,COVER_1,False,00-0033057;00-0032764;00-0031442;00-0029413;00-0035649;00-0031585;00-0033858;00-0035676;00-0029701;00-0027648;00-0033871,Jack Conklin;Derrick Henry;Taylor Lewan;Ben Jones;Nate Davis;MyCole Pruitt;Jonnu Smith;A.J. Brown;Ryan Tannehill;Rodger Saffold;Corey Davis,00-0032734;00-0033882;00-0033547;00-0031553;00-0034361;00-0028924;00-0031372;00-0032107;00-0031127;00-0032424;00-0029643,Brennan Scarlett;Gareon Conley;Zach Cunningham;Benardrick McKinney;Justin Reid;Tashaun Gipson;Bradley Roby;Angelo Blackson;Brandon Dunn;DJ Reader;Whitney Mercilus
2019_15_HOU_TEN,3166,run,1.0,58.0,57.0,40.0,10:00,9:20,,14.0,21.0,1.0,10.0,"3 DL, 4 LB, 4 DB",;;;;;;;;;;,11,6,,,,,00-0033057;00-0032764;00-0035099;00-0031442;00-0029413;00-0035649;00-0031585;00-0035676;00-0029701;00-0027648;00-0033871,Jack Conklin;Derrick Henry;Khari Blasingame;Taylor Lewan;Ben Jones;Nate Davis;MyCole Pruitt;A.J. Brown;Ryan Tannehill;Rodger Saffold;Corey Davis,00-0032734;00-0033547;00-0033882;00-0031553;00-0034361;00-0028924;00-0031372;00-0032107;00-0031127;00-0032424;00-0029643,Brennan Scarlett;Zach Cunningham;Gareon Conley;Benardrick McKinney;Justin Reid;Tashaun Gipson;Bradley Roby;Angelo Blackson;Brandon Dunn;DJ Reader;Whitney Mercilus
2019_15_HOU_TEN,3187,pass,0.0,57.0,57.0,8.0,9:20,9:12,,14.0,21.0,2.0,9.0,"2 DL, 4 LB, 5 DB",;;;;;;;;;;,11,6,4,ZONE_COVERAGE,COVER_4,True,00-0033057;00-0032764;00-0031442;00-0032778;00-0029413;00-0035649;00-0033858;00-0035676;00-0029701;00-0027648;00-0033871,Jack Conklin;Derrick Henry;Taylor Lewan;Tajae Sharpe;Ben Jones;Nate Davis;Jonnu Smith;A.J. Brown;Ryan Tannehill;Rodger Saffold;Corey Davis,00-0032758;00-0032734;00-0033882;00-0033547;00-0031553;00-0034361;00-0028924;00-0031372;00-0031127;00-0032424;00-0029643,Vernon Hargreaves III;Brennan Scarlett;Gareon Conley;Zach Cunningham;Benardrick McKinney;Justin Reid;Tashaun Gipson;Bradley Roby;Brandon Dunn;DJ Reader;Whitney Mercilus
2019_15_HOU_TEN,3209,pass,-2.0,57.0,59.0,13.0,9:12,8:59,,14.0,21.0,3.0,9.0,"0 DL, 4 LB, 7 DB",;;;;;;;;;;,11,5,6,,,,00-0033057;00-0028087;00-0032464;00-0031442;00-0032778;00-0029413;00-0035649;00-0035676;00-0033455;00-0029701;00-0027648,Jack Conklin;Dion Lewis;Kalif Raymond;Taylor Lewan;Tajae Sharpe;Ben Jones;Nate Davis;A.J. Brown;Anthony Firkser;Ryan Tannehill;Rodger Saffold,00-0030312;00-0034163;00-0032758;00-0034594;00-0033547;00-0033882;00-0031553;00-0034361;00-0028924;00-0031372;00-0029643,Jahleel Addae;Jacob Martin;Vernon Hargreaves III;A.J. Moore;Zach Cunningham;Gareon Conley;Benardrick McKinney;Justin Reid;Tashaun Gipson;Bradley Roby;Whitney Mercilus
2019_15_HOU_TEN,3239,punt,0.0,59.0,59.0,13.0,8:59,8:46,,14.0,21.0,4.0,11.0,,;;;;;;;;;;,11,,,,,,00-0025825;00-0035292;00-0035632;00-0032386;00-0034389;00-0034662;00-0033132;00-0035099;00-0025828;00-0029134;00-0031585,Brett Kern;David Long Jr.;Amani Hooker;Kamalei Correa;Dane Cruikshank;Joshua Kalu;Kevin Byard;Khari Blasingame;Wesley Woodyard;Beau Brinkley;MyCole Pruitt,00-0030312;00-0034421;00-0034435;00-0034163;00-0034594;00-0034449;00-0030558;00-0032094;00-0035244;00-0031763;00-0035304,Jahleel Addae;Peter Kalambayi;Keion Crossen;Jacob Martin;A.J. Moore;Buddy Howell;Barkevious Mingo;Tyrell Adams;Lonnie Johnson;DeAndre Carter;Cullen Gillaspia
2019_15_HOU_TEN,3267,pass,3.0,91.0,88.0,38.0,8:46,8:08,,14.0,21.0,1.0,10.0,"2 DL, 4 LB, 5 DB",;;;;;;;;;;,11,6,3,ZONE_COVERAGE,COVER_4,False,00-0035245;00-0030564;00-0033569;00-0029738;00-0032380;00-0033537;00-0034364;00-0030997;00-0032969;00-0033127;00-0031045,Max Scharping;DeAndre Hopkins;Roderick Johnson;Darren Fells;Laremy Tunsil;Deshaun Watson;Jordan Akins;Zach Fulton;Nick Martin;Will Fuller;Carlos Hyde,00-0030411;00-0034743;00-0027375;00-0032386;00-0033132;00-0033954;00-0028015;00-0031054;00-0034828;00-0032783;00-0030060,Logan Ryan;Rashaan Evans;Tramaine Brock;Kamalei Correa;Kevin Byard;Jayon Brown;Jurrell Casey;DaQuan Jones;Harold Landry III;LeShaun Sims;Kenny Vaccaro
2019_15_HOU_TEN,3291,run,6.0,88.0,82.0,38.0,8:08,7:30,,14.0,21.0,2.0,7.0,"2 DL, 4 LB, 5 DB",;;;;;;;;;;,11,7,,,,,00-0035245;00-0030564;00-0033569;00-0029738;00-0032380;00-0033537;00-0030085;00-0030997;00-0032969;00-0033127;00-0031045,Max Scharping;DeAndre Hopkins;Roderick Johnson;Darren Fells;Laremy Tunsil;Deshaun Watson;Kenny Stills;Zach Fulton;Nick Martin;Will Fuller;Carlos Hyde,00-0030411;00-0034743;00-0027375;00-0032386;00-0033132;00-0033954;00-0028015;00-0031054;00-0034828;00-0032783;00-0030060,Logan Ryan;Rashaan Evans;Tramaine Brock;Kamalei Correa;Kevin Byard;Jayon Brown;Jurrell Casey;DaQuan Jones;Harold Landry III;LeShaun Sims;Kenny Vaccaro
2019_15_HOU_TEN,3312,run,2.0,82.0,80.0,34.0,7:30,6:56,,14.0,21.0,3.0,1.0,"2 DL, 4 LB, 5 DB",;;;;;;;;;;,11,7,,,,,00-0035245;00-0030564;00-0033569;00-0029738;00-0032380;00-0033537;00-0030085;00-0030997;00-0032969;00-0033127;00-0031045,Max Scharping;DeAndre Hopkins;Roderick Johnson;Darren Fells;Laremy Tunsil;Deshaun Watson;Kenny Stills;Zach Fulton;Nick Martin;Will Fuller;Carlos Hyde,00-0030411;00-0034743;00-0027375;00-0032386;00-0033132;00-0033954;00-0028015;00-0031054;00-0034828;00-0032783;00-0030060,Logan Ryan;Rashaan Evans;Tramaine Brock;Kamalei Correa;Kevin Byard;Jayon Brown;Jurrell Casey;DaQuan Jones;Harold Landry III;LeShaun Sims;Kenny Vaccaro
2019_15_HOU_TEN,3333,pass,35.0,80.0,45.0,48.0,6:56,6:08,,14.0,21.0,1.0,10.0,"2 DL, 4 LB, 5 DB",;;;;;;;;;;,11,6,4,ZONE_COVERAGE,COVER_4,True,00-0035245;00-0030564;00-0033569;00-0029738;00-0032380;00-0033537;00-0030085;00-0030997;00-0034364;00-0032969;00-0031045,Max Scharping;DeAndre Hopkins;Roderick Johnson;Darren Fells;Laremy Tunsil;Deshaun Watson;Kenny Stills;Zach Fulton;Jordan Akins;Nick Martin;Carlos Hyde,00-0030411;00-0034743;00-0027375;00-0032386;00-0033132;00-0033954;00-0028015;00-0031054;00-0034828;00-0032783;00-0030060,Logan Ryan;Rashaan Evans;Tramaine Brock;Kamalei Correa;Kevin Byard;Jayon Brown;Jurrell Casey;DaQuan Jones;Harold Landry III;LeShaun Sims;Kenny Vaccaro
2019_15_HOU_TEN,3357,run,3.0,45.0,42.0,41.0,6:08,5:27,,14.0,21.0,1.0,10.0,"2 DL, 4 LB, 5 DB",;;;;;;;;;;,11,6,,,,,00-0035245;00-0030564;00-0033569;00-0029738;00-0032380;00-0033537;00-0032257;00-0030085;00-0034364;00-0030997;00-0032969,Max Scharping;DeAndre Hopkins;Roderick Johnson;Darren Fells;Laremy Tunsil;Deshaun Watson;Duke Johnson;Kenny Stills;Jordan Akins;Zach Fulton;Nick Martin,00-0030411;00-0034743;00-0035643;00-0027375;00-0032386;00-0033132;00-0033954;00-0034828;00-0032763;00-0032783;00-0030060,Logan Ryan;Rashaan Evans;Jeffery Simmons;Tramaine Brock;Kamalei Correa;Kevin Byard;Jayon Brown;Harold Landry III;Austin Johnson;LeShaun Sims;Kenny Vaccaro
2019_15_HOU_TEN,3378,pass,25.0,42.0,17.0,47.0,5:27,4:40,,14.0,21.0,2.0,7.0,"2 DL, 4 LB, 5 DB",;;;;;;;;;;,11,4,3,ZONE_COVERAGE,COVER_2,False,00-0035245;00-0030564;00-0033569;00-0029738;00-0032380;00-0033537;00-0032257;00-0034364;00-0030997;00-0032969;00-0033127,Max Scharping;DeAndre Hopkins;Roderick Johnson;Darren Fells;Laremy Tunsil;Deshaun Watson;Duke Johnson;Jordan Akins;Zach Fulton;Nick Martin;Will Fuller,00-0030411;00-0034743;00-0035643;00-0027375;00-0032386;00-0033132;00-0033954;00-0034828;00-0032763;00-0032783;00-0030060,Logan Ryan;Rashaan Evans;Jeffery Simmons;Tramaine Brock;Kamalei Correa;Kevin Byard;Jayon Brown;Harold Landry III;Austin Johnson;LeShaun Sims;Kenny Vaccaro
2019_15_HOU_TEN,3402,run,9.0,17.0,8.0,44.0,4:40,3:56,,14.0,21.0,1.0,10.0,"2 DL, 4 LB, 5 DB",;;;;;;;;;;,11,6,,,,,00-0035245;00-0030564;00-0033569;00-0029738;00-0032380;00-0033537;00-0030997;00-0034364;00-0032969;00-0033127;00-0031045,Max Scharping;DeAndre Hopkins;Roderick Johnson;Darren Fells;Laremy Tunsil;Deshaun Watson;Zach Fulton;Jordan Akins;Nick Martin;Will Fuller;Carlos Hyde,00-0030411;00-0034743;00-0035643;00-0027375;00-0033132;00-0033954;00-0034828;00-0032763;00-0032783;00-0030060;00-0032633,Logan Ryan;Rashaan Evans;Jeffery Simmons;Tramaine Brock;Kevin Byard;Jayon Brown;Harold Landry III;Austin Johnson;LeShaun Sims;Kenny Vaccaro;Reggie Gilbert
2019_15_HOU_TEN,3423,run,1.0,8.0,7.0,7.0,3:56,3:49,,14.0,21.0,2.0,1.0,"4 DL, 2 LB, 5 DB",;;;;;;;;;;,11,7,,,,,00-0035245;00-0030564;00-0033569;00-0029738;00-0032380;00-0033537;00-0030085;00-0030997;00-0032969;00-0033127;00-0031045,Max Scharping;DeAndre Hopkins;Roderick Johnson;Darren Fells;Laremy Tunsil;Deshaun Watson;Kenny Stills;Zach Fulton;Nick Martin;Will Fuller;Carlos Hyde,00-0030411;00-0034743;00-0035643;00-0027375;00-0033132;00-0033954;00-0028015;00-0031054;00-0032763;00-0032783;00-0030060,Logan Ryan;Rashaan Evans;Jeffery Simmons;Tramaine Brock;Kevin Byard;Jayon Brown;Jurrell Casey;DaQuan Jones;Austin Johnson;LeShaun Sims;Kenny Vaccaro
2019_15_HOU_TEN,3444,timeout,0.0,,,0.0,3:49,3:49,TEN,14.0,21.0,,0.0,,,0,,,,,,,,,
2019_15_HOU_TEN,3461,run,1.0,7.0,6.0,4.0,3:49,3:45,,14.0,21.0,1.0,7.0,"4 DL, 2 LB, 5 DB",;;;;;;;;;;,11,6,,,,,00-0035245;00-0030564;00-0033569;00-0029738;00-0032380;00-0033537;00-0034364;00-0030997;00-0032969;00-0033127;00-0031045,Max Scharping;DeAndre Hopkins;Roderick Johnson;Darren Fells;Laremy Tunsil;Deshaun Watson;Jordan Akins;Zach Fulton;Nick Martin;Will Fuller;Carlos Hyde,00-0030411;00-0034743;00-0035643;00-0027375;00-0033132;00-0033954;00-0028015;00-0031054;00-0032763;00-0032783;00-0030060,Logan Ryan;Rashaan Evans;Jeffery Simmons;Tramaine Brock;Kevin Byard;Jayon Brown;Jurrell Casey;DaQuan Jones;Austin Johnson;LeShaun Sims;Kenny Vaccaro
2019_15_HOU_TEN,3482,timeout,0.0,,,0.0,3:45,3:45,TEN,14.0,21.0,,0.0,,,0,,,,,,,,,
2019_15_HOU_TEN,3499,run,0.0,6.0,6.0,6.0,3:45,3:39,,14.0,21.0,2.0,6.0,"4 DL, 2 LB, 5 DB",;;;;;;;;;;,11,7,,,,,00-0035245;00-0030564;00-0033569;00-0029738;00-0032380;00-0033537;00-0030997;00-0034364;00-0032969;00-0033127;00-0031045,Max Scharping;DeAndre Hopkins;Roderick Johnson;Darren Fells;Laremy Tunsil;Deshaun Watson;Zach Fulton;Jordan Akins;Nick Martin;Will Fuller;Carlos Hyde,00-0030411;00-0034743;00-0035643;00-0027375;00-0033132;00-0033954;00-0028015;00-0031054;00-0032763;00-0032783;00-0030060,Logan Ryan;Rashaan Evans;Jeffery Simmons;Tramaine Brock;Kevin Byard;Jayon Brown;Jurrell Casey;DaQuan Jones;Austin Johnson;LeShaun Sims;Kenny Vaccaro
2019_15_HOU_TEN,3520,timeout,0.0,,,0.0,3:39,3:39,TEN,14.0,21.0,,0.0,,,0,,,,,,,,,
2019_15_HOU_TEN,3537,pass,0.0,6.0,6.0,8.0,3:39,3:31,,14.0,21.0,3.0,6.0,"1 DL, 4 LB, 6 DB",;;;;;;;;;;,11,6,3,MAN_COVERAGE,COVER_1,True,00-0035245;00-0030564;00-0033569;00-0029738;00-0032380;00-0033537;00-0032257;00-0030085;00-0030997;00-0032969;00-0033127,Max Scharping;DeAndre Hopkins;Roderick Johnson;Darren Fells;Laremy Tunsil;Deshaun Watson;Duke Johnson;Kenny Stills;Zach Fulton;Nick Martin;Will Fuller,00-0030411;00-0031597;00-0034743;00-0027375;00-0033132;00-0028015;00-0033954;00-0034828;00-0032783;00-0032633;00-0030060,Logan Ryan;Tye Smith;Rashaan Evans;Tramaine Brock;Kevin Byard;Jurrell Casey;Jayon Brown;Harold Landry III;LeShaun Sims;Reggie Gilbert;Kenny Vaccaro
2019_15_HOU_TEN,3559,no_play,0.0,6.0,6.0,0.0,3:31,3:31,,14.0,21.0,4.0,6.0,,;;;;;;;;;;,11,,,,,,00-0035245;00-0033569;00-0029738;00-0032380;00-0032726;00-0029692;00-0034364;00-0030997;00-0027224;00-0032969;00-0031923,Max Scharping;Roderick Johnson;Darren Fells;Laremy Tunsil;Ka'imi Fairbairn;Bryan Anger;Jordan Akins;Zach Fulton;Jon Weeks;Nick Martin;Greg Mancz,00-0031597;00-0033590;00-0035643;00-0035632;00-0032386;00-0034389;00-0034662;00-0033954;00-0025828;00-0031054;00-0032763,Tye Smith;Joey Ivie;Jeffery Simmons;Amani Hooker;Kamalei Correa;Dane Cruikshank;Joshua Kalu;Jayon Brown;Wesley Woodyard;DaQuan Jones;Austin Johnson
2019_15_HOU_TEN,3588,field_goal,0.0,11.0,11.0,5.0,3:31,3:26,,14.0,24.0,4.0,11.0,,;;;;;;;;;;,11,,,,,,00-0035245;00-0033569;00-0029738;00-0032380;00-0032726;00-0029692;00-0034364;00-0030997;00-0027224;00-0032969;00-0031923,Max Scharping;Roderick Johnson;Darren Fells;Laremy Tunsil;Ka'imi Fairbairn;Bryan Anger;Jordan Akins;Zach Fulton;Jon Weeks;Nick Martin;Greg Mancz,00-0031597;00-0033590;00-0035643;00-0035632;00-0032386;00-0034389;00-0034662;00-0033954;00-0025828;00-0031054;00-0032763,Tye Smith;Joey Ivie;Jeffery Simmons;Amani Hooker;Kamalei Correa;Dane Cruikshank;Joshua Kalu;Jayon Brown;Wesley Woodyard;DaQuan Jones;Austin Johnson
2019_15_HOU_TEN,3618,kickoff,0.0,35.0,35.0,0.0,3:26,3:26,,14.0,24.0,,0.0,,;;;;;;;;;;,11,,,,,,00-0030312;00-0034421;00-0034435;00-0034163;00-0034594;00-0034449;00-0030558;00-0032094;00-0032726;00-0035244;00-0035304,Jahleel Addae;Peter Kalambayi;Keion Crossen;Jacob Martin;A.J. Moore;Buddy Howell;Barkevious Mingo;Tyrell Adams;Ka'imi Fairbairn;Lonnie Johnson;Cullen Gillaspia,00-0035292;00-0033386;00-0035632;00-0034389;00-0034662;00-0035099;00-0025828;00-0032464;00-0031585;00-0033858;00-0033455,David Long Jr.;Cody Hollister;Amani Hooker;Dane Cruikshank;Joshua Kalu;Khari Blasingame;Wesley Woodyard;Kalif Raymond;MyCole Pruitt;Jonnu Smith;Anthony Firkser
2019_15_HOU_TEN,3642,pass,5.0,75.0,70.0,19.0,3:26,3:07,,14.0,24.0,1.0,10.0,"2 DL, 4 LB, 5 DB",;;;;;;;;;;,11,6,4,ZONE_COVERAGE,COVER_2,False,00-0033057;00-0028087;00-0032464;00-0031442;00-0029413;00-0035649;00-0033858;00-0035676;00-0029701;00-0027648;00-0033871,Jack Conklin;Dion Lewis;Kalif Raymond;Taylor Lewan;Ben Jones;Nate Davis;Jonnu Smith;A.J. Brown;Ryan Tannehill;Rodger Saffold;Corey Davis,00-0034163;00-0032758;00-0033547;00-0033882;00-0031553;00-0035279;00-0034361;00-0028924;00-0031372;00-0032424;00-0029643,Jacob Martin;Vernon Hargreaves III;Zach Cunningham;Gareon Conley;Benardrick McKinney;Charles Omenihu;Justin Reid;Tashaun Gipson;Bradley Roby;DJ Reader;Whitney Mercilus
2019_15_HOU_TEN,3666,pass,5.0,70.0,65.0,8.0,3:07,2:59,,14.0,24.0,2.0,5.0,"2 DL, 4 LB, 5 DB",;;;;;;;;;;,11,5,4,ZONE_COVERAGE,COVER_2,False,00-0033057;00-0028087;00-0032464;00-0031442;00-0029413;00-0035649;00-0033858;00-0035676;00-0029701;00-0027648;00-0033871,Jack Conklin;Dion Lewis;Kalif Raymond;Taylor Lewan;Ben Jones;Nate Davis;Jonnu Smith;A.J. Brown;Ryan Tannehill;Rodger Saffold;Corey Davis,00-0034163;00-0032758;00-0033882;00-0033547;00-0031553;00-0035279;00-0034361;00-0028924;00-0031372;00-0032424;00-0029643,Jacob Martin;Vernon Hargreaves III;Gareon Conley;Zach Cunningham;Benardrick McKinney;Charles Omenihu;Justin Reid;Tashaun Gipson;Bradley Roby;DJ Reader;Whitney Mercilus
2019_15_HOU_TEN,3695,pass,23.0,65.0,42.0,21.0,2:59,2:38,,14.0,24.0,1.0,10.0,"2 DL, 4 LB, 5 DB",;;;;;;;;;;,11,6,4,ZONE_COVERAGE,COVER_2,True,00-0033057;00-0028087;00-0031442;00-0032778;00-0029413;00-0035649;00-0033858;00-0035676;00-0029701;00-0027648;00-0033871,Jack Conklin;Dion Lewis;Taylor Lewan;Tajae Sharpe;Ben Jones;Nate Davis;Jonnu Smith;A.J. Brown;Ryan Tannehill;Rodger Saffold;Corey Davis,00-0032758;00-0032734;00-0033547;00-0033882;00-0031553;00-0035279;00-0034361;00-0028924;00-0031372;00-0032424;00-0029643,Vernon Hargreaves III;Brennan Scarlett;Zach Cunningham;Gareon Conley;Benardrick McKinney;Charles Omenihu;Justin Reid;Tashaun Gipson;Bradley Roby;DJ Reader;Whitney Mercilus
2019_15_HOU_TEN,3726,pass,12.0,42.0,30.0,16.0,2:38,2:22,,14.0,24.0,1.0,10.0,"1 DL, 4 LB, 6 DB",;;;;;;;;;;,11,5,3,MAN_COVERAGE,COVER_1,False,00-0033057;00-0028087;00-0031442;00-0032778;00-0029413;00-0035649;00-0033858;00-0035676;00-0029701;00-0027648;00-0033871,Jack Conklin;Dion Lewis;Taylor Lewan;Tajae Sharpe;Ben Jones;Nate Davis;Jonnu Smith;A.J. Brown;Ryan Tannehill;Rodger Saffold;Corey Davis,00-0030312;00-0034421;00-0032758;00-0032734;00-0033882;00-0033547;00-0035279;00-0034361;00-0028924;00-0031372;00-0029643,Jahleel Addae;Peter Kalambayi;Vernon Hargreaves III;Brennan Scarlett;Gareon Conley;Zach Cunningham;Charles Omenihu;Justin Reid;Tashaun Gipson;Bradley Roby;Whitney Mercilus
2019_15_HOU_TEN,3750,pass,19.0,30.0,11.0,7.0,2:22,2:15,,14.0,24.0,1.0,10.0,"1 DL, 4 LB, 6 DB",;;;;;;;;;;,11,6,4,MAN_COVERAGE,COVER_1,False,00-0033057;00-0028087;00-0031442;00-0032778;00-0029413;00-0035649;00-0033858;00-0035676;00-0029701;00-0027648;00-0033871,Jack Conklin;Dion Lewis;Taylor Lewan;Tajae Sharpe;Ben Jones;Nate Davis;Jonnu Smith;A.J. Brown;Ryan Tannehill;Rodger Saffold;Corey Davis,00-0030312;00-0034421;00-0032758;00-0032734;00-0033882;00-0033547;00-0035279;00-0034361;00-0028924;00-0031372;00-0029643,Jahleel Addae;Peter Kalambayi;Vernon Hargreaves III;Brennan Scarlett;Gareon Conley;Zach Cunningham;Charles Omenihu;Justin Reid;Tashaun Gipson;Bradley Roby;Whitney Mercilus
2019_15_HOU_TEN,3774,pass,0.0,11.0,11.0,5.0,2:15,2:10,,14.0,24.0,1.0,10.0,"1 DL, 4 LB, 6 DB",;;;;;;;;;;,11,6,4,MAN_COVERAGE,COVER_1,False,00-0033057;00-0028087;00-0031442;00-0032778;00-0029413;00-0035649;00-0033858;00-0035676;00-0029701;00-0027648;00-0033871,Jack Conklin;Dion Lewis;Taylor Lewan;Tajae Sharpe;Ben Jones;Nate Davis;Jonnu Smith;A.J. Brown;Ryan Tannehill;Rodger Saffold;Corey Davis,00-0030312;00-0034421;00-0032758;00-0032734;00-0033882;00-0033547;00-0035279;00-0034361;00-0028924;00-0031372;00-0029643,Jahleel Addae;Peter Kalambayi;Vernon Hargreaves III;Brennan Scarlett;Gareon Conley;Zach Cunningham;Charles Omenihu;Justin Reid;Tashaun Gipson;Bradley Roby;Whitney Mercilus
2019_15_HOU_TEN,3796,pass,11.0,11.0,0.0,6.0,2:10,2:04,,20.0,24.0,2.0,10.0,"1 DL, 4 LB, 6 DB",;;;;;;;;;;,11,6,6,MAN_COVERAGE,COVER_1,True,00-0033057;00-0028087;00-0031442;00-0032778;00-0029413;00-0035649;00-0033858;00-0035676;00-0029701;00-0027648;00-0033871,Jack Conklin;Dion Lewis;Taylor Lewan;Tajae Sharpe;Ben Jones;Nate Davis;Jonnu Smith;A.J. Brown;Ryan Tannehill;Rodger Saffold;Corey Davis,00-0030312;00-0034421;00-0034163;00-0032758;00-0033882;00-0033547;00-0035279;00-0034361;00-0028924;00-0031372;00-0029643,Jahleel Addae;Peter Kalambayi;Jacob Martin;Vernon Hargreaves III;Gareon Conley;Zach Cunningham;Charles Omenihu;Justin Reid;Tashaun Gipson;Bradley Roby;Whitney Mercilus
2019_15_HOU_TEN,3821,extra_point,0.0,15.0,15.0,0.0,2:04,2:04,,21.0,24.0,,0.0,,;;;;;;;;;;,11,,,,,,00-0025825;00-0033057;00-0026968;00-0031442;00-0029134;00-0031575;00-0035649;00-0031585;00-0032763;00-0029419;00-0027648,Brett Kern;Jack Conklin;Ryan Succop;Taylor Lewan;Beau Brinkley;Jamil Douglas;Nate Davis;MyCole Pruitt;Austin Johnson;Dennis Kelly;Rodger Saffold,00-0034435;00-0034594;00-0032734;00-0033547;00-0030558;00-0035244;00-0033563;00-0035279;00-0032107;00-0031127;00-0032424,Keion Crossen;A.J. Moore;Brennan Scarlett;Zach Cunningham;Barkevious Mingo;Lonnie Johnson;Carlos Watkins;Charles Omenihu;Angelo Blackson;Brandon Dunn;DJ Reader
2019_15_HOU_TEN,3837,timeout,0.0,,,0.0,2:04,2:04,HOU,21.0,24.0,,0.0,,,0,,,,,,,,,
2019_15_HOU_TEN,3855,kickoff,0.0,35.0,35.0,1.0,2:04,2:03,,21.0,24.0,,0.0,,;;;;;;;;;;,11,,,,,,00-0031597;00-0035292;00-0035632;00-0034389;00-0034662;00-0033132;00-0034648;00-0032464;00-0025828;00-0032783;00-0033455,Tye Smith;David Long Jr.;Amani Hooker;Dane Cruikshank;Joshua Kalu;Kevin Byard;Ryan Santoso;Kalif Raymond;Wesley Woodyard;LeShaun Sims;Anthony Firkser,00-0030312;00-0034421;00-0034594;00-0029738;00-0032734;00-0034449;00-0030558;00-0034364;00-0034361;00-0031763;00-0035304,Jahleel Addae;Peter Kalambayi;A.J. Moore;Darren Fells;Brennan Scarlett;Buddy Howell;Barkevious Mingo;Jordan Akins;Justin Reid;DeAndre Carter;Cullen Gillaspia
2019_15_HOU_TEN,3877,run,0.0,42.0,42.0,4.0,2:03,1:59,,21.0,24.0,1.0,10.0,"4 DL, 2 LB, 5 DB",;;;;;;;;;;,11,8,,,,,00-0035245;00-0030564;00-0033569;00-0029738;00-0032380;00-0033537;00-0034364;00-0030997;00-0032969;00-0033127;00-0031045,Max Scharping;DeAndre Hopkins;Roderick Johnson;Darren Fells;Laremy Tunsil;Deshaun Watson;Jordan Akins;Zach Fulton;Nick Martin;Will Fuller;Carlos Hyde,00-0030411;00-0034743;00-0035643;00-0027375;00-0033132;00-0033954;00-0028015;00-0031054;00-0032763;00-0032783;00-0030060,Logan Ryan;Rashaan Evans;Jeffery Simmons;Tramaine Brock;Kevin Byard;Jayon Brown;Jurrell Casey;DaQuan Jones;Austin Johnson;LeShaun Sims;Kenny Vaccaro
2019_15_HOU_TEN,3915,run,0.0,42.0,42.0,45.0,1:59,1:14,,21.0,24.0,2.0,10.0,"4 DL, 2 LB, 5 DB",;;;;;;;;;;,11,8,,,,,00-0035245;00-0030564;00-0033569;00-0029738;00-0032380;00-0033537;00-0034364;00-0030997;00-0032969;00-0033127;00-0031045,Max Scharping;DeAndre Hopkins;Roderick Johnson;Darren Fells;Laremy Tunsil;Deshaun Watson;Jordan Akins;Zach Fulton;Nick Martin;Will Fuller;Carlos Hyde,00-0030411;00-0034743;00-0035643;00-0027375;00-0033132;00-0033954;00-0028015;00-0031054;00-0032763;00-0032783;00-0030060,Logan Ryan;Rashaan Evans;Jeffery Simmons;Tramaine Brock;Kevin Byard;Jayon Brown;Jurrell Casey;DaQuan Jones;Austin Johnson;LeShaun Sims;Kenny Vaccaro
2019_15_HOU_TEN,3936,run,3.0,42.0,39.0,46.0,1:14,0:28,,21.0,24.0,3.0,10.0,"4 DL, 2 LB, 5 DB",;;;;;;;;;;,11,6,,,,,00-0035245;00-0030564;00-0033569;00-0029738;00-0032380;00-0033537;00-0034364;00-0030997;00-0032969;00-0033127;00-0031045,Max Scharping;DeAndre Hopkins;Roderick Johnson;Darren Fells;Laremy Tunsil;Deshaun Watson;Jordan Akins;Zach Fulton;Nick Martin;Will Fuller;Carlos Hyde,00-0030411;00-0034743;00-0035643;00-0027375;00-0033132;00-0033954;00-0028015;00-0031054;00-0032763;00-0032783;00-0030060,Logan Ryan;Rashaan Evans;Jeffery Simmons;Tramaine Brock;Kevin Byard;Jayon Brown;Jurrell Casey;DaQuan Jones;Austin Johnson;LeShaun Sims;Kenny Vaccaro
2019_15_HOU_TEN,3957,no_play,0.0,39.0,39.0,0.0,0:28,0:28,,21.0,24.0,4.0,7.0,,;;;;;;;;;;,11,,,,,,00-0034421;00-0034435;00-0034594;00-0032734;00-0034449;00-0033547;00-0030558;00-0029692;00-0027224;00-0034361;00-0035304,Peter Kalambayi;Keion Crossen;A.J. Moore;Brennan Scarlett;Buddy Howell;Zach Cunningham;Barkevious Mingo;Bryan Anger;Jon Weeks;Justin Reid;Cullen Gillaspia,00-0031597;00-0035292;00-0035632;00-0034389;00-0034662;00-0035521;00-0035099;00-0032464;00-0031585;00-0032783;00-0033455,Tye Smith;David Long Jr.;Amani Hooker;Dane Cruikshank;Joshua Kalu;Derick Roberson;Khari Blasingame;Kalif Raymond;MyCole Pruitt;LeShaun Sims;Anthony Firkser
2019_15_HOU_TEN,3980,punt,0.0,44.0,44.0,11.0,0:28,0:17,,21.0,24.0,4.0,12.0,,;;;;;;;;;;,11,,,,,,00-0034421;00-0034435;00-0034594;00-0032734;00-0034449;00-0033547;00-0030558;00-0029692;00-0027224;00-0034361;00-0035304,Peter Kalambayi;Keion Crossen;A.J. Moore;Brennan Scarlett;Buddy Howell;Zach Cunningham;Barkevious Mingo;Bryan Anger;Jon Weeks;Justin Reid;Cullen Gillaspia,00-0031597;00-0035292;00-0035632;00-0034389;00-0034662;00-0035521;00-0032464;00-0035099;00-0031585;00-0033455;00-0032783,Tye Smith;David Long Jr.;Amani Hooker;Dane Cruikshank;Joshua Kalu;Derick Roberson;Kalif Raymond;Khari Blasingame;MyCole Pruitt;Anthony Firkser;LeShaun Sims
2019_15_HOU_TEN,4008,pass,-8.0,88.0,96.0,16.0,0:17,0:01,,21.0,24.0,1.0,10.0,"1 DL, 4 LB, 6 DB",;;;;;;;;;;,11,5,5,,,,00-0033057;00-0028087;00-0032464;00-0031442;00-0029413;00-0035649;00-0035676;00-0033455;00-0029701;00-0027648;00-0033871,Jack Conklin;Dion Lewis;Kalif Raymond;Taylor Lewan;Ben Jones;Nate Davis;A.J. Brown;Anthony Firkser;Ryan Tannehill;Rodger Saffold;Corey Davis,00-0030312;00-0034421;00-0034163;00-0032758;00-0033882;00-0033547;00-0035279;00-0034361;00-0028924;00-0031372;00-0029643,Jahleel Addae;Peter Kalambayi;Jacob Martin;Vernon Hargreaves III;Gareon Conley;Zach Cunningham;Charles Omenihu;Justin Reid;Tashaun Gipson;Bradley Roby;Whitney Mercilus
2019_15_HOU_TEN,4027,qb_spike,0.0,96.0,96.0,1.0,0:01,0:00,,21.0,24.0,2.0,18.0,"1 DL, 4 LB, 6 DB",;;;;;;;;;;,11,5,0,ZONE_COVERAGE,PREVENT,,00-0033057;00-0028087;00-0031442;00-0032778;00-0029413;00-0035649;00-0035676;00-0033455;00-0029701;00-0027648;00-0033871,Jack Conklin;Dion Lewis;Taylor Lewan;Tajae Sharpe;Ben Jones;Nate Davis;A.J. Brown;Anthony Firkser;Ryan Tannehill;Rodger Saffold;Corey Davis,00-0030312;00-0034421;00-0034163;00-0032758;00-0033547;00-0033882;00-0035279;00-0034361;00-0028924;00-0031372;00-0029643,Jahleel Addae;Peter Kalambayi;Jacob Martin;Vernon Hargreaves III;Zach Cunningham;Gareon Conley;Charles Omenihu;Justin Reid;Tashaun Gipson;Bradley Roby;Whitney Mercilus
2019_15_HOU_TEN,4049,end_game,,,,0.0,0:00,0:00,,21.0,24.0,,0.0,,,0,,,,,,,,,
