game_id,play_id,play_type,yards_gained,starting_yard,ending_yard,time_of_play,time_on_clock_start,time_on_clock_end,timeout_team,home_team_score,away_team_score,down,yds_to_go,defense_personnel,defense_positions,n_defense,defenders_in_box,number_of_pass_rushers,defense_man_zone_type,defense_coverage_type,was_pressure,offense_player_ids,offense_player_names,defense_player_ids,defense_player_names
2025_09_CAR_GB,1,start_quarter_1,,,,0.0,15:00,15:00,,0.0,0.0,,0.0,,,,,,,,,,,,
2025_09_CAR_GB,39,kickoff,0.0,35.0,35.0,4.0,15:00,14:56,,0.0,0.0,,0.0,"2 CB, 1 DE, 2 FS, 1 K, 2 MLB, 1 OLB, 1 RB, 1 SS",CB;CB;DE;FS;FS;K;MLB;MLB;OLB;RB;SS,11,0,0,,,False,00-0036305;00-0038493;00-0039637;00-0040289;00-0038791;00-0036555;00-0040644;00-0037005;00-0039356;00-0040187;00-0038840,Trevis Gipson;Claudin Cherelus;Maema Njongmeta;Bam Martin-Scott;Thomas Incoom;Chuba Hubbard;Trevor Etienne;Tommy Tremble;Ja'Tavion Sanders;Mitchell Evans;Brycen Tremayne,00-0036871;00-0038408;00-0037364;00-0036677;00-0039813;00-0029822;00-0036157;00-0036658;00-0039812;00-0038685;00-0039867,Nate Hobbs;Carrington Valentine;Arron Mosby;Zayne Anderson;Evan Williams;Brandon McManus;Kristian Welch;Isaiah McDuffie;Ty'Ron Hopper;Chris Brooks;Javon Bullard
2025_09_CAR_GB,62,no_play,0.0,73.0,73.0,0.0,14:56,14:56,,0.0,0.0,1.0,10.0,"2 CB, 1 DE, 2 DT, 1 FS, 2 MLB, 2 OLB, 1 SS",CB;CB;DE;DT;DT;FS;MLB;MLB;OLB;OLB;SS,11,0,0,,,False,00-0034261;00-0036417;00-0038536;00-0039150;00-0036139;00-0035084;00-0037229;00-0037005;00-0039342;00-0039491;00-0040124,Austin Corbett;Damien Lewis;Chandler Zavala;Bryce Young;Rico Dowdle;Yosh Nijman;Ikem Ekwonu;Tommy Tremble;Xavier Legette;Jalen Coker;Tetairoa McMillan,00-0035133;00-0038408;00-0034967;00-0037075;00-0038387;00-0039813;00-0036658;00-0039850;00-0036932;00-0037074;00-0036388,Keisean Nixon;Carrington Valentine;Rashan Gary;Devonte Wyatt;Colby Wooden;Evan Williams;Isaiah McDuffie;Edgerrin Cooper;Micah Parsons;Quay Walker;Xavier McKinney
2025_09_CAR_GB,86,pass,1.0,78.0,77.0,39.0,14:56,14:17,,0.0,0.0,1.0,15.0,"2 CB, 1 DE, 2 DT, 1 FS, 2 MLB, 2 OLB, 1 SS",CB;CB;DE;DT;DT;FS;MLB;MLB;OLB;OLB;SS,11,7,4,ZONE_COVERAGE,COVER_3,False,00-0034261;00-0036417;00-0038536;00-0039150;00-0036139;00-0035084;00-0037229;00-0037005;00-0040187;00-0040124;00-0040218,Austin Corbett;Damien Lewis;Chandler Zavala;Bryce Young;Rico Dowdle;Yosh Nijman;Ikem Ekwonu;Tommy Tremble;Mitchell Evans;Tetairoa McMillan;Jimmy Horn Jr.,00-0035133;00-0038408;00-0034967;00-0037075;00-0038387;00-0039813;00-0036658;00-0039850;00-0036932;00-0037074;00-0036388,Keisean Nixon;Carrington Valentine;Rashan Gary;Devonte Wyatt;Colby Wooden;Evan Williams;Isaiah McDuffie;Edgerrin Cooper;Micah Parsons;Quay Walker;Xavier McKinney
2025_09_CAR_GB,111,run,9.0,77.0,68.0,44.0,14:17,13:33,,0.0,0.0,2.0,14.0,"2 CB, 1 DE, 2 DT, 1 FS, 1 MLB, 2 OLB, 2 SS",CB;CB;DE;DT;DT;FS;MLB;OLB;OLB;SS;SS,11,7,0,,,False,00-0034261;00-0036417;00-0038536;00-0039150;00-0036139;00-0035084;00-0037229;00-0037005;00-0040187;00-0039342;00-0040124,Austin Corbett;Damien Lewis;Chandler Zavala;Bryce Young;Rico Dowdle;Yosh Nijman;Ikem Ekwonu;Tommy Tremble;Mitchell Evans;Xavier Legette;Tetairoa McMillan,00-0035133;00-0038408;00-0034967;00-0037075;00-0038387;00-0039813;00-0039850;00-0036932;00-0037074;00-0036388;00-0039867,Keisean Nixon;Carrington Valentine;Rashan Gary;Devonte Wyatt;Colby Wooden;Evan Williams;Edgerrin Cooper;Micah Parsons;Quay Walker;Xavier McKinney;Javon Bullard
2025_09_CAR_GB,136,run,4.0,68.0,64.0,42.0,13:33,12:51,,0.0,0.0,3.0,5.0,"3 CB, 2 DE, 1 DT, 1 FS, 1 MLB, 2 OLB, 1 SS",CB;CB;CB;DE;DE;DT;FS;MLB;OLB;OLB;SS,11,7,0,,,False,00-0034261;00-0038536;00-0039150;00-0036139;00-0035084;00-0036795;00-0037229;00-0039356;00-0039342;00-0039491;00-0040124,Austin Corbett;Chandler Zavala;Bryce Young;Rico Dowdle;Yosh Nijman;Jake Curhan;Ikem Ekwonu;Ja'Tavion Sanders;Xavier Legette;Jalen Coker;Tetairoa McMillan,00-0035133;00-0036871;00-0038408;00-0034967;00-0037083;00-0037075;00-0039813;00-0039850;00-0036932;00-0037074;00-0036388,Keisean Nixon;Nate Hobbs;Carrington Valentine;Rashan Gary;Kingsley Enagbare;Devonte Wyatt;Evan Williams;Edgerrin Cooper;Micah Parsons;Quay Walker;Xavier McKinney
2025_09_CAR_GB,158,no_play,0.0,64.0,64.0,20.0,12:51,12:31,,0.0,0.0,4.0,1.0,"2 CB, 1 DE, 2 DT, 1 FS, 2 MLB, 2 OLB, 1 SS",CB;CB;DE;DT;DT;FS;MLB;MLB;OLB;OLB;SS,11,8,0,,,False,00-0034261;00-0038536;00-0039150;00-0036139;00-0035084;00-0036795;00-0037229;00-0037005;00-0040187;00-0040124;00-0040218,Austin Corbett;Chandler Zavala;Bryce Young;Rico Dowdle;Yosh Nijman;Jake Curhan;Ikem Ekwonu;Tommy Tremble;Mitchell Evans;Tetairoa McMillan;Jimmy Horn Jr.,00-0035133;00-0038408;00-0034967;00-0038387;00-0038398;00-0039813;00-0036658;00-0039850;00-0036932;00-0037074;00-0036388,Keisean Nixon;Carrington Valentine;Rashan Gary;Colby Wooden;Karl Brooks;Evan Williams;Isaiah McDuffie;Edgerrin Cooper;Micah Parsons;Quay Walker;Xavier McKinney
2025_09_CAR_GB,196,punt,0.0,73.0,73.0,10.0,12:31,12:21,,0.0,0.0,4.0,10.0,"2 CB, 1 DE, 1 DT, 1 FS, 2 MLB, 1 OLB, 1 RB, 1 SS, 1 WR",CB;CB;DE;DT;FS;MLB;MLB;OLB;RB;SS;WR,11,0,0,,,False,00-0038101;00-0035669;00-0038493;00-0039637;00-0040289;00-0026027;00-0037179;00-0038791;00-0030092;00-0039356;00-0038840,Akayleb Evans;Nick Scott;Claudin Cherelus;Maema Njongmeta;Bam Martin-Scott;J.J. Jansen;Jeremiah Moon;Thomas Incoom;Sam Martin;Ja'Tavion Sanders;Brycen Tremayne,00-0037091;00-0038408;00-0037364;00-0038398;00-0036677;00-0036157;00-0036658;00-0039812;00-0038685;00-0039867;00-0037816,Bo Melton;Carrington Valentine;Arron Mosby;Karl Brooks;Zayne Anderson;Kristian Welch;Isaiah McDuffie;Ty'Ron Hopper;Chris Brooks;Javon Bullard;Romeo Doubs
2025_09_CAR_GB,222,pass,7.0,72.0,65.0,43.0,12:21,11:38,,0.0,0.0,1.0,10.0,"2 CB, 2 DE, 1 DT, 1 FS, 2 ILB, 1 OLB, 2 SS",CB;CB;DE;DE;DT;FS;ILB;ILB;OLB;SS;SS,11,6,4,ZONE_COVERAGE,COVER_3,False,00-0035526;00-0036551;00-0039904;00-0036264;00-0035700;00-0037817;00-0037196;00-0039144;00-0038996;00-0038124;00-0037816,Elgton Jenkins;Aaron Banks;Jordan Morgan;Jordan Love;Josh Jacobs;Zach Tom;Rasheed Walker;Luke Musgrave;Tucker Kraft;Christian Watson;Romeo Doubs,00-0035277;00-0036944;00-0032889;00-0036220;00-0035890;00-0035669;00-0035942;00-0039347;00-0036335;00-0036962;00-0040159,Mike Jackson;Jaycee Horn;A'Shawn Robinson;Derrick Brown;Tershawn Wharton;Nick Scott;Christian Rozeboom;Trevin Wallace;D.J. Wonnum;Tre'von Moehrig;Lathan Ransom
2025_09_CAR_GB,247,pass,5.0,65.0,60.0,36.0,11:38,11:02,,0.0,0.0,2.0,3.0,"2 CB, 2 DE, 1 DT, 1 FS, 2 ILB, 1 OLB, 2 SS",CB;CB;DE;DE;DT;FS;ILB;ILB;OLB;SS;SS,11,5,4,ZONE_COVERAGE,COVER_6,False,00-0035526;00-0036551;00-0039904;00-0036264;00-0035700;00-0037817;00-0037196;00-0038996;00-0038124;00-0037816;00-0040667,Elgton Jenkins;Aaron Banks;Jordan Morgan;Jordan Love;Josh Jacobs;Zach Tom;Rasheed Walker;Tucker Kraft;Christian Watson;Romeo Doubs;Matthew Golden,00-0035277;00-0036944;00-0032889;00-0036220;00-0035890;00-0035669;00-0035942;00-0039347;00-0036335;00-0036962;00-0040159,Mike Jackson;Jaycee Horn;A'Shawn Robinson;Derrick Brown;Tershawn Wharton;Nick Scott;Christian Rozeboom;Trevin Wallace;D.J. Wonnum;Tre'von Moehrig;Lathan Ransom
2025_09_CAR_GB,272,run,5.0,60.0,55.0,42.0,11:02,10:20,,0.0,0.0,1.0,10.0,"2 CB, 2 DE, 1 DT, 1 FS, 2 ILB, 1 OLB, 2 SS",CB;CB;DE;DE;DT;FS;ILB;ILB;OLB;SS;SS,11,7,0,,,False,00-0035526;00-0036551;00-0039904;00-0036264;00-0035700;00-0037817;00-0037196;00-0038996;00-0037816;00-0040667;00-0040009,Elgton Jenkins;Aaron Banks;Jordan Morgan;Jordan Love;Josh Jacobs;Zach Tom;Rasheed Walker;Tucker Kraft;Romeo Doubs;Matthew Golden;Savion Williams,00-0035277;00-0036944;00-0032889;00-0036220;00-0035890;00-0035669;00-0035942;00-0039347;00-0036335;00-0036962;00-0040159,Mike Jackson;Jaycee Horn;A'Shawn Robinson;Derrick Brown;Tershawn Wharton;Nick Scott;Christian Rozeboom;Trevin Wallace;D.J. Wonnum;Tre'von Moehrig;Lathan Ransom
2025_09_CAR_GB,294,run,7.0,55.0,48.0,37.0,10:20,9:43,,0.0,0.0,2.0,5.0,"3 CB, 1 DE, 1 DT, 1 FS, 2 ILB, 2 OLB, 1 SS",CB;CB;CB;DE;DT;FS;ILB;ILB;OLB;OLB;SS,11,6,0,,,False,00-0035526;00-0036551;00-0039904;00-0036264;00-0038685;00-0038797;00-0037817;00-0037196;00-0038996;00-0037816;00-0040667,Elgton Jenkins;Aaron Banks;Jordan Morgan;Jordan Love;Chris Brooks;Emanuel Wilson;Zach Tom;Rasheed Walker;Tucker Kraft;Romeo Doubs;Matthew Golden,00-0035277;00-0036944;00-0039380;00-0036220;00-0035890;00-0035669;00-0035942;00-0039347;00-0036335;00-0040746;00-0036962,Mike Jackson;Jaycee Horn;Chau Smith-Wade;Derrick Brown;Tershawn Wharton;Nick Scott;Christian Rozeboom;Trevin Wallace;D.J. Wonnum;Nic Scourton;Tre'von Moehrig
2025_09_CAR_GB,321,pass,3.0,48.0,45.0,44.0,9:43,8:59,,0.0,0.0,1.0,10.0,"3 CB, 1 DE, 1 DT, 1 FS, 2 ILB, 2 OLB, 1 SS",CB;CB;CB;DE;DT;FS;ILB;ILB;OLB;OLB;SS,11,6,4,ZONE_COVERAGE,COVER_2,False,00-0035526;00-0036551;00-0039904;00-0036264;00-0035700;00-0037817;00-0037196;00-0038996;00-0038124;00-0037816;00-0040667,Elgton Jenkins;Aaron Banks;Jordan Morgan;Jordan Love;Josh Jacobs;Zach Tom;Rasheed Walker;Tucker Kraft;Christian Watson;Romeo Doubs;Matthew Golden,00-0035277;00-0036944;00-0039380;00-0036220;00-0035890;00-0035669;00-0035942;00-0039347;00-0036335;00-0040746;00-0036962,Mike Jackson;Jaycee Horn;Chau Smith-Wade;Derrick Brown;Tershawn Wharton;Nick Scott;Christian Rozeboom;Trevin Wallace;D.J. Wonnum;Nic Scourton;Tre'von Moehrig
2025_09_CAR_GB,346,pass,1.0,45.0,44.0,46.0,8:59,8:13,,0.0,0.0,2.0,7.0,"3 CB, 1 DE, 1 DT, 1 FS, 2 ILB, 2 OLB, 1 SS",CB;CB;CB;DE;DT;FS;ILB;ILB;OLB;OLB;SS,11,6,4,ZONE_COVERAGE,COVER_6,False,00-0035526;00-0036551;00-0039904;00-0036264;00-0038797;00-0037817;00-0037196;00-0038996;00-0038124;00-0038465;00-0040009,Elgton Jenkins;Aaron Banks;Jordan Morgan;Jordan Love;Emanuel Wilson;Zach Tom;Rasheed Walker;Tucker Kraft;Christian Watson;Malik Heath;Savion Williams,00-0035277;00-0036944;00-0039380;00-0036220;00-0035890;00-0035669;00-0035942;00-0039347;00-0036335;00-0040746;00-0036962,Mike Jackson;Jaycee Horn;Chau Smith-Wade;Derrick Brown;Tershawn Wharton;Nick Scott;Christian Rozeboom;Trevin Wallace;D.J. Wonnum;Nic Scourton;Tre'von Moehrig
2025_09_CAR_GB,371,pass,10.0,44.0,34.0,45.0,8:13,7:28,,0.0,0.0,3.0,6.0,"3 CB, 1 DE, 1 DT, 1 FS, 2 ILB, 2 OLB, 1 SS",CB;CB;CB;DE;DT;FS;ILB;ILB;OLB;OLB;SS,11,5,4,MAN_COVERAGE,COVER_1,True,00-0035526;00-0036551;00-0039904;00-0036264;00-0035700;00-0037817;00-0037196;00-0038996;00-0038124;00-0037816;00-0040667,Elgton Jenkins;Aaron Banks;Jordan Morgan;Jordan Love;Josh Jacobs;Zach Tom;Rasheed Walker;Tucker Kraft;Christian Watson;Romeo Doubs;Matthew Golden,00-0035277;00-0036944;00-0039380;00-0032889;00-0035890;00-0035669;00-0035942;00-0039347;00-0036335;00-0040746;00-0036962,Mike Jackson;Jaycee Horn;Chau Smith-Wade;A'Shawn Robinson;Tershawn Wharton;Nick Scott;Christian Rozeboom;Trevin Wallace;D.J. Wonnum;Nic Scourton;Tre'von Moehrig
2025_09_CAR_GB,396,run,18.0,34.0,16.0,46.0,7:28,6:42,,0.0,0.0,1.0,10.0,"2 CB, 3 DE, 1 DT, 1 FS, 2 ILB, 2 SS",CB;CB;DE;DE;DE;DT;FS;ILB;ILB;SS;SS,11,6,0,,,False,00-0035526;00-0036551;00-0039904;00-0036264;00-0035700;00-0037817;00-0037196;00-0039144;00-0038996;00-0037816;00-0040009,Elgton Jenkins;Aaron Banks;Jordan Morgan;Jordan Love;Josh Jacobs;Zach Tom;Rasheed Walker;Luke Musgrave;Tucker Kraft;Romeo Doubs;Savion Williams,00-0035277;00-0036944;00-0032889;00-0036220;00-0036305;00-0035890;00-0035669;00-0035942;00-0039347;00-0036962;00-0040159,Mike Jackson;Jaycee Horn;A'Shawn Robinson;Derrick Brown;Trevis Gipson;Tershawn Wharton;Nick Scott;Christian Rozeboom;Trevin Wallace;Tre'von Moehrig;Lathan Ransom
2025_09_CAR_GB,418,turnover,0.0,16.0,16.0,8.0,6:42,6:34,,0.0,0.0,1.0,10.0,"2 CB, 3 DE, 1 DT, 1 FS, 2 ILB, 2 SS",CB;CB;DE;DE;DE;DT;FS;ILB;ILB;SS;SS,11,7,0,,,False,00-0035526;00-0036551;00-0039904;00-0036264;00-0035700;00-0037817;00-0037196;00-0039144;00-0038996;00-0037816;00-0040009,Elgton Jenkins;Aaron Banks;Jordan Morgan;Jordan Love;Josh Jacobs;Zach Tom;Rasheed Walker;Luke Musgrave;Tucker Kraft;Romeo Doubs;Savion Williams,00-0035277;00-0036944;00-0032889;00-0036220;00-0036305;00-0035890;00-0035669;00-0035942;00-0039347;00-0036962;00-0040159,Mike Jackson;Jaycee Horn;A'Shawn Robinson;Derrick Brown;Trevis Gipson;Tershawn Wharton;Nick Scott;Christian Rozeboom;Trevin Wallace;Tre'von Moehrig;Lathan Ransom
2025_09_CAR_GB,456,pass,16.0,84.0,68.0,39.0,6:34,5:55,,0.0,0.0,1.0,10.0,"2 CB, 1 DE, 2 DT, 1 FS, 2 MLB, 2 OLB, 1 SS",CB;CB;DE;DT;DT;FS;MLB;MLB;OLB;OLB;SS,11,6,4,ZONE_COVERAGE,COVER_2,False,00-0034261;00-0036417;00-0038536;00-0039150;00-0036139;00-0035084;00-0037229;00-0040187;00-0039342;00-0039491;00-0040124,Austin Corbett;Damien Lewis;Chandler Zavala;Bryce Young;Rico Dowdle;Yosh Nijman;Ikem Ekwonu;Mitchell Evans;Xavier Legette;Jalen Coker;Tetairoa McMillan,00-0035133;00-0038408;00-0034967;00-0038387;00-0038398;00-0039813;00-0036658;00-0039850;00-0036932;00-0037074;00-0036388,Keisean Nixon;Carrington Valentine;Rashan Gary;Colby Wooden;Karl Brooks;Evan Williams;Isaiah McDuffie;Edgerrin Cooper;Micah Parsons;Quay Walker;Xavier McKinney
2025_09_CAR_GB,488,run,6.0,68.0,62.0,41.0,5:55,5:14,,0.0,0.0,1.0,10.0,"2 CB, 1 DE, 2 DT, 1 FS, 2 MLB, 2 OLB, 1 SS",CB;CB;DE;DT;DT;FS;MLB;MLB;OLB;OLB;SS,11,7,0,,,False,00-0034261;00-0036417;00-0038536;00-0039150;00-0036139;00-0035084;00-0037229;00-0037005;00-0039356;00-0040187;00-0038840,Austin Corbett;Damien Lewis;Chandler Zavala;Bryce Young;Rico Dowdle;Yosh Nijman;Ikem Ekwonu;Tommy Tremble;Ja'Tavion Sanders;Mitchell Evans;Brycen Tremayne,00-0035133;00-0038408;00-0034967;00-0038387;00-0038398;00-0039813;00-0036658;00-0039850;00-0036932;00-0037074;00-0036388,Keisean Nixon;Carrington Valentine;Rashan Gary;Colby Wooden;Karl Brooks;Evan Williams;Isaiah McDuffie;Edgerrin Cooper;Micah Parsons;Quay Walker;Xavier McKinney
2025_09_CAR_GB,510,pass,3.0,62.0,59.0,43.0,5:14,4:31,,0.0,0.0,2.0,4.0,"2 CB, 1 DE, 2 DT, 1 FS, 2 MLB, 2 OLB, 1 SS",CB;CB;DE;DT;DT;FS;MLB;MLB;OLB;OLB;SS,11,6,4,ZONE_COVERAGE,COVER_3,True,00-0034261;00-0036417;00-0038536;00-0039150;00-0036139;00-0035084;00-0037229;00-0037005;00-0039356;00-0039342;00-0040124,Austin Corbett;Damien Lewis;Chandler Zavala;Bryce Young;Rico Dowdle;Yosh Nijman;Ikem Ekwonu;Tommy Tremble;Ja'Tavion Sanders;Xavier Legette;Tetairoa McMillan,00-0035133;00-0038408;00-0034967;00-0038387;00-0038398;00-0039813;00-0036658;00-0039850;00-0036932;00-0037074;00-0036388,Keisean Nixon;Carrington Valentine;Rashan Gary;Colby Wooden;Karl Brooks;Evan Williams;Isaiah McDuffie;Edgerrin Cooper;Micah Parsons;Quay Walker;Xavier McKinney
2025_09_CAR_GB,535,run,0.0,59.0,59.0,44.0,4:31,3:47,,0.0,0.0,3.0,1.0,"2 CB, 1 DE, 2 DT, 1 FS, 1 MLB, 2 OLB, 2 SS",CB;CB;DE;DT;DT;FS;MLB;OLB;OLB;SS;SS,11,7,0,,,False,00-0034261;00-0036417;00-0038536;00-0039150;00-0036139;00-0035084;00-0037229;00-0039356;00-0039342;00-0039491;00-0040124,Austin Corbett;Damien Lewis;Chandler Zavala;Bryce Young;Rico Dowdle;Yosh Nijman;Ikem Ekwonu;Ja'Tavion Sanders;Xavier Legette;Jalen Coker;Tetairoa McMillan,00-0035133;00-0038408;00-0034967;00-0037075;00-0038398;00-0039813;00-0039850;00-0036932;00-0037074;00-0036388;00-0039867,Keisean Nixon;Carrington Valentine;Rashan Gary;Devonte Wyatt;Karl Brooks;Evan Williams;Edgerrin Cooper;Micah Parsons;Quay Walker;Xavier McKinney;Javon Bullard
2025_09_CAR_GB,557,run,4.0,59.0,55.0,16.0,3:47,3:31,,0.0,0.0,4.0,1.0,"2 CB, 2 DE, 2 DT, 1 FS, 1 MLB, 1 OLB, 2 SS",CB;CB;DE;DE;DT;DT;FS;MLB;OLB;SS;SS,11,8,6,MAN_COVERAGE,COVER_1,True,00-0034261;00-0036417;00-0038536;00-0039150;00-0036139;00-0035084;00-0037229;00-0039356;00-0039342;00-0039491;00-0040124,Austin Corbett;Damien Lewis;Chandler Zavala;Bryce Young;Rico Dowdle;Yosh Nijman;Ikem Ekwonu;Ja'Tavion Sanders;Xavier Legette;Jalen Coker;Tetairoa McMillan,00-0035133;00-0038408;00-0034967;00-0037083;00-0037075;00-0038398;00-0039813;00-0039850;00-0037074;00-0036388;00-0039867,Keisean Nixon;Carrington Valentine;Rashan Gary;Kingsley Enagbare;Devonte Wyatt;Karl Brooks;Evan Williams;Edgerrin Cooper;Quay Walker;Xavier McKinney;Javon Bullard
2025_09_CAR_GB,598,run,0.0,55.0,55.0,40.0,3:31,2:51,,0.0,0.0,1.0,10.0,"2 CB, 2 DE, 2 DT, 1 FS, 1 MLB, 1 OLB, 2 SS",CB;CB;DE;DE;DT;DT;FS;MLB;OLB;SS;SS,11,7,0,,,False,00-0034261;00-0036417;00-0038536;00-0039150;00-0036139;00-0035084;00-0037229;00-0037005;00-0039342;00-0039491;00-0040124,Austin Corbett;Damien Lewis;Chandler Zavala;Bryce Young;Rico Dowdle;Yosh Nijman;Ikem Ekwonu;Tommy Tremble;Xavier Legette;Jalen Coker;Tetairoa McMillan,00-0035133;00-0038408;00-0037083;00-0040010;00-0038387;00-0040041;00-0039813;00-0039850;00-0037074;00-0036388;00-0039867,Keisean Nixon;Carrington Valentine;Kingsley Enagbare;Barryn Sorrell;Colby Wooden;Nazir Stackhouse;Evan Williams;Edgerrin Cooper;Quay Walker;Xavier McKinney;Javon Bullard
2025_09_CAR_GB,620,pass,16.0,55.0,39.0,44.0,2:51,2:07,,0.0,0.0,2.0,10.0,"2 CB, 1 DE, 2 DT, 1 FS, 1 MLB, 2 OLB, 2 SS",CB;CB;DE;DT;DT;FS;MLB;OLB;OLB;SS;SS,11,6,4,MAN_COVERAGE,COVER_1,False,00-0034261;00-0036417;00-0038536;00-0039150;00-0036139;00-0035084;00-0037229;00-0037005;00-0039342;00-0039491;00-0040124,Austin Corbett;Damien Lewis;Chandler Zavala;Bryce Young;Rico Dowdle;Yosh Nijman;Ikem Ekwonu;Tommy Tremble;Xavier Legette;Jalen Coker;Tetairoa McMillan,00-0035133;00-0038408;00-0037083;00-0038387;00-0040041;00-0039813;00-0039850;00-0036932;00-0037074;00-0036388;00-0039867,Keisean Nixon;Carrington Valentine;Kingsley Enagbare;Colby Wooden;Nazir Stackhouse;Evan Williams;Edgerrin Cooper;Micah Parsons;Quay Walker;Xavier McKinney;Javon Bullard
2025_09_CAR_GB,645,pass,0.0,39.0,39.0,5.0,2:07,2:02,,0.0,0.0,1.0,10.0,"2 CB, 1 DE, 2 DT, 1 FS, 1 MLB, 2 OLB, 2 SS",CB;CB;DE;DT;DT;FS;MLB;OLB;OLB;SS;SS,11,6,4,ZONE_COVERAGE,COVER_4,True,00-0034261;00-0036417;00-0039150;00-0036139;00-0035084;00-0036795;00-0037229;00-0040187;00-0039342;00-0039491;00-0040124,Austin Corbett;Damien Lewis;Bryce Young;Rico Dowdle;Yosh Nijman;Jake Curhan;Ikem Ekwonu;Mitchell Evans;Xavier Legette;Jalen Coker;Tetairoa McMillan,00-0035133;00-0038408;00-0037083;00-0038387;00-0040041;00-0039813;00-0039850;00-0036932;00-0037074;00-0036388;00-0039867,Keisean Nixon;Carrington Valentine;Kingsley Enagbare;Colby Wooden;Nazir Stackhouse;Evan Williams;Edgerrin Cooper;Micah Parsons;Quay Walker;Xavier McKinney;Javon Bullard
2025_09_CAR_GB,671,run,6.0,39.0,33.0,42.0,2:02,1:20,,0.0,0.0,2.0,10.0,"2 CB, 1 DE, 2 DT, 1 FS, 1 MLB, 2 OLB, 2 SS",CB;CB;DE;DT;DT;FS;MLB;OLB;OLB;SS;SS,11,7,0,,,False,00-0034261;00-0036417;00-0039150;00-0036139;00-0035084;00-0036795;00-0037229;00-0040187;00-0039342;00-0039491;00-0040124,Austin Corbett;Damien Lewis;Bryce Young;Rico Dowdle;Yosh Nijman;Jake Curhan;Ikem Ekwonu;Mitchell Evans;Xavier Legette;Jalen Coker;Tetairoa McMillan,00-0035133;00-0038408;00-0034967;00-0038387;00-0038398;00-0039813;00-0039850;00-0036932;00-0037074;00-0036388;00-0039867,Keisean Nixon;Carrington Valentine;Rashan Gary;Colby Wooden;Karl Brooks;Evan Williams;Edgerrin Cooper;Micah Parsons;Quay Walker;Xavier McKinney;Javon Bullard
2025_09_CAR_GB,693,run,5.0,33.0,28.0,39.0,1:20,0:41,,0.0,0.0,3.0,4.0,"2 CB, 2 DE, 1 DT, 1 FS, 1 MLB, 2 OLB, 2 SS",CB;CB;DE;DE;DT;FS;MLB;OLB;OLB;SS;SS,11,6,0,,,False,00-0034261;00-0036417;00-0039150;00-0036139;00-0035084;00-0036795;00-0037229;00-0039356;00-0039491;00-0040124;00-0040218,Austin Corbett;Damien Lewis;Bryce Young;Rico Dowdle;Yosh Nijman;Jake Curhan;Ikem Ekwonu;Ja'Tavion Sanders;Jalen Coker;Tetairoa McMillan;Jimmy Horn Jr.,00-0035133;00-0038408;00-0034967;00-0037083;00-0038398;00-0039813;00-0039850;00-0036932;00-0037074;00-0036388;00-0039867,Keisean Nixon;Carrington Valentine;Rashan Gary;Kingsley Enagbare;Karl Brooks;Evan Williams;Edgerrin Cooper;Micah Parsons;Quay Walker;Xavier McKinney;Javon Bullard
2025_09_CAR_GB,715,run,3.0,28.0,25.0,41.0,0:41,0:00,,0.0,0.0,1.0,10.0,"2 CB, 1 DE, 2 DT, 1 FS, 1 MLB, 2 OLB, 2 SS",CB;CB;DE;DT;DT;FS;MLB;OLB;OLB;SS;SS,11,7,0,,,False,00-0034261;00-0036417;00-0039150;00-0036139;00-0035084;00-0036795;00-0037229;00-0037005;00-0039491;00-0040124;00-0040218,Austin Corbett;Damien Lewis;Bryce Young;Rico Dowdle;Yosh Nijman;Jake Curhan;Ikem Ekwonu;Tommy Tremble;Jalen Coker;Tetairoa McMillan;Jimmy Horn Jr.,00-0035133;00-0038408;00-0034967;00-0037075;00-0038398;00-0039813;00-0039850;00-0036932;00-0037074;00-0036388;00-0039867,Keisean Nixon;Carrington Valentine;Rashan Gary;Devonte Wyatt;Karl Brooks;Evan Williams;Edgerrin Cooper;Micah Parsons;Quay Walker;Xavier McKinney;Javon Bullard
2025_09_CAR_GB,737,start_quarter_2,,,,0.0,0:00,0:00,,0.0,0.0,,0.0,,,,,,,,,,,,
2025_09_CAR_GB,757,run,7.0,25.0,18.0,36.0,15:00,14:24,,0.0,0.0,2.0,7.0,"2 CB, 1 DE, 2 DT, 1 FS, 1 MLB, 2 OLB, 2 SS",CB;CB;DE;DT;DT;FS;MLB;OLB;OLB;SS;SS,11,6,0,,,False,00-0034261;00-0036417;00-0039150;00-0036555;00-0035084;00-0036795;00-0037229;00-0037005;00-0039491;00-0040124;00-0040218,Austin Corbett;Damien Lewis;Bryce Young;Chuba Hubbard;Yosh Nijman;Jake Curhan;Ikem Ekwonu;Tommy Tremble;Jalen Coker;Tetairoa McMillan;Jimmy Horn Jr.,00-0035133;00-0038408;00-0037083;00-0037075;00-0038387;00-0039813;00-0039850;00-0036932;00-0037074;00-0036388;00-0039867,Keisean Nixon;Carrington Valentine;Kingsley Enagbare;Devonte Wyatt;Colby Wooden;Evan Williams;Edgerrin Cooper;Micah Parsons;Quay Walker;Xavier McKinney;Javon Bullard
2025_09_CAR_GB,784,pass,0.0,18.0,18.0,40.0,14:24,13:44,,0.0,0.0,1.0,10.0,"2 CB, 1 DE, 2 DT, 1 FS, 2 MLB, 2 OLB, 1 SS",CB;CB;DE;DT;DT;FS;MLB;MLB;OLB;OLB;SS,11,6,5,ZONE_COVERAGE,COVER_3,True,00-0034261;00-0036417;00-0039150;00-0036555;00-0035084;00-0036795;00-0037229;00-0039356;00-0040187;00-0039342;00-0040124,Austin Corbett;Damien Lewis;Bryce Young;Chuba Hubbard;Yosh Nijman;Jake Curhan;Ikem Ekwonu;Ja'Tavion Sanders;Mitchell Evans;Xavier Legette;Tetairoa McMillan,00-0035133;00-0038408;00-0037083;00-0037075;00-0038387;00-0039813;00-0036658;00-0039850;00-0036932;00-0037074;00-0036388,Keisean Nixon;Carrington Valentine;Kingsley Enagbare;Devonte Wyatt;Colby Wooden;Evan Williams;Isaiah McDuffie;Edgerrin Cooper;Micah Parsons;Quay Walker;Xavier McKinney
2025_09_CAR_GB,814,run,-2.0,12.0,14.0,44.0,13:44,13:00,,0.0,0.0,2.0,4.0,"2 CB, 1 DE, 2 DT, 1 FS, 2 MLB, 2 OLB, 1 SS",CB;CB;DE;DT;DT;FS;MLB;MLB;OLB;OLB;SS,11,8,0,,,False,00-0034261;00-0036417;00-0039150;00-0036139;00-0035084;00-0036795;00-0037229;00-0039356;00-0040187;00-0039342;00-0040124,Austin Corbett;Damien Lewis;Bryce Young;Rico Dowdle;Yosh Nijman;Jake Curhan;Ikem Ekwonu;Ja'Tavion Sanders;Mitchell Evans;Xavier Legette;Tetairoa McMillan,00-0035133;00-0038408;00-0037083;00-0037075;00-0038387;00-0039813;00-0036658;00-0039850;00-0036932;00-0037074;00-0036388,Keisean Nixon;Carrington Valentine;Kingsley Enagbare;Devonte Wyatt;Colby Wooden;Evan Williams;Isaiah McDuffie;Edgerrin Cooper;Micah Parsons;Quay Walker;Xavier McKinney
2025_09_CAR_GB,836,turnover,0.0,14.0,14.0,5.0,13:00,12:55,,0.0,0.0,3.0,6.0,"3 CB, 2 DE, 1 DT, 1 FS, 1 MLB, 2 OLB, 1 SS",CB;CB;CB;DE;DE;DT;FS;MLB;OLB;OLB;SS,11,6,5,MAN_COVERAGE,COVER_1,False,00-0034261;00-0036417;00-0039150;00-0036139;00-0035084;00-0036795;00-0037229;00-0039356;00-0039342;00-0039491;00-0040124,Austin Corbett;Damien Lewis;Bryce Young;Rico Dowdle;Yosh Nijman;Jake Curhan;Ikem Ekwonu;Ja'Tavion Sanders;Xavier Legette;Jalen Coker;Tetairoa McMillan,00-0035133;00-0036871;00-0038408;00-0034967;00-0037083;00-0038398;00-0039813;00-0039850;00-0036932;00-0037074;00-0036388,Keisean Nixon;Nate Hobbs;Carrington Valentine;Rashan Gary;Kingsley Enagbare;Karl Brooks;Evan Williams;Edgerrin Cooper;Micah Parsons;Quay Walker;Xavier McKinney
2025_09_CAR_GB,864,pass,-2.0,80.0,82.0,40.0,12:55,12:15,,0.0,0.0,1.0,10.0,"3 CB, 1 DE, 1 DT, 1 FS, 2 ILB, 2 OLB, 1 SS",CB;CB;CB;DE;DT;FS;ILB;ILB;OLB;OLB;SS,11,6,4,ZONE_COVERAGE,COVER_4,False,00-0035526;00-0037076;00-0039904;00-0036264;00-0035700;00-0038685;00-0037817;00-0037196;00-0038996;00-0038124;00-0037816,Elgton Jenkins;Sean Rhyan;Jordan Morgan;Jordan Love;Josh Jacobs;Chris Brooks;Zach Tom;Rasheed Walker;Tucker Kraft;Christian Watson;Romeo Doubs,00-0035277;00-0036944;00-0039380;00-0036220;00-0035890;00-0035669;00-0035942;00-0039347;00-0036335;00-0040746;00-0036962,Mike Jackson;Jaycee Horn;Chau Smith-Wade;Derrick Brown;Tershawn Wharton;Nick Scott;Christian Rozeboom;Trevin Wallace;D.J. Wonnum;Nic Scourton;Tre'von Moehrig
2025_09_CAR_GB,896,pass,0.0,82.0,82.0,7.0,12:15,12:08,,0.0,0.0,2.0,12.0,"3 CB, 1 DE, 1 DT, 1 FS, 2 ILB, 2 OLB, 1 SS",CB;CB;CB;DE;DT;FS;ILB;ILB;OLB;OLB;SS,11,6,4,ZONE_COVERAGE,COVER_3,False,00-0035526;00-0037076;00-0039904;00-0036264;00-0035700;00-0037817;00-0037196;00-0039144;00-0037816;00-0038465;00-0040667,Elgton Jenkins;Sean Rhyan;Jordan Morgan;Jordan Love;Josh Jacobs;Zach Tom;Rasheed Walker;Luke Musgrave;Romeo Doubs;Malik Heath;Matthew Golden,00-0035277;00-0036944;00-0039380;00-0036220;00-0035890;00-0035669;00-0035942;00-0039347;00-0036335;00-0040746;00-0036962,Mike Jackson;Jaycee Horn;Chau Smith-Wade;Derrick Brown;Tershawn Wharton;Nick Scott;Christian Rozeboom;Trevin Wallace;D.J. Wonnum;Nic Scourton;Tre'von Moehrig
2025_09_CAR_GB,919,pass,52.0,82.0,30.0,39.0,12:08,11:29,,0.0,0.0,3.0,12.0,"3 CB, 1 DE, 1 DT, 1 FS, 1 ILB, 2 OLB, 2 SS",CB;CB;CB;DE;DT;FS;ILB;OLB;OLB;SS;SS,11,4,4,ZONE_COVERAGE,COVER_4,False,00-0035526;00-0037076;00-0039904;00-0036264;00-0038685;00-0037817;00-0037196;00-0038996;00-0038124;00-0037816;00-0038465,Elgton Jenkins;Sean Rhyan;Jordan Morgan;Jordan Love;Chris Brooks;Zach Tom;Rasheed Walker;Tucker Kraft;Christian Watson;Romeo Doubs;Malik Heath,00-0035277;00-0036944;00-0039380;00-0036220;00-0035890;00-0035669;00-0039347;00-0036335;00-0040746;00-0036962;00-0040159,Mike Jackson;Jaycee Horn;Chau Smith-Wade;Derrick Brown;Tershawn Wharton;Nick Scott;Trevin Wallace;D.J. Wonnum;Nic Scourton;Tre'von Moehrig;Lathan Ransom
2025_09_CAR_GB,944,run,8.0,30.0,22.0,39.0,11:29,10:50,,0.0,0.0,1.0,10.0,"3 CB, 1 DE, 1 DT, 1 FS, 1 ILB, 2 OLB, 2 SS",CB;CB;CB;DE;DT;FS;ILB;OLB;OLB;SS;SS,11,6,0,,,False,00-0035526;00-0037076;00-0039904;00-0036264;00-0035700;00-0037817;00-0037196;00-0038996;00-0038124;00-0037816;00-0038465,Elgton Jenkins;Sean Rhyan;Jordan Morgan;Jordan Love;Josh Jacobs;Zach Tom;Rasheed Walker;Tucker Kraft;Christian Watson;Romeo Doubs;Malik Heath,00-0035277;00-0036944;00-0039380;00-0036220;00-0035890;00-0035669;00-0039347;00-0036335;00-0040746;00-0036962;00-0040159,Mike Jackson;Jaycee Horn;Chau Smith-Wade;Derrick Brown;Tershawn Wharton;Nick Scott;Trevin Wallace;D.J. Wonnum;Nic Scourton;Tre'von Moehrig;Lathan Ransom
2025_09_CAR_GB,966,run,4.0,22.0,18.0,43.0,10:50,10:07,,0.0,0.0,2.0,2.0,"2 CB, 2 DE, 1 DT, 1 FS, 2 ILB, 1 OLB, 2 SS",CB;CB;DE;DE;DT;FS;ILB;ILB;OLB;SS;SS,11,6,0,,,False,00-0035526;00-0037076;00-0039904;00-0036264;00-0035700;00-0037817;00-0037196;00-0038996;00-0037816;00-0038465;00-0040009,Elgton Jenkins;Sean Rhyan;Jordan Morgan;Jordan Love;Josh Jacobs;Zach Tom;Rasheed Walker;Tucker Kraft;Romeo Doubs;Malik Heath;Savion Williams,00-0035277;00-0036944;00-0032889;00-0036220;00-0035890;00-0035669;00-0035942;00-0039347;00-0040746;00-0036962;00-0040159,Mike Jackson;Jaycee Horn;A'Shawn Robinson;Derrick Brown;Tershawn Wharton;Nick Scott;Christian Rozeboom;Trevin Wallace;Nic Scourton;Tre'von Moehrig;Lathan Ransom
2025_09_CAR_GB,988,run,4.0,18.0,14.0,37.0,10:07,9:30,,0.0,0.0,1.0,10.0,"2 CB, 2 DE, 1 DT, 1 FS, 2 ILB, 2 OLB, 1 SS",CB;CB;DE;DE;DT;FS;ILB;ILB;OLB;OLB;SS,11,7,0,,,False,00-0035526;00-0037076;00-0039904;00-0036264;00-0035700;00-0037817;00-0037196;00-0039144;00-0038996;00-0037816;00-0038465,Elgton Jenkins;Sean Rhyan;Jordan Morgan;Jordan Love;Josh Jacobs;Zach Tom;Rasheed Walker;Luke Musgrave;Tucker Kraft;Romeo Doubs;Malik Heath,00-0035277;00-0036944;00-0032889;00-0036220;00-0035890;00-0035669;00-0035942;00-0039347;00-0036335;00-0040746;00-0036962,Mike Jackson;Jaycee Horn;A'Shawn Robinson;Derrick Brown;Tershawn Wharton;Nick Scott;Christian Rozeboom;Trevin Wallace;D.J. Wonnum;Nic Scourton;Tre'von Moehrig
2025_09_CAR_GB,1010,no_play,0.0,14.0,14.0,23.0,9:30,9:07,,0.0,0.0,2.0,6.0,"2 CB, 2 DE, 1 DT, 1 FS, 2 ILB, 2 OLB, 1 SS",CB;CB;DE;DE;DT;FS;ILB;ILB;OLB;OLB;SS,11,0,0,,,False,00-0035526;00-0037076;00-0039904;00-0036264;00-0035700;00-0037817;00-0037196;00-0039144;00-0038996;00-0038124;00-0037816,Elgton Jenkins;Sean Rhyan;Jordan Morgan;Jordan Love;Josh Jacobs;Zach Tom;Rasheed Walker;Luke Musgrave;Tucker Kraft;Christian Watson;Romeo Doubs,00-0035277;00-0036944;00-0032889;00-0036220;00-0035890;00-0035669;00-0035942;00-0039347;00-0036335;00-0040746;00-0036962,Mike Jackson;Jaycee Horn;A'Shawn Robinson;Derrick Brown;Tershawn Wharton;Nick Scott;Christian Rozeboom;Trevin Wallace;D.J. Wonnum;Nic Scourton;Tre'von Moehrig
2025_09_CAR_GB,1049,pass,-8.0,18.0,26.0,42.0,9:07,8:25,,0.0,0.0,2.0,10.0,"3 CB, 1 DE, 1 DT, 1 FS, 2 ILB, 2 OLB, 1 SS",CB;CB;CB;DE;DT;FS;ILB;ILB;OLB;OLB;SS,11,6,4,ZONE_COVERAGE,COVER_3,True,00-0035526;00-0037076;00-0039904;00-0036264;00-0035700;00-0037817;00-0037196;00-0038996;00-0038124;00-0037816;00-0038465,Elgton Jenkins;Sean Rhyan;Jordan Morgan;Jordan Love;Josh Jacobs;Zach Tom;Rasheed Walker;Tucker Kraft;Christian Watson;Romeo Doubs;Malik Heath,00-0035277;00-0036944;00-0039380;00-0032889;00-0035890;00-0035669;00-0035942;00-0039347;00-0036335;00-0040746;00-0036962,Mike Jackson;Jaycee Horn;Chau Smith-Wade;A'Shawn Robinson;Tershawn Wharton;Nick Scott;Christian Rozeboom;Trevin Wallace;D.J. Wonnum;Nic Scourton;Tre'von Moehrig
2025_09_CAR_GB,1082,no_play,0.0,26.0,26.0,23.0,8:25,8:02,,0.0,0.0,3.0,18.0,"3 CB, 1 DE, 1 DT, 1 FS, 1 ILB, 2 OLB, 2 SS",CB;CB;CB;DE;DT;FS;ILB;OLB;OLB;SS;SS,11,0,0,,,False,00-0035526;00-0037076;00-0039904;00-0036264;00-0038797;00-0037817;00-0037196;00-0038996;00-0038124;00-0037816;00-0040009,Elgton Jenkins;Sean Rhyan;Jordan Morgan;Jordan Love;Emanuel Wilson;Zach Tom;Rasheed Walker;Tucker Kraft;Christian Watson;Romeo Doubs;Savion Williams,00-0035277;00-0036944;00-0039380;00-0032889;00-0035890;00-0035669;00-0039347;00-0036335;00-0040746;00-0036962;00-0040159,Mike Jackson;Jaycee Horn;Chau Smith-Wade;A'Shawn Robinson;Tershawn Wharton;Nick Scott;Trevin Wallace;D.J. Wonnum;Nic Scourton;Tre'von Moehrig;Lathan Ransom
2025_09_CAR_GB,1106,pass,0.0,31.0,31.0,5.0,8:02,7:57,,0.0,0.0,3.0,23.0,"3 CB, 1 DE, 1 DT, 1 FS, 1 ILB, 2 OLB, 2 SS",CB;CB;CB;DE;DT;FS;ILB;OLB;OLB;SS;SS,11,4,4,ZONE_COVERAGE,COVER_4,False,00-0035526;00-0037076;00-0039904;00-0036264;00-0038797;00-0037817;00-0037196;00-0038996;00-0038124;00-0037816;00-0040009,Elgton Jenkins;Sean Rhyan;Jordan Morgan;Jordan Love;Emanuel Wilson;Zach Tom;Rasheed Walker;Tucker Kraft;Christian Watson;Romeo Doubs;Savion Williams,00-0035277;00-0036944;00-0039380;00-0032889;00-0035890;00-0035669;00-0039347;00-0036335;00-0040746;00-0036962;00-0040159,Mike Jackson;Jaycee Horn;Chau Smith-Wade;A'Shawn Robinson;Tershawn Wharton;Nick Scott;Trevin Wallace;D.J. Wonnum;Nic Scourton;Tre'von Moehrig;Lathan Ransom
2025_09_CAR_GB,1129,field_goal,0.0,31.0,31.0,4.0,7:57,7:53,,3.0,0.0,4.0,23.0,"2 CB, 2 DE, 2 DT, 1 FS, 1 ILB, 2 OLB, 1 SS",CB;CB;DE;DE;DT;DT;FS;ILB;OLB;OLB;SS,11,0,0,,,False,00-0035526;00-0038398;00-0037076;00-0039904;00-0029822;00-0035118;00-0037547;00-0037817;00-0037194;00-0037196;00-0040726,Elgton Jenkins;Karl Brooks;Sean Rhyan;Jordan Morgan;Brandon McManus;Matthew Orzech;Daniel Whelan;Zach Tom;Darian Kinnard;Rasheed Walker;Anthony Belton,00-0035277;00-0039380;00-0032889;00-0036220;00-0035890;00-0036903;00-0039601;00-0038493;00-0038791;00-0040746;00-0040159,Mike Jackson;Chau Smith-Wade;A'Shawn Robinson;Derrick Brown;Tershawn Wharton;Bobby Brown III;Demani Richardson;Claudin Cherelus;Thomas Incoom;Nic Scourton;Lathan Ransom
2025_09_CAR_GB,1149,kickoff,0.0,35.0,35.0,6.0,7:53,7:47,,3.0,0.0,,0.0,"1 DE, 2 FS, 1 K, 2 MLB, 1 OLB, 1 RB, 3 SS",DE;FS;FS;K;MLB;MLB;OLB;RB;SS;SS;SS,11,0,0,,,False,00-0036305;00-0038493;00-0039637;00-0040289;00-0038791;00-0036555;00-0040644;00-0037005;00-0039356;00-0040187;00-0038840,Trevis Gipson;Claudin Cherelus;Maema Njongmeta;Bam Martin-Scott;Thomas Incoom;Chuba Hubbard;Trevor Etienne;Tommy Tremble;Ja'Tavion Sanders;Mitchell Evans;Brycen Tremayne,00-0037364;00-0036677;00-0039813;00-0029822;00-0036157;00-0036658;00-0039812;00-0038685;00-0036388;00-0039867;00-0039818,Arron Mosby;Zayne Anderson;Evan Williams;Brandon McManus;Kristian Welch;Isaiah McDuffie;Ty'Ron Hopper;Chris Brooks;Xavier McKinney;Javon Bullard;Kitan Oladapo
2025_09_CAR_GB,1190,kickoff,0.0,30.0,30.0,6.0,7:47,7:41,,3.0,0.0,,0.0,"1 DE, 2 FS, 1 K, 2 MLB, 1 OLB, 1 RB, 3 SS",DE;FS;FS;K;MLB;MLB;OLB;RB;SS;SS;SS,11,0,0,,,False,00-0036305;00-0038493;00-0039637;00-0040289;00-0038791;00-0036555;00-0040644;00-0037005;00-0039356;00-0040187;00-0038840,Trevis Gipson;Claudin Cherelus;Maema Njongmeta;Bam Martin-Scott;Thomas Incoom;Chuba Hubbard;Trevor Etienne;Tommy Tremble;Ja'Tavion Sanders;Mitchell Evans;Brycen Tremayne,00-0037364;00-0036677;00-0039813;00-0029822;00-0036157;00-0036658;00-0039812;00-0038685;00-0036388;00-0039867;00-0039818,Arron Mosby;Zayne Anderson;Evan Williams;Brandon McManus;Kristian Welch;Isaiah McDuffie;Ty'Ron Hopper;Chris Brooks;Xavier McKinney;Javon Bullard;Kitan Oladapo
2025_09_CAR_GB,1213,run,29.0,76.0,47.0,63.0,7:41,6:38,,3.0,0.0,1.0,10.0,"2 CB, 1 DE, 2 DT, 1 FS, 1 MLB, 2 OLB, 2 SS",CB;CB;DE;DT;DT;FS;MLB;OLB;OLB;SS;SS,11,6,0,,,False,00-0034261;00-0036417;00-0039150;00-0036139;00-0035084;00-0036795;00-0037229;00-0037005;00-0039491;00-0040124;00-0040218,Austin Corbett;Damien Lewis;Bryce Young;Rico Dowdle;Yosh Nijman;Jake Curhan;Ikem Ekwonu;Tommy Tremble;Jalen Coker;Tetairoa McMillan;Jimmy Horn Jr.,00-0035133;00-0036871;00-0034967;00-0037075;00-0038387;00-0039813;00-0039850;00-0036932;00-0037074;00-0036388;00-0039867,Keisean Nixon;Nate Hobbs;Rashan Gary;Devonte Wyatt;Colby Wooden;Evan Williams;Edgerrin Cooper;Micah Parsons;Quay Walker;Xavier McKinney;Javon Bullard
2025_09_CAR_GB,1235,run,3.0,47.0,44.0,43.0,6:38,5:55,,3.0,0.0,1.0,10.0,"2 CB, 1 DE, 2 DT, 1 FS, 1 MLB, 2 OLB, 2 SS",CB;CB;DE;DT;DT;FS;MLB;OLB;OLB;SS;SS,11,7,0,,,False,00-0034261;00-0036417;00-0039150;00-0036555;00-0035084;00-0036795;00-0037229;00-0037005;00-0039342;00-0039491;00-0040124,Austin Corbett;Damien Lewis;Bryce Young;Chuba Hubbard;Yosh Nijman;Jake Curhan;Ikem Ekwonu;Tommy Tremble;Xavier Legette;Jalen Coker;Tetairoa McMillan,00-0035133;00-0036871;00-0034967;00-0037075;00-0038387;00-0039813;00-0039850;00-0036932;00-0037074;00-0036388;00-0039867,Keisean Nixon;Nate Hobbs;Rashan Gary;Devonte Wyatt;Colby Wooden;Evan Williams;Edgerrin Cooper;Micah Parsons;Quay Walker;Xavier McKinney;Javon Bullard
2025_09_CAR_GB,1262,run,2.0,44.0,42.0,43.0,5:55,5:12,,3.0,0.0,2.0,7.0,"2 CB, 1 DE, 2 DT, 2 MLB, 2 OLB, 2 SS",CB;CB;DE;DT;DT;MLB;MLB;OLB;OLB;SS;SS,11,8,0,,,False,00-0034261;00-0036417;00-0039150;00-0036555;00-0035084;00-0036795;00-0037229;00-0037005;00-0039356;00-0040187;00-0038840,Austin Corbett;Damien Lewis;Bryce Young;Chuba Hubbard;Yosh Nijman;Jake Curhan;Ikem Ekwonu;Tommy Tremble;Ja'Tavion Sanders;Mitchell Evans;Brycen Tremayne,00-0035133;00-0036871;00-0034967;00-0037075;00-0040041;00-0036658;00-0039850;00-0036932;00-0037074;00-0036388;00-0039867,Keisean Nixon;Nate Hobbs;Rashan Gary;Devonte Wyatt;Nazir Stackhouse;Isaiah McDuffie;Edgerrin Cooper;Micah Parsons;Quay Walker;Xavier McKinney;Javon Bullard
2025_09_CAR_GB,1284,pass,22.0,42.0,20.0,26.0,5:12,4:46,,3.0,0.0,3.0,5.0,"3 CB, 1 DE, 2 DT, 1 FS, 1 MLB, 2 OLB, 1 SS",CB;CB;CB;DE;DT;DT;FS;MLB;OLB;OLB;SS,11,5,4,ZONE_COVERAGE,COVER_2,False,00-0034261;00-0036417;00-0039150;00-0036555;00-0035084;00-0036795;00-0037229;00-0039356;00-0039342;00-0039491;00-0040124,Austin Corbett;Damien Lewis;Bryce Young;Chuba Hubbard;Yosh Nijman;Jake Curhan;Ikem Ekwonu;Ja'Tavion Sanders;Xavier Legette;Jalen Coker;Tetairoa McMillan,00-0035133;00-0036871;00-0038408;00-0034967;00-0037075;00-0038398;00-0039813;00-0039850;00-0036932;00-0037074;00-0036388,Keisean Nixon;Nate Hobbs;Carrington Valentine;Rashan Gary;Devonte Wyatt;Karl Brooks;Evan Williams;Edgerrin Cooper;Micah Parsons;Quay Walker;Xavier McKinney
2025_09_CAR_GB,1323,no_play,0.0,20.0,20.0,5.0,4:46,4:41,,3.0,0.0,1.0,10.0,"2 CB, 1 DE, 2 DT, 1 FS, 1 MLB, 2 OLB, 2 SS",CB;CB;DE;DT;DT;FS;MLB;OLB;OLB;SS;SS,11,7,5,ZONE_COVERAGE,COVER_3,False,00-0034261;00-0036417;00-0039150;00-0036555;00-0035084;00-0036795;00-0037229;00-0037005;00-0038840;00-0039491;00-0040124,Austin Corbett;Damien Lewis;Bryce Young;Chuba Hubbard;Yosh Nijman;Jake Curhan;Ikem Ekwonu;Tommy Tremble;Brycen Tremayne;Jalen Coker;Tetairoa McMillan,00-0035133;00-0036871;00-0037083;00-0037075;00-0038398;00-0039813;00-0039850;00-0036932;00-0037074;00-0036388;00-0039867,Keisean Nixon;Nate Hobbs;Kingsley Enagbare;Devonte Wyatt;Karl Brooks;Evan Williams;Edgerrin Cooper;Micah Parsons;Quay Walker;Xavier McKinney;Javon Bullard
2025_09_CAR_GB,1374,run,1.0,15.0,14.0,39.0,4:41,4:02,,3.0,0.0,1.0,10.0,"2 CB, 1 DE, 2 DT, 1 FS, 1 MLB, 2 OLB, 2 SS",CB;CB;DE;DT;DT;FS;MLB;OLB;OLB;SS;SS,11,7,0,,,False,00-0034261;00-0036417;00-0039150;00-0036555;00-0035084;00-0036795;00-0037229;00-0037005;00-0038840;00-0039491;00-0040124,Austin Corbett;Damien Lewis;Bryce Young;Chuba Hubbard;Yosh Nijman;Jake Curhan;Ikem Ekwonu;Tommy Tremble;Brycen Tremayne;Jalen Coker;Tetairoa McMillan,00-0035133;00-0036871;00-0037083;00-0037075;00-0038398;00-0039813;00-0039850;00-0036932;00-0037074;00-0036388;00-0039867,Keisean Nixon;Nate Hobbs;Kingsley Enagbare;Devonte Wyatt;Karl Brooks;Evan Williams;Edgerrin Cooper;Micah Parsons;Quay Walker;Xavier McKinney;Javon Bullard
2025_09_CAR_GB,1396,pass,0.0,14.0,14.0,3.0,4:02,3:59,,3.0,0.0,2.0,9.0,"2 CB, 1 DE, 2 DT, 1 FS, 1 MLB, 2 OLB, 2 SS",CB;CB;DE;DT;DT;FS;MLB;OLB;OLB;SS;SS,11,6,4,ZONE_COVERAGE,COVER_4,True,00-0034261;00-0036417;00-0039150;00-0036555;00-0035084;00-0036795;00-0037229;00-0037005;00-0039491;00-0040124;00-0040218,Austin Corbett;Damien Lewis;Bryce Young;Chuba Hubbard;Yosh Nijman;Jake Curhan;Ikem Ekwonu;Tommy Tremble;Jalen Coker;Tetairoa McMillan;Jimmy Horn Jr.,00-0035133;00-0036871;00-0037083;00-0037075;00-0038398;00-0039813;00-0039850;00-0036932;00-0037074;00-0036388;00-0039867,Keisean Nixon;Nate Hobbs;Kingsley Enagbare;Devonte Wyatt;Karl Brooks;Evan Williams;Edgerrin Cooper;Micah Parsons;Quay Walker;Xavier McKinney;Javon Bullard
2025_09_CAR_GB,1419,pass,8.0,14.0,6.0,44.0,3:59,3:15,,3.0,0.0,3.0,9.0,"2 CB, 2 DE, 1 DT, 1 FS, 1 MLB, 2 OLB, 2 SS",CB;CB;DE;DE;DT;FS;MLB;OLB;OLB;SS;SS,11,4,4,ZONE_COVERAGE,COVER_2,False,00-0034261;00-0036417;00-0039150;00-0035084;00-0036795;00-0037229;00-0039356;00-0038840;00-0039491;00-0040124;00-0040218,Austin Corbett;Damien Lewis;Bryce Young;Yosh Nijman;Jake Curhan;Ikem Ekwonu;Ja'Tavion Sanders;Brycen Tremayne;Jalen Coker;Tetairoa McMillan;Jimmy Horn Jr.,00-0035133;00-0036871;00-0034967;00-0037083;00-0038398;00-0039813;00-0039850;00-0036932;00-0037074;00-0036388;00-0039867,Keisean Nixon;Nate Hobbs;Rashan Gary;Kingsley Enagbare;Karl Brooks;Evan Williams;Edgerrin Cooper;Micah Parsons;Quay Walker;Xavier McKinney;Javon Bullard
2025_09_CAR_GB,1444,run,1.0,6.0,5.0,44.0,3:15,2:31,,3.0,0.0,4.0,1.0,"2 CB, 1 DE, 2 DT, 1 FS, 1 MLB, 2 OLB, 2 SS",CB;CB;DE;DT;DT;FS;MLB;OLB;OLB;SS;SS,11,9,0,,,False,00-0034261;00-0036417;00-0039150;00-0036139;00-0035084;00-0036795;00-0037229;00-0039356;00-0038840;00-0039491;00-0040124,Austin Corbett;Damien Lewis;Bryce Young;Rico Dowdle;Yosh Nijman;Jake Curhan;Ikem Ekwonu;Ja'Tavion Sanders;Brycen Tremayne;Jalen Coker;Tetairoa McMillan,00-0035133;00-0036871;00-0034967;00-0038398;00-0040041;00-0039813;00-0039850;00-0036932;00-0037074;00-0036388;00-0039867,Keisean Nixon;Nate Hobbs;Rashan Gary;Karl Brooks;Nazir Stackhouse;Evan Williams;Edgerrin Cooper;Micah Parsons;Quay Walker;Xavier McKinney;Javon Bullard
2025_09_CAR_GB,1471,pass,0.0,5.0,5.0,5.0,2:31,2:26,,3.0,0.0,1.0,5.0,"2 CB, 1 DE, 2 DT, 1 FS, 1 MLB, 2 OLB, 2 SS",CB;CB;DE;DT;DT;FS;MLB;OLB;OLB;SS;SS,11,6,4,ZONE_COVERAGE,COVER_4,False,00-0034261;00-0036417;00-0039150;00-0036139;00-0035084;00-0036795;00-0037229;00-0040187;00-0039491;00-0040124;00-0040218,Austin Corbett;Damien Lewis;Bryce Young;Rico Dowdle;Yosh Nijman;Jake Curhan;Ikem Ekwonu;Mitchell Evans;Jalen Coker;Tetairoa McMillan;Jimmy Horn Jr.,00-0035133;00-0036871;00-0034967;00-0038398;00-0040041;00-0039813;00-0039850;00-0036932;00-0037074;00-0036388;00-0039867,Keisean Nixon;Nate Hobbs;Rashan Gary;Karl Brooks;Nazir Stackhouse;Evan Williams;Edgerrin Cooper;Micah Parsons;Quay Walker;Xavier McKinney;Javon Bullard
2025_09_CAR_GB,1494,run,5.0,5.0,0.0,4.0,2:26,2:22,,3.0,6.0,2.0,5.0,"2 CB, 1 DE, 2 DT, 2 MLB, 2 OLB, 2 SS",CB;CB;DE;DT;DT;MLB;MLB;OLB;OLB;SS;SS,11,8,0,,,False,00-0034261;00-0036417;00-0039150;00-0036139;00-0035084;00-0036795;00-0037229;00-0037005;00-0039356;00-0040187;00-0038840,Austin Corbett;Damien Lewis;Bryce Young;Rico Dowdle;Yosh Nijman;Jake Curhan;Ikem Ekwonu;Tommy Tremble;Ja'Tavion Sanders;Mitchell Evans;Brycen Tremayne,00-0035133;00-0036871;00-0034967;00-0037075;00-0038398;00-0036658;00-0039850;00-0036932;00-0037074;00-0036388;00-0039867,Keisean Nixon;Nate Hobbs;Rashan Gary;Devonte Wyatt;Karl Brooks;Isaiah McDuffie;Edgerrin Cooper;Micah Parsons;Quay Walker;Xavier McKinney;Javon Bullard
2025_09_CAR_GB,1522,extra_point,0.0,15.0,15.0,0.0,2:22,2:22,,3.0,7.0,,0.0,"2 CB, 2 DE, 3 DT, 2 MLB, 1 OLB, 1 SS",CB;CB;DE;DE;DT;DT;DT;MLB;MLB;OLB;SS,11,0,0,,,False,00-0034261;00-0039237;00-0036417;00-0040279;00-0026027;00-0030092;00-0033284;00-0035084;00-0036795;00-0037229;00-0039356,Austin Corbett;Nick Samac;Damien Lewis;Ryan Fitzgerald;J.J. Jansen;Sam Martin;Taylor Moton;Yosh Nijman;Jake Curhan;Ikem Ekwonu;Ja'Tavion Sanders,00-0035133;00-0036871;00-0037083;00-0037364;00-0037075;00-0038398;00-0040041;00-0036658;00-0039850;00-0037074;00-0036388,Keisean Nixon;Nate Hobbs;Kingsley Enagbare;Arron Mosby;Devonte Wyatt;Karl Brooks;Nazir Stackhouse;Isaiah McDuffie;Edgerrin Cooper;Quay Walker;Xavier McKinney
2025_09_CAR_GB,1537,kickoff,0.0,35.0,35.0,8.0,2:22,2:14,,3.0,7.0,,0.0,"2 CB, 1 DE, 1 FS, 3 ILB, 1 K, 2 OLB, 1 SS",CB;CB;DE;FS;ILB;ILB;ILB;K;OLB;OLB;SS,11,0,0,,,False,00-0037091;00-0037364;00-0036677;00-0036157;00-0036658;00-0039812;00-0038685;00-0039818;00-0039144;00-0038465;00-0040009,Bo Melton;Arron Mosby;Zayne Anderson;Kristian Welch;Isaiah McDuffie;Ty'Ron Hopper;Chris Brooks;Kitan Oladapo;Luke Musgrave;Malik Heath;Savion Williams,00-0038101;00-0040296;00-0036305;00-0039601;00-0038493;00-0039637;00-0040289;00-0040279;00-0037179;00-0038791;00-0040159,Akayleb Evans;Corey Thornton;Trevis Gipson;Demani Richardson;Claudin Cherelus;Maema Njongmeta;Bam Martin-Scott;Ryan Fitzgerald;Jeremiah Moon;Thomas Incoom;Lathan Ransom
2025_09_CAR_GB,1567,run,8.0,58.0,50.0,14.0,2:14,2:00,,3.0,7.0,1.0,10.0,"3 CB, 1 DE, 1 DT, 1 FS, 2 ILB, 2 OLB, 1 SS",CB;CB;CB;DE;DT;FS;ILB;ILB;OLB;OLB;SS,11,7,0,,,False,00-0035526;00-0037076;00-0039904;00-0036264;00-0035700;00-0037817;00-0037196;00-0038996;00-0038124;00-0037816;00-0040667,Elgton Jenkins;Sean Rhyan;Jordan Morgan;Jordan Love;Josh Jacobs;Zach Tom;Rasheed Walker;Tucker Kraft;Christian Watson;Romeo Doubs;Matthew Golden,00-0035277;00-0036944;00-0039380;00-0036220;00-0035890;00-0035669;00-0035942;00-0039347;00-0036335;00-0040746;00-0036962,Mike Jackson;Jaycee Horn;Chau Smith-Wade;Derrick Brown;Tershawn Wharton;Nick Scott;Christian Rozeboom;Trevin Wallace;D.J. Wonnum;Nic Scourton;Tre'von Moehrig
2025_09_CAR_GB,1589,no_play,0.0,50.0,50.0,4.0,2:00,1:56,,3.0,7.0,2.0,2.0,"3 CB, 1 DE, 1 DT, 1 FS, 2 ILB, 2 OLB, 1 SS",CB;CB;CB;DE;DT;FS;ILB;ILB;OLB;OLB;SS,11,6,0,,,False,00-0035526;00-0037076;00-0039904;00-0036264;00-0035700;00-0037817;00-0037196;00-0038996;00-0038124;00-0037816;00-0040667,Elgton Jenkins;Sean Rhyan;Jordan Morgan;Jordan Love;Josh Jacobs;Zach Tom;Rasheed Walker;Tucker Kraft;Christian Watson;Romeo Doubs;Matthew Golden,00-0035277;00-0036944;00-0039380;00-0036220;00-0035890;00-0035669;00-0035942;00-0039347;00-0036335;00-0040746;00-0036962,Mike Jackson;Jaycee Horn;Chau Smith-Wade;Derrick Brown;Tershawn Wharton;Nick Scott;Christian Rozeboom;Trevin Wallace;D.J. Wonnum;Nic Scourton;Tre'von Moehrig
2025_09_CAR_GB,1629,pass,10.0,60.0,50.0,31.0,1:56,1:25,,3.0,7.0,2.0,12.0,"3 CB, 1 DE, 1 DT, 1 FS, 2 ILB, 2 OLB, 1 SS",CB;CB;CB;DE;DT;FS;ILB;ILB;OLB;OLB;SS,11,6,5,MAN_COVERAGE,COVER_1,False,00-0035526;00-0037076;00-0039904;00-0036264;00-0035700;00-0037817;00-0037196;00-0038996;00-0038124;00-0037816;00-0040667,Elgton Jenkins;Sean Rhyan;Jordan Morgan;Jordan Love;Josh Jacobs;Zach Tom;Rasheed Walker;Tucker Kraft;Christian Watson;Romeo Doubs;Matthew Golden,00-0035277;00-0036944;00-0039380;00-0036220;00-0035890;00-0035669;00-0035942;00-0039347;00-0036335;00-0040746;00-0036962,Mike Jackson;Jaycee Horn;Chau Smith-Wade;Derrick Brown;Tershawn Wharton;Nick Scott;Christian Rozeboom;Trevin Wallace;D.J. Wonnum;Nic Scourton;Tre'von Moehrig
2025_09_CAR_GB,1654,run,2.0,50.0,48.0,21.0,1:25,1:04,,3.0,7.0,3.0,2.0,"3 CB, 1 DE, 1 DT, 1 FS, 2 ILB, 2 OLB, 1 SS",CB;CB;CB;DE;DT;FS;ILB;ILB;OLB;OLB;SS,11,6,0,,,False,00-0035526;00-0037076;00-0039904;00-0036264;00-0035700;00-0037817;00-0037196;00-0038996;00-0038124;00-0037816;00-0040667,Elgton Jenkins;Sean Rhyan;Jordan Morgan;Jordan Love;Josh Jacobs;Zach Tom;Rasheed Walker;Tucker Kraft;Christian Watson;Romeo Doubs;Matthew Golden,00-0035277;00-0036944;00-0039380;00-0036220;00-0035890;00-0035669;00-0035942;00-0039347;00-0036335;00-0040746;00-0036962,Mike Jackson;Jaycee Horn;Chau Smith-Wade;Derrick Brown;Tershawn Wharton;Nick Scott;Christian Rozeboom;Trevin Wallace;D.J. Wonnum;Nic Scourton;Tre'von Moehrig
2025_09_CAR_GB,1676,no_play,0.0,48.0,48.0,3.0,1:04,1:01,,3.0,7.0,1.0,10.0,"3 CB, 1 DE, 1 DT, 1 FS, 2 ILB, 2 OLB, 1 SS",CB;CB;CB;DE;DT;FS;ILB;ILB;OLB;OLB;SS,11,6,0,,,False,00-0035526;00-0037076;00-0039904;00-0036264;00-0035700;00-0037817;00-0037196;00-0038996;00-0038124;00-0037816;00-0040667,Elgton Jenkins;Sean Rhyan;Jordan Morgan;Jordan Love;Josh Jacobs;Zach Tom;Rasheed Walker;Tucker Kraft;Christian Watson;Romeo Doubs;Matthew Golden,00-0035277;00-0036944;00-0039380;00-0036220;00-0035890;00-0035669;00-0035942;00-0039347;00-0036335;00-0040746;00-0036962,Mike Jackson;Jaycee Horn;Chau Smith-Wade;Derrick Brown;Tershawn Wharton;Nick Scott;Christian Rozeboom;Trevin Wallace;D.J. Wonnum;Nic Scourton;Tre'von Moehrig
2025_09_CAR_GB,1709,pass,0.0,58.0,58.0,5.0,1:01,0:56,,3.0,7.0,1.0,20.0,"3 CB, 1 DE, 1 DT, 1 FS, 1 ILB, 2 OLB, 2 SS",CB;CB;CB;DE;DT;FS;ILB;OLB;OLB;SS;SS,11,5,5,MAN_COVERAGE,COVER_1,False,00-0035526;00-0037076;00-0039904;00-0036264;00-0038797;00-0037817;00-0037196;00-0038996;00-0038124;00-0037816;00-0040667,Elgton Jenkins;Sean Rhyan;Jordan Morgan;Jordan Love;Emanuel Wilson;Zach Tom;Rasheed Walker;Tucker Kraft;Christian Watson;Romeo Doubs;Matthew Golden,00-0035277;00-0036944;00-0039380;00-0036220;00-0035890;00-0035669;00-0039347;00-0036335;00-0040746;00-0036962;00-0040159,Mike Jackson;Jaycee Horn;Chau Smith-Wade;Derrick Brown;Tershawn Wharton;Nick Scott;Trevin Wallace;D.J. Wonnum;Nic Scourton;Tre'von Moehrig;Lathan Ransom
2025_09_CAR_GB,1732,pass,30.0,58.0,28.0,0.0,0:56,0:56,,3.0,7.0,2.0,20.0,"3 CB, 1 DE, 1 DT, 1 FS, 1 ILB, 2 OLB, 2 SS",CB;CB;CB;DE;DT;FS;ILB;OLB;OLB;SS;SS,11,4,4,ZONE_COVERAGE,COVER_2,False,00-0035526;00-0037076;00-0039904;00-0036264;00-0038685;00-0037817;00-0037196;00-0038996;00-0038124;00-0037816;00-0040667,Elgton Jenkins;Sean Rhyan;Jordan Morgan;Jordan Love;Chris Brooks;Zach Tom;Rasheed Walker;Tucker Kraft;Christian Watson;Romeo Doubs;Matthew Golden,00-0035277;00-0036944;00-0039380;00-0032889;00-0035890;00-0035669;00-0039347;00-0036335;00-0040746;00-0036962;00-0040159,Mike Jackson;Jaycee Horn;Chau Smith-Wade;A'Shawn Robinson;Tershawn Wharton;Nick Scott;Trevin Wallace;D.J. Wonnum;Nic Scourton;Tre'von Moehrig;Lathan Ransom
2025_09_CAR_GB,1744,timeout,0.0,,,27.0,0:56,0:29,GB,3.0,7.0,,0.0,,,,,,,,,,,,
2025_09_CAR_GB,1764,pass,16.0,28.0,12.0,8.0,0:29,0:21,,3.0,7.0,1.0,10.0,"3 CB, 1 DE, 1 DT, 1 FS, 1 ILB, 2 OLB, 2 SS",CB;CB;CB;DE;DT;FS;ILB;OLB;OLB;SS;SS,11,5,5,MAN_COVERAGE,COVER_1,False,00-0035526;00-0037076;00-0039904;00-0036264;00-0038685;00-0037817;00-0037196;00-0038996;00-0038124;00-0037816;00-0040667,Elgton Jenkins;Sean Rhyan;Jordan Morgan;Jordan Love;Chris Brooks;Zach Tom;Rasheed Walker;Tucker Kraft;Christian Watson;Romeo Doubs;Matthew Golden,00-0035277;00-0036944;00-0039380;00-0032889;00-0035890;00-0035669;00-0039347;00-0036335;00-0040746;00-0036962;00-0040159,Mike Jackson;Jaycee Horn;Chau Smith-Wade;A'Shawn Robinson;Tershawn Wharton;Nick Scott;Trevin Wallace;D.J. Wonnum;Nic Scourton;Tre'von Moehrig;Lathan Ransom
2025_09_CAR_GB,1794,pass,0.0,12.0,12.0,6.0,0:21,0:15,,3.0,7.0,1.0,10.0,"3 CB, 1 DE, 1 DT, 1 FS, 2 ILB, 2 OLB, 1 SS",CB;CB;CB;DE;DT;FS;ILB;ILB;OLB;OLB;SS,11,6,4,MAN_COVERAGE,COVER_1,True,00-0035526;00-0037076;00-0039904;00-0036264;00-0038797;00-0037817;00-0037196;00-0038996;00-0038124;00-0037816;00-0040667,Elgton Jenkins;Sean Rhyan;Jordan Morgan;Jordan Love;Emanuel Wilson;Zach Tom;Rasheed Walker;Tucker Kraft;Christian Watson;Romeo Doubs;Matthew Golden,00-0035277;00-0036944;00-0039380;00-0036220;00-0035890;00-0035669;00-0035942;00-0039347;00-0036335;00-0040746;00-0036962,Mike Jackson;Jaycee Horn;Chau Smith-Wade;Derrick Brown;Tershawn Wharton;Nick Scott;Christian Rozeboom;Trevin Wallace;D.J. Wonnum;Nic Scourton;Tre'von Moehrig
2025_09_CAR_GB,1817,pass,4.0,12.0,8.0,5.0,0:15,0:10,,3.0,7.0,2.0,10.0,"3 CB, 1 DE, 1 DT, 1 FS, 2 ILB, 2 OLB, 1 SS",CB;CB;CB;DE;DT;FS;ILB;ILB;OLB;OLB;SS,11,5,4,ZONE_COVERAGE,COVER_4,True,00-0035526;00-0037076;00-0039904;00-0036264;00-0035700;00-0037817;00-0037196;00-0038996;00-0038465;00-0040667;00-0040009,Elgton Jenkins;Sean Rhyan;Jordan Morgan;Jordan Love;Josh Jacobs;Zach Tom;Rasheed Walker;Tucker Kraft;Malik Heath;Matthew Golden;Savion Williams,00-0035277;00-0036944;00-0039380;00-0036220;00-0035890;00-0035669;00-0035942;00-0039347;00-0036335;00-0040746;00-0036962,Mike Jackson;Jaycee Horn;Chau Smith-Wade;Derrick Brown;Tershawn Wharton;Nick Scott;Christian Rozeboom;Trevin Wallace;D.J. Wonnum;Nic Scourton;Tre'von Moehrig
2025_09_CAR_GB,1842,pass,0.0,8.0,8.0,0.0,0:10,0:10,,3.0,7.0,3.0,6.0,"3 CB, 1 DE, 1 DT, 1 FS, 2 ILB, 2 OLB, 1 SS",CB;CB;CB;DE;DT;FS;ILB;ILB;OLB;OLB;SS,11,5,4,ZONE_COVERAGE,COVER_4,False,00-0035526;00-0037076;00-0039904;00-0036264;00-0038797;00-0037817;00-0037196;00-0038996;00-0038124;00-0037816;00-0040667,Elgton Jenkins;Sean Rhyan;Jordan Morgan;Jordan Love;Emanuel Wilson;Zach Tom;Rasheed Walker;Tucker Kraft;Christian Watson;Romeo Doubs;Matthew Golden,00-0035277;00-0036944;00-0039380;00-0036220;00-0035890;00-0035669;00-0035942;00-0039347;00-0036335;00-0040746;00-0036962,Mike Jackson;Jaycee Horn;Chau Smith-Wade;Derrick Brown;Tershawn Wharton;Nick Scott;Christian Rozeboom;Trevin Wallace;D.J. Wonnum;Nic Scourton;Tre'von Moehrig
2025_09_CAR_GB,1854,timeout,0.0,,,5.0,0:10,0:05,GB,3.0,7.0,,0.0,,,,,,,,,,,,
2025_09_CAR_GB,1872,field_goal,0.0,8.0,8.0,5.0,0:05,0:00,,6.0,7.0,4.0,6.0,"2 CB, 2 DE, 2 DT, 1 FS, 1 ILB, 2 OLB, 1 SS",CB;CB;DE;DE;DT;DT;FS;ILB;OLB;OLB;SS,11,0,0,,,False,00-0035526;00-0038398;00-0037076;00-0039904;00-0029822;00-0035118;00-0037547;00-0037817;00-0037194;00-0037196;00-0040726,Elgton Jenkins;Karl Brooks;Sean Rhyan;Jordan Morgan;Brandon McManus;Matthew Orzech;Daniel Whelan;Zach Tom;Darian Kinnard;Rasheed Walker;Anthony Belton,00-0035277;00-0039380;00-0032889;00-0036220;00-0035890;00-0036903;00-0039601;00-0038493;00-0038791;00-0040746;00-0040159,Mike Jackson;Chau Smith-Wade;A'Shawn Robinson;Derrick Brown;Tershawn Wharton;Bobby Brown III;Demani Richardson;Claudin Cherelus;Thomas Incoom;Nic Scourton;Lathan Ransom
2025_09_CAR_GB,1892,start_quarter_3,,,,0.0,0:00,0:00,,6.0,7.0,,0.0,,,,,,,,,,,,
2025_09_CAR_GB,1910,kickoff,0.0,35.0,35.0,3.0,15:00,14:57,,6.0,7.0,,0.0,"2 CB, 1 FS, 3 ILB, 1 K, 2 OLB, 1 SS, 1 WR",CB;CB;FS;ILB;ILB;ILB;K;OLB;OLB;SS;WR,11,0,0,,,False,00-0037091;00-0037364;00-0036677;00-0036157;00-0036658;00-0039812;00-0038685;00-0039818;00-0039144;00-0038465;00-0040009,Bo Melton;Arron Mosby;Zayne Anderson;Kristian Welch;Isaiah McDuffie;Ty'Ron Hopper;Chris Brooks;Kitan Oladapo;Luke Musgrave;Malik Heath;Savion Williams,00-0038101;00-0040296;00-0039601;00-0038493;00-0039637;00-0040289;00-0040279;00-0037179;00-0038791;00-0040159;00-0038840,Akayleb Evans;Corey Thornton;Demani Richardson;Claudin Cherelus;Maema Njongmeta;Bam Martin-Scott;Ryan Fitzgerald;Jeremiah Moon;Thomas Incoom;Lathan Ransom;Brycen Tremayne
2025_09_CAR_GB,1943,run,6.0,68.0,62.0,40.0,14:57,14:17,,6.0,7.0,1.0,10.0,"2 CB, 2 DE, 1 DT, 1 FS, 2 ILB, 1 OLB, 2 SS",CB;CB;DE;DE;DT;FS;ILB;ILB;OLB;SS;SS,11,7,0,,,False,00-0035526;00-0037076;00-0039904;00-0036264;00-0035700;00-0037817;00-0037196;00-0038996;00-0038124;00-0037816;00-0040667,Elgton Jenkins;Sean Rhyan;Jordan Morgan;Jordan Love;Josh Jacobs;Zach Tom;Rasheed Walker;Tucker Kraft;Christian Watson;Romeo Doubs;Matthew Golden,00-0035277;00-0036944;00-0032889;00-0036220;00-0035890;00-0035669;00-0035942;00-0039347;00-0040746;00-0036962;00-0040159,Mike Jackson;Jaycee Horn;A'Shawn Robinson;Derrick Brown;Tershawn Wharton;Nick Scott;Christian Rozeboom;Trevin Wallace;Nic Scourton;Tre'von Moehrig;Lathan Ransom
2025_09_CAR_GB,1965,run,3.0,62.0,59.0,25.0,14:17,13:52,,6.0,7.0,2.0,4.0,"2 CB, 2 DE, 1 DT, 1 FS, 2 ILB, 1 OLB, 2 SS",CB;CB;DE;DE;DT;FS;ILB;ILB;OLB;SS;SS,11,7,0,,,False,00-0035526;00-0037076;00-0039904;00-0036264;00-0035700;00-0037817;00-0037196;00-0038996;00-0038124;00-0037816;00-0040667,Elgton Jenkins;Sean Rhyan;Jordan Morgan;Jordan Love;Josh Jacobs;Zach Tom;Rasheed Walker;Tucker Kraft;Christian Watson;Romeo Doubs;Matthew Golden,00-0035277;00-0036944;00-0032889;00-0036220;00-0035890;00-0035669;00-0035942;00-0039347;00-0040746;00-0036962;00-0040159,Mike Jackson;Jaycee Horn;A'Shawn Robinson;Derrick Brown;Tershawn Wharton;Nick Scott;Christian Rozeboom;Trevin Wallace;Nic Scourton;Tre'von Moehrig;Lathan Ransom
2025_09_CAR_GB,1987,pass,8.0,59.0,51.0,40.0,13:52,13:12,,6.0,7.0,3.0,1.0,"2 CB, 2 DE, 1 DT, 1 FS, 2 ILB, 1 OLB, 2 SS",CB;CB;DE;DE;DT;FS;ILB;ILB;OLB;SS;SS,11,6,4,ZONE_COVERAGE,COVER_3,False,00-0035526;00-0037076;00-0039904;00-0036264;00-0035700;00-0037817;00-0037196;00-0038996;00-0038124;00-0037816;00-0040667,Elgton Jenkins;Sean Rhyan;Jordan Morgan;Jordan Love;Josh Jacobs;Zach Tom;Rasheed Walker;Tucker Kraft;Christian Watson;Romeo Doubs;Matthew Golden,00-0035277;00-0036944;00-0032889;00-0036220;00-0035890;00-0035669;00-0035942;00-0039347;00-0040746;00-0036962;00-0040159,Mike Jackson;Jaycee Horn;A'Shawn Robinson;Derrick Brown;Tershawn Wharton;Nick Scott;Christian Rozeboom;Trevin Wallace;Nic Scourton;Tre'von Moehrig;Lathan Ransom
2025_09_CAR_GB,2012,pass,5.0,51.0,46.0,40.0,13:12,12:32,,6.0,7.0,1.0,10.0,"2 CB, 2 DE, 1 DT, 1 FS, 2 ILB, 1 OLB, 2 SS",CB;CB;DE;DE;DT;FS;ILB;ILB;OLB;SS;SS,11,6,4,ZONE_COVERAGE,COVER_6,False,00-0035526;00-0037076;00-0039904;00-0036264;00-0035700;00-0037817;00-0037196;00-0038996;00-0038124;00-0037816;00-0040667,Elgton Jenkins;Sean Rhyan;Jordan Morgan;Jordan Love;Josh Jacobs;Zach Tom;Rasheed Walker;Tucker Kraft;Christian Watson;Romeo Doubs;Matthew Golden,00-0035277;00-0036944;00-0032889;00-0036220;00-0035890;00-0035669;00-0035942;00-0039347;00-0040746;00-0036962;00-0040159,Mike Jackson;Jaycee Horn;A'Shawn Robinson;Derrick Brown;Tershawn Wharton;Nick Scott;Christian Rozeboom;Trevin Wallace;Nic Scourton;Tre'von Moehrig;Lathan Ransom
2025_09_CAR_GB,2037,run,15.0,46.0,31.0,25.0,12:32,12:07,,6.0,7.0,2.0,5.0,"3 CB, 1 DE, 1 DT, 1 FS, 2 ILB, 2 OLB, 1 SS",CB;CB;CB;DE;DT;FS;ILB;ILB;OLB;OLB;SS,11,6,0,,,False,00-0035526;00-0037076;00-0039904;00-0036264;00-0035700;00-0038685;00-0037817;00-0037196;00-0038996;00-0037816;00-0038465,Elgton Jenkins;Sean Rhyan;Jordan Morgan;Jordan Love;Josh Jacobs;Chris Brooks;Zach Tom;Rasheed Walker;Tucker Kraft;Romeo Doubs;Malik Heath,00-0035277;00-0036944;00-0039380;00-0036220;00-0035890;00-0035669;00-0035942;00-0039347;00-0036335;00-0040746;00-0036962,Mike Jackson;Jaycee Horn;Chau Smith-Wade;Derrick Brown;Tershawn Wharton;Nick Scott;Christian Rozeboom;Trevin Wallace;D.J. Wonnum;Nic Scourton;Tre'von Moehrig
2025_09_CAR_GB,2067,run,0.0,31.0,31.0,45.0,12:07,11:22,,6.0,7.0,1.0,10.0,"3 CB, 2 DE, 1 DT, 1 FS, 2 ILB, 1 OLB, 1 SS",CB;CB;CB;DE;DE;DT;FS;ILB;ILB;OLB;SS,11,6,0,,,False,00-0035526;00-0037076;00-0039904;00-0036264;00-0035700;00-0037817;00-0037196;00-0037306;00-0037816;00-0038465;00-0040667,Elgton Jenkins;Sean Rhyan;Jordan Morgan;Jordan Love;Josh Jacobs;Zach Tom;Rasheed Walker;John FitzPatrick;Romeo Doubs;Malik Heath;Matthew Golden,00-0035277;00-0036944;00-0039380;00-0036220;00-0036305;00-0035890;00-0035669;00-0035942;00-0039347;00-0036335;00-0036962,Mike Jackson;Jaycee Horn;Chau Smith-Wade;Derrick Brown;Trevis Gipson;Tershawn Wharton;Nick Scott;Christian Rozeboom;Trevin Wallace;D.J. Wonnum;Tre'von Moehrig
2025_09_CAR_GB,2096,pass,0.0,31.0,31.0,5.0,11:22,11:17,,6.0,7.0,2.0,10.0,"3 CB, 2 DE, 1 DT, 1 FS, 2 ILB, 1 OLB, 1 SS",CB;CB;CB;DE;DE;DT;FS;ILB;ILB;OLB;SS,11,6,4,MAN_COVERAGE,COVER_1,True,00-0035526;00-0037076;00-0039904;00-0036264;00-0035700;00-0038685;00-0037817;00-0037196;00-0039144;00-0037816;00-0040667,Elgton Jenkins;Sean Rhyan;Jordan Morgan;Jordan Love;Josh Jacobs;Chris Brooks;Zach Tom;Rasheed Walker;Luke Musgrave;Romeo Doubs;Matthew Golden,00-0035277;00-0036944;00-0039380;00-0036220;00-0036305;00-0035890;00-0035669;00-0035942;00-0039347;00-0036335;00-0036962,Mike Jackson;Jaycee Horn;Chau Smith-Wade;Derrick Brown;Trevis Gipson;Tershawn Wharton;Nick Scott;Christian Rozeboom;Trevin Wallace;D.J. Wonnum;Tre'von Moehrig
2025_09_CAR_GB,2124,pass,6.0,31.0,25.0,39.0,11:17,10:38,,6.0,7.0,3.0,10.0,"3 CB, 1 DE, 1 DT, 1 FS, 1 ILB, 2 OLB, 2 SS",CB;CB;CB;DE;DT;FS;ILB;OLB;OLB;SS;SS,11,5,4,MAN_COVERAGE,COVER_1,False,00-0035526;00-0037076;00-0039904;00-0036264;00-0038685;00-0037817;00-0037196;00-0039144;00-0038124;00-0037816;00-0040667,Elgton Jenkins;Sean Rhyan;Jordan Morgan;Jordan Love;Chris Brooks;Zach Tom;Rasheed Walker;Luke Musgrave;Christian Watson;Romeo Doubs;Matthew Golden,00-0035277;00-0036944;00-0039380;00-0032889;00-0035890;00-0035669;00-0039347;00-0036335;00-0040746;00-0036962;00-0040159,Mike Jackson;Jaycee Horn;Chau Smith-Wade;A'Shawn Robinson;Tershawn Wharton;Nick Scott;Trevin Wallace;D.J. Wonnum;Nic Scourton;Tre'von Moehrig;Lathan Ransom
2025_09_CAR_GB,2149,field_goal,0.0,25.0,25.0,4.0,10:38,10:34,,6.0,7.0,4.0,4.0,"2 CB, 2 DE, 2 DT, 1 FS, 1 ILB, 2 OLB, 1 SS",CB;CB;DE;DE;DT;DT;FS;ILB;OLB;OLB;SS,11,0,0,,,False,00-0035526;00-0038398;00-0037076;00-0039904;00-0029822;00-0035118;00-0037547;00-0037817;00-0037194;00-0037196;00-0040726,Elgton Jenkins;Karl Brooks;Sean Rhyan;Jordan Morgan;Brandon McManus;Matthew Orzech;Daniel Whelan;Zach Tom;Darian Kinnard;Rasheed Walker;Anthony Belton,00-0035277;00-0039380;00-0032889;00-0036220;00-0035890;00-0036903;00-0039601;00-0038493;00-0038791;00-0040746;00-0040159,Mike Jackson;Chau Smith-Wade;A'Shawn Robinson;Derrick Brown;Tershawn Wharton;Bobby Brown III;Demani Richardson;Claudin Cherelus;Thomas Incoom;Nic Scourton;Lathan Ransom
2025_09_CAR_GB,2170,pass,0.0,67.0,67.0,3.0,10:34,10:31,,6.0,7.0,1.0,10.0,"2 CB, 1 DE, 2 DT, 1 FS, 1 MLB, 2 OLB, 2 SS",CB;CB;DE;DT;DT;FS;MLB;OLB;OLB;SS;SS,11,6,4,ZONE_COVERAGE,COVER_2,False,00-0034261;00-0036417;00-0039150;00-0036139;00-0040644;00-0035084;00-0036795;00-0037229;00-0039356;00-0039342;00-0040124,Austin Corbett;Damien Lewis;Bryce Young;Rico Dowdle;Trevor Etienne;Yosh Nijman;Jake Curhan;Ikem Ekwonu;Ja'Tavion Sanders;Xavier Legette;Tetairoa McMillan,00-0035133;00-0038408;00-0034967;00-0037075;00-0038398;00-0039813;00-0039850;00-0036932;00-0037074;00-0036388;00-0039867,Keisean Nixon;Carrington Valentine;Rashan Gary;Devonte Wyatt;Karl Brooks;Evan Williams;Edgerrin Cooper;Micah Parsons;Quay Walker;Xavier McKinney;Javon Bullard
2025_09_CAR_GB,2238,run,7.0,67.0,60.0,37.0,10:31,9:54,,6.0,7.0,2.0,10.0,"2 CB, 1 DE, 2 DT, 1 FS, 1 MLB, 2 OLB, 2 SS",CB;CB;DE;DT;DT;FS;MLB;OLB;OLB;SS;SS,11,6,0,,,False,00-0034261;00-0036417;00-0039150;00-0036139;00-0035084;00-0036795;00-0037229;00-0039356;00-0039342;00-0039491;00-0040124,Austin Corbett;Damien Lewis;Bryce Young;Rico Dowdle;Yosh Nijman;Jake Curhan;Ikem Ekwonu;Ja'Tavion Sanders;Xavier Legette;Jalen Coker;Tetairoa McMillan,00-0035133;00-0038408;00-0034967;00-0037075;00-0038398;00-0039813;00-0039850;00-0036932;00-0037074;00-0036388;00-0039867,Keisean Nixon;Carrington Valentine;Rashan Gary;Devonte Wyatt;Karl Brooks;Evan Williams;Edgerrin Cooper;Micah Parsons;Quay Walker;Xavier McKinney;Javon Bullard
2025_09_CAR_GB,2260,run,5.0,60.0,55.0,35.0,9:54,9:19,,6.0,7.0,3.0,3.0,"2 CB, 1 DE, 2 DT, 1 FS, 1 MLB, 2 OLB, 2 SS",CB;CB;DE;DT;DT;FS;MLB;OLB;OLB;SS;SS,11,6,4,ZONE_COVERAGE,COVER_3,False,00-0034261;00-0036417;00-0039150;00-0040644;00-0035084;00-0036795;00-0037229;00-0039356;00-0039491;00-0040124;00-0040218,Austin Corbett;Damien Lewis;Bryce Young;Trevor Etienne;Yosh Nijman;Jake Curhan;Ikem Ekwonu;Ja'Tavion Sanders;Jalen Coker;Tetairoa McMillan;Jimmy Horn Jr.,00-0035133;00-0038408;00-0034967;00-0037075;00-0038398;00-0039813;00-0039850;00-0036932;00-0037074;00-0036388;00-0039867,Keisean Nixon;Carrington Valentine;Rashan Gary;Devonte Wyatt;Karl Brooks;Evan Williams;Edgerrin Cooper;Micah Parsons;Quay Walker;Xavier McKinney;Javon Bullard
2025_09_CAR_GB,2290,run,4.0,55.0,51.0,43.0,9:19,8:36,,6.0,7.0,1.0,10.0,"2 CB, 1 DE, 2 DT, 2 MLB, 2 OLB, 2 SS",CB;CB;DE;DT;DT;MLB;MLB;OLB;OLB;SS;SS,11,7,0,,,False,00-0034261;00-0036417;00-0039150;00-0036139;00-0035084;00-0036795;00-0037229;00-0037005;00-0039356;00-0040187;00-0038840,Austin Corbett;Damien Lewis;Bryce Young;Rico Dowdle;Yosh Nijman;Jake Curhan;Ikem Ekwonu;Tommy Tremble;Ja'Tavion Sanders;Mitchell Evans;Brycen Tremayne,00-0035133;00-0038408;00-0037083;00-0037075;00-0038398;00-0036658;00-0039850;00-0036932;00-0037074;00-0036388;00-0039867,Keisean Nixon;Carrington Valentine;Kingsley Enagbare;Devonte Wyatt;Karl Brooks;Isaiah McDuffie;Edgerrin Cooper;Micah Parsons;Quay Walker;Xavier McKinney;Javon Bullard
2025_09_CAR_GB,2312,run,2.0,51.0,49.0,45.0,8:36,7:51,,6.0,7.0,2.0,6.0,"2 CB, 1 DE, 2 DT, 2 MLB, 2 OLB, 2 SS",CB;CB;DE;DT;DT;MLB;MLB;OLB;OLB;SS;SS,11,7,0,,,False,00-0034261;00-0036417;00-0039150;00-0036139;00-0035084;00-0036795;00-0037229;00-0037005;00-0039356;00-0040187;00-0038840,Austin Corbett;Damien Lewis;Bryce Young;Rico Dowdle;Yosh Nijman;Jake Curhan;Ikem Ekwonu;Tommy Tremble;Ja'Tavion Sanders;Mitchell Evans;Brycen Tremayne,00-0035133;00-0038408;00-0037083;00-0037075;00-0038398;00-0036658;00-0039850;00-0036932;00-0037074;00-0036388;00-0039867,Keisean Nixon;Carrington Valentine;Kingsley Enagbare;Devonte Wyatt;Karl Brooks;Isaiah McDuffie;Edgerrin Cooper;Micah Parsons;Quay Walker;Xavier McKinney;Javon Bullard
2025_09_CAR_GB,2334,pass,0.0,49.0,49.0,3.0,7:51,7:48,,6.0,7.0,3.0,4.0,"2 CB, 1 DE, 2 DT, 1 FS, 1 MLB, 2 OLB, 2 SS",CB;CB;DE;DT;DT;FS;MLB;OLB;OLB;SS;SS,11,7,4,MAN_COVERAGE,COVER_1,False,00-0034261;00-0036417;00-0039150;00-0036555;00-0035084;00-0036795;00-0037229;00-0040187;00-0039342;00-0039491;00-0040124,Austin Corbett;Damien Lewis;Bryce Young;Chuba Hubbard;Yosh Nijman;Jake Curhan;Ikem Ekwonu;Mitchell Evans;Xavier Legette;Jalen Coker;Tetairoa McMillan,00-0035133;00-0038408;00-0034967;00-0037075;00-0038398;00-0039813;00-0039850;00-0036932;00-0037074;00-0036388;00-0039867,Keisean Nixon;Carrington Valentine;Rashan Gary;Devonte Wyatt;Karl Brooks;Evan Williams;Edgerrin Cooper;Micah Parsons;Quay Walker;Xavier McKinney;Javon Bullard
2025_09_CAR_GB,2357,punt,0.0,49.0,49.0,7.0,7:48,7:41,,6.0,7.0,4.0,4.0,"2 CB, 2 DE, 1 DT, 1 FS, 2 MLB, 1 OLB, 1 SS, 1 WR",CB;CB;DE;DE;DT;FS;MLB;MLB;OLB;SS;WR,11,0,0,,,False,00-0038101;00-0035669;00-0038493;00-0039637;00-0040289;00-0026027;00-0037179;00-0038791;00-0030092;00-0039356;00-0038840,Akayleb Evans;Nick Scott;Claudin Cherelus;Maema Njongmeta;Bam Martin-Scott;J.J. Jansen;Jeremiah Moon;Thomas Incoom;Sam Martin;Ja'Tavion Sanders;Brycen Tremayne,00-0037091;00-0038408;00-0037083;00-0037364;00-0038398;00-0036677;00-0036157;00-0036658;00-0039812;00-0039867;00-0037816,Bo Melton;Carrington Valentine;Kingsley Enagbare;Arron Mosby;Karl Brooks;Zayne Anderson;Kristian Welch;Isaiah McDuffie;Ty'Ron Hopper;Javon Bullard;Romeo Doubs
2025_09_CAR_GB,2382,run,3.0,89.0,86.0,45.0,7:41,6:56,,6.0,7.0,1.0,10.0,"3 CB, 2 DE, 1 DT, 1 FS, 2 ILB, 1 OLB, 1 SS",CB;CB;CB;DE;DE;DT;FS;ILB;ILB;OLB;SS,11,7,0,,,False,00-0035526;00-0037076;00-0039904;00-0036264;00-0038797;00-0037817;00-0037196;00-0039144;00-0037816;00-0038465;00-0040009,Elgton Jenkins;Sean Rhyan;Jordan Morgan;Jordan Love;Emanuel Wilson;Zach Tom;Rasheed Walker;Luke Musgrave;Romeo Doubs;Malik Heath;Savion Williams,00-0035277;00-0036944;00-0039380;00-0036305;00-0037203;00-0036903;00-0035669;00-0035942;00-0039347;00-0036335;00-0036962,Mike Jackson;Jaycee Horn;Chau Smith-Wade;Trevis Gipson;LaBryan Ray;Bobby Brown III;Nick Scott;Christian Rozeboom;Trevin Wallace;D.J. Wonnum;Tre'von Moehrig
2025_09_CAR_GB,2411,pass,0.0,86.0,86.0,3.0,6:56,6:53,,6.0,7.0,2.0,7.0,"2 CB, 3 DE, 1 DT, 1 FS, 2 ILB, 1 OLB, 1 SS",CB;CB;DE;DE;DE;DT;FS;ILB;ILB;OLB;SS,11,6,5,ZONE_COVERAGE,COVER_3,True,00-0035526;00-0037076;00-0039904;00-0036264;00-0038797;00-0037817;00-0037196;00-0037306;00-0039144;00-0038124;00-0037816,Elgton Jenkins;Sean Rhyan;Jordan Morgan;Jordan Love;Emanuel Wilson;Zach Tom;Rasheed Walker;John FitzPatrick;Luke Musgrave;Christian Watson;Romeo Doubs,00-0035277;00-0036944;00-0036220;00-0036305;00-0037203;00-0036903;00-0035669;00-0035942;00-0039347;00-0036335;00-0036962,Mike Jackson;Jaycee Horn;Derrick Brown;Trevis Gipson;LaBryan Ray;Bobby Brown III;Nick Scott;Christian Rozeboom;Trevin Wallace;D.J. Wonnum;Tre'von Moehrig
2025_09_CAR_GB,2434,timeout,10.0,86.0,76.0,11.0,6:53,6:42,CAR,6.0,7.0,3.0,7.0,"3 CB, 1 DE, 1 DT, 1 FS, 1 ILB, 2 OLB, 2 SS",CB;CB;CB;DE;DT;FS;ILB;OLB;OLB;SS;SS,11,5,5,MAN_COVERAGE,COVER_1,False,00-0035526;00-0037076;00-0039904;00-0036264;00-0038797;00-0037817;00-0037196;00-0039144;00-0038124;00-0037816;00-0038465,Elgton Jenkins;Sean Rhyan;Jordan Morgan;Jordan Love;Emanuel Wilson;Zach Tom;Rasheed Walker;Luke Musgrave;Christian Watson;Romeo Doubs;Malik Heath,00-0035277;00-0036944;00-0039380;00-0036220;00-0035890;00-0035669;00-0039347;00-0036335;00-0040746;00-0036962;00-0040159,Mike Jackson;Jaycee Horn;Chau Smith-Wade;Derrick Brown;Tershawn Wharton;Nick Scott;Trevin Wallace;D.J. Wonnum;Nic Scourton;Tre'von Moehrig;Lathan Ransom
2025_09_CAR_GB,2464,turnover,0.0,76.0,76.0,15.0,6:42,6:27,,6.0,7.0,1.0,10.0,"2 CB, 2 DE, 2 DT, 1 FS, 2 ILB, 1 OLB, 1 SS",CB;CB;DE;DE;DT;DT;FS;ILB;ILB;OLB;SS,11,7,4,ZONE_COVERAGE,COVER_3,True,00-0035526;00-0037076;00-0039904;00-0036264;00-0038797;00-0037817;00-0037196;00-0037306;00-0039144;00-0038124;00-0037816,Elgton Jenkins;Sean Rhyan;Jordan Morgan;Jordan Love;Emanuel Wilson;Zach Tom;Rasheed Walker;John FitzPatrick;Luke Musgrave;Christian Watson;Romeo Doubs,00-0035277;00-0036944;00-0036220;00-0036305;00-0035890;00-0036903;00-0035669;00-0035942;00-0039347;00-0040746;00-0036962,Mike Jackson;Jaycee Horn;Derrick Brown;Trevis Gipson;Tershawn Wharton;Bobby Brown III;Nick Scott;Christian Rozeboom;Trevin Wallace;Nic Scourton;Tre'von Moehrig
2025_09_CAR_GB,2541,run,8.0,38.0,30.0,38.0,6:27,5:49,,6.0,7.0,1.0,10.0,"2 CB, 2 DE, 2 DT, 1 FS, 1 MLB, 1 OLB, 2 SS",CB;CB;DE;DE;DT;DT;FS;MLB;OLB;SS;SS,11,7,0,,,False,00-0034261;00-0036417;00-0039150;00-0036139;00-0035084;00-0036795;00-0037229;00-0037005;00-0039491;00-0040124;00-0040218,Austin Corbett;Damien Lewis;Bryce Young;Rico Dowdle;Yosh Nijman;Jake Curhan;Ikem Ekwonu;Tommy Tremble;Jalen Coker;Tetairoa McMillan;Jimmy Horn Jr.,00-0035133;00-0038408;00-0034967;00-0037083;00-0038398;00-0040041;00-0039813;00-0039850;00-0037074;00-0036388;00-0039867,Keisean Nixon;Carrington Valentine;Rashan Gary;Kingsley Enagbare;Karl Brooks;Nazir Stackhouse;Evan Williams;Edgerrin Cooper;Quay Walker;Xavier McKinney;Javon Bullard
2025_09_CAR_GB,2563,pass,8.0,30.0,22.0,48.0,5:49,5:01,,6.0,7.0,2.0,2.0,"2 CB, 2 DE, 2 DT, 1 FS, 1 MLB, 1 OLB, 2 SS",CB;CB;DE;DE;DT;DT;FS;MLB;OLB;SS;SS,11,6,5,MAN_COVERAGE,COVER_1,False,00-0034261;00-0036417;00-0039150;00-0036139;00-0035084;00-0036795;00-0037229;00-0037005;00-0039491;00-0040124;00-0040218,Austin Corbett;Damien Lewis;Bryce Young;Rico Dowdle;Yosh Nijman;Jake Curhan;Ikem Ekwonu;Tommy Tremble;Jalen Coker;Tetairoa McMillan;Jimmy Horn Jr.,00-0035133;00-0038408;00-0034967;00-0037083;00-0038398;00-0040041;00-0039813;00-0039850;00-0037074;00-0036388;00-0039867,Keisean Nixon;Carrington Valentine;Rashan Gary;Kingsley Enagbare;Karl Brooks;Nazir Stackhouse;Evan Williams;Edgerrin Cooper;Quay Walker;Xavier McKinney;Javon Bullard
2025_09_CAR_GB,2588,run,2.0,22.0,20.0,38.0,5:01,4:23,,6.0,7.0,1.0,10.0,"2 CB, 2 DE, 2 DT, 2 MLB, 1 OLB, 2 SS",CB;CB;DE;DE;DT;DT;MLB;MLB;OLB;SS;SS,11,7,0,,,False,00-0034261;00-0036417;00-0039150;00-0036139;00-0035084;00-0036795;00-0037229;00-0037005;00-0039356;00-0039342;00-0040124,Austin Corbett;Damien Lewis;Bryce Young;Rico Dowdle;Yosh Nijman;Jake Curhan;Ikem Ekwonu;Tommy Tremble;Ja'Tavion Sanders;Xavier Legette;Tetairoa McMillan,00-0035133;00-0038408;00-0034967;00-0037083;00-0038398;00-0040041;00-0036658;00-0039850;00-0037074;00-0036388;00-0039867,Keisean Nixon;Carrington Valentine;Rashan Gary;Kingsley Enagbare;Karl Brooks;Nazir Stackhouse;Isaiah McDuffie;Edgerrin Cooper;Quay Walker;Xavier McKinney;Javon Bullard
2025_09_CAR_GB,2610,pass,5.0,20.0,15.0,36.0,4:23,3:47,,6.0,7.0,2.0,8.0,"2 CB, 1 DE, 2 DT, 1 FS, 1 MLB, 2 OLB, 2 SS",CB;CB;DE;DT;DT;FS;MLB;OLB;OLB;SS;SS,11,6,4,ZONE_COVERAGE,COVER_3,False,00-0034261;00-0036417;00-0039150;00-0036139;00-0035084;00-0036795;00-0037229;00-0039356;00-0039342;00-0039491;00-0040124,Austin Corbett;Damien Lewis;Bryce Young;Rico Dowdle;Yosh Nijman;Jake Curhan;Ikem Ekwonu;Ja'Tavion Sanders;Xavier Legette;Jalen Coker;Tetairoa McMillan,00-0035133;00-0038408;00-0034967;00-0037075;00-0038398;00-0039813;00-0039850;00-0036932;00-0037074;00-0036388;00-0039867,Keisean Nixon;Carrington Valentine;Rashan Gary;Devonte Wyatt;Karl Brooks;Evan Williams;Edgerrin Cooper;Micah Parsons;Quay Walker;Xavier McKinney;Javon Bullard
2025_09_CAR_GB,2635,run,8.0,15.0,7.0,44.0,3:47,3:03,,6.0,7.0,3.0,3.0,"3 CB, 1 DE, 2 DT, 1 FS, 1 MLB, 2 OLB, 1 SS",CB;CB;CB;DE;DT;DT;FS;MLB;OLB;OLB;SS,11,6,0,,,False,00-0034261;00-0036417;00-0039150;00-0036555;00-0035084;00-0036795;00-0037229;00-0039356;00-0039342;00-0039491;00-0040124,Austin Corbett;Damien Lewis;Bryce Young;Chuba Hubbard;Yosh Nijman;Jake Curhan;Ikem Ekwonu;Ja'Tavion Sanders;Xavier Legette;Jalen Coker;Tetairoa McMillan,00-0035133;00-0036871;00-0038408;00-0034967;00-0037075;00-0038398;00-0039813;00-0039850;00-0036932;00-0037074;00-0036388,Keisean Nixon;Nate Hobbs;Carrington Valentine;Rashan Gary;Devonte Wyatt;Karl Brooks;Evan Williams;Edgerrin Cooper;Micah Parsons;Quay Walker;Xavier McKinney
2025_09_CAR_GB,2657,pass,0.0,7.0,7.0,4.0,3:03,2:59,,6.0,7.0,1.0,7.0,"2 CB, 1 DE, 2 DT, 2 MLB, 2 OLB, 2 SS",CB;CB;DE;DT;DT;MLB;MLB;OLB;OLB;SS;SS,11,6,4,ZONE_COVERAGE,COVER_3,False,00-0034261;00-0036417;00-0039150;00-0036555;00-0035084;00-0036795;00-0037229;00-0037005;00-0040187;00-0039342;00-0040124,Austin Corbett;Damien Lewis;Bryce Young;Chuba Hubbard;Yosh Nijman;Jake Curhan;Ikem Ekwonu;Tommy Tremble;Mitchell Evans;Xavier Legette;Tetairoa McMillan,00-0035133;00-0038408;00-0037083;00-0037075;00-0040041;00-0036658;00-0039850;00-0036932;00-0037074;00-0036388;00-0039867,Keisean Nixon;Carrington Valentine;Kingsley Enagbare;Devonte Wyatt;Nazir Stackhouse;Isaiah McDuffie;Edgerrin Cooper;Micah Parsons;Quay Walker;Xavier McKinney;Javon Bullard
2025_09_CAR_GB,2680,run,3.0,7.0,4.0,40.0,2:59,2:19,,6.0,7.0,2.0,7.0,"2 CB, 1 DE, 2 DT, 1 FS, 1 MLB, 2 OLB, 2 SS",CB;CB;DE;DT;DT;FS;MLB;OLB;OLB;SS;SS,11,7,0,,,False,00-0034261;00-0036417;00-0039150;00-0036555;00-0035084;00-0036795;00-0037229;00-0040187;00-0039342;00-0039491;00-0040124,Austin Corbett;Damien Lewis;Bryce Young;Chuba Hubbard;Yosh Nijman;Jake Curhan;Ikem Ekwonu;Mitchell Evans;Xavier Legette;Jalen Coker;Tetairoa McMillan,00-0035133;00-0038408;00-0037083;00-0037075;00-0040041;00-0039813;00-0039850;00-0036932;00-0037074;00-0036388;00-0039867,Keisean Nixon;Carrington Valentine;Kingsley Enagbare;Devonte Wyatt;Nazir Stackhouse;Evan Williams;Edgerrin Cooper;Micah Parsons;Quay Walker;Xavier McKinney;Javon Bullard
2025_09_CAR_GB,2702,no_play,0.0,4.0,4.0,4.0,2:19,2:15,,6.0,7.0,3.0,4.0,"2 CB, 1 DE, 2 DT, 1 FS, 1 MLB, 2 OLB, 2 SS",CB;CB;DE;DT;DT;FS;MLB;OLB;OLB;SS;SS,11,7,4,MAN_COVERAGE,COVER_1,False,00-0034261;00-0036417;00-0039150;00-0036555;00-0035084;00-0036795;00-0037229;00-0040187;00-0039342;00-0039491;00-0040124,Austin Corbett;Damien Lewis;Bryce Young;Chuba Hubbard;Yosh Nijman;Jake Curhan;Ikem Ekwonu;Mitchell Evans;Xavier Legette;Jalen Coker;Tetairoa McMillan,00-0035133;00-0038408;00-0037083;00-0037075;00-0040041;00-0039813;00-0039850;00-0036932;00-0037074;00-0036388;00-0039867,Keisean Nixon;Carrington Valentine;Kingsley Enagbare;Devonte Wyatt;Nazir Stackhouse;Evan Williams;Edgerrin Cooper;Micah Parsons;Quay Walker;Xavier McKinney;Javon Bullard
2025_09_CAR_GB,2751,run,1.0,1.0,0.0,3.0,2:15,2:12,,6.0,13.0,1.0,1.0,"2 CB, 1 DE, 2 DT, 2 MLB, 2 OLB, 2 SS",CB;CB;DE;DT;DT;MLB;MLB;OLB;OLB;SS;SS,11,9,0,,,False,00-0034261;00-0036417;00-0039150;00-0036139;00-0035084;00-0036795;00-0037229;00-0037005;00-0040187;00-0039342;00-0040124,Austin Corbett;Damien Lewis;Bryce Young;Rico Dowdle;Yosh Nijman;Jake Curhan;Ikem Ekwonu;Tommy Tremble;Mitchell Evans;Xavier Legette;Tetairoa McMillan,00-0035133;00-0038408;00-0037083;00-0038398;00-0040041;00-0036658;00-0039850;00-0036932;00-0037074;00-0036388;00-0039867,Keisean Nixon;Carrington Valentine;Kingsley Enagbare;Karl Brooks;Nazir Stackhouse;Isaiah McDuffie;Edgerrin Cooper;Micah Parsons;Quay Walker;Xavier McKinney;Javon Bullard
2025_09_CAR_GB,2786,extra_point,0.0,30.0,30.0,0.0,2:12,2:12,,6.0,13.0,,0.0,"2 CB, 2 DE, 3 DT, 2 MLB, 1 OLB, 1 SS",CB;CB;DE;DE;DT;DT;DT;MLB;MLB;OLB;SS,11,0,0,,,False,00-0034261;00-0039237;00-0036417;00-0040279;00-0026027;00-0030092;00-0033284;00-0035084;00-0036795;00-0037229;00-0039356,Austin Corbett;Nick Samac;Damien Lewis;Ryan Fitzgerald;J.J. Jansen;Sam Martin;Taylor Moton;Yosh Nijman;Jake Curhan;Ikem Ekwonu;Ja'Tavion Sanders,00-0035133;00-0038408;00-0037083;00-0037364;00-0037075;00-0038398;00-0040041;00-0036658;00-0039850;00-0037074;00-0036388,Keisean Nixon;Carrington Valentine;Kingsley Enagbare;Arron Mosby;Devonte Wyatt;Karl Brooks;Nazir Stackhouse;Isaiah McDuffie;Edgerrin Cooper;Quay Walker;Xavier McKinney
2025_09_CAR_GB,2801,kickoff,0.0,35.0,35.0,4.0,2:12,2:08,,6.0,13.0,,0.0,"2 CB, 1 FS, 3 ILB, 1 K, 2 OLB, 1 SS, 1 WR",CB;CB;FS;ILB;ILB;ILB;K;OLB;OLB;SS;WR,11,0,0,,,False,00-0037091;00-0037364;00-0036677;00-0036157;00-0036658;00-0039812;00-0038685;00-0039818;00-0039144;00-0038465;00-0040009,Bo Melton;Arron Mosby;Zayne Anderson;Kristian Welch;Isaiah McDuffie;Ty'Ron Hopper;Chris Brooks;Kitan Oladapo;Luke Musgrave;Malik Heath;Savion Williams,00-0038101;00-0040296;00-0039601;00-0038493;00-0039637;00-0040289;00-0040279;00-0037179;00-0038791;00-0040159;00-0038840,Akayleb Evans;Corey Thornton;Demani Richardson;Claudin Cherelus;Maema Njongmeta;Bam Martin-Scott;Ryan Fitzgerald;Jeremiah Moon;Thomas Incoom;Lathan Ransom;Brycen Tremayne
2025_09_CAR_GB,2831,run,-3.0,71.0,74.0,21.0,2:08,1:47,,6.0,13.0,1.0,10.0,"2 CB, 3 DE, 1 DT, 1 FS, 2 ILB, 1 OLB, 1 SS",CB;CB;DE;DE;DE;DT;FS;ILB;ILB;OLB;SS,11,7,0,,,False,00-0035526;00-0037076;00-0039904;00-0036264;00-0035700;00-0037817;00-0037196;00-0037306;00-0039144;00-0038124;00-0037816,Elgton Jenkins;Sean Rhyan;Jordan Morgan;Jordan Love;Josh Jacobs;Zach Tom;Rasheed Walker;John FitzPatrick;Luke Musgrave;Christian Watson;Romeo Doubs,00-0035277;00-0036944;00-0032889;00-0036305;00-0037203;00-0036903;00-0035669;00-0035942;00-0039347;00-0040746;00-0036962,Mike Jackson;Jaycee Horn;A'Shawn Robinson;Trevis Gipson;LaBryan Ray;Bobby Brown III;Nick Scott;Christian Rozeboom;Trevin Wallace;Nic Scourton;Tre'von Moehrig
2025_09_CAR_GB,2864,pass,4.0,74.0,70.0,19.0,1:47,1:28,,6.0,13.0,2.0,13.0,"3 CB, 2 DE, 1 FS, 1 ILB, 2 OLB, 2 SS",CB;CB;CB;DE;DE;FS;ILB;OLB;OLB;SS;SS,11,5,4,ZONE_COVERAGE,COVER_3,False,00-0035526;00-0037076;00-0039904;00-0036264;00-0035700;00-0037817;00-0037196;00-0037306;00-0039144;00-0038124;00-0037816,Elgton Jenkins;Sean Rhyan;Jordan Morgan;Jordan Love;Josh Jacobs;Zach Tom;Rasheed Walker;John FitzPatrick;Luke Musgrave;Christian Watson;Romeo Doubs,00-0035277;00-0036944;00-0039380;00-0032889;00-0036220;00-0035669;00-0039347;00-0036335;00-0040746;00-0036962;00-0040159,Mike Jackson;Jaycee Horn;Chau Smith-Wade;A'Shawn Robinson;Derrick Brown;Nick Scott;Trevin Wallace;D.J. Wonnum;Nic Scourton;Tre'von Moehrig;Lathan Ransom
2025_09_CAR_GB,2889,pass,28.0,70.0,42.0,31.0,1:28,0:57,,6.0,13.0,3.0,9.0,"3 CB, 1 DE, 1 DT, 1 FS, 1 ILB, 2 OLB, 2 SS",CB;CB;CB;DE;DT;FS;ILB;OLB;OLB;SS;SS,11,6,4,ZONE_COVERAGE,COVER_4,False,00-0035526;00-0037076;00-0039904;00-0036264;00-0035700;00-0037817;00-0037196;00-0037306;00-0039144;00-0038124;00-0037816,Elgton Jenkins;Sean Rhyan;Jordan Morgan;Jordan Love;Josh Jacobs;Zach Tom;Rasheed Walker;John FitzPatrick;Luke Musgrave;Christian Watson;Romeo Doubs,00-0035277;00-0036944;00-0039380;00-0036220;00-0035890;00-0035669;00-0039347;00-0036335;00-0040746;00-0036962;00-0040159,Mike Jackson;Jaycee Horn;Chau Smith-Wade;Derrick Brown;Tershawn Wharton;Nick Scott;Trevin Wallace;D.J. Wonnum;Nic Scourton;Tre'von Moehrig;Lathan Ransom
2025_09_CAR_GB,2930,run,5.0,42.0,37.0,35.0,0:57,0:22,,6.0,13.0,1.0,10.0,"2 CB, 2 DE, 1 DT, 1 FS, 2 ILB, 2 OLB, 1 SS",CB;CB;DE;DE;DT;FS;ILB;ILB;OLB;OLB;SS,11,7,0,,,False,00-0035526;00-0037076;00-0039904;00-0036264;00-0035700;00-0037817;00-0037196;00-0037306;00-0039144;00-0038465;00-0040009,Elgton Jenkins;Sean Rhyan;Jordan Morgan;Jordan Love;Josh Jacobs;Zach Tom;Rasheed Walker;John FitzPatrick;Luke Musgrave;Malik Heath;Savion Williams,00-0035277;00-0036944;00-0032889;00-0036220;00-0035890;00-0035669;00-0035942;00-0039347;00-0036335;00-0040746;00-0036962,Mike Jackson;Jaycee Horn;A'Shawn Robinson;Derrick Brown;Tershawn Wharton;Nick Scott;Christian Rozeboom;Trevin Wallace;D.J. Wonnum;Nic Scourton;Tre'von Moehrig
2025_09_CAR_GB,2952,run,1.0,37.0,36.0,22.0,0:22,0:00,,6.0,13.0,2.0,5.0,"2 CB, 2 DE, 1 DT, 1 FS, 2 ILB, 2 OLB, 1 SS",CB;CB;DE;DE;DT;FS;ILB;ILB;OLB;OLB;SS,11,6,0,,,False,00-0035526;00-0037076;00-0039904;00-0036264;00-0035700;00-0038685;00-0037817;00-0037196;00-0037306;00-0037816;00-0038465,Elgton Jenkins;Sean Rhyan;Jordan Morgan;Jordan Love;Josh Jacobs;Chris Brooks;Zach Tom;Rasheed Walker;John FitzPatrick;Romeo Doubs;Malik Heath,00-0035277;00-0036944;00-0032889;00-0036220;00-0035890;00-0035669;00-0035942;00-0039347;00-0036335;00-0040746;00-0036962,Mike Jackson;Jaycee Horn;A'Shawn Robinson;Derrick Brown;Tershawn Wharton;Nick Scott;Christian Rozeboom;Trevin Wallace;D.J. Wonnum;Nic Scourton;Tre'von Moehrig
2025_09_CAR_GB,2974,start_quarter_4,,,,0.0,0:00,0:00,,6.0,13.0,,0.0,,,,,,,,,,,,
2025_09_CAR_GB,2994,pass,0.0,36.0,36.0,5.0,15:00,14:55,,6.0,13.0,3.0,4.0,"3 CB, 1 DE, 1 DT, 1 FS, 2 ILB, 2 OLB, 1 SS",CB;CB;CB;DE;DT;FS;ILB;ILB;OLB;OLB;SS,11,6,4,ZONE_COVERAGE,COVER_3,False,00-0035526;00-0037076;00-0039904;00-0036264;00-0038685;00-0037817;00-0037196;00-0039144;00-0038124;00-0037816;00-0038465,Elgton Jenkins;Sean Rhyan;Jordan Morgan;Jordan Love;Chris Brooks;Zach Tom;Rasheed Walker;Luke Musgrave;Christian Watson;Romeo Doubs;Malik Heath,00-0035277;00-0036944;00-0039380;00-0036220;00-0035890;00-0035669;00-0035942;00-0039347;00-0036335;00-0040746;00-0036962,Mike Jackson;Jaycee Horn;Chau Smith-Wade;Derrick Brown;Tershawn Wharton;Nick Scott;Christian Rozeboom;Trevin Wallace;D.J. Wonnum;Nic Scourton;Tre'von Moehrig
2025_09_CAR_GB,3017,pass,8.0,36.0,28.0,34.0,14:55,14:21,,6.0,13.0,4.0,4.0,"3 CB, 1 DE, 1 DT, 1 FS, 2 ILB, 2 OLB, 1 SS",CB;CB;CB;DE;DT;FS;ILB;ILB;OLB;OLB;SS,11,6,4,MAN_COVERAGE,COVER_1,False,00-0035526;00-0037076;00-0039904;00-0036264;00-0038685;00-0037817;00-0037196;00-0039144;00-0037816;00-0038465;00-0040009,Elgton Jenkins;Sean Rhyan;Jordan Morgan;Jordan Love;Chris Brooks;Zach Tom;Rasheed Walker;Luke Musgrave;Romeo Doubs;Malik Heath;Savion Williams,00-0035277;00-0036944;00-0039380;00-0036220;00-0035890;00-0035669;00-0035942;00-0039347;00-0036335;00-0040746;00-0036962,Mike Jackson;Jaycee Horn;Chau Smith-Wade;Derrick Brown;Tershawn Wharton;Nick Scott;Christian Rozeboom;Trevin Wallace;D.J. Wonnum;Nic Scourton;Tre'von Moehrig
2025_09_CAR_GB,3050,pass,6.0,28.0,22.0,40.0,14:21,13:41,,6.0,13.0,1.0,10.0,"3 CB, 1 DE, 1 DT, 1 FS, 2 ILB, 2 OLB, 1 SS",CB;CB;CB;DE;DT;FS;ILB;ILB;OLB;OLB;SS,11,6,4,ZONE_COVERAGE,COVER_6,False,00-0035526;00-0037076;00-0039904;00-0036264;00-0035700;00-0037817;00-0037196;00-0039144;00-0037816;00-0038465;00-0040009,Elgton Jenkins;Sean Rhyan;Jordan Morgan;Jordan Love;Josh Jacobs;Zach Tom;Rasheed Walker;Luke Musgrave;Romeo Doubs;Malik Heath;Savion Williams,00-0035277;00-0036944;00-0039380;00-0036220;00-0035890;00-0035669;00-0035942;00-0039347;00-0036335;00-0040746;00-0036962,Mike Jackson;Jaycee Horn;Chau Smith-Wade;Derrick Brown;Tershawn Wharton;Nick Scott;Christian Rozeboom;Trevin Wallace;D.J. Wonnum;Nic Scourton;Tre'von Moehrig
2025_09_CAR_GB,3075,run,7.0,22.0,15.0,37.0,13:41,13:04,,6.0,13.0,2.0,4.0,"2 CB, 3 DE, 1 DT, 1 FS, 2 ILB, 2 SS",CB;CB;DE;DE;DE;DT;FS;ILB;ILB;SS;SS,11,6,0,,,False,00-0035526;00-0037076;00-0039904;00-0036264;00-0035700;00-0037817;00-0037196;00-0037306;00-0037816;00-0038465;00-0040009,Elgton Jenkins;Sean Rhyan;Jordan Morgan;Jordan Love;Josh Jacobs;Zach Tom;Rasheed Walker;John FitzPatrick;Romeo Doubs;Malik Heath;Savion Williams,00-0035277;00-0036944;00-0032889;00-0036220;00-0036305;00-0035890;00-0035669;00-0035942;00-0039347;00-0036962;00-0040159,Mike Jackson;Jaycee Horn;A'Shawn Robinson;Derrick Brown;Trevis Gipson;Tershawn Wharton;Nick Scott;Christian Rozeboom;Trevin Wallace;Tre'von Moehrig;Lathan Ransom
2025_09_CAR_GB,3097,run,2.0,15.0,13.0,38.0,13:04,12:26,,6.0,13.0,1.0,10.0,"2 CB, 3 DE, 1 DT, 1 FS, 2 ILB, 1 OLB, 1 SS",CB;CB;DE;DE;DE;DT;FS;ILB;ILB;OLB;SS,11,7,0,,,False,00-0035526;00-0037091;00-0037076;00-0039904;00-0036264;00-0038797;00-0037817;00-0037196;00-0037306;00-0037816;00-0038465,Elgton Jenkins;Bo Melton;Sean Rhyan;Jordan Morgan;Jordan Love;Emanuel Wilson;Zach Tom;Rasheed Walker;John FitzPatrick;Romeo Doubs;Malik Heath,00-0035277;00-0036944;00-0032889;00-0036220;00-0036305;00-0035890;00-0035669;00-0035942;00-0039347;00-0040746;00-0036962,Mike Jackson;Jaycee Horn;A'Shawn Robinson;Derrick Brown;Trevis Gipson;Tershawn Wharton;Nick Scott;Christian Rozeboom;Trevin Wallace;Nic Scourton;Tre'von Moehrig
2025_09_CAR_GB,3119,pass,5.0,13.0,8.0,41.0,12:26,11:45,,6.0,13.0,2.0,8.0,"2 CB, 3 DE, 1 DT, 1 FS, 2 ILB, 1 OLB, 1 SS",CB;CB;DE;DE;DE;DT;FS;ILB;ILB;OLB;SS,11,6,5,MAN_COVERAGE,COVER_1,False,00-0035526;00-0037091;00-0037076;00-0039904;00-0036264;00-0038797;00-0037817;00-0037196;00-0037306;00-0037816;00-0038465,Elgton Jenkins;Bo Melton;Sean Rhyan;Jordan Morgan;Jordan Love;Emanuel Wilson;Zach Tom;Rasheed Walker;John FitzPatrick;Romeo Doubs;Malik Heath,00-0035277;00-0036944;00-0032889;00-0036220;00-0036305;00-0035890;00-0035669;00-0035942;00-0039347;00-0040746;00-0036962,Mike Jackson;Jaycee Horn;A'Shawn Robinson;Derrick Brown;Trevis Gipson;Tershawn Wharton;Nick Scott;Christian Rozeboom;Trevin Wallace;Nic Scourton;Tre'von Moehrig
2025_09_CAR_GB,3144,run,-5.0,8.0,13.0,45.0,11:45,11:00,,6.0,13.0,3.0,3.0,"2 CB, 2 DE, 1 DT, 1 FS, 2 ILB, 1 OLB, 2 SS",CB;CB;DE;DE;DT;FS;ILB;ILB;OLB;SS;SS,11,6,0,,,False,00-0035526;00-0037076;00-0039904;00-0036264;00-0038797;00-0037817;00-0037196;00-0037306;00-0037816;00-0038465;00-0040009,Elgton Jenkins;Sean Rhyan;Jordan Morgan;Jordan Love;Emanuel Wilson;Zach Tom;Rasheed Walker;John FitzPatrick;Romeo Doubs;Malik Heath;Savion Williams,00-0035277;00-0036944;00-0032889;00-0036220;00-0035890;00-0035669;00-0035942;00-0039347;00-0036335;00-0036962;00-0040159,Mike Jackson;Jaycee Horn;A'Shawn Robinson;Derrick Brown;Tershawn Wharton;Nick Scott;Christian Rozeboom;Trevin Wallace;D.J. Wonnum;Tre'von Moehrig;Lathan Ransom
2025_09_CAR_GB,3166,pass,0.0,13.0,13.0,0.0,11:00,11:00,,6.0,13.0,4.0,8.0,"3 CB, 1 DE, 1 DT, 1 FS, 2 ILB, 2 OLB, 1 SS",CB;CB;CB;DE;DT;FS;ILB;ILB;OLB;OLB;SS,11,6,4,ZONE_COVERAGE,COVER_9,True,00-0035526;00-0037076;00-0039904;00-0036264;00-0038797;00-0037817;00-0037196;00-0037306;00-0037816;00-0038465;00-0040009,Elgton Jenkins;Sean Rhyan;Jordan Morgan;Jordan Love;Emanuel Wilson;Zach Tom;Rasheed Walker;John FitzPatrick;Romeo Doubs;Malik Heath;Savion Williams,00-0035277;00-0036944;00-0039380;00-0036220;00-0035890;00-0035669;00-0035942;00-0039347;00-0036335;00-0040746;00-0036962,Mike Jackson;Jaycee Horn;Chau Smith-Wade;Derrick Brown;Tershawn Wharton;Nick Scott;Christian Rozeboom;Trevin Wallace;D.J. Wonnum;Nic Scourton;Tre'von Moehrig
2025_09_CAR_GB,3178,timeout,0.0,,,15.0,11:00,10:45,GB,6.0,13.0,,0.0,,,,,,,,,,,,
2025_09_CAR_GB,3196,run,13.0,87.0,74.0,37.0,10:45,10:08,,6.0,13.0,1.0,10.0,"2 CB, 1 DE, 2 DT, 1 FS, 2 MLB, 2 OLB, 1 SS",CB;CB;DE;DT;DT;FS;MLB;MLB;OLB;OLB;SS,11,8,0,,,False,00-0034261;00-0036417;00-0039150;00-0036139;00-0035084;00-0036795;00-0037229;00-0037005;00-0039356;00-0040187;00-0038840,Austin Corbett;Damien Lewis;Bryce Young;Rico Dowdle;Yosh Nijman;Jake Curhan;Ikem Ekwonu;Tommy Tremble;Ja'Tavion Sanders;Mitchell Evans;Brycen Tremayne,00-0035133;00-0036871;00-0034967;00-0037075;00-0040041;00-0039813;00-0036658;00-0039850;00-0036932;00-0037074;00-0036388,Keisean Nixon;Nate Hobbs;Rashan Gary;Devonte Wyatt;Nazir Stackhouse;Evan Williams;Isaiah McDuffie;Edgerrin Cooper;Micah Parsons;Quay Walker;Xavier McKinney
2025_09_CAR_GB,3225,no_play,0.0,74.0,74.0,32.0,10:08,9:36,,6.0,13.0,1.0,10.0,"2 CB, 1 DE, 2 DT, 1 FS, 2 MLB, 2 OLB, 1 SS",CB;CB;DE;DT;DT;FS;MLB;MLB;OLB;OLB;SS,11,8,0,,,False,00-0034261;00-0036417;00-0039150;00-0036139;00-0035084;00-0036795;00-0037229;00-0037005;00-0039356;00-0040187;00-0038840,Austin Corbett;Damien Lewis;Bryce Young;Rico Dowdle;Yosh Nijman;Jake Curhan;Ikem Ekwonu;Tommy Tremble;Ja'Tavion Sanders;Mitchell Evans;Brycen Tremayne,00-0035133;00-0036871;00-0034967;00-0037075;00-0040041;00-0039813;00-0036658;00-0039850;00-0036932;00-0037074;00-0036388,Keisean Nixon;Nate Hobbs;Rashan Gary;Devonte Wyatt;Nazir Stackhouse;Evan Williams;Isaiah McDuffie;Edgerrin Cooper;Micah Parsons;Quay Walker;Xavier McKinney
2025_09_CAR_GB,3263,run,3.0,79.0,76.0,44.0,9:36,8:52,,6.0,13.0,1.0,15.0,"2 CB, 1 DE, 2 DT, 1 FS, 2 MLB, 2 OLB, 1 SS",CB;CB;DE;DT;DT;FS;MLB;MLB;OLB;OLB;SS,11,7,0,,,False,00-0034261;00-0036417;00-0039150;00-0036139;00-0035084;00-0036795;00-0037229;00-0037005;00-0040187;00-0039342;00-0040124,Austin Corbett;Damien Lewis;Bryce Young;Rico Dowdle;Yosh Nijman;Jake Curhan;Ikem Ekwonu;Tommy Tremble;Mitchell Evans;Xavier Legette;Tetairoa McMillan,00-0035133;00-0036871;00-0034967;00-0037075;00-0040041;00-0039813;00-0036658;00-0039850;00-0036932;00-0037074;00-0036388,Keisean Nixon;Nate Hobbs;Rashan Gary;Devonte Wyatt;Nazir Stackhouse;Evan Williams;Isaiah McDuffie;Edgerrin Cooper;Micah Parsons;Quay Walker;Xavier McKinney
2025_09_CAR_GB,3285,no_play,0.0,76.0,76.0,0.0,8:52,8:52,,6.0,13.0,2.0,12.0,"2 CB, 1 DE, 2 DT, 1 FS, 1 MLB, 2 OLB, 2 SS",CB;CB;DE;DT;DT;FS;MLB;OLB;OLB;SS;SS,11,0,0,,,False,00-0034261;00-0036417;00-0039150;00-0036139;00-0035084;00-0036795;00-0037229;00-0037005;00-0039342;00-0039491;00-0040124,Austin Corbett;Damien Lewis;Bryce Young;Rico Dowdle;Yosh Nijman;Jake Curhan;Ikem Ekwonu;Tommy Tremble;Xavier Legette;Jalen Coker;Tetairoa McMillan,00-0035133;00-0036871;00-0034967;00-0037075;00-0038398;00-0039813;00-0039850;00-0036932;00-0037074;00-0036388;00-0039867,Keisean Nixon;Nate Hobbs;Rashan Gary;Devonte Wyatt;Karl Brooks;Evan Williams;Edgerrin Cooper;Micah Parsons;Quay Walker;Xavier McKinney;Javon Bullard
2025_09_CAR_GB,3309,run,3.0,81.0,78.0,42.0,8:52,8:10,,6.0,13.0,2.0,17.0,"2 CB, 1 DE, 2 DT, 1 FS, 1 MLB, 2 OLB, 2 SS",CB;CB;DE;DT;DT;FS;MLB;OLB;OLB;SS;SS,11,6,0,,,False,00-0034261;00-0036417;00-0039150;00-0036139;00-0035084;00-0036795;00-0037229;00-0037005;00-0039491;00-0040124;00-0040218,Austin Corbett;Damien Lewis;Bryce Young;Rico Dowdle;Yosh Nijman;Jake Curhan;Ikem Ekwonu;Tommy Tremble;Jalen Coker;Tetairoa McMillan;Jimmy Horn Jr.,00-0035133;00-0036871;00-0034967;00-0037075;00-0038398;00-0039813;00-0039850;00-0036932;00-0037074;00-0036388;00-0039867,Keisean Nixon;Nate Hobbs;Rashan Gary;Devonte Wyatt;Karl Brooks;Evan Williams;Edgerrin Cooper;Micah Parsons;Quay Walker;Xavier McKinney;Javon Bullard
2025_09_CAR_GB,3331,pass,4.0,78.0,74.0,35.0,8:10,7:35,,6.0,13.0,3.0,14.0,"2 CB, 2 DE, 1 DT, 1 FS, 1 MLB, 2 OLB, 2 SS",CB;CB;DE;DE;DT;FS;MLB;OLB;OLB;SS;SS,11,4,4,MAN_COVERAGE,2_MAN,False,00-0034261;00-0036417;00-0039150;00-0035084;00-0036795;00-0037229;00-0038840;00-0039342;00-0039491;00-0040124;00-0040218,Austin Corbett;Damien Lewis;Bryce Young;Yosh Nijman;Jake Curhan;Ikem Ekwonu;Brycen Tremayne;Xavier Legette;Jalen Coker;Tetairoa McMillan;Jimmy Horn Jr.,00-0035133;00-0036871;00-0034967;00-0037083;00-0038398;00-0039813;00-0039850;00-0036932;00-0037074;00-0036388;00-0039867,Keisean Nixon;Nate Hobbs;Rashan Gary;Kingsley Enagbare;Karl Brooks;Evan Williams;Edgerrin Cooper;Micah Parsons;Quay Walker;Xavier McKinney;Javon Bullard
2025_09_CAR_GB,3356,punt,0.0,74.0,74.0,11.0,7:35,7:24,,6.0,13.0,4.0,10.0,"2 CB, 1 DE, 1 DT, 1 FS, 2 MLB, 1 OLB, 1 RB, 1 SS, 1 WR",CB;CB;DE;DT;FS;MLB;MLB;OLB;RB;SS;WR,11,0,0,,,False,00-0038101;00-0035669;00-0038493;00-0039637;00-0040289;00-0026027;00-0037179;00-0038791;00-0030092;00-0039356;00-0038840,Akayleb Evans;Nick Scott;Claudin Cherelus;Maema Njongmeta;Bam Martin-Scott;J.J. Jansen;Jeremiah Moon;Thomas Incoom;Sam Martin;Ja'Tavion Sanders;Brycen Tremayne,00-0037091;00-0038408;00-0037364;00-0038398;00-0036677;00-0036157;00-0036658;00-0039812;00-0038685;00-0039867;00-0037816,Bo Melton;Carrington Valentine;Arron Mosby;Karl Brooks;Zayne Anderson;Kristian Welch;Isaiah McDuffie;Ty'Ron Hopper;Chris Brooks;Javon Bullard;Romeo Doubs
2025_09_CAR_GB,3387,pass,21.0,71.0,50.0,28.0,7:24,6:56,,6.0,13.0,1.0,10.0,"2 CB, 3 DE, 1 DT, 1 FS, 2 ILB, 1 OLB, 1 SS",CB;CB;DE;DE;DE;DT;FS;ILB;ILB;OLB;SS,11,6,4,ZONE_COVERAGE,COVER_6,True,00-0035526;00-0037076;00-0039904;00-0036264;00-0035700;00-0037817;00-0037196;00-0037306;00-0039144;00-0037816;00-0040009,Elgton Jenkins;Sean Rhyan;Jordan Morgan;Jordan Love;Josh Jacobs;Zach Tom;Rasheed Walker;John FitzPatrick;Luke Musgrave;Romeo Doubs;Savion Williams,00-0035277;00-0036944;00-0032889;00-0036220;00-0036305;00-0035890;00-0035669;00-0035942;00-0039347;00-0036335;00-0036962,Mike Jackson;Jaycee Horn;A'Shawn Robinson;Derrick Brown;Trevis Gipson;Tershawn Wharton;Nick Scott;Christian Rozeboom;Trevin Wallace;D.J. Wonnum;Tre'von Moehrig
2025_09_CAR_GB,3424,run,2.0,50.0,48.0,34.0,6:56,6:22,,6.0,13.0,1.0,10.0,"2 CB, 3 DE, 1 DT, 1 FS, 2 ILB, 1 OLB, 1 SS",CB;CB;DE;DE;DE;DT;FS;ILB;ILB;OLB;SS,11,7,0,,,False,00-0035526;00-0037076;00-0039904;00-0036264;00-0035700;00-0037817;00-0037196;00-0037306;00-0039144;00-0038124;00-0038465,Elgton Jenkins;Sean Rhyan;Jordan Morgan;Jordan Love;Josh Jacobs;Zach Tom;Rasheed Walker;John FitzPatrick;Luke Musgrave;Christian Watson;Malik Heath,00-0035277;00-0036944;00-0032889;00-0036220;00-0036305;00-0035890;00-0035669;00-0035942;00-0039347;00-0036335;00-0036962,Mike Jackson;Jaycee Horn;A'Shawn Robinson;Derrick Brown;Trevis Gipson;Tershawn Wharton;Nick Scott;Christian Rozeboom;Trevin Wallace;D.J. Wonnum;Tre'von Moehrig
2025_09_CAR_GB,3446,pass,0.0,48.0,48.0,3.0,6:22,6:19,,6.0,13.0,2.0,8.0,"2 CB, 3 DE, 1 DT, 1 FS, 2 ILB, 1 OLB, 1 SS",CB;CB;DE;DE;DE;DT;FS;ILB;ILB;OLB;SS,11,6,5,ZONE_COVERAGE,COVER_3,True,00-0035526;00-0037076;00-0039904;00-0036264;00-0035700;00-0037817;00-0037196;00-0037306;00-0039144;00-0038124;00-0038465,Elgton Jenkins;Sean Rhyan;Jordan Morgan;Jordan Love;Josh Jacobs;Zach Tom;Rasheed Walker;John FitzPatrick;Luke Musgrave;Christian Watson;Malik Heath,00-0035277;00-0036944;00-0032889;00-0036220;00-0036305;00-0035890;00-0035669;00-0035942;00-0039347;00-0036335;00-0036962,Mike Jackson;Jaycee Horn;A'Shawn Robinson;Derrick Brown;Trevis Gipson;Tershawn Wharton;Nick Scott;Christian Rozeboom;Trevin Wallace;D.J. Wonnum;Tre'von Moehrig
2025_09_CAR_GB,3469,pass,5.0,48.0,43.0,29.0,6:19,5:50,,6.0,13.0,3.0,8.0,"3 CB, 1 DE, 1 DT, 1 FS, 1 ILB, 2 OLB, 2 SS",CB;CB;CB;DE;DT;FS;ILB;OLB;OLB;SS;SS,11,5,5,ZONE_COVERAGE,COVER_3,False,00-0035526;00-0037076;00-0039904;00-0036264;00-0038797;00-0037817;00-0037196;00-0039144;00-0038124;00-0037816;00-0038465,Elgton Jenkins;Sean Rhyan;Jordan Morgan;Jordan Love;Emanuel Wilson;Zach Tom;Rasheed Walker;Luke Musgrave;Christian Watson;Romeo Doubs;Malik Heath,00-0035277;00-0036944;00-0039380;00-0036220;00-0035890;00-0035669;00-0039347;00-0036335;00-0040746;00-0036962;00-0040159,Mike Jackson;Jaycee Horn;Chau Smith-Wade;Derrick Brown;Tershawn Wharton;Nick Scott;Trevin Wallace;D.J. Wonnum;Nic Scourton;Tre'von Moehrig;Lathan Ransom
2025_09_CAR_GB,3494,pass,11.0,43.0,32.0,28.0,5:50,5:22,,6.0,13.0,4.0,3.0,"3 CB, 1 DE, 1 DT, 1 FS, 1 ILB, 2 OLB, 2 SS",CB;CB;CB;DE;DT;FS;ILB;OLB;OLB;SS;SS,11,6,4,ZONE_COVERAGE,COVER_3,False,00-0035526;00-0037076;00-0039904;00-0036264;00-0038797;00-0037817;00-0037196;00-0039144;00-0038124;00-0037816;00-0038465,Elgton Jenkins;Sean Rhyan;Jordan Morgan;Jordan Love;Emanuel Wilson;Zach Tom;Rasheed Walker;Luke Musgrave;Christian Watson;Romeo Doubs;Malik Heath,00-0035277;00-0036944;00-0039380;00-0036220;00-0035890;00-0035669;00-0039347;00-0036335;00-0040746;00-0036962;00-0040159,Mike Jackson;Jaycee Horn;Chau Smith-Wade;Derrick Brown;Tershawn Wharton;Nick Scott;Trevin Wallace;D.J. Wonnum;Nic Scourton;Tre'von Moehrig;Lathan Ransom
2025_09_CAR_GB,3519,pass,6.0,32.0,26.0,31.0,5:22,4:51,,6.0,13.0,1.0,10.0,"3 CB, 1 DE, 1 DT, 1 FS, 1 ILB, 2 OLB, 2 SS",CB;CB;CB;DE;DT;FS;ILB;OLB;OLB;SS;SS,11,6,4,MAN_COVERAGE,COVER_1,False,00-0035526;00-0037076;00-0039904;00-0036264;00-0038797;00-0037817;00-0037196;00-0039144;00-0038124;00-0037816;00-0038465,Elgton Jenkins;Sean Rhyan;Jordan Morgan;Jordan Love;Emanuel Wilson;Zach Tom;Rasheed Walker;Luke Musgrave;Christian Watson;Romeo Doubs;Malik Heath,00-0035277;00-0036944;00-0039380;00-0036220;00-0035890;00-0035669;00-0039347;00-0036335;00-0040746;00-0036962;00-0040159,Mike Jackson;Jaycee Horn;Chau Smith-Wade;Derrick Brown;Tershawn Wharton;Nick Scott;Trevin Wallace;D.J. Wonnum;Nic Scourton;Tre'von Moehrig;Lathan Ransom
2025_09_CAR_GB,3549,pass,8.0,26.0,18.0,21.0,4:51,4:30,,6.0,13.0,2.0,4.0,"3 CB, 2 DE, 1 DT, 1 FS, 1 ILB, 1 OLB, 2 SS",CB;CB;CB;DE;DE;DT;FS;ILB;OLB;SS;SS,11,5,4,ZONE_COVERAGE,COVER_3,False,00-0035526;00-0037076;00-0039904;00-0036264;00-0038797;00-0037817;00-0037196;00-0039144;00-0038124;00-0037816;00-0040009,Elgton Jenkins;Sean Rhyan;Jordan Morgan;Jordan Love;Emanuel Wilson;Zach Tom;Rasheed Walker;Luke Musgrave;Christian Watson;Romeo Doubs;Savion Williams,00-0035277;00-0036944;00-0039380;00-0032889;00-0036305;00-0035890;00-0035669;00-0039347;00-0040746;00-0036962;00-0040159,Mike Jackson;Jaycee Horn;Chau Smith-Wade;A'Shawn Robinson;Trevis Gipson;Tershawn Wharton;Nick Scott;Trevin Wallace;Nic Scourton;Tre'von Moehrig;Lathan Ransom
2025_09_CAR_GB,3577,run,5.0,18.0,13.0,24.0,4:30,4:06,,6.0,13.0,1.0,10.0,"3 CB, 2 DE, 1 DT, 1 FS, 1 ILB, 1 OLB, 2 SS",CB;CB;CB;DE;DE;DT;FS;ILB;OLB;SS;SS,11,5,0,,,False,00-0035526;00-0037076;00-0039904;00-0036264;00-0038797;00-0037817;00-0037196;00-0039144;00-0038124;00-0037816;00-0040009,Elgton Jenkins;Sean Rhyan;Jordan Morgan;Jordan Love;Emanuel Wilson;Zach Tom;Rasheed Walker;Luke Musgrave;Christian Watson;Romeo Doubs;Savion Williams,00-0035277;00-0036944;00-0039380;00-0032889;00-0036305;00-0035890;00-0035669;00-0039347;00-0040746;00-0036962;00-0040159,Mike Jackson;Jaycee Horn;Chau Smith-Wade;A'Shawn Robinson;Trevis Gipson;Tershawn Wharton;Nick Scott;Trevin Wallace;Nic Scourton;Tre'von Moehrig;Lathan Ransom
2025_09_CAR_GB,3599,pass,6.0,13.0,7.0,28.0,4:06,3:38,,6.0,13.0,2.0,5.0,"3 CB, 2 DE, 1 DT, 1 FS, 1 ILB, 1 OLB, 2 SS",CB;CB;CB;DE;DE;DT;FS;ILB;OLB;SS;SS,11,5,4,MAN_COVERAGE,COVER_1,False,00-0035526;00-0037076;00-0039904;00-0036264;00-0038797;00-0037817;00-0037196;00-0039144;00-0038124;00-0037816;00-0040009,Elgton Jenkins;Sean Rhyan;Jordan Morgan;Jordan Love;Emanuel Wilson;Zach Tom;Rasheed Walker;Luke Musgrave;Christian Watson;Romeo Doubs;Savion Williams,00-0035277;00-0036944;00-0039380;00-0032889;00-0036305;00-0035890;00-0035669;00-0039347;00-0040746;00-0036962;00-0040159,Mike Jackson;Jaycee Horn;Chau Smith-Wade;A'Shawn Robinson;Trevis Gipson;Tershawn Wharton;Nick Scott;Trevin Wallace;Nic Scourton;Tre'von Moehrig;Lathan Ransom
2025_09_CAR_GB,3638,run,4.0,7.0,3.0,37.0,3:38,3:01,,6.0,13.0,1.0,7.0,"3 CB, 2 DE, 1 DT, 1 FS, 1 ILB, 1 OLB, 2 SS",CB;CB;CB;DE;DE;DT;FS;ILB;OLB;SS;SS,11,6,0,,,False,00-0035526;00-0037076;00-0039904;00-0036264;00-0038797;00-0037817;00-0037196;00-0039144;00-0038124;00-0037816;00-0040009,Elgton Jenkins;Sean Rhyan;Jordan Morgan;Jordan Love;Emanuel Wilson;Zach Tom;Rasheed Walker;Luke Musgrave;Christian Watson;Romeo Doubs;Savion Williams,00-0035277;00-0036944;00-0039380;00-0032889;00-0036305;00-0035890;00-0035669;00-0039347;00-0040746;00-0036962;00-0040159,Mike Jackson;Jaycee Horn;Chau Smith-Wade;A'Shawn Robinson;Trevis Gipson;Tershawn Wharton;Nick Scott;Trevin Wallace;Nic Scourton;Tre'von Moehrig;Lathan Ransom
2025_09_CAR_GB,3660,run,2.0,3.0,1.0,26.0,3:01,2:35,,6.0,13.0,2.0,3.0,"2 CB, 2 DE, 1 DT, 1 FS, 2 ILB, 2 OLB, 1 SS",CB;CB;DE;DE;DT;FS;ILB;ILB;OLB;OLB;SS,11,7,0,,,False,00-0035526;00-0037076;00-0039904;00-0036264;00-0035700;00-0037817;00-0037196;00-0037306;00-0039144;00-0038124;00-0037816,Elgton Jenkins;Sean Rhyan;Jordan Morgan;Jordan Love;Josh Jacobs;Zach Tom;Rasheed Walker;John FitzPatrick;Luke Musgrave;Christian Watson;Romeo Doubs,00-0035277;00-0036944;00-0036220;00-0037203;00-0036903;00-0035669;00-0035942;00-0038493;00-0036335;00-0040746;00-0036962,Mike Jackson;Jaycee Horn;Derrick Brown;LaBryan Ray;Bobby Brown III;Nick Scott;Christian Rozeboom;Claudin Cherelus;D.J. Wonnum;Nic Scourton;Tre'von Moehrig
2025_09_CAR_GB,3692,run,1.0,1.0,0.0,3.0,2:35,2:32,,12.0,13.0,3.0,1.0,"2 CB, 2 DE, 1 DT, 1 FS, 2 ILB, 2 OLB, 1 SS",CB;CB;DE;DE;DT;FS;ILB;ILB;OLB;OLB;SS,11,7,0,,,False,00-0035526;00-0037076;00-0039904;00-0036264;00-0035700;00-0037817;00-0037196;00-0037306;00-0039144;00-0038124;00-0037816,Elgton Jenkins;Sean Rhyan;Jordan Morgan;Jordan Love;Josh Jacobs;Zach Tom;Rasheed Walker;John FitzPatrick;Luke Musgrave;Christian Watson;Romeo Doubs,00-0035277;00-0036944;00-0036220;00-0037203;00-0036903;00-0035669;00-0035942;00-0038493;00-0036335;00-0040746;00-0036962,Mike Jackson;Jaycee Horn;Derrick Brown;LaBryan Ray;Bobby Brown III;Nick Scott;Christian Rozeboom;Claudin Cherelus;D.J. Wonnum;Nic Scourton;Tre'von Moehrig
2025_09_CAR_GB,3747,extra_point,0.0,15.0,15.0,0.0,2:32,2:32,,13.0,13.0,,0.0,"2 CB, 2 DE, 2 DT, 1 FS, 1 ILB, 2 OLB, 1 SS",CB;CB;DE;DE;DT;DT;FS;ILB;OLB;OLB;SS,11,0,0,,,False,00-0035526;00-0038398;00-0037076;00-0039904;00-0029822;00-0035118;00-0037547;00-0037817;00-0037194;00-0037196;00-0040726,Elgton Jenkins;Karl Brooks;Sean Rhyan;Jordan Morgan;Brandon McManus;Matthew Orzech;Daniel Whelan;Zach Tom;Darian Kinnard;Rasheed Walker;Anthony Belton,00-0035277;00-0039380;00-0032889;00-0036220;00-0035890;00-0036903;00-0039601;00-0038493;00-0038791;00-0040746;00-0040159,Mike Jackson;Chau Smith-Wade;A'Shawn Robinson;Derrick Brown;Tershawn Wharton;Bobby Brown III;Demani Richardson;Claudin Cherelus;Thomas Incoom;Nic Scourton;Lathan Ransom
2025_09_CAR_GB,3762,kickoff,0.0,35.0,35.0,4.0,2:32,2:28,,13.0,13.0,,0.0,"1 DE, 2 FS, 1 K, 2 MLB, 1 OLB, 1 RB, 3 SS",DE;FS;FS;K;MLB;MLB;OLB;RB;SS;SS;SS,11,0,0,,,False,00-0036305;00-0038493;00-0039637;00-0040289;00-0038791;00-0036555;00-0040644;00-0037005;00-0039356;00-0040187;00-0038840,Trevis Gipson;Claudin Cherelus;Maema Njongmeta;Bam Martin-Scott;Thomas Incoom;Chuba Hubbard;Trevor Etienne;Tommy Tremble;Ja'Tavion Sanders;Mitchell Evans;Brycen Tremayne,00-0037364;00-0036677;00-0039813;00-0029822;00-0036157;00-0036658;00-0039812;00-0038685;00-0036388;00-0039867;00-0039818,Arron Mosby;Zayne Anderson;Evan Williams;Brandon McManus;Kristian Welch;Isaiah McDuffie;Ty'Ron Hopper;Chris Brooks;Xavier McKinney;Javon Bullard;Kitan Oladapo
2025_09_CAR_GB,3797,run,2.0,71.0,69.0,28.0,2:28,2:00,,13.0,13.0,1.0,10.0,"2 CB, 1 DE, 2 DT, 1 FS, 1 MLB, 2 OLB, 2 SS",CB;CB;DE;DT;DT;FS;MLB;OLB;OLB;SS;SS,11,7,0,,,False,00-0034261;00-0036417;00-0039150;00-0036139;00-0035084;00-0036795;00-0037229;00-0037005;00-0038840;00-0039491;00-0040124,Austin Corbett;Damien Lewis;Bryce Young;Rico Dowdle;Yosh Nijman;Jake Curhan;Ikem Ekwonu;Tommy Tremble;Brycen Tremayne;Jalen Coker;Tetairoa McMillan,00-0035133;00-0038408;00-0034967;00-0037075;00-0038398;00-0039813;00-0039850;00-0036932;00-0037074;00-0036388;00-0039867,Keisean Nixon;Carrington Valentine;Rashan Gary;Devonte Wyatt;Karl Brooks;Evan Williams;Edgerrin Cooper;Micah Parsons;Quay Walker;Xavier McKinney;Javon Bullard
2025_09_CAR_GB,3819,pass,9.0,69.0,60.0,38.0,2:00,1:22,,13.0,13.0,2.0,8.0,"2 CB, 1 DE, 2 DT, 1 FS, 1 MLB, 2 OLB, 2 SS",CB;CB;DE;DT;DT;FS;MLB;OLB;OLB;SS;SS,11,7,4,MAN_COVERAGE,COVER_1,True,00-0034261;00-0036417;00-0039150;00-0036139;00-0035084;00-0036795;00-0037229;00-0037005;00-0039342;00-0039491;00-0040124,Austin Corbett;Damien Lewis;Bryce Young;Rico Dowdle;Yosh Nijman;Jake Curhan;Ikem Ekwonu;Tommy Tremble;Xavier Legette;Jalen Coker;Tetairoa McMillan,00-0035133;00-0038408;00-0034967;00-0037075;00-0038398;00-0039813;00-0039850;00-0036932;00-0037074;00-0036388;00-0039867,Keisean Nixon;Carrington Valentine;Rashan Gary;Devonte Wyatt;Karl Brooks;Evan Williams;Edgerrin Cooper;Micah Parsons;Quay Walker;Xavier McKinney;Javon Bullard
2025_09_CAR_GB,3851,pass,0.0,60.0,60.0,4.0,1:22,1:18,,13.0,13.0,1.0,10.0,"2 CB, 1 DE, 2 DT, 1 FS, 1 MLB, 2 OLB, 2 SS",CB;CB;DE;DT;DT;FS;MLB;OLB;OLB;SS;SS,11,6,6,MAN_COVERAGE,COVER_1,True,00-0034261;00-0036417;00-0039150;00-0036139;00-0035084;00-0036795;00-0037229;00-0037005;00-0039342;00-0039491;00-0040124,Austin Corbett;Damien Lewis;Bryce Young;Rico Dowdle;Yosh Nijman;Jake Curhan;Ikem Ekwonu;Tommy Tremble;Xavier Legette;Jalen Coker;Tetairoa McMillan,00-0035133;00-0038408;00-0034967;00-0037075;00-0038398;00-0039813;00-0039850;00-0036932;00-0037074;00-0036388;00-0039867,Keisean Nixon;Carrington Valentine;Rashan Gary;Devonte Wyatt;Karl Brooks;Evan Williams;Edgerrin Cooper;Micah Parsons;Quay Walker;Xavier McKinney;Javon Bullard
2025_09_CAR_GB,3874,pass,10.0,60.0,50.0,28.0,1:18,0:50,,13.0,13.0,2.0,10.0,"2 CB, 1 DE, 2 DT, 1 FS, 1 MLB, 2 OLB, 2 SS",CB;CB;DE;DT;DT;FS;MLB;OLB;OLB;SS;SS,11,6,4,ZONE_COVERAGE,COVER_3,False,00-0034261;00-0036417;00-0039150;00-0036139;00-0035084;00-0036795;00-0037229;00-0039356;00-0039342;00-0039491;00-0040124,Austin Corbett;Damien Lewis;Bryce Young;Rico Dowdle;Yosh Nijman;Jake Curhan;Ikem Ekwonu;Ja'Tavion Sanders;Xavier Legette;Jalen Coker;Tetairoa McMillan,00-0035133;00-0038408;00-0034967;00-0037075;00-0038398;00-0039813;00-0039850;00-0036932;00-0037074;00-0036388;00-0039867,Keisean Nixon;Carrington Valentine;Rashan Gary;Devonte Wyatt;Karl Brooks;Evan Williams;Edgerrin Cooper;Micah Parsons;Quay Walker;Xavier McKinney;Javon Bullard
2025_09_CAR_GB,3899,pass,0.0,50.0,50.0,4.0,0:50,0:46,,13.0,13.0,1.0,10.0,"2 CB, 1 DE, 2 DT, 1 FS, 1 MLB, 2 OLB, 2 SS",CB;CB;DE;DT;DT;FS;MLB;OLB;OLB;SS;SS,11,6,6,MAN_COVERAGE,COVER_1,False,00-0034261;00-0036417;00-0039150;00-0036139;00-0035084;00-0036795;00-0037229;00-0039356;00-0039342;00-0039491;00-0040124,Austin Corbett;Damien Lewis;Bryce Young;Rico Dowdle;Yosh Nijman;Jake Curhan;Ikem Ekwonu;Ja'Tavion Sanders;Xavier Legette;Jalen Coker;Tetairoa McMillan,00-0035133;00-0038408;00-0034967;00-0037075;00-0038398;00-0039813;00-0039850;00-0036932;00-0037074;00-0036388;00-0039867,Keisean Nixon;Carrington Valentine;Rashan Gary;Devonte Wyatt;Karl Brooks;Evan Williams;Edgerrin Cooper;Micah Parsons;Quay Walker;Xavier McKinney;Javon Bullard
2025_09_CAR_GB,3922,run,19.0,50.0,31.0,6.0,0:46,0:40,,13.0,13.0,2.0,10.0,"2 CB, 1 DE, 2 DT, 1 FS, 1 MLB, 2 OLB, 2 SS",CB;CB;DE;DT;DT;FS;MLB;OLB;OLB;SS;SS,11,7,0,,,False,00-0034261;00-0036417;00-0039150;00-0036139;00-0035084;00-0036795;00-0037229;00-0039356;00-0039342;00-0039491;00-0040124,Austin Corbett;Damien Lewis;Bryce Young;Rico Dowdle;Yosh Nijman;Jake Curhan;Ikem Ekwonu;Ja'Tavion Sanders;Xavier Legette;Jalen Coker;Tetairoa McMillan,00-0035133;00-0038408;00-0034967;00-0037075;00-0038398;00-0039813;00-0039850;00-0036932;00-0037074;00-0036388;00-0039867,Keisean Nixon;Carrington Valentine;Rashan Gary;Devonte Wyatt;Karl Brooks;Evan Williams;Edgerrin Cooper;Micah Parsons;Quay Walker;Xavier McKinney;Javon Bullard
2025_09_CAR_GB,3944,run,0.0,31.0,31.0,0.0,0:40,0:40,,13.0,13.0,1.0,10.0,"2 CB, 1 DE, 2 DT, 1 FS, 2 MLB, 2 OLB, 1 SS",CB;CB;DE;DT;DT;FS;MLB;MLB;OLB;OLB;SS,11,10,0,,,False,00-0034261;00-0036417;00-0039150;00-0036139;00-0035084;00-0036795;00-0037229;00-0037005;00-0039356;00-0040187;00-0038840,Austin Corbett;Damien Lewis;Bryce Young;Rico Dowdle;Yosh Nijman;Jake Curhan;Ikem Ekwonu;Tommy Tremble;Ja'Tavion Sanders;Mitchell Evans;Brycen Tremayne,00-0035133;00-0038408;00-0037083;00-0037075;00-0038398;00-0039813;00-0036658;00-0039850;00-0036932;00-0037074;00-0036388,Keisean Nixon;Carrington Valentine;Kingsley Enagbare;Devonte Wyatt;Karl Brooks;Evan Williams;Isaiah McDuffie;Edgerrin Cooper;Micah Parsons;Quay Walker;Xavier McKinney
2025_09_CAR_GB,3956,timeout,0.0,,,0.0,0:40,0:40,GB,13.0,13.0,,0.0,,,,,,,,,,,,
2025_09_CAR_GB,3963,timeout,0.0,,,32.0,0:40,0:08,CAR,13.0,13.0,,0.0,,,,,,,,,,,,
2025_09_CAR_GB,3980,run,0.0,31.0,31.0,7.0,0:08,0:01,,13.0,13.0,2.0,10.0,"2 CB, 1 DE, 2 DT, 1 FS, 2 MLB, 2 OLB, 1 SS",CB;CB;DE;DT;DT;FS;MLB;MLB;OLB;OLB;SS,11,8,0,,,False,00-0034261;00-0036417;00-0039150;00-0036139;00-0035084;00-0036795;00-0037229;00-0037005;00-0039356;00-0040187;00-0038840,Austin Corbett;Damien Lewis;Bryce Young;Rico Dowdle;Yosh Nijman;Jake Curhan;Ikem Ekwonu;Tommy Tremble;Ja'Tavion Sanders;Mitchell Evans;Brycen Tremayne,00-0035133;00-0038408;00-0037083;00-0037075;00-0038398;00-0039813;00-0036658;00-0039850;00-0036932;00-0037074;00-0036388,Keisean Nixon;Carrington Valentine;Kingsley Enagbare;Devonte Wyatt;Karl Brooks;Evan Williams;Isaiah McDuffie;Edgerrin Cooper;Micah Parsons;Quay Walker;Xavier McKinney
2025_09_CAR_GB,4002,field_goal,0.0,31.0,31.0,0.0,0:01,0:01,,13.0,16.0,3.0,10.0,"2 CB, 2 DE, 3 DT, 2 MLB, 1 OLB, 1 SS",CB;CB;DE;DE;DT;DT;DT;MLB;MLB;OLB;SS,11,0,0,,,False,00-0034261;00-0039237;00-0036417;00-0040279;00-0026027;00-0030092;00-0033284;00-0035084;00-0036795;00-0037229;00-0039356,Austin Corbett;Nick Samac;Damien Lewis;Ryan Fitzgerald;J.J. Jansen;Sam Martin;Taylor Moton;Yosh Nijman;Jake Curhan;Ikem Ekwonu;Ja'Tavion Sanders,00-0035133;00-0038408;00-0037083;00-0037364;00-0037075;00-0038398;00-0040041;00-0036658;00-0039850;00-0037074;00-0036388,Keisean Nixon;Carrington Valentine;Kingsley Enagbare;Arron Mosby;Devonte Wyatt;Karl Brooks;Nazir Stackhouse;Isaiah McDuffie;Edgerrin Cooper;Quay Walker;Xavier McKinney
2025_09_CAR_GB,4014,timeout,0.0,,,0.0,0:01,0:01,CAR,13.0,13.0,,0.0,,,,,,,,,,,,
2025_09_CAR_GB,4027,timeout,0.0,,,1.0,0:01,0:00,GB,13.0,13.0,,0.0,,,,,,,,,,,,
2025_09_CAR_GB,4036,end_game,,,,0.0,0:00,0:00,,13.0,16.0,,0.0,,,,,,,,,,,,
