game_id,play_id,play_type,yards_gained,starting_yard,ending_yard,posteam,qtr,game_seconds_remaining,yardline_100,time_of_play,time_on_clock_start,time_on_clock_end,timeout_team,home_team_score,away_team_score,down,yds_to_go,defense_personnel,defense_positions,n_defense,defenders_in_box,number_of_pass_rushers,defense_man_zone_type,defense_coverage_type,was_pressure,offense_player_ids,offense_player_names,defense_player_ids,defense_player_names
2025_05_NYG_NO,1,start_quarter_1,,,,,1.0,3600.0,,0.0,15:00,15:00,,0.0,0.0,,0.0,,,,,,,,,,,,
2025_05_NYG_NO,39,kickoff,0.0,35.0,35.0,NO,1.0,3600.0,35.0,5.0,15:00,14:55,,0.0,0.0,,0.0,"2 CB, 1 DE, 2 FS, 2 ILB, 1 P, 2 SS, 1 WR",CB;CB;DE;FS;FS;ILB;ILB;P;SS;SS;WR,11,0,0,,,False,00-0038781;00-0035142;00-0036421;00-0039388;00-0039622;00-0040155;00-0036867;00-0038782;00-0037745;00-0038551;00-0036741,Rejzohn Wright;Ugo Amadi;Terrell Burgess;Jaylan Ford;Isaiah Stalbird;Danny Stutsman;Chris Rumph II;Eku Leota;Velus Jones Jr.;Kendre Miller;Jack Stoll,00-0038986;00-0038788;00-0036982;00-0036998;00-0039241;00-0031740;00-0039313;00-0035042;00-0038123;00-0039861;00-0040432,Nic Jones;Art Green;Chauncey Golston;Jevon Holland;Beau Brade;Neville Hewitt;Swayze Bozeman;Jamie Gillan;Dane Belton;Tyler Nubin;Beaux Collins
2025_05_NYG_NO,62,pass,0.0,91.0,91.0,NO,1.0,3595.0,91.0,5.0,14:55,14:50,,0.0,0.0,1.0,10.0,"2 CB, 1 DT, 1 FS, 2 ILB, 2 NT, 2 OLB, 1 SS",CB;CB;DT;FS;ILB;ILB;NT;NT;OLB;OLB;SS,11,7,4,ZONE_COVERAGE,COVER_3,True,00-0035242;00-0037241;00-0040541;00-0039376;00-0033906;00-0039339;00-0040125;00-0034981;00-0036040;00-0037239;00-0037545,Erik McCoy;Trevor Penning;Torricelli Simpkins III;Spencer Rattler;Alvin Kamara;Taliese Fuaga;Kelvin Banks Jr.;Foster Moreau;Juwan Johnson;Chris Olave;Rashid Shaheed,00-0036937;00-0037758;00-0032667;00-0036998;00-0035687;00-0039829;00-0031957;00-0035683;00-0035713;00-0037611;00-0039861,Paulson Adebo;Cordale Flott;Roy Robertson-Harris;Jevon Holland;Bobby Okereke;Darius Muasau;Rakeem Nunez-Roches;Dexter Lawrence;Brian Burns;Kayvon Thibodeaux;Tyler Nubin
2025_05_NYG_NO,85,run,4.0,91.0,87.0,NO,1.0,3590.0,91.0,40.0,14:50,14:10,,0.0,0.0,2.0,10.0,"3 CB, 1 DT, 1 FS, 2 ILB, 1 NT, 2 OLB, 1 SS",CB;CB;CB;DT;FS;ILB;ILB;NT;OLB;OLB;SS,11,7,0,,,False,00-0035242;00-0037241;00-0040541;00-0039376;00-0033906;00-0039339;00-0040125;00-0036040;00-0031236;00-0037239;00-0037545,Erik McCoy;Trevor Penning;Torricelli Simpkins III;Spencer Rattler;Alvin Kamara;Taliese Fuaga;Kelvin Banks Jr.;Juwan Johnson;Brandin Cooks;Chris Olave;Rashid Shaheed,00-0036937;00-0037758;00-0039821;00-0032667;00-0036998;00-0035687;00-0039829;00-0035683;00-0035713;00-0037611;00-0039861,Paulson Adebo;Cordale Flott;Andru Phillips;Roy Robertson-Harris;Jevon Holland;Bobby Okereke;Darius Muasau;Dexter Lawrence;Brian Burns;Kayvon Thibodeaux;Tyler Nubin
2025_05_NYG_NO,107,no_play,0.0,87.0,87.0,NO,1.0,3550.0,87.0,13.0,14:10,13:57,,0.0,0.0,3.0,6.0,"3 CB, 1 DT, 1 FS, 1 ILB, 3 OLB, 2 SS",CB;CB;CB;DT;FS;ILB;OLB;OLB;OLB;SS;SS,11,0,0,,,False,00-0035242;00-0037241;00-0040541;00-0039376;00-0033906;00-0039339;00-0040125;00-0036040;00-0037239;00-0037545;00-0039424,Erik McCoy;Trevor Penning;Torricelli Simpkins III;Spencer Rattler;Alvin Kamara;Taliese Fuaga;Kelvin Banks Jr.;Juwan Johnson;Chris Olave;Rashid Shaheed;Devaughn Vele,00-0036937;00-0039000;00-0039821;00-0040694;00-0036998;00-0035687;00-0035713;00-0037611;00-0040677;00-0038123;00-0039861,Paulson Adebo;Deonte Banks;Andru Phillips;Darius Alexander;Jevon Holland;Bobby Okereke;Brian Burns;Kayvon Thibodeaux;Abdul Carter;Dane Belton;Tyler Nubin
2025_05_NYG_NO,131,pass,0.0,92.0,92.0,NO,1.0,3537.0,92.0,6.0,13:57,13:51,,0.0,0.0,3.0,11.0,"3 CB, 1 DT, 1 FS, 1 ILB, 3 OLB, 2 SS",CB;CB;CB;DT;FS;ILB;OLB;OLB;OLB;SS;SS,11,6,4,ZONE_COVERAGE,COVER_4,False,00-0035242;00-0037241;00-0040541;00-0039376;00-0033906;00-0039339;00-0040125;00-0036040;00-0031236;00-0037239;00-0037545,Erik McCoy;Trevor Penning;Torricelli Simpkins III;Spencer Rattler;Alvin Kamara;Taliese Fuaga;Kelvin Banks Jr.;Juwan Johnson;Brandin Cooks;Chris Olave;Rashid Shaheed,00-0036937;00-0039000;00-0039821;00-0040694;00-0036998;00-0035687;00-0035713;00-0037611;00-0040677;00-0038123;00-0039861,Paulson Adebo;Deonte Banks;Andru Phillips;Darius Alexander;Jevon Holland;Bobby Okereke;Brian Burns;Kayvon Thibodeaux;Abdul Carter;Dane Belton;Tyler Nubin
2025_05_NYG_NO,154,punt,0.0,92.0,92.0,NO,1.0,3531.0,92.0,12.0,13:51,13:39,,0.0,0.0,4.0,11.0,"3 CB, 1 DE, 1 FS, 2 ILB, 1 OLB, 1 SS, 2 WR",CB;CB;CB;DE;FS;ILB;ILB;OLB;SS;WR;WR,11,0,0,,,False,00-0038588;00-0036927;00-0039388;00-0039622;00-0040155;00-0033063;00-0036867;00-0040654;00-0033357;00-0037745;00-0036741,Jordan Howden;Pete Werner;Jaylan Ford;Isaiah Stalbird;Danny Stutsman;Zach Wood;Chris Rumph II;Kai Kroeger;Taysom Hill;Velus Jones Jr.;Jack Stoll,00-0039000;00-0038986;00-0038788;00-0036982;00-0039241;00-0031740;00-0039313;00-0040677;00-0038123;00-0035645;00-0040432,Deonte Banks;Nic Jones;Art Green;Chauncey Golston;Beau Brade;Neville Hewitt;Swayze Bozeman;Abdul Carter;Dane Belton;Gunner Olszewski;Beaux Collins
2025_05_NYG_NO,174,pass,5.0,59.0,54.0,NYG,1.0,3519.0,59.0,28.0,13:39,13:11,,0.0,0.0,1.0,10.0,"2 CB, 2 DT, 2 ILB, 1 NT, 2 OLB, 2 SS",CB;CB;DT;DT;ILB;ILB;NT;OLB;OLB;SS;SS,11,6,4,ZONE_COVERAGE,COVER_6,False,00-0039019;00-0029685;00-0036246;00-0040691;00-0040715;00-0033290;00-0036386;00-0038115;00-0039847;00-0035535;00-0038117,John Michael Schmitz;Greg Van Roten;Jon Runyan;Jaxson Dart;Cam Skattebo;Jermaine Eluemunor;Andrew Thomas;Daniel Bellinger;Theo Johnson;Darius Slayton;Wan'Dale Robinson,00-0038121;00-0039860;00-0034760;00-0038995;00-0029607;00-0036927;00-0033860;00-0027962;00-0035402;00-0034361;00-0040643,Alontae Taylor;Kool-Aid McKinstry;Nathan Shepherd;Bryan Bresee;Demario Davis;Pete Werner;Davon Godchaux;Cameron Jordan;Carl Granderson;Justin Reid;Jonas Sanker
2025_05_NYG_NO,199,pass,14.0,54.0,40.0,NYG,1.0,3491.0,54.0,39.0,13:11,12:32,,0.0,0.0,2.0,5.0,"2 CB, 2 DT, 2 ILB, 1 NT, 2 OLB, 2 SS",CB;CB;DT;DT;ILB;ILB;NT;OLB;OLB;SS;SS,11,7,5,ZONE_COVERAGE,COVER_3,False,00-0039019;00-0029685;00-0036246;00-0040691;00-0040715;00-0033290;00-0036386;00-0038115;00-0039847;00-0035535;00-0038117,John Michael Schmitz;Greg Van Roten;Jon Runyan;Jaxson Dart;Cam Skattebo;Jermaine Eluemunor;Andrew Thomas;Daniel Bellinger;Theo Johnson;Darius Slayton;Wan'Dale Robinson,00-0038121;00-0039860;00-0034760;00-0038995;00-0029607;00-0036927;00-0033860;00-0027962;00-0035402;00-0034361;00-0040643,Alontae Taylor;Kool-Aid McKinstry;Nathan Shepherd;Bryan Bresee;Demario Davis;Pete Werner;Davon Godchaux;Cameron Jordan;Carl Granderson;Justin Reid;Jonas Sanker
2025_05_NYG_NO,224,run,6.0,40.0,34.0,NYG,1.0,3452.0,40.0,32.0,12:32,12:00,,0.0,0.0,1.0,10.0,"2 CB, 2 DT, 2 ILB, 1 NT, 2 OLB, 2 SS",CB;CB;DT;DT;ILB;ILB;NT;OLB;OLB;SS;SS,11,6,4,ZONE_COVERAGE,COVER_6,False,00-0039019;00-0029685;00-0036246;00-0040691;00-0040715;00-0033290;00-0036386;00-0038115;00-0039847;00-0035535;00-0038117,John Michael Schmitz;Greg Van Roten;Jon Runyan;Jaxson Dart;Cam Skattebo;Jermaine Eluemunor;Andrew Thomas;Daniel Bellinger;Theo Johnson;Darius Slayton;Wan'Dale Robinson,00-0038121;00-0039860;00-0034760;00-0038995;00-0029607;00-0036927;00-0033860;00-0027962;00-0035402;00-0034361;00-0040643,Alontae Taylor;Kool-Aid McKinstry;Nathan Shepherd;Bryan Bresee;Demario Davis;Pete Werner;Davon Godchaux;Cameron Jordan;Carl Granderson;Justin Reid;Jonas Sanker
2025_05_NYG_NO,246,run,4.0,34.0,30.0,NYG,1.0,3420.0,34.0,46.0,12:00,11:14,,0.0,0.0,2.0,4.0,"2 CB, 2 DT, 2 ILB, 1 NT, 2 OLB, 2 SS",CB;CB;DT;DT;ILB;ILB;NT;OLB;OLB;SS;SS,11,7,0,,,False,00-0039019;00-0029685;00-0036246;00-0040691;00-0040715;00-0033290;00-0036386;00-0038115;00-0039847;00-0035535;00-0038117,John Michael Schmitz;Greg Van Roten;Jon Runyan;Jaxson Dart;Cam Skattebo;Jermaine Eluemunor;Andrew Thomas;Daniel Bellinger;Theo Johnson;Darius Slayton;Wan'Dale Robinson,00-0038121;00-0039860;00-0034760;00-0038995;00-0029607;00-0036927;00-0033860;00-0027962;00-0035402;00-0034361;00-0040643,Alontae Taylor;Kool-Aid McKinstry;Nathan Shepherd;Bryan Bresee;Demario Davis;Pete Werner;Davon Godchaux;Cameron Jordan;Carl Granderson;Justin Reid;Jonas Sanker
2025_05_NYG_NO,268,pass,6.0,30.0,24.0,NYG,1.0,3374.0,30.0,40.0,11:14,10:34,,0.0,0.0,1.0,10.0,"2 CB, 2 DT, 2 ILB, 1 NT, 2 OLB, 2 SS",CB;CB;DT;DT;ILB;ILB;NT;OLB;OLB;SS;SS,11,5,5,ZONE_COVERAGE,COVER_9,False,00-0039019;00-0029685;00-0036246;00-0040691;00-0040715;00-0033290;00-0036386;00-0038115;00-0039847;00-0035535;00-0038117,John Michael Schmitz;Greg Van Roten;Jon Runyan;Jaxson Dart;Cam Skattebo;Jermaine Eluemunor;Andrew Thomas;Daniel Bellinger;Theo Johnson;Darius Slayton;Wan'Dale Robinson,00-0038121;00-0039860;00-0034760;00-0038995;00-0029607;00-0036927;00-0033860;00-0027962;00-0035402;00-0034361;00-0040643,Alontae Taylor;Kool-Aid McKinstry;Nathan Shepherd;Bryan Bresee;Demario Davis;Pete Werner;Davon Godchaux;Cameron Jordan;Carl Granderson;Justin Reid;Jonas Sanker
2025_05_NYG_NO,297,run,2.0,24.0,22.0,NYG,1.0,3334.0,24.0,40.0,10:34,9:54,,0.0,0.0,2.0,4.0,"2 CB, 2 DT, 2 ILB, 1 NT, 2 OLB, 2 SS",CB;CB;DT;DT;ILB;ILB;NT;OLB;OLB;SS;SS,11,7,0,,,False,00-0039019;00-0029685;00-0036246;00-0040691;00-0040715;00-0033290;00-0036386;00-0038115;00-0039847;00-0035535;00-0038117,John Michael Schmitz;Greg Van Roten;Jon Runyan;Jaxson Dart;Cam Skattebo;Jermaine Eluemunor;Andrew Thomas;Daniel Bellinger;Theo Johnson;Darius Slayton;Wan'Dale Robinson,00-0038121;00-0039860;00-0034760;00-0038995;00-0029607;00-0036927;00-0033860;00-0027962;00-0035402;00-0034361;00-0040643,Alontae Taylor;Kool-Aid McKinstry;Nathan Shepherd;Bryan Bresee;Demario Davis;Pete Werner;Davon Godchaux;Cameron Jordan;Carl Granderson;Justin Reid;Jonas Sanker
2025_05_NYG_NO,319,no_play,0.0,22.0,22.0,NYG,1.0,3294.0,22.0,3.0,9:54,9:51,,0.0,0.0,3.0,2.0,"2 CB, 2 DT, 2 ILB, 1 NT, 2 OLB, 2 SS",CB;CB;DT;DT;ILB;ILB;NT;OLB;OLB;SS;SS,11,6,4,ZONE_COVERAGE,COVER_2,False,00-0039019;00-0029685;00-0036246;00-0040691;00-0040715;00-0033290;00-0036386;00-0038115;00-0039847;00-0035535;00-0038117,John Michael Schmitz;Greg Van Roten;Jon Runyan;Jaxson Dart;Cam Skattebo;Jermaine Eluemunor;Andrew Thomas;Daniel Bellinger;Theo Johnson;Darius Slayton;Wan'Dale Robinson,00-0038121;00-0039860;00-0034760;00-0038995;00-0029607;00-0036927;00-0033860;00-0027962;00-0035402;00-0034361;00-0040643,Alontae Taylor;Kool-Aid McKinstry;Nathan Shepherd;Bryan Bresee;Demario Davis;Pete Werner;Davon Godchaux;Cameron Jordan;Carl Granderson;Justin Reid;Jonas Sanker
2025_05_NYG_NO,357,timeout,18.0,19.0,1.0,NYG,1.0,3291.0,19.0,13.0,9:51,9:38,NO,0.0,0.0,1.0,10.0,"2 CB, 1 DE, 1 DT, 1 FS, 1 ILB, 1 NT, 2 OLB, 2 SS",CB;CB;DE;DT;FS;ILB;NT;OLB;OLB;SS;SS,11,7,4,ZONE_COVERAGE,COVER_9,False,00-0039019;00-0029685;00-0036246;00-0040691;00-0035250;00-0033290;00-0036386;00-0031484;00-0038115;00-0035535;00-0038117,John Michael Schmitz;Greg Van Roten;Jon Runyan;Jaxson Dart;Devin Singletary;Jermaine Eluemunor;Andrew Thomas;Chris Manhertz;Daniel Bellinger;Darius Slayton;Wan'Dale Robinson,00-0038121;00-0039860;00-0033093;00-0034760;00-0036421;00-0029607;00-0033860;00-0035402;00-0036867;00-0034361;00-0040643,Alontae Taylor;Kool-Aid McKinstry;Jonathan Bullard;Nathan Shepherd;Terrell Burgess;Demario Davis;Davon Godchaux;Carl Granderson;Chris Rumph II;Justin Reid;Jonas Sanker
2025_05_NYG_NO,451,pass,1.0,1.0,0.0,NYG,1.0,3278.0,1.0,4.0,9:38,9:34,,0.0,6.0,1.0,1.0,"2 CB, 1 DE, 2 DT, 1 ILB, 1 NT, 2 OLB, 2 SS",CB;CB;DE;DT;DT;ILB;NT;OLB;OLB;SS;SS,11,8,6,MAN_COVERAGE,COVER_0,False,00-0039019;00-0029685;00-0036246;00-0040691;00-0040715;00-0033290;00-0036386;00-0031484;00-0038115;00-0039847;00-0035535,John Michael Schmitz;Greg Van Roten;Jon Runyan;Jaxson Dart;Cam Skattebo;Jermaine Eluemunor;Andrew Thomas;Chris Manhertz;Daniel Bellinger;Theo Johnson;Darius Slayton,00-0038121;00-0039860;00-0033093;00-0034760;00-0038995;00-0029607;00-0033860;00-0027962;00-0035402;00-0034361;00-0040643,Alontae Taylor;Kool-Aid McKinstry;Jonathan Bullard;Nathan Shepherd;Bryan Bresee;Demario Davis;Davon Godchaux;Cameron Jordan;Carl Granderson;Justin Reid;Jonas Sanker
2025_05_NYG_NO,484,extra_point,0.0,15.0,15.0,NYG,1.0,3274.0,15.0,0.0,9:34,9:34,,0.0,7.0,,0.0,"1 CB, 1 DE, 2 DT, 1 FS, 2 ILB, 3 OLB, 1 SS",CB;DE;DT;DT;FS;ILB;ILB;OLB;OLB;OLB;SS,11,0,0,,,False,00-0034112;00-0037260;00-0029685;00-0034668;00-0039934;00-0030957;00-0035042;00-0033290;00-0036866;00-0031484;00-0038115,Austin Schlottmann;DJ Davidson;Greg Van Roten;Aaron Stinnie;Jude McAtamney;Casey Kreiter;Jamie Gillan;Jermaine Eluemunor;James Hudson;Chris Manhertz;Daniel Bellinger,00-0040166;00-0035944;00-0034760;00-0038995;00-0038588;00-0039388;00-0039622;00-0027962;00-0035402;00-0036867;00-0034361,Quincy Riley;Jonah Williams;Nathan Shepherd;Bryan Bresee;Jordan Howden;Jaylan Ford;Isaiah Stalbird;Cameron Jordan;Carl Granderson;Chris Rumph II;Justin Reid
2025_05_NYG_NO,499,kickoff,0.0,35.0,35.0,NO,1.0,3274.0,35.0,1.0,9:34,9:33,,0.0,7.0,,0.0,"2 CB, 1 DE, 2 FS, 2 ILB, 1 P, 2 SS, 1 WR",CB;CB;DE;FS;FS;ILB;ILB;P;SS;SS;WR,11,0,0,,,False,00-0038781;00-0035142;00-0036421;00-0039388;00-0039622;00-0040155;00-0036867;00-0038782;00-0037745;00-0038551;00-0036741,Rejzohn Wright;Ugo Amadi;Terrell Burgess;Jaylan Ford;Isaiah Stalbird;Danny Stutsman;Chris Rumph II;Eku Leota;Velus Jones Jr.;Kendre Miller;Jack Stoll,00-0038986;00-0038788;00-0036982;00-0036998;00-0039241;00-0031740;00-0039313;00-0035042;00-0038123;00-0039861;00-0040432,Nic Jones;Art Green;Chauncey Golston;Jevon Holland;Beau Brade;Neville Hewitt;Swayze Bozeman;Jamie Gillan;Dane Belton;Tyler Nubin;Beaux Collins
2025_05_NYG_NO,523,no_play,0.0,80.0,80.0,NO,1.0,3273.0,80.0,21.0,9:33,9:12,,0.0,7.0,1.0,10.0,"2 CB, 1 DT, 1 FS, 2 ILB, 2 NT, 2 OLB, 1 SS",CB;CB;DT;FS;ILB;ILB;NT;NT;OLB;OLB;SS,11,7,0,,,False,00-0035242;00-0037241;00-0040541;00-0033357;00-0033906;00-0039339;00-0040125;00-0034981;00-0036741;00-0037239;00-0037545,Erik McCoy;Trevor Penning;Torricelli Simpkins III;Taysom Hill;Alvin Kamara;Taliese Fuaga;Kelvin Banks Jr.;Foster Moreau;Jack Stoll;Chris Olave;Rashid Shaheed,00-0036937;00-0037758;00-0032667;00-0036998;00-0035687;00-0039829;00-0031957;00-0035683;00-0035713;00-0040677;00-0039861,Paulson Adebo;Cordale Flott;Roy Robertson-Harris;Jevon Holland;Bobby Okereke;Darius Muasau;Rakeem Nunez-Roches;Dexter Lawrence;Brian Burns;Abdul Carter;Tyler Nubin
2025_05_NYG_NO,558,run,11.0,85.0,74.0,NO,1.0,3252.0,85.0,37.0,9:12,8:35,,0.0,7.0,1.0,15.0,"2 CB, 1 DT, 1 FS, 2 ILB, 2 NT, 2 OLB, 1 SS",CB;CB;DT;FS;ILB;ILB;NT;NT;OLB;OLB;SS,11,8,0,,,False,00-0035242;00-0037241;00-0040541;00-0039376;00-0033906;00-0039339;00-0040125;00-0034981;00-0036040;00-0036741;00-0039424,Erik McCoy;Trevor Penning;Torricelli Simpkins III;Spencer Rattler;Alvin Kamara;Taliese Fuaga;Kelvin Banks Jr.;Foster Moreau;Juwan Johnson;Jack Stoll;Devaughn Vele,00-0036937;00-0037758;00-0032667;00-0036998;00-0035687;00-0039829;00-0031957;00-0035683;00-0035713;00-0040677;00-0039861,Paulson Adebo;Cordale Flott;Roy Robertson-Harris;Jevon Holland;Bobby Okereke;Darius Muasau;Rakeem Nunez-Roches;Dexter Lawrence;Brian Burns;Abdul Carter;Tyler Nubin
2025_05_NYG_NO,580,run,-1.0,74.0,75.0,NO,1.0,3215.0,74.0,39.0,8:35,7:56,,0.0,7.0,2.0,4.0,"3 CB, 1 DT, 1 FS, 2 ILB, 1 NT, 2 OLB, 1 SS",CB;CB;CB;DT;FS;ILB;ILB;NT;OLB;OLB;SS,11,7,0,,,False,00-0035242;00-0037241;00-0040541;00-0039376;00-0033906;00-0039339;00-0040125;00-0034981;00-0037239;00-0037545;00-0039424,Erik McCoy;Trevor Penning;Torricelli Simpkins III;Spencer Rattler;Alvin Kamara;Taliese Fuaga;Kelvin Banks Jr.;Foster Moreau;Chris Olave;Rashid Shaheed;Devaughn Vele,00-0036937;00-0037758;00-0039821;00-0032667;00-0036998;00-0035687;00-0039829;00-0035683;00-0035713;00-0040677;00-0039861,Paulson Adebo;Cordale Flott;Andru Phillips;Roy Robertson-Harris;Jevon Holland;Bobby Okereke;Darius Muasau;Dexter Lawrence;Brian Burns;Abdul Carter;Tyler Nubin
2025_05_NYG_NO,602,no_play,0.0,75.0,75.0,NO,1.0,3176.0,75.0,9.0,7:56,7:47,,0.0,7.0,3.0,5.0,"3 CB, 1 DT, 1 FS, 1 ILB, 3 OLB, 2 SS",CB;CB;CB;DT;FS;ILB;OLB;OLB;OLB;SS;SS,11,6,4,MAN_COVERAGE,COVER_1,True,00-0035242;00-0037241;00-0040541;00-0039376;00-0033906;00-0039339;00-0040125;00-0036040;00-0037239;00-0037545;00-0039424,Erik McCoy;Trevor Penning;Torricelli Simpkins III;Spencer Rattler;Alvin Kamara;Taliese Fuaga;Kelvin Banks Jr.;Juwan Johnson;Chris Olave;Rashid Shaheed;Devaughn Vele,00-0036937;00-0039000;00-0039821;00-0040694;00-0036998;00-0035687;00-0035713;00-0037611;00-0040677;00-0038123;00-0039861,Paulson Adebo;Deonte Banks;Andru Phillips;Darius Alexander;Jevon Holland;Bobby Okereke;Brian Burns;Kayvon Thibodeaux;Abdul Carter;Dane Belton;Tyler Nubin
2025_05_NYG_NO,640,run,2.0,50.0,48.0,NO,1.0,3167.0,50.0,39.0,7:47,7:08,,0.0,7.0,1.0,10.0,"2 CB, 2 DT, 1 FS, 2 ILB, 1 NT, 2 OLB, 1 SS",CB;CB;DT;DT;FS;ILB;ILB;NT;OLB;OLB;SS,11,7,0,,,False,00-0035242;00-0037241;00-0040541;00-0039376;00-0038551;00-0039339;00-0040125;00-0034981;00-0036741;00-0031236;00-0039623,Erik McCoy;Trevor Penning;Torricelli Simpkins III;Spencer Rattler;Kendre Miller;Taliese Fuaga;Kelvin Banks Jr.;Foster Moreau;Jack Stoll;Brandin Cooks;Mason Tipton,00-0036937;00-0037758;00-0032667;00-0037260;00-0036998;00-0035687;00-0039829;00-0031957;00-0035713;00-0037611;00-0039861,Paulson Adebo;Cordale Flott;Roy Robertson-Harris;DJ Davidson;Jevon Holland;Bobby Okereke;Darius Muasau;Rakeem Nunez-Roches;Brian Burns;Kayvon Thibodeaux;Tyler Nubin
2025_05_NYG_NO,662,pass,7.0,48.0,41.0,NO,1.0,3128.0,48.0,36.0,7:08,6:32,,0.0,7.0,2.0,8.0,"3 CB, 2 DT, 1 FS, 2 ILB, 2 OLB, 1 SS",CB;CB;CB;DT;DT;FS;ILB;ILB;OLB;OLB;SS,11,6,4,ZONE_COVERAGE,COVER_6,False,00-0035242;00-0037241;00-0040541;00-0033357;00-0039376;00-0038551;00-0039339;00-0040125;00-0036040;00-0037239;00-0037545,Erik McCoy;Trevor Penning;Torricelli Simpkins III;Taysom Hill;Spencer Rattler;Kendre Miller;Taliese Fuaga;Kelvin Banks Jr.;Juwan Johnson;Chris Olave;Rashid Shaheed,00-0036937;00-0037758;00-0039821;00-0032667;00-0037260;00-0036998;00-0035687;00-0039829;00-0035713;00-0037611;00-0039861,Paulson Adebo;Cordale Flott;Andru Phillips;Roy Robertson-Harris;DJ Davidson;Jevon Holland;Bobby Okereke;Darius Muasau;Brian Burns;Kayvon Thibodeaux;Tyler Nubin
2025_05_NYG_NO,687,run,2.0,41.0,39.0,NO,1.0,3092.0,41.0,36.0,6:32,5:56,,0.0,7.0,3.0,1.0,"2 CB, 2 DT, 1 FS, 2 ILB, 1 NT, 2 OLB, 1 SS",CB;CB;DT;DT;FS;ILB;ILB;NT;OLB;OLB;SS,11,8,0,,,False,00-0035242;00-0037241;00-0040541;00-0039376;00-0038551;00-0039339;00-0040125;00-0036040;00-0036741;00-0031236;00-0037239,Erik McCoy;Trevor Penning;Torricelli Simpkins III;Spencer Rattler;Kendre Miller;Taliese Fuaga;Kelvin Banks Jr.;Juwan Johnson;Jack Stoll;Brandin Cooks;Chris Olave,00-0036937;00-0037758;00-0037260;00-0040694;00-0036998;00-0035687;00-0039829;00-0031957;00-0037611;00-0040677;00-0039861,Paulson Adebo;Cordale Flott;DJ Davidson;Darius Alexander;Jevon Holland;Bobby Okereke;Darius Muasau;Rakeem Nunez-Roches;Kayvon Thibodeaux;Abdul Carter;Tyler Nubin
2025_05_NYG_NO,709,pass,6.0,39.0,33.0,NO,1.0,3056.0,39.0,38.0,5:56,5:18,,0.0,7.0,1.0,10.0,"3 CB, 1 DT, 1 FS, 2 ILB, 1 NT, 2 OLB, 1 SS",CB;CB;CB;DT;FS;ILB;ILB;NT;OLB;OLB;SS,11,6,4,ZONE_COVERAGE,COVER_3,False,00-0035242;00-0037241;00-0040541;00-0039376;00-0033906;00-0039339;00-0040125;00-0034981;00-0037239;00-0037545;00-0039424,Erik McCoy;Trevor Penning;Torricelli Simpkins III;Spencer Rattler;Alvin Kamara;Taliese Fuaga;Kelvin Banks Jr.;Foster Moreau;Chris Olave;Rashid Shaheed;Devaughn Vele,00-0036937;00-0037758;00-0039821;00-0037260;00-0036998;00-0035687;00-0039829;00-0031957;00-0037611;00-0040677;00-0039861,Paulson Adebo;Cordale Flott;Andru Phillips;DJ Davidson;Jevon Holland;Bobby Okereke;Darius Muasau;Rakeem Nunez-Roches;Kayvon Thibodeaux;Abdul Carter;Tyler Nubin
2025_05_NYG_NO,739,run,1.0,33.0,32.0,NO,1.0,3018.0,33.0,39.0,5:18,4:39,,0.0,7.0,2.0,4.0,"2 CB, 1 DT, 1 FS, 2 ILB, 2 NT, 2 OLB, 1 SS",CB;CB;DT;FS;ILB;ILB;NT;NT;OLB;OLB;SS,11,8,0,,,False,00-0035242;00-0037241;00-0040541;00-0039376;00-0033906;00-0039339;00-0040125;00-0036040;00-0036741;00-0031236;00-0037239,Erik McCoy;Trevor Penning;Torricelli Simpkins III;Spencer Rattler;Alvin Kamara;Taliese Fuaga;Kelvin Banks Jr.;Juwan Johnson;Jack Stoll;Brandin Cooks;Chris Olave,00-0036937;00-0037758;00-0040694;00-0036998;00-0035687;00-0039829;00-0031957;00-0035683;00-0035713;00-0040677;00-0039861,Paulson Adebo;Cordale Flott;Darius Alexander;Jevon Holland;Bobby Okereke;Darius Muasau;Rakeem Nunez-Roches;Dexter Lawrence;Brian Burns;Abdul Carter;Tyler Nubin
2025_05_NYG_NO,761,pass,9.0,32.0,23.0,NO,1.0,2979.0,32.0,26.0,4:39,4:13,,0.0,7.0,3.0,3.0,"3 CB, 1 FS, 2 ILB, 2 NT, 2 OLB, 1 SS",CB;CB;CB;FS;ILB;ILB;NT;NT;OLB;OLB;SS,11,6,4,MAN_COVERAGE,COVER_1,False,00-0035242;00-0037241;00-0040541;00-0039376;00-0033906;00-0039339;00-0040125;00-0036040;00-0031236;00-0037239;00-0037545,Erik McCoy;Trevor Penning;Torricelli Simpkins III;Spencer Rattler;Alvin Kamara;Taliese Fuaga;Kelvin Banks Jr.;Juwan Johnson;Brandin Cooks;Chris Olave;Rashid Shaheed,00-0036937;00-0037758;00-0039821;00-0036998;00-0035687;00-0039829;00-0031957;00-0035683;00-0035713;00-0040677;00-0039861,Paulson Adebo;Cordale Flott;Andru Phillips;Jevon Holland;Bobby Okereke;Darius Muasau;Rakeem Nunez-Roches;Dexter Lawrence;Brian Burns;Abdul Carter;Tyler Nubin
2025_05_NYG_NO,786,run,2.0,23.0,21.0,NO,1.0,2953.0,23.0,34.0,4:13,3:39,,0.0,7.0,1.0,10.0,"3 CB, 1 DT, 1 FS, 2 ILB, 1 NT, 2 OLB, 1 SS",CB;CB;CB;DT;FS;ILB;ILB;NT;OLB;OLB;SS,11,6,0,,,False,00-0035242;00-0037241;00-0040541;00-0039376;00-0033906;00-0039339;00-0040125;00-0036040;00-0031236;00-0037239;00-0037545,Erik McCoy;Trevor Penning;Torricelli Simpkins III;Spencer Rattler;Alvin Kamara;Taliese Fuaga;Kelvin Banks Jr.;Juwan Johnson;Brandin Cooks;Chris Olave;Rashid Shaheed,00-0036937;00-0037758;00-0039821;00-0032667;00-0036998;00-0035687;00-0039829;00-0035683;00-0035713;00-0040677;00-0039861,Paulson Adebo;Cordale Flott;Andru Phillips;Roy Robertson-Harris;Jevon Holland;Bobby Okereke;Darius Muasau;Dexter Lawrence;Brian Burns;Abdul Carter;Tyler Nubin
2025_05_NYG_NO,808,pass,9.0,21.0,12.0,NO,1.0,2919.0,21.0,35.0,3:39,3:04,,0.0,7.0,2.0,8.0,"3 CB, 1 DT, 1 FS, 2 ILB, 1 NT, 2 OLB, 1 SS",CB;CB;CB;DT;FS;ILB;ILB;NT;OLB;OLB;SS,11,6,5,ZONE_COVERAGE,COVER_4,False,00-0035242;00-0037241;00-0040541;00-0039376;00-0033906;00-0039339;00-0040125;00-0036040;00-0031236;00-0037239;00-0037545,Erik McCoy;Trevor Penning;Torricelli Simpkins III;Spencer Rattler;Alvin Kamara;Taliese Fuaga;Kelvin Banks Jr.;Juwan Johnson;Brandin Cooks;Chris Olave;Rashid Shaheed,00-0036937;00-0037758;00-0039821;00-0032667;00-0036998;00-0035687;00-0039829;00-0035683;00-0035713;00-0040677;00-0039861,Paulson Adebo;Cordale Flott;Andru Phillips;Roy Robertson-Harris;Jevon Holland;Bobby Okereke;Darius Muasau;Dexter Lawrence;Brian Burns;Abdul Carter;Tyler Nubin
2025_05_NYG_NO,838,run,-4.0,12.0,16.0,NO,1.0,2884.0,12.0,36.0,3:04,2:28,,0.0,7.0,1.0,10.0,"2 CB, 2 DT, 1 FS, 2 ILB, 1 NT, 2 OLB, 1 SS",CB;CB;DT;DT;FS;ILB;ILB;NT;OLB;OLB;SS,11,6,0,,,False,00-0035242;00-0037241;00-0040541;00-0033357;00-0039376;00-0033906;00-0039339;00-0040125;00-0036040;00-0036741;00-0039424,Erik McCoy;Trevor Penning;Torricelli Simpkins III;Taysom Hill;Spencer Rattler;Alvin Kamara;Taliese Fuaga;Kelvin Banks Jr.;Juwan Johnson;Jack Stoll;Devaughn Vele,00-0036937;00-0037758;00-0032667;00-0037260;00-0036998;00-0035687;00-0039829;00-0031957;00-0037611;00-0040677;00-0039861,Paulson Adebo;Cordale Flott;Roy Robertson-Harris;DJ Davidson;Jevon Holland;Bobby Okereke;Darius Muasau;Rakeem Nunez-Roches;Kayvon Thibodeaux;Abdul Carter;Tyler Nubin
2025_05_NYG_NO,860,pass,0.0,16.0,16.0,NO,1.0,2848.0,16.0,5.0,2:28,2:23,,0.0,7.0,2.0,14.0,"3 CB, 2 DT, 1 FS, 2 ILB, 2 OLB, 1 SS",CB;CB;CB;DT;DT;FS;ILB;ILB;OLB;OLB;SS,11,5,4,ZONE_COVERAGE,COVER_4,False,00-0035242;00-0037241;00-0040541;00-0039376;00-0033906;00-0039339;00-0040125;00-0036040;00-0031236;00-0037239;00-0037545,Erik McCoy;Trevor Penning;Torricelli Simpkins III;Spencer Rattler;Alvin Kamara;Taliese Fuaga;Kelvin Banks Jr.;Juwan Johnson;Brandin Cooks;Chris Olave;Rashid Shaheed,00-0036937;00-0037758;00-0039821;00-0032667;00-0037260;00-0036998;00-0035687;00-0039829;00-0037611;00-0040677;00-0039861,Paulson Adebo;Cordale Flott;Andru Phillips;Roy Robertson-Harris;DJ Davidson;Jevon Holland;Bobby Okereke;Darius Muasau;Kayvon Thibodeaux;Abdul Carter;Tyler Nubin
2025_05_NYG_NO,883,pass,6.0,16.0,10.0,NO,1.0,2843.0,16.0,39.0,2:23,1:44,,0.0,7.0,3.0,14.0,"3 CB, 1 DT, 1 FS, 1 ILB, 3 OLB, 2 SS",CB;CB;CB;DT;FS;ILB;OLB;OLB;OLB;SS;SS,11,5,4,MAN_COVERAGE,2_MAN,False,00-0035242;00-0037241;00-0040541;00-0039376;00-0033906;00-0039339;00-0040125;00-0036040;00-0031236;00-0037239;00-0037545,Erik McCoy;Trevor Penning;Torricelli Simpkins III;Spencer Rattler;Alvin Kamara;Taliese Fuaga;Kelvin Banks Jr.;Juwan Johnson;Brandin Cooks;Chris Olave;Rashid Shaheed,00-0036937;00-0039000;00-0039821;00-0040694;00-0036998;00-0035687;00-0035713;00-0037611;00-0040677;00-0038123;00-0039861,Paulson Adebo;Deonte Banks;Andru Phillips;Darius Alexander;Jevon Holland;Bobby Okereke;Brian Burns;Kayvon Thibodeaux;Abdul Carter;Dane Belton;Tyler Nubin
2025_05_NYG_NO,908,field_goal,0.0,10.0,10.0,NO,1.0,2804.0,10.0,4.0,1:44,1:40,,3.0,7.0,4.0,8.0,"2 CB, 1 DE, 2 DT, 2 ILB, 1 NT, 1 OLB, 2 SS",CB;CB;DE;DT;DT;ILB;ILB;NT;OLB;SS;SS,11,0,0,,,False,00-0037814;00-0035944;00-0036619;00-0040541;00-0038905;00-0033063;00-0040654;00-0038601;00-0039339;00-0040125;00-0034981,Luke Fortner;Jonah Williams;Dillon Radunz;Torricelli Simpkins III;Blake Grupe;Zach Wood;Kai Kroeger;Asim Richards;Taliese Fuaga;Kelvin Banks Jr.;Foster Moreau,00-0039000;00-0038788;00-0036982;00-0032667;00-0037260;00-0035687;00-0039313;00-0031957;00-0037611;00-0038123;00-0039861,Deonte Banks;Art Green;Chauncey Golston;Roy Robertson-Harris;DJ Davidson;Bobby Okereke;Swayze Bozeman;Rakeem Nunez-Roches;Kayvon Thibodeaux;Dane Belton;Tyler Nubin
2025_05_NYG_NO,928,kickoff,0.0,35.0,35.0,NYG,1.0,2800.0,35.0,6.0,1:40,1:34,,3.0,7.0,,0.0,"1 CB, 3 FS, 3 ILB, 1 K, 2 OLB, 1 RB",CB;FS;FS;FS;ILB;ILB;ILB;K;OLB;OLB;RB,11,0,0,,,False,00-0039000;00-0038788;00-0036982;00-0031740;00-0039829;00-0039313;00-0038123;00-0031484;00-0040225;00-0035645;00-0040432,Deonte Banks;Art Green;Chauncey Golston;Neville Hewitt;Darius Muasau;Swayze Bozeman;Dane Belton;Chris Manhertz;Thomas Fidone II;Gunner Olszewski;Beaux Collins,00-0038781;00-0035142;00-0036421;00-0038588;00-0039388;00-0039622;00-0040155;00-0038905;00-0036867;00-0038782;00-0037745,Rejzohn Wright;Ugo Amadi;Terrell Burgess;Jordan Howden;Jaylan Ford;Isaiah Stalbird;Danny Stutsman;Blake Grupe;Chris Rumph II;Eku Leota;Velus Jones Jr.
2025_05_NYG_NO,958,pass,8.0,70.0,62.0,NYG,1.0,2794.0,70.0,27.0,1:34,1:07,,3.0,7.0,1.0,10.0,"2 CB, 1 DE, 1 DT, 1 FS, 2 ILB, 1 NT, 2 OLB, 1 SS",CB;CB;DE;DT;FS;ILB;ILB;NT;OLB;OLB;SS,11,7,5,ZONE_COVERAGE,COVER_6,False,00-0039019;00-0029685;00-0036246;00-0040691;00-0040715;00-0033290;00-0036386;00-0038115;00-0039847;00-0035535;00-0038117,John Michael Schmitz;Greg Van Roten;Jon Runyan;Jaxson Dart;Cam Skattebo;Jermaine Eluemunor;Andrew Thomas;Daniel Bellinger;Theo Johnson;Darius Slayton;Wan'Dale Robinson,00-0038121;00-0039860;00-0033093;00-0038995;00-0038588;00-0029607;00-0036927;00-0033860;00-0035402;00-0036867;00-0040643,Alontae Taylor;Kool-Aid McKinstry;Jonathan Bullard;Bryan Bresee;Jordan Howden;Demario Davis;Pete Werner;Davon Godchaux;Carl Granderson;Chris Rumph II;Jonas Sanker
2025_05_NYG_NO,983,run,9.0,62.0,53.0,NYG,1.0,2767.0,62.0,28.0,1:07,0:39,,3.0,7.0,2.0,2.0,"2 CB, 1 DE, 1 DT, 1 FS, 2 ILB, 1 NT, 2 OLB, 1 SS",CB;CB;DE;DT;FS;ILB;ILB;NT;OLB;OLB;SS,11,7,0,,,False,00-0039019;00-0029685;00-0036246;00-0040691;00-0040715;00-0033290;00-0036386;00-0038115;00-0039847;00-0035535;00-0038117,John Michael Schmitz;Greg Van Roten;Jon Runyan;Jaxson Dart;Cam Skattebo;Jermaine Eluemunor;Andrew Thomas;Daniel Bellinger;Theo Johnson;Darius Slayton;Wan'Dale Robinson,00-0038121;00-0039860;00-0033093;00-0038995;00-0038588;00-0029607;00-0036927;00-0033860;00-0035402;00-0036867;00-0040643,Alontae Taylor;Kool-Aid McKinstry;Jonathan Bullard;Bryan Bresee;Jordan Howden;Demario Davis;Pete Werner;Davon Godchaux;Carl Granderson;Chris Rumph II;Jonas Sanker
2025_05_NYG_NO,1005,pass,0.0,53.0,53.0,NYG,1.0,2739.0,53.0,6.0,0:39,0:33,,3.0,7.0,1.0,10.0,"2 CB, 1 DE, 1 DT, 1 FS, 2 ILB, 1 NT, 2 OLB, 1 SS",CB;CB;DE;DT;FS;ILB;ILB;NT;OLB;OLB;SS,11,6,4,ZONE_COVERAGE,COVER_2,False,00-0039019;00-0029685;00-0036246;00-0040691;00-0040715;00-0033290;00-0036386;00-0038115;00-0039847;00-0035535;00-0038117,John Michael Schmitz;Greg Van Roten;Jon Runyan;Jaxson Dart;Cam Skattebo;Jermaine Eluemunor;Andrew Thomas;Daniel Bellinger;Theo Johnson;Darius Slayton;Wan'Dale Robinson,00-0038121;00-0039860;00-0033093;00-0038995;00-0038588;00-0029607;00-0036927;00-0033860;00-0035402;00-0036867;00-0040643,Alontae Taylor;Kool-Aid McKinstry;Jonathan Bullard;Bryan Bresee;Jordan Howden;Demario Davis;Pete Werner;Davon Godchaux;Carl Granderson;Chris Rumph II;Jonas Sanker
2025_05_NYG_NO,1028,run,20.0,53.0,33.0,NYG,1.0,2733.0,53.0,33.0,0:33,0:00,,3.0,7.0,2.0,10.0,"3 CB, 1 DT, 1 FS, 2 ILB, 1 NT, 2 OLB, 1 SS",CB;CB;CB;DT;FS;ILB;ILB;NT;OLB;OLB;SS,11,6,4,ZONE_COVERAGE,COVER_6,False,00-0039019;00-0029685;00-0036246;00-0040691;00-0040715;00-0033290;00-0036386;00-0038115;00-0039847;00-0035535;00-0038117,John Michael Schmitz;Greg Van Roten;Jon Runyan;Jaxson Dart;Cam Skattebo;Jermaine Eluemunor;Andrew Thomas;Daniel Bellinger;Theo Johnson;Darius Slayton;Wan'Dale Robinson,00-0038121;00-0039860;00-0040166;00-0038995;00-0038588;00-0029607;00-0036927;00-0033860;00-0035402;00-0036867;00-0040643,Alontae Taylor;Kool-Aid McKinstry;Quincy Riley;Bryan Bresee;Jordan Howden;Demario Davis;Pete Werner;Davon Godchaux;Carl Granderson;Chris Rumph II;Jonas Sanker
2025_05_NYG_NO,1055,start_quarter_2,,,,NYG,1.0,2700.0,,0.0,0:00,0:00,,3.0,7.0,,0.0,,,,,,,,,,,,
2025_05_NYG_NO,1076,pass,16.0,33.0,17.0,NYG,2.0,2700.0,33.0,40.0,15:00,14:20,,3.0,7.0,1.0,10.0,"2 CB, 2 DE, 1 DT, 1 FS, 2 ILB, 2 OLB, 1 SS",CB;CB;DE;DE;DT;FS;ILB;ILB;OLB;OLB;SS,11,7,4,ZONE_COVERAGE,COVER_6,False,00-0039019;00-0029685;00-0036246;00-0040691;00-0040715;00-0033290;00-0036386;00-0031484;00-0039847;00-0035535;00-0038938,John Michael Schmitz;Greg Van Roten;Jon Runyan;Jaxson Dart;Cam Skattebo;Jermaine Eluemunor;Andrew Thomas;Chris Manhertz;Theo Johnson;Darius Slayton;Jalin Hyatt,00-0038121;00-0039860;00-0033093;00-0035944;00-0034760;00-0038588;00-0029607;00-0036927;00-0027962;00-0035402;00-0040643,Alontae Taylor;Kool-Aid McKinstry;Jonathan Bullard;Jonah Williams;Nathan Shepherd;Jordan Howden;Demario Davis;Pete Werner;Cameron Jordan;Carl Granderson;Jonas Sanker
2025_05_NYG_NO,1106,run,1.0,17.0,16.0,NYG,2.0,2660.0,17.0,33.0,14:20,13:47,,3.0,7.0,1.0,10.0,"2 CB, 2 DE, 1 DT, 1 FS, 2 ILB, 2 OLB, 1 SS",CB;CB;DE;DE;DT;FS;ILB;ILB;OLB;OLB;SS,11,7,0,,,False,00-0039019;00-0029685;00-0036246;00-0040691;00-0040715;00-0033290;00-0036386;00-0038115;00-0039847;00-0035535;00-0038117,John Michael Schmitz;Greg Van Roten;Jon Runyan;Jaxson Dart;Cam Skattebo;Jermaine Eluemunor;Andrew Thomas;Daniel Bellinger;Theo Johnson;Darius Slayton;Wan'Dale Robinson,00-0038121;00-0039860;00-0033093;00-0035944;00-0034760;00-0038588;00-0029607;00-0036927;00-0027962;00-0035402;00-0040643,Alontae Taylor;Kool-Aid McKinstry;Jonathan Bullard;Jonah Williams;Nathan Shepherd;Jordan Howden;Demario Davis;Pete Werner;Cameron Jordan;Carl Granderson;Jonas Sanker
2025_05_NYG_NO,1133,run,1.0,16.0,15.0,NYG,2.0,2627.0,16.0,41.0,13:47,13:06,,3.0,7.0,2.0,9.0,"2 CB, 2 DE, 1 DT, 1 FS, 2 ILB, 2 OLB, 1 SS",CB;CB;DE;DE;DT;FS;ILB;ILB;OLB;OLB;SS,11,7,0,,,False,00-0039019;00-0029685;00-0036246;00-0040691;00-0040715;00-0033290;00-0036386;00-0038115;00-0039847;00-0035535;00-0040432,John Michael Schmitz;Greg Van Roten;Jon Runyan;Jaxson Dart;Cam Skattebo;Jermaine Eluemunor;Andrew Thomas;Daniel Bellinger;Theo Johnson;Darius Slayton;Beaux Collins,00-0038121;00-0039860;00-0033093;00-0035944;00-0034760;00-0038588;00-0029607;00-0036927;00-0027962;00-0035402;00-0040643,Alontae Taylor;Kool-Aid McKinstry;Jonathan Bullard;Jonah Williams;Nathan Shepherd;Jordan Howden;Demario Davis;Pete Werner;Cameron Jordan;Carl Granderson;Jonas Sanker
2025_05_NYG_NO,1160,pass,15.0,15.0,0.0,NYG,2.0,2586.0,15.0,5.0,13:06,13:01,,3.0,13.0,3.0,8.0,"3 CB, 2 DT, 1 FS, 2 ILB, 2 OLB, 1 SS",CB;CB;CB;DT;DT;FS;ILB;ILB;OLB;OLB;SS,11,6,4,ZONE_COVERAGE,COVER_3,False,00-0039019;00-0029685;00-0036246;00-0040691;00-0040715;00-0033290;00-0036386;00-0039847;00-0035535;00-0038117;00-0040432,John Michael Schmitz;Greg Van Roten;Jon Runyan;Jaxson Dart;Cam Skattebo;Jermaine Eluemunor;Andrew Thomas;Theo Johnson;Darius Slayton;Wan'Dale Robinson;Beaux Collins,00-0038121;00-0039860;00-0040166;00-0034760;00-0038995;00-0038588;00-0029607;00-0036927;00-0027962;00-0035402;00-0040643,Alontae Taylor;Kool-Aid McKinstry;Quincy Riley;Nathan Shepherd;Bryan Bresee;Jordan Howden;Demario Davis;Pete Werner;Cameron Jordan;Carl Granderson;Jonas Sanker
2025_05_NYG_NO,1186,extra_point,0.0,15.0,15.0,NYG,2.0,2581.0,15.0,0.0,13:01,13:01,,3.0,14.0,,0.0,"2 CB, 1 DE, 2 DT, 1 FS, 2 ILB, 3 OLB",CB;CB;DE;DT;DT;FS;ILB;ILB;OLB;OLB;OLB,11,0,0,,,False,00-0034112;00-0037260;00-0029685;00-0034668;00-0039934;00-0030957;00-0035042;00-0033290;00-0036866;00-0031484;00-0038115,Austin Schlottmann;DJ Davidson;Greg Van Roten;Aaron Stinnie;Jude McAtamney;Casey Kreiter;Jamie Gillan;Jermaine Eluemunor;James Hudson;Chris Manhertz;Daniel Bellinger,00-0038781;00-0040166;00-0035944;00-0034760;00-0038995;00-0038588;00-0039388;00-0039622;00-0027962;00-0035402;00-0036867,Rejzohn Wright;Quincy Riley;Jonah Williams;Nathan Shepherd;Bryan Bresee;Jordan Howden;Jaylan Ford;Isaiah Stalbird;Cameron Jordan;Carl Granderson;Chris Rumph II
2025_05_NYG_NO,1201,kickoff,0.0,35.0,35.0,NO,2.0,2581.0,35.0,7.0,13:01,12:54,,3.0,14.0,,0.0,"2 CB, 1 DE, 2 FS, 2 ILB, 1 P, 2 SS, 1 WR",CB;CB;DE;FS;FS;ILB;ILB;P;SS;SS;WR,11,0,0,,,False,00-0038781;00-0035142;00-0036421;00-0039388;00-0039622;00-0040155;00-0036867;00-0038782;00-0037745;00-0038551;00-0036741,Rejzohn Wright;Ugo Amadi;Terrell Burgess;Jaylan Ford;Isaiah Stalbird;Danny Stutsman;Chris Rumph II;Eku Leota;Velus Jones Jr.;Kendre Miller;Jack Stoll,00-0038986;00-0038788;00-0036982;00-0036998;00-0039241;00-0031740;00-0039313;00-0035042;00-0038123;00-0039861;00-0040432,Nic Jones;Art Green;Chauncey Golston;Jevon Holland;Beau Brade;Neville Hewitt;Swayze Bozeman;Jamie Gillan;Dane Belton;Tyler Nubin;Beaux Collins
2025_05_NYG_NO,1231,run,-2.0,84.0,86.0,NO,2.0,2574.0,84.0,37.0,12:54,12:17,,3.0,14.0,1.0,10.0,"2 CB, 1 DE, 3 DT, 1 FS, 2 ILB, 1 OLB, 1 SS",CB;CB;DE;DT;DT;DT;FS;ILB;ILB;OLB;SS,11,8,0,,,False,00-0035242;00-0037241;00-0040541;00-0039376;00-0038551;00-0039339;00-0040125;00-0036040;00-0036741;00-0031236;00-0039623,Erik McCoy;Trevor Penning;Torricelli Simpkins III;Spencer Rattler;Kendre Miller;Taliese Fuaga;Kelvin Banks Jr.;Juwan Johnson;Jack Stoll;Brandin Cooks;Mason Tipton,00-0036937;00-0037758;00-0036982;00-0032667;00-0037260;00-0040694;00-0036998;00-0035687;00-0039829;00-0035713;00-0039861,Paulson Adebo;Cordale Flott;Chauncey Golston;Roy Robertson-Harris;DJ Davidson;Darius Alexander;Jevon Holland;Bobby Okereke;Darius Muasau;Brian Burns;Tyler Nubin
2025_05_NYG_NO,1253,pass,10.0,86.0,76.0,NO,2.0,2537.0,86.0,29.0,12:17,11:48,,3.0,14.0,2.0,12.0,"3 CB, 2 DT, 1 FS, 2 ILB, 2 OLB, 1 SS",CB;CB;CB;DT;DT;FS;ILB;ILB;OLB;OLB;SS,11,6,4,MAN_COVERAGE,COVER_1,False,00-0035242;00-0037241;00-0040541;00-0039376;00-0038551;00-0039339;00-0040125;00-0034981;00-0037239;00-0037545;00-0039424,Erik McCoy;Trevor Penning;Torricelli Simpkins III;Spencer Rattler;Kendre Miller;Taliese Fuaga;Kelvin Banks Jr.;Foster Moreau;Chris Olave;Rashid Shaheed;Devaughn Vele,00-0036937;00-0037758;00-0039821;00-0037260;00-0040694;00-0036998;00-0035687;00-0039829;00-0035713;00-0037611;00-0039861,Paulson Adebo;Cordale Flott;Andru Phillips;DJ Davidson;Darius Alexander;Jevon Holland;Bobby Okereke;Darius Muasau;Brian Burns;Kayvon Thibodeaux;Tyler Nubin
2025_05_NYG_NO,1283,pass,7.0,76.0,69.0,NO,2.0,2508.0,76.0,21.0,11:48,11:27,,3.0,14.0,3.0,2.0,"3 CB, 2 DT, 1 FS, 2 ILB, 2 OLB, 1 SS",CB;CB;CB;DT;DT;FS;ILB;ILB;OLB;OLB;SS,11,6,4,ZONE_COVERAGE,COVER_2,False,00-0035242;00-0037241;00-0040541;00-0039376;00-0038551;00-0039339;00-0040125;00-0036040;00-0037239;00-0037545;00-0039424,Erik McCoy;Trevor Penning;Torricelli Simpkins III;Spencer Rattler;Kendre Miller;Taliese Fuaga;Kelvin Banks Jr.;Juwan Johnson;Chris Olave;Rashid Shaheed;Devaughn Vele,00-0036937;00-0037758;00-0039821;00-0037260;00-0040694;00-0036998;00-0035687;00-0039829;00-0035713;00-0037611;00-0039861,Paulson Adebo;Cordale Flott;Andru Phillips;DJ Davidson;Darius Alexander;Jevon Holland;Bobby Okereke;Darius Muasau;Brian Burns;Kayvon Thibodeaux;Tyler Nubin
2025_05_NYG_NO,1308,pass,15.0,69.0,54.0,NO,2.0,2487.0,69.0,22.0,11:27,11:05,,3.0,14.0,1.0,10.0,"3 CB, 2 DT, 1 FS, 2 ILB, 2 OLB, 1 SS",CB;CB;CB;DT;DT;FS;ILB;ILB;OLB;OLB;SS,11,6,4,ZONE_COVERAGE,COVER_3,False,00-0035242;00-0037241;00-0040541;00-0039376;00-0038551;00-0039339;00-0040125;00-0036040;00-0037239;00-0037545;00-0039424,Erik McCoy;Trevor Penning;Torricelli Simpkins III;Spencer Rattler;Kendre Miller;Taliese Fuaga;Kelvin Banks Jr.;Juwan Johnson;Chris Olave;Rashid Shaheed;Devaughn Vele,00-0036937;00-0037758;00-0039821;00-0037260;00-0040694;00-0036998;00-0035687;00-0039829;00-0037611;00-0040677;00-0039861,Paulson Adebo;Cordale Flott;Andru Phillips;DJ Davidson;Darius Alexander;Jevon Holland;Bobby Okereke;Darius Muasau;Kayvon Thibodeaux;Abdul Carter;Tyler Nubin
2025_05_NYG_NO,1333,run,10.0,54.0,44.0,NO,2.0,2465.0,54.0,36.0,11:05,10:29,,3.0,14.0,1.0,10.0,"3 CB, 2 DT, 1 FS, 2 ILB, 2 OLB, 1 SS",CB;CB;CB;DT;DT;FS;ILB;ILB;OLB;OLB;SS,11,7,0,,,False,00-0035242;00-0037241;00-0040541;00-0039376;00-0038551;00-0039339;00-0040125;00-0036040;00-0037239;00-0037545;00-0039424,Erik McCoy;Trevor Penning;Torricelli Simpkins III;Spencer Rattler;Kendre Miller;Taliese Fuaga;Kelvin Banks Jr.;Juwan Johnson;Chris Olave;Rashid Shaheed;Devaughn Vele,00-0036937;00-0037758;00-0039821;00-0037260;00-0040694;00-0036998;00-0035687;00-0039829;00-0037611;00-0040677;00-0039861,Paulson Adebo;Cordale Flott;Andru Phillips;DJ Davidson;Darius Alexander;Jevon Holland;Bobby Okereke;Darius Muasau;Kayvon Thibodeaux;Abdul Carter;Tyler Nubin
2025_05_NYG_NO,1355,run,6.0,44.0,38.0,NO,2.0,2429.0,44.0,38.0,10:29,9:51,,3.0,14.0,1.0,10.0,"3 CB, 2 DT, 1 FS, 2 ILB, 2 OLB, 1 SS",CB;CB;CB;DT;DT;FS;ILB;ILB;OLB;OLB;SS,11,5,0,,,False,00-0035242;00-0037241;00-0040541;00-0039376;00-0038551;00-0039339;00-0040125;00-0036040;00-0037239;00-0037545;00-0039424,Erik McCoy;Trevor Penning;Torricelli Simpkins III;Spencer Rattler;Kendre Miller;Taliese Fuaga;Kelvin Banks Jr.;Juwan Johnson;Chris Olave;Rashid Shaheed;Devaughn Vele,00-0036937;00-0037758;00-0039821;00-0037260;00-0040694;00-0036998;00-0035687;00-0039829;00-0037611;00-0040677;00-0039861,Paulson Adebo;Cordale Flott;Andru Phillips;DJ Davidson;Darius Alexander;Jevon Holland;Bobby Okereke;Darius Muasau;Kayvon Thibodeaux;Abdul Carter;Tyler Nubin
2025_05_NYG_NO,1377,run,3.0,38.0,35.0,NO,2.0,2391.0,38.0,32.0,9:51,9:19,,3.0,14.0,2.0,4.0,"3 CB, 1 DT, 1 FS, 2 ILB, 1 NT, 2 OLB, 1 SS",CB;CB;CB;DT;FS;ILB;ILB;NT;OLB;OLB;SS,11,8,0,,,False,00-0035242;00-0037241;00-0040541;00-0039376;00-0033906;00-0039339;00-0040125;00-0036040;00-0036741;00-0031236;00-0037239,Erik McCoy;Trevor Penning;Torricelli Simpkins III;Spencer Rattler;Alvin Kamara;Taliese Fuaga;Kelvin Banks Jr.;Juwan Johnson;Jack Stoll;Brandin Cooks;Chris Olave,00-0036937;00-0037758;00-0039821;00-0032667;00-0036998;00-0035687;00-0039829;00-0035683;00-0035713;00-0040677;00-0039861,Paulson Adebo;Cordale Flott;Andru Phillips;Roy Robertson-Harris;Jevon Holland;Bobby Okereke;Darius Muasau;Dexter Lawrence;Brian Burns;Abdul Carter;Tyler Nubin
2025_05_NYG_NO,1399,run,2.0,35.0,33.0,NO,2.0,2359.0,35.0,45.0,9:19,8:34,,3.0,14.0,3.0,1.0,"2 CB, 1 DT, 1 FS, 2 ILB, 2 NT, 2 OLB, 1 SS",CB;CB;DT;FS;ILB;ILB;NT;NT;OLB;OLB;SS,11,8,0,,,False,00-0035242;00-0037241;00-0040541;00-0033357;00-0039376;00-0039339;00-0040125;00-0034981;00-0036040;00-0036741;00-0039424,Erik McCoy;Trevor Penning;Torricelli Simpkins III;Taysom Hill;Spencer Rattler;Taliese Fuaga;Kelvin Banks Jr.;Foster Moreau;Juwan Johnson;Jack Stoll;Devaughn Vele,00-0036937;00-0037758;00-0032667;00-0036998;00-0035687;00-0039829;00-0031957;00-0035683;00-0035713;00-0040677;00-0039861,Paulson Adebo;Cordale Flott;Roy Robertson-Harris;Jevon Holland;Bobby Okereke;Darius Muasau;Rakeem Nunez-Roches;Dexter Lawrence;Brian Burns;Abdul Carter;Tyler Nubin
2025_05_NYG_NO,1421,pass,-2.0,33.0,35.0,NO,2.0,2314.0,33.0,40.0,8:34,7:54,,3.0,14.0,1.0,10.0,"3 CB, 1 DT, 1 FS, 2 ILB, 1 NT, 2 OLB, 1 SS",CB;CB;CB;DT;FS;ILB;ILB;NT;OLB;OLB;SS,11,7,5,ZONE_COVERAGE,COVER_3,False,00-0035242;00-0037241;00-0040541;00-0039376;00-0038551;00-0039339;00-0040125;00-0036040;00-0031236;00-0037239;00-0037545,Erik McCoy;Trevor Penning;Torricelli Simpkins III;Spencer Rattler;Kendre Miller;Taliese Fuaga;Kelvin Banks Jr.;Juwan Johnson;Brandin Cooks;Chris Olave;Rashid Shaheed,00-0036937;00-0037758;00-0039821;00-0032667;00-0036998;00-0035687;00-0039829;00-0035683;00-0035713;00-0040677;00-0039861,Paulson Adebo;Cordale Flott;Andru Phillips;Roy Robertson-Harris;Jevon Holland;Bobby Okereke;Darius Muasau;Dexter Lawrence;Brian Burns;Abdul Carter;Tyler Nubin
2025_05_NYG_NO,1450,pass,0.0,35.0,35.0,NO,2.0,2274.0,35.0,4.0,7:54,7:50,,3.0,14.0,2.0,12.0,"3 CB, 1 DT, 1 FS, 2 ILB, 1 NT, 2 OLB, 1 SS",CB;CB;CB;DT;FS;ILB;ILB;NT;OLB;OLB;SS,11,6,4,ZONE_COVERAGE,COVER_2,False,00-0035242;00-0037241;00-0040541;00-0039376;00-0038551;00-0039339;00-0040125;00-0034981;00-0037239;00-0037545;00-0039424,Erik McCoy;Trevor Penning;Torricelli Simpkins III;Spencer Rattler;Kendre Miller;Taliese Fuaga;Kelvin Banks Jr.;Foster Moreau;Chris Olave;Rashid Shaheed;Devaughn Vele,00-0036937;00-0037758;00-0039821;00-0032667;00-0036998;00-0035687;00-0039829;00-0035683;00-0035713;00-0040677;00-0039861,Paulson Adebo;Cordale Flott;Andru Phillips;Roy Robertson-Harris;Jevon Holland;Bobby Okereke;Darius Muasau;Dexter Lawrence;Brian Burns;Abdul Carter;Tyler Nubin
2025_05_NYG_NO,1479,pass,0.0,35.0,35.0,NO,2.0,2270.0,35.0,4.0,7:50,7:46,,3.0,14.0,3.0,12.0,"3 CB, 1 DT, 1 FS, 1 ILB, 3 OLB, 2 SS",CB;CB;CB;DT;FS;ILB;OLB;OLB;OLB;SS;SS,11,6,4,ZONE_COVERAGE,COVER_4,False,00-0035242;00-0037241;00-0040541;00-0039376;00-0038551;00-0039339;00-0040125;00-0036040;00-0037239;00-0037545;00-0039424,Erik McCoy;Trevor Penning;Torricelli Simpkins III;Spencer Rattler;Kendre Miller;Taliese Fuaga;Kelvin Banks Jr.;Juwan Johnson;Chris Olave;Rashid Shaheed;Devaughn Vele,00-0036937;00-0039000;00-0039821;00-0040694;00-0036998;00-0035687;00-0035713;00-0037611;00-0040677;00-0038123;00-0039861,Paulson Adebo;Deonte Banks;Andru Phillips;Darius Alexander;Jevon Holland;Bobby Okereke;Brian Burns;Kayvon Thibodeaux;Abdul Carter;Dane Belton;Tyler Nubin
2025_05_NYG_NO,1502,field_goal,0.0,35.0,35.0,NO,2.0,2266.0,35.0,5.0,7:46,7:41,,6.0,14.0,4.0,12.0,"2 CB, 1 DE, 2 DT, 2 ILB, 1 NT, 1 OLB, 2 SS",CB;CB;DE;DT;DT;ILB;ILB;NT;OLB;SS;SS,11,0,0,,,False,00-0037814;00-0035944;00-0036619;00-0040541;00-0038905;00-0033063;00-0040654;00-0038601;00-0039339;00-0040125;00-0034981,Luke Fortner;Jonah Williams;Dillon Radunz;Torricelli Simpkins III;Blake Grupe;Zach Wood;Kai Kroeger;Asim Richards;Taliese Fuaga;Kelvin Banks Jr.;Foster Moreau,00-0039000;00-0038788;00-0036982;00-0032667;00-0037260;00-0035687;00-0039313;00-0031957;00-0037611;00-0038123;00-0039861,Deonte Banks;Art Green;Chauncey Golston;Roy Robertson-Harris;DJ Davidson;Bobby Okereke;Swayze Bozeman;Rakeem Nunez-Roches;Kayvon Thibodeaux;Dane Belton;Tyler Nubin
2025_05_NYG_NO,1522,kickoff,0.0,35.0,35.0,NYG,2.0,2261.0,35.0,0.0,7:41,7:41,,6.0,14.0,,0.0,"1 CB, 3 FS, 3 ILB, 1 K, 2 OLB, 1 RB",CB;FS;FS;FS;ILB;ILB;ILB;K;OLB;OLB;RB,11,0,0,,,False,00-0039000;00-0038788;00-0036982;00-0031740;00-0039829;00-0039313;00-0038123;00-0031484;00-0040225;00-0035645;00-0040432,Deonte Banks;Art Green;Chauncey Golston;Neville Hewitt;Darius Muasau;Swayze Bozeman;Dane Belton;Chris Manhertz;Thomas Fidone II;Gunner Olszewski;Beaux Collins,00-0038781;00-0035142;00-0036421;00-0038588;00-0039388;00-0039622;00-0040155;00-0038905;00-0036867;00-0038782;00-0037745,Rejzohn Wright;Ugo Amadi;Terrell Burgess;Jordan Howden;Jaylan Ford;Isaiah Stalbird;Danny Stutsman;Blake Grupe;Chris Rumph II;Eku Leota;Velus Jones Jr.
2025_05_NYG_NO,1546,pass,0.0,65.0,65.0,NYG,2.0,2261.0,65.0,7.0,7:41,7:34,,6.0,14.0,1.0,10.0,"3 CB, 1 DE, 1 DT, 1 FS, 2 ILB, 2 OLB, 1 SS",CB;CB;CB;DE;DT;FS;ILB;ILB;OLB;OLB;SS,11,6,5,ZONE_COVERAGE,COVER_3,True,00-0039019;00-0029685;00-0036246;00-0040691;00-0035250;00-0033290;00-0036386;00-0038115;00-0039847;00-0035535;00-0038117,John Michael Schmitz;Greg Van Roten;Jon Runyan;Jaxson Dart;Devin Singletary;Jermaine Eluemunor;Andrew Thomas;Daniel Bellinger;Theo Johnson;Darius Slayton;Wan'Dale Robinson,00-0038121;00-0039860;00-0040166;00-0033093;00-0034760;00-0038588;00-0029607;00-0036927;00-0027962;00-0036867;00-0040643,Alontae Taylor;Kool-Aid McKinstry;Quincy Riley;Jonathan Bullard;Nathan Shepherd;Jordan Howden;Demario Davis;Pete Werner;Cameron Jordan;Chris Rumph II;Jonas Sanker
2025_05_NYG_NO,1569,run,11.0,65.0,54.0,NYG,2.0,2254.0,65.0,41.0,7:34,6:53,,6.0,14.0,2.0,10.0,"3 CB, 1 DE, 1 DT, 1 FS, 2 ILB, 2 OLB, 1 SS",CB;CB;CB;DE;DT;FS;ILB;ILB;OLB;OLB;SS,11,6,5,MAN_COVERAGE,COVER_1,False,00-0039019;00-0029685;00-0036246;00-0040691;00-0035250;00-0033290;00-0036386;00-0038115;00-0039847;00-0038117;00-0038938,John Michael Schmitz;Greg Van Roten;Jon Runyan;Jaxson Dart;Devin Singletary;Jermaine Eluemunor;Andrew Thomas;Daniel Bellinger;Theo Johnson;Wan'Dale Robinson;Jalin Hyatt,00-0038121;00-0039860;00-0040166;00-0033093;00-0034760;00-0038588;00-0029607;00-0036927;00-0027962;00-0036867;00-0040643,Alontae Taylor;Kool-Aid McKinstry;Quincy Riley;Jonathan Bullard;Nathan Shepherd;Jordan Howden;Demario Davis;Pete Werner;Cameron Jordan;Chris Rumph II;Jonas Sanker
2025_05_NYG_NO,1591,pass,0.0,54.0,54.0,NYG,2.0,2213.0,54.0,3.0,6:53,6:50,,6.0,14.0,1.0,10.0,"3 CB, 1 DE, 1 DT, 1 FS, 2 ILB, 2 OLB, 1 SS",CB;CB;CB;DE;DT;FS;ILB;ILB;OLB;OLB;SS,11,6,4,ZONE_COVERAGE,COVER_3,False,00-0039019;00-0029685;00-0036246;00-0040691;00-0035250;00-0033290;00-0036386;00-0038115;00-0039847;00-0035535;00-0038117,John Michael Schmitz;Greg Van Roten;Jon Runyan;Jaxson Dart;Devin Singletary;Jermaine Eluemunor;Andrew Thomas;Daniel Bellinger;Theo Johnson;Darius Slayton;Wan'Dale Robinson,00-0038121;00-0039860;00-0040166;00-0033093;00-0034760;00-0038588;00-0029607;00-0036927;00-0027962;00-0036867;00-0040643,Alontae Taylor;Kool-Aid McKinstry;Quincy Riley;Jonathan Bullard;Nathan Shepherd;Jordan Howden;Demario Davis;Pete Werner;Cameron Jordan;Chris Rumph II;Jonas Sanker
2025_05_NYG_NO,1614,run,2.0,54.0,52.0,NYG,2.0,2210.0,54.0,36.0,6:50,6:14,,6.0,14.0,2.0,10.0,"3 CB, 2 DT, 1 FS, 2 ILB, 2 OLB, 1 SS",CB;CB;CB;DT;DT;FS;ILB;ILB;OLB;OLB;SS,11,6,0,,,False,00-0039019;00-0029685;00-0036246;00-0040691;00-0035250;00-0033290;00-0036386;00-0038115;00-0039847;00-0035535;00-0038117,John Michael Schmitz;Greg Van Roten;Jon Runyan;Jaxson Dart;Devin Singletary;Jermaine Eluemunor;Andrew Thomas;Daniel Bellinger;Theo Johnson;Darius Slayton;Wan'Dale Robinson,00-0038121;00-0039860;00-0040166;00-0034760;00-0038995;00-0038588;00-0029607;00-0036927;00-0027962;00-0035402;00-0040643,Alontae Taylor;Kool-Aid McKinstry;Quincy Riley;Nathan Shepherd;Bryan Bresee;Jordan Howden;Demario Davis;Pete Werner;Cameron Jordan;Carl Granderson;Jonas Sanker
2025_05_NYG_NO,1636,pass,4.0,52.0,48.0,NYG,2.0,2174.0,52.0,40.0,6:14,5:34,,6.0,14.0,3.0,8.0,"3 CB, 2 DT, 1 FS, 1 ILB, 3 OLB, 1 SS",CB;CB;CB;DT;DT;FS;ILB;OLB;OLB;OLB;SS,11,6,5,ZONE_COVERAGE,COVER_3,True,00-0039019;00-0029685;00-0036246;00-0040691;00-0035250;00-0033290;00-0036386;00-0038115;00-0039847;00-0035535;00-0038117,John Michael Schmitz;Greg Van Roten;Jon Runyan;Jaxson Dart;Devin Singletary;Jermaine Eluemunor;Andrew Thomas;Daniel Bellinger;Theo Johnson;Darius Slayton;Wan'Dale Robinson,00-0038121;00-0039860;00-0040166;00-0034760;00-0038995;00-0038588;00-0029607;00-0027962;00-0035402;00-0036867;00-0040643,Alontae Taylor;Kool-Aid McKinstry;Quincy Riley;Nathan Shepherd;Bryan Bresee;Jordan Howden;Demario Davis;Cameron Jordan;Carl Granderson;Chris Rumph II;Jonas Sanker
2025_05_NYG_NO,1666,punt,0.0,48.0,48.0,NYG,2.0,2134.0,48.0,7.0,5:34,5:27,,6.0,14.0,4.0,4.0,"2 CB, 1 DE, 1 DT, 2 FS, 2 ILB, 2 OLB, 1 WR",CB;CB;DE;DT;FS;FS;ILB;ILB;OLB;OLB;WR,11,0,0,,,False,00-0038986;00-0038788;00-0036982;00-0031740;00-0039829;00-0039313;00-0030957;00-0035042;00-0038123;00-0031484;00-0038115,Nic Jones;Art Green;Chauncey Golston;Neville Hewitt;Darius Muasau;Swayze Bozeman;Casey Kreiter;Jamie Gillan;Dane Belton;Chris Manhertz;Daniel Bellinger,00-0038781;00-0040166;00-0035944;00-0034760;00-0035142;00-0038588;00-0039622;00-0040155;00-0035402;00-0036867;00-0037545,Rejzohn Wright;Quincy Riley;Jonah Williams;Nathan Shepherd;Ugo Amadi;Jordan Howden;Isaiah Stalbird;Danny Stutsman;Carl Granderson;Chris Rumph II;Rashid Shaheed
2025_05_NYG_NO,1686,pass,87.0,87.0,0.0,NO,2.0,2127.0,87.0,11.0,5:27,5:16,,12.0,14.0,1.0,10.0,"2 CB, 2 DT, 1 FS, 2 ILB, 1 NT, 2 OLB, 1 SS",CB;CB;DT;DT;FS;ILB;ILB;NT;OLB;OLB;SS,11,7,4,ZONE_COVERAGE,COVER_2,False,00-0035242;00-0037241;00-0040541;00-0039376;00-0033906;00-0039339;00-0040125;00-0034981;00-0036040;00-0036741;00-0037545,Erik McCoy;Trevor Penning;Torricelli Simpkins III;Spencer Rattler;Alvin Kamara;Taliese Fuaga;Kelvin Banks Jr.;Foster Moreau;Juwan Johnson;Jack Stoll;Rashid Shaheed,00-0036937;00-0037758;00-0032667;00-0037260;00-0036998;00-0035687;00-0039829;00-0031957;00-0035713;00-0040677;00-0039861,Paulson Adebo;Cordale Flott;Roy Robertson-Harris;DJ Davidson;Jevon Holland;Bobby Okereke;Darius Muasau;Rakeem Nunez-Roches;Brian Burns;Abdul Carter;Tyler Nubin
2025_05_NYG_NO,1719,extra_point,0.0,15.0,15.0,NO,2.0,2116.0,15.0,0.0,5:16,5:16,,13.0,14.0,,0.0,"2 CB, 1 DE, 2 DT, 2 ILB, 1 NT, 1 OLB, 2 SS",CB;CB;DE;DT;DT;ILB;ILB;NT;OLB;SS;SS,11,0,0,,,False,00-0037814;00-0035944;00-0036619;00-0040541;00-0038905;00-0033063;00-0040654;00-0038601;00-0039339;00-0040125;00-0034981,Luke Fortner;Jonah Williams;Dillon Radunz;Torricelli Simpkins III;Blake Grupe;Zach Wood;Kai Kroeger;Asim Richards;Taliese Fuaga;Kelvin Banks Jr.;Foster Moreau,00-0039000;00-0038788;00-0036982;00-0032667;00-0037260;00-0035687;00-0039313;00-0031957;00-0037611;00-0038123;00-0039861,Deonte Banks;Art Green;Chauncey Golston;Roy Robertson-Harris;DJ Davidson;Bobby Okereke;Swayze Bozeman;Rakeem Nunez-Roches;Kayvon Thibodeaux;Dane Belton;Tyler Nubin
2025_05_NYG_NO,1734,kickoff,0.0,35.0,35.0,NYG,2.0,2116.0,35.0,7.0,5:16,5:09,,13.0,14.0,,0.0,"1 CB, 3 FS, 3 ILB, 1 K, 2 OLB, 1 RB",CB;FS;FS;FS;ILB;ILB;ILB;K;OLB;OLB;RB,11,0,0,,,False,00-0039000;00-0038788;00-0036982;00-0039241;00-0031740;00-0039829;00-0039313;00-0038123;00-0031484;00-0040225;00-0035645,Deonte Banks;Art Green;Chauncey Golston;Beau Brade;Neville Hewitt;Darius Muasau;Swayze Bozeman;Dane Belton;Chris Manhertz;Thomas Fidone II;Gunner Olszewski,00-0038781;00-0035142;00-0036421;00-0038588;00-0039388;00-0039622;00-0040155;00-0038905;00-0036867;00-0038782;00-0037745,Rejzohn Wright;Ugo Amadi;Terrell Burgess;Jordan Howden;Jaylan Ford;Isaiah Stalbird;Danny Stutsman;Blake Grupe;Chris Rumph II;Eku Leota;Velus Jones Jr.
2025_05_NYG_NO,1764,run,8.0,73.0,65.0,NYG,2.0,2109.0,73.0,29.0,5:09,4:40,,13.0,14.0,1.0,10.0,"3 CB, 1 DT, 1 FS, 2 ILB, 1 NT, 2 OLB, 1 SS",CB;CB;CB;DT;FS;ILB;ILB;NT;OLB;OLB;SS,11,6,0,,,False,00-0039019;00-0029685;00-0036246;00-0040691;00-0040715;00-0033290;00-0036386;00-0039847;00-0035535;00-0038117;00-0038938,John Michael Schmitz;Greg Van Roten;Jon Runyan;Jaxson Dart;Cam Skattebo;Jermaine Eluemunor;Andrew Thomas;Theo Johnson;Darius Slayton;Wan'Dale Robinson;Jalin Hyatt,00-0038121;00-0039860;00-0040166;00-0038995;00-0038588;00-0029607;00-0036927;00-0033860;00-0027962;00-0035402;00-0040643,Alontae Taylor;Kool-Aid McKinstry;Quincy Riley;Bryan Bresee;Jordan Howden;Demario Davis;Pete Werner;Davon Godchaux;Cameron Jordan;Carl Granderson;Jonas Sanker
2025_05_NYG_NO,1786,run,5.0,65.0,60.0,NYG,2.0,2080.0,65.0,37.0,4:40,4:03,,13.0,14.0,2.0,2.0,"3 CB, 1 DT, 1 FS, 2 ILB, 1 NT, 2 OLB, 1 SS",CB;CB;CB;DT;FS;ILB;ILB;NT;OLB;OLB;SS,11,7,0,,,False,00-0039019;00-0029685;00-0036246;00-0040691;00-0040715;00-0033290;00-0036386;00-0039847;00-0035535;00-0038117;00-0038938,John Michael Schmitz;Greg Van Roten;Jon Runyan;Jaxson Dart;Cam Skattebo;Jermaine Eluemunor;Andrew Thomas;Theo Johnson;Darius Slayton;Wan'Dale Robinson;Jalin Hyatt,00-0038121;00-0039860;00-0040166;00-0038995;00-0038588;00-0029607;00-0036927;00-0033860;00-0027962;00-0035402;00-0040643,Alontae Taylor;Kool-Aid McKinstry;Quincy Riley;Bryan Bresee;Jordan Howden;Demario Davis;Pete Werner;Davon Godchaux;Cameron Jordan;Carl Granderson;Jonas Sanker
2025_05_NYG_NO,1808,run,6.0,60.0,54.0,NYG,2.0,2043.0,60.0,34.0,4:03,3:29,,13.0,14.0,1.0,10.0,"3 CB, 1 DT, 2 FS, 2 ILB, 1 NT, 2 OLB",CB;CB;CB;DT;FS;FS;ILB;ILB;NT;OLB;OLB,11,6,0,,,False,00-0039019;00-0029685;00-0036246;00-0040691;00-0040715;00-0033290;00-0036386;00-0039847;00-0035535;00-0038117;00-0038938,John Michael Schmitz;Greg Van Roten;Jon Runyan;Jaxson Dart;Cam Skattebo;Jermaine Eluemunor;Andrew Thomas;Theo Johnson;Darius Slayton;Wan'Dale Robinson;Jalin Hyatt,00-0038121;00-0039860;00-0040166;00-0038995;00-0036421;00-0038588;00-0029607;00-0036927;00-0033860;00-0027962;00-0035402,Alontae Taylor;Kool-Aid McKinstry;Quincy Riley;Bryan Bresee;Terrell Burgess;Jordan Howden;Demario Davis;Pete Werner;Davon Godchaux;Cameron Jordan;Carl Granderson
2025_05_NYG_NO,1830,run,2.0,54.0,52.0,NYG,2.0,2009.0,54.0,39.0,3:29,2:50,,13.0,14.0,2.0,4.0,"3 CB, 1 DT, 2 FS, 2 ILB, 1 NT, 2 OLB",CB;CB;CB;DT;FS;FS;ILB;ILB;NT;OLB;OLB,11,6,0,,,False,00-0039019;00-0029685;00-0036246;00-0040691;00-0035250;00-0033290;00-0036386;00-0039847;00-0035535;00-0038117;00-0038938,John Michael Schmitz;Greg Van Roten;Jon Runyan;Jaxson Dart;Devin Singletary;Jermaine Eluemunor;Andrew Thomas;Theo Johnson;Darius Slayton;Wan'Dale Robinson;Jalin Hyatt,00-0038121;00-0039860;00-0040166;00-0038995;00-0036421;00-0038588;00-0029607;00-0036927;00-0033860;00-0027962;00-0035402,Alontae Taylor;Kool-Aid McKinstry;Quincy Riley;Bryan Bresee;Terrell Burgess;Jordan Howden;Demario Davis;Pete Werner;Davon Godchaux;Cameron Jordan;Carl Granderson
2025_05_NYG_NO,1852,pass,0.0,52.0,52.0,NYG,2.0,1970.0,52.0,8.0,2:50,2:42,,13.0,14.0,3.0,2.0,"2 CB, 1 DE, 2 DT, 2 FS, 1 ILB, 1 NT, 2 OLB",CB;CB;DE;DT;DT;FS;FS;ILB;NT;OLB;OLB,11,7,4,MAN_COVERAGE,COVER_1,False,00-0039019;00-0029685;00-0036246;00-0040691;00-0040715;00-0033290;00-0036386;00-0031484;00-0038115;00-0035535;00-0038117,John Michael Schmitz;Greg Van Roten;Jon Runyan;Jaxson Dart;Cam Skattebo;Jermaine Eluemunor;Andrew Thomas;Chris Manhertz;Daniel Bellinger;Darius Slayton;Wan'Dale Robinson,00-0038121;00-0039860;00-0035944;00-0034760;00-0038995;00-0036421;00-0038588;00-0029607;00-0033860;00-0027962;00-0035402,Alontae Taylor;Kool-Aid McKinstry;Jonah Williams;Nathan Shepherd;Bryan Bresee;Terrell Burgess;Jordan Howden;Demario Davis;Davon Godchaux;Cameron Jordan;Carl Granderson
2025_05_NYG_NO,1875,no_play,0.0,52.0,52.0,NYG,2.0,1962.0,52.0,0.0,2:42,2:42,,13.0,14.0,4.0,2.0,"2 CB, 1 DE, 2 DT, 2 FS, 1 ILB, 1 NT, 2 OLB",CB;CB;DE;DT;DT;FS;FS;ILB;NT;OLB;OLB,11,0,0,,,False,00-0039019;00-0029685;00-0036246;00-0040691;00-0040715;00-0033290;00-0036386;00-0038115;00-0039847;00-0038117;00-0040432,John Michael Schmitz;Greg Van Roten;Jon Runyan;Jaxson Dart;Cam Skattebo;Jermaine Eluemunor;Andrew Thomas;Daniel Bellinger;Theo Johnson;Wan'Dale Robinson;Beaux Collins,00-0038121;00-0039860;00-0035944;00-0034760;00-0038995;00-0036421;00-0038588;00-0029607;00-0033860;00-0027962;00-0035402,Alontae Taylor;Kool-Aid McKinstry;Jonah Williams;Nathan Shepherd;Bryan Bresee;Terrell Burgess;Jordan Howden;Demario Davis;Davon Godchaux;Cameron Jordan;Carl Granderson
2025_05_NYG_NO,1899,punt,0.0,57.0,57.0,NYG,2.0,1962.0,57.0,10.0,2:42,2:32,,13.0,14.0,4.0,7.0,"2 CB, 1 DE, 1 DT, 2 FS, 2 ILB, 2 OLB, 1 WR",CB;CB;DE;DT;FS;FS;ILB;ILB;OLB;OLB;WR,11,0,0,,,False,00-0038986;00-0038788;00-0036982;00-0039241;00-0031740;00-0039829;00-0030957;00-0035042;00-0038123;00-0031484;00-0038115,Nic Jones;Art Green;Chauncey Golston;Beau Brade;Neville Hewitt;Darius Muasau;Casey Kreiter;Jamie Gillan;Dane Belton;Chris Manhertz;Daniel Bellinger,00-0038781;00-0040166;00-0035944;00-0034760;00-0035142;00-0038588;00-0039622;00-0040155;00-0035402;00-0036867;00-0037545,Rejzohn Wright;Quincy Riley;Jonah Williams;Nathan Shepherd;Ugo Amadi;Jordan Howden;Isaiah Stalbird;Danny Stutsman;Carl Granderson;Chris Rumph II;Rashid Shaheed
2025_05_NYG_NO,1918,run,3.0,83.0,80.0,NO,2.0,1952.0,83.0,32.0,2:32,2:00,,13.0,14.0,1.0,10.0,"3 CB, 1 DT, 1 FS, 2 ILB, 1 NT, 2 OLB, 1 SS",CB;CB;CB;DT;FS;ILB;ILB;NT;OLB;OLB;SS,11,7,0,,,False,00-0035242;00-0037241;00-0040541;00-0039376;00-0033906;00-0039339;00-0040125;00-0034981;00-0036040;00-0036741;00-0039623,Erik McCoy;Trevor Penning;Torricelli Simpkins III;Spencer Rattler;Alvin Kamara;Taliese Fuaga;Kelvin Banks Jr.;Foster Moreau;Juwan Johnson;Jack Stoll;Mason Tipton,00-0036937;00-0037758;00-0039821;00-0032667;00-0036998;00-0035687;00-0039829;00-0035683;00-0035713;00-0040677;00-0039861,Paulson Adebo;Cordale Flott;Andru Phillips;Roy Robertson-Harris;Jevon Holland;Bobby Okereke;Darius Muasau;Dexter Lawrence;Brian Burns;Abdul Carter;Tyler Nubin
2025_05_NYG_NO,1952,no_play,0.0,80.0,80.0,NO,2.0,1920.0,80.0,5.0,2:00,1:55,,13.0,14.0,2.0,7.0,"3 CB, 2 DT, 1 FS, 1 ILB, 2 OLB, 2 SS",CB;CB;CB;DT;DT;FS;ILB;OLB;OLB;SS;SS,11,6,4,ZONE_COVERAGE,COVER_2,False,00-0035242;00-0037241;00-0040541;00-0039376;00-0033906;00-0039339;00-0040125;00-0036040;00-0031236;00-0037239;00-0037545,Erik McCoy;Trevor Penning;Torricelli Simpkins III;Spencer Rattler;Alvin Kamara;Taliese Fuaga;Kelvin Banks Jr.;Juwan Johnson;Brandin Cooks;Chris Olave;Rashid Shaheed,00-0036937;00-0037758;00-0039821;00-0032667;00-0040694;00-0036998;00-0035687;00-0035713;00-0040677;00-0038123;00-0039861,Paulson Adebo;Cordale Flott;Andru Phillips;Roy Robertson-Harris;Darius Alexander;Jevon Holland;Bobby Okereke;Brian Burns;Abdul Carter;Dane Belton;Tyler Nubin
2025_05_NYG_NO,2004,no_play,0.0,61.0,61.0,NO,2.0,1915.0,61.0,5.0,1:55,1:50,,13.0,14.0,1.0,10.0,"3 CB, 2 DT, 1 FS, 1 ILB, 2 OLB, 2 SS",CB;CB;CB;DT;DT;FS;ILB;OLB;OLB;SS;SS,11,5,6,MAN_COVERAGE,COVER_1,True,00-0035242;00-0037241;00-0040541;00-0039376;00-0033906;00-0039339;00-0040125;00-0036040;00-0031236;00-0037239;00-0039424,Erik McCoy;Trevor Penning;Torricelli Simpkins III;Spencer Rattler;Alvin Kamara;Taliese Fuaga;Kelvin Banks Jr.;Juwan Johnson;Brandin Cooks;Chris Olave;Devaughn Vele,00-0036937;00-0037758;00-0039821;00-0032667;00-0040694;00-0036998;00-0035687;00-0035713;00-0040677;00-0038123;00-0039861,Paulson Adebo;Cordale Flott;Andru Phillips;Roy Robertson-Harris;Darius Alexander;Jevon Holland;Bobby Okereke;Brian Burns;Abdul Carter;Dane Belton;Tyler Nubin
2025_05_NYG_NO,2038,pass,12.0,45.0,33.0,NO,2.0,1910.0,45.0,7.0,1:50,1:43,,13.0,14.0,1.0,10.0,"3 CB, 2 DT, 1 FS, 1 ILB, 2 OLB, 2 SS",CB;CB;CB;DT;DT;FS;ILB;OLB;OLB;SS;SS,11,4,4,ZONE_COVERAGE,COVER_2,False,00-0035242;00-0037241;00-0040541;00-0039376;00-0033906;00-0039339;00-0040125;00-0036040;00-0031236;00-0037239;00-0037545,Erik McCoy;Trevor Penning;Torricelli Simpkins III;Spencer Rattler;Alvin Kamara;Taliese Fuaga;Kelvin Banks Jr.;Juwan Johnson;Brandin Cooks;Chris Olave;Rashid Shaheed,00-0036937;00-0037758;00-0039821;00-0032667;00-0040694;00-0036998;00-0035687;00-0035713;00-0040677;00-0038123;00-0039861,Paulson Adebo;Cordale Flott;Andru Phillips;Roy Robertson-Harris;Darius Alexander;Jevon Holland;Bobby Okereke;Brian Burns;Abdul Carter;Dane Belton;Tyler Nubin
2025_05_NYG_NO,2068,pass,0.0,33.0,33.0,NO,2.0,1903.0,33.0,3.0,1:43,1:40,,13.0,14.0,1.0,10.0,"3 CB, 2 DT, 1 FS, 1 ILB, 2 OLB, 2 SS",CB;CB;CB;DT;DT;FS;ILB;OLB;OLB;SS;SS,11,5,4,ZONE_COVERAGE,COVER_3,False,00-0035242;00-0037241;00-0040541;00-0039376;00-0033906;00-0039339;00-0040125;00-0036040;00-0037239;00-0037545;00-0039424,Erik McCoy;Trevor Penning;Torricelli Simpkins III;Spencer Rattler;Alvin Kamara;Taliese Fuaga;Kelvin Banks Jr.;Juwan Johnson;Chris Olave;Rashid Shaheed;Devaughn Vele,00-0036937;00-0037758;00-0039821;00-0032667;00-0040694;00-0036998;00-0035687;00-0035713;00-0040677;00-0038123;00-0039861,Paulson Adebo;Cordale Flott;Andru Phillips;Roy Robertson-Harris;Darius Alexander;Jevon Holland;Bobby Okereke;Brian Burns;Abdul Carter;Dane Belton;Tyler Nubin
2025_05_NYG_NO,2091,run,-3.0,33.0,36.0,NO,2.0,1900.0,33.0,5.0,1:40,1:35,,13.0,14.0,2.0,10.0,"3 CB, 1 DT, 1 FS, 1 ILB, 1 NT, 2 OLB, 2 SS",CB;CB;CB;DT;FS;ILB;NT;OLB;OLB;SS;SS,11,5,0,,,False,00-0035242;00-0037241;00-0040541;00-0039376;00-0033906;00-0039339;00-0040125;00-0036040;00-0031236;00-0037239;00-0037545,Erik McCoy;Trevor Penning;Torricelli Simpkins III;Spencer Rattler;Alvin Kamara;Taliese Fuaga;Kelvin Banks Jr.;Juwan Johnson;Brandin Cooks;Chris Olave;Rashid Shaheed,00-0036937;00-0037758;00-0039821;00-0040694;00-0036998;00-0035687;00-0035683;00-0037611;00-0040677;00-0038123;00-0039861,Paulson Adebo;Cordale Flott;Andru Phillips;Darius Alexander;Jevon Holland;Bobby Okereke;Dexter Lawrence;Kayvon Thibodeaux;Abdul Carter;Dane Belton;Tyler Nubin
2025_05_NYG_NO,2113,pass,2.0,36.0,34.0,NO,2.0,1895.0,36.0,0.0,1:35,1:35,,13.0,14.0,3.0,13.0,"3 CB, 1 FS, 1 ILB, 1 NT, 3 OLB, 2 SS",CB;CB;CB;FS;ILB;NT;OLB;OLB;OLB;SS;SS,11,5,4,MAN_COVERAGE,2_MAN,False,00-0035242;00-0037241;00-0040541;00-0039376;00-0033906;00-0039339;00-0040125;00-0036040;00-0031236;00-0037239;00-0037545,Erik McCoy;Trevor Penning;Torricelli Simpkins III;Spencer Rattler;Alvin Kamara;Taliese Fuaga;Kelvin Banks Jr.;Juwan Johnson;Brandin Cooks;Chris Olave;Rashid Shaheed,00-0036937;00-0039000;00-0039821;00-0036998;00-0035687;00-0035683;00-0035713;00-0037611;00-0040677;00-0038123;00-0039861,Paulson Adebo;Deonte Banks;Andru Phillips;Jevon Holland;Bobby Okereke;Dexter Lawrence;Brian Burns;Kayvon Thibodeaux;Abdul Carter;Dane Belton;Tyler Nubin
2025_05_NYG_NO,2125,timeout,0.0,,,,2.0,1895.0,,5.0,1:35,1:30,NYG,13.0,14.0,,0.0,,,,,,,,,,,,
2025_05_NYG_NO,2145,field_goal,0.0,34.0,34.0,NO,2.0,1890.0,34.0,0.0,1:30,1:30,,13.0,14.0,4.0,11.0,"2 CB, 1 DE, 2 DT, 2 ILB, 1 NT, 1 OLB, 2 SS",CB;CB;DE;DT;DT;ILB;ILB;NT;OLB;SS;SS,11,0,0,,,False,00-0037814;00-0035944;00-0036619;00-0040541;00-0038905;00-0033063;00-0040654;00-0038601;00-0039339;00-0040125;00-0034981,Luke Fortner;Jonah Williams;Dillon Radunz;Torricelli Simpkins III;Blake Grupe;Zach Wood;Kai Kroeger;Asim Richards;Taliese Fuaga;Kelvin Banks Jr.;Foster Moreau,00-0039000;00-0038788;00-0036982;00-0032667;00-0037260;00-0031740;00-0035687;00-0031957;00-0037611;00-0038123;00-0039861,Deonte Banks;Art Green;Chauncey Golston;Roy Robertson-Harris;DJ Davidson;Neville Hewitt;Bobby Okereke;Rakeem Nunez-Roches;Kayvon Thibodeaux;Dane Belton;Tyler Nubin
2025_05_NYG_NO,2157,timeout,0.0,,,,2.0,1890.0,,5.0,1:30,1:25,NYG,13.0,14.0,,0.0,,,,,,,,,,,,
2025_05_NYG_NO,2173,pass,0.0,58.0,58.0,NYG,2.0,1885.0,58.0,3.0,1:25,1:22,,13.0,14.0,1.0,10.0,"3 CB, 2 DT, 1 FS, 2 ILB, 2 OLB, 1 SS",CB;CB;CB;DT;DT;FS;ILB;ILB;OLB;OLB;SS,11,6,4,ZONE_COVERAGE,COVER_3,False,00-0039019;00-0029685;00-0036246;00-0040691;00-0040715;00-0033290;00-0036386;00-0039847;00-0035535;00-0038117;00-0038938,John Michael Schmitz;Greg Van Roten;Jon Runyan;Jaxson Dart;Cam Skattebo;Jermaine Eluemunor;Andrew Thomas;Theo Johnson;Darius Slayton;Wan'Dale Robinson;Jalin Hyatt,00-0038121;00-0039860;00-0040166;00-0034760;00-0038995;00-0038588;00-0029607;00-0036927;00-0027962;00-0035402;00-0040643,Alontae Taylor;Kool-Aid McKinstry;Quincy Riley;Nathan Shepherd;Bryan Bresee;Jordan Howden;Demario Davis;Pete Werner;Cameron Jordan;Carl Granderson;Jonas Sanker
2025_05_NYG_NO,2196,pass,14.0,58.0,44.0,NYG,2.0,1882.0,58.0,9.0,1:22,1:13,,13.0,14.0,2.0,10.0,"3 CB, 2 DT, 1 FS, 2 ILB, 2 OLB, 1 SS",CB;CB;CB;DT;DT;FS;ILB;ILB;OLB;OLB;SS,11,6,5,MAN_COVERAGE,COVER_1,False,00-0039019;00-0029685;00-0036246;00-0040691;00-0040715;00-0033290;00-0036386;00-0039847;00-0035535;00-0038117;00-0038938,John Michael Schmitz;Greg Van Roten;Jon Runyan;Jaxson Dart;Cam Skattebo;Jermaine Eluemunor;Andrew Thomas;Theo Johnson;Darius Slayton;Wan'Dale Robinson;Jalin Hyatt,00-0038121;00-0039860;00-0040166;00-0034760;00-0038995;00-0038588;00-0029607;00-0036927;00-0027962;00-0035402;00-0040643,Alontae Taylor;Kool-Aid McKinstry;Quincy Riley;Nathan Shepherd;Bryan Bresee;Jordan Howden;Demario Davis;Pete Werner;Cameron Jordan;Carl Granderson;Jonas Sanker
2025_05_NYG_NO,2226,turnover,9.0,44.0,35.0,NYG,2.0,1873.0,44.0,11.0,1:13,1:02,,13.0,14.0,1.0,10.0,"3 CB, 2 DT, 1 FS, 2 ILB, 2 OLB, 1 SS",CB;CB;CB;DT;DT;FS;ILB;ILB;OLB;OLB;SS,11,6,5,ZONE_COVERAGE,COVER_2,False,00-0039019;00-0029685;00-0036246;00-0040691;00-0035250;00-0033290;00-0036386;00-0039847;00-0035535;00-0038117;00-0038938,John Michael Schmitz;Greg Van Roten;Jon Runyan;Jaxson Dart;Devin Singletary;Jermaine Eluemunor;Andrew Thomas;Theo Johnson;Darius Slayton;Wan'Dale Robinson;Jalin Hyatt,00-0038121;00-0039860;00-0040166;00-0034760;00-0038995;00-0038588;00-0029607;00-0036927;00-0027962;00-0035402;00-0040643,Alontae Taylor;Kool-Aid McKinstry;Quincy Riley;Nathan Shepherd;Bryan Bresee;Jordan Howden;Demario Davis;Pete Werner;Cameron Jordan;Carl Granderson;Jonas Sanker
2025_05_NYG_NO,2272,pass,4.0,41.0,37.0,NO,2.0,1862.0,41.0,19.0,1:02,0:43,,13.0,14.0,1.0,10.0,"3 CB, 1 DT, 1 FS, 1 ILB, 3 OLB, 2 SS",CB;CB;CB;DT;FS;ILB;OLB;OLB;OLB;SS;SS,11,4,4,ZONE_COVERAGE,COVER_2,False,00-0035242;00-0037241;00-0040541;00-0039376;00-0033906;00-0039339;00-0040125;00-0036040;00-0031236;00-0037239;00-0037545,Erik McCoy;Trevor Penning;Torricelli Simpkins III;Spencer Rattler;Alvin Kamara;Taliese Fuaga;Kelvin Banks Jr.;Juwan Johnson;Brandin Cooks;Chris Olave;Rashid Shaheed,00-0036937;00-0037758;00-0039821;00-0040694;00-0036998;00-0035687;00-0035713;00-0037611;00-0040677;00-0038123;00-0039861,Paulson Adebo;Cordale Flott;Andru Phillips;Darius Alexander;Jevon Holland;Bobby Okereke;Brian Burns;Kayvon Thibodeaux;Abdul Carter;Dane Belton;Tyler Nubin
2025_05_NYG_NO,2297,pass,5.0,37.0,32.0,NO,2.0,1843.0,37.0,18.0,0:43,0:25,,13.0,14.0,2.0,6.0,"3 CB, 1 DT, 1 FS, 1 ILB, 3 OLB, 2 SS",CB;CB;CB;DT;FS;ILB;OLB;OLB;OLB;SS;SS,11,4,4,ZONE_COVERAGE,COVER_2,False,00-0035242;00-0037241;00-0040541;00-0039376;00-0033906;00-0039339;00-0040125;00-0036040;00-0031236;00-0037239;00-0037545,Erik McCoy;Trevor Penning;Torricelli Simpkins III;Spencer Rattler;Alvin Kamara;Taliese Fuaga;Kelvin Banks Jr.;Juwan Johnson;Brandin Cooks;Chris Olave;Rashid Shaheed,00-0036937;00-0037758;00-0039821;00-0040694;00-0036998;00-0035687;00-0035713;00-0037611;00-0040677;00-0038123;00-0039861,Paulson Adebo;Cordale Flott;Andru Phillips;Darius Alexander;Jevon Holland;Bobby Okereke;Brian Burns;Kayvon Thibodeaux;Abdul Carter;Dane Belton;Tyler Nubin
2025_05_NYG_NO,2322,run,11.0,32.0,21.0,NO,2.0,1825.0,32.0,6.0,0:25,0:19,,13.0,14.0,3.0,1.0,"3 CB, 1 DT, 1 FS, 1 ILB, 3 OLB, 2 SS",CB;CB;CB;DT;FS;ILB;OLB;OLB;OLB;SS;SS,11,6,0,,,False,00-0035242;00-0037241;00-0040541;00-0039376;00-0033906;00-0039339;00-0040125;00-0036040;00-0031236;00-0037239;00-0037545,Erik McCoy;Trevor Penning;Torricelli Simpkins III;Spencer Rattler;Alvin Kamara;Taliese Fuaga;Kelvin Banks Jr.;Juwan Johnson;Brandin Cooks;Chris Olave;Rashid Shaheed,00-0036937;00-0037758;00-0039821;00-0040694;00-0036998;00-0035687;00-0035713;00-0037611;00-0040677;00-0038123;00-0039861,Paulson Adebo;Cordale Flott;Andru Phillips;Darius Alexander;Jevon Holland;Bobby Okereke;Brian Burns;Kayvon Thibodeaux;Abdul Carter;Dane Belton;Tyler Nubin
2025_05_NYG_NO,2349,pass,0.0,21.0,21.0,NO,2.0,1819.0,21.0,4.0,0:19,0:15,,13.0,14.0,1.0,10.0,"3 CB, 1 DT, 1 FS, 1 ILB, 3 OLB, 2 SS",CB;CB;CB;DT;FS;ILB;OLB;OLB;OLB;SS;SS,11,5,4,ZONE_COVERAGE,COVER_4,False,00-0035242;00-0037241;00-0040541;00-0039376;00-0033906;00-0039339;00-0040125;00-0036040;00-0031236;00-0037239;00-0037545,Erik McCoy;Trevor Penning;Torricelli Simpkins III;Spencer Rattler;Alvin Kamara;Taliese Fuaga;Kelvin Banks Jr.;Juwan Johnson;Brandin Cooks;Chris Olave;Rashid Shaheed,00-0036937;00-0037758;00-0039821;00-0040694;00-0036998;00-0035687;00-0035713;00-0037611;00-0040677;00-0038123;00-0039861,Paulson Adebo;Cordale Flott;Andru Phillips;Darius Alexander;Jevon Holland;Bobby Okereke;Brian Burns;Kayvon Thibodeaux;Abdul Carter;Dane Belton;Tyler Nubin
2025_05_NYG_NO,2372,pass,11.0,21.0,10.0,NO,2.0,1815.0,21.0,4.0,0:15,0:11,,13.0,14.0,2.0,10.0,"3 CB, 1 DT, 1 FS, 1 ILB, 3 OLB, 2 SS",CB;CB;CB;DT;FS;ILB;OLB;OLB;OLB;SS;SS,11,6,4,MAN_COVERAGE,2_MAN,False,00-0035242;00-0037241;00-0040541;00-0039376;00-0033906;00-0039339;00-0040125;00-0036040;00-0031236;00-0037239;00-0037545,Erik McCoy;Trevor Penning;Torricelli Simpkins III;Spencer Rattler;Alvin Kamara;Taliese Fuaga;Kelvin Banks Jr.;Juwan Johnson;Brandin Cooks;Chris Olave;Rashid Shaheed,00-0036937;00-0037758;00-0039821;00-0040694;00-0036998;00-0035687;00-0035713;00-0037611;00-0040677;00-0038123;00-0039861,Paulson Adebo;Cordale Flott;Andru Phillips;Darius Alexander;Jevon Holland;Bobby Okereke;Brian Burns;Kayvon Thibodeaux;Abdul Carter;Dane Belton;Tyler Nubin
2025_05_NYG_NO,2397,pass,-1.0,10.0,11.0,NO,2.0,1811.0,10.0,0.0,0:11,0:11,,13.0,14.0,1.0,10.0,"3 CB, 1 DT, 1 FS, 1 ILB, 1 NT, 2 OLB, 2 SS",CB;CB;CB;DT;FS;ILB;NT;OLB;OLB;SS;SS,11,6,4,MAN_COVERAGE,2_MAN,False,00-0035242;00-0037241;00-0040541;00-0039376;00-0033906;00-0039339;00-0040125;00-0036040;00-0031236;00-0037239;00-0039424,Erik McCoy;Trevor Penning;Torricelli Simpkins III;Spencer Rattler;Alvin Kamara;Taliese Fuaga;Kelvin Banks Jr.;Juwan Johnson;Brandin Cooks;Chris Olave;Devaughn Vele,00-0036937;00-0037758;00-0039821;00-0040694;00-0036998;00-0035687;00-0035683;00-0035713;00-0037611;00-0038123;00-0039861,Paulson Adebo;Cordale Flott;Andru Phillips;Darius Alexander;Jevon Holland;Bobby Okereke;Dexter Lawrence;Brian Burns;Kayvon Thibodeaux;Dane Belton;Tyler Nubin
2025_05_NYG_NO,2409,timeout,0.0,,,,2.0,1811.0,,0.0,0:11,0:11,NO,13.0,14.0,,0.0,,,,,,,,,,,,
2025_05_NYG_NO,2416,timeout,0.0,,,,2.0,1811.0,,5.0,0:11,0:06,NYG,13.0,14.0,,0.0,,,,,,,,,,,,
2025_05_NYG_NO,2436,pass,0.0,11.0,11.0,NO,2.0,1806.0,11.0,0.0,0:06,0:06,,13.0,14.0,2.0,11.0,"3 CB, 1 DT, 1 FS, 1 ILB, 1 NT, 2 OLB, 2 SS",CB;CB;CB;DT;FS;ILB;NT;OLB;OLB;SS;SS,11,4,4,ZONE_COVERAGE,COVER_4,False,00-0035242;00-0037241;00-0040541;00-0039376;00-0033906;00-0039339;00-0040125;00-0036040;00-0037239;00-0037545;00-0039424,Erik McCoy;Trevor Penning;Torricelli Simpkins III;Spencer Rattler;Alvin Kamara;Taliese Fuaga;Kelvin Banks Jr.;Juwan Johnson;Chris Olave;Rashid Shaheed;Devaughn Vele,00-0036937;00-0037758;00-0039821;00-0040694;00-0036998;00-0035687;00-0035683;00-0035713;00-0037611;00-0038123;00-0039861,Paulson Adebo;Cordale Flott;Andru Phillips;Darius Alexander;Jevon Holland;Bobby Okereke;Dexter Lawrence;Brian Burns;Kayvon Thibodeaux;Dane Belton;Tyler Nubin
2025_05_NYG_NO,2448,timeout,0.0,,,,2.0,1806.0,,3.0,0:06,0:03,NO,13.0,14.0,,0.0,,,,,,,,,,,,
2025_05_NYG_NO,2466,field_goal,0.0,11.0,11.0,NO,2.0,1803.0,11.0,3.0,0:03,0:00,,16.0,14.0,3.0,11.0,"2 CB, 2 DT, 2 ILB, 2 NT, 1 OLB, 2 SS",CB;CB;DT;DT;ILB;ILB;NT;NT;OLB;SS;SS,11,0,0,,,False,00-0037814;00-0035944;00-0036619;00-0040541;00-0038905;00-0033063;00-0040654;00-0038601;00-0039339;00-0040125;00-0034981,Luke Fortner;Jonah Williams;Dillon Radunz;Torricelli Simpkins III;Blake Grupe;Zach Wood;Kai Kroeger;Asim Richards;Taliese Fuaga;Kelvin Banks Jr.;Foster Moreau,00-0039000;00-0038788;00-0032667;00-0037260;00-0031740;00-0035687;00-0031957;00-0035683;00-0037611;00-0038123;00-0039861,Deonte Banks;Art Green;Roy Robertson-Harris;DJ Davidson;Neville Hewitt;Bobby Okereke;Rakeem Nunez-Roches;Dexter Lawrence;Kayvon Thibodeaux;Dane Belton;Tyler Nubin
2025_05_NYG_NO,2486,start_quarter_3,,,,,2.0,1800.0,,0.0,0:00,0:00,,16.0,14.0,,0.0,,,,,,,,,,,,
2025_05_NYG_NO,2504,kickoff,0.0,35.0,35.0,NYG,3.0,1800.0,35.0,5.0,15:00,14:55,,16.0,14.0,,0.0,"1 CB, 3 FS, 3 ILB, 1 K, 2 OLB, 1 RB",CB;FS;FS;FS;ILB;ILB;ILB;K;OLB;OLB;RB,11,0,0,,,False,00-0039000;00-0038788;00-0036982;00-0039241;00-0031740;00-0039829;00-0038123;00-0031484;00-0040225;00-0035645;00-0040432,Deonte Banks;Art Green;Chauncey Golston;Beau Brade;Neville Hewitt;Darius Muasau;Dane Belton;Chris Manhertz;Thomas Fidone II;Gunner Olszewski;Beaux Collins,00-0038781;00-0035142;00-0036421;00-0038588;00-0039388;00-0039622;00-0040155;00-0038905;00-0036867;00-0038782;00-0037745,Rejzohn Wright;Ugo Amadi;Terrell Burgess;Jordan Howden;Jaylan Ford;Isaiah Stalbird;Danny Stutsman;Blake Grupe;Chris Rumph II;Eku Leota;Velus Jones Jr.
2025_05_NYG_NO,2537,pass,-2.0,64.0,66.0,NYG,3.0,1795.0,64.0,42.0,14:55,14:13,,16.0,14.0,1.0,10.0,"3 CB, 2 DT, 1 FS, 2 ILB, 2 OLB, 1 SS",CB;CB;CB;DT;DT;FS;ILB;ILB;OLB;OLB;SS,11,6,4,MAN_COVERAGE,COVER_1,False,00-0039019;00-0029685;00-0036246;00-0040691;00-0040715;00-0033290;00-0036386;00-0039847;00-0035535;00-0038117;00-0038938,John Michael Schmitz;Greg Van Roten;Jon Runyan;Jaxson Dart;Cam Skattebo;Jermaine Eluemunor;Andrew Thomas;Theo Johnson;Darius Slayton;Wan'Dale Robinson;Jalin Hyatt,00-0038121;00-0039860;00-0040166;00-0034760;00-0038995;00-0038588;00-0029607;00-0036927;00-0027962;00-0035402;00-0040643,Alontae Taylor;Kool-Aid McKinstry;Quincy Riley;Nathan Shepherd;Bryan Bresee;Jordan Howden;Demario Davis;Pete Werner;Cameron Jordan;Carl Granderson;Jonas Sanker
2025_05_NYG_NO,2562,pass,6.0,66.0,60.0,NYG,3.0,1753.0,66.0,43.0,14:13,13:30,,16.0,14.0,2.0,12.0,"3 CB, 1 DT, 1 FS, 2 ILB, 3 OLB, 1 SS",CB;CB;CB;DT;FS;ILB;ILB;OLB;OLB;OLB;SS,11,6,4,ZONE_COVERAGE,COVER_3,False,00-0039019;00-0029685;00-0036246;00-0040691;00-0040715;00-0033290;00-0036386;00-0039847;00-0035535;00-0038117;00-0038938,John Michael Schmitz;Greg Van Roten;Jon Runyan;Jaxson Dart;Cam Skattebo;Jermaine Eluemunor;Andrew Thomas;Theo Johnson;Darius Slayton;Wan'Dale Robinson;Jalin Hyatt,00-0038121;00-0039860;00-0040166;00-0038995;00-0038588;00-0029607;00-0036927;00-0027962;00-0035402;00-0036867;00-0040643,Alontae Taylor;Kool-Aid McKinstry;Quincy Riley;Bryan Bresee;Jordan Howden;Demario Davis;Pete Werner;Cameron Jordan;Carl Granderson;Chris Rumph II;Jonas Sanker
2025_05_NYG_NO,2587,pass,5.0,60.0,55.0,NYG,3.0,1710.0,60.0,45.0,13:30,12:45,,16.0,14.0,3.0,6.0,"3 CB, 2 DT, 1 FS, 1 ILB, 3 OLB, 1 SS",CB;CB;CB;DT;DT;FS;ILB;OLB;OLB;OLB;SS,11,6,5,ZONE_COVERAGE,COVER_6,False,00-0039019;00-0029685;00-0036246;00-0040691;00-0040715;00-0033290;00-0036386;00-0039847;00-0035535;00-0038117;00-0038938,John Michael Schmitz;Greg Van Roten;Jon Runyan;Jaxson Dart;Cam Skattebo;Jermaine Eluemunor;Andrew Thomas;Theo Johnson;Darius Slayton;Wan'Dale Robinson;Jalin Hyatt,00-0038121;00-0039860;00-0040166;00-0034760;00-0038995;00-0038588;00-0029607;00-0027962;00-0035402;00-0036867;00-0040643,Alontae Taylor;Kool-Aid McKinstry;Quincy Riley;Nathan Shepherd;Bryan Bresee;Jordan Howden;Demario Davis;Cameron Jordan;Carl Granderson;Chris Rumph II;Jonas Sanker
2025_05_NYG_NO,2612,run,2.0,55.0,53.0,NYG,3.0,1665.0,55.0,38.0,12:45,12:07,,16.0,14.0,4.0,1.0,"3 CB, 2 DT, 1 FS, 1 ILB, 1 NT, 2 OLB, 1 SS",CB;CB;CB;DT;DT;FS;ILB;NT;OLB;OLB;SS,11,6,0,,,False,00-0039019;00-0029685;00-0036246;00-0040691;00-0040715;00-0033290;00-0036386;00-0039847;00-0035535;00-0038117;00-0038938,John Michael Schmitz;Greg Van Roten;Jon Runyan;Jaxson Dart;Cam Skattebo;Jermaine Eluemunor;Andrew Thomas;Theo Johnson;Darius Slayton;Wan'Dale Robinson;Jalin Hyatt,00-0038121;00-0039860;00-0040166;00-0034760;00-0038995;00-0038588;00-0029607;00-0033860;00-0027962;00-0035402;00-0040643,Alontae Taylor;Kool-Aid McKinstry;Quincy Riley;Nathan Shepherd;Bryan Bresee;Jordan Howden;Demario Davis;Davon Godchaux;Cameron Jordan;Carl Granderson;Jonas Sanker
2025_05_NYG_NO,2634,run,7.0,53.0,46.0,NYG,3.0,1627.0,53.0,34.0,12:07,11:33,,16.0,14.0,1.0,10.0,"2 CB, 1 DE, 1 DT, 1 FS, 2 ILB, 1 NT, 2 OLB, 1 SS",CB;CB;DE;DT;FS;ILB;ILB;NT;OLB;OLB;SS,11,6,0,,,False,00-0039019;00-0029685;00-0036246;00-0040691;00-0035250;00-0033290;00-0036386;00-0038115;00-0039847;00-0035535;00-0038117,John Michael Schmitz;Greg Van Roten;Jon Runyan;Jaxson Dart;Devin Singletary;Jermaine Eluemunor;Andrew Thomas;Daniel Bellinger;Theo Johnson;Darius Slayton;Wan'Dale Robinson,00-0038121;00-0039860;00-0033093;00-0034760;00-0038588;00-0029607;00-0036927;00-0033860;00-0027962;00-0035402;00-0040643,Alontae Taylor;Kool-Aid McKinstry;Jonathan Bullard;Nathan Shepherd;Jordan Howden;Demario Davis;Pete Werner;Davon Godchaux;Cameron Jordan;Carl Granderson;Jonas Sanker
2025_05_NYG_NO,2656,run,3.0,46.0,43.0,NYG,3.0,1593.0,46.0,32.0,11:33,11:01,,16.0,14.0,2.0,3.0,"2 CB, 1 DE, 1 DT, 1 FS, 2 ILB, 1 NT, 2 OLB, 1 SS",CB;CB;DE;DT;FS;ILB;ILB;NT;OLB;OLB;SS,11,7,0,,,False,00-0039019;00-0029685;00-0036246;00-0040691;00-0035250;00-0033290;00-0036386;00-0038115;00-0039847;00-0035535;00-0038117,John Michael Schmitz;Greg Van Roten;Jon Runyan;Jaxson Dart;Devin Singletary;Jermaine Eluemunor;Andrew Thomas;Daniel Bellinger;Theo Johnson;Darius Slayton;Wan'Dale Robinson,00-0038121;00-0039860;00-0033093;00-0034760;00-0038588;00-0029607;00-0036927;00-0033860;00-0027962;00-0035402;00-0040643,Alontae Taylor;Kool-Aid McKinstry;Jonathan Bullard;Nathan Shepherd;Jordan Howden;Demario Davis;Pete Werner;Davon Godchaux;Cameron Jordan;Carl Granderson;Jonas Sanker
2025_05_NYG_NO,2678,turnover,-3.0,43.0,46.0,NYG,3.0,1561.0,43.0,9.0,11:01,10:52,,16.0,14.0,1.0,10.0,"2 CB, 1 DE, 1 DT, 1 FS, 2 ILB, 1 NT, 2 OLB, 1 SS",CB;CB;DE;DT;FS;ILB;ILB;NT;OLB;OLB;SS,11,6,4,ZONE_COVERAGE,COVER_2,True,00-0039019;00-0029685;00-0036246;00-0040691;00-0040715;00-0033290;00-0036386;00-0038115;00-0039847;00-0035535;00-0038117,John Michael Schmitz;Greg Van Roten;Jon Runyan;Jaxson Dart;Cam Skattebo;Jermaine Eluemunor;Andrew Thomas;Daniel Bellinger;Theo Johnson;Darius Slayton;Wan'Dale Robinson,00-0038121;00-0039860;00-0033093;00-0034760;00-0038588;00-0029607;00-0036927;00-0033860;00-0027962;00-0035402;00-0040643,Alontae Taylor;Kool-Aid McKinstry;Jonathan Bullard;Nathan Shepherd;Jordan Howden;Demario Davis;Pete Werner;Davon Godchaux;Cameron Jordan;Carl Granderson;Jonas Sanker
2025_05_NYG_NO,2713,pass,0.0,54.0,54.0,NO,3.0,1552.0,54.0,5.0,10:52,10:47,,16.0,14.0,1.0,10.0,"3 CB, 1 DT, 1 FS, 2 ILB, 1 NT, 2 OLB, 1 SS",CB;CB;CB;DT;FS;ILB;ILB;NT;OLB;OLB;SS,11,6,4,ZONE_COVERAGE,COVER_2,False,00-0035242;00-0037241;00-0040541;00-0039376;00-0038551;00-0039339;00-0040125;00-0036741;00-0031236;00-0037239;00-0037545,Erik McCoy;Trevor Penning;Torricelli Simpkins III;Spencer Rattler;Kendre Miller;Taliese Fuaga;Kelvin Banks Jr.;Jack Stoll;Brandin Cooks;Chris Olave;Rashid Shaheed,00-0036937;00-0037758;00-0039821;00-0032667;00-0036998;00-0035687;00-0039829;00-0035683;00-0035713;00-0037611;00-0039861,Paulson Adebo;Cordale Flott;Andru Phillips;Roy Robertson-Harris;Jevon Holland;Bobby Okereke;Darius Muasau;Dexter Lawrence;Brian Burns;Kayvon Thibodeaux;Tyler Nubin
2025_05_NYG_NO,2771,pass,8.0,59.0,51.0,NO,3.0,1547.0,59.0,0.0,10:47,10:47,,16.0,14.0,2.0,15.0,"3 CB, 1 DT, 1 FS, 2 ILB, 1 NT, 2 OLB, 1 SS",CB;CB;CB;DT;FS;ILB;ILB;NT;OLB;OLB;SS,11,5,4,ZONE_COVERAGE,COVER_4,True,00-0035242;00-0037241;00-0040541;00-0039376;00-0038551;00-0039339;00-0040125;00-0036040;00-0036741;00-0037239;00-0039623,Erik McCoy;Trevor Penning;Torricelli Simpkins III;Spencer Rattler;Kendre Miller;Taliese Fuaga;Kelvin Banks Jr.;Juwan Johnson;Jack Stoll;Chris Olave;Mason Tipton,00-0036937;00-0037758;00-0039821;00-0032667;00-0036998;00-0035687;00-0039829;00-0035683;00-0035713;00-0037611;00-0039861,Paulson Adebo;Cordale Flott;Andru Phillips;Roy Robertson-Harris;Jevon Holland;Bobby Okereke;Darius Muasau;Dexter Lawrence;Brian Burns;Kayvon Thibodeaux;Tyler Nubin
2025_05_NYG_NO,2794,timeout,0.0,,,,3.0,1547.0,,43.0,10:47,10:04,NO,16.0,14.0,,0.0,,,,,,,,,,,,
2025_05_NYG_NO,2819,pass,17.0,51.0,34.0,NO,3.0,1504.0,51.0,24.0,10:04,9:40,,16.0,14.0,3.0,7.0,"3 CB, 1 DT, 1 FS, 1 ILB, 3 OLB, 2 SS",CB;CB;CB;DT;FS;ILB;OLB;OLB;OLB;SS;SS,11,5,5,MAN_COVERAGE,COVER_1,False,00-0035242;00-0037241;00-0040541;00-0039376;00-0038551;00-0039339;00-0040125;00-0036040;00-0037239;00-0037545;00-0039424,Erik McCoy;Trevor Penning;Torricelli Simpkins III;Spencer Rattler;Kendre Miller;Taliese Fuaga;Kelvin Banks Jr.;Juwan Johnson;Chris Olave;Rashid Shaheed;Devaughn Vele,00-0036937;00-0039000;00-0039821;00-0040694;00-0036998;00-0035687;00-0035713;00-0037611;00-0040677;00-0038123;00-0039861,Paulson Adebo;Deonte Banks;Andru Phillips;Darius Alexander;Jevon Holland;Bobby Okereke;Brian Burns;Kayvon Thibodeaux;Abdul Carter;Dane Belton;Tyler Nubin
2025_05_NYG_NO,2849,run,8.0,34.0,26.0,NO,3.0,1480.0,34.0,38.0,9:40,9:02,,16.0,14.0,1.0,10.0,"3 CB, 1 DE, 1 DT, 1 FS, 2 ILB, 1 NT, 1 OLB, 1 SS",CB;CB;CB;DE;DT;FS;ILB;ILB;NT;OLB;SS,11,7,0,,,False,00-0035242;00-0037241;00-0040541;00-0039376;00-0038551;00-0039339;00-0040125;00-0036040;00-0037239;00-0037545;00-0039424,Erik McCoy;Trevor Penning;Torricelli Simpkins III;Spencer Rattler;Kendre Miller;Taliese Fuaga;Kelvin Banks Jr.;Juwan Johnson;Chris Olave;Rashid Shaheed;Devaughn Vele,00-0036937;00-0037758;00-0039821;00-0036982;00-0037260;00-0036998;00-0035687;00-0039829;00-0031957;00-0040677;00-0039861,Paulson Adebo;Cordale Flott;Andru Phillips;Chauncey Golston;DJ Davidson;Jevon Holland;Bobby Okereke;Darius Muasau;Rakeem Nunez-Roches;Abdul Carter;Tyler Nubin
2025_05_NYG_NO,2871,run,0.0,26.0,26.0,NO,3.0,1442.0,26.0,35.0,9:02,8:27,,16.0,14.0,2.0,2.0,"3 CB, 1 DE, 1 DT, 1 FS, 2 ILB, 1 NT, 1 OLB, 1 SS",CB;CB;CB;DE;DT;FS;ILB;ILB;NT;OLB;SS,11,7,0,,,False,00-0035242;00-0037241;00-0040541;00-0039376;00-0038551;00-0039339;00-0040125;00-0036040;00-0037545;00-0039424;00-0039623,Erik McCoy;Trevor Penning;Torricelli Simpkins III;Spencer Rattler;Kendre Miller;Taliese Fuaga;Kelvin Banks Jr.;Juwan Johnson;Rashid Shaheed;Devaughn Vele;Mason Tipton,00-0036937;00-0037758;00-0039821;00-0036982;00-0037260;00-0036998;00-0035687;00-0039829;00-0031957;00-0040677;00-0039861,Paulson Adebo;Cordale Flott;Andru Phillips;Chauncey Golston;DJ Davidson;Jevon Holland;Bobby Okereke;Darius Muasau;Rakeem Nunez-Roches;Abdul Carter;Tyler Nubin
2025_05_NYG_NO,2893,pass,19.0,26.0,7.0,NO,3.0,1407.0,26.0,36.0,8:27,7:51,,16.0,14.0,3.0,2.0,"2 CB, 1 DT, 1 FS, 2 ILB, 2 NT, 2 OLB, 1 SS",CB;CB;DT;FS;ILB;ILB;NT;NT;OLB;OLB;SS,11,7,5,MAN_COVERAGE,COVER_0,False,00-0035242;00-0037241;00-0040541;00-0033357;00-0039376;00-0039339;00-0040125;00-0034981;00-0036040;00-0036741;00-0039424,Erik McCoy;Trevor Penning;Torricelli Simpkins III;Taysom Hill;Spencer Rattler;Taliese Fuaga;Kelvin Banks Jr.;Foster Moreau;Juwan Johnson;Jack Stoll;Devaughn Vele,00-0036937;00-0037758;00-0032667;00-0036998;00-0035687;00-0039829;00-0031957;00-0035683;00-0035713;00-0040677;00-0039861,Paulson Adebo;Cordale Flott;Roy Robertson-Harris;Jevon Holland;Bobby Okereke;Darius Muasau;Rakeem Nunez-Roches;Dexter Lawrence;Brian Burns;Abdul Carter;Tyler Nubin
2025_05_NYG_NO,2918,no_play,0.0,7.0,7.0,NO,3.0,1371.0,7.0,20.0,7:51,7:31,,16.0,14.0,1.0,7.0,"2 CB, 1 DT, 1 FS, 2 ILB, 2 NT, 2 OLB, 1 SS",CB;CB;DT;FS;ILB;ILB;NT;NT;OLB;OLB;SS,11,0,0,,,False,00-0035242;00-0037241;00-0040541;00-0039376;00-0033906;00-0039339;00-0040125;00-0036040;00-0036741;00-0031236;00-0037239,Erik McCoy;Trevor Penning;Torricelli Simpkins III;Spencer Rattler;Alvin Kamara;Taliese Fuaga;Kelvin Banks Jr.;Juwan Johnson;Jack Stoll;Brandin Cooks;Chris Olave,00-0036937;00-0037758;00-0032667;00-0036998;00-0035687;00-0039829;00-0031957;00-0035683;00-0035713;00-0040677;00-0039861,Paulson Adebo;Cordale Flott;Roy Robertson-Harris;Jevon Holland;Bobby Okereke;Darius Muasau;Rakeem Nunez-Roches;Dexter Lawrence;Brian Burns;Abdul Carter;Tyler Nubin
2025_05_NYG_NO,2942,run,3.0,12.0,9.0,NO,3.0,1351.0,12.0,24.0,7:31,7:07,,16.0,14.0,1.0,12.0,"3 CB, 1 DT, 1 FS, 2 ILB, 1 NT, 2 OLB, 1 SS",CB;CB;CB;DT;FS;ILB;ILB;NT;OLB;OLB;SS,11,7,0,,,False,00-0035242;00-0037241;00-0040541;00-0039376;00-0033906;00-0039339;00-0040125;00-0036040;00-0031236;00-0037239;00-0037545,Erik McCoy;Trevor Penning;Torricelli Simpkins III;Spencer Rattler;Alvin Kamara;Taliese Fuaga;Kelvin Banks Jr.;Juwan Johnson;Brandin Cooks;Chris Olave;Rashid Shaheed,00-0036937;00-0037758;00-0039821;00-0032667;00-0036998;00-0035687;00-0039829;00-0035683;00-0035713;00-0040677;00-0039861,Paulson Adebo;Cordale Flott;Andru Phillips;Roy Robertson-Harris;Jevon Holland;Bobby Okereke;Darius Muasau;Dexter Lawrence;Brian Burns;Abdul Carter;Tyler Nubin
2025_05_NYG_NO,2964,pass,0.0,9.0,9.0,NO,3.0,1327.0,9.0,4.0,7:07,7:03,,16.0,14.0,2.0,9.0,"3 CB, 1 DT, 1 FS, 2 ILB, 1 NT, 2 OLB, 1 SS",CB;CB;CB;DT;FS;ILB;ILB;NT;OLB;OLB;SS,11,4,4,ZONE_COVERAGE,COVER_4,False,00-0035242;00-0037241;00-0040541;00-0039376;00-0033906;00-0039339;00-0040125;00-0036040;00-0031236;00-0037239;00-0037545,Erik McCoy;Trevor Penning;Torricelli Simpkins III;Spencer Rattler;Alvin Kamara;Taliese Fuaga;Kelvin Banks Jr.;Juwan Johnson;Brandin Cooks;Chris Olave;Rashid Shaheed,00-0036937;00-0037758;00-0039821;00-0032667;00-0036998;00-0035687;00-0039829;00-0035683;00-0035713;00-0040677;00-0039861,Paulson Adebo;Cordale Flott;Andru Phillips;Roy Robertson-Harris;Jevon Holland;Bobby Okereke;Darius Muasau;Dexter Lawrence;Brian Burns;Abdul Carter;Tyler Nubin
2025_05_NYG_NO,2995,pass,0.0,9.0,9.0,NO,3.0,1323.0,9.0,6.0,7:03,6:57,,16.0,14.0,3.0,9.0,"3 CB, 1 FS, 1 ILB, 1 NT, 3 OLB, 2 SS",CB;CB;CB;FS;ILB;NT;OLB;OLB;OLB;SS;SS,11,5,4,MAN_COVERAGE,2_MAN,False,00-0035242;00-0037241;00-0040541;00-0039376;00-0033906;00-0039339;00-0040125;00-0036040;00-0031236;00-0037239;00-0037545,Erik McCoy;Trevor Penning;Torricelli Simpkins III;Spencer Rattler;Alvin Kamara;Taliese Fuaga;Kelvin Banks Jr.;Juwan Johnson;Brandin Cooks;Chris Olave;Rashid Shaheed,00-0036937;00-0037758;00-0039000;00-0036998;00-0035687;00-0035683;00-0035713;00-0037611;00-0040677;00-0038123;00-0039861,Paulson Adebo;Cordale Flott;Deonte Banks;Jevon Holland;Bobby Okereke;Dexter Lawrence;Brian Burns;Kayvon Thibodeaux;Abdul Carter;Dane Belton;Tyler Nubin
2025_05_NYG_NO,3018,field_goal,0.0,9.0,9.0,NO,3.0,1317.0,9.0,2.0,6:57,6:55,,19.0,14.0,4.0,9.0,"2 CB, 1 DE, 2 DT, 2 ILB, 1 NT, 1 OLB, 2 SS",CB;CB;DE;DT;DT;ILB;ILB;NT;OLB;SS;SS,11,0,0,,,False,00-0037814;00-0035944;00-0036619;00-0040541;00-0038905;00-0033063;00-0040654;00-0038601;00-0039339;00-0040125;00-0034981,Luke Fortner;Jonah Williams;Dillon Radunz;Torricelli Simpkins III;Blake Grupe;Zach Wood;Kai Kroeger;Asim Richards;Taliese Fuaga;Kelvin Banks Jr.;Foster Moreau,00-0039000;00-0038788;00-0036982;00-0032667;00-0037260;00-0031740;00-0035687;00-0031957;00-0037611;00-0038123;00-0039861,Deonte Banks;Art Green;Chauncey Golston;Roy Robertson-Harris;DJ Davidson;Neville Hewitt;Bobby Okereke;Rakeem Nunez-Roches;Kayvon Thibodeaux;Dane Belton;Tyler Nubin
2025_05_NYG_NO,3038,kickoff,0.0,35.0,35.0,NYG,3.0,1315.0,35.0,6.0,6:55,6:49,,19.0,14.0,,0.0,"1 CB, 3 FS, 3 ILB, 1 K, 2 OLB, 1 RB",CB;FS;FS;FS;ILB;ILB;ILB;K;OLB;OLB;RB,11,0,0,,,False,00-0039000;00-0038788;00-0036982;00-0039241;00-0031740;00-0039829;00-0038123;00-0031484;00-0040225;00-0035645;00-0040432,Deonte Banks;Art Green;Chauncey Golston;Beau Brade;Neville Hewitt;Darius Muasau;Dane Belton;Chris Manhertz;Thomas Fidone II;Gunner Olszewski;Beaux Collins,00-0038781;00-0035142;00-0036421;00-0038588;00-0039388;00-0039622;00-0040155;00-0038905;00-0036867;00-0038782;00-0037745,Rejzohn Wright;Ugo Amadi;Terrell Burgess;Jordan Howden;Jaylan Ford;Isaiah Stalbird;Danny Stutsman;Blake Grupe;Chris Rumph II;Eku Leota;Velus Jones Jr.
2025_05_NYG_NO,3068,run,8.0,69.0,61.0,NYG,3.0,1309.0,69.0,24.0,6:49,6:25,,19.0,14.0,1.0,10.0,"3 CB, 1 DE, 1 DT, 1 FS, 2 ILB, 2 OLB, 1 SS",CB;CB;CB;DE;DT;FS;ILB;ILB;OLB;OLB;SS,11,7,0,,,False,00-0039019;00-0029685;00-0036246;00-0040691;00-0040715;00-0033290;00-0036386;00-0038115;00-0039847;00-0035535;00-0038117,John Michael Schmitz;Greg Van Roten;Jon Runyan;Jaxson Dart;Cam Skattebo;Jermaine Eluemunor;Andrew Thomas;Daniel Bellinger;Theo Johnson;Darius Slayton;Wan'Dale Robinson,00-0038121;00-0039860;00-0040166;00-0033093;00-0034760;00-0038588;00-0029607;00-0036927;00-0035402;00-0036867;00-0040643,Alontae Taylor;Kool-Aid McKinstry;Quincy Riley;Jonathan Bullard;Nathan Shepherd;Jordan Howden;Demario Davis;Pete Werner;Carl Granderson;Chris Rumph II;Jonas Sanker
2025_05_NYG_NO,3090,run,3.0,61.0,58.0,NYG,3.0,1285.0,61.0,35.0,6:25,5:50,,19.0,14.0,2.0,2.0,"3 CB, 1 DE, 1 DT, 1 FS, 2 ILB, 2 OLB, 1 SS",CB;CB;CB;DE;DT;FS;ILB;ILB;OLB;OLB;SS,11,7,0,,,False,00-0039019;00-0029685;00-0036246;00-0040691;00-0040715;00-0033290;00-0036386;00-0038115;00-0039847;00-0035535;00-0038117,John Michael Schmitz;Greg Van Roten;Jon Runyan;Jaxson Dart;Cam Skattebo;Jermaine Eluemunor;Andrew Thomas;Daniel Bellinger;Theo Johnson;Darius Slayton;Wan'Dale Robinson,00-0038121;00-0039860;00-0040166;00-0033093;00-0034760;00-0038588;00-0029607;00-0036927;00-0035402;00-0036867;00-0040643,Alontae Taylor;Kool-Aid McKinstry;Quincy Riley;Jonathan Bullard;Nathan Shepherd;Jordan Howden;Demario Davis;Pete Werner;Carl Granderson;Chris Rumph II;Jonas Sanker
2025_05_NYG_NO,3112,run,1.0,58.0,57.0,NYG,3.0,1250.0,58.0,44.0,5:50,5:06,,19.0,14.0,1.0,10.0,"3 CB, 1 DE, 1 DT, 1 FS, 2 ILB, 2 OLB, 1 SS",CB;CB;CB;DE;DT;FS;ILB;ILB;OLB;OLB;SS,11,6,4,ZONE_COVERAGE,COVER_9,False,00-0039019;00-0029685;00-0036246;00-0040691;00-0040715;00-0033290;00-0036386;00-0038115;00-0035535;00-0038117;00-0038938,John Michael Schmitz;Greg Van Roten;Jon Runyan;Jaxson Dart;Cam Skattebo;Jermaine Eluemunor;Andrew Thomas;Daniel Bellinger;Darius Slayton;Wan'Dale Robinson;Jalin Hyatt,00-0038121;00-0039860;00-0040166;00-0033093;00-0034760;00-0038588;00-0029607;00-0036927;00-0035402;00-0036867;00-0040643,Alontae Taylor;Kool-Aid McKinstry;Quincy Riley;Jonathan Bullard;Nathan Shepherd;Jordan Howden;Demario Davis;Pete Werner;Carl Granderson;Chris Rumph II;Jonas Sanker
2025_05_NYG_NO,3134,run,2.0,57.0,55.0,NYG,3.0,1206.0,57.0,36.0,5:06,4:30,,19.0,14.0,2.0,9.0,"3 CB, 1 DE, 1 DT, 1 FS, 2 ILB, 2 OLB, 1 SS",CB;CB;CB;DE;DT;FS;ILB;ILB;OLB;OLB;SS,11,6,0,,,False,00-0039019;00-0029685;00-0036246;00-0040691;00-0040715;00-0033290;00-0036386;00-0038115;00-0035535;00-0038117;00-0040432,John Michael Schmitz;Greg Van Roten;Jon Runyan;Jaxson Dart;Cam Skattebo;Jermaine Eluemunor;Andrew Thomas;Daniel Bellinger;Darius Slayton;Wan'Dale Robinson;Beaux Collins,00-0038121;00-0039860;00-0040166;00-0033093;00-0034760;00-0038588;00-0029607;00-0036927;00-0027962;00-0035402;00-0040643,Alontae Taylor;Kool-Aid McKinstry;Quincy Riley;Jonathan Bullard;Nathan Shepherd;Jordan Howden;Demario Davis;Pete Werner;Cameron Jordan;Carl Granderson;Jonas Sanker
2025_05_NYG_NO,3156,pass,12.0,55.0,43.0,NYG,3.0,1170.0,55.0,40.0,4:30,3:50,,19.0,14.0,3.0,7.0,"3 CB, 2 DT, 1 FS, 1 ILB, 3 OLB, 1 SS",CB;CB;CB;DT;DT;FS;ILB;OLB;OLB;OLB;SS,11,5,5,MAN_COVERAGE,2_MAN,False,00-0039019;00-0029685;00-0036246;00-0040691;00-0040715;00-0033290;00-0036386;00-0038115;00-0035535;00-0038117;00-0040432,John Michael Schmitz;Greg Van Roten;Jon Runyan;Jaxson Dart;Cam Skattebo;Jermaine Eluemunor;Andrew Thomas;Daniel Bellinger;Darius Slayton;Wan'Dale Robinson;Beaux Collins,00-0038121;00-0039860;00-0040166;00-0034760;00-0038995;00-0038588;00-0029607;00-0027962;00-0035402;00-0036867;00-0040643,Alontae Taylor;Kool-Aid McKinstry;Quincy Riley;Nathan Shepherd;Bryan Bresee;Jordan Howden;Demario Davis;Cameron Jordan;Carl Granderson;Chris Rumph II;Jonas Sanker
2025_05_NYG_NO,3181,run,2.0,43.0,41.0,NYG,3.0,1130.0,43.0,36.0,3:50,3:14,,19.0,14.0,1.0,10.0,"3 CB, 1 DE, 1 DT, 1 FS, 2 ILB, 2 OLB, 1 SS",CB;CB;CB;DE;DT;FS;ILB;ILB;OLB;OLB;SS,11,7,0,,,False,00-0039019;00-0029685;00-0036246;00-0040691;00-0040715;00-0033290;00-0036386;00-0031484;00-0038115;00-0035535;00-0038117,John Michael Schmitz;Greg Van Roten;Jon Runyan;Jaxson Dart;Cam Skattebo;Jermaine Eluemunor;Andrew Thomas;Chris Manhertz;Daniel Bellinger;Darius Slayton;Wan'Dale Robinson,00-0038121;00-0039860;00-0040166;00-0035944;00-0034760;00-0038588;00-0029607;00-0036927;00-0027962;00-0035402;00-0040643,Alontae Taylor;Kool-Aid McKinstry;Quincy Riley;Jonah Williams;Nathan Shepherd;Jordan Howden;Demario Davis;Pete Werner;Cameron Jordan;Carl Granderson;Jonas Sanker
2025_05_NYG_NO,3203,run,5.0,41.0,36.0,NYG,3.0,1094.0,41.0,43.0,3:14,2:31,,19.0,14.0,2.0,8.0,"3 CB, 1 DE, 1 DT, 1 FS, 2 ILB, 2 OLB, 1 SS",CB;CB;CB;DE;DT;FS;ILB;ILB;OLB;OLB;SS,11,7,0,,,False,00-0039019;00-0029685;00-0036246;00-0040691;00-0040715;00-0033290;00-0036386;00-0031484;00-0038115;00-0035535;00-0038117,John Michael Schmitz;Greg Van Roten;Jon Runyan;Jaxson Dart;Cam Skattebo;Jermaine Eluemunor;Andrew Thomas;Chris Manhertz;Daniel Bellinger;Darius Slayton;Wan'Dale Robinson,00-0038121;00-0039860;00-0040166;00-0035944;00-0038995;00-0038588;00-0029607;00-0036927;00-0027962;00-0035402;00-0040643,Alontae Taylor;Kool-Aid McKinstry;Quincy Riley;Jonah Williams;Bryan Bresee;Jordan Howden;Demario Davis;Pete Werner;Cameron Jordan;Carl Granderson;Jonas Sanker
2025_05_NYG_NO,3225,run,10.0,36.0,26.0,NYG,3.0,1051.0,36.0,38.0,2:31,1:53,,19.0,14.0,3.0,3.0,"3 CB, 1 DE, 1 DT, 1 FS, 2 ILB, 2 OLB, 1 SS",CB;CB;CB;DE;DT;FS;ILB;ILB;OLB;OLB;SS,11,5,0,,,False,00-0039019;00-0029685;00-0036246;00-0040691;00-0035250;00-0033290;00-0036386;00-0039847;00-0035535;00-0038117;00-0038938,John Michael Schmitz;Greg Van Roten;Jon Runyan;Jaxson Dart;Devin Singletary;Jermaine Eluemunor;Andrew Thomas;Theo Johnson;Darius Slayton;Wan'Dale Robinson;Jalin Hyatt,00-0038121;00-0039860;00-0040166;00-0035944;00-0038995;00-0038588;00-0029607;00-0036927;00-0027962;00-0035402;00-0040643,Alontae Taylor;Kool-Aid McKinstry;Quincy Riley;Jonah Williams;Bryan Bresee;Jordan Howden;Demario Davis;Pete Werner;Cameron Jordan;Carl Granderson;Jonas Sanker
2025_05_NYG_NO,3247,run,4.0,26.0,22.0,NYG,3.0,1013.0,26.0,39.0,1:53,1:14,,19.0,14.0,1.0,10.0,"2 CB, 2 DT, 1 FS, 2 ILB, 1 NT, 2 OLB, 1 SS",CB;CB;DT;DT;FS;ILB;ILB;NT;OLB;OLB;SS,11,6,0,,,False,00-0039019;00-0029685;00-0036246;00-0040691;00-0035250;00-0033290;00-0036386;00-0031484;00-0035535;00-0038117;00-0038938,John Michael Schmitz;Greg Van Roten;Jon Runyan;Jaxson Dart;Devin Singletary;Jermaine Eluemunor;Andrew Thomas;Chris Manhertz;Darius Slayton;Wan'Dale Robinson;Jalin Hyatt,00-0038121;00-0039860;00-0034760;00-0038995;00-0038588;00-0029607;00-0036927;00-0033860;00-0027962;00-0035402;00-0040643,Alontae Taylor;Kool-Aid McKinstry;Nathan Shepherd;Bryan Bresee;Jordan Howden;Demario Davis;Pete Werner;Davon Godchaux;Cameron Jordan;Carl Granderson;Jonas Sanker
2025_05_NYG_NO,3269,pass,7.0,22.0,15.0,NYG,3.0,974.0,22.0,36.0,1:14,0:38,,19.0,14.0,2.0,6.0,"3 CB, 1 DT, 1 FS, 2 ILB, 1 NT, 2 OLB, 1 SS",CB;CB;CB;DT;FS;ILB;ILB;NT;OLB;OLB;SS,11,6,3,ZONE_COVERAGE,COVER_3,False,00-0039019;00-0029685;00-0036246;00-0040691;00-0040715;00-0033290;00-0036386;00-0039847;00-0035535;00-0038117;00-0040432,John Michael Schmitz;Greg Van Roten;Jon Runyan;Jaxson Dart;Cam Skattebo;Jermaine Eluemunor;Andrew Thomas;Theo Johnson;Darius Slayton;Wan'Dale Robinson;Beaux Collins,00-0038121;00-0039860;00-0040166;00-0034760;00-0038588;00-0029607;00-0036927;00-0033860;00-0027962;00-0035402;00-0040643,Alontae Taylor;Kool-Aid McKinstry;Quincy Riley;Nathan Shepherd;Jordan Howden;Demario Davis;Pete Werner;Davon Godchaux;Cameron Jordan;Carl Granderson;Jonas Sanker
2025_05_NYG_NO,3294,pass,3.0,15.0,12.0,NYG,3.0,938.0,15.0,38.0,0:38,0:00,,19.0,14.0,1.0,10.0,"3 CB, 1 DT, 1 FS, 2 ILB, 1 NT, 2 OLB, 1 SS",CB;CB;CB;DT;FS;ILB;ILB;NT;OLB;OLB;SS,11,6,3,ZONE_COVERAGE,COVER_3,False,00-0039019;00-0029685;00-0036246;00-0040691;00-0040715;00-0033290;00-0036386;00-0039847;00-0035535;00-0038117;00-0040432,John Michael Schmitz;Greg Van Roten;Jon Runyan;Jaxson Dart;Cam Skattebo;Jermaine Eluemunor;Andrew Thomas;Theo Johnson;Darius Slayton;Wan'Dale Robinson;Beaux Collins,00-0038121;00-0039860;00-0040166;00-0034760;00-0038588;00-0029607;00-0036927;00-0033860;00-0027962;00-0035402;00-0040643,Alontae Taylor;Kool-Aid McKinstry;Quincy Riley;Nathan Shepherd;Jordan Howden;Demario Davis;Pete Werner;Davon Godchaux;Cameron Jordan;Carl Granderson;Jonas Sanker
2025_05_NYG_NO,3319,start_quarter_4,,,,NYG,3.0,900.0,,0.0,0:00,0:00,,19.0,14.0,,0.0,,,,,,,,,,,,
2025_05_NYG_NO,3339,turnover,-2.0,12.0,14.0,NYG,4.0,900.0,12.0,13.0,15:00,14:47,,25.0,14.0,2.0,7.0,"3 CB, 2 DT, 1 FS, 2 ILB, 2 OLB, 1 SS",CB;CB;CB;DT;DT;FS;ILB;ILB;OLB;OLB;SS,11,6,0,,,False,00-0039019;00-0029685;00-0036246;00-0040691;00-0040715;00-0033290;00-0036386;00-0039847;00-0035535;00-0038117;00-0040432,John Michael Schmitz;Greg Van Roten;Jon Runyan;Jaxson Dart;Cam Skattebo;Jermaine Eluemunor;Andrew Thomas;Theo Johnson;Darius Slayton;Wan'Dale Robinson;Beaux Collins,00-0038121;00-0039860;00-0040166;00-0034760;00-0038995;00-0038588;00-0029607;00-0036927;00-0027962;00-0035402;00-0040643,Alontae Taylor;Kool-Aid McKinstry;Quincy Riley;Nathan Shepherd;Bryan Bresee;Jordan Howden;Demario Davis;Pete Werner;Cameron Jordan;Carl Granderson;Jonas Sanker
2025_05_NYG_NO,3378,extra_point,0.0,15.0,15.0,NO,4.0,887.0,15.0,0.0,14:47,14:47,,26.0,14.0,,0.0,"2 CB, 1 DE, 2 DT, 2 ILB, 1 NT, 1 OLB, 2 SS",CB;CB;DE;DT;DT;ILB;ILB;NT;OLB;SS;SS,11,0,0,,,False,00-0037814;00-0035944;00-0036619;00-0040541;00-0038905;00-0033063;00-0040654;00-0038601;00-0039339;00-0040125;00-0034981,Luke Fortner;Jonah Williams;Dillon Radunz;Torricelli Simpkins III;Blake Grupe;Zach Wood;Kai Kroeger;Asim Richards;Taliese Fuaga;Kelvin Banks Jr.;Foster Moreau,00-0039000;00-0038788;00-0036982;00-0032667;00-0037260;00-0031740;00-0035687;00-0031957;00-0037611;00-0038123;00-0039861,Deonte Banks;Art Green;Chauncey Golston;Roy Robertson-Harris;DJ Davidson;Neville Hewitt;Bobby Okereke;Rakeem Nunez-Roches;Kayvon Thibodeaux;Dane Belton;Tyler Nubin
2025_05_NYG_NO,3393,kickoff,0.0,35.0,35.0,NYG,4.0,887.0,35.0,7.0,14:47,14:40,,26.0,14.0,,0.0,"1 CB, 2 FS, 3 ILB, 1 K, 2 OLB, 1 RB, 1 WR",CB;FS;FS;ILB;ILB;ILB;K;OLB;OLB;RB;WR,11,0,0,,,False,00-0039000;00-0038788;00-0036982;00-0039241;00-0031740;00-0039829;00-0038123;00-0031484;00-0040225;00-0035645;00-0040432,Deonte Banks;Art Green;Chauncey Golston;Beau Brade;Neville Hewitt;Darius Muasau;Dane Belton;Chris Manhertz;Thomas Fidone II;Gunner Olszewski;Beaux Collins,00-0038781;00-0035142;00-0036421;00-0039388;00-0039622;00-0040155;00-0038905;00-0036867;00-0038782;00-0037745;00-0039623,Rejzohn Wright;Ugo Amadi;Terrell Burgess;Jaylan Ford;Isaiah Stalbird;Danny Stutsman;Blake Grupe;Chris Rumph II;Eku Leota;Velus Jones Jr.;Mason Tipton
2025_05_NYG_NO,3423,pass,3.0,53.0,50.0,NYG,4.0,880.0,53.0,29.0,14:40,14:11,,26.0,14.0,1.0,10.0,"3 CB, 2 DT, 1 FS, 2 ILB, 2 OLB, 1 SS",CB;CB;CB;DT;DT;FS;ILB;ILB;OLB;OLB;SS,11,6,4,MAN_COVERAGE,COVER_1,False,00-0039019;00-0029685;00-0036246;00-0040691;00-0040715;00-0033290;00-0036386;00-0038115;00-0035535;00-0038117;00-0038938,John Michael Schmitz;Greg Van Roten;Jon Runyan;Jaxson Dart;Cam Skattebo;Jermaine Eluemunor;Andrew Thomas;Daniel Bellinger;Darius Slayton;Wan'Dale Robinson;Jalin Hyatt,00-0038121;00-0039860;00-0040166;00-0034760;00-0038995;00-0036421;00-0029607;00-0036927;00-0035402;00-0036867;00-0040643,Alontae Taylor;Kool-Aid McKinstry;Quincy Riley;Nathan Shepherd;Bryan Bresee;Terrell Burgess;Demario Davis;Pete Werner;Carl Granderson;Chris Rumph II;Jonas Sanker
2025_05_NYG_NO,3448,run,3.0,50.0,47.0,NYG,4.0,851.0,50.0,43.0,14:11,13:28,,26.0,14.0,2.0,7.0,"3 CB, 2 DT, 1 FS, 2 ILB, 2 OLB, 1 SS",CB;CB;CB;DT;DT;FS;ILB;ILB;OLB;OLB;SS,11,7,0,,,False,00-0039019;00-0029685;00-0036246;00-0040691;00-0040715;00-0033290;00-0036386;00-0038115;00-0035535;00-0038117;00-0040432,John Michael Schmitz;Greg Van Roten;Jon Runyan;Jaxson Dart;Cam Skattebo;Jermaine Eluemunor;Andrew Thomas;Daniel Bellinger;Darius Slayton;Wan'Dale Robinson;Beaux Collins,00-0038121;00-0039860;00-0040166;00-0034760;00-0038995;00-0036421;00-0029607;00-0036927;00-0035402;00-0036867;00-0040643,Alontae Taylor;Kool-Aid McKinstry;Quincy Riley;Nathan Shepherd;Bryan Bresee;Terrell Burgess;Demario Davis;Pete Werner;Carl Granderson;Chris Rumph II;Jonas Sanker
2025_05_NYG_NO,3470,run,3.0,47.0,44.0,NYG,4.0,808.0,47.0,38.0,13:28,12:50,,26.0,14.0,3.0,4.0,"3 CB, 1 DE, 1 DT, 1 FS, 1 ILB, 3 OLB, 1 SS",CB;CB;CB;DE;DT;FS;ILB;OLB;OLB;OLB;SS,11,7,0,,,False,00-0039019;00-0029685;00-0036246;00-0040691;00-0040715;00-0033290;00-0036386;00-0038115;00-0035535;00-0038117;00-0040432,John Michael Schmitz;Greg Van Roten;Jon Runyan;Jaxson Dart;Cam Skattebo;Jermaine Eluemunor;Andrew Thomas;Daniel Bellinger;Darius Slayton;Wan'Dale Robinson;Beaux Collins,00-0038121;00-0039860;00-0040166;00-0035944;00-0034760;00-0036421;00-0029607;00-0027962;00-0035402;00-0036867;00-0040643,Alontae Taylor;Kool-Aid McKinstry;Quincy Riley;Jonah Williams;Nathan Shepherd;Terrell Burgess;Demario Davis;Cameron Jordan;Carl Granderson;Chris Rumph II;Jonas Sanker
2025_05_NYG_NO,3492,run,2.0,44.0,42.0,NYG,4.0,770.0,44.0,41.0,12:50,12:09,,26.0,14.0,4.0,1.0,"2 CB, 1 DE, 2 DT, 1 FS, 1 ILB, 1 NT, 2 OLB, 1 SS",CB;CB;DE;DT;DT;FS;ILB;NT;OLB;OLB;SS,11,9,0,,,False,00-0039019;00-0029685;00-0036246;00-0040691;00-0035250;00-0033290;00-0036386;00-0031484;00-0038115;00-0039847;00-0035535,John Michael Schmitz;Greg Van Roten;Jon Runyan;Jaxson Dart;Devin Singletary;Jermaine Eluemunor;Andrew Thomas;Chris Manhertz;Daniel Bellinger;Theo Johnson;Darius Slayton,00-0038121;00-0039860;00-0035944;00-0034760;00-0038995;00-0036421;00-0029607;00-0033860;00-0027962;00-0035402;00-0040643,Alontae Taylor;Kool-Aid McKinstry;Jonah Williams;Nathan Shepherd;Bryan Bresee;Terrell Burgess;Demario Davis;Davon Godchaux;Cameron Jordan;Carl Granderson;Jonas Sanker
2025_05_NYG_NO,3514,no_play,0.0,42.0,42.0,NYG,4.0,729.0,42.0,0.0,12:09,12:09,,26.0,14.0,1.0,10.0,"3 CB, 1 DE, 1 FS, 2 ILB, 1 NT, 2 OLB, 1 SS",CB;CB;CB;DE;FS;ILB;ILB;NT;OLB;OLB;SS,11,0,0,,,False,00-0039019;00-0029685;00-0036246;00-0040691;00-0035250;00-0033290;00-0036386;00-0038115;00-0039847;00-0035535;00-0038117,John Michael Schmitz;Greg Van Roten;Jon Runyan;Jaxson Dart;Devin Singletary;Jermaine Eluemunor;Andrew Thomas;Daniel Bellinger;Theo Johnson;Darius Slayton;Wan'Dale Robinson,00-0038121;00-0039860;00-0040166;00-0035944;00-0038588;00-0029607;00-0036927;00-0033860;00-0027962;00-0035402;00-0040643,Alontae Taylor;Kool-Aid McKinstry;Quincy Riley;Jonah Williams;Jordan Howden;Demario Davis;Pete Werner;Davon Godchaux;Cameron Jordan;Carl Granderson;Jonas Sanker
2025_05_NYG_NO,3538,pass,5.0,47.0,42.0,NYG,4.0,729.0,47.0,39.0,12:09,11:30,,26.0,14.0,1.0,15.0,"3 CB, 1 DE, 1 FS, 2 ILB, 1 NT, 2 OLB, 1 SS",CB;CB;CB;DE;FS;ILB;ILB;NT;OLB;OLB;SS,11,6,4,ZONE_COVERAGE,COVER_3,False,00-0039019;00-0029685;00-0036246;00-0040691;00-0035250;00-0033290;00-0036386;00-0039847;00-0035535;00-0038117;00-0040432,John Michael Schmitz;Greg Van Roten;Jon Runyan;Jaxson Dart;Devin Singletary;Jermaine Eluemunor;Andrew Thomas;Theo Johnson;Darius Slayton;Wan'Dale Robinson;Beaux Collins,00-0038121;00-0039860;00-0040166;00-0035944;00-0038588;00-0029607;00-0036927;00-0033860;00-0027962;00-0035402;00-0040643,Alontae Taylor;Kool-Aid McKinstry;Quincy Riley;Jonah Williams;Jordan Howden;Demario Davis;Pete Werner;Davon Godchaux;Cameron Jordan;Carl Granderson;Jonas Sanker
2025_05_NYG_NO,3568,pass,2.0,42.0,40.0,NYG,4.0,690.0,42.0,27.0,11:30,11:03,,26.0,14.0,2.0,10.0,"3 CB, 1 DE, 1 FS, 2 ILB, 1 NT, 2 OLB, 1 SS",CB;CB;CB;DE;FS;ILB;ILB;NT;OLB;OLB;SS,11,6,4,ZONE_COVERAGE,COVER_2,False,00-0039019;00-0029685;00-0036246;00-0040691;00-0035250;00-0033290;00-0036386;00-0039847;00-0035535;00-0038117;00-0040432,John Michael Schmitz;Greg Van Roten;Jon Runyan;Jaxson Dart;Devin Singletary;Jermaine Eluemunor;Andrew Thomas;Theo Johnson;Darius Slayton;Wan'Dale Robinson;Beaux Collins,00-0038121;00-0039860;00-0040166;00-0035944;00-0038588;00-0029607;00-0036927;00-0033860;00-0027962;00-0035402;00-0040643,Alontae Taylor;Kool-Aid McKinstry;Quincy Riley;Jonah Williams;Jordan Howden;Demario Davis;Pete Werner;Davon Godchaux;Cameron Jordan;Carl Granderson;Jonas Sanker
2025_05_NYG_NO,3604,pass,0.0,50.0,50.0,NYG,4.0,663.0,50.0,7.0,11:03,10:56,,26.0,14.0,2.0,18.0,"3 CB, 1 DT, 1 FS, 2 ILB, 3 OLB, 1 SS",CB;CB;CB;DT;FS;ILB;ILB;OLB;OLB;OLB;SS,11,6,4,ZONE_COVERAGE,COVER_4,True,00-0039019;00-0029685;00-0036246;00-0040691;00-0035250;00-0033290;00-0036386;00-0039847;00-0035535;00-0038117;00-0040432,John Michael Schmitz;Greg Van Roten;Jon Runyan;Jaxson Dart;Devin Singletary;Jermaine Eluemunor;Andrew Thomas;Theo Johnson;Darius Slayton;Wan'Dale Robinson;Beaux Collins,00-0038121;00-0039860;00-0040166;00-0038995;00-0038588;00-0029607;00-0036927;00-0027962;00-0035402;00-0036867;00-0040643,Alontae Taylor;Kool-Aid McKinstry;Quincy Riley;Bryan Bresee;Jordan Howden;Demario Davis;Pete Werner;Cameron Jordan;Carl Granderson;Chris Rumph II;Jonas Sanker
2025_05_NYG_NO,3638,pass,12.0,50.0,38.0,NYG,4.0,656.0,50.0,50.0,10:56,10:06,,26.0,14.0,3.0,18.0,"3 CB, 1 DT, 1 FS, 2 ILB, 3 OLB, 1 SS",CB;CB;CB;DT;FS;ILB;ILB;OLB;OLB;OLB;SS,11,6,4,ZONE_COVERAGE,COVER_4,False,00-0039019;00-0029685;00-0036246;00-0040691;00-0035250;00-0033290;00-0036386;00-0039847;00-0038117;00-0038938;00-0040432,John Michael Schmitz;Greg Van Roten;Jon Runyan;Jaxson Dart;Devin Singletary;Jermaine Eluemunor;Andrew Thomas;Theo Johnson;Wan'Dale Robinson;Jalin Hyatt;Beaux Collins,00-0038121;00-0039860;00-0040166;00-0038995;00-0038588;00-0029607;00-0036927;00-0027962;00-0035402;00-0036867;00-0040643,Alontae Taylor;Kool-Aid McKinstry;Quincy Riley;Bryan Bresee;Jordan Howden;Demario Davis;Pete Werner;Cameron Jordan;Carl Granderson;Chris Rumph II;Jonas Sanker
2025_05_NYG_NO,3663,turnover,0.0,38.0,38.0,NYG,4.0,606.0,38.0,9.0,10:06,9:57,,26.0,14.0,4.0,6.0,"3 CB, 1 DT, 1 FS, 2 ILB, 3 OLB, 1 SS",CB;CB;CB;DT;FS;ILB;ILB;OLB;OLB;OLB;SS,11,5,5,ZONE_COVERAGE,COVER_3,True,00-0039019;00-0029685;00-0036246;00-0040691;00-0035250;00-0033290;00-0036386;00-0039847;00-0038117;00-0038938;00-0040432,John Michael Schmitz;Greg Van Roten;Jon Runyan;Jaxson Dart;Devin Singletary;Jermaine Eluemunor;Andrew Thomas;Theo Johnson;Wan'Dale Robinson;Jalin Hyatt;Beaux Collins,00-0038121;00-0039860;00-0040166;00-0038995;00-0038588;00-0029607;00-0036927;00-0027962;00-0035402;00-0036867;00-0040643,Alontae Taylor;Kool-Aid McKinstry;Quincy Riley;Bryan Bresee;Jordan Howden;Demario Davis;Pete Werner;Cameron Jordan;Carl Granderson;Chris Rumph II;Jonas Sanker
2025_05_NYG_NO,3700,run,7.0,95.0,88.0,NO,4.0,597.0,95.0,41.0,9:57,9:16,,26.0,14.0,1.0,10.0,"2 CB, 1 DT, 1 FS, 2 ILB, 2 NT, 2 OLB, 1 SS",CB;CB;DT;FS;ILB;ILB;NT;NT;OLB;OLB;SS,11,7,0,,,False,00-0035242;00-0037241;00-0040541;00-0039376;00-0038551;00-0039339;00-0040125;00-0034981;00-0036040;00-0036741;00-0039424,Erik McCoy;Trevor Penning;Torricelli Simpkins III;Spencer Rattler;Kendre Miller;Taliese Fuaga;Kelvin Banks Jr.;Foster Moreau;Juwan Johnson;Jack Stoll;Devaughn Vele,00-0036937;00-0037758;00-0032667;00-0036998;00-0035687;00-0039829;00-0031957;00-0035683;00-0035713;00-0037611;00-0039861,Paulson Adebo;Cordale Flott;Roy Robertson-Harris;Jevon Holland;Bobby Okereke;Darius Muasau;Rakeem Nunez-Roches;Dexter Lawrence;Brian Burns;Kayvon Thibodeaux;Tyler Nubin
2025_05_NYG_NO,3729,run,11.0,88.0,77.0,NO,4.0,556.0,88.0,42.0,9:16,8:34,,26.0,14.0,2.0,3.0,"2 CB, 1 DT, 1 FS, 2 ILB, 2 NT, 2 OLB, 1 SS",CB;CB;DT;FS;ILB;ILB;NT;NT;OLB;OLB;SS,11,8,0,,,False,00-0035242;00-0037241;00-0040541;00-0039376;00-0038551;00-0039339;00-0040125;00-0034981;00-0036040;00-0036741;00-0039623,Erik McCoy;Trevor Penning;Torricelli Simpkins III;Spencer Rattler;Kendre Miller;Taliese Fuaga;Kelvin Banks Jr.;Foster Moreau;Juwan Johnson;Jack Stoll;Mason Tipton,00-0036937;00-0037758;00-0032667;00-0036998;00-0035687;00-0039829;00-0031957;00-0035683;00-0035713;00-0037611;00-0039861,Paulson Adebo;Cordale Flott;Roy Robertson-Harris;Jevon Holland;Bobby Okereke;Darius Muasau;Rakeem Nunez-Roches;Dexter Lawrence;Brian Burns;Kayvon Thibodeaux;Tyler Nubin
2025_05_NYG_NO,3751,run,6.0,77.0,71.0,NO,4.0,514.0,77.0,38.0,8:34,7:56,,26.0,14.0,1.0,10.0,"2 CB, 1 DT, 1 FS, 2 ILB, 2 NT, 2 OLB, 1 SS",CB;CB;DT;FS;ILB;ILB;NT;NT;OLB;OLB;SS,11,7,0,,,False,00-0035242;00-0037241;00-0040541;00-0039376;00-0038551;00-0039339;00-0040125;00-0034981;00-0036040;00-0036741;00-0039424,Erik McCoy;Trevor Penning;Torricelli Simpkins III;Spencer Rattler;Kendre Miller;Taliese Fuaga;Kelvin Banks Jr.;Foster Moreau;Juwan Johnson;Jack Stoll;Devaughn Vele,00-0036937;00-0037758;00-0032667;00-0036998;00-0035687;00-0039829;00-0031957;00-0035683;00-0035713;00-0037611;00-0039861,Paulson Adebo;Cordale Flott;Roy Robertson-Harris;Jevon Holland;Bobby Okereke;Darius Muasau;Rakeem Nunez-Roches;Dexter Lawrence;Brian Burns;Kayvon Thibodeaux;Tyler Nubin
2025_05_NYG_NO,3773,run,3.0,71.0,68.0,NO,4.0,476.0,71.0,36.0,7:56,7:20,,26.0,14.0,2.0,4.0,"2 CB, 1 DT, 1 FS, 2 ILB, 2 NT, 2 OLB, 1 SS",CB;CB;DT;FS;ILB;ILB;NT;NT;OLB;OLB;SS,11,7,0,,,False,00-0035242;00-0037241;00-0040541;00-0039376;00-0033906;00-0039339;00-0040125;00-0034981;00-0036040;00-0036741;00-0039623,Erik McCoy;Trevor Penning;Torricelli Simpkins III;Spencer Rattler;Alvin Kamara;Taliese Fuaga;Kelvin Banks Jr.;Foster Moreau;Juwan Johnson;Jack Stoll;Mason Tipton,00-0036937;00-0037758;00-0032667;00-0036998;00-0035687;00-0039829;00-0031957;00-0035683;00-0035713;00-0037611;00-0039861,Paulson Adebo;Cordale Flott;Roy Robertson-Harris;Jevon Holland;Bobby Okereke;Darius Muasau;Rakeem Nunez-Roches;Dexter Lawrence;Brian Burns;Kayvon Thibodeaux;Tyler Nubin
2025_05_NYG_NO,3795,run,0.0,68.0,68.0,NO,4.0,440.0,68.0,43.0,7:20,6:37,,26.0,14.0,3.0,1.0,"2 CB, 1 DT, 1 FS, 2 ILB, 2 NT, 2 OLB, 1 SS",CB;CB;DT;FS;ILB;ILB;NT;NT;OLB;OLB;SS,11,7,0,,,False,00-0035242;00-0037241;00-0040541;00-0033357;00-0039376;00-0039339;00-0040125;00-0034981;00-0036040;00-0036741;00-0039424,Erik McCoy;Trevor Penning;Torricelli Simpkins III;Taysom Hill;Spencer Rattler;Taliese Fuaga;Kelvin Banks Jr.;Foster Moreau;Juwan Johnson;Jack Stoll;Devaughn Vele,00-0036937;00-0037758;00-0032667;00-0036998;00-0035687;00-0039829;00-0031957;00-0035683;00-0035713;00-0037611;00-0039861,Paulson Adebo;Cordale Flott;Roy Robertson-Harris;Jevon Holland;Bobby Okereke;Darius Muasau;Rakeem Nunez-Roches;Dexter Lawrence;Brian Burns;Kayvon Thibodeaux;Tyler Nubin
2025_05_NYG_NO,3817,punt,0.0,68.0,68.0,NO,4.0,397.0,68.0,7.0,6:37,6:30,,26.0,14.0,4.0,1.0,"3 CB, 1 DE, 1 DT, 1 FS, 1 ILB, 1 NT, 1 OLB, 1 SS, 1 WR",CB;CB;CB;DE;DT;FS;ILB;NT;OLB;SS;WR,11,0,0,,,False,00-0035944;00-0035142;00-0039388;00-0039622;00-0040155;00-0033063;00-0036867;00-0040654;00-0033357;00-0037745;00-0036741,Jonah Williams;Ugo Amadi;Jaylan Ford;Isaiah Stalbird;Danny Stutsman;Zach Wood;Chris Rumph II;Kai Kroeger;Taysom Hill;Velus Jones Jr.;Jack Stoll,00-0039000;00-0038986;00-0038788;00-0036982;00-0037260;00-0039241;00-0031740;00-0031957;00-0040677;00-0038123;00-0035645,Deonte Banks;Nic Jones;Art Green;Chauncey Golston;DJ Davidson;Beau Brade;Neville Hewitt;Rakeem Nunez-Roches;Abdul Carter;Dane Belton;Gunner Olszewski
2025_05_NYG_NO,3855,pass,0.0,64.0,64.0,NYG,4.0,390.0,64.0,6.0,6:30,6:24,,26.0,14.0,1.0,10.0,"3 CB, 2 DE, 1 FS, 2 ILB, 2 OLB, 1 SS",CB;CB;CB;DE;DE;FS;ILB;ILB;OLB;OLB;SS,11,6,4,ZONE_COVERAGE,COVER_6,False,00-0039019;00-0029685;00-0036246;00-0040691;00-0040715;00-0033290;00-0036386;00-0038115;00-0039847;00-0038117;00-0038938,John Michael Schmitz;Greg Van Roten;Jon Runyan;Jaxson Dart;Cam Skattebo;Jermaine Eluemunor;Andrew Thomas;Daniel Bellinger;Theo Johnson;Wan'Dale Robinson;Jalin Hyatt,00-0038121;00-0039860;00-0040166;00-0033093;00-0035944;00-0038588;00-0029607;00-0036927;00-0027962;00-0035402;00-0040643,Alontae Taylor;Kool-Aid McKinstry;Quincy Riley;Jonathan Bullard;Jonah Williams;Jordan Howden;Demario Davis;Pete Werner;Cameron Jordan;Carl Granderson;Jonas Sanker
2025_05_NYG_NO,3885,pass,7.0,64.0,57.0,NYG,4.0,384.0,64.0,26.0,6:24,5:58,,26.0,14.0,2.0,10.0,"3 CB, 1 DT, 1 FS, 2 ILB, 3 OLB, 1 SS",CB;CB;CB;DT;FS;ILB;ILB;OLB;OLB;OLB;SS,11,6,4,ZONE_COVERAGE,COVER_3,False,00-0039019;00-0029685;00-0036246;00-0040691;00-0040715;00-0033290;00-0036386;00-0039847;00-0038117;00-0038938;00-0040432,John Michael Schmitz;Greg Van Roten;Jon Runyan;Jaxson Dart;Cam Skattebo;Jermaine Eluemunor;Andrew Thomas;Theo Johnson;Wan'Dale Robinson;Jalin Hyatt;Beaux Collins,00-0038121;00-0039860;00-0040166;00-0038995;00-0038588;00-0029607;00-0036927;00-0027962;00-0035402;00-0036867;00-0040643,Alontae Taylor;Kool-Aid McKinstry;Quincy Riley;Bryan Bresee;Jordan Howden;Demario Davis;Pete Werner;Cameron Jordan;Carl Granderson;Chris Rumph II;Jonas Sanker
2025_05_NYG_NO,3910,pass,0.0,57.0,57.0,NYG,4.0,358.0,57.0,5.0,5:58,5:53,,26.0,14.0,3.0,3.0,"3 CB, 1 DT, 1 FS, 2 ILB, 3 OLB, 1 SS",CB;CB;CB;DT;FS;ILB;ILB;OLB;OLB;OLB;SS,11,6,4,ZONE_COVERAGE,COVER_3,True,00-0039019;00-0029685;00-0036246;00-0040691;00-0040715;00-0033290;00-0036386;00-0039847;00-0038117;00-0038938;00-0040432,John Michael Schmitz;Greg Van Roten;Jon Runyan;Jaxson Dart;Cam Skattebo;Jermaine Eluemunor;Andrew Thomas;Theo Johnson;Wan'Dale Robinson;Jalin Hyatt;Beaux Collins,00-0038121;00-0039860;00-0040166;00-0038995;00-0038588;00-0029607;00-0036927;00-0027962;00-0035402;00-0036867;00-0040643,Alontae Taylor;Kool-Aid McKinstry;Quincy Riley;Bryan Bresee;Jordan Howden;Demario Davis;Pete Werner;Cameron Jordan;Carl Granderson;Chris Rumph II;Jonas Sanker
2025_05_NYG_NO,3933,run,6.0,57.0,51.0,NYG,4.0,353.0,57.0,29.0,5:53,5:24,,26.0,14.0,4.0,3.0,"3 CB, 1 DT, 1 FS, 2 ILB, 3 OLB, 1 SS",CB;CB;CB;DT;FS;ILB;ILB;OLB;OLB;OLB;SS,11,6,5,ZONE_COVERAGE,COVER_3,False,00-0039019;00-0029685;00-0036246;00-0040691;00-0040715;00-0033290;00-0036386;00-0039847;00-0038117;00-0038938;00-0040432,John Michael Schmitz;Greg Van Roten;Jon Runyan;Jaxson Dart;Cam Skattebo;Jermaine Eluemunor;Andrew Thomas;Theo Johnson;Wan'Dale Robinson;Jalin Hyatt;Beaux Collins,00-0038121;00-0039860;00-0040166;00-0038995;00-0038588;00-0029607;00-0036927;00-0027962;00-0035402;00-0036867;00-0040643,Alontae Taylor;Kool-Aid McKinstry;Quincy Riley;Bryan Bresee;Jordan Howden;Demario Davis;Pete Werner;Cameron Jordan;Carl Granderson;Chris Rumph II;Jonas Sanker
2025_05_NYG_NO,3955,no_play,0.0,51.0,51.0,NYG,4.0,324.0,51.0,6.0,5:24,5:18,,26.0,14.0,1.0,10.0,"3 CB, 1 DT, 1 FS, 2 ILB, 3 OLB, 1 SS",CB;CB;CB;DT;FS;ILB;ILB;OLB;OLB;OLB;SS,11,6,4,ZONE_COVERAGE,COVER_3,False,00-0039019;00-0029685;00-0036246;00-0040691;00-0035250;00-0033290;00-0036386;00-0039847;00-0038117;00-0038938;00-0040432,John Michael Schmitz;Greg Van Roten;Jon Runyan;Jaxson Dart;Devin Singletary;Jermaine Eluemunor;Andrew Thomas;Theo Johnson;Wan'Dale Robinson;Jalin Hyatt;Beaux Collins,00-0038121;00-0039860;00-0040166;00-0034760;00-0038588;00-0029607;00-0036927;00-0027962;00-0035402;00-0036867;00-0040643,Alontae Taylor;Kool-Aid McKinstry;Quincy Riley;Nathan Shepherd;Jordan Howden;Demario Davis;Pete Werner;Cameron Jordan;Carl Granderson;Chris Rumph II;Jonas Sanker
2025_05_NYG_NO,3989,pass,0.0,61.0,61.0,NYG,4.0,318.0,61.0,7.0,5:18,5:11,,26.0,14.0,1.0,20.0,"3 CB, 1 DT, 1 FS, 2 ILB, 3 OLB, 1 SS",CB;CB;CB;DT;FS;ILB;ILB;OLB;OLB;OLB;SS,11,6,4,ZONE_COVERAGE,COVER_2,False,00-0039019;00-0029685;00-0036246;00-0040691;00-0035250;00-0033290;00-0036386;00-0038115;00-0038117;00-0038938;00-0040432,John Michael Schmitz;Greg Van Roten;Jon Runyan;Jaxson Dart;Devin Singletary;Jermaine Eluemunor;Andrew Thomas;Daniel Bellinger;Wan'Dale Robinson;Jalin Hyatt;Beaux Collins,00-0038121;00-0039860;00-0040166;00-0034760;00-0038588;00-0029607;00-0036927;00-0027962;00-0035402;00-0036867;00-0040643,Alontae Taylor;Kool-Aid McKinstry;Quincy Riley;Nathan Shepherd;Jordan Howden;Demario Davis;Pete Werner;Cameron Jordan;Carl Granderson;Chris Rumph II;Jonas Sanker
2025_05_NYG_NO,4012,turnover,0.0,61.0,61.0,NYG,4.0,311.0,61.0,4.0,5:11,5:07,,26.0,14.0,2.0,20.0,"3 CB, 1 DT, 1 FS, 2 ILB, 3 OLB, 1 SS",CB;CB;CB;DT;FS;ILB;ILB;OLB;OLB;OLB;SS,11,6,5,ZONE_COVERAGE,COVER_9,False,00-0039019;00-0029685;00-0036246;00-0040691;00-0040715;00-0033290;00-0036386;00-0038115;00-0038117;00-0038938;00-0040432,John Michael Schmitz;Greg Van Roten;Jon Runyan;Jaxson Dart;Cam Skattebo;Jermaine Eluemunor;Andrew Thomas;Daniel Bellinger;Wan'Dale Robinson;Jalin Hyatt;Beaux Collins,00-0038121;00-0039860;00-0040166;00-0034760;00-0038588;00-0029607;00-0036927;00-0027962;00-0035402;00-0036867;00-0040643,Alontae Taylor;Kool-Aid McKinstry;Quincy Riley;Nathan Shepherd;Jordan Howden;Demario Davis;Pete Werner;Cameron Jordan;Carl Granderson;Chris Rumph II;Jonas Sanker
2025_05_NYG_NO,4039,run,-1.0,45.0,46.0,NO,4.0,307.0,45.0,5.0,5:07,5:02,,26.0,14.0,1.0,10.0,"2 CB, 2 DT, 1 FS, 2 ILB, 1 NT, 2 OLB, 1 SS",CB;CB;DT;DT;FS;ILB;ILB;NT;OLB;OLB;SS,11,6,0,,,False,00-0035242;00-0037241;00-0040541;00-0033357;00-0038551;00-0039339;00-0040125;00-0034981;00-0036741;00-0037239;00-0037545,Erik McCoy;Trevor Penning;Torricelli Simpkins III;Taysom Hill;Kendre Miller;Taliese Fuaga;Kelvin Banks Jr.;Foster Moreau;Jack Stoll;Chris Olave;Rashid Shaheed,00-0036937;00-0037758;00-0032667;00-0037260;00-0036998;00-0035687;00-0039829;00-0031957;00-0035713;00-0037611;00-0039861,Paulson Adebo;Cordale Flott;Roy Robertson-Harris;DJ Davidson;Jevon Holland;Bobby Okereke;Darius Muasau;Rakeem Nunez-Roches;Brian Burns;Kayvon Thibodeaux;Tyler Nubin
2025_05_NYG_NO,4061,run,1.0,46.0,45.0,NO,4.0,302.0,46.0,0.0,5:02,5:02,,26.0,14.0,2.0,11.0,"2 CB, 2 DT, 1 FS, 2 ILB, 1 NT, 2 OLB, 1 SS",CB;CB;DT;DT;FS;ILB;ILB;NT;OLB;OLB;SS,11,9,0,,,False,00-0035242;00-0037241;00-0040541;00-0039376;00-0038551;00-0039339;00-0040125;00-0034981;00-0036040;00-0036741;00-0039424,Erik McCoy;Trevor Penning;Torricelli Simpkins III;Spencer Rattler;Kendre Miller;Taliese Fuaga;Kelvin Banks Jr.;Foster Moreau;Juwan Johnson;Jack Stoll;Devaughn Vele,00-0036937;00-0037758;00-0032667;00-0037260;00-0036998;00-0035687;00-0039829;00-0031957;00-0035713;00-0037611;00-0039861,Paulson Adebo;Cordale Flott;Roy Robertson-Harris;DJ Davidson;Jevon Holland;Bobby Okereke;Darius Muasau;Rakeem Nunez-Roches;Brian Burns;Kayvon Thibodeaux;Tyler Nubin
2025_05_NYG_NO,4073,timeout,0.0,,,,4.0,302.0,,4.0,5:02,4:58,NYG,26.0,14.0,,0.0,,,,,,,,,,,,
2025_05_NYG_NO,4090,pass,5.0,45.0,40.0,NO,4.0,298.0,45.0,0.0,4:58,4:58,,26.0,14.0,3.0,10.0,"3 CB, 1 DT, 1 FS, 2 ILB, 1 NT, 2 OLB, 1 SS",CB;CB;CB;DT;FS;ILB;ILB;NT;OLB;OLB;SS,11,6,4,MAN_COVERAGE,COVER_1,False,00-0035242;00-0037241;00-0040541;00-0039376;00-0033906;00-0039339;00-0040125;00-0036040;00-0031236;00-0037239;00-0037545,Erik McCoy;Trevor Penning;Torricelli Simpkins III;Spencer Rattler;Alvin Kamara;Taliese Fuaga;Kelvin Banks Jr.;Juwan Johnson;Brandin Cooks;Chris Olave;Rashid Shaheed,00-0036937;00-0037758;00-0039821;00-0040694;00-0036998;00-0035687;00-0039829;00-0035683;00-0035713;00-0037611;00-0039861,Paulson Adebo;Cordale Flott;Andru Phillips;Darius Alexander;Jevon Holland;Bobby Okereke;Darius Muasau;Dexter Lawrence;Brian Burns;Kayvon Thibodeaux;Tyler Nubin
2025_05_NYG_NO,4102,timeout,0.0,,,,4.0,298.0,,46.0,4:58,4:12,NYG,26.0,14.0,,0.0,,,,,,,,,,,,
2025_05_NYG_NO,4122,pass,8.0,40.0,32.0,NO,4.0,252.0,40.0,0.0,4:12,4:12,,26.0,14.0,4.0,5.0,"3 CB, 1 FS, 1 ILB, 1 NT, 3 OLB, 2 SS",CB;CB;CB;FS;ILB;NT;OLB;OLB;OLB;SS;SS,11,6,6,MAN_COVERAGE,COVER_1,False,00-0035242;00-0037241;00-0040541;00-0039376;00-0033906;00-0039339;00-0040125;00-0036040;00-0031236;00-0037239;00-0037545,Erik McCoy;Trevor Penning;Torricelli Simpkins III;Spencer Rattler;Alvin Kamara;Taliese Fuaga;Kelvin Banks Jr.;Juwan Johnson;Brandin Cooks;Chris Olave;Rashid Shaheed,00-0036937;00-0039000;00-0039821;00-0036998;00-0035687;00-0035683;00-0035713;00-0037611;00-0040677;00-0038123;00-0039861,Paulson Adebo;Deonte Banks;Andru Phillips;Jevon Holland;Bobby Okereke;Dexter Lawrence;Brian Burns;Kayvon Thibodeaux;Abdul Carter;Dane Belton;Tyler Nubin
2025_05_NYG_NO,4134,timeout,0.0,,,,4.0,252.0,,6.0,4:12,4:06,NO,26.0,14.0,,0.0,,,,,,,,,,,,
2025_05_NYG_NO,4157,run,2.0,32.0,30.0,NO,4.0,246.0,32.0,0.0,4:06,4:06,,26.0,14.0,1.0,10.0,"2 CB, 2 DT, 1 FS, 2 ILB, 1 NT, 2 OLB, 1 SS",CB;CB;DT;DT;FS;ILB;ILB;NT;OLB;OLB;SS,11,9,0,,,False,00-0035242;00-0037241;00-0040541;00-0039376;00-0038551;00-0039339;00-0040125;00-0034981;00-0036040;00-0036741;00-0039623,Erik McCoy;Trevor Penning;Torricelli Simpkins III;Spencer Rattler;Kendre Miller;Taliese Fuaga;Kelvin Banks Jr.;Foster Moreau;Juwan Johnson;Jack Stoll;Mason Tipton,00-0036937;00-0037758;00-0032667;00-0037260;00-0036998;00-0035687;00-0039829;00-0031957;00-0035713;00-0040677;00-0039861,Paulson Adebo;Cordale Flott;Roy Robertson-Harris;DJ Davidson;Jevon Holland;Bobby Okereke;Darius Muasau;Rakeem Nunez-Roches;Brian Burns;Abdul Carter;Tyler Nubin
2025_05_NYG_NO,4169,timeout,0.0,,,,4.0,246.0,,42.0,4:06,3:24,NYG,26.0,14.0,,0.0,,,,,,,,,,,,
2025_05_NYG_NO,4186,run,1.0,30.0,29.0,NO,4.0,204.0,30.0,45.0,3:24,2:39,,26.0,14.0,2.0,8.0,"2 CB, 2 DT, 1 FS, 2 ILB, 1 NT, 2 OLB, 1 SS",CB;CB;DT;DT;FS;ILB;ILB;NT;OLB;OLB;SS,11,7,0,,,False,00-0035242;00-0037241;00-0040541;00-0033357;00-0038551;00-0039339;00-0040125;00-0034981;00-0036741;00-0037239;00-0037545,Erik McCoy;Trevor Penning;Torricelli Simpkins III;Taysom Hill;Kendre Miller;Taliese Fuaga;Kelvin Banks Jr.;Foster Moreau;Jack Stoll;Chris Olave;Rashid Shaheed,00-0036937;00-0037758;00-0032667;00-0037260;00-0036998;00-0035687;00-0039829;00-0031957;00-0035713;00-0040677;00-0039861,Paulson Adebo;Cordale Flott;Roy Robertson-Harris;DJ Davidson;Jevon Holland;Bobby Okereke;Darius Muasau;Rakeem Nunez-Roches;Brian Burns;Abdul Carter;Tyler Nubin
2025_05_NYG_NO,4208,run,1.0,29.0,28.0,NO,4.0,159.0,29.0,39.0,2:39,2:00,,26.0,14.0,3.0,7.0,"2 CB, 2 DT, 1 FS, 2 ILB, 1 NT, 2 OLB, 1 SS",CB;CB;DT;DT;FS;ILB;ILB;NT;OLB;OLB;SS,11,7,0,,,False,00-0035242;00-0037814;00-0037241;00-0040541;00-0033357;00-0038551;00-0039339;00-0040125;00-0034981;00-0036040;00-0036741,Erik McCoy;Luke Fortner;Trevor Penning;Torricelli Simpkins III;Taysom Hill;Kendre Miller;Taliese Fuaga;Kelvin Banks Jr.;Foster Moreau;Juwan Johnson;Jack Stoll,00-0036937;00-0037758;00-0032667;00-0037260;00-0036998;00-0035687;00-0039829;00-0031957;00-0035713;00-0037611;00-0039861,Paulson Adebo;Cordale Flott;Roy Robertson-Harris;DJ Davidson;Jevon Holland;Bobby Okereke;Darius Muasau;Rakeem Nunez-Roches;Brian Burns;Kayvon Thibodeaux;Tyler Nubin
2025_05_NYG_NO,4239,field_goal,0.0,28.0,28.0,NO,4.0,120.0,28.0,4.0,2:00,1:56,,26.0,14.0,4.0,6.0,"2 CB, 2 DT, 2 ILB, 2 NT, 1 OLB, 2 SS",CB;CB;DT;DT;ILB;ILB;NT;NT;OLB;SS;SS,11,0,0,,,False,00-0035944;00-0036619;00-0037241;00-0040541;00-0038905;00-0033063;00-0040654;00-0038601;00-0039339;00-0040125;00-0034981,Jonah Williams;Dillon Radunz;Trevor Penning;Torricelli Simpkins III;Blake Grupe;Zach Wood;Kai Kroeger;Asim Richards;Taliese Fuaga;Kelvin Banks Jr.;Foster Moreau,00-0039000;00-0038788;00-0032667;00-0037260;00-0031740;00-0035687;00-0031957;00-0035683;00-0037611;00-0038123;00-0039861,Deonte Banks;Art Green;Roy Robertson-Harris;DJ Davidson;Neville Hewitt;Bobby Okereke;Rakeem Nunez-Roches;Dexter Lawrence;Kayvon Thibodeaux;Dane Belton;Tyler Nubin
2025_05_NYG_NO,4267,no_play,0.0,64.0,64.0,NYG,4.0,116.0,64.0,4.0,1:56,1:52,,26.0,14.0,1.0,10.0,"3 CB, 2 DT, 1 FS, 2 ILB, 2 OLB, 1 SS",CB;CB;CB;DT;DT;FS;ILB;ILB;OLB;OLB;SS,11,5,4,ZONE_COVERAGE,COVER_4,True,00-0039019;00-0029685;00-0036246;00-0040691;00-0040715;00-0033290;00-0036386;00-0039847;00-0038117;00-0038938;00-0040432,John Michael Schmitz;Greg Van Roten;Jon Runyan;Jaxson Dart;Cam Skattebo;Jermaine Eluemunor;Andrew Thomas;Theo Johnson;Wan'Dale Robinson;Jalin Hyatt;Beaux Collins,00-0038121;00-0039860;00-0040166;00-0034760;00-0038995;00-0038588;00-0029607;00-0036927;00-0027962;00-0035402;00-0040643,Alontae Taylor;Kool-Aid McKinstry;Quincy Riley;Nathan Shepherd;Bryan Bresee;Jordan Howden;Demario Davis;Pete Werner;Cameron Jordan;Carl Granderson;Jonas Sanker
2025_05_NYG_NO,4298,pass,1.0,49.0,48.0,NYG,4.0,112.0,49.0,27.0,1:52,1:25,,26.0,14.0,1.0,10.0,"3 CB, 2 DT, 1 FS, 2 ILB, 2 OLB, 1 SS",CB;CB;CB;DT;DT;FS;ILB;ILB;OLB;OLB;SS,11,4,4,ZONE_COVERAGE,COVER_2,False,00-0039019;00-0029685;00-0036246;00-0040691;00-0035250;00-0033290;00-0036386;00-0039847;00-0038117;00-0038938;00-0040432,John Michael Schmitz;Greg Van Roten;Jon Runyan;Jaxson Dart;Devin Singletary;Jermaine Eluemunor;Andrew Thomas;Theo Johnson;Wan'Dale Robinson;Jalin Hyatt;Beaux Collins,00-0038121;00-0039860;00-0040166;00-0034760;00-0038995;00-0038588;00-0029607;00-0036927;00-0027962;00-0035402;00-0040643,Alontae Taylor;Kool-Aid McKinstry;Quincy Riley;Nathan Shepherd;Bryan Bresee;Jordan Howden;Demario Davis;Pete Werner;Cameron Jordan;Carl Granderson;Jonas Sanker
2025_05_NYG_NO,4323,pass,15.0,48.0,33.0,NYG,4.0,85.0,48.0,5.0,1:25,1:20,,26.0,14.0,2.0,9.0,"3 CB, 2 DT, 1 FS, 2 ILB, 2 OLB, 1 SS",CB;CB;CB;DT;DT;FS;ILB;ILB;OLB;OLB;SS,11,5,4,ZONE_COVERAGE,COVER_2,False,00-0039019;00-0029685;00-0036246;00-0040691;00-0035250;00-0033290;00-0036386;00-0039847;00-0038117;00-0038938;00-0040432,John Michael Schmitz;Greg Van Roten;Jon Runyan;Jaxson Dart;Devin Singletary;Jermaine Eluemunor;Andrew Thomas;Theo Johnson;Wan'Dale Robinson;Jalin Hyatt;Beaux Collins,00-0038121;00-0039860;00-0040166;00-0034760;00-0038995;00-0038588;00-0029607;00-0036927;00-0027962;00-0035402;00-0040643,Alontae Taylor;Kool-Aid McKinstry;Quincy Riley;Nathan Shepherd;Bryan Bresee;Jordan Howden;Demario Davis;Pete Werner;Cameron Jordan;Carl Granderson;Jonas Sanker
2025_05_NYG_NO,4353,pass,15.0,33.0,18.0,NYG,4.0,80.0,33.0,18.0,1:20,1:02,,26.0,14.0,1.0,10.0,"3 CB, 1 DE, 1 DT, 1 FS, 2 ILB, 2 OLB, 1 SS",CB;CB;CB;DE;DT;FS;ILB;ILB;OLB;OLB;SS,11,6,4,ZONE_COVERAGE,COVER_3,False,00-0039019;00-0029685;00-0036246;00-0040691;00-0040715;00-0033290;00-0036386;00-0039847;00-0038117;00-0038938;00-0040432,John Michael Schmitz;Greg Van Roten;Jon Runyan;Jaxson Dart;Cam Skattebo;Jermaine Eluemunor;Andrew Thomas;Theo Johnson;Wan'Dale Robinson;Jalin Hyatt;Beaux Collins,00-0038121;00-0039860;00-0040166;00-0035944;00-0034760;00-0038588;00-0029607;00-0036927;00-0027962;00-0035402;00-0040643,Alontae Taylor;Kool-Aid McKinstry;Quincy Riley;Jonah Williams;Nathan Shepherd;Jordan Howden;Demario Davis;Pete Werner;Cameron Jordan;Carl Granderson;Jonas Sanker
2025_05_NYG_NO,4378,qb_spike,0.0,18.0,18.0,NYG,4.0,62.0,18.0,1.0,1:02,1:01,,26.0,14.0,1.0,10.0,"3 CB, 1 DE, 1 DT, 1 FS, 2 ILB, 2 OLB, 1 SS",CB;CB;CB;DE;DT;FS;ILB;ILB;OLB;OLB;SS,11,0,0,,,False,00-0039019;00-0029685;00-0036246;00-0040691;00-0040715;00-0033290;00-0036386;00-0039847;00-0038117;00-0038938;00-0040432,John Michael Schmitz;Greg Van Roten;Jon Runyan;Jaxson Dart;Cam Skattebo;Jermaine Eluemunor;Andrew Thomas;Theo Johnson;Wan'Dale Robinson;Jalin Hyatt;Beaux Collins,00-0038121;00-0039860;00-0040166;00-0035944;00-0034760;00-0038588;00-0029607;00-0036927;00-0027962;00-0035402;00-0040643,Alontae Taylor;Kool-Aid McKinstry;Quincy Riley;Jonah Williams;Nathan Shepherd;Jordan Howden;Demario Davis;Pete Werner;Cameron Jordan;Carl Granderson;Jonas Sanker
2025_05_NYG_NO,4401,pass,1.0,18.0,17.0,NYG,4.0,61.0,18.0,7.0,1:01,0:54,,26.0,14.0,2.0,10.0,"3 CB, 1 DE, 1 DT, 1 FS, 2 ILB, 2 OLB, 1 SS",CB;CB;CB;DE;DT;FS;ILB;ILB;OLB;OLB;SS,11,6,4,ZONE_COVERAGE,COVER_3,False,00-0039019;00-0029685;00-0036246;00-0040691;00-0040715;00-0033290;00-0036386;00-0039847;00-0038117;00-0038938;00-0040432,John Michael Schmitz;Greg Van Roten;Jon Runyan;Jaxson Dart;Cam Skattebo;Jermaine Eluemunor;Andrew Thomas;Theo Johnson;Wan'Dale Robinson;Jalin Hyatt;Beaux Collins,00-0038121;00-0039860;00-0040166;00-0035944;00-0034760;00-0038588;00-0029607;00-0036927;00-0027962;00-0035402;00-0040643,Alontae Taylor;Kool-Aid McKinstry;Quincy Riley;Jonah Williams;Nathan Shepherd;Jordan Howden;Demario Davis;Pete Werner;Cameron Jordan;Carl Granderson;Jonas Sanker
2025_05_NYG_NO,4431,pass,0.0,17.0,17.0,NYG,4.0,54.0,17.0,5.0,0:54,0:49,,26.0,14.0,3.0,9.0,"3 CB, 1 DE, 1 DT, 1 FS, 2 ILB, 2 OLB, 1 SS",CB;CB;CB;DE;DT;FS;ILB;ILB;OLB;OLB;SS,11,6,5,ZONE_COVERAGE,COVER_6,False,00-0039019;00-0029685;00-0036246;00-0040691;00-0040715;00-0033290;00-0036386;00-0039847;00-0038117;00-0038938;00-0040432,John Michael Schmitz;Greg Van Roten;Jon Runyan;Jaxson Dart;Cam Skattebo;Jermaine Eluemunor;Andrew Thomas;Theo Johnson;Wan'Dale Robinson;Jalin Hyatt;Beaux Collins,00-0038121;00-0039860;00-0040166;00-0035944;00-0038995;00-0038588;00-0029607;00-0036927;00-0027962;00-0035402;00-0040643,Alontae Taylor;Kool-Aid McKinstry;Quincy Riley;Jonah Williams;Bryan Bresee;Jordan Howden;Demario Davis;Pete Werner;Cameron Jordan;Carl Granderson;Jonas Sanker
2025_05_NYG_NO,4454,no_play,0.0,17.0,17.0,NYG,4.0,49.0,17.0,0.0,0:49,0:49,,26.0,14.0,4.0,9.0,"3 CB, 1 DT, 1 FS, 2 ILB, 3 OLB, 1 SS",CB;CB;CB;DT;FS;ILB;ILB;OLB;OLB;OLB;SS,11,0,0,,,False,00-0039019;00-0029685;00-0036246;00-0040691;00-0035250;00-0033290;00-0036386;00-0039847;00-0038117;00-0038938;00-0040432,John Michael Schmitz;Greg Van Roten;Jon Runyan;Jaxson Dart;Devin Singletary;Jermaine Eluemunor;Andrew Thomas;Theo Johnson;Wan'Dale Robinson;Jalin Hyatt;Beaux Collins,00-0038121;00-0039860;00-0040166;00-0038995;00-0038588;00-0029607;00-0036927;00-0027962;00-0035402;00-0036867;00-0040643,Alontae Taylor;Kool-Aid McKinstry;Quincy Riley;Bryan Bresee;Jordan Howden;Demario Davis;Pete Werner;Cameron Jordan;Carl Granderson;Chris Rumph II;Jonas Sanker
2025_05_NYG_NO,4466,timeout,0.0,,,,4.0,49.0,,0.0,0:49,0:49,NO,26.0,14.0,,0.0,,,,,,,,,,,,
2025_05_NYG_NO,4485,no_play,0.0,22.0,22.0,NYG,4.0,49.0,22.0,0.0,0:49,0:49,,26.0,14.0,4.0,14.0,"3 CB, 1 DT, 1 FS, 2 ILB, 3 OLB, 1 SS",CB;CB;CB;DT;FS;ILB;ILB;OLB;OLB;OLB;SS,11,0,0,,,False,00-0039019;00-0029685;00-0036246;00-0040691;00-0035250;00-0033290;00-0036386;00-0039847;00-0038117;00-0038938;00-0040432,John Michael Schmitz;Greg Van Roten;Jon Runyan;Jaxson Dart;Devin Singletary;Jermaine Eluemunor;Andrew Thomas;Theo Johnson;Wan'Dale Robinson;Jalin Hyatt;Beaux Collins,00-0038121;00-0039860;00-0040166;00-0038995;00-0038588;00-0029607;00-0036927;00-0027962;00-0035402;00-0036867;00-0040643,Alontae Taylor;Kool-Aid McKinstry;Quincy Riley;Bryan Bresee;Jordan Howden;Demario Davis;Pete Werner;Cameron Jordan;Carl Granderson;Chris Rumph II;Jonas Sanker
2025_05_NYG_NO,4509,pass,0.0,17.0,17.0,NYG,4.0,49.0,17.0,9.0,0:49,0:40,,26.0,14.0,4.0,9.0,"3 CB, 1 DT, 1 FS, 2 ILB, 3 OLB, 1 SS",CB;CB;CB;DT;FS;ILB;ILB;OLB;OLB;OLB;SS,11,5,4,ZONE_COVERAGE,COVER_4,True,00-0039019;00-0029685;00-0036246;00-0040691;00-0035250;00-0033290;00-0036386;00-0039847;00-0038117;00-0038938;00-0040432,John Michael Schmitz;Greg Van Roten;Jon Runyan;Jaxson Dart;Devin Singletary;Jermaine Eluemunor;Andrew Thomas;Theo Johnson;Wan'Dale Robinson;Jalin Hyatt;Beaux Collins,00-0038121;00-0039860;00-0040166;00-0038995;00-0038588;00-0029607;00-0036927;00-0027962;00-0035402;00-0036867;00-0040643,Alontae Taylor;Kool-Aid McKinstry;Quincy Riley;Bryan Bresee;Jordan Howden;Demario Davis;Pete Werner;Cameron Jordan;Carl Granderson;Chris Rumph II;Jonas Sanker
2025_05_NYG_NO,4532,qb_kneel,-1.0,83.0,84.0,NO,4.0,40.0,83.0,40.0,0:40,0:00,,26.0,14.0,1.0,10.0,"2 CB, 2 DT, 1 FS, 2 ILB, 1 NT, 2 OLB, 1 SS",CB;CB;DT;DT;FS;ILB;ILB;NT;OLB;OLB;SS,11,0,0,,,False,00-0035242;00-0037241;00-0040541;00-0039376;00-0037745;00-0038551;00-0039339;00-0040125;00-0034981;00-0036741;00-0039623,Erik McCoy;Trevor Penning;Torricelli Simpkins III;Spencer Rattler;Velus Jones Jr.;Kendre Miller;Taliese Fuaga;Kelvin Banks Jr.;Foster Moreau;Jack Stoll;Mason Tipton,00-0036937;00-0037758;00-0037260;00-0040694;00-0036998;00-0035687;00-0039829;00-0031957;00-0037611;00-0040677;00-0039861,Paulson Adebo;Cordale Flott;DJ Davidson;Darius Alexander;Jevon Holland;Bobby Okereke;Darius Muasau;Rakeem Nunez-Roches;Kayvon Thibodeaux;Abdul Carter;Tyler Nubin
2025_05_NYG_NO,4554,end_game,,,,NO,4.0,0.0,,0.0,0:00,0:00,,26.0,14.0,,0.0,,,,,,,,,,,,
