game_id,play_id,play_type,yards_gained,starting_yard,ending_yard,posteam,qtr,game_seconds_remaining,yardline_100,time_of_play,time_on_clock_start,time_on_clock_end,timeout_team,home_team_score,away_team_score,down,yds_to_go,defense_personnel,defense_positions,n_defense,defenders_in_box,number_of_pass_rushers,defense_man_zone_type,defense_coverage_type,was_pressure,offense_player_ids,offense_player_names,defense_player_ids,defense_player_names
2022_15_BAL_CLE,1,start_quarter_1,,,,,1.0,3600.0,,0.0,15:00,15:00,,0.0,0.0,,0.0,,,0,,,,,,,,,
2022_15_BAL_CLE,41,kickoff,0.0,35.0,35.0,CLE,1.0,3600.0,35.0,6.0,15:00,14:54,,0.0,0.0,,0.0,,;;;;;;;;;;,11,,,,,,00-0036133;00-0036157;00-0035249;00-0035202;00-0029597;00-0038038;00-0036199;00-0032942;00-0034975;00-0036280;00-0036987,James Proche;Kristian Welch;Josh Oliver;Del'Shawn Phillips;Justin Tucker;Kyle Hamilton;Geno Stone;Kevon Seymour;Justice Hill;Malik Harrison;Brandon Stephens,00-0037332;00-0036232;00-0037300;00-0035444;00-0038147;00-0034779;00-0035628;00-0034396;00-0036114;00-0034500;00-0037267,D'Anthony Bell;Harrison Bryant;Mike Woods;Jordan Kunaszyk;Daylen Baldwin;Ronnie Harrison;D'Ernest Johnson;Jermaine Carter;A.J. Green;Tae Davis;Jerome Ford
2022_15_BAL_CLE,74,pass,5.0,89.0,84.0,CLE,1.0,3594.0,89.0,34.0,14:54,14:20,,0.0,0.0,1.0,10.0,"3 DL, 3 LB, 5 DB",;;;;;;;;;;,11,7,4,ZONE_COVERAGE,COVER_2,False,00-0033057;00-0036267;00-0036654;00-0033885;00-0031544;00-0031426;00-0036233;00-0033537;00-0034791;00-0034399;00-0035258,Jack Conklin;Jedrick Wills;Demetric Felton;David Njoku;Amari Cooper;Joel Bitonio;Donovan Peoples-Jones;Deshaun Watson;Nick Chubb;Wyatt Teller;Hjalte Froholdt,00-0033294;00-0026190;00-0038038;00-0036323;00-0033894;00-0032165;00-0033283;00-0033281;00-0034874;00-0027867;00-0036130,Chuck Clark;Calais Campbell;Kyle Hamilton;Patrick Queen;Marcus Williams;Marcus Peters;Tyus Bowser;Marlon Humphrey;Roquan Smith;Jason Pierre-Paul;Nnamdi Madubuike
2022_15_BAL_CLE,98,run,-1.0,84.0,85.0,CLE,1.0,3560.0,84.0,43.0,14:20,13:37,,0.0,0.0,2.0,5.0,"3 DL, 3 LB, 5 DB",;;;;;;;;;;,11,6,,,,,00-0033057;00-0036267;00-0036654;00-0033885;00-0031544;00-0031426;00-0036233;00-0033537;00-0034791;00-0034399;00-0035258,Jack Conklin;Jedrick Wills;Demetric Felton;David Njoku;Amari Cooper;Joel Bitonio;Donovan Peoples-Jones;Deshaun Watson;Nick Chubb;Wyatt Teller;Hjalte Froholdt,00-0033294;00-0026190;00-0038038;00-0036323;00-0033894;00-0032165;00-0033283;00-0033281;00-0034874;00-0027867;00-0036130,Chuck Clark;Calais Campbell;Kyle Hamilton;Patrick Queen;Marcus Williams;Marcus Peters;Tyus Bowser;Marlon Humphrey;Roquan Smith;Jason Pierre-Paul;Nnamdi Madubuike
2022_15_BAL_CLE,119,pass,0.0,85.0,85.0,CLE,1.0,3517.0,85.0,8.0,13:37,13:29,,0.0,0.0,3.0,6.0,"2 DL, 4 LB, 5 DB",;;;;;;;;;;,11,7,4,ZONE_COVERAGE,COVER_3,True,00-0033057;00-0033923;00-0036267;00-0033885;00-0036232;00-0031544;00-0031426;00-0036233;00-0033537;00-0034399;00-0035258,Jack Conklin;Kareem Hunt;Jedrick Wills;David Njoku;Harrison Bryant;Amari Cooper;Joel Bitonio;Donovan Peoples-Jones;Deshaun Watson;Wyatt Teller;Hjalte Froholdt,00-0033294;00-0026190;00-0038038;00-0036323;00-0033894;00-0028008;00-0032165;00-0033283;00-0033281;00-0034874;00-0027867,Chuck Clark;Calais Campbell;Kyle Hamilton;Patrick Queen;Marcus Williams;Justin Houston;Marcus Peters;Tyus Bowser;Marlon Humphrey;Roquan Smith;Jason Pierre-Paul
2022_15_BAL_CLE,141,punt,0.0,85.0,85.0,CLE,1.0,3509.0,85.0,12.0,13:29,13:17,,0.0,0.0,4.0,6.0,,;;;;;;;;;;,11,,,,,,00-0037332;00-0033927;00-0029008;00-0035444;00-0036634;00-0035654;00-0035628;00-0034396;00-0034721;00-0036114;00-0034500,D'Anthony Bell;John Johnson;Charley Hughlett;Jordan Kunaszyk;Tony Fields II;Chase Winovich;D'Ernest Johnson;Jermaine Carter;Corey Bojorquez;A.J. Green;Tae Davis,00-0036157;00-0035202;00-0035249;00-0038142;00-0038038;00-0036199;00-0032942;00-0036331;00-0034975;00-0036280;00-0036987,Kristian Welch;Del'Shawn Phillips;Josh Oliver;David Ojabo;Kyle Hamilton;Geno Stone;Kevon Seymour;Devin Duvernay;Justice Hill;Malik Harrison;Brandon Stephens
2022_15_BAL_CLE,179,pass,-7.0,78.0,85.0,BAL,1.0,3497.0,78.0,41.0,13:17,12:36,,0.0,0.0,1.0,10.0,"4 DL, 3 LB, 4 DB",;;;;;;;;;;,11,7,5,ZONE_COVERAGE,COVER_3,False,00-0034978;00-0034753;00-0035249;00-0036158;00-0031330;00-0033376;00-0032775;00-0037825;00-0029592;00-0035993;00-0032965,Ben Powers;Mark Andrews;Josh Oliver;J.K. Dobbins;Morgan Moses;Patrick Ricard;Demarcus Robinson;Tyler Linderbaum;Kevin Zeitler;Tyler Huntley;Ronnie Stanley,00-0036282;00-0033927;00-0035444;00-0033868;00-0032388;00-0036634;00-0036996;00-0036266;00-0034842;00-0034856;00-0037356,Grant Delpit;John Johnson;Jordan Kunaszyk;Myles Garrett;Deion Jones;Tony Fields II;Greg Newsome II;Jordan Elliott;Taven Bryan;Denzel Ward;Ben Stille
2022_15_BAL_CLE,221,pass,8.0,85.0,77.0,BAL,1.0,3456.0,85.0,46.0,12:36,11:50,,0.0,0.0,2.0,17.0,"4 DL, 2 LB, 5 DB",;;;;;;;;;;,11,6,4,ZONE_COVERAGE,COVER_6,True,00-0034978;00-0026189;00-0035249;00-0036158;00-0031330;00-0036331;00-0032775;00-0037825;00-0029592;00-0035993;00-0032965,Ben Powers;DeSean Jackson;Josh Oliver;J.K. Dobbins;Morgan Moses;Devin Duvernay;Demarcus Robinson;Tyler Linderbaum;Kevin Zeitler;Tyler Huntley;Ronnie Stanley,00-0036282;00-0037250;00-0033927;00-0031364;00-0032388;00-0033868;00-0036634;00-0036996;00-0036266;00-0035654;00-0034856,Grant Delpit;Martin Emerson;John Johnson;Jadeveon Clowney;Deion Jones;Myles Garrett;Tony Fields II;Greg Newsome II;Jordan Elliott;Chase Winovich;Denzel Ward
2022_15_BAL_CLE,245,no_play,0.0,77.0,77.0,BAL,1.0,3410.0,77.0,4.0,11:50,11:46,,0.0,0.0,3.0,9.0,"4 DL, 1 LB, 6 DB",;;;;;;;;;;,11,5,,,,,00-0034978;00-0026189;00-0034753;00-0037838;00-0031330;00-0036331;00-0034975;00-0037825;00-0029592;00-0032965;00-0035993,Ben Powers;DeSean Jackson;Mark Andrews;Isaiah Likely;Morgan Moses;Devin Duvernay;Justice Hill;Tyler Linderbaum;Kevin Zeitler;Ronnie Stanley;Tyler Huntley,00-0036282;00-0037250;00-0033927;00-0031364;00-0033868;00-0032388;00-0036996;00-0036266;00-0034779;00-0035654;00-0034856,Grant Delpit;Martin Emerson;John Johnson;Jadeveon Clowney;Myles Garrett;Deion Jones;Greg Newsome II;Jordan Elliott;Ronnie Harrison;Chase Winovich;Denzel Ward
2022_15_BAL_CLE,278,run,6.0,65.0,59.0,BAL,1.0,3406.0,65.0,39.0,11:46,11:07,,0.0,0.0,1.0,10.0,"4 DL, 2 LB, 5 DB",;;;;;;;;;;,11,7,,,,,00-0034978;00-0034753;00-0036158;00-0031330;00-0033376;00-0036331;00-0032775;00-0037825;00-0029592;00-0035993;00-0032965,Ben Powers;Mark Andrews;J.K. Dobbins;Morgan Moses;Patrick Ricard;Devin Duvernay;Demarcus Robinson;Tyler Linderbaum;Kevin Zeitler;Tyler Huntley;Ronnie Stanley,00-0036282;00-0033927;00-0031364;00-0032388;00-0036634;00-0036996;00-0037251;00-0036266;00-0034779;00-0034842;00-0034856,Grant Delpit;John Johnson;Jadeveon Clowney;Deion Jones;Tony Fields II;Greg Newsome II;Alex Wright;Jordan Elliott;Ronnie Harrison;Taven Bryan;Denzel Ward
2022_15_BAL_CLE,304,run,25.0,59.0,34.0,BAL,1.0,3367.0,59.0,46.0,11:07,10:21,,0.0,0.0,2.0,4.0,"4 DL, 3 LB, 4 DB",;;;;;;;;;;,11,7,,,,,00-0034978;00-0034184;00-0034753;00-0035249;00-0031330;00-0033376;00-0036331;00-0037825;00-0029592;00-0035993;00-0032965,Ben Powers;Gus Edwards;Mark Andrews;Josh Oliver;Morgan Moses;Patrick Ricard;Devin Duvernay;Tyler Linderbaum;Kevin Zeitler;Tyler Huntley;Ronnie Stanley,00-0036282;00-0033927;00-0031364;00-0035444;00-0032388;00-0036634;00-0036996;00-0036266;00-0034842;00-0034856;00-0037356,Grant Delpit;John Johnson;Jadeveon Clowney;Jordan Kunaszyk;Deion Jones;Tony Fields II;Greg Newsome II;Jordan Elliott;Taven Bryan;Denzel Ward;Ben Stille
2022_15_BAL_CLE,325,run,2.0,34.0,32.0,BAL,1.0,3321.0,34.0,35.0,10:21,9:46,,0.0,0.0,1.0,10.0,"4 DL, 3 LB, 4 DB",;;;;;;;;;;,11,7,,,,,00-0034978;00-0034753;00-0035249;00-0036158;00-0031330;00-0033376;00-0036331;00-0037825;00-0029592;00-0035993;00-0032965,Ben Powers;Mark Andrews;Josh Oliver;J.K. Dobbins;Morgan Moses;Patrick Ricard;Devin Duvernay;Tyler Linderbaum;Kevin Zeitler;Tyler Huntley;Ronnie Stanley,00-0036282;00-0033927;00-0031364;00-0035444;00-0032388;00-0036634;00-0036996;00-0036266;00-0034842;00-0034856;00-0037356,Grant Delpit;John Johnson;Jadeveon Clowney;Jordan Kunaszyk;Deion Jones;Tony Fields II;Greg Newsome II;Jordan Elliott;Taven Bryan;Denzel Ward;Ben Stille
2022_15_BAL_CLE,351,run,16.0,32.0,16.0,BAL,1.0,3286.0,32.0,47.0,9:46,8:59,,0.0,0.0,2.0,8.0,"4 DL, 3 LB, 4 DB",;;;;;;;;;;,11,7,,,,,00-0034978;00-0034753;00-0035249;00-0036158;00-0031330;00-0033376;00-0036331;00-0037825;00-0029592;00-0035993;00-0032965,Ben Powers;Mark Andrews;Josh Oliver;J.K. Dobbins;Morgan Moses;Patrick Ricard;Devin Duvernay;Tyler Linderbaum;Kevin Zeitler;Tyler Huntley;Ronnie Stanley,00-0036282;00-0033927;00-0031364;00-0035444;00-0033868;00-0032388;00-0036634;00-0036996;00-0036266;00-0034842;00-0034856,Grant Delpit;John Johnson;Jadeveon Clowney;Jordan Kunaszyk;Myles Garrett;Deion Jones;Tony Fields II;Greg Newsome II;Jordan Elliott;Taven Bryan;Denzel Ward
2022_15_BAL_CLE,372,run,3.0,16.0,13.0,BAL,1.0,3239.0,16.0,38.0,8:59,8:21,,0.0,0.0,1.0,10.0,"4 DL, 3 LB, 4 DB",;;;;;;;;;;,11,7,,,,,00-0034978;00-0034753;00-0035249;00-0031330;00-0036158;00-0033376;00-0032775;00-0037825;00-0029592;00-0032965;00-0035993,Ben Powers;Mark Andrews;Josh Oliver;Morgan Moses;J.K. Dobbins;Patrick Ricard;Demarcus Robinson;Tyler Linderbaum;Kevin Zeitler;Ronnie Stanley;Tyler Huntley,00-0036282;00-0033927;00-0031364;00-0035444;00-0033868;00-0032388;00-0036634;00-0036996;00-0036266;00-0034842;00-0034856,Grant Delpit;John Johnson;Jadeveon Clowney;Jordan Kunaszyk;Myles Garrett;Deion Jones;Tony Fields II;Greg Newsome II;Jordan Elliott;Taven Bryan;Denzel Ward
2022_15_BAL_CLE,393,pass,5.0,13.0,8.0,BAL,1.0,3201.0,13.0,44.0,8:21,7:37,,0.0,0.0,2.0,7.0,"4 DL, 3 LB, 4 DB",;;;;;;;;;;,11,7,6,ZONE_COVERAGE,COVER_4,False,00-0034978;00-0034184;00-0034753;00-0035249;00-0031330;00-0033376;00-0032775;00-0037825;00-0029592;00-0035993;00-0032965,Ben Powers;Gus Edwards;Mark Andrews;Josh Oliver;Morgan Moses;Patrick Ricard;Demarcus Robinson;Tyler Linderbaum;Kevin Zeitler;Tyler Huntley;Ronnie Stanley,00-0036282;00-0033927;00-0031364;00-0035444;00-0033868;00-0032388;00-0036634;00-0036996;00-0036266;00-0034842;00-0034856,Grant Delpit;John Johnson;Jadeveon Clowney;Jordan Kunaszyk;Myles Garrett;Deion Jones;Tony Fields II;Greg Newsome II;Jordan Elliott;Taven Bryan;Denzel Ward
2022_15_BAL_CLE,417,run,1.0,8.0,7.0,BAL,1.0,3157.0,8.0,39.0,7:37,6:58,,0.0,0.0,3.0,2.0,"4 DL, 2 LB, 5 DB",;;;;;;;;;;,11,6,,,,,00-0034978;00-0034184;00-0034753;00-0031330;00-0033376;00-0036331;00-0032775;00-0037825;00-0029592;00-0035993;00-0032965,Ben Powers;Gus Edwards;Mark Andrews;Morgan Moses;Patrick Ricard;Devin Duvernay;Demarcus Robinson;Tyler Linderbaum;Kevin Zeitler;Tyler Huntley;Ronnie Stanley,00-0036282;00-0037250;00-0033927;00-0031364;00-0033868;00-0032388;00-0036634;00-0036996;00-0036266;00-0034842;00-0034856,Grant Delpit;Martin Emerson;John Johnson;Jadeveon Clowney;Myles Garrett;Deion Jones;Tony Fields II;Greg Newsome II;Jordan Elliott;Taven Bryan;Denzel Ward
2022_15_BAL_CLE,438,run,0.0,7.0,7.0,BAL,1.0,3118.0,7.0,6.0,6:58,6:52,,0.0,0.0,4.0,1.0,"4 DL, 3 LB, 4 DB",;;;;;;;;;;,11,9,,,,,00-0034978;00-0034184;00-0034753;00-0035249;00-0031330;00-0033376;00-0036331;00-0037825;00-0029592;00-0032965;00-0035993,Ben Powers;Gus Edwards;Mark Andrews;Josh Oliver;Morgan Moses;Patrick Ricard;Devin Duvernay;Tyler Linderbaum;Kevin Zeitler;Ronnie Stanley;Tyler Huntley,00-0036282;00-0033927;00-0031364;00-0035444;00-0033868;00-0032388;00-0036634;00-0036996;00-0036266;00-0034842;00-0034856,Grant Delpit;John Johnson;Jadeveon Clowney;Jordan Kunaszyk;Myles Garrett;Deion Jones;Tony Fields II;Greg Newsome II;Jordan Elliott;Taven Bryan;Denzel Ward
2022_15_BAL_CLE,459,pass,14.0,93.0,79.0,CLE,1.0,3112.0,93.0,39.0,6:52,6:13,,0.0,0.0,1.0,10.0,"2 DL, 4 LB, 5 DB",;;;;;;;;;;,11,6,5,ZONE_COVERAGE,COVER_3,False,00-0033057;00-0036267;00-0033885;00-0031544;00-0037300;00-0031426;00-0036233;00-0034791;00-0033537;00-0034399;00-0035258,Jack Conklin;Jedrick Wills;David Njoku;Amari Cooper;Mike Woods;Joel Bitonio;Donovan Peoples-Jones;Nick Chubb;Deshaun Watson;Wyatt Teller;Hjalte Froholdt,00-0036081;00-0033294;00-0038038;00-0036323;00-0036940;00-0033894;00-0032165;00-0033283;00-0033281;00-0034874;00-0036130,Broderick Washington;Chuck Clark;Kyle Hamilton;Patrick Queen;Odafe Oweh;Marcus Williams;Marcus Peters;Tyus Bowser;Marlon Humphrey;Roquan Smith;Nnamdi Madubuike
2022_15_BAL_CLE,483,run,7.0,79.0,72.0,CLE,1.0,3073.0,79.0,33.0,6:13,5:40,,0.0,0.0,1.0,10.0,"2 DL, 4 LB, 5 DB",;;;;;;;;;;,11,6,,,,,00-0033057;00-0036267;00-0036654;00-0033885;00-0038147;00-0031426;00-0036233;00-0034791;00-0033537;00-0034399;00-0035258,Jack Conklin;Jedrick Wills;Demetric Felton;David Njoku;Daylen Baldwin;Joel Bitonio;Donovan Peoples-Jones;Nick Chubb;Deshaun Watson;Wyatt Teller;Hjalte Froholdt,00-0036081;00-0033294;00-0038038;00-0036323;00-0036940;00-0033894;00-0032165;00-0033283;00-0033281;00-0034874;00-0036130,Broderick Washington;Chuck Clark;Kyle Hamilton;Patrick Queen;Odafe Oweh;Marcus Williams;Marcus Peters;Tyus Bowser;Marlon Humphrey;Roquan Smith;Nnamdi Madubuike
2022_15_BAL_CLE,504,pass,0.0,72.0,72.0,CLE,1.0,3040.0,72.0,6.0,5:40,5:34,,0.0,0.0,2.0,3.0,"3 DL, 4 LB, 4 DB",;;;;;;;;;;,11,7,5,ZONE_COVERAGE,COVER_3,False,00-0033057;00-0036267;00-0033885;00-0037300;00-0038147;00-0031426;00-0036233;00-0034791;00-0033537;00-0034399;00-0035258,Jack Conklin;Jedrick Wills;David Njoku;Mike Woods;Daylen Baldwin;Joel Bitonio;Donovan Peoples-Jones;Nick Chubb;Deshaun Watson;Wyatt Teller;Hjalte Froholdt,00-0036081;00-0033294;00-0031177;00-0036323;00-0036940;00-0033894;00-0032165;00-0033283;00-0033281;00-0034874;00-0036130,Broderick Washington;Chuck Clark;Brent Urban;Patrick Queen;Odafe Oweh;Marcus Williams;Marcus Peters;Tyus Bowser;Marlon Humphrey;Roquan Smith;Nnamdi Madubuike
2022_15_BAL_CLE,526,run,6.0,72.0,66.0,CLE,1.0,3034.0,72.0,36.0,5:34,4:58,,0.0,0.0,3.0,3.0,"2 DL, 4 LB, 5 DB",;;;;;;;;;;,11,7,,,,,00-0033057;00-0036267;00-0033923;00-0033885;00-0037300;00-0031544;00-0031426;00-0036233;00-0033537;00-0034399;00-0035258,Jack Conklin;Jedrick Wills;Kareem Hunt;David Njoku;Mike Woods;Amari Cooper;Joel Bitonio;Donovan Peoples-Jones;Deshaun Watson;Wyatt Teller;Hjalte Froholdt,00-0033294;00-0026190;00-0038038;00-0036323;00-0036940;00-0033894;00-0032165;00-0033283;00-0033281;00-0034874;00-0036130,Chuck Clark;Calais Campbell;Kyle Hamilton;Patrick Queen;Odafe Oweh;Marcus Williams;Marcus Peters;Tyus Bowser;Marlon Humphrey;Roquan Smith;Nnamdi Madubuike
2022_15_BAL_CLE,547,pass,10.0,66.0,56.0,CLE,1.0,2998.0,66.0,43.0,4:58,4:15,,0.0,0.0,1.0,10.0,"3 DL, 4 LB, 4 DB",;;;;;;;;;;,11,6,4,ZONE_COVERAGE,COVER_4,False,00-0033057;00-0036267;00-0033885;00-0031544;00-0036232;00-0031426;00-0036233;00-0034791;00-0033537;00-0034399;00-0035258,Jack Conklin;Jedrick Wills;David Njoku;Amari Cooper;Harrison Bryant;Joel Bitonio;Donovan Peoples-Jones;Nick Chubb;Deshaun Watson;Wyatt Teller;Hjalte Froholdt,00-0036081;00-0033294;00-0026190;00-0037756;00-0036323;00-0036940;00-0033894;00-0032165;00-0033283;00-0033281;00-0034874,Broderick Washington;Chuck Clark;Calais Campbell;Travis Jones;Patrick Queen;Odafe Oweh;Marcus Williams;Marcus Peters;Tyus Bowser;Marlon Humphrey;Roquan Smith
2022_15_BAL_CLE,571,run,1.0,56.0,55.0,CLE,1.0,2955.0,56.0,39.0,4:15,3:36,,0.0,0.0,1.0,10.0,"2 DL, 4 LB, 5 DB",;;;;;;;;;;,11,6,,,,,00-0033057;00-0036267;00-0033885;00-0031544;00-0037300;00-0031426;00-0036233;00-0033537;00-0034791;00-0034399;00-0035258,Jack Conklin;Jedrick Wills;David Njoku;Amari Cooper;Mike Woods;Joel Bitonio;Donovan Peoples-Jones;Deshaun Watson;Nick Chubb;Wyatt Teller;Hjalte Froholdt,00-0033294;00-0026190;00-0037756;00-0038038;00-0036323;00-0036940;00-0033894;00-0032165;00-0033283;00-0033281;00-0034874,Chuck Clark;Calais Campbell;Travis Jones;Kyle Hamilton;Patrick Queen;Odafe Oweh;Marcus Williams;Marcus Peters;Tyus Bowser;Marlon Humphrey;Roquan Smith
2022_15_BAL_CLE,597,pass,7.0,55.0,48.0,CLE,1.0,2916.0,55.0,37.0,3:36,2:59,,0.0,0.0,2.0,9.0,"2 DL, 4 LB, 5 DB",;;;;;;;;;;,11,6,4,ZONE_COVERAGE,COVER_3,True,00-0033057;00-0036267;00-0033885;00-0037300;00-0031544;00-0031426;00-0036233;00-0033537;00-0034791;00-0034399;00-0035258,Jack Conklin;Jedrick Wills;David Njoku;Mike Woods;Amari Cooper;Joel Bitonio;Donovan Peoples-Jones;Deshaun Watson;Nick Chubb;Wyatt Teller;Hjalte Froholdt,00-0033294;00-0026190;00-0037756;00-0038038;00-0036323;00-0036940;00-0033894;00-0032165;00-0033283;00-0033281;00-0034874,Chuck Clark;Calais Campbell;Travis Jones;Kyle Hamilton;Patrick Queen;Odafe Oweh;Marcus Williams;Marcus Peters;Tyus Bowser;Marlon Humphrey;Roquan Smith
2022_15_BAL_CLE,621,pass,4.0,48.0,44.0,CLE,1.0,2879.0,48.0,35.0,2:59,2:24,,0.0,0.0,3.0,2.0,"2 DL, 4 LB, 5 DB",;;;;;;;;;;,11,6,3,ZONE_COVERAGE,COVER_3,False,00-0033057;00-0036267;00-0033923;00-0036654;00-0033885;00-0031544;00-0031426;00-0036233;00-0033537;00-0034399;00-0035258,Jack Conklin;Jedrick Wills;Kareem Hunt;Demetric Felton;David Njoku;Amari Cooper;Joel Bitonio;Donovan Peoples-Jones;Deshaun Watson;Wyatt Teller;Hjalte Froholdt,00-0033294;00-0037756;00-0038038;00-0036323;00-0036940;00-0033894;00-0032165;00-0033283;00-0033281;00-0034874;00-0036130,Chuck Clark;Travis Jones;Kyle Hamilton;Patrick Queen;Odafe Oweh;Marcus Williams;Marcus Peters;Tyus Bowser;Marlon Humphrey;Roquan Smith;Nnamdi Madubuike
2022_15_BAL_CLE,650,run,4.0,44.0,40.0,CLE,1.0,2844.0,44.0,36.0,2:24,1:48,,0.0,0.0,1.0,10.0,"3 DL, 4 LB, 4 DB",;;;;;;;;;;,11,7,,,,,00-0033057;00-0036267;00-0033885;00-0037300;00-0036232;00-0031426;00-0036233;00-0034791;00-0033537;00-0034399;00-0035258,Jack Conklin;Jedrick Wills;David Njoku;Mike Woods;Harrison Bryant;Joel Bitonio;Donovan Peoples-Jones;Nick Chubb;Deshaun Watson;Wyatt Teller;Hjalte Froholdt,00-0036081;00-0033294;00-0031177;00-0036323;00-0036940;00-0033894;00-0032165;00-0036280;00-0033281;00-0034874;00-0036130,Broderick Washington;Chuck Clark;Brent Urban;Patrick Queen;Odafe Oweh;Marcus Williams;Marcus Peters;Malik Harrison;Marlon Humphrey;Roquan Smith;Nnamdi Madubuike
2022_15_BAL_CLE,676,pass,8.0,40.0,32.0,CLE,1.0,2808.0,40.0,46.0,1:48,1:02,,0.0,0.0,2.0,6.0,"3 DL, 4 LB, 4 DB",;;;;;;;;;;,11,7,4,ZONE_COVERAGE,COVER_4,True,00-0033057;00-0036267;00-0033885;00-0037300;00-0036232;00-0031426;00-0036233;00-0034791;00-0033537;00-0034399;00-0035258,Jack Conklin;Jedrick Wills;David Njoku;Mike Woods;Harrison Bryant;Joel Bitonio;Donovan Peoples-Jones;Nick Chubb;Deshaun Watson;Wyatt Teller;Hjalte Froholdt,00-0036081;00-0033294;00-0031177;00-0036323;00-0036940;00-0033894;00-0032165;00-0036280;00-0033281;00-0034874;00-0036130,Broderick Washington;Chuck Clark;Brent Urban;Patrick Queen;Odafe Oweh;Marcus Williams;Marcus Peters;Malik Harrison;Marlon Humphrey;Roquan Smith;Nnamdi Madubuike
2022_15_BAL_CLE,700,pass,-7.0,32.0,39.0,CLE,1.0,2762.0,32.0,44.0,1:02,0:18,,0.0,0.0,1.0,10.0,"3 DL, 3 LB, 5 DB",;;;;;;;;;;,11,6,5,,,,00-0033057;00-0036267;00-0033885;00-0037300;00-0031544;00-0031426;00-0036233;00-0034791;00-0033537;00-0034399;00-0035258,Jack Conklin;Jedrick Wills;David Njoku;Mike Woods;Amari Cooper;Joel Bitonio;Donovan Peoples-Jones;Nick Chubb;Deshaun Watson;Wyatt Teller;Hjalte Froholdt,00-0036081;00-0033294;00-0038038;00-0036323;00-0033894;00-0028008;00-0032165;00-0033281;00-0034874;00-0027867;00-0036130,Broderick Washington;Chuck Clark;Kyle Hamilton;Patrick Queen;Marcus Williams;Justin Houston;Marcus Peters;Marlon Humphrey;Roquan Smith;Jason Pierre-Paul;Nnamdi Madubuike
2022_15_BAL_CLE,719,pass,2.0,39.0,37.0,CLE,1.0,2718.0,39.0,18.0,0:18,0:00,,0.0,0.0,2.0,17.0,"3 DL, 3 LB, 5 DB",;;;;;;;;;;,11,6,4,ZONE_COVERAGE,COVER_6,False,00-0033057;00-0036267;00-0037300;00-0031544;00-0036232;00-0031426;00-0036233;00-0034791;00-0033537;00-0034399;00-0035258,Jack Conklin;Jedrick Wills;Mike Woods;Amari Cooper;Harrison Bryant;Joel Bitonio;Donovan Peoples-Jones;Nick Chubb;Deshaun Watson;Wyatt Teller;Hjalte Froholdt,00-0033294;00-0026190;00-0038038;00-0036323;00-0033894;00-0032165;00-0028008;00-0033281;00-0034874;00-0027867;00-0036130,Chuck Clark;Calais Campbell;Kyle Hamilton;Patrick Queen;Marcus Williams;Marcus Peters;Justin Houston;Marlon Humphrey;Roquan Smith;Jason Pierre-Paul;Nnamdi Madubuike
2022_15_BAL_CLE,743,start_quarter_2,,,,CLE,1.0,2700.0,,0.0,0:00,0:00,,0.0,0.0,,0.0,,,0,,,,,,,,,
2022_15_BAL_CLE,762,pass,8.0,37.0,29.0,CLE,2.0,2700.0,37.0,45.0,15:00,14:15,,0.0,0.0,3.0,15.0,"2 DL, 4 LB, 5 DB",;;;;;;;;;;,11,7,7,MAN_COVERAGE,COVER_1,False,00-0033057;00-0033923;00-0036267;00-0033885;00-0037300;00-0031544;00-0031426;00-0036233;00-0033537;00-0034399;00-0035258,Jack Conklin;Kareem Hunt;Jedrick Wills;David Njoku;Mike Woods;Amari Cooper;Joel Bitonio;Donovan Peoples-Jones;Deshaun Watson;Wyatt Teller;Hjalte Froholdt,00-0033294;00-0026190;00-0038142;00-0038038;00-0036323;00-0036940;00-0033894;00-0032165;00-0028008;00-0033281;00-0027867,Chuck Clark;Calais Campbell;David Ojabo;Kyle Hamilton;Patrick Queen;Odafe Oweh;Marcus Williams;Marcus Peters;Justin Houston;Marlon Humphrey;Jason Pierre-Paul
2022_15_BAL_CLE,786,field_goal,0.0,29.0,29.0,CLE,2.0,2655.0,29.0,5.0,14:15,14:10,,3.0,0.0,4.0,7.0,,;;;;;;;;;;,11,,,,,,00-0036267;00-0036866;00-0034991;00-0029008;00-0036266;00-0031426;00-0034842;00-0034721;00-0034399;00-0035258;00-0038097,Jedrick Wills;James Hudson;Drew Forbes;Charley Hughlett;Jordan Elliott;Joel Bitonio;Taven Bryan;Corey Bojorquez;Wyatt Teller;Hjalte Froholdt;Cade York,00-0036081;00-0036157;00-0033294;00-0026190;00-0037756;00-0038038;00-0036199;00-0031177;00-0032942;00-0036280;00-0036987,Broderick Washington;Kristian Welch;Chuck Clark;Calais Campbell;Travis Jones;Kyle Hamilton;Geno Stone;Brent Urban;Kevon Seymour;Malik Harrison;Brandon Stephens
2022_15_BAL_CLE,805,kickoff,0.0,35.0,35.0,BAL,2.0,2650.0,35.0,5.0,14:10,14:05,,3.0,0.0,,0.0,,;;;;;;;;;;,11,,,,,,00-0037332;00-0036282;00-0035444;00-0034779;00-0035628;00-0035638;00-0034396;00-0036114;00-0034500;00-0037267;00-0038097,D'Anthony Bell;Grant Delpit;Jordan Kunaszyk;Ronnie Harrison;D'Ernest Johnson;Greedy Williams;Jermaine Carter;A.J. Green;Tae Davis;Jerome Ford;Cade York,00-0036157;00-0035202;00-0037838;00-0038038;00-0036199;00-0032942;00-0036331;00-0033376;00-0034975;00-0036280;00-0036987,Kristian Welch;Del'Shawn Phillips;Isaiah Likely;Kyle Hamilton;Geno Stone;Kevon Seymour;Devin Duvernay;Patrick Ricard;Justice Hill;Malik Harrison;Brandon Stephens
2022_15_BAL_CLE,829,run,12.0,82.0,70.0,BAL,2.0,2645.0,82.0,36.0,14:05,13:29,,3.0,0.0,1.0,10.0,"4 DL, 3 LB, 4 DB",;;;;;;;;;;,11,7,,,,,00-0034978;00-0026189;00-0034753;00-0035249;00-0036158;00-0031330;00-0033376;00-0037825;00-0029592;00-0035993;00-0032965,Ben Powers;DeSean Jackson;Mark Andrews;Josh Oliver;J.K. Dobbins;Morgan Moses;Patrick Ricard;Tyler Linderbaum;Kevin Zeitler;Tyler Huntley;Ronnie Stanley,00-0036282;00-0033927;00-0035444;00-0033868;00-0038126;00-0032388;00-0036634;00-0037251;00-0036996;00-0034842;00-0034856,Grant Delpit;John Johnson;Jordan Kunaszyk;Myles Garrett;Perrion Winfrey;Deion Jones;Tony Fields II;Alex Wright;Greg Newsome II;Taven Bryan;Denzel Ward
2022_15_BAL_CLE,850,run,-4.0,70.0,74.0,BAL,2.0,2609.0,70.0,42.0,13:29,12:47,,3.0,0.0,1.0,10.0,"4 DL, 3 LB, 4 DB",;;;;;;;;;;,11,8,6,,,,00-0034978;00-0034184;00-0026189;00-0034753;00-0035249;00-0031330;00-0033376;00-0037825;00-0029592;00-0035993;00-0032965,Ben Powers;Gus Edwards;DeSean Jackson;Mark Andrews;Josh Oliver;Morgan Moses;Patrick Ricard;Tyler Linderbaum;Kevin Zeitler;Tyler Huntley;Ronnie Stanley,00-0036282;00-0033927;00-0035444;00-0033868;00-0038126;00-0032388;00-0036634;00-0037251;00-0036996;00-0034842;00-0034856,Grant Delpit;John Johnson;Jordan Kunaszyk;Myles Garrett;Perrion Winfrey;Deion Jones;Tony Fields II;Alex Wright;Greg Newsome II;Taven Bryan;Denzel Ward
2022_15_BAL_CLE,878,pass,0.0,74.0,74.0,BAL,2.0,2567.0,74.0,3.0,12:47,12:44,,3.0,0.0,2.0,14.0,"4 DL, 2 LB, 5 DB",;;;;;;;;;;,11,5,4,ZONE_COVERAGE,COVER_4,False,00-0034978;00-0034753;00-0037838;00-0031330;00-0036331;00-0032775;00-0034975;00-0037825;00-0029592;00-0032965;00-0035993,Ben Powers;Mark Andrews;Isaiah Likely;Morgan Moses;Devin Duvernay;Demarcus Robinson;Justice Hill;Tyler Linderbaum;Kevin Zeitler;Ronnie Stanley;Tyler Huntley,00-0036282;00-0037250;00-0033927;00-0032388;00-0033868;00-0038126;00-0036634;00-0036996;00-0037251;00-0034842;00-0034856,Grant Delpit;Martin Emerson;John Johnson;Deion Jones;Myles Garrett;Perrion Winfrey;Tony Fields II;Greg Newsome II;Alex Wright;Taven Bryan;Denzel Ward
2022_15_BAL_CLE,900,pass,15.0,74.0,59.0,BAL,2.0,2564.0,74.0,41.0,12:44,12:03,,3.0,0.0,3.0,14.0,"4 DL, 1 LB, 6 DB",;;;;;;;;;;,11,5,4,ZONE_COVERAGE,COVER_4,False,00-0034978;00-0034753;00-0037838;00-0031330;00-0036331;00-0032775;00-0034975;00-0037825;00-0029592;00-0035993;00-0032965,Ben Powers;Mark Andrews;Isaiah Likely;Morgan Moses;Devin Duvernay;Demarcus Robinson;Justice Hill;Tyler Linderbaum;Kevin Zeitler;Tyler Huntley;Ronnie Stanley,00-0036282;00-0037250;00-0033927;00-0031364;00-0033868;00-0032388;00-0036996;00-0036266;00-0034779;00-0035654;00-0034856,Grant Delpit;Martin Emerson;John Johnson;Jadeveon Clowney;Myles Garrett;Deion Jones;Greg Newsome II;Jordan Elliott;Ronnie Harrison;Chase Winovich;Denzel Ward
2022_15_BAL_CLE,924,run,5.0,59.0,54.0,BAL,2.0,2523.0,59.0,41.0,12:03,11:22,,3.0,0.0,1.0,10.0,"4 DL, 2 LB, 5 DB",;;;;;;;;;;,11,7,,,,,00-0034978;00-0026189;00-0034753;00-0031330;00-0036158;00-0033376;00-0032775;00-0037825;00-0029592;00-0032965;00-0035993,Ben Powers;DeSean Jackson;Mark Andrews;Morgan Moses;J.K. Dobbins;Patrick Ricard;Demarcus Robinson;Tyler Linderbaum;Kevin Zeitler;Ronnie Stanley;Tyler Huntley,00-0036282;00-0033927;00-0031364;00-0032388;00-0038126;00-0036634;00-0036996;00-0037251;00-0036266;00-0034779;00-0034856,Grant Delpit;John Johnson;Jadeveon Clowney;Deion Jones;Perrion Winfrey;Tony Fields II;Greg Newsome II;Alex Wright;Jordan Elliott;Ronnie Harrison;Denzel Ward
2022_15_BAL_CLE,945,pass,0.0,54.0,54.0,BAL,2.0,2482.0,54.0,3.0,11:22,11:19,,3.0,0.0,2.0,5.0,"4 DL, 2 LB, 5 DB",;;;;;;;;;;,11,8,5,ZONE_COVERAGE,COVER_3,False,00-0034978;00-0026189;00-0034753;00-0035249;00-0036158;00-0031330;00-0036331;00-0037825;00-0029592;00-0035993;00-0032965,Ben Powers;DeSean Jackson;Mark Andrews;Josh Oliver;J.K. Dobbins;Morgan Moses;Devin Duvernay;Tyler Linderbaum;Kevin Zeitler;Tyler Huntley;Ronnie Stanley,00-0036282;00-0033927;00-0031364;00-0038126;00-0032388;00-0036634;00-0037251;00-0036996;00-0036266;00-0034779;00-0034856,Grant Delpit;John Johnson;Jadeveon Clowney;Perrion Winfrey;Deion Jones;Tony Fields II;Alex Wright;Greg Newsome II;Jordan Elliott;Ronnie Harrison;Denzel Ward
2022_15_BAL_CLE,979,pass,0.0,54.0,54.0,BAL,2.0,2479.0,54.0,5.0,11:19,11:14,,3.0,0.0,3.0,5.0,"4 DL, 1 LB, 6 DB",;;;;;;;;;;,11,6,4,ZONE_COVERAGE,COVER_3,True,00-0034978;00-0026189;00-0034753;00-0037838;00-0031330;00-0032775;00-0034975;00-0037825;00-0029592;00-0032965;00-0035993,Ben Powers;DeSean Jackson;Mark Andrews;Isaiah Likely;Morgan Moses;Demarcus Robinson;Justice Hill;Tyler Linderbaum;Kevin Zeitler;Ronnie Stanley;Tyler Huntley,00-0036282;00-0037250;00-0033927;00-0031364;00-0032388;00-0033868;00-0036996;00-0036266;00-0034779;00-0035654;00-0034856,Grant Delpit;Martin Emerson;John Johnson;Jadeveon Clowney;Deion Jones;Myles Garrett;Greg Newsome II;Jordan Elliott;Ronnie Harrison;Chase Winovich;Denzel Ward
2022_15_BAL_CLE,1001,punt,0.0,54.0,54.0,BAL,2.0,2474.0,54.0,7.0,11:14,11:07,,3.0,0.0,4.0,5.0,,;;;;;;;;;;,11,,,,,,00-0038094;00-0036157;00-0035202;00-0038038;00-0031598;00-0032942;00-0036199;00-0034975;00-0036280;00-0036987;00-0035408,Jordan Stout;Kristian Welch;Del'Shawn Phillips;Kyle Hamilton;Nick Boyle;Kevon Seymour;Geno Stone;Justice Hill;Malik Harrison;Brandon Stephens;Nick Moore,00-0037250;00-0033927;00-0031364;00-0035444;00-0033868;00-0036634;00-0036996;00-0036266;00-0036233;00-0034396;00-0037356,Martin Emerson;John Johnson;Jadeveon Clowney;Jordan Kunaszyk;Myles Garrett;Tony Fields II;Greg Newsome II;Jordan Elliott;Donovan Peoples-Jones;Jermaine Carter;Ben Stille
2022_15_BAL_CLE,1020,pass,0.0,87.0,87.0,CLE,2.0,2467.0,87.0,4.0,11:07,11:03,,3.0,0.0,1.0,10.0,"3 DL, 4 LB, 4 DB",;;;;;;;;;;,11,7,4,ZONE_COVERAGE,COVER_3,False,00-0033057;00-0036267;00-0031544;00-0036232;00-0031426;00-0036233;00-0033537;00-0034791;00-0033439;00-0034399;00-0035258,Jack Conklin;Jedrick Wills;Amari Cooper;Harrison Bryant;Joel Bitonio;Donovan Peoples-Jones;Deshaun Watson;Nick Chubb;Pharaoh Brown;Wyatt Teller;Hjalte Froholdt,00-0036081;00-0033294;00-0031177;00-0036323;00-0033894;00-0028008;00-0032165;00-0033283;00-0033281;00-0034874;00-0036130,Broderick Washington;Chuck Clark;Brent Urban;Patrick Queen;Marcus Williams;Justin Houston;Marcus Peters;Tyus Bowser;Marlon Humphrey;Roquan Smith;Nnamdi Madubuike
2022_15_BAL_CLE,1042,run,-1.0,87.0,88.0,CLE,2.0,2463.0,87.0,39.0,11:03,10:24,,3.0,0.0,2.0,10.0,"3 DL, 4 LB, 4 DB",;;;;;;;;;;,11,8,,,,,00-0033057;00-0036267;00-0036232;00-0031544;00-0031426;00-0036233;00-0033537;00-0034791;00-0033439;00-0034399;00-0035258,Jack Conklin;Jedrick Wills;Harrison Bryant;Amari Cooper;Joel Bitonio;Donovan Peoples-Jones;Deshaun Watson;Nick Chubb;Pharaoh Brown;Wyatt Teller;Hjalte Froholdt,00-0036081;00-0033294;00-0031177;00-0036323;00-0033894;00-0028008;00-0032165;00-0033283;00-0033281;00-0034874;00-0036130,Broderick Washington;Chuck Clark;Brent Urban;Patrick Queen;Marcus Williams;Justin Houston;Marcus Peters;Tyus Bowser;Marlon Humphrey;Roquan Smith;Nnamdi Madubuike
2022_15_BAL_CLE,1063,pass,3.0,88.0,85.0,CLE,2.0,2424.0,88.0,20.0,10:24,10:04,,3.0,0.0,3.0,11.0,"2 DL, 4 LB, 5 DB",;;;;;;;;;;,11,5,4,ZONE_COVERAGE,COVER_6,False,00-0033057;00-0033923;00-0036267;00-0031544;00-0037300;00-0031426;00-0036233;00-0033537;00-0034399;00-0033439;00-0035258,Jack Conklin;Kareem Hunt;Jedrick Wills;Amari Cooper;Mike Woods;Joel Bitonio;Donovan Peoples-Jones;Deshaun Watson;Wyatt Teller;Pharaoh Brown;Hjalte Froholdt,00-0033294;00-0026190;00-0038038;00-0036323;00-0033894;00-0028008;00-0032165;00-0033283;00-0033281;00-0034874;00-0027867,Chuck Clark;Calais Campbell;Kyle Hamilton;Patrick Queen;Marcus Williams;Justin Houston;Marcus Peters;Tyus Bowser;Marlon Humphrey;Roquan Smith;Jason Pierre-Paul
2022_15_BAL_CLE,1098,punt,0.0,85.0,85.0,CLE,2.0,2404.0,85.0,7.0,10:04,9:57,,3.0,0.0,4.0,8.0,,;;;;;;;;;;,11,,,,,,00-0037332;00-0036282;00-0029008;00-0035444;00-0036634;00-0035654;00-0035628;00-0034396;00-0034721;00-0036114;00-0034500,D'Anthony Bell;Grant Delpit;Charley Hughlett;Jordan Kunaszyk;Tony Fields II;Chase Winovich;D'Ernest Johnson;Jermaine Carter;Corey Bojorquez;A.J. Green;Tae Davis,00-0036157;00-0035249;00-0035202;00-0038142;00-0038038;00-0036199;00-0032942;00-0036331;00-0034975;00-0036280;00-0036987,Kristian Welch;Josh Oliver;Del'Shawn Phillips;David Ojabo;Kyle Hamilton;Geno Stone;Kevon Seymour;Devin Duvernay;Justice Hill;Malik Harrison;Brandon Stephens
2022_15_BAL_CLE,1117,pass,0.0,62.0,62.0,BAL,2.0,2397.0,62.0,6.0,9:57,9:51,,3.0,0.0,1.0,10.0,"5 DL, 2 LB, 4 DB",;;;;;;;;;;,11,7,6,ZONE_COVERAGE,COVER_4,True,00-0034978;00-0026189;00-0034753;00-0035249;00-0031330;00-0036158;00-0033376;00-0037825;00-0029592;00-0032965;00-0035993,Ben Powers;DeSean Jackson;Mark Andrews;Josh Oliver;Morgan Moses;J.K. Dobbins;Patrick Ricard;Tyler Linderbaum;Kevin Zeitler;Ronnie Stanley;Tyler Huntley,00-0033058;00-0036282;00-0033927;00-0031364;00-0033868;00-0038126;00-0036996;00-0036266;00-0034842;00-0034396;00-0034856,Reggie Ragland;Grant Delpit;John Johnson;Jadeveon Clowney;Myles Garrett;Perrion Winfrey;Greg Newsome II;Jordan Elliott;Taven Bryan;Jermaine Carter;Denzel Ward
2022_15_BAL_CLE,1151,run,7.0,62.0,55.0,BAL,2.0,2391.0,62.0,39.0,9:51,9:12,,3.0,0.0,2.0,10.0,"4 DL, 2 LB, 5 DB",;;;;;;;;;;,11,7,,,,,00-0034978;00-0034753;00-0036158;00-0031330;00-0033376;00-0036331;00-0032775;00-0037825;00-0029592;00-0032965;00-0035993,Ben Powers;Mark Andrews;J.K. Dobbins;Morgan Moses;Patrick Ricard;Devin Duvernay;Demarcus Robinson;Tyler Linderbaum;Kevin Zeitler;Ronnie Stanley;Tyler Huntley,00-0036282;00-0033927;00-0031364;00-0033868;00-0038126;00-0032388;00-0036996;00-0034779;00-0034842;00-0034396;00-0034856,Grant Delpit;John Johnson;Jadeveon Clowney;Myles Garrett;Perrion Winfrey;Deion Jones;Greg Newsome II;Ronnie Harrison;Taven Bryan;Jermaine Carter;Denzel Ward
2022_15_BAL_CLE,1172,run,3.0,55.0,52.0,BAL,2.0,2352.0,55.0,32.0,9:12,8:40,,3.0,0.0,3.0,3.0,"4 DL, 2 LB, 5 DB",;;;;;;;;;;,11,7,,,,,00-0034978;00-0034753;00-0031330;00-0036158;00-0033376;00-0036331;00-0032775;00-0037825;00-0029592;00-0032965;00-0035993,Ben Powers;Mark Andrews;Morgan Moses;J.K. Dobbins;Patrick Ricard;Devin Duvernay;Demarcus Robinson;Tyler Linderbaum;Kevin Zeitler;Ronnie Stanley;Tyler Huntley,00-0036282;00-0033927;00-0031364;00-0033868;00-0038126;00-0032388;00-0036996;00-0034779;00-0034842;00-0034396;00-0034856,Grant Delpit;John Johnson;Jadeveon Clowney;Myles Garrett;Perrion Winfrey;Deion Jones;Greg Newsome II;Ronnie Harrison;Taven Bryan;Jermaine Carter;Denzel Ward
2022_15_BAL_CLE,1193,run,7.0,52.0,45.0,BAL,2.0,2320.0,52.0,34.0,8:40,8:06,,3.0,0.0,1.0,10.0,"4 DL, 2 LB, 5 DB",;;;;;;;;;;,11,6,,,,,00-0034978;00-0034184;00-0037838;00-0031330;00-0033376;00-0036331;00-0032775;00-0037825;00-0029592;00-0032965;00-0035993,Ben Powers;Gus Edwards;Isaiah Likely;Morgan Moses;Patrick Ricard;Devin Duvernay;Demarcus Robinson;Tyler Linderbaum;Kevin Zeitler;Ronnie Stanley;Tyler Huntley,00-0036282;00-0037250;00-0033927;00-0031364;00-0032388;00-0038126;00-0036996;00-0037251;00-0034842;00-0034396;00-0034856,Grant Delpit;Martin Emerson;John Johnson;Jadeveon Clowney;Deion Jones;Perrion Winfrey;Greg Newsome II;Alex Wright;Taven Bryan;Jermaine Carter;Denzel Ward
2022_15_BAL_CLE,1219,run,10.0,45.0,35.0,BAL,2.0,2286.0,45.0,20.0,8:06,7:46,,3.0,0.0,2.0,3.0,"4 DL, 2 LB, 5 DB",;;;;;;;;;;,11,7,,,,,00-0034978;00-0034184;00-0035249;00-0037838;00-0031330;00-0033376;00-0036331;00-0037825;00-0029592;00-0035993;00-0032965,Ben Powers;Gus Edwards;Josh Oliver;Isaiah Likely;Morgan Moses;Patrick Ricard;Devin Duvernay;Tyler Linderbaum;Kevin Zeitler;Tyler Huntley;Ronnie Stanley,00-0036282;00-0033927;00-0031364;00-0038126;00-0032388;00-0037251;00-0036996;00-0034842;00-0034779;00-0034396;00-0034856,Grant Delpit;John Johnson;Jadeveon Clowney;Perrion Winfrey;Deion Jones;Alex Wright;Greg Newsome II;Taven Bryan;Ronnie Harrison;Jermaine Carter;Denzel Ward
2022_15_BAL_CLE,1261,run,-1.0,35.0,36.0,BAL,2.0,2266.0,35.0,42.0,7:46,7:04,,3.0,0.0,1.0,10.0,"4 DL, 3 LB, 4 DB",;;;;;;;;;;,11,7,,,,,00-0034978;00-0034753;00-0031330;00-0036158;00-0031598;00-0036331;00-0032775;00-0037825;00-0029592;00-0032965;00-0035993,Ben Powers;Mark Andrews;Morgan Moses;J.K. Dobbins;Nick Boyle;Devin Duvernay;Demarcus Robinson;Tyler Linderbaum;Kevin Zeitler;Ronnie Stanley;Tyler Huntley,00-0033058;00-0036282;00-0033927;00-0031364;00-0035444;00-0038126;00-0036634;00-0036996;00-0037251;00-0034842;00-0034856,Reggie Ragland;Grant Delpit;John Johnson;Jadeveon Clowney;Jordan Kunaszyk;Perrion Winfrey;Tony Fields II;Greg Newsome II;Alex Wright;Taven Bryan;Denzel Ward
2022_15_BAL_CLE,1287,pass,3.0,36.0,33.0,BAL,2.0,2224.0,36.0,44.0,7:04,6:20,,3.0,0.0,2.0,11.0,"4 DL, 2 LB, 5 DB",;;;;;;;;;;,11,6,5,ZONE_COVERAGE,COVER_3,False,00-0034978;00-0026189;00-0035249;00-0036158;00-0031330;00-0033376;00-0032775;00-0037825;00-0029592;00-0035993;00-0032965,Ben Powers;DeSean Jackson;Josh Oliver;J.K. Dobbins;Morgan Moses;Patrick Ricard;Demarcus Robinson;Tyler Linderbaum;Kevin Zeitler;Tyler Huntley;Ronnie Stanley,00-0036282;00-0037250;00-0033927;00-0031364;00-0035444;00-0032388;00-0038126;00-0037251;00-0036996;00-0036266;00-0034856,Grant Delpit;Martin Emerson;John Johnson;Jadeveon Clowney;Jordan Kunaszyk;Deion Jones;Perrion Winfrey;Alex Wright;Greg Newsome II;Jordan Elliott;Denzel Ward
2022_15_BAL_CLE,1311,run,0.0,33.0,33.0,BAL,2.0,2180.0,33.0,44.0,6:20,5:36,,3.0,0.0,3.0,8.0,"4 DL, 1 LB, 6 DB",;;;;;;;;;;,11,7,,,,,00-0034978;00-0034753;00-0031330;00-0033376;00-0036331;00-0032775;00-0034975;00-0037825;00-0029592;00-0032965;00-0035993,Ben Powers;Mark Andrews;Morgan Moses;Patrick Ricard;Devin Duvernay;Demarcus Robinson;Justice Hill;Tyler Linderbaum;Kevin Zeitler;Ronnie Stanley;Tyler Huntley,00-0036282;00-0037250;00-0033927;00-0031364;00-0032388;00-0033868;00-0036996;00-0036266;00-0034779;00-0035654;00-0034856,Grant Delpit;Martin Emerson;John Johnson;Jadeveon Clowney;Deion Jones;Myles Garrett;Greg Newsome II;Jordan Elliott;Ronnie Harrison;Chase Winovich;Denzel Ward
2022_15_BAL_CLE,1332,field_goal,0.0,35.0,35.0,BAL,2.0,2136.0,35.0,5.0,5:36,5:31,,3.0,3.0,4.0,10.0,,;;;;;;;;;;,11,,,,,,00-0034978;00-0038094;00-0026190;00-0037756;00-0029597;00-0038118;00-0031330;00-0031598;00-0035112;00-0035992;00-0035408,Ben Powers;Jordan Stout;Calais Campbell;Travis Jones;Justin Tucker;Daniel Faalele;Morgan Moses;Nick Boyle;Patrick Mekari;Trystan Colon;Nick Moore,00-0036282;00-0033927;00-0031364;00-0035444;00-0033868;00-0036634;00-0036996;00-0036266;00-0034842;00-0034396;00-0034856,Grant Delpit;John Johnson;Jadeveon Clowney;Jordan Kunaszyk;Myles Garrett;Tony Fields II;Greg Newsome II;Jordan Elliott;Taven Bryan;Jermaine Carter;Denzel Ward
2022_15_BAL_CLE,1368,kickoff,0.0,35.0,35.0,CLE,2.0,2131.0,35.0,0.0,5:31,5:31,,3.0,3.0,,0.0,,;;;;;;;;;;,11,,,,,,00-0036133;00-0036157;00-0035202;00-0029597;00-0038142;00-0038038;00-0036199;00-0032942;00-0034975;00-0036280;00-0036987,James Proche;Kristian Welch;Del'Shawn Phillips;Justin Tucker;David Ojabo;Kyle Hamilton;Geno Stone;Kevon Seymour;Justice Hill;Malik Harrison;Brandon Stephens,00-0037332;00-0036232;00-0037300;00-0035444;00-0038147;00-0034779;00-0035628;00-0034396;00-0036114;00-0034500;00-0037267,D'Anthony Bell;Harrison Bryant;Mike Woods;Jordan Kunaszyk;Daylen Baldwin;Ronnie Harrison;D'Ernest Johnson;Jermaine Carter;A.J. Green;Tae Davis;Jerome Ford
2022_15_BAL_CLE,1388,pass,6.0,75.0,69.0,CLE,2.0,2131.0,75.0,25.0,5:31,5:06,,3.0,3.0,1.0,10.0,"3 DL, 3 LB, 5 DB",;;;;;;;;;;,11,6,4,ZONE_COVERAGE,COVER_3,False,00-0033057;00-0036267;00-0033885;00-0037300;00-0031544;00-0031426;00-0036233;00-0033537;00-0034791;00-0034399;00-0035258,Jack Conklin;Jedrick Wills;David Njoku;Mike Woods;Amari Cooper;Joel Bitonio;Donovan Peoples-Jones;Deshaun Watson;Nick Chubb;Wyatt Teller;Hjalte Froholdt,00-0033294;00-0037756;00-0038038;00-0031177;00-0036940;00-0033894;00-0032165;00-0036280;00-0033281;00-0034874;00-0036130,Chuck Clark;Travis Jones;Kyle Hamilton;Brent Urban;Odafe Oweh;Marcus Williams;Marcus Peters;Malik Harrison;Marlon Humphrey;Roquan Smith;Nnamdi Madubuike
2022_15_BAL_CLE,1412,run,3.0,69.0,66.0,CLE,2.0,2106.0,69.0,29.0,5:06,4:37,,3.0,3.0,2.0,4.0,"3 DL, 3 LB, 5 DB",;;;;;;;;;;,11,6,,,,,00-0033057;00-0036267;00-0033885;00-0037300;00-0031544;00-0038147;00-0031426;00-0034791;00-0033537;00-0034399;00-0035258,Jack Conklin;Jedrick Wills;David Njoku;Mike Woods;Amari Cooper;Daylen Baldwin;Joel Bitonio;Nick Chubb;Deshaun Watson;Wyatt Teller;Hjalte Froholdt,00-0033294;00-0037756;00-0038038;00-0031177;00-0036940;00-0033894;00-0032165;00-0036280;00-0033281;00-0034874;00-0036130,Chuck Clark;Travis Jones;Kyle Hamilton;Brent Urban;Odafe Oweh;Marcus Williams;Marcus Peters;Malik Harrison;Marlon Humphrey;Roquan Smith;Nnamdi Madubuike
2022_15_BAL_CLE,1433,run,18.0,66.0,48.0,CLE,2.0,2077.0,66.0,38.0,4:37,3:59,,3.0,3.0,3.0,1.0,"2 DL, 4 LB, 5 DB",;;;;;;;;;;,11,7,,,,,00-0033057;00-0036267;00-0033885;00-0031544;00-0037300;00-0038147;00-0031426;00-0034791;00-0033537;00-0034399;00-0035258,Jack Conklin;Jedrick Wills;David Njoku;Amari Cooper;Mike Woods;Daylen Baldwin;Joel Bitonio;Nick Chubb;Deshaun Watson;Wyatt Teller;Hjalte Froholdt,00-0033294;00-0037756;00-0038038;00-0036323;00-0036940;00-0033894;00-0032165;00-0033283;00-0033281;00-0034874;00-0036130,Chuck Clark;Travis Jones;Kyle Hamilton;Patrick Queen;Odafe Oweh;Marcus Williams;Marcus Peters;Tyus Bowser;Marlon Humphrey;Roquan Smith;Nnamdi Madubuike
2022_15_BAL_CLE,1454,run,6.0,48.0,42.0,CLE,2.0,2039.0,48.0,28.0,3:59,3:31,,3.0,3.0,1.0,10.0,"2 DL, 4 LB, 5 DB",;;;;;;;;;;,11,6,,,,,00-0033057;00-0036267;00-0033923;00-0033885;00-0031544;00-0037300;00-0038147;00-0031426;00-0033537;00-0034399;00-0035258,Jack Conklin;Jedrick Wills;Kareem Hunt;David Njoku;Amari Cooper;Mike Woods;Daylen Baldwin;Joel Bitonio;Deshaun Watson;Wyatt Teller;Hjalte Froholdt,00-0033294;00-0037756;00-0038038;00-0036323;00-0036940;00-0033894;00-0032165;00-0033283;00-0033281;00-0034874;00-0036130,Chuck Clark;Travis Jones;Kyle Hamilton;Patrick Queen;Odafe Oweh;Marcus Williams;Marcus Peters;Tyus Bowser;Marlon Humphrey;Roquan Smith;Nnamdi Madubuike
2022_15_BAL_CLE,1475,pass,10.0,42.0,32.0,CLE,2.0,2011.0,42.0,34.0,3:31,2:57,,3.0,3.0,2.0,4.0,"2 DL, 4 LB, 5 DB",;;;;;;;;;;,11,6,3,ZONE_COVERAGE,COVER_3,False,00-0033057;00-0033923;00-0036267;00-0033885;00-0031544;00-0037300;00-0038147;00-0031426;00-0033537;00-0034399;00-0035258,Jack Conklin;Kareem Hunt;Jedrick Wills;David Njoku;Amari Cooper;Mike Woods;Daylen Baldwin;Joel Bitonio;Deshaun Watson;Wyatt Teller;Hjalte Froholdt,00-0033294;00-0037756;00-0038038;00-0036323;00-0036940;00-0033894;00-0032165;00-0033283;00-0033281;00-0034874;00-0036130,Chuck Clark;Travis Jones;Kyle Hamilton;Patrick Queen;Odafe Oweh;Marcus Williams;Marcus Peters;Tyus Bowser;Marlon Humphrey;Roquan Smith;Nnamdi Madubuike
2022_15_BAL_CLE,1499,pass,15.0,32.0,17.0,CLE,2.0,1977.0,32.0,24.0,2:57,2:33,,3.0,3.0,1.0,10.0,"2 DL, 4 LB, 5 DB",;;;;;;;;;;,11,7,5,ZONE_COVERAGE,COVER_3,False,00-0033057;00-0036267;00-0033885;00-0031544;00-0037300;00-0038147;00-0031426;00-0033537;00-0034791;00-0034399;00-0035258,Jack Conklin;Jedrick Wills;David Njoku;Amari Cooper;Mike Woods;Daylen Baldwin;Joel Bitonio;Deshaun Watson;Nick Chubb;Wyatt Teller;Hjalte Froholdt,00-0036081;00-0033294;00-0026190;00-0038038;00-0036323;00-0036940;00-0033894;00-0032165;00-0033283;00-0033281;00-0034874,Broderick Washington;Chuck Clark;Calais Campbell;Kyle Hamilton;Patrick Queen;Odafe Oweh;Marcus Williams;Marcus Peters;Tyus Bowser;Marlon Humphrey;Roquan Smith
2022_15_BAL_CLE,1523,pass,13.0,17.0,4.0,CLE,2.0,1953.0,17.0,22.0,2:33,2:11,,3.0,3.0,1.0,10.0,"3 DL, 3 LB, 5 DB",;;;;;;;;;;,11,7,4,ZONE_COVERAGE,COVER_4,False,00-0033057;00-0036267;00-0033885;00-0037300;00-0031544;00-0038147;00-0031426;00-0033537;00-0034791;00-0034399;00-0035258,Jack Conklin;Jedrick Wills;David Njoku;Mike Woods;Amari Cooper;Daylen Baldwin;Joel Bitonio;Deshaun Watson;Nick Chubb;Wyatt Teller;Hjalte Froholdt,00-0036081;00-0033294;00-0026190;00-0038038;00-0036323;00-0033894;00-0032165;00-0033283;00-0033281;00-0034874;00-0027867,Broderick Washington;Chuck Clark;Calais Campbell;Kyle Hamilton;Patrick Queen;Marcus Williams;Marcus Peters;Tyus Bowser;Marlon Humphrey;Roquan Smith;Jason Pierre-Paul
2022_15_BAL_CLE,1547,pass,0.0,4.0,4.0,CLE,2.0,1931.0,4.0,6.0,2:11,2:05,,3.0,3.0,1.0,4.0,"3 DL, 3 LB, 5 DB",;;;;;;;;;;,11,9,4,MAN_COVERAGE,COVER_0,False,00-0033057;00-0036267;00-0033885;00-0037300;00-0031544;00-0038147;00-0031426;00-0033537;00-0034791;00-0034399;00-0035258,Jack Conklin;Jedrick Wills;David Njoku;Mike Woods;Amari Cooper;Daylen Baldwin;Joel Bitonio;Deshaun Watson;Nick Chubb;Wyatt Teller;Hjalte Froholdt,00-0036081;00-0033294;00-0026190;00-0038038;00-0036323;00-0033894;00-0032165;00-0033283;00-0033281;00-0034874;00-0027867,Broderick Washington;Chuck Clark;Calais Campbell;Kyle Hamilton;Patrick Queen;Marcus Williams;Marcus Peters;Tyus Bowser;Marlon Humphrey;Roquan Smith;Jason Pierre-Paul
2022_15_BAL_CLE,1583,run,0.0,4.0,4.0,CLE,2.0,1925.0,4.0,5.0,2:05,2:00,,3.0,3.0,2.0,4.0,"4 DL, 3 LB, 4 DB",;;;;;;;;;;,11,9,,,,,00-0033057;00-0036267;00-0033885;00-0037300;00-0031544;00-0031426;00-0036233;00-0033537;00-0034791;00-0034399;00-0035258,Jack Conklin;Jedrick Wills;David Njoku;Mike Woods;Amari Cooper;Joel Bitonio;Donovan Peoples-Jones;Deshaun Watson;Nick Chubb;Wyatt Teller;Hjalte Froholdt,00-0036081;00-0033294;00-0026190;00-0036323;00-0033894;00-0032165;00-0033283;00-0033281;00-0034874;00-0027867;00-0036130,Broderick Washington;Chuck Clark;Calais Campbell;Patrick Queen;Marcus Williams;Marcus Peters;Tyus Bowser;Marlon Humphrey;Roquan Smith;Jason Pierre-Paul;Nnamdi Madubuike
2022_15_BAL_CLE,1604,pass,0.0,4.0,4.0,CLE,2.0,1920.0,4.0,5.0,2:00,1:55,,3.0,3.0,3.0,4.0,"3 DL, 3 LB, 5 DB",;;;;;;;;;;,11,6,4,MAN_COVERAGE,COVER_0,False,00-0033057;00-0033923;00-0036267;00-0033885;00-0031544;00-0036232;00-0031426;00-0036233;00-0033537;00-0034399;00-0035258,Jack Conklin;Kareem Hunt;Jedrick Wills;David Njoku;Amari Cooper;Harrison Bryant;Joel Bitonio;Donovan Peoples-Jones;Deshaun Watson;Wyatt Teller;Hjalte Froholdt,00-0036081;00-0033294;00-0026190;00-0038038;00-0036323;00-0033894;00-0032165;00-0028008;00-0033281;00-0034874;00-0027867,Broderick Washington;Chuck Clark;Calais Campbell;Kyle Hamilton;Patrick Queen;Marcus Williams;Marcus Peters;Justin Houston;Marlon Humphrey;Roquan Smith;Jason Pierre-Paul
2022_15_BAL_CLE,1633,field_goal,0.0,4.0,4.0,CLE,2.0,1915.0,4.0,3.0,1:55,1:52,,6.0,3.0,4.0,4.0,,;;;;;;;;;;,11,,,,,,00-0036267;00-0036866;00-0034991;00-0029008;00-0036266;00-0031426;00-0034842;00-0034721;00-0034399;00-0035258;00-0038097,Jedrick Wills;James Hudson;Drew Forbes;Charley Hughlett;Jordan Elliott;Joel Bitonio;Taven Bryan;Corey Bojorquez;Wyatt Teller;Hjalte Froholdt;Cade York,00-0036081;00-0036157;00-0033294;00-0026190;00-0037756;00-0038038;00-0036199;00-0031177;00-0032942;00-0036280;00-0036987,Broderick Washington;Kristian Welch;Chuck Clark;Calais Campbell;Travis Jones;Kyle Hamilton;Geno Stone;Brent Urban;Kevon Seymour;Malik Harrison;Brandon Stephens
2022_15_BAL_CLE,1652,kickoff,0.0,35.0,35.0,BAL,2.0,1912.0,35.0,5.0,1:52,1:47,,6.0,3.0,,0.0,,;;;;;;;;;;,11,,,,,,00-0037332;00-0036282;00-0035444;00-0034779;00-0035638;00-0035628;00-0034396;00-0036114;00-0034500;00-0037267;00-0038097,D'Anthony Bell;Grant Delpit;Jordan Kunaszyk;Ronnie Harrison;Greedy Williams;D'Ernest Johnson;Jermaine Carter;A.J. Green;Tae Davis;Jerome Ford;Cade York,00-0036157;00-0035202;00-0037838;00-0038038;00-0036199;00-0032942;00-0036331;00-0033376;00-0034975;00-0036280;00-0036987,Kristian Welch;Del'Shawn Phillips;Isaiah Likely;Kyle Hamilton;Geno Stone;Kevon Seymour;Devin Duvernay;Patrick Ricard;Justice Hill;Malik Harrison;Brandon Stephens
2022_15_BAL_CLE,1674,pass,9.0,80.0,71.0,BAL,2.0,1907.0,80.0,23.0,1:47,1:24,,6.0,3.0,1.0,10.0,"4 DL, 2 LB, 5 DB",;;;;;;;;;;,11,6,4,ZONE_COVERAGE,COVER_4,False,00-0034978;00-0026189;00-0034753;00-0037838;00-0031330;00-0032775;00-0034975;00-0037825;00-0029592;00-0035993;00-0032965,Ben Powers;DeSean Jackson;Mark Andrews;Isaiah Likely;Morgan Moses;Demarcus Robinson;Justice Hill;Tyler Linderbaum;Kevin Zeitler;Tyler Huntley;Ronnie Stanley,00-0036282;00-0033927;00-0035444;00-0033868;00-0032388;00-0036996;00-0036266;00-0034779;00-0034842;00-0035654;00-0034856,Grant Delpit;John Johnson;Jordan Kunaszyk;Myles Garrett;Deion Jones;Greg Newsome II;Jordan Elliott;Ronnie Harrison;Taven Bryan;Chase Winovich;Denzel Ward
2022_15_BAL_CLE,1698,run,3.0,71.0,68.0,BAL,2.0,1884.0,71.0,21.0,1:24,1:03,,6.0,3.0,2.0,1.0,"4 DL, 2 LB, 5 DB",;;;;;;;;;;,11,7,,,,,00-0034978;00-0026189;00-0034753;00-0037838;00-0031330;00-0032775;00-0034975;00-0037825;00-0029592;00-0032965;00-0035993,Ben Powers;DeSean Jackson;Mark Andrews;Isaiah Likely;Morgan Moses;Demarcus Robinson;Justice Hill;Tyler Linderbaum;Kevin Zeitler;Ronnie Stanley;Tyler Huntley,00-0036282;00-0033927;00-0035444;00-0033868;00-0032388;00-0036996;00-0036266;00-0034779;00-0034842;00-0035654;00-0034856,Grant Delpit;John Johnson;Jordan Kunaszyk;Myles Garrett;Deion Jones;Greg Newsome II;Jordan Elliott;Ronnie Harrison;Taven Bryan;Chase Winovich;Denzel Ward
2022_15_BAL_CLE,1719,run,3.0,68.0,65.0,BAL,2.0,1863.0,68.0,21.0,1:03,0:42,,6.0,3.0,1.0,10.0,"4 DL, 2 LB, 5 DB",;;;;;;;;;;,11,6,4,,,,00-0034978;00-0026189;00-0034753;00-0037838;00-0031330;00-0032775;00-0034975;00-0037825;00-0029592;00-0035993;00-0032965,Ben Powers;DeSean Jackson;Mark Andrews;Isaiah Likely;Morgan Moses;Demarcus Robinson;Justice Hill;Tyler Linderbaum;Kevin Zeitler;Tyler Huntley;Ronnie Stanley,00-0036282;00-0037250;00-0033927;00-0035444;00-0033868;00-0032388;00-0036996;00-0036266;00-0034842;00-0035654;00-0034856,Grant Delpit;Martin Emerson;John Johnson;Jordan Kunaszyk;Myles Garrett;Deion Jones;Greg Newsome II;Jordan Elliott;Taven Bryan;Chase Winovich;Denzel Ward
2022_15_BAL_CLE,1740,pass,0.0,65.0,65.0,BAL,2.0,1842.0,65.0,3.0,0:42,0:39,,6.0,3.0,2.0,7.0,"4 DL, 2 LB, 5 DB",;;;;;;;;;;,11,5,4,ZONE_COVERAGE,COVER_3,False,00-0034978;00-0026189;00-0034753;00-0037838;00-0031330;00-0032775;00-0034975;00-0037825;00-0029592;00-0032965;00-0035993,Ben Powers;DeSean Jackson;Mark Andrews;Isaiah Likely;Morgan Moses;Demarcus Robinson;Justice Hill;Tyler Linderbaum;Kevin Zeitler;Ronnie Stanley;Tyler Huntley,00-0036282;00-0037250;00-0033927;00-0035444;00-0033868;00-0032388;00-0036996;00-0036266;00-0034842;00-0035654;00-0034856,Grant Delpit;Martin Emerson;John Johnson;Jordan Kunaszyk;Myles Garrett;Deion Jones;Greg Newsome II;Jordan Elliott;Taven Bryan;Chase Winovich;Denzel Ward
2022_15_BAL_CLE,1762,pass,9.0,65.0,56.0,BAL,2.0,1839.0,65.0,12.0,0:39,0:27,,6.0,3.0,3.0,7.0,"4 DL, 1 LB, 6 DB",;;;;;;;;;;,11,5,4,ZONE_COVERAGE,COVER_3,False,00-0034978;00-0026189;00-0034753;00-0037838;00-0031330;00-0032775;00-0034975;00-0037825;00-0029592;00-0035993;00-0032965,Ben Powers;DeSean Jackson;Mark Andrews;Isaiah Likely;Morgan Moses;Demarcus Robinson;Justice Hill;Tyler Linderbaum;Kevin Zeitler;Tyler Huntley;Ronnie Stanley,00-0036282;00-0037250;00-0033927;00-0033868;00-0038126;00-0032388;00-0037251;00-0036996;00-0034779;00-0035654;00-0034856,Grant Delpit;Martin Emerson;John Johnson;Myles Garrett;Perrion Winfrey;Deion Jones;Alex Wright;Greg Newsome II;Ronnie Harrison;Chase Winovich;Denzel Ward
2022_15_BAL_CLE,1786,no_play,0.0,56.0,56.0,BAL,2.0,1827.0,56.0,0.0,0:27,0:27,,6.0,3.0,1.0,10.0,"4 DL, 1 LB, 6 DB",;;;;;;;;;;,11,,,,,,00-0034978;00-0026189;00-0034753;00-0037838;00-0036158;00-0031330;00-0036331;00-0037825;00-0029592;00-0035993;00-0032965,Ben Powers;DeSean Jackson;Mark Andrews;Isaiah Likely;J.K. Dobbins;Morgan Moses;Devin Duvernay;Tyler Linderbaum;Kevin Zeitler;Tyler Huntley;Ronnie Stanley,00-0036282;00-0037250;00-0033927;00-0038126;00-0032388;00-0033868;00-0036996;00-0037251;00-0034779;00-0035654;00-0034856,Grant Delpit;Martin Emerson;John Johnson;Perrion Winfrey;Deion Jones;Myles Garrett;Greg Newsome II;Alex Wright;Ronnie Harrison;Chase Winovich;Denzel Ward
2022_15_BAL_CLE,1797,timeout,0.0,,,,2.0,1827.0,,0.0,0:27,0:27,BAL,6.0,3.0,,0.0,,,0,,,,,,,,,
2022_15_BAL_CLE,1816,pass,0.0,61.0,61.0,BAL,2.0,1827.0,61.0,3.0,0:27,0:24,,6.0,3.0,1.0,15.0,"4 DL, 1 LB, 6 DB",;;;;;;;;;;,11,5,4,ZONE_COVERAGE,COVER_3,False,00-0034978;00-0026189;00-0034753;00-0037838;00-0036158;00-0031330;00-0036331;00-0037825;00-0029592;00-0035993;00-0032965,Ben Powers;DeSean Jackson;Mark Andrews;Isaiah Likely;J.K. Dobbins;Morgan Moses;Devin Duvernay;Tyler Linderbaum;Kevin Zeitler;Tyler Huntley;Ronnie Stanley,00-0036282;00-0037250;00-0033927;00-0038126;00-0032388;00-0033868;00-0036996;00-0037251;00-0034779;00-0035654;00-0034856,Grant Delpit;Martin Emerson;John Johnson;Perrion Winfrey;Deion Jones;Myles Garrett;Greg Newsome II;Alex Wright;Ronnie Harrison;Chase Winovich;Denzel Ward
2022_15_BAL_CLE,1838,pass,6.0,61.0,55.0,BAL,2.0,1824.0,61.0,6.0,0:24,0:18,,6.0,3.0,2.0,15.0,"4 DL, 1 LB, 6 DB",;;;;;;;;;;,11,5,4,ZONE_COVERAGE,COVER_3,False,00-0036133;00-0034978;00-0034753;00-0036158;00-0031330;00-0036331;00-0032775;00-0037825;00-0029592;00-0032965;00-0035993,James Proche;Ben Powers;Mark Andrews;J.K. Dobbins;Morgan Moses;Devin Duvernay;Demarcus Robinson;Tyler Linderbaum;Kevin Zeitler;Ronnie Stanley;Tyler Huntley,00-0036282;00-0037250;00-0033927;00-0033868;00-0038126;00-0032388;00-0037251;00-0036996;00-0034779;00-0035654;00-0034856,Grant Delpit;Martin Emerson;John Johnson;Myles Garrett;Perrion Winfrey;Deion Jones;Alex Wright;Greg Newsome II;Ronnie Harrison;Chase Winovich;Denzel Ward
2022_15_BAL_CLE,1873,timeout,0.0,,,,2.0,1818.0,,0.0,0:18,0:18,BAL,6.0,3.0,,0.0,,,0,,,,,,,,,
2022_15_BAL_CLE,1880,pass,19.0,55.0,36.0,BAL,2.0,1818.0,55.0,6.0,0:18,0:12,,6.0,3.0,3.0,9.0,"4 DL, 1 LB, 6 DB",;;;;;;;;;;,11,6,4,ZONE_COVERAGE,COVER_6,False,00-0034978;00-0034753;00-0037838;00-0031330;00-0036331;00-0032775;00-0034975;00-0037825;00-0029592;00-0035993;00-0032965,Ben Powers;Mark Andrews;Isaiah Likely;Morgan Moses;Devin Duvernay;Demarcus Robinson;Justice Hill;Tyler Linderbaum;Kevin Zeitler;Tyler Huntley;Ronnie Stanley,00-0036282;00-0037250;00-0033927;00-0033868;00-0038126;00-0032388;00-0037251;00-0036996;00-0034779;00-0035654;00-0034856,Grant Delpit;Martin Emerson;John Johnson;Myles Garrett;Perrion Winfrey;Deion Jones;Alex Wright;Greg Newsome II;Ronnie Harrison;Chase Winovich;Denzel Ward
2022_15_BAL_CLE,1904,run,5.0,36.0,31.0,BAL,2.0,1812.0,36.0,10.0,0:12,0:02,,6.0,3.0,1.0,10.0,"4 DL, 1 LB, 6 DB",;;;;;;;;;;,11,4,,,,,00-0034978;00-0034753;00-0037838;00-0031330;00-0036331;00-0032775;00-0034975;00-0037825;00-0029592;00-0035993;00-0032965,Ben Powers;Mark Andrews;Isaiah Likely;Morgan Moses;Devin Duvernay;Demarcus Robinson;Justice Hill;Tyler Linderbaum;Kevin Zeitler;Tyler Huntley;Ronnie Stanley,00-0036282;00-0037250;00-0033927;00-0033868;00-0032388;00-0038126;00-0036996;00-0037251;00-0034779;00-0035654;00-0034856,Grant Delpit;Martin Emerson;John Johnson;Myles Garrett;Deion Jones;Perrion Winfrey;Greg Newsome II;Alex Wright;Ronnie Harrison;Chase Winovich;Denzel Ward
2022_15_BAL_CLE,1930,field_goal,0.0,31.0,31.0,BAL,2.0,1802.0,31.0,0.0,0:02,0:02,,6.0,3.0,2.0,5.0,,;;;;;;;;;;,11,,,,,,00-0034978;00-0038094;00-0026190;00-0037756;00-0029597;00-0031330;00-0038118;00-0031598;00-0035112;00-0035992;00-0035408,Ben Powers;Jordan Stout;Calais Campbell;Travis Jones;Justin Tucker;Morgan Moses;Daniel Faalele;Nick Boyle;Patrick Mekari;Trystan Colon;Nick Moore,00-0036282;00-0033927;00-0035444;00-0036634;00-0037251;00-0036996;00-0036266;00-0034842;00-0035654;00-0034396;00-0034856,Grant Delpit;John Johnson;Jordan Kunaszyk;Tony Fields II;Alex Wright;Greg Newsome II;Jordan Elliott;Taven Bryan;Chase Winovich;Jermaine Carter;Denzel Ward
2022_15_BAL_CLE,1941,timeout,0.0,,,,2.0,1802.0,,2.0,0:02,0:00,BAL,6.0,3.0,,0.0,,,0,,,,,,,,,
2022_15_BAL_CLE,1957,start_quarter_3,,,,,2.0,1800.0,,0.0,0:00,0:00,,6.0,3.0,,0.0,,,0,,,,,,,,,
2022_15_BAL_CLE,1976,kickoff,0.0,35.0,35.0,BAL,3.0,1800.0,35.0,0.0,15:00,15:00,,6.0,3.0,,0.0,,;;;;;;;;;;,11,,,,,,00-0037332;00-0036282;00-0035444;00-0034779;00-0035638;00-0035628;00-0034396;00-0036114;00-0034500;00-0038097;00-0037267,D'Anthony Bell;Grant Delpit;Jordan Kunaszyk;Ronnie Harrison;Greedy Williams;D'Ernest Johnson;Jermaine Carter;A.J. Green;Tae Davis;Cade York;Jerome Ford,00-0036157;00-0035202;00-0037838;00-0038038;00-0032942;00-0036199;00-0036331;00-0033376;00-0034975;00-0036280;00-0036987,Kristian Welch;Del'Shawn Phillips;Isaiah Likely;Kyle Hamilton;Kevon Seymour;Geno Stone;Devin Duvernay;Patrick Ricard;Justice Hill;Malik Harrison;Brandon Stephens
2022_15_BAL_CLE,1991,run,3.0,75.0,72.0,BAL,3.0,1800.0,75.0,38.0,15:00,14:22,,6.0,3.0,1.0,10.0,"4 DL, 3 LB, 4 DB",;;;;;;;;;;,11,8,,,,,00-0034978;00-0034753;00-0035249;00-0036158;00-0031330;00-0033376;00-0036331;00-0037825;00-0029592;00-0035993;00-0032965,Ben Powers;Mark Andrews;Josh Oliver;J.K. Dobbins;Morgan Moses;Patrick Ricard;Devin Duvernay;Tyler Linderbaum;Kevin Zeitler;Tyler Huntley;Ronnie Stanley,00-0036282;00-0033927;00-0035444;00-0032388;00-0033868;00-0036634;00-0036996;00-0037251;00-0036266;00-0034842;00-0034856,Grant Delpit;John Johnson;Jordan Kunaszyk;Deion Jones;Myles Garrett;Tony Fields II;Greg Newsome II;Alex Wright;Jordan Elliott;Taven Bryan;Denzel Ward
2022_15_BAL_CLE,2012,pass,7.0,72.0,65.0,BAL,3.0,1762.0,72.0,43.0,14:22,13:39,,6.0,3.0,2.0,7.0,"4 DL, 3 LB, 4 DB",;;;;;;;;;;,11,6,4,ZONE_COVERAGE,COVER_4,False,00-0034978;00-0034753;00-0037838;00-0031330;00-0033376;00-0036331;00-0032775;00-0037825;00-0029592;00-0032965;00-0035993,Ben Powers;Mark Andrews;Isaiah Likely;Morgan Moses;Patrick Ricard;Devin Duvernay;Demarcus Robinson;Tyler Linderbaum;Kevin Zeitler;Ronnie Stanley;Tyler Huntley,00-0036282;00-0033927;00-0035444;00-0033868;00-0032388;00-0036634;00-0036996;00-0037251;00-0036266;00-0034842;00-0034856,Grant Delpit;John Johnson;Jordan Kunaszyk;Myles Garrett;Deion Jones;Tony Fields II;Greg Newsome II;Alex Wright;Jordan Elliott;Taven Bryan;Denzel Ward
2022_15_BAL_CLE,2036,run,25.0,65.0,40.0,BAL,3.0,1719.0,65.0,32.0,13:39,13:07,,6.0,3.0,1.0,10.0,"4 DL, 3 LB, 4 DB",;;;;;;;;;;,11,8,,,,,00-0034978;00-0034753;00-0035249;00-0036158;00-0031330;00-0033376;00-0032775;00-0037825;00-0029592;00-0035993;00-0032965,Ben Powers;Mark Andrews;Josh Oliver;J.K. Dobbins;Morgan Moses;Patrick Ricard;Demarcus Robinson;Tyler Linderbaum;Kevin Zeitler;Tyler Huntley;Ronnie Stanley,00-0036282;00-0033927;00-0035444;00-0033868;00-0032388;00-0036634;00-0036996;00-0037251;00-0036266;00-0034842;00-0034856,Grant Delpit;John Johnson;Jordan Kunaszyk;Myles Garrett;Deion Jones;Tony Fields II;Greg Newsome II;Alex Wright;Jordan Elliott;Taven Bryan;Denzel Ward
2022_15_BAL_CLE,2062,run,5.0,40.0,35.0,BAL,3.0,1687.0,40.0,38.0,13:07,12:29,,6.0,3.0,1.0,10.0,"4 DL, 3 LB, 4 DB",;;;;;;;;;;,11,7,,,,,00-0034978;00-0034753;00-0035249;00-0036158;00-0031330;00-0033376;00-0036331;00-0037825;00-0029592;00-0032965;00-0035993,Ben Powers;Mark Andrews;Josh Oliver;J.K. Dobbins;Morgan Moses;Patrick Ricard;Devin Duvernay;Tyler Linderbaum;Kevin Zeitler;Ronnie Stanley;Tyler Huntley,00-0036282;00-0033927;00-0035444;00-0032388;00-0033868;00-0036634;00-0037251;00-0036996;00-0036266;00-0034842;00-0034856,Grant Delpit;John Johnson;Jordan Kunaszyk;Deion Jones;Myles Garrett;Tony Fields II;Alex Wright;Greg Newsome II;Jordan Elliott;Taven Bryan;Denzel Ward
2022_15_BAL_CLE,2083,run,7.0,35.0,28.0,BAL,3.0,1649.0,35.0,44.0,12:29,11:45,,6.0,3.0,2.0,5.0,"4 DL, 3 LB, 4 DB",;;;;;;;;;;,11,7,,,,,00-0034978;00-0034184;00-0034753;00-0035249;00-0031330;00-0033376;00-0036331;00-0037825;00-0029592;00-0032965;00-0035993,Ben Powers;Gus Edwards;Mark Andrews;Josh Oliver;Morgan Moses;Patrick Ricard;Devin Duvernay;Tyler Linderbaum;Kevin Zeitler;Ronnie Stanley;Tyler Huntley,00-0036282;00-0033927;00-0035444;00-0032388;00-0033868;00-0036634;00-0037251;00-0036996;00-0036266;00-0034842;00-0034856,Grant Delpit;John Johnson;Jordan Kunaszyk;Deion Jones;Myles Garrett;Tony Fields II;Alex Wright;Greg Newsome II;Jordan Elliott;Taven Bryan;Denzel Ward
2022_15_BAL_CLE,2104,run,1.0,28.0,27.0,BAL,3.0,1605.0,28.0,36.0,11:45,11:09,,6.0,3.0,1.0,10.0,"4 DL, 3 LB, 4 DB",;;;;;;;;;;,11,9,,,,,00-0034978;00-0034184;00-0034753;00-0035249;00-0031330;00-0033376;00-0036331;00-0037825;00-0029592;00-0035993;00-0032965,Ben Powers;Gus Edwards;Mark Andrews;Josh Oliver;Morgan Moses;Patrick Ricard;Devin Duvernay;Tyler Linderbaum;Kevin Zeitler;Tyler Huntley;Ronnie Stanley,00-0036282;00-0033927;00-0035444;00-0038126;00-0032388;00-0033868;00-0036634;00-0037251;00-0036996;00-0034856;00-0037356,Grant Delpit;John Johnson;Jordan Kunaszyk;Perrion Winfrey;Deion Jones;Myles Garrett;Tony Fields II;Alex Wright;Greg Newsome II;Denzel Ward;Ben Stille
2022_15_BAL_CLE,2125,pass,3.0,27.0,24.0,BAL,3.0,1569.0,27.0,38.0,11:09,10:31,,6.0,3.0,2.0,9.0,"4 DL, 3 LB, 4 DB",;;;;;;;;;;,11,8,4,ZONE_COVERAGE,COVER_3,False,00-0034978;00-0034753;00-0035249;00-0031330;00-0033376;00-0032775;00-0034975;00-0037825;00-0029592;00-0032965;00-0035993,Ben Powers;Mark Andrews;Josh Oliver;Morgan Moses;Patrick Ricard;Demarcus Robinson;Justice Hill;Tyler Linderbaum;Kevin Zeitler;Ronnie Stanley;Tyler Huntley,00-0036282;00-0033927;00-0035444;00-0033868;00-0032388;00-0038126;00-0036634;00-0036996;00-0035654;00-0034856;00-0037356,Grant Delpit;John Johnson;Jordan Kunaszyk;Myles Garrett;Deion Jones;Perrion Winfrey;Tony Fields II;Greg Newsome II;Chase Winovich;Denzel Ward;Ben Stille
2022_15_BAL_CLE,2149,run,9.0,24.0,15.0,BAL,3.0,1531.0,24.0,38.0,10:31,9:53,,6.0,3.0,3.0,6.0,"4 DL, 1 LB, 6 DB",;;;;;;;;;;,11,5,4,,,,00-0034978;00-0026189;00-0034753;00-0031330;00-0036331;00-0032775;00-0034975;00-0037825;00-0029592;00-0035993;00-0032965,Ben Powers;DeSean Jackson;Mark Andrews;Morgan Moses;Devin Duvernay;Demarcus Robinson;Justice Hill;Tyler Linderbaum;Kevin Zeitler;Tyler Huntley;Ronnie Stanley,00-0036282;00-0037250;00-0033927;00-0033868;00-0032388;00-0038126;00-0036996;00-0037251;00-0034779;00-0035654;00-0034856,Grant Delpit;Martin Emerson;John Johnson;Myles Garrett;Deion Jones;Perrion Winfrey;Greg Newsome II;Alex Wright;Ronnie Harrison;Chase Winovich;Denzel Ward
2022_15_BAL_CLE,2175,pass,-4.0,15.0,19.0,BAL,3.0,1493.0,15.0,42.0,9:53,9:11,,6.0,3.0,1.0,10.0,"4 DL, 3 LB, 4 DB",;;;;;;;;;;,11,7,6,,,,00-0034978;00-0034753;00-0035249;00-0036158;00-0031330;00-0033376;00-0032775;00-0037825;00-0029592;00-0035993;00-0032965,Ben Powers;Mark Andrews;Josh Oliver;J.K. Dobbins;Morgan Moses;Patrick Ricard;Demarcus Robinson;Tyler Linderbaum;Kevin Zeitler;Tyler Huntley;Ronnie Stanley,00-0036282;00-0033927;00-0035444;00-0032388;00-0038126;00-0036634;00-0036996;00-0037251;00-0034842;00-0034856;00-0037356,Grant Delpit;John Johnson;Jordan Kunaszyk;Deion Jones;Perrion Winfrey;Tony Fields II;Greg Newsome II;Alex Wright;Taven Bryan;Denzel Ward;Ben Stille
2022_15_BAL_CLE,2201,run,4.0,19.0,15.0,BAL,3.0,1451.0,19.0,43.0,9:11,8:28,,6.0,3.0,2.0,14.0,"4 DL, 2 LB, 5 DB",;;;;;;;;;;,11,6,,,,,00-0034978;00-0035249;00-0037838;00-0036158;00-0031330;00-0033376;00-0036331;00-0037825;00-0029592;00-0035993;00-0032965,Ben Powers;Josh Oliver;Isaiah Likely;J.K. Dobbins;Morgan Moses;Patrick Ricard;Devin Duvernay;Tyler Linderbaum;Kevin Zeitler;Tyler Huntley;Ronnie Stanley,00-0036282;00-0037250;00-0033927;00-0038126;00-0032388;00-0036634;00-0036996;00-0037251;00-0034842;00-0035654;00-0034856,Grant Delpit;Martin Emerson;John Johnson;Perrion Winfrey;Deion Jones;Tony Fields II;Greg Newsome II;Alex Wright;Taven Bryan;Chase Winovich;Denzel Ward
2022_15_BAL_CLE,2237,no_play,,15.0,,BAL,3.0,1408.0,15.0,6.0,8:28,8:22,,6.0,3.0,3.0,10.0,"4 DL, 1 LB, 6 DB",;;;;;;;;;;,11,7,,,,,00-0034978;00-0034753;00-0037838;00-0031330;00-0033376;00-0036331;00-0032775;00-0037825;00-0029592;00-0035993;00-0032965,Ben Powers;Mark Andrews;Isaiah Likely;Morgan Moses;Patrick Ricard;Devin Duvernay;Demarcus Robinson;Tyler Linderbaum;Kevin Zeitler;Tyler Huntley;Ronnie Stanley,00-0036282;00-0037250;00-0033927;00-0033868;00-0038126;00-0032388;00-0037251;00-0036996;00-0034779;00-0035654;00-0034856,Grant Delpit;Martin Emerson;John Johnson;Myles Garrett;Perrion Winfrey;Deion Jones;Alex Wright;Greg Newsome II;Ronnie Harrison;Chase Winovich;Denzel Ward
2022_15_BAL_CLE,2275,turnover,0.0,15.0,15.0,BAL,3.0,1402.0,15.0,4.0,8:22,8:18,,6.0,3.0,3.0,10.0,"4 DL, 1 LB, 6 DB",;;;;;;;;;;,11,6,4,ZONE_COVERAGE,COVER_6,False,00-0034978;00-0026189;00-0034753;00-0036158;00-0031330;00-0036331;00-0032775;00-0037825;00-0029592;00-0032965;00-0035993,Ben Powers;DeSean Jackson;Mark Andrews;J.K. Dobbins;Morgan Moses;Devin Duvernay;Demarcus Robinson;Tyler Linderbaum;Kevin Zeitler;Ronnie Stanley;Tyler Huntley,00-0036282;00-0037250;00-0033927;00-0033868;00-0032388;00-0037251;00-0036996;00-0036266;00-0034779;00-0035654;00-0034856,Grant Delpit;Martin Emerson;John Johnson;Myles Garrett;Deion Jones;Alex Wright;Greg Newsome II;Jordan Elliott;Ronnie Harrison;Chase Winovich;Denzel Ward
2022_15_BAL_CLE,2301,pass,0.0,91.0,91.0,CLE,3.0,1398.0,91.0,6.0,8:18,8:12,,6.0,3.0,1.0,10.0,"4 DL, 3 LB, 4 DB",;;;;;;;;;;,11,7,3,ZONE_COVERAGE,COVER_6,False,00-0033057;00-0036267;00-0036866;00-0033885;00-0036232;00-0031544;00-0031426;00-0033537;00-0034791;00-0034399;00-0035258,Jack Conklin;Jedrick Wills;James Hudson;David Njoku;Harrison Bryant;Amari Cooper;Joel Bitonio;Deshaun Watson;Nick Chubb;Wyatt Teller;Hjalte Froholdt,00-0036081;00-0033294;00-0026190;00-0036323;00-0033894;00-0032165;00-0033283;00-0033281;00-0034874;00-0027867;00-0036130,Broderick Washington;Chuck Clark;Calais Campbell;Patrick Queen;Marcus Williams;Marcus Peters;Tyus Bowser;Marlon Humphrey;Roquan Smith;Jason Pierre-Paul;Nnamdi Madubuike
2022_15_BAL_CLE,2325,run,3.0,91.0,88.0,CLE,3.0,1392.0,91.0,42.0,8:12,7:30,,6.0,3.0,2.0,10.0,"4 DL, 3 LB, 4 DB",;;;;;;;;;;,11,7,,,,,00-0033057;00-0036267;00-0036866;00-0033885;00-0036232;00-0031544;00-0031426;00-0033537;00-0034791;00-0034399;00-0035258,Jack Conklin;Jedrick Wills;James Hudson;David Njoku;Harrison Bryant;Amari Cooper;Joel Bitonio;Deshaun Watson;Nick Chubb;Wyatt Teller;Hjalte Froholdt,00-0036081;00-0033294;00-0026190;00-0036323;00-0033894;00-0032165;00-0033283;00-0033281;00-0034874;00-0027867;00-0036130,Broderick Washington;Chuck Clark;Calais Campbell;Patrick Queen;Marcus Williams;Marcus Peters;Tyus Bowser;Marlon Humphrey;Roquan Smith;Jason Pierre-Paul;Nnamdi Madubuike
2022_15_BAL_CLE,2357,no_play,0.0,88.0,88.0,CLE,3.0,1350.0,88.0,21.0,7:30,7:09,,6.0,3.0,3.0,7.0,"2 DL, 4 LB, 5 DB",;;;;;;;;;;,11,6,,,,,00-0033057;00-0033923;00-0036267;00-0033885;00-0037300;00-0031544;00-0031426;00-0036233;00-0033537;00-0034399;00-0035258,Jack Conklin;Kareem Hunt;Jedrick Wills;David Njoku;Mike Woods;Amari Cooper;Joel Bitonio;Donovan Peoples-Jones;Deshaun Watson;Wyatt Teller;Hjalte Froholdt,00-0033294;00-0026190;00-0038038;00-0036323;00-0033894;00-0028008;00-0032165;00-0033283;00-0033281;00-0034874;00-0027867,Chuck Clark;Calais Campbell;Kyle Hamilton;Patrick Queen;Marcus Williams;Justin Houston;Marcus Peters;Tyus Bowser;Marlon Humphrey;Roquan Smith;Jason Pierre-Paul
2022_15_BAL_CLE,2387,run,11.0,73.0,62.0,CLE,3.0,1329.0,73.0,36.0,7:09,6:33,,6.0,3.0,1.0,10.0,"3 DL, 3 LB, 5 DB",;;;;;;;;;;,11,6,,,,,00-0033057;00-0036267;00-0033885;00-0031544;00-0037300;00-0031426;00-0036233;00-0034791;00-0033537;00-0034399;00-0035258,Jack Conklin;Jedrick Wills;David Njoku;Amari Cooper;Mike Woods;Joel Bitonio;Donovan Peoples-Jones;Nick Chubb;Deshaun Watson;Wyatt Teller;Hjalte Froholdt,00-0033294;00-0037756;00-0038038;00-0036323;00-0033894;00-0028008;00-0032165;00-0033281;00-0034874;00-0027867;00-0036130,Chuck Clark;Travis Jones;Kyle Hamilton;Patrick Queen;Marcus Williams;Justin Houston;Marcus Peters;Marlon Humphrey;Roquan Smith;Jason Pierre-Paul;Nnamdi Madubuike
2022_15_BAL_CLE,2408,pass,16.0,62.0,46.0,CLE,3.0,1293.0,62.0,37.0,6:33,5:56,,6.0,3.0,1.0,10.0,"3 DL, 3 LB, 5 DB",;;;;;;;;;;,11,7,3,ZONE_COVERAGE,COVER_3,False,00-0033057;00-0036267;00-0033885;00-0037300;00-0031544;00-0031426;00-0036233;00-0033537;00-0034791;00-0034399;00-0035258,Jack Conklin;Jedrick Wills;David Njoku;Mike Woods;Amari Cooper;Joel Bitonio;Donovan Peoples-Jones;Deshaun Watson;Nick Chubb;Wyatt Teller;Hjalte Froholdt,00-0033294;00-0037756;00-0038038;00-0036323;00-0033894;00-0028008;00-0032165;00-0033281;00-0034874;00-0027867;00-0036130,Chuck Clark;Travis Jones;Kyle Hamilton;Patrick Queen;Marcus Williams;Justin Houston;Marcus Peters;Marlon Humphrey;Roquan Smith;Jason Pierre-Paul;Nnamdi Madubuike
2022_15_BAL_CLE,2447,pass,28.0,46.0,18.0,CLE,3.0,1256.0,46.0,40.0,5:56,5:16,,6.0,3.0,1.0,10.0,"3 DL, 3 LB, 5 DB",;;;;;;;;;;,11,6,5,ZONE_COVERAGE,COVER_3,False,00-0033057;00-0036267;00-0033885;00-0037300;00-0031544;00-0031426;00-0036233;00-0033537;00-0034791;00-0034399;00-0035258,Jack Conklin;Jedrick Wills;David Njoku;Mike Woods;Amari Cooper;Joel Bitonio;Donovan Peoples-Jones;Deshaun Watson;Nick Chubb;Wyatt Teller;Hjalte Froholdt,00-0033294;00-0037756;00-0038038;00-0036323;00-0033894;00-0028008;00-0032165;00-0033281;00-0034874;00-0027867;00-0036130,Chuck Clark;Travis Jones;Kyle Hamilton;Patrick Queen;Marcus Williams;Justin Houston;Marcus Peters;Marlon Humphrey;Roquan Smith;Jason Pierre-Paul;Nnamdi Madubuike
2022_15_BAL_CLE,2476,pass,5.0,18.0,13.0,CLE,3.0,1216.0,18.0,60.0,5:16,4:16,,6.0,3.0,1.0,10.0,"4 DL, 3 LB, 4 DB",;;;;;;;;;;,11,7,4,MAN_COVERAGE,COVER_1,False,00-0033057;00-0036267;00-0033885;00-0036232;00-0031426;00-0036233;00-0033537;00-0034791;00-0033439;00-0034399;00-0035258,Jack Conklin;Jedrick Wills;David Njoku;Harrison Bryant;Joel Bitonio;Donovan Peoples-Jones;Deshaun Watson;Nick Chubb;Pharaoh Brown;Wyatt Teller;Hjalte Froholdt,00-0036081;00-0033294;00-0031177;00-0036323;00-0033894;00-0032165;00-0033283;00-0033281;00-0034874;00-0027867;00-0036130,Broderick Washington;Chuck Clark;Brent Urban;Patrick Queen;Marcus Williams;Marcus Peters;Tyus Bowser;Marlon Humphrey;Roquan Smith;Jason Pierre-Paul;Nnamdi Madubuike
2022_15_BAL_CLE,2500,pass,4.0,13.0,9.0,CLE,3.0,1156.0,13.0,29.0,4:16,3:47,,6.0,3.0,2.0,5.0,"3 DL, 3 LB, 5 DB",;;;;;;;;;;,11,6,4,ZONE_COVERAGE,COVER_4,False,00-0033057;00-0036267;00-0033885;00-0031544;00-0037300;00-0031426;00-0036233;00-0033537;00-0034791;00-0034399;00-0035258,Jack Conklin;Jedrick Wills;David Njoku;Amari Cooper;Mike Woods;Joel Bitonio;Donovan Peoples-Jones;Deshaun Watson;Nick Chubb;Wyatt Teller;Hjalte Froholdt,00-0036081;00-0033294;00-0038038;00-0036323;00-0033894;00-0032165;00-0033283;00-0033281;00-0034874;00-0027867;00-0036130,Broderick Washington;Chuck Clark;Kyle Hamilton;Patrick Queen;Marcus Williams;Marcus Peters;Tyus Bowser;Marlon Humphrey;Roquan Smith;Jason Pierre-Paul;Nnamdi Madubuike
2022_15_BAL_CLE,2524,pass,0.0,9.0,9.0,CLE,3.0,1127.0,9.0,6.0,3:47,3:41,,6.0,3.0,3.0,1.0,"3 DL, 3 LB, 5 DB",;;;;;;;;;;,11,9,4,MAN_COVERAGE,COVER_0,True,00-0033057;00-0036267;00-0033885;00-0031544;00-0037300;00-0031426;00-0036233;00-0033537;00-0034791;00-0034399;00-0035258,Jack Conklin;Jedrick Wills;David Njoku;Amari Cooper;Mike Woods;Joel Bitonio;Donovan Peoples-Jones;Deshaun Watson;Nick Chubb;Wyatt Teller;Hjalte Froholdt,00-0036081;00-0033294;00-0038038;00-0036323;00-0033894;00-0032165;00-0033283;00-0033281;00-0034874;00-0027867;00-0036130,Broderick Washington;Chuck Clark;Kyle Hamilton;Patrick Queen;Marcus Williams;Marcus Peters;Tyus Bowser;Marlon Humphrey;Roquan Smith;Jason Pierre-Paul;Nnamdi Madubuike
2022_15_BAL_CLE,2546,run,2.0,9.0,7.0,CLE,3.0,1121.0,9.0,44.0,3:41,2:57,,6.0,3.0,4.0,1.0,"6 DL, 2 LB, 3 DB",;;;;;;;;;;,11,10,,,,,00-0033057;00-0036267;00-0034991;00-0033885;00-0036232;00-0031426;00-0033537;00-0034791;00-0033439;00-0034399;00-0035258,Jack Conklin;Jedrick Wills;Drew Forbes;David Njoku;Harrison Bryant;Joel Bitonio;Deshaun Watson;Nick Chubb;Pharaoh Brown;Wyatt Teller;Hjalte Froholdt,00-0036081;00-0033294;00-0026190;00-0037756;00-0036199;00-0031177;00-0036323;00-0033281;00-0034874;00-0027867;00-0036130,Broderick Washington;Chuck Clark;Calais Campbell;Travis Jones;Geno Stone;Brent Urban;Patrick Queen;Marlon Humphrey;Roquan Smith;Jason Pierre-Paul;Nnamdi Madubuike
2022_15_BAL_CLE,2569,run,4.0,7.0,3.0,CLE,3.0,1077.0,7.0,39.0,2:57,2:18,,6.0,3.0,1.0,7.0,"3 DL, 4 LB, 4 DB",;;;;;;;;;;,11,7,,,,,00-0033057;00-0036267;00-0036866;00-0033885;00-0036232;00-0031426;00-0036233;00-0033537;00-0034791;00-0034399;00-0035258,Jack Conklin;Jedrick Wills;James Hudson;David Njoku;Harrison Bryant;Joel Bitonio;Donovan Peoples-Jones;Deshaun Watson;Nick Chubb;Wyatt Teller;Hjalte Froholdt,00-0036081;00-0033294;00-0026190;00-0031177;00-0036323;00-0033894;00-0028008;00-0032165;00-0033283;00-0033281;00-0034874,Broderick Washington;Chuck Clark;Calais Campbell;Brent Urban;Patrick Queen;Marcus Williams;Justin Houston;Marcus Peters;Tyus Bowser;Marlon Humphrey;Roquan Smith
2022_15_BAL_CLE,2592,pass,0.0,3.0,3.0,CLE,3.0,1038.0,3.0,4.0,2:18,2:14,,6.0,3.0,2.0,3.0,"3 DL, 4 LB, 4 DB",;;;;;;;;;;,11,9,4,MAN_COVERAGE,COVER_0,False,00-0033057;00-0036267;00-0033885;00-0036232;00-0031544;00-0031426;00-0036233;00-0034791;00-0033537;00-0034399;00-0035258,Jack Conklin;Jedrick Wills;David Njoku;Harrison Bryant;Amari Cooper;Joel Bitonio;Donovan Peoples-Jones;Nick Chubb;Deshaun Watson;Wyatt Teller;Hjalte Froholdt,00-0036081;00-0033294;00-0026190;00-0031177;00-0036323;00-0033894;00-0032165;00-0028008;00-0033283;00-0033281;00-0034874,Broderick Washington;Chuck Clark;Calais Campbell;Brent Urban;Patrick Queen;Marcus Williams;Marcus Peters;Justin Houston;Tyus Bowser;Marlon Humphrey;Roquan Smith
2022_15_BAL_CLE,2614,pass,3.0,3.0,0.0,CLE,3.0,1034.0,3.0,4.0,2:14,2:10,,12.0,3.0,3.0,3.0,"2 DL, 4 LB, 5 DB",;;;;;;;;;;,11,7,4,MAN_COVERAGE,COVER_0,False,00-0033057;00-0036267;00-0033885;00-0037300;00-0031544;00-0031426;00-0036233;00-0033537;00-0034791;00-0034399;00-0035258,Jack Conklin;Jedrick Wills;David Njoku;Mike Woods;Amari Cooper;Joel Bitonio;Donovan Peoples-Jones;Deshaun Watson;Nick Chubb;Wyatt Teller;Hjalte Froholdt,00-0036081;00-0033294;00-0026190;00-0038038;00-0036323;00-0033894;00-0028008;00-0032165;00-0033283;00-0033281;00-0034874,Broderick Washington;Chuck Clark;Calais Campbell;Kyle Hamilton;Patrick Queen;Marcus Williams;Justin Houston;Marcus Peters;Tyus Bowser;Marlon Humphrey;Roquan Smith
2022_15_BAL_CLE,2639,extra_point,0.0,15.0,15.0,CLE,3.0,1030.0,15.0,0.0,2:10,2:10,,13.0,3.0,,0.0,,;;;;;;;;;;,11,,,,,,00-0036267;00-0036866;00-0034991;00-0029008;00-0036266;00-0031426;00-0034842;00-0034721;00-0034399;00-0035258;00-0038097,Jedrick Wills;James Hudson;Drew Forbes;Charley Hughlett;Jordan Elliott;Joel Bitonio;Taven Bryan;Corey Bojorquez;Wyatt Teller;Hjalte Froholdt;Cade York,00-0036081;00-0036157;00-0033294;00-0026190;00-0037756;00-0038038;00-0036199;00-0031177;00-0032942;00-0036280;00-0036987,Broderick Washington;Kristian Welch;Chuck Clark;Calais Campbell;Travis Jones;Kyle Hamilton;Geno Stone;Brent Urban;Kevon Seymour;Malik Harrison;Brandon Stephens
2022_15_BAL_CLE,2655,kickoff,0.0,35.0,35.0,BAL,3.0,1030.0,35.0,0.0,2:10,2:10,,13.0,3.0,,0.0,,;;;;;;;;;;,11,,,,,,00-0037332;00-0036282;00-0035444;00-0034779;00-0035628;00-0035638;00-0034396;00-0036114;00-0034500;00-0038097;00-0037267,D'Anthony Bell;Grant Delpit;Jordan Kunaszyk;Ronnie Harrison;D'Ernest Johnson;Greedy Williams;Jermaine Carter;A.J. Green;Tae Davis;Cade York;Jerome Ford,00-0036157;00-0035202;00-0037838;00-0038038;00-0036199;00-0032942;00-0036331;00-0033376;00-0034975;00-0036280;00-0036987,Kristian Welch;Del'Shawn Phillips;Isaiah Likely;Kyle Hamilton;Geno Stone;Kevon Seymour;Devin Duvernay;Patrick Ricard;Justice Hill;Malik Harrison;Brandon Stephens
2022_15_BAL_CLE,2670,turnover,14.0,75.0,61.0,BAL,3.0,1030.0,75.0,6.0,2:10,2:04,,13.0,3.0,1.0,10.0,"4 DL, 2 LB, 5 DB",;;;;;;;;;;,11,6,4,ZONE_COVERAGE,COVER_4,False,00-0034978;00-0034753;00-0037838;00-0031330;00-0033376;00-0036331;00-0032775;00-0037825;00-0029592;00-0032965;00-0035993,Ben Powers;Mark Andrews;Isaiah Likely;Morgan Moses;Patrick Ricard;Devin Duvernay;Demarcus Robinson;Tyler Linderbaum;Kevin Zeitler;Ronnie Stanley;Tyler Huntley,00-0036282;00-0033927;00-0032388;00-0033868;00-0036996;00-0037251;00-0036266;00-0034842;00-0034779;00-0034396;00-0034856,Grant Delpit;John Johnson;Deion Jones;Myles Garrett;Greg Newsome II;Alex Wright;Jordan Elliott;Taven Bryan;Ronnie Harrison;Jermaine Carter;Denzel Ward
2022_15_BAL_CLE,2710,run,8.0,40.0,32.0,CLE,3.0,1024.0,40.0,22.0,2:04,1:42,,13.0,3.0,1.0,10.0,"3 DL, 3 LB, 5 DB",;;;;;;;;;;,11,6,,,,,00-0033057;00-0033923;00-0036267;00-0033885;00-0031544;00-0037300;00-0031426;00-0036233;00-0033537;00-0034399;00-0035258,Jack Conklin;Kareem Hunt;Jedrick Wills;David Njoku;Amari Cooper;Mike Woods;Joel Bitonio;Donovan Peoples-Jones;Deshaun Watson;Wyatt Teller;Hjalte Froholdt,00-0036081;00-0033294;00-0038038;00-0036323;00-0036940;00-0033894;00-0033281;00-0034874;00-0036987;00-0027867;00-0036130,Broderick Washington;Chuck Clark;Kyle Hamilton;Patrick Queen;Odafe Oweh;Marcus Williams;Marlon Humphrey;Roquan Smith;Brandon Stephens;Jason Pierre-Paul;Nnamdi Madubuike
2022_15_BAL_CLE,2731,pass,0.0,32.0,32.0,CLE,3.0,1002.0,32.0,5.0,1:42,1:37,,13.0,3.0,2.0,2.0,"3 DL, 3 LB, 5 DB",;;;;;;;;;;,11,6,4,ZONE_COVERAGE,COVER_4,False,00-0033057;00-0036267;00-0033923;00-0033885;00-0037300;00-0031544;00-0031426;00-0036233;00-0033537;00-0034399;00-0035258,Jack Conklin;Jedrick Wills;Kareem Hunt;David Njoku;Mike Woods;Amari Cooper;Joel Bitonio;Donovan Peoples-Jones;Deshaun Watson;Wyatt Teller;Hjalte Froholdt,00-0036081;00-0033294;00-0038038;00-0036323;00-0036940;00-0033894;00-0033281;00-0034874;00-0036987;00-0027867;00-0036130,Broderick Washington;Chuck Clark;Kyle Hamilton;Patrick Queen;Odafe Oweh;Marcus Williams;Marlon Humphrey;Roquan Smith;Brandon Stephens;Jason Pierre-Paul;Nnamdi Madubuike
2022_15_BAL_CLE,2753,no_play,0.0,32.0,32.0,CLE,3.0,997.0,32.0,18.0,1:37,1:19,,13.0,3.0,3.0,2.0,"3 DL, 3 LB, 5 DB",;;;;;;;;;;,11,7,,,,,00-0033057;00-0033923;00-0036267;00-0033885;00-0031544;00-0037300;00-0031426;00-0036233;00-0033537;00-0034399;00-0035258,Jack Conklin;Kareem Hunt;Jedrick Wills;David Njoku;Amari Cooper;Mike Woods;Joel Bitonio;Donovan Peoples-Jones;Deshaun Watson;Wyatt Teller;Hjalte Froholdt,00-0036081;00-0033294;00-0038038;00-0036323;00-0036940;00-0033894;00-0033281;00-0034874;00-0036987;00-0027867;00-0036130,Broderick Washington;Chuck Clark;Kyle Hamilton;Patrick Queen;Odafe Oweh;Marcus Williams;Marlon Humphrey;Roquan Smith;Brandon Stephens;Jason Pierre-Paul;Nnamdi Madubuike
2022_15_BAL_CLE,2785,pass,-5.0,42.0,47.0,CLE,3.0,979.0,42.0,30.0,1:19,0:49,,13.0,3.0,3.0,12.0,"2 DL, 4 LB, 5 DB",;;;;;;;;;;,11,5,5,,,,00-0033057;00-0036267;00-0033923;00-0033885;00-0037300;00-0031544;00-0031426;00-0036233;00-0033537;00-0034399;00-0035258,Jack Conklin;Jedrick Wills;Kareem Hunt;David Njoku;Mike Woods;Amari Cooper;Joel Bitonio;Donovan Peoples-Jones;Deshaun Watson;Wyatt Teller;Hjalte Froholdt,00-0033294;00-0026190;00-0038038;00-0036323;00-0036940;00-0033894;00-0028008;00-0033281;00-0034874;00-0036987;00-0027867,Chuck Clark;Calais Campbell;Kyle Hamilton;Patrick Queen;Odafe Oweh;Marcus Williams;Justin Houston;Marlon Humphrey;Roquan Smith;Brandon Stephens;Jason Pierre-Paul
2022_15_BAL_CLE,2804,punt,0.0,47.0,47.0,CLE,3.0,949.0,47.0,6.0,0:49,0:43,,13.0,3.0,4.0,17.0,,;;;;;;;;;;,11,,,,,,00-0037332;00-0036282;00-0029008;00-0035444;00-0036634;00-0035654;00-0035628;00-0034396;00-0034721;00-0036114;00-0034500,D'Anthony Bell;Grant Delpit;Charley Hughlett;Jordan Kunaszyk;Tony Fields II;Chase Winovich;D'Ernest Johnson;Jermaine Carter;Corey Bojorquez;A.J. Green;Tae Davis,00-0036157;00-0035249;00-0035202;00-0038142;00-0038038;00-0036199;00-0032942;00-0036331;00-0034975;00-0036280;00-0036987,Kristian Welch;Josh Oliver;Del'Shawn Phillips;David Ojabo;Kyle Hamilton;Geno Stone;Kevon Seymour;Devin Duvernay;Justice Hill;Malik Harrison;Brandon Stephens
2022_15_BAL_CLE,2835,run,37.0,91.0,54.0,BAL,3.0,943.0,91.0,28.0,0:43,0:15,,13.0,3.0,1.0,10.0,"4 DL, 3 LB, 4 DB",;;;;;;;;;;,11,7,,,,,00-0034978;00-0034753;00-0035249;00-0036158;00-0031330;00-0036331;00-0033376;00-0037825;00-0029592;00-0035993;00-0032965,Ben Powers;Mark Andrews;Josh Oliver;J.K. Dobbins;Morgan Moses;Devin Duvernay;Patrick Ricard;Tyler Linderbaum;Kevin Zeitler;Tyler Huntley;Ronnie Stanley,00-0036282;00-0038126;00-0032388;00-0036634;00-0037251;00-0036996;00-0036266;00-0034842;00-0034779;00-0034396;00-0034856,Grant Delpit;Perrion Winfrey;Deion Jones;Tony Fields II;Alex Wright;Greg Newsome II;Jordan Elliott;Taven Bryan;Ronnie Harrison;Jermaine Carter;Denzel Ward
2022_15_BAL_CLE,2856,pass,19.0,54.0,35.0,BAL,3.0,915.0,54.0,15.0,0:15,0:00,,13.0,3.0,1.0,10.0,"4 DL, 3 LB, 4 DB",;;;;;;;;;;,11,6,1,ZONE_COVERAGE,COVER_3,False,00-0034978;00-0034753;00-0035249;00-0036158;00-0031330;00-0036331;00-0033376;00-0037825;00-0029592;00-0035993;00-0032965,Ben Powers;Mark Andrews;Josh Oliver;J.K. Dobbins;Morgan Moses;Devin Duvernay;Patrick Ricard;Tyler Linderbaum;Kevin Zeitler;Tyler Huntley;Ronnie Stanley,00-0036282;00-0038126;00-0032388;00-0036634;00-0037251;00-0036996;00-0036266;00-0034842;00-0034779;00-0034396;00-0034856,Grant Delpit;Perrion Winfrey;Deion Jones;Tony Fields II;Alex Wright;Greg Newsome II;Jordan Elliott;Taven Bryan;Ronnie Harrison;Jermaine Carter;Denzel Ward
2022_15_BAL_CLE,2880,start_quarter_4,,,,BAL,3.0,900.0,,0.0,0:00,0:00,,13.0,3.0,,0.0,,,0,,,,,,,,,
2022_15_BAL_CLE,2899,pass,0.0,35.0,35.0,BAL,4.0,900.0,35.0,6.0,15:00,14:54,,13.0,3.0,1.0,10.0,"4 DL, 3 LB, 4 DB",;;;;;;;;;;,11,7,4,ZONE_COVERAGE,COVER_3,True,00-0034978;00-0034184;00-0034753;00-0035249;00-0031330;00-0036331;00-0033376;00-0037825;00-0029592;00-0032965;00-0035993,Ben Powers;Gus Edwards;Mark Andrews;Josh Oliver;Morgan Moses;Devin Duvernay;Patrick Ricard;Tyler Linderbaum;Kevin Zeitler;Ronnie Stanley;Tyler Huntley,00-0036282;00-0032388;00-0038126;00-0036634;00-0037251;00-0036996;00-0036266;00-0034842;00-0034779;00-0034396;00-0034856,Grant Delpit;Deion Jones;Perrion Winfrey;Tony Fields II;Alex Wright;Greg Newsome II;Jordan Elliott;Taven Bryan;Ronnie Harrison;Jermaine Carter;Denzel Ward
2022_15_BAL_CLE,2921,run,4.0,35.0,31.0,BAL,4.0,894.0,35.0,42.0,14:54,14:12,,13.0,3.0,2.0,10.0,"4 DL, 3 LB, 4 DB",;;;;;;;;;;,11,7,,,,,00-0034978;00-0034184;00-0034753;00-0035249;00-0031330;00-0033376;00-0036331;00-0037825;00-0029592;00-0035993;00-0032965,Ben Powers;Gus Edwards;Mark Andrews;Josh Oliver;Morgan Moses;Patrick Ricard;Devin Duvernay;Tyler Linderbaum;Kevin Zeitler;Tyler Huntley;Ronnie Stanley,00-0036282;00-0032388;00-0033868;00-0038126;00-0036634;00-0036996;00-0037251;00-0036266;00-0034779;00-0034396;00-0034856,Grant Delpit;Deion Jones;Myles Garrett;Perrion Winfrey;Tony Fields II;Greg Newsome II;Alex Wright;Jordan Elliott;Ronnie Harrison;Jermaine Carter;Denzel Ward
2022_15_BAL_CLE,2942,pass,0.0,31.0,31.0,BAL,4.0,852.0,31.0,4.0,14:12,14:08,,13.0,3.0,3.0,6.0,"4 DL, 1 LB, 6 DB",;;;;;;;;;;,11,5,4,MAN_COVERAGE,COVER_1,True,00-0034978;00-0034753;00-0037838;00-0031330;00-0036331;00-0032775;00-0034975;00-0037825;00-0029592;00-0035993;00-0032965,Ben Powers;Mark Andrews;Isaiah Likely;Morgan Moses;Devin Duvernay;Demarcus Robinson;Justice Hill;Tyler Linderbaum;Kevin Zeitler;Tyler Huntley;Ronnie Stanley,00-0037332;00-0036282;00-0037250;00-0033868;00-0032388;00-0037251;00-0036996;00-0036266;00-0034779;00-0035654;00-0034856,D'Anthony Bell;Grant Delpit;Martin Emerson;Myles Garrett;Deion Jones;Alex Wright;Greg Newsome II;Jordan Elliott;Ronnie Harrison;Chase Winovich;Denzel Ward
2022_15_BAL_CLE,2964,field_goal,0.0,31.0,31.0,BAL,4.0,848.0,31.0,6.0,14:08,14:02,,13.0,3.0,4.0,6.0,,;;;;;;;;;;,11,,,,,,00-0034978;00-0038094;00-0026190;00-0037756;00-0029597;00-0031330;00-0038118;00-0031598;00-0035112;00-0035992;00-0035408,Ben Powers;Jordan Stout;Calais Campbell;Travis Jones;Justin Tucker;Morgan Moses;Daniel Faalele;Nick Boyle;Patrick Mekari;Trystan Colon;Nick Moore,00-0036282;00-0035444;00-0036634;00-0036996;00-0037251;00-0036266;00-0034842;00-0034779;00-0035654;00-0034396;00-0034856,Grant Delpit;Jordan Kunaszyk;Tony Fields II;Greg Newsome II;Alex Wright;Jordan Elliott;Taven Bryan;Ronnie Harrison;Chase Winovich;Jermaine Carter;Denzel Ward
2022_15_BAL_CLE,2993,pass,0.0,48.0,48.0,CLE,4.0,842.0,48.0,4.0,14:02,13:58,,13.0,3.0,1.0,10.0,"3 DL, 4 LB, 4 DB",;;;;;;;;;;,11,7,4,ZONE_COVERAGE,COVER_6,True,00-0033057;00-0036267;00-0033885;00-0031544;00-0037300;00-0031426;00-0036233;00-0033537;00-0034791;00-0034399;00-0035258,Jack Conklin;Jedrick Wills;David Njoku;Amari Cooper;Mike Woods;Joel Bitonio;Donovan Peoples-Jones;Deshaun Watson;Nick Chubb;Wyatt Teller;Hjalte Froholdt,00-0033294;00-0026190;00-0037756;00-0031177;00-0036323;00-0033894;00-0028008;00-0033283;00-0033281;00-0034874;00-0036987,Chuck Clark;Calais Campbell;Travis Jones;Brent Urban;Patrick Queen;Marcus Williams;Justin Houston;Tyus Bowser;Marlon Humphrey;Roquan Smith;Brandon Stephens
2022_15_BAL_CLE,3015,run,3.0,48.0,45.0,CLE,4.0,838.0,48.0,0.0,13:58,13:58,,13.0,3.0,2.0,10.0,"3 DL, 4 LB, 4 DB",;;;;;;;;;;,11,8,,,,,00-0033057;00-0036267;00-0033885;00-0036232;00-0031426;00-0036233;00-0033537;00-0034791;00-0033439;00-0034399;00-0035258,Jack Conklin;Jedrick Wills;David Njoku;Harrison Bryant;Joel Bitonio;Donovan Peoples-Jones;Deshaun Watson;Nick Chubb;Pharaoh Brown;Wyatt Teller;Hjalte Froholdt,00-0033294;00-0026190;00-0037756;00-0031177;00-0036323;00-0033894;00-0028008;00-0033283;00-0033281;00-0034874;00-0036987,Chuck Clark;Calais Campbell;Travis Jones;Brent Urban;Patrick Queen;Marcus Williams;Justin Houston;Tyus Bowser;Marlon Humphrey;Roquan Smith;Brandon Stephens
2022_15_BAL_CLE,3026,timeout,0.0,,,,4.0,838.0,,44.0,13:58,13:14,CLE,13.0,3.0,,0.0,,,0,,,,,,,,,
2022_15_BAL_CLE,3043,run,17.0,45.0,28.0,CLE,4.0,794.0,45.0,34.0,13:14,12:40,,13.0,3.0,3.0,7.0,"1 DL, 5 LB, 5 DB",;;;;;;;;;;,11,5,6,,,,00-0033057;00-0033923;00-0036267;00-0033885;00-0031544;00-0037300;00-0031426;00-0036233;00-0033537;00-0034399;00-0035258,Jack Conklin;Kareem Hunt;Jedrick Wills;David Njoku;Amari Cooper;Mike Woods;Joel Bitonio;Donovan Peoples-Jones;Deshaun Watson;Wyatt Teller;Hjalte Froholdt,00-0033294;00-0026190;00-0038038;00-0036323;00-0036940;00-0033894;00-0028008;00-0033283;00-0033281;00-0034874;00-0036987,Chuck Clark;Calais Campbell;Kyle Hamilton;Patrick Queen;Odafe Oweh;Marcus Williams;Justin Houston;Tyus Bowser;Marlon Humphrey;Roquan Smith;Brandon Stephens
2022_15_BAL_CLE,3064,run,4.0,28.0,24.0,CLE,4.0,760.0,28.0,40.0,12:40,12:00,,13.0,3.0,1.0,10.0,"3 DL, 3 LB, 5 DB",;;;;;;;;;;,11,6,,,,,00-0033057;00-0036267;00-0033885;00-0037300;00-0031544;00-0031426;00-0036233;00-0033537;00-0034791;00-0034399;00-0035258,Jack Conklin;Jedrick Wills;David Njoku;Mike Woods;Amari Cooper;Joel Bitonio;Donovan Peoples-Jones;Deshaun Watson;Nick Chubb;Wyatt Teller;Hjalte Froholdt,00-0036081;00-0033294;00-0026190;00-0038038;00-0036323;00-0036940;00-0033894;00-0033281;00-0036987;00-0034874;00-0027867,Broderick Washington;Chuck Clark;Calais Campbell;Kyle Hamilton;Patrick Queen;Odafe Oweh;Marcus Williams;Marlon Humphrey;Brandon Stephens;Roquan Smith;Jason Pierre-Paul
2022_15_BAL_CLE,3085,run,-5.0,24.0,29.0,CLE,4.0,720.0,24.0,23.0,12:00,11:37,,13.0,3.0,2.0,6.0,"3 DL, 3 LB, 5 DB",;;;;;;;;;;,11,7,,,,,00-0033057;00-0036267;00-0033885;00-0037300;00-0031544;00-0031426;00-0036233;00-0033537;00-0034791;00-0034399;00-0035258,Jack Conklin;Jedrick Wills;David Njoku;Mike Woods;Amari Cooper;Joel Bitonio;Donovan Peoples-Jones;Deshaun Watson;Nick Chubb;Wyatt Teller;Hjalte Froholdt,00-0036081;00-0033294;00-0026190;00-0038038;00-0036323;00-0036940;00-0033894;00-0033281;00-0034874;00-0036987;00-0027867,Broderick Washington;Chuck Clark;Calais Campbell;Kyle Hamilton;Patrick Queen;Odafe Oweh;Marcus Williams;Marlon Humphrey;Roquan Smith;Brandon Stephens;Jason Pierre-Paul
2022_15_BAL_CLE,3109,run,9.0,29.0,20.0,CLE,4.0,697.0,29.0,45.0,11:37,10:52,,13.0,3.0,3.0,11.0,"2 DL, 4 LB, 5 DB",;;;;;;;;;;,11,6,,,,,00-0033057;00-0036267;00-0033923;00-0033885;00-0031544;00-0037300;00-0031426;00-0036233;00-0033537;00-0034399;00-0035258,Jack Conklin;Jedrick Wills;Kareem Hunt;David Njoku;Amari Cooper;Mike Woods;Joel Bitonio;Donovan Peoples-Jones;Deshaun Watson;Wyatt Teller;Hjalte Froholdt,00-0033294;00-0038038;00-0036323;00-0036940;00-0033894;00-0028008;00-0033281;00-0034874;00-0036987;00-0027867;00-0036130,Chuck Clark;Kyle Hamilton;Patrick Queen;Odafe Oweh;Marcus Williams;Justin Houston;Marlon Humphrey;Roquan Smith;Brandon Stephens;Jason Pierre-Paul;Nnamdi Madubuike
2022_15_BAL_CLE,3130,field_goal,0.0,20.0,20.0,CLE,4.0,652.0,20.0,3.0,10:52,10:49,,13.0,3.0,4.0,2.0,,;;;;;;;;;;,11,,,,,,00-0036267;00-0036866;00-0034991;00-0029008;00-0036266;00-0031426;00-0034842;00-0034721;00-0034399;00-0035258;00-0038097,Jedrick Wills;James Hudson;Drew Forbes;Charley Hughlett;Jordan Elliott;Joel Bitonio;Taven Bryan;Corey Bojorquez;Wyatt Teller;Hjalte Froholdt;Cade York,00-0036081;00-0036157;00-0033294;00-0037756;00-0038038;00-0036199;00-0031177;00-0032942;00-0036280;00-0036987;00-0036130,Broderick Washington;Kristian Welch;Chuck Clark;Travis Jones;Kyle Hamilton;Geno Stone;Brent Urban;Kevon Seymour;Malik Harrison;Brandon Stephens;Nnamdi Madubuike
2022_15_BAL_CLE,3150,no_play,0.0,72.0,72.0,BAL,4.0,649.0,72.0,0.0,10:49,10:49,,13.0,3.0,1.0,10.0,"4 DL, 2 LB, 5 DB",;;;;;;;;;;,11,,,,,,00-0034978;00-0034753;00-0037838;00-0031330;00-0036331;00-0032775;00-0034975;00-0037825;00-0029592;00-0035993;00-0032965,Ben Powers;Mark Andrews;Isaiah Likely;Morgan Moses;Devin Duvernay;Demarcus Robinson;Justice Hill;Tyler Linderbaum;Kevin Zeitler;Tyler Huntley;Ronnie Stanley,00-0037332;00-0036282;00-0035444;00-0038126;00-0032388;00-0033868;00-0036996;00-0037251;00-0036266;00-0034779;00-0034856,D'Anthony Bell;Grant Delpit;Jordan Kunaszyk;Perrion Winfrey;Deion Jones;Myles Garrett;Greg Newsome II;Alex Wright;Jordan Elliott;Ronnie Harrison;Denzel Ward
2022_15_BAL_CLE,3185,pass,10.0,77.0,67.0,BAL,4.0,649.0,77.0,24.0,10:49,10:25,,13.0,3.0,1.0,15.0,"4 DL, 2 LB, 5 DB",;;;;;;;;;;,11,6,4,ZONE_COVERAGE,COVER_4,False,00-0034978;00-0034753;00-0037838;00-0031330;00-0036331;00-0032775;00-0034975;00-0037825;00-0029592;00-0035993;00-0032965,Ben Powers;Mark Andrews;Isaiah Likely;Morgan Moses;Devin Duvernay;Demarcus Robinson;Justice Hill;Tyler Linderbaum;Kevin Zeitler;Tyler Huntley;Ronnie Stanley,00-0036282;00-0037250;00-0035444;00-0038126;00-0032388;00-0033868;00-0036996;00-0037251;00-0036266;00-0034779;00-0034856,Grant Delpit;Martin Emerson;Jordan Kunaszyk;Perrion Winfrey;Deion Jones;Myles Garrett;Greg Newsome II;Alex Wright;Jordan Elliott;Ronnie Harrison;Denzel Ward
2022_15_BAL_CLE,3209,pass,7.0,67.0,60.0,BAL,4.0,625.0,67.0,22.0,10:25,10:03,,13.0,3.0,2.0,5.0,"4 DL, 2 LB, 5 DB",;;;;;;;;;;,11,6,4,ZONE_COVERAGE,COVER_3,False,00-0034978;00-0034753;00-0037838;00-0031330;00-0036331;00-0032775;00-0034975;00-0037825;00-0029592;00-0035993;00-0032965,Ben Powers;Mark Andrews;Isaiah Likely;Morgan Moses;Devin Duvernay;Demarcus Robinson;Justice Hill;Tyler Linderbaum;Kevin Zeitler;Tyler Huntley;Ronnie Stanley,00-0036282;00-0037250;00-0035444;00-0038126;00-0032388;00-0033868;00-0036996;00-0037251;00-0036266;00-0034779;00-0034856,Grant Delpit;Martin Emerson;Jordan Kunaszyk;Perrion Winfrey;Deion Jones;Myles Garrett;Greg Newsome II;Alex Wright;Jordan Elliott;Ronnie Harrison;Denzel Ward
2022_15_BAL_CLE,3233,pass,6.0,60.0,54.0,BAL,4.0,603.0,60.0,21.0,10:03,9:42,,13.0,3.0,1.0,10.0,"4 DL, 2 LB, 5 DB",;;;;;;;;;;,11,7,4,MAN_COVERAGE,COVER_1,False,00-0034978;00-0034753;00-0037838;00-0031330;00-0036331;00-0032775;00-0034975;00-0037825;00-0029592;00-0035993;00-0032965,Ben Powers;Mark Andrews;Isaiah Likely;Morgan Moses;Devin Duvernay;Demarcus Robinson;Justice Hill;Tyler Linderbaum;Kevin Zeitler;Tyler Huntley;Ronnie Stanley,00-0036282;00-0037250;00-0035444;00-0038126;00-0032388;00-0033868;00-0036996;00-0037251;00-0036266;00-0034779;00-0034856,Grant Delpit;Martin Emerson;Jordan Kunaszyk;Perrion Winfrey;Deion Jones;Myles Garrett;Greg Newsome II;Alex Wright;Jordan Elliott;Ronnie Harrison;Denzel Ward
2022_15_BAL_CLE,3262,pass,0.0,54.0,54.0,BAL,4.0,582.0,54.0,5.0,9:42,9:37,,13.0,3.0,2.0,4.0,"4 DL, 2 LB, 5 DB",;;;;;;;;;;,11,6,5,MAN_COVERAGE,COVER_1,False,00-0034978;00-0034753;00-0037838;00-0031330;00-0036331;00-0032775;00-0034975;00-0037825;00-0029592;00-0032965;00-0035993,Ben Powers;Mark Andrews;Isaiah Likely;Morgan Moses;Devin Duvernay;Demarcus Robinson;Justice Hill;Tyler Linderbaum;Kevin Zeitler;Ronnie Stanley;Tyler Huntley,00-0036282;00-0037250;00-0035444;00-0033868;00-0038126;00-0032388;00-0036996;00-0036266;00-0034779;00-0035654;00-0034856,Grant Delpit;Martin Emerson;Jordan Kunaszyk;Myles Garrett;Perrion Winfrey;Deion Jones;Greg Newsome II;Jordan Elliott;Ronnie Harrison;Chase Winovich;Denzel Ward
2022_15_BAL_CLE,3296,pass,0.0,54.0,54.0,BAL,4.0,577.0,54.0,3.0,9:37,9:34,,13.0,3.0,3.0,4.0,"4 DL, 1 LB, 6 DB",;;;;;;;;;;,11,5,4,ZONE_COVERAGE,COVER_3,False,00-0034978;00-0034753;00-0037838;00-0031330;00-0036331;00-0032775;00-0034975;00-0037825;00-0029592;00-0035993;00-0032965,Ben Powers;Mark Andrews;Isaiah Likely;Morgan Moses;Devin Duvernay;Demarcus Robinson;Justice Hill;Tyler Linderbaum;Kevin Zeitler;Tyler Huntley;Ronnie Stanley,00-0037332;00-0036282;00-0037250;00-0032388;00-0033868;00-0036996;00-0037251;00-0036266;00-0034779;00-0035654;00-0034856,D'Anthony Bell;Grant Delpit;Martin Emerson;Deion Jones;Myles Garrett;Greg Newsome II;Alex Wright;Jordan Elliott;Ronnie Harrison;Chase Winovich;Denzel Ward
2022_15_BAL_CLE,3318,pass,0.0,54.0,54.0,BAL,4.0,574.0,54.0,4.0,9:34,9:30,,13.0,3.0,4.0,4.0,"4 DL, 1 LB, 6 DB",;;;;;;;;;;,11,5,3,ZONE_COVERAGE,COVER_3,False,00-0036133;00-0034978;00-0034753;00-0031330;00-0033376;00-0032775;00-0034975;00-0037825;00-0029592;00-0032965;00-0035993,James Proche;Ben Powers;Mark Andrews;Morgan Moses;Patrick Ricard;Demarcus Robinson;Justice Hill;Tyler Linderbaum;Kevin Zeitler;Ronnie Stanley;Tyler Huntley,00-0037332;00-0036282;00-0037250;00-0032388;00-0033868;00-0037251;00-0036996;00-0036266;00-0034779;00-0035654;00-0034856,D'Anthony Bell;Grant Delpit;Martin Emerson;Deion Jones;Myles Garrett;Alex Wright;Greg Newsome II;Jordan Elliott;Ronnie Harrison;Chase Winovich;Denzel Ward
2022_15_BAL_CLE,3340,run,6.0,46.0,40.0,CLE,4.0,570.0,46.0,42.0,9:30,8:48,,13.0,3.0,1.0,10.0,"4 DL, 3 LB, 4 DB",;;;;;;;;;;,11,7,,,,,00-0033057;00-0036267;00-0033885;00-0031544;00-0037300;00-0031426;00-0036233;00-0033537;00-0034791;00-0034399;00-0035258,Jack Conklin;Jedrick Wills;David Njoku;Amari Cooper;Mike Woods;Joel Bitonio;Donovan Peoples-Jones;Deshaun Watson;Nick Chubb;Wyatt Teller;Hjalte Froholdt,00-0036081;00-0033294;00-0031177;00-0036323;00-0033894;00-0033283;00-0033281;00-0034874;00-0036987;00-0027867;00-0036130,Broderick Washington;Chuck Clark;Brent Urban;Patrick Queen;Marcus Williams;Tyus Bowser;Marlon Humphrey;Roquan Smith;Brandon Stephens;Jason Pierre-Paul;Nnamdi Madubuike
2022_15_BAL_CLE,3361,run,3.0,40.0,37.0,CLE,4.0,528.0,40.0,39.0,8:48,8:09,,13.0,3.0,2.0,4.0,"4 DL, 3 LB, 4 DB",;;;;;;;;;;,11,7,,,,,00-0033057;00-0036267;00-0033885;00-0031544;00-0036232;00-0031426;00-0036233;00-0033537;00-0034791;00-0034399;00-0035258,Jack Conklin;Jedrick Wills;David Njoku;Amari Cooper;Harrison Bryant;Joel Bitonio;Donovan Peoples-Jones;Deshaun Watson;Nick Chubb;Wyatt Teller;Hjalte Froholdt,00-0036081;00-0033294;00-0031177;00-0036323;00-0033894;00-0033283;00-0033281;00-0034874;00-0036987;00-0027867;00-0036130,Broderick Washington;Chuck Clark;Brent Urban;Patrick Queen;Marcus Williams;Tyus Bowser;Marlon Humphrey;Roquan Smith;Brandon Stephens;Jason Pierre-Paul;Nnamdi Madubuike
2022_15_BAL_CLE,3382,run,0.0,37.0,37.0,CLE,4.0,489.0,37.0,41.0,8:09,7:28,,13.0,3.0,3.0,1.0,"3 DL, 3 LB, 5 DB",;;;;;;;;;;,11,8,,,,,00-0033057;00-0036267;00-0033885;00-0031544;00-0037300;00-0031426;00-0036233;00-0033537;00-0034791;00-0034399;00-0035258,Jack Conklin;Jedrick Wills;David Njoku;Amari Cooper;Mike Woods;Joel Bitonio;Donovan Peoples-Jones;Deshaun Watson;Nick Chubb;Wyatt Teller;Hjalte Froholdt,00-0036081;00-0033294;00-0038038;00-0036323;00-0033894;00-0033283;00-0033281;00-0034874;00-0036987;00-0027867;00-0036130,Broderick Washington;Chuck Clark;Kyle Hamilton;Patrick Queen;Marcus Williams;Tyus Bowser;Marlon Humphrey;Roquan Smith;Brandon Stephens;Jason Pierre-Paul;Nnamdi Madubuike
2022_15_BAL_CLE,3403,run,3.0,37.0,34.0,CLE,4.0,448.0,37.0,39.0,7:28,6:49,,13.0,3.0,4.0,1.0,"4 DL, 3 LB, 4 DB",;;;;;;;;;;,11,8,,,,,00-0033057;00-0036267;00-0033885;00-0031544;00-0036232;00-0031426;00-0036233;00-0033119;00-0034791;00-0034399;00-0035258,Jack Conklin;Jedrick Wills;David Njoku;Amari Cooper;Harrison Bryant;Joel Bitonio;Donovan Peoples-Jones;Jacoby Brissett;Nick Chubb;Wyatt Teller;Hjalte Froholdt,00-0036081;00-0033294;00-0037756;00-0036323;00-0033894;00-0033283;00-0033281;00-0034874;00-0036987;00-0027867;00-0036130,Broderick Washington;Chuck Clark;Travis Jones;Patrick Queen;Marcus Williams;Tyus Bowser;Marlon Humphrey;Roquan Smith;Brandon Stephens;Jason Pierre-Paul;Nnamdi Madubuike
2022_15_BAL_CLE,3424,run,8.0,34.0,26.0,CLE,4.0,409.0,34.0,44.0,6:49,6:05,,13.0,3.0,1.0,10.0,"4 DL, 3 LB, 4 DB",;;;;;;;;;;,11,7,,,,,00-0033057;00-0036267;00-0033885;00-0037300;00-0036232;00-0031426;00-0036233;00-0034791;00-0033537;00-0034399;00-0035258,Jack Conklin;Jedrick Wills;David Njoku;Mike Woods;Harrison Bryant;Joel Bitonio;Donovan Peoples-Jones;Nick Chubb;Deshaun Watson;Wyatt Teller;Hjalte Froholdt,00-0036081;00-0033294;00-0037756;00-0036323;00-0033894;00-0033283;00-0033281;00-0034874;00-0036987;00-0027867;00-0036130,Broderick Washington;Chuck Clark;Travis Jones;Patrick Queen;Marcus Williams;Tyus Bowser;Marlon Humphrey;Roquan Smith;Brandon Stephens;Jason Pierre-Paul;Nnamdi Madubuike
2022_15_BAL_CLE,3445,run,4.0,26.0,22.0,CLE,4.0,365.0,26.0,41.0,6:05,5:24,,13.0,3.0,2.0,2.0,"4 DL, 3 LB, 4 DB",;;;;;;;;;;,11,8,,,,,00-0033057;00-0036267;00-0033885;00-0037300;00-0036232;00-0031426;00-0036233;00-0034791;00-0033537;00-0034399;00-0035258,Jack Conklin;Jedrick Wills;David Njoku;Mike Woods;Harrison Bryant;Joel Bitonio;Donovan Peoples-Jones;Nick Chubb;Deshaun Watson;Wyatt Teller;Hjalte Froholdt,00-0036081;00-0033294;00-0037756;00-0036323;00-0033894;00-0033283;00-0033281;00-0036987;00-0034874;00-0027867;00-0036130,Broderick Washington;Chuck Clark;Travis Jones;Patrick Queen;Marcus Williams;Tyus Bowser;Marlon Humphrey;Brandon Stephens;Roquan Smith;Jason Pierre-Paul;Nnamdi Madubuike
2022_15_BAL_CLE,3466,run,3.0,22.0,19.0,CLE,4.0,324.0,22.0,5.0,5:24,5:19,,13.0,3.0,1.0,10.0,"4 DL, 3 LB, 4 DB",;;;;;;;;;;,11,8,,,,,00-0033057;00-0036267;00-0033885;00-0036232;00-0037300;00-0031426;00-0036233;00-0034791;00-0033537;00-0034399;00-0035258,Jack Conklin;Jedrick Wills;David Njoku;Harrison Bryant;Mike Woods;Joel Bitonio;Donovan Peoples-Jones;Nick Chubb;Deshaun Watson;Wyatt Teller;Hjalte Froholdt,00-0036081;00-0033294;00-0031177;00-0036323;00-0033894;00-0036280;00-0033281;00-0034874;00-0036987;00-0027867;00-0036130,Broderick Washington;Chuck Clark;Brent Urban;Patrick Queen;Marcus Williams;Malik Harrison;Marlon Humphrey;Roquan Smith;Brandon Stephens;Jason Pierre-Paul;Nnamdi Madubuike
2022_15_BAL_CLE,3487,run,1.0,19.0,18.0,CLE,4.0,319.0,19.0,0.0,5:19,5:19,,13.0,3.0,2.0,7.0,"4 DL, 4 LB, 3 DB",;;;;;;;;;;,11,10,,,,,00-0033057;00-0033923;00-0036267;00-0033885;00-0036232;00-0031426;00-0036233;00-0033537;00-0034399;00-0033439;00-0035258,Jack Conklin;Kareem Hunt;Jedrick Wills;David Njoku;Harrison Bryant;Joel Bitonio;Donovan Peoples-Jones;Deshaun Watson;Wyatt Teller;Pharaoh Brown;Hjalte Froholdt,00-0036081;00-0033294;00-0037756;00-0031177;00-0036323;00-0033894;00-0036280;00-0033283;00-0033281;00-0034874;00-0036130,Broderick Washington;Chuck Clark;Travis Jones;Brent Urban;Patrick Queen;Marcus Williams;Malik Harrison;Tyus Bowser;Marlon Humphrey;Roquan Smith;Nnamdi Madubuike
2022_15_BAL_CLE,3498,timeout,0.0,,,,4.0,319.0,,4.0,5:19,5:15,BAL,13.0,3.0,,0.0,,,0,,,,,,,,,
2022_15_BAL_CLE,3515,pass,-9.0,18.0,27.0,CLE,4.0,315.0,18.0,0.0,5:15,5:15,,13.0,3.0,3.0,6.0,"4 DL, 4 LB, 3 DB",;;;;;;;;;;,11,9,6,,,,00-0033057;00-0036267;00-0033923;00-0033885;00-0036232;00-0031426;00-0036233;00-0033537;00-0034399;00-0033439;00-0035258,Jack Conklin;Jedrick Wills;Kareem Hunt;David Njoku;Harrison Bryant;Joel Bitonio;Donovan Peoples-Jones;Deshaun Watson;Wyatt Teller;Pharaoh Brown;Hjalte Froholdt,00-0036081;00-0033294;00-0037756;00-0031177;00-0036323;00-0033894;00-0036280;00-0033283;00-0033281;00-0034874;00-0036130,Broderick Washington;Chuck Clark;Travis Jones;Brent Urban;Patrick Queen;Marcus Williams;Malik Harrison;Tyus Bowser;Marlon Humphrey;Roquan Smith;Nnamdi Madubuike
2022_15_BAL_CLE,3526,timeout,0.0,,,,4.0,315.0,,46.0,5:15,4:29,BAL,13.0,3.0,,0.0,,,0,,,,,,,,,
2022_15_BAL_CLE,3541,field_goal,0.0,27.0,27.0,CLE,4.0,269.0,27.0,5.0,4:29,4:24,,13.0,3.0,4.0,15.0,,;;;;;;;;;;,11,,,,,,00-0036267;00-0036866;00-0034991;00-0029008;00-0036266;00-0031426;00-0034842;00-0034721;00-0034399;00-0035258;00-0038097,Jedrick Wills;James Hudson;Drew Forbes;Charley Hughlett;Jordan Elliott;Joel Bitonio;Taven Bryan;Corey Bojorquez;Wyatt Teller;Hjalte Froholdt;Cade York,00-0036081;00-0036157;00-0033294;00-0037756;00-0038038;00-0036199;00-0031177;00-0032942;00-0036280;00-0036987;00-0036130,Broderick Washington;Kristian Welch;Chuck Clark;Travis Jones;Kyle Hamilton;Geno Stone;Brent Urban;Kevon Seymour;Malik Harrison;Brandon Stephens;Nnamdi Madubuike
2022_15_BAL_CLE,3561,pass,-6.0,64.0,70.0,BAL,4.0,264.0,64.0,32.0,4:24,3:52,,13.0,3.0,1.0,10.0,"4 DL, 2 LB, 5 DB",;;;;;;;;;;,11,6,4,,,,00-0034978;00-0026189;00-0034753;00-0037838;00-0031330;00-0036331;00-0034975;00-0037825;00-0029592;00-0035993;00-0032965,Ben Powers;DeSean Jackson;Mark Andrews;Isaiah Likely;Morgan Moses;Devin Duvernay;Justice Hill;Tyler Linderbaum;Kevin Zeitler;Tyler Huntley;Ronnie Stanley,00-0036282;00-0037250;00-0035444;00-0033868;00-0038126;00-0032388;00-0037251;00-0036996;00-0034842;00-0034779;00-0034856,Grant Delpit;Martin Emerson;Jordan Kunaszyk;Myles Garrett;Perrion Winfrey;Deion Jones;Alex Wright;Greg Newsome II;Taven Bryan;Ronnie Harrison;Denzel Ward
2022_15_BAL_CLE,3580,pass,-2.0,70.0,72.0,BAL,4.0,232.0,70.0,32.0,3:52,3:20,,13.0,3.0,2.0,16.0,"4 DL, 2 LB, 5 DB",;;;;;;;;;;,11,5,4,,,,00-0034978;00-0026189;00-0034753;00-0037838;00-0031330;00-0036331;00-0034975;00-0037825;00-0029592;00-0035993;00-0032965,Ben Powers;DeSean Jackson;Mark Andrews;Isaiah Likely;Morgan Moses;Devin Duvernay;Justice Hill;Tyler Linderbaum;Kevin Zeitler;Tyler Huntley;Ronnie Stanley,00-0036282;00-0037250;00-0035444;00-0038126;00-0032388;00-0033868;00-0036996;00-0037251;00-0034842;00-0034779;00-0034856,Grant Delpit;Martin Emerson;Jordan Kunaszyk;Perrion Winfrey;Deion Jones;Myles Garrett;Greg Newsome II;Alex Wright;Taven Bryan;Ronnie Harrison;Denzel Ward
2022_15_BAL_CLE,3599,pass,5.0,72.0,67.0,BAL,4.0,200.0,72.0,10.0,3:20,3:10,,13.0,3.0,3.0,18.0,"4 DL, 2 LB, 5 DB",;;;;;;;;;;,11,5,4,ZONE_COVERAGE,COVER_3,True,00-0034978;00-0026189;00-0034753;00-0037838;00-0031330;00-0036331;00-0034975;00-0037825;00-0029592;00-0035993;00-0032965,Ben Powers;DeSean Jackson;Mark Andrews;Isaiah Likely;Morgan Moses;Devin Duvernay;Justice Hill;Tyler Linderbaum;Kevin Zeitler;Tyler Huntley;Ronnie Stanley,00-0036282;00-0037250;00-0035444;00-0033868;00-0038126;00-0032388;00-0036996;00-0037251;00-0034842;00-0034779;00-0034856,Grant Delpit;Martin Emerson;Jordan Kunaszyk;Myles Garrett;Perrion Winfrey;Deion Jones;Greg Newsome II;Alex Wright;Taven Bryan;Ronnie Harrison;Denzel Ward
2022_15_BAL_CLE,3623,pass,0.0,67.0,67.0,BAL,4.0,190.0,67.0,0.0,3:10,3:10,,13.0,3.0,4.0,13.0,"4 DL, 1 LB, 6 DB",;;;;;;;;;;,11,4,4,ZONE_COVERAGE,COVER_3,False,00-0036133;00-0034978;00-0034753;00-0037838;00-0031330;00-0036331;00-0032775;00-0037825;00-0029592;00-0035993;00-0032965,James Proche;Ben Powers;Mark Andrews;Isaiah Likely;Morgan Moses;Devin Duvernay;Demarcus Robinson;Tyler Linderbaum;Kevin Zeitler;Tyler Huntley;Ronnie Stanley,00-0037332;00-0036282;00-0037250;00-0033868;00-0038126;00-0032388;00-0036996;00-0037251;00-0034842;00-0034779;00-0034856,D'Anthony Bell;Grant Delpit;Martin Emerson;Myles Garrett;Perrion Winfrey;Deion Jones;Greg Newsome II;Alex Wright;Taven Bryan;Ronnie Harrison;Denzel Ward
2022_15_BAL_CLE,3634,timeout,0.0,,,,4.0,190.0,,4.0,3:10,3:06,BAL,13.0,3.0,,0.0,,,0,,,,,,,,,
2022_15_BAL_CLE,3652,run,6.0,33.0,27.0,CLE,4.0,186.0,33.0,43.0,3:06,2:23,,13.0,3.0,1.0,10.0,"4 DL, 4 LB, 3 DB",;;;;;;;;;;,11,9,,,,,00-0033057;00-0036267;00-0034991;00-0033885;00-0036232;00-0031426;00-0034791;00-0033537;00-0034399;00-0033439;00-0035258,Jack Conklin;Jedrick Wills;Drew Forbes;David Njoku;Harrison Bryant;Joel Bitonio;Nick Chubb;Deshaun Watson;Wyatt Teller;Pharaoh Brown;Hjalte Froholdt,00-0036081;00-0033294;00-0037756;00-0031177;00-0036323;00-0033894;00-0036280;00-0033283;00-0033281;00-0034874;00-0036130,Broderick Washington;Chuck Clark;Travis Jones;Brent Urban;Patrick Queen;Marcus Williams;Malik Harrison;Tyus Bowser;Marlon Humphrey;Roquan Smith;Nnamdi Madubuike
2022_15_BAL_CLE,3675,run,11.0,27.0,16.0,CLE,4.0,143.0,27.0,23.0,2:23,2:00,,13.0,3.0,2.0,4.0,"5 DL, 3 LB, 3 DB",;;;;;;;;;;,11,10,,,,,00-0033057;00-0036267;00-0034991;00-0033885;00-0036232;00-0031426;00-0033537;00-0034791;00-0033439;00-0034399;00-0035258,Jack Conklin;Jedrick Wills;Drew Forbes;David Njoku;Harrison Bryant;Joel Bitonio;Deshaun Watson;Nick Chubb;Pharaoh Brown;Wyatt Teller;Hjalte Froholdt,00-0036081;00-0033294;00-0037756;00-0031177;00-0036199;00-0036323;00-0033283;00-0033281;00-0034874;00-0027867;00-0036130,Broderick Washington;Chuck Clark;Travis Jones;Brent Urban;Geno Stone;Patrick Queen;Tyus Bowser;Marlon Humphrey;Roquan Smith;Jason Pierre-Paul;Nnamdi Madubuike
2022_15_BAL_CLE,3698,qb_kneel,0.0,16.0,16.0,CLE,4.0,120.0,16.0,35.0,2:00,1:25,,13.0,3.0,1.0,10.0,"4 DL, 3 LB, 4 DB",;;;;;;;;;;,11,10,,,,,00-0033057;00-0036267;00-0033885;00-0036232;00-0038147;00-0031426;00-0035628;00-0033537;00-0034399;00-0033439;00-0035258,Jack Conklin;Jedrick Wills;David Njoku;Harrison Bryant;Daylen Baldwin;Joel Bitonio;D'Ernest Johnson;Deshaun Watson;Wyatt Teller;Pharaoh Brown;Hjalte Froholdt,00-0036081;00-0033294;00-0031177;00-0036323;00-0033894;00-0033283;00-0033281;00-0034874;00-0036987;00-0027867;00-0036130,Broderick Washington;Chuck Clark;Brent Urban;Patrick Queen;Marcus Williams;Tyus Bowser;Marlon Humphrey;Roquan Smith;Brandon Stephens;Jason Pierre-Paul;Nnamdi Madubuike
2022_15_BAL_CLE,3726,qb_kneel,0.0,16.0,16.0,CLE,4.0,85.0,16.0,42.0,1:25,0:43,,13.0,3.0,2.0,10.0,"4 DL, 3 LB, 4 DB",;;;;;;;;;;,11,10,,,,,00-0033057;00-0036267;00-0033885;00-0036232;00-0038147;00-0031426;00-0035628;00-0033537;00-0034399;00-0033439;00-0035258,Jack Conklin;Jedrick Wills;David Njoku;Harrison Bryant;Daylen Baldwin;Joel Bitonio;D'Ernest Johnson;Deshaun Watson;Wyatt Teller;Pharaoh Brown;Hjalte Froholdt,00-0036081;00-0033294;00-0031177;00-0036323;00-0033894;00-0033283;00-0033281;00-0034874;00-0036987;00-0027867;00-0036130,Broderick Washington;Chuck Clark;Brent Urban;Patrick Queen;Marcus Williams;Tyus Bowser;Marlon Humphrey;Roquan Smith;Brandon Stephens;Jason Pierre-Paul;Nnamdi Madubuike
2022_15_BAL_CLE,3747,qb_kneel,-1.0,16.0,17.0,CLE,4.0,43.0,16.0,43.0,0:43,0:00,,13.0,3.0,3.0,10.0,"4 DL, 3 LB, 4 DB",;;;;;;;;;;,11,10,,,,,00-0033057;00-0036267;00-0033885;00-0036232;00-0038147;00-0031426;00-0035628;00-0033537;00-0034399;00-0033439;00-0035258,Jack Conklin;Jedrick Wills;David Njoku;Harrison Bryant;Daylen Baldwin;Joel Bitonio;D'Ernest Johnson;Deshaun Watson;Wyatt Teller;Pharaoh Brown;Hjalte Froholdt,00-0036081;00-0033294;00-0031177;00-0036323;00-0033894;00-0033283;00-0033281;00-0034874;00-0036987;00-0027867;00-0036130,Broderick Washington;Chuck Clark;Brent Urban;Patrick Queen;Marcus Williams;Tyus Bowser;Marlon Humphrey;Roquan Smith;Brandon Stephens;Jason Pierre-Paul;Nnamdi Madubuike
2022_15_BAL_CLE,3768,end_game,,,,CLE,4.0,0.0,,0.0,0:00,0:00,,13.0,3.0,,0.0,,,0,,,,,,,,,
