game_id,play_id,play_type,yards_gained,starting_yard,ending_yard,posteam,qtr,game_seconds_remaining,yardline_100,time_of_play,time_on_clock_start,time_on_clock_end,timeout_team,home_team_score,away_team_score,down,yds_to_go,defense_personnel,defense_positions,n_defense,defenders_in_box,number_of_pass_rushers,defense_man_zone_type,defense_coverage_type,was_pressure,offense_player_ids,offense_player_names,defense_player_ids,defense_player_names
2023_10_CAR_CHI,1,start_quarter_1,,,,,1.0,3600.0,,0.0,15:00,15:00,,0.0,0.0,,0.0,,,,,,,,,,,,
2023_10_CAR_CHI,40,kickoff,0.0,35.0,35.0,CHI,1.0,3600.0,35.0,6.0,15:00,14:54,,0.0,0.0,,0.0,"1 CB, 1 FS, 1 ILB, 1 K, 2 OLB, 1 RB, 2 SS, 1 TE, 1 WR",CB;FS;ILB;K;OLB;OLB;RB;SS;SS;TE;WR,11,0,0,,,False,00-0037106;00-0037096;00-0033765;00-0038390;00-0038417;00-0035594;00-0036297;00-0039021;00-0038368;00-0033757;00-0038941,Jaylon Jones;Elijah Hicks;Dylan Cole;Noah Sewell;Micah Baskerville;Travis Homer;Darrynton Evans;Roschon Johnson;Quindell Johnson;Robert Tonyan;Tyler Scott,00-0038877;00-0032496;00-0032437;00-0034173;00-0034382;00-0038782;00-0037429;00-0036037;00-0038587;00-0031299;00-0036635,D'Shawn Jamison;Matthias Farley;Kamu Grugier-Hill;Eddy Pineiro;Marquis Haynes;Eku Leota;Raheem Blackshear;Sam Franklin;Jammie Robinson;Jordan Matthews;Ihmir Smith-Marsette
2023_10_CAR_CHI,63,pass,16.0,75.0,59.0,CHI,1.0,3594.0,75.0,35.0,14:54,14:19,,0.0,0.0,1.0,10.0,"2 CB, 2 DE, 1 DT, 1 FS, 1 ILB, 2 OLB, 2 SS",CB;CB;DE;DE;DT;FS;ILB;OLB;OLB;SS;SS,11,6,4,ZONE_COVERAGE,COVER_3,False,00-0033082;00-0032768;00-0038416;00-0033925;00-0036953;00-0037081;00-0038932;00-0036290;00-0034827;00-0036309;00-0038941,Lucas Patrick;Cody Whitehair;Tyson Bagent;D'Onta Foreman;Teven Jenkins;Braxton Jones;Darnell Wright;Cole Kmet;D.J. Moore;Darnell Mooney;Tyler Scott,00-0034356;00-0036678;00-0031795;00-0036220;00-0035409;00-0033579;00-0034302;00-0037043;00-0038535;00-0032939;00-0038587,Donte Jackson;Dicaprio Bootle;DeShawn Williams;Derrick Brown;Shy Tuttle;Xavier Woods;Frankie Luvu;Amare Barno;D.J. Johnson;Vonn Bell;Jammie Robinson
2023_10_CAR_CHI,93,pass,0.0,59.0,59.0,CHI,1.0,3559.0,59.0,6.0,14:19,14:13,,0.0,0.0,1.0,10.0,"2 CB, 2 DE, 1 DT, 1 FS, 2 ILB, 2 OLB, 1 SS",CB;CB;DE;DE;DT;FS;ILB;ILB;OLB;OLB;SS,11,6,4,ZONE_COVERAGE,COVER_6,False,00-0033082;00-0032768;00-0038416;00-0036297;00-0039021;00-0036953;00-0037081;00-0038932;00-0036290;00-0034827;00-0036309,Lucas Patrick;Cody Whitehair;Tyson Bagent;Darrynton Evans;Roschon Johnson;Teven Jenkins;Braxton Jones;Darnell Wright;Cole Kmet;D.J. Moore;Darnell Mooney,00-0034356;00-0036678;00-0031795;00-0036220;00-0035409;00-0033579;00-0032437;00-0034302;00-0037043;00-0038535;00-0032939,Donte Jackson;Dicaprio Bootle;DeShawn Williams;Derrick Brown;Shy Tuttle;Xavier Woods;Kamu Grugier-Hill;Frankie Luvu;Amare Barno;D.J. Johnson;Vonn Bell
2023_10_CAR_CHI,116,run,2.0,59.0,57.0,CHI,1.0,3553.0,59.0,37.0,14:13,13:36,,0.0,0.0,2.0,10.0,"3 CB, 1 DE, 1 DT, 1 FS, 2 ILB, 2 OLB, 1 SS",CB;CB;CB;DE;DT;FS;ILB;ILB;OLB;OLB;SS,11,6,0,,,False,00-0033082;00-0032768;00-0038416;00-0033925;00-0036953;00-0037081;00-0038932;00-0036290;00-0034827;00-0036309;00-0038941,Lucas Patrick;Cody Whitehair;Tyson Bagent;D'Onta Foreman;Teven Jenkins;Braxton Jones;Darnell Wright;Cole Kmet;D.J. Moore;Darnell Mooney;Tyler Scott,00-0031785;00-0034356;00-0036678;00-0036220;00-0035409;00-0033579;00-0032388;00-0034302;00-0037043;00-0038535;00-0032939,Troy Hill;Donte Jackson;Dicaprio Bootle;Derrick Brown;Shy Tuttle;Xavier Woods;Deion Jones;Frankie Luvu;Amare Barno;D.J. Johnson;Vonn Bell
2023_10_CAR_CHI,138,pass,0.0,57.0,57.0,CHI,1.0,3516.0,57.0,4.0,13:36,13:32,,0.0,0.0,3.0,8.0,"3 CB, 2 DE, 1 FS, 2 ILB, 2 OLB, 1 SS",CB;CB;CB;DE;DE;FS;ILB;ILB;OLB;OLB;SS,11,5,4,ZONE_COVERAGE,COVER_2,False,00-0033082;00-0032768;00-0038416;00-0039021;00-0036953;00-0037081;00-0038932;00-0033757;00-0036290;00-0034827;00-0036309,Lucas Patrick;Cody Whitehair;Tyson Bagent;Roschon Johnson;Teven Jenkins;Braxton Jones;Darnell Wright;Robert Tonyan;Cole Kmet;D.J. Moore;Darnell Mooney,00-0031785;00-0034356;00-0036678;00-0031795;00-0036220;00-0033579;00-0032388;00-0034302;00-0034382;00-0037043;00-0032939,Troy Hill;Donte Jackson;Dicaprio Bootle;DeShawn Williams;Derrick Brown;Xavier Woods;Deion Jones;Frankie Luvu;Marquis Haynes;Amare Barno;Vonn Bell
2023_10_CAR_CHI,161,punt,0.0,57.0,57.0,CHI,1.0,3512.0,57.0,10.0,13:32,13:22,,0.0,0.0,4.0,8.0,"3 CB, 1 FS, 1 OLB, 1 RB, 2 SS, 1 TE, 2 WR",CB;CB;CB;FS;OLB;RB;SS;SS;TE;WR;WR,11,0,0,,,False,00-0037106;00-0037129;00-0033765;00-0035386;00-0037109;00-0038390;00-0028284;00-0037097;00-0035594;00-0039021;00-0033757,Jaylon Jones;Josh Blackwell;Dylan Cole;T.J. Edwards;Jack Sanborn;Noah Sewell;Patrick Scales;Trenton Gill;Travis Homer;Roschon Johnson;Robert Tonyan,00-0035665;00-0036678;00-0038877;00-0032496;00-0038782;00-0037429;00-0036037;00-0038587;00-0031299;00-0036955;00-0036635,David Long;Dicaprio Bootle;D'Shawn Jamison;Matthias Farley;Eku Leota;Raheem Blackshear;Sam Franklin;Jammie Robinson;Jordan Matthews;Terrace Marshall;Ihmir Smith-Marsette
2023_10_CAR_CHI,179,run,3.0,80.0,77.0,CAR,1.0,3502.0,80.0,38.0,13:22,12:44,,0.0,0.0,1.0,10.0,"3 CB, 2 DE, 2 DT, 1 FS, 2 ILB, 1 SS",CB;CB;CB;DE;DE;DT;DT;FS;ILB;ILB;SS,11,7,0,,,False,00-0034281;00-0034261;00-0035764;00-0039150;00-0036555;00-0033284;00-0037229;00-0034830;00-0030035;00-0036955;00-0039062,Bradley Bozeman;Austin Corbett;Calvin Throckmorton;Bryce Young;Chuba Hubbard;Taylor Moton;Ikem Ekwonu;Hayden Hurst;Adam Thielen;Terrace Marshall;Jonathan Mingo,00-0036292;00-0038111;00-0039071;00-0033123;00-0035647;00-0033066;00-0034677;00-0033784;00-0035386;00-0037109;00-0038135,Jaylon Johnson;Kyler Gordon;Tyrique Stevenson;Yannick Ngakoue;Montez Sweat;Andrew Billings;Justin Jones;Eddie Jackson;T.J. Edwards;Jack Sanborn;Jaquan Brisker
2023_10_CAR_CHI,201,pass,0.0,77.0,77.0,CAR,1.0,3464.0,77.0,5.0,12:44,12:39,,0.0,0.0,2.0,7.0,"3 CB, 2 DE, 2 DT, 1 FS, 2 ILB, 1 SS",CB;CB;CB;DE;DE;DT;DT;FS;ILB;ILB;SS,11,6,4,MAN_COVERAGE,COVER_1,True,00-0034281;00-0034261;00-0035764;00-0039150;00-0036555;00-0033284;00-0037229;00-0037005;00-0030035;00-0036955;00-0039062,Bradley Bozeman;Austin Corbett;Calvin Throckmorton;Bryce Young;Chuba Hubbard;Taylor Moton;Ikem Ekwonu;Tommy Tremble;Adam Thielen;Terrace Marshall;Jonathan Mingo,00-0036292;00-0038111;00-0039071;00-0033123;00-0035647;00-0033066;00-0034677;00-0033784;00-0035386;00-0037109;00-0038135,Jaylon Johnson;Kyler Gordon;Tyrique Stevenson;Yannick Ngakoue;Montez Sweat;Andrew Billings;Justin Jones;Eddie Jackson;T.J. Edwards;Jack Sanborn;Jaquan Brisker
2023_10_CAR_CHI,224,run,8.0,77.0,69.0,CAR,1.0,3459.0,77.0,27.0,12:39,12:12,,0.0,0.0,3.0,7.0,"3 CB, 2 DE, 2 DT, 1 FS, 2 ILB, 1 SS",CB;CB;CB;DE;DE;DT;DT;FS;ILB;ILB;SS,11,6,4,MAN_COVERAGE,COVER_1,False,00-0034281;00-0034261;00-0035764;00-0039150;00-0036555;00-0033284;00-0037229;00-0034830;00-0030035;00-0036955;00-0039062,Bradley Bozeman;Austin Corbett;Calvin Throckmorton;Bryce Young;Chuba Hubbard;Taylor Moton;Ikem Ekwonu;Hayden Hurst;Adam Thielen;Terrace Marshall;Jonathan Mingo,00-0036292;00-0038111;00-0039071;00-0033123;00-0035647;00-0034677;00-0039070;00-0033784;00-0035386;00-0037109;00-0038135,Jaylon Johnson;Kyler Gordon;Tyrique Stevenson;Yannick Ngakoue;Montez Sweat;Justin Jones;Gervon Dexter;Eddie Jackson;T.J. Edwards;Jack Sanborn;Jaquan Brisker
2023_10_CAR_CHI,257,pass,-1.0,64.0,65.0,CAR,1.0,3432.0,64.0,37.0,12:12,11:35,,0.0,0.0,1.0,10.0,"3 CB, 2 DE, 2 DT, 1 FS, 2 ILB, 1 SS",CB;CB;CB;DE;DE;DT;DT;FS;ILB;ILB;SS,11,6,4,ZONE_COVERAGE,COVER_2,False,00-0034281;00-0034261;00-0035764;00-0039150;00-0035243;00-0033284;00-0037229;00-0037005;00-0030035;00-0036955;00-0039062,Bradley Bozeman;Austin Corbett;Calvin Throckmorton;Bryce Young;Miles Sanders;Taylor Moton;Ikem Ekwonu;Tommy Tremble;Adam Thielen;Terrace Marshall;Jonathan Mingo,00-0036292;00-0038111;00-0039071;00-0033123;00-0033782;00-0033066;00-0034677;00-0033784;00-0035386;00-0037109;00-0038135,Jaylon Johnson;Kyler Gordon;Tyrique Stevenson;Yannick Ngakoue;DeMarcus Walker;Andrew Billings;Justin Jones;Eddie Jackson;T.J. Edwards;Jack Sanborn;Jaquan Brisker
2023_10_CAR_CHI,282,pass,6.0,65.0,59.0,CAR,1.0,3395.0,65.0,43.0,11:35,10:52,,0.0,0.0,2.0,11.0,"3 CB, 2 DE, 2 DT, 1 FS, 2 ILB, 1 SS",CB;CB;CB;DE;DE;DT;DT;FS;ILB;ILB;SS,11,6,4,ZONE_COVERAGE,COVER_4,False,00-0034281;00-0034261;00-0035764;00-0039150;00-0037429;00-0033284;00-0037229;00-0034830;00-0030035;00-0036955;00-0039062,Bradley Bozeman;Austin Corbett;Calvin Throckmorton;Bryce Young;Raheem Blackshear;Taylor Moton;Ikem Ekwonu;Hayden Hurst;Adam Thielen;Terrace Marshall;Jonathan Mingo,00-0036292;00-0038111;00-0039071;00-0033123;00-0033782;00-0033066;00-0034677;00-0033784;00-0035386;00-0037109;00-0038135,Jaylon Johnson;Kyler Gordon;Tyrique Stevenson;Yannick Ngakoue;DeMarcus Walker;Andrew Billings;Justin Jones;Eddie Jackson;T.J. Edwards;Jack Sanborn;Jaquan Brisker
2023_10_CAR_CHI,307,run,8.0,59.0,51.0,CAR,1.0,3352.0,59.0,48.0,10:52,10:04,,0.0,0.0,3.0,5.0,"4 CB, 3 DE, 1 DT, 1 FS, 1 ILB, 1 SS",CB;CB;CB;CB;DE;DE;DE;DT;FS;ILB;SS,11,5,4,MAN_COVERAGE,COVER_1,False,00-0034281;00-0034261;00-0035764;00-0039150;00-0036555;00-0033284;00-0037229;00-0034830;00-0030035;00-0036482;00-0039062,Bradley Bozeman;Austin Corbett;Calvin Throckmorton;Bryce Young;Chuba Hubbard;Taylor Moton;Ikem Ekwonu;Hayden Hurst;Adam Thielen;Mike Strachan;Jonathan Mingo,00-0036292;00-0038111;00-0037106;00-0039071;00-0033123;00-0033782;00-0035647;00-0039070;00-0033784;00-0035386;00-0038135,Jaylon Johnson;Kyler Gordon;Jaylon Jones;Tyrique Stevenson;Yannick Ngakoue;DeMarcus Walker;Montez Sweat;Gervon Dexter;Eddie Jackson;T.J. Edwards;Jaquan Brisker
2023_10_CAR_CHI,329,run,3.0,51.0,48.0,CAR,1.0,3304.0,51.0,37.0,10:04,9:27,,0.0,0.0,1.0,10.0,"3 CB, 2 DE, 2 DT, 1 FS, 2 ILB, 1 SS",CB;CB;CB;DE;DE;DT;DT;FS;ILB;ILB;SS,11,7,0,,,False,00-0034281;00-0034261;00-0035764;00-0039150;00-0036555;00-0033284;00-0037229;00-0034830;00-0030035;00-0036482;00-0039062,Bradley Bozeman;Austin Corbett;Calvin Throckmorton;Bryce Young;Chuba Hubbard;Taylor Moton;Ikem Ekwonu;Hayden Hurst;Adam Thielen;Mike Strachan;Jonathan Mingo,00-0036292;00-0038111;00-0039071;00-0034831;00-0035647;00-0039070;00-0038937;00-0033784;00-0035386;00-0037109;00-0038135,Jaylon Johnson;Kyler Gordon;Tyrique Stevenson;Rasheem Green;Montez Sweat;Gervon Dexter;Zacch Pickens;Eddie Jackson;T.J. Edwards;Jack Sanborn;Jaquan Brisker
2023_10_CAR_CHI,351,pass,0.0,48.0,48.0,CAR,1.0,3267.0,48.0,5.0,9:27,9:22,,0.0,0.0,2.0,7.0,"3 CB, 2 DE, 2 DT, 1 FS, 2 ILB, 1 SS",CB;CB;CB;DE;DE;DT;DT;FS;ILB;ILB;SS,11,6,4,MAN_COVERAGE,COVER_1,True,00-0034281;00-0034261;00-0035764;00-0039150;00-0037429;00-0033284;00-0037229;00-0037005;00-0030035;00-0036955;00-0039062,Bradley Bozeman;Austin Corbett;Calvin Throckmorton;Bryce Young;Raheem Blackshear;Taylor Moton;Ikem Ekwonu;Tommy Tremble;Adam Thielen;Terrace Marshall;Jonathan Mingo,00-0036292;00-0038111;00-0039071;00-0034831;00-0035647;00-0039070;00-0038937;00-0033784;00-0035386;00-0037109;00-0038135,Jaylon Johnson;Kyler Gordon;Tyrique Stevenson;Rasheem Green;Montez Sweat;Gervon Dexter;Zacch Pickens;Eddie Jackson;T.J. Edwards;Jack Sanborn;Jaquan Brisker
2023_10_CAR_CHI,374,pass,0.0,48.0,48.0,CAR,1.0,3262.0,48.0,7.0,9:22,9:15,,0.0,0.0,3.0,7.0,"3 CB, 3 DE, 1 DT, 1 FS, 2 ILB, 1 SS",CB;CB;CB;DE;DE;DE;DT;FS;ILB;ILB;SS,11,6,4,ZONE_COVERAGE,COVER_3,True,00-0034281;00-0034261;00-0035764;00-0039150;00-0035243;00-0033284;00-0037229;00-0034830;00-0030035;00-0036955;00-0039062,Bradley Bozeman;Austin Corbett;Calvin Throckmorton;Bryce Young;Miles Sanders;Taylor Moton;Ikem Ekwonu;Hayden Hurst;Adam Thielen;Terrace Marshall;Jonathan Mingo,00-0036292;00-0038111;00-0039071;00-0033123;00-0033782;00-0035647;00-0039070;00-0033784;00-0035386;00-0037109;00-0038135,Jaylon Johnson;Kyler Gordon;Tyrique Stevenson;Yannick Ngakoue;DeMarcus Walker;Montez Sweat;Gervon Dexter;Eddie Jackson;T.J. Edwards;Jack Sanborn;Jaquan Brisker
2023_10_CAR_CHI,397,punt,0.0,48.0,48.0,CAR,1.0,3255.0,48.0,8.0,9:15,9:07,,0.0,0.0,4.0,7.0,"3 CB, 3 DE, 1 DT, 2 ILB, 1 SS, 1 WR",CB;CB;CB;DE;DE;DE;DT;ILB;ILB;SS;WR,11,0,0,,,False,00-0038877;00-0032496;00-0032437;00-0026027;00-0028872;00-0036555;00-0036037;00-0038587;00-0031299;00-0034830;00-0037005,D'Shawn Jamison;Matthias Farley;Kamu Grugier-Hill;J.J. Jansen;Johnny Hekker;Chuba Hubbard;Sam Franklin;Jammie Robinson;Jordan Matthews;Hayden Hurst;Tommy Tremble,00-0036292;00-0038111;00-0039071;00-0033123;00-0033782;00-0035647;00-0039070;00-0035386;00-0037109;00-0038135;00-0033292,Jaylon Johnson;Kyler Gordon;Tyrique Stevenson;Yannick Ngakoue;DeMarcus Walker;Montez Sweat;Gervon Dexter;T.J. Edwards;Jack Sanborn;Jaquan Brisker;Trent Taylor
2023_10_CAR_CHI,424,run,2.0,99.0,97.0,CHI,1.0,3247.0,99.0,39.0,9:07,8:28,,0.0,0.0,1.0,10.0,"2 CB, 2 DE, 1 DT, 1 FS, 1 ILB, 2 OLB, 2 SS",CB;CB;DE;DE;DT;FS;ILB;OLB;OLB;SS;SS,11,7,0,,,False,00-0033082;00-0032768;00-0038416;00-0033925;00-0036953;00-0037081;00-0038932;00-0036290;00-0034827;00-0034279;00-0036309,Lucas Patrick;Cody Whitehair;Tyson Bagent;D'Onta Foreman;Teven Jenkins;Braxton Jones;Darnell Wright;Cole Kmet;D.J. Moore;Equanimeous St. Brown;Darnell Mooney,00-0034356;00-0036678;00-0036220;00-0037203;00-0035409;00-0033579;00-0034302;00-0037043;00-0038535;00-0032939;00-0038587,Donte Jackson;Dicaprio Bootle;Derrick Brown;LaBryan Ray;Shy Tuttle;Xavier Woods;Frankie Luvu;Amare Barno;D.J. Johnson;Vonn Bell;Jammie Robinson
2023_10_CAR_CHI,446,run,6.0,97.0,91.0,CHI,1.0,3208.0,97.0,40.0,8:28,7:48,,0.0,0.0,2.0,8.0,"2 CB, 2 DE, 1 DT, 1 FS, 2 ILB, 2 OLB, 1 SS",CB;CB;DE;DE;DT;FS;ILB;ILB;OLB;OLB;SS,11,7,0,,,False,00-0033082;00-0032768;00-0038416;00-0033925;00-0036953;00-0037081;00-0038932;00-0024243;00-0036290;00-0034827;00-0038941,Lucas Patrick;Cody Whitehair;Tyson Bagent;D'Onta Foreman;Teven Jenkins;Braxton Jones;Darnell Wright;Marcedes Lewis;Cole Kmet;D.J. Moore;Tyler Scott,00-0034356;00-0036678;00-0036220;00-0037203;00-0035409;00-0033579;00-0032437;00-0034302;00-0037043;00-0038535;00-0032939,Donte Jackson;Dicaprio Bootle;Derrick Brown;LaBryan Ray;Shy Tuttle;Xavier Woods;Kamu Grugier-Hill;Frankie Luvu;Amare Barno;D.J. Johnson;Vonn Bell
2023_10_CAR_CHI,468,pass,6.0,91.0,85.0,CHI,1.0,3168.0,91.0,34.0,7:48,7:14,,0.0,0.0,3.0,2.0,"3 CB, 1 DE, 1 DT, 1 FS, 2 ILB, 2 OLB, 1 SS",CB;CB;CB;DE;DT;FS;ILB;ILB;OLB;OLB;SS,11,6,4,MAN_COVERAGE,COVER_1,False,00-0033082;00-0032768;00-0038416;00-0033925;00-0036953;00-0037081;00-0038932;00-0036290;00-0034827;00-0034279;00-0036309,Lucas Patrick;Cody Whitehair;Tyson Bagent;D'Onta Foreman;Teven Jenkins;Braxton Jones;Darnell Wright;Cole Kmet;D.J. Moore;Equanimeous St. Brown;Darnell Mooney,00-0031785;00-0034356;00-0036678;00-0036220;00-0035409;00-0033579;00-0032388;00-0034302;00-0037043;00-0038535;00-0032939,Troy Hill;Donte Jackson;Dicaprio Bootle;Derrick Brown;Shy Tuttle;Xavier Woods;Deion Jones;Frankie Luvu;Amare Barno;D.J. Johnson;Vonn Bell
2023_10_CAR_CHI,493,run,4.0,85.0,81.0,CHI,1.0,3134.0,85.0,26.0,7:14,6:48,,0.0,0.0,1.0,10.0,"3 CB, 1 DE, 1 DT, 1 FS, 2 ILB, 2 OLB, 1 SS",CB;CB;CB;DE;DT;FS;ILB;ILB;OLB;OLB;SS,11,6,0,,,False,00-0033082;00-0032768;00-0038416;00-0033925;00-0036953;00-0037081;00-0038932;00-0036290;00-0034827;00-0034279;00-0036309,Lucas Patrick;Cody Whitehair;Tyson Bagent;D'Onta Foreman;Teven Jenkins;Braxton Jones;Darnell Wright;Cole Kmet;D.J. Moore;Equanimeous St. Brown;Darnell Mooney,00-0031785;00-0034356;00-0036678;00-0036220;00-0034723;00-0033579;00-0032388;00-0034302;00-0037043;00-0038535;00-0032939,Troy Hill;Donte Jackson;Dicaprio Bootle;Derrick Brown;Nick Thurman;Xavier Woods;Deion Jones;Frankie Luvu;Amare Barno;D.J. Johnson;Vonn Bell
2023_10_CAR_CHI,515,run,3.0,81.0,78.0,CHI,1.0,3108.0,81.0,38.0,6:48,6:10,,0.0,0.0,2.0,6.0,"3 CB, 1 DE, 1 DT, 1 FS, 2 ILB, 2 OLB, 1 SS",CB;CB;CB;DE;DT;FS;ILB;ILB;OLB;OLB;SS,11,6,0,,,False,00-0033082;00-0032768;00-0038416;00-0033925;00-0036953;00-0037081;00-0038932;00-0036290;00-0034827;00-0034279;00-0036309,Lucas Patrick;Cody Whitehair;Tyson Bagent;D'Onta Foreman;Teven Jenkins;Braxton Jones;Darnell Wright;Cole Kmet;D.J. Moore;Equanimeous St. Brown;Darnell Mooney,00-0031785;00-0034356;00-0036678;00-0036220;00-0034723;00-0033579;00-0032388;00-0034302;00-0037043;00-0038782;00-0032939,Troy Hill;Donte Jackson;Dicaprio Bootle;Derrick Brown;Nick Thurman;Xavier Woods;Deion Jones;Frankie Luvu;Amare Barno;Eku Leota;Vonn Bell
2023_10_CAR_CHI,537,pass,0.0,78.0,78.0,CHI,1.0,3070.0,78.0,5.0,6:10,6:05,,0.0,0.0,3.0,3.0,"2 CB, 1 DE, 2 DT, 1 FS, 1 ILB, 2 OLB, 2 SS",CB;CB;DE;DT;DT;FS;ILB;OLB;OLB;SS;SS,11,6,4,MAN_COVERAGE,COVER_1,False,00-0033082;00-0032768;00-0038416;00-0039021;00-0036953;00-0037081;00-0038932;00-0036290;00-0034827;00-0034279;00-0036309,Lucas Patrick;Cody Whitehair;Tyson Bagent;Roschon Johnson;Teven Jenkins;Braxton Jones;Darnell Wright;Cole Kmet;D.J. Moore;Equanimeous St. Brown;Darnell Mooney,00-0034356;00-0036678;00-0036220;00-0034723;00-0035409;00-0033579;00-0034302;00-0037043;00-0038782;00-0032939;00-0038587,Donte Jackson;Dicaprio Bootle;Derrick Brown;Nick Thurman;Shy Tuttle;Xavier Woods;Frankie Luvu;Amare Barno;Eku Leota;Vonn Bell;Jammie Robinson
2023_10_CAR_CHI,560,punt,0.0,78.0,78.0,CHI,1.0,3065.0,78.0,19.0,6:05,5:46,,0.0,6.0,4.0,3.0,"3 CB, 1 FS, 1 OLB, 1 RB, 2 SS, 1 TE, 2 WR",CB;CB;CB;FS;OLB;RB;SS;SS;TE;WR;WR,11,0,0,,,False,00-0037106;00-0037129;00-0033765;00-0035386;00-0037109;00-0038390;00-0028284;00-0037097;00-0035594;00-0039021;00-0033757,Jaylon Jones;Josh Blackwell;Dylan Cole;T.J. Edwards;Jack Sanborn;Noah Sewell;Patrick Scales;Trenton Gill;Travis Homer;Roschon Johnson;Robert Tonyan,00-0035665;00-0036678;00-0038877;00-0032496;00-0038782;00-0037429;00-0036037;00-0038587;00-0031299;00-0036955;00-0036635,David Long;Dicaprio Bootle;D'Shawn Jamison;Matthias Farley;Eku Leota;Raheem Blackshear;Sam Franklin;Jammie Robinson;Jordan Matthews;Terrace Marshall;Ihmir Smith-Marsette
2023_10_CAR_CHI,587,extra_point,0.0,15.0,15.0,CAR,1.0,3046.0,15.0,0.0,5:46,5:46,,0.0,7.0,,0.0,"2 CB, 2 DE, 2 DT, 1 FS, 3 ILB, 1 SS",CB;CB;DE;DE;DT;DT;FS;ILB;ILB;ILB;SS,11,0,0,,,False,00-0034261;00-0035764;00-0037297;00-0038536;00-0034173;00-0026027;00-0028872;00-0033284;00-0037229;00-0038776;00-0037005,Austin Corbett;Calvin Throckmorton;Cade Mays;Chandler Zavala;Eddy Pineiro;J.J. Jansen;Johnny Hekker;Taylor Moton;Ikem Ekwonu;Ricky Lee;Tommy Tremble,00-0037106;00-0037129;00-0033782;00-0034831;00-0034677;00-0039070;00-0037096;00-0033765;00-0037109;00-0038390;00-0038135,Jaylon Jones;Josh Blackwell;DeMarcus Walker;Rasheem Green;Justin Jones;Gervon Dexter;Elijah Hicks;Dylan Cole;Jack Sanborn;Noah Sewell;Jaquan Brisker
2023_10_CAR_CHI,615,kickoff,0.0,35.0,35.0,CHI,1.0,3046.0,35.0,0.0,5:46,5:46,,0.0,7.0,,0.0,"2 CB, 1 FS, 1 ILB, 1 K, 2 OLB, 1 RB, 2 SS, 1 TE",CB;CB;FS;ILB;K;OLB;OLB;RB;SS;SS;TE,11,0,0,,,False,00-0037106;00-0037096;00-0033765;00-0038390;00-0038417;00-0035594;00-0036297;00-0039021;00-0038368;00-0033757;00-0038941,Jaylon Jones;Elijah Hicks;Dylan Cole;Noah Sewell;Micah Baskerville;Travis Homer;Darrynton Evans;Roschon Johnson;Quindell Johnson;Robert Tonyan;Tyler Scott,00-0035665;00-0038877;00-0032496;00-0032437;00-0034173;00-0034382;00-0038782;00-0037429;00-0036037;00-0038587;00-0031299,David Long;D'Shawn Jamison;Matthias Farley;Kamu Grugier-Hill;Eddy Pineiro;Marquis Haynes;Eku Leota;Raheem Blackshear;Sam Franklin;Jammie Robinson;Jordan Matthews
2023_10_CAR_CHI,631,pass,13.0,75.0,62.0,CHI,1.0,3046.0,75.0,36.0,5:46,5:10,,0.0,7.0,1.0,10.0,"2 CB, 2 DE, 1 DT, 1 FS, 1 ILB, 2 OLB, 2 SS",CB;CB;DE;DE;DT;FS;ILB;OLB;OLB;SS;SS,11,6,4,ZONE_COVERAGE,COVER_4,False,00-0033082;00-0032768;00-0038416;00-0033925;00-0036953;00-0037081;00-0038932;00-0033757;00-0036290;00-0034827;00-0036309,Lucas Patrick;Cody Whitehair;Tyson Bagent;D'Onta Foreman;Teven Jenkins;Braxton Jones;Darnell Wright;Robert Tonyan;Cole Kmet;D.J. Moore;Darnell Mooney,00-0034356;00-0036678;00-0036220;00-0037203;00-0035409;00-0033579;00-0034302;00-0037043;00-0038535;00-0032939;00-0038587,Donte Jackson;Dicaprio Bootle;Derrick Brown;LaBryan Ray;Shy Tuttle;Xavier Woods;Frankie Luvu;Amare Barno;D.J. Johnson;Vonn Bell;Jammie Robinson
2023_10_CAR_CHI,661,run,5.0,62.0,57.0,CHI,1.0,3010.0,62.0,35.0,5:10,4:35,,0.0,7.0,1.0,10.0,"2 CB, 2 DE, 1 DT, 1 FS, 1 ILB, 2 OLB, 2 SS",CB;CB;DE;DE;DT;FS;ILB;OLB;OLB;SS;SS,11,5,0,,,False,00-0033082;00-0032768;00-0038416;00-0033925;00-0036953;00-0037081;00-0038932;00-0033757;00-0033292;00-0034827;00-0038941,Lucas Patrick;Cody Whitehair;Tyson Bagent;D'Onta Foreman;Teven Jenkins;Braxton Jones;Darnell Wright;Robert Tonyan;Trent Taylor;D.J. Moore;Tyler Scott,00-0034356;00-0036678;00-0036220;00-0037203;00-0035409;00-0033579;00-0034302;00-0037043;00-0038535;00-0032939;00-0038587,Donte Jackson;Dicaprio Bootle;Derrick Brown;LaBryan Ray;Shy Tuttle;Xavier Woods;Frankie Luvu;Amare Barno;D.J. Johnson;Vonn Bell;Jammie Robinson
2023_10_CAR_CHI,683,pass,12.0,57.0,45.0,CHI,1.0,2975.0,57.0,27.0,4:35,4:08,,0.0,7.0,2.0,5.0,"2 CB, 2 DE, 1 DT, 1 FS, 2 ILB, 2 OLB, 1 SS",CB;CB;DE;DE;DT;FS;ILB;ILB;OLB;OLB;SS,11,7,4,MAN_COVERAGE,COVER_1,False,00-0033082;00-0032768;00-0038416;00-0033925;00-0036953;00-0037081;00-0038932;00-0024243;00-0036290;00-0034827;00-0038941,Lucas Patrick;Cody Whitehair;Tyson Bagent;D'Onta Foreman;Teven Jenkins;Braxton Jones;Darnell Wright;Marcedes Lewis;Cole Kmet;D.J. Moore;Tyler Scott,00-0034356;00-0036678;00-0036220;00-0037203;00-0035409;00-0033579;00-0032437;00-0034302;00-0037043;00-0038535;00-0032939,Donte Jackson;Dicaprio Bootle;Derrick Brown;LaBryan Ray;Shy Tuttle;Xavier Woods;Kamu Grugier-Hill;Frankie Luvu;Amare Barno;D.J. Johnson;Vonn Bell
2023_10_CAR_CHI,713,run,11.0,45.0,34.0,CHI,1.0,2948.0,45.0,37.0,4:08,3:31,,0.0,7.0,1.0,10.0,"2 CB, 2 DE, 1 DT, 1 FS, 2 ILB, 2 OLB, 1 SS",CB;CB;DE;DE;DT;FS;ILB;ILB;OLB;OLB;SS,11,7,0,,,False,00-0033082;00-0032768;00-0038416;00-0033925;00-0036953;00-0037081;00-0038932;00-0024243;00-0036290;00-0034827;00-0038941,Lucas Patrick;Cody Whitehair;Tyson Bagent;D'Onta Foreman;Teven Jenkins;Braxton Jones;Darnell Wright;Marcedes Lewis;Cole Kmet;D.J. Moore;Tyler Scott,00-0034356;00-0036678;00-0036220;00-0037203;00-0035409;00-0033579;00-0032437;00-0034302;00-0037043;00-0038535;00-0032939,Donte Jackson;Dicaprio Bootle;Derrick Brown;LaBryan Ray;Shy Tuttle;Xavier Woods;Kamu Grugier-Hill;Frankie Luvu;Amare Barno;D.J. Johnson;Vonn Bell
2023_10_CAR_CHI,735,run,3.0,34.0,31.0,CHI,1.0,2911.0,34.0,39.0,3:31,2:52,,0.0,7.0,1.0,10.0,"2 CB, 2 DE, 1 DT, 1 FS, 2 ILB, 2 OLB, 1 SS",CB;CB;DE;DE;DT;FS;ILB;ILB;OLB;OLB;SS,11,6,0,,,False,00-0033082;00-0032768;00-0038416;00-0036297;00-0036953;00-0037081;00-0038932;00-0036290;00-0034827;00-0036309;00-0038941,Lucas Patrick;Cody Whitehair;Tyson Bagent;Darrynton Evans;Teven Jenkins;Braxton Jones;Darnell Wright;Cole Kmet;D.J. Moore;Darnell Mooney;Tyler Scott,00-0034356;00-0036678;00-0036220;00-0037203;00-0035409;00-0033579;00-0032437;00-0034302;00-0037043;00-0038782;00-0032939,Donte Jackson;Dicaprio Bootle;Derrick Brown;LaBryan Ray;Shy Tuttle;Xavier Woods;Kamu Grugier-Hill;Frankie Luvu;Amare Barno;Eku Leota;Vonn Bell
2023_10_CAR_CHI,757,pass,0.0,31.0,31.0,CHI,1.0,2872.0,31.0,7.0,2:52,2:45,,0.0,7.0,2.0,7.0,"3 CB, 1 DE, 1 DT, 1 FS, 2 ILB, 2 OLB, 1 SS",CB;CB;CB;DE;DT;FS;ILB;ILB;OLB;OLB;SS,11,5,4,MAN_COVERAGE,COVER_0,False,00-0033082;00-0032768;00-0038416;00-0039021;00-0036953;00-0037081;00-0038932;00-0036290;00-0034827;00-0036309;00-0038941,Lucas Patrick;Cody Whitehair;Tyson Bagent;Roschon Johnson;Teven Jenkins;Braxton Jones;Darnell Wright;Cole Kmet;D.J. Moore;Darnell Mooney;Tyler Scott,00-0031785;00-0034356;00-0036678;00-0031795;00-0034723;00-0033579;00-0032388;00-0034302;00-0038535;00-0038782;00-0032939,Troy Hill;Donte Jackson;Dicaprio Bootle;DeShawn Williams;Nick Thurman;Xavier Woods;Deion Jones;Frankie Luvu;D.J. Johnson;Eku Leota;Vonn Bell
2023_10_CAR_CHI,780,pass,0.0,31.0,31.0,CHI,1.0,2865.0,31.0,7.0,2:45,2:38,,0.0,7.0,3.0,7.0,"3 CB, 2 DE, 1 FS, 2 ILB, 2 OLB, 1 SS",CB;CB;CB;DE;DE;FS;ILB;ILB;OLB;OLB;SS,11,6,4,,,True,00-0033082;00-0032768;00-0038416;00-0039021;00-0036953;00-0037081;00-0038932;00-0036290;00-0034827;00-0034279;00-0036309,Lucas Patrick;Cody Whitehair;Tyson Bagent;Roschon Johnson;Teven Jenkins;Braxton Jones;Darnell Wright;Cole Kmet;D.J. Moore;Equanimeous St. Brown;Darnell Mooney,00-0031785;00-0034356;00-0036678;00-0031795;00-0036220;00-0033579;00-0032388;00-0034302;00-0034382;00-0037043;00-0032939,Troy Hill;Donte Jackson;Dicaprio Bootle;DeShawn Williams;Derrick Brown;Xavier Woods;Deion Jones;Frankie Luvu;Marquis Haynes;Amare Barno;Vonn Bell
2023_10_CAR_CHI,803,no_play,0.0,31.0,31.0,CHI,1.0,2858.0,31.0,4.0,2:38,2:34,,0.0,7.0,4.0,7.0,"2 CB, 1 DE, 2 DT, 2 ILB, 2 OLB, 2 SS",CB;CB;DE;DT;DT;ILB;ILB;OLB;OLB;SS;SS,11,0,0,,,False,00-0033082;00-0033910;00-0032768;00-0037089;00-0031203;00-0028284;00-0037097;00-0036953;00-0036905;00-0033757;00-0036290,Lucas Patrick;Dan Feeney;Cody Whitehair;Ja'Tyre Carter;Cairo Santos;Patrick Scales;Trenton Gill;Teven Jenkins;Larry Borom;Robert Tonyan;Cole Kmet,00-0031785;00-0036678;00-0036220;00-0034723;00-0035409;00-0032437;00-0034302;00-0037043;00-0038535;00-0036037;00-0038475,Troy Hill;Dicaprio Bootle;Derrick Brown;Nick Thurman;Shy Tuttle;Kamu Grugier-Hill;Frankie Luvu;Amare Barno;D.J. Johnson;Sam Franklin;Alex Cook
2023_10_CAR_CHI,834,field_goal,0.0,36.0,36.0,CHI,1.0,2854.0,36.0,5.0,2:34,2:29,,3.0,7.0,4.0,12.0,"2 CB, 1 DE, 2 DT, 2 ILB, 2 OLB, 2 SS",CB;CB;DE;DT;DT;ILB;ILB;OLB;OLB;SS;SS,11,0,0,,,False,00-0033082;00-0033910;00-0032768;00-0037089;00-0031203;00-0028284;00-0037097;00-0036953;00-0036905;00-0033757;00-0036290,Lucas Patrick;Dan Feeney;Cody Whitehair;Ja'Tyre Carter;Cairo Santos;Patrick Scales;Trenton Gill;Teven Jenkins;Larry Borom;Robert Tonyan;Cole Kmet,00-0031785;00-0036678;00-0036220;00-0034723;00-0035409;00-0032437;00-0034302;00-0037043;00-0038535;00-0036037;00-0038475,Troy Hill;Dicaprio Bootle;Derrick Brown;Nick Thurman;Shy Tuttle;Kamu Grugier-Hill;Frankie Luvu;Amare Barno;D.J. Johnson;Sam Franklin;Alex Cook
2023_10_CAR_CHI,861,kickoff,0.0,35.0,35.0,CAR,1.0,2849.0,35.0,0.0,2:29,2:29,,3.0,7.0,,0.0,"3 CB, 1 FS, 3 ILB, 1 K, 2 RB, 1 SS",CB;CB;CB;FS;ILB;ILB;ILB;K;RB;RB;SS,11,0,0,,,False,00-0032496;00-0032437;00-0037043;00-0038782;00-0037429;00-0036037;00-0038587;00-0031299;00-0034830;00-0037005;00-0036635,Matthias Farley;Kamu Grugier-Hill;Amare Barno;Eku Leota;Raheem Blackshear;Sam Franklin;Jammie Robinson;Jordan Matthews;Hayden Hurst;Tommy Tremble;Ihmir Smith-Marsette,00-0037106;00-0037129;00-0039071;00-0037096;00-0033765;00-0038390;00-0038417;00-0031203;00-0035594;00-0039021;00-0038368,Jaylon Jones;Josh Blackwell;Tyrique Stevenson;Elijah Hicks;Dylan Cole;Noah Sewell;Micah Baskerville;Cairo Santos;Travis Homer;Roschon Johnson;Quindell Johnson
2023_10_CAR_CHI,877,run,4.0,75.0,71.0,CAR,1.0,2849.0,75.0,41.0,2:29,1:48,,3.0,7.0,1.0,10.0,"3 CB, 2 DE, 2 DT, 1 FS, 2 ILB, 1 SS",CB;CB;CB;DE;DE;DT;DT;FS;ILB;ILB;SS,11,7,0,,,False,00-0034281;00-0034261;00-0035764;00-0039150;00-0037429;00-0033284;00-0037229;00-0034830;00-0030035;00-0036955;00-0039062,Bradley Bozeman;Austin Corbett;Calvin Throckmorton;Bryce Young;Raheem Blackshear;Taylor Moton;Ikem Ekwonu;Hayden Hurst;Adam Thielen;Terrace Marshall;Jonathan Mingo,00-0036292;00-0038111;00-0039071;00-0033782;00-0034831;00-0033066;00-0034677;00-0033784;00-0035386;00-0037109;00-0038135,Jaylon Johnson;Kyler Gordon;Tyrique Stevenson;DeMarcus Walker;Rasheem Green;Andrew Billings;Justin Jones;Eddie Jackson;T.J. Edwards;Jack Sanborn;Jaquan Brisker
2023_10_CAR_CHI,899,pass,45.0,71.0,26.0,CAR,1.0,2808.0,71.0,40.0,1:48,1:08,,3.0,7.0,2.0,6.0,"3 CB, 2 DE, 2 DT, 1 FS, 2 ILB, 1 SS",CB;CB;CB;DE;DE;DT;DT;FS;ILB;ILB;SS,11,6,4,MAN_COVERAGE,COVER_1,False,00-0034281;00-0034261;00-0035764;00-0039150;00-0036555;00-0033284;00-0037229;00-0034830;00-0030035;00-0036482;00-0039062,Bradley Bozeman;Austin Corbett;Calvin Throckmorton;Bryce Young;Chuba Hubbard;Taylor Moton;Ikem Ekwonu;Hayden Hurst;Adam Thielen;Mike Strachan;Jonathan Mingo,00-0036292;00-0038111;00-0039071;00-0033782;00-0034831;00-0033066;00-0034677;00-0033784;00-0035386;00-0037109;00-0038135,Jaylon Johnson;Kyler Gordon;Tyrique Stevenson;DeMarcus Walker;Rasheem Green;Andrew Billings;Justin Jones;Eddie Jackson;T.J. Edwards;Jack Sanborn;Jaquan Brisker
2023_10_CAR_CHI,929,pass,3.0,26.0,23.0,CAR,1.0,2768.0,26.0,39.0,1:08,0:29,,3.0,7.0,1.0,10.0,"3 CB, 2 DE, 2 DT, 1 FS, 2 ILB, 1 SS",CB;CB;CB;DE;DE;DT;DT;FS;ILB;ILB;SS,11,6,4,ZONE_COVERAGE,COVER_4,True,00-0034281;00-0034261;00-0035764;00-0039150;00-0035243;00-0033284;00-0037229;00-0037005;00-0030035;00-0036482;00-0039062,Bradley Bozeman;Austin Corbett;Calvin Throckmorton;Bryce Young;Miles Sanders;Taylor Moton;Ikem Ekwonu;Tommy Tremble;Adam Thielen;Mike Strachan;Jonathan Mingo,00-0036292;00-0038111;00-0039071;00-0033123;00-0035647;00-0033066;00-0034677;00-0033784;00-0035386;00-0037109;00-0038135,Jaylon Johnson;Kyler Gordon;Tyrique Stevenson;Yannick Ngakoue;Montez Sweat;Andrew Billings;Justin Jones;Eddie Jackson;T.J. Edwards;Jack Sanborn;Jaquan Brisker
2023_10_CAR_CHI,954,run,9.0,23.0,14.0,CAR,1.0,2729.0,23.0,29.0,0:29,0:00,,3.0,7.0,2.0,7.0,"3 CB, 2 DE, 2 DT, 1 FS, 2 ILB, 1 SS",CB;CB;CB;DE;DE;DT;DT;FS;ILB;ILB;SS,11,5,0,,,False,00-0034281;00-0034261;00-0035764;00-0039150;00-0036555;00-0033284;00-0037229;00-0037005;00-0030035;00-0036482;00-0039062,Bradley Bozeman;Austin Corbett;Calvin Throckmorton;Bryce Young;Chuba Hubbard;Taylor Moton;Ikem Ekwonu;Tommy Tremble;Adam Thielen;Mike Strachan;Jonathan Mingo,00-0036292;00-0038111;00-0039071;00-0033123;00-0035647;00-0033066;00-0034677;00-0033784;00-0035386;00-0037109;00-0038135,Jaylon Johnson;Kyler Gordon;Tyrique Stevenson;Yannick Ngakoue;Montez Sweat;Andrew Billings;Justin Jones;Eddie Jackson;T.J. Edwards;Jack Sanborn;Jaquan Brisker
2023_10_CAR_CHI,976,start_quarter_2,,,,CAR,1.0,2700.0,,0.0,0:00,0:00,,3.0,7.0,,0.0,,,,,,,,,,,,
2023_10_CAR_CHI,996,pass,0.0,14.0,14.0,CAR,2.0,2700.0,14.0,37.0,15:00,14:23,,3.0,7.0,1.0,10.0,"3 CB, 2 DE, 2 DT, 1 FS, 2 ILB, 1 SS",CB;CB;CB;DE;DE;DT;DT;FS;ILB;ILB;SS,11,6,4,MAN_COVERAGE,COVER_1,False,00-0034281;00-0034261;00-0035764;00-0039150;00-0037429;00-0033284;00-0037229;00-0037005;00-0030035;00-0036955;00-0039062,Bradley Bozeman;Austin Corbett;Calvin Throckmorton;Bryce Young;Raheem Blackshear;Taylor Moton;Ikem Ekwonu;Tommy Tremble;Adam Thielen;Terrace Marshall;Jonathan Mingo,00-0036292;00-0038111;00-0039071;00-0033123;00-0035647;00-0039070;00-0038937;00-0033784;00-0035386;00-0037109;00-0038135,Jaylon Johnson;Kyler Gordon;Tyrique Stevenson;Yannick Ngakoue;Montez Sweat;Gervon Dexter;Zacch Pickens;Eddie Jackson;T.J. Edwards;Jack Sanborn;Jaquan Brisker
2023_10_CAR_CHI,1021,run,-1.0,14.0,15.0,CAR,2.0,2663.0,14.0,42.0,14:23,13:41,,3.0,7.0,2.0,10.0,"3 CB, 2 DE, 2 DT, 1 FS, 2 ILB, 1 SS",CB;CB;CB;DE;DE;DT;DT;FS;ILB;ILB;SS,11,7,0,,,False,00-0034281;00-0034261;00-0035764;00-0039150;00-0036555;00-0033284;00-0037229;00-0037005;00-0030035;00-0036955;00-0039062,Bradley Bozeman;Austin Corbett;Calvin Throckmorton;Bryce Young;Chuba Hubbard;Taylor Moton;Ikem Ekwonu;Tommy Tremble;Adam Thielen;Terrace Marshall;Jonathan Mingo,00-0036292;00-0038111;00-0039071;00-0033123;00-0035647;00-0039070;00-0038937;00-0033784;00-0035386;00-0037109;00-0038135,Jaylon Johnson;Kyler Gordon;Tyrique Stevenson;Yannick Ngakoue;Montez Sweat;Gervon Dexter;Zacch Pickens;Eddie Jackson;T.J. Edwards;Jack Sanborn;Jaquan Brisker
2023_10_CAR_CHI,1043,pass,0.0,15.0,15.0,CAR,2.0,2621.0,15.0,5.0,13:41,13:36,,3.0,7.0,3.0,11.0,"3 CB, 3 DE, 1 DT, 1 FS, 2 ILB, 1 SS",CB;CB;CB;DE;DE;DE;DT;FS;ILB;ILB;SS,11,5,4,ZONE_COVERAGE,COVER_4,False,00-0034281;00-0034261;00-0035764;00-0039150;00-0037429;00-0033284;00-0037229;00-0034830;00-0030035;00-0036955;00-0039062,Bradley Bozeman;Austin Corbett;Calvin Throckmorton;Bryce Young;Raheem Blackshear;Taylor Moton;Ikem Ekwonu;Hayden Hurst;Adam Thielen;Terrace Marshall;Jonathan Mingo,00-0036292;00-0038111;00-0039071;00-0033123;00-0033782;00-0035647;00-0039070;00-0033784;00-0035386;00-0037109;00-0038135,Jaylon Johnson;Kyler Gordon;Tyrique Stevenson;Yannick Ngakoue;DeMarcus Walker;Montez Sweat;Gervon Dexter;Eddie Jackson;T.J. Edwards;Jack Sanborn;Jaquan Brisker
2023_10_CAR_CHI,1066,field_goal,0.0,15.0,15.0,CAR,2.0,2616.0,15.0,3.0,13:36,13:33,,3.0,10.0,4.0,11.0,"2 CB, 2 DE, 2 DT, 1 FS, 3 ILB, 1 SS",CB;CB;DE;DE;DT;DT;FS;ILB;ILB;ILB;SS,11,0,0,,,False,00-0034261;00-0035764;00-0037297;00-0038536;00-0034173;00-0026027;00-0028872;00-0033284;00-0037229;00-0038776;00-0037005,Austin Corbett;Calvin Throckmorton;Cade Mays;Chandler Zavala;Eddy Pineiro;J.J. Jansen;Johnny Hekker;Taylor Moton;Ikem Ekwonu;Ricky Lee;Tommy Tremble,00-0037106;00-0037129;00-0033782;00-0034831;00-0033066;00-0039070;00-0037096;00-0033765;00-0037109;00-0038390;00-0038135,Jaylon Jones;Josh Blackwell;DeMarcus Walker;Rasheem Green;Andrew Billings;Gervon Dexter;Elijah Hicks;Dylan Cole;Jack Sanborn;Noah Sewell;Jaquan Brisker
2023_10_CAR_CHI,1093,kickoff,0.0,35.0,35.0,CHI,2.0,2613.0,35.0,0.0,13:33,13:33,,3.0,10.0,,0.0,"1 CB, 1 FS, 1 ILB, 1 K, 2 OLB, 1 RB, 2 SS, 1 TE, 1 WR",CB;FS;ILB;K;OLB;OLB;RB;SS;SS;TE;WR,11,0,0,,,False,00-0037106;00-0037096;00-0033765;00-0038390;00-0038417;00-0035594;00-0036297;00-0039021;00-0038368;00-0033757;00-0038941,Jaylon Jones;Elijah Hicks;Dylan Cole;Noah Sewell;Micah Baskerville;Travis Homer;Darrynton Evans;Roschon Johnson;Quindell Johnson;Robert Tonyan;Tyler Scott,00-0038877;00-0032496;00-0032437;00-0034173;00-0034382;00-0038782;00-0037429;00-0036037;00-0038587;00-0031299;00-0036635,D'Shawn Jamison;Matthias Farley;Kamu Grugier-Hill;Eddy Pineiro;Marquis Haynes;Eku Leota;Raheem Blackshear;Sam Franklin;Jammie Robinson;Jordan Matthews;Ihmir Smith-Marsette
2023_10_CAR_CHI,1109,run,3.0,75.0,72.0,CHI,2.0,2613.0,75.0,41.0,13:33,12:52,,3.0,10.0,1.0,10.0,"2 CB, 2 DE, 1 DT, 1 FS, 2 ILB, 2 OLB, 1 SS",CB;CB;DE;DE;DT;FS;ILB;ILB;OLB;OLB;SS,11,7,0,,,False,00-0033082;00-0032768;00-0038416;00-0033925;00-0036953;00-0037081;00-0038932;00-0024243;00-0033757;00-0036290;00-0034279,Lucas Patrick;Cody Whitehair;Tyson Bagent;D'Onta Foreman;Teven Jenkins;Braxton Jones;Darnell Wright;Marcedes Lewis;Robert Tonyan;Cole Kmet;Equanimeous St. Brown,00-0034356;00-0036678;00-0031795;00-0037203;00-0034723;00-0033579;00-0032437;00-0034302;00-0038535;00-0038782;00-0032939,Donte Jackson;Dicaprio Bootle;DeShawn Williams;LaBryan Ray;Nick Thurman;Xavier Woods;Kamu Grugier-Hill;Frankie Luvu;D.J. Johnson;Eku Leota;Vonn Bell
2023_10_CAR_CHI,1131,pass,6.0,72.0,66.0,CHI,2.0,2572.0,72.0,42.0,12:52,12:10,,3.0,10.0,2.0,7.0,"2 CB, 2 DE, 1 DT, 1 FS, 1 ILB, 2 OLB, 2 SS",CB;CB;DE;DE;DT;FS;ILB;OLB;OLB;SS;SS,11,6,4,ZONE_COVERAGE,COMBO,False,00-0033082;00-0032768;00-0038416;00-0033925;00-0036953;00-0037081;00-0038932;00-0033757;00-0036290;00-0034827;00-0036309,Lucas Patrick;Cody Whitehair;Tyson Bagent;D'Onta Foreman;Teven Jenkins;Braxton Jones;Darnell Wright;Robert Tonyan;Cole Kmet;D.J. Moore;Darnell Mooney,00-0034356;00-0036678;00-0031795;00-0037203;00-0034723;00-0033579;00-0034302;00-0038535;00-0038782;00-0032939;00-0038587,Donte Jackson;Dicaprio Bootle;DeShawn Williams;LaBryan Ray;Nick Thurman;Xavier Woods;Frankie Luvu;D.J. Johnson;Eku Leota;Vonn Bell;Jammie Robinson
2023_10_CAR_CHI,1156,run,3.0,66.0,63.0,CHI,2.0,2530.0,66.0,40.0,12:10,11:30,,3.0,10.0,3.0,1.0,"2 CB, 2 DE, 1 DT, 1 FS, 2 ILB, 2 OLB, 1 SS",CB;CB;DE;DE;DT;FS;ILB;ILB;OLB;OLB;SS,11,7,0,,,False,00-0033082;00-0032768;00-0038416;00-0033925;00-0036953;00-0037081;00-0038932;00-0024243;00-0036290;00-0034827;00-0034279,Lucas Patrick;Cody Whitehair;Tyson Bagent;D'Onta Foreman;Teven Jenkins;Braxton Jones;Darnell Wright;Marcedes Lewis;Cole Kmet;D.J. Moore;Equanimeous St. Brown,00-0034356;00-0036678;00-0031795;00-0037203;00-0034723;00-0033579;00-0032437;00-0034302;00-0038535;00-0038782;00-0032939,Donte Jackson;Dicaprio Bootle;DeShawn Williams;LaBryan Ray;Nick Thurman;Xavier Woods;Kamu Grugier-Hill;Frankie Luvu;D.J. Johnson;Eku Leota;Vonn Bell
2023_10_CAR_CHI,1178,run,16.0,63.0,47.0,CHI,2.0,2490.0,63.0,40.0,11:30,10:50,,3.0,10.0,1.0,10.0,"3 CB, 2 DE, 1 FS, 2 ILB, 2 OLB, 1 SS",CB;CB;CB;DE;DE;FS;ILB;ILB;OLB;OLB;SS,11,6,0,,,False,00-0033082;00-0032768;00-0038416;00-0033925;00-0036953;00-0037081;00-0038932;00-0033757;00-0033292;00-0034827;00-0038941,Lucas Patrick;Cody Whitehair;Tyson Bagent;D'Onta Foreman;Teven Jenkins;Braxton Jones;Darnell Wright;Robert Tonyan;Trent Taylor;D.J. Moore;Tyler Scott,00-0031785;00-0034356;00-0036678;00-0031795;00-0037203;00-0033579;00-0032388;00-0034302;00-0037043;00-0038782;00-0032939,Troy Hill;Donte Jackson;Dicaprio Bootle;DeShawn Williams;LaBryan Ray;Xavier Woods;Deion Jones;Frankie Luvu;Amare Barno;Eku Leota;Vonn Bell
2023_10_CAR_CHI,1200,run,0.0,47.0,47.0,CHI,2.0,2450.0,47.0,43.0,10:50,10:07,,3.0,10.0,1.0,10.0,"2 CB, 2 DE, 1 DT, 1 FS, 2 ILB, 2 OLB, 1 SS",CB;CB;DE;DE;DT;FS;ILB;ILB;OLB;OLB;SS,11,7,0,,,False,00-0033082;00-0032768;00-0038416;00-0033925;00-0036953;00-0037081;00-0038932;00-0024243;00-0033757;00-0036290;00-0034279,Lucas Patrick;Cody Whitehair;Tyson Bagent;D'Onta Foreman;Teven Jenkins;Braxton Jones;Darnell Wright;Marcedes Lewis;Robert Tonyan;Cole Kmet;Equanimeous St. Brown,00-0034356;00-0036678;00-0031795;00-0037203;00-0034723;00-0033579;00-0032437;00-0034302;00-0037043;00-0038782;00-0032939,Donte Jackson;Dicaprio Bootle;DeShawn Williams;LaBryan Ray;Nick Thurman;Xavier Woods;Kamu Grugier-Hill;Frankie Luvu;Amare Barno;Eku Leota;Vonn Bell
2023_10_CAR_CHI,1222,no_play,0.0,47.0,47.0,CHI,2.0,2407.0,47.0,32.0,10:07,9:35,,3.0,10.0,2.0,10.0,"3 CB, 2 DE, 1 FS, 2 ILB, 2 OLB, 1 SS",CB;CB;CB;DE;DE;FS;ILB;ILB;OLB;OLB;SS,11,6,4,MAN_COVERAGE,COVER_1,True,00-0033082;00-0032768;00-0038416;00-0039021;00-0036953;00-0037081;00-0038932;00-0033757;00-0034827;00-0034279;00-0036309,Lucas Patrick;Cody Whitehair;Tyson Bagent;Roschon Johnson;Teven Jenkins;Braxton Jones;Darnell Wright;Robert Tonyan;D.J. Moore;Equanimeous St. Brown;Darnell Mooney,00-0031785;00-0034356;00-0036678;00-0031795;00-0036220;00-0033579;00-0032388;00-0034302;00-0037043;00-0038535;00-0032939,Troy Hill;Donte Jackson;Dicaprio Bootle;DeShawn Williams;Derrick Brown;Xavier Woods;Deion Jones;Frankie Luvu;Amare Barno;D.J. Johnson;Vonn Bell
2023_10_CAR_CHI,1258,pass,0.0,56.0,56.0,CHI,2.0,2375.0,56.0,6.0,9:35,9:29,,3.0,10.0,2.0,19.0,"3 CB, 1 DE, 1 DT, 1 FS, 2 ILB, 2 OLB, 1 SS",CB;CB;CB;DE;DT;FS;ILB;ILB;OLB;OLB;SS,11,5,4,MAN_COVERAGE,COVER_1,False,00-0033082;00-0032768;00-0038416;00-0039021;00-0036953;00-0037081;00-0038932;00-0036290;00-0034827;00-0036309;00-0038941,Lucas Patrick;Cody Whitehair;Tyson Bagent;Roschon Johnson;Teven Jenkins;Braxton Jones;Darnell Wright;Cole Kmet;D.J. Moore;Darnell Mooney;Tyler Scott,00-0031785;00-0034356;00-0036678;00-0036220;00-0035409;00-0033579;00-0032388;00-0034302;00-0034382;00-0037043;00-0032939,Troy Hill;Donte Jackson;Dicaprio Bootle;Derrick Brown;Shy Tuttle;Xavier Woods;Deion Jones;Frankie Luvu;Marquis Haynes;Amare Barno;Vonn Bell
2023_10_CAR_CHI,1281,pass,4.0,56.0,52.0,CHI,2.0,2369.0,56.0,4.0,9:29,9:25,,3.0,10.0,3.0,19.0,"3 CB, 2 DE, 1 FS, 1 ILB, 2 OLB, 2 SS",CB;CB;CB;DE;DE;FS;ILB;OLB;OLB;SS;SS,11,4,4,ZONE_COVERAGE,COVER_6,False,00-0033082;00-0032768;00-0038416;00-0039021;00-0036953;00-0037081;00-0038932;00-0036290;00-0034827;00-0036309;00-0038941,Lucas Patrick;Cody Whitehair;Tyson Bagent;Roschon Johnson;Teven Jenkins;Braxton Jones;Darnell Wright;Cole Kmet;D.J. Moore;Darnell Mooney;Tyler Scott,00-0031785;00-0034356;00-0036678;00-0031795;00-0036220;00-0033579;00-0034302;00-0034382;00-0037043;00-0032939;00-0038587,Troy Hill;Donte Jackson;Dicaprio Bootle;DeShawn Williams;Derrick Brown;Xavier Woods;Frankie Luvu;Marquis Haynes;Amare Barno;Vonn Bell;Jammie Robinson
2023_10_CAR_CHI,1317,punt,0.0,52.0,52.0,CHI,2.0,2365.0,52.0,7.0,9:25,9:18,,3.0,10.0,4.0,15.0,"3 CB, 1 FS, 1 OLB, 1 RB, 2 SS, 1 TE, 2 WR",CB;CB;CB;FS;OLB;RB;SS;SS;TE;WR;WR,11,0,0,,,False,00-0037106;00-0037129;00-0033765;00-0035386;00-0037109;00-0038390;00-0028284;00-0037097;00-0035594;00-0039021;00-0033757,Jaylon Jones;Josh Blackwell;Dylan Cole;T.J. Edwards;Jack Sanborn;Noah Sewell;Patrick Scales;Trenton Gill;Travis Homer;Roschon Johnson;Robert Tonyan,00-0035665;00-0036678;00-0038877;00-0032496;00-0038782;00-0037429;00-0036037;00-0038587;00-0031299;00-0036955;00-0036635,David Long;Dicaprio Bootle;D'Shawn Jamison;Matthias Farley;Eku Leota;Raheem Blackshear;Sam Franklin;Jammie Robinson;Jordan Matthews;Terrace Marshall;Ihmir Smith-Marsette
2023_10_CAR_CHI,1354,pass,0.0,91.0,91.0,CAR,2.0,2358.0,91.0,5.0,9:18,9:13,,3.0,10.0,1.0,10.0,"3 CB, 2 DE, 2 DT, 1 FS, 2 ILB, 1 SS",CB;CB;CB;DE;DE;DT;DT;FS;ILB;ILB;SS,11,6,4,ZONE_COVERAGE,COVER_3,True,00-0034281;00-0034261;00-0035764;00-0039150;00-0035243;00-0033284;00-0037229;00-0034830;00-0030035;00-0036955;00-0039062,Bradley Bozeman;Austin Corbett;Calvin Throckmorton;Bryce Young;Miles Sanders;Taylor Moton;Ikem Ekwonu;Hayden Hurst;Adam Thielen;Terrace Marshall;Jonathan Mingo,00-0036292;00-0038111;00-0039071;00-0033123;00-0035647;00-0039070;00-0038937;00-0033784;00-0035386;00-0037109;00-0038135,Jaylon Johnson;Kyler Gordon;Tyrique Stevenson;Yannick Ngakoue;Montez Sweat;Gervon Dexter;Zacch Pickens;Eddie Jackson;T.J. Edwards;Jack Sanborn;Jaquan Brisker
2023_10_CAR_CHI,1377,pass,0.0,91.0,91.0,CAR,2.0,2353.0,91.0,3.0,9:13,9:10,,3.0,10.0,2.0,10.0,"3 CB, 2 DE, 2 DT, 1 FS, 2 ILB, 1 SS",CB;CB;CB;DE;DE;DT;DT;FS;ILB;ILB;SS,11,6,4,MAN_COVERAGE,COVER_1,False,00-0034281;00-0034261;00-0035764;00-0039150;00-0035243;00-0033284;00-0037229;00-0034830;00-0030035;00-0036955;00-0039062,Bradley Bozeman;Austin Corbett;Calvin Throckmorton;Bryce Young;Miles Sanders;Taylor Moton;Ikem Ekwonu;Hayden Hurst;Adam Thielen;Terrace Marshall;Jonathan Mingo,00-0036292;00-0038111;00-0039071;00-0033123;00-0035647;00-0039070;00-0038937;00-0033784;00-0035386;00-0037109;00-0038135,Jaylon Johnson;Kyler Gordon;Tyrique Stevenson;Yannick Ngakoue;Montez Sweat;Gervon Dexter;Zacch Pickens;Eddie Jackson;T.J. Edwards;Jack Sanborn;Jaquan Brisker
2023_10_CAR_CHI,1400,pass,-6.0,91.0,97.0,CAR,2.0,2350.0,91.0,41.0,9:10,8:29,,3.0,10.0,3.0,10.0,"3 CB, 2 DE, 2 DT, 1 FS, 2 ILB, 1 SS",CB;CB;CB;DE;DE;DT;DT;FS;ILB;ILB;SS,11,6,4,ZONE_COVERAGE,COVER_3,True,00-0034281;00-0034261;00-0035764;00-0039150;00-0035243;00-0033284;00-0037229;00-0037005;00-0030035;00-0036955;00-0039062,Bradley Bozeman;Austin Corbett;Calvin Throckmorton;Bryce Young;Miles Sanders;Taylor Moton;Ikem Ekwonu;Tommy Tremble;Adam Thielen;Terrace Marshall;Jonathan Mingo,00-0036292;00-0038111;00-0039071;00-0033123;00-0035647;00-0034677;00-0039070;00-0033784;00-0035386;00-0037109;00-0038135,Jaylon Johnson;Kyler Gordon;Tyrique Stevenson;Yannick Ngakoue;Montez Sweat;Justin Jones;Gervon Dexter;Eddie Jackson;T.J. Edwards;Jack Sanborn;Jaquan Brisker
2023_10_CAR_CHI,1420,punt,0.0,97.0,97.0,CAR,2.0,2309.0,97.0,10.0,8:29,8:19,,3.0,10.0,4.0,16.0,"2 CB, 1 FS, 3 ILB, 3 RB, 1 SS, 1 WR",CB;CB;FS;ILB;ILB;ILB;RB;RB;RB;SS;WR,11,0,0,,,False,00-0038877;00-0032496;00-0032437;00-0026027;00-0028872;00-0036555;00-0036037;00-0038587;00-0031299;00-0034830;00-0037005,D'Shawn Jamison;Matthias Farley;Kamu Grugier-Hill;J.J. Jansen;Johnny Hekker;Chuba Hubbard;Sam Franklin;Jammie Robinson;Jordan Matthews;Hayden Hurst;Tommy Tremble,00-0037106;00-0037129;00-0037096;00-0033765;00-0038390;00-0038417;00-0035594;00-0036297;00-0039021;00-0038368;00-0033292,Jaylon Jones;Josh Blackwell;Elijah Hicks;Dylan Cole;Noah Sewell;Micah Baskerville;Travis Homer;Darrynton Evans;Roschon Johnson;Quindell Johnson;Trent Taylor
2023_10_CAR_CHI,1453,run,2.0,53.0,51.0,CHI,2.0,2299.0,53.0,45.0,8:19,7:34,,3.0,10.0,1.0,10.0,"2 CB, 2 DE, 1 DT, 1 FS, 2 ILB, 2 OLB, 1 SS",CB;CB;DE;DE;DT;FS;ILB;ILB;OLB;OLB;SS,11,7,0,,,False,00-0033082;00-0032768;00-0038416;00-0033925;00-0036953;00-0037081;00-0038932;00-0024243;00-0036290;00-0034827;00-0038941,Lucas Patrick;Cody Whitehair;Tyson Bagent;D'Onta Foreman;Teven Jenkins;Braxton Jones;Darnell Wright;Marcedes Lewis;Cole Kmet;D.J. Moore;Tyler Scott,00-0034356;00-0036678;00-0031795;00-0036220;00-0035409;00-0033579;00-0032437;00-0034302;00-0037043;00-0038782;00-0032939,Donte Jackson;Dicaprio Bootle;DeShawn Williams;Derrick Brown;Shy Tuttle;Xavier Woods;Kamu Grugier-Hill;Frankie Luvu;Amare Barno;Eku Leota;Vonn Bell
2023_10_CAR_CHI,1475,run,3.0,51.0,48.0,CHI,2.0,2254.0,51.0,40.0,7:34,6:54,,3.0,10.0,2.0,8.0,"2 CB, 2 DE, 1 DT, 1 FS, 2 ILB, 2 OLB, 1 SS",CB;CB;DE;DE;DT;FS;ILB;ILB;OLB;OLB;SS,11,7,0,,,False,00-0033082;00-0032768;00-0038416;00-0039021;00-0036953;00-0037081;00-0038932;00-0024243;00-0036290;00-0034827;00-0036309,Lucas Patrick;Cody Whitehair;Tyson Bagent;Roschon Johnson;Teven Jenkins;Braxton Jones;Darnell Wright;Marcedes Lewis;Cole Kmet;D.J. Moore;Darnell Mooney,00-0034356;00-0036678;00-0031795;00-0036220;00-0035409;00-0033579;00-0032437;00-0034302;00-0037043;00-0038782;00-0032939,Donte Jackson;Dicaprio Bootle;DeShawn Williams;Derrick Brown;Shy Tuttle;Xavier Woods;Kamu Grugier-Hill;Frankie Luvu;Amare Barno;Eku Leota;Vonn Bell
2023_10_CAR_CHI,1497,pass,6.0,48.0,42.0,CHI,2.0,2214.0,48.0,42.0,6:54,6:12,,3.0,10.0,3.0,5.0,"2 CB, 2 DE, 1 DT, 1 FS, 1 ILB, 2 OLB, 2 SS",CB;CB;DE;DE;DT;FS;ILB;OLB;OLB;SS;SS,11,5,4,ZONE_COVERAGE,COVER_3,False,00-0033082;00-0032768;00-0038416;00-0039021;00-0036953;00-0037081;00-0038932;00-0033757;00-0036290;00-0034827;00-0036309,Lucas Patrick;Cody Whitehair;Tyson Bagent;Roschon Johnson;Teven Jenkins;Braxton Jones;Darnell Wright;Robert Tonyan;Cole Kmet;D.J. Moore;Darnell Mooney,00-0034356;00-0036678;00-0031795;00-0036220;00-0035409;00-0033579;00-0034302;00-0037043;00-0038782;00-0032939;00-0038587,Donte Jackson;Dicaprio Bootle;DeShawn Williams;Derrick Brown;Shy Tuttle;Xavier Woods;Frankie Luvu;Amare Barno;Eku Leota;Vonn Bell;Jammie Robinson
2023_10_CAR_CHI,1522,pass,0.0,42.0,42.0,CHI,2.0,2172.0,42.0,5.0,6:12,6:07,,3.0,10.0,1.0,10.0,"2 CB, 2 DE, 1 DT, 1 FS, 1 ILB, 2 OLB, 2 SS",CB;CB;DE;DE;DT;FS;ILB;OLB;OLB;SS;SS,11,6,4,ZONE_COVERAGE,COVER_3,False,00-0033082;00-0032768;00-0038416;00-0039021;00-0036953;00-0037081;00-0038932;00-0033757;00-0036290;00-0034827;00-0036309,Lucas Patrick;Cody Whitehair;Tyson Bagent;Roschon Johnson;Teven Jenkins;Braxton Jones;Darnell Wright;Robert Tonyan;Cole Kmet;D.J. Moore;Darnell Mooney,00-0034356;00-0036678;00-0031795;00-0036220;00-0034723;00-0033579;00-0034302;00-0037043;00-0038535;00-0032939;00-0038587,Donte Jackson;Dicaprio Bootle;DeShawn Williams;Derrick Brown;Nick Thurman;Xavier Woods;Frankie Luvu;Amare Barno;D.J. Johnson;Vonn Bell;Jammie Robinson
2023_10_CAR_CHI,1545,pass,6.0,42.0,36.0,CHI,2.0,2167.0,42.0,42.0,6:07,5:25,,3.0,10.0,2.0,10.0,"2 CB, 2 DE, 1 DT, 1 FS, 2 ILB, 2 OLB, 1 SS",CB;CB;DE;DE;DT;FS;ILB;ILB;OLB;OLB;SS,11,6,4,ZONE_COVERAGE,COVER_3,False,00-0033082;00-0032768;00-0038416;00-0039021;00-0036953;00-0037081;00-0038932;00-0033757;00-0036290;00-0034827;00-0034279,Lucas Patrick;Cody Whitehair;Tyson Bagent;Roschon Johnson;Teven Jenkins;Braxton Jones;Darnell Wright;Robert Tonyan;Cole Kmet;D.J. Moore;Equanimeous St. Brown,00-0034356;00-0036678;00-0031795;00-0036220;00-0034723;00-0033579;00-0032437;00-0034302;00-0037043;00-0038535;00-0032939,Donte Jackson;Dicaprio Bootle;DeShawn Williams;Derrick Brown;Nick Thurman;Xavier Woods;Kamu Grugier-Hill;Frankie Luvu;Amare Barno;D.J. Johnson;Vonn Bell
2023_10_CAR_CHI,1570,pass,0.0,36.0,36.0,CHI,2.0,2125.0,36.0,7.0,5:25,5:18,,3.0,10.0,3.0,4.0,"3 CB, 2 DE, 1 FS, 2 ILB, 2 OLB, 1 SS",CB;CB;CB;DE;DE;FS;ILB;ILB;OLB;OLB;SS,11,6,4,MAN_COVERAGE,COVER_1,False,00-0033082;00-0032768;00-0038416;00-0039021;00-0036953;00-0037081;00-0038932;00-0036290;00-0034827;00-0036309;00-0038941,Lucas Patrick;Cody Whitehair;Tyson Bagent;Roschon Johnson;Teven Jenkins;Braxton Jones;Darnell Wright;Cole Kmet;D.J. Moore;Darnell Mooney;Tyler Scott,00-0031785;00-0034356;00-0036678;00-0036220;00-0037203;00-0033579;00-0032388;00-0034302;00-0034382;00-0038782;00-0032939,Troy Hill;Donte Jackson;Dicaprio Bootle;Derrick Brown;LaBryan Ray;Xavier Woods;Deion Jones;Frankie Luvu;Marquis Haynes;Eku Leota;Vonn Bell
2023_10_CAR_CHI,1593,pass,15.0,36.0,21.0,CHI,2.0,2118.0,36.0,42.0,5:18,4:36,,3.0,10.0,4.0,4.0,"3 CB, 2 DE, 1 FS, 2 ILB, 2 OLB, 1 SS",CB;CB;CB;DE;DE;FS;ILB;ILB;OLB;OLB;SS,11,6,4,ZONE_COVERAGE,COVER_4,False,00-0033082;00-0032768;00-0038416;00-0039021;00-0036953;00-0037081;00-0038932;00-0036290;00-0034827;00-0036309;00-0038941,Lucas Patrick;Cody Whitehair;Tyson Bagent;Roschon Johnson;Teven Jenkins;Braxton Jones;Darnell Wright;Cole Kmet;D.J. Moore;Darnell Mooney;Tyler Scott,00-0031785;00-0034356;00-0036678;00-0036220;00-0037203;00-0033579;00-0032388;00-0034302;00-0034382;00-0038782;00-0032939,Troy Hill;Donte Jackson;Dicaprio Bootle;Derrick Brown;LaBryan Ray;Xavier Woods;Deion Jones;Frankie Luvu;Marquis Haynes;Eku Leota;Vonn Bell
2023_10_CAR_CHI,1618,run,1.0,21.0,20.0,CHI,2.0,2076.0,21.0,42.0,4:36,3:54,,3.0,10.0,1.0,10.0,"2 CB, 2 DE, 1 DT, 1 FS, 2 ILB, 2 OLB, 1 SS",CB;CB;DE;DE;DT;FS;ILB;ILB;OLB;OLB;SS,11,7,0,,,False,00-0033082;00-0032768;00-0038416;00-0036297;00-0036953;00-0037081;00-0038932;00-0033757;00-0036290;00-0034827;00-0036309,Lucas Patrick;Cody Whitehair;Tyson Bagent;Darrynton Evans;Teven Jenkins;Braxton Jones;Darnell Wright;Robert Tonyan;Cole Kmet;D.J. Moore;Darnell Mooney,00-0034356;00-0036678;00-0036220;00-0037203;00-0035409;00-0033579;00-0032437;00-0034302;00-0037043;00-0038535;00-0032939,Donte Jackson;Dicaprio Bootle;Derrick Brown;LaBryan Ray;Shy Tuttle;Xavier Woods;Kamu Grugier-Hill;Frankie Luvu;Amare Barno;D.J. Johnson;Vonn Bell
2023_10_CAR_CHI,1640,run,2.0,20.0,18.0,CHI,2.0,2034.0,20.0,39.0,3:54,3:15,,3.0,10.0,2.0,9.0,"3 CB, 2 DE, 1 FS, 2 ILB, 2 OLB, 1 SS",CB;CB;CB;DE;DE;FS;ILB;ILB;OLB;OLB;SS,11,6,0,,,False,00-0033082;00-0032768;00-0038416;00-0036297;00-0036953;00-0037081;00-0038932;00-0024243;00-0036290;00-0034827;00-0034279,Lucas Patrick;Cody Whitehair;Tyson Bagent;Darrynton Evans;Teven Jenkins;Braxton Jones;Darnell Wright;Marcedes Lewis;Cole Kmet;D.J. Moore;Equanimeous St. Brown,00-0031785;00-0034356;00-0036678;00-0036220;00-0037203;00-0033579;00-0032388;00-0034302;00-0037043;00-0038535;00-0032939,Troy Hill;Donte Jackson;Dicaprio Bootle;Derrick Brown;LaBryan Ray;Xavier Woods;Deion Jones;Frankie Luvu;Amare Barno;D.J. Johnson;Vonn Bell
2023_10_CAR_CHI,1662,pass,0.0,18.0,18.0,CHI,2.0,1995.0,18.0,5.0,3:15,3:10,,3.0,10.0,3.0,7.0,"3 CB, 2 DE, 1 FS, 1 ILB, 2 OLB, 2 SS",CB;CB;CB;DE;DE;FS;ILB;OLB;OLB;SS;SS,11,6,4,MAN_COVERAGE,COVER_1,True,00-0033082;00-0032768;00-0038416;00-0036297;00-0036953;00-0037081;00-0038932;00-0033757;00-0036290;00-0034827;00-0034279,Lucas Patrick;Cody Whitehair;Tyson Bagent;Darrynton Evans;Teven Jenkins;Braxton Jones;Darnell Wright;Robert Tonyan;Cole Kmet;D.J. Moore;Equanimeous St. Brown,00-0031785;00-0034356;00-0036678;00-0031795;00-0036220;00-0033579;00-0034302;00-0034382;00-0037043;00-0032939;00-0038587,Troy Hill;Donte Jackson;Dicaprio Bootle;DeShawn Williams;Derrick Brown;Xavier Woods;Frankie Luvu;Marquis Haynes;Amare Barno;Vonn Bell;Jammie Robinson
2023_10_CAR_CHI,1685,field_goal,0.0,18.0,18.0,CHI,2.0,1990.0,18.0,4.0,3:10,3:06,,6.0,10.0,4.0,7.0,"2 CB, 1 DE, 2 DT, 2 ILB, 2 OLB, 1 SS",CB;CB;DE;DT;DT;ILB;ILB;OLB;OLB;SS,10,0,0,,,False,00-0033082;00-0033910;00-0032768;00-0037089;00-0031203;00-0028284;00-0037097;00-0036953;00-0036905;00-0033757;00-0036290,Lucas Patrick;Dan Feeney;Cody Whitehair;Ja'Tyre Carter;Cairo Santos;Patrick Scales;Trenton Gill;Teven Jenkins;Larry Borom;Robert Tonyan;Cole Kmet,00-0031785;00-0036678;00-0036220;00-0034723;00-0035409;00-0032437;00-0034302;00-0037043;00-0038535;00-0036037,Troy Hill;Dicaprio Bootle;Derrick Brown;Nick Thurman;Shy Tuttle;Kamu Grugier-Hill;Frankie Luvu;Amare Barno;D.J. Johnson;Sam Franklin
2023_10_CAR_CHI,1712,kickoff,0.0,35.0,35.0,CAR,2.0,1986.0,35.0,6.0,3:06,3:00,,6.0,10.0,,0.0,"3 CB, 1 FS, 3 ILB, 1 K, 1 RB, 1 SS, 1 TE",CB;CB;CB;FS;ILB;ILB;ILB;K;RB;SS;TE,11,0,0,,,False,00-0032496;00-0032437;00-0037043;00-0038782;00-0037429;00-0036037;00-0038587;00-0031299;00-0034830;00-0037005;00-0036635,Matthias Farley;Kamu Grugier-Hill;Amare Barno;Eku Leota;Raheem Blackshear;Sam Franklin;Jammie Robinson;Jordan Matthews;Hayden Hurst;Tommy Tremble;Ihmir Smith-Marsette,00-0037106;00-0037129;00-0039071;00-0037096;00-0033765;00-0038390;00-0038417;00-0031203;00-0035594;00-0038368;00-0035039,Jaylon Jones;Josh Blackwell;Tyrique Stevenson;Elijah Hicks;Dylan Cole;Noah Sewell;Micah Baskerville;Cairo Santos;Travis Homer;Quindell Johnson;Stephen Carlson
2023_10_CAR_CHI,1735,run,4.0,73.0,69.0,CAR,2.0,1980.0,73.0,34.0,3:00,2:26,,6.0,10.0,1.0,10.0,"3 CB, 2 DE, 2 DT, 1 FS, 2 ILB, 1 SS",CB;CB;CB;DE;DE;DT;DT;FS;ILB;ILB;SS,11,6,0,,,False,00-0034281;00-0034261;00-0035764;00-0039150;00-0036555;00-0033284;00-0037229;00-0037005;00-0030035;00-0036482;00-0039062,Bradley Bozeman;Austin Corbett;Calvin Throckmorton;Bryce Young;Chuba Hubbard;Taylor Moton;Ikem Ekwonu;Tommy Tremble;Adam Thielen;Mike Strachan;Jonathan Mingo,00-0036292;00-0038111;00-0039071;00-0033782;00-0034831;00-0033066;00-0034677;00-0033784;00-0035386;00-0037109;00-0038135,Jaylon Johnson;Kyler Gordon;Tyrique Stevenson;DeMarcus Walker;Rasheem Green;Andrew Billings;Justin Jones;Eddie Jackson;T.J. Edwards;Jack Sanborn;Jaquan Brisker
2023_10_CAR_CHI,1757,pass,3.0,69.0,66.0,CAR,2.0,1946.0,69.0,26.0,2:26,2:00,,6.0,10.0,2.0,6.0,"3 CB, 2 DE, 2 DT, 1 FS, 2 ILB, 1 SS",CB;CB;CB;DE;DE;DT;DT;FS;ILB;ILB;SS,11,5,4,MAN_COVERAGE,COVER_1,False,00-0034281;00-0034261;00-0035764;00-0039150;00-0035243;00-0033284;00-0037229;00-0037005;00-0030035;00-0036482;00-0039062,Bradley Bozeman;Austin Corbett;Calvin Throckmorton;Bryce Young;Miles Sanders;Taylor Moton;Ikem Ekwonu;Tommy Tremble;Adam Thielen;Mike Strachan;Jonathan Mingo,00-0036292;00-0038111;00-0039071;00-0033782;00-0034831;00-0033066;00-0034677;00-0033784;00-0035386;00-0037109;00-0038135,Jaylon Johnson;Kyler Gordon;Tyrique Stevenson;DeMarcus Walker;Rasheem Green;Andrew Billings;Justin Jones;Eddie Jackson;T.J. Edwards;Jack Sanborn;Jaquan Brisker
2023_10_CAR_CHI,1782,no_play,0.0,66.0,66.0,CAR,2.0,1920.0,66.0,6.0,2:00,1:54,,6.0,10.0,3.0,3.0,"3 CB, 3 DE, 1 DT, 1 FS, 2 ILB, 1 SS",CB;CB;CB;DE;DE;DE;DT;FS;ILB;ILB;SS,11,5,4,MAN_COVERAGE,COVER_0,True,00-0034281;00-0034261;00-0035764;00-0039150;00-0036555;00-0033284;00-0037229;00-0034830;00-0030035;00-0036482;00-0039062,Bradley Bozeman;Austin Corbett;Calvin Throckmorton;Bryce Young;Chuba Hubbard;Taylor Moton;Ikem Ekwonu;Hayden Hurst;Adam Thielen;Mike Strachan;Jonathan Mingo,00-0036292;00-0038111;00-0039071;00-0033123;00-0033782;00-0035647;00-0034677;00-0033784;00-0035386;00-0037109;00-0038135,Jaylon Johnson;Kyler Gordon;Tyrique Stevenson;Yannick Ngakoue;DeMarcus Walker;Montez Sweat;Justin Jones;Eddie Jackson;T.J. Edwards;Jack Sanborn;Jaquan Brisker
2023_10_CAR_CHI,1823,run,2.0,61.0,59.0,CAR,2.0,1914.0,61.0,26.0,1:54,1:28,,6.0,10.0,1.0,10.0,"3 CB, 3 DE, 1 DT, 1 FS, 2 ILB, 1 SS",CB;CB;CB;DE;DE;DE;DT;FS;ILB;ILB;SS,11,6,0,,,False,00-0034281;00-0034261;00-0035764;00-0039150;00-0036555;00-0033284;00-0037229;00-0037005;00-0030035;00-0036482;00-0039062,Bradley Bozeman;Austin Corbett;Calvin Throckmorton;Bryce Young;Chuba Hubbard;Taylor Moton;Ikem Ekwonu;Tommy Tremble;Adam Thielen;Mike Strachan;Jonathan Mingo,00-0036292;00-0038111;00-0039071;00-0033123;00-0033782;00-0035647;00-0034677;00-0033784;00-0035386;00-0037109;00-0038135,Jaylon Johnson;Kyler Gordon;Tyrique Stevenson;Yannick Ngakoue;DeMarcus Walker;Montez Sweat;Justin Jones;Eddie Jackson;T.J. Edwards;Jack Sanborn;Jaquan Brisker
2023_10_CAR_CHI,1845,pass,7.0,59.0,52.0,CAR,2.0,1888.0,59.0,6.0,1:28,1:22,,6.0,10.0,2.0,8.0,"3 CB, 3 DE, 1 DT, 1 FS, 2 ILB, 1 SS",CB;CB;CB;DE;DE;DE;DT;FS;ILB;ILB;SS,11,6,4,ZONE_COVERAGE,COVER_4,False,00-0034281;00-0034261;00-0035764;00-0039150;00-0036555;00-0033284;00-0037229;00-0037005;00-0030035;00-0036482;00-0039062,Bradley Bozeman;Austin Corbett;Calvin Throckmorton;Bryce Young;Chuba Hubbard;Taylor Moton;Ikem Ekwonu;Tommy Tremble;Adam Thielen;Mike Strachan;Jonathan Mingo,00-0036292;00-0038111;00-0039071;00-0033123;00-0033782;00-0035647;00-0034677;00-0033784;00-0035386;00-0037109;00-0038135,Jaylon Johnson;Kyler Gordon;Tyrique Stevenson;Yannick Ngakoue;DeMarcus Walker;Montez Sweat;Justin Jones;Eddie Jackson;T.J. Edwards;Jack Sanborn;Jaquan Brisker
2023_10_CAR_CHI,1875,pass,0.0,52.0,52.0,CAR,2.0,1882.0,52.0,3.0,1:22,1:19,,6.0,10.0,3.0,1.0,"3 CB, 3 DE, 1 DT, 1 FS, 2 ILB, 1 SS",CB;CB;CB;DE;DE;DE;DT;FS;ILB;ILB;SS,11,5,4,MAN_COVERAGE,COVER_1,False,00-0034281;00-0034261;00-0035764;00-0039150;00-0035243;00-0033284;00-0037229;00-0034830;00-0030035;00-0036482;00-0039062,Bradley Bozeman;Austin Corbett;Calvin Throckmorton;Bryce Young;Miles Sanders;Taylor Moton;Ikem Ekwonu;Hayden Hurst;Adam Thielen;Mike Strachan;Jonathan Mingo,00-0036292;00-0038111;00-0039071;00-0033123;00-0033782;00-0035647;00-0034677;00-0033784;00-0035386;00-0037109;00-0038135,Jaylon Johnson;Kyler Gordon;Tyrique Stevenson;Yannick Ngakoue;DeMarcus Walker;Montez Sweat;Justin Jones;Eddie Jackson;T.J. Edwards;Jack Sanborn;Jaquan Brisker
2023_10_CAR_CHI,1898,punt,0.0,52.0,52.0,CAR,2.0,1879.0,52.0,7.0,1:19,1:12,,6.0,10.0,4.0,1.0,"3 CB, 3 DE, 1 DT, 2 ILB, 1 SS, 1 WR",CB;CB;CB;DE;DE;DE;DT;ILB;ILB;SS;WR,11,0,0,,,False,00-0038877;00-0032496;00-0032437;00-0026027;00-0028872;00-0036555;00-0036037;00-0038587;00-0031299;00-0034830;00-0037005,D'Shawn Jamison;Matthias Farley;Kamu Grugier-Hill;J.J. Jansen;Johnny Hekker;Chuba Hubbard;Sam Franklin;Jammie Robinson;Jordan Matthews;Hayden Hurst;Tommy Tremble,00-0036292;00-0038111;00-0039071;00-0033123;00-0033782;00-0035647;00-0034677;00-0035386;00-0037109;00-0038135;00-0033292,Jaylon Johnson;Kyler Gordon;Tyrique Stevenson;Yannick Ngakoue;DeMarcus Walker;Montez Sweat;Justin Jones;T.J. Edwards;Jack Sanborn;Jaquan Brisker;Trent Taylor
2023_10_CAR_CHI,1936,pass,6.0,91.0,85.0,CHI,2.0,1872.0,91.0,7.0,1:12,1:05,,6.0,10.0,1.0,10.0,"3 CB, 2 DE, 1 FS, 2 ILB, 2 OLB, 1 SS",CB;CB;CB;DE;DE;FS;ILB;ILB;OLB;OLB;SS,11,6,4,ZONE_COVERAGE,COVER_3,False,00-0033082;00-0032768;00-0038416;00-0039021;00-0036953;00-0037081;00-0038932;00-0036290;00-0034827;00-0034279;00-0036309,Lucas Patrick;Cody Whitehair;Tyson Bagent;Roschon Johnson;Teven Jenkins;Braxton Jones;Darnell Wright;Cole Kmet;D.J. Moore;Equanimeous St. Brown;Darnell Mooney,00-0031785;00-0034356;00-0036678;00-0031795;00-0036220;00-0033579;00-0032388;00-0034302;00-0034382;00-0037043;00-0032939,Troy Hill;Donte Jackson;Dicaprio Bootle;DeShawn Williams;Derrick Brown;Xavier Woods;Deion Jones;Frankie Luvu;Marquis Haynes;Amare Barno;Vonn Bell
2023_10_CAR_CHI,1972,pass,6.0,70.0,64.0,CHI,2.0,1865.0,70.0,6.0,1:05,0:59,,6.0,10.0,1.0,10.0,"3 CB, 2 DE, 1 FS, 2 ILB, 2 OLB, 1 SS",CB;CB;CB;DE;DE;FS;ILB;ILB;OLB;OLB;SS,11,6,4,ZONE_COVERAGE,COVER_6,False,00-0033082;00-0032768;00-0038416;00-0039021;00-0036953;00-0037081;00-0038932;00-0036290;00-0034827;00-0036309;00-0038941,Lucas Patrick;Cody Whitehair;Tyson Bagent;Roschon Johnson;Teven Jenkins;Braxton Jones;Darnell Wright;Cole Kmet;D.J. Moore;Darnell Mooney;Tyler Scott,00-0031785;00-0034356;00-0036678;00-0031795;00-0036220;00-0033579;00-0032388;00-0034302;00-0034382;00-0037043;00-0032939,Troy Hill;Donte Jackson;Dicaprio Bootle;DeShawn Williams;Derrick Brown;Xavier Woods;Deion Jones;Frankie Luvu;Marquis Haynes;Amare Barno;Vonn Bell
2023_10_CAR_CHI,1997,timeout,0.0,,,,2.0,1859.0,,0.0,0:59,0:59,CHI,6.0,10.0,,0.0,,,,,,,,,,,,
2023_10_CAR_CHI,2004,run,7.0,64.0,57.0,CHI,2.0,1859.0,64.0,9.0,0:59,0:50,,6.0,10.0,2.0,4.0,"3 CB, 2 DE, 1 FS, 2 ILB, 2 OLB, 1 SS",CB;CB;CB;DE;DE;FS;ILB;ILB;OLB;OLB;SS,11,6,4,MAN_COVERAGE,COVER_1,False,00-0033082;00-0032768;00-0038416;00-0039021;00-0036953;00-0037081;00-0038932;00-0036290;00-0034827;00-0034279;00-0036309,Lucas Patrick;Cody Whitehair;Tyson Bagent;Roschon Johnson;Teven Jenkins;Braxton Jones;Darnell Wright;Cole Kmet;D.J. Moore;Equanimeous St. Brown;Darnell Mooney,00-0031785;00-0034356;00-0036678;00-0031795;00-0036220;00-0033579;00-0032388;00-0034302;00-0034382;00-0037043;00-0032939,Troy Hill;Donte Jackson;Dicaprio Bootle;DeShawn Williams;Derrick Brown;Xavier Woods;Deion Jones;Frankie Luvu;Marquis Haynes;Amare Barno;Vonn Bell
2023_10_CAR_CHI,2026,timeout,0.0,,,,2.0,1850.0,,0.0,0:50,0:50,CHI,6.0,10.0,,0.0,,,,,,,,,,,,
2023_10_CAR_CHI,2033,pass,14.0,57.0,43.0,CHI,2.0,1850.0,57.0,4.0,0:50,0:46,,6.0,10.0,1.0,10.0,"3 CB, 2 DE, 1 FS, 2 ILB, 2 OLB, 1 SS",CB;CB;CB;DE;DE;FS;ILB;ILB;OLB;OLB;SS,11,6,4,ZONE_COVERAGE,COVER_4,False,00-0033082;00-0032768;00-0038416;00-0039021;00-0036953;00-0037081;00-0038932;00-0036290;00-0034827;00-0034279;00-0036309,Lucas Patrick;Cody Whitehair;Tyson Bagent;Roschon Johnson;Teven Jenkins;Braxton Jones;Darnell Wright;Cole Kmet;D.J. Moore;Equanimeous St. Brown;Darnell Mooney,00-0031785;00-0034356;00-0036678;00-0031795;00-0036220;00-0033579;00-0032388;00-0034302;00-0034382;00-0037043;00-0032939,Troy Hill;Donte Jackson;Dicaprio Bootle;DeShawn Williams;Derrick Brown;Xavier Woods;Deion Jones;Frankie Luvu;Marquis Haynes;Amare Barno;Vonn Bell
2023_10_CAR_CHI,2063,pass,4.0,43.0,39.0,CHI,2.0,1846.0,43.0,18.0,0:46,0:28,,6.0,10.0,1.0,10.0,"3 CB, 2 DE, 1 FS, 2 ILB, 2 OLB, 1 SS",CB;CB;CB;DE;DE;FS;ILB;ILB;OLB;OLB;SS,11,4,4,ZONE_COVERAGE,COVER_6,False,00-0033082;00-0032768;00-0038416;00-0039021;00-0036953;00-0037081;00-0038932;00-0036290;00-0034827;00-0034279;00-0036309,Lucas Patrick;Cody Whitehair;Tyson Bagent;Roschon Johnson;Teven Jenkins;Braxton Jones;Darnell Wright;Cole Kmet;D.J. Moore;Equanimeous St. Brown;Darnell Mooney,00-0031785;00-0034356;00-0036678;00-0031795;00-0036220;00-0033579;00-0032388;00-0034302;00-0034382;00-0037043;00-0032939,Troy Hill;Donte Jackson;Dicaprio Bootle;DeShawn Williams;Derrick Brown;Xavier Woods;Deion Jones;Frankie Luvu;Marquis Haynes;Amare Barno;Vonn Bell
2023_10_CAR_CHI,2088,pass,0.0,39.0,39.0,CHI,2.0,1828.0,39.0,8.0,0:28,0:20,,6.0,10.0,2.0,6.0,"3 CB, 2 DE, 1 FS, 2 ILB, 2 OLB, 1 SS",CB;CB;CB;DE;DE;FS;ILB;ILB;OLB;OLB;SS,11,6,4,MAN_COVERAGE,COVER_1,False,00-0033082;00-0032768;00-0038416;00-0039021;00-0036953;00-0037081;00-0038932;00-0036290;00-0034827;00-0034279;00-0036309,Lucas Patrick;Cody Whitehair;Tyson Bagent;Roschon Johnson;Teven Jenkins;Braxton Jones;Darnell Wright;Cole Kmet;D.J. Moore;Equanimeous St. Brown;Darnell Mooney,00-0031785;00-0034356;00-0036678;00-0031795;00-0036220;00-0033579;00-0032388;00-0034302;00-0034382;00-0037043;00-0032939,Troy Hill;Donte Jackson;Dicaprio Bootle;DeShawn Williams;Derrick Brown;Xavier Woods;Deion Jones;Frankie Luvu;Marquis Haynes;Amare Barno;Vonn Bell
2023_10_CAR_CHI,2111,pass,13.0,39.0,26.0,CHI,2.0,1820.0,39.0,8.0,0:20,0:12,,6.0,10.0,3.0,6.0,"3 CB, 2 DE, 1 FS, 2 ILB, 2 OLB, 1 SS",CB;CB;CB;DE;DE;FS;ILB;ILB;OLB;OLB;SS,11,6,4,MAN_COVERAGE,COVER_0,True,00-0033082;00-0032768;00-0038416;00-0039021;00-0036953;00-0037081;00-0038932;00-0036290;00-0033292;00-0034827;00-0038941,Lucas Patrick;Cody Whitehair;Tyson Bagent;Roschon Johnson;Teven Jenkins;Braxton Jones;Darnell Wright;Cole Kmet;Trent Taylor;D.J. Moore;Tyler Scott,00-0031785;00-0034356;00-0036678;00-0036220;00-0037203;00-0033579;00-0032388;00-0034302;00-0038535;00-0038782;00-0032939,Troy Hill;Donte Jackson;Dicaprio Bootle;Derrick Brown;LaBryan Ray;Xavier Woods;Deion Jones;Frankie Luvu;D.J. Johnson;Eku Leota;Vonn Bell
2023_10_CAR_CHI,2141,run,5.0,26.0,21.0,CHI,2.0,1812.0,26.0,9.0,0:12,0:03,,6.0,10.0,1.0,10.0,"3 CB, 1 DE, 1 DT, 1 FS, 2 ILB, 2 OLB, 1 SS",CB;CB;CB;DE;DT;FS;ILB;ILB;OLB;OLB;SS,11,6,4,ZONE_COVERAGE,COVER_6,True,00-0033082;00-0032768;00-0038416;00-0039021;00-0036953;00-0037081;00-0038932;00-0036290;00-0034827;00-0036309;00-0038941,Lucas Patrick;Cody Whitehair;Tyson Bagent;Roschon Johnson;Teven Jenkins;Braxton Jones;Darnell Wright;Cole Kmet;D.J. Moore;Darnell Mooney;Tyler Scott,00-0031785;00-0034356;00-0036678;00-0037203;00-0034723;00-0033579;00-0032388;00-0034302;00-0038535;00-0038782;00-0032939,Troy Hill;Donte Jackson;Dicaprio Bootle;LaBryan Ray;Nick Thurman;Xavier Woods;Deion Jones;Frankie Luvu;D.J. Johnson;Eku Leota;Vonn Bell
2023_10_CAR_CHI,2163,timeout,0.0,,,,2.0,1803.0,,0.0,0:03,0:03,CHI,6.0,10.0,,0.0,,,,,,,,,,,,
2023_10_CAR_CHI,2170,field_goal,0.0,21.0,21.0,CHI,2.0,1803.0,21.0,3.0,0:03,0:00,,9.0,10.0,2.0,5.0,"2 CB, 1 DE, 2 DT, 2 ILB, 2 OLB, 2 SS",CB;CB;DE;DT;DT;ILB;ILB;OLB;OLB;SS;SS,11,0,0,,,False,00-0033082;00-0033910;00-0032768;00-0037089;00-0031203;00-0028284;00-0037097;00-0036953;00-0036905;00-0033757;00-0036290,Lucas Patrick;Dan Feeney;Cody Whitehair;Ja'Tyre Carter;Cairo Santos;Patrick Scales;Trenton Gill;Teven Jenkins;Larry Borom;Robert Tonyan;Cole Kmet,00-0031785;00-0036678;00-0036220;00-0034723;00-0035409;00-0032437;00-0034302;00-0037043;00-0038535;00-0036037;00-0038475,Troy Hill;Dicaprio Bootle;Derrick Brown;Nick Thurman;Shy Tuttle;Kamu Grugier-Hill;Frankie Luvu;Amare Barno;D.J. Johnson;Sam Franklin;Alex Cook
2023_10_CAR_CHI,2190,start_quarter_3,,,,,2.0,1800.0,,0.0,0:00,0:00,,9.0,10.0,,0.0,,,,,,,,,,,,
2023_10_CAR_CHI,2213,kickoff,0.0,35.0,35.0,CAR,3.0,1800.0,35.0,0.0,15:00,15:00,,9.0,10.0,,0.0,"3 CB, 1 FS, 3 ILB, 1 K, 2 RB, 1 SS",CB;CB;CB;FS;ILB;ILB;ILB;K;RB;RB;SS,11,0,0,,,False,00-0032496;00-0032437;00-0037043;00-0038782;00-0037429;00-0036037;00-0038587;00-0031299;00-0034830;00-0037005;00-0036635,Matthias Farley;Kamu Grugier-Hill;Amare Barno;Eku Leota;Raheem Blackshear;Sam Franklin;Jammie Robinson;Jordan Matthews;Hayden Hurst;Tommy Tremble;Ihmir Smith-Marsette,00-0037106;00-0037129;00-0039071;00-0037096;00-0033765;00-0038390;00-0038417;00-0031203;00-0035594;00-0039021;00-0038368,Jaylon Jones;Josh Blackwell;Tyrique Stevenson;Elijah Hicks;Dylan Cole;Noah Sewell;Micah Baskerville;Cairo Santos;Travis Homer;Roschon Johnson;Quindell Johnson
2023_10_CAR_CHI,2229,pass,0.0,75.0,75.0,CAR,3.0,1800.0,75.0,6.0,15:00,14:54,,9.0,10.0,1.0,10.0,"3 CB, 2 DE, 2 DT, 1 FS, 2 ILB, 1 SS",CB;CB;CB;DE;DE;DT;DT;FS;ILB;ILB;SS,11,6,4,ZONE_COVERAGE,COVER_6,False,00-0034281;00-0034261;00-0035764;00-0039150;00-0036555;00-0033284;00-0037229;00-0037005;00-0030035;00-0036955;00-0039062,Bradley Bozeman;Austin Corbett;Calvin Throckmorton;Bryce Young;Chuba Hubbard;Taylor Moton;Ikem Ekwonu;Tommy Tremble;Adam Thielen;Terrace Marshall;Jonathan Mingo,00-0036292;00-0038111;00-0039071;00-0033123;00-0035647;00-0033066;00-0034677;00-0033784;00-0035386;00-0037109;00-0038135,Jaylon Johnson;Kyler Gordon;Tyrique Stevenson;Yannick Ngakoue;Montez Sweat;Andrew Billings;Justin Jones;Eddie Jackson;T.J. Edwards;Jack Sanborn;Jaquan Brisker
2023_10_CAR_CHI,2252,run,1.0,75.0,74.0,CAR,3.0,1794.0,75.0,44.0,14:54,14:10,,9.0,10.0,2.0,10.0,"3 CB, 2 DE, 2 DT, 1 FS, 2 ILB, 1 SS",CB;CB;CB;DE;DE;DT;DT;FS;ILB;ILB;SS,11,7,0,,,False,00-0034281;00-0034261;00-0035764;00-0039150;00-0035243;00-0033284;00-0037229;00-0037005;00-0030035;00-0036955;00-0039062,Bradley Bozeman;Austin Corbett;Calvin Throckmorton;Bryce Young;Miles Sanders;Taylor Moton;Ikem Ekwonu;Tommy Tremble;Adam Thielen;Terrace Marshall;Jonathan Mingo,00-0036292;00-0038111;00-0039071;00-0033123;00-0035647;00-0033066;00-0034677;00-0033784;00-0035386;00-0037109;00-0038135,Jaylon Johnson;Kyler Gordon;Tyrique Stevenson;Yannick Ngakoue;Montez Sweat;Andrew Billings;Justin Jones;Eddie Jackson;T.J. Edwards;Jack Sanborn;Jaquan Brisker
2023_10_CAR_CHI,2274,pass,0.0,74.0,74.0,CAR,3.0,1750.0,74.0,6.0,14:10,14:04,,9.0,10.0,3.0,9.0,"3 CB, 2 DE, 2 DT, 1 FS, 2 ILB, 1 SS",CB;CB;CB;DE;DE;DT;DT;FS;ILB;ILB;SS,11,6,4,MAN_COVERAGE,COVER_1,False,00-0034281;00-0034261;00-0035764;00-0039150;00-0036555;00-0033284;00-0037229;00-0034830;00-0030035;00-0036482;00-0039062,Bradley Bozeman;Austin Corbett;Calvin Throckmorton;Bryce Young;Chuba Hubbard;Taylor Moton;Ikem Ekwonu;Hayden Hurst;Adam Thielen;Mike Strachan;Jonathan Mingo,00-0036292;00-0038111;00-0039071;00-0033123;00-0035647;00-0034677;00-0039070;00-0033784;00-0035386;00-0037109;00-0038135,Jaylon Johnson;Kyler Gordon;Tyrique Stevenson;Yannick Ngakoue;Montez Sweat;Justin Jones;Gervon Dexter;Eddie Jackson;T.J. Edwards;Jack Sanborn;Jaquan Brisker
2023_10_CAR_CHI,2297,no_play,0.0,74.0,74.0,CAR,3.0,1744.0,74.0,0.0,14:04,14:04,,9.0,10.0,4.0,9.0,"2 CB, 1 FS, 3 ILB, 3 RB, 1 SS, 1 WR",CB;CB;FS;ILB;ILB;ILB;RB;RB;RB;SS;WR,11,0,0,,,False,00-0038877;00-0032496;00-0032437;00-0026027;00-0028872;00-0036555;00-0036037;00-0038587;00-0031299;00-0034830;00-0037005,D'Shawn Jamison;Matthias Farley;Kamu Grugier-Hill;J.J. Jansen;Johnny Hekker;Chuba Hubbard;Sam Franklin;Jammie Robinson;Jordan Matthews;Hayden Hurst;Tommy Tremble,00-0037106;00-0037129;00-0037096;00-0033765;00-0038390;00-0038417;00-0035594;00-0036297;00-0039021;00-0038368;00-0033292,Jaylon Jones;Josh Blackwell;Elijah Hicks;Dylan Cole;Noah Sewell;Micah Baskerville;Travis Homer;Darrynton Evans;Roschon Johnson;Quindell Johnson;Trent Taylor
2023_10_CAR_CHI,2325,punt,0.0,79.0,79.0,CAR,3.0,1744.0,79.0,7.0,14:04,13:57,,9.0,10.0,4.0,14.0,"2 CB, 1 FS, 3 ILB, 3 RB, 1 SS, 1 WR",CB;CB;FS;ILB;ILB;ILB;RB;RB;RB;SS;WR,11,0,0,,,False,00-0038877;00-0032496;00-0032437;00-0026027;00-0028872;00-0036555;00-0036037;00-0038587;00-0031299;00-0034830;00-0037005,D'Shawn Jamison;Matthias Farley;Kamu Grugier-Hill;J.J. Jansen;Johnny Hekker;Chuba Hubbard;Sam Franklin;Jammie Robinson;Jordan Matthews;Hayden Hurst;Tommy Tremble,00-0037106;00-0037129;00-0037096;00-0033765;00-0038390;00-0038417;00-0035594;00-0036297;00-0039021;00-0038368;00-0033292,Jaylon Jones;Josh Blackwell;Elijah Hicks;Dylan Cole;Noah Sewell;Micah Baskerville;Travis Homer;Darrynton Evans;Roschon Johnson;Quindell Johnson;Trent Taylor
2023_10_CAR_CHI,2344,run,2.0,73.0,71.0,CHI,3.0,1737.0,73.0,36.0,13:57,13:21,,9.0,10.0,1.0,10.0,"2 CB, 2 DE, 1 DT, 1 FS, 2 ILB, 2 OLB, 1 SS",CB;CB;DE;DE;DT;FS;ILB;ILB;OLB;OLB;SS,11,7,0,,,False,00-0033082;00-0032768;00-0038416;00-0033925;00-0036953;00-0037081;00-0038932;00-0024243;00-0036290;00-0034827;00-0036309,Lucas Patrick;Cody Whitehair;Tyson Bagent;D'Onta Foreman;Teven Jenkins;Braxton Jones;Darnell Wright;Marcedes Lewis;Cole Kmet;D.J. Moore;Darnell Mooney,00-0034356;00-0036678;00-0031795;00-0036220;00-0035409;00-0033579;00-0032437;00-0034302;00-0037043;00-0038535;00-0032939,Donte Jackson;Dicaprio Bootle;DeShawn Williams;Derrick Brown;Shy Tuttle;Xavier Woods;Kamu Grugier-Hill;Frankie Luvu;Amare Barno;D.J. Johnson;Vonn Bell
2023_10_CAR_CHI,2366,pass,0.0,71.0,71.0,CHI,3.0,1701.0,71.0,37.0,13:21,12:44,,9.0,10.0,2.0,8.0,"3 CB, 2 DE, 1 FS, 2 ILB, 2 OLB, 1 SS",CB;CB;CB;DE;DE;FS;ILB;ILB;OLB;OLB;SS,11,6,4,ZONE_COVERAGE,COVER_3,False,00-0033082;00-0032768;00-0038416;00-0033925;00-0036953;00-0037081;00-0038932;00-0033757;00-0034827;00-0034279;00-0036309,Lucas Patrick;Cody Whitehair;Tyson Bagent;D'Onta Foreman;Teven Jenkins;Braxton Jones;Darnell Wright;Robert Tonyan;D.J. Moore;Equanimeous St. Brown;Darnell Mooney,00-0031785;00-0034356;00-0036678;00-0031795;00-0036220;00-0033579;00-0032388;00-0034302;00-0037043;00-0038535;00-0032939,Troy Hill;Donte Jackson;Dicaprio Bootle;DeShawn Williams;Derrick Brown;Xavier Woods;Deion Jones;Frankie Luvu;Amare Barno;D.J. Johnson;Vonn Bell
2023_10_CAR_CHI,2401,pass,0.0,71.0,71.0,CHI,3.0,1664.0,71.0,6.0,12:44,12:38,,9.0,10.0,3.0,8.0,"3 CB, 2 DE, 1 FS, 2 ILB, 2 OLB, 1 SS",CB;CB;CB;DE;DE;FS;ILB;ILB;OLB;OLB;SS,11,5,4,MAN_COVERAGE,COVER_1,False,00-0033082;00-0032768;00-0038416;00-0039021;00-0036953;00-0037081;00-0038932;00-0033757;00-0036290;00-0034827;00-0036309,Lucas Patrick;Cody Whitehair;Tyson Bagent;Roschon Johnson;Teven Jenkins;Braxton Jones;Darnell Wright;Robert Tonyan;Cole Kmet;D.J. Moore;Darnell Mooney,00-0031785;00-0034356;00-0036678;00-0031795;00-0036220;00-0033579;00-0032388;00-0034302;00-0034382;00-0037043;00-0032939,Troy Hill;Donte Jackson;Dicaprio Bootle;DeShawn Williams;Derrick Brown;Xavier Woods;Deion Jones;Frankie Luvu;Marquis Haynes;Amare Barno;Vonn Bell
2023_10_CAR_CHI,2424,punt,0.0,71.0,71.0,CHI,3.0,1658.0,71.0,11.0,12:38,12:27,,9.0,10.0,4.0,8.0,"3 CB, 1 FS, 1 OLB, 1 RB, 2 SS, 1 TE, 2 WR",CB;CB;CB;FS;OLB;RB;SS;SS;TE;WR;WR,11,0,0,,,False,00-0037106;00-0037129;00-0033765;00-0035386;00-0037109;00-0038390;00-0028284;00-0037097;00-0035594;00-0039021;00-0033757,Jaylon Jones;Josh Blackwell;Dylan Cole;T.J. Edwards;Jack Sanborn;Noah Sewell;Patrick Scales;Trenton Gill;Travis Homer;Roschon Johnson;Robert Tonyan,00-0035665;00-0036678;00-0038877;00-0032496;00-0038782;00-0037429;00-0036037;00-0038587;00-0031299;00-0036955;00-0036635,David Long;Dicaprio Bootle;D'Shawn Jamison;Matthias Farley;Eku Leota;Raheem Blackshear;Sam Franklin;Jammie Robinson;Jordan Matthews;Terrace Marshall;Ihmir Smith-Marsette
2023_10_CAR_CHI,2457,run,-6.0,91.0,97.0,CAR,3.0,1647.0,91.0,39.0,12:27,11:48,,9.0,10.0,1.0,10.0,"3 CB, 2 DE, 2 DT, 1 FS, 2 ILB, 1 SS",CB;CB;CB;DE;DE;DT;DT;FS;ILB;ILB;SS,11,7,0,,,False,00-0034281;00-0034261;00-0035764;00-0039150;00-0035243;00-0033284;00-0037229;00-0037005;00-0030035;00-0036955;00-0039062,Bradley Bozeman;Austin Corbett;Calvin Throckmorton;Bryce Young;Miles Sanders;Taylor Moton;Ikem Ekwonu;Tommy Tremble;Adam Thielen;Terrace Marshall;Jonathan Mingo,00-0036292;00-0038111;00-0039071;00-0033782;00-0034831;00-0039070;00-0038937;00-0033784;00-0035386;00-0037109;00-0038135,Jaylon Johnson;Kyler Gordon;Tyrique Stevenson;DeMarcus Walker;Rasheem Green;Gervon Dexter;Zacch Pickens;Eddie Jackson;T.J. Edwards;Jack Sanborn;Jaquan Brisker
2023_10_CAR_CHI,2479,pass,6.0,97.0,91.0,CAR,3.0,1608.0,97.0,37.0,11:48,11:11,,9.0,10.0,2.0,16.0,"3 CB, 2 DE, 2 DT, 1 FS, 2 ILB, 1 SS",CB;CB;CB;DE;DE;DT;DT;FS;ILB;ILB;SS,11,5,4,ZONE_COVERAGE,COVER_4,False,00-0034281;00-0034261;00-0035764;00-0039150;00-0037429;00-0033284;00-0037229;00-0034830;00-0030035;00-0036955;00-0039062,Bradley Bozeman;Austin Corbett;Calvin Throckmorton;Bryce Young;Raheem Blackshear;Taylor Moton;Ikem Ekwonu;Hayden Hurst;Adam Thielen;Terrace Marshall;Jonathan Mingo,00-0036292;00-0038111;00-0039071;00-0033782;00-0034831;00-0039070;00-0038937;00-0033784;00-0035386;00-0037109;00-0038135,Jaylon Johnson;Kyler Gordon;Tyrique Stevenson;DeMarcus Walker;Rasheem Green;Gervon Dexter;Zacch Pickens;Eddie Jackson;T.J. Edwards;Jack Sanborn;Jaquan Brisker
2023_10_CAR_CHI,2504,pass,-5.0,91.0,96.0,CAR,3.0,1571.0,91.0,34.0,11:11,10:37,,9.0,10.0,3.0,10.0,"3 CB, 3 DE, 1 DT, 1 FS, 2 ILB, 1 SS",CB;CB;CB;DE;DE;DE;DT;FS;ILB;ILB;SS,11,6,4,ZONE_COVERAGE,COVER_6,True,00-0034281;00-0034261;00-0035764;00-0039150;00-0036555;00-0033284;00-0037229;00-0034830;00-0030035;00-0036955;00-0039062,Bradley Bozeman;Austin Corbett;Calvin Throckmorton;Bryce Young;Chuba Hubbard;Taylor Moton;Ikem Ekwonu;Hayden Hurst;Adam Thielen;Terrace Marshall;Jonathan Mingo,00-0036292;00-0038111;00-0039071;00-0033123;00-0033782;00-0035647;00-0039070;00-0033784;00-0035386;00-0037109;00-0038135,Jaylon Johnson;Kyler Gordon;Tyrique Stevenson;Yannick Ngakoue;DeMarcus Walker;Montez Sweat;Gervon Dexter;Eddie Jackson;T.J. Edwards;Jack Sanborn;Jaquan Brisker
2023_10_CAR_CHI,2524,punt,0.0,96.0,96.0,CAR,3.0,1537.0,96.0,8.0,10:37,10:29,,9.0,10.0,4.0,15.0,"2 CB, 1 FS, 3 ILB, 3 RB, 1 SS, 1 WR",CB;CB;FS;ILB;ILB;ILB;RB;RB;RB;SS;WR,11,0,0,,,False,00-0038877;00-0032496;00-0032437;00-0026027;00-0028872;00-0036555;00-0036037;00-0038587;00-0031299;00-0034830;00-0037005,D'Shawn Jamison;Matthias Farley;Kamu Grugier-Hill;J.J. Jansen;Johnny Hekker;Chuba Hubbard;Sam Franklin;Jammie Robinson;Jordan Matthews;Hayden Hurst;Tommy Tremble,00-0037106;00-0037129;00-0037096;00-0033765;00-0038390;00-0038417;00-0035594;00-0036297;00-0039021;00-0038368;00-0033292,Jaylon Jones;Josh Blackwell;Elijah Hicks;Dylan Cole;Noah Sewell;Micah Baskerville;Travis Homer;Darrynton Evans;Roschon Johnson;Quindell Johnson;Trent Taylor
2023_10_CAR_CHI,2557,pass,9.0,38.0,29.0,CHI,3.0,1529.0,38.0,31.0,10:29,9:58,,9.0,10.0,1.0,10.0,"3 CB, 1 DE, 1 DT, 1 FS, 2 ILB, 2 OLB, 1 SS",CB;CB;CB;DE;DT;FS;ILB;ILB;OLB;OLB;SS,11,6,4,ZONE_COVERAGE,COVER_3,False,00-0033082;00-0032768;00-0038416;00-0033925;00-0036953;00-0037081;00-0038932;00-0024243;00-0036290;00-0034827;00-0038941,Lucas Patrick;Cody Whitehair;Tyson Bagent;D'Onta Foreman;Teven Jenkins;Braxton Jones;Darnell Wright;Marcedes Lewis;Cole Kmet;D.J. Moore;Tyler Scott,00-0031785;00-0034356;00-0036678;00-0036220;00-0035409;00-0033579;00-0032388;00-0034302;00-0038535;00-0038782;00-0032939,Troy Hill;Donte Jackson;Dicaprio Bootle;Derrick Brown;Shy Tuttle;Xavier Woods;Deion Jones;Frankie Luvu;D.J. Johnson;Eku Leota;Vonn Bell
2023_10_CAR_CHI,2582,run,3.0,29.0,26.0,CHI,3.0,1498.0,29.0,33.0,9:58,9:25,,9.0,10.0,2.0,1.0,"3 CB, 1 DE, 1 DT, 1 FS, 2 ILB, 2 OLB, 1 SS",CB;CB;CB;DE;DT;FS;ILB;ILB;OLB;OLB;SS,11,7,0,,,False,00-0033082;00-0032768;00-0038416;00-0033925;00-0036953;00-0037081;00-0038932;00-0024243;00-0036290;00-0034827;00-0038941,Lucas Patrick;Cody Whitehair;Tyson Bagent;D'Onta Foreman;Teven Jenkins;Braxton Jones;Darnell Wright;Marcedes Lewis;Cole Kmet;D.J. Moore;Tyler Scott,00-0031785;00-0034356;00-0036678;00-0036220;00-0035409;00-0033579;00-0032388;00-0034302;00-0038535;00-0038782;00-0032939,Troy Hill;Donte Jackson;Dicaprio Bootle;Derrick Brown;Shy Tuttle;Xavier Woods;Deion Jones;Frankie Luvu;D.J. Johnson;Eku Leota;Vonn Bell
2023_10_CAR_CHI,2604,run,1.0,26.0,25.0,CHI,3.0,1465.0,26.0,40.0,9:25,8:45,,9.0,10.0,1.0,10.0,"3 CB, 1 DE, 1 DT, 1 FS, 2 ILB, 2 OLB, 1 SS",CB;CB;CB;DE;DT;FS;ILB;ILB;OLB;OLB;SS,11,6,4,ZONE_COVERAGE,COVER_3,False,00-0033082;00-0032768;00-0038416;00-0033925;00-0036953;00-0037081;00-0038932;00-0024243;00-0036290;00-0034827;00-0038941,Lucas Patrick;Cody Whitehair;Tyson Bagent;D'Onta Foreman;Teven Jenkins;Braxton Jones;Darnell Wright;Marcedes Lewis;Cole Kmet;D.J. Moore;Tyler Scott,00-0031785;00-0034356;00-0036678;00-0036220;00-0035409;00-0033579;00-0032388;00-0034302;00-0038535;00-0038782;00-0032939,Troy Hill;Donte Jackson;Dicaprio Bootle;Derrick Brown;Shy Tuttle;Xavier Woods;Deion Jones;Frankie Luvu;D.J. Johnson;Eku Leota;Vonn Bell
2023_10_CAR_CHI,2631,run,11.0,25.0,14.0,CHI,3.0,1425.0,25.0,34.0,8:45,8:11,,9.0,10.0,2.0,9.0,"3 CB, 2 DE, 1 FS, 2 ILB, 2 OLB, 1 SS",CB;CB;CB;DE;DE;FS;ILB;ILB;OLB;OLB;SS,11,6,0,,,False,00-0033082;00-0032768;00-0038416;00-0033925;00-0036953;00-0037081;00-0038932;00-0036290;00-0034827;00-0036309;00-0038941,Lucas Patrick;Cody Whitehair;Tyson Bagent;D'Onta Foreman;Teven Jenkins;Braxton Jones;Darnell Wright;Cole Kmet;D.J. Moore;Darnell Mooney;Tyler Scott,00-0031785;00-0034356;00-0036678;00-0036220;00-0037203;00-0033579;00-0032388;00-0034302;00-0037043;00-0038782;00-0032939,Troy Hill;Donte Jackson;Dicaprio Bootle;Derrick Brown;LaBryan Ray;Xavier Woods;Deion Jones;Frankie Luvu;Amare Barno;Eku Leota;Vonn Bell
2023_10_CAR_CHI,2653,pass,6.0,14.0,8.0,CHI,3.0,1391.0,14.0,28.0,8:11,7:43,,9.0,10.0,1.0,10.0,"3 CB, 2 DE, 1 FS, 2 ILB, 2 OLB, 1 SS",CB;CB;CB;DE;DE;FS;ILB;ILB;OLB;OLB;SS,11,6,4,ZONE_COVERAGE,COVER_3,False,00-0033082;00-0032768;00-0038416;00-0033925;00-0036953;00-0037081;00-0038932;00-0036290;00-0034827;00-0036309;00-0038941,Lucas Patrick;Cody Whitehair;Tyson Bagent;D'Onta Foreman;Teven Jenkins;Braxton Jones;Darnell Wright;Cole Kmet;D.J. Moore;Darnell Mooney;Tyler Scott,00-0031785;00-0034356;00-0036678;00-0036220;00-0037203;00-0033579;00-0032388;00-0034302;00-0037043;00-0038782;00-0032939,Troy Hill;Donte Jackson;Dicaprio Bootle;Derrick Brown;LaBryan Ray;Xavier Woods;Deion Jones;Frankie Luvu;Amare Barno;Eku Leota;Vonn Bell
2023_10_CAR_CHI,2678,run,3.0,8.0,5.0,CHI,3.0,1363.0,8.0,29.0,7:43,7:14,,9.0,10.0,2.0,4.0,"3 CB, 2 DE, 1 FS, 2 ILB, 2 OLB, 1 SS",CB;CB;CB;DE;DE;FS;ILB;ILB;OLB;OLB;SS,11,6,0,,,False,00-0033082;00-0032768;00-0038416;00-0033925;00-0036953;00-0037081;00-0038932;00-0036290;00-0034827;00-0036309;00-0038941,Lucas Patrick;Cody Whitehair;Tyson Bagent;D'Onta Foreman;Teven Jenkins;Braxton Jones;Darnell Wright;Cole Kmet;D.J. Moore;Darnell Mooney;Tyler Scott,00-0031785;00-0034356;00-0036678;00-0036220;00-0037203;00-0033579;00-0032388;00-0034302;00-0037043;00-0038782;00-0032939,Troy Hill;Donte Jackson;Dicaprio Bootle;Derrick Brown;LaBryan Ray;Xavier Woods;Deion Jones;Frankie Luvu;Amare Barno;Eku Leota;Vonn Bell
2023_10_CAR_CHI,2700,run,1.0,5.0,4.0,CHI,3.0,1334.0,5.0,33.0,7:14,6:41,,9.0,10.0,3.0,1.0,"3 CB, 2 DE, 1 FS, 2 ILB, 2 OLB, 1 SS",CB;CB;CB;DE;DE;FS;ILB;ILB;OLB;OLB;SS,11,8,0,,,False,00-0033082;00-0032768;00-0038416;00-0033925;00-0036953;00-0037081;00-0038932;00-0036290;00-0034827;00-0036309;00-0038941,Lucas Patrick;Cody Whitehair;Tyson Bagent;D'Onta Foreman;Teven Jenkins;Braxton Jones;Darnell Wright;Cole Kmet;D.J. Moore;Darnell Mooney;Tyler Scott,00-0031785;00-0034356;00-0036678;00-0036220;00-0037203;00-0033579;00-0032388;00-0034302;00-0037043;00-0038782;00-0032939,Troy Hill;Donte Jackson;Dicaprio Bootle;Derrick Brown;LaBryan Ray;Xavier Woods;Deion Jones;Frankie Luvu;Amare Barno;Eku Leota;Vonn Bell
2023_10_CAR_CHI,2724,pass,0.0,4.0,4.0,CHI,3.0,1301.0,4.0,3.0,6:41,6:38,,9.0,10.0,1.0,4.0,"2 CB, 2 DE, 1 DT, 1 FS, 2 ILB, 2 OLB, 1 SS",CB;CB;DE;DE;DT;FS;ILB;ILB;OLB;OLB;SS,11,7,4,MAN_COVERAGE,COVER_1,False,00-0033082;00-0032768;00-0038416;00-0033925;00-0036953;00-0037081;00-0038932;00-0024243;00-0036290;00-0034827;00-0036309,Lucas Patrick;Cody Whitehair;Tyson Bagent;D'Onta Foreman;Teven Jenkins;Braxton Jones;Darnell Wright;Marcedes Lewis;Cole Kmet;D.J. Moore;Darnell Mooney,00-0034356;00-0036678;00-0036220;00-0037203;00-0035409;00-0033579;00-0032437;00-0034302;00-0037043;00-0038535;00-0032939,Donte Jackson;Dicaprio Bootle;Derrick Brown;LaBryan Ray;Shy Tuttle;Xavier Woods;Kamu Grugier-Hill;Frankie Luvu;Amare Barno;D.J. Johnson;Vonn Bell
2023_10_CAR_CHI,2759,run,4.0,4.0,0.0,CHI,3.0,1298.0,4.0,5.0,6:38,6:33,,15.0,10.0,2.0,4.0,"2 CB, 2 DE, 1 DT, 1 FS, 2 ILB, 2 OLB, 1 SS",CB;CB;DE;DE;DT;FS;ILB;ILB;OLB;OLB;SS,11,7,0,,,False,00-0033082;00-0032768;00-0038416;00-0033925;00-0036953;00-0037081;00-0038932;00-0024243;00-0034827;00-0034279;00-0036309,Lucas Patrick;Cody Whitehair;Tyson Bagent;D'Onta Foreman;Teven Jenkins;Braxton Jones;Darnell Wright;Marcedes Lewis;D.J. Moore;Equanimeous St. Brown;Darnell Mooney,00-0034356;00-0036678;00-0036220;00-0037203;00-0035409;00-0033579;00-0032437;00-0034302;00-0037043;00-0038535;00-0032939,Donte Jackson;Dicaprio Bootle;Derrick Brown;LaBryan Ray;Shy Tuttle;Xavier Woods;Kamu Grugier-Hill;Frankie Luvu;Amare Barno;D.J. Johnson;Vonn Bell
2023_10_CAR_CHI,2782,extra_point,0.0,15.0,15.0,CHI,3.0,1293.0,15.0,0.0,6:33,6:33,,16.0,10.0,,0.0,"2 CB, 1 DE, 2 DT, 2 ILB, 2 OLB, 2 SS",CB;CB;DE;DT;DT;ILB;ILB;OLB;OLB;SS;SS,11,0,0,,,False,00-0033082;00-0033910;00-0032768;00-0037089;00-0031203;00-0028284;00-0037097;00-0036953;00-0036905;00-0033757;00-0036290,Lucas Patrick;Dan Feeney;Cody Whitehair;Ja'Tyre Carter;Cairo Santos;Patrick Scales;Trenton Gill;Teven Jenkins;Larry Borom;Robert Tonyan;Cole Kmet,00-0031785;00-0036678;00-0036220;00-0034723;00-0035409;00-0032437;00-0034302;00-0037043;00-0038535;00-0036037;00-0038475,Troy Hill;Dicaprio Bootle;Derrick Brown;Nick Thurman;Shy Tuttle;Kamu Grugier-Hill;Frankie Luvu;Amare Barno;D.J. Johnson;Sam Franklin;Alex Cook
2023_10_CAR_CHI,2804,kickoff,0.0,35.0,35.0,CAR,3.0,1293.0,35.0,0.0,6:33,6:33,,16.0,10.0,,0.0,"3 CB, 1 FS, 3 ILB, 1 K, 2 RB, 1 SS",CB;CB;CB;FS;ILB;ILB;ILB;K;RB;RB;SS,11,0,0,,,False,00-0032496;00-0032437;00-0037043;00-0038782;00-0037429;00-0036037;00-0038587;00-0031299;00-0034830;00-0037005;00-0036635,Matthias Farley;Kamu Grugier-Hill;Amare Barno;Eku Leota;Raheem Blackshear;Sam Franklin;Jammie Robinson;Jordan Matthews;Hayden Hurst;Tommy Tremble;Ihmir Smith-Marsette,00-0037106;00-0037129;00-0039071;00-0037096;00-0033765;00-0038390;00-0038417;00-0031203;00-0035594;00-0039021;00-0038368,Jaylon Jones;Josh Blackwell;Tyrique Stevenson;Elijah Hicks;Dylan Cole;Noah Sewell;Micah Baskerville;Cairo Santos;Travis Homer;Roschon Johnson;Quindell Johnson
2023_10_CAR_CHI,2820,pass,0.0,75.0,75.0,CAR,3.0,1293.0,75.0,5.0,6:33,6:28,,16.0,10.0,1.0,10.0,"3 CB, 2 DE, 2 DT, 1 FS, 2 ILB, 1 SS",CB;CB;CB;DE;DE;DT;DT;FS;ILB;ILB;SS,11,6,4,ZONE_COVERAGE,COVER_3,False,00-0034281;00-0034261;00-0035764;00-0039150;00-0035243;00-0033284;00-0037229;00-0034830;00-0030035;00-0036955;00-0039062,Bradley Bozeman;Austin Corbett;Calvin Throckmorton;Bryce Young;Miles Sanders;Taylor Moton;Ikem Ekwonu;Hayden Hurst;Adam Thielen;Terrace Marshall;Jonathan Mingo,00-0036292;00-0038111;00-0039071;00-0033123;00-0035647;00-0033066;00-0034677;00-0033784;00-0035386;00-0037109;00-0038135,Jaylon Johnson;Kyler Gordon;Tyrique Stevenson;Yannick Ngakoue;Montez Sweat;Andrew Billings;Justin Jones;Eddie Jackson;T.J. Edwards;Jack Sanborn;Jaquan Brisker
2023_10_CAR_CHI,2843,pass,11.0,75.0,64.0,CAR,3.0,1288.0,75.0,30.0,6:28,5:58,,16.0,10.0,2.0,10.0,"3 CB, 2 DE, 2 DT, 1 FS, 2 ILB, 1 SS",CB;CB;CB;DE;DE;DT;DT;FS;ILB;ILB;SS,11,6,4,MAN_COVERAGE,COVER_1,False,00-0034281;00-0034261;00-0035764;00-0039150;00-0035243;00-0033284;00-0037229;00-0034830;00-0030035;00-0036955;00-0039062,Bradley Bozeman;Austin Corbett;Calvin Throckmorton;Bryce Young;Miles Sanders;Taylor Moton;Ikem Ekwonu;Hayden Hurst;Adam Thielen;Terrace Marshall;Jonathan Mingo,00-0036292;00-0038111;00-0039071;00-0033123;00-0035647;00-0033066;00-0034677;00-0033784;00-0035386;00-0037109;00-0038135,Jaylon Johnson;Kyler Gordon;Tyrique Stevenson;Yannick Ngakoue;Montez Sweat;Andrew Billings;Justin Jones;Eddie Jackson;T.J. Edwards;Jack Sanborn;Jaquan Brisker
2023_10_CAR_CHI,2868,pass,14.0,64.0,50.0,CAR,3.0,1258.0,64.0,28.0,5:58,5:30,,16.0,10.0,1.0,10.0,"3 CB, 2 DE, 2 DT, 1 FS, 2 ILB, 1 SS",CB;CB;CB;DE;DE;DT;DT;FS;ILB;ILB;SS,11,6,4,ZONE_COVERAGE,COVER_6,False,00-0034281;00-0034261;00-0035764;00-0039150;00-0035243;00-0033284;00-0037229;00-0034830;00-0030035;00-0036955;00-0039062,Bradley Bozeman;Austin Corbett;Calvin Throckmorton;Bryce Young;Miles Sanders;Taylor Moton;Ikem Ekwonu;Hayden Hurst;Adam Thielen;Terrace Marshall;Jonathan Mingo,00-0036292;00-0038111;00-0039071;00-0033123;00-0035647;00-0033066;00-0034677;00-0033784;00-0035386;00-0037109;00-0038135,Jaylon Johnson;Kyler Gordon;Tyrique Stevenson;Yannick Ngakoue;Montez Sweat;Andrew Billings;Justin Jones;Eddie Jackson;T.J. Edwards;Jack Sanborn;Jaquan Brisker
2023_10_CAR_CHI,2893,pass,0.0,50.0,50.0,CAR,3.0,1230.0,50.0,7.0,5:30,5:23,,16.0,10.0,1.0,10.0,"3 CB, 2 DE, 2 DT, 1 FS, 2 ILB, 1 SS",CB;CB;CB;DE;DE;DT;DT;FS;ILB;ILB;SS,11,6,4,ZONE_COVERAGE,COVER_2,False,00-0034281;00-0034261;00-0035764;00-0039150;00-0035243;00-0033284;00-0037229;00-0034830;00-0030035;00-0036955;00-0039062,Bradley Bozeman;Austin Corbett;Calvin Throckmorton;Bryce Young;Miles Sanders;Taylor Moton;Ikem Ekwonu;Hayden Hurst;Adam Thielen;Terrace Marshall;Jonathan Mingo,00-0036292;00-0038111;00-0039071;00-0033123;00-0035647;00-0033066;00-0034677;00-0033784;00-0035386;00-0037109;00-0038135,Jaylon Johnson;Kyler Gordon;Tyrique Stevenson;Yannick Ngakoue;Montez Sweat;Andrew Billings;Justin Jones;Eddie Jackson;T.J. Edwards;Jack Sanborn;Jaquan Brisker
2023_10_CAR_CHI,2916,no_play,0.0,50.0,50.0,CAR,3.0,1223.0,50.0,0.0,5:23,5:23,,16.0,10.0,2.0,10.0,"3 CB, 2 DE, 2 DT, 1 FS, 2 ILB, 1 SS",CB;CB;CB;DE;DE;DT;DT;FS;ILB;ILB;SS,11,0,0,,,False,00-0034281;00-0034261;00-0035764;00-0039150;00-0036555;00-0033284;00-0037229;00-0037005;00-0030035;00-0036955;00-0039062,Bradley Bozeman;Austin Corbett;Calvin Throckmorton;Bryce Young;Chuba Hubbard;Taylor Moton;Ikem Ekwonu;Tommy Tremble;Adam Thielen;Terrace Marshall;Jonathan Mingo,00-0036292;00-0038111;00-0039071;00-0033123;00-0033782;00-0033066;00-0039070;00-0033784;00-0035386;00-0037109;00-0038135,Jaylon Johnson;Kyler Gordon;Tyrique Stevenson;Yannick Ngakoue;DeMarcus Walker;Andrew Billings;Gervon Dexter;Eddie Jackson;T.J. Edwards;Jack Sanborn;Jaquan Brisker
2023_10_CAR_CHI,2940,pass,0.0,55.0,55.0,CAR,3.0,1223.0,55.0,4.0,5:23,5:19,,16.0,10.0,2.0,15.0,"3 CB, 2 DE, 2 DT, 1 FS, 2 ILB, 1 SS",CB;CB;CB;DE;DE;DT;DT;FS;ILB;ILB;SS,11,6,4,ZONE_COVERAGE,COVER_2,False,00-0034281;00-0034261;00-0035764;00-0039150;00-0036555;00-0033284;00-0037229;00-0037005;00-0030035;00-0036955;00-0039062,Bradley Bozeman;Austin Corbett;Calvin Throckmorton;Bryce Young;Chuba Hubbard;Taylor Moton;Ikem Ekwonu;Tommy Tremble;Adam Thielen;Terrace Marshall;Jonathan Mingo,00-0036292;00-0038111;00-0039071;00-0033123;00-0033782;00-0033066;00-0039070;00-0033784;00-0035386;00-0037109;00-0038135,Jaylon Johnson;Kyler Gordon;Tyrique Stevenson;Yannick Ngakoue;DeMarcus Walker;Andrew Billings;Gervon Dexter;Eddie Jackson;T.J. Edwards;Jack Sanborn;Jaquan Brisker
2023_10_CAR_CHI,2963,pass,10.0,55.0,45.0,CAR,3.0,1219.0,55.0,46.0,5:19,4:33,,16.0,10.0,3.0,15.0,"3 CB, 2 DE, 2 DT, 1 FS, 2 ILB, 1 SS",CB;CB;CB;DE;DE;DT;DT;FS;ILB;ILB;SS,11,5,4,ZONE_COVERAGE,COVER_4,False,00-0034281;00-0034261;00-0035764;00-0039150;00-0036555;00-0033284;00-0037229;00-0037005;00-0030035;00-0036955;00-0039062,Bradley Bozeman;Austin Corbett;Calvin Throckmorton;Bryce Young;Chuba Hubbard;Taylor Moton;Ikem Ekwonu;Tommy Tremble;Adam Thielen;Terrace Marshall;Jonathan Mingo,00-0036292;00-0038111;00-0039071;00-0033123;00-0033782;00-0034677;00-0039070;00-0033784;00-0035386;00-0037109;00-0038135,Jaylon Johnson;Kyler Gordon;Tyrique Stevenson;Yannick Ngakoue;DeMarcus Walker;Justin Jones;Gervon Dexter;Eddie Jackson;T.J. Edwards;Jack Sanborn;Jaquan Brisker
2023_10_CAR_CHI,2988,punt,0.0,45.0,45.0,CAR,3.0,1173.0,45.0,7.0,4:33,4:26,,16.0,10.0,4.0,5.0,"3 CB, 2 DE, 2 DT, 2 ILB, 1 SS, 1 WR",CB;CB;CB;DE;DE;DT;DT;ILB;ILB;SS;WR,11,0,0,,,False,00-0038877;00-0032496;00-0032437;00-0026027;00-0028872;00-0036555;00-0036037;00-0038587;00-0031299;00-0034830;00-0037005,D'Shawn Jamison;Matthias Farley;Kamu Grugier-Hill;J.J. Jansen;Johnny Hekker;Chuba Hubbard;Sam Franklin;Jammie Robinson;Jordan Matthews;Hayden Hurst;Tommy Tremble,00-0036292;00-0038111;00-0039071;00-0033123;00-0033782;00-0034677;00-0039070;00-0035386;00-0037109;00-0038135;00-0033292,Jaylon Johnson;Kyler Gordon;Tyrique Stevenson;Yannick Ngakoue;DeMarcus Walker;Justin Jones;Gervon Dexter;T.J. Edwards;Jack Sanborn;Jaquan Brisker;Trent Taylor
2023_10_CAR_CHI,3015,run,8.0,89.0,81.0,CHI,3.0,1166.0,89.0,38.0,4:26,3:48,,16.0,10.0,1.0,10.0,"2 CB, 2 DE, 1 DT, 1 FS, 2 ILB, 2 OLB, 1 SS",CB;CB;DE;DE;DT;FS;ILB;ILB;OLB;OLB;SS,11,7,0,,,False,00-0033082;00-0032768;00-0038416;00-0033925;00-0036953;00-0037081;00-0038932;00-0024243;00-0033757;00-0036290;00-0034279,Lucas Patrick;Cody Whitehair;Tyson Bagent;D'Onta Foreman;Teven Jenkins;Braxton Jones;Darnell Wright;Marcedes Lewis;Robert Tonyan;Cole Kmet;Equanimeous St. Brown,00-0034356;00-0036678;00-0036220;00-0037203;00-0035409;00-0033579;00-0032437;00-0034302;00-0038535;00-0038782;00-0032939,Donte Jackson;Dicaprio Bootle;Derrick Brown;LaBryan Ray;Shy Tuttle;Xavier Woods;Kamu Grugier-Hill;Frankie Luvu;D.J. Johnson;Eku Leota;Vonn Bell
2023_10_CAR_CHI,3037,run,4.0,81.0,77.0,CHI,3.0,1128.0,81.0,38.0,3:48,3:10,,16.0,10.0,2.0,2.0,"3 CB, 1 DE, 1 DT, 1 FS, 2 ILB, 2 OLB, 1 SS",CB;CB;CB;DE;DT;FS;ILB;ILB;OLB;OLB;SS,11,6,0,,,False,00-0033082;00-0032768;00-0038416;00-0033925;00-0036953;00-0037081;00-0038932;00-0036290;00-0034827;00-0034279;00-0036309,Lucas Patrick;Cody Whitehair;Tyson Bagent;D'Onta Foreman;Teven Jenkins;Braxton Jones;Darnell Wright;Cole Kmet;D.J. Moore;Equanimeous St. Brown;Darnell Mooney,00-0031785;00-0034356;00-0036678;00-0036220;00-0035409;00-0033579;00-0032388;00-0034302;00-0038535;00-0038782;00-0032939,Troy Hill;Donte Jackson;Dicaprio Bootle;Derrick Brown;Shy Tuttle;Xavier Woods;Deion Jones;Frankie Luvu;D.J. Johnson;Eku Leota;Vonn Bell
2023_10_CAR_CHI,3059,run,2.0,77.0,75.0,CHI,3.0,1090.0,77.0,33.0,3:10,2:37,,16.0,10.0,1.0,10.0,"2 CB, 2 DE, 1 DT, 1 FS, 1 ILB, 2 OLB, 2 SS",CB;CB;DE;DE;DT;FS;ILB;OLB;OLB;SS;SS,11,6,4,ZONE_COVERAGE,COVER_2,False,00-0033082;00-0032768;00-0038416;00-0033925;00-0036953;00-0037081;00-0038932;00-0033757;00-0036290;00-0034827;00-0036309,Lucas Patrick;Cody Whitehair;Tyson Bagent;D'Onta Foreman;Teven Jenkins;Braxton Jones;Darnell Wright;Robert Tonyan;Cole Kmet;D.J. Moore;Darnell Mooney,00-0034356;00-0036678;00-0036220;00-0037203;00-0035409;00-0033579;00-0034302;00-0038535;00-0038782;00-0032939;00-0038587,Donte Jackson;Dicaprio Bootle;Derrick Brown;LaBryan Ray;Shy Tuttle;Xavier Woods;Frankie Luvu;D.J. Johnson;Eku Leota;Vonn Bell;Jammie Robinson
2023_10_CAR_CHI,3086,run,-1.0,75.0,76.0,CHI,3.0,1057.0,75.0,39.0,2:37,1:58,,16.0,10.0,2.0,8.0,"2 CB, 2 DE, 1 DT, 1 FS, 1 ILB, 2 OLB, 2 SS",CB;CB;DE;DE;DT;FS;ILB;OLB;OLB;SS;SS,11,6,0,,,False,00-0033082;00-0032768;00-0038416;00-0033925;00-0036953;00-0037081;00-0038932;00-0036290;00-0033292;00-0034827;00-0034279,Lucas Patrick;Cody Whitehair;Tyson Bagent;D'Onta Foreman;Teven Jenkins;Braxton Jones;Darnell Wright;Cole Kmet;Trent Taylor;D.J. Moore;Equanimeous St. Brown,00-0034356;00-0036678;00-0036220;00-0037203;00-0035409;00-0033579;00-0034302;00-0037043;00-0038782;00-0032939;00-0038587,Donte Jackson;Dicaprio Bootle;Derrick Brown;LaBryan Ray;Shy Tuttle;Xavier Woods;Frankie Luvu;Amare Barno;Eku Leota;Vonn Bell;Jammie Robinson
2023_10_CAR_CHI,3108,no_play,0.0,76.0,76.0,CHI,3.0,1018.0,76.0,24.0,1:58,1:34,,16.0,10.0,3.0,9.0,"3 CB, 2 DE, 1 FS, 2 ILB, 2 OLB, 1 SS",CB;CB;CB;DE;DE;FS;ILB;ILB;OLB;OLB;SS,11,6,4,ZONE_COVERAGE,COVER_4,False,00-0033082;00-0032768;00-0038416;00-0039021;00-0036953;00-0037081;00-0038932;00-0036290;00-0033292;00-0034827;00-0034279,Lucas Patrick;Cody Whitehair;Tyson Bagent;Roschon Johnson;Teven Jenkins;Braxton Jones;Darnell Wright;Cole Kmet;Trent Taylor;D.J. Moore;Equanimeous St. Brown,00-0031785;00-0034356;00-0036678;00-0031795;00-0036220;00-0033579;00-0032388;00-0034302;00-0034382;00-0037043;00-0032939,Troy Hill;Donte Jackson;Dicaprio Bootle;DeShawn Williams;Derrick Brown;Xavier Woods;Deion Jones;Frankie Luvu;Marquis Haynes;Amare Barno;Vonn Bell
2023_10_CAR_CHI,3144,run,0.0,86.0,86.0,CHI,3.0,994.0,86.0,34.0,1:34,1:00,,16.0,10.0,3.0,19.0,"3 CB, 2 DE, 1 FS, 1 ILB, 2 OLB, 2 SS",CB;CB;CB;DE;DE;FS;ILB;OLB;OLB;SS;SS,11,5,0,,,False,00-0033082;00-0032768;00-0038416;00-0039021;00-0036953;00-0037081;00-0038932;00-0036290;00-0034827;00-0034279;00-0036309,Lucas Patrick;Cody Whitehair;Tyson Bagent;Roschon Johnson;Teven Jenkins;Braxton Jones;Darnell Wright;Cole Kmet;D.J. Moore;Equanimeous St. Brown;Darnell Mooney,00-0031785;00-0034356;00-0036678;00-0031795;00-0036220;00-0033579;00-0034302;00-0034382;00-0037043;00-0032939;00-0038587,Troy Hill;Donte Jackson;Dicaprio Bootle;DeShawn Williams;Derrick Brown;Xavier Woods;Frankie Luvu;Marquis Haynes;Amare Barno;Vonn Bell;Jammie Robinson
2023_10_CAR_CHI,3166,punt,0.0,86.0,86.0,CHI,3.0,960.0,86.0,12.0,1:00,0:48,,16.0,10.0,4.0,19.0,"3 CB, 1 FS, 1 OLB, 1 RB, 2 SS, 1 TE, 2 WR",CB;CB;CB;FS;OLB;RB;SS;SS;TE;WR;WR,11,0,0,,,False,00-0037106;00-0037129;00-0033765;00-0035386;00-0037109;00-0038390;00-0028284;00-0037097;00-0035594;00-0039021;00-0033757,Jaylon Jones;Josh Blackwell;Dylan Cole;T.J. Edwards;Jack Sanborn;Noah Sewell;Patrick Scales;Trenton Gill;Travis Homer;Roschon Johnson;Robert Tonyan,00-0035665;00-0036678;00-0038877;00-0032496;00-0038782;00-0037429;00-0036037;00-0038587;00-0031299;00-0036955;00-0036635,David Long;Dicaprio Bootle;D'Shawn Jamison;Matthias Farley;Eku Leota;Raheem Blackshear;Sam Franklin;Jammie Robinson;Jordan Matthews;Terrace Marshall;Ihmir Smith-Marsette
2023_10_CAR_CHI,3193,no_play,0.0,40.0,40.0,CAR,3.0,948.0,40.0,19.0,0:48,0:29,,16.0,10.0,1.0,10.0,"3 CB, 2 DE, 2 DT, 1 FS, 2 ILB, 1 SS",CB;CB;CB;DE;DE;DT;DT;FS;ILB;ILB;SS,11,7,4,ZONE_COVERAGE,COVER_4,True,00-0034281;00-0034261;00-0035764;00-0039150;00-0036555;00-0033284;00-0037229;00-0034830;00-0030035;00-0036955;00-0039062,Bradley Bozeman;Austin Corbett;Calvin Throckmorton;Bryce Young;Chuba Hubbard;Taylor Moton;Ikem Ekwonu;Hayden Hurst;Adam Thielen;Terrace Marshall;Jonathan Mingo,00-0036292;00-0038111;00-0039071;00-0033782;00-0034831;00-0039070;00-0038937;00-0033784;00-0035386;00-0037109;00-0038135,Jaylon Johnson;Kyler Gordon;Tyrique Stevenson;DeMarcus Walker;Rasheem Green;Gervon Dexter;Zacch Pickens;Eddie Jackson;T.J. Edwards;Jack Sanborn;Jaquan Brisker
2023_10_CAR_CHI,3226,no_play,0.0,50.0,50.0,CAR,3.0,929.0,50.0,26.0,0:29,0:03,,16.0,10.0,1.0,20.0,"3 CB, 2 DE, 2 DT, 1 FS, 2 ILB, 1 SS",CB;CB;CB;DE;DE;DT;DT;FS;ILB;ILB;SS,11,7,4,ZONE_COVERAGE,COVER_6,False,00-0034281;00-0034261;00-0035764;00-0039150;00-0036555;00-0033284;00-0037229;00-0034830;00-0030035;00-0036955;00-0036635,Bradley Bozeman;Austin Corbett;Calvin Throckmorton;Bryce Young;Chuba Hubbard;Taylor Moton;Ikem Ekwonu;Hayden Hurst;Adam Thielen;Terrace Marshall;Ihmir Smith-Marsette,00-0036292;00-0038111;00-0039071;00-0033782;00-0034831;00-0039070;00-0038937;00-0033784;00-0035386;00-0037109;00-0038135,Jaylon Johnson;Kyler Gordon;Tyrique Stevenson;DeMarcus Walker;Rasheem Green;Gervon Dexter;Zacch Pickens;Eddie Jackson;T.J. Edwards;Jack Sanborn;Jaquan Brisker
2023_10_CAR_CHI,3262,run,3.0,60.0,57.0,CAR,3.0,903.0,60.0,3.0,0:03,0:00,,16.0,10.0,1.0,30.0,"3 CB, 2 DE, 2 DT, 1 FS, 2 ILB, 1 SS",CB;CB;CB;DE;DE;DT;DT;FS;ILB;ILB;SS,11,6,0,,,False,00-0034281;00-0034261;00-0035764;00-0039150;00-0036555;00-0033284;00-0037229;00-0034830;00-0030035;00-0036955;00-0039062,Bradley Bozeman;Austin Corbett;Calvin Throckmorton;Bryce Young;Chuba Hubbard;Taylor Moton;Ikem Ekwonu;Hayden Hurst;Adam Thielen;Terrace Marshall;Jonathan Mingo,00-0036292;00-0038111;00-0039071;00-0033123;00-0033782;00-0034677;00-0039070;00-0033784;00-0035386;00-0037109;00-0038135,Jaylon Johnson;Kyler Gordon;Tyrique Stevenson;Yannick Ngakoue;DeMarcus Walker;Justin Jones;Gervon Dexter;Eddie Jackson;T.J. Edwards;Jack Sanborn;Jaquan Brisker
2023_10_CAR_CHI,3284,start_quarter_4,,,,CAR,3.0,900.0,,0.0,0:00,0:00,,16.0,10.0,,0.0,,,,,,,,,,,,
2023_10_CAR_CHI,3304,pass,10.0,57.0,47.0,CAR,4.0,900.0,57.0,49.0,15:00,14:11,,16.0,10.0,2.0,27.0,"3 CB, 2 DE, 2 DT, 1 FS, 2 ILB, 1 SS",CB;CB;CB;DE;DE;DT;DT;FS;ILB;ILB;SS,11,6,4,ZONE_COVERAGE,COVER_2,False,00-0034281;00-0034261;00-0035764;00-0039150;00-0036555;00-0033284;00-0037229;00-0034830;00-0030035;00-0036955;00-0039062,Bradley Bozeman;Austin Corbett;Calvin Throckmorton;Bryce Young;Chuba Hubbard;Taylor Moton;Ikem Ekwonu;Hayden Hurst;Adam Thielen;Terrace Marshall;Jonathan Mingo,00-0036292;00-0038111;00-0039071;00-0033123;00-0035647;00-0034677;00-0039070;00-0033784;00-0035386;00-0037109;00-0038135,Jaylon Johnson;Kyler Gordon;Tyrique Stevenson;Yannick Ngakoue;Montez Sweat;Justin Jones;Gervon Dexter;Eddie Jackson;T.J. Edwards;Jack Sanborn;Jaquan Brisker
2023_10_CAR_CHI,3329,no_play,0.0,47.0,47.0,CAR,4.0,851.0,47.0,19.0,14:11,13:52,,16.0,10.0,3.0,17.0,"3 CB, 3 DE, 1 DT, 1 FS, 2 ILB, 1 SS",CB;CB;CB;DE;DE;DE;DT;FS;ILB;ILB;SS,11,0,0,,,False,00-0034281;00-0034261;00-0035764;00-0039150;00-0036555;00-0033284;00-0037229;00-0034830;00-0030035;00-0036482;00-0039062,Bradley Bozeman;Austin Corbett;Calvin Throckmorton;Bryce Young;Chuba Hubbard;Taylor Moton;Ikem Ekwonu;Hayden Hurst;Adam Thielen;Mike Strachan;Jonathan Mingo,00-0036292;00-0038111;00-0039071;00-0033123;00-0033782;00-0035647;00-0034677;00-0033784;00-0035386;00-0037109;00-0038135,Jaylon Johnson;Kyler Gordon;Tyrique Stevenson;Yannick Ngakoue;DeMarcus Walker;Montez Sweat;Justin Jones;Eddie Jackson;T.J. Edwards;Jack Sanborn;Jaquan Brisker
2023_10_CAR_CHI,3353,pass,6.0,42.0,36.0,CAR,4.0,832.0,42.0,46.0,13:52,13:06,,16.0,10.0,3.0,12.0,"3 CB, 2 DE, 2 DT, 1 FS, 2 ILB, 1 SS",CB;CB;CB;DE;DE;DT;DT;FS;ILB;ILB;SS,11,6,4,ZONE_COVERAGE,COVER_6,False,00-0034281;00-0034261;00-0035764;00-0039150;00-0036555;00-0033284;00-0037229;00-0034830;00-0030035;00-0036482;00-0039062,Bradley Bozeman;Austin Corbett;Calvin Throckmorton;Bryce Young;Chuba Hubbard;Taylor Moton;Ikem Ekwonu;Hayden Hurst;Adam Thielen;Mike Strachan;Jonathan Mingo,00-0036292;00-0038111;00-0039071;00-0033123;00-0035647;00-0034677;00-0039070;00-0033784;00-0035386;00-0037109;00-0038135,Jaylon Johnson;Kyler Gordon;Tyrique Stevenson;Yannick Ngakoue;Montez Sweat;Justin Jones;Gervon Dexter;Eddie Jackson;T.J. Edwards;Jack Sanborn;Jaquan Brisker
2023_10_CAR_CHI,3378,pass,11.0,36.0,25.0,CAR,4.0,786.0,36.0,23.0,13:06,12:43,,16.0,10.0,4.0,6.0,"4 CB, 2 DE, 2 DT, 1 FS, 1 ILB, 1 SS",CB;CB;CB;CB;DE;DE;DT;DT;FS;ILB;SS,11,5,4,MAN_COVERAGE,COVER_1,True,00-0034281;00-0034261;00-0035764;00-0039150;00-0036555;00-0033284;00-0037229;00-0037005;00-0030035;00-0036955;00-0039062,Bradley Bozeman;Austin Corbett;Calvin Throckmorton;Bryce Young;Chuba Hubbard;Taylor Moton;Ikem Ekwonu;Tommy Tremble;Adam Thielen;Terrace Marshall;Jonathan Mingo,00-0036292;00-0038111;00-0037106;00-0039071;00-0033123;00-0035647;00-0034677;00-0039070;00-0033784;00-0035386;00-0038135,Jaylon Johnson;Kyler Gordon;Jaylon Jones;Tyrique Stevenson;Yannick Ngakoue;Montez Sweat;Justin Jones;Gervon Dexter;Eddie Jackson;T.J. Edwards;Jaquan Brisker
2023_10_CAR_CHI,3414,run,3.0,25.0,22.0,CAR,4.0,763.0,25.0,45.0,12:43,11:58,,16.0,10.0,1.0,10.0,"3 CB, 2 DE, 2 DT, 1 FS, 2 ILB, 1 SS",CB;CB;CB;DE;DE;DT;DT;FS;ILB;ILB;SS,11,6,0,,,False,00-0034281;00-0034261;00-0035764;00-0039150;00-0037429;00-0033284;00-0037229;00-0034830;00-0030035;00-0036955;00-0039062,Bradley Bozeman;Austin Corbett;Calvin Throckmorton;Bryce Young;Raheem Blackshear;Taylor Moton;Ikem Ekwonu;Hayden Hurst;Adam Thielen;Terrace Marshall;Jonathan Mingo,00-0036292;00-0038111;00-0039071;00-0033123;00-0035647;00-0033066;00-0034677;00-0033784;00-0035386;00-0037109;00-0038135,Jaylon Johnson;Kyler Gordon;Tyrique Stevenson;Yannick Ngakoue;Montez Sweat;Andrew Billings;Justin Jones;Eddie Jackson;T.J. Edwards;Jack Sanborn;Jaquan Brisker
2023_10_CAR_CHI,3436,pass,2.0,22.0,20.0,CAR,4.0,718.0,22.0,44.0,11:58,11:14,,16.0,10.0,2.0,7.0,"3 CB, 2 DE, 2 DT, 1 FS, 2 ILB, 1 SS",CB;CB;CB;DE;DE;DT;DT;FS;ILB;ILB;SS,11,6,4,ZONE_COVERAGE,COVER_3,False,00-0034281;00-0034261;00-0035764;00-0039150;00-0035243;00-0033284;00-0037229;00-0037005;00-0030035;00-0036955;00-0039062,Bradley Bozeman;Austin Corbett;Calvin Throckmorton;Bryce Young;Miles Sanders;Taylor Moton;Ikem Ekwonu;Tommy Tremble;Adam Thielen;Terrace Marshall;Jonathan Mingo,00-0036292;00-0038111;00-0039071;00-0033123;00-0035647;00-0033066;00-0034677;00-0033784;00-0035386;00-0037109;00-0038135,Jaylon Johnson;Kyler Gordon;Tyrique Stevenson;Yannick Ngakoue;Montez Sweat;Andrew Billings;Justin Jones;Eddie Jackson;T.J. Edwards;Jack Sanborn;Jaquan Brisker
2023_10_CAR_CHI,3461,pass,0.0,20.0,20.0,CAR,4.0,674.0,20.0,4.0,11:14,11:10,,16.0,10.0,3.0,5.0,"4 CB, 2 DE, 2 DT, 1 FS, 1 ILB, 1 SS",CB;CB;CB;CB;DE;DE;DT;DT;FS;ILB;SS,11,5,4,MAN_COVERAGE,COVER_1,False,00-0034281;00-0034261;00-0035764;00-0039150;00-0035243;00-0033284;00-0037229;00-0034830;00-0030035;00-0036955;00-0039062,Bradley Bozeman;Austin Corbett;Calvin Throckmorton;Bryce Young;Miles Sanders;Taylor Moton;Ikem Ekwonu;Hayden Hurst;Adam Thielen;Terrace Marshall;Jonathan Mingo,00-0036292;00-0038111;00-0037106;00-0039071;00-0033123;00-0035647;00-0034677;00-0039070;00-0033784;00-0035386;00-0038135,Jaylon Johnson;Kyler Gordon;Jaylon Jones;Tyrique Stevenson;Yannick Ngakoue;Montez Sweat;Justin Jones;Gervon Dexter;Eddie Jackson;T.J. Edwards;Jaquan Brisker
2023_10_CAR_CHI,3496,field_goal,0.0,20.0,20.0,CAR,4.0,670.0,20.0,4.0,11:10,11:06,,16.0,13.0,4.0,5.0,"2 CB, 2 DE, 2 DT, 1 FS, 3 ILB, 1 SS",CB;CB;DE;DE;DT;DT;FS;ILB;ILB;ILB;SS,11,0,0,,,False,00-0034261;00-0035764;00-0037297;00-0038536;00-0034173;00-0026027;00-0028872;00-0033284;00-0037229;00-0038776;00-0037005,Austin Corbett;Calvin Throckmorton;Cade Mays;Chandler Zavala;Eddy Pineiro;J.J. Jansen;Johnny Hekker;Taylor Moton;Ikem Ekwonu;Ricky Lee;Tommy Tremble,00-0037106;00-0037129;00-0033782;00-0034831;00-0033066;00-0039070;00-0037096;00-0033765;00-0037109;00-0038390;00-0038135,Jaylon Jones;Josh Blackwell;DeMarcus Walker;Rasheem Green;Andrew Billings;Gervon Dexter;Elijah Hicks;Dylan Cole;Jack Sanborn;Noah Sewell;Jaquan Brisker
2023_10_CAR_CHI,3523,kickoff,0.0,35.0,35.0,CHI,4.0,666.0,35.0,0.0,11:06,11:06,,16.0,13.0,,0.0,"1 CB, 1 FS, 1 ILB, 1 K, 1 OLB, 1 RB, 2 SS, 2 TE, 1 WR",CB;FS;ILB;K;OLB;RB;SS;SS;TE;TE;WR,11,0,0,,,False,00-0037106;00-0037096;00-0033765;00-0038390;00-0038417;00-0035594;00-0036297;00-0039021;00-0038368;00-0033757;00-0038941,Jaylon Jones;Elijah Hicks;Dylan Cole;Noah Sewell;Micah Baskerville;Travis Homer;Darrynton Evans;Roschon Johnson;Quindell Johnson;Robert Tonyan;Tyler Scott,00-0038877;00-0032496;00-0032437;00-0034173;00-0038782;00-0037429;00-0036037;00-0038587;00-0031299;00-0037005;00-0036635,D'Shawn Jamison;Matthias Farley;Kamu Grugier-Hill;Eddy Pineiro;Eku Leota;Raheem Blackshear;Sam Franklin;Jammie Robinson;Jordan Matthews;Tommy Tremble;Ihmir Smith-Marsette
2023_10_CAR_CHI,3539,run,5.0,75.0,70.0,CHI,4.0,666.0,75.0,33.0,11:06,10:33,,16.0,13.0,1.0,10.0,"2 CB, 2 DE, 1 DT, 1 FS, 1 ILB, 2 OLB, 2 SS",CB;CB;DE;DE;DT;FS;ILB;OLB;OLB;SS;SS,11,7,0,,,False,00-0033082;00-0032768;00-0038416;00-0039021;00-0036953;00-0037081;00-0038932;00-0033757;00-0036290;00-0034827;00-0036309,Lucas Patrick;Cody Whitehair;Tyson Bagent;Roschon Johnson;Teven Jenkins;Braxton Jones;Darnell Wright;Robert Tonyan;Cole Kmet;D.J. Moore;Darnell Mooney,00-0034356;00-0036678;00-0031795;00-0036220;00-0034723;00-0033579;00-0034302;00-0038535;00-0038782;00-0032939;00-0038587,Donte Jackson;Dicaprio Bootle;DeShawn Williams;Derrick Brown;Nick Thurman;Xavier Woods;Frankie Luvu;D.J. Johnson;Eku Leota;Vonn Bell;Jammie Robinson
2023_10_CAR_CHI,3561,pass,14.0,70.0,56.0,CHI,4.0,633.0,70.0,39.0,10:33,9:54,,16.0,13.0,2.0,5.0,"2 CB, 2 DE, 1 DT, 1 FS, 1 ILB, 2 OLB, 2 SS",CB;CB;DE;DE;DT;FS;ILB;OLB;OLB;SS;SS,11,6,4,MAN_COVERAGE,COVER_1,False,00-0033082;00-0032768;00-0038416;00-0039021;00-0036953;00-0037081;00-0038932;00-0033757;00-0036290;00-0034827;00-0036309,Lucas Patrick;Cody Whitehair;Tyson Bagent;Roschon Johnson;Teven Jenkins;Braxton Jones;Darnell Wright;Robert Tonyan;Cole Kmet;D.J. Moore;Darnell Mooney,00-0034356;00-0036678;00-0031795;00-0036220;00-0034723;00-0033579;00-0034302;00-0038535;00-0038782;00-0032939;00-0038587,Donte Jackson;Dicaprio Bootle;DeShawn Williams;Derrick Brown;Nick Thurman;Xavier Woods;Frankie Luvu;D.J. Johnson;Eku Leota;Vonn Bell;Jammie Robinson
2023_10_CAR_CHI,3591,run,4.0,56.0,52.0,CHI,4.0,594.0,56.0,26.0,9:54,9:28,,16.0,13.0,1.0,10.0,"2 CB, 2 DE, 1 DT, 1 FS, 2 ILB, 2 OLB, 1 SS",CB;CB;DE;DE;DT;FS;ILB;ILB;OLB;OLB;SS,11,7,0,,,False,00-0033082;00-0032768;00-0038416;00-0039021;00-0036953;00-0037081;00-0038932;00-0024243;00-0036290;00-0034827;00-0038941,Lucas Patrick;Cody Whitehair;Tyson Bagent;Roschon Johnson;Teven Jenkins;Braxton Jones;Darnell Wright;Marcedes Lewis;Cole Kmet;D.J. Moore;Tyler Scott,00-0034356;00-0036678;00-0031795;00-0036220;00-0034723;00-0033579;00-0032437;00-0034302;00-0038535;00-0038782;00-0032939,Donte Jackson;Dicaprio Bootle;DeShawn Williams;Derrick Brown;Nick Thurman;Xavier Woods;Kamu Grugier-Hill;Frankie Luvu;D.J. Johnson;Eku Leota;Vonn Bell
2023_10_CAR_CHI,3613,run,6.0,52.0,46.0,CHI,4.0,568.0,52.0,47.0,9:28,8:41,,16.0,13.0,2.0,6.0,"2 CB, 2 DE, 1 DT, 1 FS, 2 ILB, 2 OLB, 1 SS",CB;CB;DE;DE;DT;FS;ILB;ILB;OLB;OLB;SS,11,7,0,,,False,00-0033082;00-0032768;00-0038416;00-0039021;00-0036953;00-0037081;00-0038932;00-0024243;00-0036290;00-0034827;00-0038941,Lucas Patrick;Cody Whitehair;Tyson Bagent;Roschon Johnson;Teven Jenkins;Braxton Jones;Darnell Wright;Marcedes Lewis;Cole Kmet;D.J. Moore;Tyler Scott,00-0034356;00-0036678;00-0031795;00-0036220;00-0034723;00-0033579;00-0032437;00-0034302;00-0038535;00-0038782;00-0032939,Donte Jackson;Dicaprio Bootle;DeShawn Williams;Derrick Brown;Nick Thurman;Xavier Woods;Kamu Grugier-Hill;Frankie Luvu;D.J. Johnson;Eku Leota;Vonn Bell
2023_10_CAR_CHI,3635,pass,0.0,46.0,46.0,CHI,4.0,521.0,46.0,5.0,8:41,8:36,,16.0,13.0,1.0,10.0,"2 CB, 2 DE, 1 DT, 1 FS, 1 ILB, 2 OLB, 2 SS",CB;CB;DE;DE;DT;FS;ILB;OLB;OLB;SS;SS,11,7,4,ZONE_COVERAGE,COVER_3,True,00-0033082;00-0032768;00-0038416;00-0033925;00-0036953;00-0037081;00-0038932;00-0033757;00-0036290;00-0034827;00-0036309,Lucas Patrick;Cody Whitehair;Tyson Bagent;D'Onta Foreman;Teven Jenkins;Braxton Jones;Darnell Wright;Robert Tonyan;Cole Kmet;D.J. Moore;Darnell Mooney,00-0034356;00-0036678;00-0036220;00-0037203;00-0035409;00-0033579;00-0034302;00-0037043;00-0038535;00-0032939;00-0038587,Donte Jackson;Dicaprio Bootle;Derrick Brown;LaBryan Ray;Shy Tuttle;Xavier Woods;Frankie Luvu;Amare Barno;D.J. Johnson;Vonn Bell;Jammie Robinson
2023_10_CAR_CHI,3658,run,4.0,46.0,42.0,CHI,4.0,516.0,46.0,39.0,8:36,7:57,,16.0,13.0,2.0,10.0,"2 CB, 2 DE, 1 DT, 1 FS, 1 ILB, 2 OLB, 2 SS",CB;CB;DE;DE;DT;FS;ILB;OLB;OLB;SS;SS,11,7,0,,,False,00-0033082;00-0032768;00-0038416;00-0033925;00-0036953;00-0037081;00-0038932;00-0036290;00-0034827;00-0036309;00-0038941,Lucas Patrick;Cody Whitehair;Tyson Bagent;D'Onta Foreman;Teven Jenkins;Braxton Jones;Darnell Wright;Cole Kmet;D.J. Moore;Darnell Mooney;Tyler Scott,00-0034356;00-0036678;00-0036220;00-0037203;00-0035409;00-0033579;00-0034302;00-0037043;00-0038782;00-0032939;00-0038587,Donte Jackson;Dicaprio Bootle;Derrick Brown;LaBryan Ray;Shy Tuttle;Xavier Woods;Frankie Luvu;Amare Barno;Eku Leota;Vonn Bell;Jammie Robinson
2023_10_CAR_CHI,3680,pass,-2.0,42.0,44.0,CHI,4.0,477.0,42.0,40.0,7:57,7:17,,16.0,13.0,3.0,6.0,"3 CB, 2 DE, 1 FS, 2 ILB, 2 OLB, 1 SS",CB;CB;CB;DE;DE;FS;ILB;ILB;OLB;OLB;SS,11,6,4,ZONE_COVERAGE,COVER_3,False,00-0033082;00-0032768;00-0038416;00-0039021;00-0036953;00-0037081;00-0038932;00-0033757;00-0034827;00-0036309;00-0038941,Lucas Patrick;Cody Whitehair;Tyson Bagent;Roschon Johnson;Teven Jenkins;Braxton Jones;Darnell Wright;Robert Tonyan;D.J. Moore;Darnell Mooney;Tyler Scott,00-0031785;00-0034356;00-0036678;00-0031795;00-0036220;00-0033579;00-0032388;00-0034302;00-0034382;00-0037043;00-0032939,Troy Hill;Donte Jackson;Dicaprio Bootle;DeShawn Williams;Derrick Brown;Xavier Woods;Deion Jones;Frankie Luvu;Marquis Haynes;Amare Barno;Vonn Bell
2023_10_CAR_CHI,3705,punt,0.0,44.0,44.0,CHI,4.0,437.0,44.0,7.0,7:17,7:10,,16.0,13.0,4.0,8.0,"2 CB, 2 DE, 1 DT, 1 ILB, 2 OLB, 2 SS, 1 WR",CB;CB;DE;DE;DT;ILB;OLB;OLB;SS;SS;WR,11,0,0,,,False,00-0037106;00-0037129;00-0033765;00-0035386;00-0037109;00-0038390;00-0028284;00-0037097;00-0035594;00-0039021;00-0033757,Jaylon Jones;Josh Blackwell;Dylan Cole;T.J. Edwards;Jack Sanborn;Noah Sewell;Patrick Scales;Trenton Gill;Travis Homer;Roschon Johnson;Robert Tonyan,00-0036678;00-0038877;00-0031795;00-0036220;00-0035409;00-0034302;00-0037043;00-0038782;00-0036037;00-0038587;00-0036635,Dicaprio Bootle;D'Shawn Jamison;DeShawn Williams;Derrick Brown;Shy Tuttle;Frankie Luvu;Amare Barno;Eku Leota;Sam Franklin;Jammie Robinson;Ihmir Smith-Marsette
2023_10_CAR_CHI,3732,run,0.0,91.0,91.0,CAR,4.0,430.0,91.0,33.0,7:10,6:37,,16.0,13.0,1.0,10.0,"3 CB, 2 DE, 2 DT, 1 FS, 2 ILB, 1 SS",CB;CB;CB;DE;DE;DT;DT;FS;ILB;ILB;SS,11,6,0,,,False,00-0034281;00-0034261;00-0035764;00-0039150;00-0036555;00-0033284;00-0037229;00-0037005;00-0030035;00-0036955;00-0039062,Bradley Bozeman;Austin Corbett;Calvin Throckmorton;Bryce Young;Chuba Hubbard;Taylor Moton;Ikem Ekwonu;Tommy Tremble;Adam Thielen;Terrace Marshall;Jonathan Mingo,00-0036292;00-0038111;00-0039071;00-0033123;00-0035647;00-0033066;00-0034677;00-0033784;00-0035386;00-0037109;00-0038135,Jaylon Johnson;Kyler Gordon;Tyrique Stevenson;Yannick Ngakoue;Montez Sweat;Andrew Billings;Justin Jones;Eddie Jackson;T.J. Edwards;Jack Sanborn;Jaquan Brisker
2023_10_CAR_CHI,3754,pass,9.0,91.0,82.0,CAR,4.0,397.0,91.0,35.0,6:37,6:02,,16.0,13.0,2.0,10.0,"3 CB, 2 DE, 2 DT, 1 FS, 2 ILB, 1 SS",CB;CB;CB;DE;DE;DT;DT;FS;ILB;ILB;SS,11,6,4,ZONE_COVERAGE,COVER_6,False,00-0034281;00-0034261;00-0035764;00-0039150;00-0036555;00-0033284;00-0037229;00-0037005;00-0030035;00-0036955;00-0039062,Bradley Bozeman;Austin Corbett;Calvin Throckmorton;Bryce Young;Chuba Hubbard;Taylor Moton;Ikem Ekwonu;Tommy Tremble;Adam Thielen;Terrace Marshall;Jonathan Mingo,00-0036292;00-0038111;00-0039071;00-0033123;00-0035647;00-0033066;00-0034677;00-0033784;00-0035386;00-0037109;00-0038135,Jaylon Johnson;Kyler Gordon;Tyrique Stevenson;Yannick Ngakoue;Montez Sweat;Andrew Billings;Justin Jones;Eddie Jackson;T.J. Edwards;Jack Sanborn;Jaquan Brisker
2023_10_CAR_CHI,3779,run,0.0,82.0,82.0,CAR,4.0,362.0,82.0,42.0,6:02,5:20,,16.0,13.0,3.0,1.0,"3 CB, 2 DE, 2 DT, 1 FS, 2 ILB, 1 SS",CB;CB;CB;DE;DE;DT;DT;FS;ILB;ILB;SS,11,7,0,,,False,00-0034281;00-0034261;00-0035764;00-0039150;00-0036555;00-0033284;00-0037229;00-0037005;00-0030035;00-0036955;00-0039062,Bradley Bozeman;Austin Corbett;Calvin Throckmorton;Bryce Young;Chuba Hubbard;Taylor Moton;Ikem Ekwonu;Tommy Tremble;Adam Thielen;Terrace Marshall;Jonathan Mingo,00-0036292;00-0038111;00-0039071;00-0033123;00-0035647;00-0033066;00-0034677;00-0033784;00-0035386;00-0037109;00-0038135,Jaylon Johnson;Kyler Gordon;Tyrique Stevenson;Yannick Ngakoue;Montez Sweat;Andrew Billings;Justin Jones;Eddie Jackson;T.J. Edwards;Jack Sanborn;Jaquan Brisker
2023_10_CAR_CHI,3801,run,2.0,82.0,80.0,CAR,4.0,320.0,82.0,39.0,5:20,4:41,,16.0,13.0,4.0,1.0,"3 CB, 2 DE, 2 DT, 1 FS, 2 ILB, 1 SS",CB;CB;CB;DE;DE;DT;DT;FS;ILB;ILB;SS,11,6,4,MAN_COVERAGE,COVER_1,False,00-0034281;00-0034261;00-0035764;00-0039150;00-0035243;00-0033284;00-0037229;00-0037005;00-0030035;00-0036955;00-0039062,Bradley Bozeman;Austin Corbett;Calvin Throckmorton;Bryce Young;Miles Sanders;Taylor Moton;Ikem Ekwonu;Tommy Tremble;Adam Thielen;Terrace Marshall;Jonathan Mingo,00-0036292;00-0038111;00-0039071;00-0033123;00-0035647;00-0033066;00-0034677;00-0033784;00-0035386;00-0037109;00-0038135,Jaylon Johnson;Kyler Gordon;Tyrique Stevenson;Yannick Ngakoue;Montez Sweat;Andrew Billings;Justin Jones;Eddie Jackson;T.J. Edwards;Jack Sanborn;Jaquan Brisker
2023_10_CAR_CHI,3828,pass,7.0,80.0,73.0,CAR,4.0,281.0,80.0,31.0,4:41,4:10,,16.0,13.0,1.0,10.0,"3 CB, 2 DE, 2 DT, 1 FS, 2 ILB, 1 SS",CB;CB;CB;DE;DE;DT;DT;FS;ILB;ILB;SS,11,4,4,ZONE_COVERAGE,COVER_4,False,00-0034281;00-0034261;00-0035764;00-0039150;00-0036555;00-0033284;00-0037229;00-0034830;00-0030035;00-0036955;00-0039062,Bradley Bozeman;Austin Corbett;Calvin Throckmorton;Bryce Young;Chuba Hubbard;Taylor Moton;Ikem Ekwonu;Hayden Hurst;Adam Thielen;Terrace Marshall;Jonathan Mingo,00-0036292;00-0038111;00-0039071;00-0033123;00-0033782;00-0033066;00-0034677;00-0033784;00-0035386;00-0037109;00-0038135,Jaylon Johnson;Kyler Gordon;Tyrique Stevenson;Yannick Ngakoue;DeMarcus Walker;Andrew Billings;Justin Jones;Eddie Jackson;T.J. Edwards;Jack Sanborn;Jaquan Brisker
2023_10_CAR_CHI,3853,pass,0.0,73.0,73.0,CAR,4.0,250.0,73.0,4.0,4:10,4:06,,16.0,13.0,2.0,3.0,"3 CB, 2 DE, 2 DT, 1 FS, 2 ILB, 1 SS",CB;CB;CB;DE;DE;DT;DT;FS;ILB;ILB;SS,11,5,4,ZONE_COVERAGE,COVER_4,False,00-0034281;00-0034261;00-0035764;00-0039150;00-0036555;00-0033284;00-0037229;00-0034830;00-0030035;00-0036955;00-0039062,Bradley Bozeman;Austin Corbett;Calvin Throckmorton;Bryce Young;Chuba Hubbard;Taylor Moton;Ikem Ekwonu;Hayden Hurst;Adam Thielen;Terrace Marshall;Jonathan Mingo,00-0036292;00-0038111;00-0039071;00-0033123;00-0033782;00-0033066;00-0034677;00-0033784;00-0035386;00-0037109;00-0038135,Jaylon Johnson;Kyler Gordon;Tyrique Stevenson;Yannick Ngakoue;DeMarcus Walker;Andrew Billings;Justin Jones;Eddie Jackson;T.J. Edwards;Jack Sanborn;Jaquan Brisker
2023_10_CAR_CHI,3876,pass,11.0,73.0,62.0,CAR,4.0,246.0,73.0,31.0,4:06,3:35,,16.0,13.0,3.0,3.0,"3 CB, 2 DE, 2 DT, 1 FS, 2 ILB, 1 SS",CB;CB;CB;DE;DE;DT;DT;FS;ILB;ILB;SS,11,6,4,MAN_COVERAGE,COVER_1,False,00-0034281;00-0034261;00-0035764;00-0039150;00-0035243;00-0033284;00-0037229;00-0037005;00-0030035;00-0036955;00-0039062,Bradley Bozeman;Austin Corbett;Calvin Throckmorton;Bryce Young;Miles Sanders;Taylor Moton;Ikem Ekwonu;Tommy Tremble;Adam Thielen;Terrace Marshall;Jonathan Mingo,00-0036292;00-0038111;00-0039071;00-0033123;00-0033782;00-0034677;00-0039070;00-0033784;00-0035386;00-0037109;00-0038135,Jaylon Johnson;Kyler Gordon;Tyrique Stevenson;Yannick Ngakoue;DeMarcus Walker;Justin Jones;Gervon Dexter;Eddie Jackson;T.J. Edwards;Jack Sanborn;Jaquan Brisker
2023_10_CAR_CHI,3901,pass,-4.0,62.0,66.0,CAR,4.0,215.0,62.0,36.0,3:35,2:59,,16.0,13.0,1.0,10.0,"3 CB, 2 DE, 2 DT, 1 FS, 2 ILB, 1 SS",CB;CB;CB;DE;DE;DT;DT;FS;ILB;ILB;SS,11,6,4,ZONE_COVERAGE,COVER_4,True,00-0034281;00-0034261;00-0035764;00-0039150;00-0035243;00-0033284;00-0037229;00-0037005;00-0030035;00-0036955;00-0039062,Bradley Bozeman;Austin Corbett;Calvin Throckmorton;Bryce Young;Miles Sanders;Taylor Moton;Ikem Ekwonu;Tommy Tremble;Adam Thielen;Terrace Marshall;Jonathan Mingo,00-0036292;00-0038111;00-0039071;00-0034831;00-0035647;00-0039070;00-0038937;00-0033784;00-0035386;00-0037109;00-0038135,Jaylon Johnson;Kyler Gordon;Tyrique Stevenson;Rasheem Green;Montez Sweat;Gervon Dexter;Zacch Pickens;Eddie Jackson;T.J. Edwards;Jack Sanborn;Jaquan Brisker
2023_10_CAR_CHI,3921,pass,5.0,66.0,61.0,CAR,4.0,179.0,66.0,45.0,2:59,2:14,,16.0,13.0,2.0,14.0,"3 CB, 2 DE, 2 DT, 1 FS, 2 ILB, 1 SS",CB;CB;CB;DE;DE;DT;DT;FS;ILB;ILB;SS,11,6,4,ZONE_COVERAGE,COVER_4,False,00-0034281;00-0034261;00-0035764;00-0039150;00-0035243;00-0033284;00-0037229;00-0037005;00-0030035;00-0036955;00-0039062,Bradley Bozeman;Austin Corbett;Calvin Throckmorton;Bryce Young;Miles Sanders;Taylor Moton;Ikem Ekwonu;Tommy Tremble;Adam Thielen;Terrace Marshall;Jonathan Mingo,00-0036292;00-0038111;00-0039071;00-0034831;00-0035647;00-0039070;00-0038937;00-0033784;00-0035386;00-0037109;00-0038135,Jaylon Johnson;Kyler Gordon;Tyrique Stevenson;Rasheem Green;Montez Sweat;Gervon Dexter;Zacch Pickens;Eddie Jackson;T.J. Edwards;Jack Sanborn;Jaquan Brisker
2023_10_CAR_CHI,3946,pass,7.0,61.0,54.0,CAR,4.0,134.0,61.0,14.0,2:14,2:00,,16.0,13.0,3.0,9.0,"3 CB, 3 DE, 1 DT, 1 FS, 2 ILB, 1 SS",CB;CB;CB;DE;DE;DE;DT;FS;ILB;ILB;SS,11,6,4,ZONE_COVERAGE,COVER_4,True,00-0034281;00-0034261;00-0035764;00-0039150;00-0035243;00-0033284;00-0037229;00-0034830;00-0030035;00-0036955;00-0039062,Bradley Bozeman;Austin Corbett;Calvin Throckmorton;Bryce Young;Miles Sanders;Taylor Moton;Ikem Ekwonu;Hayden Hurst;Adam Thielen;Terrace Marshall;Jonathan Mingo,00-0036292;00-0038111;00-0039071;00-0033123;00-0034831;00-0035647;00-0039070;00-0033784;00-0035386;00-0037109;00-0038135,Jaylon Johnson;Kyler Gordon;Tyrique Stevenson;Yannick Ngakoue;Rasheem Green;Montez Sweat;Gervon Dexter;Eddie Jackson;T.J. Edwards;Jack Sanborn;Jaquan Brisker
2023_10_CAR_CHI,3978,pass,13.0,54.0,41.0,CAR,4.0,120.0,54.0,6.0,2:00,1:54,,16.0,13.0,4.0,2.0,"3 CB, 3 DE, 1 DT, 1 FS, 2 ILB, 1 SS",CB;CB;CB;DE;DE;DE;DT;FS;ILB;ILB;SS,11,5,4,MAN_COVERAGE,COVER_1,False,00-0034281;00-0034261;00-0035764;00-0039150;00-0035243;00-0033284;00-0037229;00-0034830;00-0030035;00-0036955;00-0039062,Bradley Bozeman;Austin Corbett;Calvin Throckmorton;Bryce Young;Miles Sanders;Taylor Moton;Ikem Ekwonu;Hayden Hurst;Adam Thielen;Terrace Marshall;Jonathan Mingo,00-0036292;00-0038111;00-0039071;00-0033123;00-0034831;00-0035647;00-0039070;00-0033784;00-0035386;00-0037109;00-0038135,Jaylon Johnson;Kyler Gordon;Tyrique Stevenson;Yannick Ngakoue;Rasheem Green;Montez Sweat;Gervon Dexter;Eddie Jackson;T.J. Edwards;Jack Sanborn;Jaquan Brisker
2023_10_CAR_CHI,4008,pass,0.0,41.0,41.0,CAR,4.0,114.0,41.0,5.0,1:54,1:49,,16.0,13.0,1.0,10.0,"3 CB, 3 DE, 1 DT, 1 FS, 2 ILB, 1 SS",CB;CB;CB;DE;DE;DE;DT;FS;ILB;ILB;SS,11,6,4,MAN_COVERAGE,COVER_1,True,00-0034281;00-0034261;00-0035764;00-0039150;00-0035243;00-0033284;00-0037229;00-0034830;00-0030035;00-0036955;00-0039062,Bradley Bozeman;Austin Corbett;Calvin Throckmorton;Bryce Young;Miles Sanders;Taylor Moton;Ikem Ekwonu;Hayden Hurst;Adam Thielen;Terrace Marshall;Jonathan Mingo,00-0036292;00-0038111;00-0039071;00-0033123;00-0033782;00-0035647;00-0034677;00-0033784;00-0035386;00-0037109;00-0038135,Jaylon Johnson;Kyler Gordon;Tyrique Stevenson;Yannick Ngakoue;DeMarcus Walker;Montez Sweat;Justin Jones;Eddie Jackson;T.J. Edwards;Jack Sanborn;Jaquan Brisker
2023_10_CAR_CHI,4031,pass,0.0,41.0,41.0,CAR,4.0,109.0,41.0,5.0,1:49,1:44,,16.0,13.0,2.0,10.0,"3 CB, 3 DE, 1 DT, 1 FS, 2 ILB, 1 SS",CB;CB;CB;DE;DE;DE;DT;FS;ILB;ILB;SS,11,6,4,MAN_COVERAGE,COVER_1,False,00-0034281;00-0034261;00-0035764;00-0039150;00-0036555;00-0033284;00-0037229;00-0034830;00-0030035;00-0036955;00-0039062,Bradley Bozeman;Austin Corbett;Calvin Throckmorton;Bryce Young;Chuba Hubbard;Taylor Moton;Ikem Ekwonu;Hayden Hurst;Adam Thielen;Terrace Marshall;Jonathan Mingo,00-0036292;00-0038111;00-0039071;00-0033123;00-0033782;00-0035647;00-0034677;00-0033784;00-0035386;00-0037109;00-0038135,Jaylon Johnson;Kyler Gordon;Tyrique Stevenson;Yannick Ngakoue;DeMarcus Walker;Montez Sweat;Justin Jones;Eddie Jackson;T.J. Edwards;Jack Sanborn;Jaquan Brisker
2023_10_CAR_CHI,4054,pass,0.0,41.0,41.0,CAR,4.0,104.0,41.0,0.0,1:44,1:44,,16.0,13.0,3.0,10.0,"3 CB, 3 DE, 1 DT, 1 FS, 2 ILB, 1 SS",CB;CB;CB;DE;DE;DE;DT;FS;ILB;ILB;SS,11,6,4,ZONE_COVERAGE,COVER_3,False,00-0034281;00-0034261;00-0035764;00-0039150;00-0036555;00-0033284;00-0037229;00-0037005;00-0030035;00-0036955;00-0039062,Bradley Bozeman;Austin Corbett;Calvin Throckmorton;Bryce Young;Chuba Hubbard;Taylor Moton;Ikem Ekwonu;Tommy Tremble;Adam Thielen;Terrace Marshall;Jonathan Mingo,00-0036292;00-0038111;00-0039071;00-0033123;00-0033782;00-0035647;00-0034677;00-0033784;00-0035386;00-0037109;00-0038135,Jaylon Johnson;Kyler Gordon;Tyrique Stevenson;Yannick Ngakoue;DeMarcus Walker;Montez Sweat;Justin Jones;Eddie Jackson;T.J. Edwards;Jack Sanborn;Jaquan Brisker
2023_10_CAR_CHI,4066,timeout,0.0,,,,4.0,104.0,,4.0,1:44,1:40,CAR,16.0,13.0,,0.0,,,,,,,,,,,,
2023_10_CAR_CHI,4084,field_goal,0.0,41.0,41.0,CAR,4.0,100.0,41.0,5.0,1:40,1:35,,16.0,13.0,4.0,10.0,"2 CB, 2 DE, 2 DT, 1 FS, 3 ILB, 1 SS",CB;CB;DE;DE;DT;DT;FS;ILB;ILB;ILB;SS,11,0,0,,,False,00-0034261;00-0035764;00-0037297;00-0038536;00-0034173;00-0026027;00-0028872;00-0033284;00-0037229;00-0038776;00-0037005,Austin Corbett;Calvin Throckmorton;Cade Mays;Chandler Zavala;Eddy Pineiro;J.J. Jansen;Johnny Hekker;Taylor Moton;Ikem Ekwonu;Ricky Lee;Tommy Tremble,00-0037106;00-0037129;00-0033782;00-0034831;00-0034677;00-0039070;00-0037096;00-0033765;00-0037109;00-0038390;00-0038135,Jaylon Jones;Josh Blackwell;DeMarcus Walker;Rasheem Green;Justin Jones;Gervon Dexter;Elijah Hicks;Dylan Cole;Jack Sanborn;Noah Sewell;Jaquan Brisker
2023_10_CAR_CHI,4105,run,4.0,51.0,47.0,CHI,4.0,95.0,51.0,4.0,1:35,1:31,,16.0,13.0,1.0,10.0,"2 CB, 1 DE, 2 DT, 1 FS, 2 ILB, 2 OLB, 1 SS",CB;CB;DE;DT;DT;FS;ILB;ILB;OLB;OLB;SS,11,7,0,,,False,00-0033082;00-0032768;00-0038416;00-0033925;00-0036953;00-0037081;00-0038932;00-0024243;00-0033757;00-0036290;00-0034279,Lucas Patrick;Cody Whitehair;Tyson Bagent;D'Onta Foreman;Teven Jenkins;Braxton Jones;Darnell Wright;Marcedes Lewis;Robert Tonyan;Cole Kmet;Equanimeous St. Brown,00-0034356;00-0036678;00-0036220;00-0034723;00-0035409;00-0033579;00-0032437;00-0034302;00-0037043;00-0038535;00-0032939,Donte Jackson;Dicaprio Bootle;Derrick Brown;Nick Thurman;Shy Tuttle;Xavier Woods;Kamu Grugier-Hill;Frankie Luvu;Amare Barno;D.J. Johnson;Vonn Bell
2023_10_CAR_CHI,4127,timeout,0.0,,,,4.0,91.0,,0.0,1:31,1:31,CAR,16.0,13.0,,0.0,,,,,,,,,,,,
2023_10_CAR_CHI,4134,run,-1.0,47.0,48.0,CHI,4.0,91.0,47.0,5.0,1:31,1:26,,16.0,13.0,2.0,6.0,"2 CB, 1 DE, 2 DT, 1 FS, 2 ILB, 2 OLB, 1 SS",CB;CB;DE;DT;DT;FS;ILB;ILB;OLB;OLB;SS,11,7,0,,,False,00-0033082;00-0032768;00-0038416;00-0033925;00-0036953;00-0037081;00-0038932;00-0024243;00-0036290;00-0034827;00-0034279,Lucas Patrick;Cody Whitehair;Tyson Bagent;D'Onta Foreman;Teven Jenkins;Braxton Jones;Darnell Wright;Marcedes Lewis;Cole Kmet;D.J. Moore;Equanimeous St. Brown,00-0034356;00-0036678;00-0036220;00-0034723;00-0035409;00-0033579;00-0032437;00-0034302;00-0037043;00-0038535;00-0032939,Donte Jackson;Dicaprio Bootle;Derrick Brown;Nick Thurman;Shy Tuttle;Xavier Woods;Kamu Grugier-Hill;Frankie Luvu;Amare Barno;D.J. Johnson;Vonn Bell
2023_10_CAR_CHI,4156,timeout,0.0,,,,4.0,86.0,,0.0,1:26,1:26,CAR,16.0,13.0,,0.0,,,,,,,,,,,,
2023_10_CAR_CHI,4163,pass,8.0,48.0,40.0,CHI,4.0,86.0,48.0,44.0,1:26,0:42,,16.0,13.0,3.0,7.0,"2 CB, 1 DE, 2 DT, 1 FS, 2 ILB, 2 OLB, 1 SS",CB;CB;DE;DT;DT;FS;ILB;ILB;OLB;OLB;SS,11,6,4,MAN_COVERAGE,COVER_1,False,00-0033082;00-0032768;00-0038416;00-0033925;00-0036953;00-0037081;00-0038932;00-0036290;00-0034827;00-0034279;00-0036309,Lucas Patrick;Cody Whitehair;Tyson Bagent;D'Onta Foreman;Teven Jenkins;Braxton Jones;Darnell Wright;Cole Kmet;D.J. Moore;Equanimeous St. Brown;Darnell Mooney,00-0034356;00-0036678;00-0036220;00-0034723;00-0035409;00-0033579;00-0032437;00-0034302;00-0037043;00-0038535;00-0032939,Donte Jackson;Dicaprio Bootle;Derrick Brown;Nick Thurman;Shy Tuttle;Xavier Woods;Kamu Grugier-Hill;Frankie Luvu;Amare Barno;D.J. Johnson;Vonn Bell
2023_10_CAR_CHI,4188,no_play,0.0,40.0,40.0,CHI,4.0,42.0,40.0,0.0,0:42,0:42,,16.0,13.0,1.0,10.0,"2 CB, 1 DE, 2 DT, 1 FS, 2 ILB, 2 OLB, 1 SS",CB;CB;DE;DT;DT;FS;ILB;ILB;OLB;OLB;SS,11,0,0,,,False,00-0033082;00-0032768;00-0038416;00-0033925;00-0036297;00-0036953;00-0037081;00-0038932;00-0033757;00-0036290;00-0033292,Lucas Patrick;Cody Whitehair;Tyson Bagent;D'Onta Foreman;Darrynton Evans;Teven Jenkins;Braxton Jones;Darnell Wright;Robert Tonyan;Cole Kmet;Trent Taylor,00-0034356;00-0036678;00-0036220;00-0034723;00-0035409;00-0033579;00-0032437;00-0034302;00-0037043;00-0038535;00-0032939,Donte Jackson;Dicaprio Bootle;Derrick Brown;Nick Thurman;Shy Tuttle;Xavier Woods;Kamu Grugier-Hill;Frankie Luvu;Amare Barno;D.J. Johnson;Vonn Bell
2023_10_CAR_CHI,4221,qb_kneel,-5.0,45.0,50.0,CHI,4.0,42.0,45.0,42.0,0:42,0:00,,16.0,13.0,1.0,15.0,"2 CB, 1 DE, 2 DT, 1 FS, 2 ILB, 2 OLB, 1 SS",CB;CB;DE;DT;DT;FS;ILB;ILB;OLB;OLB;SS,11,0,0,,,False,00-0033082;00-0032768;00-0038416;00-0033925;00-0036297;00-0036953;00-0037081;00-0038932;00-0033757;00-0036290;00-0033292,Lucas Patrick;Cody Whitehair;Tyson Bagent;D'Onta Foreman;Darrynton Evans;Teven Jenkins;Braxton Jones;Darnell Wright;Robert Tonyan;Cole Kmet;Trent Taylor,00-0034356;00-0036678;00-0036220;00-0034723;00-0035409;00-0033579;00-0032437;00-0034302;00-0037043;00-0038535;00-0032939,Donte Jackson;Dicaprio Bootle;Derrick Brown;Nick Thurman;Shy Tuttle;Xavier Woods;Kamu Grugier-Hill;Frankie Luvu;Amare Barno;D.J. Johnson;Vonn Bell
2023_10_CAR_CHI,4243,end_game,,,,CHI,4.0,0.0,,0.0,0:00,0:00,,16.0,13.0,,0.0,,,,,,,,,,,,
