game_id,play_id,play_type,yards_gained,starting_yard,ending_yard,posteam,qtr,game_seconds_remaining,yardline_100,time_of_play,time_on_clock_start,time_on_clock_end,timeout_team,home_team_score,away_team_score,down,yds_to_go,defense_personnel,defense_positions,n_defense,defenders_in_box,number_of_pass_rushers,defense_man_zone_type,defense_coverage_type,was_pressure,offense_player_ids,offense_player_names,defense_player_ids,defense_player_names
2025_06_CLE_PIT,1,start_quarter_1,,,,,1.0,3600.0,,0.0,15:00,15:00,,0.0,0.0,,0.0,,,,,,,,,,,,
2025_06_CLE_PIT,40,kickoff,0.0,35.0,35.0,PIT,1.0,3600.0,35.0,5.0,15:00,14:55,,0.0,0.0,,0.0,"1 CB, 1 DE, 1 DT, 1 K, 2 MLB, 2 OLB, 3 SS",CB;DE;DT;K;MLB;MLB;OLB;OLB;SS;SS;SS,11,0,0,,,False,00-0035795;00-0032399;00-0035286;00-0039741;00-0040231;00-0040160;00-0036919;00-0033883;00-0037304;00-0036862;00-0040534,James Pierre;Miles Killebrew;Cole Holcomb;Payton Wilson;Carson Bruener;Jack Sawyer;Kenneth Gainwell;Jalen Ramsey;Connor Heyward;Ben Skowronek;Ke'Shawn Williams,00-0039417;00-0036967;00-0040255;00-0038428;00-0040579;00-0040261;00-0034797;00-0038711;00-0033941;00-0036282;00-0040263,Myles Harden;Joe Tryon-Shoyinka;Adin Huntington;Andre Szmyt;Carson Schwesinger;Easton Mascarenas-Arnold;Jerome Baker;Mohamoud Diabate;Rayshawn Jenkins;Grant Delpit;Donovan McMillon
2025_06_CLE_PIT,63,pass,36.0,72.0,36.0,PIT,1.0,3595.0,72.0,54.0,14:55,14:01,,0.0,0.0,1.0,10.0,"2 CB, 2 DE, 2 DT, 1 FS, 2 MLB, 1 OLB, 1 SS",CB;CB;DE;DE;DT;DT;FS;MLB;MLB;OLB;SS,11,8,5,MAN_COVERAGE,COVER_0,True,00-0039896;00-0032954;00-0038645;00-0039358;00-0023459;00-0037228;00-0039109;00-0039871;00-0033858;00-0038558;00-0035640,Zach Frazier;Isaac Seumalo;Spencer Anderson;Mason McCormick;Aaron Rodgers;Jaylen Warren;Broderick Jones;Troy Fautanu;Jonnu Smith;Darnell Washington;DK Metcalf,00-0034856;00-0036974;00-0033868;00-0037251;00-0033131;00-0040685;00-0038715;00-0035525;00-0040579;00-0038711;00-0036282,Denzel Ward;Tyson Campbell;Myles Garrett;Alex Wright;Maliek Collins;Mason Graham;Ronnie Hickman Jr.;Devin Bush;Carson Schwesinger;Mohamoud Diabate;Grant Delpit
2025_06_CLE_PIT,113,run,3.0,36.0,33.0,PIT,1.0,3541.0,36.0,42.0,14:01,13:19,,0.0,0.0,1.0,10.0,"2 CB, 2 DE, 2 DT, 1 FS, 2 MLB, 1 OLB, 1 SS",CB;CB;DE;DE;DT;DT;FS;MLB;MLB;OLB;SS,11,7,0,,,False,00-0039896;00-0032954;00-0039358;00-0023459;00-0037228;00-0039109;00-0039871;00-0036894;00-0037304;00-0038558;00-0035640,Zach Frazier;Isaac Seumalo;Mason McCormick;Aaron Rodgers;Jaylen Warren;Broderick Jones;Troy Fautanu;Pat Freiermuth;Connor Heyward;Darnell Washington;DK Metcalf,00-0034856;00-0036974;00-0033868;00-0037251;00-0033131;00-0040685;00-0038715;00-0035525;00-0040579;00-0038711;00-0036282,Denzel Ward;Tyson Campbell;Myles Garrett;Alex Wright;Maliek Collins;Mason Graham;Ronnie Hickman Jr.;Devin Bush;Carson Schwesinger;Mohamoud Diabate;Grant Delpit
2025_06_CLE_PIT,135,run,3.0,33.0,30.0,PIT,1.0,3499.0,33.0,43.0,13:19,12:36,,0.0,0.0,2.0,7.0,"2 CB, 2 DE, 2 DT, 1 FS, 2 MLB, 2 SS",CB;CB;DE;DE;DT;DT;FS;MLB;MLB;SS;SS,11,6,0,,,False,00-0039896;00-0032954;00-0039358;00-0023459;00-0037228;00-0039109;00-0039871;00-0033858;00-0038558;00-0035298;00-0039739,Zach Frazier;Isaac Seumalo;Mason McCormick;Aaron Rodgers;Jaylen Warren;Broderick Jones;Troy Fautanu;Jonnu Smith;Darnell Washington;Scott Miller;Roman Wilson,00-0034856;00-0036974;00-0033868;00-0037251;00-0033131;00-0040685;00-0038715;00-0035525;00-0040579;00-0033941;00-0036282,Denzel Ward;Tyson Campbell;Myles Garrett;Alex Wright;Maliek Collins;Mason Graham;Ronnie Hickman Jr.;Devin Bush;Carson Schwesinger;Rayshawn Jenkins;Grant Delpit
2025_06_CLE_PIT,157,pass,5.0,30.0,25.0,PIT,1.0,3456.0,30.0,44.0,12:36,11:52,,0.0,0.0,3.0,4.0,"3 CB, 2 DE, 2 DT, 1 FS, 1 MLB, 2 SS",CB;CB;CB;DE;DE;DT;DT;FS;MLB;SS;SS,11,6,5,MAN_COVERAGE,2_MAN,False,00-0039896;00-0032954;00-0039358;00-0023459;00-0037228;00-0039109;00-0039871;00-0033858;00-0038558;00-0035640;00-0035298,Zach Frazier;Isaac Seumalo;Mason McCormick;Aaron Rodgers;Jaylen Warren;Broderick Jones;Troy Fautanu;Jonnu Smith;Darnell Washington;DK Metcalf;Scott Miller,00-0034856;00-0036974;00-0039417;00-0033868;00-0037251;00-0033131;00-0040685;00-0038715;00-0040579;00-0033941;00-0036282,Denzel Ward;Tyson Campbell;Myles Harden;Myles Garrett;Alex Wright;Maliek Collins;Mason Graham;Ronnie Hickman Jr.;Carson Schwesinger;Rayshawn Jenkins;Grant Delpit
2025_06_CLE_PIT,182,pass,0.0,25.0,25.0,PIT,1.0,3412.0,25.0,0.0,11:52,11:52,,0.0,0.0,1.0,10.0,"2 CB, 2 DE, 2 DT, 1 FS, 2 MLB, 1 OLB, 1 SS",CB;CB;DE;DE;DT;DT;FS;MLB;MLB;OLB;SS,11,7,4,ZONE_COVERAGE,COVER_3,False,00-0039896;00-0032954;00-0039358;00-0023459;00-0036919;00-0039109;00-0039871;00-0033858;00-0036894;00-0038558;00-0035640,Zach Frazier;Isaac Seumalo;Mason McCormick;Aaron Rodgers;Kenneth Gainwell;Broderick Jones;Troy Fautanu;Jonnu Smith;Pat Freiermuth;Darnell Washington;DK Metcalf,00-0034856;00-0036974;00-0037815;00-0038574;00-0031270;00-0040255;00-0038715;00-0035525;00-0040579;00-0038711;00-0036282,Denzel Ward;Tyson Campbell;Cameron Thomas;Isaiah McGuire;Shelby Harris;Adin Huntington;Ronnie Hickman Jr.;Devin Bush;Carson Schwesinger;Mohamoud Diabate;Grant Delpit
2025_06_CLE_PIT,194,timeout,0.0,,,,1.0,3412.0,,3.0,11:52,11:49,PIT,0.0,0.0,,0.0,,,,,,,,,,,,
2025_06_CLE_PIT,212,run,-1.0,25.0,26.0,PIT,1.0,3409.0,25.0,46.0,11:49,11:03,,0.0,0.0,2.0,10.0,"3 CB, 2 DE, 2 DT, 1 FS, 2 MLB, 1 SS",CB;CB;CB;DE;DE;DT;DT;FS;MLB;MLB;SS,11,6,0,,,False,00-0039896;00-0032954;00-0039358;00-0023459;00-0036919;00-0039109;00-0039871;00-0038558;00-0035640;00-0035298;00-0036862,Zach Frazier;Isaac Seumalo;Mason McCormick;Aaron Rodgers;Kenneth Gainwell;Broderick Jones;Troy Fautanu;Darnell Washington;DK Metcalf;Scott Miller;Ben Skowronek,00-0034856;00-0036974;00-0039417;00-0037815;00-0038574;00-0031270;00-0040255;00-0038715;00-0035525;00-0040579;00-0036282,Denzel Ward;Tyson Campbell;Myles Harden;Cameron Thomas;Isaiah McGuire;Shelby Harris;Adin Huntington;Ronnie Hickman Jr.;Devin Bush;Carson Schwesinger;Grant Delpit
2025_06_CLE_PIT,234,pass,0.0,26.0,26.0,PIT,1.0,3363.0,26.0,4.0,11:03,10:59,,0.0,0.0,3.0,11.0,"3 CB, 2 DE, 2 DT, 1 FS, 1 MLB, 2 SS",CB;CB;CB;DE;DE;DT;DT;FS;MLB;SS;SS,11,5,4,ZONE_COVERAGE,COVER_2,False,00-0039896;00-0032954;00-0039358;00-0023459;00-0037228;00-0039109;00-0039871;00-0033858;00-0036894;00-0035640;00-0035298,Zach Frazier;Isaac Seumalo;Mason McCormick;Aaron Rodgers;Jaylen Warren;Broderick Jones;Troy Fautanu;Jonnu Smith;Pat Freiermuth;DK Metcalf;Scott Miller,00-0034856;00-0036974;00-0039417;00-0033868;00-0037251;00-0033131;00-0040685;00-0038715;00-0040579;00-0033941;00-0036282,Denzel Ward;Tyson Campbell;Myles Harden;Myles Garrett;Alex Wright;Maliek Collins;Mason Graham;Ronnie Hickman Jr.;Carson Schwesinger;Rayshawn Jenkins;Grant Delpit
2025_06_CLE_PIT,257,field_goal,0.0,26.0,26.0,PIT,1.0,3359.0,26.0,4.0,10:59,10:55,,3.0,0.0,4.0,11.0,"2 CB, 3 DE, 3 DT, 1 FS, 2 MLB",CB;CB;DE;DE;DE;DT;DT;DT;FS;MLB;MLB,11,0,0,,,False,00-0036783;00-0027969;00-0040678;00-0040188;00-0038645;00-0039358;00-0031136;00-0034051;00-0035821;00-0034957;00-0038558,Ryan McCollum;Cameron Heyward;Derrick Harmon;Yahya Black;Spencer Anderson;Mason McCormick;Chris Boswell;Christian Kuntz;Corliss Waitman;Calvin Anderson;Darnell Washington,00-0034856;00-0039417;00-0033868;00-0037251;00-0037815;00-0031270;00-0033131;00-0040685;00-0038715;00-0035525;00-0040579,Denzel Ward;Myles Harden;Myles Garrett;Alex Wright;Cameron Thomas;Shelby Harris;Maliek Collins;Mason Graham;Ronnie Hickman Jr.;Devin Bush;Carson Schwesinger
2025_06_CLE_PIT,277,kickoff,0.0,35.0,35.0,CLE,1.0,3355.0,35.0,6.0,10:55,10:49,,3.0,0.0,,0.0,"2 CB, 2 FS, 1 ILB, 1 K, 1 OLB, 1 RB, 1 SS, 1 TE, 1 WR",CB;CB;FS;FS;ILB;K;OLB;RB;SS;TE;WR,11,0,0,,,False,00-0039417;00-0036967;00-0033512;00-0040261;00-0034797;00-0037267;00-0040162;00-0033941;00-0040263;00-0038710;00-0040663,Myles Harden;Joe Tryon-Shoyinka;Damontae Kazee;Easton Mascarenas-Arnold;Jerome Baker;Jerome Ford;Dylan Sampson;Rayshawn Jenkins;Donovan McMillon;Blake Whiteheart;Harold Fannin Jr.,00-0035795;00-0036504;00-0032399;00-0035625;00-0040231;00-0031136;00-0040160;00-0036919;00-0033883;00-0037304;00-0036862,James Pierre;Brandin Echols;Miles Killebrew;Juan Thornhill;Carson Bruener;Chris Boswell;Jack Sawyer;Kenneth Gainwell;Jalen Ramsey;Connor Heyward;Ben Skowronek
2025_06_CLE_PIT,307,pass,0.0,72.0,72.0,CLE,1.0,3349.0,72.0,5.0,10:49,10:44,,3.0,0.0,1.0,10.0,"3 CB, 3 DT, 2 ILB, 2 OLB, 1 SS",CB;CB;CB;DT;DT;DT;ILB;ILB;OLB;OLB;SS,11,5,4,MAN_COVERAGE,COVER_1,False,00-0033901;00-0031426;00-0034399;00-0040704;00-0040784;00-0033057;00-0033889;00-0033885;00-0038710;00-0040663;00-0036407,Ethan Pocic;Joel Bitonio;Wyatt Teller;Dillon Gabriel;Quinshon Judkins;Jack Conklin;Cam Robinson;David Njoku;Blake Whiteheart;Harold Fannin Jr.;Jerry Jeudy,00-0030062;00-0033055;00-0039167;00-0027969;00-0039110;00-0040678;00-0035286;00-0036323;00-0033886;00-0036333;00-0034277,Darius Slay;Jalen Ramsey;Joey Porter Jr.;Cameron Heyward;Keeanu Benton;Derrick Harmon;Cole Holcomb;Patrick Queen;T.J. Watt;Alex Highsmith;DeShon Elliott
2025_06_CLE_PIT,330,run,0.0,72.0,72.0,CLE,1.0,3344.0,72.0,38.0,10:44,10:06,,3.0,0.0,2.0,10.0,"3 CB, 3 DT, 2 ILB, 2 OLB, 1 SS",CB;CB;CB;DT;DT;DT;ILB;ILB;OLB;OLB;SS,11,7,0,,,False,00-0033901;00-0031426;00-0034399;00-0040704;00-0040784;00-0033057;00-0033889;00-0039755;00-0040663;00-0036407;00-0040782,Ethan Pocic;Joel Bitonio;Wyatt Teller;Dillon Gabriel;Quinshon Judkins;Jack Conklin;Cam Robinson;KT Leveston;Harold Fannin Jr.;Jerry Jeudy;Isaiah Bond,00-0030062;00-0033055;00-0039167;00-0027969;00-0039110;00-0040678;00-0035286;00-0036323;00-0033886;00-0036333;00-0034277,Darius Slay;Jalen Ramsey;Joey Porter Jr.;Cameron Heyward;Keeanu Benton;Derrick Harmon;Cole Holcomb;Patrick Queen;T.J. Watt;Alex Highsmith;DeShon Elliott
2025_06_CLE_PIT,354,no_play,0.0,72.0,72.0,CLE,1.0,3306.0,72.0,6.0,10:06,10:00,,3.0,0.0,3.0,10.0,"3 CB, 1 DT, 1 FS, 2 ILB, 3 OLB, 1 SS",CB;CB;CB;DT;FS;ILB;ILB;OLB;OLB;OLB;SS,11,5,4,MAN_COVERAGE,COVER_1,False,00-0033901;00-0031426;00-0034399;00-0040704;00-0040162;00-0033057;00-0033889;00-0040663;00-0036407;00-0040259;00-0040782,Ethan Pocic;Joel Bitonio;Wyatt Teller;Dillon Gabriel;Dylan Sampson;Jack Conklin;Cam Robinson;Harold Fannin Jr.;Jerry Jeudy;Gage Larvadain;Isaiah Bond,00-0030062;00-0033055;00-0039167;00-0027969;00-0035625;00-0036323;00-0039741;00-0033886;00-0036333;00-0038577;00-0034277,Darius Slay;Jalen Ramsey;Joey Porter Jr.;Cameron Heyward;Juan Thornhill;Patrick Queen;Payton Wilson;T.J. Watt;Alex Highsmith;Nick Herbig;DeShon Elliott
2025_06_CLE_PIT,388,pass,12.0,67.0,55.0,CLE,1.0,3300.0,67.0,40.0,10:00,9:20,,3.0,0.0,3.0,5.0,"3 CB, 2 DT, 1 FS, 2 ILB, 2 OLB, 1 SS",CB;CB;CB;DT;DT;FS;ILB;ILB;OLB;OLB;SS,11,6,4,ZONE_COVERAGE,COVER_6,False,00-0033901;00-0031426;00-0034399;00-0040704;00-0040162;00-0033057;00-0033889;00-0040663;00-0036407;00-0040259;00-0040782,Ethan Pocic;Joel Bitonio;Wyatt Teller;Dillon Gabriel;Dylan Sampson;Jack Conklin;Cam Robinson;Harold Fannin Jr.;Jerry Jeudy;Gage Larvadain;Isaiah Bond,00-0030062;00-0033055;00-0039167;00-0027969;00-0039110;00-0035625;00-0036323;00-0039741;00-0033886;00-0036333;00-0034277,Darius Slay;Jalen Ramsey;Joey Porter Jr.;Cameron Heyward;Keeanu Benton;Juan Thornhill;Patrick Queen;Payton Wilson;T.J. Watt;Alex Highsmith;DeShon Elliott
2025_06_CLE_PIT,413,run,2.0,55.0,53.0,CLE,1.0,3260.0,55.0,21.0,9:20,8:59,,3.0,0.0,1.0,10.0,"3 CB, 2 DT, 1 FS, 2 ILB, 2 OLB, 1 SS",CB;CB;CB;DT;DT;FS;ILB;ILB;OLB;OLB;SS,11,6,0,,,False,00-0033901;00-0031426;00-0034399;00-0040704;00-0040784;00-0033057;00-0033889;00-0033885;00-0036407;00-0039379;00-0040782,Ethan Pocic;Joel Bitonio;Wyatt Teller;Dillon Gabriel;Quinshon Judkins;Jack Conklin;Cam Robinson;David Njoku;Jerry Jeudy;Jamari Thrash;Isaiah Bond,00-0030062;00-0033055;00-0039167;00-0039110;00-0040188;00-0035625;00-0035286;00-0036323;00-0036333;00-0038577;00-0034277,Darius Slay;Jalen Ramsey;Joey Porter Jr.;Keeanu Benton;Yahya Black;Juan Thornhill;Cole Holcomb;Patrick Queen;Alex Highsmith;Nick Herbig;DeShon Elliott
2025_06_CLE_PIT,446,pass,4.0,68.0,64.0,CLE,1.0,3239.0,68.0,46.0,8:59,8:13,,3.0,0.0,2.0,23.0,"3 CB, 2 DT, 1 FS, 2 ILB, 2 OLB, 1 SS",CB;CB;CB;DT;DT;FS;ILB;ILB;OLB;OLB;SS,11,7,4,ZONE_COVERAGE,COVER_3,False,00-0033901;00-0031426;00-0034399;00-0040704;00-0040162;00-0033057;00-0033889;00-0033885;00-0040663;00-0040259;00-0040782,Ethan Pocic;Joel Bitonio;Wyatt Teller;Dillon Gabriel;Dylan Sampson;Jack Conklin;Cam Robinson;David Njoku;Harold Fannin Jr.;Gage Larvadain;Isaiah Bond,00-0030062;00-0033055;00-0039167;00-0039110;00-0040678;00-0035625;00-0036323;00-0039741;00-0036333;00-0038577;00-0034277,Darius Slay;Jalen Ramsey;Joey Porter Jr.;Keeanu Benton;Derrick Harmon;Juan Thornhill;Patrick Queen;Payton Wilson;Alex Highsmith;Nick Herbig;DeShon Elliott
2025_06_CLE_PIT,471,pass,0.0,64.0,64.0,CLE,1.0,3193.0,64.0,4.0,8:13,8:09,,3.0,0.0,3.0,19.0,"3 CB, 1 DT, 1 FS, 2 ILB, 3 OLB, 1 SS",CB;CB;CB;DT;FS;ILB;ILB;OLB;OLB;OLB;SS,11,6,4,ZONE_COVERAGE,COVER_3,False,00-0033901;00-0031426;00-0034399;00-0040704;00-0037267;00-0033057;00-0033889;00-0033885;00-0036407;00-0040259;00-0040782,Ethan Pocic;Joel Bitonio;Wyatt Teller;Dillon Gabriel;Jerome Ford;Jack Conklin;Cam Robinson;David Njoku;Jerry Jeudy;Gage Larvadain;Isaiah Bond,00-0030062;00-0033055;00-0039167;00-0027969;00-0035625;00-0036323;00-0039741;00-0033886;00-0036333;00-0038577;00-0034277,Darius Slay;Jalen Ramsey;Joey Porter Jr.;Cameron Heyward;Juan Thornhill;Patrick Queen;Payton Wilson;T.J. Watt;Alex Highsmith;Nick Herbig;DeShon Elliott
2025_06_CLE_PIT,494,punt,0.0,64.0,64.0,CLE,1.0,3189.0,64.0,16.0,8:09,7:53,,3.0,0.0,4.0,19.0,"2 CB, 2 FS, 2 ILB, 1 OLB, 1 SS, 1 TE, 2 WR",CB;CB;FS;FS;ILB;ILB;OLB;SS;TE;WR;WR,11,0,0,,,False,00-0037593;00-0036443;00-0035525;00-0040261;00-0034797;00-0038711;00-0034721;00-0033941;00-0036282;00-0040263;00-0038710,Tre Avery;Rex Sunahara;Devin Bush;Easton Mascarenas-Arnold;Jerome Baker;Mohamoud Diabate;Corey Bojorquez;Rayshawn Jenkins;Grant Delpit;Donovan McMillon;Blake Whiteheart,00-0035795;00-0036504;00-0032399;00-0035625;00-0039741;00-0040231;00-0040160;00-0033883;00-0037304;00-0036862;00-0040534,James Pierre;Brandin Echols;Miles Killebrew;Juan Thornhill;Payton Wilson;Carson Bruener;Jack Sawyer;Jalen Ramsey;Connor Heyward;Ben Skowronek;Ke'Shawn Williams
2025_06_CLE_PIT,531,run,-1.0,90.0,91.0,PIT,1.0,3173.0,90.0,20.0,7:53,7:33,,3.0,0.0,1.0,10.0,"2 CB, 2 DE, 2 DT, 1 FS, 2 MLB, 1 OLB, 1 SS",CB;CB;DE;DE;DT;DT;FS;MLB;MLB;OLB;SS,11,7,0,,,False,00-0039896;00-0032954;00-0039358;00-0023459;00-0037228;00-0039109;00-0039871;00-0033858;00-0036894;00-0038558;00-0035640,Zach Frazier;Isaac Seumalo;Mason McCormick;Aaron Rodgers;Jaylen Warren;Broderick Jones;Troy Fautanu;Jonnu Smith;Pat Freiermuth;Darnell Washington;DK Metcalf,00-0034856;00-0036974;00-0033868;00-0037251;00-0033131;00-0040685;00-0038715;00-0035525;00-0040579;00-0034797;00-0036282,Denzel Ward;Tyson Campbell;Myles Garrett;Alex Wright;Maliek Collins;Mason Graham;Ronnie Hickman Jr.;Devin Bush;Carson Schwesinger;Jerome Baker;Grant Delpit
2025_06_CLE_PIT,560,pass,5.0,91.0,86.0,PIT,1.0,3153.0,91.0,43.0,7:33,6:50,,3.0,0.0,2.0,11.0,"2 CB, 2 DE, 2 DT, 1 FS, 2 MLB, 1 OLB, 1 SS",CB;CB;DE;DE;DT;DT;FS;MLB;MLB;OLB;SS,11,6,4,ZONE_COVERAGE,COVER_3,False,00-0039896;00-0032954;00-0039358;00-0023459;00-0037228;00-0039109;00-0039871;00-0033858;00-0036894;00-0038558;00-0035640,Zach Frazier;Isaac Seumalo;Mason McCormick;Aaron Rodgers;Jaylen Warren;Broderick Jones;Troy Fautanu;Jonnu Smith;Pat Freiermuth;Darnell Washington;DK Metcalf,00-0034856;00-0036974;00-0033868;00-0037251;00-0033131;00-0040685;00-0038715;00-0035525;00-0040579;00-0034797;00-0036282,Denzel Ward;Tyson Campbell;Myles Garrett;Alex Wright;Maliek Collins;Mason Graham;Ronnie Hickman Jr.;Devin Bush;Carson Schwesinger;Jerome Baker;Grant Delpit
2025_06_CLE_PIT,585,pass,25.0,86.0,61.0,PIT,1.0,3110.0,86.0,45.0,6:50,6:05,,3.0,0.0,3.0,6.0,"3 CB, 2 DE, 2 DT, 1 FS, 1 MLB, 2 SS",CB;CB;CB;DE;DE;DT;DT;FS;MLB;SS;SS,11,6,4,MAN_COVERAGE,COVER_1,False,00-0039896;00-0032954;00-0039358;00-0023459;00-0036919;00-0039109;00-0039871;00-0033858;00-0036894;00-0035640;00-0035298,Zach Frazier;Isaac Seumalo;Mason McCormick;Aaron Rodgers;Kenneth Gainwell;Broderick Jones;Troy Fautanu;Jonnu Smith;Pat Freiermuth;DK Metcalf;Scott Miller,00-0034856;00-0036974;00-0039417;00-0033868;00-0037251;00-0033131;00-0040685;00-0038715;00-0040579;00-0033941;00-0036282,Denzel Ward;Tyson Campbell;Myles Harden;Myles Garrett;Alex Wright;Maliek Collins;Mason Graham;Ronnie Hickman Jr.;Carson Schwesinger;Rayshawn Jenkins;Grant Delpit
2025_06_CLE_PIT,615,run,1.0,61.0,60.0,PIT,1.0,3065.0,61.0,46.0,6:05,5:19,,3.0,0.0,1.0,10.0,"2 CB, 2 DE, 2 DT, 1 FS, 2 MLB, 1 OLB, 1 SS",CB;CB;DE;DE;DT;DT;FS;MLB;MLB;OLB;SS,11,7,0,,,False,00-0039896;00-0032954;00-0039358;00-0023459;00-0036919;00-0039109;00-0039871;00-0037304;00-0038558;00-0035640;00-0035298,Zach Frazier;Isaac Seumalo;Mason McCormick;Aaron Rodgers;Kenneth Gainwell;Broderick Jones;Troy Fautanu;Connor Heyward;Darnell Washington;DK Metcalf;Scott Miller,00-0034856;00-0036974;00-0036967;00-0037815;00-0031270;00-0040255;00-0038715;00-0035525;00-0040579;00-0034797;00-0036282,Denzel Ward;Tyson Campbell;Joe Tryon-Shoyinka;Cameron Thomas;Shelby Harris;Adin Huntington;Ronnie Hickman Jr.;Devin Bush;Carson Schwesinger;Jerome Baker;Grant Delpit
2025_06_CLE_PIT,637,pass,-9.0,60.0,69.0,PIT,1.0,3019.0,60.0,46.0,5:19,4:33,,3.0,0.0,2.0,9.0,"2 CB, 2 DE, 2 DT, 1 FS, 2 MLB, 1 OLB, 1 SS",CB;CB;DE;DE;DT;DT;FS;MLB;MLB;OLB;SS,11,6,4,ZONE_COVERAGE,COVER_6,True,00-0039896;00-0032954;00-0038645;00-0039358;00-0023459;00-0036919;00-0039109;00-0039871;00-0033858;00-0038558;00-0035640,Zach Frazier;Isaac Seumalo;Spencer Anderson;Mason McCormick;Aaron Rodgers;Kenneth Gainwell;Broderick Jones;Troy Fautanu;Jonnu Smith;Darnell Washington;DK Metcalf,00-0034856;00-0036974;00-0036967;00-0037815;00-0031270;00-0040255;00-0038715;00-0035525;00-0040579;00-0034797;00-0036282,Denzel Ward;Tyson Campbell;Joe Tryon-Shoyinka;Cameron Thomas;Shelby Harris;Adin Huntington;Ronnie Hickman Jr.;Devin Bush;Carson Schwesinger;Jerome Baker;Grant Delpit
2025_06_CLE_PIT,664,pass,6.0,69.0,63.0,PIT,1.0,2973.0,69.0,31.0,4:33,4:02,,3.0,0.0,3.0,18.0,"3 CB, 2 DE, 2 DT, 1 FS, 1 MLB, 2 SS",CB;CB;CB;DE;DE;DT;DT;FS;MLB;SS;SS,11,6,4,ZONE_COVERAGE,COVER_2,False,00-0039896;00-0032954;00-0039358;00-0023459;00-0036919;00-0039109;00-0039871;00-0036894;00-0035298;00-0039739;00-0040534,Zach Frazier;Isaac Seumalo;Mason McCormick;Aaron Rodgers;Kenneth Gainwell;Broderick Jones;Troy Fautanu;Pat Freiermuth;Scott Miller;Roman Wilson;Ke'Shawn Williams,00-0034856;00-0036974;00-0039417;00-0033868;00-0038574;00-0033131;00-0040685;00-0038715;00-0040579;00-0033941;00-0036282,Denzel Ward;Tyson Campbell;Myles Harden;Myles Garrett;Isaiah McGuire;Maliek Collins;Mason Graham;Ronnie Hickman Jr.;Carson Schwesinger;Rayshawn Jenkins;Grant Delpit
2025_06_CLE_PIT,689,punt,0.0,63.0,63.0,PIT,1.0,2942.0,63.0,8.0,4:02,3:54,,3.0,0.0,4.0,12.0,"3 CB, 2 DE, 1 DT, 1 FS, 1 MLB, 1 OLB, 1 SS, 1 WR",CB;CB;CB;DE;DE;DT;FS;MLB;OLB;SS;WR,11,0,0,,,False,00-0035795;00-0032399;00-0035286;00-0039741;00-0040231;00-0034051;00-0038577;00-0040160;00-0035821;00-0037304;00-0036862,James Pierre;Miles Killebrew;Cole Holcomb;Payton Wilson;Carson Bruener;Christian Kuntz;Nick Herbig;Jack Sawyer;Corliss Waitman;Connor Heyward;Ben Skowronek,00-0037593;00-0039417;00-0040258;00-0036967;00-0037815;00-0040255;00-0033512;00-0040261;00-0038711;00-0040263;00-0040259,Tre Avery;Myles Harden;Dom Jones;Joe Tryon-Shoyinka;Cameron Thomas;Adin Huntington;Damontae Kazee;Easton Mascarenas-Arnold;Mohamoud Diabate;Donovan McMillon;Gage Larvadain
2025_06_CLE_PIT,708,pass,9.0,71.0,62.0,CLE,1.0,2934.0,71.0,36.0,3:54,3:18,,3.0,0.0,1.0,10.0,"3 CB, 3 DT, 2 ILB, 2 OLB, 1 SS",CB;CB;CB;DT;DT;DT;ILB;ILB;OLB;OLB;SS,11,8,5,ZONE_COVERAGE,COVER_3,False,00-0033901;00-0031426;00-0034399;00-0040704;00-0040784;00-0033057;00-0033889;00-0033885;00-0040663;00-0039379;00-0040782,Ethan Pocic;Joel Bitonio;Wyatt Teller;Dillon Gabriel;Quinshon Judkins;Jack Conklin;Cam Robinson;David Njoku;Harold Fannin Jr.;Jamari Thrash;Isaiah Bond,00-0030062;00-0033055;00-0039167;00-0027969;00-0039110;00-0040678;00-0035286;00-0036323;00-0033886;00-0036333;00-0034277,Darius Slay;Jalen Ramsey;Joey Porter Jr.;Cameron Heyward;Keeanu Benton;Derrick Harmon;Cole Holcomb;Patrick Queen;T.J. Watt;Alex Highsmith;DeShon Elliott
2025_06_CLE_PIT,740,run,3.0,62.0,59.0,CLE,1.0,2898.0,62.0,41.0,3:18,2:37,,3.0,0.0,2.0,1.0,"3 CB, 3 DT, 2 ILB, 2 OLB, 1 SS",CB;CB;CB;DT;DT;DT;ILB;ILB;OLB;OLB;SS,11,7,0,,,False,00-0033901;00-0038609;00-0031426;00-0034399;00-0040704;00-0040784;00-0033057;00-0033889;00-0040663;00-0036407;00-0040782,Ethan Pocic;Luke Wypler;Joel Bitonio;Wyatt Teller;Dillon Gabriel;Quinshon Judkins;Jack Conklin;Cam Robinson;Harold Fannin Jr.;Jerry Jeudy;Isaiah Bond,00-0030062;00-0033055;00-0039167;00-0027969;00-0039110;00-0040678;00-0035286;00-0036323;00-0033886;00-0036333;00-0034277,Darius Slay;Jalen Ramsey;Joey Porter Jr.;Cameron Heyward;Keeanu Benton;Derrick Harmon;Cole Holcomb;Patrick Queen;T.J. Watt;Alex Highsmith;DeShon Elliott
2025_06_CLE_PIT,764,run,2.0,59.0,57.0,CLE,1.0,2857.0,59.0,5.0,2:37,2:32,,3.0,0.0,1.0,10.0,"3 CB, 2 DT, 1 FS, 2 ILB, 2 OLB, 1 SS",CB;CB;CB;DT;DT;FS;ILB;ILB;OLB;OLB;SS,11,6,0,,,False,00-0033901;00-0031426;00-0034399;00-0040704;00-0040784;00-0040162;00-0033057;00-0033889;00-0033885;00-0038710;00-0039920,Ethan Pocic;Joel Bitonio;Wyatt Teller;Dillon Gabriel;Quinshon Judkins;Dylan Sampson;Jack Conklin;Cam Robinson;David Njoku;Blake Whiteheart;Malachi Corley,00-0030062;00-0033055;00-0039167;00-0027969;00-0039110;00-0035625;00-0036323;00-0039741;00-0033886;00-0036333;00-0034277,Darius Slay;Jalen Ramsey;Joey Porter Jr.;Cameron Heyward;Keeanu Benton;Juan Thornhill;Patrick Queen;Payton Wilson;T.J. Watt;Alex Highsmith;DeShon Elliott
2025_06_CLE_PIT,796,no_play,0.0,57.0,57.0,CLE,1.0,2852.0,57.0,4.0,2:32,2:28,,3.0,0.0,2.0,8.0,"2 CB, 2 DT, 1 FS, 2 ILB, 2 OLB, 2 SS",CB;CB;DT;DT;FS;ILB;ILB;OLB;OLB;SS;SS,11,6,4,ZONE_COVERAGE,COVER_2,False,00-0033901;00-0031426;00-0034399;00-0040704;00-0040784;00-0033057;00-0033889;00-0033885;00-0040663;00-0036407;00-0040782,Ethan Pocic;Joel Bitonio;Wyatt Teller;Dillon Gabriel;Quinshon Judkins;Jack Conklin;Cam Robinson;David Njoku;Harold Fannin Jr.;Jerry Jeudy;Isaiah Bond,00-0030062;00-0039167;00-0027969;00-0039110;00-0035625;00-0035286;00-0036323;00-0033886;00-0036333;00-0033883;00-0034277,Darius Slay;Joey Porter Jr.;Cameron Heyward;Keeanu Benton;Juan Thornhill;Cole Holcomb;Patrick Queen;T.J. Watt;Alex Highsmith;Jalen Ramsey;DeShon Elliott
2025_06_CLE_PIT,830,pass,-7.0,52.0,59.0,CLE,1.0,2848.0,52.0,0.0,2:28,2:28,,3.0,0.0,1.0,10.0,"3 CB, 2 DT, 1 FS, 2 ILB, 2 OLB, 1 SS",CB;CB;CB;DT;DT;FS;ILB;ILB;OLB;OLB;SS,11,6,6,ZONE_COVERAGE,COVER_2,True,00-0033901;00-0031426;00-0034399;00-0040704;00-0040784;00-0033057;00-0033889;00-0033885;00-0040663;00-0036407;00-0040782,Ethan Pocic;Joel Bitonio;Wyatt Teller;Dillon Gabriel;Quinshon Judkins;Jack Conklin;Cam Robinson;David Njoku;Harold Fannin Jr.;Jerry Jeudy;Isaiah Bond,00-0030062;00-0033055;00-0039167;00-0027969;00-0039110;00-0035625;00-0035286;00-0036323;00-0033886;00-0038577;00-0034277,Darius Slay;Jalen Ramsey;Joey Porter Jr.;Cameron Heyward;Keeanu Benton;Juan Thornhill;Cole Holcomb;Patrick Queen;T.J. Watt;Nick Herbig;DeShon Elliott
2025_06_CLE_PIT,842,timeout,0.0,,,,1.0,2848.0,,45.0,2:28,1:43,CLE,3.0,0.0,,0.0,,,,,,,,,,,,
2025_06_CLE_PIT,857,run,1.0,59.0,58.0,CLE,1.0,2803.0,59.0,46.0,1:43,0:57,,3.0,0.0,2.0,17.0,"3 CB, 2 DT, 1 FS, 2 ILB, 2 OLB, 1 SS",CB;CB;CB;DT;DT;FS;ILB;ILB;OLB;OLB;SS,11,6,0,,,False,00-0033901;00-0031426;00-0034399;00-0040704;00-0040784;00-0033057;00-0033889;00-0033885;00-0036407;00-0039379;00-0040782,Ethan Pocic;Joel Bitonio;Wyatt Teller;Dillon Gabriel;Quinshon Judkins;Jack Conklin;Cam Robinson;David Njoku;Jerry Jeudy;Jamari Thrash;Isaiah Bond,00-0030062;00-0036504;00-0039167;00-0027969;00-0039110;00-0035625;00-0036323;00-0039741;00-0033886;00-0038577;00-0034277,Darius Slay;Brandin Echols;Joey Porter Jr.;Cameron Heyward;Keeanu Benton;Juan Thornhill;Patrick Queen;Payton Wilson;T.J. Watt;Nick Herbig;DeShon Elliott
2025_06_CLE_PIT,879,pass,8.0,58.0,50.0,CLE,1.0,2757.0,58.0,45.0,0:57,0:12,,3.0,0.0,3.0,16.0,"3 CB, 1 DT, 1 FS, 2 ILB, 3 OLB, 1 SS",CB;CB;CB;DT;FS;ILB;ILB;OLB;OLB;OLB;SS,11,6,6,MAN_COVERAGE,COVER_1,True,00-0033901;00-0031426;00-0034399;00-0040704;00-0037267;00-0033057;00-0033889;00-0040663;00-0036407;00-0040259;00-0040782,Ethan Pocic;Joel Bitonio;Wyatt Teller;Dillon Gabriel;Jerome Ford;Jack Conklin;Cam Robinson;Harold Fannin Jr.;Jerry Jeudy;Gage Larvadain;Isaiah Bond,00-0030062;00-0036504;00-0039167;00-0027969;00-0035625;00-0036323;00-0039741;00-0033886;00-0036333;00-0038577;00-0034277,Darius Slay;Brandin Echols;Joey Porter Jr.;Cameron Heyward;Juan Thornhill;Patrick Queen;Payton Wilson;T.J. Watt;Alex Highsmith;Nick Herbig;DeShon Elliott
2025_06_CLE_PIT,904,punt,0.0,50.0,50.0,CLE,1.0,2712.0,50.0,6.0,0:12,0:06,,3.0,0.0,4.0,8.0,"2 CB, 2 FS, 2 ILB, 1 OLB, 1 SS, 1 TE, 2 WR",CB;CB;FS;FS;ILB;ILB;OLB;SS;TE;WR;WR,11,0,0,,,False,00-0037593;00-0036443;00-0035525;00-0040261;00-0034797;00-0038711;00-0034721;00-0033941;00-0036282;00-0040263;00-0038710,Tre Avery;Rex Sunahara;Devin Bush;Easton Mascarenas-Arnold;Jerome Baker;Mohamoud Diabate;Corey Bojorquez;Rayshawn Jenkins;Grant Delpit;Donovan McMillon;Blake Whiteheart,00-0035795;00-0036504;00-0032399;00-0035625;00-0039741;00-0040231;00-0040160;00-0033883;00-0037304;00-0036862;00-0040534,James Pierre;Brandin Echols;Miles Killebrew;Juan Thornhill;Payton Wilson;Carson Bruener;Jack Sawyer;Jalen Ramsey;Connor Heyward;Ben Skowronek;Ke'Shawn Williams
2025_06_CLE_PIT,923,run,9.0,71.0,62.0,PIT,1.0,2706.0,71.0,6.0,0:06,0:00,,3.0,0.0,1.0,10.0,"2 CB, 2 DE, 2 DT, 1 FS, 2 MLB, 1 OLB, 1 SS",CB;CB;DE;DE;DT;DT;FS;MLB;MLB;OLB;SS,11,7,0,,,False,00-0039896;00-0032954;00-0038645;00-0039358;00-0023459;00-0040142;00-0039109;00-0039871;00-0038558;00-0035640;00-0035298,Zach Frazier;Isaac Seumalo;Spencer Anderson;Mason McCormick;Aaron Rodgers;Kaleb Johnson;Broderick Jones;Troy Fautanu;Darnell Washington;DK Metcalf;Scott Miller,00-0034856;00-0036974;00-0033868;00-0037251;00-0031270;00-0040685;00-0038715;00-0035525;00-0040579;00-0038711;00-0036282,Denzel Ward;Tyson Campbell;Myles Garrett;Alex Wright;Shelby Harris;Mason Graham;Ronnie Hickman Jr.;Devin Bush;Carson Schwesinger;Mohamoud Diabate;Grant Delpit
2025_06_CLE_PIT,947,start_quarter_2,,,,PIT,1.0,2700.0,,0.0,0:00,0:00,,3.0,0.0,,0.0,,,,,,,,,,,,
2025_06_CLE_PIT,967,run,3.0,62.0,59.0,PIT,2.0,2700.0,62.0,39.0,15:00,14:21,,3.0,0.0,2.0,1.0,"1 CB, 2 DE, 2 DT, 1 FS, 2 MLB, 2 OLB, 1 SS",CB;DE;DE;DT;DT;FS;MLB;MLB;OLB;OLB;SS,11,8,0,,,False,00-0039896;00-0032954;00-0038645;00-0039358;00-0023459;00-0040142;00-0039109;00-0039871;00-0033858;00-0038558;00-0039739,Zach Frazier;Isaac Seumalo;Spencer Anderson;Mason McCormick;Aaron Rodgers;Kaleb Johnson;Broderick Jones;Troy Fautanu;Jonnu Smith;Darnell Washington;Roman Wilson,00-0034856;00-0033868;00-0037251;00-0031270;00-0040685;00-0038715;00-0035525;00-0040579;00-0034797;00-0038711;00-0036282,Denzel Ward;Myles Garrett;Alex Wright;Shelby Harris;Mason Graham;Ronnie Hickman Jr.;Devin Bush;Carson Schwesinger;Jerome Baker;Mohamoud Diabate;Grant Delpit
2025_06_CLE_PIT,991,pass,0.0,59.0,59.0,PIT,2.0,2661.0,59.0,6.0,14:21,14:15,,3.0,0.0,1.0,10.0,"2 CB, 2 DE, 2 DT, 1 FS, 2 MLB, 1 OLB, 1 SS",CB;CB;DE;DE;DT;DT;FS;MLB;MLB;OLB;SS,11,6,4,MAN_COVERAGE,COVER_1,True,00-0039896;00-0032954;00-0039358;00-0023459;00-0037228;00-0039109;00-0039871;00-0033858;00-0038558;00-0035640;00-0039739,Zach Frazier;Isaac Seumalo;Mason McCormick;Aaron Rodgers;Jaylen Warren;Broderick Jones;Troy Fautanu;Jonnu Smith;Darnell Washington;DK Metcalf;Roman Wilson,00-0034856;00-0036974;00-0033868;00-0037251;00-0031270;00-0040685;00-0038715;00-0035525;00-0040579;00-0038711;00-0036282,Denzel Ward;Tyson Campbell;Myles Garrett;Alex Wright;Shelby Harris;Mason Graham;Ronnie Hickman Jr.;Devin Bush;Carson Schwesinger;Mohamoud Diabate;Grant Delpit
2025_06_CLE_PIT,1014,run,11.0,59.0,48.0,PIT,2.0,2655.0,59.0,40.0,14:15,13:35,,3.0,0.0,2.0,10.0,"3 CB, 2 DE, 2 DT, 1 FS, 2 MLB, 1 SS",CB;CB;CB;DE;DE;DT;DT;FS;MLB;MLB;SS,11,6,0,,,False,00-0039896;00-0032954;00-0039358;00-0023459;00-0037228;00-0039109;00-0039871;00-0036894;00-0035640;00-0035298;00-0039739,Zach Frazier;Isaac Seumalo;Mason McCormick;Aaron Rodgers;Jaylen Warren;Broderick Jones;Troy Fautanu;Pat Freiermuth;DK Metcalf;Scott Miller;Roman Wilson,00-0034856;00-0036974;00-0039417;00-0033868;00-0037251;00-0033131;00-0040685;00-0038715;00-0035525;00-0040579;00-0036282,Denzel Ward;Tyson Campbell;Myles Harden;Myles Garrett;Alex Wright;Maliek Collins;Mason Graham;Ronnie Hickman Jr.;Devin Bush;Carson Schwesinger;Grant Delpit
2025_06_CLE_PIT,1036,run,3.0,48.0,45.0,PIT,2.0,2615.0,48.0,45.0,13:35,12:50,,3.0,0.0,1.0,10.0,"2 CB, 2 DE, 2 DT, 1 FS, 2 MLB, 1 OLB, 1 SS",CB;CB;DE;DE;DT;DT;FS;MLB;MLB;OLB;SS,11,7,0,,,False,00-0039896;00-0032954;00-0039358;00-0023459;00-0037228;00-0039109;00-0039871;00-0033858;00-0038558;00-0035640;00-0035298,Zach Frazier;Isaac Seumalo;Mason McCormick;Aaron Rodgers;Jaylen Warren;Broderick Jones;Troy Fautanu;Jonnu Smith;Darnell Washington;DK Metcalf;Scott Miller,00-0034856;00-0036974;00-0036967;00-0038574;00-0033131;00-0040255;00-0038715;00-0035525;00-0040579;00-0038711;00-0036282,Denzel Ward;Tyson Campbell;Joe Tryon-Shoyinka;Isaiah McGuire;Maliek Collins;Adin Huntington;Ronnie Hickman Jr.;Devin Bush;Carson Schwesinger;Mohamoud Diabate;Grant Delpit
2025_06_CLE_PIT,1058,run,4.0,45.0,41.0,PIT,2.0,2570.0,45.0,45.0,12:50,12:05,,3.0,0.0,2.0,7.0,"2 CB, 2 DE, 2 DT, 1 FS, 2 MLB, 1 OLB, 1 SS",CB;CB;DE;DE;DT;DT;FS;MLB;MLB;OLB;SS,11,7,0,,,False,00-0039896;00-0032954;00-0038645;00-0039358;00-0023459;00-0037228;00-0039109;00-0039871;00-0033858;00-0038558;00-0035640,Zach Frazier;Isaac Seumalo;Spencer Anderson;Mason McCormick;Aaron Rodgers;Jaylen Warren;Broderick Jones;Troy Fautanu;Jonnu Smith;Darnell Washington;DK Metcalf,00-0034856;00-0036974;00-0036967;00-0038574;00-0033131;00-0040255;00-0038715;00-0035525;00-0040579;00-0038711;00-0036282,Denzel Ward;Tyson Campbell;Joe Tryon-Shoyinka;Isaiah McGuire;Maliek Collins;Adin Huntington;Ronnie Hickman Jr.;Devin Bush;Carson Schwesinger;Mohamoud Diabate;Grant Delpit
2025_06_CLE_PIT,1082,run,9.0,41.0,32.0,PIT,2.0,2525.0,41.0,45.0,12:05,11:20,,3.0,0.0,3.0,3.0,"3 CB, 2 DE, 2 DT, 1 FS, 2 MLB, 1 SS",CB;CB;CB;DE;DE;DT;DT;FS;MLB;MLB;SS,11,6,0,,,False,00-0039896;00-0032954;00-0039358;00-0023459;00-0036919;00-0039109;00-0039871;00-0033858;00-0036894;00-0035640;00-0035298,Zach Frazier;Isaac Seumalo;Mason McCormick;Aaron Rodgers;Kenneth Gainwell;Broderick Jones;Troy Fautanu;Jonnu Smith;Pat Freiermuth;DK Metcalf;Scott Miller,00-0034856;00-0036974;00-0039417;00-0033868;00-0037251;00-0033131;00-0040685;00-0038715;00-0035525;00-0040579;00-0036282,Denzel Ward;Tyson Campbell;Myles Harden;Myles Garrett;Alex Wright;Maliek Collins;Mason Graham;Ronnie Hickman Jr.;Devin Bush;Carson Schwesinger;Grant Delpit
2025_06_CLE_PIT,1104,pass,0.0,32.0,32.0,PIT,2.0,2480.0,32.0,4.0,11:20,11:16,,3.0,0.0,1.0,10.0,"2 CB, 2 DE, 2 DT, 1 FS, 2 MLB, 1 OLB, 1 SS",CB;CB;DE;DE;DT;DT;FS;MLB;MLB;OLB;SS,11,8,4,ZONE_COVERAGE,COVER_2,False,00-0039896;00-0032954;00-0039358;00-0023459;00-0036919;00-0037228;00-0039109;00-0039871;00-0033858;00-0038558;00-0035640,Zach Frazier;Isaac Seumalo;Mason McCormick;Aaron Rodgers;Kenneth Gainwell;Jaylen Warren;Broderick Jones;Troy Fautanu;Jonnu Smith;Darnell Washington;DK Metcalf,00-0034856;00-0036974;00-0033868;00-0037251;00-0031270;00-0040685;00-0038715;00-0035525;00-0040579;00-0038711;00-0036282,Denzel Ward;Tyson Campbell;Myles Garrett;Alex Wright;Shelby Harris;Mason Graham;Ronnie Hickman Jr.;Devin Bush;Carson Schwesinger;Mohamoud Diabate;Grant Delpit
2025_06_CLE_PIT,1127,pass,0.0,32.0,32.0,PIT,2.0,2476.0,32.0,6.0,11:16,11:10,,3.0,0.0,2.0,10.0,"3 CB, 2 DE, 2 DT, 1 FS, 2 MLB, 1 SS",CB;CB;CB;DE;DE;DT;DT;FS;MLB;MLB;SS,11,7,4,MAN_COVERAGE,COVER_1,False,00-0039896;00-0032954;00-0039358;00-0023459;00-0037228;00-0039109;00-0039871;00-0038558;00-0035640;00-0035298;00-0036862,Zach Frazier;Isaac Seumalo;Mason McCormick;Aaron Rodgers;Jaylen Warren;Broderick Jones;Troy Fautanu;Darnell Washington;DK Metcalf;Scott Miller;Ben Skowronek,00-0034856;00-0036974;00-0039417;00-0033868;00-0037251;00-0031270;00-0040685;00-0038715;00-0035525;00-0040579;00-0036282,Denzel Ward;Tyson Campbell;Myles Harden;Myles Garrett;Alex Wright;Shelby Harris;Mason Graham;Ronnie Hickman Jr.;Devin Bush;Carson Schwesinger;Grant Delpit
2025_06_CLE_PIT,1150,pass,0.0,32.0,32.0,PIT,2.0,2470.0,32.0,4.0,11:10,11:06,,3.0,0.0,3.0,10.0,"3 CB, 2 DE, 2 DT, 1 FS, 1 MLB, 2 SS",CB;CB;CB;DE;DE;DT;DT;FS;MLB;SS;SS,11,6,5,MAN_COVERAGE,2_MAN,True,00-0039896;00-0032954;00-0039358;00-0023459;00-0037228;00-0039109;00-0039871;00-0036894;00-0035640;00-0035298;00-0039739,Zach Frazier;Isaac Seumalo;Mason McCormick;Aaron Rodgers;Jaylen Warren;Broderick Jones;Troy Fautanu;Pat Freiermuth;DK Metcalf;Scott Miller;Roman Wilson,00-0034856;00-0036974;00-0039417;00-0033868;00-0037815;00-0033131;00-0040685;00-0038715;00-0040579;00-0033941;00-0036282,Denzel Ward;Tyson Campbell;Myles Harden;Myles Garrett;Cameron Thomas;Maliek Collins;Mason Graham;Ronnie Hickman Jr.;Carson Schwesinger;Rayshawn Jenkins;Grant Delpit
2025_06_CLE_PIT,1173,field_goal,0.0,32.0,32.0,PIT,2.0,2466.0,32.0,5.0,11:06,11:01,,6.0,0.0,4.0,10.0,"2 CB, 3 DE, 3 DT, 1 FS, 2 MLB",CB;CB;DE;DE;DE;DT;DT;DT;FS;MLB;MLB,11,0,0,,,False,00-0036783;00-0027969;00-0040678;00-0040188;00-0038645;00-0039358;00-0031136;00-0034051;00-0035821;00-0034957;00-0038558,Ryan McCollum;Cameron Heyward;Derrick Harmon;Yahya Black;Spencer Anderson;Mason McCormick;Chris Boswell;Christian Kuntz;Corliss Waitman;Calvin Anderson;Darnell Washington,00-0034856;00-0039417;00-0033868;00-0037251;00-0037815;00-0031270;00-0033131;00-0040685;00-0038715;00-0035525;00-0040579,Denzel Ward;Myles Harden;Myles Garrett;Alex Wright;Cameron Thomas;Shelby Harris;Maliek Collins;Mason Graham;Ronnie Hickman Jr.;Devin Bush;Carson Schwesinger
2025_06_CLE_PIT,1193,kickoff,0.0,35.0,35.0,CLE,2.0,2461.0,35.0,5.0,11:01,10:56,,6.0,0.0,,0.0,"2 CB, 2 FS, 1 ILB, 1 K, 1 OLB, 1 RB, 1 SS, 1 TE, 1 WR",CB;CB;FS;FS;ILB;K;OLB;RB;SS;TE;WR,11,0,0,,,False,00-0039417;00-0036967;00-0033512;00-0040261;00-0034797;00-0037267;00-0040162;00-0033941;00-0040263;00-0038710;00-0040663,Myles Harden;Joe Tryon-Shoyinka;Damontae Kazee;Easton Mascarenas-Arnold;Jerome Baker;Jerome Ford;Dylan Sampson;Rayshawn Jenkins;Donovan McMillon;Blake Whiteheart;Harold Fannin Jr.,00-0035795;00-0036504;00-0032399;00-0035625;00-0040231;00-0031136;00-0040160;00-0036919;00-0033883;00-0037304;00-0036862,James Pierre;Brandin Echols;Miles Killebrew;Juan Thornhill;Carson Bruener;Chris Boswell;Jack Sawyer;Kenneth Gainwell;Jalen Ramsey;Connor Heyward;Ben Skowronek
2025_06_CLE_PIT,1223,run,3.0,72.0,69.0,CLE,2.0,2456.0,72.0,45.0,10:56,10:11,,6.0,0.0,1.0,10.0,"3 CB, 3 DT, 2 ILB, 2 OLB, 1 SS",CB;CB;CB;DT;DT;DT;ILB;ILB;OLB;OLB;SS,11,7,0,,,False,00-0033901;00-0031426;00-0034399;00-0040704;00-0040784;00-0033057;00-0033889;00-0039755;00-0040663;00-0036407;00-0039379,Ethan Pocic;Joel Bitonio;Wyatt Teller;Dillon Gabriel;Quinshon Judkins;Jack Conklin;Cam Robinson;KT Leveston;Harold Fannin Jr.;Jerry Jeudy;Jamari Thrash,00-0030062;00-0033055;00-0039167;00-0034251;00-0040678;00-0040188;00-0035286;00-0036323;00-0033886;00-0038577;00-0034277,Darius Slay;Jalen Ramsey;Joey Porter Jr.;Daniel Ekuale;Derrick Harmon;Yahya Black;Cole Holcomb;Patrick Queen;T.J. Watt;Nick Herbig;DeShon Elliott
2025_06_CLE_PIT,1247,run,3.0,69.0,66.0,CLE,2.0,2411.0,69.0,44.0,10:11,9:27,,6.0,0.0,2.0,7.0,"3 CB, 2 DT, 1 FS, 2 ILB, 2 OLB, 1 SS",CB;CB;CB;DT;DT;FS;ILB;ILB;OLB;OLB;SS,11,6,0,,,False,00-0033901;00-0031426;00-0034399;00-0040704;00-0040162;00-0033057;00-0033889;00-0039755;00-0040663;00-0036407;00-0040782,Ethan Pocic;Joel Bitonio;Wyatt Teller;Dillon Gabriel;Dylan Sampson;Jack Conklin;Cam Robinson;KT Leveston;Harold Fannin Jr.;Jerry Jeudy;Isaiah Bond,00-0030062;00-0033055;00-0039167;00-0034251;00-0040678;00-0035625;00-0036323;00-0039741;00-0033886;00-0038577;00-0034277,Darius Slay;Jalen Ramsey;Joey Porter Jr.;Daniel Ekuale;Derrick Harmon;Juan Thornhill;Patrick Queen;Payton Wilson;T.J. Watt;Nick Herbig;DeShon Elliott
2025_06_CLE_PIT,1278,pass,-6.0,66.0,72.0,CLE,2.0,2367.0,66.0,18.0,9:27,9:09,,6.0,0.0,3.0,4.0,"3 CB, 2 DT, 1 FS, 2 ILB, 2 OLB, 1 SS",CB;CB;CB;DT;DT;FS;ILB;ILB;OLB;OLB;SS,11,6,5,MAN_COVERAGE,COVER_1,True,00-0033901;00-0031426;00-0034399;00-0040704;00-0037267;00-0033057;00-0033889;00-0033885;00-0040663;00-0036407;00-0040782,Ethan Pocic;Joel Bitonio;Wyatt Teller;Dillon Gabriel;Jerome Ford;Jack Conklin;Cam Robinson;David Njoku;Harold Fannin Jr.;Jerry Jeudy;Isaiah Bond,00-0030062;00-0033055;00-0039167;00-0034251;00-0040678;00-0035625;00-0036323;00-0039741;00-0033886;00-0038577;00-0034277,Darius Slay;Jalen Ramsey;Joey Porter Jr.;Daniel Ekuale;Derrick Harmon;Juan Thornhill;Patrick Queen;Payton Wilson;T.J. Watt;Nick Herbig;DeShon Elliott
2025_06_CLE_PIT,1309,punt,0.0,72.0,72.0,CLE,2.0,2349.0,72.0,12.0,9:09,8:57,,6.0,0.0,4.0,10.0,"2 CB, 2 FS, 2 ILB, 1 OLB, 1 SS, 1 TE, 2 WR",CB;CB;FS;FS;ILB;ILB;OLB;SS;TE;WR;WR,11,0,0,,,False,00-0037593;00-0036443;00-0035525;00-0040261;00-0034797;00-0038711;00-0034721;00-0033941;00-0036282;00-0040263;00-0038710,Tre Avery;Rex Sunahara;Devin Bush;Easton Mascarenas-Arnold;Jerome Baker;Mohamoud Diabate;Corey Bojorquez;Rayshawn Jenkins;Grant Delpit;Donovan McMillon;Blake Whiteheart,00-0035795;00-0036504;00-0032399;00-0035625;00-0039741;00-0040231;00-0040160;00-0033883;00-0037304;00-0036862;00-0040534,James Pierre;Brandin Echols;Miles Killebrew;Juan Thornhill;Payton Wilson;Carson Bruener;Jack Sawyer;Jalen Ramsey;Connor Heyward;Ben Skowronek;Ke'Shawn Williams
2025_06_CLE_PIT,1335,pass,6.0,79.0,73.0,PIT,2.0,2337.0,79.0,37.0,8:57,8:20,,6.0,0.0,1.0,10.0,"2 CB, 2 DE, 2 DT, 1 FS, 2 MLB, 1 OLB, 1 SS",CB;CB;DE;DE;DT;DT;FS;MLB;MLB;OLB;SS,11,7,4,ZONE_COVERAGE,COVER_2,False,00-0039896;00-0032954;00-0038645;00-0039358;00-0023459;00-0040142;00-0039109;00-0039871;00-0033858;00-0038558;00-0035640,Zach Frazier;Isaac Seumalo;Spencer Anderson;Mason McCormick;Aaron Rodgers;Kaleb Johnson;Broderick Jones;Troy Fautanu;Jonnu Smith;Darnell Washington;DK Metcalf,00-0034856;00-0036974;00-0037251;00-0037815;00-0031270;00-0033131;00-0038715;00-0035525;00-0040579;00-0034797;00-0036282,Denzel Ward;Tyson Campbell;Alex Wright;Cameron Thomas;Shelby Harris;Maliek Collins;Ronnie Hickman Jr.;Devin Bush;Carson Schwesinger;Jerome Baker;Grant Delpit
2025_06_CLE_PIT,1369,run,1.0,73.0,72.0,PIT,2.0,2300.0,73.0,39.0,8:20,7:41,,6.0,0.0,2.0,4.0,"3 CB, 2 DE, 2 DT, 1 FS, 2 MLB, 1 SS",CB;CB;CB;DE;DE;DT;DT;FS;MLB;MLB;SS,11,6,0,,,False,00-0039896;00-0032954;00-0039358;00-0023459;00-0040142;00-0039109;00-0039871;00-0038558;00-0035640;00-0035298;00-0036862,Zach Frazier;Isaac Seumalo;Mason McCormick;Aaron Rodgers;Kaleb Johnson;Broderick Jones;Troy Fautanu;Darnell Washington;DK Metcalf;Scott Miller;Ben Skowronek,00-0034856;00-0036974;00-0039417;00-0037251;00-0037815;00-0031270;00-0033131;00-0038715;00-0035525;00-0040579;00-0036282,Denzel Ward;Tyson Campbell;Myles Harden;Alex Wright;Cameron Thomas;Shelby Harris;Maliek Collins;Ronnie Hickman Jr.;Devin Bush;Carson Schwesinger;Grant Delpit
2025_06_CLE_PIT,1391,pass,6.0,72.0,66.0,PIT,2.0,2261.0,72.0,34.0,7:41,7:07,,6.0,0.0,3.0,3.0,"2 CB, 2 DE, 2 DT, 1 FS, 2 MLB, 2 SS",CB;CB;DE;DE;DT;DT;FS;MLB;MLB;SS;SS,11,8,4,MAN_COVERAGE,COVER_1,True,00-0039896;00-0032954;00-0039358;00-0023459;00-0037228;00-0039109;00-0039871;00-0033858;00-0036894;00-0038558;00-0035640,Zach Frazier;Isaac Seumalo;Mason McCormick;Aaron Rodgers;Jaylen Warren;Broderick Jones;Troy Fautanu;Jonnu Smith;Pat Freiermuth;Darnell Washington;DK Metcalf,00-0034856;00-0036974;00-0033868;00-0036967;00-0033131;00-0040685;00-0038715;00-0035525;00-0040579;00-0033941;00-0036282,Denzel Ward;Tyson Campbell;Myles Garrett;Joe Tryon-Shoyinka;Maliek Collins;Mason Graham;Ronnie Hickman Jr.;Devin Bush;Carson Schwesinger;Rayshawn Jenkins;Grant Delpit
2025_06_CLE_PIT,1416,pass,20.0,66.0,46.0,PIT,2.0,2227.0,66.0,34.0,7:07,6:33,,6.0,0.0,1.0,10.0,"2 CB, 2 DE, 2 DT, 1 FS, 2 MLB, 1 OLB, 1 SS",CB;CB;DE;DE;DT;DT;FS;MLB;MLB;OLB;SS,11,6,4,ZONE_COVERAGE,COVER_2,False,00-0039896;00-0032954;00-0039358;00-0023459;00-0037228;00-0039109;00-0039871;00-0033858;00-0036894;00-0038558;00-0035640,Zach Frazier;Isaac Seumalo;Mason McCormick;Aaron Rodgers;Jaylen Warren;Broderick Jones;Troy Fautanu;Jonnu Smith;Pat Freiermuth;Darnell Washington;DK Metcalf,00-0034856;00-0036974;00-0033868;00-0036967;00-0031270;00-0040685;00-0038715;00-0035525;00-0040579;00-0034797;00-0036282,Denzel Ward;Tyson Campbell;Myles Garrett;Joe Tryon-Shoyinka;Shelby Harris;Mason Graham;Ronnie Hickman Jr.;Devin Bush;Carson Schwesinger;Jerome Baker;Grant Delpit
2025_06_CLE_PIT,1441,run,1.0,46.0,45.0,PIT,2.0,2193.0,46.0,45.0,6:33,5:48,,6.0,0.0,1.0,10.0,"2 CB, 2 DE, 2 DT, 1 FS, 2 MLB, 1 OLB, 1 SS",CB;CB;DE;DE;DT;DT;FS;MLB;MLB;OLB;SS,11,7,4,ZONE_COVERAGE,COVER_2,True,00-0039896;00-0032954;00-0039358;00-0023459;00-0037228;00-0039109;00-0039871;00-0033858;00-0036894;00-0038558;00-0035640,Zach Frazier;Isaac Seumalo;Mason McCormick;Aaron Rodgers;Jaylen Warren;Broderick Jones;Troy Fautanu;Jonnu Smith;Pat Freiermuth;Darnell Washington;DK Metcalf,00-0034856;00-0036974;00-0033868;00-0036967;00-0031270;00-0040685;00-0038715;00-0035525;00-0040579;00-0034797;00-0036282,Denzel Ward;Tyson Campbell;Myles Garrett;Joe Tryon-Shoyinka;Shelby Harris;Mason Graham;Ronnie Hickman Jr.;Devin Bush;Carson Schwesinger;Jerome Baker;Grant Delpit
2025_06_CLE_PIT,1468,pass,12.0,45.0,33.0,PIT,2.0,2148.0,45.0,41.0,5:48,5:07,,6.0,0.0,2.0,9.0,"2 CB, 2 DE, 2 DT, 1 FS, 2 MLB, 1 OLB, 1 SS",CB;CB;DE;DE;DT;DT;FS;MLB;MLB;OLB;SS,11,7,5,ZONE_COVERAGE,COVER_3,False,00-0039896;00-0032954;00-0039358;00-0023459;00-0037228;00-0039109;00-0039871;00-0033858;00-0038558;00-0035640;00-0035298,Zach Frazier;Isaac Seumalo;Mason McCormick;Aaron Rodgers;Jaylen Warren;Broderick Jones;Troy Fautanu;Jonnu Smith;Darnell Washington;DK Metcalf;Scott Miller,00-0034856;00-0036974;00-0033868;00-0038574;00-0040685;00-0040255;00-0038715;00-0035525;00-0040579;00-0034797;00-0036282,Denzel Ward;Tyson Campbell;Myles Garrett;Isaiah McGuire;Mason Graham;Adin Huntington;Ronnie Hickman Jr.;Devin Bush;Carson Schwesinger;Jerome Baker;Grant Delpit
2025_06_CLE_PIT,1498,pass,0.0,33.0,33.0,PIT,2.0,2107.0,33.0,5.0,5:07,5:02,,6.0,0.0,1.0,10.0,"3 CB, 2 DE, 2 DT, 1 FS, 2 MLB, 1 SS",CB;CB;CB;DE;DE;DT;DT;FS;MLB;MLB;SS,11,7,5,MAN_COVERAGE,COVER_1,True,00-0039896;00-0032954;00-0039358;00-0023459;00-0037228;00-0039109;00-0039871;00-0038558;00-0035298;00-0036862;00-0039739,Zach Frazier;Isaac Seumalo;Mason McCormick;Aaron Rodgers;Jaylen Warren;Broderick Jones;Troy Fautanu;Darnell Washington;Scott Miller;Ben Skowronek;Roman Wilson,00-0034856;00-0036974;00-0039417;00-0037251;00-0038574;00-0040685;00-0040255;00-0038715;00-0035525;00-0040579;00-0036282,Denzel Ward;Tyson Campbell;Myles Harden;Alex Wright;Isaiah McGuire;Mason Graham;Adin Huntington;Ronnie Hickman Jr.;Devin Bush;Carson Schwesinger;Grant Delpit
2025_06_CLE_PIT,1521,no_play,0.0,33.0,33.0,PIT,2.0,2102.0,33.0,0.0,5:02,5:02,,6.0,0.0,2.0,10.0,"2 CB, 2 DE, 2 DT, 1 FS, 2 MLB, 2 SS",CB;CB;DE;DE;DT;DT;FS;MLB;MLB;SS;SS,11,0,0,,,False,00-0039896;00-0032954;00-0039358;00-0023459;00-0036919;00-0039109;00-0039871;00-0033858;00-0036894;00-0035640;00-0035298,Zach Frazier;Isaac Seumalo;Mason McCormick;Aaron Rodgers;Kenneth Gainwell;Broderick Jones;Troy Fautanu;Jonnu Smith;Pat Freiermuth;DK Metcalf;Scott Miller,00-0034856;00-0036974;00-0037251;00-0038574;00-0033131;00-0040255;00-0038715;00-0035525;00-0040579;00-0033941;00-0036282,Denzel Ward;Tyson Campbell;Alex Wright;Isaiah McGuire;Maliek Collins;Adin Huntington;Ronnie Hickman Jr.;Devin Bush;Carson Schwesinger;Rayshawn Jenkins;Grant Delpit
2025_06_CLE_PIT,1545,pass,6.0,38.0,32.0,PIT,2.0,2102.0,38.0,41.0,5:02,4:21,,6.0,0.0,2.0,15.0,"2 CB, 2 DE, 2 DT, 1 FS, 2 MLB, 1 OLB, 1 SS",CB;CB;DE;DE;DT;DT;FS;MLB;MLB;OLB;SS,11,6,4,ZONE_COVERAGE,COVER_9,False,00-0039896;00-0032954;00-0038645;00-0039358;00-0023459;00-0036919;00-0039109;00-0039871;00-0033858;00-0038558;00-0035640,Zach Frazier;Isaac Seumalo;Spencer Anderson;Mason McCormick;Aaron Rodgers;Kenneth Gainwell;Broderick Jones;Troy Fautanu;Jonnu Smith;Darnell Washington;DK Metcalf,00-0034856;00-0036974;00-0037251;00-0038574;00-0033131;00-0040255;00-0038715;00-0035525;00-0040579;00-0034797;00-0036282,Denzel Ward;Tyson Campbell;Alex Wright;Isaiah McGuire;Maliek Collins;Adin Huntington;Ronnie Hickman Jr.;Devin Bush;Carson Schwesinger;Jerome Baker;Grant Delpit
2025_06_CLE_PIT,1577,pass,2.0,32.0,30.0,PIT,2.0,2061.0,32.0,38.0,4:21,3:43,,6.0,0.0,3.0,9.0,"3 CB, 2 DE, 2 DT, 1 FS, 1 MLB, 2 SS",CB;CB;CB;DE;DE;DT;DT;FS;MLB;SS;SS,11,6,5,ZONE_COVERAGE,COVER_3,False,00-0039896;00-0032954;00-0039358;00-0023459;00-0036919;00-0039109;00-0039871;00-0036894;00-0035640;00-0035298;00-0039739,Zach Frazier;Isaac Seumalo;Mason McCormick;Aaron Rodgers;Kenneth Gainwell;Broderick Jones;Troy Fautanu;Pat Freiermuth;DK Metcalf;Scott Miller;Roman Wilson,00-0034856;00-0036974;00-0039417;00-0033868;00-0038574;00-0033131;00-0040685;00-0038715;00-0040579;00-0033941;00-0036282,Denzel Ward;Tyson Campbell;Myles Harden;Myles Garrett;Isaiah McGuire;Maliek Collins;Mason Graham;Ronnie Hickman Jr.;Carson Schwesinger;Rayshawn Jenkins;Grant Delpit
2025_06_CLE_PIT,1602,field_goal,0.0,30.0,30.0,PIT,2.0,2023.0,30.0,5.0,3:43,3:38,,9.0,0.0,4.0,7.0,"2 CB, 3 DE, 3 DT, 1 FS, 2 MLB",CB;CB;DE;DE;DE;DT;DT;DT;FS;MLB;MLB,11,0,0,,,False,00-0036783;00-0027969;00-0040678;00-0040188;00-0038645;00-0039358;00-0031136;00-0034051;00-0035821;00-0034957;00-0038558,Ryan McCollum;Cameron Heyward;Derrick Harmon;Yahya Black;Spencer Anderson;Mason McCormick;Chris Boswell;Christian Kuntz;Corliss Waitman;Calvin Anderson;Darnell Washington,00-0034856;00-0039417;00-0033868;00-0037251;00-0037815;00-0031270;00-0033131;00-0040685;00-0038715;00-0035525;00-0040579,Denzel Ward;Myles Harden;Myles Garrett;Alex Wright;Cameron Thomas;Shelby Harris;Maliek Collins;Mason Graham;Ronnie Hickman Jr.;Devin Bush;Carson Schwesinger
2025_06_CLE_PIT,1622,kickoff,0.0,35.0,35.0,CLE,2.0,2018.0,35.0,7.0,3:38,3:31,,9.0,0.0,,0.0,"2 CB, 2 FS, 1 ILB, 1 K, 1 OLB, 1 RB, 1 SS, 1 TE, 1 WR",CB;CB;FS;FS;ILB;K;OLB;RB;SS;TE;WR,11,0,0,,,False,00-0039417;00-0036967;00-0033512;00-0040261;00-0034797;00-0037267;00-0040162;00-0033941;00-0040263;00-0038710;00-0040663,Myles Harden;Joe Tryon-Shoyinka;Damontae Kazee;Easton Mascarenas-Arnold;Jerome Baker;Jerome Ford;Dylan Sampson;Rayshawn Jenkins;Donovan McMillon;Blake Whiteheart;Harold Fannin Jr.,00-0035795;00-0036504;00-0032399;00-0035625;00-0040231;00-0031136;00-0040160;00-0036919;00-0033883;00-0037304;00-0036862,James Pierre;Brandin Echols;Miles Killebrew;Juan Thornhill;Carson Bruener;Chris Boswell;Jack Sawyer;Kenneth Gainwell;Jalen Ramsey;Connor Heyward;Ben Skowronek
2025_06_CLE_PIT,1666,pass,3.0,85.0,82.0,CLE,2.0,2011.0,85.0,40.0,3:31,2:51,,9.0,0.0,1.0,10.0,"3 CB, 3 DT, 2 ILB, 2 OLB, 1 SS",CB;CB;CB;DT;DT;DT;ILB;ILB;OLB;OLB;SS,11,7,4,ZONE_COVERAGE,COVER_3,False,00-0033901;00-0031426;00-0034399;00-0040704;00-0040784;00-0033057;00-0033889;00-0038710;00-0040663;00-0036407;00-0040782,Ethan Pocic;Joel Bitonio;Wyatt Teller;Dillon Gabriel;Quinshon Judkins;Jack Conklin;Cam Robinson;Blake Whiteheart;Harold Fannin Jr.;Jerry Jeudy;Isaiah Bond,00-0030062;00-0033055;00-0039167;00-0027969;00-0039110;00-0040678;00-0035286;00-0036323;00-0036333;00-0040160;00-0034277,Darius Slay;Jalen Ramsey;Joey Porter Jr.;Cameron Heyward;Keeanu Benton;Derrick Harmon;Cole Holcomb;Patrick Queen;Alex Highsmith;Jack Sawyer;DeShon Elliott
2025_06_CLE_PIT,1698,pass,11.0,82.0,71.0,CLE,2.0,1971.0,82.0,40.0,2:51,2:11,,9.0,0.0,2.0,7.0,"3 CB, 3 DT, 2 ILB, 2 OLB, 1 SS",CB;CB;CB;DT;DT;DT;ILB;ILB;OLB;OLB;SS,11,6,4,ZONE_COVERAGE,COVER_2,False,00-0033901;00-0031426;00-0034399;00-0040704;00-0040784;00-0033057;00-0033889;00-0033885;00-0040663;00-0036407;00-0040782,Ethan Pocic;Joel Bitonio;Wyatt Teller;Dillon Gabriel;Quinshon Judkins;Jack Conklin;Cam Robinson;David Njoku;Harold Fannin Jr.;Jerry Jeudy;Isaiah Bond,00-0030062;00-0033055;00-0039167;00-0027969;00-0039110;00-0040678;00-0035286;00-0036323;00-0036333;00-0040160;00-0034277,Darius Slay;Jalen Ramsey;Joey Porter Jr.;Cameron Heyward;Keeanu Benton;Derrick Harmon;Cole Holcomb;Patrick Queen;Alex Highsmith;Jack Sawyer;DeShon Elliott
2025_06_CLE_PIT,1723,pass,-4.0,71.0,75.0,CLE,2.0,1931.0,71.0,11.0,2:11,2:00,,9.0,0.0,1.0,10.0,"3 CB, 3 DT, 2 ILB, 2 OLB, 1 SS",CB;CB;CB;DT;DT;DT;ILB;ILB;OLB;OLB;SS,11,8,5,MAN_COVERAGE,COVER_1,True,00-0033901;00-0031426;00-0034399;00-0040704;00-0040784;00-0033057;00-0033889;00-0039755;00-0040663;00-0036407;00-0040782,Ethan Pocic;Joel Bitonio;Wyatt Teller;Dillon Gabriel;Quinshon Judkins;Jack Conklin;Cam Robinson;KT Leveston;Harold Fannin Jr.;Jerry Jeudy;Isaiah Bond,00-0030062;00-0033055;00-0039167;00-0027969;00-0039110;00-0040678;00-0035286;00-0036323;00-0036333;00-0040160;00-0034277,Darius Slay;Jalen Ramsey;Joey Porter Jr.;Cameron Heyward;Keeanu Benton;Derrick Harmon;Cole Holcomb;Patrick Queen;Alex Highsmith;Jack Sawyer;DeShon Elliott
2025_06_CLE_PIT,1745,no_play,0.0,75.0,75.0,CLE,2.0,1920.0,75.0,6.0,2:00,1:54,,9.0,0.0,2.0,14.0,"3 CB, 2 DT, 1 FS, 2 ILB, 2 OLB, 1 SS",CB;CB;CB;DT;DT;FS;ILB;ILB;OLB;OLB;SS,11,7,4,ZONE_COVERAGE,COVER_2,True,00-0033901;00-0031426;00-0034399;00-0040704;00-0037267;00-0033057;00-0033889;00-0033885;00-0036407;00-0039379;00-0040782,Ethan Pocic;Joel Bitonio;Wyatt Teller;Dillon Gabriel;Jerome Ford;Jack Conklin;Cam Robinson;David Njoku;Jerry Jeudy;Jamari Thrash;Isaiah Bond,00-0030062;00-0033055;00-0039167;00-0027969;00-0039110;00-0035625;00-0036323;00-0039741;00-0033886;00-0036333;00-0034277,Darius Slay;Jalen Ramsey;Joey Porter Jr.;Cameron Heyward;Keeanu Benton;Juan Thornhill;Patrick Queen;Payton Wilson;T.J. Watt;Alex Highsmith;DeShon Elliott
2025_06_CLE_PIT,1791,run,12.0,70.0,58.0,CLE,2.0,1914.0,70.0,7.0,1:54,1:47,,9.0,0.0,1.0,10.0,"3 CB, 2 DT, 1 FS, 2 ILB, 2 OLB, 1 SS",CB;CB;CB;DT;DT;FS;ILB;ILB;OLB;OLB;SS,11,6,0,,,False,00-0033901;00-0031426;00-0034399;00-0040704;00-0037267;00-0033057;00-0033889;00-0033885;00-0036407;00-0039379;00-0040782,Ethan Pocic;Joel Bitonio;Wyatt Teller;Dillon Gabriel;Jerome Ford;Jack Conklin;Cam Robinson;David Njoku;Jerry Jeudy;Jamari Thrash;Isaiah Bond,00-0030062;00-0033055;00-0039167;00-0027969;00-0039110;00-0035625;00-0036323;00-0039741;00-0033886;00-0036333;00-0034277,Darius Slay;Jalen Ramsey;Joey Porter Jr.;Cameron Heyward;Keeanu Benton;Juan Thornhill;Patrick Queen;Payton Wilson;T.J. Watt;Alex Highsmith;DeShon Elliott
2025_06_CLE_PIT,1818,no_play,0.0,58.0,58.0,CLE,2.0,1907.0,58.0,10.0,1:47,1:37,,9.0,0.0,1.0,10.0,"3 CB, 2 DT, 1 FS, 2 ILB, 2 OLB, 1 SS",CB;CB;CB;DT;DT;FS;ILB;ILB;OLB;OLB;SS,11,6,4,MAN_COVERAGE,COVER_1,False,00-0033901;00-0031426;00-0034399;00-0040704;00-0040162;00-0033057;00-0033889;00-0033885;00-0036407;00-0039379;00-0040782,Ethan Pocic;Joel Bitonio;Wyatt Teller;Dillon Gabriel;Dylan Sampson;Jack Conklin;Cam Robinson;David Njoku;Jerry Jeudy;Jamari Thrash;Isaiah Bond,00-0030062;00-0033055;00-0039167;00-0040678;00-0040188;00-0035625;00-0036323;00-0039741;00-0033886;00-0038577;00-0034277,Darius Slay;Jalen Ramsey;Joey Porter Jr.;Derrick Harmon;Yahya Black;Juan Thornhill;Patrick Queen;Payton Wilson;T.J. Watt;Nick Herbig;DeShon Elliott
2025_06_CLE_PIT,1854,pass,14.0,63.0,49.0,CLE,2.0,1897.0,63.0,12.0,1:37,1:25,,9.0,0.0,1.0,15.0,"3 CB, 2 DT, 1 FS, 2 ILB, 2 OLB, 1 SS",CB;CB;CB;DT;DT;FS;ILB;ILB;OLB;OLB;SS,11,6,4,ZONE_COVERAGE,COVER_3,False,00-0033901;00-0031426;00-0034399;00-0040704;00-0037267;00-0033057;00-0033889;00-0033885;00-0036407;00-0039379;00-0040782,Ethan Pocic;Joel Bitonio;Wyatt Teller;Dillon Gabriel;Jerome Ford;Jack Conklin;Cam Robinson;David Njoku;Jerry Jeudy;Jamari Thrash;Isaiah Bond,00-0030062;00-0033055;00-0039167;00-0040678;00-0040188;00-0035625;00-0036323;00-0039741;00-0033886;00-0038577;00-0034277,Darius Slay;Jalen Ramsey;Joey Porter Jr.;Derrick Harmon;Yahya Black;Juan Thornhill;Patrick Queen;Payton Wilson;T.J. Watt;Nick Herbig;DeShon Elliott
2025_06_CLE_PIT,1882,run,5.0,49.0,44.0,CLE,2.0,1885.0,49.0,0.0,1:25,1:25,,9.0,0.0,2.0,1.0,"3 CB, 1 DE, 1 DT, 1 FS, 2 ILB, 2 OLB, 1 SS",CB;CB;CB;DE;DT;FS;ILB;ILB;OLB;OLB;SS,11,6,0,,,False,00-0033901;00-0031426;00-0034399;00-0040704;00-0040784;00-0033057;00-0033889;00-0040663;00-0036407;00-0039379;00-0040782,Ethan Pocic;Joel Bitonio;Wyatt Teller;Dillon Gabriel;Quinshon Judkins;Jack Conklin;Cam Robinson;Harold Fannin Jr.;Jerry Jeudy;Jamari Thrash;Isaiah Bond,00-0030062;00-0033055;00-0039167;00-0037274;00-0040678;00-0035625;00-0036323;00-0039741;00-0033886;00-0038577;00-0034277,Darius Slay;Jalen Ramsey;Joey Porter Jr.;Esezi Otomewo;Derrick Harmon;Juan Thornhill;Patrick Queen;Payton Wilson;T.J. Watt;Nick Herbig;DeShon Elliott
2025_06_CLE_PIT,1894,timeout,0.0,,,,2.0,1885.0,,17.0,1:25,1:08,CLE,9.0,0.0,,0.0,,,,,,,,,,,,
2025_06_CLE_PIT,1911,no_play,,44.0,,CLE,2.0,1868.0,44.0,5.0,1:08,1:03,,9.0,0.0,1.0,10.0,"3 CB, 1 DE, 1 DT, 1 FS, 2 ILB, 2 OLB, 1 SS",CB;CB;CB;DE;DT;FS;ILB;ILB;OLB;OLB;SS,11,6,6,MAN_COVERAGE,COVER_1,True,00-0033901;00-0031426;00-0034399;00-0040704;00-0040784;00-0033057;00-0033889;00-0040663;00-0036407;00-0039379;00-0040782,Ethan Pocic;Joel Bitonio;Wyatt Teller;Dillon Gabriel;Quinshon Judkins;Jack Conklin;Cam Robinson;Harold Fannin Jr.;Jerry Jeudy;Jamari Thrash;Isaiah Bond,00-0030062;00-0033055;00-0039167;00-0037274;00-0040678;00-0035625;00-0036323;00-0039741;00-0033886;00-0038577;00-0034277,Darius Slay;Jalen Ramsey;Joey Porter Jr.;Esezi Otomewo;Derrick Harmon;Juan Thornhill;Patrick Queen;Payton Wilson;T.J. Watt;Nick Herbig;DeShon Elliott
2025_06_CLE_PIT,1945,pass,0.0,44.0,44.0,CLE,2.0,1863.0,44.0,3.0,1:03,1:00,,9.0,0.0,1.0,10.0,"3 CB, 2 DT, 1 FS, 2 ILB, 2 OLB, 1 SS",CB;CB;CB;DT;DT;FS;ILB;ILB;OLB;OLB;SS,11,5,4,MAN_COVERAGE,2_MAN,False,00-0033901;00-0031426;00-0034399;00-0040704;00-0037267;00-0033057;00-0033889;00-0033885;00-0040663;00-0040259;00-0040782,Ethan Pocic;Joel Bitonio;Wyatt Teller;Dillon Gabriel;Jerome Ford;Jack Conklin;Cam Robinson;David Njoku;Harold Fannin Jr.;Gage Larvadain;Isaiah Bond,00-0030062;00-0033055;00-0039167;00-0027969;00-0039110;00-0035625;00-0036323;00-0039741;00-0033886;00-0038577;00-0034277,Darius Slay;Jalen Ramsey;Joey Porter Jr.;Cameron Heyward;Keeanu Benton;Juan Thornhill;Patrick Queen;Payton Wilson;T.J. Watt;Nick Herbig;DeShon Elliott
2025_06_CLE_PIT,1968,pass,10.0,44.0,34.0,CLE,2.0,1860.0,44.0,5.0,1:00,0:55,,9.0,0.0,2.0,10.0,"3 CB, 2 DT, 1 FS, 2 ILB, 2 OLB, 1 SS",CB;CB;CB;DT;DT;FS;ILB;ILB;OLB;OLB;SS,11,6,4,MAN_COVERAGE,2_MAN,True,00-0033901;00-0031426;00-0034399;00-0040704;00-0037267;00-0033057;00-0033889;00-0033885;00-0040663;00-0036407;00-0040782,Ethan Pocic;Joel Bitonio;Wyatt Teller;Dillon Gabriel;Jerome Ford;Jack Conklin;Cam Robinson;David Njoku;Harold Fannin Jr.;Jerry Jeudy;Isaiah Bond,00-0030062;00-0033055;00-0039167;00-0027969;00-0039110;00-0035625;00-0036323;00-0039741;00-0033886;00-0038577;00-0034277,Darius Slay;Jalen Ramsey;Joey Porter Jr.;Cameron Heyward;Keeanu Benton;Juan Thornhill;Patrick Queen;Payton Wilson;T.J. Watt;Nick Herbig;DeShon Elliott
2025_06_CLE_PIT,1998,pass,0.0,34.0,34.0,CLE,2.0,1855.0,34.0,4.0,0:55,0:51,,9.0,0.0,1.0,10.0,"3 CB, 2 DT, 1 FS, 2 ILB, 2 OLB, 1 SS",CB;CB;CB;DT;DT;FS;ILB;ILB;OLB;OLB;SS,11,6,5,MAN_COVERAGE,COVER_1,False,00-0033901;00-0031426;00-0034399;00-0040704;00-0037267;00-0033057;00-0033889;00-0033885;00-0040663;00-0036407;00-0040782,Ethan Pocic;Joel Bitonio;Wyatt Teller;Dillon Gabriel;Jerome Ford;Jack Conklin;Cam Robinson;David Njoku;Harold Fannin Jr.;Jerry Jeudy;Isaiah Bond,00-0030062;00-0033055;00-0039167;00-0027969;00-0039110;00-0035625;00-0036323;00-0039741;00-0033886;00-0036333;00-0034277,Darius Slay;Jalen Ramsey;Joey Porter Jr.;Cameron Heyward;Keeanu Benton;Juan Thornhill;Patrick Queen;Payton Wilson;T.J. Watt;Alex Highsmith;DeShon Elliott
2025_06_CLE_PIT,2024,pass,2.0,34.0,32.0,CLE,2.0,1851.0,34.0,6.0,0:51,0:45,,9.0,0.0,2.0,10.0,"3 CB, 2 DT, 1 FS, 2 ILB, 2 OLB, 1 SS",CB;CB;CB;DT;DT;FS;ILB;ILB;OLB;OLB;SS,11,5,4,MAN_COVERAGE,COVER_1,False,00-0033901;00-0031426;00-0034399;00-0040704;00-0037267;00-0033057;00-0033889;00-0033885;00-0040663;00-0036407;00-0040259,Ethan Pocic;Joel Bitonio;Wyatt Teller;Dillon Gabriel;Jerome Ford;Jack Conklin;Cam Robinson;David Njoku;Harold Fannin Jr.;Jerry Jeudy;Gage Larvadain,00-0030062;00-0033055;00-0036504;00-0027969;00-0039110;00-0035625;00-0036323;00-0039741;00-0033886;00-0036333;00-0034277,Darius Slay;Jalen Ramsey;Brandin Echols;Cameron Heyward;Keeanu Benton;Juan Thornhill;Patrick Queen;Payton Wilson;T.J. Watt;Alex Highsmith;DeShon Elliott
2025_06_CLE_PIT,2049,pass,8.0,32.0,24.0,CLE,2.0,1845.0,32.0,0.0,0:45,0:45,,9.0,0.0,3.0,8.0,"3 CB, 2 DT, 1 FS, 2 ILB, 2 OLB, 1 SS",CB;CB;CB;DT;DT;FS;ILB;ILB;OLB;OLB;SS,11,5,4,ZONE_COVERAGE,COVER_3,False,00-0033901;00-0031426;00-0034399;00-0040704;00-0040162;00-0033057;00-0033889;00-0033885;00-0036407;00-0040259;00-0040782,Ethan Pocic;Joel Bitonio;Wyatt Teller;Dillon Gabriel;Dylan Sampson;Jack Conklin;Cam Robinson;David Njoku;Jerry Jeudy;Gage Larvadain;Isaiah Bond,00-0030062;00-0033055;00-0039167;00-0039110;00-0040678;00-0035625;00-0036323;00-0039741;00-0033886;00-0036333;00-0034277,Darius Slay;Jalen Ramsey;Joey Porter Jr.;Keeanu Benton;Derrick Harmon;Juan Thornhill;Patrick Queen;Payton Wilson;T.J. Watt;Alex Highsmith;DeShon Elliott
2025_06_CLE_PIT,2061,timeout,0.0,,,,2.0,1845.0,,7.0,0:45,0:38,PIT,9.0,0.0,,0.0,,,,,,,,,,,,
2025_06_CLE_PIT,2081,pass,5.0,24.0,19.0,CLE,2.0,1838.0,24.0,0.0,0:38,0:38,,9.0,0.0,1.0,10.0,"3 CB, 2 DT, 1 FS, 2 ILB, 2 OLB, 1 SS",CB;CB;CB;DT;DT;FS;ILB;ILB;OLB;OLB;SS,11,6,4,ZONE_COVERAGE,COVER_3,True,00-0033901;00-0031426;00-0034399;00-0040704;00-0040784;00-0033057;00-0033889;00-0033885;00-0040663;00-0036407;00-0040782,Ethan Pocic;Joel Bitonio;Wyatt Teller;Dillon Gabriel;Quinshon Judkins;Jack Conklin;Cam Robinson;David Njoku;Harold Fannin Jr.;Jerry Jeudy;Isaiah Bond,00-0030062;00-0033055;00-0039167;00-0040678;00-0040188;00-0035625;00-0036323;00-0039741;00-0033886;00-0036333;00-0034277,Darius Slay;Jalen Ramsey;Joey Porter Jr.;Derrick Harmon;Yahya Black;Juan Thornhill;Patrick Queen;Payton Wilson;T.J. Watt;Alex Highsmith;DeShon Elliott
2025_06_CLE_PIT,2093,timeout,0.0,,,,2.0,1838.0,,22.0,0:38,0:16,CLE,9.0,0.0,,0.0,,,,,,,,,,,,
2025_06_CLE_PIT,2113,pass,8.0,19.0,11.0,CLE,2.0,1816.0,19.0,5.0,0:16,0:11,,9.0,0.0,2.0,5.0,"3 CB, 2 DT, 1 FS, 2 ILB, 2 OLB, 1 SS",CB;CB;CB;DT;DT;FS;ILB;ILB;OLB;OLB;SS,11,6,6,MAN_COVERAGE,COVER_1,False,00-0033901;00-0031426;00-0034399;00-0040704;00-0040784;00-0033057;00-0033889;00-0033885;00-0040663;00-0036407;00-0040782,Ethan Pocic;Joel Bitonio;Wyatt Teller;Dillon Gabriel;Quinshon Judkins;Jack Conklin;Cam Robinson;David Njoku;Harold Fannin Jr.;Jerry Jeudy;Isaiah Bond,00-0030062;00-0033055;00-0039167;00-0040678;00-0040188;00-0035625;00-0036323;00-0039741;00-0033886;00-0036333;00-0034277,Darius Slay;Jalen Ramsey;Joey Porter Jr.;Derrick Harmon;Yahya Black;Juan Thornhill;Patrick Queen;Payton Wilson;T.J. Watt;Alex Highsmith;DeShon Elliott
2025_06_CLE_PIT,2143,pass,-2.0,11.0,13.0,CLE,2.0,1811.0,11.0,0.0,0:11,0:11,,9.0,0.0,1.0,10.0,"3 CB, 2 DT, 1 FS, 2 ILB, 2 OLB, 1 SS",CB;CB;CB;DT;DT;FS;ILB;ILB;OLB;OLB;SS,11,7,6,ZONE_COVERAGE,COVER_4,False,00-0033901;00-0031426;00-0034399;00-0040704;00-0037267;00-0033057;00-0033889;00-0033885;00-0036407;00-0039379;00-0040782,Ethan Pocic;Joel Bitonio;Wyatt Teller;Dillon Gabriel;Jerome Ford;Jack Conklin;Cam Robinson;David Njoku;Jerry Jeudy;Jamari Thrash;Isaiah Bond,00-0030062;00-0033055;00-0039167;00-0027969;00-0040678;00-0035625;00-0036323;00-0039741;00-0033886;00-0036333;00-0034277,Darius Slay;Jalen Ramsey;Joey Porter Jr.;Cameron Heyward;Derrick Harmon;Juan Thornhill;Patrick Queen;Payton Wilson;T.J. Watt;Alex Highsmith;DeShon Elliott
2025_06_CLE_PIT,2155,timeout,0.0,,,,2.0,1811.0,,4.0,0:11,0:07,PIT,9.0,0.0,,0.0,,,,,,,,,,,,
2025_06_CLE_PIT,2180,pass,0.0,13.0,13.0,CLE,2.0,1807.0,13.0,4.0,0:07,0:03,,9.0,0.0,2.0,12.0,"3 CB, 2 DT, 1 FS, 2 ILB, 2 OLB, 1 SS",CB;CB;CB;DT;DT;FS;ILB;ILB;OLB;OLB;SS,11,4,4,MAN_COVERAGE,2_MAN,False,00-0033901;00-0031426;00-0034399;00-0040704;00-0033057;00-0033889;00-0033885;00-0040663;00-0036407;00-0039379;00-0040782,Ethan Pocic;Joel Bitonio;Wyatt Teller;Dillon Gabriel;Jack Conklin;Cam Robinson;David Njoku;Harold Fannin Jr.;Jerry Jeudy;Jamari Thrash;Isaiah Bond,00-0030062;00-0033055;00-0039167;00-0027969;00-0040678;00-0035625;00-0036323;00-0039741;00-0033886;00-0036333;00-0034277,Darius Slay;Jalen Ramsey;Joey Porter Jr.;Cameron Heyward;Derrick Harmon;Juan Thornhill;Patrick Queen;Payton Wilson;T.J. Watt;Alex Highsmith;DeShon Elliott
2025_06_CLE_PIT,2203,field_goal,0.0,13.0,13.0,CLE,2.0,1803.0,13.0,3.0,0:03,0:00,,9.0,3.0,3.0,12.0,"2 CB, 2 DT, 1 FS, 2 ILB, 2 OLB, 1 TE, 1 WR",CB;CB;DT;DT;FS;ILB;ILB;OLB;OLB;TE;WR,11,0,0,,,False,00-0038609;00-0031426;00-0034399;00-0036953;00-0038428;00-0036443;00-0034721;00-0033057;00-0033889;00-0039755;00-0038710,Luke Wypler;Joel Bitonio;Wyatt Teller;Teven Jenkins;Andre Szmyt;Rex Sunahara;Corey Bojorquez;Jack Conklin;Cam Robinson;KT Leveston;Blake Whiteheart,00-0033055;00-0039167;00-0027969;00-0040188;00-0035625;00-0036323;00-0039741;00-0038577;00-0040160;00-0038558;00-0036862,Jalen Ramsey;Joey Porter Jr.;Cameron Heyward;Yahya Black;Juan Thornhill;Patrick Queen;Payton Wilson;Nick Herbig;Jack Sawyer;Darnell Washington;Ben Skowronek
2025_06_CLE_PIT,2223,start_quarter_3,,,,,2.0,1800.0,,0.0,0:00,0:00,,9.0,3.0,,0.0,,,,,,,,,,,,
2025_06_CLE_PIT,2241,kickoff,0.0,35.0,35.0,CLE,3.0,1800.0,35.0,4.0,15:00,14:56,,9.0,3.0,,0.0,"2 CB, 1 FS, 2 ILB, 1 K, 1 OLB, 1 RB, 1 SS, 1 TE, 1 WR",CB;CB;FS;ILB;ILB;K;OLB;RB;SS;TE;WR,11,0,0,,,False,00-0039417;00-0036967;00-0033512;00-0040261;00-0034797;00-0037267;00-0040162;00-0033941;00-0040263;00-0038710;00-0040663,Myles Harden;Joe Tryon-Shoyinka;Damontae Kazee;Easton Mascarenas-Arnold;Jerome Baker;Jerome Ford;Dylan Sampson;Rayshawn Jenkins;Donovan McMillon;Blake Whiteheart;Harold Fannin Jr.,00-0035795;00-0036504;00-0035625;00-0039741;00-0040231;00-0031136;00-0040160;00-0036919;00-0033883;00-0037304;00-0036862,James Pierre;Brandin Echols;Juan Thornhill;Payton Wilson;Carson Bruener;Chris Boswell;Jack Sawyer;Kenneth Gainwell;Jalen Ramsey;Connor Heyward;Ben Skowronek
2025_06_CLE_PIT,2264,run,5.0,78.0,73.0,CLE,3.0,1796.0,78.0,40.0,14:56,14:16,,9.0,3.0,1.0,10.0,"3 CB, 3 DT, 2 ILB, 2 OLB, 1 SS",CB;CB;CB;DT;DT;DT;ILB;ILB;OLB;OLB;SS,11,7,0,,,False,00-0033901;00-0031426;00-0034399;00-0040704;00-0040784;00-0033057;00-0033889;00-0039755;00-0038710;00-0040663;00-0036407,Ethan Pocic;Joel Bitonio;Wyatt Teller;Dillon Gabriel;Quinshon Judkins;Jack Conklin;Cam Robinson;KT Leveston;Blake Whiteheart;Harold Fannin Jr.;Jerry Jeudy,00-0030062;00-0033055;00-0039167;00-0027969;00-0039110;00-0040678;00-0035286;00-0036323;00-0033886;00-0036333;00-0034277,Darius Slay;Jalen Ramsey;Joey Porter Jr.;Cameron Heyward;Keeanu Benton;Derrick Harmon;Cole Holcomb;Patrick Queen;T.J. Watt;Alex Highsmith;DeShon Elliott
2025_06_CLE_PIT,2288,no_play,0.0,73.0,73.0,CLE,3.0,1756.0,73.0,4.0,14:16,14:12,,9.0,3.0,2.0,5.0,"2 CB, 2 DT, 1 FS, 2 ILB, 2 OLB, 2 SS",CB;CB;DT;DT;FS;ILB;ILB;OLB;OLB;SS;SS,11,6,4,ZONE_COVERAGE,COVER_6,True,00-0033901;00-0031426;00-0034399;00-0040704;00-0040162;00-0033057;00-0033889;00-0033885;00-0040663;00-0036407;00-0039379,Ethan Pocic;Joel Bitonio;Wyatt Teller;Dillon Gabriel;Dylan Sampson;Jack Conklin;Cam Robinson;David Njoku;Harold Fannin Jr.;Jerry Jeudy;Jamari Thrash,00-0030062;00-0039167;00-0027969;00-0039110;00-0035625;00-0036323;00-0039741;00-0033886;00-0036333;00-0033883;00-0034277,Darius Slay;Joey Porter Jr.;Cameron Heyward;Keeanu Benton;Juan Thornhill;Patrick Queen;Payton Wilson;T.J. Watt;Alex Highsmith;Jalen Ramsey;DeShon Elliott
2025_06_CLE_PIT,2350,no_play,0.0,69.0,69.0,CLE,3.0,1752.0,69.0,0.0,14:12,14:12,,9.0,3.0,2.0,1.0,"3 CB, 3 DT, 2 ILB, 2 OLB, 1 SS",CB;CB;CB;DT;DT;DT;ILB;ILB;OLB;OLB;SS,11,0,0,,,False,00-0033901;00-0031426;00-0034399;00-0040704;00-0040784;00-0033057;00-0033889;00-0039755;00-0038710;00-0040663;00-0036407,Ethan Pocic;Joel Bitonio;Wyatt Teller;Dillon Gabriel;Quinshon Judkins;Jack Conklin;Cam Robinson;KT Leveston;Blake Whiteheart;Harold Fannin Jr.;Jerry Jeudy,00-0030062;00-0033055;00-0039167;00-0027969;00-0039110;00-0040678;00-0035286;00-0036323;00-0033886;00-0036333;00-0034277,Darius Slay;Jalen Ramsey;Joey Porter Jr.;Cameron Heyward;Keeanu Benton;Derrick Harmon;Cole Holcomb;Patrick Queen;T.J. Watt;Alex Highsmith;DeShon Elliott
2025_06_CLE_PIT,2376,pass,0.0,73.0,73.0,CLE,3.0,1752.0,73.0,6.0,14:12,14:06,,9.0,3.0,2.0,5.0,"3 CB, 3 DT, 2 ILB, 2 OLB, 1 SS",CB;CB;CB;DT;DT;DT;ILB;ILB;OLB;OLB;SS,11,6,4,MAN_COVERAGE,2_MAN,False,00-0033901;00-0031426;00-0034399;00-0040704;00-0040784;00-0033057;00-0033889;00-0033885;00-0040663;00-0036407;00-0040782,Ethan Pocic;Joel Bitonio;Wyatt Teller;Dillon Gabriel;Quinshon Judkins;Jack Conklin;Cam Robinson;David Njoku;Harold Fannin Jr.;Jerry Jeudy;Isaiah Bond,00-0030062;00-0033055;00-0039167;00-0027969;00-0039110;00-0040678;00-0035286;00-0036323;00-0033886;00-0036333;00-0034277,Darius Slay;Jalen Ramsey;Joey Porter Jr.;Cameron Heyward;Keeanu Benton;Derrick Harmon;Cole Holcomb;Patrick Queen;T.J. Watt;Alex Highsmith;DeShon Elliott
2025_06_CLE_PIT,2399,pass,0.0,73.0,73.0,CLE,3.0,1746.0,73.0,4.0,14:06,14:02,,9.0,3.0,3.0,5.0,"3 CB, 1 DT, 1 FS, 2 ILB, 3 OLB, 1 SS",CB;CB;CB;DT;FS;ILB;ILB;OLB;OLB;OLB;SS,11,7,4,ZONE_COVERAGE,COVER_3,False,00-0033901;00-0031426;00-0034399;00-0040704;00-0037267;00-0033057;00-0033889;00-0033885;00-0040663;00-0036407;00-0040782,Ethan Pocic;Joel Bitonio;Wyatt Teller;Dillon Gabriel;Jerome Ford;Jack Conklin;Cam Robinson;David Njoku;Harold Fannin Jr.;Jerry Jeudy;Isaiah Bond,00-0030062;00-0033055;00-0039167;00-0027969;00-0035625;00-0036323;00-0039741;00-0033886;00-0036333;00-0038577;00-0034277,Darius Slay;Jalen Ramsey;Joey Porter Jr.;Cameron Heyward;Juan Thornhill;Patrick Queen;Payton Wilson;T.J. Watt;Alex Highsmith;Nick Herbig;DeShon Elliott
2025_06_CLE_PIT,2422,punt,0.0,73.0,73.0,CLE,3.0,1742.0,73.0,14.0,14:02,13:48,,9.0,3.0,4.0,5.0,"2 CB, 1 FS, 2 ILB, 1 OLB, 1 SS, 1 TE, 3 WR",CB;CB;FS;ILB;ILB;OLB;SS;TE;WR;WR;WR,11,0,0,,,False,00-0037593;00-0036443;00-0035525;00-0040261;00-0034797;00-0038711;00-0034721;00-0033941;00-0036282;00-0040263;00-0038710,Tre Avery;Rex Sunahara;Devin Bush;Easton Mascarenas-Arnold;Jerome Baker;Mohamoud Diabate;Corey Bojorquez;Rayshawn Jenkins;Grant Delpit;Donovan McMillon;Blake Whiteheart,00-0035795;00-0036504;00-0035625;00-0039741;00-0040231;00-0040160;00-0033883;00-0037304;00-0035298;00-0036862;00-0040534,James Pierre;Brandin Echols;Juan Thornhill;Payton Wilson;Carson Bruener;Jack Sawyer;Jalen Ramsey;Connor Heyward;Scott Miller;Ben Skowronek;Ke'Shawn Williams
2025_06_CLE_PIT,2448,no_play,0.0,79.0,79.0,PIT,3.0,1728.0,79.0,24.0,13:48,13:24,,9.0,3.0,1.0,10.0,"2 CB, 2 DE, 2 DT, 1 FS, 2 MLB, 1 OLB, 1 SS",CB;CB;DE;DE;DT;DT;FS;MLB;MLB;OLB;SS,11,7,0,,,False,00-0039896;00-0032954;00-0038645;00-0039358;00-0023459;00-0037228;00-0039109;00-0039871;00-0033858;00-0038558;00-0035640,Zach Frazier;Isaac Seumalo;Spencer Anderson;Mason McCormick;Aaron Rodgers;Jaylen Warren;Broderick Jones;Troy Fautanu;Jonnu Smith;Darnell Washington;DK Metcalf,00-0034856;00-0036974;00-0033868;00-0037251;00-0033131;00-0040685;00-0038715;00-0035525;00-0040579;00-0038711;00-0036282,Denzel Ward;Tyson Campbell;Myles Garrett;Alex Wright;Maliek Collins;Mason Graham;Ronnie Hickman Jr.;Devin Bush;Carson Schwesinger;Mohamoud Diabate;Grant Delpit
2025_06_CLE_PIT,2490,pass,5.0,89.0,84.0,PIT,3.0,1704.0,89.0,40.0,13:24,12:44,,9.0,3.0,1.0,20.0,"3 CB, 2 DE, 2 DT, 1 FS, 2 MLB, 1 SS",CB;CB;CB;DE;DE;DT;DT;FS;MLB;MLB;SS,11,6,4,ZONE_COVERAGE,COVER_2,False,00-0039896;00-0032954;00-0039358;00-0023459;00-0036919;00-0039109;00-0039871;00-0036894;00-0035640;00-0035298;00-0039739,Zach Frazier;Isaac Seumalo;Mason McCormick;Aaron Rodgers;Kenneth Gainwell;Broderick Jones;Troy Fautanu;Pat Freiermuth;DK Metcalf;Scott Miller;Roman Wilson,00-0034856;00-0036974;00-0039417;00-0033868;00-0037251;00-0033131;00-0040685;00-0038715;00-0035525;00-0040579;00-0036282,Denzel Ward;Tyson Campbell;Myles Harden;Myles Garrett;Alex Wright;Maliek Collins;Mason Graham;Ronnie Hickman Jr.;Devin Bush;Carson Schwesinger;Grant Delpit
2025_06_CLE_PIT,2515,pass,11.0,84.0,73.0,PIT,3.0,1664.0,84.0,40.0,12:44,12:04,,9.0,3.0,2.0,15.0,"2 CB, 2 DE, 2 DT, 1 FS, 2 MLB, 1 OLB, 1 SS",CB;CB;DE;DE;DT;DT;FS;MLB;MLB;OLB;SS,11,6,4,MAN_COVERAGE,2_MAN,False,00-0039896;00-0032954;00-0039358;00-0023459;00-0036919;00-0039109;00-0039871;00-0033858;00-0036894;00-0038558;00-0035640,Zach Frazier;Isaac Seumalo;Mason McCormick;Aaron Rodgers;Kenneth Gainwell;Broderick Jones;Troy Fautanu;Jonnu Smith;Pat Freiermuth;Darnell Washington;DK Metcalf,00-0034856;00-0036974;00-0033868;00-0037251;00-0033131;00-0040685;00-0038715;00-0035525;00-0040579;00-0038711;00-0036282,Denzel Ward;Tyson Campbell;Myles Garrett;Alex Wright;Maliek Collins;Mason Graham;Ronnie Hickman Jr.;Devin Bush;Carson Schwesinger;Mohamoud Diabate;Grant Delpit
2025_06_CLE_PIT,2545,pass,0.0,73.0,73.0,PIT,3.0,1624.0,73.0,5.0,12:04,11:59,,9.0,3.0,3.0,4.0,"3 CB, 2 DE, 2 DT, 1 FS, 2 MLB, 1 SS",CB;CB;CB;DE;DE;DT;DT;FS;MLB;MLB;SS,11,6,4,MAN_COVERAGE,COVER_1,False,00-0039896;00-0032954;00-0039358;00-0023459;00-0036919;00-0039109;00-0039871;00-0033858;00-0036894;00-0035640;00-0035298,Zach Frazier;Isaac Seumalo;Mason McCormick;Aaron Rodgers;Kenneth Gainwell;Broderick Jones;Troy Fautanu;Jonnu Smith;Pat Freiermuth;DK Metcalf;Scott Miller,00-0034856;00-0036974;00-0039417;00-0033868;00-0037251;00-0033131;00-0040685;00-0038715;00-0035525;00-0040579;00-0036282,Denzel Ward;Tyson Campbell;Myles Harden;Myles Garrett;Alex Wright;Maliek Collins;Mason Graham;Ronnie Hickman Jr.;Devin Bush;Carson Schwesinger;Grant Delpit
2025_06_CLE_PIT,2568,no_play,0.0,73.0,73.0,PIT,3.0,1619.0,73.0,12.0,11:59,11:47,,9.0,3.0,4.0,4.0,"3 CB, 1 DE, 1 DT, 1 FS, 1 MLB, 2 OLB, 1 SS, 1 WR",CB;CB;CB;DE;DT;FS;MLB;OLB;OLB;SS;WR,11,0,0,,,False,00-0035795;00-0035286;00-0039741;00-0040231;00-0034051;00-0038577;00-0040160;00-0035821;00-0036919;00-0037304;00-0036862,James Pierre;Cole Holcomb;Payton Wilson;Carson Bruener;Christian Kuntz;Nick Herbig;Jack Sawyer;Corliss Waitman;Kenneth Gainwell;Connor Heyward;Ben Skowronek,00-0037593;00-0039417;00-0040258;00-0037815;00-0040255;00-0033512;00-0040261;00-0034797;00-0038711;00-0040263;00-0040259,Tre Avery;Myles Harden;Dom Jones;Cameron Thomas;Adin Huntington;Damontae Kazee;Easton Mascarenas-Arnold;Jerome Baker;Mohamoud Diabate;Donovan McMillon;Gage Larvadain
2025_06_CLE_PIT,2605,run,10.0,68.0,58.0,PIT,3.0,1607.0,68.0,47.0,11:47,11:00,,9.0,3.0,1.0,10.0,"2 CB, 2 DE, 2 DT, 1 FS, 2 MLB, 1 OLB, 1 SS",CB;CB;DE;DE;DT;DT;FS;MLB;MLB;OLB;SS,11,7,0,,,False,00-0039896;00-0032954;00-0038645;00-0039358;00-0023459;00-0037228;00-0039109;00-0039871;00-0033858;00-0038558;00-0035640,Zach Frazier;Isaac Seumalo;Spencer Anderson;Mason McCormick;Aaron Rodgers;Jaylen Warren;Broderick Jones;Troy Fautanu;Jonnu Smith;Darnell Washington;DK Metcalf,00-0034856;00-0036974;00-0037815;00-0038574;00-0031270;00-0040255;00-0038715;00-0035525;00-0040579;00-0038711;00-0036282,Denzel Ward;Tyson Campbell;Cameron Thomas;Isaiah McGuire;Shelby Harris;Adin Huntington;Ronnie Hickman Jr.;Devin Bush;Carson Schwesinger;Mohamoud Diabate;Grant Delpit
2025_06_CLE_PIT,2629,run,11.0,58.0,47.0,PIT,3.0,1560.0,58.0,43.0,11:00,10:17,,9.0,3.0,1.0,10.0,"2 CB, 2 DE, 2 DT, 1 FS, 2 MLB, 1 OLB, 1 SS",CB;CB;DE;DE;DT;DT;FS;MLB;MLB;OLB;SS,11,7,0,,,False,00-0039896;00-0032954;00-0038645;00-0039358;00-0023459;00-0037228;00-0039109;00-0039871;00-0038558;00-0035640;00-0035298,Zach Frazier;Isaac Seumalo;Spencer Anderson;Mason McCormick;Aaron Rodgers;Jaylen Warren;Broderick Jones;Troy Fautanu;Darnell Washington;DK Metcalf;Scott Miller,00-0034856;00-0036974;00-0037815;00-0038574;00-0031270;00-0040255;00-0038715;00-0035525;00-0040579;00-0038711;00-0036282,Denzel Ward;Tyson Campbell;Cameron Thomas;Isaiah McGuire;Shelby Harris;Adin Huntington;Ronnie Hickman Jr.;Devin Bush;Carson Schwesinger;Mohamoud Diabate;Grant Delpit
2025_06_CLE_PIT,2653,pass,0.0,47.0,47.0,PIT,3.0,1517.0,47.0,9.0,10:17,10:08,,9.0,3.0,1.0,10.0,"2 CB, 2 DE, 2 DT, 1 FS, 2 MLB, 1 OLB, 1 SS",CB;CB;DE;DE;DT;DT;FS;MLB;MLB;OLB;SS,11,7,5,ZONE_COVERAGE,COVER_3,False,00-0039896;00-0032954;00-0039358;00-0023459;00-0037228;00-0039109;00-0039871;00-0033858;00-0036894;00-0038558;00-0035640,Zach Frazier;Isaac Seumalo;Mason McCormick;Aaron Rodgers;Jaylen Warren;Broderick Jones;Troy Fautanu;Jonnu Smith;Pat Freiermuth;Darnell Washington;DK Metcalf,00-0034856;00-0036974;00-0037815;00-0038574;00-0031270;00-0040255;00-0038715;00-0035525;00-0040579;00-0038711;00-0036282,Denzel Ward;Tyson Campbell;Cameron Thomas;Isaiah McGuire;Shelby Harris;Adin Huntington;Ronnie Hickman Jr.;Devin Bush;Carson Schwesinger;Mohamoud Diabate;Grant Delpit
2025_06_CLE_PIT,2681,pass,25.0,47.0,22.0,PIT,3.0,1508.0,47.0,48.0,10:08,9:20,,9.0,3.0,2.0,10.0,"2 CB, 2 DE, 2 DT, 1 FS, 2 MLB, 1 SS",CB;CB;DE;DE;DT;DT;FS;MLB;MLB;SS,10,6,4,ZONE_COVERAGE,COVER_3,False,00-0039896;00-0032954;00-0039358;00-0023459;00-0036919;00-0037228;00-0039109;00-0039871;00-0033858;00-0035640;00-0035298,Zach Frazier;Isaac Seumalo;Mason McCormick;Aaron Rodgers;Kenneth Gainwell;Jaylen Warren;Broderick Jones;Troy Fautanu;Jonnu Smith;DK Metcalf;Scott Miller,00-0034856;00-0040258;00-0033868;00-0037251;00-0033131;00-0040685;00-0038715;00-0035525;00-0040579;00-0033941,Denzel Ward;Dom Jones;Myles Garrett;Alex Wright;Maliek Collins;Mason Graham;Ronnie Hickman Jr.;Devin Bush;Carson Schwesinger;Rayshawn Jenkins
2025_06_CLE_PIT,2706,run,10.0,22.0,12.0,PIT,3.0,1460.0,22.0,45.0,9:20,8:35,,9.0,3.0,1.0,10.0,"2 CB, 2 DE, 2 DT, 1 FS, 2 MLB, 1 OLB, 1 SS",CB;CB;DE;DE;DT;DT;FS;MLB;MLB;OLB;SS,11,7,0,,,False,00-0039896;00-0032954;00-0039358;00-0023459;00-0036919;00-0037228;00-0039109;00-0039871;00-0033858;00-0038558;00-0035640,Zach Frazier;Isaac Seumalo;Mason McCormick;Aaron Rodgers;Kenneth Gainwell;Jaylen Warren;Broderick Jones;Troy Fautanu;Jonnu Smith;Darnell Washington;DK Metcalf,00-0034856;00-0040258;00-0033868;00-0037251;00-0033131;00-0040685;00-0038715;00-0035525;00-0040579;00-0038711;00-0036282,Denzel Ward;Dom Jones;Myles Garrett;Alex Wright;Maliek Collins;Mason Graham;Ronnie Hickman Jr.;Devin Bush;Carson Schwesinger;Mohamoud Diabate;Grant Delpit
2025_06_CLE_PIT,2728,run,0.0,12.0,12.0,PIT,3.0,1415.0,12.0,41.0,8:35,7:54,,9.0,3.0,1.0,10.0,"3 CB, 2 DE, 2 DT, 1 FS, 2 MLB, 1 SS",CB;CB;CB;DE;DE;DT;DT;FS;MLB;MLB;SS,11,6,0,,,False,00-0039896;00-0032954;00-0039358;00-0023459;00-0037228;00-0039109;00-0039871;00-0038558;00-0035640;00-0035298;00-0036862,Zach Frazier;Isaac Seumalo;Mason McCormick;Aaron Rodgers;Jaylen Warren;Broderick Jones;Troy Fautanu;Darnell Washington;DK Metcalf;Scott Miller;Ben Skowronek,00-0034856;00-0036974;00-0039417;00-0033868;00-0037251;00-0031270;00-0033131;00-0038715;00-0035525;00-0040579;00-0036282,Denzel Ward;Tyson Campbell;Myles Harden;Myles Garrett;Alex Wright;Shelby Harris;Maliek Collins;Ronnie Hickman Jr.;Devin Bush;Carson Schwesinger;Grant Delpit
2025_06_CLE_PIT,2750,pass,12.0,12.0,0.0,PIT,3.0,1374.0,12.0,8.0,7:54,7:46,,15.0,3.0,2.0,10.0,"2 CB, 2 DE, 2 DT, 1 FS, 2 MLB, 1 OLB, 1 SS",CB;CB;DE;DE;DT;DT;FS;MLB;MLB;OLB;SS,11,7,4,ZONE_COVERAGE,COVER_2,False,00-0039896;00-0032954;00-0039358;00-0023459;00-0037228;00-0039109;00-0039871;00-0037304;00-0038558;00-0035640;00-0035298,Zach Frazier;Isaac Seumalo;Mason McCormick;Aaron Rodgers;Jaylen Warren;Broderick Jones;Troy Fautanu;Connor Heyward;Darnell Washington;DK Metcalf;Scott Miller,00-0034856;00-0036974;00-0033868;00-0037251;00-0031270;00-0033131;00-0038715;00-0035525;00-0040579;00-0038711;00-0036282,Denzel Ward;Tyson Campbell;Myles Garrett;Alex Wright;Shelby Harris;Maliek Collins;Ronnie Hickman Jr.;Devin Bush;Carson Schwesinger;Mohamoud Diabate;Grant Delpit
2025_06_CLE_PIT,2776,extra_point,0.0,15.0,15.0,PIT,3.0,1366.0,15.0,0.0,7:46,7:46,,16.0,3.0,,0.0,"2 CB, 3 DE, 3 DT, 1 FS, 2 MLB",CB;CB;DE;DE;DE;DT;DT;DT;FS;MLB;MLB,11,0,0,,,False,00-0036783;00-0027969;00-0040678;00-0040188;00-0038645;00-0039358;00-0031136;00-0034051;00-0035821;00-0034957;00-0038558,Ryan McCollum;Cameron Heyward;Derrick Harmon;Yahya Black;Spencer Anderson;Mason McCormick;Chris Boswell;Christian Kuntz;Corliss Waitman;Calvin Anderson;Darnell Washington,00-0034856;00-0039417;00-0033868;00-0037251;00-0037815;00-0031270;00-0033131;00-0040685;00-0038715;00-0035525;00-0040579,Denzel Ward;Myles Harden;Myles Garrett;Alex Wright;Cameron Thomas;Shelby Harris;Maliek Collins;Mason Graham;Ronnie Hickman Jr.;Devin Bush;Carson Schwesinger
2025_06_CLE_PIT,2791,kickoff,0.0,35.0,35.0,CLE,3.0,1366.0,35.0,6.0,7:46,7:40,,16.0,3.0,,0.0,"2 CB, 1 FS, 2 ILB, 1 K, 1 OLB, 1 RB, 1 SS, 1 TE, 1 WR",CB;CB;FS;ILB;ILB;K;OLB;RB;SS;TE;WR,11,0,0,,,False,00-0039417;00-0033512;00-0040261;00-0034797;00-0038711;00-0037267;00-0040162;00-0033941;00-0040263;00-0038710;00-0040663,Myles Harden;Damontae Kazee;Easton Mascarenas-Arnold;Jerome Baker;Mohamoud Diabate;Jerome Ford;Dylan Sampson;Rayshawn Jenkins;Donovan McMillon;Blake Whiteheart;Harold Fannin Jr.,00-0035795;00-0036504;00-0035625;00-0039741;00-0040231;00-0031136;00-0040160;00-0036919;00-0033883;00-0037304;00-0036862,James Pierre;Brandin Echols;Juan Thornhill;Payton Wilson;Carson Bruener;Chris Boswell;Jack Sawyer;Kenneth Gainwell;Jalen Ramsey;Connor Heyward;Ben Skowronek
2025_06_CLE_PIT,2821,run,3.0,69.0,66.0,CLE,3.0,1360.0,69.0,35.0,7:40,7:05,,16.0,3.0,1.0,10.0,"2 CB, 3 DT, 1 FS, 2 ILB, 2 OLB, 1 SS",CB;CB;DT;DT;DT;FS;ILB;ILB;OLB;OLB;SS,11,7,0,,,False,00-0033901;00-0031426;00-0034399;00-0040704;00-0040784;00-0033889;00-0039755;00-0033885;00-0040663;00-0036407;00-0040782,Ethan Pocic;Joel Bitonio;Wyatt Teller;Dillon Gabriel;Quinshon Judkins;Cam Robinson;KT Leveston;David Njoku;Harold Fannin Jr.;Jerry Jeudy;Isaiah Bond,00-0030062;00-0039167;00-0027969;00-0039110;00-0040678;00-0035625;00-0035286;00-0036323;00-0038577;00-0040160;00-0034277,Darius Slay;Joey Porter Jr.;Cameron Heyward;Keeanu Benton;Derrick Harmon;Juan Thornhill;Cole Holcomb;Patrick Queen;Nick Herbig;Jack Sawyer;DeShon Elliott
2025_06_CLE_PIT,2843,pass,6.0,66.0,60.0,CLE,3.0,1325.0,66.0,0.0,7:05,7:05,,16.0,3.0,2.0,7.0,"3 CB, 2 DT, 1 FS, 2 ILB, 2 OLB, 1 SS",CB;CB;CB;DT;DT;FS;ILB;ILB;OLB;OLB;SS,11,6,4,ZONE_COVERAGE,COVER_9,False,00-0033901;00-0031426;00-0034399;00-0040704;00-0040162;00-0033889;00-0039755;00-0033885;00-0040663;00-0036407;00-0040782,Ethan Pocic;Joel Bitonio;Wyatt Teller;Dillon Gabriel;Dylan Sampson;Cam Robinson;KT Leveston;David Njoku;Harold Fannin Jr.;Jerry Jeudy;Isaiah Bond,00-0030062;00-0036504;00-0039167;00-0039110;00-0040678;00-0035625;00-0036323;00-0039741;00-0038577;00-0040160;00-0034277,Darius Slay;Brandin Echols;Joey Porter Jr.;Keeanu Benton;Derrick Harmon;Juan Thornhill;Patrick Queen;Payton Wilson;Nick Herbig;Jack Sawyer;DeShon Elliott
2025_06_CLE_PIT,2855,timeout,0.0,,,,3.0,1325.0,,31.0,7:05,6:34,PIT,16.0,3.0,,0.0,,,,,,,,,,,,
2025_06_CLE_PIT,2883,pass,7.0,60.0,53.0,CLE,3.0,1294.0,60.0,40.0,6:34,5:54,,16.0,3.0,3.0,1.0,"2 CB, 3 DT, 1 FS, 2 ILB, 2 OLB, 1 SS",CB;CB;DT;DT;DT;FS;ILB;ILB;OLB;OLB;SS,11,7,5,MAN_COVERAGE,COVER_1,False,00-0033901;00-0031426;00-0034399;00-0040704;00-0040784;00-0033889;00-0039755;00-0038710;00-0040663;00-0036407;00-0040782,Ethan Pocic;Joel Bitonio;Wyatt Teller;Dillon Gabriel;Quinshon Judkins;Cam Robinson;KT Leveston;Blake Whiteheart;Harold Fannin Jr.;Jerry Jeudy;Isaiah Bond,00-0030062;00-0039167;00-0027969;00-0039110;00-0040678;00-0035625;00-0035286;00-0036323;00-0038577;00-0040160;00-0034277,Darius Slay;Joey Porter Jr.;Cameron Heyward;Keeanu Benton;Derrick Harmon;Juan Thornhill;Cole Holcomb;Patrick Queen;Nick Herbig;Jack Sawyer;DeShon Elliott
2025_06_CLE_PIT,2913,pass,0.0,53.0,53.0,CLE,3.0,1254.0,53.0,6.0,5:54,5:48,,16.0,3.0,1.0,10.0,"2 CB, 3 DT, 1 FS, 2 ILB, 2 OLB, 1 SS",CB;CB;DT;DT;DT;FS;ILB;ILB;OLB;OLB;SS,11,7,4,ZONE_COVERAGE,COVER_4,False,00-0033901;00-0038609;00-0031426;00-0034399;00-0040704;00-0040784;00-0033889;00-0039755;00-0040663;00-0036407;00-0040782,Ethan Pocic;Luke Wypler;Joel Bitonio;Wyatt Teller;Dillon Gabriel;Quinshon Judkins;Cam Robinson;KT Leveston;Harold Fannin Jr.;Jerry Jeudy;Isaiah Bond,00-0030062;00-0039167;00-0027969;00-0039110;00-0040678;00-0035625;00-0035286;00-0036323;00-0038577;00-0040160;00-0034277,Darius Slay;Joey Porter Jr.;Cameron Heyward;Keeanu Benton;Derrick Harmon;Juan Thornhill;Cole Holcomb;Patrick Queen;Nick Herbig;Jack Sawyer;DeShon Elliott
2025_06_CLE_PIT,2938,pass,18.0,53.0,35.0,CLE,3.0,1248.0,53.0,40.0,5:48,5:08,,16.0,3.0,2.0,10.0,"3 CB, 2 DT, 1 FS, 2 ILB, 2 OLB, 1 SS",CB;CB;CB;DT;DT;FS;ILB;ILB;OLB;OLB;SS,11,6,4,MAN_COVERAGE,2_MAN,False,00-0033901;00-0031426;00-0034399;00-0040704;00-0040784;00-0033889;00-0039755;00-0033885;00-0040663;00-0036407;00-0040782,Ethan Pocic;Joel Bitonio;Wyatt Teller;Dillon Gabriel;Quinshon Judkins;Cam Robinson;KT Leveston;David Njoku;Harold Fannin Jr.;Jerry Jeudy;Isaiah Bond,00-0030062;00-0036504;00-0039167;00-0039110;00-0040678;00-0035625;00-0035286;00-0036323;00-0038577;00-0040160;00-0034277,Darius Slay;Brandin Echols;Joey Porter Jr.;Keeanu Benton;Derrick Harmon;Juan Thornhill;Cole Holcomb;Patrick Queen;Nick Herbig;Jack Sawyer;DeShon Elliott
2025_06_CLE_PIT,2991,pass,0.0,35.0,35.0,CLE,3.0,1208.0,35.0,44.0,5:08,4:24,,16.0,3.0,1.0,10.0,"2 CB, 2 DT, 1 FS, 2 ILB, 2 OLB, 2 SS",CB;CB;DT;DT;FS;ILB;ILB;OLB;OLB;SS;SS,11,7,5,ZONE_COVERAGE,COVER_3,False,00-0033901;00-0031426;00-0034399;00-0040704;00-0040784;00-0033889;00-0039755;00-0033885;00-0038710;00-0040663;00-0040782,Ethan Pocic;Joel Bitonio;Wyatt Teller;Dillon Gabriel;Quinshon Judkins;Cam Robinson;KT Leveston;David Njoku;Blake Whiteheart;Harold Fannin Jr.;Isaiah Bond,00-0033055;00-0039167;00-0034251;00-0040678;00-0035625;00-0035286;00-0036323;00-0038577;00-0040160;00-0033883;00-0034277,Jalen Ramsey;Joey Porter Jr.;Daniel Ekuale;Derrick Harmon;Juan Thornhill;Cole Holcomb;Patrick Queen;Nick Herbig;Jack Sawyer;Jalen Ramsey;DeShon Elliott
2025_06_CLE_PIT,3022,pass,0.0,35.0,35.0,CLE,3.0,1164.0,35.0,7.0,4:24,4:17,,16.0,3.0,2.0,10.0,"3 CB, 2 DT, 1 FS, 2 ILB, 2 OLB, 1 SS",CB;CB;CB;DT;DT;FS;ILB;ILB;OLB;OLB;SS,11,7,4,MAN_COVERAGE,COVER_1,True,00-0033901;00-0031426;00-0034399;00-0040704;00-0040784;00-0033889;00-0039755;00-0033885;00-0040663;00-0036407;00-0040782,Ethan Pocic;Joel Bitonio;Wyatt Teller;Dillon Gabriel;Quinshon Judkins;Cam Robinson;KT Leveston;David Njoku;Harold Fannin Jr.;Jerry Jeudy;Isaiah Bond,00-0033055;00-0036504;00-0039167;00-0034251;00-0040678;00-0035625;00-0036323;00-0039741;00-0033886;00-0036333;00-0034277,Jalen Ramsey;Brandin Echols;Joey Porter Jr.;Daniel Ekuale;Derrick Harmon;Juan Thornhill;Patrick Queen;Payton Wilson;T.J. Watt;Alex Highsmith;DeShon Elliott
2025_06_CLE_PIT,3045,pass,0.0,35.0,35.0,CLE,3.0,1157.0,35.0,4.0,4:17,4:13,,16.0,3.0,3.0,10.0,"3 CB, 1 DT, 1 FS, 2 ILB, 3 OLB, 1 SS",CB;CB;CB;DT;FS;ILB;ILB;OLB;OLB;OLB;SS,11,5,4,ZONE_COVERAGE,COVER_3,False,00-0033901;00-0031426;00-0034399;00-0040704;00-0037267;00-0033889;00-0039755;00-0033885;00-0036407;00-0040259;00-0040782,Ethan Pocic;Joel Bitonio;Wyatt Teller;Dillon Gabriel;Jerome Ford;Cam Robinson;KT Leveston;David Njoku;Jerry Jeudy;Gage Larvadain;Isaiah Bond,00-0033055;00-0036504;00-0039167;00-0027969;00-0035625;00-0036323;00-0039741;00-0033886;00-0036333;00-0038577;00-0034277,Jalen Ramsey;Brandin Echols;Joey Porter Jr.;Cameron Heyward;Juan Thornhill;Patrick Queen;Payton Wilson;T.J. Watt;Alex Highsmith;Nick Herbig;DeShon Elliott
2025_06_CLE_PIT,3080,field_goal,0.0,35.0,35.0,CLE,3.0,1153.0,35.0,5.0,4:13,4:08,,16.0,6.0,4.0,10.0,"2 CB, 2 DT, 1 FS, 2 ILB, 2 OLB, 1 TE, 1 WR",CB;CB;DT;DT;FS;ILB;ILB;OLB;OLB;TE;WR,11,0,0,,,False,00-0033901;00-0038609;00-0031426;00-0034399;00-0036953;00-0038428;00-0036443;00-0034721;00-0033889;00-0039755;00-0038710,Ethan Pocic;Luke Wypler;Joel Bitonio;Wyatt Teller;Teven Jenkins;Andre Szmyt;Rex Sunahara;Corey Bojorquez;Cam Robinson;KT Leveston;Blake Whiteheart,00-0033055;00-0039167;00-0027969;00-0040188;00-0035625;00-0036323;00-0039741;00-0033886;00-0040160;00-0038558;00-0036862,Jalen Ramsey;Joey Porter Jr.;Cameron Heyward;Yahya Black;Juan Thornhill;Patrick Queen;Payton Wilson;T.J. Watt;Jack Sawyer;Darnell Washington;Ben Skowronek
2025_06_CLE_PIT,3100,kickoff,0.0,35.0,35.0,PIT,3.0,1148.0,35.0,6.0,4:08,4:02,,16.0,6.0,,0.0,"1 CB, 1 DE, 1 DT, 1 K, 2 MLB, 2 OLB, 3 SS",CB;DE;DT;K;MLB;MLB;OLB;OLB;SS;SS;SS,11,0,0,,,False,00-0035795;00-0035286;00-0039741;00-0040231;00-0038577;00-0040160;00-0036919;00-0033883;00-0037304;00-0036862;00-0040534,James Pierre;Cole Holcomb;Payton Wilson;Carson Bruener;Nick Herbig;Jack Sawyer;Kenneth Gainwell;Jalen Ramsey;Connor Heyward;Ben Skowronek;Ke'Shawn Williams,00-0039417;00-0037815;00-0040255;00-0038428;00-0040579;00-0040261;00-0034797;00-0038711;00-0033941;00-0036282;00-0040263,Myles Harden;Cameron Thomas;Adin Huntington;Andre Szmyt;Carson Schwesinger;Easton Mascarenas-Arnold;Jerome Baker;Mohamoud Diabate;Rayshawn Jenkins;Grant Delpit;Donovan McMillon
2025_06_CLE_PIT,3135,run,10.0,73.0,63.0,PIT,3.0,1142.0,73.0,30.0,4:02,3:32,,16.0,6.0,1.0,10.0,"2 CB, 2 DE, 2 DT, 1 FS, 2 MLB, 2 SS",CB;CB;DE;DE;DT;DT;FS;MLB;MLB;SS;SS,11,6,0,,,False,00-0039896;00-0032954;00-0039358;00-0023459;00-0036919;00-0039109;00-0039871;00-0033858;00-0036894;00-0035640;00-0039739,Zach Frazier;Isaac Seumalo;Mason McCormick;Aaron Rodgers;Kenneth Gainwell;Broderick Jones;Troy Fautanu;Jonnu Smith;Pat Freiermuth;DK Metcalf;Roman Wilson,00-0034856;00-0036974;00-0033868;00-0038574;00-0031270;00-0040685;00-0038715;00-0035525;00-0040579;00-0033941;00-0036282,Denzel Ward;Tyson Campbell;Myles Garrett;Isaiah McGuire;Shelby Harris;Mason Graham;Ronnie Hickman Jr.;Devin Bush;Carson Schwesinger;Rayshawn Jenkins;Grant Delpit
2025_06_CLE_PIT,3157,run,4.0,63.0,59.0,PIT,3.0,1112.0,63.0,37.0,3:32,2:55,,16.0,6.0,1.0,10.0,"2 CB, 2 DE, 2 DT, 1 FS, 2 MLB, 2 SS",CB;CB;DE;DE;DT;DT;FS;MLB;MLB;SS;SS,11,6,0,,,False,00-0039896;00-0032954;00-0039358;00-0023459;00-0036919;00-0039109;00-0039871;00-0033858;00-0036894;00-0035640;00-0039739,Zach Frazier;Isaac Seumalo;Mason McCormick;Aaron Rodgers;Kenneth Gainwell;Broderick Jones;Troy Fautanu;Jonnu Smith;Pat Freiermuth;DK Metcalf;Roman Wilson,00-0034856;00-0036974;00-0033868;00-0038574;00-0031270;00-0040685;00-0038715;00-0035525;00-0040579;00-0033941;00-0036282,Denzel Ward;Tyson Campbell;Myles Garrett;Isaiah McGuire;Shelby Harris;Mason Graham;Ronnie Hickman Jr.;Devin Bush;Carson Schwesinger;Rayshawn Jenkins;Grant Delpit
2025_06_CLE_PIT,3179,pass,12.0,59.0,47.0,PIT,3.0,1075.0,59.0,45.0,2:55,2:10,,16.0,6.0,2.0,6.0,"2 CB, 2 DE, 2 DT, 1 FS, 2 MLB, 1 OLB, 1 SS",CB;CB;DE;DE;DT;DT;FS;MLB;MLB;OLB;SS,11,6,6,MAN_COVERAGE,COVER_1,False,00-0039896;00-0032954;00-0039358;00-0023459;00-0037228;00-0039109;00-0039871;00-0033858;00-0038558;00-0035640;00-0039739,Zach Frazier;Isaac Seumalo;Mason McCormick;Aaron Rodgers;Jaylen Warren;Broderick Jones;Troy Fautanu;Jonnu Smith;Darnell Washington;DK Metcalf;Roman Wilson,00-0034856;00-0036974;00-0033868;00-0038574;00-0031270;00-0040685;00-0038715;00-0035525;00-0040579;00-0034797;00-0036282,Denzel Ward;Tyson Campbell;Myles Garrett;Isaiah McGuire;Shelby Harris;Mason Graham;Ronnie Hickman Jr.;Devin Bush;Carson Schwesinger;Jerome Baker;Grant Delpit
2025_06_CLE_PIT,3204,run,9.0,47.0,38.0,PIT,3.0,1030.0,47.0,46.0,2:10,1:24,,16.0,6.0,1.0,10.0,"2 CB, 2 DE, 2 DT, 1 FS, 2 MLB, 1 OLB, 1 SS",CB;CB;DE;DE;DT;DT;FS;MLB;MLB;OLB;SS,11,7,0,,,False,00-0039896;00-0032954;00-0038645;00-0039358;00-0023459;00-0037228;00-0039109;00-0039871;00-0038558;00-0035640;00-0039739,Zach Frazier;Isaac Seumalo;Spencer Anderson;Mason McCormick;Aaron Rodgers;Jaylen Warren;Broderick Jones;Troy Fautanu;Darnell Washington;DK Metcalf;Roman Wilson,00-0034856;00-0036974;00-0037251;00-0037815;00-0033131;00-0040255;00-0038715;00-0035525;00-0040579;00-0034797;00-0036282,Denzel Ward;Tyson Campbell;Alex Wright;Cameron Thomas;Maliek Collins;Adin Huntington;Ronnie Hickman Jr.;Devin Bush;Carson Schwesinger;Jerome Baker;Grant Delpit
2025_06_CLE_PIT,3228,run,-1.0,38.0,39.0,PIT,3.0,984.0,38.0,43.0,1:24,0:41,,16.0,6.0,2.0,1.0,"2 CB, 2 DE, 2 DT, 1 FS, 2 MLB, 1 OLB, 1 SS",CB;CB;DE;DE;DT;DT;FS;MLB;MLB;OLB;SS,11,7,0,,,False,00-0039896;00-0032954;00-0039358;00-0023459;00-0037228;00-0039109;00-0039871;00-0033858;00-0038558;00-0035640;00-0039739,Zach Frazier;Isaac Seumalo;Mason McCormick;Aaron Rodgers;Jaylen Warren;Broderick Jones;Troy Fautanu;Jonnu Smith;Darnell Washington;DK Metcalf;Roman Wilson,00-0034856;00-0036974;00-0037251;00-0037815;00-0033131;00-0040255;00-0038715;00-0035525;00-0040579;00-0034797;00-0036282,Denzel Ward;Tyson Campbell;Alex Wright;Cameron Thomas;Maliek Collins;Adin Huntington;Ronnie Hickman Jr.;Devin Bush;Carson Schwesinger;Jerome Baker;Grant Delpit
2025_06_CLE_PIT,3250,pass,14.0,39.0,25.0,PIT,3.0,941.0,39.0,41.0,0:41,0:00,,16.0,6.0,3.0,2.0,"2 CB, 2 DE, 2 DT, 1 FS, 2 MLB, 1 OLB, 1 SS",CB;CB;DE;DE;DT;DT;FS;MLB;MLB;OLB;SS,11,7,4,MAN_COVERAGE,COVER_1,False,00-0039896;00-0032954;00-0039358;00-0023459;00-0037228;00-0039109;00-0039871;00-0033858;00-0038558;00-0035640;00-0039739,Zach Frazier;Isaac Seumalo;Mason McCormick;Aaron Rodgers;Jaylen Warren;Broderick Jones;Troy Fautanu;Jonnu Smith;Darnell Washington;DK Metcalf;Roman Wilson,00-0034856;00-0036974;00-0037251;00-0037815;00-0031270;00-0033131;00-0038715;00-0035525;00-0040579;00-0034797;00-0036282,Denzel Ward;Tyson Campbell;Alex Wright;Cameron Thomas;Shelby Harris;Maliek Collins;Ronnie Hickman Jr.;Devin Bush;Carson Schwesinger;Jerome Baker;Grant Delpit
2025_06_CLE_PIT,3275,start_quarter_4,,,,PIT,3.0,900.0,,0.0,0:00,0:00,,16.0,6.0,,0.0,,,,,,,,,,,,
2025_06_CLE_PIT,3295,pass,25.0,25.0,0.0,PIT,4.0,900.0,25.0,5.0,15:00,14:55,,22.0,6.0,1.0,10.0,"3 CB, 2 DE, 2 DT, 1 FS, 2 MLB, 1 SS",CB;CB;CB;DE;DE;DT;DT;FS;MLB;MLB;SS,11,7,4,ZONE_COVERAGE,COVER_6,False,00-0039896;00-0032954;00-0039358;00-0023459;00-0036919;00-0039109;00-0039871;00-0038558;00-0035640;00-0035298;00-0036862,Zach Frazier;Isaac Seumalo;Mason McCormick;Aaron Rodgers;Kenneth Gainwell;Broderick Jones;Troy Fautanu;Darnell Washington;DK Metcalf;Scott Miller;Ben Skowronek,00-0034856;00-0036974;00-0039417;00-0033868;00-0037251;00-0033131;00-0040685;00-0038715;00-0035525;00-0040579;00-0036282,Denzel Ward;Tyson Campbell;Myles Harden;Myles Garrett;Alex Wright;Maliek Collins;Mason Graham;Ronnie Hickman Jr.;Devin Bush;Carson Schwesinger;Grant Delpit
2025_06_CLE_PIT,3321,extra_point,0.0,15.0,15.0,PIT,4.0,895.0,15.0,0.0,14:55,14:55,,23.0,6.0,,0.0,"2 CB, 3 DE, 3 DT, 1 FS, 2 MLB",CB;CB;DE;DE;DE;DT;DT;DT;FS;MLB;MLB,11,0,0,,,False,00-0036783;00-0027969;00-0040678;00-0040188;00-0038645;00-0039358;00-0031136;00-0034051;00-0035821;00-0034957;00-0038558,Ryan McCollum;Cameron Heyward;Derrick Harmon;Yahya Black;Spencer Anderson;Mason McCormick;Chris Boswell;Christian Kuntz;Corliss Waitman;Calvin Anderson;Darnell Washington,00-0034856;00-0039417;00-0033868;00-0037251;00-0037815;00-0031270;00-0033131;00-0040685;00-0038715;00-0035525;00-0040579,Denzel Ward;Myles Harden;Myles Garrett;Alex Wright;Cameron Thomas;Shelby Harris;Maliek Collins;Mason Graham;Ronnie Hickman Jr.;Devin Bush;Carson Schwesinger
2025_06_CLE_PIT,3336,kickoff,0.0,35.0,35.0,CLE,4.0,895.0,35.0,5.0,14:55,14:50,,23.0,6.0,,0.0,"2 CB, 1 FS, 2 ILB, 1 K, 1 OLB, 1 RB, 1 SS, 1 TE, 1 WR",CB;CB;FS;ILB;ILB;K;OLB;RB;SS;TE;WR,11,0,0,,,False,00-0039417;00-0033512;00-0040261;00-0034797;00-0038711;00-0037267;00-0040162;00-0033941;00-0040263;00-0038710;00-0040663,Myles Harden;Damontae Kazee;Easton Mascarenas-Arnold;Jerome Baker;Mohamoud Diabate;Jerome Ford;Dylan Sampson;Rayshawn Jenkins;Donovan McMillon;Blake Whiteheart;Harold Fannin Jr.,00-0035795;00-0036504;00-0035625;00-0039741;00-0040231;00-0031136;00-0040160;00-0036919;00-0033883;00-0037304;00-0036862,James Pierre;Brandin Echols;Juan Thornhill;Payton Wilson;Carson Bruener;Chris Boswell;Jack Sawyer;Kenneth Gainwell;Jalen Ramsey;Connor Heyward;Ben Skowronek
2025_06_CLE_PIT,3371,pass,16.0,68.0,52.0,CLE,4.0,890.0,68.0,29.0,14:50,14:21,,23.0,6.0,1.0,10.0,"3 CB, 2 DT, 1 FS, 2 ILB, 2 OLB, 1 SS",CB;CB;CB;DT;DT;FS;ILB;ILB;OLB;OLB;SS,11,7,5,MAN_COVERAGE,COVER_1,False,00-0033901;00-0031426;00-0034399;00-0040704;00-0040162;00-0033889;00-0039755;00-0033885;00-0040663;00-0036407;00-0040782,Ethan Pocic;Joel Bitonio;Wyatt Teller;Dillon Gabriel;Dylan Sampson;Cam Robinson;KT Leveston;David Njoku;Harold Fannin Jr.;Jerry Jeudy;Isaiah Bond,00-0033055;00-0036504;00-0039167;00-0027969;00-0039110;00-0035625;00-0036323;00-0039741;00-0033886;00-0036333;00-0034277,Jalen Ramsey;Brandin Echols;Joey Porter Jr.;Cameron Heyward;Keeanu Benton;Juan Thornhill;Patrick Queen;Payton Wilson;T.J. Watt;Alex Highsmith;DeShon Elliott
2025_06_CLE_PIT,3396,run,7.0,52.0,45.0,CLE,4.0,861.0,52.0,24.0,14:21,13:57,,23.0,6.0,1.0,10.0,"3 CB, 2 DT, 1 FS, 2 ILB, 2 OLB, 1 SS",CB;CB;CB;DT;DT;FS;ILB;ILB;OLB;OLB;SS,11,6,0,,,False,00-0033901;00-0031426;00-0034399;00-0040704;00-0040162;00-0033889;00-0039755;00-0033885;00-0040663;00-0036407;00-0040782,Ethan Pocic;Joel Bitonio;Wyatt Teller;Dillon Gabriel;Dylan Sampson;Cam Robinson;KT Leveston;David Njoku;Harold Fannin Jr.;Jerry Jeudy;Isaiah Bond,00-0033055;00-0036504;00-0039167;00-0027969;00-0039110;00-0035625;00-0036323;00-0039741;00-0033886;00-0036333;00-0034277,Jalen Ramsey;Brandin Echols;Joey Porter Jr.;Cameron Heyward;Keeanu Benton;Juan Thornhill;Patrick Queen;Payton Wilson;T.J. Watt;Alex Highsmith;DeShon Elliott
2025_06_CLE_PIT,3418,pass,0.0,45.0,45.0,CLE,4.0,837.0,45.0,4.0,13:57,13:53,,23.0,6.0,2.0,3.0,"3 CB, 2 DT, 1 FS, 2 ILB, 2 OLB, 1 SS",CB;CB;CB;DT;DT;FS;ILB;ILB;OLB;OLB;SS,11,6,4,ZONE_COVERAGE,COVER_2,False,00-0033901;00-0031426;00-0034399;00-0040704;00-0040162;00-0033889;00-0039755;00-0033885;00-0040663;00-0036407;00-0040782,Ethan Pocic;Joel Bitonio;Wyatt Teller;Dillon Gabriel;Dylan Sampson;Cam Robinson;KT Leveston;David Njoku;Harold Fannin Jr.;Jerry Jeudy;Isaiah Bond,00-0033055;00-0036504;00-0039167;00-0027969;00-0039110;00-0035625;00-0036323;00-0039741;00-0033886;00-0036333;00-0034277,Jalen Ramsey;Brandin Echols;Joey Porter Jr.;Cameron Heyward;Keeanu Benton;Juan Thornhill;Patrick Queen;Payton Wilson;T.J. Watt;Alex Highsmith;DeShon Elliott
2025_06_CLE_PIT,3441,pass,0.0,45.0,45.0,CLE,4.0,833.0,45.0,6.0,13:53,13:47,,23.0,6.0,3.0,3.0,"3 CB, 2 DT, 1 FS, 2 ILB, 2 OLB, 1 SS",CB;CB;CB;DT;DT;FS;ILB;ILB;OLB;OLB;SS,11,6,4,ZONE_COVERAGE,COVER_3,True,00-0033901;00-0031426;00-0034399;00-0040704;00-0040162;00-0033889;00-0039755;00-0040663;00-0036407;00-0040259;00-0040782,Ethan Pocic;Joel Bitonio;Wyatt Teller;Dillon Gabriel;Dylan Sampson;Cam Robinson;KT Leveston;Harold Fannin Jr.;Jerry Jeudy;Gage Larvadain;Isaiah Bond,00-0033055;00-0036504;00-0039167;00-0027969;00-0039110;00-0035625;00-0036323;00-0039741;00-0033886;00-0036333;00-0034277,Jalen Ramsey;Brandin Echols;Joey Porter Jr.;Cameron Heyward;Keeanu Benton;Juan Thornhill;Patrick Queen;Payton Wilson;T.J. Watt;Alex Highsmith;DeShon Elliott
2025_06_CLE_PIT,3464,pass,7.0,45.0,38.0,CLE,4.0,827.0,45.0,18.0,13:47,13:29,,23.0,6.0,4.0,3.0,"3 CB, 2 DT, 1 FS, 2 ILB, 2 OLB, 1 SS",CB;CB;CB;DT;DT;FS;ILB;ILB;OLB;OLB;SS,11,6,4,ZONE_COVERAGE,COVER_2,False,00-0033901;00-0031426;00-0034399;00-0040704;00-0037267;00-0033889;00-0039755;00-0040663;00-0036407;00-0040259;00-0040782,Ethan Pocic;Joel Bitonio;Wyatt Teller;Dillon Gabriel;Jerome Ford;Cam Robinson;KT Leveston;Harold Fannin Jr.;Jerry Jeudy;Gage Larvadain;Isaiah Bond,00-0033055;00-0036504;00-0039167;00-0027969;00-0039110;00-0035625;00-0036323;00-0039741;00-0033886;00-0036333;00-0034277,Jalen Ramsey;Brandin Echols;Joey Porter Jr.;Cameron Heyward;Keeanu Benton;Juan Thornhill;Patrick Queen;Payton Wilson;T.J. Watt;Alex Highsmith;DeShon Elliott
2025_06_CLE_PIT,3492,pass,-2.0,38.0,40.0,CLE,4.0,809.0,38.0,29.0,13:29,13:00,,23.0,6.0,1.0,10.0,"3 CB, 2 DT, 1 FS, 2 ILB, 2 OLB, 1 SS",CB;CB;CB;DT;DT;FS;ILB;ILB;OLB;OLB;SS,11,6,4,ZONE_COVERAGE,COVER_3,False,00-0033901;00-0031426;00-0034399;00-0040704;00-0037267;00-0033889;00-0039755;00-0038710;00-0036407;00-0039379;00-0040782,Ethan Pocic;Joel Bitonio;Wyatt Teller;Dillon Gabriel;Jerome Ford;Cam Robinson;KT Leveston;Blake Whiteheart;Jerry Jeudy;Jamari Thrash;Isaiah Bond,00-0033055;00-0035795;00-0039167;00-0040678;00-0040188;00-0035625;00-0036323;00-0039741;00-0033886;00-0038577;00-0034277,Jalen Ramsey;James Pierre;Joey Porter Jr.;Derrick Harmon;Yahya Black;Juan Thornhill;Patrick Queen;Payton Wilson;T.J. Watt;Nick Herbig;DeShon Elliott
2025_06_CLE_PIT,3529,pass,8.0,40.0,32.0,CLE,4.0,780.0,40.0,22.0,13:00,12:38,,23.0,6.0,2.0,12.0,"3 CB, 2 DT, 1 FS, 2 ILB, 2 OLB, 1 SS",CB;CB;CB;DT;DT;FS;ILB;ILB;OLB;OLB;SS,11,5,4,ZONE_COVERAGE,COVER_3,False,00-0033901;00-0031426;00-0034399;00-0040704;00-0037267;00-0033889;00-0039755;00-0038710;00-0036407;00-0039379;00-0040782,Ethan Pocic;Joel Bitonio;Wyatt Teller;Dillon Gabriel;Jerome Ford;Cam Robinson;KT Leveston;Blake Whiteheart;Jerry Jeudy;Jamari Thrash;Isaiah Bond,00-0033055;00-0035795;00-0039167;00-0040678;00-0040188;00-0035625;00-0036323;00-0039741;00-0033886;00-0038577;00-0034277,Jalen Ramsey;James Pierre;Joey Porter Jr.;Derrick Harmon;Yahya Black;Juan Thornhill;Patrick Queen;Payton Wilson;T.J. Watt;Nick Herbig;DeShon Elliott
2025_06_CLE_PIT,3554,pass,2.0,32.0,30.0,CLE,4.0,758.0,32.0,39.0,12:38,11:59,,23.0,6.0,3.0,4.0,"3 CB, 2 DT, 1 FS, 2 ILB, 2 OLB, 1 SS",CB;CB;CB;DT;DT;FS;ILB;ILB;OLB;OLB;SS,11,6,5,MAN_COVERAGE,COVER_1,False,00-0033901;00-0031426;00-0034399;00-0040704;00-0037267;00-0033889;00-0039755;00-0038710;00-0036407;00-0039379;00-0040782,Ethan Pocic;Joel Bitonio;Wyatt Teller;Dillon Gabriel;Jerome Ford;Cam Robinson;KT Leveston;Blake Whiteheart;Jerry Jeudy;Jamari Thrash;Isaiah Bond,00-0033055;00-0035795;00-0039167;00-0040678;00-0040188;00-0035625;00-0036323;00-0039741;00-0033886;00-0038577;00-0034277,Jalen Ramsey;James Pierre;Joey Porter Jr.;Derrick Harmon;Yahya Black;Juan Thornhill;Patrick Queen;Payton Wilson;T.J. Watt;Nick Herbig;DeShon Elliott
2025_06_CLE_PIT,3579,run,6.0,30.0,24.0,CLE,4.0,719.0,30.0,32.0,11:59,11:27,,23.0,6.0,4.0,2.0,"2 CB, 4 DT, 2 ILB, 2 OLB, 1 SS",CB;CB;DT;DT;DT;DT;ILB;ILB;OLB;OLB;SS,11,8,0,,,False,00-0033901;00-0038609;00-0040255;00-0031426;00-0034399;00-0040704;00-0040784;00-0033889;00-0039755;00-0038710;00-0040663,Ethan Pocic;Luke Wypler;Adin Huntington;Joel Bitonio;Wyatt Teller;Dillon Gabriel;Quinshon Judkins;Cam Robinson;KT Leveston;Blake Whiteheart;Harold Fannin Jr.,00-0033055;00-0039167;00-0027969;00-0039110;00-0040678;00-0040188;00-0035286;00-0036323;00-0036333;00-0038577;00-0034277,Jalen Ramsey;Joey Porter Jr.;Cameron Heyward;Keeanu Benton;Derrick Harmon;Yahya Black;Cole Holcomb;Patrick Queen;Alex Highsmith;Nick Herbig;DeShon Elliott
2025_06_CLE_PIT,3605,pass,0.0,24.0,24.0,CLE,4.0,687.0,24.0,6.0,11:27,11:21,,23.0,6.0,1.0,10.0,"3 CB, 2 DT, 1 FS, 2 ILB, 2 OLB, 1 SS",CB;CB;CB;DT;DT;FS;ILB;ILB;OLB;OLB;SS,11,6,5,MAN_COVERAGE,COVER_1,True,00-0033901;00-0031426;00-0034399;00-0040704;00-0037267;00-0033889;00-0039755;00-0040663;00-0036407;00-0039379;00-0040782,Ethan Pocic;Joel Bitonio;Wyatt Teller;Dillon Gabriel;Jerome Ford;Cam Robinson;KT Leveston;Harold Fannin Jr.;Jerry Jeudy;Jamari Thrash;Isaiah Bond,00-0033055;00-0035795;00-0039167;00-0027969;00-0039110;00-0035625;00-0036323;00-0039741;00-0036333;00-0038577;00-0034277,Jalen Ramsey;James Pierre;Joey Porter Jr.;Cameron Heyward;Keeanu Benton;Juan Thornhill;Patrick Queen;Payton Wilson;Alex Highsmith;Nick Herbig;DeShon Elliott
2025_06_CLE_PIT,3628,pass,0.0,24.0,24.0,CLE,4.0,681.0,24.0,7.0,11:21,11:14,,23.0,6.0,2.0,10.0,"3 CB, 2 DT, 1 FS, 2 ILB, 2 OLB, 1 SS",CB;CB;CB;DT;DT;FS;ILB;ILB;OLB;OLB;SS,11,6,5,ZONE_COVERAGE,COVER_4,False,00-0033901;00-0031426;00-0034399;00-0040704;00-0037267;00-0033889;00-0039755;00-0040663;00-0036407;00-0040259;00-0040782,Ethan Pocic;Joel Bitonio;Wyatt Teller;Dillon Gabriel;Jerome Ford;Cam Robinson;KT Leveston;Harold Fannin Jr.;Jerry Jeudy;Gage Larvadain;Isaiah Bond,00-0033055;00-0036504;00-0039167;00-0027969;00-0039110;00-0035625;00-0036323;00-0039741;00-0033886;00-0036333;00-0034277,Jalen Ramsey;Brandin Echols;Joey Porter Jr.;Cameron Heyward;Keeanu Benton;Juan Thornhill;Patrick Queen;Payton Wilson;T.J. Watt;Alex Highsmith;DeShon Elliott
2025_06_CLE_PIT,3651,no_play,0.0,24.0,24.0,CLE,4.0,674.0,24.0,0.0,11:14,11:14,,23.0,6.0,3.0,10.0,"3 CB, 2 DT, 1 FS, 2 ILB, 2 OLB, 1 SS",CB;CB;CB;DT;DT;FS;ILB;ILB;OLB;OLB;SS,11,0,0,,,False,00-0033901;00-0031426;00-0034399;00-0040704;00-0037267;00-0033889;00-0039755;00-0040663;00-0036407;00-0040259;00-0040782,Ethan Pocic;Joel Bitonio;Wyatt Teller;Dillon Gabriel;Jerome Ford;Cam Robinson;KT Leveston;Harold Fannin Jr.;Jerry Jeudy;Gage Larvadain;Isaiah Bond,00-0033055;00-0036504;00-0039167;00-0027969;00-0039110;00-0035625;00-0036323;00-0039741;00-0033886;00-0036333;00-0034277,Jalen Ramsey;Brandin Echols;Joey Porter Jr.;Cameron Heyward;Keeanu Benton;Juan Thornhill;Patrick Queen;Payton Wilson;T.J. Watt;Alex Highsmith;DeShon Elliott
2025_06_CLE_PIT,3675,pass,14.0,29.0,15.0,CLE,4.0,674.0,29.0,14.0,11:14,11:00,,23.0,6.0,3.0,15.0,"3 CB, 1 DT, 1 FS, 2 ILB, 3 OLB, 1 SS",CB;CB;CB;DT;FS;ILB;ILB;OLB;OLB;OLB;SS,11,6,5,MAN_COVERAGE,2_MAN,False,00-0033901;00-0031426;00-0034399;00-0040704;00-0037267;00-0033889;00-0039755;00-0040663;00-0036407;00-0040259;00-0040782,Ethan Pocic;Joel Bitonio;Wyatt Teller;Dillon Gabriel;Jerome Ford;Cam Robinson;KT Leveston;Harold Fannin Jr.;Jerry Jeudy;Gage Larvadain;Isaiah Bond,00-0033055;00-0036504;00-0039167;00-0027969;00-0035625;00-0036323;00-0039741;00-0033886;00-0036333;00-0038577;00-0034277,Jalen Ramsey;Brandin Echols;Joey Porter Jr.;Cameron Heyward;Juan Thornhill;Patrick Queen;Payton Wilson;T.J. Watt;Alex Highsmith;Nick Herbig;DeShon Elliott
2025_06_CLE_PIT,3728,run,2.0,7.0,5.0,CLE,4.0,660.0,7.0,25.0,11:00,10:35,,23.0,6.0,1.0,7.0,"2 CB, 3 DT, 1 FS, 2 ILB, 2 OLB, 1 SS",CB;CB;DT;DT;DT;FS;ILB;ILB;OLB;OLB;SS,11,7,0,,,False,00-0033901;00-0031426;00-0034399;00-0040704;00-0040784;00-0033889;00-0039755;00-0038710;00-0040663;00-0039379;00-0040782,Ethan Pocic;Joel Bitonio;Wyatt Teller;Dillon Gabriel;Quinshon Judkins;Cam Robinson;KT Leveston;Blake Whiteheart;Harold Fannin Jr.;Jamari Thrash;Isaiah Bond,00-0033055;00-0036504;00-0027969;00-0034251;00-0040678;00-0035625;00-0035286;00-0036323;00-0033886;00-0036333;00-0034277,Jalen Ramsey;Brandin Echols;Cameron Heyward;Daniel Ekuale;Derrick Harmon;Juan Thornhill;Cole Holcomb;Patrick Queen;T.J. Watt;Alex Highsmith;DeShon Elliott
2025_06_CLE_PIT,3750,pass,0.0,5.0,5.0,CLE,4.0,635.0,5.0,4.0,10:35,10:31,,23.0,6.0,2.0,5.0,"2 CB, 3 DT, 1 FS, 2 ILB, 2 OLB, 1 SS",CB;CB;DT;DT;DT;FS;ILB;ILB;OLB;OLB;SS,11,7,6,MAN_COVERAGE,COVER_0,True,00-0033901;00-0031426;00-0034399;00-0040704;00-0040784;00-0033889;00-0039755;00-0038710;00-0040663;00-0039379;00-0040782,Ethan Pocic;Joel Bitonio;Wyatt Teller;Dillon Gabriel;Quinshon Judkins;Cam Robinson;KT Leveston;Blake Whiteheart;Harold Fannin Jr.;Jamari Thrash;Isaiah Bond,00-0033055;00-0036504;00-0027969;00-0034251;00-0040678;00-0035625;00-0035286;00-0036323;00-0033886;00-0036333;00-0034277,Jalen Ramsey;Brandin Echols;Cameron Heyward;Daniel Ekuale;Derrick Harmon;Juan Thornhill;Cole Holcomb;Patrick Queen;T.J. Watt;Alex Highsmith;DeShon Elliott
2025_06_CLE_PIT,3773,no_play,0.0,5.0,5.0,CLE,4.0,631.0,5.0,5.0,10:31,10:26,,23.0,6.0,3.0,5.0,"3 CB, 2 DT, 1 FS, 2 ILB, 2 OLB, 1 SS",CB;CB;CB;DT;DT;FS;ILB;ILB;OLB;OLB;SS,11,7,5,MAN_COVERAGE,COVER_1,False,00-0033901;00-0031426;00-0034399;00-0040704;00-0037267;00-0033889;00-0039755;00-0038710;00-0040663;00-0036407;00-0040782,Ethan Pocic;Joel Bitonio;Wyatt Teller;Dillon Gabriel;Jerome Ford;Cam Robinson;KT Leveston;Blake Whiteheart;Harold Fannin Jr.;Jerry Jeudy;Isaiah Bond,00-0033055;00-0036504;00-0039167;00-0027969;00-0040678;00-0035625;00-0036323;00-0039741;00-0033886;00-0036333;00-0034277,Jalen Ramsey;Brandin Echols;Joey Porter Jr.;Cameron Heyward;Derrick Harmon;Juan Thornhill;Patrick Queen;Payton Wilson;T.J. Watt;Alex Highsmith;DeShon Elliott
2025_06_CLE_PIT,3812,pass,0.0,3.0,3.0,CLE,4.0,626.0,3.0,4.0,10:26,10:22,,23.0,6.0,1.0,3.0,"2 CB, 3 DT, 1 FS, 2 ILB, 2 OLB, 1 SS",CB;CB;DT;DT;DT;FS;ILB;ILB;OLB;OLB;SS,11,7,6,MAN_COVERAGE,COVER_0,True,00-0033901;00-0031426;00-0034399;00-0040704;00-0037267;00-0033889;00-0039755;00-0038710;00-0040663;00-0036407;00-0040782,Ethan Pocic;Joel Bitonio;Wyatt Teller;Dillon Gabriel;Jerome Ford;Cam Robinson;KT Leveston;Blake Whiteheart;Harold Fannin Jr.;Jerry Jeudy;Isaiah Bond,00-0033055;00-0039167;00-0039110;00-0040678;00-0040188;00-0035625;00-0035286;00-0036323;00-0038577;00-0040160;00-0034277,Jalen Ramsey;Joey Porter Jr.;Keeanu Benton;Derrick Harmon;Yahya Black;Juan Thornhill;Cole Holcomb;Patrick Queen;Nick Herbig;Jack Sawyer;DeShon Elliott
2025_06_CLE_PIT,3835,pass,-11.0,3.0,14.0,CLE,4.0,622.0,3.0,44.0,10:22,9:38,,23.0,6.0,2.0,3.0,"2 CB, 3 DT, 1 FS, 2 ILB, 2 OLB, 1 SS",CB;CB;DT;DT;DT;FS;ILB;ILB;OLB;OLB;SS,11,7,7,MAN_COVERAGE,COVER_1,True,00-0033901;00-0031426;00-0034399;00-0040704;00-0037267;00-0033889;00-0039755;00-0038710;00-0040663;00-0036407;00-0040782,Ethan Pocic;Joel Bitonio;Wyatt Teller;Dillon Gabriel;Jerome Ford;Cam Robinson;KT Leveston;Blake Whiteheart;Harold Fannin Jr.;Jerry Jeudy;Isaiah Bond,00-0033055;00-0039167;00-0039110;00-0040678;00-0040188;00-0035625;00-0035286;00-0036323;00-0038577;00-0040160;00-0034277,Jalen Ramsey;Joey Porter Jr.;Keeanu Benton;Derrick Harmon;Yahya Black;Juan Thornhill;Cole Holcomb;Patrick Queen;Nick Herbig;Jack Sawyer;DeShon Elliott
2025_06_CLE_PIT,3858,pass,0.0,14.0,14.0,CLE,4.0,578.0,14.0,5.0,9:38,9:33,,23.0,6.0,3.0,14.0,"3 CB, 2 DT, 1 FS, 2 ILB, 2 OLB, 1 SS",CB;CB;CB;DT;DT;FS;ILB;ILB;OLB;OLB;SS,11,4,4,MAN_COVERAGE,2_MAN,False,00-0033901;00-0031426;00-0034399;00-0040704;00-0033889;00-0039755;00-0038710;00-0040663;00-0036407;00-0039379;00-0040782,Ethan Pocic;Joel Bitonio;Wyatt Teller;Dillon Gabriel;Cam Robinson;KT Leveston;Blake Whiteheart;Harold Fannin Jr.;Jerry Jeudy;Jamari Thrash;Isaiah Bond,00-0033055;00-0036504;00-0039167;00-0039110;00-0040678;00-0035625;00-0036323;00-0039741;00-0038577;00-0040160;00-0034277,Jalen Ramsey;Brandin Echols;Joey Porter Jr.;Keeanu Benton;Derrick Harmon;Juan Thornhill;Patrick Queen;Payton Wilson;Nick Herbig;Jack Sawyer;DeShon Elliott
2025_06_CLE_PIT,3881,field_goal,0.0,14.0,14.0,CLE,4.0,573.0,14.0,4.0,9:33,9:29,,23.0,9.0,4.0,14.0,"1 CB, 2 DT, 1 FS, 2 ILB, 2 OLB, 1 TE, 2 WR",CB;DT;DT;FS;ILB;ILB;OLB;OLB;TE;WR;WR,11,0,0,,,False,00-0033901;00-0038609;00-0031426;00-0034399;00-0036953;00-0038428;00-0036443;00-0034721;00-0033889;00-0039755;00-0038710,Ethan Pocic;Luke Wypler;Joel Bitonio;Wyatt Teller;Teven Jenkins;Andre Szmyt;Rex Sunahara;Corey Bojorquez;Cam Robinson;KT Leveston;Blake Whiteheart,00-0033055;00-0040678;00-0040188;00-0035625;00-0036323;00-0039741;00-0038577;00-0040160;00-0038558;00-0035298;00-0036862,Jalen Ramsey;Derrick Harmon;Yahya Black;Juan Thornhill;Patrick Queen;Payton Wilson;Nick Herbig;Jack Sawyer;Darnell Washington;Scott Miller;Ben Skowronek
2025_06_CLE_PIT,3904,kickoff,0.0,35.0,35.0,PIT,4.0,569.0,35.0,7.0,9:29,9:22,,23.0,9.0,,0.0,"1 CB, 1 DE, 1 DT, 1 K, 2 MLB, 2 OLB, 3 SS",CB;DE;DT;K;MLB;MLB;OLB;OLB;SS;SS;SS,11,0,0,,,False,00-0035795;00-0035286;00-0039741;00-0040231;00-0038577;00-0040160;00-0036919;00-0033883;00-0037304;00-0036862;00-0040534,James Pierre;Cole Holcomb;Payton Wilson;Carson Bruener;Nick Herbig;Jack Sawyer;Kenneth Gainwell;Jalen Ramsey;Connor Heyward;Ben Skowronek;Ke'Shawn Williams,00-0039417;00-0037815;00-0040255;00-0038428;00-0040579;00-0040261;00-0034797;00-0038711;00-0033941;00-0036282;00-0040263,Myles Harden;Cameron Thomas;Adin Huntington;Andre Szmyt;Carson Schwesinger;Easton Mascarenas-Arnold;Jerome Baker;Mohamoud Diabate;Rayshawn Jenkins;Grant Delpit;Donovan McMillon
2025_06_CLE_PIT,3934,run,3.0,72.0,69.0,PIT,4.0,562.0,72.0,42.0,9:22,8:40,,23.0,9.0,1.0,10.0,"1 CB, 2 DE, 3 DT, 1 FS, 2 MLB, 1 OLB, 1 SS",CB;DE;DE;DT;DT;DT;FS;MLB;MLB;OLB;SS,11,8,0,,,False,00-0039896;00-0032954;00-0038645;00-0039358;00-0023459;00-0040142;00-0039109;00-0039871;00-0033858;00-0038558;00-0036862,Zach Frazier;Isaac Seumalo;Spencer Anderson;Mason McCormick;Aaron Rodgers;Kaleb Johnson;Broderick Jones;Troy Fautanu;Jonnu Smith;Darnell Washington;Ben Skowronek,00-0034856;00-0033868;00-0037251;00-0031270;00-0033131;00-0040685;00-0038715;00-0035525;00-0040579;00-0038711;00-0036282,Denzel Ward;Myles Garrett;Alex Wright;Shelby Harris;Maliek Collins;Mason Graham;Ronnie Hickman Jr.;Devin Bush;Carson Schwesinger;Mohamoud Diabate;Grant Delpit
2025_06_CLE_PIT,3958,run,-1.0,69.0,70.0,PIT,4.0,520.0,69.0,46.0,8:40,7:54,,23.0,9.0,2.0,7.0,"1 CB, 2 DE, 3 DT, 1 FS, 2 MLB, 1 OLB, 1 SS",CB;DE;DE;DT;DT;DT;FS;MLB;MLB;OLB;SS,11,8,0,,,False,00-0039896;00-0032954;00-0038645;00-0039358;00-0023459;00-0036919;00-0039109;00-0039871;00-0033858;00-0038558;00-0036862,Zach Frazier;Isaac Seumalo;Spencer Anderson;Mason McCormick;Aaron Rodgers;Kenneth Gainwell;Broderick Jones;Troy Fautanu;Jonnu Smith;Darnell Washington;Ben Skowronek,00-0034856;00-0033868;00-0037251;00-0031270;00-0033131;00-0040685;00-0038715;00-0035525;00-0040579;00-0038711;00-0036282,Denzel Ward;Myles Garrett;Alex Wright;Shelby Harris;Maliek Collins;Mason Graham;Ronnie Hickman Jr.;Devin Bush;Carson Schwesinger;Mohamoud Diabate;Grant Delpit
2025_06_CLE_PIT,3980,pass,4.0,70.0,66.0,PIT,4.0,474.0,70.0,0.0,7:54,7:54,,23.0,9.0,3.0,8.0,"3 CB, 2 DE, 2 DT, 1 FS, 1 MLB, 2 SS",CB;CB;CB;DE;DE;DT;DT;FS;MLB;SS;SS,11,4,4,MAN_COVERAGE,2_MAN,False,00-0039896;00-0032954;00-0039358;00-0023459;00-0036919;00-0039109;00-0039871;00-0033858;00-0038558;00-0035640;00-0035298,Zach Frazier;Isaac Seumalo;Mason McCormick;Aaron Rodgers;Kenneth Gainwell;Broderick Jones;Troy Fautanu;Jonnu Smith;Darnell Washington;DK Metcalf;Scott Miller,00-0034856;00-0036974;00-0039417;00-0033868;00-0037251;00-0033131;00-0040685;00-0038715;00-0040579;00-0033941;00-0036282,Denzel Ward;Tyson Campbell;Myles Harden;Myles Garrett;Alex Wright;Maliek Collins;Mason Graham;Ronnie Hickman Jr.;Carson Schwesinger;Rayshawn Jenkins;Grant Delpit
2025_06_CLE_PIT,3992,timeout,0.0,,,,4.0,474.0,,35.0,7:54,7:19,PIT,23.0,9.0,,0.0,,,,,,,,,,,,
2025_06_CLE_PIT,4012,punt,0.0,66.0,66.0,PIT,4.0,439.0,66.0,14.0,7:19,7:05,,23.0,9.0,4.0,4.0,"3 CB, 1 DE, 1 DT, 1 FS, 1 MLB, 2 OLB, 1 SS, 1 WR",CB;CB;CB;DE;DT;FS;MLB;OLB;OLB;SS;WR,11,0,0,,,False,00-0035795;00-0035286;00-0039741;00-0040231;00-0034051;00-0038577;00-0040160;00-0035821;00-0036919;00-0037304;00-0036862,James Pierre;Cole Holcomb;Payton Wilson;Carson Bruener;Christian Kuntz;Nick Herbig;Jack Sawyer;Corliss Waitman;Kenneth Gainwell;Connor Heyward;Ben Skowronek,00-0037593;00-0039417;00-0040258;00-0037815;00-0040255;00-0033512;00-0040261;00-0034797;00-0038711;00-0040263;00-0040782,Tre Avery;Myles Harden;Dom Jones;Cameron Thomas;Adin Huntington;Damontae Kazee;Easton Mascarenas-Arnold;Jerome Baker;Mohamoud Diabate;Donovan McMillon;Isaiah Bond
2025_06_CLE_PIT,4043,run,1.0,70.0,69.0,CLE,4.0,425.0,70.0,28.0,7:05,6:37,,23.0,9.0,1.0,10.0,"3 CB, 2 DT, 1 FS, 2 ILB, 2 OLB, 1 SS",CB;CB;CB;DT;DT;FS;ILB;ILB;OLB;OLB;SS,11,6,0,,,False,00-0033901;00-0031426;00-0034399;00-0040704;00-0040784;00-0033889;00-0039755;00-0040663;00-0036407;00-0039379;00-0040782,Ethan Pocic;Joel Bitonio;Wyatt Teller;Dillon Gabriel;Quinshon Judkins;Cam Robinson;KT Leveston;Harold Fannin Jr.;Jerry Jeudy;Jamari Thrash;Isaiah Bond,00-0030062;00-0033055;00-0039167;00-0039110;00-0040678;00-0035625;00-0035286;00-0036323;00-0036333;00-0038577;00-0034277,Darius Slay;Jalen Ramsey;Joey Porter Jr.;Keeanu Benton;Derrick Harmon;Juan Thornhill;Cole Holcomb;Patrick Queen;Alex Highsmith;Nick Herbig;DeShon Elliott
2025_06_CLE_PIT,4084,pass,8.0,69.0,61.0,CLE,4.0,397.0,69.0,24.0,6:37,6:13,,23.0,9.0,2.0,9.0,"3 CB, 2 DT, 1 FS, 2 ILB, 2 OLB, 1 SS",CB;CB;CB;DT;DT;FS;ILB;ILB;OLB;OLB;SS,11,6,4,ZONE_COVERAGE,COVER_3,False,00-0033901;00-0031426;00-0034399;00-0040704;00-0040784;00-0033889;00-0039755;00-0040663;00-0036407;00-0039379;00-0040782,Ethan Pocic;Joel Bitonio;Wyatt Teller;Dillon Gabriel;Quinshon Judkins;Cam Robinson;KT Leveston;Harold Fannin Jr.;Jerry Jeudy;Jamari Thrash;Isaiah Bond,00-0030062;00-0033055;00-0039167;00-0039110;00-0040678;00-0035625;00-0035286;00-0036323;00-0036333;00-0038577;00-0034277,Darius Slay;Jalen Ramsey;Joey Porter Jr.;Keeanu Benton;Derrick Harmon;Juan Thornhill;Cole Holcomb;Patrick Queen;Alex Highsmith;Nick Herbig;DeShon Elliott
2025_06_CLE_PIT,4109,run,5.0,61.0,56.0,CLE,4.0,373.0,61.0,23.0,6:13,5:50,,23.0,9.0,3.0,1.0,"3 CB, 2 DT, 1 FS, 2 ILB, 2 OLB, 1 SS",CB;CB;CB;DT;DT;FS;ILB;ILB;OLB;OLB;SS,11,6,0,,,False,00-0033901;00-0031426;00-0034399;00-0040704;00-0040784;00-0033889;00-0039755;00-0040663;00-0036407;00-0039379;00-0040782,Ethan Pocic;Joel Bitonio;Wyatt Teller;Dillon Gabriel;Quinshon Judkins;Cam Robinson;KT Leveston;Harold Fannin Jr.;Jerry Jeudy;Jamari Thrash;Isaiah Bond,00-0030062;00-0033055;00-0039167;00-0039110;00-0040678;00-0035625;00-0035286;00-0036323;00-0036333;00-0038577;00-0034277,Darius Slay;Jalen Ramsey;Joey Porter Jr.;Keeanu Benton;Derrick Harmon;Juan Thornhill;Cole Holcomb;Patrick Queen;Alex Highsmith;Nick Herbig;DeShon Elliott
2025_06_CLE_PIT,4131,pass,8.0,56.0,48.0,CLE,4.0,350.0,56.0,22.0,5:50,5:28,,23.0,9.0,1.0,10.0,"3 CB, 2 DT, 1 FS, 2 ILB, 2 OLB, 1 SS",CB;CB;CB;DT;DT;FS;ILB;ILB;OLB;OLB;SS,11,6,4,ZONE_COVERAGE,COVER_2,False,00-0033901;00-0031426;00-0034399;00-0040704;00-0040784;00-0033889;00-0039755;00-0040663;00-0036407;00-0039379;00-0040782,Ethan Pocic;Joel Bitonio;Wyatt Teller;Dillon Gabriel;Quinshon Judkins;Cam Robinson;KT Leveston;Harold Fannin Jr.;Jerry Jeudy;Jamari Thrash;Isaiah Bond,00-0030062;00-0033055;00-0039167;00-0039110;00-0040678;00-0035625;00-0035286;00-0036323;00-0036333;00-0038577;00-0034277,Darius Slay;Jalen Ramsey;Joey Porter Jr.;Keeanu Benton;Derrick Harmon;Juan Thornhill;Cole Holcomb;Patrick Queen;Alex Highsmith;Nick Herbig;DeShon Elliott
2025_06_CLE_PIT,4159,pass,-6.0,48.0,54.0,CLE,4.0,328.0,48.0,33.0,5:28,4:55,,23.0,9.0,2.0,2.0,"3 CB, 2 DT, 1 FS, 2 ILB, 2 OLB, 1 SS",CB;CB;CB;DT;DT;FS;ILB;ILB;OLB;OLB;SS,11,5,4,MAN_COVERAGE,2_MAN,True,00-0033901;00-0031426;00-0034399;00-0040704;00-0040784;00-0033889;00-0039755;00-0040663;00-0036407;00-0039379;00-0040782,Ethan Pocic;Joel Bitonio;Wyatt Teller;Dillon Gabriel;Quinshon Judkins;Cam Robinson;KT Leveston;Harold Fannin Jr.;Jerry Jeudy;Jamari Thrash;Isaiah Bond,00-0030062;00-0033055;00-0039167;00-0039110;00-0040678;00-0035625;00-0035286;00-0036323;00-0036333;00-0038577;00-0034277,Darius Slay;Jalen Ramsey;Joey Porter Jr.;Keeanu Benton;Derrick Harmon;Juan Thornhill;Cole Holcomb;Patrick Queen;Alex Highsmith;Nick Herbig;DeShon Elliott
2025_06_CLE_PIT,4182,pass,-4.0,54.0,58.0,CLE,4.0,295.0,54.0,46.0,4:55,4:09,,23.0,9.0,3.0,8.0,"3 CB, 1 DE, 1 DT, 1 FS, 2 ILB, 2 OLB, 1 SS",CB;CB;CB;DE;DT;FS;ILB;ILB;OLB;OLB;SS,11,6,4,MAN_COVERAGE,2_MAN,True,00-0033901;00-0031426;00-0034399;00-0040704;00-0037267;00-0033889;00-0039755;00-0038710;00-0036407;00-0039379;00-0040782,Ethan Pocic;Joel Bitonio;Wyatt Teller;Dillon Gabriel;Jerome Ford;Cam Robinson;KT Leveston;Blake Whiteheart;Jerry Jeudy;Jamari Thrash;Isaiah Bond,00-0030062;00-0033055;00-0039167;00-0037274;00-0034251;00-0035625;00-0036323;00-0039741;00-0038577;00-0040160;00-0034277,Darius Slay;Jalen Ramsey;Joey Porter Jr.;Esezi Otomewo;Daniel Ekuale;Juan Thornhill;Patrick Queen;Payton Wilson;Nick Herbig;Jack Sawyer;DeShon Elliott
2025_06_CLE_PIT,4202,pass,0.0,58.0,58.0,CLE,4.0,249.0,58.0,7.0,4:09,4:02,,23.0,9.0,4.0,12.0,"3 CB, 1 DE, 1 DT, 1 FS, 2 ILB, 2 OLB, 1 SS",CB;CB;CB;DE;DT;FS;ILB;ILB;OLB;OLB;SS,11,5,4,ZONE_COVERAGE,COVER_3,True,00-0033901;00-0031426;00-0034399;00-0040704;00-0037267;00-0033889;00-0039755;00-0038710;00-0036407;00-0039379;00-0040782,Ethan Pocic;Joel Bitonio;Wyatt Teller;Dillon Gabriel;Jerome Ford;Cam Robinson;KT Leveston;Blake Whiteheart;Jerry Jeudy;Jamari Thrash;Isaiah Bond,00-0030062;00-0033055;00-0039167;00-0037274;00-0034251;00-0035625;00-0036323;00-0039741;00-0038577;00-0040160;00-0034277,Darius Slay;Jalen Ramsey;Joey Porter Jr.;Esezi Otomewo;Daniel Ekuale;Juan Thornhill;Patrick Queen;Payton Wilson;Nick Herbig;Jack Sawyer;DeShon Elliott
2025_06_CLE_PIT,4225,run,1.0,42.0,41.0,PIT,4.0,242.0,42.0,5.0,4:02,3:57,,23.0,9.0,1.0,10.0,"2 CB, 2 DE, 2 DT, 1 FS, 2 MLB, 1 OLB, 1 SS",CB;CB;DE;DE;DT;DT;FS;MLB;MLB;OLB;SS,11,7,0,,,False,00-0039896;00-0032954;00-0039358;00-0023459;00-0040142;00-0039109;00-0039871;00-0038558;00-0035640;00-0035298;00-0036862,Zach Frazier;Isaac Seumalo;Mason McCormick;Aaron Rodgers;Kaleb Johnson;Broderick Jones;Troy Fautanu;Darnell Washington;DK Metcalf;Scott Miller;Ben Skowronek,00-0034856;00-0036974;00-0033868;00-0037251;00-0033131;00-0040685;00-0038715;00-0035525;00-0040579;00-0038711;00-0036282,Denzel Ward;Tyson Campbell;Myles Garrett;Alex Wright;Maliek Collins;Mason Graham;Ronnie Hickman Jr.;Devin Bush;Carson Schwesinger;Mohamoud Diabate;Grant Delpit
2025_06_CLE_PIT,4247,pass,7.0,41.0,34.0,PIT,4.0,237.0,41.0,0.0,3:57,3:57,,23.0,9.0,2.0,9.0,"1 CB, 2 DE, 2 DT, 1 FS, 2 MLB, 2 OLB, 1 SS",CB;DE;DE;DT;DT;FS;MLB;MLB;OLB;OLB;SS,11,8,4,MAN_COVERAGE,COVER_1,False,00-0039896;00-0032954;00-0038645;00-0039358;00-0023459;00-0040142;00-0039109;00-0039871;00-0033858;00-0038558;00-0036862,Zach Frazier;Isaac Seumalo;Spencer Anderson;Mason McCormick;Aaron Rodgers;Kaleb Johnson;Broderick Jones;Troy Fautanu;Jonnu Smith;Darnell Washington;Ben Skowronek,00-0034856;00-0033868;00-0037251;00-0033131;00-0040685;00-0038715;00-0035525;00-0040579;00-0034797;00-0038711;00-0036282,Denzel Ward;Myles Garrett;Alex Wright;Maliek Collins;Mason Graham;Ronnie Hickman Jr.;Devin Bush;Carson Schwesinger;Jerome Baker;Mohamoud Diabate;Grant Delpit
2025_06_CLE_PIT,4259,timeout,0.0,,,,4.0,237.0,,7.0,3:57,3:50,CLE,23.0,9.0,,0.0,,,,,,,,,,,,
2025_06_CLE_PIT,4281,run,-2.0,34.0,36.0,PIT,4.0,230.0,34.0,0.0,3:50,3:50,,23.0,9.0,3.0,2.0,"2 CB, 2 DE, 2 DT, 1 FS, 2 MLB, 1 OLB, 1 SS",CB;CB;DE;DE;DT;DT;FS;MLB;MLB;OLB;SS,11,7,0,,,False,00-0039896;00-0032954;00-0039358;00-0023459;00-0040142;00-0039109;00-0039871;00-0033858;00-0036894;00-0038558;00-0035640,Zach Frazier;Isaac Seumalo;Mason McCormick;Aaron Rodgers;Kaleb Johnson;Broderick Jones;Troy Fautanu;Jonnu Smith;Pat Freiermuth;Darnell Washington;DK Metcalf,00-0034856;00-0036974;00-0033868;00-0037251;00-0033131;00-0040685;00-0038715;00-0035525;00-0040579;00-0038711;00-0036282,Denzel Ward;Tyson Campbell;Myles Garrett;Alex Wright;Maliek Collins;Mason Graham;Ronnie Hickman Jr.;Devin Bush;Carson Schwesinger;Mohamoud Diabate;Grant Delpit
2025_06_CLE_PIT,4293,timeout,0.0,,,,4.0,230.0,,6.0,3:50,3:44,CLE,23.0,9.0,,0.0,,,,,,,,,,,,
2025_06_CLE_PIT,4310,field_goal,0.0,36.0,36.0,PIT,4.0,224.0,36.0,0.0,3:44,3:44,,23.0,9.0,4.0,4.0,"2 CB, 3 DE, 3 DT, 1 FS, 2 MLB",CB;CB;DE;DE;DE;DT;DT;DT;FS;MLB;MLB,11,0,0,,,False,00-0036783;00-0027969;00-0040678;00-0040188;00-0038645;00-0039358;00-0031136;00-0034051;00-0035821;00-0034957;00-0038558,Ryan McCollum;Cameron Heyward;Derrick Harmon;Yahya Black;Spencer Anderson;Mason McCormick;Chris Boswell;Christian Kuntz;Corliss Waitman;Calvin Anderson;Darnell Washington,00-0034856;00-0039417;00-0033868;00-0037251;00-0037815;00-0031270;00-0033131;00-0040685;00-0038715;00-0035525;00-0040579,Denzel Ward;Myles Harden;Myles Garrett;Alex Wright;Cameron Thomas;Shelby Harris;Maliek Collins;Mason Graham;Ronnie Hickman Jr.;Devin Bush;Carson Schwesinger
2025_06_CLE_PIT,4322,timeout,0.0,,,,4.0,224.0,,5.0,3:44,3:39,CLE,23.0,9.0,,0.0,,,,,,,,,,,,
2025_06_CLE_PIT,4338,pass,4.0,56.0,52.0,CLE,4.0,219.0,56.0,30.0,3:39,3:09,,23.0,9.0,1.0,10.0,"3 CB, 2 DT, 1 FS, 2 ILB, 2 OLB, 1 SS",CB;CB;CB;DT;DT;FS;ILB;ILB;OLB;OLB;SS,11,6,4,ZONE_COVERAGE,COVER_2,True,00-0033901;00-0031426;00-0034399;00-0040704;00-0037267;00-0033889;00-0039755;00-0040663;00-0036407;00-0039379;00-0040782,Ethan Pocic;Joel Bitonio;Wyatt Teller;Dillon Gabriel;Jerome Ford;Cam Robinson;KT Leveston;Harold Fannin Jr.;Jerry Jeudy;Jamari Thrash;Isaiah Bond,00-0035795;00-0036504;00-0039167;00-0039110;00-0040678;00-0035625;00-0036323;00-0039741;00-0038577;00-0040160;00-0033883,James Pierre;Brandin Echols;Joey Porter Jr.;Keeanu Benton;Derrick Harmon;Juan Thornhill;Patrick Queen;Payton Wilson;Nick Herbig;Jack Sawyer;Jalen Ramsey
2025_06_CLE_PIT,4363,pass,5.0,52.0,47.0,CLE,4.0,189.0,52.0,30.0,3:09,2:39,,23.0,9.0,2.0,6.0,"3 CB, 2 DT, 1 FS, 2 ILB, 2 OLB, 1 SS",CB;CB;CB;DT;DT;FS;ILB;ILB;OLB;OLB;SS,11,6,4,ZONE_COVERAGE,COVER_3,False,00-0033901;00-0031426;00-0034399;00-0040704;00-0037267;00-0033889;00-0039755;00-0040663;00-0039920;00-0039379;00-0040782,Ethan Pocic;Joel Bitonio;Wyatt Teller;Dillon Gabriel;Jerome Ford;Cam Robinson;KT Leveston;Harold Fannin Jr.;Malachi Corley;Jamari Thrash;Isaiah Bond,00-0035795;00-0036504;00-0039167;00-0039110;00-0040678;00-0035625;00-0036323;00-0039741;00-0038577;00-0040160;00-0033883,James Pierre;Brandin Echols;Joey Porter Jr.;Keeanu Benton;Derrick Harmon;Juan Thornhill;Patrick Queen;Payton Wilson;Nick Herbig;Jack Sawyer;Jalen Ramsey
2025_06_CLE_PIT,4391,run,5.0,47.0,42.0,CLE,4.0,159.0,47.0,22.0,2:39,2:17,,23.0,9.0,3.0,1.0,"3 CB, 2 DT, 1 FS, 2 ILB, 2 OLB, 1 SS",CB;CB;CB;DT;DT;FS;ILB;ILB;OLB;OLB;SS,11,6,0,,,False,00-0033901;00-0031426;00-0034399;00-0040704;00-0037267;00-0033889;00-0039755;00-0040663;00-0036407;00-0039379;00-0040782,Ethan Pocic;Joel Bitonio;Wyatt Teller;Dillon Gabriel;Jerome Ford;Cam Robinson;KT Leveston;Harold Fannin Jr.;Jerry Jeudy;Jamari Thrash;Isaiah Bond,00-0035795;00-0036504;00-0039167;00-0039110;00-0040678;00-0035625;00-0036323;00-0039741;00-0038577;00-0040160;00-0034277,James Pierre;Brandin Echols;Joey Porter Jr.;Keeanu Benton;Derrick Harmon;Juan Thornhill;Patrick Queen;Payton Wilson;Nick Herbig;Jack Sawyer;DeShon Elliott
2025_06_CLE_PIT,4413,pass,0.0,42.0,42.0,CLE,4.0,137.0,42.0,5.0,2:17,2:12,,23.0,9.0,1.0,10.0,"3 CB, 2 DT, 1 FS, 2 ILB, 2 OLB, 1 SS",CB;CB;CB;DT;DT;FS;ILB;ILB;OLB;OLB;SS,11,5,4,MAN_COVERAGE,COVER_1,False,00-0033901;00-0031426;00-0034399;00-0040704;00-0037267;00-0033889;00-0039755;00-0040663;00-0036407;00-0039379;00-0040782,Ethan Pocic;Joel Bitonio;Wyatt Teller;Dillon Gabriel;Jerome Ford;Cam Robinson;KT Leveston;Harold Fannin Jr.;Jerry Jeudy;Jamari Thrash;Isaiah Bond,00-0035795;00-0036504;00-0039167;00-0039110;00-0040678;00-0035625;00-0036323;00-0039741;00-0038577;00-0040160;00-0033883,James Pierre;Brandin Echols;Joey Porter Jr.;Keeanu Benton;Derrick Harmon;Juan Thornhill;Patrick Queen;Payton Wilson;Nick Herbig;Jack Sawyer;Jalen Ramsey
2025_06_CLE_PIT,4436,pass,0.0,42.0,42.0,CLE,4.0,132.0,42.0,3.0,2:12,2:09,,23.0,9.0,2.0,10.0,"3 CB, 1 DE, 1 DT, 1 FS, 2 ILB, 2 OLB, 1 SS",CB;CB;CB;DE;DT;FS;ILB;ILB;OLB;OLB;SS,11,5,4,ZONE_COVERAGE,COVER_3,True,00-0033901;00-0031426;00-0034399;00-0040704;00-0037267;00-0033889;00-0039755;00-0040663;00-0036407;00-0039379;00-0040782,Ethan Pocic;Joel Bitonio;Wyatt Teller;Dillon Gabriel;Jerome Ford;Cam Robinson;KT Leveston;Harold Fannin Jr.;Jerry Jeudy;Jamari Thrash;Isaiah Bond,00-0035795;00-0036504;00-0039167;00-0037274;00-0040188;00-0035625;00-0036323;00-0039741;00-0038577;00-0040160;00-0033883,James Pierre;Brandin Echols;Joey Porter Jr.;Esezi Otomewo;Yahya Black;Juan Thornhill;Patrick Queen;Payton Wilson;Nick Herbig;Jack Sawyer;Jalen Ramsey
2025_06_CLE_PIT,4459,pass,24.0,42.0,18.0,CLE,4.0,129.0,42.0,9.0,2:09,2:00,,23.0,9.0,3.0,10.0,"3 CB, 1 DE, 1 DT, 1 FS, 2 ILB, 2 OLB, 1 SS",CB;CB;CB;DE;DT;FS;ILB;ILB;OLB;OLB;SS,11,6,6,MAN_COVERAGE,COVER_1,True,00-0033901;00-0031426;00-0034399;00-0040704;00-0037267;00-0033889;00-0039755;00-0040663;00-0036407;00-0039379;00-0040782,Ethan Pocic;Joel Bitonio;Wyatt Teller;Dillon Gabriel;Jerome Ford;Cam Robinson;KT Leveston;Harold Fannin Jr.;Jerry Jeudy;Jamari Thrash;Isaiah Bond,00-0035795;00-0036504;00-0039167;00-0037274;00-0040188;00-0035625;00-0036323;00-0039741;00-0038577;00-0040160;00-0033883,James Pierre;Brandin Echols;Joey Porter Jr.;Esezi Otomewo;Yahya Black;Juan Thornhill;Patrick Queen;Payton Wilson;Nick Herbig;Jack Sawyer;Jalen Ramsey
2025_06_CLE_PIT,4498,pass,0.0,18.0,18.0,CLE,4.0,120.0,18.0,5.0,2:00,1:55,,23.0,9.0,1.0,10.0,"3 CB, 1 DE, 1 DT, 1 FS, 2 ILB, 2 OLB, 1 SS",CB;CB;CB;DE;DT;FS;ILB;ILB;OLB;OLB;SS,11,6,4,ZONE_COVERAGE,COVER_3,False,00-0033901;00-0031426;00-0034399;00-0040704;00-0040162;00-0033889;00-0039755;00-0038710;00-0040663;00-0036407;00-0039379,Ethan Pocic;Joel Bitonio;Wyatt Teller;Dillon Gabriel;Dylan Sampson;Cam Robinson;KT Leveston;Blake Whiteheart;Harold Fannin Jr.;Jerry Jeudy;Jamari Thrash,00-0035795;00-0036504;00-0039167;00-0037274;00-0040188;00-0035625;00-0036323;00-0039741;00-0038577;00-0040160;00-0033883,James Pierre;Brandin Echols;Joey Porter Jr.;Esezi Otomewo;Yahya Black;Juan Thornhill;Patrick Queen;Payton Wilson;Nick Herbig;Jack Sawyer;Jalen Ramsey
2025_06_CLE_PIT,4528,pass,4.0,18.0,14.0,CLE,4.0,115.0,18.0,24.0,1:55,1:31,,23.0,9.0,2.0,10.0,"3 CB, 1 DE, 1 DT, 1 FS, 2 ILB, 2 OLB, 1 SS",CB;CB;CB;DE;DT;FS;ILB;ILB;OLB;OLB;SS,11,6,4,MAN_COVERAGE,COVER_1,True,00-0033901;00-0031426;00-0034399;00-0040704;00-0040162;00-0033889;00-0039755;00-0038710;00-0040663;00-0036407;00-0039379,Ethan Pocic;Joel Bitonio;Wyatt Teller;Dillon Gabriel;Dylan Sampson;Cam Robinson;KT Leveston;Blake Whiteheart;Harold Fannin Jr.;Jerry Jeudy;Jamari Thrash,00-0035795;00-0036504;00-0039167;00-0037274;00-0040188;00-0035625;00-0036323;00-0039741;00-0038577;00-0040160;00-0033883,James Pierre;Brandin Echols;Joey Porter Jr.;Esezi Otomewo;Yahya Black;Juan Thornhill;Patrick Queen;Payton Wilson;Nick Herbig;Jack Sawyer;Jalen Ramsey
2025_06_CLE_PIT,4556,pass,0.0,14.0,14.0,CLE,4.0,91.0,14.0,-3.0,1:31,1:34,,23.0,9.0,3.0,6.0,"3 CB, 1 DE, 1 DT, 1 FS, 2 ILB, 2 OLB, 1 SS",CB;CB;CB;DE;DT;FS;ILB;ILB;OLB;OLB;SS,11,6,4,MAN_COVERAGE,2_MAN,False,00-0033901;00-0031426;00-0034399;00-0036953;00-0040704;00-0037267;00-0039755;00-0038710;00-0040663;00-0036407;00-0039379,Ethan Pocic;Joel Bitonio;Wyatt Teller;Teven Jenkins;Dillon Gabriel;Jerome Ford;KT Leveston;Blake Whiteheart;Harold Fannin Jr.;Jerry Jeudy;Jamari Thrash,00-0035795;00-0036504;00-0039167;00-0037274;00-0034251;00-0035625;00-0036323;00-0039741;00-0038577;00-0040160;00-0034277,James Pierre;Brandin Echols;Joey Porter Jr.;Esezi Otomewo;Daniel Ekuale;Juan Thornhill;Patrick Queen;Payton Wilson;Nick Herbig;Jack Sawyer;DeShon Elliott
2025_06_CLE_PIT,4568,timeout,0.0,,,,4.0,94.0,,7.0,1:34,1:27,CLE,23.0,9.0,,0.0,,,,,,,,,,,,
2025_06_CLE_PIT,4586,pass,0.0,14.0,14.0,CLE,4.0,87.0,14.0,5.0,1:27,1:22,,23.0,9.0,4.0,6.0,"3 CB, 1 DE, 1 DT, 1 FS, 2 ILB, 2 OLB, 1 SS",CB;CB;CB;DE;DT;FS;ILB;ILB;OLB;OLB;SS,11,5,4,MAN_COVERAGE,2_MAN,False,00-0033901;00-0031426;00-0034399;00-0036953;00-0040704;00-0037267;00-0039755;00-0038710;00-0040663;00-0036407;00-0039379,Ethan Pocic;Joel Bitonio;Wyatt Teller;Teven Jenkins;Dillon Gabriel;Jerome Ford;KT Leveston;Blake Whiteheart;Harold Fannin Jr.;Jerry Jeudy;Jamari Thrash,00-0035795;00-0036504;00-0039167;00-0037274;00-0034251;00-0035625;00-0036323;00-0039741;00-0038577;00-0040160;00-0034277,James Pierre;Brandin Echols;Joey Porter Jr.;Esezi Otomewo;Daniel Ekuale;Juan Thornhill;Patrick Queen;Payton Wilson;Nick Herbig;Jack Sawyer;DeShon Elliott
2025_06_CLE_PIT,4609,qb_kneel,0.0,86.0,86.0,PIT,4.0,82.0,86.0,38.0,1:22,0:44,,23.0,9.0,1.0,10.0,"2 CB, 2 DE, 2 DT, 1 FS, 2 MLB, 1 OLB, 1 SS",CB;CB;DE;DE;DT;DT;FS;MLB;MLB;OLB;SS,11,0,0,,,False,00-0036783;00-0033055;00-0038645;00-0039358;00-0034771;00-0040142;00-0039109;00-0039871;00-0033858;00-0037304;00-0038558,Ryan McCollum;Jalen Ramsey;Spencer Anderson;Mason McCormick;Mason Rudolph;Kaleb Johnson;Broderick Jones;Troy Fautanu;Jonnu Smith;Connor Heyward;Darnell Washington,00-0034856;00-0036974;00-0037251;00-0037815;00-0031270;00-0040255;00-0038715;00-0035525;00-0040579;00-0034797;00-0036282,Denzel Ward;Tyson Campbell;Alex Wright;Cameron Thomas;Shelby Harris;Adin Huntington;Ronnie Hickman Jr.;Devin Bush;Carson Schwesinger;Jerome Baker;Grant Delpit
2025_06_CLE_PIT,4631,qb_kneel,0.0,86.0,86.0,PIT,4.0,44.0,86.0,36.0,0:44,0:08,,23.0,9.0,2.0,10.0,"2 CB, 2 DE, 2 DT, 1 FS, 2 MLB, 1 OLB, 1 SS",CB;CB;DE;DE;DT;DT;FS;MLB;MLB;OLB;SS,11,0,0,,,False,00-0036783;00-0033055;00-0038645;00-0039358;00-0034771;00-0040142;00-0039109;00-0039871;00-0033858;00-0037304;00-0038558,Ryan McCollum;Jalen Ramsey;Spencer Anderson;Mason McCormick;Mason Rudolph;Kaleb Johnson;Broderick Jones;Troy Fautanu;Jonnu Smith;Connor Heyward;Darnell Washington,00-0034856;00-0036974;00-0037251;00-0037815;00-0031270;00-0040255;00-0038715;00-0035525;00-0040579;00-0034797;00-0036282,Denzel Ward;Tyson Campbell;Alex Wright;Cameron Thomas;Shelby Harris;Adin Huntington;Ronnie Hickman Jr.;Devin Bush;Carson Schwesinger;Jerome Baker;Grant Delpit
2025_06_CLE_PIT,4653,qb_kneel,0.0,86.0,86.0,PIT,4.0,8.0,86.0,8.0,0:08,0:00,,23.0,9.0,3.0,10.0,"2 CB, 2 DE, 2 DT, 1 FS, 2 MLB, 1 OLB, 1 SS",CB;CB;DE;DE;DT;DT;FS;MLB;MLB;OLB;SS,11,0,0,,,False,00-0036783;00-0033055;00-0038645;00-0039358;00-0034771;00-0040142;00-0039109;00-0039871;00-0033858;00-0037304;00-0038558,Ryan McCollum;Jalen Ramsey;Spencer Anderson;Mason McCormick;Mason Rudolph;Kaleb Johnson;Broderick Jones;Troy Fautanu;Jonnu Smith;Connor Heyward;Darnell Washington,00-0034856;00-0036974;00-0037251;00-0037815;00-0031270;00-0040255;00-0038715;00-0035525;00-0040579;00-0034797;00-0036282,Denzel Ward;Tyson Campbell;Alex Wright;Cameron Thomas;Shelby Harris;Adin Huntington;Ronnie Hickman Jr.;Devin Bush;Carson Schwesinger;Jerome Baker;Grant Delpit
2025_06_CLE_PIT,4675,end_game,,,,PIT,4.0,0.0,,0.0,0:00,0:00,,23.0,9.0,,0.0,,,,,,,,,,,,
