game_id,play_id,play_type,yards_gained,starting_yard,ending_yard,time_of_play,time_on_clock_start,time_on_clock_end,timeout_team,home_team_score,away_team_score,down,yds_to_go,defense_personnel,defense_positions,n_defense,defenders_in_box,number_of_pass_rushers,defense_man_zone_type,defense_coverage_type,was_pressure,offense_player_ids,offense_player_names,defense_player_ids,defense_player_names
2025_06_BUF_ATL,1,start_quarter_1,,,,0.0,15:00,15:00,,0.0,0.0,,0.0,,,,,,,,,,,,
2025_06_BUF_ATL,41,kickoff,0.0,35.0,35.0,5.0,15:00,14:55,,0.0,0.0,,0.0,"2 DE, 1 FB, 3 FS, 1 K, 1 MLB, 1 OLB, 1 SS, 1 WR",DE;DE;FB;FS;FS;FS;K;MLB;OLB;SS;WR,11,0,0,,,False,00-0034639;00-0034801;00-0039370;00-0037808;00-0037263;00-0038628;00-0036429;00-0036825;00-0037277;00-0033572;00-0037487,Mike Ford;Josh Woods;JD Bertrand;DeAngelo Malone;Tyler Allgeier;DeMarcco Hellams;Charlie Woerner;Feleipe Franks;Teagan Quitoriano;Jamal Agnew;Deven Thompkins,00-0036192;00-0039879;00-0036187;00-0035357;00-0036037;00-0040192;00-0023853;00-0039763;00-0038557;00-0030114;00-0038679,A.J. Epenesa;Javon Solomon;Reggie Gilliam;Cam Lewis;Sam Franklin Jr.;Jordan Hancock;Matt Prater;Joe Andreessen;Dorian Williams;Jordan Poyer;Tyrell Shavers
2025_06_BUF_ATL,69,no_play,0.0,69.0,69.0,7.0,14:55,14:48,,0.0,0.0,1.0,10.0,"2 CB, 2 DE, 2 DT, 1 FS, 1 MLB, 2 OLB, 1 SS",CB;CB;DE;DE;DT;DT;FS;MLB;OLB;OLB;SS,11,7,0,,,False,00-0036833;00-0035630;00-0039048;00-0039917;00-0038542;00-0031279;00-0033676;00-0036429;00-0036970;00-0037238;00-0039394,Ryan Neuzil;Chris Lindstrom;Matthew Bergeron;Michael Penix Jr.;Bijan Robinson;Jake Matthews;Elijah Wilkinson;Charlie Woerner;Kyle Pitts;Drake London;Casey Washington,00-0033884;00-0037288;00-0033156;00-0036914;00-0035230;00-0040710;00-0035663;00-0037254;00-0031550;00-0038557;00-0039872,Tre'Davious White;Christian Benford;Joey Bosa;Greg Rousseau;Ed Oliver;Deone Walker;Taylor Rapp;Terrel Bernard;Shaq Thompson;Dorian Williams;Cole Bishop
2025_06_BUF_ATL,118,pass,23.0,64.0,41.0,33.0,14:48,14:15,,0.0,0.0,1.0,5.0,"2 CB, 2 DE, 2 DT, 1 FS, 1 MLB, 2 OLB, 1 SS",CB;CB;DE;DE;DT;DT;FS;MLB;OLB;OLB;SS,11,7,4,ZONE_COVERAGE,COVER_3,False,00-0036833;00-0035630;00-0039048;00-0039917;00-0038542;00-0031279;00-0033676;00-0036429;00-0036970;00-0037238;00-0039394,Ryan Neuzil;Chris Lindstrom;Matthew Bergeron;Michael Penix Jr.;Bijan Robinson;Jake Matthews;Elijah Wilkinson;Charlie Woerner;Kyle Pitts;Drake London;Casey Washington,00-0033884;00-0037288;00-0033156;00-0036914;00-0035230;00-0040710;00-0035663;00-0037254;00-0031550;00-0038557;00-0039872,Tre'Davious White;Christian Benford;Joey Bosa;Greg Rousseau;Ed Oliver;Deone Walker;Taylor Rapp;Terrel Bernard;Shaq Thompson;Dorian Williams;Cole Bishop
2025_06_BUF_ATL,143,run,2.0,41.0,39.0,32.0,14:15,13:43,,0.0,0.0,1.0,10.0,"2 CB, 2 DE, 2 DT, 1 FS, 1 MLB, 2 OLB, 1 SS",CB;CB;DE;DE;DT;DT;FS;MLB;OLB;OLB;SS,11,7,0,,,False,00-0036833;00-0035630;00-0039048;00-0039917;00-0038542;00-0031279;00-0033676;00-0036429;00-0036970;00-0037238;00-0039394,Ryan Neuzil;Chris Lindstrom;Matthew Bergeron;Michael Penix Jr.;Bijan Robinson;Jake Matthews;Elijah Wilkinson;Charlie Woerner;Kyle Pitts;Drake London;Casey Washington,00-0033884;00-0037288;00-0033156;00-0036914;00-0035230;00-0040710;00-0035663;00-0037254;00-0031550;00-0038557;00-0039872,Tre'Davious White;Christian Benford;Joey Bosa;Greg Rousseau;Ed Oliver;Deone Walker;Taylor Rapp;Terrel Bernard;Shaq Thompson;Dorian Williams;Cole Bishop
2025_06_BUF_ATL,165,pass,10.0,39.0,29.0,41.0,13:43,13:02,,0.0,0.0,2.0,8.0,"3 CB, 2 DE, 2 DT, 1 FS, 1 MLB, 1 OLB, 1 SS",CB;CB;CB;DE;DE;DT;DT;FS;MLB;OLB;SS,11,6,4,ZONE_COVERAGE,COVER_4,False,00-0036833;00-0035630;00-0039048;00-0039917;00-0038542;00-0031279;00-0033676;00-0036429;00-0036970;00-0037238;00-0039394,Ryan Neuzil;Chris Lindstrom;Matthew Bergeron;Michael Penix Jr.;Bijan Robinson;Jake Matthews;Elijah Wilkinson;Charlie Woerner;Kyle Pitts;Drake London;Casey Washington,00-0033884;00-0034376;00-0037288;00-0036192;00-0040132;00-0031557;00-0040710;00-0035663;00-0037254;00-0031550;00-0039872,Tre'Davious White;Taron Johnson;Christian Benford;A.J. Epenesa;Landon Jackson;Jordan Phillips;Deone Walker;Taylor Rapp;Terrel Bernard;Shaq Thompson;Cole Bishop
2025_06_BUF_ATL,190,run,8.0,29.0,21.0,40.0,13:02,12:22,,0.0,0.0,1.0,10.0,"2 CB, 2 DE, 2 DT, 1 FS, 1 MLB, 2 OLB, 1 SS",CB;CB;DE;DE;DT;DT;FS;MLB;OLB;OLB;SS,11,7,0,,,False,00-0036833;00-0035630;00-0039048;00-0039917;00-0038542;00-0031279;00-0033676;00-0036429;00-0036970;00-0037238;00-0039394,Ryan Neuzil;Chris Lindstrom;Matthew Bergeron;Michael Penix Jr.;Bijan Robinson;Jake Matthews;Elijah Wilkinson;Charlie Woerner;Kyle Pitts;Drake London;Casey Washington,00-0033884;00-0037288;00-0036192;00-0040132;00-0031557;00-0040710;00-0035663;00-0037254;00-0031550;00-0038557;00-0039872,Tre'Davious White;Christian Benford;A.J. Epenesa;Landon Jackson;Jordan Phillips;Deone Walker;Taylor Rapp;Terrel Bernard;Shaq Thompson;Dorian Williams;Cole Bishop
2025_06_BUF_ATL,212,run,21.0,21.0,0.0,7.0,12:22,12:15,,6.0,0.0,2.0,2.0,"2 CB, 2 DE, 2 DT, 1 FS, 1 MLB, 2 OLB, 1 SS",CB;CB;DE;DE;DT;DT;FS;MLB;OLB;OLB;SS,11,7,0,,,False,00-0036833;00-0035630;00-0039048;00-0039917;00-0037263;00-0038542;00-0031279;00-0033676;00-0036970;00-0035359;00-0037238,Ryan Neuzil;Chris Lindstrom;Matthew Bergeron;Michael Penix Jr.;Tyler Allgeier;Bijan Robinson;Jake Matthews;Elijah Wilkinson;Kyle Pitts;David Sills;Drake London,00-0033884;00-0037288;00-0036192;00-0040132;00-0031557;00-0035230;00-0035663;00-0037254;00-0031550;00-0038557;00-0039872,Tre'Davious White;Christian Benford;A.J. Epenesa;Landon Jackson;Jordan Phillips;Ed Oliver;Taylor Rapp;Terrel Bernard;Shaq Thompson;Dorian Williams;Cole Bishop
2025_06_BUF_ATL,235,extra_point,0.0,15.0,15.0,0.0,12:15,12:15,,7.0,0.0,,0.0,"2 CB, 3 DE, 2 DT, 1 FS, 2 MLB, 1 SS",CB;CB;DE;DE;DE;DT;DT;FS;MLB;MLB;SS,11,0,0,,,False,00-0038629;00-0035630;00-0036354;00-0039048;00-0037542;00-0036082;00-0032065;00-0031279;00-0033676;00-0036429;00-0037277,Jovaughn Gwyn;Chris Lindstrom;Kyle Hinton;Matthew Bergeron;John Parker Romo;Liam McCullough;Bradley Pinion;Jake Matthews;Elijah Wilkinson;Charlie Woerner;Teagan Quitoriano,00-0037288;00-0037661;00-0036192;00-0036914;00-0040132;00-0031557;00-0040710;00-0036037;00-0037254;00-0039763;00-0039872,Christian Benford;Ja'Marcus Ingram;A.J. Epenesa;Greg Rousseau;Landon Jackson;Jordan Phillips;Deone Walker;Sam Franklin Jr.;Terrel Bernard;Joe Andreessen;Cole Bishop
2025_06_BUF_ATL,250,kickoff,0.0,35.0,35.0,6.0,12:15,12:09,,7.0,0.0,,0.0,"2 CB, 2 ILB, 2 OLB, 1 P, 1 SS, 2 TE, 1 WR",CB;CB;ILB;ILB;OLB;OLB;P;SS;TE;TE;WR,11,0,0,,,False,00-0039333;00-0036192;00-0039879;00-0036187;00-0035357;00-0036037;00-0039763;00-0038557;00-0035537;00-0040194;00-0038679,Brandon Codrington;A.J. Epenesa;Javon Solomon;Reggie Gilliam;Cam Lewis;Sam Franklin Jr.;Joe Andreessen;Dorian Williams;Ty Johnson;Jackson Hawes;Tyrell Shavers,00-0034639;00-0038966;00-0034801;00-0039370;00-0037808;00-0040577;00-0032065;00-0038628;00-0036825;00-0037277;00-0034854,Mike Ford;Natrone Brooks;Josh Woods;JD Bertrand;DeAngelo Malone;Jalon Walker;Bradley Pinion;DeMarcco Hellams;Feleipe Franks;Teagan Quitoriano;KhaDarel Hodge
2025_06_BUF_ATL,280,pass,45.0,73.0,28.0,45.0,12:09,11:24,,7.0,0.0,1.0,10.0,"2 CB, 1 DE, 3 DT, 1 FS, 2 ILB, 1 OLB, 1 SS",CB;CB;DE;DT;DT;DT;FS;ILB;ILB;OLB;SS,11,8,5,ZONE_COVERAGE,COVER_4,False,00-0035679;00-0036187;00-0035668;00-0038548;00-0034857;00-0037248;00-0033904;00-0036976;00-0035689;00-0040194;00-0036988,Connor McGovern;Reggie Gilliam;David Edwards;O'Cyrus Torrence;Josh Allen;James Cook;Dion Dawkins;Spencer Brown;Dawson Knox;Jackson Hawes;Josh Palmer,00-0034843;00-0036285;00-0033072;00-0033051;00-0038980;00-0039859;00-0040148;00-0035316;00-0036990;00-0040577;00-0034675,Mike Hughes;A.J. Terrell;Leonard Floyd;David Onyemata;Zach Harrison;Brandon Dorlus;Xavier Watts;Kaden Elliss;Divine Deablo;Jalon Walker;Jessie Bates
2025_06_BUF_ATL,305,run,4.0,28.0,24.0,37.0,11:24,10:47,,7.0,0.0,1.0,10.0,"3 CB, 1 DE, 2 DT, 1 FS, 2 ILB, 1 OLB, 1 SS",CB;CB;CB;DE;DT;DT;FS;ILB;ILB;OLB;SS,11,6,0,,,False,00-0035679;00-0035668;00-0038548;00-0034857;00-0037248;00-0033904;00-0036976;00-0040194;00-0037261;00-0038679;00-0039901,Connor McGovern;David Edwards;O'Cyrus Torrence;Josh Allen;James Cook;Dion Dawkins;Spencer Brown;Jackson Hawes;Khalil Shakir;Tyrell Shavers;Keon Coleman,00-0034843;00-0037034;00-0036285;00-0033072;00-0033051;00-0039733;00-0040148;00-0035316;00-0036990;00-0040577;00-0034675,Mike Hughes;Dee Alford;A.J. Terrell;Leonard Floyd;David Onyemata;Ruke Orhorhoro;Xavier Watts;Kaden Elliss;Divine Deablo;Jalon Walker;Jessie Bates
2025_06_BUF_ATL,327,run,8.0,24.0,16.0,43.0,10:47,10:04,,7.0,0.0,2.0,6.0,"3 CB, 1 DE, 2 DT, 1 FS, 2 ILB, 1 OLB, 1 SS",CB;CB;CB;DE;DT;DT;FS;ILB;ILB;OLB;SS,11,7,4,ZONE_COVERAGE,COVER_9,False,00-0035679;00-0035668;00-0038548;00-0034857;00-0037248;00-0033904;00-0036976;00-0040194;00-0037261;00-0038679;00-0039901,Connor McGovern;David Edwards;O'Cyrus Torrence;Josh Allen;James Cook;Dion Dawkins;Spencer Brown;Jackson Hawes;Khalil Shakir;Tyrell Shavers;Keon Coleman,00-0034843;00-0037034;00-0036285;00-0033072;00-0033051;00-0039733;00-0040148;00-0035316;00-0036990;00-0040577;00-0034675,Mike Hughes;Dee Alford;A.J. Terrell;Leonard Floyd;David Onyemata;Ruke Orhorhoro;Xavier Watts;Kaden Elliss;Divine Deablo;Jalon Walker;Jessie Bates
2025_06_BUF_ATL,349,run,2.0,16.0,14.0,39.0,10:04,9:25,,7.0,0.0,1.0,10.0,"2 CB, 3 DT, 1 FS, 2 ILB, 2 OLB, 1 SS",CB;CB;DT;DT;DT;FS;ILB;ILB;OLB;OLB;SS,11,7,0,,,False,00-0035679;00-0036187;00-0035668;00-0038548;00-0034857;00-0037248;00-0033904;00-0036976;00-0035689;00-0040194;00-0039901,Connor McGovern;Reggie Gilliam;David Edwards;O'Cyrus Torrence;Josh Allen;James Cook;Dion Dawkins;Spencer Brown;Dawson Knox;Jackson Hawes;Keon Coleman,00-0034843;00-0036285;00-0037298;00-0038980;00-0039733;00-0040148;00-0035316;00-0036990;00-0038116;00-0040578;00-0034675,Mike Hughes;A.J. Terrell;Sam Roberts;Zach Harrison;Ruke Orhorhoro;Xavier Watts;Kaden Elliss;Divine Deablo;Arnold Ebiketie;James Pearce Jr.;Jessie Bates
2025_06_BUF_ATL,371,no_play,0.0,14.0,14.0,28.0,9:25,8:57,,7.0,0.0,2.0,8.0,"3 CB, 2 DT, 1 FS, 2 ILB, 2 OLB, 1 SS",CB;CB;CB;DT;DT;FS;ILB;ILB;OLB;OLB;SS,11,6,4,MAN_COVERAGE,COVER_1,False,00-0035679;00-0035668;00-0038548;00-0034857;00-0037248;00-0033904;00-0036976;00-0035689;00-0036980;00-0037261;00-0038679,Connor McGovern;David Edwards;O'Cyrus Torrence;Josh Allen;James Cook;Dion Dawkins;Spencer Brown;Dawson Knox;Elijah Moore;Khalil Shakir;Tyrell Shavers,00-0034843;00-0037034;00-0036285;00-0037298;00-0039733;00-0040148;00-0035316;00-0036990;00-0038116;00-0040578;00-0034675,Mike Hughes;Dee Alford;A.J. Terrell;Sam Roberts;Ruke Orhorhoro;Xavier Watts;Kaden Elliss;Divine Deablo;Arnold Ebiketie;James Pearce Jr.;Jessie Bates
2025_06_BUF_ATL,407,run,5.0,24.0,19.0,49.0,8:57,8:08,,7.0,0.0,2.0,18.0,"3 CB, 2 DT, 1 FS, 2 ILB, 2 OLB, 1 SS",CB;CB;CB;DT;DT;FS;ILB;ILB;OLB;OLB;SS,11,6,3,ZONE_COVERAGE,COVER_3,True,00-0035679;00-0035668;00-0038548;00-0034857;00-0037248;00-0033904;00-0036976;00-0035689;00-0036980;00-0037261;00-0039901,Connor McGovern;David Edwards;O'Cyrus Torrence;Josh Allen;James Cook;Dion Dawkins;Spencer Brown;Dawson Knox;Elijah Moore;Khalil Shakir;Keon Coleman,00-0034843;00-0037034;00-0036285;00-0033051;00-0038980;00-0040148;00-0035316;00-0036990;00-0038116;00-0040578;00-0034675,Mike Hughes;Dee Alford;A.J. Terrell;David Onyemata;Zach Harrison;Xavier Watts;Kaden Elliss;Divine Deablo;Arnold Ebiketie;James Pearce Jr.;Jessie Bates
2025_06_BUF_ATL,429,pass,19.0,19.0,0.0,7.0,8:08,8:01,,7.0,6.0,3.0,13.0,"3 CB, 1 DE, 1 DT, 1 FS, 2 ILB, 2 OLB, 1 SS",CB;CB;CB;DE;DT;FS;ILB;ILB;OLB;OLB;SS,11,5,4,ZONE_COVERAGE,COVER_3,False,00-0035679;00-0035668;00-0038548;00-0034857;00-0035537;00-0033904;00-0036976;00-0035689;00-0036988;00-0037261;00-0039901,Connor McGovern;David Edwards;O'Cyrus Torrence;Josh Allen;Ty Johnson;Dion Dawkins;Spencer Brown;Dawson Knox;Josh Palmer;Khalil Shakir;Keon Coleman,00-0034843;00-0037034;00-0036285;00-0033072;00-0039733;00-0040148;00-0035316;00-0036990;00-0040577;00-0040578;00-0034675,Mike Hughes;Dee Alford;A.J. Terrell;Leonard Floyd;Ruke Orhorhoro;Xavier Watts;Kaden Elliss;Divine Deablo;Jalon Walker;James Pearce Jr.;Jessie Bates
2025_06_BUF_ATL,455,extra_point,0.0,15.0,15.0,0.0,8:01,8:01,,7.0,7.0,,0.0,"2 CB, 4 DT, 2 ILB, 1 OLB, 2 SS",CB;CB;DT;DT;DT;DT;ILB;ILB;OLB;SS;SS,11,0,0,,,False,00-0039876;00-0040710;00-0036187;00-0035668;00-0037428;00-0038548;00-0023853;00-0032497;00-0034941;00-0033904;00-0037404,Sedrick Van Pran-Granger;Deone Walker;Reggie Gilliam;David Edwards;Alec Anderson;O'Cyrus Torrence;Matt Prater;Reid Ferguson;Mitch Wishnowsky;Dion Dawkins;Ryan Van Demark,00-0034639;00-0038966;00-0033051;00-0038980;00-0039733;00-0039859;00-0034801;00-0039370;00-0037808;00-0034675;00-0038628,Mike Ford;Natrone Brooks;David Onyemata;Zach Harrison;Ruke Orhorhoro;Brandon Dorlus;Josh Woods;JD Bertrand;DeAngelo Malone;Jessie Bates;DeMarcco Hellams
2025_06_BUF_ATL,477,kickoff,0.0,35.0,35.0,6.0,8:01,7:55,,7.0,7.0,,0.0,"2 DE, 1 FB, 3 FS, 1 K, 1 MLB, 1 OLB, 1 SS, 1 WR",DE;DE;FB;FS;FS;FS;K;MLB;OLB;SS;WR,11,0,0,,,False,00-0034639;00-0034801;00-0039370;00-0037808;00-0037263;00-0038628;00-0036429;00-0036825;00-0037277;00-0033572;00-0037487,Mike Ford;Josh Woods;JD Bertrand;DeAngelo Malone;Tyler Allgeier;DeMarcco Hellams;Charlie Woerner;Feleipe Franks;Teagan Quitoriano;Jamal Agnew;Deven Thompkins,00-0036192;00-0039879;00-0036187;00-0035357;00-0036037;00-0040192;00-0023853;00-0039763;00-0038557;00-0030114;00-0038679,A.J. Epenesa;Javon Solomon;Reggie Gilliam;Cam Lewis;Sam Franklin Jr.;Jordan Hancock;Matt Prater;Joe Andreessen;Dorian Williams;Jordan Poyer;Tyrell Shavers
2025_06_BUF_ATL,516,no_play,0.0,58.0,58.0,0.0,7:55,7:55,,7.0,7.0,1.0,10.0,"2 CB, 2 DE, 2 DT, 1 FS, 1 MLB, 2 OLB, 1 SS",CB;CB;DE;DE;DT;DT;FS;MLB;OLB;OLB;SS,11,0,0,,,False,00-0036833;00-0035630;00-0039048;00-0039917;00-0038542;00-0031279;00-0033676;00-0036429;00-0036970;00-0037238;00-0039394,Ryan Neuzil;Chris Lindstrom;Matthew Bergeron;Michael Penix Jr.;Bijan Robinson;Jake Matthews;Elijah Wilkinson;Charlie Woerner;Kyle Pitts;Drake London;Casey Washington,00-0033884;00-0037288;00-0033156;00-0036914;00-0035230;00-0040710;00-0035663;00-0037254;00-0031550;00-0038557;00-0039872,Tre'Davious White;Christian Benford;Joey Bosa;Greg Rousseau;Ed Oliver;Deone Walker;Taylor Rapp;Terrel Bernard;Shaq Thompson;Dorian Williams;Cole Bishop
2025_06_BUF_ATL,540,pass,2.0,63.0,61.0,29.0,7:55,7:26,,7.0,7.0,1.0,15.0,"3 CB, 2 DE, 2 DT, 1 FS, 1 MLB, 1 OLB, 1 SS",CB;CB;CB;DE;DE;DT;DT;FS;MLB;OLB;SS,11,6,4,ZONE_COVERAGE,COVER_2,False,00-0036833;00-0035630;00-0039048;00-0039917;00-0038542;00-0031279;00-0033676;00-0036429;00-0036970;00-0037238;00-0039394,Ryan Neuzil;Chris Lindstrom;Matthew Bergeron;Michael Penix Jr.;Bijan Robinson;Jake Matthews;Elijah Wilkinson;Charlie Woerner;Kyle Pitts;Drake London;Casey Washington,00-0033884;00-0034376;00-0037288;00-0033156;00-0036914;00-0035230;00-0040710;00-0035663;00-0037254;00-0031550;00-0039872,Tre'Davious White;Taron Johnson;Christian Benford;Joey Bosa;Greg Rousseau;Ed Oliver;Deone Walker;Taylor Rapp;Terrel Bernard;Shaq Thompson;Cole Bishop
2025_06_BUF_ATL,565,pass,0.0,61.0,61.0,4.0,7:26,7:22,,7.0,7.0,2.0,13.0,"3 CB, 2 DE, 2 DT, 1 FS, 1 MLB, 1 OLB, 1 SS",CB;CB;CB;DE;DE;DT;DT;FS;MLB;OLB;SS,11,6,4,MAN_COVERAGE,COVER_1,False,00-0036833;00-0035630;00-0039048;00-0039917;00-0038542;00-0031279;00-0033676;00-0036429;00-0036970;00-0037238;00-0039394,Ryan Neuzil;Chris Lindstrom;Matthew Bergeron;Michael Penix Jr.;Bijan Robinson;Jake Matthews;Elijah Wilkinson;Charlie Woerner;Kyle Pitts;Drake London;Casey Washington,00-0033884;00-0034376;00-0037288;00-0033156;00-0036914;00-0035230;00-0040710;00-0035663;00-0037254;00-0031550;00-0039872,Tre'Davious White;Taron Johnson;Christian Benford;Joey Bosa;Greg Rousseau;Ed Oliver;Deone Walker;Taylor Rapp;Terrel Bernard;Shaq Thompson;Cole Bishop
2025_06_BUF_ATL,588,pass,-4.0,61.0,65.0,45.0,7:22,6:37,,7.0,7.0,3.0,13.0,"3 CB, 3 DE, 1 DT, 2 FS, 1 MLB, 1 SS",CB;CB;CB;DE;DE;DE;DT;FS;FS;MLB;SS,11,6,5,MAN_COVERAGE,2_MAN,True,00-0036833;00-0035630;00-0039048;00-0039917;00-0038542;00-0031279;00-0033676;00-0036970;00-0035359;00-0037238;00-0039394,Ryan Neuzil;Chris Lindstrom;Matthew Bergeron;Michael Penix Jr.;Bijan Robinson;Jake Matthews;Elijah Wilkinson;Kyle Pitts;David Sills;Drake London;Casey Washington,00-0033884;00-0034376;00-0037288;00-0033156;00-0036914;00-0039879;00-0035230;00-0035663;00-0035357;00-0037254;00-0039872,Tre'Davious White;Taron Johnson;Christian Benford;Joey Bosa;Greg Rousseau;Javon Solomon;Ed Oliver;Taylor Rapp;Cam Lewis;Terrel Bernard;Cole Bishop
2025_06_BUF_ATL,608,punt,0.0,65.0,65.0,11.0,6:37,6:26,,7.0,7.0,4.0,17.0,"2 CB, 2 DE, 1 FB, 3 FS, 1 MLB, 1 OLB, 1 WR",CB;CB;DE;DE;FB;FS;FS;FS;MLB;OLB;WR,11,0,0,,,False,00-0034639;00-0034801;00-0039370;00-0036082;00-0037808;00-0032065;00-0037263;00-0038628;00-0036825;00-0037277;00-0034854,Mike Ford;Josh Woods;JD Bertrand;Liam McCullough;DeAngelo Malone;Bradley Pinion;Tyler Allgeier;DeMarcco Hellams;Feleipe Franks;Teagan Quitoriano;KhaDarel Hodge,00-0037661;00-0039333;00-0039879;00-0040132;00-0036187;00-0035357;00-0036037;00-0040192;00-0039763;00-0038557;00-0038679,Ja'Marcus Ingram;Brandon Codrington;Javon Solomon;Landon Jackson;Reggie Gilliam;Cam Lewis;Sam Franklin Jr.;Jordan Hancock;Joe Andreessen;Dorian Williams;Tyrell Shavers
2025_06_BUF_ATL,634,pass,0.0,74.0,74.0,5.0,6:26,6:21,,7.0,7.0,1.0,10.0,"2 CB, 3 DT, 1 FS, 2 ILB, 2 OLB, 1 SS",CB;CB;DT;DT;DT;FS;ILB;ILB;OLB;OLB;SS,11,8,4,ZONE_COVERAGE,COVER_4,False,00-0035679;00-0036187;00-0035668;00-0038548;00-0034857;00-0037248;00-0033904;00-0036976;00-0035689;00-0040194;00-0036988,Connor McGovern;Reggie Gilliam;David Edwards;O'Cyrus Torrence;Josh Allen;James Cook;Dion Dawkins;Spencer Brown;Dawson Knox;Jackson Hawes;Josh Palmer,00-0034843;00-0036285;00-0033051;00-0038980;00-0039859;00-0040148;00-0035316;00-0036990;00-0038116;00-0040577;00-0034675,Mike Hughes;A.J. Terrell;David Onyemata;Zach Harrison;Brandon Dorlus;Xavier Watts;Kaden Elliss;Divine Deablo;Arnold Ebiketie;Jalon Walker;Jessie Bates
2025_06_BUF_ATL,664,run,0.0,74.0,74.0,45.0,6:21,5:36,,7.0,7.0,2.0,10.0,"3 CB, 2 DT, 1 FS, 2 ILB, 2 OLB, 1 SS",CB;CB;CB;DT;DT;FS;ILB;ILB;OLB;OLB;SS,11,6,0,,,False,00-0035679;00-0035668;00-0038548;00-0034857;00-0037248;00-0033904;00-0036976;00-0035689;00-0036988;00-0037261;00-0038679,Connor McGovern;David Edwards;O'Cyrus Torrence;Josh Allen;James Cook;Dion Dawkins;Spencer Brown;Dawson Knox;Josh Palmer;Khalil Shakir;Tyrell Shavers,00-0034843;00-0037034;00-0036285;00-0033051;00-0039733;00-0040148;00-0035316;00-0036990;00-0038116;00-0040577;00-0034675,Mike Hughes;Dee Alford;A.J. Terrell;David Onyemata;Ruke Orhorhoro;Xavier Watts;Kaden Elliss;Divine Deablo;Arnold Ebiketie;Jalon Walker;Jessie Bates
2025_06_BUF_ATL,686,pass,0.0,74.0,74.0,4.0,5:36,5:32,,7.0,7.0,3.0,10.0,"3 CB, 1 DE, 1 DT, 1 FS, 2 ILB, 2 OLB, 1 SS",CB;CB;CB;DE;DT;FS;ILB;ILB;OLB;OLB;SS,11,7,6,ZONE_COVERAGE,COVER_2,True,00-0035679;00-0035668;00-0038548;00-0034857;00-0035537;00-0033904;00-0036976;00-0035689;00-0037261;00-0038679;00-0039901,Connor McGovern;David Edwards;O'Cyrus Torrence;Josh Allen;Ty Johnson;Dion Dawkins;Spencer Brown;Dawson Knox;Khalil Shakir;Tyrell Shavers;Keon Coleman,00-0034843;00-0037034;00-0036285;00-0033072;00-0039859;00-0040148;00-0035316;00-0036990;00-0040577;00-0040578;00-0034675,Mike Hughes;Dee Alford;A.J. Terrell;Leonard Floyd;Brandon Dorlus;Xavier Watts;Kaden Elliss;Divine Deablo;Jalon Walker;James Pearce Jr.;Jessie Bates
2025_06_BUF_ATL,711,punt,0.0,74.0,74.0,7.0,5:32,5:25,,7.0,7.0,4.0,10.0,"3 CB, 1 DT, 2 ILB, 1 OLB, 1 SS, 1 TE, 2 WR",CB;CB;CB;DT;ILB;ILB;OLB;SS;TE;WR;WR,11,0,0,,,False,00-0037661;00-0039879;00-0036187;00-0035357;00-0036037;00-0032497;00-0039763;00-0038557;00-0034941;00-0035537;00-0039875,Ja'Marcus Ingram;Javon Solomon;Reggie Gilliam;Cam Lewis;Sam Franklin Jr.;Reid Ferguson;Joe Andreessen;Dorian Williams;Mitch Wishnowsky;Ty Johnson;Ray Davis,00-0034639;00-0036561;00-0038966;00-0038980;00-0034801;00-0039370;00-0037808;00-0038628;00-0036825;00-0033572;00-0034854,Mike Ford;Keith Taylor;Natrone Brooks;Zach Harrison;Josh Woods;JD Bertrand;DeAngelo Malone;DeMarcco Hellams;Feleipe Franks;Jamal Agnew;KhaDarel Hodge
2025_06_BUF_ATL,777,run,-1.0,66.0,67.0,38.0,5:25,4:47,,7.0,7.0,1.0,10.0,"3 CB, 2 DE, 2 DT, 1 FS, 1 MLB, 1 OLB, 1 SS",CB;CB;CB;DE;DE;DT;DT;FS;MLB;OLB;SS,11,6,0,,,False,00-0036833;00-0035630;00-0039048;00-0039917;00-0037263;00-0031279;00-0033676;00-0036429;00-0035359;00-0037238;00-0039394,Ryan Neuzil;Chris Lindstrom;Matthew Bergeron;Michael Penix Jr.;Tyler Allgeier;Jake Matthews;Elijah Wilkinson;Charlie Woerner;David Sills;Drake London;Casey Washington,00-0033884;00-0034376;00-0037288;00-0036192;00-0036914;00-0035230;00-0040710;00-0035663;00-0037254;00-0031550;00-0039872,Tre'Davious White;Taron Johnson;Christian Benford;A.J. Epenesa;Greg Rousseau;Ed Oliver;Deone Walker;Taylor Rapp;Terrel Bernard;Shaq Thompson;Cole Bishop
2025_06_BUF_ATL,799,pass,8.0,67.0,59.0,41.0,4:47,4:06,,7.0,7.0,2.0,11.0,"3 CB, 2 DE, 2 DT, 1 FS, 1 MLB, 1 OLB, 1 SS",CB;CB;CB;DE;DE;DT;DT;FS;MLB;OLB;SS,11,6,4,ZONE_COVERAGE,COVER_6,False,00-0036833;00-0035630;00-0039048;00-0039917;00-0038542;00-0031279;00-0033676;00-0036429;00-0036970;00-0037238;00-0039394,Ryan Neuzil;Chris Lindstrom;Matthew Bergeron;Michael Penix Jr.;Bijan Robinson;Jake Matthews;Elijah Wilkinson;Charlie Woerner;Kyle Pitts;Drake London;Casey Washington,00-0033884;00-0034376;00-0037288;00-0036192;00-0036914;00-0035230;00-0040710;00-0035663;00-0037254;00-0031550;00-0039872,Tre'Davious White;Taron Johnson;Christian Benford;A.J. Epenesa;Greg Rousseau;Ed Oliver;Deone Walker;Taylor Rapp;Terrel Bernard;Shaq Thompson;Cole Bishop
2025_06_BUF_ATL,824,no_play,0.0,59.0,59.0,3.0,4:06,4:03,,7.0,7.0,3.0,3.0,"3 CB, 3 DE, 2 DT, 1 FS, 1 MLB, 1 SS",CB;CB;CB;DE;DE;DE;DT;DT;FS;MLB;SS,11,6,4,ZONE_COVERAGE,COVER_3,False,00-0036833;00-0035630;00-0039048;00-0039917;00-0038542;00-0031279;00-0033676;00-0036429;00-0036970;00-0037238;00-0039394,Ryan Neuzil;Chris Lindstrom;Matthew Bergeron;Michael Penix Jr.;Bijan Robinson;Jake Matthews;Elijah Wilkinson;Charlie Woerner;Kyle Pitts;Drake London;Casey Washington,00-0033884;00-0034376;00-0037288;00-0036192;00-0036914;00-0039879;00-0035230;00-0040710;00-0035663;00-0037254;00-0039872,Tre'Davious White;Taron Johnson;Christian Benford;A.J. Epenesa;Greg Rousseau;Javon Solomon;Ed Oliver;Deone Walker;Taylor Rapp;Terrel Bernard;Cole Bishop
2025_06_BUF_ATL,863,no_play,0.0,54.0,54.0,0.0,4:03,4:03,,7.0,7.0,1.0,10.0,"2 CB, 2 DE, 2 DT, 1 FS, 1 MLB, 2 OLB, 1 SS",CB;CB;DE;DE;DT;DT;FS;MLB;OLB;OLB;SS,11,0,0,,,False,00-0036833;00-0035630;00-0039048;00-0039917;00-0038542;00-0031279;00-0033676;00-0036429;00-0036970;00-0037238;00-0039394,Ryan Neuzil;Chris Lindstrom;Matthew Bergeron;Michael Penix Jr.;Bijan Robinson;Jake Matthews;Elijah Wilkinson;Charlie Woerner;Kyle Pitts;Drake London;Casey Washington,00-0033884;00-0037288;00-0033156;00-0036192;00-0031557;00-0040710;00-0035663;00-0037254;00-0031550;00-0038557;00-0039872,Tre'Davious White;Christian Benford;Joey Bosa;A.J. Epenesa;Jordan Phillips;Deone Walker;Taylor Rapp;Terrel Bernard;Shaq Thompson;Dorian Williams;Cole Bishop
2025_06_BUF_ATL,887,run,7.0,59.0,52.0,40.0,4:03,3:23,,7.0,7.0,1.0,15.0,"3 CB, 2 DE, 2 DT, 1 FS, 1 MLB, 1 OLB, 1 SS",CB;CB;CB;DE;DE;DT;DT;FS;MLB;OLB;SS,11,6,0,,,False,00-0036833;00-0035630;00-0039048;00-0039917;00-0038542;00-0031279;00-0033676;00-0036429;00-0036970;00-0037238;00-0039394,Ryan Neuzil;Chris Lindstrom;Matthew Bergeron;Michael Penix Jr.;Bijan Robinson;Jake Matthews;Elijah Wilkinson;Charlie Woerner;Kyle Pitts;Drake London;Casey Washington,00-0033884;00-0034376;00-0037288;00-0033156;00-0036192;00-0031557;00-0040710;00-0035663;00-0037254;00-0031550;00-0039872,Tre'Davious White;Taron Johnson;Christian Benford;Joey Bosa;A.J. Epenesa;Jordan Phillips;Deone Walker;Taylor Rapp;Terrel Bernard;Shaq Thompson;Cole Bishop
2025_06_BUF_ATL,909,run,1.0,52.0,51.0,39.0,3:23,2:44,,7.0,7.0,2.0,8.0,"3 CB, 2 DE, 2 DT, 1 FS, 1 MLB, 1 OLB, 1 SS",CB;CB;CB;DE;DE;DT;DT;FS;MLB;OLB;SS,11,6,0,,,False,00-0036833;00-0035630;00-0039048;00-0039917;00-0038542;00-0031279;00-0033676;00-0036429;00-0036970;00-0037238;00-0039394,Ryan Neuzil;Chris Lindstrom;Matthew Bergeron;Michael Penix Jr.;Bijan Robinson;Jake Matthews;Elijah Wilkinson;Charlie Woerner;Kyle Pitts;Drake London;Casey Washington,00-0033884;00-0034376;00-0037288;00-0033156;00-0036192;00-0031557;00-0040710;00-0035663;00-0037254;00-0031550;00-0039872,Tre'Davious White;Taron Johnson;Christian Benford;Joey Bosa;A.J. Epenesa;Jordan Phillips;Deone Walker;Taylor Rapp;Terrel Bernard;Shaq Thompson;Cole Bishop
2025_06_BUF_ATL,931,pass,20.0,51.0,31.0,33.0,2:44,2:11,,7.0,7.0,3.0,7.0,"3 CB, 3 DE, 1 DT, 1 FS, 1 MLB, 1 OLB, 1 SS",CB;CB;CB;DE;DE;DE;DT;FS;MLB;OLB;SS,11,6,5,ZONE_COVERAGE,COVER_3,False,00-0036833;00-0035630;00-0039048;00-0039917;00-0038542;00-0031279;00-0033676;00-0036429;00-0036970;00-0037238;00-0039394,Ryan Neuzil;Chris Lindstrom;Matthew Bergeron;Michael Penix Jr.;Bijan Robinson;Jake Matthews;Elijah Wilkinson;Charlie Woerner;Kyle Pitts;Drake London;Casey Washington,00-0033884;00-0034376;00-0037288;00-0033156;00-0036914;00-0039879;00-0035230;00-0035663;00-0037254;00-0031550;00-0039872,Tre'Davious White;Taron Johnson;Christian Benford;Joey Bosa;Greg Rousseau;Javon Solomon;Ed Oliver;Taylor Rapp;Terrel Bernard;Shaq Thompson;Cole Bishop
2025_06_BUF_ATL,956,run,22.0,31.0,9.0,49.0,2:11,1:22,,7.0,7.0,1.0,10.0,"3 CB, 2 DE, 2 DT, 1 FS, 1 MLB, 1 OLB, 1 SS",CB;CB;CB;DE;DE;DT;DT;FS;MLB;OLB;SS,11,6,0,,,False,00-0036833;00-0035630;00-0039048;00-0039917;00-0038542;00-0031279;00-0033676;00-0036429;00-0036970;00-0037238;00-0039394,Ryan Neuzil;Chris Lindstrom;Matthew Bergeron;Michael Penix Jr.;Bijan Robinson;Jake Matthews;Elijah Wilkinson;Charlie Woerner;Kyle Pitts;Drake London;Casey Washington,00-0033884;00-0034376;00-0037288;00-0033156;00-0036914;00-0035230;00-0040710;00-0035663;00-0037254;00-0031550;00-0039872,Tre'Davious White;Taron Johnson;Christian Benford;Joey Bosa;Greg Rousseau;Ed Oliver;Deone Walker;Taylor Rapp;Terrel Bernard;Shaq Thompson;Cole Bishop
2025_06_BUF_ATL,978,run,0.0,9.0,9.0,45.0,1:22,0:37,,7.0,7.0,1.0,9.0,"3 CB, 2 DE, 2 DT, 1 FS, 1 MLB, 1 OLB, 1 SS",CB;CB;CB;DE;DE;DT;DT;FS;MLB;OLB;SS,11,6,0,,,False,00-0036833;00-0035630;00-0039048;00-0039917;00-0038542;00-0031279;00-0033676;00-0036429;00-0036970;00-0035359;00-0037238,Ryan Neuzil;Chris Lindstrom;Matthew Bergeron;Michael Penix Jr.;Bijan Robinson;Jake Matthews;Elijah Wilkinson;Charlie Woerner;Kyle Pitts;David Sills;Drake London,00-0033884;00-0034376;00-0037288;00-0036192;00-0036914;00-0035230;00-0040710;00-0035663;00-0037254;00-0031550;00-0039872,Tre'Davious White;Taron Johnson;Christian Benford;A.J. Epenesa;Greg Rousseau;Ed Oliver;Deone Walker;Taylor Rapp;Terrel Bernard;Shaq Thompson;Cole Bishop
2025_06_BUF_ATL,1000,pass,0.0,9.0,9.0,5.0,0:37,0:32,,7.0,7.0,2.0,9.0,"3 CB, 2 DE, 2 DT, 1 FS, 1 MLB, 1 OLB, 1 SS",CB;CB;CB;DE;DE;DT;DT;FS;MLB;OLB;SS,11,7,4,ZONE_COVERAGE,COVER_3,False,00-0036833;00-0035630;00-0039048;00-0039917;00-0037263;00-0031279;00-0033676;00-0036970;00-0035359;00-0037238;00-0039394,Ryan Neuzil;Chris Lindstrom;Matthew Bergeron;Michael Penix Jr.;Tyler Allgeier;Jake Matthews;Elijah Wilkinson;Kyle Pitts;David Sills;Drake London;Casey Washington,00-0033884;00-0034376;00-0037288;00-0036192;00-0036914;00-0035230;00-0040710;00-0035663;00-0037254;00-0031550;00-0039872,Tre'Davious White;Taron Johnson;Christian Benford;A.J. Epenesa;Greg Rousseau;Ed Oliver;Deone Walker;Taylor Rapp;Terrel Bernard;Shaq Thompson;Cole Bishop
2025_06_BUF_ATL,1023,pass,9.0,9.0,0.0,6.0,0:32,0:26,,13.0,7.0,3.0,9.0,"3 CB, 3 DE, 1 DT, 1 FS, 1 MLB, 1 OLB, 1 SS",CB;CB;CB;DE;DE;DE;DT;FS;MLB;OLB;SS,11,6,3,MAN_COVERAGE,2_MAN,False,00-0036833;00-0035630;00-0039048;00-0039917;00-0038542;00-0031279;00-0033676;00-0036970;00-0035359;00-0037238;00-0039394,Ryan Neuzil;Chris Lindstrom;Matthew Bergeron;Michael Penix Jr.;Bijan Robinson;Jake Matthews;Elijah Wilkinson;Kyle Pitts;David Sills;Drake London;Casey Washington,00-0033884;00-0034376;00-0037288;00-0033156;00-0036192;00-0039879;00-0035230;00-0035663;00-0037254;00-0031550;00-0039872,Tre'Davious White;Taron Johnson;Christian Benford;Joey Bosa;A.J. Epenesa;Javon Solomon;Ed Oliver;Taylor Rapp;Terrel Bernard;Shaq Thompson;Cole Bishop
2025_06_BUF_ATL,1049,extra_point,0.0,15.0,15.0,0.0,0:26,0:26,,14.0,7.0,,0.0,"2 CB, 3 DE, 2 DT, 1 FS, 2 MLB, 1 SS",CB;CB;DE;DE;DE;DT;DT;FS;MLB;MLB;SS,11,0,0,,,False,00-0038629;00-0035630;00-0036354;00-0039048;00-0037542;00-0036082;00-0032065;00-0031279;00-0033676;00-0036429;00-0037277,Jovaughn Gwyn;Chris Lindstrom;Kyle Hinton;Matthew Bergeron;John Parker Romo;Liam McCullough;Bradley Pinion;Jake Matthews;Elijah Wilkinson;Charlie Woerner;Teagan Quitoriano,00-0037288;00-0037661;00-0036192;00-0036914;00-0040132;00-0031557;00-0040710;00-0036037;00-0037254;00-0039763;00-0039872,Christian Benford;Ja'Marcus Ingram;A.J. Epenesa;Greg Rousseau;Landon Jackson;Jordan Phillips;Deone Walker;Sam Franklin Jr.;Terrel Bernard;Joe Andreessen;Cole Bishop
2025_06_BUF_ATL,1064,kickoff,0.0,35.0,35.0,6.0,0:26,0:20,,14.0,7.0,,0.0,"2 CB, 2 ILB, 2 OLB, 1 P, 1 SS, 2 TE, 1 WR",CB;CB;ILB;ILB;OLB;OLB;P;SS;TE;TE;WR,11,0,0,,,False,00-0039333;00-0036192;00-0039879;00-0036187;00-0035357;00-0036037;00-0039763;00-0038557;00-0035537;00-0040194;00-0038679,Brandon Codrington;A.J. Epenesa;Javon Solomon;Reggie Gilliam;Cam Lewis;Sam Franklin Jr.;Joe Andreessen;Dorian Williams;Ty Johnson;Jackson Hawes;Tyrell Shavers,00-0034639;00-0038966;00-0034801;00-0039370;00-0037808;00-0040577;00-0032065;00-0038628;00-0036825;00-0037277;00-0034854,Mike Ford;Natrone Brooks;Josh Woods;JD Bertrand;DeAngelo Malone;Jalon Walker;Bradley Pinion;DeMarcco Hellams;Feleipe Franks;Teagan Quitoriano;KhaDarel Hodge
2025_06_BUF_ATL,1087,run,0.0,74.0,74.0,20.0,0:20,0:00,,14.0,7.0,1.0,10.0,"3 CB, 2 DT, 1 FS, 2 ILB, 2 OLB, 1 SS",CB;CB;CB;DT;DT;FS;ILB;ILB;OLB;OLB;SS,11,6,0,,,False,00-0035679;00-0035668;00-0038548;00-0034857;00-0037248;00-0033904;00-0036976;00-0040194;00-0036980;00-0037261;00-0039901,Connor McGovern;David Edwards;O'Cyrus Torrence;Josh Allen;James Cook;Dion Dawkins;Spencer Brown;Jackson Hawes;Elijah Moore;Khalil Shakir;Keon Coleman,00-0034843;00-0037034;00-0036285;00-0033051;00-0039733;00-0040148;00-0035316;00-0036990;00-0038116;00-0040578;00-0034675,Mike Hughes;Dee Alford;A.J. Terrell;David Onyemata;Ruke Orhorhoro;Xavier Watts;Kaden Elliss;Divine Deablo;Arnold Ebiketie;James Pearce Jr.;Jessie Bates
2025_06_BUF_ATL,1109,start_quarter_2,,,,0.0,0:00,0:00,,14.0,7.0,,0.0,,,,,,,,,,,,
2025_06_BUF_ATL,1129,pass,0.0,74.0,74.0,5.0,15:00,14:55,,14.0,7.0,2.0,10.0,"3 CB, 2 DT, 1 FS, 2 ILB, 2 OLB, 1 SS",CB;CB;CB;DT;DT;FS;ILB;ILB;OLB;OLB;SS,11,5,4,MAN_COVERAGE,COVER_1,False,00-0035679;00-0035668;00-0038548;00-0034857;00-0035537;00-0033904;00-0036976;00-0035689;00-0036988;00-0037261;00-0039901,Connor McGovern;David Edwards;O'Cyrus Torrence;Josh Allen;Ty Johnson;Dion Dawkins;Spencer Brown;Dawson Knox;Josh Palmer;Khalil Shakir;Keon Coleman,00-0034843;00-0037034;00-0036285;00-0033051;00-0039733;00-0040148;00-0035316;00-0036990;00-0038116;00-0040578;00-0034675,Mike Hughes;Dee Alford;A.J. Terrell;David Onyemata;Ruke Orhorhoro;Xavier Watts;Kaden Elliss;Divine Deablo;Arnold Ebiketie;James Pearce Jr.;Jessie Bates
2025_06_BUF_ATL,1152,pass,15.0,74.0,59.0,49.0,14:55,14:06,,14.0,7.0,3.0,10.0,"3 CB, 1 DE, 1 DT, 1 FS, 2 ILB, 2 OLB, 1 SS",CB;CB;CB;DE;DT;FS;ILB;ILB;OLB;OLB;SS,11,6,6,ZONE_COVERAGE,COVER_3,False,00-0035679;00-0035668;00-0038548;00-0034857;00-0035537;00-0033904;00-0036976;00-0035689;00-0036980;00-0037261;00-0039901,Connor McGovern;David Edwards;O'Cyrus Torrence;Josh Allen;Ty Johnson;Dion Dawkins;Spencer Brown;Dawson Knox;Elijah Moore;Khalil Shakir;Keon Coleman,00-0034843;00-0037034;00-0036285;00-0033072;00-0039733;00-0040148;00-0035316;00-0036990;00-0040577;00-0040578;00-0034675,Mike Hughes;Dee Alford;A.J. Terrell;Leonard Floyd;Ruke Orhorhoro;Xavier Watts;Kaden Elliss;Divine Deablo;Jalon Walker;James Pearce Jr.;Jessie Bates
2025_06_BUF_ATL,1177,pass,15.0,59.0,44.0,14.0,14:06,13:52,,14.0,7.0,1.0,10.0,"3 CB, 1 DE, 2 DT, 1 FS, 2 ILB, 1 OLB, 1 SS",CB;CB;CB;DE;DT;DT;FS;ILB;ILB;OLB;SS,11,7,4,MAN_COVERAGE,COVER_1,True,00-0035679;00-0035668;00-0038548;00-0034857;00-0037248;00-0033904;00-0036976;00-0040194;00-0036988;00-0038679;00-0039901,Connor McGovern;David Edwards;O'Cyrus Torrence;Josh Allen;James Cook;Dion Dawkins;Spencer Brown;Jackson Hawes;Josh Palmer;Tyrell Shavers;Keon Coleman,00-0034843;00-0037034;00-0036285;00-0033072;00-0033051;00-0037298;00-0040148;00-0035316;00-0036990;00-0040577;00-0034675,Mike Hughes;Dee Alford;A.J. Terrell;Leonard Floyd;David Onyemata;Sam Roberts;Xavier Watts;Kaden Elliss;Divine Deablo;Jalon Walker;Jessie Bates
2025_06_BUF_ATL,1216,run,2.0,44.0,42.0,36.0,13:52,13:16,,14.0,7.0,1.0,10.0,"3 CB, 3 DT, 1 FS, 2 ILB, 1 OLB, 1 SS",CB;CB;CB;DT;DT;DT;FS;ILB;ILB;OLB;SS,11,6,0,,,False,00-0035679;00-0035668;00-0038548;00-0034857;00-0037248;00-0033904;00-0036976;00-0040194;00-0036980;00-0037261;00-0039901,Connor McGovern;David Edwards;O'Cyrus Torrence;Josh Allen;James Cook;Dion Dawkins;Spencer Brown;Jackson Hawes;Elijah Moore;Khalil Shakir;Keon Coleman,00-0034843;00-0037034;00-0036285;00-0033051;00-0037298;00-0038980;00-0040148;00-0035316;00-0036990;00-0040577;00-0034675,Mike Hughes;Dee Alford;A.J. Terrell;David Onyemata;Sam Roberts;Zach Harrison;Xavier Watts;Kaden Elliss;Divine Deablo;Jalon Walker;Jessie Bates
2025_06_BUF_ATL,1250,pass,0.0,42.0,42.0,33.0,13:16,12:43,,14.0,7.0,2.0,8.0,"3 CB, 1 DE, 2 DT, 1 FS, 2 ILB, 1 OLB, 1 SS",CB;CB;CB;DE;DT;DT;FS;ILB;ILB;OLB;SS,11,6,4,MAN_COVERAGE,COVER_1,True,00-0035679;00-0035668;00-0038548;00-0034857;00-0037248;00-0033904;00-0036976;00-0035689;00-0036980;00-0037261;00-0039901,Connor McGovern;David Edwards;O'Cyrus Torrence;Josh Allen;James Cook;Dion Dawkins;Spencer Brown;Dawson Knox;Elijah Moore;Khalil Shakir;Keon Coleman,00-0034843;00-0037034;00-0036285;00-0033072;00-0033051;00-0039733;00-0040148;00-0035316;00-0036990;00-0040577;00-0034675,Mike Hughes;Dee Alford;A.J. Terrell;Leonard Floyd;David Onyemata;Ruke Orhorhoro;Xavier Watts;Kaden Elliss;Divine Deablo;Jalon Walker;Jessie Bates
2025_06_BUF_ATL,1273,pass,-15.0,42.0,57.0,44.0,12:43,11:59,,14.0,7.0,3.0,8.0,"3 CB, 1 DT, 1 FS, 2 ILB, 3 OLB, 1 SS",CB;CB;CB;DT;FS;ILB;ILB;OLB;OLB;OLB;SS,11,6,5,MAN_COVERAGE,COVER_1,True,00-0035668;00-0037428;00-0038548;00-0034857;00-0035537;00-0033904;00-0036976;00-0035689;00-0037261;00-0038679;00-0039901,David Edwards;Alec Anderson;O'Cyrus Torrence;Josh Allen;Ty Johnson;Dion Dawkins;Spencer Brown;Dawson Knox;Khalil Shakir;Tyrell Shavers;Keon Coleman,00-0034843;00-0037034;00-0036285;00-0039733;00-0040148;00-0035316;00-0036990;00-0038116;00-0040577;00-0040578;00-0034675,Mike Hughes;Dee Alford;A.J. Terrell;Ruke Orhorhoro;Xavier Watts;Kaden Elliss;Divine Deablo;Arnold Ebiketie;Jalon Walker;James Pearce Jr.;Jessie Bates
2025_06_BUF_ATL,1300,punt,0.0,57.0,57.0,8.0,11:59,11:51,,14.0,7.0,4.0,23.0,"2 CB, 2 DT, 2 ILB, 1 OLB, 1 SS, 1 TE, 2 WR",CB;CB;DT;DT;ILB;ILB;OLB;SS;TE;WR;WR,11,0,0,,,False,00-0039879;00-0036187;00-0035357;00-0036037;00-0040192;00-0032497;00-0039763;00-0038557;00-0034941;00-0035537;00-0039875,Javon Solomon;Reggie Gilliam;Cam Lewis;Sam Franklin Jr.;Jordan Hancock;Reid Ferguson;Joe Andreessen;Dorian Williams;Mitch Wishnowsky;Ty Johnson;Ray Davis,00-0034639;00-0036561;00-0038980;00-0039859;00-0034801;00-0039370;00-0037808;00-0038628;00-0036825;00-0033572;00-0034854,Mike Ford;Keith Taylor;Zach Harrison;Brandon Dorlus;Josh Woods;JD Bertrand;DeAngelo Malone;DeMarcco Hellams;Feleipe Franks;Jamal Agnew;KhaDarel Hodge
2025_06_BUF_ATL,1320,no_play,0.0,86.0,86.0,29.0,11:51,11:22,,14.0,7.0,1.0,10.0,"2 CB, 2 DE, 2 DT, 1 FS, 1 MLB, 2 OLB, 1 SS",CB;CB;DE;DE;DT;DT;FS;MLB;OLB;OLB;SS,11,7,4,ZONE_COVERAGE,COVER_3,True,00-0036833;00-0035630;00-0039048;00-0039917;00-0038542;00-0031279;00-0033676;00-0036429;00-0036970;00-0037238;00-0039394,Ryan Neuzil;Chris Lindstrom;Matthew Bergeron;Michael Penix Jr.;Bijan Robinson;Jake Matthews;Elijah Wilkinson;Charlie Woerner;Kyle Pitts;Drake London;Casey Washington,00-0037288;00-0037661;00-0033156;00-0036192;00-0035230;00-0040710;00-0035663;00-0037254;00-0031550;00-0038557;00-0039872,Christian Benford;Ja'Marcus Ingram;Joey Bosa;A.J. Epenesa;Ed Oliver;Deone Walker;Taylor Rapp;Terrel Bernard;Shaq Thompson;Dorian Williams;Cole Bishop
2025_06_BUF_ATL,1351,run,81.0,81.0,0.0,13.0,11:22,11:09,,20.0,7.0,1.0,5.0,"3 CB, 2 DE, 2 DT, 1 FS, 1 MLB, 1 OLB, 1 SS",CB;CB;CB;DE;DE;DT;DT;FS;MLB;OLB;SS,11,6,0,,,False,00-0036833;00-0035630;00-0039048;00-0039917;00-0038542;00-0031279;00-0033676;00-0036429;00-0036970;00-0037238;00-0039394,Ryan Neuzil;Chris Lindstrom;Matthew Bergeron;Michael Penix Jr.;Bijan Robinson;Jake Matthews;Elijah Wilkinson;Charlie Woerner;Kyle Pitts;Drake London;Casey Washington,00-0034376;00-0037288;00-0037661;00-0033156;00-0036192;00-0035230;00-0040710;00-0035663;00-0037254;00-0031550;00-0039872,Taron Johnson;Christian Benford;Ja'Marcus Ingram;Joey Bosa;A.J. Epenesa;Ed Oliver;Deone Walker;Taylor Rapp;Terrel Bernard;Shaq Thompson;Cole Bishop
2025_06_BUF_ATL,1374,extra_point,0.0,15.0,15.0,0.0,11:09,11:09,,21.0,7.0,,0.0,"2 CB, 3 DE, 2 DT, 1 FS, 2 MLB, 1 SS",CB;CB;DE;DE;DE;DT;DT;FS;MLB;MLB;SS,11,0,0,,,False,00-0038629;00-0035630;00-0036354;00-0039048;00-0037542;00-0036082;00-0032065;00-0031279;00-0033676;00-0036429;00-0037277,Jovaughn Gwyn;Chris Lindstrom;Kyle Hinton;Matthew Bergeron;John Parker Romo;Liam McCullough;Bradley Pinion;Jake Matthews;Elijah Wilkinson;Charlie Woerner;Teagan Quitoriano,00-0037288;00-0037661;00-0036192;00-0036914;00-0040132;00-0031557;00-0040710;00-0036037;00-0037254;00-0039763;00-0039872,Christian Benford;Ja'Marcus Ingram;A.J. Epenesa;Greg Rousseau;Landon Jackson;Jordan Phillips;Deone Walker;Sam Franklin Jr.;Terrel Bernard;Joe Andreessen;Cole Bishop
2025_06_BUF_ATL,1389,kickoff,0.0,35.0,35.0,5.0,11:09,11:04,,21.0,7.0,,0.0,"2 CB, 2 ILB, 2 OLB, 1 P, 1 SS, 2 TE, 1 WR",CB;CB;ILB;ILB;OLB;OLB;P;SS;TE;TE;WR,11,0,0,,,False,00-0039333;00-0036192;00-0039879;00-0036187;00-0035357;00-0036037;00-0039763;00-0038557;00-0035537;00-0040194;00-0038679,Brandon Codrington;A.J. Epenesa;Javon Solomon;Reggie Gilliam;Cam Lewis;Sam Franklin Jr.;Joe Andreessen;Dorian Williams;Ty Johnson;Jackson Hawes;Tyrell Shavers,00-0034639;00-0038966;00-0034801;00-0039370;00-0037808;00-0040577;00-0032065;00-0038628;00-0036825;00-0037277;00-0034854,Mike Ford;Natrone Brooks;Josh Woods;JD Bertrand;DeAngelo Malone;Jalon Walker;Bradley Pinion;DeMarcco Hellams;Feleipe Franks;Teagan Quitoriano;KhaDarel Hodge
2025_06_BUF_ATL,1419,run,6.0,78.0,72.0,37.0,11:04,10:27,,21.0,7.0,1.0,10.0,"2 CB, 1 DE, 3 DT, 1 FS, 2 ILB, 1 OLB, 1 SS",CB;CB;DE;DT;DT;DT;FS;ILB;ILB;OLB;SS,11,7,0,,,False,00-0035679;00-0036187;00-0035668;00-0038548;00-0034857;00-0037248;00-0033904;00-0036976;00-0035689;00-0040194;00-0039901,Connor McGovern;Reggie Gilliam;David Edwards;O'Cyrus Torrence;Josh Allen;James Cook;Dion Dawkins;Spencer Brown;Dawson Knox;Jackson Hawes;Keon Coleman,00-0034843;00-0036285;00-0033072;00-0037298;00-0038980;00-0039859;00-0040148;00-0035316;00-0036990;00-0040578;00-0034675,Mike Hughes;A.J. Terrell;Leonard Floyd;Sam Roberts;Zach Harrison;Brandon Dorlus;Xavier Watts;Kaden Elliss;Divine Deablo;James Pearce Jr.;Jessie Bates
2025_06_BUF_ATL,1441,run,14.0,72.0,58.0,33.0,10:27,9:54,,21.0,7.0,2.0,4.0,"2 CB, 1 DE, 3 DT, 1 FS, 2 ILB, 1 OLB, 1 SS",CB;CB;DE;DT;DT;DT;FS;ILB;ILB;OLB;SS,11,7,0,,,False,00-0035679;00-0036187;00-0035668;00-0038548;00-0034857;00-0037248;00-0033904;00-0036976;00-0035689;00-0040194;00-0039901,Connor McGovern;Reggie Gilliam;David Edwards;O'Cyrus Torrence;Josh Allen;James Cook;Dion Dawkins;Spencer Brown;Dawson Knox;Jackson Hawes;Keon Coleman,00-0034843;00-0036285;00-0033072;00-0037298;00-0038980;00-0039859;00-0040148;00-0035316;00-0036990;00-0040578;00-0034675,Mike Hughes;A.J. Terrell;Leonard Floyd;Sam Roberts;Zach Harrison;Brandon Dorlus;Xavier Watts;Kaden Elliss;Divine Deablo;James Pearce Jr.;Jessie Bates
2025_06_BUF_ATL,1463,run,2.0,58.0,56.0,41.0,9:54,9:13,,21.0,7.0,1.0,10.0,"2 CB, 1 DE, 3 DT, 1 FS, 2 ILB, 1 OLB, 1 SS",CB;CB;DE;DT;DT;DT;FS;ILB;ILB;OLB;SS,11,7,0,,,False,00-0035679;00-0036187;00-0035668;00-0038548;00-0034857;00-0037248;00-0033904;00-0036976;00-0035689;00-0040194;00-0039901,Connor McGovern;Reggie Gilliam;David Edwards;O'Cyrus Torrence;Josh Allen;James Cook;Dion Dawkins;Spencer Brown;Dawson Knox;Jackson Hawes;Keon Coleman,00-0034843;00-0036285;00-0033072;00-0033051;00-0037298;00-0038980;00-0040148;00-0035316;00-0036990;00-0040578;00-0034675,Mike Hughes;A.J. Terrell;Leonard Floyd;David Onyemata;Sam Roberts;Zach Harrison;Xavier Watts;Kaden Elliss;Divine Deablo;James Pearce Jr.;Jessie Bates
2025_06_BUF_ATL,1488,run,5.0,56.0,51.0,49.0,9:13,8:24,,21.0,7.0,2.0,8.0,"3 CB, 2 DT, 1 FS, 2 ILB, 2 OLB, 1 SS",CB;CB;CB;DT;DT;FS;ILB;ILB;OLB;OLB;SS,11,7,4,MAN_COVERAGE,COVER_1,True,00-0035679;00-0035668;00-0038548;00-0034857;00-0037248;00-0033904;00-0036976;00-0040194;00-0037261;00-0038679;00-0039901,Connor McGovern;David Edwards;O'Cyrus Torrence;Josh Allen;James Cook;Dion Dawkins;Spencer Brown;Jackson Hawes;Khalil Shakir;Tyrell Shavers;Keon Coleman,00-0034843;00-0037034;00-0036285;00-0033051;00-0039733;00-0040148;00-0035316;00-0036990;00-0038116;00-0040577;00-0034675,Mike Hughes;Dee Alford;A.J. Terrell;David Onyemata;Ruke Orhorhoro;Xavier Watts;Kaden Elliss;Divine Deablo;Arnold Ebiketie;Jalon Walker;Jessie Bates
2025_06_BUF_ATL,1515,pass,0.0,51.0,51.0,3.0,8:24,8:21,,21.0,7.0,3.0,3.0,"3 CB, 1 DE, 2 DT, 1 FS, 2 ILB, 1 OLB, 1 SS",CB;CB;CB;DE;DT;DT;FS;ILB;ILB;OLB;SS,11,7,5,ZONE_COVERAGE,COVER_3,False,00-0035679;00-0035668;00-0038548;00-0034857;00-0035537;00-0033904;00-0036976;00-0035689;00-0037261;00-0038679;00-0039901,Connor McGovern;David Edwards;O'Cyrus Torrence;Josh Allen;Ty Johnson;Dion Dawkins;Spencer Brown;Dawson Knox;Khalil Shakir;Tyrell Shavers;Keon Coleman,00-0034843;00-0037034;00-0036285;00-0033072;00-0039733;00-0039859;00-0040148;00-0035316;00-0036990;00-0038116;00-0034675,Mike Hughes;Dee Alford;A.J. Terrell;Leonard Floyd;Ruke Orhorhoro;Brandon Dorlus;Xavier Watts;Kaden Elliss;Divine Deablo;Arnold Ebiketie;Jessie Bates
2025_06_BUF_ATL,1538,punt,0.0,51.0,51.0,12.0,8:21,8:09,,21.0,7.0,4.0,3.0,"3 CB, 1 DT, 2 ILB, 1 OLB, 1 SS, 1 TE, 2 WR",CB;CB;CB;DT;ILB;ILB;OLB;SS;TE;WR;WR,11,0,0,,,False,00-0039879;00-0036187;00-0035357;00-0036037;00-0040192;00-0032497;00-0039763;00-0038557;00-0034941;00-0035537;00-0039875,Javon Solomon;Reggie Gilliam;Cam Lewis;Sam Franklin Jr.;Jordan Hancock;Reid Ferguson;Joe Andreessen;Dorian Williams;Mitch Wishnowsky;Ty Johnson;Ray Davis,00-0034639;00-0036561;00-0038966;00-0038980;00-0034801;00-0039370;00-0037808;00-0038628;00-0036825;00-0033572;00-0034854,Mike Ford;Keith Taylor;Natrone Brooks;Zach Harrison;Josh Woods;JD Bertrand;DeAngelo Malone;DeMarcco Hellams;Feleipe Franks;Jamal Agnew;KhaDarel Hodge
2025_06_BUF_ATL,1558,run,3.0,95.0,92.0,42.0,8:09,7:27,,21.0,7.0,1.0,10.0,"2 CB, 2 DE, 2 DT, 1 FS, 1 MLB, 2 OLB, 1 SS",CB;CB;DE;DE;DT;DT;FS;MLB;OLB;OLB;SS,11,7,0,,,False,00-0036833;00-0035630;00-0039048;00-0039917;00-0038542;00-0031279;00-0033676;00-0036429;00-0036970;00-0037238;00-0039394,Ryan Neuzil;Chris Lindstrom;Matthew Bergeron;Michael Penix Jr.;Bijan Robinson;Jake Matthews;Elijah Wilkinson;Charlie Woerner;Kyle Pitts;Drake London;Casey Washington,00-0033884;00-0037288;00-0033156;00-0036914;00-0031557;00-0040710;00-0035663;00-0037254;00-0031550;00-0038557;00-0039872,Tre'Davious White;Christian Benford;Joey Bosa;Greg Rousseau;Jordan Phillips;Deone Walker;Taylor Rapp;Terrel Bernard;Shaq Thompson;Dorian Williams;Cole Bishop
2025_06_BUF_ATL,1605,run,6.0,92.0,86.0,38.0,7:27,6:49,,21.0,7.0,2.0,7.0,"3 CB, 2 DE, 2 DT, 1 FS, 1 MLB, 1 OLB, 1 SS",CB;CB;CB;DE;DE;DT;DT;FS;MLB;OLB;SS,11,6,0,,,False,00-0036833;00-0035630;00-0039048;00-0039917;00-0038542;00-0031279;00-0033676;00-0036429;00-0036970;00-0037238;00-0039394,Ryan Neuzil;Chris Lindstrom;Matthew Bergeron;Michael Penix Jr.;Bijan Robinson;Jake Matthews;Elijah Wilkinson;Charlie Woerner;Kyle Pitts;Drake London;Casey Washington,00-0033884;00-0034376;00-0037288;00-0033156;00-0036914;00-0031557;00-0040710;00-0035663;00-0037254;00-0031550;00-0039872,Tre'Davious White;Taron Johnson;Christian Benford;Joey Bosa;Greg Rousseau;Jordan Phillips;Deone Walker;Taylor Rapp;Terrel Bernard;Shaq Thompson;Cole Bishop
2025_06_BUF_ATL,1627,run,2.0,86.0,84.0,42.0,6:49,6:07,,21.0,7.0,3.0,1.0,"2 CB, 2 DE, 2 DT, 1 FS, 1 MLB, 2 OLB, 1 SS",CB;CB;DE;DE;DT;DT;FS;MLB;OLB;OLB;SS,11,7,0,,,False,00-0036833;00-0035630;00-0039048;00-0039917;00-0037263;00-0031279;00-0033676;00-0036429;00-0036825;00-0037238;00-0039394,Ryan Neuzil;Chris Lindstrom;Matthew Bergeron;Michael Penix Jr.;Tyler Allgeier;Jake Matthews;Elijah Wilkinson;Charlie Woerner;Feleipe Franks;Drake London;Casey Washington,00-0033884;00-0037288;00-0033156;00-0036914;00-0035230;00-0040710;00-0035663;00-0037254;00-0031550;00-0038557;00-0039872,Tre'Davious White;Christian Benford;Joey Bosa;Greg Rousseau;Ed Oliver;Deone Walker;Taylor Rapp;Terrel Bernard;Shaq Thompson;Dorian Williams;Cole Bishop
2025_06_BUF_ATL,1651,pass,26.0,84.0,58.0,37.0,6:07,5:30,,21.0,7.0,1.0,10.0,"2 CB, 2 DE, 2 DT, 1 FS, 1 MLB, 2 OLB, 1 SS",CB;CB;DE;DE;DT;DT;FS;MLB;OLB;OLB;SS,11,6,4,ZONE_COVERAGE,COVER_3,False,00-0036833;00-0035630;00-0039048;00-0039917;00-0037263;00-0031279;00-0033676;00-0036429;00-0036970;00-0037238;00-0039394,Ryan Neuzil;Chris Lindstrom;Matthew Bergeron;Michael Penix Jr.;Tyler Allgeier;Jake Matthews;Elijah Wilkinson;Charlie Woerner;Kyle Pitts;Drake London;Casey Washington,00-0033884;00-0037288;00-0033156;00-0036914;00-0031557;00-0040710;00-0035663;00-0037254;00-0031550;00-0038557;00-0039872,Tre'Davious White;Christian Benford;Joey Bosa;Greg Rousseau;Jordan Phillips;Deone Walker;Taylor Rapp;Terrel Bernard;Shaq Thompson;Dorian Williams;Cole Bishop
2025_06_BUF_ATL,1676,run,7.0,58.0,51.0,39.0,5:30,4:51,,21.0,7.0,1.0,10.0,"2 CB, 2 DE, 2 DT, 1 FS, 1 MLB, 2 OLB, 1 SS",CB;CB;DE;DE;DT;DT;FS;MLB;OLB;OLB;SS,11,6,4,ZONE_COVERAGE,COVER_3,False,00-0036833;00-0035630;00-0039048;00-0039917;00-0037263;00-0031279;00-0033676;00-0036429;00-0036970;00-0037238;00-0039394,Ryan Neuzil;Chris Lindstrom;Matthew Bergeron;Michael Penix Jr.;Tyler Allgeier;Jake Matthews;Elijah Wilkinson;Charlie Woerner;Kyle Pitts;Drake London;Casey Washington,00-0033884;00-0037288;00-0033156;00-0036914;00-0031557;00-0040710;00-0035663;00-0037254;00-0031550;00-0038557;00-0039872,Tre'Davious White;Christian Benford;Joey Bosa;Greg Rousseau;Jordan Phillips;Deone Walker;Taylor Rapp;Terrel Bernard;Shaq Thompson;Dorian Williams;Cole Bishop
2025_06_BUF_ATL,1698,run,1.0,51.0,50.0,42.0,4:51,4:09,,21.0,7.0,2.0,3.0,"2 CB, 2 DE, 2 DT, 1 FS, 1 MLB, 2 OLB, 1 SS",CB;CB;DE;DE;DT;DT;FS;MLB;OLB;OLB;SS,11,7,0,,,False,00-0036833;00-0035630;00-0039048;00-0039917;00-0037263;00-0031279;00-0033676;00-0036429;00-0036970;00-0034854;00-0035359,Ryan Neuzil;Chris Lindstrom;Matthew Bergeron;Michael Penix Jr.;Tyler Allgeier;Jake Matthews;Elijah Wilkinson;Charlie Woerner;Kyle Pitts;KhaDarel Hodge;David Sills,00-0033884;00-0037288;00-0036192;00-0040132;00-0031557;00-0040710;00-0035663;00-0037254;00-0031550;00-0038557;00-0039872,Tre'Davious White;Christian Benford;A.J. Epenesa;Landon Jackson;Jordan Phillips;Deone Walker;Taylor Rapp;Terrel Bernard;Shaq Thompson;Dorian Williams;Cole Bishop
2025_06_BUF_ATL,1725,pass,10.0,50.0,40.0,35.0,4:09,3:34,,21.0,7.0,3.0,2.0,"2 CB, 2 DE, 2 DT, 1 FS, 1 MLB, 2 OLB, 1 SS",CB;CB;DE;DE;DT;DT;FS;MLB;OLB;OLB;SS,11,8,5,ZONE_COVERAGE,COVER_3,False,00-0036833;00-0035630;00-0039048;00-0039917;00-0037263;00-0031279;00-0033676;00-0036429;00-0036970;00-0035359;00-0037238,Ryan Neuzil;Chris Lindstrom;Matthew Bergeron;Michael Penix Jr.;Tyler Allgeier;Jake Matthews;Elijah Wilkinson;Charlie Woerner;Kyle Pitts;David Sills;Drake London,00-0033884;00-0037288;00-0036192;00-0040132;00-0031557;00-0040710;00-0035663;00-0037254;00-0031550;00-0038557;00-0039872,Tre'Davious White;Christian Benford;A.J. Epenesa;Landon Jackson;Jordan Phillips;Deone Walker;Taylor Rapp;Terrel Bernard;Shaq Thompson;Dorian Williams;Cole Bishop
2025_06_BUF_ATL,1750,run,1.0,40.0,39.0,44.0,3:34,2:50,,21.0,7.0,1.0,10.0,"2 CB, 2 DE, 2 DT, 1 FS, 1 MLB, 2 OLB, 1 SS",CB;CB;DE;DE;DT;DT;FS;MLB;OLB;OLB;SS,11,7,0,,,False,00-0036833;00-0035630;00-0039048;00-0039917;00-0038542;00-0031279;00-0033676;00-0036429;00-0036970;00-0035359;00-0037238,Ryan Neuzil;Chris Lindstrom;Matthew Bergeron;Michael Penix Jr.;Bijan Robinson;Jake Matthews;Elijah Wilkinson;Charlie Woerner;Kyle Pitts;David Sills;Drake London,00-0033884;00-0037288;00-0033156;00-0036192;00-0035230;00-0040710;00-0035663;00-0037254;00-0031550;00-0038557;00-0039872,Tre'Davious White;Christian Benford;Joey Bosa;A.J. Epenesa;Ed Oliver;Deone Walker;Taylor Rapp;Terrel Bernard;Shaq Thompson;Dorian Williams;Cole Bishop
2025_06_BUF_ATL,1777,pass,0.0,39.0,39.0,4.0,2:50,2:46,,21.0,7.0,2.0,9.0,"3 CB, 2 DE, 2 DT, 1 FS, 1 MLB, 1 OLB, 1 SS",CB;CB;CB;DE;DE;DT;DT;FS;MLB;OLB;SS,11,7,4,MAN_COVERAGE,COVER_1,False,00-0036833;00-0035630;00-0039048;00-0039917;00-0038542;00-0031279;00-0033676;00-0036429;00-0036970;00-0035359;00-0037238,Ryan Neuzil;Chris Lindstrom;Matthew Bergeron;Michael Penix Jr.;Bijan Robinson;Jake Matthews;Elijah Wilkinson;Charlie Woerner;Kyle Pitts;David Sills;Drake London,00-0033884;00-0034376;00-0037288;00-0033156;00-0036192;00-0035230;00-0040710;00-0035663;00-0037254;00-0031550;00-0039872,Tre'Davious White;Taron Johnson;Christian Benford;Joey Bosa;A.J. Epenesa;Ed Oliver;Deone Walker;Taylor Rapp;Terrel Bernard;Shaq Thompson;Cole Bishop
2025_06_BUF_ATL,1800,pass,6.0,39.0,33.0,46.0,2:46,2:00,,21.0,7.0,3.0,9.0,"3 CB, 3 DE, 1 DT, 2 FS, 1 MLB, 1 SS",CB;CB;CB;DE;DE;DE;DT;FS;FS;MLB;SS,11,6,4,ZONE_COVERAGE,COVER_2,False,00-0036833;00-0035630;00-0039048;00-0039917;00-0038542;00-0031279;00-0033676;00-0036429;00-0036970;00-0035359;00-0037238,Ryan Neuzil;Chris Lindstrom;Matthew Bergeron;Michael Penix Jr.;Bijan Robinson;Jake Matthews;Elijah Wilkinson;Charlie Woerner;Kyle Pitts;David Sills;Drake London,00-0033884;00-0034376;00-0037288;00-0033156;00-0036914;00-0039879;00-0035230;00-0035663;00-0035357;00-0037254;00-0039872,Tre'Davious White;Taron Johnson;Christian Benford;Joey Bosa;Greg Rousseau;Javon Solomon;Ed Oliver;Taylor Rapp;Cam Lewis;Terrel Bernard;Cole Bishop
2025_06_BUF_ATL,1825,pass,0.0,33.0,33.0,4.0,2:00,1:56,,21.0,7.0,4.0,3.0,"3 CB, 2 DE, 2 DT, 1 FS, 1 MLB, 1 OLB, 1 SS",CB;CB;CB;DE;DE;DT;DT;FS;MLB;OLB;SS,11,6,4,MAN_COVERAGE,COVER_1,False,00-0036833;00-0035630;00-0039048;00-0039917;00-0038542;00-0031279;00-0033676;00-0036429;00-0036970;00-0037238;00-0039394,Ryan Neuzil;Chris Lindstrom;Matthew Bergeron;Michael Penix Jr.;Bijan Robinson;Jake Matthews;Elijah Wilkinson;Charlie Woerner;Kyle Pitts;Drake London;Casey Washington,00-0033884;00-0034376;00-0037288;00-0033156;00-0036914;00-0035230;00-0040710;00-0035663;00-0037254;00-0031550;00-0039872,Tre'Davious White;Taron Johnson;Christian Benford;Joey Bosa;Greg Rousseau;Ed Oliver;Deone Walker;Taylor Rapp;Terrel Bernard;Shaq Thompson;Cole Bishop
2025_06_BUF_ATL,1855,pass,4.0,66.0,62.0,25.0,1:56,1:31,,21.0,7.0,1.0,10.0,"3 CB, 1 DE, 2 DT, 1 FS, 2 ILB, 1 OLB, 1 SS",CB;CB;CB;DE;DT;DT;FS;ILB;ILB;OLB;SS,11,7,4,MAN_COVERAGE,COVER_1,False,00-0035679;00-0035668;00-0038548;00-0034857;00-0035537;00-0033904;00-0036976;00-0035689;00-0036980;00-0038679;00-0039901,Connor McGovern;David Edwards;O'Cyrus Torrence;Josh Allen;Ty Johnson;Dion Dawkins;Spencer Brown;Dawson Knox;Elijah Moore;Tyrell Shavers;Keon Coleman,00-0034843;00-0037034;00-0036285;00-0033072;00-0033051;00-0039733;00-0040148;00-0035316;00-0036990;00-0040578;00-0034675,Mike Hughes;Dee Alford;A.J. Terrell;Leonard Floyd;David Onyemata;Ruke Orhorhoro;Xavier Watts;Kaden Elliss;Divine Deablo;James Pearce Jr.;Jessie Bates
2025_06_BUF_ATL,1880,pass,0.0,62.0,62.0,6.0,1:31,1:25,,21.0,7.0,2.0,6.0,"3 CB, 1 DE, 2 DT, 1 FS, 2 ILB, 1 OLB, 1 SS",CB;CB;CB;DE;DT;DT;FS;ILB;ILB;OLB;SS,11,6,4,MAN_COVERAGE,COVER_1,False,00-0035679;00-0035668;00-0038548;00-0034857;00-0035537;00-0033904;00-0036976;00-0035689;00-0036980;00-0038679;00-0039901,Connor McGovern;David Edwards;O'Cyrus Torrence;Josh Allen;Ty Johnson;Dion Dawkins;Spencer Brown;Dawson Knox;Elijah Moore;Tyrell Shavers;Keon Coleman,00-0034843;00-0037034;00-0036285;00-0033072;00-0033051;00-0039733;00-0040148;00-0035316;00-0036990;00-0040578;00-0034675,Mike Hughes;Dee Alford;A.J. Terrell;Leonard Floyd;David Onyemata;Ruke Orhorhoro;Xavier Watts;Kaden Elliss;Divine Deablo;James Pearce Jr.;Jessie Bates
2025_06_BUF_ATL,1903,pass,0.0,62.0,62.0,3.0,1:25,1:22,,21.0,7.0,3.0,6.0,"3 CB, 1 DE, 2 DT, 1 FS, 2 ILB, 1 OLB, 1 SS",CB;CB;CB;DE;DT;DT;FS;ILB;ILB;OLB;SS,11,6,4,ZONE_COVERAGE,COVER_3,False,00-0035679;00-0035668;00-0038548;00-0034857;00-0035537;00-0033904;00-0036976;00-0035689;00-0037261;00-0038679;00-0039901,Connor McGovern;David Edwards;O'Cyrus Torrence;Josh Allen;Ty Johnson;Dion Dawkins;Spencer Brown;Dawson Knox;Khalil Shakir;Tyrell Shavers;Keon Coleman,00-0034843;00-0037034;00-0036285;00-0033072;00-0039733;00-0039859;00-0040148;00-0035316;00-0036990;00-0040578;00-0034675,Mike Hughes;Dee Alford;A.J. Terrell;Leonard Floyd;Ruke Orhorhoro;Brandon Dorlus;Xavier Watts;Kaden Elliss;Divine Deablo;James Pearce Jr.;Jessie Bates
2025_06_BUF_ATL,1966,punt,0.0,62.0,62.0,10.0,1:22,1:12,,21.0,7.0,4.0,6.0,"3 CB, 1 DT, 2 ILB, 1 OLB, 1 SS, 1 TE, 2 WR",CB;CB;CB;DT;ILB;ILB;OLB;SS;TE;WR;WR,11,0,0,,,False,00-0039879;00-0036187;00-0035357;00-0036037;00-0040192;00-0032497;00-0039763;00-0038557;00-0034941;00-0035537;00-0039875,Javon Solomon;Reggie Gilliam;Cam Lewis;Sam Franklin Jr.;Jordan Hancock;Reid Ferguson;Joe Andreessen;Dorian Williams;Mitch Wishnowsky;Ty Johnson;Ray Davis,00-0034639;00-0036561;00-0038966;00-0038980;00-0034801;00-0039370;00-0037808;00-0038628;00-0036825;00-0033572;00-0034854,Mike Ford;Keith Taylor;Natrone Brooks;Zach Harrison;Josh Woods;JD Bertrand;DeAngelo Malone;DeMarcco Hellams;Feleipe Franks;Jamal Agnew;KhaDarel Hodge
2025_06_BUF_ATL,1997,pass,9.0,87.0,78.0,25.0,1:12,0:47,,21.0,7.0,1.0,10.0,"3 CB, 2 DE, 2 DT, 2 FS, 1 MLB, 1 SS",CB;CB;CB;DE;DE;DT;DT;FS;FS;MLB;SS,11,6,4,MAN_COVERAGE,2_MAN,False,00-0036833;00-0035630;00-0039048;00-0039917;00-0038542;00-0031279;00-0033676;00-0036970;00-0035359;00-0037238;00-0039394,Ryan Neuzil;Chris Lindstrom;Matthew Bergeron;Michael Penix Jr.;Bijan Robinson;Jake Matthews;Elijah Wilkinson;Kyle Pitts;David Sills;Drake London;Casey Washington,00-0033884;00-0034376;00-0037288;00-0033156;00-0036914;00-0035230;00-0040710;00-0035663;00-0035357;00-0037254;00-0039872,Tre'Davious White;Taron Johnson;Christian Benford;Joey Bosa;Greg Rousseau;Ed Oliver;Deone Walker;Taylor Rapp;Cam Lewis;Terrel Bernard;Cole Bishop
2025_06_BUF_ATL,2022,pass,0.0,78.0,78.0,5.0,0:47,0:42,,21.0,7.0,2.0,1.0,"3 CB, 2 DE, 2 DT, 2 FS, 1 MLB, 1 SS",CB;CB;CB;DE;DE;DT;DT;FS;FS;MLB;SS,11,7,5,ZONE_COVERAGE,COVER_3,True,00-0036833;00-0035630;00-0039048;00-0039917;00-0038542;00-0031279;00-0033676;00-0036970;00-0035359;00-0037238;00-0039394,Ryan Neuzil;Chris Lindstrom;Matthew Bergeron;Michael Penix Jr.;Bijan Robinson;Jake Matthews;Elijah Wilkinson;Kyle Pitts;David Sills;Drake London;Casey Washington,00-0033884;00-0034376;00-0037288;00-0033156;00-0036914;00-0035230;00-0040710;00-0035663;00-0035357;00-0037254;00-0039872,Tre'Davious White;Taron Johnson;Christian Benford;Joey Bosa;Greg Rousseau;Ed Oliver;Deone Walker;Taylor Rapp;Cam Lewis;Terrel Bernard;Cole Bishop
2025_06_BUF_ATL,2045,run,5.0,78.0,73.0,0.0,0:42,0:42,,21.0,7.0,3.0,1.0,"3 CB, 2 DE, 2 DT, 1 FS, 1 MLB, 1 OLB, 1 SS",CB;CB;CB;DE;DE;DT;DT;FS;MLB;OLB;SS,11,6,0,,,False,00-0036833;00-0035630;00-0039048;00-0039917;00-0038542;00-0031279;00-0033676;00-0036970;00-0034854;00-0037238;00-0039394,Ryan Neuzil;Chris Lindstrom;Matthew Bergeron;Michael Penix Jr.;Bijan Robinson;Jake Matthews;Elijah Wilkinson;Kyle Pitts;KhaDarel Hodge;Drake London;Casey Washington,00-0033884;00-0034376;00-0037661;00-0033156;00-0036914;00-0035230;00-0040710;00-0035663;00-0037254;00-0031550;00-0039872,Tre'Davious White;Taron Johnson;Ja'Marcus Ingram;Joey Bosa;Greg Rousseau;Ed Oliver;Deone Walker;Taylor Rapp;Terrel Bernard;Shaq Thompson;Cole Bishop
2025_06_BUF_ATL,2060,timeout,0.0,,,5.0,0:42,0:37,BUF,21.0,7.0,,0.0,,,,,,,,,,,,
2025_06_BUF_ATL,2077,pass,0.0,73.0,73.0,0.0,0:37,0:37,,21.0,7.0,1.0,10.0,"3 CB, 3 DE, 1 DT, 2 FS, 1 MLB, 1 SS",CB;CB;CB;DE;DE;DE;DT;FS;FS;MLB;SS,11,6,4,MAN_COVERAGE,2_MAN,False,00-0036833;00-0035630;00-0039048;00-0039917;00-0038542;00-0031279;00-0033676;00-0036970;00-0035359;00-0037238;00-0039394,Ryan Neuzil;Chris Lindstrom;Matthew Bergeron;Michael Penix Jr.;Bijan Robinson;Jake Matthews;Elijah Wilkinson;Kyle Pitts;David Sills;Drake London;Casey Washington,00-0033884;00-0034376;00-0037661;00-0033156;00-0036914;00-0039879;00-0035230;00-0035663;00-0035357;00-0037254;00-0039872,Tre'Davious White;Taron Johnson;Ja'Marcus Ingram;Joey Bosa;Greg Rousseau;Javon Solomon;Ed Oliver;Taylor Rapp;Cam Lewis;Terrel Bernard;Cole Bishop
2025_06_BUF_ATL,2089,timeout,0.0,,,6.0,0:37,0:31,ATL,21.0,7.0,,0.0,,,,,,,,,,,,
2025_06_BUF_ATL,2107,pass,0.0,73.0,73.0,4.0,0:31,0:27,,21.0,7.0,2.0,10.0,"3 CB, 3 DE, 1 DT, 2 FS, 1 MLB, 1 SS",CB;CB;CB;DE;DE;DE;DT;FS;FS;MLB;SS,11,7,4,ZONE_COVERAGE,COVER_2,False,00-0036833;00-0035630;00-0039048;00-0039917;00-0038542;00-0031279;00-0033676;00-0036970;00-0035359;00-0037238;00-0039394,Ryan Neuzil;Chris Lindstrom;Matthew Bergeron;Michael Penix Jr.;Bijan Robinson;Jake Matthews;Elijah Wilkinson;Kyle Pitts;David Sills;Drake London;Casey Washington,00-0033884;00-0034376;00-0037661;00-0033156;00-0036914;00-0039879;00-0035230;00-0035663;00-0035357;00-0037254;00-0039872,Tre'Davious White;Taron Johnson;Ja'Marcus Ingram;Joey Bosa;Greg Rousseau;Javon Solomon;Ed Oliver;Taylor Rapp;Cam Lewis;Terrel Bernard;Cole Bishop
2025_06_BUF_ATL,2130,run,2.0,73.0,71.0,6.0,0:27,0:21,,21.0,7.0,3.0,10.0,"3 CB, 3 DE, 1 DT, 1 FS, 1 MLB, 1 OLB, 1 SS",CB;CB;CB;DE;DE;DE;DT;FS;MLB;OLB;SS,11,6,0,,,False,00-0036833;00-0035630;00-0039048;00-0039917;00-0038542;00-0031279;00-0033676;00-0036970;00-0035359;00-0037238;00-0039394,Ryan Neuzil;Chris Lindstrom;Matthew Bergeron;Michael Penix Jr.;Bijan Robinson;Jake Matthews;Elijah Wilkinson;Kyle Pitts;David Sills;Drake London;Casey Washington,00-0033884;00-0034376;00-0037661;00-0033156;00-0036914;00-0039879;00-0035230;00-0035663;00-0037254;00-0031550;00-0039872,Tre'Davious White;Taron Johnson;Ja'Marcus Ingram;Joey Bosa;Greg Rousseau;Javon Solomon;Ed Oliver;Taylor Rapp;Terrel Bernard;Shaq Thompson;Cole Bishop
2025_06_BUF_ATL,2152,punt,0.0,71.0,71.0,0.0,0:21,0:21,,21.0,7.0,4.0,8.0,"2 CB, 2 DE, 1 FB, 3 FS, 1 MLB, 1 OLB, 1 WR",CB;CB;DE;DE;FB;FS;FS;FS;MLB;OLB;WR,11,0,0,,,False,00-0034639;00-0034801;00-0039370;00-0036082;00-0037808;00-0032065;00-0037263;00-0038628;00-0036825;00-0037277;00-0034854,Mike Ford;Josh Woods;JD Bertrand;Liam McCullough;DeAngelo Malone;Bradley Pinion;Tyler Allgeier;DeMarcco Hellams;Feleipe Franks;Teagan Quitoriano;KhaDarel Hodge,00-0037661;00-0039333;00-0039879;00-0040132;00-0036187;00-0035357;00-0036037;00-0040192;00-0039763;00-0038557;00-0038679,Ja'Marcus Ingram;Brandon Codrington;Javon Solomon;Landon Jackson;Reggie Gilliam;Cam Lewis;Sam Franklin Jr.;Jordan Hancock;Joe Andreessen;Dorian Williams;Tyrell Shavers
2025_06_BUF_ATL,2164,timeout,0.0,,,6.0,0:21,0:15,BUF,21.0,7.0,,0.0,,,,,,,,,,,,
2025_06_BUF_ATL,2182,turnover,0.0,69.0,69.0,5.0,0:15,0:10,,21.0,7.0,1.0,10.0,"3 CB, 1 DE, 2 DT, 1 FS, 2 ILB, 1 OLB, 1 SS",CB;CB;CB;DE;DT;DT;FS;ILB;ILB;OLB;SS,11,6,4,MAN_COVERAGE,COVER_1,True,00-0035679;00-0035668;00-0038548;00-0034857;00-0035537;00-0033904;00-0036976;00-0035689;00-0037261;00-0038679;00-0039901,Connor McGovern;David Edwards;O'Cyrus Torrence;Josh Allen;Ty Johnson;Dion Dawkins;Spencer Brown;Dawson Knox;Khalil Shakir;Tyrell Shavers;Keon Coleman,00-0034843;00-0037034;00-0036285;00-0033072;00-0033051;00-0038980;00-0040148;00-0035316;00-0036990;00-0040577;00-0034675,Mike Hughes;Dee Alford;A.J. Terrell;Leonard Floyd;David Onyemata;Zach Harrison;Xavier Watts;Kaden Elliss;Divine Deablo;Jalon Walker;Jessie Bates
2025_06_BUF_ATL,2209,pass,9.0,49.0,40.0,0.0,0:10,0:10,,21.0,7.0,1.0,10.0,"3 CB, 3 DE, 1 DT, 2 FS, 1 OLB, 1 SS",CB;CB;CB;DE;DE;DE;DT;FS;FS;OLB;SS,11,6,4,ZONE_COVERAGE,COVER_4,False,00-0036833;00-0035630;00-0039048;00-0039917;00-0038542;00-0033676;00-0039842;00-0036970;00-0035359;00-0037238;00-0039394,Ryan Neuzil;Chris Lindstrom;Matthew Bergeron;Michael Penix Jr.;Bijan Robinson;Elijah Wilkinson;Michael Jerrell;Kyle Pitts;David Sills;Drake London;Casey Washington,00-0033884;00-0034376;00-0037661;00-0036192;00-0036914;00-0039879;00-0035230;00-0035663;00-0035357;00-0031550;00-0039872,Tre'Davious White;Taron Johnson;Ja'Marcus Ingram;A.J. Epenesa;Greg Rousseau;Javon Solomon;Ed Oliver;Taylor Rapp;Cam Lewis;Shaq Thompson;Cole Bishop
2025_06_BUF_ATL,2290,timeout,0.0,,,4.0,0:10,0:06,BUF,21.0,7.0,,0.0,,,,,,,,,,,,
2025_06_BUF_ATL,2315,pass,39.0,40.0,1.0,6.0,0:06,0:00,,21.0,7.0,2.0,1.0,"3 CB, 3 DE, 1 DT, 2 FS, 1 OLB, 1 SS",CB;CB;CB;DE;DE;DE;DT;FS;FS;OLB;SS,11,6,4,MAN_COVERAGE,COVER_1,False,00-0036833;00-0035630;00-0039048;00-0039917;00-0038542;00-0033676;00-0039842;00-0036970;00-0035359;00-0037238;00-0039394,Ryan Neuzil;Chris Lindstrom;Matthew Bergeron;Michael Penix Jr.;Bijan Robinson;Elijah Wilkinson;Michael Jerrell;Kyle Pitts;David Sills;Drake London;Casey Washington,00-0033884;00-0034376;00-0037661;00-0036192;00-0036914;00-0039879;00-0035230;00-0035663;00-0035357;00-0031550;00-0039872,Tre'Davious White;Taron Johnson;Ja'Marcus Ingram;A.J. Epenesa;Greg Rousseau;Javon Solomon;Ed Oliver;Taylor Rapp;Cam Lewis;Shaq Thompson;Cole Bishop
2025_06_BUF_ATL,2376,start_quarter_3,,,,0.0,0:00,0:00,,21.0,7.0,,0.0,,,,,,,,,,,,
2025_06_BUF_ATL,2396,kickoff,0.0,35.0,35.0,6.0,15:00,14:54,,21.0,7.0,,0.0,"2 CB, 2 ILB, 2 OLB, 1 P, 1 SS, 2 TE, 1 WR",CB;CB;ILB;ILB;OLB;OLB;P;SS;TE;TE;WR,11,0,0,,,False,00-0039333;00-0036192;00-0039879;00-0036187;00-0035357;00-0036037;00-0039763;00-0038557;00-0035537;00-0040194;00-0038679,Brandon Codrington;A.J. Epenesa;Javon Solomon;Reggie Gilliam;Cam Lewis;Sam Franklin Jr.;Joe Andreessen;Dorian Williams;Ty Johnson;Jackson Hawes;Tyrell Shavers,00-0034639;00-0038966;00-0034801;00-0039370;00-0037808;00-0040577;00-0032065;00-0038628;00-0036825;00-0037277;00-0034854,Mike Ford;Natrone Brooks;Josh Woods;JD Bertrand;DeAngelo Malone;Jalon Walker;Bradley Pinion;DeMarcco Hellams;Feleipe Franks;Teagan Quitoriano;KhaDarel Hodge
2025_06_BUF_ATL,2424,run,8.0,73.0,65.0,37.0,14:54,14:17,,21.0,7.0,1.0,10.0,"2 CB, 1 DE, 3 DT, 1 FS, 2 ILB, 1 OLB, 1 SS",CB;CB;DE;DT;DT;DT;FS;ILB;ILB;OLB;SS,11,7,0,,,False,00-0035679;00-0036187;00-0035668;00-0038548;00-0034857;00-0037248;00-0033904;00-0036976;00-0035689;00-0040194;00-0039901,Connor McGovern;Reggie Gilliam;David Edwards;O'Cyrus Torrence;Josh Allen;James Cook;Dion Dawkins;Spencer Brown;Dawson Knox;Jackson Hawes;Keon Coleman,00-0034843;00-0036285;00-0033072;00-0033051;00-0038980;00-0039859;00-0040148;00-0035316;00-0036990;00-0040577;00-0034675,Mike Hughes;A.J. Terrell;Leonard Floyd;David Onyemata;Zach Harrison;Brandon Dorlus;Xavier Watts;Kaden Elliss;Divine Deablo;Jalon Walker;Jessie Bates
2025_06_BUF_ATL,2446,run,7.0,65.0,58.0,42.0,14:17,13:35,,21.0,7.0,2.0,2.0,"2 CB, 1 DE, 3 DT, 1 FS, 2 ILB, 1 OLB, 1 SS",CB;CB;DE;DT;DT;DT;FS;ILB;ILB;OLB;SS,11,7,0,,,False,00-0035679;00-0036187;00-0035668;00-0038548;00-0034857;00-0037248;00-0033904;00-0036976;00-0035689;00-0040194;00-0039901,Connor McGovern;Reggie Gilliam;David Edwards;O'Cyrus Torrence;Josh Allen;James Cook;Dion Dawkins;Spencer Brown;Dawson Knox;Jackson Hawes;Keon Coleman,00-0034843;00-0036285;00-0033072;00-0033051;00-0038980;00-0039859;00-0040148;00-0035316;00-0036990;00-0040577;00-0034675,Mike Hughes;A.J. Terrell;Leonard Floyd;David Onyemata;Zach Harrison;Brandon Dorlus;Xavier Watts;Kaden Elliss;Divine Deablo;Jalon Walker;Jessie Bates
2025_06_BUF_ATL,2468,pass,9.0,58.0,49.0,35.0,13:35,13:00,,21.0,7.0,1.0,10.0,"2 CB, 1 DE, 3 DT, 1 FS, 2 ILB, 1 OLB, 1 SS",CB;CB;DE;DT;DT;DT;FS;ILB;ILB;OLB;SS,11,7,5,ZONE_COVERAGE,COVER_4,False,00-0035679;00-0036187;00-0035668;00-0038548;00-0034857;00-0035537;00-0033904;00-0036976;00-0035689;00-0040194;00-0037261,Connor McGovern;Reggie Gilliam;David Edwards;O'Cyrus Torrence;Josh Allen;Ty Johnson;Dion Dawkins;Spencer Brown;Dawson Knox;Jackson Hawes;Khalil Shakir,00-0034843;00-0036285;00-0033072;00-0033051;00-0037298;00-0038980;00-0040148;00-0035316;00-0036990;00-0040577;00-0034675,Mike Hughes;A.J. Terrell;Leonard Floyd;David Onyemata;Sam Roberts;Zach Harrison;Xavier Watts;Kaden Elliss;Divine Deablo;Jalon Walker;Jessie Bates
2025_06_BUF_ATL,2493,run,3.0,49.0,46.0,45.0,13:00,12:15,,21.0,7.0,2.0,1.0,"2 CB, 3 DT, 1 FS, 2 ILB, 2 OLB, 1 SS",CB;CB;DT;DT;DT;FS;ILB;ILB;OLB;OLB;SS,11,7,0,,,False,00-0035679;00-0036187;00-0035668;00-0038548;00-0034857;00-0037248;00-0033904;00-0036976;00-0035689;00-0040194;00-0039901,Connor McGovern;Reggie Gilliam;David Edwards;O'Cyrus Torrence;Josh Allen;James Cook;Dion Dawkins;Spencer Brown;Dawson Knox;Jackson Hawes;Keon Coleman,00-0034843;00-0036285;00-0033051;00-0037298;00-0039733;00-0040148;00-0035316;00-0036990;00-0038116;00-0040578;00-0034675,Mike Hughes;A.J. Terrell;David Onyemata;Sam Roberts;Ruke Orhorhoro;Xavier Watts;Kaden Elliss;Divine Deablo;Arnold Ebiketie;James Pearce Jr.;Jessie Bates
2025_06_BUF_ATL,2515,pass,8.0,46.0,38.0,43.0,12:15,11:32,,21.0,7.0,1.0,10.0,"3 CB, 2 DT, 1 FS, 2 ILB, 2 OLB, 1 SS",CB;CB;CB;DT;DT;FS;ILB;ILB;OLB;OLB;SS,11,6,5,MAN_COVERAGE,COVER_1,False,00-0035679;00-0035668;00-0038548;00-0034857;00-0037248;00-0033904;00-0036976;00-0040194;00-0037261;00-0038679;00-0039901,Connor McGovern;David Edwards;O'Cyrus Torrence;Josh Allen;James Cook;Dion Dawkins;Spencer Brown;Jackson Hawes;Khalil Shakir;Tyrell Shavers;Keon Coleman,00-0034843;00-0037034;00-0036285;00-0033051;00-0039733;00-0040148;00-0035316;00-0036990;00-0038116;00-0040578;00-0034675,Mike Hughes;Dee Alford;A.J. Terrell;David Onyemata;Ruke Orhorhoro;Xavier Watts;Kaden Elliss;Divine Deablo;Arnold Ebiketie;James Pearce Jr.;Jessie Bates
2025_06_BUF_ATL,2540,pass,3.0,38.0,35.0,39.0,11:32,10:53,,21.0,7.0,2.0,2.0,"3 CB, 2 DT, 1 FS, 2 ILB, 2 OLB, 1 SS",CB;CB;CB;DT;DT;FS;ILB;ILB;OLB;OLB;SS,11,7,4,ZONE_COVERAGE,COVER_3,True,00-0035679;00-0035668;00-0038548;00-0034857;00-0039875;00-0033904;00-0036976;00-0040194;00-0037261;00-0038679;00-0039901,Connor McGovern;David Edwards;O'Cyrus Torrence;Josh Allen;Ray Davis;Dion Dawkins;Spencer Brown;Jackson Hawes;Khalil Shakir;Tyrell Shavers;Keon Coleman,00-0034843;00-0037034;00-0036285;00-0037298;00-0039733;00-0040148;00-0035316;00-0036990;00-0038116;00-0040578;00-0034675,Mike Hughes;Dee Alford;A.J. Terrell;Sam Roberts;Ruke Orhorhoro;Xavier Watts;Kaden Elliss;Divine Deablo;Arnold Ebiketie;James Pearce Jr.;Jessie Bates
2025_06_BUF_ATL,2565,run,12.0,35.0,23.0,42.0,10:53,10:11,,21.0,7.0,1.0,10.0,"3 CB, 2 DT, 1 FS, 2 ILB, 2 OLB, 1 SS",CB;CB;CB;DT;DT;FS;ILB;ILB;OLB;OLB;SS,11,6,0,,,False,00-0035679;00-0035668;00-0038548;00-0034857;00-0037248;00-0033904;00-0036976;00-0040194;00-0036980;00-0038679;00-0039901,Connor McGovern;David Edwards;O'Cyrus Torrence;Josh Allen;James Cook;Dion Dawkins;Spencer Brown;Jackson Hawes;Elijah Moore;Tyrell Shavers;Keon Coleman,00-0034843;00-0037034;00-0036285;00-0037298;00-0039733;00-0040148;00-0035316;00-0036990;00-0038116;00-0040578;00-0034675,Mike Hughes;Dee Alford;A.J. Terrell;Sam Roberts;Ruke Orhorhoro;Xavier Watts;Kaden Elliss;Divine Deablo;Arnold Ebiketie;James Pearce Jr.;Jessie Bates
2025_06_BUF_ATL,2587,run,7.0,23.0,16.0,42.0,10:11,9:29,,21.0,7.0,1.0,10.0,"3 CB, 3 DT, 1 FS, 2 ILB, 1 OLB, 1 SS",CB;CB;CB;DT;DT;DT;FS;ILB;ILB;OLB;SS,11,6,0,,,False,00-0035679;00-0035668;00-0038548;00-0034857;00-0037248;00-0033904;00-0036976;00-0040194;00-0036980;00-0038679;00-0039901,Connor McGovern;David Edwards;O'Cyrus Torrence;Josh Allen;James Cook;Dion Dawkins;Spencer Brown;Jackson Hawes;Elijah Moore;Tyrell Shavers;Keon Coleman,00-0034843;00-0037034;00-0036285;00-0033051;00-0037298;00-0038980;00-0040148;00-0035316;00-0036990;00-0040577;00-0034675,Mike Hughes;Dee Alford;A.J. Terrell;David Onyemata;Sam Roberts;Zach Harrison;Xavier Watts;Kaden Elliss;Divine Deablo;Jalon Walker;Jessie Bates
2025_06_BUF_ATL,2609,pass,16.0,16.0,0.0,6.0,9:29,9:23,,21.0,13.0,2.0,3.0,"2 CB, 1 DE, 3 DT, 1 FS, 2 ILB, 1 OLB, 1 SS",CB;CB;DE;DT;DT;DT;FS;ILB;ILB;OLB;SS,11,8,5,MAN_COVERAGE,COVER_1,True,00-0035679;00-0036187;00-0035668;00-0038548;00-0034857;00-0039875;00-0033904;00-0036976;00-0035689;00-0040194;00-0039901,Connor McGovern;Reggie Gilliam;David Edwards;O'Cyrus Torrence;Josh Allen;Ray Davis;Dion Dawkins;Spencer Brown;Dawson Knox;Jackson Hawes;Keon Coleman,00-0034843;00-0036285;00-0033072;00-0033051;00-0037298;00-0038980;00-0040148;00-0035316;00-0036990;00-0040577;00-0034675,Mike Hughes;A.J. Terrell;Leonard Floyd;David Onyemata;Sam Roberts;Zach Harrison;Xavier Watts;Kaden Elliss;Divine Deablo;Jalon Walker;Jessie Bates
2025_06_BUF_ATL,2635,extra_point,0.0,15.0,15.0,0.0,9:23,9:23,,21.0,14.0,,0.0,"2 CB, 4 DT, 2 ILB, 1 OLB, 2 SS",CB;CB;DT;DT;DT;DT;ILB;ILB;OLB;SS;SS,11,0,0,,,False,00-0039876;00-0040710;00-0036187;00-0035668;00-0037428;00-0038548;00-0023853;00-0032497;00-0034941;00-0033904;00-0037404,Sedrick Van Pran-Granger;Deone Walker;Reggie Gilliam;David Edwards;Alec Anderson;O'Cyrus Torrence;Matt Prater;Reid Ferguson;Mitch Wishnowsky;Dion Dawkins;Ryan Van Demark,00-0034639;00-0038966;00-0033051;00-0038980;00-0039733;00-0039859;00-0034801;00-0039370;00-0037808;00-0034675;00-0038628,Mike Ford;Natrone Brooks;David Onyemata;Zach Harrison;Ruke Orhorhoro;Brandon Dorlus;Josh Woods;JD Bertrand;DeAngelo Malone;Jessie Bates;DeMarcco Hellams
2025_06_BUF_ATL,2650,kickoff,0.0,35.0,35.0,5.0,9:23,9:18,,21.0,14.0,,0.0,"2 DE, 1 FB, 3 FS, 1 K, 1 MLB, 1 OLB, 1 SS, 1 WR",DE;DE;FB;FS;FS;FS;K;MLB;OLB;SS;WR,11,0,0,,,False,00-0034639;00-0034801;00-0039370;00-0037808;00-0037263;00-0038628;00-0036429;00-0036825;00-0037277;00-0033572;00-0037487,Mike Ford;Josh Woods;JD Bertrand;DeAngelo Malone;Tyler Allgeier;DeMarcco Hellams;Charlie Woerner;Feleipe Franks;Teagan Quitoriano;Jamal Agnew;Deven Thompkins,00-0036192;00-0039879;00-0036187;00-0035357;00-0036037;00-0040192;00-0023853;00-0039763;00-0038557;00-0030114;00-0038679,A.J. Epenesa;Javon Solomon;Reggie Gilliam;Cam Lewis;Sam Franklin Jr.;Jordan Hancock;Matt Prater;Joe Andreessen;Dorian Williams;Jordan Poyer;Tyrell Shavers
2025_06_BUF_ATL,2690,run,8.0,74.0,66.0,42.0,9:18,8:36,,21.0,14.0,1.0,10.0,"3 CB, 2 DE, 2 DT, 1 FS, 2 OLB, 1 SS",CB;CB;CB;DE;DE;DT;DT;FS;OLB;OLB;SS,11,6,0,,,False,00-0036833;00-0035630;00-0039048;00-0039917;00-0038542;00-0033676;00-0039842;00-0036970;00-0035359;00-0037238;00-0039394,Ryan Neuzil;Chris Lindstrom;Matthew Bergeron;Michael Penix Jr.;Bijan Robinson;Elijah Wilkinson;Michael Jerrell;Kyle Pitts;David Sills;Drake London;Casey Washington,00-0033884;00-0034376;00-0037288;00-0036192;00-0036914;00-0035230;00-0040710;00-0035663;00-0031550;00-0038557;00-0039872,Tre'Davious White;Taron Johnson;Christian Benford;A.J. Epenesa;Greg Rousseau;Ed Oliver;Deone Walker;Taylor Rapp;Shaq Thompson;Dorian Williams;Cole Bishop
2025_06_BUF_ATL,2712,run,3.0,66.0,63.0,41.0,8:36,7:55,,21.0,14.0,2.0,2.0,"3 CB, 2 DE, 2 DT, 1 FS, 2 OLB, 1 SS",CB;CB;CB;DE;DE;DT;DT;FS;OLB;OLB;SS,11,6,0,,,False,00-0036833;00-0035630;00-0039048;00-0039917;00-0038542;00-0033676;00-0039842;00-0036970;00-0035359;00-0037238;00-0039394,Ryan Neuzil;Chris Lindstrom;Matthew Bergeron;Michael Penix Jr.;Bijan Robinson;Elijah Wilkinson;Michael Jerrell;Kyle Pitts;David Sills;Drake London;Casey Washington,00-0033884;00-0034376;00-0037288;00-0036192;00-0036914;00-0035230;00-0040710;00-0035663;00-0031550;00-0038557;00-0030114,Tre'Davious White;Taron Johnson;Christian Benford;A.J. Epenesa;Greg Rousseau;Ed Oliver;Deone Walker;Taylor Rapp;Shaq Thompson;Dorian Williams;Jordan Poyer
2025_06_BUF_ATL,2734,pass,-13.0,63.0,76.0,47.0,7:55,7:08,,21.0,14.0,1.0,10.0,"3 CB, 2 DE, 2 DT, 1 FS, 2 OLB, 1 SS",CB;CB;CB;DE;DE;DT;DT;FS;OLB;OLB;SS,11,7,5,MAN_COVERAGE,COVER_1,True,00-0036833;00-0035630;00-0039048;00-0039917;00-0038542;00-0033676;00-0039842;00-0036429;00-0036970;00-0037238;00-0039394,Ryan Neuzil;Chris Lindstrom;Matthew Bergeron;Michael Penix Jr.;Bijan Robinson;Elijah Wilkinson;Michael Jerrell;Charlie Woerner;Kyle Pitts;Drake London;Casey Washington,00-0033884;00-0034376;00-0037288;00-0036192;00-0036914;00-0035230;00-0040710;00-0035663;00-0031550;00-0038557;00-0030114,Tre'Davious White;Taron Johnson;Christian Benford;A.J. Epenesa;Greg Rousseau;Ed Oliver;Deone Walker;Taylor Rapp;Shaq Thompson;Dorian Williams;Jordan Poyer
2025_06_BUF_ATL,2757,pass,10.0,76.0,66.0,45.0,7:08,6:23,,21.0,14.0,2.0,23.0,"3 CB, 2 DE, 2 DT, 1 FS, 2 OLB, 1 SS",CB;CB;CB;DE;DE;DT;DT;FS;OLB;OLB;SS,11,6,4,ZONE_COVERAGE,COVER_4,False,00-0036833;00-0035630;00-0039048;00-0039917;00-0038542;00-0033676;00-0039842;00-0036970;00-0035359;00-0037238;00-0039394,Ryan Neuzil;Chris Lindstrom;Matthew Bergeron;Michael Penix Jr.;Bijan Robinson;Elijah Wilkinson;Michael Jerrell;Kyle Pitts;David Sills;Drake London;Casey Washington,00-0033884;00-0034376;00-0037288;00-0033156;00-0036914;00-0035230;00-0040710;00-0035663;00-0031550;00-0038557;00-0030114,Tre'Davious White;Taron Johnson;Christian Benford;Joey Bosa;Greg Rousseau;Ed Oliver;Deone Walker;Taylor Rapp;Shaq Thompson;Dorian Williams;Jordan Poyer
2025_06_BUF_ATL,2782,pass,0.0,66.0,66.0,6.0,6:23,6:17,,21.0,14.0,3.0,13.0,"3 CB, 3 DE, 1 DT, 2 FS, 1 OLB, 1 SS",CB;CB;CB;DE;DE;DE;DT;FS;FS;OLB;SS,11,5,5,MAN_COVERAGE,2_MAN,False,00-0036833;00-0035630;00-0039048;00-0039917;00-0038542;00-0033676;00-0039842;00-0036970;00-0035359;00-0037238;00-0039394,Ryan Neuzil;Chris Lindstrom;Matthew Bergeron;Michael Penix Jr.;Bijan Robinson;Elijah Wilkinson;Michael Jerrell;Kyle Pitts;David Sills;Drake London;Casey Washington,00-0033884;00-0034376;00-0037288;00-0033156;00-0036914;00-0039879;00-0035230;00-0035663;00-0035357;00-0031550;00-0030114,Tre'Davious White;Taron Johnson;Christian Benford;Joey Bosa;Greg Rousseau;Javon Solomon;Ed Oliver;Taylor Rapp;Cam Lewis;Shaq Thompson;Jordan Poyer
2025_06_BUF_ATL,2816,punt,0.0,66.0,66.0,10.0,6:17,6:07,,21.0,14.0,4.0,13.0,"2 CB, 1 DE, 1 FB, 3 FS, 1 MLB, 1 OLB, 1 WR",CB;CB;DE;FB;FS;FS;FS;MLB;OLB;WR,10,0,0,,,False,00-0034639;00-0034801;00-0039370;00-0036082;00-0037808;00-0032065;00-0037263;00-0038628;00-0036825;00-0037277;00-0034854,Mike Ford;Josh Woods;JD Bertrand;Liam McCullough;DeAngelo Malone;Bradley Pinion;Tyler Allgeier;DeMarcco Hellams;Feleipe Franks;Teagan Quitoriano;KhaDarel Hodge,00-0037661;00-0039333;00-0039879;00-0036187;00-0035357;00-0036037;00-0040192;00-0039763;00-0038557;00-0038679,Ja'Marcus Ingram;Brandon Codrington;Javon Solomon;Reggie Gilliam;Cam Lewis;Sam Franklin Jr.;Jordan Hancock;Joe Andreessen;Dorian Williams;Tyrell Shavers
2025_06_BUF_ATL,2853,run,9.0,80.0,71.0,38.0,6:07,5:29,,21.0,14.0,1.0,10.0,"2 CB, 3 DT, 1 FS, 2 ILB, 2 OLB, 1 SS",CB;CB;DT;DT;DT;FS;ILB;ILB;OLB;OLB;SS,11,7,0,,,False,00-0035679;00-0036187;00-0035668;00-0038548;00-0034857;00-0037248;00-0033904;00-0036976;00-0035689;00-0040194;00-0039901,Connor McGovern;Reggie Gilliam;David Edwards;O'Cyrus Torrence;Josh Allen;James Cook;Dion Dawkins;Spencer Brown;Dawson Knox;Jackson Hawes;Keon Coleman,00-0034843;00-0036285;00-0033051;00-0037298;00-0038980;00-0040148;00-0035316;00-0036990;00-0038116;00-0040577;00-0034675,Mike Hughes;A.J. Terrell;David Onyemata;Sam Roberts;Zach Harrison;Xavier Watts;Kaden Elliss;Divine Deablo;Arnold Ebiketie;Jalon Walker;Jessie Bates
2025_06_BUF_ATL,2887,run,1.0,71.0,70.0,41.0,5:29,4:48,,21.0,14.0,2.0,1.0,"2 CB, 3 DT, 1 FS, 2 ILB, 2 OLB, 1 SS",CB;CB;DT;DT;DT;FS;ILB;ILB;OLB;OLB;SS,11,7,0,,,False,00-0035679;00-0036187;00-0035668;00-0038548;00-0034857;00-0037248;00-0033904;00-0036976;00-0035689;00-0040194;00-0039901,Connor McGovern;Reggie Gilliam;David Edwards;O'Cyrus Torrence;Josh Allen;James Cook;Dion Dawkins;Spencer Brown;Dawson Knox;Jackson Hawes;Keon Coleman,00-0034843;00-0036285;00-0033051;00-0037298;00-0038980;00-0040148;00-0035316;00-0036990;00-0038116;00-0040577;00-0034675,Mike Hughes;A.J. Terrell;David Onyemata;Sam Roberts;Zach Harrison;Xavier Watts;Kaden Elliss;Divine Deablo;Arnold Ebiketie;Jalon Walker;Jessie Bates
2025_06_BUF_ATL,2909,no_play,0.0,70.0,70.0,6.0,4:48,4:42,,21.0,14.0,1.0,10.0,"2 CB, 3 DT, 1 FS, 2 ILB, 2 OLB, 1 SS",CB;CB;DT;DT;DT;FS;ILB;ILB;OLB;OLB;SS,11,8,5,MAN_COVERAGE,COVER_1,True,00-0035679;00-0036187;00-0035668;00-0038548;00-0034857;00-0037248;00-0033904;00-0036976;00-0035689;00-0040194;00-0039901,Connor McGovern;Reggie Gilliam;David Edwards;O'Cyrus Torrence;Josh Allen;James Cook;Dion Dawkins;Spencer Brown;Dawson Knox;Jackson Hawes;Keon Coleman,00-0034843;00-0036285;00-0033051;00-0037298;00-0038980;00-0040148;00-0035316;00-0036990;00-0038116;00-0040577;00-0034675,Mike Hughes;A.J. Terrell;David Onyemata;Sam Roberts;Zach Harrison;Xavier Watts;Kaden Elliss;Divine Deablo;Arnold Ebiketie;Jalon Walker;Jessie Bates
2025_06_BUF_ATL,2943,run,6.0,65.0,59.0,39.0,4:42,4:03,,21.0,14.0,1.0,10.0,"2 CB, 3 DT, 1 FS, 2 ILB, 2 OLB, 1 SS",CB;CB;DT;DT;DT;FS;ILB;ILB;OLB;OLB;SS,11,7,0,,,False,00-0035679;00-0036187;00-0035668;00-0038548;00-0034857;00-0037248;00-0033904;00-0036976;00-0035689;00-0040194;00-0039901,Connor McGovern;Reggie Gilliam;David Edwards;O'Cyrus Torrence;Josh Allen;James Cook;Dion Dawkins;Spencer Brown;Dawson Knox;Jackson Hawes;Keon Coleman,00-0034843;00-0036285;00-0037298;00-0038980;00-0039733;00-0040148;00-0035316;00-0036990;00-0038116;00-0040577;00-0034675,Mike Hughes;A.J. Terrell;Sam Roberts;Zach Harrison;Ruke Orhorhoro;Xavier Watts;Kaden Elliss;Divine Deablo;Arnold Ebiketie;Jalon Walker;Jessie Bates
2025_06_BUF_ATL,2965,run,0.0,59.0,59.0,40.0,4:03,3:23,,21.0,14.0,2.0,4.0,"2 CB, 3 DT, 1 FS, 2 ILB, 2 OLB, 1 SS",CB;CB;DT;DT;DT;FS;ILB;ILB;OLB;OLB;SS,11,7,0,,,False,00-0035679;00-0036187;00-0035668;00-0038548;00-0034857;00-0037248;00-0033904;00-0036976;00-0035689;00-0040194;00-0039901,Connor McGovern;Reggie Gilliam;David Edwards;O'Cyrus Torrence;Josh Allen;James Cook;Dion Dawkins;Spencer Brown;Dawson Knox;Jackson Hawes;Keon Coleman,00-0034843;00-0036285;00-0037298;00-0038980;00-0039733;00-0040148;00-0035316;00-0036990;00-0038116;00-0040577;00-0034675,Mike Hughes;A.J. Terrell;Sam Roberts;Zach Harrison;Ruke Orhorhoro;Xavier Watts;Kaden Elliss;Divine Deablo;Arnold Ebiketie;Jalon Walker;Jessie Bates
2025_06_BUF_ATL,2992,no_play,0.0,59.0,59.0,6.0,3:23,3:17,,21.0,14.0,3.0,4.0,"3 CB, 2 DT, 1 FS, 2 ILB, 2 OLB, 1 SS",CB;CB;CB;DT;DT;FS;ILB;ILB;OLB;OLB;SS,11,7,4,MAN_COVERAGE,COVER_1,True,00-0035679;00-0035668;00-0038548;00-0034857;00-0035537;00-0033904;00-0036976;00-0035689;00-0037261;00-0038679;00-0039901,Connor McGovern;David Edwards;O'Cyrus Torrence;Josh Allen;Ty Johnson;Dion Dawkins;Spencer Brown;Dawson Knox;Khalil Shakir;Tyrell Shavers;Keon Coleman,00-0034843;00-0037034;00-0036285;00-0039733;00-0039859;00-0040148;00-0035316;00-0036990;00-0040577;00-0040578;00-0034675,Mike Hughes;Dee Alford;A.J. Terrell;Ruke Orhorhoro;Brandon Dorlus;Xavier Watts;Kaden Elliss;Divine Deablo;Jalon Walker;James Pearce Jr.;Jessie Bates
2025_06_BUF_ATL,3026,pass,-8.0,54.0,62.0,45.0,3:17,2:32,,21.0,14.0,1.0,10.0,"3 CB, 1 DE, 3 DT, 1 FS, 2 ILB, 1 SS",CB;CB;CB;DE;DT;DT;DT;FS;ILB;ILB;SS,11,8,5,ZONE_COVERAGE,COVER_3,True,00-0035679;00-0036187;00-0035668;00-0038548;00-0034857;00-0035537;00-0033904;00-0036976;00-0040194;00-0036980;00-0039901,Connor McGovern;Reggie Gilliam;David Edwards;O'Cyrus Torrence;Josh Allen;Ty Johnson;Dion Dawkins;Spencer Brown;Jackson Hawes;Elijah Moore;Keon Coleman,00-0034843;00-0037034;00-0036285;00-0033072;00-0033051;00-0038980;00-0039733;00-0040148;00-0035316;00-0036990;00-0034675,Mike Hughes;Dee Alford;A.J. Terrell;Leonard Floyd;David Onyemata;Zach Harrison;Ruke Orhorhoro;Xavier Watts;Kaden Elliss;Divine Deablo;Jessie Bates
2025_06_BUF_ATL,3046,pass,9.0,62.0,53.0,43.0,2:32,1:49,,21.0,14.0,2.0,18.0,"3 CB, 1 DE, 2 DT, 1 FS, 2 ILB, 1 OLB, 1 SS",CB;CB;CB;DE;DT;DT;FS;ILB;ILB;OLB;SS,11,6,4,MAN_COVERAGE,COVER_1,False,00-0035679;00-0035668;00-0038548;00-0034857;00-0037248;00-0033904;00-0036976;00-0035689;00-0037261;00-0038679;00-0039901,Connor McGovern;David Edwards;O'Cyrus Torrence;Josh Allen;James Cook;Dion Dawkins;Spencer Brown;Dawson Knox;Khalil Shakir;Tyrell Shavers;Keon Coleman,00-0034843;00-0037034;00-0036285;00-0033072;00-0038980;00-0039859;00-0040148;00-0035316;00-0036990;00-0040578;00-0034675,Mike Hughes;Dee Alford;A.J. Terrell;Leonard Floyd;Zach Harrison;Brandon Dorlus;Xavier Watts;Kaden Elliss;Divine Deablo;James Pearce Jr.;Jessie Bates
2025_06_BUF_ATL,3071,pass,7.0,53.0,46.0,45.0,1:49,1:04,,21.0,14.0,3.0,9.0,"3 CB, 1 DE, 1 DT, 1 FS, 2 ILB, 2 OLB, 1 SS",CB;CB;CB;DE;DT;FS;ILB;ILB;OLB;OLB;SS,11,5,6,MAN_COVERAGE,COVER_1,False,00-0035679;00-0035668;00-0038548;00-0034857;00-0035537;00-0033904;00-0036976;00-0035689;00-0037261;00-0038679;00-0039901,Connor McGovern;David Edwards;O'Cyrus Torrence;Josh Allen;Ty Johnson;Dion Dawkins;Spencer Brown;Dawson Knox;Khalil Shakir;Tyrell Shavers;Keon Coleman,00-0034843;00-0037034;00-0036285;00-0033072;00-0039859;00-0040148;00-0035316;00-0036990;00-0040577;00-0040578;00-0034675,Mike Hughes;Dee Alford;A.J. Terrell;Leonard Floyd;Brandon Dorlus;Xavier Watts;Kaden Elliss;Divine Deablo;Jalon Walker;James Pearce Jr.;Jessie Bates
2025_06_BUF_ATL,3096,pass,0.0,46.0,46.0,6.0,1:04,0:58,,21.0,14.0,4.0,2.0,"3 CB, 3 DT, 1 FS, 2 ILB, 1 OLB, 1 SS",CB;CB;CB;DT;DT;DT;FS;ILB;ILB;OLB;SS,11,6,5,ZONE_COVERAGE,COVER_2,True,00-0035679;00-0035668;00-0038548;00-0034857;00-0035537;00-0033904;00-0036976;00-0035689;00-0037261;00-0038679;00-0039901,Connor McGovern;David Edwards;O'Cyrus Torrence;Josh Allen;Ty Johnson;Dion Dawkins;Spencer Brown;Dawson Knox;Khalil Shakir;Tyrell Shavers;Keon Coleman,00-0034843;00-0037034;00-0036285;00-0033051;00-0037298;00-0038980;00-0040148;00-0035316;00-0036990;00-0040577;00-0034675,Mike Hughes;Dee Alford;A.J. Terrell;David Onyemata;Sam Roberts;Zach Harrison;Xavier Watts;Kaden Elliss;Divine Deablo;Jalon Walker;Jessie Bates
2025_06_BUF_ATL,3119,run,11.0,53.0,42.0,45.0,0:58,0:13,,21.0,14.0,1.0,10.0,"2 CB, 2 DE, 2 DT, 1 FS, 1 MLB, 2 OLB, 1 SS",CB;CB;DE;DE;DT;DT;FS;MLB;OLB;OLB;SS,11,7,0,,,False,00-0036833;00-0035630;00-0039048;00-0039917;00-0038542;00-0033676;00-0039842;00-0036429;00-0036970;00-0037238;00-0039394,Ryan Neuzil;Chris Lindstrom;Matthew Bergeron;Michael Penix Jr.;Bijan Robinson;Elijah Wilkinson;Michael Jerrell;Charlie Woerner;Kyle Pitts;Drake London;Casey Washington,00-0033884;00-0037288;00-0033156;00-0036192;00-0035230;00-0040710;00-0035663;00-0039763;00-0031550;00-0038557;00-0030114,Tre'Davious White;Christian Benford;Joey Bosa;A.J. Epenesa;Ed Oliver;Deone Walker;Taylor Rapp;Joe Andreessen;Shaq Thompson;Dorian Williams;Jordan Poyer
2025_06_BUF_ATL,3148,run,-3.0,42.0,45.0,13.0,0:13,0:00,,21.0,14.0,1.0,10.0,"3 CB, 2 DE, 2 DT, 1 FS, 2 OLB, 1 SS",CB;CB;CB;DE;DE;DT;DT;FS;OLB;OLB;SS,11,6,0,,,False,00-0036833;00-0035630;00-0039048;00-0039917;00-0038542;00-0033676;00-0039842;00-0036429;00-0036970;00-0037238;00-0039394,Ryan Neuzil;Chris Lindstrom;Matthew Bergeron;Michael Penix Jr.;Bijan Robinson;Elijah Wilkinson;Michael Jerrell;Charlie Woerner;Kyle Pitts;Drake London;Casey Washington,00-0033884;00-0034376;00-0037288;00-0033156;00-0036192;00-0035230;00-0040710;00-0035663;00-0031550;00-0038557;00-0030114,Tre'Davious White;Taron Johnson;Christian Benford;Joey Bosa;A.J. Epenesa;Ed Oliver;Deone Walker;Taylor Rapp;Shaq Thompson;Dorian Williams;Jordan Poyer
2025_06_BUF_ATL,3170,start_quarter_4,,,,0.0,0:00,0:00,,21.0,14.0,,0.0,,,,,,,,,,,,
2025_06_BUF_ATL,3190,run,-1.0,45.0,46.0,44.0,15:00,14:16,,21.0,14.0,2.0,13.0,"3 CB, 2 DE, 2 DT, 1 FS, 2 OLB, 1 SS",CB;CB;CB;DE;DE;DT;DT;FS;OLB;OLB;SS,11,6,0,,,False,00-0036833;00-0035630;00-0039048;00-0039917;00-0037263;00-0038542;00-0033676;00-0039842;00-0036970;00-0037238;00-0039394,Ryan Neuzil;Chris Lindstrom;Matthew Bergeron;Michael Penix Jr.;Tyler Allgeier;Bijan Robinson;Elijah Wilkinson;Michael Jerrell;Kyle Pitts;Drake London;Casey Washington,00-0033884;00-0034376;00-0037288;00-0033156;00-0036914;00-0035230;00-0040710;00-0035663;00-0031550;00-0038557;00-0030114,Tre'Davious White;Taron Johnson;Christian Benford;Joey Bosa;Greg Rousseau;Ed Oliver;Deone Walker;Taylor Rapp;Shaq Thompson;Dorian Williams;Jordan Poyer
2025_06_BUF_ATL,3212,no_play,0.0,46.0,46.0,4.0,14:16,14:12,,21.0,14.0,3.0,14.0,"3 CB, 3 DE, 1 DT, 2 FS, 1 OLB, 1 SS",CB;CB;CB;DE;DE;DE;DT;FS;FS;OLB;SS,11,5,4,MAN_COVERAGE,2_MAN,False,00-0036833;00-0035630;00-0039048;00-0039917;00-0038542;00-0033676;00-0039842;00-0036429;00-0036970;00-0037238;00-0039394,Ryan Neuzil;Chris Lindstrom;Matthew Bergeron;Michael Penix Jr.;Bijan Robinson;Elijah Wilkinson;Michael Jerrell;Charlie Woerner;Kyle Pitts;Drake London;Casey Washington,00-0033884;00-0034376;00-0037288;00-0033156;00-0036914;00-0039879;00-0035230;00-0035663;00-0035357;00-0031550;00-0030114,Tre'Davious White;Taron Johnson;Christian Benford;Joey Bosa;Greg Rousseau;Javon Solomon;Ed Oliver;Taylor Rapp;Cam Lewis;Shaq Thompson;Jordan Poyer
2025_06_BUF_ATL,3246,pass,20.0,37.0,17.0,49.0,14:12,13:23,,21.0,14.0,1.0,10.0,"2 CB, 2 DE, 2 DT, 1 FS, 1 MLB, 2 OLB, 1 SS",CB;CB;DE;DE;DT;DT;FS;MLB;OLB;OLB;SS,11,7,4,ZONE_COVERAGE,COVER_3,False,00-0036833;00-0035630;00-0039048;00-0039917;00-0038542;00-0033676;00-0039842;00-0036429;00-0036970;00-0035359;00-0037238,Ryan Neuzil;Chris Lindstrom;Matthew Bergeron;Michael Penix Jr.;Bijan Robinson;Elijah Wilkinson;Michael Jerrell;Charlie Woerner;Kyle Pitts;David Sills;Drake London,00-0033884;00-0037288;00-0033156;00-0036914;00-0031557;00-0040710;00-0035663;00-0039763;00-0031550;00-0038557;00-0030114,Tre'Davious White;Christian Benford;Joey Bosa;Greg Rousseau;Jordan Phillips;Deone Walker;Taylor Rapp;Joe Andreessen;Shaq Thompson;Dorian Williams;Jordan Poyer
2025_06_BUF_ATL,3271,pass,-2.0,17.0,19.0,44.0,13:23,12:39,,21.0,14.0,1.0,10.0,"3 CB, 2 DE, 2 DT, 1 FS, 2 OLB, 1 SS",CB;CB;CB;DE;DE;DT;DT;FS;OLB;OLB;SS,11,7,4,MAN_COVERAGE,COVER_1,False,00-0036833;00-0035630;00-0039048;00-0039917;00-0037263;00-0033676;00-0039842;00-0036429;00-0036970;00-0035359;00-0037238,Ryan Neuzil;Chris Lindstrom;Matthew Bergeron;Michael Penix Jr.;Tyler Allgeier;Elijah Wilkinson;Michael Jerrell;Charlie Woerner;Kyle Pitts;David Sills;Drake London,00-0033884;00-0034376;00-0037288;00-0033156;00-0036914;00-0031557;00-0040710;00-0035663;00-0031550;00-0038557;00-0030114,Tre'Davious White;Taron Johnson;Christian Benford;Joey Bosa;Greg Rousseau;Jordan Phillips;Deone Walker;Taylor Rapp;Shaq Thompson;Dorian Williams;Jordan Poyer
2025_06_BUF_ATL,3296,pass,0.0,19.0,19.0,4.0,12:39,12:35,,21.0,14.0,2.0,12.0,"3 CB, 2 DE, 2 DT, 1 FS, 2 OLB, 1 SS",CB;CB;CB;DE;DE;DT;DT;FS;OLB;OLB;SS,11,6,4,ZONE_COVERAGE,COVER_4,False,00-0036833;00-0035630;00-0039048;00-0039917;00-0037263;00-0033676;00-0039842;00-0036970;00-0035359;00-0037238;00-0039394,Ryan Neuzil;Chris Lindstrom;Matthew Bergeron;Michael Penix Jr.;Tyler Allgeier;Elijah Wilkinson;Michael Jerrell;Kyle Pitts;David Sills;Drake London;Casey Washington,00-0033884;00-0034376;00-0037288;00-0036192;00-0036914;00-0035230;00-0040710;00-0035663;00-0031550;00-0038557;00-0030114,Tre'Davious White;Taron Johnson;Christian Benford;A.J. Epenesa;Greg Rousseau;Ed Oliver;Deone Walker;Taylor Rapp;Shaq Thompson;Dorian Williams;Jordan Poyer
2025_06_BUF_ATL,3319,pass,0.0,19.0,19.0,4.0,12:35,12:31,,21.0,14.0,3.0,12.0,"3 CB, 3 DE, 1 DT, 2 FS, 1 OLB, 1 SS",CB;CB;CB;DE;DE;DE;DT;FS;FS;OLB;SS,11,5,4,ZONE_COVERAGE,COVER_4,False,00-0036833;00-0035630;00-0039048;00-0039917;00-0038542;00-0033676;00-0039842;00-0036429;00-0036970;00-0037238;00-0039394,Ryan Neuzil;Chris Lindstrom;Matthew Bergeron;Michael Penix Jr.;Bijan Robinson;Elijah Wilkinson;Michael Jerrell;Charlie Woerner;Kyle Pitts;Drake London;Casey Washington,00-0033884;00-0034376;00-0037288;00-0033156;00-0036192;00-0039879;00-0035230;00-0035663;00-0035357;00-0031550;00-0030114,Tre'Davious White;Taron Johnson;Christian Benford;Joey Bosa;A.J. Epenesa;Javon Solomon;Ed Oliver;Taylor Rapp;Cam Lewis;Shaq Thompson;Jordan Poyer
2025_06_BUF_ATL,3342,field_goal,0.0,19.0,19.0,7.0,12:31,12:24,,21.0,14.0,4.0,12.0,"1 CB, 3 DE, 2 DT, 2 FS, 1 MLB, 1 OLB, 1 SS",CB;DE;DE;DE;DT;DT;FS;FS;MLB;OLB;SS,11,0,0,,,False,00-0038629;00-0035630;00-0036354;00-0039048;00-0037542;00-0036082;00-0032065;00-0033676;00-0039842;00-0036429;00-0037277,Jovaughn Gwyn;Chris Lindstrom;Kyle Hinton;Matthew Bergeron;John Parker Romo;Liam McCullough;Bradley Pinion;Elijah Wilkinson;Michael Jerrell;Charlie Woerner;Teagan Quitoriano,00-0037288;00-0036192;00-0036914;00-0040132;00-0031557;00-0040710;00-0036037;00-0040192;00-0039763;00-0031550;00-0030114,Christian Benford;A.J. Epenesa;Greg Rousseau;Landon Jackson;Jordan Phillips;Deone Walker;Sam Franklin Jr.;Jordan Hancock;Joe Andreessen;Shaq Thompson;Jordan Poyer
2025_06_BUF_ATL,3372,run,5.0,61.0,56.0,39.0,12:24,11:45,,21.0,14.0,1.0,10.0,"2 CB, 1 DE, 3 DT, 1 FS, 2 ILB, 1 OLB, 1 SS",CB;CB;DE;DT;DT;DT;FS;ILB;ILB;OLB;SS,11,7,0,,,False,00-0035679;00-0036187;00-0035668;00-0038548;00-0034857;00-0035537;00-0033904;00-0036976;00-0035689;00-0040194;00-0039901,Connor McGovern;Reggie Gilliam;David Edwards;O'Cyrus Torrence;Josh Allen;Ty Johnson;Dion Dawkins;Spencer Brown;Dawson Knox;Jackson Hawes;Keon Coleman,00-0034843;00-0036285;00-0033072;00-0033051;00-0037298;00-0038980;00-0040148;00-0035316;00-0036990;00-0040578;00-0034675,Mike Hughes;A.J. Terrell;Leonard Floyd;David Onyemata;Sam Roberts;Zach Harrison;Xavier Watts;Kaden Elliss;Divine Deablo;James Pearce Jr.;Jessie Bates
2025_06_BUF_ATL,3401,run,4.0,56.0,52.0,37.0,11:45,11:08,,21.0,14.0,2.0,5.0,"2 CB, 1 DE, 3 DT, 1 FS, 2 ILB, 1 OLB, 1 SS",CB;CB;DE;DT;DT;DT;FS;ILB;ILB;OLB;SS,11,7,0,,,False,00-0035679;00-0036187;00-0035668;00-0038548;00-0034857;00-0037248;00-0033904;00-0036976;00-0035689;00-0040194;00-0039901,Connor McGovern;Reggie Gilliam;David Edwards;O'Cyrus Torrence;Josh Allen;James Cook;Dion Dawkins;Spencer Brown;Dawson Knox;Jackson Hawes;Keon Coleman,00-0034843;00-0036285;00-0033072;00-0033051;00-0037298;00-0038980;00-0040148;00-0035316;00-0036990;00-0040578;00-0034675,Mike Hughes;A.J. Terrell;Leonard Floyd;David Onyemata;Sam Roberts;Zach Harrison;Xavier Watts;Kaden Elliss;Divine Deablo;James Pearce Jr.;Jessie Bates
2025_06_BUF_ATL,3423,run,0.0,52.0,52.0,44.0,11:08,10:24,,21.0,14.0,3.0,1.0,"3 CB, 1 DE, 2 DT, 1 FS, 2 ILB, 1 OLB, 1 SS",CB;CB;CB;DE;DT;DT;FS;ILB;ILB;OLB;SS,11,6,0,,,False,00-0035679;00-0036187;00-0035668;00-0038548;00-0034857;00-0033904;00-0036976;00-0035689;00-0040194;00-0036980;00-0037261,Connor McGovern;Reggie Gilliam;David Edwards;O'Cyrus Torrence;Josh Allen;Dion Dawkins;Spencer Brown;Dawson Knox;Jackson Hawes;Elijah Moore;Khalil Shakir,00-0034843;00-0037034;00-0036285;00-0033072;00-0033051;00-0039733;00-0040148;00-0035316;00-0036990;00-0040578;00-0034675,Mike Hughes;Dee Alford;A.J. Terrell;Leonard Floyd;David Onyemata;Ruke Orhorhoro;Xavier Watts;Kaden Elliss;Divine Deablo;James Pearce Jr.;Jessie Bates
2025_06_BUF_ATL,3459,punt,0.0,56.0,56.0,7.0,10:24,10:17,,21.0,14.0,4.0,5.0,"3 CB, 1 DT, 2 ILB, 1 OLB, 1 SS, 1 TE, 2 WR",CB;CB;CB;DT;ILB;ILB;OLB;SS;TE;WR;WR,11,0,0,,,False,00-0039879;00-0036187;00-0035357;00-0036037;00-0040192;00-0032497;00-0039763;00-0038557;00-0034941;00-0035537;00-0039875,Javon Solomon;Reggie Gilliam;Cam Lewis;Sam Franklin Jr.;Jordan Hancock;Reid Ferguson;Joe Andreessen;Dorian Williams;Mitch Wishnowsky;Ty Johnson;Ray Davis,00-0034639;00-0036561;00-0038966;00-0038980;00-0034801;00-0039370;00-0037808;00-0038628;00-0036825;00-0033572;00-0034854,Mike Ford;Keith Taylor;Natrone Brooks;Zach Harrison;Josh Woods;JD Bertrand;DeAngelo Malone;DeMarcco Hellams;Feleipe Franks;Jamal Agnew;KhaDarel Hodge
2025_06_BUF_ATL,3479,run,9.0,85.0,76.0,45.0,10:17,9:32,,21.0,14.0,1.0,10.0,"3 CB, 2 DE, 2 DT, 1 FS, 2 OLB, 1 SS",CB;CB;CB;DE;DE;DT;DT;FS;OLB;OLB;SS,11,6,0,,,False,00-0036833;00-0035630;00-0039048;00-0039917;00-0038542;00-0033676;00-0039842;00-0036429;00-0036970;00-0037238;00-0039394,Ryan Neuzil;Chris Lindstrom;Matthew Bergeron;Michael Penix Jr.;Bijan Robinson;Elijah Wilkinson;Michael Jerrell;Charlie Woerner;Kyle Pitts;Drake London;Casey Washington,00-0033884;00-0034376;00-0037288;00-0036192;00-0040132;00-0035230;00-0040710;00-0035663;00-0031550;00-0038557;00-0030114,Tre'Davious White;Taron Johnson;Christian Benford;A.J. Epenesa;Landon Jackson;Ed Oliver;Deone Walker;Taylor Rapp;Shaq Thompson;Dorian Williams;Jordan Poyer
2025_06_BUF_ATL,3508,run,-1.0,76.0,77.0,44.0,9:32,8:48,,21.0,14.0,2.0,1.0,"3 CB, 2 DE, 2 DT, 1 FS, 2 OLB, 1 SS",CB;CB;CB;DE;DE;DT;DT;FS;OLB;OLB;SS,11,6,0,,,False,00-0036833;00-0035630;00-0039048;00-0039917;00-0038542;00-0033676;00-0039842;00-0036429;00-0036970;00-0037238;00-0039394,Ryan Neuzil;Chris Lindstrom;Matthew Bergeron;Michael Penix Jr.;Bijan Robinson;Elijah Wilkinson;Michael Jerrell;Charlie Woerner;Kyle Pitts;Drake London;Casey Washington,00-0033884;00-0034376;00-0037288;00-0036192;00-0040132;00-0035230;00-0040710;00-0035663;00-0031550;00-0038557;00-0030114,Tre'Davious White;Taron Johnson;Christian Benford;A.J. Epenesa;Landon Jackson;Ed Oliver;Deone Walker;Taylor Rapp;Shaq Thompson;Dorian Williams;Jordan Poyer
2025_06_BUF_ATL,3530,pass,0.0,77.0,77.0,5.0,8:48,8:43,,21.0,14.0,3.0,2.0,"3 CB, 3 DE, 1 DT, 2 FS, 1 OLB, 1 SS",CB;CB;CB;DE;DE;DE;DT;FS;FS;OLB;SS,11,6,4,ZONE_COVERAGE,COVER_3,False,00-0036833;00-0035630;00-0039048;00-0039917;00-0038542;00-0033676;00-0039842;00-0036429;00-0036970;00-0037238;00-0039394,Ryan Neuzil;Chris Lindstrom;Matthew Bergeron;Michael Penix Jr.;Bijan Robinson;Elijah Wilkinson;Michael Jerrell;Charlie Woerner;Kyle Pitts;Drake London;Casey Washington,00-0033884;00-0034376;00-0037288;00-0033156;00-0036914;00-0039879;00-0035230;00-0035663;00-0035357;00-0031550;00-0030114,Tre'Davious White;Taron Johnson;Christian Benford;Joey Bosa;Greg Rousseau;Javon Solomon;Ed Oliver;Taylor Rapp;Cam Lewis;Shaq Thompson;Jordan Poyer
2025_06_BUF_ATL,3553,punt,0.0,77.0,77.0,13.0,8:43,8:30,,21.0,14.0,4.0,2.0,"2 CB, 2 DE, 1 FB, 2 FS, 1 MLB, 1 OLB, 1 WR",CB;CB;DE;DE;FB;FS;FS;MLB;OLB;WR,10,0,0,,,False,00-0034639;00-0034801;00-0039370;00-0036082;00-0037808;00-0032065;00-0037263;00-0038628;00-0036825;00-0037277;00-0034854,Mike Ford;Josh Woods;JD Bertrand;Liam McCullough;DeAngelo Malone;Bradley Pinion;Tyler Allgeier;DeMarcco Hellams;Feleipe Franks;Teagan Quitoriano;KhaDarel Hodge,00-0037661;00-0039333;00-0039879;00-0040132;00-0036187;00-0036037;00-0040192;00-0039763;00-0038557;00-0038679,Ja'Marcus Ingram;Brandon Codrington;Javon Solomon;Landon Jackson;Reggie Gilliam;Sam Franklin Jr.;Jordan Hancock;Joe Andreessen;Dorian Williams;Tyrell Shavers
2025_06_BUF_ATL,3579,pass,0.0,67.0,67.0,44.0,8:30,7:46,,21.0,14.0,1.0,10.0,"2 CB, 3 DT, 1 FS, 2 ILB, 2 OLB, 1 SS",CB;CB;DT;DT;DT;FS;ILB;ILB;OLB;OLB;SS,11,7,5,MAN_COVERAGE,COVER_1,True,00-0035679;00-0036187;00-0035668;00-0038548;00-0034857;00-0037248;00-0033904;00-0036976;00-0035689;00-0040194;00-0037261,Connor McGovern;Reggie Gilliam;David Edwards;O'Cyrus Torrence;Josh Allen;James Cook;Dion Dawkins;Spencer Brown;Dawson Knox;Jackson Hawes;Khalil Shakir,00-0034843;00-0036285;00-0033051;00-0037298;00-0038980;00-0040148;00-0035316;00-0036990;00-0038116;00-0040577;00-0034675,Mike Hughes;A.J. Terrell;David Onyemata;Sam Roberts;Zach Harrison;Xavier Watts;Kaden Elliss;Divine Deablo;Arnold Ebiketie;Jalon Walker;Jessie Bates
2025_06_BUF_ATL,3599,pass,0.0,67.0,67.0,46.0,7:46,7:00,,21.0,14.0,2.0,10.0,"3 CB, 2 DT, 1 FS, 2 ILB, 2 OLB, 1 SS",CB;CB;CB;DT;DT;FS;ILB;ILB;OLB;OLB;SS,11,6,4,ZONE_COVERAGE,COVER_3,False,00-0035679;00-0035668;00-0038548;00-0034857;00-0035537;00-0033904;00-0036976;00-0035689;00-0036980;00-0037261;00-0038679,Connor McGovern;David Edwards;O'Cyrus Torrence;Josh Allen;Ty Johnson;Dion Dawkins;Spencer Brown;Dawson Knox;Elijah Moore;Khalil Shakir;Tyrell Shavers,00-0034843;00-0037034;00-0036285;00-0033051;00-0037298;00-0040148;00-0035316;00-0036990;00-0038116;00-0040577;00-0034675,Mike Hughes;Dee Alford;A.J. Terrell;David Onyemata;Sam Roberts;Xavier Watts;Kaden Elliss;Divine Deablo;Arnold Ebiketie;Jalon Walker;Jessie Bates
2025_06_BUF_ATL,3624,pass,0.0,67.0,67.0,5.0,7:00,6:55,,21.0,14.0,3.0,10.0,"3 CB, 1 DT, 1 FS, 2 ILB, 3 OLB, 1 SS",CB;CB;CB;DT;FS;ILB;ILB;OLB;OLB;OLB;SS,11,7,6,ZONE_COVERAGE,COVER_4,False,00-0035679;00-0035668;00-0038548;00-0034857;00-0035537;00-0033904;00-0036976;00-0035689;00-0036980;00-0037261;00-0039901,Connor McGovern;David Edwards;O'Cyrus Torrence;Josh Allen;Ty Johnson;Dion Dawkins;Spencer Brown;Dawson Knox;Elijah Moore;Khalil Shakir;Keon Coleman,00-0034843;00-0037034;00-0036285;00-0039733;00-0040148;00-0035316;00-0036990;00-0038116;00-0040577;00-0040578;00-0034675,Mike Hughes;Dee Alford;A.J. Terrell;Ruke Orhorhoro;Xavier Watts;Kaden Elliss;Divine Deablo;Arnold Ebiketie;Jalon Walker;James Pearce Jr.;Jessie Bates
2025_06_BUF_ATL,3647,punt,0.0,67.0,67.0,12.0,6:55,6:43,,21.0,14.0,4.0,10.0,"3 CB, 1 DT, 2 ILB, 1 OLB, 1 SS, 1 TE, 2 WR",CB;CB;CB;DT;ILB;ILB;OLB;SS;TE;WR;WR,11,0,0,,,False,00-0039879;00-0036187;00-0035357;00-0036037;00-0040192;00-0032497;00-0039763;00-0038557;00-0034941;00-0035537;00-0039875,Javon Solomon;Reggie Gilliam;Cam Lewis;Sam Franklin Jr.;Jordan Hancock;Reid Ferguson;Joe Andreessen;Dorian Williams;Mitch Wishnowsky;Ty Johnson;Ray Davis,00-0034639;00-0036561;00-0038966;00-0038980;00-0034801;00-0039370;00-0037808;00-0038628;00-0036825;00-0033572;00-0034854,Mike Ford;Keith Taylor;Natrone Brooks;Zach Harrison;Josh Woods;JD Bertrand;DeAngelo Malone;DeMarcco Hellams;Feleipe Franks;Jamal Agnew;KhaDarel Hodge
2025_06_BUF_ATL,3684,pass,8.0,83.0,75.0,33.0,6:43,6:10,,21.0,14.0,1.0,10.0,"3 CB, 2 DE, 2 DT, 1 FS, 2 OLB, 1 SS",CB;CB;CB;DE;DE;DT;DT;FS;OLB;OLB;SS,11,7,4,ZONE_COVERAGE,COVER_3,False,00-0036833;00-0035630;00-0039048;00-0039917;00-0037263;00-0038542;00-0033676;00-0039842;00-0036970;00-0037238;00-0039394,Ryan Neuzil;Chris Lindstrom;Matthew Bergeron;Michael Penix Jr.;Tyler Allgeier;Bijan Robinson;Elijah Wilkinson;Michael Jerrell;Kyle Pitts;Drake London;Casey Washington,00-0033884;00-0034376;00-0037288;00-0033156;00-0036914;00-0035230;00-0040710;00-0035663;00-0031550;00-0038557;00-0039872,Tre'Davious White;Taron Johnson;Christian Benford;Joey Bosa;Greg Rousseau;Ed Oliver;Deone Walker;Taylor Rapp;Shaq Thompson;Dorian Williams;Cole Bishop
2025_06_BUF_ATL,3721,run,4.0,75.0,71.0,40.0,6:10,5:30,,21.0,14.0,2.0,2.0,"3 CB, 2 DE, 2 DT, 1 FS, 2 OLB, 1 SS",CB;CB;CB;DE;DE;DT;DT;FS;OLB;OLB;SS,11,6,0,,,False,00-0036833;00-0035630;00-0039048;00-0039917;00-0037263;00-0038542;00-0033676;00-0039842;00-0036970;00-0037238;00-0039394,Ryan Neuzil;Chris Lindstrom;Matthew Bergeron;Michael Penix Jr.;Tyler Allgeier;Bijan Robinson;Elijah Wilkinson;Michael Jerrell;Kyle Pitts;Drake London;Casey Washington,00-0033884;00-0034376;00-0037288;00-0033156;00-0036914;00-0035230;00-0040710;00-0035663;00-0031550;00-0038557;00-0039872,Tre'Davious White;Taron Johnson;Christian Benford;Joey Bosa;Greg Rousseau;Ed Oliver;Deone Walker;Taylor Rapp;Shaq Thompson;Dorian Williams;Cole Bishop
2025_06_BUF_ATL,3746,no_play,0.0,71.0,71.0,0.0,5:30,5:30,,21.0,14.0,1.0,10.0,"3 CB, 2 DE, 2 DT, 1 FS, 2 OLB, 1 SS",CB;CB;CB;DE;DE;DT;DT;FS;OLB;OLB;SS,11,0,0,,,False,00-0036833;00-0035630;00-0039048;00-0039917;00-0037263;00-0038542;00-0033676;00-0039842;00-0036970;00-0037238;00-0039394,Ryan Neuzil;Chris Lindstrom;Matthew Bergeron;Michael Penix Jr.;Tyler Allgeier;Bijan Robinson;Elijah Wilkinson;Michael Jerrell;Kyle Pitts;Drake London;Casey Washington,00-0033884;00-0034376;00-0037288;00-0033156;00-0036914;00-0035230;00-0040710;00-0035663;00-0031550;00-0038557;00-0039872,Tre'Davious White;Taron Johnson;Christian Benford;Joey Bosa;Greg Rousseau;Ed Oliver;Deone Walker;Taylor Rapp;Shaq Thompson;Dorian Williams;Cole Bishop
2025_06_BUF_ATL,3770,pass,6.0,76.0,70.0,43.0,5:30,4:47,,21.0,14.0,1.0,15.0,"3 CB, 2 DE, 2 DT, 1 FS, 2 OLB, 1 SS",CB;CB;CB;DE;DE;DT;DT;FS;OLB;OLB;SS,11,6,4,ZONE_COVERAGE,COVER_3,False,00-0036833;00-0035630;00-0039048;00-0039917;00-0037263;00-0033676;00-0039842;00-0036970;00-0035359;00-0037238;00-0039394,Ryan Neuzil;Chris Lindstrom;Matthew Bergeron;Michael Penix Jr.;Tyler Allgeier;Elijah Wilkinson;Michael Jerrell;Kyle Pitts;David Sills;Drake London;Casey Washington,00-0033884;00-0034376;00-0037288;00-0033156;00-0036914;00-0035230;00-0040710;00-0035663;00-0031550;00-0038557;00-0039872,Tre'Davious White;Taron Johnson;Christian Benford;Joey Bosa;Greg Rousseau;Ed Oliver;Deone Walker;Taylor Rapp;Shaq Thompson;Dorian Williams;Cole Bishop
2025_06_BUF_ATL,3795,pass,23.0,70.0,47.0,7.0,4:47,4:40,,21.0,14.0,2.0,9.0,"3 CB, 2 DE, 2 DT, 1 FS, 2 OLB, 1 SS",CB;CB;CB;DE;DE;DT;DT;FS;OLB;OLB;SS,11,6,4,ZONE_COVERAGE,COVER_9,True,00-0036833;00-0035630;00-0039048;00-0039917;00-0038542;00-0033676;00-0039842;00-0036429;00-0036970;00-0035359;00-0037238,Ryan Neuzil;Chris Lindstrom;Matthew Bergeron;Michael Penix Jr.;Bijan Robinson;Elijah Wilkinson;Michael Jerrell;Charlie Woerner;Kyle Pitts;David Sills;Drake London,00-0033884;00-0034376;00-0037288;00-0033156;00-0036914;00-0035230;00-0040710;00-0035663;00-0031550;00-0038557;00-0039872,Tre'Davious White;Taron Johnson;Christian Benford;Joey Bosa;Greg Rousseau;Ed Oliver;Deone Walker;Taylor Rapp;Shaq Thompson;Dorian Williams;Cole Bishop
2025_06_BUF_ATL,3825,pass,3.0,47.0,44.0,45.0,4:40,3:55,,21.0,14.0,1.0,10.0,"3 CB, 2 DE, 2 DT, 1 FS, 2 OLB, 1 SS",CB;CB;CB;DE;DE;DT;DT;FS;OLB;OLB;SS,11,6,5,ZONE_COVERAGE,COVER_3,False,00-0036833;00-0035630;00-0039048;00-0039917;00-0038542;00-0033676;00-0039842;00-0036429;00-0036970;00-0035359;00-0037238,Ryan Neuzil;Chris Lindstrom;Matthew Bergeron;Michael Penix Jr.;Bijan Robinson;Elijah Wilkinson;Michael Jerrell;Charlie Woerner;Kyle Pitts;David Sills;Drake London,00-0033884;00-0034376;00-0037288;00-0036192;00-0040132;00-0031557;00-0040710;00-0035663;00-0031550;00-0038557;00-0039872,Tre'Davious White;Taron Johnson;Christian Benford;A.J. Epenesa;Landon Jackson;Jordan Phillips;Deone Walker;Taylor Rapp;Shaq Thompson;Dorian Williams;Cole Bishop
2025_06_BUF_ATL,3850,pass,11.0,44.0,33.0,44.0,3:55,3:11,,21.0,14.0,2.0,7.0,"3 CB, 2 DE, 2 DT, 1 FS, 2 OLB, 1 SS",CB;CB;CB;DE;DE;DT;DT;FS;OLB;OLB;SS,11,7,4,ZONE_COVERAGE,COVER_3,False,00-0036833;00-0035630;00-0039048;00-0039917;00-0037263;00-0033676;00-0039842;00-0036970;00-0035359;00-0037238;00-0039394,Ryan Neuzil;Chris Lindstrom;Matthew Bergeron;Michael Penix Jr.;Tyler Allgeier;Elijah Wilkinson;Michael Jerrell;Kyle Pitts;David Sills;Drake London;Casey Washington,00-0033884;00-0034376;00-0037288;00-0036192;00-0040132;00-0031557;00-0040710;00-0035663;00-0031550;00-0038557;00-0039872,Tre'Davious White;Taron Johnson;Christian Benford;A.J. Epenesa;Landon Jackson;Jordan Phillips;Deone Walker;Taylor Rapp;Shaq Thompson;Dorian Williams;Cole Bishop
2025_06_BUF_ATL,3875,run,5.0,33.0,28.0,44.0,3:11,2:27,,21.0,14.0,1.0,10.0,"3 CB, 2 DE, 2 DT, 1 FS, 2 OLB, 1 SS",CB;CB;CB;DE;DE;DT;DT;FS;OLB;OLB;SS,11,6,0,,,False,00-0036833;00-0035630;00-0039048;00-0039917;00-0038542;00-0033676;00-0039842;00-0036429;00-0036970;00-0037238;00-0039394,Ryan Neuzil;Chris Lindstrom;Matthew Bergeron;Michael Penix Jr.;Bijan Robinson;Elijah Wilkinson;Michael Jerrell;Charlie Woerner;Kyle Pitts;Drake London;Casey Washington,00-0033884;00-0034376;00-0037288;00-0036192;00-0040132;00-0035230;00-0040710;00-0035663;00-0031550;00-0038557;00-0039872,Tre'Davious White;Taron Johnson;Christian Benford;A.J. Epenesa;Landon Jackson;Ed Oliver;Deone Walker;Taylor Rapp;Shaq Thompson;Dorian Williams;Cole Bishop
2025_06_BUF_ATL,3897,run,5.0,28.0,23.0,6.0,2:27,2:21,,21.0,14.0,2.0,5.0,"3 CB, 2 DE, 2 DT, 1 FS, 2 OLB, 1 SS",CB;CB;CB;DE;DE;DT;DT;FS;OLB;OLB;SS,11,6,0,,,False,00-0036833;00-0035630;00-0039048;00-0039917;00-0037263;00-0033676;00-0039842;00-0036429;00-0036970;00-0037238;00-0039394,Ryan Neuzil;Chris Lindstrom;Matthew Bergeron;Michael Penix Jr.;Tyler Allgeier;Elijah Wilkinson;Michael Jerrell;Charlie Woerner;Kyle Pitts;Drake London;Casey Washington,00-0033884;00-0034376;00-0037288;00-0036192;00-0040132;00-0035230;00-0040710;00-0035663;00-0031550;00-0038557;00-0039872,Tre'Davious White;Taron Johnson;Christian Benford;A.J. Epenesa;Landon Jackson;Ed Oliver;Deone Walker;Taylor Rapp;Shaq Thompson;Dorian Williams;Cole Bishop
2025_06_BUF_ATL,3924,pass,0.0,23.0,23.0,4.0,2:21,2:17,,21.0,14.0,1.0,10.0,"2 CB, 2 DE, 2 DT, 1 FS, 1 MLB, 2 OLB, 1 SS",CB;CB;DE;DE;DT;DT;FS;MLB;OLB;OLB;SS,11,5,6,MAN_COVERAGE,COVER_0,True,00-0036833;00-0035630;00-0039048;00-0039917;00-0037263;00-0033676;00-0039842;00-0036429;00-0036970;00-0037238;00-0039394,Ryan Neuzil;Chris Lindstrom;Matthew Bergeron;Michael Penix Jr.;Tyler Allgeier;Elijah Wilkinson;Michael Jerrell;Charlie Woerner;Kyle Pitts;Drake London;Casey Washington,00-0033884;00-0037288;00-0033156;00-0036914;00-0035230;00-0040710;00-0035663;00-0039763;00-0031550;00-0038557;00-0039872,Tre'Davious White;Christian Benford;Joey Bosa;Greg Rousseau;Ed Oliver;Deone Walker;Taylor Rapp;Joe Andreessen;Shaq Thompson;Dorian Williams;Cole Bishop
2025_06_BUF_ATL,3947,run,9.0,23.0,14.0,17.0,2:17,2:00,,21.0,14.0,2.0,10.0,"2 CB, 2 DE, 2 DT, 1 FS, 1 MLB, 2 OLB, 1 SS",CB;CB;DE;DE;DT;DT;FS;MLB;OLB;OLB;SS,11,7,0,,,False,00-0036833;00-0035630;00-0039048;00-0039917;00-0037263;00-0033676;00-0039842;00-0036429;00-0036970;00-0037238;00-0039394,Ryan Neuzil;Chris Lindstrom;Matthew Bergeron;Michael Penix Jr.;Tyler Allgeier;Elijah Wilkinson;Michael Jerrell;Charlie Woerner;Kyle Pitts;Drake London;Casey Washington,00-0033884;00-0037288;00-0033156;00-0036914;00-0035230;00-0040710;00-0035663;00-0039763;00-0031550;00-0038557;00-0039872,Tre'Davious White;Christian Benford;Joey Bosa;Greg Rousseau;Ed Oliver;Deone Walker;Taylor Rapp;Joe Andreessen;Shaq Thompson;Dorian Williams;Cole Bishop
2025_06_BUF_ATL,3969,no_play,0.0,14.0,14.0,0.0,2:00,2:00,,21.0,14.0,3.0,1.0,"2 CB, 2 DE, 2 DT, 1 FS, 1 MLB, 2 OLB, 1 SS",CB;CB;DE;DE;DT;DT;FS;MLB;OLB;OLB;SS,11,0,0,,,False,00-0036833;00-0035630;00-0039048;00-0039917;00-0037263;00-0033676;00-0039842;00-0036429;00-0036825;00-0037238;00-0039394,Ryan Neuzil;Chris Lindstrom;Matthew Bergeron;Michael Penix Jr.;Tyler Allgeier;Elijah Wilkinson;Michael Jerrell;Charlie Woerner;Feleipe Franks;Drake London;Casey Washington,00-0033884;00-0037288;00-0033156;00-0036914;00-0031557;00-0040710;00-0035663;00-0039763;00-0031550;00-0038557;00-0039872,Tre'Davious White;Christian Benford;Joey Bosa;Greg Rousseau;Jordan Phillips;Deone Walker;Taylor Rapp;Joe Andreessen;Shaq Thompson;Dorian Williams;Cole Bishop
2025_06_BUF_ATL,4000,run,-4.0,9.0,13.0,5.0,2:00,1:55,,21.0,14.0,1.0,9.0,"2 CB, 2 DE, 2 DT, 1 FS, 1 MLB, 2 OLB, 1 SS",CB;CB;DE;DE;DT;DT;FS;MLB;OLB;OLB;SS,11,7,0,,,False,00-0036833;00-0035630;00-0039048;00-0039917;00-0037263;00-0033676;00-0039842;00-0036429;00-0036970;00-0035359;00-0037238,Ryan Neuzil;Chris Lindstrom;Matthew Bergeron;Michael Penix Jr.;Tyler Allgeier;Elijah Wilkinson;Michael Jerrell;Charlie Woerner;Kyle Pitts;David Sills;Drake London,00-0033884;00-0037288;00-0033156;00-0036914;00-0035230;00-0040710;00-0035663;00-0039763;00-0031550;00-0038557;00-0039872,Tre'Davious White;Christian Benford;Joey Bosa;Greg Rousseau;Ed Oliver;Deone Walker;Taylor Rapp;Joe Andreessen;Shaq Thompson;Dorian Williams;Cole Bishop
2025_06_BUF_ATL,4022,run,-2.0,13.0,15.0,0.0,1:55,1:55,,21.0,14.0,2.0,13.0,"2 CB, 2 DE, 2 DT, 1 MLB, 2 OLB, 2 SS",CB;CB;DE;DE;DT;DT;MLB;OLB;OLB;SS;SS,11,7,0,,,False,00-0036833;00-0035630;00-0039048;00-0039917;00-0037263;00-0033676;00-0039842;00-0036429;00-0036825;00-0037277;00-0037238,Ryan Neuzil;Chris Lindstrom;Matthew Bergeron;Michael Penix Jr.;Tyler Allgeier;Elijah Wilkinson;Michael Jerrell;Charlie Woerner;Feleipe Franks;Teagan Quitoriano;Drake London,00-0033884;00-0037288;00-0033156;00-0036914;00-0035230;00-0040710;00-0039763;00-0031550;00-0038557;00-0030114;00-0039872,Tre'Davious White;Christian Benford;Joey Bosa;Greg Rousseau;Ed Oliver;Deone Walker;Joe Andreessen;Shaq Thompson;Dorian Williams;Jordan Poyer;Cole Bishop
2025_06_BUF_ATL,4034,timeout,0.0,,,4.0,1:55,1:51,BUF,21.0,14.0,,0.0,,,,,,,,,,,,
2025_06_BUF_ATL,4051,run,0.0,15.0,15.0,0.0,1:51,1:51,,21.0,14.0,3.0,15.0,"2 CB, 2 DE, 2 DT, 1 MLB, 2 OLB, 2 SS",CB;CB;DE;DE;DT;DT;MLB;OLB;OLB;SS;SS,11,7,0,,,False,00-0036833;00-0035630;00-0039048;00-0039917;00-0037263;00-0033676;00-0039842;00-0036429;00-0037277;00-0035359;00-0037238,Ryan Neuzil;Chris Lindstrom;Matthew Bergeron;Michael Penix Jr.;Tyler Allgeier;Elijah Wilkinson;Michael Jerrell;Charlie Woerner;Teagan Quitoriano;David Sills;Drake London,00-0033884;00-0037288;00-0033156;00-0036914;00-0035230;00-0040710;00-0039763;00-0031550;00-0038557;00-0030114;00-0039872,Tre'Davious White;Christian Benford;Joey Bosa;Greg Rousseau;Ed Oliver;Deone Walker;Joe Andreessen;Shaq Thompson;Dorian Williams;Jordan Poyer;Cole Bishop
2025_06_BUF_ATL,4063,timeout,0.0,,,4.0,1:51,1:47,BUF,21.0,14.0,,0.0,,,,,,,,,,,,
2025_06_BUF_ATL,4080,field_goal,0.0,15.0,15.0,0.0,1:47,1:47,,24.0,14.0,4.0,15.0,"1 CB, 3 DE, 2 DT, 2 FS, 1 MLB, 1 OLB, 1 SS",CB;DE;DE;DE;DT;DT;FS;FS;MLB;OLB;SS,11,0,0,,,False,00-0038629;00-0035630;00-0036354;00-0039048;00-0037542;00-0036082;00-0032065;00-0033676;00-0039842;00-0036429;00-0037277,Jovaughn Gwyn;Chris Lindstrom;Kyle Hinton;Matthew Bergeron;John Parker Romo;Liam McCullough;Bradley Pinion;Elijah Wilkinson;Michael Jerrell;Charlie Woerner;Teagan Quitoriano,00-0037288;00-0036192;00-0036914;00-0040132;00-0031557;00-0040710;00-0036037;00-0040192;00-0039763;00-0031550;00-0039872,Christian Benford;A.J. Epenesa;Greg Rousseau;Landon Jackson;Jordan Phillips;Deone Walker;Sam Franklin Jr.;Jordan Hancock;Joe Andreessen;Shaq Thompson;Cole Bishop
2025_06_BUF_ATL,4092,timeout,0.0,,,4.0,1:47,1:43,BUF,21.0,14.0,,0.0,,,,,,,,,,,,
2025_06_BUF_ATL,4107,kickoff,0.0,35.0,35.0,6.0,1:43,1:37,,24.0,14.0,,0.0,"2 CB, 2 ILB, 2 OLB, 1 P, 1 SS, 2 TE, 1 WR",CB;CB;ILB;ILB;OLB;OLB;P;SS;TE;TE;WR,11,0,0,,,False,00-0039333;00-0039879;00-0036187;00-0035357;00-0036037;00-0039763;00-0038557;00-0035537;00-0039875;00-0040194;00-0038679,Brandon Codrington;Javon Solomon;Reggie Gilliam;Cam Lewis;Sam Franklin Jr.;Joe Andreessen;Dorian Williams;Ty Johnson;Ray Davis;Jackson Hawes;Tyrell Shavers,00-0034639;00-0038966;00-0034801;00-0039370;00-0037808;00-0040577;00-0032065;00-0038628;00-0036825;00-0037277;00-0034854,Mike Ford;Natrone Brooks;Josh Woods;JD Bertrand;DeAngelo Malone;Jalon Walker;Bradley Pinion;DeMarcco Hellams;Feleipe Franks;Teagan Quitoriano;KhaDarel Hodge
2025_06_BUF_ATL,4130,pass,0.0,70.0,70.0,7.0,1:37,1:30,,24.0,14.0,1.0,10.0,"3 CB, 1 DE, 2 DT, 1 FS, 2 ILB, 1 OLB, 1 SS",CB;CB;CB;DE;DT;DT;FS;ILB;ILB;OLB;SS,11,5,5,MAN_COVERAGE,COVER_1,False,00-0035679;00-0035668;00-0038548;00-0034857;00-0035537;00-0033904;00-0036976;00-0035689;00-0037261;00-0038679;00-0039901,Connor McGovern;David Edwards;O'Cyrus Torrence;Josh Allen;Ty Johnson;Dion Dawkins;Spencer Brown;Dawson Knox;Khalil Shakir;Tyrell Shavers;Keon Coleman,00-0034843;00-0037034;00-0036285;00-0033072;00-0039733;00-0039859;00-0040148;00-0035316;00-0036990;00-0040577;00-0034675,Mike Hughes;Dee Alford;A.J. Terrell;Leonard Floyd;Ruke Orhorhoro;Brandon Dorlus;Xavier Watts;Kaden Elliss;Divine Deablo;Jalon Walker;Jessie Bates
2025_06_BUF_ATL,4158,pass,11.0,70.0,59.0,6.0,1:30,1:24,,24.0,14.0,2.0,10.0,"3 CB, 1 DE, 2 DT, 1 FS, 2 ILB, 1 OLB, 1 SS",CB;CB;CB;DE;DT;DT;FS;ILB;ILB;OLB;SS,11,6,5,MAN_COVERAGE,COVER_1,False,00-0035679;00-0035668;00-0038548;00-0034857;00-0035537;00-0033904;00-0036976;00-0035689;00-0037261;00-0038679;00-0039901,Connor McGovern;David Edwards;O'Cyrus Torrence;Josh Allen;Ty Johnson;Dion Dawkins;Spencer Brown;Dawson Knox;Khalil Shakir;Tyrell Shavers;Keon Coleman,00-0034843;00-0037034;00-0036285;00-0033072;00-0039733;00-0039859;00-0040148;00-0035316;00-0036990;00-0040578;00-0034675,Mike Hughes;Dee Alford;A.J. Terrell;Leonard Floyd;Ruke Orhorhoro;Brandon Dorlus;Xavier Watts;Kaden Elliss;Divine Deablo;James Pearce Jr.;Jessie Bates
2025_06_BUF_ATL,4183,pass,10.0,59.0,49.0,16.0,1:24,1:08,,24.0,14.0,1.0,10.0,"3 CB, 1 DE, 2 DT, 1 FS, 2 ILB, 1 OLB, 1 SS",CB;CB;CB;DE;DT;DT;FS;ILB;ILB;OLB;SS,11,6,4,ZONE_COVERAGE,COVER_4,False,00-0035679;00-0035668;00-0038548;00-0034857;00-0035537;00-0033904;00-0036976;00-0035689;00-0037261;00-0038679;00-0039901,Connor McGovern;David Edwards;O'Cyrus Torrence;Josh Allen;Ty Johnson;Dion Dawkins;Spencer Brown;Dawson Knox;Khalil Shakir;Tyrell Shavers;Keon Coleman,00-0034843;00-0037034;00-0036285;00-0033072;00-0039733;00-0039859;00-0040148;00-0035316;00-0036990;00-0040578;00-0034675,Mike Hughes;Dee Alford;A.J. Terrell;Leonard Floyd;Ruke Orhorhoro;Brandon Dorlus;Xavier Watts;Kaden Elliss;Divine Deablo;James Pearce Jr.;Jessie Bates
2025_06_BUF_ATL,4214,run,24.0,49.0,25.0,11.0,1:08,0:57,,24.0,14.0,1.0,10.0,"3 CB, 1 DE, 2 DT, 1 FS, 2 ILB, 1 OLB, 1 SS",CB;CB;CB;DE;DT;DT;FS;ILB;ILB;OLB;SS,11,6,5,ZONE_COVERAGE,COVER_4,False,00-0035679;00-0035668;00-0038548;00-0034857;00-0035537;00-0033904;00-0036976;00-0035689;00-0037261;00-0038679;00-0039901,Connor McGovern;David Edwards;O'Cyrus Torrence;Josh Allen;Ty Johnson;Dion Dawkins;Spencer Brown;Dawson Knox;Khalil Shakir;Tyrell Shavers;Keon Coleman,00-0034843;00-0037034;00-0036285;00-0033072;00-0039733;00-0039859;00-0040148;00-0035316;00-0036990;00-0040578;00-0034675,Mike Hughes;Dee Alford;A.J. Terrell;Leonard Floyd;Ruke Orhorhoro;Brandon Dorlus;Xavier Watts;Kaden Elliss;Divine Deablo;James Pearce Jr.;Jessie Bates
2025_06_BUF_ATL,4241,pass,9.0,25.0,16.0,6.0,0:57,0:51,,24.0,14.0,1.0,10.0,"3 CB, 2 DT, 1 FS, 2 ILB, 2 OLB, 1 SS",CB;CB;CB;DT;DT;FS;ILB;ILB;OLB;OLB;SS,11,6,5,MAN_COVERAGE,COVER_1,True,00-0035679;00-0035668;00-0038548;00-0034857;00-0035537;00-0033904;00-0036976;00-0035689;00-0037261;00-0038679;00-0039901,Connor McGovern;David Edwards;O'Cyrus Torrence;Josh Allen;Ty Johnson;Dion Dawkins;Spencer Brown;Dawson Knox;Khalil Shakir;Tyrell Shavers;Keon Coleman,00-0034843;00-0037034;00-0036285;00-0033051;00-0038980;00-0040148;00-0035316;00-0036990;00-0038116;00-0037808;00-0034675,Mike Hughes;Dee Alford;A.J. Terrell;David Onyemata;Zach Harrison;Xavier Watts;Kaden Elliss;Divine Deablo;Arnold Ebiketie;DeAngelo Malone;Jessie Bates
2025_06_BUF_ATL,4271,turnover,0.0,16.0,16.0,10.0,0:51,0:41,,24.0,14.0,2.0,1.0,"3 CB, 2 DT, 1 FS, 2 ILB, 2 OLB, 1 SS",CB;CB;CB;DT;DT;FS;ILB;ILB;OLB;OLB;SS,11,6,4,ZONE_COVERAGE,COVER_4,True,00-0035679;00-0035668;00-0038548;00-0034857;00-0035537;00-0033904;00-0036976;00-0035689;00-0037261;00-0038679;00-0039901,Connor McGovern;David Edwards;O'Cyrus Torrence;Josh Allen;Ty Johnson;Dion Dawkins;Spencer Brown;Dawson Knox;Khalil Shakir;Tyrell Shavers;Keon Coleman,00-0034843;00-0037034;00-0036285;00-0033051;00-0038980;00-0040148;00-0035316;00-0036990;00-0038116;00-0037808;00-0034675,Mike Hughes;Dee Alford;A.J. Terrell;David Onyemata;Zach Harrison;Xavier Watts;Kaden Elliss;Divine Deablo;Arnold Ebiketie;DeAngelo Malone;Jessie Bates
2025_06_BUF_ATL,4313,qb_kneel,-1.0,87.0,88.0,41.0,0:41,0:00,,24.0,14.0,1.0,10.0,"2 CB, 2 DE, 2 DT, 1 MLB, 2 OLB, 2 SS",CB;CB;DE;DE;DT;DT;MLB;OLB;OLB;SS;SS,11,0,0,,,False,00-0036833;00-0035630;00-0039048;00-0039917;00-0037263;00-0033676;00-0039842;00-0036825;00-0037277;00-0034854;00-0039394,Ryan Neuzil;Chris Lindstrom;Matthew Bergeron;Michael Penix Jr.;Tyler Allgeier;Elijah Wilkinson;Michael Jerrell;Feleipe Franks;Teagan Quitoriano;KhaDarel Hodge;Casey Washington,00-0033884;00-0037288;00-0036192;00-0040132;00-0031557;00-0040710;00-0039763;00-0031550;00-0038557;00-0030114;00-0039872,Tre'Davious White;Christian Benford;A.J. Epenesa;Landon Jackson;Jordan Phillips;Deone Walker;Joe Andreessen;Shaq Thompson;Dorian Williams;Jordan Poyer;Cole Bishop
2025_06_BUF_ATL,4335,end_game,,,,0.0,0:00,0:00,,24.0,14.0,,0.0,,,,,,,,,,,,
