game_id,play_id,play_type,yards_gained,starting_yard,ending_yard,time_of_play,time_on_clock_start,time_on_clock_end,timeout_team,home_team_score,away_team_score,down,yds_to_go,defense_personnel,defense_positions,n_defense,defenders_in_box,number_of_pass_rushers,defense_man_zone_type,defense_coverage_type,was_pressure,offense_player_ids,offense_player_names,defense_player_ids,defense_player_names
2022_09_TEN_KC,1,start_quarter_1,,,,0.0,15:00,15:00,,0.0,0.0,,0.0,,,0,,,,,,,,,
2022_09_TEN_KC,42,kickoff,0.0,35.0,35.0,5.0,15:00,14:55,,0.0,0.0,,0.0,,;;;;;;;;;;,11,,,,,,00-0033386;00-0029421;00-0037617;00-0033765;00-0034193;00-0037070;00-0037809;00-0037000;00-0035244;00-0033659;00-0034662,Cody Hollister;Randy Bullock;Hassan Haskins;Dylan Cole;Kevin Rader;Josh Thompson;Chig Okonkwo;Monty Rice;Lonnie Johnson;Joe Jones;Joshua Kalu,00-0034145;00-0037819;00-0031376;00-0031595;00-0037195;00-0032774;00-0036637;00-0033481;00-0037197;00-0037208;00-0037193,Chris Lammons;Leo Chenal;Jerick McKinnon;Michael Burton;Jaylen Watson;Deon Bush;Noah Gray;Marcus Kemp;Isiah Pacheco;Jack Cochrane;Bryan Cook
2022_09_TEN_KC,64,pass,2.0,74.0,72.0,34.0,14:55,14:21,,0.0,0.0,1.0,10.0,"3 DL, 3 LB, 5 DB",;;;;;;;;;;,11,6,3,ZONE_COVERAGE,COVER_3,False,00-0032391;00-0034752;00-0036913;00-0033857;00-0030506;00-0036623;00-0033873;00-0036637;00-0036660;00-0037197;00-0033831,Joe Thuney;Orlando Brown;Kadarius Toney;JuJu Smith-Schuster;Travis Kelce;Creed Humphrey;Patrick Mahomes;Noah Gray;Trey Smith;Isiah Pacheco;Andrew Wylie,00-0035292;00-0038125;00-0033547;00-0032637;00-0031254;00-0036181;00-0036416;00-0033132;00-0035643;00-0032146;00-0034662,David Long Jr.;Roger McCreary;Zach Cunningham;Andrew Adams;Denico Autry;Teair Tart;Kristian Fulton;Kevin Byard;Jeffery Simmons;Bud Dupree;Joshua Kalu
2022_09_TEN_KC,88,pass,8.0,72.0,64.0,40.0,14:21,13:41,,0.0,0.0,2.0,8.0,"3 DL, 3 LB, 5 DB",;;;;;;;;;;,11,6,4,ZONE_COVERAGE,COVER_2,False,00-0032391;00-0034752;00-0033857;00-0030506;00-0036623;00-0033873;00-0038090;00-0036660;00-0037197;00-0035140;00-0033831,Joe Thuney;Orlando Brown;JuJu Smith-Schuster;Travis Kelce;Creed Humphrey;Patrick Mahomes;Skyy Moore;Trey Smith;Isiah Pacheco;Mecole Hardman;Andrew Wylie,00-0035292;00-0038125;00-0033547;00-0032637;00-0031254;00-0036181;00-0036416;00-0033132;00-0035643;00-0032146;00-0034662,David Long Jr.;Roger McCreary;Zach Cunningham;Andrew Adams;Denico Autry;Teair Tart;Kristian Fulton;Kevin Byard;Jeffery Simmons;Bud Dupree;Joshua Kalu
2022_09_TEN_KC,112,pass,6.0,64.0,58.0,25.0,13:41,13:16,,0.0,0.0,1.0,10.0,"3 DL, 3 LB, 5 DB",;;;;;;;;;;,11,6,4,ZONE_COVERAGE,COVER_4,False,00-0034272;00-0034386;00-0032391;00-0034752;00-0033857;00-0030506;00-0036623;00-0033873;00-0036660;00-0037197;00-0033831,Marquez Valdes-Scantling;Justin Watson;Joe Thuney;Orlando Brown;JuJu Smith-Schuster;Travis Kelce;Creed Humphrey;Patrick Mahomes;Trey Smith;Isiah Pacheco;Andrew Wylie,00-0035292;00-0038125;00-0033547;00-0032637;00-0031254;00-0036181;00-0036416;00-0033132;00-0035643;00-0032146;00-0034662,David Long Jr.;Roger McCreary;Zach Cunningham;Andrew Adams;Denico Autry;Teair Tart;Kristian Fulton;Kevin Byard;Jeffery Simmons;Bud Dupree;Joshua Kalu
2022_09_TEN_KC,141,pass,10.0,58.0,48.0,37.0,13:16,12:39,,0.0,0.0,2.0,4.0,"3 DL, 3 LB, 5 DB",;;;;;;;;;;,11,6,4,ZONE_COVERAGE,COVER_3,False,00-0034272;00-0034386;00-0032391;00-0034752;00-0033857;00-0030506;00-0036623;00-0033873;00-0036660;00-0037197;00-0033831,Marquez Valdes-Scantling;Justin Watson;Joe Thuney;Orlando Brown;JuJu Smith-Schuster;Travis Kelce;Creed Humphrey;Patrick Mahomes;Trey Smith;Isiah Pacheco;Andrew Wylie,00-0035292;00-0038125;00-0033547;00-0032637;00-0031254;00-0036181;00-0036416;00-0033132;00-0035643;00-0032146;00-0034662,David Long Jr.;Roger McCreary;Zach Cunningham;Andrew Adams;Denico Autry;Teair Tart;Kristian Fulton;Kevin Byard;Jeffery Simmons;Bud Dupree;Joshua Kalu
2022_09_TEN_KC,170,run,2.0,48.0,46.0,32.0,12:39,12:07,,0.0,0.0,1.0,10.0,"3 DL, 4 LB, 4 DB",;;;;;;;;;;,11,7,,,,,00-0034272;00-0032391;00-0034752;00-0033857;00-0031595;00-0036623;00-0033873;00-0036637;00-0036660;00-0037197;00-0033831,Marquez Valdes-Scantling;Joe Thuney;Orlando Brown;JuJu Smith-Schuster;Michael Burton;Creed Humphrey;Patrick Mahomes;Noah Gray;Trey Smith;Isiah Pacheco;Andrew Wylie,00-0035292;00-0038125;00-0033547;00-0033765;00-0036695;00-0032637;00-0036416;00-0033132;00-0035643;00-0032146;00-0033782,David Long Jr.;Roger McCreary;Zach Cunningham;Dylan Cole;Naquan Jones;Andrew Adams;Kristian Fulton;Kevin Byard;Jeffery Simmons;Bud Dupree;DeMarcus Walker
2022_09_TEN_KC,191,pass,12.0,46.0,34.0,34.0,12:07,11:33,,0.0,0.0,2.0,8.0,"2 DL, 4 LB, 5 DB",;;;;;;;;;;,11,6,4,ZONE_COVERAGE,COVER_4,False,00-0034272;00-0032391;00-0034752;00-0033857;00-0036623;00-0033873;00-0038090;00-0036637;00-0036660;00-0037197;00-0033831,Marquez Valdes-Scantling;Joe Thuney;Orlando Brown;JuJu Smith-Schuster;Creed Humphrey;Patrick Mahomes;Skyy Moore;Noah Gray;Trey Smith;Isiah Pacheco;Andrew Wylie,00-0035292;00-0038125;00-0033547;00-0036695;00-0032637;00-0036416;00-0033132;00-0035643;00-0036938;00-0032146;00-0034662,David Long Jr.;Roger McCreary;Zach Cunningham;Naquan Jones;Andrew Adams;Kristian Fulton;Kevin Byard;Jeffery Simmons;Rashad Weaver;Bud Dupree;Joshua Kalu
2022_09_TEN_KC,215,no_play,0.0,34.0,34.0,25.0,11:33,11:08,,0.0,0.0,1.0,10.0,"2 DL, 4 LB, 5 DB",;;;;;;;;;;,11,6,,,,,00-0034272;00-0032391;00-0034752;00-0033857;00-0030506;00-0036623;00-0033873;00-0036660;00-0038090;00-0037197;00-0033831,Marquez Valdes-Scantling;Joe Thuney;Orlando Brown;JuJu Smith-Schuster;Travis Kelce;Creed Humphrey;Patrick Mahomes;Trey Smith;Skyy Moore;Isiah Pacheco;Andrew Wylie,00-0035292;00-0038125;00-0033547;00-0036695;00-0032637;00-0036416;00-0033132;00-0035643;00-0036938;00-0032146;00-0034662,David Long Jr.;Roger McCreary;Zach Cunningham;Naquan Jones;Andrew Adams;Kristian Fulton;Kevin Byard;Jeffery Simmons;Rashad Weaver;Bud Dupree;Joshua Kalu
2022_09_TEN_KC,247,pass,0.0,44.0,44.0,3.0,11:08,11:05,,0.0,0.0,1.0,20.0,"2 DL, 4 LB, 5 DB",;;;;;;;;;;,11,6,4,ZONE_COVERAGE,COVER_4,False,00-0032391;00-0034752;00-0033857;00-0030506;00-0036623;00-0033873;00-0038090;00-0036660;00-0036360;00-0033831;00-0035140,Joe Thuney;Orlando Brown;JuJu Smith-Schuster;Travis Kelce;Creed Humphrey;Patrick Mahomes;Skyy Moore;Trey Smith;Clyde Edwards-Helaire;Andrew Wylie;Mecole Hardman,00-0035292;00-0038125;00-0033547;00-0036695;00-0032637;00-0036416;00-0033132;00-0035643;00-0036938;00-0032146;00-0034662,David Long Jr.;Roger McCreary;Zach Cunningham;Naquan Jones;Andrew Adams;Kristian Fulton;Kevin Byard;Jeffery Simmons;Rashad Weaver;Bud Dupree;Joshua Kalu
2022_09_TEN_KC,269,no_play,0.0,44.0,44.0,21.0,11:05,10:44,,0.0,0.0,2.0,20.0,"2 DL, 4 LB, 5 DB",;;;;;;;;;;,11,6,,,,,00-0034272;00-0032391;00-0034752;00-0033857;00-0030506;00-0036623;00-0033873;00-0038090;00-0036660;00-0036360;00-0033831,Marquez Valdes-Scantling;Joe Thuney;Orlando Brown;JuJu Smith-Schuster;Travis Kelce;Creed Humphrey;Patrick Mahomes;Skyy Moore;Trey Smith;Clyde Edwards-Helaire;Andrew Wylie,00-0035292;00-0038125;00-0033547;00-0036695;00-0032637;00-0036416;00-0033132;00-0035643;00-0036938;00-0032146;00-0034662,David Long Jr.;Roger McCreary;Zach Cunningham;Naquan Jones;Andrew Adams;Kristian Fulton;Kevin Byard;Jeffery Simmons;Rashad Weaver;Bud Dupree;Joshua Kalu
2022_09_TEN_KC,306,run,16.0,39.0,23.0,40.0,10:44,10:04,,0.0,0.0,2.0,15.0,"2 DL, 4 LB, 5 DB",;;;;;;;;;;,11,6,4,,,,00-0034272;00-0032391;00-0034752;00-0036913;00-0033857;00-0030506;00-0036623;00-0033873;00-0036660;00-0036360;00-0033831,Marquez Valdes-Scantling;Joe Thuney;Orlando Brown;Kadarius Toney;JuJu Smith-Schuster;Travis Kelce;Creed Humphrey;Patrick Mahomes;Trey Smith;Clyde Edwards-Helaire;Andrew Wylie,00-0035292;00-0038125;00-0033547;00-0036237;00-0032637;00-0036416;00-0033132;00-0035643;00-0036938;00-0032146;00-0034662,David Long Jr.;Roger McCreary;Zach Cunningham;Larrell Murchison;Andrew Adams;Kristian Fulton;Kevin Byard;Jeffery Simmons;Rashad Weaver;Bud Dupree;Joshua Kalu
2022_09_TEN_KC,327,run,0.0,23.0,23.0,36.0,10:04,9:28,,0.0,0.0,1.0,10.0,"3 DL, 4 LB, 4 DB",;;;;;;;;;;,11,7,,,,,00-0034386;00-0032391;00-0034752;00-0033857;00-0031595;00-0036623;00-0033873;00-0036637;00-0036660;00-0036360;00-0033831,Justin Watson;Joe Thuney;Orlando Brown;JuJu Smith-Schuster;Michael Burton;Creed Humphrey;Patrick Mahomes;Noah Gray;Trey Smith;Clyde Edwards-Helaire;Andrew Wylie,00-0035292;00-0038125;00-0033547;00-0033765;00-0036695;00-0032637;00-0036181;00-0036416;00-0033132;00-0032146;00-0033782,David Long Jr.;Roger McCreary;Zach Cunningham;Dylan Cole;Naquan Jones;Andrew Adams;Teair Tart;Kristian Fulton;Kevin Byard;Bud Dupree;DeMarcus Walker
2022_09_TEN_KC,348,pass,4.0,23.0,19.0,40.0,9:28,8:48,,0.0,0.0,2.0,10.0,"3 DL, 3 LB, 5 DB",;;;;;;;;;;,11,6,4,ZONE_COVERAGE,COVER_4,True,00-0034272;00-0032391;00-0034752;00-0033857;00-0030506;00-0036623;00-0033873;00-0038090;00-0036660;00-0037197;00-0033831,Marquez Valdes-Scantling;Joe Thuney;Orlando Brown;JuJu Smith-Schuster;Travis Kelce;Creed Humphrey;Patrick Mahomes;Skyy Moore;Trey Smith;Isiah Pacheco;Andrew Wylie,00-0035292;00-0038125;00-0033547;00-0032637;00-0031254;00-0036181;00-0036416;00-0033132;00-0032146;00-0034662;00-0033782,David Long Jr.;Roger McCreary;Zach Cunningham;Andrew Adams;Denico Autry;Teair Tart;Kristian Fulton;Kevin Byard;Bud Dupree;Joshua Kalu;DeMarcus Walker
2022_09_TEN_KC,372,pass,11.0,19.0,8.0,37.0,8:48,8:11,,0.0,0.0,3.0,6.0,"2 DL, 3 LB, 6 DB",;;;;;;;;;;,11,6,4,MAN_COVERAGE,COVER_1,False,00-0034272;00-0032391;00-0034752;00-0033857;00-0030506;00-0031376;00-0036623;00-0033873;00-0036660;00-0035140;00-0033831,Marquez Valdes-Scantling;Joe Thuney;Orlando Brown;JuJu Smith-Schuster;Travis Kelce;Jerick McKinnon;Creed Humphrey;Patrick Mahomes;Trey Smith;Mecole Hardman;Andrew Wylie,00-0035292;00-0038125;00-0031097;00-0032637;00-0031254;00-0036416;00-0033132;00-0035643;00-0036938;00-0035244;00-0032146,David Long Jr.;Roger McCreary;Terrance Mitchell;Andrew Adams;Denico Autry;Kristian Fulton;Kevin Byard;Jeffery Simmons;Rashad Weaver;Lonnie Johnson;Bud Dupree
2022_09_TEN_KC,401,pass,0.0,8.0,8.0,9.0,8:11,8:02,,0.0,0.0,1.0,8.0,"4 DL, 2 LB, 5 DB",;;;;;;;;;;,11,6,4,ZONE_COVERAGE,COVER_4,False,00-0034272;00-0032391;00-0034752;00-0036913;00-0033857;00-0030506;00-0036623;00-0033873;00-0036660;00-0037197;00-0033831,Marquez Valdes-Scantling;Joe Thuney;Orlando Brown;Kadarius Toney;JuJu Smith-Schuster;Travis Kelce;Creed Humphrey;Patrick Mahomes;Trey Smith;Isiah Pacheco;Andrew Wylie,00-0035292;00-0038125;00-0033547;00-0032265;00-0036695;00-0032637;00-0031254;00-0036416;00-0033132;00-0035643;00-0034662,David Long Jr.;Roger McCreary;Zach Cunningham;Mario Edwards;Naquan Jones;Andrew Adams;Denico Autry;Kristian Fulton;Kevin Byard;Jeffery Simmons;Joshua Kalu
2022_09_TEN_KC,423,no_play,0.0,8.0,8.0,26.0,8:02,7:36,,0.0,0.0,2.0,8.0,"4 DL, 2 LB, 5 DB",;;;;;;;;;;,11,7,,,,,00-0034386;00-0032391;00-0034752;00-0030506;00-0036623;00-0033873;00-0036637;00-0036660;00-0037197;00-0035140;00-0033831,Justin Watson;Joe Thuney;Orlando Brown;Travis Kelce;Creed Humphrey;Patrick Mahomes;Noah Gray;Trey Smith;Isiah Pacheco;Mecole Hardman;Andrew Wylie,00-0035292;00-0038125;00-0033547;00-0032265;00-0036695;00-0032637;00-0031254;00-0036416;00-0033132;00-0035643;00-0034662,David Long Jr.;Roger McCreary;Zach Cunningham;Mario Edwards;Naquan Jones;Andrew Adams;Denico Autry;Kristian Fulton;Kevin Byard;Jeffery Simmons;Joshua Kalu
2022_09_TEN_KC,455,pass,0.0,18.0,18.0,5.0,7:36,7:31,,0.0,0.0,2.0,18.0,"3 DL, 3 LB, 5 DB",;;;;;;;;;;,11,5,4,ZONE_COVERAGE,COVER_4,False,00-0034272;00-0032391;00-0034752;00-0033857;00-0030506;00-0036623;00-0033873;00-0036660;00-0036637;00-0037197;00-0033831,Marquez Valdes-Scantling;Joe Thuney;Orlando Brown;JuJu Smith-Schuster;Travis Kelce;Creed Humphrey;Patrick Mahomes;Trey Smith;Noah Gray;Isiah Pacheco;Andrew Wylie,00-0035292;00-0038125;00-0033547;00-0032265;00-0031097;00-0032637;00-0031254;00-0036416;00-0033132;00-0035643;00-0032146,David Long Jr.;Roger McCreary;Zach Cunningham;Mario Edwards;Terrance Mitchell;Andrew Adams;Denico Autry;Kristian Fulton;Kevin Byard;Jeffery Simmons;Bud Dupree
2022_09_TEN_KC,477,pass,13.0,18.0,5.0,41.0,7:31,6:50,,0.0,0.0,3.0,18.0,"2 DL, 3 LB, 6 DB",;;;;;;;;;;,11,4,4,ZONE_COVERAGE,COVER_4,False,00-0034272;00-0032391;00-0034752;00-0033857;00-0030506;00-0031376;00-0036623;00-0033873;00-0036660;00-0035140;00-0033831,Marquez Valdes-Scantling;Joe Thuney;Orlando Brown;JuJu Smith-Schuster;Travis Kelce;Jerick McKinnon;Creed Humphrey;Patrick Mahomes;Trey Smith;Mecole Hardman;Andrew Wylie,00-0035292;00-0038125;00-0031097;00-0032637;00-0031254;00-0036416;00-0033132;00-0035643;00-0036938;00-0035244;00-0032146,David Long Jr.;Roger McCreary;Terrance Mitchell;Andrew Adams;Denico Autry;Kristian Fulton;Kevin Byard;Jeffery Simmons;Rashad Weaver;Lonnie Johnson;Bud Dupree
2022_09_TEN_KC,501,field_goal,0.0,5.0,5.0,3.0,6:50,6:47,,3.0,0.0,4.0,5.0,,;;;;;;;;;;,11,,,,,,00-0030615;00-0034752;00-0036230;00-0036623;00-0033303;00-0035889;00-0036637;00-0036660;00-0033831;00-0034817;00-0035149,James Winchester;Orlando Brown;Prince Tega Wanogho;Creed Humphrey;Harrison Butker;Tommy Townsend;Noah Gray;Trey Smith;Andrew Wylie;Geron Christian;Nick Allegretti,00-0036237;00-0032265;00-0033765;00-0036615;00-0032637;00-0031254;00-0037070;00-0035643;00-0036938;00-0033659;00-0034662,Larrell Murchison;Mario Edwards;Dylan Cole;Caleb Farley;Andrew Adams;Denico Autry;Josh Thompson;Jeffery Simmons;Rashad Weaver;Joe Jones;Joshua Kalu
2022_09_TEN_KC,520,kickoff,0.0,35.0,35.0,7.0,6:47,6:40,,3.0,0.0,,0.0,,;;;;;;;;;;,11,,,,,,00-0034145;00-0037819;00-0038043;00-0031595;00-0037195;00-0032774;00-0033303;00-0033481;00-0037197;00-0037208;00-0037193,Chris Lammons;Leo Chenal;Joshua Williams;Michael Burton;Jaylen Watson;Deon Bush;Harrison Butker;Marcus Kemp;Isiah Pacheco;Jack Cochrane;Bryan Cook,00-0033386;00-0037617;00-0034253;00-0033765;00-0034193;00-0037070;00-0037809;00-0037000;00-0035244;00-0033659;00-0034662,Cody Hollister;Hassan Haskins;Dontrell Hilliard;Dylan Cole;Kevin Rader;Josh Thompson;Chig Okonkwo;Monty Rice;Lonnie Johnson;Joe Jones;Joshua Kalu
2022_09_TEN_KC,544,pass,48.0,82.0,34.0,52.0,6:40,5:48,,3.0,0.0,1.0,10.0,"3 DL, 4 LB, 4 DB",;;;;;;;;;;,11,7,4,MAN_COVERAGE,COVER_1,False,00-0033386;00-0029413;00-0037754;00-0032764;00-0036171;00-0032392;00-0037809;00-0038128;00-0035649;00-0035300;00-0032141,Cody Hollister;Ben Jones;Nicholas Petit-Frere;Derrick Henry;Aaron Brewer;Austin Hooper;Chig Okonkwo;Malik Willis;Nate Davis;Dennis Daley;Geoff Swaim,00-0034818;00-0036374;00-0027662;00-0035625;00-0037819;00-0036621;00-0037191;00-0036362;00-0034361;00-0032762;00-0037192,Derrick Nnadi;L'Jarius Sneed;Carlos Dunlap;Juan Thornhill;Leo Chenal;Nick Bolton;Trent McDuffie;Willie Gay Jr.;Justin Reid;Chris Jones;George Karlaftis
2022_09_TEN_KC,568,no_play,0.0,34.0,34.0,22.0,5:48,5:26,,3.0,0.0,1.0,10.0,"3 DL, 4 LB, 4 DB",;;;;;;;;;;,11,,,,,,00-0029413;00-0037754;00-0032764;00-0036171;00-0032392;00-0037809;00-0036182;00-0038128;00-0035649;00-0035300;00-0032141,Ben Jones;Nicholas Petit-Frere;Derrick Henry;Aaron Brewer;Austin Hooper;Chig Okonkwo;Nick Westbrook-Ikhine;Malik Willis;Nate Davis;Dennis Daley;Geoff Swaim,00-0034818;00-0036374;00-0027662;00-0035625;00-0037819;00-0036621;00-0037191;00-0036362;00-0034361;00-0032762;00-0037192,Derrick Nnadi;L'Jarius Sneed;Carlos Dunlap;Juan Thornhill;Leo Chenal;Nick Bolton;Trent McDuffie;Willie Gay Jr.;Justin Reid;Chris Jones;George Karlaftis
2022_09_TEN_KC,591,run,0.0,39.0,39.0,37.0,5:26,4:49,,3.0,0.0,1.0,15.0,"3 DL, 4 LB, 4 DB",;;;;;;;;;;,11,8,,,,,00-0029413;00-0037754;00-0032764;00-0036171;00-0032392;00-0037809;00-0036182;00-0038128;00-0035649;00-0035300;00-0032141,Ben Jones;Nicholas Petit-Frere;Derrick Henry;Aaron Brewer;Austin Hooper;Chig Okonkwo;Nick Westbrook-Ikhine;Malik Willis;Nate Davis;Dennis Daley;Geoff Swaim,00-0034818;00-0036374;00-0027662;00-0035625;00-0037819;00-0036621;00-0037191;00-0036362;00-0034361;00-0032762;00-0037192,Derrick Nnadi;L'Jarius Sneed;Carlos Dunlap;Juan Thornhill;Leo Chenal;Nick Bolton;Trent McDuffie;Willie Gay Jr.;Justin Reid;Chris Jones;George Karlaftis
2022_09_TEN_KC,612,pass,0.0,39.0,39.0,5.0,4:49,4:44,,3.0,0.0,2.0,15.0,"3 DL, 4 LB, 4 DB",;;;;;;;;;;,11,7,4,ZONE_COVERAGE,COVER_4,False,00-0029413;00-0037754;00-0032764;00-0036171;00-0032392;00-0037809;00-0036182;00-0030431;00-0038128;00-0035649;00-0035300,Ben Jones;Nicholas Petit-Frere;Derrick Henry;Aaron Brewer;Austin Hooper;Chig Okonkwo;Nick Westbrook-Ikhine;Robert Woods;Malik Willis;Nate Davis;Dennis Daley,00-0034818;00-0036374;00-0027662;00-0035625;00-0037819;00-0036621;00-0037191;00-0036362;00-0034361;00-0032762;00-0037192,Derrick Nnadi;L'Jarius Sneed;Carlos Dunlap;Juan Thornhill;Leo Chenal;Nick Bolton;Trent McDuffie;Willie Gay Jr.;Justin Reid;Chris Jones;George Karlaftis
2022_09_TEN_KC,634,pass,0.0,39.0,39.0,9.0,4:44,4:35,,3.0,0.0,3.0,15.0,"3 DL, 2 LB, 6 DB",;;;;;;;;;;,11,5,4,ZONE_COVERAGE,COVER_6,True,00-0033386;00-0037617;00-0029413;00-0037754;00-0036171;00-0032392;00-0036182;00-0030431;00-0038128;00-0035649;00-0035300,Cody Hollister;Hassan Haskins;Ben Jones;Nicholas Petit-Frere;Aaron Brewer;Austin Hooper;Nick Westbrook-Ikhine;Robert Woods;Malik Willis;Nate Davis;Dennis Daley,00-0036374;00-0027662;00-0035625;00-0038043;00-0036378;00-0036621;00-0037191;00-0034361;00-0032762;00-0037192;00-0037193,L'Jarius Sneed;Carlos Dunlap;Juan Thornhill;Joshua Williams;Michael Danna;Nick Bolton;Trent McDuffie;Justin Reid;Chris Jones;George Karlaftis;Bryan Cook
2022_09_TEN_KC,656,punt,0.0,39.0,39.0,10.0,4:35,4:25,,3.0,0.0,4.0,15.0,,;;;;;;;;;;,11,,,,,,00-0037617;00-0034253;00-0033765;00-0034193;00-0037070;00-0037809;00-0037000;00-0027557;00-0037607;00-0035244;00-0033659,Hassan Haskins;Dontrell Hilliard;Dylan Cole;Kevin Rader;Josh Thompson;Chig Okonkwo;Monty Rice;Morgan Cox;Ryan Stonehouse;Lonnie Johnson;Joe Jones,00-0036374;00-0035157;00-0034386;00-0034145;00-0037819;00-0032774;00-0036637;00-0038090;00-0033481;00-0037208;00-0037193,L'Jarius Sneed;Darius Harris;Justin Watson;Chris Lammons;Leo Chenal;Deon Bush;Noah Gray;Skyy Moore;Marcus Kemp;Jack Cochrane;Bryan Cook
2022_09_TEN_KC,692,pass,23.0,79.0,56.0,36.0,4:25,3:49,,3.0,0.0,1.0,10.0,"3 DL, 3 LB, 5 DB",;;;;;;;;;;,11,7,4,ZONE_COVERAGE,COVER_3,True,00-0034386;00-0032391;00-0034752;00-0030506;00-0036623;00-0033873;00-0036637;00-0036660;00-0037197;00-0035140;00-0033831,Justin Watson;Joe Thuney;Orlando Brown;Travis Kelce;Creed Humphrey;Patrick Mahomes;Noah Gray;Trey Smith;Isiah Pacheco;Mecole Hardman;Andrew Wylie,00-0035292;00-0038125;00-0033547;00-0032265;00-0032637;00-0036181;00-0036416;00-0033132;00-0035643;00-0036938;00-0034662,David Long Jr.;Roger McCreary;Zach Cunningham;Mario Edwards;Andrew Adams;Teair Tart;Kristian Fulton;Kevin Byard;Jeffery Simmons;Rashad Weaver;Joshua Kalu
2022_09_TEN_KC,716,run,0.0,56.0,56.0,35.0,3:49,3:14,,3.0,0.0,1.0,10.0,"3 DL, 3 LB, 5 DB",;;;;;;;;;;,11,7,,,,,00-0034272;00-0032391;00-0034752;00-0036913;00-0033857;00-0036623;00-0033873;00-0036660;00-0036637;00-0037197;00-0033831,Marquez Valdes-Scantling;Joe Thuney;Orlando Brown;Kadarius Toney;JuJu Smith-Schuster;Creed Humphrey;Patrick Mahomes;Trey Smith;Noah Gray;Isiah Pacheco;Andrew Wylie,00-0035292;00-0038125;00-0033547;00-0032265;00-0032637;00-0036181;00-0036416;00-0033132;00-0035643;00-0036938;00-0034662,David Long Jr.;Roger McCreary;Zach Cunningham;Mario Edwards;Andrew Adams;Teair Tart;Kristian Fulton;Kevin Byard;Jeffery Simmons;Rashad Weaver;Joshua Kalu
2022_09_TEN_KC,737,run,3.0,56.0,53.0,36.0,3:14,2:38,,3.0,0.0,2.0,10.0,"3 DL, 3 LB, 5 DB",;;;;;;;;;;,11,6,4,,,,00-0032391;00-0034752;00-0033857;00-0036623;00-0033873;00-0038090;00-0036637;00-0036660;00-0037197;00-0033831;00-0035140,Joe Thuney;Orlando Brown;JuJu Smith-Schuster;Creed Humphrey;Patrick Mahomes;Skyy Moore;Noah Gray;Trey Smith;Isiah Pacheco;Andrew Wylie;Mecole Hardman,00-0035292;00-0038125;00-0033547;00-0032265;00-0032637;00-0036181;00-0036416;00-0033132;00-0035643;00-0036938;00-0034662,David Long Jr.;Roger McCreary;Zach Cunningham;Mario Edwards;Andrew Adams;Teair Tart;Kristian Fulton;Kevin Byard;Jeffery Simmons;Rashad Weaver;Joshua Kalu
2022_09_TEN_KC,763,pass,31.0,53.0,22.0,26.0,2:38,2:12,,3.0,0.0,3.0,7.0,"2 DL, 3 LB, 6 DB",;;;;;;;;;;,11,5,4,MAN_COVERAGE,COVER_1,False,00-0034272;00-0034386;00-0032391;00-0034752;00-0033857;00-0030506;00-0031376;00-0036623;00-0033873;00-0036660;00-0033831,Marquez Valdes-Scantling;Justin Watson;Joe Thuney;Orlando Brown;JuJu Smith-Schuster;Travis Kelce;Jerick McKinnon;Creed Humphrey;Patrick Mahomes;Trey Smith;Andrew Wylie,00-0035292;00-0038125;00-0031097;00-0032637;00-0031254;00-0036416;00-0033132;00-0035643;00-0036938;00-0035244;00-0032146,David Long Jr.;Roger McCreary;Terrance Mitchell;Andrew Adams;Denico Autry;Kristian Fulton;Kevin Byard;Jeffery Simmons;Rashad Weaver;Lonnie Johnson;Bud Dupree
2022_09_TEN_KC,787,pass,0.0,22.0,22.0,4.0,2:12,2:08,,3.0,0.0,1.0,10.0,"3 DL, 3 LB, 5 DB",;;;;;;;;;;,11,5,4,ZONE_COVERAGE,COVER_4,False,00-0034272;00-0034386;00-0032391;00-0034752;00-0033857;00-0030506;00-0031376;00-0036623;00-0033873;00-0036660;00-0033831,Marquez Valdes-Scantling;Justin Watson;Joe Thuney;Orlando Brown;JuJu Smith-Schuster;Travis Kelce;Jerick McKinnon;Creed Humphrey;Patrick Mahomes;Trey Smith;Andrew Wylie,00-0035292;00-0038125;00-0033547;00-0036695;00-0032637;00-0031254;00-0036416;00-0033132;00-0035643;00-0032146;00-0034662,David Long Jr.;Roger McCreary;Zach Cunningham;Naquan Jones;Andrew Adams;Denico Autry;Kristian Fulton;Kevin Byard;Jeffery Simmons;Bud Dupree;Joshua Kalu
2022_09_TEN_KC,809,pass,10.0,22.0,12.0,40.0,2:08,1:28,,3.0,0.0,2.0,10.0,"3 DL, 3 LB, 5 DB",;;;;;;;;;;,11,6,4,ZONE_COVERAGE,COVER_4,False,00-0034272;00-0032391;00-0034752;00-0036913;00-0033857;00-0030506;00-0036623;00-0033873;00-0036660;00-0036360;00-0033831,Marquez Valdes-Scantling;Joe Thuney;Orlando Brown;Kadarius Toney;JuJu Smith-Schuster;Travis Kelce;Creed Humphrey;Patrick Mahomes;Trey Smith;Clyde Edwards-Helaire;Andrew Wylie,00-0035292;00-0038125;00-0033547;00-0036695;00-0032637;00-0031254;00-0036416;00-0033132;00-0035643;00-0032146;00-0034662,David Long Jr.;Roger McCreary;Zach Cunningham;Naquan Jones;Andrew Adams;Denico Autry;Kristian Fulton;Kevin Byard;Jeffery Simmons;Bud Dupree;Joshua Kalu
2022_09_TEN_KC,833,pass,9.0,12.0,3.0,42.0,1:28,0:46,,3.0,0.0,1.0,10.0,"3 DL, 3 LB, 5 DB",;;;;;;;;;;,11,6,4,ZONE_COVERAGE,COVER_4,False,00-0034386;00-0032391;00-0034752;00-0033857;00-0030506;00-0036623;00-0033873;00-0036660;00-0036360;00-0035140;00-0033831,Justin Watson;Joe Thuney;Orlando Brown;JuJu Smith-Schuster;Travis Kelce;Creed Humphrey;Patrick Mahomes;Trey Smith;Clyde Edwards-Helaire;Mecole Hardman;Andrew Wylie,00-0035292;00-0038125;00-0033547;00-0036695;00-0032637;00-0031254;00-0036416;00-0033132;00-0035643;00-0032146;00-0034662,David Long Jr.;Roger McCreary;Zach Cunningham;Naquan Jones;Andrew Adams;Denico Autry;Kristian Fulton;Kevin Byard;Jeffery Simmons;Bud Dupree;Joshua Kalu
2022_09_TEN_KC,857,run,0.0,3.0,3.0,46.0,0:46,0:00,,3.0,0.0,2.0,1.0,"3 DL, 3 LB, 5 DB",;;;;;;;;;;,11,7,,,,,00-0034272;00-0032391;00-0034752;00-0030506;00-0036623;00-0033873;00-0036660;00-0036637;00-0036360;00-0033831;00-0035140,Marquez Valdes-Scantling;Joe Thuney;Orlando Brown;Travis Kelce;Creed Humphrey;Patrick Mahomes;Trey Smith;Noah Gray;Clyde Edwards-Helaire;Andrew Wylie;Mecole Hardman,00-0035292;00-0038125;00-0033765;00-0036695;00-0032637;00-0031254;00-0036416;00-0033132;00-0035643;00-0032146;00-0034662,David Long Jr.;Roger McCreary;Dylan Cole;Naquan Jones;Andrew Adams;Denico Autry;Kristian Fulton;Kevin Byard;Jeffery Simmons;Bud Dupree;Joshua Kalu
2022_09_TEN_KC,878,start_quarter_2,,,,0.0,0:00,0:00,,3.0,0.0,,0.0,,,0,,,,,,,,,
2022_09_TEN_KC,897,no_play,0.0,3.0,3.0,0.0,15:00,15:00,,3.0,0.0,3.0,1.0,"4 DL, 3 LB, 4 DB",;;;;;;;;;;,11,,,,,,00-0034272;00-0032391;00-0034752;00-0033857;00-0030506;00-0031376;00-0036623;00-0033873;00-0036660;00-0036637;00-0033831,Marquez Valdes-Scantling;Joe Thuney;Orlando Brown;JuJu Smith-Schuster;Travis Kelce;Jerick McKinnon;Creed Humphrey;Patrick Mahomes;Trey Smith;Noah Gray;Andrew Wylie,00-0035292;00-0038125;00-0032265;00-0033765;00-0036181;00-0036416;00-0033132;00-0035643;00-0033659;00-0034662;00-0033782,David Long Jr.;Roger McCreary;Mario Edwards;Dylan Cole;Teair Tart;Kristian Fulton;Kevin Byard;Jeffery Simmons;Joe Jones;Joshua Kalu;DeMarcus Walker
2022_09_TEN_KC,931,pass,7.0,7.0,0.0,5.0,15:00,14:55,,9.0,0.0,3.0,5.0,"2 DL, 3 LB, 6 DB",;;;;;;;;;;,11,5,3,MAN_COVERAGE,COVER_1,False,00-0034386;00-0032391;00-0034752;00-0033857;00-0030506;00-0031376;00-0036623;00-0033873;00-0036660;00-0035140;00-0033831,Justin Watson;Joe Thuney;Orlando Brown;JuJu Smith-Schuster;Travis Kelce;Jerick McKinnon;Creed Humphrey;Patrick Mahomes;Trey Smith;Mecole Hardman;Andrew Wylie,00-0035292;00-0038125;00-0031097;00-0032637;00-0031254;00-0036416;00-0033132;00-0035643;00-0036938;00-0035244;00-0032146,David Long Jr.;Roger McCreary;Terrance Mitchell;Andrew Adams;Denico Autry;Kristian Fulton;Kevin Byard;Jeffery Simmons;Rashad Weaver;Lonnie Johnson;Bud Dupree
2022_09_TEN_KC,956,extra_point,0.0,15.0,15.0,0.0,14:55,14:55,,9.0,0.0,,0.0,,;;;;;;;;;;,11,,,,,,00-0030615;00-0034752;00-0036230;00-0036623;00-0033303;00-0035889;00-0036660;00-0036637;00-0033831;00-0034817;00-0035149,James Winchester;Orlando Brown;Prince Tega Wanogho;Creed Humphrey;Harrison Butker;Tommy Townsend;Trey Smith;Noah Gray;Andrew Wylie;Geron Christian;Nick Allegretti,00-0036237;00-0032265;00-0033765;00-0036615;00-0032637;00-0031254;00-0037070;00-0035643;00-0036938;00-0033659;00-0034662,Larrell Murchison;Mario Edwards;Dylan Cole;Caleb Farley;Andrew Adams;Denico Autry;Josh Thompson;Jeffery Simmons;Rashad Weaver;Joe Jones;Joshua Kalu
2022_09_TEN_KC,972,kickoff,0.0,35.0,35.0,4.0,14:55,14:51,,9.0,0.0,,0.0,,;;;;;;;;;;,11,,,,,,00-0034145;00-0037819;00-0038043;00-0031595;00-0037195;00-0032774;00-0033303;00-0033481;00-0037197;00-0037208;00-0037193,Chris Lammons;Leo Chenal;Joshua Williams;Michael Burton;Jaylen Watson;Deon Bush;Harrison Butker;Marcus Kemp;Isiah Pacheco;Jack Cochrane;Bryan Cook,00-0033386;00-0037617;00-0034253;00-0033765;00-0034193;00-0037070;00-0037809;00-0037000;00-0033659;00-0035244;00-0034662,Cody Hollister;Hassan Haskins;Dontrell Hilliard;Dylan Cole;Kevin Rader;Josh Thompson;Chig Okonkwo;Monty Rice;Joe Jones;Lonnie Johnson;Joshua Kalu
2022_09_TEN_KC,994,pass,16.0,74.0,58.0,34.0,14:51,14:17,,9.0,0.0,1.0,10.0,"4 DL, 3 LB, 4 DB",;;;;;;;;;;,11,8,4,MAN_COVERAGE,COVER_1,True,00-0029413;00-0037754;00-0032764;00-0036171;00-0032392;00-0037809;00-0036182;00-0038128;00-0035649;00-0035300;00-0032141,Ben Jones;Nicholas Petit-Frere;Derrick Henry;Aaron Brewer;Austin Hooper;Chig Okonkwo;Nick Westbrook-Ikhine;Malik Willis;Nate Davis;Dennis Daley;Geoff Swaim,00-0036374;00-0035625;00-0037819;00-0036378;00-0036621;00-0037191;00-0036362;00-0034361;00-0035656;00-0032762;00-0037192,L'Jarius Sneed;Juan Thornhill;Leo Chenal;Michael Danna;Nick Bolton;Trent McDuffie;Willie Gay Jr.;Justin Reid;Khalen Saunders;Chris Jones;George Karlaftis
2022_09_TEN_KC,1023,run,4.0,58.0,54.0,38.0,14:17,13:39,,9.0,0.0,1.0,10.0,"4 DL, 2 LB, 5 DB",;;;;;;;;;;,11,6,,,,,00-0029413;00-0032764;00-0037754;00-0036171;00-0036182;00-0032128;00-0030431;00-0038128;00-0035649;00-0035300;00-0032141,Ben Jones;Derrick Henry;Nicholas Petit-Frere;Aaron Brewer;Nick Westbrook-Ikhine;Chris Conley;Robert Woods;Malik Willis;Nate Davis;Dennis Daley;Geoff Swaim,00-0036374;00-0035625;00-0038043;00-0036378;00-0036621;00-0037191;00-0036362;00-0034361;00-0035656;00-0032762;00-0037192,L'Jarius Sneed;Juan Thornhill;Joshua Williams;Michael Danna;Nick Bolton;Trent McDuffie;Willie Gay Jr.;Justin Reid;Khalen Saunders;Chris Jones;George Karlaftis
2022_09_TEN_KC,1045,run,17.0,54.0,37.0,42.0,13:39,12:57,,9.0,0.0,2.0,6.0,"4 DL, 2 LB, 5 DB",;;;;;;;;;;,11,6,,,,,00-0029413;00-0032764;00-0037754;00-0036171;00-0036182;00-0032128;00-0030431;00-0038128;00-0035649;00-0035300;00-0032141,Ben Jones;Derrick Henry;Nicholas Petit-Frere;Aaron Brewer;Nick Westbrook-Ikhine;Chris Conley;Robert Woods;Malik Willis;Nate Davis;Dennis Daley;Geoff Swaim,00-0036374;00-0035625;00-0038043;00-0036378;00-0036621;00-0037191;00-0036362;00-0034361;00-0035656;00-0032762;00-0037192,L'Jarius Sneed;Juan Thornhill;Joshua Williams;Michael Danna;Nick Bolton;Trent McDuffie;Willie Gay Jr.;Justin Reid;Khalen Saunders;Chris Jones;George Karlaftis
2022_09_TEN_KC,1066,run,24.0,37.0,13.0,45.0,12:57,12:12,,9.0,0.0,1.0,10.0,"4 DL, 3 LB, 4 DB",;;;;;;;;;;,11,8,,,,,00-0033386;00-0029413;00-0037754;00-0032764;00-0036171;00-0032392;00-0034193;00-0038128;00-0035649;00-0035300;00-0032141,Cody Hollister;Ben Jones;Nicholas Petit-Frere;Derrick Henry;Aaron Brewer;Austin Hooper;Kevin Rader;Malik Willis;Nate Davis;Dennis Daley;Geoff Swaim,00-0036374;00-0035625;00-0037819;00-0036378;00-0036621;00-0037191;00-0036362;00-0034361;00-0035656;00-0032762;00-0037192,L'Jarius Sneed;Juan Thornhill;Leo Chenal;Michael Danna;Nick Bolton;Trent McDuffie;Willie Gay Jr.;Justin Reid;Khalen Saunders;Chris Jones;George Karlaftis
2022_09_TEN_KC,1087,run,-2.0,13.0,15.0,39.0,12:12,11:33,,9.0,0.0,1.0,10.0,"4 DL, 2 LB, 5 DB",;;;;;;;;;;,11,6,,,,,00-0029413;00-0032764;00-0037754;00-0036171;00-0036182;00-0032128;00-0030431;00-0038128;00-0035649;00-0035300;00-0032141,Ben Jones;Derrick Henry;Nicholas Petit-Frere;Aaron Brewer;Nick Westbrook-Ikhine;Chris Conley;Robert Woods;Malik Willis;Nate Davis;Dennis Daley;Geoff Swaim,00-0036374;00-0035625;00-0038043;00-0036378;00-0036621;00-0037191;00-0036362;00-0034361;00-0035656;00-0032762;00-0037192,L'Jarius Sneed;Juan Thornhill;Joshua Williams;Michael Danna;Nick Bolton;Trent McDuffie;Willie Gay Jr.;Justin Reid;Khalen Saunders;Chris Jones;George Karlaftis
2022_09_TEN_KC,1108,run,7.0,15.0,8.0,38.0,11:33,10:55,,9.0,0.0,2.0,12.0,"4 DL, 2 LB, 5 DB",;;;;;;;;;;,11,6,4,,,,00-0033386;00-0029413;00-0037754;00-0032764;00-0036171;00-0034193;00-0036182;00-0038128;00-0035649;00-0035300;00-0032141,Cody Hollister;Ben Jones;Nicholas Petit-Frere;Derrick Henry;Aaron Brewer;Kevin Rader;Nick Westbrook-Ikhine;Malik Willis;Nate Davis;Dennis Daley;Geoff Swaim,00-0036374;00-0035625;00-0038043;00-0036378;00-0036621;00-0037191;00-0036362;00-0035656;00-0032762;00-0037192;00-0037193,L'Jarius Sneed;Juan Thornhill;Joshua Williams;Michael Danna;Nick Bolton;Trent McDuffie;Willie Gay Jr.;Khalen Saunders;Chris Jones;George Karlaftis;Bryan Cook
2022_09_TEN_KC,1134,no_play,0.0,8.0,8.0,4.0,10:55,10:51,,9.0,0.0,3.0,5.0,"4 DL, 2 LB, 5 DB",;;;;;;;;;;,11,6,,,,,00-0033386;00-0029413;00-0037754;00-0036171;00-0034253;00-0032392;00-0036182;00-0030431;00-0038128;00-0035649;00-0035300,Cody Hollister;Ben Jones;Nicholas Petit-Frere;Aaron Brewer;Dontrell Hilliard;Austin Hooper;Nick Westbrook-Ikhine;Robert Woods;Malik Willis;Nate Davis;Dennis Daley,00-0036374;00-0035625;00-0038043;00-0036378;00-0036621;00-0037191;00-0036362;00-0034361;00-0035656;00-0032762;00-0037192,L'Jarius Sneed;Juan Thornhill;Joshua Williams;Michael Danna;Nick Bolton;Trent McDuffie;Willie Gay Jr.;Justin Reid;Khalen Saunders;Chris Jones;George Karlaftis
2022_09_TEN_KC,1167,run,4.0,4.0,0.0,3.0,10:51,10:48,,9.0,6.0,3.0,1.0,"4 DL, 3 LB, 4 DB",;;;;;;;;;;,11,8,,,,,00-0033386;00-0029413;00-0037754;00-0032764;00-0036171;00-0032392;00-0034193;00-0038128;00-0035649;00-0035300;00-0032141,Cody Hollister;Ben Jones;Nicholas Petit-Frere;Derrick Henry;Aaron Brewer;Austin Hooper;Kevin Rader;Malik Willis;Nate Davis;Dennis Daley;Geoff Swaim,00-0036374;00-0035625;00-0037819;00-0036378;00-0036621;00-0037191;00-0036362;00-0034361;00-0035656;00-0032762;00-0037192,L'Jarius Sneed;Juan Thornhill;Leo Chenal;Michael Danna;Nick Bolton;Trent McDuffie;Willie Gay Jr.;Justin Reid;Khalen Saunders;Chris Jones;George Karlaftis
2022_09_TEN_KC,1202,extra_point,0.0,15.0,15.0,0.0,10:48,10:48,,9.0,7.0,,0.0,,;;;;;;;;;;,11,,,,,,00-0029421;00-0037754;00-0033793;00-0036171;00-0033065;00-0036181;00-0027557;00-0035649;00-0035300;00-0037607;00-0032141,Randy Bullock;Nicholas Petit-Frere;Corey Levin;Aaron Brewer;Le'Raven Clark;Teair Tart;Morgan Cox;Nate Davis;Dennis Daley;Ryan Stonehouse;Geoff Swaim,00-0034818;00-0035157;00-0034145;00-0037819;00-0038043;00-0036621;00-0032774;00-0034361;00-0035656;00-0036682;00-0037192,Derrick Nnadi;Darius Harris;Chris Lammons;Leo Chenal;Joshua Williams;Nick Bolton;Deon Bush;Justin Reid;Khalen Saunders;Malik Herring;George Karlaftis
2022_09_TEN_KC,1218,kickoff,0.0,35.0,35.0,0.0,10:48,10:48,,9.0,7.0,,0.0,,;;;;;;;;;;,11,,,,,,00-0033386;00-0029421;00-0037617;00-0034253;00-0033765;00-0034193;00-0037070;00-0037000;00-0033659;00-0035244;00-0034662,Cody Hollister;Randy Bullock;Hassan Haskins;Dontrell Hilliard;Dylan Cole;Kevin Rader;Josh Thompson;Monty Rice;Joe Jones;Lonnie Johnson;Joshua Kalu,00-0034145;00-0037819;00-0031376;00-0031595;00-0037195;00-0032774;00-0036637;00-0033481;00-0037197;00-0037208;00-0037193,Chris Lammons;Leo Chenal;Jerick McKinnon;Michael Burton;Jaylen Watson;Deon Bush;Noah Gray;Marcus Kemp;Isiah Pacheco;Jack Cochrane;Bryan Cook
2022_09_TEN_KC,1233,pass,9.0,75.0,66.0,35.0,10:48,10:13,,9.0,7.0,1.0,10.0,"3 DL, 4 LB, 4 DB",;;;;;;;;;;,11,7,4,ZONE_COVERAGE,COVER_2,False,00-0034386;00-0032391;00-0034752;00-0033857;00-0031376;00-0031595;00-0036623;00-0033873;00-0036637;00-0036660;00-0033831,Justin Watson;Joe Thuney;Orlando Brown;JuJu Smith-Schuster;Jerick McKinnon;Michael Burton;Creed Humphrey;Patrick Mahomes;Noah Gray;Trey Smith;Andrew Wylie,00-0035292;00-0038125;00-0033547;00-0036237;00-0033765;00-0036695;00-0032637;00-0036416;00-0033132;00-0032146;00-0033782,David Long Jr.;Roger McCreary;Zach Cunningham;Larrell Murchison;Dylan Cole;Naquan Jones;Andrew Adams;Kristian Fulton;Kevin Byard;Bud Dupree;DeMarcus Walker
2022_09_TEN_KC,1257,run,2.0,66.0,64.0,37.0,10:13,9:36,,9.0,7.0,2.0,1.0,"3 DL, 3 LB, 5 DB",;;;;;;;;;;,11,6,,,,,00-0034272;00-0032391;00-0034752;00-0033857;00-0030506;00-0036623;00-0033873;00-0036660;00-0037197;00-0035140;00-0033831,Marquez Valdes-Scantling;Joe Thuney;Orlando Brown;JuJu Smith-Schuster;Travis Kelce;Creed Humphrey;Patrick Mahomes;Trey Smith;Isiah Pacheco;Mecole Hardman;Andrew Wylie,00-0035292;00-0038125;00-0033547;00-0036695;00-0032637;00-0031254;00-0036416;00-0033132;00-0032146;00-0034662;00-0033782,David Long Jr.;Roger McCreary;Zach Cunningham;Naquan Jones;Andrew Adams;Denico Autry;Kristian Fulton;Kevin Byard;Bud Dupree;Joshua Kalu;DeMarcus Walker
2022_09_TEN_KC,1278,pass,0.0,64.0,64.0,6.0,9:36,9:30,,9.0,7.0,1.0,10.0,"3 DL, 3 LB, 5 DB",;;;;;;;;;;,11,5,4,ZONE_COVERAGE,COVER_2,True,00-0034272;00-0032391;00-0034752;00-0033857;00-0030506;00-0036623;00-0033873;00-0036660;00-0037197;00-0035140;00-0033831,Marquez Valdes-Scantling;Joe Thuney;Orlando Brown;JuJu Smith-Schuster;Travis Kelce;Creed Humphrey;Patrick Mahomes;Trey Smith;Isiah Pacheco;Mecole Hardman;Andrew Wylie,00-0035292;00-0038125;00-0033547;00-0036695;00-0032637;00-0031254;00-0036416;00-0033132;00-0032146;00-0034662;00-0033782,David Long Jr.;Roger McCreary;Zach Cunningham;Naquan Jones;Andrew Adams;Denico Autry;Kristian Fulton;Kevin Byard;Bud Dupree;Joshua Kalu;DeMarcus Walker
2022_09_TEN_KC,1300,pass,0.0,64.0,64.0,4.0,9:30,9:26,,9.0,7.0,2.0,10.0,"3 DL, 3 LB, 5 DB",;;;;;;;;;;,11,6,4,ZONE_COVERAGE,COVER_2,True,00-0034272;00-0032391;00-0034752;00-0036913;00-0033857;00-0030506;00-0036623;00-0033873;00-0036660;00-0037197;00-0033831,Marquez Valdes-Scantling;Joe Thuney;Orlando Brown;Kadarius Toney;JuJu Smith-Schuster;Travis Kelce;Creed Humphrey;Patrick Mahomes;Trey Smith;Isiah Pacheco;Andrew Wylie,00-0035292;00-0038125;00-0033547;00-0036695;00-0032637;00-0031254;00-0036416;00-0033132;00-0032146;00-0034662;00-0033782,David Long Jr.;Roger McCreary;Zach Cunningham;Naquan Jones;Andrew Adams;Denico Autry;Kristian Fulton;Kevin Byard;Bud Dupree;Joshua Kalu;DeMarcus Walker
2022_09_TEN_KC,1341,no_play,0.0,64.0,64.0,26.0,9:26,9:00,,9.0,7.0,3.0,10.0,"3 DL, 2 LB, 6 DB",;;;;;;;;;;,11,6,,,,,00-0034272;00-0032391;00-0034752;00-0036913;00-0030506;00-0031376;00-0036623;00-0033873;00-0036660;00-0033831;00-0035140,Marquez Valdes-Scantling;Joe Thuney;Orlando Brown;Kadarius Toney;Travis Kelce;Jerick McKinnon;Creed Humphrey;Patrick Mahomes;Trey Smith;Andrew Wylie;Mecole Hardman,00-0035292;00-0038125;00-0032265;00-0031097;00-0032637;00-0031254;00-0036416;00-0033132;00-0035643;00-0035244;00-0032146,David Long Jr.;Roger McCreary;Mario Edwards;Terrance Mitchell;Andrew Adams;Denico Autry;Kristian Fulton;Kevin Byard;Jeffery Simmons;Lonnie Johnson;Bud Dupree
2022_09_TEN_KC,1376,pass,6.0,74.0,68.0,38.0,9:00,8:22,,9.0,7.0,3.0,20.0,"3 DL, 2 LB, 6 DB",;;;;;;;;;;,11,6,4,ZONE_COVERAGE,COVER_3,True,00-0034272;00-0032391;00-0034752;00-0033857;00-0031376;00-0036623;00-0033873;00-0036637;00-0036660;00-0033831;00-0035140,Marquez Valdes-Scantling;Joe Thuney;Orlando Brown;JuJu Smith-Schuster;Jerick McKinnon;Creed Humphrey;Patrick Mahomes;Noah Gray;Trey Smith;Andrew Wylie;Mecole Hardman,00-0035292;00-0038125;00-0032265;00-0031097;00-0032637;00-0031254;00-0036416;00-0033132;00-0035643;00-0035244;00-0032146,David Long Jr.;Roger McCreary;Mario Edwards;Terrance Mitchell;Andrew Adams;Denico Autry;Kristian Fulton;Kevin Byard;Jeffery Simmons;Lonnie Johnson;Bud Dupree
2022_09_TEN_KC,1400,punt,0.0,68.0,68.0,8.0,8:22,8:14,,9.0,7.0,4.0,14.0,,;;;;;;;;;;,11,,,,,,00-0030615;00-0035157;00-0034145;00-0037819;00-0031376;00-0031595;00-0035889;00-0036637;00-0033481;00-0037208;00-0037193,James Winchester;Darius Harris;Chris Lammons;Leo Chenal;Jerick McKinnon;Michael Burton;Tommy Townsend;Noah Gray;Marcus Kemp;Jack Cochrane;Bryan Cook,00-0033386;00-0037617;00-0034253;00-0033765;00-0037593;00-0034193;00-0037000;00-0036416;00-0030431;00-0033659;00-0035244,Cody Hollister;Hassan Haskins;Dontrell Hilliard;Dylan Cole;Tre Avery;Kevin Rader;Monty Rice;Kristian Fulton;Robert Woods;Joe Jones;Lonnie Johnson
2022_09_TEN_KC,1419,run,56.0,79.0,23.0,41.0,8:14,7:33,,9.0,7.0,1.0,10.0,"3 DL, 4 LB, 4 DB",;;;;;;;;;;,11,7,,,,,00-0029413;00-0037754;00-0032764;00-0036171;00-0032392;00-0036182;00-0030431;00-0038128;00-0035649;00-0035300;00-0032141,Ben Jones;Nicholas Petit-Frere;Derrick Henry;Aaron Brewer;Austin Hooper;Nick Westbrook-Ikhine;Robert Woods;Malik Willis;Nate Davis;Dennis Daley;Geoff Swaim,00-0034818;00-0036374;00-0035157;00-0027662;00-0035625;00-0037819;00-0036621;00-0037191;00-0034361;00-0034325;00-0036682,Derrick Nnadi;L'Jarius Sneed;Darius Harris;Carlos Dunlap;Juan Thornhill;Leo Chenal;Nick Bolton;Trent McDuffie;Justin Reid;Taylor Stallworth;Malik Herring
2022_09_TEN_KC,1440,run,3.0,23.0,20.0,42.0,7:33,6:51,,9.0,7.0,1.0,10.0,"3 DL, 4 LB, 4 DB",;;;;;;;;;;,11,8,,,,,00-0033386;00-0029413;00-0037754;00-0036171;00-0034253;00-0032392;00-0034193;00-0038128;00-0035649;00-0035300;00-0032141,Cody Hollister;Ben Jones;Nicholas Petit-Frere;Aaron Brewer;Dontrell Hilliard;Austin Hooper;Kevin Rader;Malik Willis;Nate Davis;Dennis Daley;Geoff Swaim,00-0034818;00-0036374;00-0035157;00-0027662;00-0035625;00-0037819;00-0036621;00-0037191;00-0034361;00-0034325;00-0036682,Derrick Nnadi;L'Jarius Sneed;Darius Harris;Carlos Dunlap;Juan Thornhill;Leo Chenal;Nick Bolton;Trent McDuffie;Justin Reid;Taylor Stallworth;Malik Herring
2022_09_TEN_KC,1461,pass,18.0,20.0,2.0,43.0,6:51,6:08,,9.0,7.0,2.0,7.0,"3 DL, 4 LB, 4 DB",;;;;;;;;;;,11,7,5,MAN_COVERAGE,COVER_1,False,00-0029413;00-0037754;00-0036171;00-0032392;00-0034253;00-0034193;00-0032128;00-0038128;00-0035649;00-0035300;00-0032141,Ben Jones;Nicholas Petit-Frere;Aaron Brewer;Austin Hooper;Dontrell Hilliard;Kevin Rader;Chris Conley;Malik Willis;Nate Davis;Dennis Daley;Geoff Swaim,00-0034818;00-0036374;00-0035157;00-0027662;00-0035625;00-0037819;00-0036621;00-0037191;00-0034361;00-0032762;00-0036682,Derrick Nnadi;L'Jarius Sneed;Darius Harris;Carlos Dunlap;Juan Thornhill;Leo Chenal;Nick Bolton;Trent McDuffie;Justin Reid;Chris Jones;Malik Herring
2022_09_TEN_KC,1485,run,1.0,2.0,1.0,40.0,6:08,5:28,,9.0,7.0,1.0,2.0,"6 DL, 2 LB, 3 DB",;;;;;;;;;;,11,9,,,,,00-0029413;00-0037754;00-0032764;00-0036171;00-0036619;00-0032392;00-0034193;00-0038128;00-0035649;00-0035300;00-0032141,Ben Jones;Nicholas Petit-Frere;Derrick Henry;Aaron Brewer;Dillon Radunz;Austin Hooper;Kevin Rader;Malik Willis;Nate Davis;Dennis Daley;Geoff Swaim,00-0034818;00-0036374;00-0035625;00-0036378;00-0036621;00-0036362;00-0034361;00-0034325;00-0035656;00-0032762;00-0037192,Derrick Nnadi;L'Jarius Sneed;Juan Thornhill;Michael Danna;Nick Bolton;Willie Gay Jr.;Justin Reid;Taylor Stallworth;Khalen Saunders;Chris Jones;George Karlaftis
2022_09_TEN_KC,1508,run,1.0,1.0,0.0,4.0,5:28,5:24,,9.0,13.0,2.0,1.0,"6 DL, 2 LB, 3 DB",;;;;;;;;;;,11,10,,,,,00-0029413;00-0037754;00-0032764;00-0036171;00-0036619;00-0032392;00-0034193;00-0038128;00-0035649;00-0035300;00-0032141,Ben Jones;Nicholas Petit-Frere;Derrick Henry;Aaron Brewer;Dillon Radunz;Austin Hooper;Kevin Rader;Malik Willis;Nate Davis;Dennis Daley;Geoff Swaim,00-0034818;00-0036374;00-0035625;00-0036378;00-0036621;00-0036362;00-0034361;00-0034325;00-0035656;00-0032762;00-0037192,Derrick Nnadi;L'Jarius Sneed;Juan Thornhill;Michael Danna;Nick Bolton;Willie Gay Jr.;Justin Reid;Taylor Stallworth;Khalen Saunders;Chris Jones;George Karlaftis
2022_09_TEN_KC,1543,extra_point,0.0,15.0,15.0,0.0,5:24,5:24,,9.0,14.0,,0.0,,;;;;;;;;;;,11,,,,,,00-0029421;00-0037754;00-0033793;00-0036171;00-0033065;00-0036181;00-0027557;00-0035649;00-0035300;00-0037607;00-0032141,Randy Bullock;Nicholas Petit-Frere;Corey Levin;Aaron Brewer;Le'Raven Clark;Teair Tart;Morgan Cox;Nate Davis;Dennis Daley;Ryan Stonehouse;Geoff Swaim,00-0034818;00-0035157;00-0034145;00-0037819;00-0038043;00-0036621;00-0032774;00-0034361;00-0035656;00-0036682;00-0037192,Derrick Nnadi;Darius Harris;Chris Lammons;Leo Chenal;Joshua Williams;Nick Bolton;Deon Bush;Justin Reid;Khalen Saunders;Malik Herring;George Karlaftis
2022_09_TEN_KC,1559,kickoff,0.0,35.0,35.0,0.0,5:24,5:24,,9.0,14.0,,0.0,,;;;;;;;;;;,11,,,,,,00-0033386;00-0029421;00-0037617;00-0034253;00-0033765;00-0037593;00-0034193;00-0037000;00-0033659;00-0035244;00-0034662,Cody Hollister;Randy Bullock;Hassan Haskins;Dontrell Hilliard;Dylan Cole;Tre Avery;Kevin Rader;Monty Rice;Joe Jones;Lonnie Johnson;Joshua Kalu,00-0034145;00-0037819;00-0031376;00-0031595;00-0037195;00-0032774;00-0036637;00-0033481;00-0037197;00-0037208;00-0037193,Chris Lammons;Leo Chenal;Jerick McKinnon;Michael Burton;Jaylen Watson;Deon Bush;Noah Gray;Marcus Kemp;Isiah Pacheco;Jack Cochrane;Bryan Cook
2022_09_TEN_KC,1574,run,1.0,75.0,74.0,34.0,5:24,4:50,,9.0,14.0,1.0,10.0,"3 DL, 3 LB, 5 DB",;;;;;;;;;;,11,7,,,,,00-0034272;00-0032391;00-0034752;00-0033857;00-0030506;00-0036623;00-0033873;00-0036660;00-0036637;00-0037197;00-0033831,Marquez Valdes-Scantling;Joe Thuney;Orlando Brown;JuJu Smith-Schuster;Travis Kelce;Creed Humphrey;Patrick Mahomes;Trey Smith;Noah Gray;Isiah Pacheco;Andrew Wylie,00-0035292;00-0038125;00-0033547;00-0032637;00-0031254;00-0036181;00-0036416;00-0033132;00-0035643;00-0032146;00-0034662,David Long Jr.;Roger McCreary;Zach Cunningham;Andrew Adams;Denico Autry;Teair Tart;Kristian Fulton;Kevin Byard;Jeffery Simmons;Bud Dupree;Joshua Kalu
2022_09_TEN_KC,1595,pass,0.0,74.0,74.0,4.0,4:50,4:46,,9.0,14.0,2.0,9.0,"3 DL, 3 LB, 5 DB",;;;;;;;;;;,11,6,4,MAN_COVERAGE,COVER_1,False,00-0034272;00-0032391;00-0034752;00-0033857;00-0030506;00-0036623;00-0033873;00-0038090;00-0036660;00-0037197;00-0033831,Marquez Valdes-Scantling;Joe Thuney;Orlando Brown;JuJu Smith-Schuster;Travis Kelce;Creed Humphrey;Patrick Mahomes;Skyy Moore;Trey Smith;Isiah Pacheco;Andrew Wylie,00-0035292;00-0038125;00-0033547;00-0032265;00-0031097;00-0032637;00-0031254;00-0036416;00-0033132;00-0035643;00-0032146,David Long Jr.;Roger McCreary;Zach Cunningham;Mario Edwards;Terrance Mitchell;Andrew Adams;Denico Autry;Kristian Fulton;Kevin Byard;Jeffery Simmons;Bud Dupree
2022_09_TEN_KC,1617,pass,-5.0,74.0,79.0,40.0,4:46,4:06,,9.0,14.0,3.0,9.0,"3 DL, 2 LB, 6 DB",;;;;;;;;;;,11,5,4,,,,00-0034272;00-0032391;00-0034752;00-0033857;00-0030506;00-0031376;00-0036623;00-0033873;00-0036660;00-0033831;00-0035140,Marquez Valdes-Scantling;Joe Thuney;Orlando Brown;JuJu Smith-Schuster;Travis Kelce;Jerick McKinnon;Creed Humphrey;Patrick Mahomes;Trey Smith;Andrew Wylie;Mecole Hardman,00-0035292;00-0038125;00-0032265;00-0031097;00-0032637;00-0031254;00-0036416;00-0033132;00-0035643;00-0032146;00-0035244,David Long Jr.;Roger McCreary;Mario Edwards;Terrance Mitchell;Andrew Adams;Denico Autry;Kristian Fulton;Kevin Byard;Jeffery Simmons;Bud Dupree;Lonnie Johnson
2022_09_TEN_KC,1636,punt,0.0,79.0,79.0,11.0,4:06,3:55,,9.0,14.0,4.0,14.0,,;;;;;;;;;;,11,,,,,,00-0030615;00-0035157;00-0034145;00-0037819;00-0031376;00-0031595;00-0035889;00-0036637;00-0033481;00-0037208;00-0037193,James Winchester;Darius Harris;Chris Lammons;Leo Chenal;Jerick McKinnon;Michael Burton;Tommy Townsend;Noah Gray;Marcus Kemp;Jack Cochrane;Bryan Cook,00-0033386;00-0037617;00-0034253;00-0033765;00-0036615;00-0037593;00-0034193;00-0037000;00-0030431;00-0035244;00-0033659,Cody Hollister;Hassan Haskins;Dontrell Hilliard;Dylan Cole;Caleb Farley;Tre Avery;Kevin Rader;Monty Rice;Robert Woods;Lonnie Johnson;Joe Jones
2022_09_TEN_KC,1661,run,4.0,61.0,57.0,40.0,3:55,3:15,,9.0,14.0,1.0,10.0,"3 DL, 4 LB, 4 DB",;;;;;;;;;;,11,8,,,,,00-0029413;00-0032764;00-0037754;00-0036171;00-0034193;00-0036182;00-0030431;00-0038128;00-0035649;00-0035300;00-0032141,Ben Jones;Derrick Henry;Nicholas Petit-Frere;Aaron Brewer;Kevin Rader;Nick Westbrook-Ikhine;Robert Woods;Malik Willis;Nate Davis;Dennis Daley;Geoff Swaim,00-0034818;00-0036374;00-0027662;00-0035625;00-0037819;00-0036378;00-0036621;00-0037191;00-0036362;00-0034361;00-0032762,Derrick Nnadi;L'Jarius Sneed;Carlos Dunlap;Juan Thornhill;Leo Chenal;Michael Danna;Nick Bolton;Trent McDuffie;Willie Gay Jr.;Justin Reid;Chris Jones
2022_09_TEN_KC,1682,run,2.0,57.0,55.0,25.0,3:15,2:50,,9.0,14.0,2.0,6.0,"3 DL, 4 LB, 4 DB",;;;;;;;;;;,11,8,6,,,,00-0033386;00-0029413;00-0032764;00-0037754;00-0036171;00-0032392;00-0037809;00-0038128;00-0035649;00-0035300;00-0032141,Cody Hollister;Ben Jones;Derrick Henry;Nicholas Petit-Frere;Aaron Brewer;Austin Hooper;Chig Okonkwo;Malik Willis;Nate Davis;Dennis Daley;Geoff Swaim,00-0034818;00-0036374;00-0027662;00-0035625;00-0037819;00-0036378;00-0036621;00-0037191;00-0036362;00-0034361;00-0032762,Derrick Nnadi;L'Jarius Sneed;Carlos Dunlap;Juan Thornhill;Leo Chenal;Michael Danna;Nick Bolton;Trent McDuffie;Willie Gay Jr.;Justin Reid;Chris Jones
2022_09_TEN_KC,1719,run,5.0,65.0,60.0,41.0,2:50,2:09,,9.0,14.0,2.0,14.0,"3 DL, 3 LB, 5 DB",;;;;;;;;;;,11,6,,,,,00-0029413;00-0037754;00-0036171;00-0034253;00-0037809;00-0036182;00-0032128;00-0030431;00-0038128;00-0035649;00-0035300,Ben Jones;Nicholas Petit-Frere;Aaron Brewer;Dontrell Hilliard;Chig Okonkwo;Nick Westbrook-Ikhine;Chris Conley;Robert Woods;Malik Willis;Nate Davis;Dennis Daley,00-0034818;00-0036374;00-0027662;00-0035625;00-0036378;00-0036621;00-0037195;00-0037191;00-0036362;00-0034361;00-0032762,Derrick Nnadi;L'Jarius Sneed;Carlos Dunlap;Juan Thornhill;Michael Danna;Nick Bolton;Jaylen Watson;Trent McDuffie;Willie Gay Jr.;Justin Reid;Chris Jones
2022_09_TEN_KC,1740,pass,0.0,60.0,60.0,5.0,2:09,2:04,,9.0,14.0,3.0,9.0,"3 DL, 2 LB, 6 DB",;;;;;;;;;;,11,7,6,MAN_COVERAGE,COVER_1,False,00-0029413;00-0037754;00-0036171;00-0032392;00-0034253;00-0036182;00-0032128;00-0030431;00-0038128;00-0035649;00-0035300,Ben Jones;Nicholas Petit-Frere;Aaron Brewer;Austin Hooper;Dontrell Hilliard;Nick Westbrook-Ikhine;Chris Conley;Robert Woods;Malik Willis;Nate Davis;Dennis Daley,00-0036374;00-0027662;00-0035625;00-0036378;00-0036621;00-0037195;00-0037191;00-0034361;00-0032762;00-0037192;00-0037193,L'Jarius Sneed;Carlos Dunlap;Juan Thornhill;Michael Danna;Nick Bolton;Jaylen Watson;Trent McDuffie;Justin Reid;Chris Jones;George Karlaftis;Bryan Cook
2022_09_TEN_KC,1762,punt,0.0,60.0,60.0,12.0,2:04,1:52,,9.0,14.0,4.0,9.0,,;;;;;;;;;;,11,,,,,,00-0033386;00-0037617;00-0034253;00-0033765;00-0037593;00-0034193;00-0037809;00-0037000;00-0027557;00-0037607;00-0033659,Cody Hollister;Hassan Haskins;Dontrell Hilliard;Dylan Cole;Tre Avery;Kevin Rader;Chig Okonkwo;Monty Rice;Morgan Cox;Ryan Stonehouse;Joe Jones,00-0036374;00-0035157;00-0034145;00-0037819;00-0038043;00-0032774;00-0036637;00-0033481;00-0037208;00-0035140;00-0037193,L'Jarius Sneed;Darius Harris;Chris Lammons;Leo Chenal;Joshua Williams;Deon Bush;Noah Gray;Marcus Kemp;Jack Cochrane;Mecole Hardman;Bryan Cook
2022_09_TEN_KC,1795,pass,5.0,98.0,93.0,35.0,1:52,1:17,,9.0,14.0,1.0,10.0,"2 DL, 3 LB, 6 DB",;;;;;;;;;;,11,5,4,MAN_COVERAGE,COVER_1,False,00-0032391;00-0034752;00-0033857;00-0030506;00-0031376;00-0036623;00-0033873;00-0036660;00-0038090;00-0035140;00-0033831,Joe Thuney;Orlando Brown;JuJu Smith-Schuster;Travis Kelce;Jerick McKinnon;Creed Humphrey;Patrick Mahomes;Trey Smith;Skyy Moore;Mecole Hardman;Andrew Wylie,00-0035292;00-0038125;00-0031097;00-0032637;00-0031254;00-0036416;00-0033132;00-0035643;00-0036938;00-0035244;00-0032146,David Long Jr.;Roger McCreary;Terrance Mitchell;Andrew Adams;Denico Autry;Kristian Fulton;Kevin Byard;Jeffery Simmons;Rashad Weaver;Lonnie Johnson;Bud Dupree
2022_09_TEN_KC,1835,pass,9.0,93.0,84.0,16.0,1:17,1:01,,9.0,14.0,2.0,5.0,"2 DL, 3 LB, 6 DB",;;;;;;;;;;,11,6,4,ZONE_COVERAGE,COVER_4,False,00-0032391;00-0034752;00-0033857;00-0030506;00-0031376;00-0036623;00-0033873;00-0036660;00-0038090;00-0035140;00-0033831,Joe Thuney;Orlando Brown;JuJu Smith-Schuster;Travis Kelce;Jerick McKinnon;Creed Humphrey;Patrick Mahomes;Trey Smith;Skyy Moore;Mecole Hardman;Andrew Wylie,00-0035292;00-0038125;00-0031097;00-0032637;00-0031254;00-0036416;00-0033132;00-0035643;00-0036938;00-0035244;00-0032146,David Long Jr.;Roger McCreary;Terrance Mitchell;Andrew Adams;Denico Autry;Kristian Fulton;Kevin Byard;Jeffery Simmons;Rashad Weaver;Lonnie Johnson;Bud Dupree
2022_09_TEN_KC,1859,pass,9.0,84.0,75.0,8.0,1:01,0:53,,9.0,14.0,1.0,10.0,"2 DL, 3 LB, 6 DB",;;;;;;;;;;,11,5,4,MAN_COVERAGE,COVER_1,False,00-0032391;00-0034752;00-0033857;00-0030506;00-0031376;00-0036623;00-0033873;00-0036660;00-0038090;00-0035140;00-0033831,Joe Thuney;Orlando Brown;JuJu Smith-Schuster;Travis Kelce;Jerick McKinnon;Creed Humphrey;Patrick Mahomes;Trey Smith;Skyy Moore;Mecole Hardman;Andrew Wylie,00-0035292;00-0038125;00-0031097;00-0032637;00-0031254;00-0036416;00-0033132;00-0035643;00-0036938;00-0035244;00-0032146,David Long Jr.;Roger McCreary;Terrance Mitchell;Andrew Adams;Denico Autry;Kristian Fulton;Kevin Byard;Jeffery Simmons;Rashad Weaver;Lonnie Johnson;Bud Dupree
2022_09_TEN_KC,1883,pass,16.0,75.0,59.0,0.0,0:53,0:53,,9.0,14.0,2.0,1.0,"2 DL, 3 LB, 6 DB",;;;;;;;;;;,11,6,4,ZONE_COVERAGE,COVER_2,False,00-0034272;00-0032391;00-0034752;00-0033857;00-0030506;00-0031376;00-0036623;00-0033873;00-0036660;00-0035140;00-0033831,Marquez Valdes-Scantling;Joe Thuney;Orlando Brown;JuJu Smith-Schuster;Travis Kelce;Jerick McKinnon;Creed Humphrey;Patrick Mahomes;Trey Smith;Mecole Hardman;Andrew Wylie,00-0035292;00-0038125;00-0031097;00-0032637;00-0031254;00-0036416;00-0033132;00-0035643;00-0036938;00-0035244;00-0032146,David Long Jr.;Roger McCreary;Terrance Mitchell;Andrew Adams;Denico Autry;Kristian Fulton;Kevin Byard;Jeffery Simmons;Rashad Weaver;Lonnie Johnson;Bud Dupree
2022_09_TEN_KC,1894,timeout,0.0,,,8.0,0:53,0:45,KC,9.0,14.0,,0.0,,,0,,,,,,,,,
2022_09_TEN_KC,1930,pass,0.0,59.0,59.0,4.0,0:45,0:41,,9.0,14.0,1.0,10.0,"2 DL, 3 LB, 6 DB",;;;;;;;;;;,11,4,4,MAN_COVERAGE,COVER_1,True,00-0034272;00-0032391;00-0034752;00-0033857;00-0030506;00-0031376;00-0036623;00-0033873;00-0036660;00-0035140;00-0033831,Marquez Valdes-Scantling;Joe Thuney;Orlando Brown;JuJu Smith-Schuster;Travis Kelce;Jerick McKinnon;Creed Humphrey;Patrick Mahomes;Trey Smith;Mecole Hardman;Andrew Wylie,00-0035292;00-0038125;00-0031097;00-0032637;00-0031254;00-0036416;00-0033132;00-0035643;00-0036938;00-0035244;00-0032146,David Long Jr.;Roger McCreary;Terrance Mitchell;Andrew Adams;Denico Autry;Kristian Fulton;Kevin Byard;Jeffery Simmons;Rashad Weaver;Lonnie Johnson;Bud Dupree
2022_09_TEN_KC,1952,run,9.0,59.0,50.0,7.0,0:41,0:34,,9.0,14.0,2.0,10.0,"3 DL, 2 LB, 6 DB",;;;;;;;;;;,11,5,5,,,,00-0034272;00-0034386;00-0032391;00-0034752;00-0033857;00-0030506;00-0031376;00-0036623;00-0033873;00-0036660;00-0033831,Marquez Valdes-Scantling;Justin Watson;Joe Thuney;Orlando Brown;JuJu Smith-Schuster;Travis Kelce;Jerick McKinnon;Creed Humphrey;Patrick Mahomes;Trey Smith;Andrew Wylie,00-0035292;00-0038125;00-0032265;00-0031097;00-0032637;00-0036181;00-0036416;00-0033132;00-0035244;00-0032146;00-0033782,David Long Jr.;Roger McCreary;Mario Edwards;Terrance Mitchell;Andrew Adams;Teair Tart;Kristian Fulton;Kevin Byard;Lonnie Johnson;Bud Dupree;DeMarcus Walker
2022_09_TEN_KC,1983,pass,-6.0,50.0,56.0,8.0,0:34,0:26,,9.0,14.0,3.0,1.0,"2 DL, 3 LB, 6 DB",;;;;;;;;;;,11,5,4,,,,00-0034272;00-0032391;00-0034752;00-0033857;00-0030506;00-0031376;00-0036623;00-0033873;00-0036660;00-0035140;00-0033831,Marquez Valdes-Scantling;Joe Thuney;Orlando Brown;JuJu Smith-Schuster;Travis Kelce;Jerick McKinnon;Creed Humphrey;Patrick Mahomes;Trey Smith;Mecole Hardman;Andrew Wylie,00-0035292;00-0038125;00-0031097;00-0032637;00-0031254;00-0036416;00-0033132;00-0035643;00-0036938;00-0035244;00-0032146,David Long Jr.;Roger McCreary;Terrance Mitchell;Andrew Adams;Denico Autry;Kristian Fulton;Kevin Byard;Jeffery Simmons;Rashad Weaver;Lonnie Johnson;Bud Dupree
2022_09_TEN_KC,2038,punt,0.0,56.0,56.0,0.0,0:26,0:26,,9.0,14.0,4.0,7.0,,;;;;;;;;;;,11,,,,,,00-0030615;00-0035157;00-0034145;00-0037819;00-0031376;00-0031595;00-0035889;00-0036637;00-0033481;00-0037208;00-0037193,James Winchester;Darius Harris;Chris Lammons;Leo Chenal;Jerick McKinnon;Michael Burton;Tommy Townsend;Noah Gray;Marcus Kemp;Jack Cochrane;Bryan Cook,00-0033386;00-0037617;00-0034253;00-0036615;00-0033765;00-0037593;00-0034193;00-0037000;00-0030431;00-0035244;00-0033659,Cody Hollister;Hassan Haskins;Dontrell Hilliard;Caleb Farley;Dylan Cole;Tre Avery;Kevin Rader;Monty Rice;Robert Woods;Lonnie Johnson;Joe Jones
2022_09_TEN_KC,2049,timeout,0.0,,,7.0,0:26,0:19,TEN,9.0,14.0,,0.0,,,0,,,,,,,,,
2022_09_TEN_KC,2064,qb_kneel,-1.0,91.0,92.0,19.0,0:19,0:00,,9.0,14.0,1.0,10.0,"4 DL, 3 LB, 4 DB",;;;;;;;;;;,11,8,,,,,00-0033386;00-0029413;00-0037754;00-0036171;00-0034253;00-0034193;00-0037809;00-0038128;00-0035649;00-0035300;00-0032141,Cody Hollister;Ben Jones;Nicholas Petit-Frere;Aaron Brewer;Dontrell Hilliard;Kevin Rader;Chig Okonkwo;Malik Willis;Nate Davis;Dennis Daley;Geoff Swaim,00-0036374;00-0035625;00-0037819;00-0036378;00-0036621;00-0037191;00-0036362;00-0034361;00-0035656;00-0032762;00-0037192,L'Jarius Sneed;Juan Thornhill;Leo Chenal;Michael Danna;Nick Bolton;Trent McDuffie;Willie Gay Jr.;Justin Reid;Khalen Saunders;Chris Jones;George Karlaftis
2022_09_TEN_KC,2085,start_quarter_3,,,,0.0,0:00,0:00,,9.0,14.0,,0.0,,,0,,,,,,,,,
2022_09_TEN_KC,2104,kickoff,0.0,35.0,35.0,6.0,15:00,14:54,,9.0,14.0,,0.0,,;;;;;;;;;;,11,,,,,,00-0034145;00-0037819;00-0038043;00-0031595;00-0037195;00-0032774;00-0033303;00-0033481;00-0037197;00-0037208;00-0037193,Chris Lammons;Leo Chenal;Joshua Williams;Michael Burton;Jaylen Watson;Deon Bush;Harrison Butker;Marcus Kemp;Isiah Pacheco;Jack Cochrane;Bryan Cook,00-0033386;00-0037617;00-0034253;00-0033765;00-0037593;00-0034193;00-0037809;00-0037000;00-0035244;00-0033659;00-0034662,Cody Hollister;Hassan Haskins;Dontrell Hilliard;Dylan Cole;Tre Avery;Kevin Rader;Chig Okonkwo;Monty Rice;Lonnie Johnson;Joe Jones;Joshua Kalu
2022_09_TEN_KC,2137,run,1.0,84.0,83.0,41.0,14:54,14:13,,9.0,14.0,1.0,10.0,"4 DL, 2 LB, 5 DB",;;;;;;;;;;,11,6,,,,,00-0033386;00-0029413;00-0037754;00-0032764;00-0036171;00-0036182;00-0030431;00-0038128;00-0035649;00-0035300;00-0032141,Cody Hollister;Ben Jones;Nicholas Petit-Frere;Derrick Henry;Aaron Brewer;Nick Westbrook-Ikhine;Robert Woods;Malik Willis;Nate Davis;Dennis Daley;Geoff Swaim,00-0034818;00-0036374;00-0035625;00-0038043;00-0036378;00-0036621;00-0037191;00-0036362;00-0034361;00-0032762;00-0036682,Derrick Nnadi;L'Jarius Sneed;Juan Thornhill;Joshua Williams;Michael Danna;Nick Bolton;Trent McDuffie;Willie Gay Jr.;Justin Reid;Chris Jones;Malik Herring
2022_09_TEN_KC,2158,no_play,0.0,83.0,83.0,21.0,14:13,13:52,,9.0,14.0,2.0,9.0,"4 DL, 2 LB, 5 DB",;;;;;;;;;;,11,6,,,,,00-0029413;00-0037754;00-0032764;00-0036171;00-0032392;00-0036182;00-0030431;00-0038128;00-0035649;00-0035300;00-0032141,Ben Jones;Nicholas Petit-Frere;Derrick Henry;Aaron Brewer;Austin Hooper;Nick Westbrook-Ikhine;Robert Woods;Malik Willis;Nate Davis;Dennis Daley;Geoff Swaim,00-0034818;00-0036374;00-0035625;00-0038043;00-0036378;00-0036621;00-0037191;00-0036362;00-0034361;00-0032762;00-0036682,Derrick Nnadi;L'Jarius Sneed;Juan Thornhill;Joshua Williams;Michael Danna;Nick Bolton;Trent McDuffie;Willie Gay Jr.;Justin Reid;Chris Jones;Malik Herring
2022_09_TEN_KC,2193,run,6.0,88.0,82.0,41.0,13:52,13:11,,9.0,14.0,2.0,14.0,"4 DL, 2 LB, 5 DB",;;;;;;;;;;,11,6,,,,,00-0033386;00-0029413;00-0037754;00-0036171;00-0034253;00-0036182;00-0030431;00-0038128;00-0035649;00-0035300;00-0032141,Cody Hollister;Ben Jones;Nicholas Petit-Frere;Aaron Brewer;Dontrell Hilliard;Nick Westbrook-Ikhine;Robert Woods;Malik Willis;Nate Davis;Dennis Daley;Geoff Swaim,00-0034818;00-0036374;00-0035625;00-0038043;00-0036378;00-0036621;00-0037191;00-0036362;00-0034361;00-0032762;00-0036682,Derrick Nnadi;L'Jarius Sneed;Juan Thornhill;Joshua Williams;Michael Danna;Nick Bolton;Trent McDuffie;Willie Gay Jr.;Justin Reid;Chris Jones;Malik Herring
2022_09_TEN_KC,2219,run,5.0,82.0,77.0,31.0,13:11,12:40,,9.0,14.0,3.0,8.0,"3 DL, 2 LB, 6 DB",;;;;;;;;;;,11,6,,,,,00-0033386;00-0037617;00-0029413;00-0037754;00-0036171;00-0037809;00-0036182;00-0030431;00-0038128;00-0035649;00-0035300,Cody Hollister;Hassan Haskins;Ben Jones;Nicholas Petit-Frere;Aaron Brewer;Chig Okonkwo;Nick Westbrook-Ikhine;Robert Woods;Malik Willis;Nate Davis;Dennis Daley,00-0036374;00-0027662;00-0035625;00-0038043;00-0036378;00-0036621;00-0037191;00-0034361;00-0032762;00-0037192;00-0037193,L'Jarius Sneed;Carlos Dunlap;Juan Thornhill;Joshua Williams;Michael Danna;Nick Bolton;Trent McDuffie;Justin Reid;Chris Jones;George Karlaftis;Bryan Cook
2022_09_TEN_KC,2240,punt,0.0,77.0,77.0,7.0,12:40,12:33,,9.0,14.0,4.0,3.0,,;;;;;;;;;;,11,,,,,,00-0037617;00-0034253;00-0033765;00-0037593;00-0034193;00-0037809;00-0037000;00-0027557;00-0037607;00-0035244;00-0033659,Hassan Haskins;Dontrell Hilliard;Dylan Cole;Tre Avery;Kevin Rader;Chig Okonkwo;Monty Rice;Morgan Cox;Ryan Stonehouse;Lonnie Johnson;Joe Jones,00-0036374;00-0035157;00-0034145;00-0037819;00-0038043;00-0032774;00-0036637;00-0033481;00-0037208;00-0037193;00-0035140,L'Jarius Sneed;Darius Harris;Chris Lammons;Leo Chenal;Joshua Williams;Deon Bush;Noah Gray;Marcus Kemp;Jack Cochrane;Bryan Cook;Mecole Hardman
2022_09_TEN_KC,2268,run,0.0,75.0,75.0,39.0,12:33,11:54,,9.0,14.0,1.0,10.0,"3 DL, 3 LB, 5 DB",;;;;;;;;;;,11,6,,,,,00-0034272;00-0032391;00-0034752;00-0033857;00-0030506;00-0036623;00-0033873;00-0036660;00-0038090;00-0037197;00-0033831,Marquez Valdes-Scantling;Joe Thuney;Orlando Brown;JuJu Smith-Schuster;Travis Kelce;Creed Humphrey;Patrick Mahomes;Trey Smith;Skyy Moore;Isiah Pacheco;Andrew Wylie,00-0035292;00-0038125;00-0033547;00-0032637;00-0031254;00-0036181;00-0036416;00-0033132;00-0035643;00-0032146;00-0034662,David Long Jr.;Roger McCreary;Zach Cunningham;Andrew Adams;Denico Autry;Teair Tart;Kristian Fulton;Kevin Byard;Jeffery Simmons;Bud Dupree;Joshua Kalu
2022_09_TEN_KC,2289,pass,12.0,75.0,63.0,19.0,11:54,11:35,,9.0,14.0,2.0,10.0,"3 DL, 3 LB, 5 DB",;;;;;;;;;;,11,6,4,MAN_COVERAGE,COVER_1,False,00-0034272;00-0032391;00-0034752;00-0030506;00-0036623;00-0033873;00-0036660;00-0036637;00-0037197;00-0035140;00-0033831,Marquez Valdes-Scantling;Joe Thuney;Orlando Brown;Travis Kelce;Creed Humphrey;Patrick Mahomes;Trey Smith;Noah Gray;Isiah Pacheco;Mecole Hardman;Andrew Wylie,00-0035292;00-0038125;00-0033547;00-0032265;00-0031097;00-0032637;00-0031254;00-0036416;00-0033132;00-0035643;00-0032146,David Long Jr.;Roger McCreary;Zach Cunningham;Mario Edwards;Terrance Mitchell;Andrew Adams;Denico Autry;Kristian Fulton;Kevin Byard;Jeffery Simmons;Bud Dupree
2022_09_TEN_KC,2324,turnover,0.0,63.0,63.0,8.0,11:35,11:27,,9.0,14.0,1.0,10.0,"3 DL, 3 LB, 5 DB",;;;;;;;;;;,11,6,5,ZONE_COVERAGE,COVER_4,False,00-0034272;00-0032391;00-0034752;00-0033857;00-0030506;00-0036623;00-0033873;00-0036637;00-0036660;00-0037197;00-0033831,Marquez Valdes-Scantling;Joe Thuney;Orlando Brown;JuJu Smith-Schuster;Travis Kelce;Creed Humphrey;Patrick Mahomes;Noah Gray;Trey Smith;Isiah Pacheco;Andrew Wylie,00-0035292;00-0038125;00-0033547;00-0032637;00-0031254;00-0036181;00-0036416;00-0033132;00-0035643;00-0032146;00-0034662,David Long Jr.;Roger McCreary;Zach Cunningham;Andrew Adams;Denico Autry;Teair Tart;Kristian Fulton;Kevin Byard;Jeffery Simmons;Bud Dupree;Joshua Kalu
2022_09_TEN_KC,2350,pass,0.0,34.0,34.0,5.0,11:27,11:22,,9.0,14.0,1.0,10.0,"4 DL, 3 LB, 4 DB",;;;;;;;;;;,11,8,7,MAN_COVERAGE,COVER_1,False,00-0029413;00-0032764;00-0037754;00-0036171;00-0036619;00-0037809;00-0036182;00-0038128;00-0035649;00-0035300;00-0032141,Ben Jones;Derrick Henry;Nicholas Petit-Frere;Aaron Brewer;Dillon Radunz;Chig Okonkwo;Nick Westbrook-Ikhine;Malik Willis;Nate Davis;Dennis Daley;Geoff Swaim,00-0036374;00-0035625;00-0037819;00-0036621;00-0037191;00-0036362;00-0034361;00-0035656;00-0032762;00-0036682;00-0037192,L'Jarius Sneed;Juan Thornhill;Leo Chenal;Nick Bolton;Trent McDuffie;Willie Gay Jr.;Justin Reid;Khalen Saunders;Chris Jones;Malik Herring;George Karlaftis
2022_09_TEN_KC,2374,run,5.0,34.0,29.0,45.0,11:22,10:37,,9.0,14.0,2.0,10.0,"4 DL, 3 LB, 4 DB",;;;;;;;;;;,11,8,,,,,00-0029413;00-0037754;00-0032764;00-0036171;00-0032392;00-0037809;00-0036182;00-0038128;00-0035649;00-0035300;00-0032141,Ben Jones;Nicholas Petit-Frere;Derrick Henry;Aaron Brewer;Austin Hooper;Chig Okonkwo;Nick Westbrook-Ikhine;Malik Willis;Nate Davis;Dennis Daley;Geoff Swaim,00-0036374;00-0035625;00-0037819;00-0036621;00-0037191;00-0036362;00-0034361;00-0035656;00-0032762;00-0036682;00-0037192,L'Jarius Sneed;Juan Thornhill;Leo Chenal;Nick Bolton;Trent McDuffie;Willie Gay Jr.;Justin Reid;Khalen Saunders;Chris Jones;Malik Herring;George Karlaftis
2022_09_TEN_KC,2395,run,3.0,29.0,26.0,34.0,10:37,10:03,,9.0,14.0,3.0,5.0,"3 DL, 3 LB, 5 DB",;;;;;;;;;;,11,6,,,,,00-0033386;00-0029413;00-0037754;00-0036171;00-0034253;00-0032392;00-0036182;00-0030431;00-0038128;00-0035649;00-0035300,Cody Hollister;Ben Jones;Nicholas Petit-Frere;Aaron Brewer;Dontrell Hilliard;Austin Hooper;Nick Westbrook-Ikhine;Robert Woods;Malik Willis;Nate Davis;Dennis Daley,00-0036374;00-0027662;00-0035625;00-0038043;00-0036378;00-0036621;00-0037191;00-0036362;00-0034361;00-0032762;00-0037192,L'Jarius Sneed;Carlos Dunlap;Juan Thornhill;Joshua Williams;Michael Danna;Nick Bolton;Trent McDuffie;Willie Gay Jr.;Justin Reid;Chris Jones;George Karlaftis
2022_09_TEN_KC,2416,field_goal,0.0,26.0,26.0,5.0,10:03,9:58,,9.0,17.0,4.0,2.0,,;;;;;;;;;;,11,,,,,,00-0029421;00-0037754;00-0033793;00-0036171;00-0033065;00-0036181;00-0027557;00-0035649;00-0035300;00-0037607;00-0032141,Randy Bullock;Nicholas Petit-Frere;Corey Levin;Aaron Brewer;Le'Raven Clark;Teair Tart;Morgan Cox;Nate Davis;Dennis Daley;Ryan Stonehouse;Geoff Swaim,00-0034818;00-0035157;00-0034145;00-0037819;00-0038043;00-0036621;00-0032774;00-0034361;00-0035656;00-0036682;00-0037192,Derrick Nnadi;Darius Harris;Chris Lammons;Leo Chenal;Joshua Williams;Nick Bolton;Deon Bush;Justin Reid;Khalen Saunders;Malik Herring;George Karlaftis
2022_09_TEN_KC,2435,kickoff,0.0,35.0,35.0,4.0,9:58,9:54,,9.0,17.0,,0.0,,;;;;;;;;;;,11,,,,,,00-0033386;00-0029421;00-0037617;00-0034253;00-0033765;00-0037593;00-0034193;00-0037000;00-0035244;00-0033659;00-0034662,Cody Hollister;Randy Bullock;Hassan Haskins;Dontrell Hilliard;Dylan Cole;Tre Avery;Kevin Rader;Monty Rice;Lonnie Johnson;Joe Jones;Joshua Kalu,00-0034145;00-0037819;00-0031376;00-0031595;00-0037195;00-0032774;00-0036637;00-0033481;00-0037197;00-0037208;00-0037193,Chris Lammons;Leo Chenal;Jerick McKinnon;Michael Burton;Jaylen Watson;Deon Bush;Noah Gray;Marcus Kemp;Isiah Pacheco;Jack Cochrane;Bryan Cook
2022_09_TEN_KC,2457,no_play,0.0,84.0,84.0,8.0,9:54,9:46,,9.0,17.0,1.0,10.0,"3 DL, 3 LB, 5 DB",;;;;;;;;;;,11,6,,,,,00-0034272;00-0032391;00-0034752;00-0033857;00-0030506;00-0036623;00-0033873;00-0038090;00-0036660;00-0036360;00-0033831,Marquez Valdes-Scantling;Joe Thuney;Orlando Brown;JuJu Smith-Schuster;Travis Kelce;Creed Humphrey;Patrick Mahomes;Skyy Moore;Trey Smith;Clyde Edwards-Helaire;Andrew Wylie,00-0035292;00-0038125;00-0033547;00-0032637;00-0031254;00-0036181;00-0036416;00-0033132;00-0035643;00-0032146;00-0034662,David Long Jr.;Roger McCreary;Zach Cunningham;Andrew Adams;Denico Autry;Teair Tart;Kristian Fulton;Kevin Byard;Jeffery Simmons;Bud Dupree;Joshua Kalu
2022_09_TEN_KC,2490,pass,0.0,79.0,79.0,6.0,9:46,9:40,,9.0,17.0,1.0,10.0,"3 DL, 3 LB, 5 DB",;;;;;;;;;;,11,7,4,ZONE_COVERAGE,COVER_4,True,00-0034272;00-0032391;00-0034752;00-0033857;00-0030506;00-0036623;00-0033873;00-0036660;00-0038090;00-0036360;00-0033831,Marquez Valdes-Scantling;Joe Thuney;Orlando Brown;JuJu Smith-Schuster;Travis Kelce;Creed Humphrey;Patrick Mahomes;Trey Smith;Skyy Moore;Clyde Edwards-Helaire;Andrew Wylie,00-0035292;00-0038125;00-0033547;00-0032637;00-0031254;00-0036181;00-0036416;00-0033132;00-0035643;00-0032146;00-0034662,David Long Jr.;Roger McCreary;Zach Cunningham;Andrew Adams;Denico Autry;Teair Tart;Kristian Fulton;Kevin Byard;Jeffery Simmons;Bud Dupree;Joshua Kalu
2022_09_TEN_KC,2512,pass,9.0,79.0,70.0,43.0,9:40,8:57,,9.0,17.0,2.0,10.0,"3 DL, 3 LB, 5 DB",;;;;;;;;;;,11,6,5,ZONE_COVERAGE,COVER_4,False,00-0032391;00-0034752;00-0033857;00-0030506;00-0036623;00-0033873;00-0036637;00-0036660;00-0036360;00-0033831;00-0035140,Joe Thuney;Orlando Brown;JuJu Smith-Schuster;Travis Kelce;Creed Humphrey;Patrick Mahomes;Noah Gray;Trey Smith;Clyde Edwards-Helaire;Andrew Wylie;Mecole Hardman,00-0035292;00-0038125;00-0033547;00-0032265;00-0031097;00-0032637;00-0031254;00-0036416;00-0033132;00-0035643;00-0032146,David Long Jr.;Roger McCreary;Zach Cunningham;Mario Edwards;Terrance Mitchell;Andrew Adams;Denico Autry;Kristian Fulton;Kevin Byard;Jeffery Simmons;Bud Dupree
2022_09_TEN_KC,2536,pass,14.0,70.0,56.0,38.0,8:57,8:19,,9.0,17.0,3.0,1.0,"3 DL, 3 LB, 5 DB",;;;;;;;;;;,11,8,4,MAN_COVERAGE,COVER_1,True,00-0034386;00-0032391;00-0034752;00-0030506;00-0036623;00-0033873;00-0036637;00-0036660;00-0036360;00-0033831;00-0035140,Justin Watson;Joe Thuney;Orlando Brown;Travis Kelce;Creed Humphrey;Patrick Mahomes;Noah Gray;Trey Smith;Clyde Edwards-Helaire;Andrew Wylie;Mecole Hardman,00-0035292;00-0038125;00-0033547;00-0032637;00-0031254;00-0036181;00-0036416;00-0033132;00-0035643;00-0032146;00-0034662,David Long Jr.;Roger McCreary;Zach Cunningham;Andrew Adams;Denico Autry;Teair Tart;Kristian Fulton;Kevin Byard;Jeffery Simmons;Bud Dupree;Joshua Kalu
2022_09_TEN_KC,2560,run,3.0,56.0,53.0,40.0,8:19,7:39,,9.0,17.0,1.0,10.0,"3 DL, 3 LB, 5 DB",;;;;;;;;;;,11,7,,,,,00-0034386;00-0032391;00-0034752;00-0030506;00-0036623;00-0033873;00-0036660;00-0036637;00-0036360;00-0033831;00-0035140,Justin Watson;Joe Thuney;Orlando Brown;Travis Kelce;Creed Humphrey;Patrick Mahomes;Trey Smith;Noah Gray;Clyde Edwards-Helaire;Andrew Wylie;Mecole Hardman,00-0035292;00-0038125;00-0033547;00-0032265;00-0036695;00-0032637;00-0036416;00-0033132;00-0035643;00-0036938;00-0034662,David Long Jr.;Roger McCreary;Zach Cunningham;Mario Edwards;Naquan Jones;Andrew Adams;Kristian Fulton;Kevin Byard;Jeffery Simmons;Rashad Weaver;Joshua Kalu
2022_09_TEN_KC,2581,pass,5.0,53.0,48.0,39.0,7:39,7:00,,9.0,17.0,2.0,7.0,"3 DL, 3 LB, 5 DB",;;;;;;;;;;,11,7,4,ZONE_COVERAGE,COVER_4,False,00-0034272;00-0032391;00-0034752;00-0033857;00-0030506;00-0036623;00-0033873;00-0036637;00-0036660;00-0036360;00-0033831,Marquez Valdes-Scantling;Joe Thuney;Orlando Brown;JuJu Smith-Schuster;Travis Kelce;Creed Humphrey;Patrick Mahomes;Noah Gray;Trey Smith;Clyde Edwards-Helaire;Andrew Wylie,00-0035292;00-0038125;00-0033547;00-0032265;00-0036695;00-0032637;00-0036416;00-0033132;00-0035643;00-0036938;00-0034662,David Long Jr.;Roger McCreary;Zach Cunningham;Mario Edwards;Naquan Jones;Andrew Adams;Kristian Fulton;Kevin Byard;Jeffery Simmons;Rashad Weaver;Joshua Kalu
2022_09_TEN_KC,2605,pass,17.0,48.0,31.0,46.0,7:00,6:14,,9.0,17.0,3.0,2.0,"3 DL, 3 LB, 5 DB",;;;;;;;;;;,11,6,4,ZONE_COVERAGE,COVER_2,False,00-0034386;00-0032391;00-0034752;00-0033857;00-0030506;00-0031376;00-0036623;00-0033873;00-0036660;00-0035140;00-0033831,Justin Watson;Joe Thuney;Orlando Brown;JuJu Smith-Schuster;Travis Kelce;Jerick McKinnon;Creed Humphrey;Patrick Mahomes;Trey Smith;Mecole Hardman;Andrew Wylie,00-0035292;00-0038125;00-0033547;00-0032265;00-0036695;00-0032637;00-0036416;00-0033132;00-0035643;00-0036938;00-0034662,David Long Jr.;Roger McCreary;Zach Cunningham;Mario Edwards;Naquan Jones;Andrew Adams;Kristian Fulton;Kevin Byard;Jeffery Simmons;Rashad Weaver;Joshua Kalu
2022_09_TEN_KC,2629,pass,2.0,31.0,29.0,39.0,6:14,5:35,,9.0,17.0,1.0,10.0,"3 DL, 3 LB, 5 DB",;;;;;;;;;;,11,6,4,ZONE_COVERAGE,COVER_4,False,00-0034272;00-0032391;00-0034752;00-0030506;00-0031376;00-0036623;00-0033873;00-0036637;00-0036660;00-0035140;00-0033831,Marquez Valdes-Scantling;Joe Thuney;Orlando Brown;Travis Kelce;Jerick McKinnon;Creed Humphrey;Patrick Mahomes;Noah Gray;Trey Smith;Mecole Hardman;Andrew Wylie,00-0035292;00-0038125;00-0036237;00-0032265;00-0033765;00-0032637;00-0036416;00-0033132;00-0036938;00-0034662;00-0033782,David Long Jr.;Roger McCreary;Larrell Murchison;Mario Edwards;Dylan Cole;Andrew Adams;Kristian Fulton;Kevin Byard;Rashad Weaver;Joshua Kalu;DeMarcus Walker
2022_09_TEN_KC,2653,pass,0.0,29.0,29.0,8.0,5:35,5:27,,9.0,17.0,2.0,8.0,"3 DL, 3 LB, 5 DB",;;;;;;;;;;,11,6,4,ZONE_COVERAGE,COVER_2,True,00-0034272;00-0032391;00-0034752;00-0030506;00-0036623;00-0033873;00-0036637;00-0036660;00-0036360;00-0035140;00-0033831,Marquez Valdes-Scantling;Joe Thuney;Orlando Brown;Travis Kelce;Creed Humphrey;Patrick Mahomes;Noah Gray;Trey Smith;Clyde Edwards-Helaire;Mecole Hardman;Andrew Wylie,00-0035292;00-0038125;00-0036237;00-0033765;00-0032637;00-0031254;00-0036416;00-0033132;00-0036938;00-0034662;00-0033782,David Long Jr.;Roger McCreary;Larrell Murchison;Dylan Cole;Andrew Adams;Denico Autry;Kristian Fulton;Kevin Byard;Rashad Weaver;Joshua Kalu;DeMarcus Walker
2022_09_TEN_KC,2675,pass,0.0,29.0,29.0,6.0,5:27,5:21,,9.0,17.0,3.0,8.0,"3 DL, 2 LB, 6 DB",;;;;;;;;;;,11,5,4,MAN_COVERAGE,COVER_1,True,00-0034272;00-0034386;00-0032391;00-0034752;00-0033857;00-0030506;00-0036623;00-0033873;00-0036660;00-0036360;00-0033831,Marquez Valdes-Scantling;Justin Watson;Joe Thuney;Orlando Brown;JuJu Smith-Schuster;Travis Kelce;Creed Humphrey;Patrick Mahomes;Trey Smith;Clyde Edwards-Helaire;Andrew Wylie,00-0035292;00-0038125;00-0032265;00-0031097;00-0032637;00-0031254;00-0036416;00-0033132;00-0035643;00-0036938;00-0035244,David Long Jr.;Roger McCreary;Mario Edwards;Terrance Mitchell;Andrew Adams;Denico Autry;Kristian Fulton;Kevin Byard;Jeffery Simmons;Rashad Weaver;Lonnie Johnson
2022_09_TEN_KC,2697,field_goal,0.0,29.0,29.0,4.0,5:21,5:17,,9.0,17.0,4.0,8.0,,;;;;;;;;;,10,,,,,,00-0030615;00-0034752;00-0036230;00-0036623;00-0033303;00-0036637;00-0036660;00-0035889;00-0033831;00-0034817;00-0035149,James Winchester;Orlando Brown;Prince Tega Wanogho;Creed Humphrey;Harrison Butker;Noah Gray;Trey Smith;Tommy Townsend;Andrew Wylie;Geron Christian;Nick Allegretti,00-0036237;00-0032265;00-0033765;00-0036615;00-0032637;00-0031254;00-0035643;00-0036938;00-0033659;00-0034662,Larrell Murchison;Mario Edwards;Dylan Cole;Caleb Farley;Andrew Adams;Denico Autry;Jeffery Simmons;Rashad Weaver;Joe Jones;Joshua Kalu
2022_09_TEN_KC,2718,no_play,0.0,63.0,63.0,22.0,5:17,4:55,,9.0,17.0,1.0,10.0,"3 DL, 4 LB, 4 DB",;;;;;;;;;;,11,7,,,,,00-0029413;00-0032764;00-0037754;00-0036171;00-0034193;00-0036182;00-0030431;00-0038128;00-0035649;00-0035300;00-0032141,Ben Jones;Derrick Henry;Nicholas Petit-Frere;Aaron Brewer;Kevin Rader;Nick Westbrook-Ikhine;Robert Woods;Malik Willis;Nate Davis;Dennis Daley;Geoff Swaim,00-0034818;00-0036374;00-0027662;00-0035625;00-0037819;00-0036378;00-0036621;00-0037191;00-0036362;00-0034361;00-0032762,Derrick Nnadi;L'Jarius Sneed;Carlos Dunlap;Juan Thornhill;Leo Chenal;Michael Danna;Nick Bolton;Trent McDuffie;Willie Gay Jr.;Justin Reid;Chris Jones
2022_09_TEN_KC,2750,run,4.0,73.0,69.0,38.0,4:55,4:17,,9.0,17.0,1.0,20.0,"3 DL, 3 LB, 5 DB",;;;;;;;;;;,11,7,,,,,00-0033386;00-0029413;00-0037754;00-0036171;00-0034253;00-0036182;00-0030431;00-0038128;00-0035649;00-0035300;00-0032141,Cody Hollister;Ben Jones;Nicholas Petit-Frere;Aaron Brewer;Dontrell Hilliard;Nick Westbrook-Ikhine;Robert Woods;Malik Willis;Nate Davis;Dennis Daley;Geoff Swaim,00-0034818;00-0036374;00-0027662;00-0035625;00-0038043;00-0036378;00-0036621;00-0037191;00-0036362;00-0034361;00-0032762,Derrick Nnadi;L'Jarius Sneed;Carlos Dunlap;Juan Thornhill;Joshua Williams;Michael Danna;Nick Bolton;Trent McDuffie;Willie Gay Jr.;Justin Reid;Chris Jones
2022_09_TEN_KC,2771,run,2.0,69.0,67.0,43.0,4:17,3:34,,9.0,17.0,2.0,16.0,"3 DL, 3 LB, 5 DB",;;;;;;;;;;,11,6,6,,,,00-0033386;00-0029413;00-0037754;00-0036171;00-0034253;00-0036182;00-0030431;00-0038128;00-0035649;00-0035300;00-0032141,Cody Hollister;Ben Jones;Nicholas Petit-Frere;Aaron Brewer;Dontrell Hilliard;Nick Westbrook-Ikhine;Robert Woods;Malik Willis;Nate Davis;Dennis Daley;Geoff Swaim,00-0034818;00-0036374;00-0027662;00-0035625;00-0038043;00-0036378;00-0036621;00-0037191;00-0036362;00-0034361;00-0032762,Derrick Nnadi;L'Jarius Sneed;Carlos Dunlap;Juan Thornhill;Joshua Williams;Michael Danna;Nick Bolton;Trent McDuffie;Willie Gay Jr.;Justin Reid;Chris Jones
2022_09_TEN_KC,2792,pass,2.0,67.0,65.0,31.0,3:34,3:03,,9.0,17.0,3.0,14.0,"3 DL, 2 LB, 6 DB",;;;;;;;;;;,11,5,4,ZONE_COVERAGE,COVER_4,False,00-0033386;00-0037617;00-0029413;00-0037754;00-0036171;00-0032392;00-0036182;00-0030431;00-0038128;00-0035649;00-0035300,Cody Hollister;Hassan Haskins;Ben Jones;Nicholas Petit-Frere;Aaron Brewer;Austin Hooper;Nick Westbrook-Ikhine;Robert Woods;Malik Willis;Nate Davis;Dennis Daley,00-0036374;00-0027662;00-0035625;00-0038043;00-0036378;00-0036621;00-0037191;00-0034361;00-0032762;00-0037192;00-0037193,L'Jarius Sneed;Carlos Dunlap;Juan Thornhill;Joshua Williams;Michael Danna;Nick Bolton;Trent McDuffie;Justin Reid;Chris Jones;George Karlaftis;Bryan Cook
2022_09_TEN_KC,2816,punt,0.0,65.0,65.0,10.0,3:03,2:53,,9.0,17.0,4.0,12.0,,;;;;;;;;;;,11,,,,,,00-0037617;00-0034253;00-0033765;00-0037593;00-0034193;00-0037809;00-0037000;00-0027557;00-0037607;00-0035244;00-0033659,Hassan Haskins;Dontrell Hilliard;Dylan Cole;Tre Avery;Kevin Rader;Chig Okonkwo;Monty Rice;Morgan Cox;Ryan Stonehouse;Lonnie Johnson;Joe Jones,00-0036374;00-0035157;00-0034145;00-0037819;00-0038043;00-0032774;00-0036637;00-0033481;00-0037208;00-0037193;00-0035140,L'Jarius Sneed;Darius Harris;Chris Lammons;Leo Chenal;Joshua Williams;Deon Bush;Noah Gray;Marcus Kemp;Jack Cochrane;Bryan Cook;Mecole Hardman
2022_09_TEN_KC,2846,pass,14.0,60.0,46.0,34.0,2:53,2:19,,9.0,17.0,1.0,10.0,"3 DL, 3 LB, 5 DB",;;;;;;;;;;,11,6,4,ZONE_COVERAGE,COVER_2,False,00-0034272;00-0032391;00-0034752;00-0030506;00-0031376;00-0036623;00-0033873;00-0036637;00-0036660;00-0035140;00-0033831,Marquez Valdes-Scantling;Joe Thuney;Orlando Brown;Travis Kelce;Jerick McKinnon;Creed Humphrey;Patrick Mahomes;Noah Gray;Trey Smith;Mecole Hardman;Andrew Wylie,00-0035292;00-0038125;00-0032637;00-0031254;00-0036181;00-0037000;00-0036416;00-0033132;00-0036938;00-0034662;00-0033782,David Long Jr.;Roger McCreary;Andrew Adams;Denico Autry;Teair Tart;Monty Rice;Kristian Fulton;Kevin Byard;Rashad Weaver;Joshua Kalu;DeMarcus Walker
2022_09_TEN_KC,2875,pass,0.0,46.0,46.0,40.0,2:19,1:39,,9.0,17.0,1.0,10.0,"3 DL, 3 LB, 5 DB",;;;;;;;;;;,11,5,3,ZONE_COVERAGE,COVER_4,False,00-0034272;00-0034386;00-0032391;00-0034752;00-0033857;00-0030506;00-0031376;00-0036623;00-0033873;00-0036660;00-0033831,Marquez Valdes-Scantling;Justin Watson;Joe Thuney;Orlando Brown;JuJu Smith-Schuster;Travis Kelce;Jerick McKinnon;Creed Humphrey;Patrick Mahomes;Trey Smith;Andrew Wylie,00-0035292;00-0038125;00-0032637;00-0031254;00-0036181;00-0037000;00-0036416;00-0033132;00-0036938;00-0034662;00-0033782,David Long Jr.;Roger McCreary;Andrew Adams;Denico Autry;Teair Tart;Monty Rice;Kristian Fulton;Kevin Byard;Rashad Weaver;Joshua Kalu;DeMarcus Walker
2022_09_TEN_KC,2899,pass,-6.0,46.0,52.0,43.0,1:39,0:56,,9.0,17.0,2.0,10.0,"3 DL, 3 LB, 5 DB",;;;;;;;;;;,11,6,4,,,,00-0034272;00-0032391;00-0034752;00-0033857;00-0031376;00-0036623;00-0033873;00-0036637;00-0036660;00-0035140;00-0033831,Marquez Valdes-Scantling;Joe Thuney;Orlando Brown;JuJu Smith-Schuster;Jerick McKinnon;Creed Humphrey;Patrick Mahomes;Noah Gray;Trey Smith;Mecole Hardman;Andrew Wylie,00-0035292;00-0038125;00-0032265;00-0031097;00-0032637;00-0031254;00-0037000;00-0036416;00-0033132;00-0035643;00-0036938,David Long Jr.;Roger McCreary;Mario Edwards;Terrance Mitchell;Andrew Adams;Denico Autry;Monty Rice;Kristian Fulton;Kevin Byard;Jeffery Simmons;Rashad Weaver
2022_09_TEN_KC,2918,pass,0.0,52.0,52.0,5.0,0:56,0:51,,9.0,17.0,3.0,16.0,"3 DL, 2 LB, 6 DB",;;;;;;;;;;,11,5,4,ZONE_COVERAGE,COVER_4,False,00-0034272;00-0032391;00-0034752;00-0033857;00-0030506;00-0031376;00-0036623;00-0033873;00-0036660;00-0033831;00-0035140,Marquez Valdes-Scantling;Joe Thuney;Orlando Brown;JuJu Smith-Schuster;Travis Kelce;Jerick McKinnon;Creed Humphrey;Patrick Mahomes;Trey Smith;Andrew Wylie;Mecole Hardman,00-0035292;00-0038125;00-0032265;00-0031097;00-0032637;00-0031254;00-0036416;00-0033132;00-0035643;00-0036938;00-0035244,David Long Jr.;Roger McCreary;Mario Edwards;Terrance Mitchell;Andrew Adams;Denico Autry;Kristian Fulton;Kevin Byard;Jeffery Simmons;Rashad Weaver;Lonnie Johnson
2022_09_TEN_KC,2940,punt,0.0,52.0,52.0,8.0,0:51,0:43,,9.0,17.0,4.0,16.0,,;;;;;;;;;;,11,,,,,,00-0030615;00-0035157;00-0034145;00-0037819;00-0031376;00-0031595;00-0035889;00-0036637;00-0033481;00-0037208;00-0037193,James Winchester;Darius Harris;Chris Lammons;Leo Chenal;Jerick McKinnon;Michael Burton;Tommy Townsend;Noah Gray;Marcus Kemp;Jack Cochrane;Bryan Cook,00-0036237;00-0032265;00-0033765;00-0036615;00-0036695;00-0032637;00-0037593;00-0030431;00-0033659;00-0034662;00-0033782,Larrell Murchison;Mario Edwards;Dylan Cole;Caleb Farley;Naquan Jones;Andrew Adams;Tre Avery;Robert Woods;Joe Jones;Joshua Kalu;DeMarcus Walker
2022_09_TEN_KC,2959,run,2.0,90.0,88.0,43.0,0:43,0:00,,9.0,17.0,1.0,10.0,"3 DL, 4 LB, 4 DB",;;;;;;;;;;,11,7,,,,,00-0029413;00-0032764;00-0037754;00-0036171;00-0034193;00-0036182;00-0030431;00-0038128;00-0035649;00-0035300;00-0032141,Ben Jones;Derrick Henry;Nicholas Petit-Frere;Aaron Brewer;Kevin Rader;Nick Westbrook-Ikhine;Robert Woods;Malik Willis;Nate Davis;Dennis Daley;Geoff Swaim,00-0036374;00-0027662;00-0035625;00-0037819;00-0036378;00-0036621;00-0037191;00-0036362;00-0034361;00-0035656;00-0032762,L'Jarius Sneed;Carlos Dunlap;Juan Thornhill;Leo Chenal;Michael Danna;Nick Bolton;Trent McDuffie;Willie Gay Jr.;Justin Reid;Khalen Saunders;Chris Jones
2022_09_TEN_KC,2980,start_quarter_4,,,,0.0,0:00,0:00,,9.0,17.0,,0.0,,,0,,,,,,,,,
2022_09_TEN_KC,2999,run,4.0,88.0,84.0,47.0,15:00,14:13,,9.0,17.0,2.0,8.0,"3 DL, 3 LB, 5 DB",;;;;;;;;;;,11,6,4,,,,00-0037617;00-0029413;00-0037754;00-0036171;00-0034253;00-0037809;00-0036182;00-0030431;00-0038128;00-0035649;00-0035300,Hassan Haskins;Ben Jones;Nicholas Petit-Frere;Aaron Brewer;Dontrell Hilliard;Chig Okonkwo;Nick Westbrook-Ikhine;Robert Woods;Malik Willis;Nate Davis;Dennis Daley,00-0036374;00-0027662;00-0035625;00-0036378;00-0036621;00-0037195;00-0037191;00-0036362;00-0034361;00-0035656;00-0032762,L'Jarius Sneed;Carlos Dunlap;Juan Thornhill;Michael Danna;Nick Bolton;Jaylen Watson;Trent McDuffie;Willie Gay Jr.;Justin Reid;Khalen Saunders;Chris Jones
2022_09_TEN_KC,3020,pass,0.0,84.0,84.0,0.0,14:13,14:13,,9.0,17.0,3.0,4.0,"3 DL, 3 LB, 5 DB",;;;;;;;;;;,11,5,5,MAN_COVERAGE,COVER_0,False,00-0033386;00-0029413;00-0037754;00-0036171;00-0034253;00-0032392;00-0036182;00-0030431;00-0038128;00-0035649;00-0035300,Cody Hollister;Ben Jones;Nicholas Petit-Frere;Aaron Brewer;Dontrell Hilliard;Austin Hooper;Nick Westbrook-Ikhine;Robert Woods;Malik Willis;Nate Davis;Dennis Daley,00-0036374;00-0027662;00-0035625;00-0036378;00-0036621;00-0037195;00-0037191;00-0036362;00-0034361;00-0032762;00-0037192,L'Jarius Sneed;Carlos Dunlap;Juan Thornhill;Michael Danna;Nick Bolton;Jaylen Watson;Trent McDuffie;Willie Gay Jr.;Justin Reid;Chris Jones;George Karlaftis
2022_09_TEN_KC,3031,timeout,0.0,,,4.0,14:13,14:09,TEN,9.0,17.0,,0.0,,,0,,,,,,,,,
2022_09_TEN_KC,3049,punt,0.0,84.0,84.0,13.0,14:09,13:56,,9.0,17.0,4.0,4.0,,;;;;;;;;;;,11,,,,,,00-0037617;00-0034253;00-0033765;00-0037593;00-0034193;00-0037809;00-0037000;00-0027557;00-0037607;00-0035244;00-0033659,Hassan Haskins;Dontrell Hilliard;Dylan Cole;Tre Avery;Kevin Rader;Chig Okonkwo;Monty Rice;Morgan Cox;Ryan Stonehouse;Lonnie Johnson;Joe Jones,00-0036374;00-0035157;00-0034145;00-0037819;00-0038043;00-0032774;00-0036637;00-0033481;00-0037208;00-0037193;00-0035140,L'Jarius Sneed;Darius Harris;Chris Lammons;Leo Chenal;Joshua Williams;Deon Bush;Noah Gray;Marcus Kemp;Jack Cochrane;Bryan Cook;Mecole Hardman
2022_09_TEN_KC,3090,run,1.0,89.0,88.0,40.0,13:56,13:16,,9.0,17.0,1.0,10.0,"4 DL, 2 LB, 5 DB",;;;;;;;;;;,11,6,4,,,,00-0034272;00-0032391;00-0034752;00-0033857;00-0030506;00-0031376;00-0036623;00-0033873;00-0036660;00-0035140;00-0033831,Marquez Valdes-Scantling;Joe Thuney;Orlando Brown;JuJu Smith-Schuster;Travis Kelce;Jerick McKinnon;Creed Humphrey;Patrick Mahomes;Trey Smith;Mecole Hardman;Andrew Wylie,00-0035292;00-0038125;00-0032265;00-0032637;00-0031254;00-0036181;00-0037000;00-0036416;00-0033132;00-0035643;00-0034662,David Long Jr.;Roger McCreary;Mario Edwards;Andrew Adams;Denico Autry;Teair Tart;Monty Rice;Kristian Fulton;Kevin Byard;Jeffery Simmons;Joshua Kalu
2022_09_TEN_KC,3121,pass,0.0,88.0,88.0,3.0,13:16,13:13,,9.0,17.0,2.0,9.0,"4 DL, 2 LB, 5 DB",;;;;;;;;;;,11,7,5,ZONE_COVERAGE,COVER_3,True,00-0034386;00-0032391;00-0034752;00-0030506;00-0031376;00-0036623;00-0033873;00-0036637;00-0036660;00-0033831;00-0035140,Justin Watson;Joe Thuney;Orlando Brown;Travis Kelce;Jerick McKinnon;Creed Humphrey;Patrick Mahomes;Noah Gray;Trey Smith;Andrew Wylie;Mecole Hardman,00-0035292;00-0038125;00-0032265;00-0032637;00-0031254;00-0036181;00-0037000;00-0036416;00-0033132;00-0035643;00-0034662,David Long Jr.;Roger McCreary;Mario Edwards;Andrew Adams;Denico Autry;Teair Tart;Monty Rice;Kristian Fulton;Kevin Byard;Jeffery Simmons;Joshua Kalu
2022_09_TEN_KC,3143,pass,0.0,88.0,88.0,9.0,13:13,13:04,,9.0,17.0,3.0,9.0,"3 DL, 2 LB, 6 DB",;;;;;;;;;;,11,5,4,MAN_COVERAGE,COVER_1,False,00-0034272;00-0032391;00-0034752;00-0033857;00-0030506;00-0031376;00-0036623;00-0033873;00-0036660;00-0038090;00-0033831,Marquez Valdes-Scantling;Joe Thuney;Orlando Brown;JuJu Smith-Schuster;Travis Kelce;Jerick McKinnon;Creed Humphrey;Patrick Mahomes;Trey Smith;Skyy Moore;Andrew Wylie,00-0035292;00-0038125;00-0032265;00-0031097;00-0032637;00-0031254;00-0036416;00-0033132;00-0035643;00-0036938;00-0035244,David Long Jr.;Roger McCreary;Mario Edwards;Terrance Mitchell;Andrew Adams;Denico Autry;Kristian Fulton;Kevin Byard;Jeffery Simmons;Rashad Weaver;Lonnie Johnson
2022_09_TEN_KC,3165,punt,0.0,88.0,88.0,9.0,13:04,12:55,,9.0,17.0,4.0,9.0,,;;;;;;;;;;,11,,,,,,00-0030615;00-0035157;00-0034145;00-0037819;00-0031376;00-0031595;00-0036637;00-0035889;00-0033481;00-0037208;00-0037193,James Winchester;Darius Harris;Chris Lammons;Leo Chenal;Jerick McKinnon;Michael Burton;Noah Gray;Tommy Townsend;Marcus Kemp;Jack Cochrane;Bryan Cook,00-0033386;00-0038125;00-0037617;00-0034253;00-0033765;00-0036615;00-0037593;00-0034193;00-0037000;00-0030431;00-0033659,Cody Hollister;Roger McCreary;Hassan Haskins;Dontrell Hilliard;Dylan Cole;Caleb Farley;Tre Avery;Kevin Rader;Monty Rice;Robert Woods;Joe Jones
2022_09_TEN_KC,3204,run,4.0,50.0,46.0,37.0,12:55,12:18,,9.0,17.0,1.0,10.0,"4 DL, 3 LB, 4 DB",;;;;;;;;;;,11,7,,,,,00-0029413;00-0037754;00-0032764;00-0036171;00-0032392;00-0034193;00-0032128;00-0038128;00-0035649;00-0035300;00-0032141,Ben Jones;Nicholas Petit-Frere;Derrick Henry;Aaron Brewer;Austin Hooper;Kevin Rader;Chris Conley;Malik Willis;Nate Davis;Dennis Daley;Geoff Swaim,00-0034818;00-0036374;00-0035625;00-0037819;00-0036378;00-0036621;00-0037191;00-0036362;00-0034361;00-0032762;00-0037192,Derrick Nnadi;L'Jarius Sneed;Juan Thornhill;Leo Chenal;Michael Danna;Nick Bolton;Trent McDuffie;Willie Gay Jr.;Justin Reid;Chris Jones;George Karlaftis
2022_09_TEN_KC,3225,run,7.0,46.0,39.0,41.0,12:18,11:37,,9.0,17.0,2.0,6.0,"4 DL, 3 LB, 4 DB",;;;;;;;;;;,11,7,,,,,00-0029413;00-0032764;00-0037754;00-0036171;00-0032392;00-0037809;00-0032128;00-0038128;00-0035649;00-0035300;00-0032141,Ben Jones;Derrick Henry;Nicholas Petit-Frere;Aaron Brewer;Austin Hooper;Chig Okonkwo;Chris Conley;Malik Willis;Nate Davis;Dennis Daley;Geoff Swaim,00-0034818;00-0036374;00-0035625;00-0037819;00-0036378;00-0036621;00-0037191;00-0036362;00-0034361;00-0032762;00-0037192,Derrick Nnadi;L'Jarius Sneed;Juan Thornhill;Leo Chenal;Michael Danna;Nick Bolton;Trent McDuffie;Willie Gay Jr.;Justin Reid;Chris Jones;George Karlaftis
2022_09_TEN_KC,3246,run,1.0,39.0,38.0,46.0,11:37,10:51,,9.0,17.0,1.0,10.0,"4 DL, 2 LB, 5 DB",;;;;;;;;;;,11,7,,,,,00-0033386;00-0029413;00-0037754;00-0032764;00-0036171;00-0036182;00-0030431;00-0038128;00-0035649;00-0035300;00-0032141,Cody Hollister;Ben Jones;Nicholas Petit-Frere;Derrick Henry;Aaron Brewer;Nick Westbrook-Ikhine;Robert Woods;Malik Willis;Nate Davis;Dennis Daley;Geoff Swaim,00-0034818;00-0036374;00-0035625;00-0036378;00-0036621;00-0037195;00-0037191;00-0036362;00-0034361;00-0032762;00-0037192,Derrick Nnadi;L'Jarius Sneed;Juan Thornhill;Michael Danna;Nick Bolton;Jaylen Watson;Trent McDuffie;Willie Gay Jr.;Justin Reid;Chris Jones;George Karlaftis
2022_09_TEN_KC,3267,pass,0.0,38.0,38.0,7.0,10:51,10:44,,9.0,17.0,2.0,9.0,"4 DL, 3 LB, 4 DB",;;;;;;;;;;,11,7,6,MAN_COVERAGE,COVER_0,False,00-0029413;00-0032764;00-0037754;00-0036171;00-0032392;00-0037809;00-0036182;00-0030431;00-0038128;00-0035649;00-0035300,Ben Jones;Derrick Henry;Nicholas Petit-Frere;Aaron Brewer;Austin Hooper;Chig Okonkwo;Nick Westbrook-Ikhine;Robert Woods;Malik Willis;Nate Davis;Dennis Daley,00-0034818;00-0036374;00-0035625;00-0037819;00-0036378;00-0036621;00-0037191;00-0036362;00-0034361;00-0032762;00-0037192,Derrick Nnadi;L'Jarius Sneed;Juan Thornhill;Leo Chenal;Michael Danna;Nick Bolton;Trent McDuffie;Willie Gay Jr.;Justin Reid;Chris Jones;George Karlaftis
2022_09_TEN_KC,3289,pass,-4.0,38.0,42.0,43.0,10:44,10:01,,9.0,17.0,3.0,9.0,"3 DL, 2 LB, 6 DB",;;;;;;;;;;,11,6,4,ZONE_COVERAGE,COVER_2,False,00-0033386;00-0029413;00-0037754;00-0036171;00-0034253;00-0032392;00-0036182;00-0030431;00-0038128;00-0035649;00-0035300,Cody Hollister;Ben Jones;Nicholas Petit-Frere;Aaron Brewer;Dontrell Hilliard;Austin Hooper;Nick Westbrook-Ikhine;Robert Woods;Malik Willis;Nate Davis;Dennis Daley,00-0036374;00-0027662;00-0035625;00-0036378;00-0036621;00-0037195;00-0037191;00-0034361;00-0032762;00-0037192;00-0037193,L'Jarius Sneed;Carlos Dunlap;Juan Thornhill;Michael Danna;Nick Bolton;Jaylen Watson;Trent McDuffie;Justin Reid;Chris Jones;George Karlaftis;Bryan Cook
2022_09_TEN_KC,3313,punt,0.0,42.0,42.0,7.0,10:01,9:54,,9.0,17.0,4.0,13.0,,;;;;;;;;;;,11,,,,,,00-0033386;00-0037617;00-0034253;00-0033765;00-0037593;00-0034193;00-0037809;00-0037000;00-0027557;00-0037607;00-0033659,Cody Hollister;Hassan Haskins;Dontrell Hilliard;Dylan Cole;Tre Avery;Kevin Rader;Chig Okonkwo;Monty Rice;Morgan Cox;Ryan Stonehouse;Joe Jones,00-0036374;00-0035157;00-0034145;00-0037819;00-0038043;00-0032774;00-0036637;00-0033481;00-0037208;00-0037193;00-0035140,L'Jarius Sneed;Darius Harris;Chris Lammons;Leo Chenal;Joshua Williams;Deon Bush;Noah Gray;Marcus Kemp;Jack Cochrane;Bryan Cook;Mecole Hardman
2022_09_TEN_KC,3332,pass,12.0,93.0,81.0,32.0,9:54,9:22,,9.0,17.0,1.0,10.0,"3 DL, 3 LB, 5 DB",;;;;;;;;;;,11,6,4,ZONE_COVERAGE,COVER_2,False,00-0032391;00-0034752;00-0033857;00-0030506;00-0031376;00-0036623;00-0033873;00-0036660;00-0038090;00-0035140;00-0033831,Joe Thuney;Orlando Brown;JuJu Smith-Schuster;Travis Kelce;Jerick McKinnon;Creed Humphrey;Patrick Mahomes;Trey Smith;Skyy Moore;Mecole Hardman;Andrew Wylie,00-0035292;00-0038125;00-0033765;00-0032637;00-0031254;00-0036181;00-0036416;00-0033132;00-0035643;00-0036938;00-0034662,David Long Jr.;Roger McCreary;Dylan Cole;Andrew Adams;Denico Autry;Teair Tart;Kristian Fulton;Kevin Byard;Jeffery Simmons;Rashad Weaver;Joshua Kalu
2022_09_TEN_KC,3356,pass,6.0,81.0,75.0,41.0,9:22,8:41,,9.0,17.0,1.0,10.0,"3 DL, 3 LB, 5 DB",;;;;;;;;;;,11,7,4,ZONE_COVERAGE,COVER_4,False,00-0034272;00-0032391;00-0034752;00-0033857;00-0030506;00-0031376;00-0036623;00-0033873;00-0036660;00-0033831;00-0035140,Marquez Valdes-Scantling;Joe Thuney;Orlando Brown;JuJu Smith-Schuster;Travis Kelce;Jerick McKinnon;Creed Humphrey;Patrick Mahomes;Trey Smith;Andrew Wylie;Mecole Hardman,00-0035292;00-0038125;00-0033765;00-0032637;00-0031254;00-0036181;00-0036416;00-0033132;00-0035643;00-0036938;00-0034662,David Long Jr.;Roger McCreary;Dylan Cole;Andrew Adams;Denico Autry;Teair Tart;Kristian Fulton;Kevin Byard;Jeffery Simmons;Rashad Weaver;Joshua Kalu
2022_09_TEN_KC,3380,pass,13.0,75.0,62.0,46.0,8:41,7:55,,9.0,17.0,2.0,4.0,"3 DL, 3 LB, 5 DB",;;;;;;;;;;,11,7,4,ZONE_COVERAGE,COVER_4,True,00-0032391;00-0034752;00-0033857;00-0030506;00-0031376;00-0036623;00-0033873;00-0036637;00-0036660;00-0035140;00-0033831,Joe Thuney;Orlando Brown;JuJu Smith-Schuster;Travis Kelce;Jerick McKinnon;Creed Humphrey;Patrick Mahomes;Noah Gray;Trey Smith;Mecole Hardman;Andrew Wylie,00-0035292;00-0038125;00-0033765;00-0032637;00-0031254;00-0036181;00-0036416;00-0033132;00-0035643;00-0036938;00-0034662,David Long Jr.;Roger McCreary;Dylan Cole;Andrew Adams;Denico Autry;Teair Tart;Kristian Fulton;Kevin Byard;Jeffery Simmons;Rashad Weaver;Joshua Kalu
2022_09_TEN_KC,3404,pass,0.0,62.0,62.0,5.0,7:55,7:50,,9.0,17.0,1.0,10.0,"3 DL, 3 LB, 5 DB",;;;;;;;;;;,11,5,4,ZONE_COVERAGE,COVER_3,False,00-0034272;00-0032391;00-0034752;00-0033857;00-0030506;00-0031376;00-0036623;00-0033873;00-0036660;00-0035140;00-0033831,Marquez Valdes-Scantling;Joe Thuney;Orlando Brown;JuJu Smith-Schuster;Travis Kelce;Jerick McKinnon;Creed Humphrey;Patrick Mahomes;Trey Smith;Mecole Hardman;Andrew Wylie,00-0035292;00-0038125;00-0033765;00-0036695;00-0032637;00-0031254;00-0036416;00-0033132;00-0035643;00-0036938;00-0034662,David Long Jr.;Roger McCreary;Dylan Cole;Naquan Jones;Andrew Adams;Denico Autry;Kristian Fulton;Kevin Byard;Jeffery Simmons;Rashad Weaver;Joshua Kalu
2022_09_TEN_KC,3426,pass,-7.0,62.0,69.0,39.0,7:50,7:11,,9.0,17.0,2.0,10.0,"3 DL, 3 LB, 5 DB",;;;;;;;;;;,11,6,5,,,,00-0034272;00-0034386;00-0032391;00-0034752;00-0030506;00-0031376;00-0036623;00-0033873;00-0036660;00-0033831;00-0035140,Marquez Valdes-Scantling;Justin Watson;Joe Thuney;Orlando Brown;Travis Kelce;Jerick McKinnon;Creed Humphrey;Patrick Mahomes;Trey Smith;Andrew Wylie;Mecole Hardman,00-0035292;00-0038125;00-0033765;00-0032637;00-0031254;00-0036416;00-0033132;00-0035643;00-0036938;00-0034662;00-0033782,David Long Jr.;Roger McCreary;Dylan Cole;Andrew Adams;Denico Autry;Kristian Fulton;Kevin Byard;Jeffery Simmons;Rashad Weaver;Joshua Kalu;DeMarcus Walker
2022_09_TEN_KC,3445,run,20.0,69.0,49.0,47.0,7:11,6:24,,9.0,17.0,3.0,17.0,"3 DL, 2 LB, 6 DB",;;;;;;;;;;,11,3,4,,,,00-0034272;00-0032391;00-0034752;00-0033857;00-0030506;00-0031376;00-0036623;00-0033873;00-0036660;00-0033831;00-0035140,Marquez Valdes-Scantling;Joe Thuney;Orlando Brown;JuJu Smith-Schuster;Travis Kelce;Jerick McKinnon;Creed Humphrey;Patrick Mahomes;Trey Smith;Andrew Wylie;Mecole Hardman,00-0035292;00-0038125;00-0032265;00-0031097;00-0032637;00-0031254;00-0036416;00-0033132;00-0035643;00-0036938;00-0035244,David Long Jr.;Roger McCreary;Mario Edwards;Terrance Mitchell;Andrew Adams;Denico Autry;Kristian Fulton;Kevin Byard;Jeffery Simmons;Rashad Weaver;Lonnie Johnson
2022_09_TEN_KC,3466,pass,0.0,49.0,49.0,2.0,6:24,6:22,,9.0,17.0,1.0,10.0,"3 DL, 3 LB, 5 DB",;;;;;;;;;;,11,6,3,ZONE_COVERAGE,COVER_2,False,00-0034386;00-0032391;00-0034752;00-0033857;00-0031376;00-0036623;00-0033873;00-0036660;00-0038090;00-0036637;00-0033831,Justin Watson;Joe Thuney;Orlando Brown;JuJu Smith-Schuster;Jerick McKinnon;Creed Humphrey;Patrick Mahomes;Trey Smith;Skyy Moore;Noah Gray;Andrew Wylie,00-0035292;00-0038125;00-0032265;00-0033765;00-0032637;00-0036181;00-0036416;00-0033132;00-0036938;00-0034662;00-0033782,David Long Jr.;Roger McCreary;Mario Edwards;Dylan Cole;Andrew Adams;Teair Tart;Kristian Fulton;Kevin Byard;Rashad Weaver;Joshua Kalu;DeMarcus Walker
2022_09_TEN_KC,3500,pass,12.0,49.0,37.0,45.0,6:22,5:37,,9.0,17.0,2.0,10.0,"3 DL, 3 LB, 5 DB",;;;;;;;;;;,11,6,4,MAN_COVERAGE,COVER_1,False,00-0034272;00-0032391;00-0034752;00-0033857;00-0030506;00-0031376;00-0036623;00-0033873;00-0036637;00-0036660;00-0033831,Marquez Valdes-Scantling;Joe Thuney;Orlando Brown;JuJu Smith-Schuster;Travis Kelce;Jerick McKinnon;Creed Humphrey;Patrick Mahomes;Noah Gray;Trey Smith;Andrew Wylie,00-0035292;00-0038125;00-0032265;00-0033765;00-0031097;00-0032637;00-0036181;00-0036416;00-0033132;00-0036938;00-0033782,David Long Jr.;Roger McCreary;Mario Edwards;Dylan Cole;Terrance Mitchell;Andrew Adams;Teair Tart;Kristian Fulton;Kevin Byard;Rashad Weaver;DeMarcus Walker
2022_09_TEN_KC,3524,pass,11.0,37.0,26.0,35.0,5:37,5:02,,9.0,17.0,1.0,10.0,"3 DL, 3 LB, 5 DB",;;;;;;;;;;,11,4,4,ZONE_COVERAGE,COVER_2,False,00-0032391;00-0034752;00-0033857;00-0031376;00-0036623;00-0033873;00-0036637;00-0036660;00-0038090;00-0035140;00-0033831,Joe Thuney;Orlando Brown;JuJu Smith-Schuster;Jerick McKinnon;Creed Humphrey;Patrick Mahomes;Noah Gray;Trey Smith;Skyy Moore;Mecole Hardman;Andrew Wylie,00-0035292;00-0038125;00-0032265;00-0033765;00-0032637;00-0036181;00-0036416;00-0033132;00-0036938;00-0034662;00-0033782,David Long Jr.;Roger McCreary;Mario Edwards;Dylan Cole;Andrew Adams;Teair Tart;Kristian Fulton;Kevin Byard;Rashad Weaver;Joshua Kalu;DeMarcus Walker
2022_09_TEN_KC,3548,pass,11.0,26.0,15.0,33.0,5:02,4:29,,9.0,17.0,1.0,10.0,"4 DL, 2 LB, 5 DB",;;;;;;;;;;,11,6,4,ZONE_COVERAGE,COVER_4,False,00-0034272;00-0032391;00-0034752;00-0036913;00-0033857;00-0030506;00-0031376;00-0036623;00-0033873;00-0036660;00-0033831,Marquez Valdes-Scantling;Joe Thuney;Orlando Brown;Kadarius Toney;JuJu Smith-Schuster;Travis Kelce;Jerick McKinnon;Creed Humphrey;Patrick Mahomes;Trey Smith;Andrew Wylie,00-0035292;00-0038125;00-0032265;00-0033765;00-0032637;00-0031254;00-0036416;00-0033132;00-0035643;00-0034662;00-0033782,David Long Jr.;Roger McCreary;Mario Edwards;Dylan Cole;Andrew Adams;Denico Autry;Kristian Fulton;Kevin Byard;Jeffery Simmons;Joshua Kalu;DeMarcus Walker
2022_09_TEN_KC,3572,run,0.0,15.0,15.0,40.0,4:29,3:49,,9.0,17.0,1.0,10.0,"4 DL, 2 LB, 5 DB",;;;;;;;;;;,11,6,,,,,00-0034272;00-0032391;00-0034752;00-0033857;00-0030506;00-0031376;00-0036623;00-0033873;00-0036660;00-0035140;00-0033831,Marquez Valdes-Scantling;Joe Thuney;Orlando Brown;JuJu Smith-Schuster;Travis Kelce;Jerick McKinnon;Creed Humphrey;Patrick Mahomes;Trey Smith;Mecole Hardman;Andrew Wylie,00-0035292;00-0038125;00-0032265;00-0033765;00-0036695;00-0032637;00-0031254;00-0036416;00-0033132;00-0035643;00-0034662,David Long Jr.;Roger McCreary;Mario Edwards;Dylan Cole;Naquan Jones;Andrew Adams;Denico Autry;Kristian Fulton;Kevin Byard;Jeffery Simmons;Joshua Kalu
2022_09_TEN_KC,3593,pass,1.0,15.0,14.0,44.0,3:49,3:05,,9.0,17.0,2.0,10.0,"4 DL, 2 LB, 5 DB",;;;;;;;;;;,11,6,5,ZONE_COVERAGE,COVER_4,False,00-0034272;00-0032391;00-0034752;00-0033857;00-0030506;00-0031376;00-0036623;00-0033873;00-0036660;00-0035140;00-0033831,Marquez Valdes-Scantling;Joe Thuney;Orlando Brown;JuJu Smith-Schuster;Travis Kelce;Jerick McKinnon;Creed Humphrey;Patrick Mahomes;Trey Smith;Mecole Hardman;Andrew Wylie,00-0035292;00-0038125;00-0032265;00-0033765;00-0036695;00-0032637;00-0031254;00-0036416;00-0033132;00-0035643;00-0034662,David Long Jr.;Roger McCreary;Mario Edwards;Dylan Cole;Naquan Jones;Andrew Adams;Denico Autry;Kristian Fulton;Kevin Byard;Jeffery Simmons;Joshua Kalu
2022_09_TEN_KC,3617,run,14.0,14.0,0.0,9.0,3:05,2:56,,15.0,17.0,3.0,9.0,"3 DL, 2 LB, 6 DB",;;;;;;;;;;,11,4,4,,,,00-0034272;00-0032391;00-0034752;00-0033857;00-0030506;00-0031376;00-0036623;00-0033873;00-0036660;00-0033831;00-0035140,Marquez Valdes-Scantling;Joe Thuney;Orlando Brown;JuJu Smith-Schuster;Travis Kelce;Jerick McKinnon;Creed Humphrey;Patrick Mahomes;Trey Smith;Andrew Wylie;Mecole Hardman,00-0035292;00-0038125;00-0032265;00-0031097;00-0032637;00-0031254;00-0036416;00-0033132;00-0035643;00-0036938;00-0035244,David Long Jr.;Roger McCreary;Mario Edwards;Terrance Mitchell;Andrew Adams;Denico Autry;Kristian Fulton;Kevin Byard;Jeffery Simmons;Rashad Weaver;Lonnie Johnson
2022_09_TEN_KC,3639,no_play,,2.0,,0.0,2:56,2:56,,15.0,17.0,,0.0,"4 DL, 3 LB, 4 DB",;;;;;;;;;;,11,8,,,,,00-0034386;00-0032391;00-0034752;00-0030506;00-0031376;00-0036623;00-0033873;00-0036637;00-0036660;00-0035140;00-0033831,Justin Watson;Joe Thuney;Orlando Brown;Travis Kelce;Jerick McKinnon;Creed Humphrey;Patrick Mahomes;Noah Gray;Trey Smith;Mecole Hardman;Andrew Wylie,00-0035292;00-0038125;00-0032265;00-0033765;00-0036181;00-0036416;00-0033132;00-0035643;00-0033659;00-0034662;00-0033782,David Long Jr.;Roger McCreary;Mario Edwards;Dylan Cole;Teair Tart;Kristian Fulton;Kevin Byard;Jeffery Simmons;Joe Jones;Joshua Kalu;DeMarcus Walker
2022_09_TEN_KC,3664,no_play,0.0,2.0,2.0,0.0,2:56,2:56,,15.0,17.0,,0.0,"4 DL, 3 LB, 4 DB",;;;;;;;;;;,11,9,,,,,00-0034272;00-0032391;00-0034752;00-0030506;00-0031376;00-0036623;00-0033873;00-0036660;00-0038090;00-0036360;00-0033831,Marquez Valdes-Scantling;Joe Thuney;Orlando Brown;Travis Kelce;Jerick McKinnon;Creed Humphrey;Patrick Mahomes;Trey Smith;Skyy Moore;Clyde Edwards-Helaire;Andrew Wylie,00-0035292;00-0038125;00-0032265;00-0033765;00-0036181;00-0036416;00-0033132;00-0035643;00-0033659;00-0034662;00-0033782,David Long Jr.;Roger McCreary;Mario Edwards;Dylan Cole;Teair Tart;Kristian Fulton;Kevin Byard;Jeffery Simmons;Joe Jones;Joshua Kalu;DeMarcus Walker
2022_09_TEN_KC,3689,run,2.0,1.0,-1.0,0.0,2:56,2:56,,17.0,17.0,,0.0,"4 DL, 3 LB, 4 DB",;;;;;;;;;;,11,7,,,,,00-0034272;00-0032391;00-0034752;00-0033857;00-0030506;00-0031376;00-0036623;00-0033873;00-0036660;00-0035140;00-0033831,Marquez Valdes-Scantling;Joe Thuney;Orlando Brown;JuJu Smith-Schuster;Travis Kelce;Jerick McKinnon;Creed Humphrey;Patrick Mahomes;Trey Smith;Mecole Hardman;Andrew Wylie,00-0035292;00-0038125;00-0032265;00-0033765;00-0036181;00-0036416;00-0033132;00-0035643;00-0033659;00-0034662;00-0033782,David Long Jr.;Roger McCreary;Mario Edwards;Dylan Cole;Teair Tart;Kristian Fulton;Kevin Byard;Jeffery Simmons;Joe Jones;Joshua Kalu;DeMarcus Walker
2022_09_TEN_KC,3708,kickoff,0.0,35.0,35.0,4.0,2:56,2:52,,17.0,17.0,,0.0,,;;;;;;;;;;,11,,,,,,00-0034145;00-0038043;00-0031595;00-0037195;00-0032774;00-0033303;00-0036637;00-0033481;00-0037197;00-0037208;00-0037193,Chris Lammons;Joshua Williams;Michael Burton;Jaylen Watson;Deon Bush;Harrison Butker;Noah Gray;Marcus Kemp;Isiah Pacheco;Jack Cochrane;Bryan Cook,00-0033386;00-0037617;00-0034253;00-0033765;00-0037593;00-0034193;00-0037809;00-0037000;00-0033659;00-0035244;00-0034662,Cody Hollister;Hassan Haskins;Dontrell Hilliard;Dylan Cole;Tre Avery;Kevin Rader;Chig Okonkwo;Monty Rice;Joe Jones;Lonnie Johnson;Joshua Kalu
2022_09_TEN_KC,3742,run,2.0,83.0,81.0,33.0,2:52,2:19,,17.0,17.0,1.0,10.0,"3 DL, 4 LB, 4 DB",;;;;;;;;;;,11,8,,,,,00-0029413;00-0032764;00-0037754;00-0036171;00-0032392;00-0037809;00-0036182;00-0038128;00-0035649;00-0035300;00-0032141,Ben Jones;Derrick Henry;Nicholas Petit-Frere;Aaron Brewer;Austin Hooper;Chig Okonkwo;Nick Westbrook-Ikhine;Malik Willis;Nate Davis;Dennis Daley;Geoff Swaim,00-0036374;00-0027662;00-0035625;00-0037819;00-0036378;00-0036621;00-0037191;00-0036362;00-0034361;00-0035656;00-0032762,L'Jarius Sneed;Carlos Dunlap;Juan Thornhill;Leo Chenal;Michael Danna;Nick Bolton;Trent McDuffie;Willie Gay Jr.;Justin Reid;Khalen Saunders;Chris Jones
2022_09_TEN_KC,3763,pass,0.0,81.0,81.0,6.0,2:19,2:13,,17.0,17.0,2.0,8.0,"3 DL, 4 LB, 4 DB",;;;;;;;;;;,11,8,4,MAN_COVERAGE,COVER_1,True,00-0029413;00-0037754;00-0032764;00-0036171;00-0032392;00-0037809;00-0036182;00-0038128;00-0035649;00-0035300;00-0032141,Ben Jones;Nicholas Petit-Frere;Derrick Henry;Aaron Brewer;Austin Hooper;Chig Okonkwo;Nick Westbrook-Ikhine;Malik Willis;Nate Davis;Dennis Daley;Geoff Swaim,00-0036374;00-0027662;00-0035625;00-0037819;00-0036378;00-0036621;00-0037191;00-0036362;00-0034361;00-0035656;00-0032762,L'Jarius Sneed;Carlos Dunlap;Juan Thornhill;Leo Chenal;Michael Danna;Nick Bolton;Trent McDuffie;Willie Gay Jr.;Justin Reid;Khalen Saunders;Chris Jones
2022_09_TEN_KC,3785,pass,-6.0,81.0,87.0,13.0,2:13,2:00,,17.0,17.0,3.0,8.0,"3 DL, 2 LB, 6 DB",;;;;;;;;;;,11,6,5,,,,00-0033386;00-0029413;00-0037754;00-0036171;00-0034253;00-0032392;00-0036182;00-0030431;00-0038128;00-0035649;00-0035300,Cody Hollister;Ben Jones;Nicholas Petit-Frere;Aaron Brewer;Dontrell Hilliard;Austin Hooper;Nick Westbrook-Ikhine;Robert Woods;Malik Willis;Nate Davis;Dennis Daley,00-0036374;00-0027662;00-0035625;00-0038043;00-0036378;00-0036621;00-0037191;00-0034361;00-0032762;00-0037192;00-0037193,L'Jarius Sneed;Carlos Dunlap;Juan Thornhill;Joshua Williams;Michael Danna;Nick Bolton;Trent McDuffie;Justin Reid;Chris Jones;George Karlaftis;Bryan Cook
2022_09_TEN_KC,3804,punt,0.0,87.0,87.0,13.0,2:00,1:47,,17.0,17.0,4.0,14.0,,;;;;;;;;;;,11,,,,,,00-0037617;00-0034253;00-0033765;00-0037593;00-0034193;00-0037809;00-0037000;00-0036182;00-0027557;00-0037607;00-0033659,Hassan Haskins;Dontrell Hilliard;Dylan Cole;Tre Avery;Kevin Rader;Chig Okonkwo;Monty Rice;Nick Westbrook-Ikhine;Morgan Cox;Ryan Stonehouse;Joe Jones,00-0036374;00-0034145;00-0037819;00-0038043;00-0031376;00-0032774;00-0036637;00-0033481;00-0037208;00-0037193;00-0035140,L'Jarius Sneed;Chris Lammons;Leo Chenal;Joshua Williams;Jerick McKinnon;Deon Bush;Noah Gray;Marcus Kemp;Jack Cochrane;Bryan Cook;Mecole Hardman
2022_09_TEN_KC,3836,pass,4.0,64.0,60.0,34.0,1:47,1:13,,17.0,17.0,1.0,10.0,"3 DL, 2 LB, 6 DB",;;;;;;;;;;,11,6,4,MAN_COVERAGE,COVER_1,False,00-0034272;00-0032391;00-0034752;00-0033857;00-0030506;00-0031376;00-0036623;00-0033873;00-0036660;00-0038090;00-0033831,Marquez Valdes-Scantling;Joe Thuney;Orlando Brown;JuJu Smith-Schuster;Travis Kelce;Jerick McKinnon;Creed Humphrey;Patrick Mahomes;Trey Smith;Skyy Moore;Andrew Wylie,00-0035292;00-0038125;00-0032265;00-0031097;00-0032637;00-0031254;00-0036416;00-0033132;00-0035643;00-0036938;00-0035244,David Long Jr.;Roger McCreary;Mario Edwards;Terrance Mitchell;Andrew Adams;Denico Autry;Kristian Fulton;Kevin Byard;Jeffery Simmons;Rashad Weaver;Lonnie Johnson
2022_09_TEN_KC,3860,pass,5.0,60.0,55.0,5.0,1:13,1:08,,17.0,17.0,2.0,6.0,"3 DL, 2 LB, 6 DB",;;;;;;;;;;,11,6,4,ZONE_COVERAGE,COVER_4,False,00-0034272;00-0032391;00-0034752;00-0033857;00-0030506;00-0031376;00-0036623;00-0033873;00-0036660;00-0038090;00-0033831,Marquez Valdes-Scantling;Joe Thuney;Orlando Brown;JuJu Smith-Schuster;Travis Kelce;Jerick McKinnon;Creed Humphrey;Patrick Mahomes;Trey Smith;Skyy Moore;Andrew Wylie,00-0035292;00-0038125;00-0032265;00-0031097;00-0032637;00-0031254;00-0036416;00-0033132;00-0035643;00-0036938;00-0035244,David Long Jr.;Roger McCreary;Mario Edwards;Terrance Mitchell;Andrew Adams;Denico Autry;Kristian Fulton;Kevin Byard;Jeffery Simmons;Rashad Weaver;Lonnie Johnson
2022_09_TEN_KC,3889,run,0.0,55.0,55.0,7.0,1:08,1:01,,17.0,17.0,3.0,1.0,"4 DL, 3 LB, 4 DB",;;;;;;;;;;,11,8,,,,,00-0034386;00-0032391;00-0034752;00-0031376;00-0031595;00-0036623;00-0033873;00-0036660;00-0036637;00-0035149;00-0033831,Justin Watson;Joe Thuney;Orlando Brown;Jerick McKinnon;Michael Burton;Creed Humphrey;Patrick Mahomes;Trey Smith;Noah Gray;Nick Allegretti;Andrew Wylie,00-0035292;00-0038125;00-0033765;00-0036695;00-0032637;00-0036181;00-0036416;00-0033132;00-0035643;00-0036938;00-0033782,David Long Jr.;Roger McCreary;Dylan Cole;Naquan Jones;Andrew Adams;Teair Tart;Kristian Fulton;Kevin Byard;Jeffery Simmons;Rashad Weaver;DeMarcus Walker
2022_09_TEN_KC,3912,run,2.0,55.0,53.0,0.0,1:01,1:01,,17.0,17.0,4.0,1.0,"3 DL, 3 LB, 5 DB",;;;;;;;;;;,11,7,,,,,00-0032391;00-0034752;00-0030506;00-0036623;00-0033873;00-0036660;00-0038090;00-0036637;00-0036360;00-0035140;00-0033831,Joe Thuney;Orlando Brown;Travis Kelce;Creed Humphrey;Patrick Mahomes;Trey Smith;Skyy Moore;Noah Gray;Clyde Edwards-Helaire;Mecole Hardman;Andrew Wylie,00-0035292;00-0038125;00-0033765;00-0032637;00-0031254;00-0036181;00-0036416;00-0033132;00-0035643;00-0036938;00-0034662,David Long Jr.;Roger McCreary;Dylan Cole;Andrew Adams;Denico Autry;Teair Tart;Kristian Fulton;Kevin Byard;Jeffery Simmons;Rashad Weaver;Joshua Kalu
2022_09_TEN_KC,3923,timeout,0.0,,,4.0,1:01,0:57,TEN,17.0,17.0,,0.0,,,0,,,,,,,,,
2022_09_TEN_KC,3940,pass,0.0,53.0,53.0,0.0,0:57,0:57,,17.0,17.0,1.0,10.0,"3 DL, 2 LB, 6 DB",;;;;;;;;;;,11,5,4,MAN_COVERAGE,COVER_1,True,00-0034272;00-0032391;00-0034752;00-0033857;00-0030506;00-0031376;00-0036623;00-0033873;00-0036637;00-0036660;00-0033831,Marquez Valdes-Scantling;Joe Thuney;Orlando Brown;JuJu Smith-Schuster;Travis Kelce;Jerick McKinnon;Creed Humphrey;Patrick Mahomes;Noah Gray;Trey Smith;Andrew Wylie,00-0035292;00-0038125;00-0032265;00-0031097;00-0032637;00-0031254;00-0036416;00-0033132;00-0035643;00-0036938;00-0035244,David Long Jr.;Roger McCreary;Mario Edwards;Terrance Mitchell;Andrew Adams;Denico Autry;Kristian Fulton;Kevin Byard;Jeffery Simmons;Rashad Weaver;Lonnie Johnson
2022_09_TEN_KC,3951,timeout,0.0,,,6.0,0:57,0:51,KC,17.0,17.0,,0.0,,,0,,,,,,,,,
2022_09_TEN_KC,3969,pass,0.0,53.0,53.0,3.0,0:51,0:48,,17.0,17.0,2.0,10.0,"3 DL, 2 LB, 6 DB",;;;;;;;;;;,11,6,6,MAN_COVERAGE,COVER_0,True,00-0034272;00-0034386;00-0032391;00-0034752;00-0033857;00-0031376;00-0036623;00-0033873;00-0036637;00-0036660;00-0033831,Marquez Valdes-Scantling;Justin Watson;Joe Thuney;Orlando Brown;JuJu Smith-Schuster;Jerick McKinnon;Creed Humphrey;Patrick Mahomes;Noah Gray;Trey Smith;Andrew Wylie,00-0035292;00-0038125;00-0032265;00-0031097;00-0032637;00-0031254;00-0036416;00-0033132;00-0035643;00-0036938;00-0035244,David Long Jr.;Roger McCreary;Mario Edwards;Terrance Mitchell;Andrew Adams;Denico Autry;Kristian Fulton;Kevin Byard;Jeffery Simmons;Rashad Weaver;Lonnie Johnson
2022_09_TEN_KC,3991,pass,0.0,53.0,53.0,5.0,0:48,0:43,,17.0,17.0,3.0,10.0,"3 DL, 2 LB, 6 DB",;;;;;;;;;;,11,5,4,MAN_COVERAGE,COVER_1,False,00-0034272;00-0032391;00-0034752;00-0033857;00-0030506;00-0031376;00-0036623;00-0033873;00-0036660;00-0035140;00-0033831,Marquez Valdes-Scantling;Joe Thuney;Orlando Brown;JuJu Smith-Schuster;Travis Kelce;Jerick McKinnon;Creed Humphrey;Patrick Mahomes;Trey Smith;Mecole Hardman;Andrew Wylie,00-0035292;00-0038125;00-0032265;00-0031097;00-0032637;00-0031254;00-0036416;00-0033132;00-0035643;00-0036938;00-0035244,David Long Jr.;Roger McCreary;Mario Edwards;Terrance Mitchell;Andrew Adams;Denico Autry;Kristian Fulton;Kevin Byard;Jeffery Simmons;Rashad Weaver;Lonnie Johnson
2022_09_TEN_KC,4013,punt,0.0,53.0,53.0,8.0,0:43,0:35,,17.0,17.0,4.0,10.0,,;;;;;;;;;;,11,,,,,,00-0030615;00-0035157;00-0034145;00-0037819;00-0031376;00-0031595;00-0035889;00-0036637;00-0033481;00-0037208;00-0037193,James Winchester;Darius Harris;Chris Lammons;Leo Chenal;Jerick McKinnon;Michael Burton;Tommy Townsend;Noah Gray;Marcus Kemp;Jack Cochrane;Bryan Cook,00-0033386;00-0037617;00-0036615;00-0033765;00-0037593;00-0034193;00-0037000;00-0030431;00-0033659;00-0035244;00-0034662,Cody Hollister;Hassan Haskins;Caleb Farley;Dylan Cole;Tre Avery;Kevin Rader;Monty Rice;Robert Woods;Joe Jones;Lonnie Johnson;Joshua Kalu
2022_09_TEN_KC,4041,pass,0.0,70.0,70.0,9.0,0:35,0:26,,17.0,17.0,1.0,10.0,"3 DL, 2 LB, 6 DB",;;;;;;;;;;,11,6,3,ZONE_COVERAGE,COVER_2,True,00-0033386;00-0029413;00-0037754;00-0036171;00-0034253;00-0032392;00-0036182;00-0030431;00-0038128;00-0035649;00-0035300,Cody Hollister;Ben Jones;Nicholas Petit-Frere;Aaron Brewer;Dontrell Hilliard;Austin Hooper;Nick Westbrook-Ikhine;Robert Woods;Malik Willis;Nate Davis;Dennis Daley,00-0036374;00-0027662;00-0035625;00-0038043;00-0036378;00-0036621;00-0037191;00-0034361;00-0032762;00-0037192;00-0037193,L'Jarius Sneed;Carlos Dunlap;Juan Thornhill;Joshua Williams;Michael Danna;Nick Bolton;Trent McDuffie;Justin Reid;Chris Jones;George Karlaftis;Bryan Cook
2022_09_TEN_KC,4064,pass,0.0,70.0,70.0,4.0,0:26,0:22,,17.0,17.0,2.0,10.0,"3 DL, 2 LB, 6 DB",;;;;;;;;;;,11,5,4,ZONE_COVERAGE,COVER_3,True,00-0033386;00-0029413;00-0037754;00-0036171;00-0032392;00-0034253;00-0036182;00-0030431;00-0038128;00-0035649;00-0035300,Cody Hollister;Ben Jones;Nicholas Petit-Frere;Aaron Brewer;Austin Hooper;Dontrell Hilliard;Nick Westbrook-Ikhine;Robert Woods;Malik Willis;Nate Davis;Dennis Daley,00-0036374;00-0027662;00-0035625;00-0038043;00-0036378;00-0036621;00-0037191;00-0034361;00-0032762;00-0037192;00-0037193,L'Jarius Sneed;Carlos Dunlap;Juan Thornhill;Joshua Williams;Michael Danna;Nick Bolton;Trent McDuffie;Justin Reid;Chris Jones;George Karlaftis;Bryan Cook
2022_09_TEN_KC,4086,pass,0.0,70.0,70.0,4.0,0:22,0:18,,17.0,17.0,3.0,10.0,"3 DL, 2 LB, 6 DB",;;;;;;;;;;,11,5,4,ZONE_COVERAGE,COVER_2,False,00-0033386;00-0037617;00-0029413;00-0037754;00-0036171;00-0037809;00-0036182;00-0030431;00-0038128;00-0035649;00-0035300,Cody Hollister;Hassan Haskins;Ben Jones;Nicholas Petit-Frere;Aaron Brewer;Chig Okonkwo;Nick Westbrook-Ikhine;Robert Woods;Malik Willis;Nate Davis;Dennis Daley,00-0036374;00-0027662;00-0035625;00-0038043;00-0036378;00-0036621;00-0037191;00-0034361;00-0032762;00-0037192;00-0037193,L'Jarius Sneed;Carlos Dunlap;Juan Thornhill;Joshua Williams;Michael Danna;Nick Bolton;Trent McDuffie;Justin Reid;Chris Jones;George Karlaftis;Bryan Cook
2022_09_TEN_KC,4108,punt,0.0,70.0,70.0,13.0,0:18,0:05,,17.0,17.0,4.0,10.0,,;;;;;;;;;;,11,,,,,,00-0037617;00-0034253;00-0033765;00-0037593;00-0034193;00-0037809;00-0037000;00-0027557;00-0037607;00-0035244;00-0033659,Hassan Haskins;Dontrell Hilliard;Dylan Cole;Tre Avery;Kevin Rader;Chig Okonkwo;Monty Rice;Morgan Cox;Ryan Stonehouse;Lonnie Johnson;Joe Jones,00-0036374;00-0035157;00-0034145;00-0037819;00-0038043;00-0032774;00-0036637;00-0033481;00-0037208;00-0037193;00-0035140,L'Jarius Sneed;Darius Harris;Chris Lammons;Leo Chenal;Joshua Williams;Deon Bush;Noah Gray;Marcus Kemp;Jack Cochrane;Bryan Cook;Mecole Hardman
2022_09_TEN_KC,4133,pass,0.0,60.0,60.0,0.0,0:05,0:05,,17.0,17.0,1.0,10.0,"1 DL, 2 LB, 8 DB",;;;;;;;;;;,11,2,2,ZONE_COVERAGE,COVER_2,False,00-0034272;00-0034386;00-0032391;00-0034752;00-0033857;00-0030506;00-0031376;00-0036623;00-0033873;00-0036660;00-0033831,Marquez Valdes-Scantling;Justin Watson;Joe Thuney;Orlando Brown;JuJu Smith-Schuster;Travis Kelce;Jerick McKinnon;Creed Humphrey;Patrick Mahomes;Trey Smith;Andrew Wylie,00-0035292;00-0038125;00-0031097;00-0032637;00-0037593;00-0031254;00-0036416;00-0033132;00-0036938;00-0035244;00-0034662,David Long Jr.;Roger McCreary;Terrance Mitchell;Andrew Adams;Tre Avery;Denico Autry;Kristian Fulton;Kevin Byard;Rashad Weaver;Lonnie Johnson;Joshua Kalu
2022_09_TEN_KC,4144,timeout,0.0,,,2.0,0:05,0:03,TEN,17.0,17.0,,0.0,,,0,,,,,,,,,
2022_09_TEN_KC,4162,pass,33.0,60.0,27.0,3.0,0:03,0:00,,17.0,17.0,2.0,10.0,"1 DL, 2 LB, 7 DB, 1 WR",;;;;;;;;;;,11,3,5,ZONE_COVERAGE,PREVENT,False,00-0034272;00-0032391;00-0034752;00-0033857;00-0030506;00-0031376;00-0036623;00-0033873;00-0036660;00-0035140;00-0033831,Marquez Valdes-Scantling;Joe Thuney;Orlando Brown;JuJu Smith-Schuster;Travis Kelce;Jerick McKinnon;Creed Humphrey;Patrick Mahomes;Trey Smith;Mecole Hardman;Andrew Wylie,00-0035292;00-0038125;00-0031097;00-0032637;00-0037593;00-0031254;00-0036182;00-0036416;00-0033132;00-0036938;00-0035244,David Long Jr.;Roger McCreary;Terrance Mitchell;Andrew Adams;Tre Avery;Denico Autry;Nick Westbrook-Ikhine;Kristian Fulton;Kevin Byard;Rashad Weaver;Lonnie Johnson
2022_09_TEN_KC,4186,start_quarter_5,,,,0.0,0:00,0:00,,17.0,17.0,,0.0,,,0,,,,,,,,,
2022_09_TEN_KC,4205,kickoff,0.0,35.0,35.0,0.0,10:00,10:00,,17.0,17.0,,0.0,,;;;;;;;;;;,11,,,,,,00-0033386;00-0029421;00-0037617;00-0036615;00-0033765;00-0037593;00-0034193;00-0037809;00-0037000;00-0033659;00-0034662,Cody Hollister;Randy Bullock;Hassan Haskins;Caleb Farley;Dylan Cole;Tre Avery;Kevin Rader;Chig Okonkwo;Monty Rice;Joe Jones;Joshua Kalu,00-0034145;00-0037819;00-0031376;00-0031595;00-0037195;00-0032774;00-0036637;00-0033481;00-0037197;00-0037208;00-0037193,Chris Lammons;Leo Chenal;Jerick McKinnon;Michael Burton;Jaylen Watson;Deon Bush;Noah Gray;Marcus Kemp;Isiah Pacheco;Jack Cochrane;Bryan Cook
2022_09_TEN_KC,4220,no_play,0.0,75.0,75.0,13.0,10:00,9:47,,17.0,17.0,1.0,10.0,"3 DL, 3 LB, 5 DB",;;;;;;;;;;,11,6,,,,,00-0032391;00-0034752;00-0036913;00-0033857;00-0030506;00-0031376;00-0036623;00-0033873;00-0036637;00-0036660;00-0033831,Joe Thuney;Orlando Brown;Kadarius Toney;JuJu Smith-Schuster;Travis Kelce;Jerick McKinnon;Creed Humphrey;Patrick Mahomes;Noah Gray;Trey Smith;Andrew Wylie,00-0035292;00-0038125;00-0033765;00-0032637;00-0031254;00-0036181;00-0036416;00-0033132;00-0035643;00-0036938;00-0034662,David Long Jr.;Roger McCreary;Dylan Cole;Andrew Adams;Denico Autry;Teair Tart;Kristian Fulton;Kevin Byard;Jeffery Simmons;Rashad Weaver;Joshua Kalu
2022_09_TEN_KC,4255,pass,4.0,80.0,76.0,39.0,9:47,9:08,,17.0,17.0,1.0,15.0,"3 DL, 3 LB, 5 DB",;;;;;;;;;;,11,6,4,ZONE_COVERAGE,COVER_4,False,00-0032391;00-0034752;00-0033857;00-0030506;00-0031376;00-0036623;00-0033873;00-0036660;00-0038090;00-0035140;00-0033831,Joe Thuney;Orlando Brown;JuJu Smith-Schuster;Travis Kelce;Jerick McKinnon;Creed Humphrey;Patrick Mahomes;Trey Smith;Skyy Moore;Mecole Hardman;Andrew Wylie,00-0035292;00-0038125;00-0033765;00-0032637;00-0031254;00-0036181;00-0036416;00-0033132;00-0035643;00-0036938;00-0034662,David Long Jr.;Roger McCreary;Dylan Cole;Andrew Adams;Denico Autry;Teair Tart;Kristian Fulton;Kevin Byard;Jeffery Simmons;Rashad Weaver;Joshua Kalu
2022_09_TEN_KC,4279,pass,18.0,76.0,58.0,41.0,9:08,8:27,,17.0,17.0,2.0,11.0,"3 DL, 3 LB, 5 DB",;;;;;;;;;;,11,6,4,MAN_COVERAGE,COVER_1,True,00-0034272;00-0032391;00-0034752;00-0033857;00-0030506;00-0031376;00-0036623;00-0033873;00-0036660;00-0038090;00-0033831,Marquez Valdes-Scantling;Joe Thuney;Orlando Brown;JuJu Smith-Schuster;Travis Kelce;Jerick McKinnon;Creed Humphrey;Patrick Mahomes;Trey Smith;Skyy Moore;Andrew Wylie,00-0035292;00-0038125;00-0032265;00-0033765;00-0031097;00-0032637;00-0031254;00-0036416;00-0033132;00-0035643;00-0036938,David Long Jr.;Roger McCreary;Mario Edwards;Dylan Cole;Terrance Mitchell;Andrew Adams;Denico Autry;Kristian Fulton;Kevin Byard;Jeffery Simmons;Rashad Weaver
2022_09_TEN_KC,4303,run,3.0,58.0,55.0,38.0,8:27,7:49,,17.0,17.0,1.0,10.0,"3 DL, 3 LB, 5 DB",;;;;;;;;;;,11,6,,,,,00-0034272;00-0032391;00-0034752;00-0033857;00-0031376;00-0036623;00-0033873;00-0038090;00-0036637;00-0036660;00-0033831,Marquez Valdes-Scantling;Joe Thuney;Orlando Brown;JuJu Smith-Schuster;Jerick McKinnon;Creed Humphrey;Patrick Mahomes;Skyy Moore;Noah Gray;Trey Smith;Andrew Wylie,00-0035292;00-0038125;00-0033765;00-0036695;00-0032637;00-0031254;00-0036416;00-0033132;00-0035643;00-0036938;00-0034662,David Long Jr.;Roger McCreary;Dylan Cole;Naquan Jones;Andrew Adams;Denico Autry;Kristian Fulton;Kevin Byard;Jeffery Simmons;Rashad Weaver;Joshua Kalu
2022_09_TEN_KC,4324,pass,6.0,55.0,49.0,45.0,7:49,7:04,,17.0,17.0,2.0,7.0,"3 DL, 3 LB, 5 DB",;;;;;;;;;;,11,6,4,ZONE_COVERAGE,COVER_4,False,00-0032391;00-0034752;00-0033857;00-0031376;00-0036623;00-0033873;00-0036637;00-0036660;00-0038090;00-0035140;00-0033831,Joe Thuney;Orlando Brown;JuJu Smith-Schuster;Jerick McKinnon;Creed Humphrey;Patrick Mahomes;Noah Gray;Trey Smith;Skyy Moore;Mecole Hardman;Andrew Wylie,00-0035292;00-0038125;00-0033765;00-0036695;00-0032637;00-0031254;00-0036416;00-0033132;00-0035643;00-0036938;00-0034662,David Long Jr.;Roger McCreary;Dylan Cole;Naquan Jones;Andrew Adams;Denico Autry;Kristian Fulton;Kevin Byard;Jeffery Simmons;Rashad Weaver;Joshua Kalu
2022_09_TEN_KC,4348,pass,27.0,49.0,22.0,32.0,7:04,6:32,,17.0,17.0,3.0,1.0,"4 DL, 3 LB, 4 DB",;;;;;;;;;;,11,8,4,MAN_COVERAGE,COVER_1,True,00-0034386;00-0032391;00-0034752;00-0031376;00-0031595;00-0036623;00-0033873;00-0036660;00-0036637;00-0033831;00-0035149,Justin Watson;Joe Thuney;Orlando Brown;Jerick McKinnon;Michael Burton;Creed Humphrey;Patrick Mahomes;Trey Smith;Noah Gray;Andrew Wylie;Nick Allegretti,00-0035292;00-0038125;00-0033765;00-0036695;00-0032637;00-0036181;00-0036416;00-0033132;00-0035643;00-0036938;00-0033782,David Long Jr.;Roger McCreary;Dylan Cole;Naquan Jones;Andrew Adams;Teair Tart;Kristian Fulton;Kevin Byard;Jeffery Simmons;Rashad Weaver;DeMarcus Walker
2022_09_TEN_KC,4383,pass,8.0,22.0,14.0,39.0,6:32,5:53,,17.0,17.0,1.0,10.0,"4 DL, 2 LB, 5 DB",;;;;;;;;;;,11,6,4,ZONE_COVERAGE,COVER_4,True,00-0034272;00-0032391;00-0034752;00-0033857;00-0030506;00-0031376;00-0036623;00-0033873;00-0036637;00-0036660;00-0033831,Marquez Valdes-Scantling;Joe Thuney;Orlando Brown;JuJu Smith-Schuster;Travis Kelce;Jerick McKinnon;Creed Humphrey;Patrick Mahomes;Noah Gray;Trey Smith;Andrew Wylie,00-0035292;00-0038125;00-0032265;00-0033765;00-0036695;00-0032637;00-0031254;00-0036416;00-0033132;00-0034662;00-0033782,David Long Jr.;Roger McCreary;Mario Edwards;Dylan Cole;Naquan Jones;Andrew Adams;Denico Autry;Kristian Fulton;Kevin Byard;Joshua Kalu;DeMarcus Walker
2022_09_TEN_KC,4407,run,1.0,14.0,13.0,36.0,5:53,5:17,,17.0,17.0,2.0,2.0,"4 DL, 2 LB, 5 DB",;;;;;;;;;;,11,6,,,,,00-0034272;00-0034386;00-0032391;00-0034752;00-0033857;00-0031376;00-0036623;00-0033873;00-0036660;00-0036637;00-0033831,Marquez Valdes-Scantling;Justin Watson;Joe Thuney;Orlando Brown;JuJu Smith-Schuster;Jerick McKinnon;Creed Humphrey;Patrick Mahomes;Trey Smith;Noah Gray;Andrew Wylie,00-0035292;00-0038125;00-0032265;00-0033765;00-0036695;00-0032637;00-0031254;00-0036416;00-0033132;00-0034662;00-0033782,David Long Jr.;Roger McCreary;Mario Edwards;Dylan Cole;Naquan Jones;Andrew Adams;Denico Autry;Kristian Fulton;Kevin Byard;Joshua Kalu;DeMarcus Walker
2022_09_TEN_KC,4428,pass,0.0,13.0,13.0,4.0,5:17,5:13,,17.0,17.0,3.0,1.0,"4 DL, 2 LB, 5 DB",;;;;;;;;;;,11,7,4,MAN_COVERAGE,COVER_1,False,00-0034272;00-0032391;00-0034752;00-0033857;00-0030506;00-0031376;00-0036623;00-0033873;00-0036660;00-0033831;00-0035140,Marquez Valdes-Scantling;Joe Thuney;Orlando Brown;JuJu Smith-Schuster;Travis Kelce;Jerick McKinnon;Creed Humphrey;Patrick Mahomes;Trey Smith;Andrew Wylie;Mecole Hardman,00-0035292;00-0038125;00-0032265;00-0033765;00-0036695;00-0032637;00-0031254;00-0036416;00-0033132;00-0034662;00-0033782,David Long Jr.;Roger McCreary;Mario Edwards;Dylan Cole;Naquan Jones;Andrew Adams;Denico Autry;Kristian Fulton;Kevin Byard;Joshua Kalu;DeMarcus Walker
2022_09_TEN_KC,4450,pass,2.0,13.0,11.0,0.0,5:13,5:13,,17.0,17.0,4.0,1.0,"4 DL, 2 LB, 5 DB",;;;;;;;;;;,11,6,4,MAN_COVERAGE,COVER_1,False,00-0034272;00-0032391;00-0034752;00-0033857;00-0030506;00-0031376;00-0036623;00-0033873;00-0036660;00-0033831;00-0035140,Marquez Valdes-Scantling;Joe Thuney;Orlando Brown;JuJu Smith-Schuster;Travis Kelce;Jerick McKinnon;Creed Humphrey;Patrick Mahomes;Trey Smith;Andrew Wylie;Mecole Hardman,00-0035292;00-0038125;00-0032265;00-0033765;00-0032637;00-0031254;00-0036181;00-0036416;00-0033132;00-0035643;00-0034662,David Long Jr.;Roger McCreary;Mario Edwards;Dylan Cole;Andrew Adams;Denico Autry;Teair Tart;Kristian Fulton;Kevin Byard;Jeffery Simmons;Joshua Kalu
2022_09_TEN_KC,4461,timeout,0.0,,,46.0,5:13,4:27,KC,17.0,17.0,,0.0,,,0,,,,,,,,,
2022_09_TEN_KC,4481,pass,0.0,11.0,11.0,6.0,4:27,4:21,,17.0,17.0,1.0,10.0,"4 DL, 2 LB, 5 DB",;;;;;;;;;;,11,6,4,ZONE_COVERAGE,COVER_4,True,00-0034272;00-0034386;00-0032391;00-0034752;00-0033857;00-0031376;00-0036623;00-0033873;00-0036637;00-0036660;00-0033831,Marquez Valdes-Scantling;Justin Watson;Joe Thuney;Orlando Brown;JuJu Smith-Schuster;Jerick McKinnon;Creed Humphrey;Patrick Mahomes;Noah Gray;Trey Smith;Andrew Wylie,00-0035292;00-0038125;00-0032265;00-0033765;00-0032637;00-0031254;00-0036181;00-0036416;00-0033132;00-0035643;00-0034662,David Long Jr.;Roger McCreary;Mario Edwards;Dylan Cole;Andrew Adams;Denico Autry;Teair Tart;Kristian Fulton;Kevin Byard;Jeffery Simmons;Joshua Kalu
2022_09_TEN_KC,4503,pass,0.0,11.0,11.0,5.0,4:21,4:16,,17.0,17.0,2.0,10.0,"4 DL, 2 LB, 5 DB",;;;;;;;;;;,11,6,4,ZONE_COVERAGE,COVER_4,True,00-0034272;00-0032391;00-0034752;00-0033857;00-0030506;00-0031376;00-0036623;00-0033873;00-0036660;00-0035140;00-0033831,Marquez Valdes-Scantling;Joe Thuney;Orlando Brown;JuJu Smith-Schuster;Travis Kelce;Jerick McKinnon;Creed Humphrey;Patrick Mahomes;Trey Smith;Mecole Hardman;Andrew Wylie,00-0035292;00-0038125;00-0032265;00-0033765;00-0032637;00-0031254;00-0036181;00-0036416;00-0033132;00-0035643;00-0034662,David Long Jr.;Roger McCreary;Mario Edwards;Dylan Cole;Andrew Adams;Denico Autry;Teair Tart;Kristian Fulton;Kevin Byard;Jeffery Simmons;Joshua Kalu
2022_09_TEN_KC,4525,pass,0.0,11.0,11.0,9.0,4:16,4:07,,17.0,17.0,3.0,10.0,"3 DL, 2 LB, 6 DB",;;;;;;;;;;,11,4,4,MAN_COVERAGE,COVER_1,True,00-0034272;00-0032391;00-0034752;00-0033857;00-0030506;00-0031376;00-0036623;00-0033873;00-0036660;00-0033831;00-0035140,Marquez Valdes-Scantling;Joe Thuney;Orlando Brown;JuJu Smith-Schuster;Travis Kelce;Jerick McKinnon;Creed Humphrey;Patrick Mahomes;Trey Smith;Andrew Wylie;Mecole Hardman,00-0035292;00-0038125;00-0032265;00-0031097;00-0032637;00-0031254;00-0036416;00-0033132;00-0035643;00-0036938;00-0035244,David Long Jr.;Roger McCreary;Mario Edwards;Terrance Mitchell;Andrew Adams;Denico Autry;Kristian Fulton;Kevin Byard;Jeffery Simmons;Rashad Weaver;Lonnie Johnson
2022_09_TEN_KC,4547,field_goal,0.0,11.0,11.0,3.0,4:07,4:04,,20.0,17.0,4.0,10.0,,;;;;;;;;;;,11,,,,,,00-0030615;00-0034752;00-0036230;00-0036623;00-0033303;00-0036637;00-0036660;00-0035889;00-0035149;00-0033831;00-0034817,James Winchester;Orlando Brown;Prince Tega Wanogho;Creed Humphrey;Harrison Butker;Noah Gray;Trey Smith;Tommy Townsend;Nick Allegretti;Andrew Wylie;Geron Christian,00-0036237;00-0032265;00-0033765;00-0036615;00-0032637;00-0031254;00-0036938;00-0033659;00-0035244;00-0034662;00-0033782,Larrell Murchison;Mario Edwards;Dylan Cole;Caleb Farley;Andrew Adams;Denico Autry;Rashad Weaver;Joe Jones;Lonnie Johnson;Joshua Kalu;DeMarcus Walker
2022_09_TEN_KC,4566,kickoff,0.0,35.0,35.0,0.0,4:04,4:04,,20.0,17.0,,0.0,,;;;;;;;;;;,11,,,,,,00-0034145;00-0037819;00-0038043;00-0031595;00-0037195;00-0032774;00-0033303;00-0033481;00-0037197;00-0037208;00-0037193,Chris Lammons;Leo Chenal;Joshua Williams;Michael Burton;Jaylen Watson;Deon Bush;Harrison Butker;Marcus Kemp;Isiah Pacheco;Jack Cochrane;Bryan Cook,00-0033386;00-0037617;00-0034253;00-0033765;00-0037593;00-0034193;00-0037809;00-0037000;00-0035244;00-0033659;00-0034662,Cody Hollister;Hassan Haskins;Dontrell Hilliard;Dylan Cole;Tre Avery;Kevin Rader;Chig Okonkwo;Monty Rice;Lonnie Johnson;Joe Jones;Joshua Kalu
2022_09_TEN_KC,4581,run,1.0,75.0,74.0,38.0,4:04,3:26,,20.0,17.0,1.0,10.0,"3 DL, 4 LB, 4 DB",;;;;;;;;;;,11,8,,,,,00-0029413;00-0032764;00-0037754;00-0036171;00-0032392;00-0037809;00-0036182;00-0038128;00-0035649;00-0035300;00-0032141,Ben Jones;Derrick Henry;Nicholas Petit-Frere;Aaron Brewer;Austin Hooper;Chig Okonkwo;Nick Westbrook-Ikhine;Malik Willis;Nate Davis;Dennis Daley;Geoff Swaim,00-0036374;00-0027662;00-0035625;00-0037819;00-0036378;00-0036621;00-0037191;00-0036362;00-0034361;00-0035656;00-0032762,L'Jarius Sneed;Carlos Dunlap;Juan Thornhill;Leo Chenal;Michael Danna;Nick Bolton;Trent McDuffie;Willie Gay Jr.;Justin Reid;Khalen Saunders;Chris Jones
2022_09_TEN_KC,4602,pass,-12.0,74.0,86.0,47.0,3:26,2:39,,20.0,17.0,2.0,9.0,"3 DL, 3 LB, 5 DB",;;;;;;;;;;,11,6,5,,,,00-0033386;00-0029413;00-0032764;00-0037754;00-0036171;00-0036182;00-0030431;00-0038128;00-0035649;00-0035300;00-0032141,Cody Hollister;Ben Jones;Derrick Henry;Nicholas Petit-Frere;Aaron Brewer;Nick Westbrook-Ikhine;Robert Woods;Malik Willis;Nate Davis;Dennis Daley;Geoff Swaim,00-0036374;00-0027662;00-0035625;00-0038043;00-0036378;00-0036621;00-0037191;00-0036362;00-0034361;00-0035656;00-0032762,L'Jarius Sneed;Carlos Dunlap;Juan Thornhill;Joshua Williams;Michael Danna;Nick Bolton;Trent McDuffie;Willie Gay Jr.;Justin Reid;Khalen Saunders;Chris Jones
2022_09_TEN_KC,4621,pass,-5.0,86.0,91.0,26.0,2:39,2:13,,20.0,17.0,3.0,21.0,"3 DL, 2 LB, 6 DB",;;;;;;;;;;,11,5,4,,,,00-0037617;00-0029413;00-0037754;00-0036171;00-0037809;00-0036182;00-0032128;00-0030431;00-0038128;00-0035649;00-0035300,Hassan Haskins;Ben Jones;Nicholas Petit-Frere;Aaron Brewer;Chig Okonkwo;Nick Westbrook-Ikhine;Chris Conley;Robert Woods;Malik Willis;Nate Davis;Dennis Daley,00-0036374;00-0027662;00-0035625;00-0038043;00-0036378;00-0036621;00-0037191;00-0034361;00-0032762;00-0037192;00-0037193,L'Jarius Sneed;Carlos Dunlap;Juan Thornhill;Joshua Williams;Michael Danna;Nick Bolton;Trent McDuffie;Justin Reid;Chris Jones;George Karlaftis;Bryan Cook
2022_09_TEN_KC,4640,pass,0.0,91.0,91.0,0.0,2:13,2:13,,20.0,17.0,4.0,26.0,"3 DL, 2 LB, 6 DB",;;;;;;;;;;,11,4,4,ZONE_COVERAGE,COVER_2,True,00-0033386;00-0029413;00-0037754;00-0032764;00-0036171;00-0032392;00-0036182;00-0030431;00-0038128;00-0035649;00-0035300,Cody Hollister;Ben Jones;Nicholas Petit-Frere;Derrick Henry;Aaron Brewer;Austin Hooper;Nick Westbrook-Ikhine;Robert Woods;Malik Willis;Nate Davis;Dennis Daley,00-0036374;00-0027662;00-0035625;00-0038043;00-0036378;00-0036621;00-0037191;00-0034361;00-0032762;00-0037192;00-0037193,L'Jarius Sneed;Carlos Dunlap;Juan Thornhill;Joshua Williams;Michael Danna;Nick Bolton;Trent McDuffie;Justin Reid;Chris Jones;George Karlaftis;Bryan Cook
2022_09_TEN_KC,4651,timeout,0.0,,,4.0,2:13,2:09,TEN,20.0,17.0,,0.0,,,0,,,,,,,,,
2022_09_TEN_KC,4669,end_game,,,,129.0,2:09,0:00,,20.0,17.0,,0.0,,,0,,,,,,,,,
