game_id,play_id,play_type,yards_gained,starting_yard,ending_yard,posteam,qtr,game_seconds_remaining,yardline_100,time_of_play,time_on_clock_start,time_on_clock_end,timeout_team,home_team_score,away_team_score,down,yds_to_go,defense_personnel,defense_positions,n_defense,defenders_in_box,number_of_pass_rushers,defense_man_zone_type,defense_coverage_type,was_pressure,offense_player_ids,offense_player_names,defense_player_ids,defense_player_names
2023_15_LAC_LV,1,start_quarter_1,,,,,1.0,3600.0,,0.0,15:00,15:00,,0.0,0.0,,0.0,,,,,,,,,,,,
2023_15_LAC_LV,40,kickoff,0.0,35.0,35.0,LAC,1.0,3600.0,35.0,7.0,15:00,14:53,,0.0,0.0,,0.0,"1 CB, 1 FS, 1 K, 3 OLB, 2 RB, 1 SS, 1 TE, 1 WR",CB;FS;K;OLB;OLB;OLB;RB;RB;SS;TE;WR,11,0,0,,,False,00-0036302;00-0038866;00-0036648;00-0038553;00-0035984;00-0036370;00-0031870;00-0032394;00-0032725;00-0037475;00-0038573,Jaylinn Hawkins;A.J. Finley;Nick Niemann;Daiyan Henley;Blake Lynch;Joshua Kelley;Dean Marlowe;Nick Vannett;Stephen Anderson;Stone Smartt;Derius Davis,00-0035783;00-0037512;00-0034161;00-0035076;00-0037517;00-0038617;00-0029239;00-0032104;00-0038602;00-0035562;00-0036527,Tyler Hall;Isaiah Pola-Mao;Daniel Carlson;Curtis Bolton;Luke Masterson;Amari Burney;Brandon Bolden;Ameer Abdullah;Christopher Smith;Jesper Horsted;D.J. Turner
2023_15_LAC_LV,63,run,6.0,71.0,65.0,LAC,1.0,3593.0,71.0,32.0,14:53,14:21,,0.0,0.0,1.0,10.0,"2 CB, 2 DE, 3 DT, 1 FS, 1 MLB, 1 OLB, 1 SS",CB;CB;DE;DE;DT;DT;DT;FS;MLB;OLB;SS,11,7,0,,,False,00-0034436;00-0037818;00-0037295;00-0035282;00-0033699;00-0035688;00-0037009;00-0032394;00-0033895;00-0035414;00-0038544,Will Clapp;Zion Johnson;Jamaree Salyer;Easton Stick;Austin Ekeler;Trey Pipkins;Rashawn Slater;Nick Vannett;Gerald Everett;Jalen Guyton;Quentin Johnston,00-0036375;00-0036871;00-0034973;00-0036878;00-0030070;00-0034387;00-0035674;00-0036962;00-0036990;00-0034720;00-0034993,Amik Robertson;Nate Hobbs;Maxx Crosby;Janarius Robinson;John Jenkins;Bilal Nichols;Jerry Tillery;Trevon Moehrig;Divine Deablo;Robert Spillane;Marcus Epps
2023_15_LAC_LV,85,pass,1.0,65.0,64.0,LAC,1.0,3561.0,65.0,34.0,14:21,13:47,,0.0,0.0,2.0,4.0,"3 CB, 2 DE, 2 DT, 1 FS, 1 MLB, 1 OLB, 1 SS",CB;CB;CB;DE;DE;DT;DT;FS;MLB;OLB;SS,11,5,5,MAN_COVERAGE,COVER_1,False,00-0034436;00-0037818;00-0037295;00-0035282;00-0033699;00-0035688;00-0037009;00-0032394;00-0032543;00-0036988;00-0038544,Will Clapp;Zion Johnson;Jamaree Salyer;Easton Stick;Austin Ekeler;Trey Pipkins;Rashawn Slater;Nick Vannett;Alex Erickson;Josh Palmer;Quentin Johnston,00-0036375;00-0036871;00-0038039;00-0034973;00-0036989;00-0030070;00-0034387;00-0036962;00-0036990;00-0034720;00-0034993,Amik Robertson;Nate Hobbs;Jack Jones;Maxx Crosby;Malcolm Koonce;John Jenkins;Bilal Nichols;Trevon Moehrig;Divine Deablo;Robert Spillane;Marcus Epps
2023_15_LAC_LV,110,pass,0.0,64.0,64.0,LAC,1.0,3527.0,64.0,3.0,13:47,13:44,,0.0,0.0,3.0,3.0,"3 CB, 2 DE, 2 DT, 1 FS, 1 MLB, 1 OLB, 1 SS",CB;CB;CB;DE;DE;DT;DT;FS;MLB;OLB;SS,11,4,6,MAN_COVERAGE,COVER_1,False,00-0034436;00-0037818;00-0037295;00-0035282;00-0033699;00-0035688;00-0037009;00-0033895;00-0032543;00-0036988;00-0038544,Will Clapp;Zion Johnson;Jamaree Salyer;Easton Stick;Austin Ekeler;Trey Pipkins;Rashawn Slater;Gerald Everett;Alex Erickson;Josh Palmer;Quentin Johnston,00-0036375;00-0036871;00-0038039;00-0034973;00-0036989;00-0030070;00-0034387;00-0036962;00-0036990;00-0034720;00-0034993,Amik Robertson;Nate Hobbs;Jack Jones;Maxx Crosby;Malcolm Koonce;John Jenkins;Bilal Nichols;Trevon Moehrig;Divine Deablo;Robert Spillane;Marcus Epps
2023_15_LAC_LV,133,punt,0.0,64.0,64.0,LAC,1.0,3524.0,64.0,11.0,13:44,13:33,,0.0,0.0,4.0,3.0,"2 CB, 3 DE, 1 DT, 1 FS, 2 OLB, 1 RB, 1 WR",CB;CB;DE;DE;DE;DT;FS;OLB;OLB;RB;WR,11,0,0,,,False,00-0037307;00-0039111;00-0038866;00-0036648;00-0038553;00-0028845;00-0035984;00-0034162;00-0031870;00-0032394;00-0032725,Ja'Sir Taylor;Tuli Tuipulotu;A.J. Finley;Nick Niemann;Daiyan Henley;Josh Harris;Blake Lynch;J.K. Scott;Dean Marlowe;Nick Vannett;Stephen Anderson,00-0035783;00-0039072;00-0036989;00-0036878;00-0038541;00-0034387;00-0037512;00-0035076;00-0037517;00-0029239;00-0031763,Tyler Hall;Jakorian Bennett;Malcolm Koonce;Janarius Robinson;Tyree Wilson;Bilal Nichols;Isaiah Pola-Mao;Curtis Bolton;Luke Masterson;Brandon Bolden;DeAndre Carter
2023_15_LAC_LV,170,run,8.0,68.0,60.0,LV,1.0,3513.0,68.0,39.0,13:33,12:54,,0.0,0.0,1.0,10.0,"2 CB, 2 DE, 3 DT, 2 ILB, 2 SS",CB;CB;DE;DE;DT;DT;DT;ILB;ILB;SS;SS,11,7,0,,,False,00-0035726;00-0029685;00-0036604;00-0037255;00-0038579;00-0038040;00-0033290;00-0037322;00-0039066;00-0031381;00-0034960,Jakob Johnson;Greg Van Roten;Jordan Meredith;Dylan Parham;Aidan O'Connell;Zamir White;Jermaine Eluemunor;Thayer Munford;Michael Mayer;Davante Adams;Jakobi Meyers,00-0033697;00-0036617;00-0031040;00-0039111;00-0032763;00-0032671;00-0034810;00-0031554;00-0036441;00-0034790;00-0036380,Michael Davis;Asante Samuel;Khalil Mack;Tuli Tuipulotu;Austin Johnson;Morgan Fox;Sebastian Joseph;Eric Kendricks;Kenneth Murray;Derwin James;Alohi Gilman
2023_15_LAC_LV,192,pass,0.0,60.0,60.0,LV,1.0,3474.0,60.0,7.0,12:54,12:47,,0.0,0.0,2.0,2.0,"2 CB, 2 DE, 3 DT, 1 FS, 1 ILB, 2 SS",CB;CB;DE;DE;DT;DT;DT;FS;ILB;SS;SS,11,5,4,ZONE_COVERAGE,COMBO,False,00-0029685;00-0036604;00-0037255;00-0038579;00-0038040;00-0033290;00-0037322;00-0039066;00-0031381;00-0034960;00-0038563,Greg Van Roten;Jordan Meredith;Dylan Parham;Aidan O'Connell;Zamir White;Jermaine Eluemunor;Thayer Munford;Michael Mayer;Davante Adams;Jakobi Meyers;Tre Tucker,00-0033697;00-0036617;00-0031040;00-0039111;00-0032763;00-0032671;00-0034810;00-0036302;00-0036441;00-0034790;00-0036380,Michael Davis;Asante Samuel;Khalil Mack;Tuli Tuipulotu;Austin Johnson;Morgan Fox;Sebastian Joseph;Jaylinn Hawkins;Kenneth Murray;Derwin James;Alohi Gilman
2023_15_LAC_LV,215,run,6.0,60.0,54.0,LV,1.0,3467.0,60.0,36.0,12:47,12:11,,0.0,0.0,3.0,2.0,"3 CB, 2 DE, 2 DT, 2 ILB, 2 SS",CB;CB;CB;DE;DE;DT;DT;ILB;ILB;SS;SS,11,6,0,,,False,00-0029685;00-0036604;00-0037255;00-0038579;00-0032104;00-0033290;00-0037322;00-0039066;00-0031381;00-0034983;00-0034960,Greg Van Roten;Jordan Meredith;Dylan Parham;Aidan O'Connell;Ameer Abdullah;Jermaine Eluemunor;Thayer Munford;Michael Mayer;Davante Adams;Hunter Renfrow;Jakobi Meyers,00-0033697;00-0035862;00-0036617;00-0031040;00-0039111;00-0032763;00-0034810;00-0031554;00-0036441;00-0034790;00-0036380,Michael Davis;Essang Bassey;Asante Samuel;Khalil Mack;Tuli Tuipulotu;Austin Johnson;Sebastian Joseph;Eric Kendricks;Kenneth Murray;Derwin James;Alohi Gilman
2023_15_LAC_LV,237,pass,0.0,54.0,54.0,LV,1.0,3431.0,54.0,4.0,12:11,12:07,,0.0,0.0,1.0,10.0,"3 CB, 2 DE, 2 DT, 2 ILB, 2 SS",CB;CB;CB;DE;DE;DT;DT;ILB;ILB;SS;SS,11,4,4,ZONE_COVERAGE,COVER_3,False,00-0029685;00-0036604;00-0037255;00-0038579;00-0032104;00-0033290;00-0037322;00-0039066;00-0031381;00-0034983;00-0034960,Greg Van Roten;Jordan Meredith;Dylan Parham;Aidan O'Connell;Ameer Abdullah;Jermaine Eluemunor;Thayer Munford;Michael Mayer;Davante Adams;Hunter Renfrow;Jakobi Meyers,00-0033697;00-0035862;00-0036617;00-0031040;00-0039111;00-0032763;00-0034810;00-0031554;00-0036441;00-0034790;00-0036380,Michael Davis;Essang Bassey;Asante Samuel;Khalil Mack;Tuli Tuipulotu;Austin Johnson;Sebastian Joseph;Eric Kendricks;Kenneth Murray;Derwin James;Alohi Gilman
2023_15_LAC_LV,260,pass,7.0,54.0,47.0,LV,1.0,3427.0,54.0,39.0,12:07,11:28,,0.0,0.0,2.0,10.0,"3 CB, 2 DE, 2 DT, 2 ILB, 2 SS",CB;CB;CB;DE;DE;DT;DT;ILB;ILB;SS;SS,11,5,4,MAN_COVERAGE,COVER_1,False,00-0029685;00-0036604;00-0037255;00-0038579;00-0032104;00-0033290;00-0037322;00-0032392;00-0031381;00-0034983;00-0034960,Greg Van Roten;Jordan Meredith;Dylan Parham;Aidan O'Connell;Ameer Abdullah;Jermaine Eluemunor;Thayer Munford;Austin Hooper;Davante Adams;Hunter Renfrow;Jakobi Meyers,00-0033697;00-0035862;00-0036617;00-0031040;00-0039111;00-0032763;00-0034810;00-0031554;00-0036441;00-0034790;00-0036380,Michael Davis;Essang Bassey;Asante Samuel;Khalil Mack;Tuli Tuipulotu;Austin Johnson;Sebastian Joseph;Eric Kendricks;Kenneth Murray;Derwin James;Alohi Gilman
2023_15_LAC_LV,285,run,5.0,47.0,42.0,LV,1.0,3388.0,47.0,35.0,11:28,10:53,,0.0,0.0,3.0,3.0,"3 CB, 2 DE, 2 DT, 2 ILB, 2 SS",CB;CB;CB;DE;DE;DT;DT;ILB;ILB;SS;SS,11,6,0,,,False,00-0029685;00-0036604;00-0037255;00-0038579;00-0032104;00-0033290;00-0037322;00-0039066;00-0031381;00-0034960;00-0038563,Greg Van Roten;Jordan Meredith;Dylan Parham;Aidan O'Connell;Ameer Abdullah;Jermaine Eluemunor;Thayer Munford;Michael Mayer;Davante Adams;Jakobi Meyers;Tre Tucker,00-0033697;00-0035862;00-0036617;00-0031040;00-0039111;00-0032763;00-0034810;00-0031554;00-0036441;00-0034790;00-0036380,Michael Davis;Essang Bassey;Asante Samuel;Khalil Mack;Tuli Tuipulotu;Austin Johnson;Sebastian Joseph;Eric Kendricks;Kenneth Murray;Derwin James;Alohi Gilman
2023_15_LAC_LV,307,run,-1.0,42.0,43.0,LV,1.0,3353.0,42.0,41.0,10:53,10:12,,0.0,0.0,1.0,10.0,"3 CB, 2 DE, 1 DT, 2 ILB, 1 NT, 2 SS",CB;CB;CB;DE;DE;DT;ILB;ILB;NT;SS;SS,11,6,0,,,False,00-0029685;00-0036604;00-0037255;00-0038579;00-0029239;00-0033290;00-0037322;00-0039066;00-0031381;00-0031763;00-0034960,Greg Van Roten;Jordan Meredith;Dylan Parham;Aidan O'Connell;Brandon Bolden;Jermaine Eluemunor;Thayer Munford;Michael Mayer;Davante Adams;DeAndre Carter;Jakobi Meyers,00-0033697;00-0035862;00-0036617;00-0031040;00-0039111;00-0032671;00-0031554;00-0036441;00-0038614;00-0034790;00-0036380,Michael Davis;Essang Bassey;Asante Samuel;Khalil Mack;Tuli Tuipulotu;Morgan Fox;Eric Kendricks;Kenneth Murray;Scott Matlock;Derwin James;Alohi Gilman
2023_15_LAC_LV,329,no_play,0.0,43.0,43.0,LV,1.0,3312.0,43.0,23.0,10:12,9:49,,0.0,0.0,2.0,11.0,"2 CB, 2 DE, 1 DT, 1 FS, 2 ILB, 1 NT, 2 SS",CB;CB;DE;DE;DT;FS;ILB;ILB;NT;SS;SS,11,4,4,MAN_COVERAGE,COVER_1,True,00-0029685;00-0036604;00-0037255;00-0038579;00-0038040;00-0033290;00-0037322;00-0032392;00-0034983;00-0034960;00-0038563,Greg Van Roten;Jordan Meredith;Dylan Parham;Aidan O'Connell;Zamir White;Jermaine Eluemunor;Thayer Munford;Austin Hooper;Hunter Renfrow;Jakobi Meyers;Tre Tucker,00-0033697;00-0036617;00-0031040;00-0039111;00-0032671;00-0036302;00-0031554;00-0036441;00-0038614;00-0034790;00-0036380,Michael Davis;Asante Samuel;Khalil Mack;Tuli Tuipulotu;Morgan Fox;Jaylinn Hawkins;Eric Kendricks;Kenneth Murray;Scott Matlock;Derwin James;Alohi Gilman
2023_15_LAC_LV,365,pass,24.0,38.0,14.0,LV,1.0,3289.0,38.0,48.0,9:49,9:01,,0.0,0.0,2.0,6.0,"2 CB, 2 DE, 2 DT, 2 ILB, 1 NT, 2 SS",CB;CB;DE;DE;DT;DT;ILB;ILB;NT;SS;SS,11,4,5,ZONE_COVERAGE,COVER_6,False,00-0035726;00-0029685;00-0036604;00-0037255;00-0038579;00-0038040;00-0033290;00-0037322;00-0039066;00-0031381;00-0038563,Jakob Johnson;Greg Van Roten;Jordan Meredith;Dylan Parham;Aidan O'Connell;Zamir White;Jermaine Eluemunor;Thayer Munford;Michael Mayer;Davante Adams;Tre Tucker,00-0033697;00-0036617;00-0031040;00-0039111;00-0032671;00-0037375;00-0031554;00-0036441;00-0038614;00-0034790;00-0036380,Michael Davis;Asante Samuel;Khalil Mack;Tuli Tuipulotu;Morgan Fox;Christopher Hinton;Eric Kendricks;Kenneth Murray;Scott Matlock;Derwin James;Alohi Gilman
2023_15_LAC_LV,390,pass,0.0,14.0,14.0,LV,1.0,3241.0,14.0,2.0,9:01,8:59,,0.0,0.0,1.0,10.0,"3 CB, 2 DE, 2 DT, 1 ILB, 1 NT, 2 SS",CB;CB;CB;DE;DE;DT;DT;ILB;NT;SS;SS,11,4,4,MAN_COVERAGE,COVER_1,False,00-0029685;00-0036604;00-0037255;00-0038579;00-0038040;00-0033290;00-0037322;00-0039066;00-0031381;00-0034983;00-0034960,Greg Van Roten;Jordan Meredith;Dylan Parham;Aidan O'Connell;Zamir White;Jermaine Eluemunor;Thayer Munford;Michael Mayer;Davante Adams;Hunter Renfrow;Jakobi Meyers,00-0033697;00-0035862;00-0036617;00-0031040;00-0039111;00-0032671;00-0037375;00-0036441;00-0038614;00-0034790;00-0036380,Michael Davis;Essang Bassey;Asante Samuel;Khalil Mack;Tuli Tuipulotu;Morgan Fox;Christopher Hinton;Kenneth Murray;Scott Matlock;Derwin James;Alohi Gilman
2023_15_LAC_LV,413,pass,0.0,14.0,14.0,LV,1.0,3239.0,14.0,4.0,8:59,8:55,,0.0,0.0,2.0,10.0,"3 CB, 2 DE, 2 DT, 1 ILB, 1 NT, 2 SS",CB;CB;CB;DE;DE;DT;DT;ILB;NT;SS;SS,11,4,4,MAN_COVERAGE,COVER_1,False,00-0029685;00-0036604;00-0037255;00-0038579;00-0038040;00-0033290;00-0037322;00-0039066;00-0031381;00-0031763;00-0034960,Greg Van Roten;Jordan Meredith;Dylan Parham;Aidan O'Connell;Zamir White;Jermaine Eluemunor;Thayer Munford;Michael Mayer;Davante Adams;DeAndre Carter;Jakobi Meyers,00-0033697;00-0035862;00-0036617;00-0031040;00-0039111;00-0032671;00-0037375;00-0036441;00-0038614;00-0034790;00-0036380,Michael Davis;Essang Bassey;Asante Samuel;Khalil Mack;Tuli Tuipulotu;Morgan Fox;Christopher Hinton;Kenneth Murray;Scott Matlock;Derwin James;Alohi Gilman
2023_15_LAC_LV,436,pass,13.0,14.0,1.0,LV,1.0,3235.0,14.0,42.0,8:55,8:13,,0.0,0.0,3.0,10.0,"3 CB, 2 DE, 2 DT, 2 ILB, 2 SS",CB;CB;CB;DE;DE;DT;DT;ILB;ILB;SS;SS,11,5,4,ZONE_COVERAGE,COVER_4,False,00-0029685;00-0036604;00-0037255;00-0038579;00-0032104;00-0033290;00-0037322;00-0039066;00-0031381;00-0034983;00-0034960,Greg Van Roten;Jordan Meredith;Dylan Parham;Aidan O'Connell;Ameer Abdullah;Jermaine Eluemunor;Thayer Munford;Michael Mayer;Davante Adams;Hunter Renfrow;Jakobi Meyers,00-0033697;00-0035862;00-0036617;00-0031040;00-0039111;00-0032671;00-0034810;00-0031554;00-0036441;00-0034790;00-0036380,Michael Davis;Essang Bassey;Asante Samuel;Khalil Mack;Tuli Tuipulotu;Morgan Fox;Sebastian Joseph;Eric Kendricks;Kenneth Murray;Derwin James;Alohi Gilman
2023_15_LAC_LV,461,run,1.0,1.0,0.0,LV,1.0,3193.0,1.0,3.0,8:13,8:10,,6.0,0.0,1.0,1.0,"2 CB, 2 DE, 3 DT, 1 ILB, 1 NT, 2 SS",CB;CB;DE;DE;DT;DT;DT;ILB;NT;SS;SS,11,9,0,,,False,00-0035726;00-0029685;00-0036604;00-0037255;00-0038579;00-0038040;00-0033290;00-0036163;00-0037322;00-0032392;00-0039066,Jakob Johnson;Greg Van Roten;Jordan Meredith;Dylan Parham;Aidan O'Connell;Zamir White;Jermaine Eluemunor;Justin Herron;Thayer Munford;Austin Hooper;Michael Mayer,00-0033697;00-0036617;00-0031040;00-0039111;00-0032763;00-0034810;00-0037375;00-0036441;00-0038614;00-0034790;00-0036380,Michael Davis;Asante Samuel;Khalil Mack;Tuli Tuipulotu;Austin Johnson;Sebastian Joseph;Christopher Hinton;Kenneth Murray;Scott Matlock;Derwin James;Alohi Gilman
2023_15_LAC_LV,481,extra_point,0.0,15.0,15.0,LV,1.0,3190.0,15.0,0.0,8:10,8:10,,7.0,0.0,,0.0,"2 CB, 1 DE, 4 DT, 1 FS, 1 ILB, 1 NT, 1 SS",CB;CB;DE;DT;DT;DT;DT;FS;ILB;NT;SS,11,0,0,,,False,00-0033381;00-0029685;00-0036604;00-0037255;00-0034161;00-0035757;00-0035190;00-0033290;00-0034763;00-0037322;00-0039066,Adam Butler;Greg Van Roten;Jordan Meredith;Dylan Parham;Daniel Carlson;Jacob Bobenmoyer;A.J. Cole;Jermaine Eluemunor;Brandon Parker;Thayer Munford;Michael Mayer,00-0033697;00-0036617;00-0039111;00-0032763;00-0032671;00-0034810;00-0037375;00-0036302;00-0036648;00-0038614;00-0036380,Michael Davis;Asante Samuel;Tuli Tuipulotu;Austin Johnson;Morgan Fox;Sebastian Joseph;Christopher Hinton;Jaylinn Hawkins;Nick Niemann;Scott Matlock;Alohi Gilman
2023_15_LAC_LV,496,kickoff,0.0,35.0,35.0,LAC,1.0,3190.0,35.0,3.0,8:10,8:07,,7.0,0.0,,0.0,"1 CB, 1 FS, 1 K, 3 OLB, 2 RB, 1 SS, 1 TE, 1 WR",CB;FS;K;OLB;OLB;OLB;RB;RB;SS;TE;WR,11,0,0,,,False,00-0036302;00-0038866;00-0036648;00-0038553;00-0035984;00-0036370;00-0031870;00-0032394;00-0032725;00-0037475;00-0038573,Jaylinn Hawkins;A.J. Finley;Nick Niemann;Daiyan Henley;Blake Lynch;Joshua Kelley;Dean Marlowe;Nick Vannett;Stephen Anderson;Stone Smartt;Derius Davis,00-0035783;00-0037512;00-0034161;00-0035076;00-0037517;00-0038617;00-0029239;00-0032104;00-0038602;00-0035562;00-0036527,Tyler Hall;Isaiah Pola-Mao;Daniel Carlson;Curtis Bolton;Luke Masterson;Amari Burney;Brandon Bolden;Ameer Abdullah;Christopher Smith;Jesper Horsted;D.J. Turner
2023_15_LAC_LV,526,pass,14.0,79.0,65.0,LAC,1.0,3187.0,79.0,39.0,8:07,7:28,,7.0,0.0,1.0,10.0,"3 CB, 2 DE, 2 DT, 1 FS, 1 MLB, 1 OLB, 1 SS",CB;CB;CB;DE;DE;DT;DT;FS;MLB;OLB;SS,11,4,4,MAN_COVERAGE,COVER_1,False,00-0034436;00-0037818;00-0037295;00-0035282;00-0033699;00-0035688;00-0037009;00-0032394;00-0033895;00-0035414;00-0038544,Will Clapp;Zion Johnson;Jamaree Salyer;Easton Stick;Austin Ekeler;Trey Pipkins;Rashawn Slater;Nick Vannett;Gerald Everett;Jalen Guyton;Quentin Johnston,00-0036375;00-0036871;00-0038039;00-0034973;00-0038541;00-0030070;00-0034387;00-0036962;00-0036990;00-0034720;00-0034993,Amik Robertson;Nate Hobbs;Jack Jones;Maxx Crosby;Tyree Wilson;John Jenkins;Bilal Nichols;Trevon Moehrig;Divine Deablo;Robert Spillane;Marcus Epps
2023_15_LAC_LV,551,pass,13.0,65.0,52.0,LAC,1.0,3148.0,65.0,36.0,7:28,6:52,,7.0,0.0,1.0,10.0,"3 CB, 2 DE, 2 DT, 1 FS, 1 MLB, 1 OLB, 1 SS",CB;CB;CB;DE;DE;DT;DT;FS;MLB;OLB;SS,11,5,5,ZONE_COVERAGE,COVER_3,True,00-0034436;00-0037818;00-0037295;00-0035282;00-0036370;00-0035688;00-0037009;00-0032394;00-0033895;00-0035414;00-0038544,Will Clapp;Zion Johnson;Jamaree Salyer;Easton Stick;Joshua Kelley;Trey Pipkins;Rashawn Slater;Nick Vannett;Gerald Everett;Jalen Guyton;Quentin Johnston,00-0036375;00-0036871;00-0038039;00-0034973;00-0038541;00-0030070;00-0034387;00-0036962;00-0036990;00-0034720;00-0034993,Amik Robertson;Nate Hobbs;Jack Jones;Maxx Crosby;Tyree Wilson;John Jenkins;Bilal Nichols;Trevon Moehrig;Divine Deablo;Robert Spillane;Marcus Epps
2023_15_LAC_LV,586,run,0.0,52.0,52.0,LAC,1.0,3112.0,52.0,40.0,6:52,6:12,,7.0,0.0,1.0,10.0,"3 CB, 2 DE, 2 DT, 1 FS, 1 MLB, 1 OLB, 1 SS",CB;CB;CB;DE;DE;DT;DT;FS;MLB;OLB;SS,11,7,0,,,False,00-0034436;00-0037818;00-0037295;00-0035282;00-0036370;00-0035688;00-0037009;00-0032394;00-0033895;00-0032543;00-0038544,Will Clapp;Zion Johnson;Jamaree Salyer;Easton Stick;Joshua Kelley;Trey Pipkins;Rashawn Slater;Nick Vannett;Gerald Everett;Alex Erickson;Quentin Johnston,00-0036375;00-0036871;00-0038039;00-0034973;00-0038541;00-0030070;00-0035674;00-0036962;00-0036990;00-0034720;00-0034993,Amik Robertson;Nate Hobbs;Jack Jones;Maxx Crosby;Tyree Wilson;John Jenkins;Jerry Tillery;Trevon Moehrig;Divine Deablo;Robert Spillane;Marcus Epps
2023_15_LAC_LV,608,turnover,-6.0,52.0,58.0,LAC,1.0,3072.0,52.0,5.0,6:12,6:07,,7.0,0.0,2.0,10.0,"3 CB, 3 DE, 1 DT, 1 FS, 1 MLB, 1 OLB, 1 SS",CB;CB;CB;DE;DE;DE;DT;FS;MLB;OLB;SS,11,5,4,MAN_COVERAGE,COVER_1,True,00-0034436;00-0037818;00-0037295;00-0035282;00-0033699;00-0035688;00-0037009;00-0037475;00-0032543;00-0035414;00-0036988,Will Clapp;Zion Johnson;Jamaree Salyer;Easton Stick;Austin Ekeler;Trey Pipkins;Rashawn Slater;Stone Smartt;Alex Erickson;Jalen Guyton;Josh Palmer,00-0036375;00-0036871;00-0038039;00-0034973;00-0036989;00-0038541;00-0033381;00-0036962;00-0036990;00-0034720;00-0034993,Amik Robertson;Nate Hobbs;Jack Jones;Maxx Crosby;Malcolm Koonce;Tyree Wilson;Adam Butler;Trevon Moehrig;Divine Deablo;Robert Spillane;Marcus Epps
2023_15_LAC_LV,638,run,2.0,42.0,40.0,LV,1.0,3067.0,42.0,38.0,6:07,5:29,,7.0,0.0,1.0,10.0,"2 CB, 2 DE, 3 DT, 2 ILB, 2 SS",CB;CB;DE;DE;DT;DT;DT;ILB;ILB;SS;SS,11,7,0,,,False,00-0035726;00-0029685;00-0036604;00-0037255;00-0038579;00-0038040;00-0033290;00-0037322;00-0039066;00-0031381;00-0034960,Jakob Johnson;Greg Van Roten;Jordan Meredith;Dylan Parham;Aidan O'Connell;Zamir White;Jermaine Eluemunor;Thayer Munford;Michael Mayer;Davante Adams;Jakobi Meyers,00-0033697;00-0036617;00-0031040;00-0039111;00-0032763;00-0034810;00-0037375;00-0031554;00-0036441;00-0034790;00-0036380,Michael Davis;Asante Samuel;Khalil Mack;Tuli Tuipulotu;Austin Johnson;Sebastian Joseph;Christopher Hinton;Eric Kendricks;Kenneth Murray;Derwin James;Alohi Gilman
2023_15_LAC_LV,660,pass,0.0,40.0,40.0,LV,1.0,3029.0,40.0,4.0,5:29,5:25,,7.0,0.0,2.0,8.0,"2 CB, 2 DE, 2 DT, 1 FS, 2 ILB, 2 SS",CB;CB;DE;DE;DT;DT;FS;ILB;ILB;SS;SS,11,6,4,ZONE_COVERAGE,COMBO,False,00-0035726;00-0029685;00-0036604;00-0037255;00-0038579;00-0038040;00-0033290;00-0037322;00-0039066;00-0031381;00-0034960,Jakob Johnson;Greg Van Roten;Jordan Meredith;Dylan Parham;Aidan O'Connell;Zamir White;Jermaine Eluemunor;Thayer Munford;Michael Mayer;Davante Adams;Jakobi Meyers,00-0033697;00-0036617;00-0031040;00-0039111;00-0032763;00-0034810;00-0036302;00-0031554;00-0036441;00-0034790;00-0036380,Michael Davis;Asante Samuel;Khalil Mack;Tuli Tuipulotu;Austin Johnson;Sebastian Joseph;Jaylinn Hawkins;Eric Kendricks;Kenneth Murray;Derwin James;Alohi Gilman
2023_15_LAC_LV,683,pass,10.0,40.0,30.0,LV,1.0,3025.0,40.0,38.0,5:25,4:47,,7.0,0.0,3.0,8.0,"2 CB, 2 DE, 1 DT, 1 FS, 2 ILB, 1 OLB, 2 SS",CB;CB;DE;DE;DT;FS;ILB;ILB;OLB;SS;SS,11,5,4,ZONE_COVERAGE,COVER_2,False,00-0029685;00-0036604;00-0037255;00-0038579;00-0032104;00-0033290;00-0037322;00-0039066;00-0031381;00-0034983;00-0034960,Greg Van Roten;Jordan Meredith;Dylan Parham;Aidan O'Connell;Ameer Abdullah;Jermaine Eluemunor;Thayer Munford;Michael Mayer;Davante Adams;Hunter Renfrow;Jakobi Meyers,00-0033697;00-0036617;00-0031040;00-0039111;00-0032671;00-0036302;00-0031554;00-0036441;00-0035591;00-0034790;00-0036380,Michael Davis;Asante Samuel;Khalil Mack;Tuli Tuipulotu;Morgan Fox;Jaylinn Hawkins;Eric Kendricks;Kenneth Murray;Justin Hollins;Derwin James;Alohi Gilman
2023_15_LAC_LV,708,pass,30.0,30.0,0.0,LV,1.0,2987.0,30.0,6.0,4:47,4:41,,13.0,0.0,1.0,10.0,"2 CB, 2 DE, 2 DT, 1 FS, 2 ILB, 2 SS",CB;CB;DE;DE;DT;DT;FS;ILB;ILB;SS;SS,11,5,4,ZONE_COVERAGE,COVER_2,False,00-0029685;00-0036604;00-0037255;00-0038579;00-0038040;00-0033290;00-0037322;00-0032392;00-0031381;00-0034960;00-0038563,Greg Van Roten;Jordan Meredith;Dylan Parham;Aidan O'Connell;Zamir White;Jermaine Eluemunor;Thayer Munford;Austin Hooper;Davante Adams;Jakobi Meyers;Tre Tucker,00-0033697;00-0036617;00-0031040;00-0039111;00-0032763;00-0032671;00-0036302;00-0031554;00-0036441;00-0034790;00-0036380,Michael Davis;Asante Samuel;Khalil Mack;Tuli Tuipulotu;Austin Johnson;Morgan Fox;Jaylinn Hawkins;Eric Kendricks;Kenneth Murray;Derwin James;Alohi Gilman
2023_15_LAC_LV,783,extra_point,0.0,15.0,15.0,LV,1.0,2981.0,15.0,0.0,4:41,4:41,,14.0,0.0,,0.0,"2 CB, 1 DE, 4 DT, 1 FS, 1 ILB, 1 NT, 1 SS",CB;CB;DE;DT;DT;DT;DT;FS;ILB;NT;SS,11,0,0,,,False,00-0033381;00-0029685;00-0036604;00-0037255;00-0034161;00-0035757;00-0035190;00-0033290;00-0034763;00-0037322;00-0039066,Adam Butler;Greg Van Roten;Jordan Meredith;Dylan Parham;Daniel Carlson;Jacob Bobenmoyer;A.J. Cole;Jermaine Eluemunor;Brandon Parker;Thayer Munford;Michael Mayer,00-0033697;00-0036617;00-0039111;00-0032763;00-0032671;00-0034810;00-0037375;00-0036302;00-0036648;00-0038614;00-0036380,Michael Davis;Asante Samuel;Tuli Tuipulotu;Austin Johnson;Morgan Fox;Sebastian Joseph;Christopher Hinton;Jaylinn Hawkins;Nick Niemann;Scott Matlock;Alohi Gilman
2023_15_LAC_LV,798,kickoff,0.0,35.0,35.0,LAC,1.0,2981.0,35.0,0.0,4:41,4:41,,14.0,0.0,,0.0,"1 CB, 1 FS, 1 K, 3 OLB, 2 RB, 1 SS, 1 TE, 1 WR",CB;FS;K;OLB;OLB;OLB;RB;RB;SS;TE;WR,11,0,0,,,False,00-0036302;00-0038866;00-0036648;00-0038553;00-0035984;00-0036370;00-0031870;00-0032394;00-0032725;00-0037475;00-0038573,Jaylinn Hawkins;A.J. Finley;Nick Niemann;Daiyan Henley;Blake Lynch;Joshua Kelley;Dean Marlowe;Nick Vannett;Stephen Anderson;Stone Smartt;Derius Davis,00-0035783;00-0037512;00-0034161;00-0035076;00-0037517;00-0038617;00-0029239;00-0032104;00-0038602;00-0035562;00-0036527,Tyler Hall;Isaiah Pola-Mao;Daniel Carlson;Curtis Bolton;Luke Masterson;Amari Burney;Brandon Bolden;Ameer Abdullah;Christopher Smith;Jesper Horsted;D.J. Turner
2023_15_LAC_LV,814,turnover,4.0,75.0,71.0,LAC,1.0,2981.0,75.0,5.0,4:41,4:36,,14.0,0.0,1.0,10.0,"3 CB, 2 DE, 2 DT, 1 FS, 1 MLB, 1 OLB, 1 SS",CB;CB;CB;DE;DE;DT;DT;FS;MLB;OLB;SS,11,6,0,,,False,00-0034436;00-0037818;00-0037295;00-0035282;00-0036370;00-0035688;00-0037009;00-0032394;00-0033895;00-0035414;00-0038544,Will Clapp;Zion Johnson;Jamaree Salyer;Easton Stick;Joshua Kelley;Trey Pipkins;Rashawn Slater;Nick Vannett;Gerald Everett;Jalen Guyton;Quentin Johnston,00-0036375;00-0036871;00-0038039;00-0034973;00-0036989;00-0033381;00-0035674;00-0036962;00-0036990;00-0034720;00-0034993,Amik Robertson;Nate Hobbs;Jack Jones;Maxx Crosby;Malcolm Koonce;Adam Butler;Jerry Tillery;Trevon Moehrig;Divine Deablo;Robert Spillane;Marcus Epps
2023_15_LAC_LV,847,no_play,0.0,31.0,31.0,LV,1.0,2976.0,31.0,0.0,4:36,4:36,,14.0,0.0,1.0,10.0,"2 CB, 2 DE, 2 DT, 2 ILB, 1 NT, 2 SS",CB;CB;DE;DE;DT;DT;ILB;ILB;NT;SS;SS,11,0,0,,,False,00-0035726;00-0029685;00-0036604;00-0037255;00-0038579;00-0038040;00-0033290;00-0037322;00-0039066;00-0031381;00-0034960,Jakob Johnson;Greg Van Roten;Jordan Meredith;Dylan Parham;Aidan O'Connell;Zamir White;Jermaine Eluemunor;Thayer Munford;Michael Mayer;Davante Adams;Jakobi Meyers,00-0033697;00-0036617;00-0031040;00-0039111;00-0032763;00-0034810;00-0031554;00-0036441;00-0038614;00-0034790;00-0036380,Michael Davis;Asante Samuel;Khalil Mack;Tuli Tuipulotu;Austin Johnson;Sebastian Joseph;Eric Kendricks;Kenneth Murray;Scott Matlock;Derwin James;Alohi Gilman
2023_15_LAC_LV,871,pass,9.0,36.0,27.0,LV,1.0,2976.0,36.0,38.0,4:36,3:58,,14.0,0.0,1.0,15.0,"3 CB, 2 DE, 2 DT, 2 ILB, 2 SS",CB;CB;CB;DE;DE;DT;DT;ILB;ILB;SS;SS,11,6,4,MAN_COVERAGE,COVER_1,False,00-0029685;00-0036604;00-0037255;00-0038579;00-0038040;00-0033290;00-0037322;00-0039066;00-0031381;00-0034960;00-0038563,Greg Van Roten;Jordan Meredith;Dylan Parham;Aidan O'Connell;Zamir White;Jermaine Eluemunor;Thayer Munford;Michael Mayer;Davante Adams;Jakobi Meyers;Tre Tucker,00-0033697;00-0035862;00-0036617;00-0031040;00-0039111;00-0032763;00-0034810;00-0031554;00-0036441;00-0034790;00-0036380,Michael Davis;Essang Bassey;Asante Samuel;Khalil Mack;Tuli Tuipulotu;Austin Johnson;Sebastian Joseph;Eric Kendricks;Kenneth Murray;Derwin James;Alohi Gilman
2023_15_LAC_LV,896,run,5.0,27.0,22.0,LV,1.0,2938.0,27.0,45.0,3:58,3:13,,14.0,0.0,2.0,6.0,"3 CB, 2 DE, 2 DT, 2 ILB, 2 SS",CB;CB;CB;DE;DE;DT;DT;ILB;ILB;SS;SS,11,6,0,,,False,00-0029685;00-0036604;00-0037255;00-0038579;00-0038040;00-0033290;00-0037322;00-0039066;00-0031381;00-0034983;00-0034960,Greg Van Roten;Jordan Meredith;Dylan Parham;Aidan O'Connell;Zamir White;Jermaine Eluemunor;Thayer Munford;Michael Mayer;Davante Adams;Hunter Renfrow;Jakobi Meyers,00-0033697;00-0035862;00-0036617;00-0031040;00-0039111;00-0032763;00-0034810;00-0031554;00-0036441;00-0034790;00-0036380,Michael Davis;Essang Bassey;Asante Samuel;Khalil Mack;Tuli Tuipulotu;Austin Johnson;Sebastian Joseph;Eric Kendricks;Kenneth Murray;Derwin James;Alohi Gilman
2023_15_LAC_LV,918,pass,22.0,22.0,0.0,LV,1.0,2893.0,22.0,6.0,3:13,3:07,,20.0,0.0,3.0,1.0,"3 CB, 2 DE, 2 DT, 2 ILB, 2 SS",CB;CB;CB;DE;DE;DT;DT;ILB;ILB;SS;SS,11,5,5,MAN_COVERAGE,COVER_1,False,00-0029685;00-0036604;00-0037255;00-0038579;00-0038040;00-0033290;00-0037322;00-0039066;00-0031381;00-0034960;00-0038563,Greg Van Roten;Jordan Meredith;Dylan Parham;Aidan O'Connell;Zamir White;Jermaine Eluemunor;Thayer Munford;Michael Mayer;Davante Adams;Jakobi Meyers;Tre Tucker,00-0033697;00-0035862;00-0036617;00-0031040;00-0039111;00-0032763;00-0034810;00-0031554;00-0036441;00-0034790;00-0036380,Michael Davis;Essang Bassey;Asante Samuel;Khalil Mack;Tuli Tuipulotu;Austin Johnson;Sebastian Joseph;Eric Kendricks;Kenneth Murray;Derwin James;Alohi Gilman
2023_15_LAC_LV,939,extra_point,0.0,15.0,15.0,LV,1.0,2887.0,15.0,0.0,3:07,3:07,,21.0,0.0,,0.0,"2 CB, 1 DE, 4 DT, 1 FS, 1 ILB, 1 NT, 1 SS",CB;CB;DE;DT;DT;DT;DT;FS;ILB;NT;SS,11,0,0,,,False,00-0033381;00-0029685;00-0036604;00-0037255;00-0034161;00-0035757;00-0035190;00-0033290;00-0034763;00-0037322;00-0039066,Adam Butler;Greg Van Roten;Jordan Meredith;Dylan Parham;Daniel Carlson;Jacob Bobenmoyer;A.J. Cole;Jermaine Eluemunor;Brandon Parker;Thayer Munford;Michael Mayer,00-0033697;00-0036617;00-0039111;00-0032763;00-0032671;00-0034810;00-0037375;00-0036302;00-0036648;00-0038614;00-0036380,Michael Davis;Asante Samuel;Tuli Tuipulotu;Austin Johnson;Morgan Fox;Sebastian Joseph;Christopher Hinton;Jaylinn Hawkins;Nick Niemann;Scott Matlock;Alohi Gilman
2023_15_LAC_LV,954,kickoff,0.0,35.0,35.0,LAC,1.0,2887.0,35.0,6.0,3:07,3:01,,21.0,0.0,,0.0,"1 CB, 1 FS, 1 K, 3 OLB, 2 RB, 1 SS, 1 TE, 1 WR",CB;FS;K;OLB;OLB;OLB;RB;RB;SS;TE;WR,11,0,0,,,False,00-0036302;00-0038866;00-0036648;00-0038553;00-0035984;00-0036370;00-0031870;00-0032394;00-0032725;00-0037475;00-0038573,Jaylinn Hawkins;A.J. Finley;Nick Niemann;Daiyan Henley;Blake Lynch;Joshua Kelley;Dean Marlowe;Nick Vannett;Stephen Anderson;Stone Smartt;Derius Davis,00-0035783;00-0037512;00-0034161;00-0035076;00-0037517;00-0038617;00-0029239;00-0032104;00-0038602;00-0035562;00-0036527,Tyler Hall;Isaiah Pola-Mao;Daniel Carlson;Curtis Bolton;Luke Masterson;Amari Burney;Brandon Bolden;Ameer Abdullah;Christopher Smith;Jesper Horsted;D.J. Turner
2023_15_LAC_LV,984,no_play,0.0,73.0,73.0,LAC,1.0,2881.0,73.0,22.0,3:01,2:39,,21.0,0.0,1.0,10.0,"3 CB, 2 DE, 2 DT, 1 FS, 1 MLB, 1 OLB, 1 SS",CB;CB;CB;DE;DE;DT;DT;FS;MLB;OLB;SS,11,6,0,,,False,00-0034436;00-0037818;00-0037295;00-0035282;00-0033699;00-0035688;00-0037009;00-0032394;00-0033895;00-0035414;00-0036988,Will Clapp;Zion Johnson;Jamaree Salyer;Easton Stick;Austin Ekeler;Trey Pipkins;Rashawn Slater;Nick Vannett;Gerald Everett;Jalen Guyton;Josh Palmer,00-0036375;00-0036871;00-0038039;00-0034973;00-0038541;00-0033381;00-0035674;00-0036962;00-0036990;00-0034720;00-0034993,Amik Robertson;Nate Hobbs;Jack Jones;Maxx Crosby;Tyree Wilson;Adam Butler;Jerry Tillery;Trevon Moehrig;Divine Deablo;Robert Spillane;Marcus Epps
2023_15_LAC_LV,1028,pass,11.0,83.0,72.0,LAC,1.0,2859.0,83.0,40.0,2:39,1:59,,21.0,0.0,1.0,20.0,"3 CB, 2 DE, 2 DT, 1 FS, 1 MLB, 1 OLB, 1 SS",CB;CB;CB;DE;DE;DT;DT;FS;MLB;OLB;SS,11,4,4,MAN_COVERAGE,COVER_1,False,00-0034436;00-0037818;00-0037295;00-0035282;00-0033699;00-0035688;00-0037009;00-0032394;00-0033895;00-0035414;00-0038544,Will Clapp;Zion Johnson;Jamaree Salyer;Easton Stick;Austin Ekeler;Trey Pipkins;Rashawn Slater;Nick Vannett;Gerald Everett;Jalen Guyton;Quentin Johnston,00-0036375;00-0036871;00-0038039;00-0034973;00-0038541;00-0033381;00-0035674;00-0036962;00-0036990;00-0034720;00-0034993,Amik Robertson;Nate Hobbs;Jack Jones;Maxx Crosby;Tyree Wilson;Adam Butler;Jerry Tillery;Trevon Moehrig;Divine Deablo;Robert Spillane;Marcus Epps
2023_15_LAC_LV,1064,pass,11.0,73.0,62.0,LAC,1.0,2819.0,73.0,35.0,1:59,1:24,,21.0,0.0,2.0,10.0,"3 CB, 3 DE, 1 DT, 1 FS, 1 MLB, 1 OLB, 1 SS",CB;CB;CB;DE;DE;DE;DT;FS;MLB;OLB;SS,11,6,5,ZONE_COVERAGE,COVER_3,False,00-0034436;00-0037818;00-0037295;00-0035282;00-0033699;00-0035688;00-0037009;00-0033895;00-0036988;00-0038544;00-0038573,Will Clapp;Zion Johnson;Jamaree Salyer;Easton Stick;Austin Ekeler;Trey Pipkins;Rashawn Slater;Gerald Everett;Josh Palmer;Quentin Johnston;Derius Davis,00-0036375;00-0036871;00-0038039;00-0034973;00-0036989;00-0038541;00-0033381;00-0036962;00-0036990;00-0034720;00-0034993,Amik Robertson;Nate Hobbs;Jack Jones;Maxx Crosby;Malcolm Koonce;Tyree Wilson;Adam Butler;Trevon Moehrig;Divine Deablo;Robert Spillane;Marcus Epps
2023_15_LAC_LV,1093,pass,4.0,62.0,58.0,LAC,1.0,2784.0,62.0,34.0,1:24,0:50,,21.0,0.0,1.0,10.0,"3 CB, 2 DE, 2 DT, 1 FS, 1 MLB, 1 OLB, 1 SS",CB;CB;CB;DE;DE;DT;DT;FS;MLB;OLB;SS,11,4,5,ZONE_COVERAGE,COVER_3,True,00-0034436;00-0037818;00-0037295;00-0035282;00-0033699;00-0035688;00-0037009;00-0032394;00-0037475;00-0035414;00-0038544,Will Clapp;Zion Johnson;Jamaree Salyer;Easton Stick;Austin Ekeler;Trey Pipkins;Rashawn Slater;Nick Vannett;Stone Smartt;Jalen Guyton;Quentin Johnston,00-0036375;00-0036871;00-0038039;00-0034973;00-0036989;00-0030070;00-0034387;00-0036962;00-0036990;00-0034720;00-0034993,Amik Robertson;Nate Hobbs;Jack Jones;Maxx Crosby;Malcolm Koonce;John Jenkins;Bilal Nichols;Trevon Moehrig;Divine Deablo;Robert Spillane;Marcus Epps
2023_15_LAC_LV,1118,run,1.0,58.0,57.0,LAC,1.0,2750.0,58.0,45.0,0:50,0:05,,21.0,0.0,2.0,6.0,"3 CB, 2 DE, 2 DT, 1 FS, 1 MLB, 1 OLB, 1 SS",CB;CB;CB;DE;DE;DT;DT;FS;MLB;OLB;SS,11,7,0,,,False,00-0034436;00-0037818;00-0037295;00-0035282;00-0033699;00-0035688;00-0037009;00-0032394;00-0032543;00-0036988;00-0038544,Will Clapp;Zion Johnson;Jamaree Salyer;Easton Stick;Austin Ekeler;Trey Pipkins;Rashawn Slater;Nick Vannett;Alex Erickson;Josh Palmer;Quentin Johnston,00-0036375;00-0036871;00-0038039;00-0034973;00-0036989;00-0030070;00-0034387;00-0036962;00-0036990;00-0034720;00-0034993,Amik Robertson;Nate Hobbs;Jack Jones;Maxx Crosby;Malcolm Koonce;John Jenkins;Bilal Nichols;Trevon Moehrig;Divine Deablo;Robert Spillane;Marcus Epps
2023_15_LAC_LV,1140,pass,-7.0,57.0,64.0,LAC,1.0,2705.0,57.0,5.0,0:05,0:00,,21.0,0.0,3.0,5.0,"3 CB, 2 DE, 2 DT, 1 FS, 1 MLB, 1 OLB, 1 SS",CB;CB;CB;DE;DE;DT;DT;FS;MLB;OLB;SS,11,6,6,MAN_COVERAGE,COVER_1,True,00-0034436;00-0037818;00-0037295;00-0035282;00-0033699;00-0035688;00-0037009;00-0037475;00-0035414;00-0036988;00-0038544,Will Clapp;Zion Johnson;Jamaree Salyer;Easton Stick;Austin Ekeler;Trey Pipkins;Rashawn Slater;Stone Smartt;Jalen Guyton;Josh Palmer;Quentin Johnston,00-0036375;00-0036871;00-0038039;00-0034973;00-0036989;00-0033381;00-0035674;00-0036962;00-0036990;00-0034720;00-0034993,Amik Robertson;Nate Hobbs;Jack Jones;Maxx Crosby;Malcolm Koonce;Adam Butler;Jerry Tillery;Trevon Moehrig;Divine Deablo;Robert Spillane;Marcus Epps
2023_15_LAC_LV,1160,start_quarter_2,,,,LAC,1.0,2700.0,,0.0,0:00,0:00,,21.0,0.0,,0.0,,,,,,,,,,,,
2023_15_LAC_LV,1180,punt,0.0,64.0,64.0,LAC,2.0,2700.0,64.0,9.0,15:00,14:51,,21.0,0.0,4.0,12.0,"2 CB, 1 DE, 1 FS, 2 OLB, 1 RB, 1 SS, 1 TE, 2 WR",CB;CB;DE;FS;OLB;OLB;RB;SS;TE;WR;WR,11,0,0,,,False,00-0037307;00-0039111;00-0038866;00-0036648;00-0038553;00-0028845;00-0035984;00-0034162;00-0031870;00-0032394;00-0032725,Ja'Sir Taylor;Tuli Tuipulotu;A.J. Finley;Nick Niemann;Daiyan Henley;Josh Harris;Blake Lynch;J.K. Scott;Dean Marlowe;Nick Vannett;Stephen Anderson,00-0035783;00-0039072;00-0036989;00-0037512;00-0035076;00-0037517;00-0029239;00-0038602;00-0035562;00-0031763;00-0036527,Tyler Hall;Jakorian Bennett;Malcolm Koonce;Isaiah Pola-Mao;Curtis Bolton;Luke Masterson;Brandon Bolden;Christopher Smith;Jesper Horsted;DeAndre Carter;D.J. Turner
2023_15_LAC_LV,1200,run,0.0,82.0,82.0,LV,2.0,2691.0,82.0,39.0,14:51,14:12,,21.0,0.0,1.0,10.0,"2 CB, 2 DE, 1 DT, 1 FS, 2 ILB, 1 NT, 2 SS",CB;CB;DE;DE;DT;FS;ILB;ILB;NT;SS;SS,11,7,0,,,False,00-0029685;00-0036604;00-0037255;00-0038579;00-0038040;00-0033290;00-0037322;00-0032392;00-0039066;00-0034960;00-0038563,Greg Van Roten;Jordan Meredith;Dylan Parham;Aidan O'Connell;Zamir White;Jermaine Eluemunor;Thayer Munford;Austin Hooper;Michael Mayer;Jakobi Meyers;Tre Tucker,00-0033697;00-0036617;00-0031040;00-0039111;00-0037375;00-0036302;00-0031554;00-0036441;00-0038614;00-0034790;00-0036380,Michael Davis;Asante Samuel;Khalil Mack;Tuli Tuipulotu;Christopher Hinton;Jaylinn Hawkins;Eric Kendricks;Kenneth Murray;Scott Matlock;Derwin James;Alohi Gilman
2023_15_LAC_LV,1222,pass,0.0,82.0,82.0,LV,2.0,2652.0,82.0,4.0,14:12,14:08,,21.0,0.0,2.0,10.0,"2 CB, 2 DE, 1 DT, 1 FS, 2 ILB, 1 NT, 2 SS",CB;CB;DE;DE;DT;FS;ILB;ILB;NT;SS;SS,11,4,4,ZONE_COVERAGE,COMBO,True,00-0029685;00-0036604;00-0037255;00-0038579;00-0038040;00-0033290;00-0037322;00-0032392;00-0039066;00-0031381;00-0034960,Greg Van Roten;Jordan Meredith;Dylan Parham;Aidan O'Connell;Zamir White;Jermaine Eluemunor;Thayer Munford;Austin Hooper;Michael Mayer;Davante Adams;Jakobi Meyers,00-0033697;00-0036617;00-0031040;00-0039111;00-0037375;00-0036302;00-0031554;00-0036441;00-0038614;00-0034790;00-0036380,Michael Davis;Asante Samuel;Khalil Mack;Tuli Tuipulotu;Christopher Hinton;Jaylinn Hawkins;Eric Kendricks;Kenneth Murray;Scott Matlock;Derwin James;Alohi Gilman
2023_15_LAC_LV,1245,pass,8.0,82.0,74.0,LV,2.0,2648.0,82.0,0.0,14:08,14:08,,21.0,0.0,3.0,10.0,"3 CB, 2 DE, 1 DT, 2 ILB, 1 OLB, 2 SS",CB;CB;CB;DE;DE;DT;ILB;ILB;OLB;SS;SS,11,4,4,MAN_COVERAGE,COVER_1,False,00-0029685;00-0036604;00-0037255;00-0038579;00-0032104;00-0033290;00-0037322;00-0039066;00-0031381;00-0034960;00-0038563,Greg Van Roten;Jordan Meredith;Dylan Parham;Aidan O'Connell;Ameer Abdullah;Jermaine Eluemunor;Thayer Munford;Michael Mayer;Davante Adams;Jakobi Meyers;Tre Tucker,00-0033697;00-0035862;00-0036617;00-0031040;00-0039111;00-0032671;00-0031554;00-0036441;00-0035591;00-0034790;00-0036380,Michael Davis;Essang Bassey;Asante Samuel;Khalil Mack;Tuli Tuipulotu;Morgan Fox;Eric Kendricks;Kenneth Murray;Justin Hollins;Derwin James;Alohi Gilman
2023_15_LAC_LV,1257,timeout,0.0,,,,2.0,2648.0,,47.0,14:08,13:21,LV,21.0,0.0,,0.0,,,,,,,,,,,,
2023_15_LAC_LV,1277,punt,0.0,74.0,74.0,LV,2.0,2601.0,74.0,9.0,13:21,13:12,,21.0,0.0,4.0,2.0,"2 CB, 1 FS, 2 ILB, 2 OLB, 1 SS, 2 TE, 1 WR",CB;CB;FS;ILB;ILB;OLB;OLB;SS;TE;TE;WR,11,0,0,,,False,00-0036989;00-0035726;00-0037512;00-0035757;00-0035076;00-0037517;00-0035190;00-0029239;00-0032104;00-0035562;00-0036527,Malcolm Koonce;Jakob Johnson;Isaiah Pola-Mao;Jacob Bobenmoyer;Curtis Bolton;Luke Masterson;A.J. Cole;Brandon Bolden;Ameer Abdullah;Jesper Horsted;D.J. Turner,00-0035862;00-0037307;00-0038866;00-0036648;00-0038553;00-0035591;00-0035984;00-0031870;00-0032725;00-0037475;00-0038573,Essang Bassey;Ja'Sir Taylor;A.J. Finley;Nick Niemann;Daiyan Henley;Justin Hollins;Blake Lynch;Dean Marlowe;Stephen Anderson;Stone Smartt;Derius Davis
2023_15_LAC_LV,1301,no_play,0.0,79.0,79.0,LAC,2.0,2592.0,79.0,0.0,13:12,13:12,,21.0,0.0,1.0,10.0,"3 CB, 2 DE, 2 DT, 1 FS, 1 MLB, 1 OLB, 1 SS",CB;CB;CB;DE;DE;DT;DT;FS;MLB;OLB;SS,11,0,0,,,False,00-0034436;00-0037818;00-0037295;00-0035282;00-0038045;00-0035688;00-0037009;00-0037475;00-0032543;00-0036988;00-0038544,Will Clapp;Zion Johnson;Jamaree Salyer;Easton Stick;Isaiah Spiller;Trey Pipkins;Rashawn Slater;Stone Smartt;Alex Erickson;Josh Palmer;Quentin Johnston,00-0036375;00-0036871;00-0038039;00-0034973;00-0036878;00-0030070;00-0034387;00-0036962;00-0036990;00-0034720;00-0034993,Amik Robertson;Nate Hobbs;Jack Jones;Maxx Crosby;Janarius Robinson;John Jenkins;Bilal Nichols;Trevon Moehrig;Divine Deablo;Robert Spillane;Marcus Epps
2023_15_LAC_LV,1332,run,1.0,74.0,73.0,LAC,2.0,2592.0,74.0,42.0,13:12,12:30,,21.0,0.0,1.0,5.0,"3 CB, 2 DE, 2 DT, 1 FS, 1 MLB, 1 OLB, 1 SS",CB;CB;CB;DE;DE;DT;DT;FS;MLB;OLB;SS,11,7,0,,,False,00-0034436;00-0037818;00-0037295;00-0035282;00-0038045;00-0035688;00-0037009;00-0037475;00-0032543;00-0036988;00-0038544,Will Clapp;Zion Johnson;Jamaree Salyer;Easton Stick;Isaiah Spiller;Trey Pipkins;Rashawn Slater;Stone Smartt;Alex Erickson;Josh Palmer;Quentin Johnston,00-0036375;00-0036871;00-0038039;00-0034973;00-0036878;00-0030070;00-0034387;00-0036962;00-0036990;00-0034720;00-0034993,Amik Robertson;Nate Hobbs;Jack Jones;Maxx Crosby;Janarius Robinson;John Jenkins;Bilal Nichols;Trevon Moehrig;Divine Deablo;Robert Spillane;Marcus Epps
2023_15_LAC_LV,1354,pass,6.0,73.0,67.0,LAC,2.0,2550.0,73.0,46.0,12:30,11:44,,21.0,0.0,2.0,4.0,"3 CB, 2 DE, 2 DT, 1 FS, 1 MLB, 1 OLB, 1 SS",CB;CB;CB;DE;DE;DT;DT;FS;MLB;OLB;SS,11,5,4,ZONE_COVERAGE,COVER_2,False,00-0034436;00-0037818;00-0037295;00-0035282;00-0038045;00-0035688;00-0037009;00-0033895;00-0037475;00-0035414;00-0036988,Will Clapp;Zion Johnson;Jamaree Salyer;Easton Stick;Isaiah Spiller;Trey Pipkins;Rashawn Slater;Gerald Everett;Stone Smartt;Jalen Guyton;Josh Palmer,00-0036375;00-0036871;00-0038039;00-0034973;00-0036878;00-0033381;00-0034387;00-0036962;00-0036990;00-0034720;00-0034993,Amik Robertson;Nate Hobbs;Jack Jones;Maxx Crosby;Janarius Robinson;Adam Butler;Bilal Nichols;Trevon Moehrig;Divine Deablo;Robert Spillane;Marcus Epps
2023_15_LAC_LV,1379,run,3.0,67.0,64.0,LAC,2.0,2504.0,67.0,0.0,11:44,11:44,,21.0,0.0,1.0,10.0,"3 CB, 2 DE, 2 DT, 1 FS, 1 MLB, 1 OLB, 1 SS",CB;CB;CB;DE;DE;DT;DT;FS;MLB;OLB;SS,11,6,0,,,False,00-0034436;00-0037818;00-0037295;00-0035282;00-0038045;00-0035688;00-0037009;00-0032394;00-0032543;00-0036988;00-0038544,Will Clapp;Zion Johnson;Jamaree Salyer;Easton Stick;Isaiah Spiller;Trey Pipkins;Rashawn Slater;Nick Vannett;Alex Erickson;Josh Palmer;Quentin Johnston,00-0036375;00-0036871;00-0038039;00-0034973;00-0038541;00-0033381;00-0034387;00-0036962;00-0036990;00-0034720;00-0034993,Amik Robertson;Nate Hobbs;Jack Jones;Maxx Crosby;Tyree Wilson;Adam Butler;Bilal Nichols;Trevon Moehrig;Divine Deablo;Robert Spillane;Marcus Epps
2023_15_LAC_LV,1391,timeout,0.0,,,,2.0,2504.0,,36.0,11:44,11:08,LAC,21.0,0.0,,0.0,,,,,,,,,,,,
2023_15_LAC_LV,1408,pass,0.0,64.0,64.0,LAC,2.0,2468.0,64.0,5.0,11:08,11:03,,21.0,0.0,2.0,7.0,"3 CB, 3 DE, 1 DT, 1 FS, 1 MLB, 1 OLB, 1 SS",CB;CB;CB;DE;DE;DE;DT;FS;MLB;OLB;SS,11,5,5,MAN_COVERAGE,COVER_1,False,00-0034436;00-0037818;00-0037295;00-0035282;00-0033699;00-0035688;00-0037009;00-0033895;00-0032543;00-0036988;00-0038544,Will Clapp;Zion Johnson;Jamaree Salyer;Easton Stick;Austin Ekeler;Trey Pipkins;Rashawn Slater;Gerald Everett;Alex Erickson;Josh Palmer;Quentin Johnston,00-0036375;00-0036871;00-0038039;00-0034973;00-0036989;00-0038541;00-0033381;00-0036962;00-0036990;00-0034720;00-0034993,Amik Robertson;Nate Hobbs;Jack Jones;Maxx Crosby;Malcolm Koonce;Tyree Wilson;Adam Butler;Trevon Moehrig;Divine Deablo;Robert Spillane;Marcus Epps
2023_15_LAC_LV,1431,pass,0.0,64.0,64.0,LAC,2.0,2463.0,64.0,5.0,11:03,10:58,,21.0,0.0,3.0,7.0,"4 CB, 4 DE, 1 FS, 1 OLB, 1 SS",CB;CB;CB;CB;DE;DE;DE;DE;FS;OLB;SS,11,4,4,ZONE_COVERAGE,COMBO,True,00-0034436;00-0037818;00-0037295;00-0035282;00-0033699;00-0035688;00-0037009;00-0033895;00-0032543;00-0036988;00-0038544,Will Clapp;Zion Johnson;Jamaree Salyer;Easton Stick;Austin Ekeler;Trey Pipkins;Rashawn Slater;Gerald Everett;Alex Erickson;Josh Palmer;Quentin Johnston,00-0036375;00-0036871;00-0038039;00-0039072;00-0034973;00-0036989;00-0036878;00-0038541;00-0036962;00-0034720;00-0034993,Amik Robertson;Nate Hobbs;Jack Jones;Jakorian Bennett;Maxx Crosby;Malcolm Koonce;Janarius Robinson;Tyree Wilson;Trevon Moehrig;Robert Spillane;Marcus Epps
2023_15_LAC_LV,1454,punt,0.0,64.0,64.0,LAC,2.0,2458.0,64.0,12.0,10:58,10:46,,21.0,0.0,4.0,7.0,"2 CB, 1 DE, 1 FS, 2 OLB, 1 RB, 1 SS, 1 TE, 2 WR",CB;CB;DE;FS;OLB;OLB;RB;SS;TE;WR;WR,11,0,0,,,False,00-0037307;00-0039111;00-0038866;00-0036648;00-0038553;00-0028845;00-0035984;00-0034162;00-0031870;00-0032394;00-0032725,Ja'Sir Taylor;Tuli Tuipulotu;A.J. Finley;Nick Niemann;Daiyan Henley;Josh Harris;Blake Lynch;J.K. Scott;Dean Marlowe;Nick Vannett;Stephen Anderson,00-0035783;00-0039072;00-0036989;00-0037512;00-0035076;00-0037517;00-0029239;00-0038602;00-0035562;00-0031763;00-0036527,Tyler Hall;Jakorian Bennett;Malcolm Koonce;Isaiah Pola-Mao;Curtis Bolton;Luke Masterson;Brandon Bolden;Christopher Smith;Jesper Horsted;DeAndre Carter;D.J. Turner
2023_15_LAC_LV,1480,pass,0.0,70.0,70.0,LV,2.0,2446.0,70.0,4.0,10:46,10:42,,21.0,0.0,1.0,10.0,"3 CB, 2 DE, 2 DT, 2 ILB, 2 SS",CB;CB;CB;DE;DE;DT;DT;ILB;ILB;SS;SS,11,6,5,MAN_COVERAGE,COVER_1,False,00-0029685;00-0036604;00-0037255;00-0038579;00-0038040;00-0033290;00-0037322;00-0032392;00-0031381;00-0034960;00-0038563,Greg Van Roten;Jordan Meredith;Dylan Parham;Aidan O'Connell;Zamir White;Jermaine Eluemunor;Thayer Munford;Austin Hooper;Davante Adams;Jakobi Meyers;Tre Tucker,00-0033697;00-0035862;00-0036617;00-0031040;00-0039111;00-0032763;00-0034810;00-0031554;00-0036441;00-0034790;00-0036380,Michael Davis;Essang Bassey;Asante Samuel;Khalil Mack;Tuli Tuipulotu;Austin Johnson;Sebastian Joseph;Eric Kendricks;Kenneth Murray;Derwin James;Alohi Gilman
2023_15_LAC_LV,1510,run,6.0,70.0,64.0,LV,2.0,2442.0,70.0,44.0,10:42,9:58,,21.0,0.0,2.0,10.0,"3 CB, 2 DE, 2 DT, 2 ILB, 2 SS",CB;CB;CB;DE;DE;DT;DT;ILB;ILB;SS;SS,11,6,0,,,False,00-0029685;00-0036604;00-0037255;00-0038579;00-0038040;00-0033290;00-0037322;00-0032392;00-0034983;00-0034960;00-0038563,Greg Van Roten;Jordan Meredith;Dylan Parham;Aidan O'Connell;Zamir White;Jermaine Eluemunor;Thayer Munford;Austin Hooper;Hunter Renfrow;Jakobi Meyers;Tre Tucker,00-0033697;00-0035862;00-0036617;00-0031040;00-0039111;00-0032763;00-0034810;00-0031554;00-0036441;00-0034790;00-0036380,Michael Davis;Essang Bassey;Asante Samuel;Khalil Mack;Tuli Tuipulotu;Austin Johnson;Sebastian Joseph;Eric Kendricks;Kenneth Murray;Derwin James;Alohi Gilman
2023_15_LAC_LV,1532,pass,0.0,64.0,64.0,LV,2.0,2398.0,64.0,3.0,9:58,9:55,,21.0,0.0,3.0,4.0,"3 CB, 2 DE, 1 DT, 2 ILB, 1 OLB, 2 SS",CB;CB;CB;DE;DE;DT;ILB;ILB;OLB;SS;SS,11,6,5,MAN_COVERAGE,COVER_1,False,00-0029685;00-0036604;00-0037255;00-0038579;00-0032104;00-0033290;00-0037322;00-0039066;00-0031381;00-0034960;00-0038563,Greg Van Roten;Jordan Meredith;Dylan Parham;Aidan O'Connell;Ameer Abdullah;Jermaine Eluemunor;Thayer Munford;Michael Mayer;Davante Adams;Jakobi Meyers;Tre Tucker,00-0033697;00-0035862;00-0036617;00-0031040;00-0039111;00-0032671;00-0031554;00-0036441;00-0035591;00-0034790;00-0036380,Michael Davis;Essang Bassey;Asante Samuel;Khalil Mack;Tuli Tuipulotu;Morgan Fox;Eric Kendricks;Kenneth Murray;Justin Hollins;Derwin James;Alohi Gilman
2023_15_LAC_LV,1555,turnover,0.0,64.0,64.0,LV,2.0,2395.0,64.0,11.0,9:55,9:44,,21.0,0.0,4.0,4.0,"2 CB, 1 FS, 2 ILB, 2 OLB, 1 SS, 2 TE, 1 WR",CB;CB;FS;ILB;ILB;OLB;OLB;SS;TE;TE;WR,11,0,0,,,False,00-0036989;00-0035726;00-0037512;00-0035757;00-0035076;00-0037517;00-0035190;00-0029239;00-0032104;00-0035562;00-0036527,Malcolm Koonce;Jakob Johnson;Isaiah Pola-Mao;Jacob Bobenmoyer;Curtis Bolton;Luke Masterson;A.J. Cole;Brandon Bolden;Ameer Abdullah;Jesper Horsted;D.J. Turner,00-0035862;00-0037307;00-0038866;00-0036648;00-0038553;00-0035591;00-0035984;00-0031870;00-0032725;00-0037475;00-0038573,Essang Bassey;Ja'Sir Taylor;A.J. Finley;Nick Niemann;Daiyan Henley;Justin Hollins;Blake Lynch;Dean Marlowe;Stephen Anderson;Stone Smartt;Derius Davis
2023_15_LAC_LV,1597,run,3.0,14.0,11.0,LV,2.0,2384.0,14.0,22.0,9:44,9:22,,21.0,0.0,1.0,10.0,"3 CB, 2 DE, 2 DT, 2 ILB, 2 SS",CB;CB;CB;DE;DE;DT;DT;ILB;ILB;SS;SS,11,6,0,,,False,00-0029685;00-0036604;00-0037255;00-0038579;00-0038040;00-0033290;00-0037322;00-0039066;00-0031381;00-0034983;00-0034960,Greg Van Roten;Jordan Meredith;Dylan Parham;Aidan O'Connell;Zamir White;Jermaine Eluemunor;Thayer Munford;Michael Mayer;Davante Adams;Hunter Renfrow;Jakobi Meyers,00-0033697;00-0035862;00-0036617;00-0031040;00-0039111;00-0032763;00-0034810;00-0031554;00-0036441;00-0034790;00-0036380,Michael Davis;Essang Bassey;Asante Samuel;Khalil Mack;Tuli Tuipulotu;Austin Johnson;Sebastian Joseph;Eric Kendricks;Kenneth Murray;Derwin James;Alohi Gilman
2023_15_LAC_LV,1622,pass,11.0,11.0,0.0,LV,2.0,2362.0,11.0,7.0,9:22,9:15,,27.0,0.0,2.0,7.0,"3 CB, 2 DE, 2 DT, 2 ILB, 2 SS",CB;CB;CB;DE;DE;DT;DT;ILB;ILB;SS;SS,11,6,4,MAN_COVERAGE,COVER_1,False,00-0029685;00-0036604;00-0037255;00-0038579;00-0038040;00-0033290;00-0037322;00-0039066;00-0031381;00-0034960;00-0038563,Greg Van Roten;Jordan Meredith;Dylan Parham;Aidan O'Connell;Zamir White;Jermaine Eluemunor;Thayer Munford;Michael Mayer;Davante Adams;Jakobi Meyers;Tre Tucker,00-0033697;00-0035862;00-0036617;00-0031040;00-0039111;00-0032763;00-0034810;00-0031554;00-0036648;00-0034790;00-0036380,Michael Davis;Essang Bassey;Asante Samuel;Khalil Mack;Tuli Tuipulotu;Austin Johnson;Sebastian Joseph;Eric Kendricks;Nick Niemann;Derwin James;Alohi Gilman
2023_15_LAC_LV,1650,extra_point,0.0,15.0,15.0,LV,2.0,2355.0,15.0,0.0,9:15,9:15,,28.0,0.0,,0.0,"2 CB, 1 DE, 4 DT, 1 FS, 1 ILB, 1 NT, 1 SS",CB;CB;DE;DT;DT;DT;DT;FS;ILB;NT;SS,11,0,0,,,False,00-0033381;00-0029685;00-0036604;00-0037255;00-0034161;00-0035757;00-0035190;00-0033290;00-0034763;00-0037322;00-0039066,Adam Butler;Greg Van Roten;Jordan Meredith;Dylan Parham;Daniel Carlson;Jacob Bobenmoyer;A.J. Cole;Jermaine Eluemunor;Brandon Parker;Thayer Munford;Michael Mayer,00-0033697;00-0036617;00-0039111;00-0032763;00-0032671;00-0034810;00-0037375;00-0036302;00-0036648;00-0038614;00-0036380,Michael Davis;Asante Samuel;Tuli Tuipulotu;Austin Johnson;Morgan Fox;Sebastian Joseph;Christopher Hinton;Jaylinn Hawkins;Nick Niemann;Scott Matlock;Alohi Gilman
2023_15_LAC_LV,1665,kickoff,0.0,35.0,35.0,LAC,2.0,2355.0,35.0,5.0,9:15,9:10,,28.0,0.0,,0.0,"1 CB, 1 FS, 1 K, 3 OLB, 2 RB, 1 SS, 1 TE, 1 WR",CB;FS;K;OLB;OLB;OLB;RB;RB;SS;TE;WR,11,0,0,,,False,00-0037307;00-0036302;00-0038866;00-0038553;00-0035984;00-0036370;00-0031870;00-0032394;00-0032725;00-0037475;00-0038573,Ja'Sir Taylor;Jaylinn Hawkins;A.J. Finley;Daiyan Henley;Blake Lynch;Joshua Kelley;Dean Marlowe;Nick Vannett;Stephen Anderson;Stone Smartt;Derius Davis,00-0035783;00-0037512;00-0034161;00-0035076;00-0037517;00-0038617;00-0029239;00-0032104;00-0038602;00-0035562;00-0036527,Tyler Hall;Isaiah Pola-Mao;Daniel Carlson;Curtis Bolton;Luke Masterson;Amari Burney;Brandon Bolden;Ameer Abdullah;Christopher Smith;Jesper Horsted;D.J. Turner
2023_15_LAC_LV,1695,pass,-2.0,75.0,77.0,LAC,2.0,2350.0,75.0,37.0,9:10,8:33,,28.0,0.0,1.0,10.0,"3 CB, 2 DE, 2 DT, 1 FS, 1 MLB, 1 OLB, 1 SS",CB;CB;CB;DE;DE;DT;DT;FS;MLB;OLB;SS,11,6,4,MAN_COVERAGE,COVER_1,False,00-0034436;00-0037818;00-0037295;00-0035282;00-0033699;00-0035688;00-0037009;00-0033895;00-0036988;00-0038544;00-0038573,Will Clapp;Zion Johnson;Jamaree Salyer;Easton Stick;Austin Ekeler;Trey Pipkins;Rashawn Slater;Gerald Everett;Josh Palmer;Quentin Johnston;Derius Davis,00-0036375;00-0036871;00-0038039;00-0034973;00-0038541;00-0030070;00-0035674;00-0036962;00-0036990;00-0034720;00-0034993,Amik Robertson;Nate Hobbs;Jack Jones;Maxx Crosby;Tyree Wilson;John Jenkins;Jerry Tillery;Trevon Moehrig;Divine Deablo;Robert Spillane;Marcus Epps
2023_15_LAC_LV,1720,no_play,0.0,77.0,77.0,LAC,2.0,2313.0,77.0,13.0,8:33,8:20,,28.0,0.0,2.0,12.0,"3 CB, 3 DE, 1 DT, 1 FS, 1 MLB, 1 OLB, 1 SS",CB;CB;CB;DE;DE;DE;DT;FS;MLB;OLB;SS,11,5,4,MAN_COVERAGE,COVER_1,True,00-0034436;00-0037818;00-0037295;00-0035282;00-0033699;00-0035688;00-0037009;00-0033895;00-0036988;00-0038544;00-0038573,Will Clapp;Zion Johnson;Jamaree Salyer;Easton Stick;Austin Ekeler;Trey Pipkins;Rashawn Slater;Gerald Everett;Josh Palmer;Quentin Johnston;Derius Davis,00-0036375;00-0036871;00-0038039;00-0034973;00-0036989;00-0038541;00-0033381;00-0036962;00-0036990;00-0034720;00-0034993,Amik Robertson;Nate Hobbs;Jack Jones;Maxx Crosby;Malcolm Koonce;Tyree Wilson;Adam Butler;Trevon Moehrig;Divine Deablo;Robert Spillane;Marcus Epps
2023_15_LAC_LV,1751,pass,17.0,87.0,70.0,LAC,2.0,2300.0,87.0,42.0,8:20,7:38,,28.0,0.0,2.0,22.0,"3 CB, 3 DE, 1 DT, 1 FS, 1 MLB, 1 OLB, 1 SS",CB;CB;CB;DE;DE;DE;DT;FS;MLB;OLB;SS,11,4,4,MAN_COVERAGE,COVER_1,False,00-0034436;00-0037818;00-0037295;00-0035282;00-0033699;00-0035688;00-0037009;00-0033895;00-0032543;00-0036988;00-0038544,Will Clapp;Zion Johnson;Jamaree Salyer;Easton Stick;Austin Ekeler;Trey Pipkins;Rashawn Slater;Gerald Everett;Alex Erickson;Josh Palmer;Quentin Johnston,00-0036375;00-0036871;00-0038039;00-0034973;00-0036989;00-0038541;00-0033381;00-0036962;00-0036990;00-0034720;00-0034993,Amik Robertson;Nate Hobbs;Jack Jones;Maxx Crosby;Malcolm Koonce;Tyree Wilson;Adam Butler;Trevon Moehrig;Divine Deablo;Robert Spillane;Marcus Epps
2023_15_LAC_LV,1776,pass,0.0,70.0,70.0,LAC,2.0,2258.0,70.0,6.0,7:38,7:32,,28.0,0.0,3.0,5.0,"3 CB, 3 DE, 1 DT, 1 FS, 1 MLB, 1 OLB, 1 SS",CB;CB;CB;DE;DE;DE;DT;FS;MLB;OLB;SS,11,5,4,ZONE_COVERAGE,COVER_3,True,00-0034436;00-0037818;00-0037295;00-0035282;00-0033699;00-0035688;00-0037009;00-0033895;00-0035414;00-0036988;00-0038544,Will Clapp;Zion Johnson;Jamaree Salyer;Easton Stick;Austin Ekeler;Trey Pipkins;Rashawn Slater;Gerald Everett;Jalen Guyton;Josh Palmer;Quentin Johnston,00-0036375;00-0036871;00-0038039;00-0034973;00-0036989;00-0038541;00-0033381;00-0036962;00-0036990;00-0034720;00-0034993,Amik Robertson;Nate Hobbs;Jack Jones;Maxx Crosby;Malcolm Koonce;Tyree Wilson;Adam Butler;Trevon Moehrig;Divine Deablo;Robert Spillane;Marcus Epps
2023_15_LAC_LV,1799,punt,0.0,70.0,70.0,LAC,2.0,2252.0,70.0,11.0,7:32,7:21,,28.0,0.0,4.0,5.0,"2 CB, 1 DE, 1 FS, 2 OLB, 1 RB, 1 SS, 1 TE, 2 WR",CB;CB;DE;FS;OLB;OLB;RB;SS;TE;WR;WR,11,0,0,,,False,00-0037307;00-0039111;00-0038866;00-0036648;00-0038553;00-0028845;00-0035984;00-0034162;00-0031870;00-0032394;00-0032725,Ja'Sir Taylor;Tuli Tuipulotu;A.J. Finley;Nick Niemann;Daiyan Henley;Josh Harris;Blake Lynch;J.K. Scott;Dean Marlowe;Nick Vannett;Stephen Anderson,00-0035783;00-0039072;00-0036989;00-0037512;00-0035076;00-0037517;00-0029239;00-0038602;00-0035562;00-0031763;00-0036527,Tyler Hall;Jakorian Bennett;Malcolm Koonce;Isaiah Pola-Mao;Curtis Bolton;Luke Masterson;Brandon Bolden;Christopher Smith;Jesper Horsted;DeAndre Carter;D.J. Turner
2023_15_LAC_LV,1825,run,3.0,65.0,62.0,LV,2.0,2241.0,65.0,38.0,7:21,6:43,,28.0,0.0,1.0,10.0,"2 CB, 2 DE, 1 DT, 1 FS, 2 ILB, 1 NT, 2 SS",CB;CB;DE;DE;DT;FS;ILB;ILB;NT;SS;SS,11,6,0,,,False,00-0029685;00-0036604;00-0037255;00-0038579;00-0038040;00-0033290;00-0037322;00-0032392;00-0034983;00-0034960;00-0038563,Greg Van Roten;Jordan Meredith;Dylan Parham;Aidan O'Connell;Zamir White;Jermaine Eluemunor;Thayer Munford;Austin Hooper;Hunter Renfrow;Jakobi Meyers;Tre Tucker,00-0033697;00-0036617;00-0031040;00-0039111;00-0037375;00-0036302;00-0031554;00-0036648;00-0038614;00-0034790;00-0036380,Michael Davis;Asante Samuel;Khalil Mack;Tuli Tuipulotu;Christopher Hinton;Jaylinn Hawkins;Eric Kendricks;Nick Niemann;Scott Matlock;Derwin James;Alohi Gilman
2023_15_LAC_LV,1854,pass,5.0,62.0,57.0,LV,2.0,2203.0,62.0,47.0,6:43,5:56,,28.0,0.0,2.0,7.0,"3 CB, 2 DE, 1 DT, 2 ILB, 1 NT, 2 SS",CB;CB;CB;DE;DE;DT;ILB;ILB;NT;SS;SS,11,5,4,ZONE_COVERAGE,COVER_2,False,00-0029685;00-0036604;00-0037255;00-0038579;00-0038040;00-0033290;00-0037322;00-0032392;00-0031381;00-0034983;00-0034960,Greg Van Roten;Jordan Meredith;Dylan Parham;Aidan O'Connell;Zamir White;Jermaine Eluemunor;Thayer Munford;Austin Hooper;Davante Adams;Hunter Renfrow;Jakobi Meyers,00-0033697;00-0035862;00-0036617;00-0031040;00-0039111;00-0037375;00-0031554;00-0036648;00-0038614;00-0034790;00-0036380,Michael Davis;Essang Bassey;Asante Samuel;Khalil Mack;Tuli Tuipulotu;Christopher Hinton;Eric Kendricks;Nick Niemann;Scott Matlock;Derwin James;Alohi Gilman
2023_15_LAC_LV,1879,pass,24.0,57.0,33.0,LV,2.0,2156.0,57.0,43.0,5:56,5:13,,28.0,0.0,3.0,2.0,"3 CB, 2 DE, 2 DT, 1 ILB, 1 NT, 2 SS",CB;CB;CB;DE;DE;DT;DT;ILB;NT;SS;SS,11,5,5,MAN_COVERAGE,COVER_1,False,00-0029685;00-0036604;00-0037255;00-0038579;00-0032104;00-0033290;00-0037322;00-0039066;00-0031381;00-0034983;00-0034960,Greg Van Roten;Jordan Meredith;Dylan Parham;Aidan O'Connell;Ameer Abdullah;Jermaine Eluemunor;Thayer Munford;Michael Mayer;Davante Adams;Hunter Renfrow;Jakobi Meyers,00-0033697;00-0035862;00-0036617;00-0031040;00-0039111;00-0032671;00-0037375;00-0031554;00-0038614;00-0034790;00-0036380,Michael Davis;Essang Bassey;Asante Samuel;Khalil Mack;Tuli Tuipulotu;Morgan Fox;Christopher Hinton;Eric Kendricks;Scott Matlock;Derwin James;Alohi Gilman
2023_15_LAC_LV,1904,pass,9.0,33.0,24.0,LV,2.0,2113.0,33.0,38.0,5:13,4:35,,28.0,0.0,1.0,10.0,"3 CB, 1 DE, 1 DT, 2 ILB, 1 NT, 1 OLB, 2 SS",CB;CB;CB;DE;DT;ILB;ILB;NT;OLB;SS;SS,11,6,4,MAN_COVERAGE,COVER_1,True,00-0029685;00-0036604;00-0037255;00-0038579;00-0038040;00-0033290;00-0037322;00-0039066;00-0031381;00-0031763;00-0034960,Greg Van Roten;Jordan Meredith;Dylan Parham;Aidan O'Connell;Zamir White;Jermaine Eluemunor;Thayer Munford;Michael Mayer;Davante Adams;DeAndre Carter;Jakobi Meyers,00-0033697;00-0035862;00-0036617;00-0031040;00-0037375;00-0031554;00-0036648;00-0038614;00-0035591;00-0034790;00-0036380,Michael Davis;Essang Bassey;Asante Samuel;Khalil Mack;Christopher Hinton;Eric Kendricks;Nick Niemann;Scott Matlock;Justin Hollins;Derwin James;Alohi Gilman
2023_15_LAC_LV,1934,run,-2.0,24.0,26.0,LV,2.0,2075.0,24.0,39.0,4:35,3:56,,28.0,0.0,2.0,1.0,"3 CB, 1 DE, 2 DT, 1 ILB, 1 NT, 1 OLB, 2 SS",CB;CB;CB;DE;DT;DT;ILB;NT;OLB;SS;SS,11,6,0,,,False,00-0029685;00-0036604;00-0037255;00-0038579;00-0038040;00-0033290;00-0037322;00-0032392;00-0031381;00-0034960;00-0038563,Greg Van Roten;Jordan Meredith;Dylan Parham;Aidan O'Connell;Zamir White;Jermaine Eluemunor;Thayer Munford;Austin Hooper;Davante Adams;Jakobi Meyers;Tre Tucker,00-0033697;00-0035862;00-0036617;00-0031040;00-0032763;00-0034810;00-0031554;00-0038614;00-0035591;00-0034790;00-0036380,Michael Davis;Essang Bassey;Asante Samuel;Khalil Mack;Austin Johnson;Sebastian Joseph;Eric Kendricks;Scott Matlock;Justin Hollins;Derwin James;Alohi Gilman
2023_15_LAC_LV,1956,run,26.0,26.0,0.0,LV,2.0,2036.0,26.0,6.0,3:56,3:50,,34.0,0.0,3.0,3.0,"3 CB, 2 DE, 2 DT, 2 ILB, 2 SS",CB;CB;CB;DE;DE;DT;DT;ILB;ILB;SS;SS,11,7,0,,,False,00-0029685;00-0036604;00-0037255;00-0038579;00-0029239;00-0033290;00-0037322;00-0039066;00-0031381;00-0034960;00-0038563,Greg Van Roten;Jordan Meredith;Dylan Parham;Aidan O'Connell;Brandon Bolden;Jermaine Eluemunor;Thayer Munford;Michael Mayer;Davante Adams;Jakobi Meyers;Tre Tucker,00-0033697;00-0035862;00-0036617;00-0031040;00-0039111;00-0032763;00-0034810;00-0031554;00-0036648;00-0034790;00-0036380,Michael Davis;Essang Bassey;Asante Samuel;Khalil Mack;Tuli Tuipulotu;Austin Johnson;Sebastian Joseph;Eric Kendricks;Nick Niemann;Derwin James;Alohi Gilman
2023_15_LAC_LV,1976,extra_point,0.0,15.0,15.0,LV,2.0,2030.0,15.0,0.0,3:50,3:50,,35.0,0.0,,0.0,"2 CB, 1 DE, 3 DT, 1 FS, 1 ILB, 1 NT, 1 OLB, 1 SS",CB;CB;DE;DT;DT;DT;FS;ILB;NT;OLB;SS,11,0,0,,,False,00-0033381;00-0029685;00-0036604;00-0037255;00-0034161;00-0035757;00-0035190;00-0033290;00-0034763;00-0037322;00-0039066,Adam Butler;Greg Van Roten;Jordan Meredith;Dylan Parham;Daniel Carlson;Jacob Bobenmoyer;A.J. Cole;Jermaine Eluemunor;Brandon Parker;Thayer Munford;Michael Mayer,00-0033697;00-0036617;00-0039111;00-0032763;00-0034810;00-0037375;00-0036302;00-0036648;00-0038614;00-0038865;00-0036380,Michael Davis;Asante Samuel;Tuli Tuipulotu;Austin Johnson;Sebastian Joseph;Christopher Hinton;Jaylinn Hawkins;Nick Niemann;Scott Matlock;Andrew Farmer;Alohi Gilman
2023_15_LAC_LV,1991,kickoff,0.0,35.0,35.0,LAC,2.0,2030.0,35.0,0.0,3:50,3:50,,35.0,0.0,,0.0,"1 CB, 1 FS, 1 K, 3 OLB, 2 RB, 1 SS, 1 TE, 1 WR",CB;FS;K;OLB;OLB;OLB;RB;RB;SS;TE;WR,11,0,0,,,False,00-0036302;00-0038866;00-0036648;00-0038553;00-0035984;00-0036370;00-0031870;00-0032394;00-0032725;00-0037475;00-0038573,Jaylinn Hawkins;A.J. Finley;Nick Niemann;Daiyan Henley;Blake Lynch;Joshua Kelley;Dean Marlowe;Nick Vannett;Stephen Anderson;Stone Smartt;Derius Davis,00-0035783;00-0037512;00-0034161;00-0035076;00-0037517;00-0038617;00-0029239;00-0032104;00-0038602;00-0035562;00-0036527,Tyler Hall;Isaiah Pola-Mao;Daniel Carlson;Curtis Bolton;Luke Masterson;Amari Burney;Brandon Bolden;Ameer Abdullah;Christopher Smith;Jesper Horsted;D.J. Turner
2023_15_LAC_LV,2007,pass,0.0,75.0,75.0,LAC,2.0,2030.0,75.0,6.0,3:50,3:44,,35.0,0.0,1.0,10.0,"3 CB, 2 DE, 2 DT, 1 FS, 1 MLB, 1 OLB, 1 SS",CB;CB;CB;DE;DE;DT;DT;FS;MLB;OLB;SS,11,5,4,ZONE_COVERAGE,COVER_3,False,00-0034436;00-0037818;00-0037295;00-0035282;00-0038045;00-0035688;00-0037009;00-0033895;00-0032543;00-0036988;00-0038544,Will Clapp;Zion Johnson;Jamaree Salyer;Easton Stick;Isaiah Spiller;Trey Pipkins;Rashawn Slater;Gerald Everett;Alex Erickson;Josh Palmer;Quentin Johnston,00-0036375;00-0036871;00-0038039;00-0034973;00-0036989;00-0033381;00-0034387;00-0036962;00-0036990;00-0034720;00-0034993,Amik Robertson;Nate Hobbs;Jack Jones;Maxx Crosby;Malcolm Koonce;Adam Butler;Bilal Nichols;Trevon Moehrig;Divine Deablo;Robert Spillane;Marcus Epps
2023_15_LAC_LV,2041,run,1.0,60.0,59.0,LAC,2.0,2024.0,60.0,35.0,3:44,3:09,,35.0,0.0,1.0,10.0,"3 CB, 2 DE, 2 DT, 1 FS, 1 MLB, 1 OLB, 1 SS",CB;CB;CB;DE;DE;DT;DT;FS;MLB;OLB;SS,11,7,0,,,False,00-0034436;00-0037818;00-0037295;00-0035282;00-0038045;00-0035688;00-0037009;00-0032394;00-0033895;00-0035414;00-0038544,Will Clapp;Zion Johnson;Jamaree Salyer;Easton Stick;Isaiah Spiller;Trey Pipkins;Rashawn Slater;Nick Vannett;Gerald Everett;Jalen Guyton;Quentin Johnston,00-0036871;00-0038039;00-0039072;00-0034973;00-0036989;00-0033381;00-0034387;00-0036962;00-0036990;00-0034720;00-0034993,Nate Hobbs;Jack Jones;Jakorian Bennett;Maxx Crosby;Malcolm Koonce;Adam Butler;Bilal Nichols;Trevon Moehrig;Divine Deablo;Robert Spillane;Marcus Epps
2023_15_LAC_LV,2063,run,8.0,59.0,51.0,LAC,2.0,1989.0,59.0,29.0,3:09,2:40,,35.0,0.0,2.0,9.0,"3 CB, 2 DE, 2 DT, 1 FS, 1 MLB, 1 OLB, 1 SS",CB;CB;CB;DE;DE;DT;DT;FS;MLB;OLB;SS,11,7,0,,,False,00-0034436;00-0037818;00-0037295;00-0035282;00-0038045;00-0035688;00-0037009;00-0032394;00-0033895;00-0035414;00-0038544,Will Clapp;Zion Johnson;Jamaree Salyer;Easton Stick;Isaiah Spiller;Trey Pipkins;Rashawn Slater;Nick Vannett;Gerald Everett;Jalen Guyton;Quentin Johnston,00-0036375;00-0036871;00-0038039;00-0034973;00-0038541;00-0033381;00-0034387;00-0036962;00-0036990;00-0034720;00-0034993,Amik Robertson;Nate Hobbs;Jack Jones;Maxx Crosby;Tyree Wilson;Adam Butler;Bilal Nichols;Trevon Moehrig;Divine Deablo;Robert Spillane;Marcus Epps
2023_15_LAC_LV,2085,run,0.0,51.0,51.0,LAC,2.0,1960.0,51.0,40.0,2:40,2:00,,35.0,0.0,3.0,1.0,"3 CB, 2 DE, 2 DT, 1 FS, 1 MLB, 1 OLB, 1 SS",CB;CB;CB;DE;DE;DT;DT;FS;MLB;OLB;SS,11,7,0,,,False,00-0034436;00-0037818;00-0037295;00-0035282;00-0033699;00-0035688;00-0037009;00-0033895;00-0032543;00-0036988;00-0038544,Will Clapp;Zion Johnson;Jamaree Salyer;Easton Stick;Austin Ekeler;Trey Pipkins;Rashawn Slater;Gerald Everett;Alex Erickson;Josh Palmer;Quentin Johnston,00-0036375;00-0036871;00-0038039;00-0034973;00-0038541;00-0033381;00-0034387;00-0036962;00-0036990;00-0034720;00-0034993,Amik Robertson;Nate Hobbs;Jack Jones;Maxx Crosby;Tyree Wilson;Adam Butler;Bilal Nichols;Trevon Moehrig;Divine Deablo;Robert Spillane;Marcus Epps
2023_15_LAC_LV,2107,run,0.0,51.0,51.0,LAC,2.0,1920.0,51.0,4.0,2:00,1:56,,35.0,0.0,4.0,1.0,"3 CB, 1 DE, 3 DT, 1 FS, 1 MLB, 1 OLB, 1 SS",CB;CB;CB;DE;DT;DT;DT;FS;MLB;OLB;SS,11,7,0,,,False,00-0034436;00-0037818;00-0037295;00-0035282;00-0033699;00-0035688;00-0037009;00-0033895;00-0032543;00-0036988;00-0038544,Will Clapp;Zion Johnson;Jamaree Salyer;Easton Stick;Austin Ekeler;Trey Pipkins;Rashawn Slater;Gerald Everett;Alex Erickson;Josh Palmer;Quentin Johnston,00-0036375;00-0036871;00-0038039;00-0034973;00-0030070;00-0034387;00-0035674;00-0036962;00-0036990;00-0034720;00-0034993,Amik Robertson;Nate Hobbs;Jack Jones;Maxx Crosby;John Jenkins;Bilal Nichols;Jerry Tillery;Trevon Moehrig;Divine Deablo;Robert Spillane;Marcus Epps
2023_15_LAC_LV,2147,pass,9.0,49.0,40.0,LV,2.0,1916.0,49.0,20.0,1:56,1:36,,35.0,0.0,1.0,10.0,"3 CB, 2 DE, 1 DT, 2 ILB, 1 NT, 2 SS",CB;CB;CB;DE;DE;DT;ILB;ILB;NT;SS;SS,11,6,4,MAN_COVERAGE,COVER_1,False,00-0029685;00-0036604;00-0037255;00-0038579;00-0038040;00-0033290;00-0037322;00-0039066;00-0031381;00-0034983;00-0034960,Greg Van Roten;Jordan Meredith;Dylan Parham;Aidan O'Connell;Zamir White;Jermaine Eluemunor;Thayer Munford;Michael Mayer;Davante Adams;Hunter Renfrow;Jakobi Meyers,00-0033697;00-0035862;00-0036617;00-0031040;00-0039111;00-0034810;00-0031554;00-0036441;00-0038614;00-0034790;00-0036380,Michael Davis;Essang Bassey;Asante Samuel;Khalil Mack;Tuli Tuipulotu;Sebastian Joseph;Eric Kendricks;Kenneth Murray;Scott Matlock;Derwin James;Alohi Gilman
2023_15_LAC_LV,2172,pass,6.0,40.0,34.0,LV,2.0,1896.0,40.0,36.0,1:36,1:00,,35.0,0.0,2.0,1.0,"3 CB, 2 DE, 1 DT, 2 ILB, 1 NT, 2 SS",CB;CB;CB;DE;DE;DT;ILB;ILB;NT;SS;SS,11,6,4,MAN_COVERAGE,COVER_1,False,00-0029685;00-0036604;00-0037255;00-0038579;00-0038040;00-0033290;00-0037322;00-0039066;00-0031381;00-0034983;00-0034960,Greg Van Roten;Jordan Meredith;Dylan Parham;Aidan O'Connell;Zamir White;Jermaine Eluemunor;Thayer Munford;Michael Mayer;Davante Adams;Hunter Renfrow;Jakobi Meyers,00-0033697;00-0035862;00-0036617;00-0031040;00-0039111;00-0034810;00-0031554;00-0036441;00-0038614;00-0034790;00-0036380,Michael Davis;Essang Bassey;Asante Samuel;Khalil Mack;Tuli Tuipulotu;Sebastian Joseph;Eric Kendricks;Kenneth Murray;Scott Matlock;Derwin James;Alohi Gilman
2023_15_LAC_LV,2197,pass,0.0,34.0,34.0,LV,2.0,1860.0,34.0,4.0,1:00,0:56,,35.0,0.0,1.0,10.0,"3 CB, 2 DE, 1 DT, 2 ILB, 1 NT, 2 SS",CB;CB;CB;DE;DE;DT;ILB;ILB;NT;SS;SS,11,4,4,MAN_COVERAGE,COVER_1,True,00-0029685;00-0036604;00-0037255;00-0038579;00-0038040;00-0033290;00-0037322;00-0039066;00-0031381;00-0034983;00-0034960,Greg Van Roten;Jordan Meredith;Dylan Parham;Aidan O'Connell;Zamir White;Jermaine Eluemunor;Thayer Munford;Michael Mayer;Davante Adams;Hunter Renfrow;Jakobi Meyers,00-0033697;00-0035862;00-0036617;00-0031040;00-0039111;00-0034810;00-0031554;00-0036441;00-0038614;00-0034790;00-0036380,Michael Davis;Essang Bassey;Asante Samuel;Khalil Mack;Tuli Tuipulotu;Sebastian Joseph;Eric Kendricks;Kenneth Murray;Scott Matlock;Derwin James;Alohi Gilman
2023_15_LAC_LV,2220,run,9.0,34.0,25.0,LV,2.0,1856.0,34.0,10.0,0:56,0:46,,35.0,0.0,2.0,10.0,"3 CB, 2 DE, 1 DT, 2 ILB, 1 NT, 2 SS",CB;CB;CB;DE;DE;DT;ILB;ILB;NT;SS;SS,11,6,0,,,False,00-0029685;00-0036604;00-0037255;00-0038579;00-0032104;00-0033290;00-0037322;00-0032392;00-0031381;00-0034960;00-0038563,Greg Van Roten;Jordan Meredith;Dylan Parham;Aidan O'Connell;Ameer Abdullah;Jermaine Eluemunor;Thayer Munford;Austin Hooper;Davante Adams;Jakobi Meyers;Tre Tucker,00-0033697;00-0035862;00-0036617;00-0031040;00-0039111;00-0034810;00-0031554;00-0036441;00-0038614;00-0034790;00-0036380,Michael Davis;Essang Bassey;Asante Samuel;Khalil Mack;Tuli Tuipulotu;Sebastian Joseph;Eric Kendricks;Kenneth Murray;Scott Matlock;Derwin James;Alohi Gilman
2023_15_LAC_LV,2242,run,5.0,25.0,20.0,LV,2.0,1846.0,25.0,0.0,0:46,0:46,,35.0,0.0,3.0,1.0,"3 CB, 2 DE, 2 DT, 2 ILB, 2 SS",CB;CB;CB;DE;DE;DT;DT;ILB;ILB;SS;SS,11,7,0,,,False,00-0029685;00-0036604;00-0037255;00-0038579;00-0032104;00-0033290;00-0037322;00-0039066;00-0031381;00-0031763;00-0034960,Greg Van Roten;Jordan Meredith;Dylan Parham;Aidan O'Connell;Ameer Abdullah;Jermaine Eluemunor;Thayer Munford;Michael Mayer;Davante Adams;DeAndre Carter;Jakobi Meyers,00-0033697;00-0035862;00-0036617;00-0031040;00-0039111;00-0032763;00-0037375;00-0031554;00-0036441;00-0034790;00-0036380,Michael Davis;Essang Bassey;Asante Samuel;Khalil Mack;Tuli Tuipulotu;Austin Johnson;Christopher Hinton;Eric Kendricks;Kenneth Murray;Derwin James;Alohi Gilman
2023_15_LAC_LV,2254,timeout,0.0,,,,2.0,1846.0,,10.0,0:46,0:36,LV,35.0,0.0,,0.0,,,,,,,,,,,,
2023_15_LAC_LV,2274,pass,20.0,20.0,0.0,LV,2.0,1836.0,20.0,0.0,0:36,0:36,,41.0,0.0,1.0,10.0,"3 CB, 2 DE, 2 DT, 2 ILB, 2 SS",CB;CB;CB;DE;DE;DT;DT;ILB;ILB;SS;SS,11,6,3,MAN_COVERAGE,COVER_1,False,00-0029685;00-0036604;00-0037255;00-0038579;00-0032104;00-0033290;00-0037322;00-0039066;00-0031381;00-0031763;00-0038563,Greg Van Roten;Jordan Meredith;Dylan Parham;Aidan O'Connell;Ameer Abdullah;Jermaine Eluemunor;Thayer Munford;Michael Mayer;Davante Adams;DeAndre Carter;Tre Tucker,00-0033697;00-0036617;00-0037307;00-0031040;00-0039111;00-0032763;00-0037375;00-0031554;00-0036441;00-0034790;00-0036380,Michael Davis;Asante Samuel;Ja'Sir Taylor;Khalil Mack;Tuli Tuipulotu;Austin Johnson;Christopher Hinton;Eric Kendricks;Kenneth Murray;Derwin James;Alohi Gilman
2023_15_LAC_LV,2286,timeout,0.0,,,,2.0,1836.0,,5.0,0:36,0:31,LAC,35.0,0.0,,0.0,,,,,,,,,,,,
2023_15_LAC_LV,2302,extra_point,0.0,15.0,15.0,LV,2.0,1831.0,15.0,0.0,0:31,0:31,,42.0,0.0,,0.0,"2 CB, 1 DE, 3 DT, 1 FS, 1 ILB, 1 NT, 1 OLB, 1 SS",CB;CB;DE;DT;DT;DT;FS;ILB;NT;OLB;SS,11,0,0,,,False,00-0033381;00-0029685;00-0036604;00-0037255;00-0034161;00-0035757;00-0035190;00-0033290;00-0034763;00-0037322;00-0039066,Adam Butler;Greg Van Roten;Jordan Meredith;Dylan Parham;Daniel Carlson;Jacob Bobenmoyer;A.J. Cole;Jermaine Eluemunor;Brandon Parker;Thayer Munford;Michael Mayer,00-0033697;00-0036617;00-0039111;00-0032763;00-0034810;00-0037375;00-0036302;00-0036648;00-0038614;00-0038865;00-0036380,Michael Davis;Asante Samuel;Tuli Tuipulotu;Austin Johnson;Sebastian Joseph;Christopher Hinton;Jaylinn Hawkins;Nick Niemann;Scott Matlock;Andrew Farmer;Alohi Gilman
2023_15_LAC_LV,2317,kickoff,0.0,35.0,35.0,LAC,2.0,1831.0,35.0,0.0,0:31,0:31,,42.0,0.0,,0.0,"1 CB, 1 FS, 1 K, 3 OLB, 2 RB, 1 SS, 1 TE, 1 WR",CB;FS;K;OLB;OLB;OLB;RB;RB;SS;TE;WR,11,0,0,,,False,00-0036302;00-0038866;00-0036648;00-0038553;00-0035984;00-0036370;00-0031870;00-0032394;00-0032725;00-0037475;00-0038573,Jaylinn Hawkins;A.J. Finley;Nick Niemann;Daiyan Henley;Blake Lynch;Joshua Kelley;Dean Marlowe;Nick Vannett;Stephen Anderson;Stone Smartt;Derius Davis,00-0035783;00-0037512;00-0034161;00-0035076;00-0037517;00-0038617;00-0029239;00-0032104;00-0038602;00-0035562;00-0036527,Tyler Hall;Isaiah Pola-Mao;Daniel Carlson;Curtis Bolton;Luke Masterson;Amari Burney;Brandon Bolden;Ameer Abdullah;Christopher Smith;Jesper Horsted;D.J. Turner
2023_15_LAC_LV,2340,run,3.0,75.0,72.0,LAC,2.0,1831.0,75.0,31.0,0:31,0:00,,42.0,0.0,1.0,10.0,"3 CB, 2 DE, 2 DT, 1 FS, 1 MLB, 1 OLB, 1 SS",CB;CB;CB;DE;DE;DT;DT;FS;MLB;OLB;SS,11,6,0,,,False,00-0034436;00-0037818;00-0037295;00-0035282;00-0038045;00-0035688;00-0037009;00-0033895;00-0032543;00-0036988;00-0038544,Will Clapp;Zion Johnson;Jamaree Salyer;Easton Stick;Isaiah Spiller;Trey Pipkins;Rashawn Slater;Gerald Everett;Alex Erickson;Josh Palmer;Quentin Johnston,00-0036375;00-0036871;00-0038039;00-0034973;00-0036989;00-0033381;00-0034387;00-0036962;00-0036990;00-0034720;00-0034993,Amik Robertson;Nate Hobbs;Jack Jones;Maxx Crosby;Malcolm Koonce;Adam Butler;Bilal Nichols;Trevon Moehrig;Divine Deablo;Robert Spillane;Marcus Epps
2023_15_LAC_LV,2362,start_quarter_3,,,,,2.0,1800.0,,0.0,0:00,0:00,,42.0,0.0,,0.0,,,,,,,,,,,,
2023_15_LAC_LV,2382,kickoff,0.0,35.0,35.0,LV,3.0,1800.0,35.0,0.0,15:00,15:00,,42.0,0.0,,0.0,"1 CB, 2 FS, 2 ILB, 1 K, 2 OLB, 2 SS, 1 TE",CB;FS;FS;ILB;ILB;K;OLB;OLB;SS;SS;TE,11,0,0,,,False,00-0035726;00-0037512;00-0035076;00-0037517;00-0038617;00-0029239;00-0032104;00-0038602;00-0035562;00-0031763;00-0036527,Jakob Johnson;Isaiah Pola-Mao;Curtis Bolton;Luke Masterson;Amari Burney;Brandon Bolden;Ameer Abdullah;Christopher Smith;Jesper Horsted;DeAndre Carter;D.J. Turner,00-0037307;00-0036302;00-0038866;00-0036648;00-0038553;00-0037224;00-0035984;00-0038865;00-0031870;00-0036380;00-0032725,Ja'Sir Taylor;Jaylinn Hawkins;A.J. Finley;Nick Niemann;Daiyan Henley;Cameron Dicker;Blake Lynch;Andrew Farmer;Dean Marlowe;Alohi Gilman;Stephen Anderson
2023_15_LAC_LV,2398,run,4.0,75.0,71.0,LV,3.0,1800.0,75.0,44.0,15:00,14:16,,42.0,0.0,1.0,10.0,"2 CB, 2 DE, 2 DT, 2 ILB, 1 NT, 2 SS",CB;CB;DE;DE;DT;DT;ILB;ILB;NT;SS;SS,11,7,0,,,False,00-0035726;00-0029685;00-0036604;00-0037255;00-0038579;00-0038040;00-0033290;00-0037322;00-0039066;00-0031381;00-0034960,Jakob Johnson;Greg Van Roten;Jordan Meredith;Dylan Parham;Aidan O'Connell;Zamir White;Jermaine Eluemunor;Thayer Munford;Michael Mayer;Davante Adams;Jakobi Meyers,00-0033697;00-0036617;00-0031040;00-0039111;00-0032763;00-0034810;00-0031554;00-0036441;00-0038614;00-0034790;00-0036380,Michael Davis;Asante Samuel;Khalil Mack;Tuli Tuipulotu;Austin Johnson;Sebastian Joseph;Eric Kendricks;Kenneth Murray;Scott Matlock;Derwin James;Alohi Gilman
2023_15_LAC_LV,2420,pass,18.0,71.0,53.0,LV,3.0,1756.0,71.0,46.0,14:16,13:30,,42.0,0.0,2.0,6.0,"3 CB, 2 DE, 2 DT, 2 ILB, 2 SS",CB;CB;CB;DE;DE;DT;DT;ILB;ILB;SS;SS,11,4,4,ZONE_COVERAGE,COVER_3,True,00-0035726;00-0029685;00-0036604;00-0037255;00-0038579;00-0038040;00-0033290;00-0037322;00-0039066;00-0031381;00-0038563,Jakob Johnson;Greg Van Roten;Jordan Meredith;Dylan Parham;Aidan O'Connell;Zamir White;Jermaine Eluemunor;Thayer Munford;Michael Mayer;Davante Adams;Tre Tucker,00-0033697;00-0036617;00-0037307;00-0031040;00-0039111;00-0032763;00-0034810;00-0031554;00-0036441;00-0034790;00-0036380,Michael Davis;Asante Samuel;Ja'Sir Taylor;Khalil Mack;Tuli Tuipulotu;Austin Johnson;Sebastian Joseph;Eric Kendricks;Kenneth Murray;Derwin James;Alohi Gilman
2023_15_LAC_LV,2445,run,15.0,53.0,38.0,LV,3.0,1710.0,53.0,39.0,13:30,12:51,,42.0,0.0,1.0,10.0,"2 CB, 2 DE, 2 DT, 2 ILB, 1 NT, 2 SS",CB;CB;DE;DE;DT;DT;ILB;ILB;NT;SS;SS,11,7,0,,,False,00-0035726;00-0029685;00-0036604;00-0037255;00-0038579;00-0038040;00-0033290;00-0037322;00-0039066;00-0031381;00-0034960,Jakob Johnson;Greg Van Roten;Jordan Meredith;Dylan Parham;Aidan O'Connell;Zamir White;Jermaine Eluemunor;Thayer Munford;Michael Mayer;Davante Adams;Jakobi Meyers,00-0033697;00-0036617;00-0031040;00-0039111;00-0032763;00-0034810;00-0031554;00-0036441;00-0038614;00-0034790;00-0036380,Michael Davis;Asante Samuel;Khalil Mack;Tuli Tuipulotu;Austin Johnson;Sebastian Joseph;Eric Kendricks;Kenneth Murray;Scott Matlock;Derwin James;Alohi Gilman
2023_15_LAC_LV,2467,pass,0.0,38.0,38.0,LV,3.0,1671.0,38.0,6.0,12:51,12:45,,42.0,0.0,1.0,10.0,"2 CB, 2 DE, 2 DT, 2 ILB, 1 NT, 2 SS",CB;CB;DE;DE;DT;DT;ILB;ILB;NT;SS;SS,11,5,5,ZONE_COVERAGE,COVER_3,False,00-0035726;00-0029685;00-0036604;00-0037255;00-0038579;00-0038040;00-0033290;00-0037322;00-0039066;00-0031381;00-0034960,Jakob Johnson;Greg Van Roten;Jordan Meredith;Dylan Parham;Aidan O'Connell;Zamir White;Jermaine Eluemunor;Thayer Munford;Michael Mayer;Davante Adams;Jakobi Meyers,00-0033697;00-0036617;00-0031040;00-0039111;00-0032763;00-0034810;00-0031554;00-0036441;00-0038614;00-0034790;00-0036380,Michael Davis;Asante Samuel;Khalil Mack;Tuli Tuipulotu;Austin Johnson;Sebastian Joseph;Eric Kendricks;Kenneth Murray;Scott Matlock;Derwin James;Alohi Gilman
2023_15_LAC_LV,2490,pass,0.0,38.0,38.0,LV,3.0,1665.0,38.0,4.0,12:45,12:41,,42.0,0.0,2.0,10.0,"3 CB, 2 DE, 2 DT, 2 ILB, 2 SS",CB;CB;CB;DE;DE;DT;DT;ILB;ILB;SS;SS,11,5,4,MAN_COVERAGE,COVER_1,False,00-0029685;00-0036604;00-0037255;00-0038579;00-0038040;00-0033290;00-0037322;00-0032392;00-0031381;00-0034983;00-0034960,Greg Van Roten;Jordan Meredith;Dylan Parham;Aidan O'Connell;Zamir White;Jermaine Eluemunor;Thayer Munford;Austin Hooper;Davante Adams;Hunter Renfrow;Jakobi Meyers,00-0033697;00-0036617;00-0037307;00-0031040;00-0039111;00-0032763;00-0032671;00-0031554;00-0036441;00-0034790;00-0036380,Michael Davis;Asante Samuel;Ja'Sir Taylor;Khalil Mack;Tuli Tuipulotu;Austin Johnson;Morgan Fox;Eric Kendricks;Kenneth Murray;Derwin James;Alohi Gilman
2023_15_LAC_LV,2513,run,5.0,38.0,33.0,LV,3.0,1661.0,38.0,20.0,12:41,12:21,,42.0,0.0,3.0,10.0,"3 CB, 2 DE, 1 DT, 2 ILB, 1 OLB, 2 SS",CB;CB;CB;DE;DE;DT;ILB;ILB;OLB;SS;SS,11,6,0,,,False,00-0029685;00-0036604;00-0037255;00-0038579;00-0032104;00-0033290;00-0037322;00-0032392;00-0031381;00-0034983;00-0034960,Greg Van Roten;Jordan Meredith;Dylan Parham;Aidan O'Connell;Ameer Abdullah;Jermaine Eluemunor;Thayer Munford;Austin Hooper;Davante Adams;Hunter Renfrow;Jakobi Meyers,00-0033697;00-0036617;00-0037307;00-0031040;00-0039111;00-0032671;00-0031554;00-0036441;00-0035591;00-0034790;00-0036380,Michael Davis;Asante Samuel;Ja'Sir Taylor;Khalil Mack;Tuli Tuipulotu;Morgan Fox;Eric Kendricks;Kenneth Murray;Justin Hollins;Derwin James;Alohi Gilman
2023_15_LAC_LV,2546,pass,10.0,18.0,8.0,LV,3.0,1641.0,18.0,48.0,12:21,11:33,,42.0,0.0,1.0,10.0,"2 CB, 1 DE, 2 DT, 1 FS, 2 ILB, 1 OLB, 2 SS",CB;CB;DE;DT;DT;FS;ILB;ILB;OLB;SS;SS,11,5,4,ZONE_COVERAGE,COVER_2,False,00-0029685;00-0036604;00-0037255;00-0038579;00-0038040;00-0033290;00-0037322;00-0032392;00-0039066;00-0031381;00-0034960,Greg Van Roten;Jordan Meredith;Dylan Parham;Aidan O'Connell;Zamir White;Jermaine Eluemunor;Thayer Munford;Austin Hooper;Michael Mayer;Davante Adams;Jakobi Meyers,00-0033697;00-0036617;00-0039111;00-0032671;00-0037375;00-0036302;00-0031554;00-0036441;00-0035591;00-0034790;00-0036380,Michael Davis;Asante Samuel;Tuli Tuipulotu;Morgan Fox;Christopher Hinton;Jaylinn Hawkins;Eric Kendricks;Kenneth Murray;Justin Hollins;Derwin James;Alohi Gilman
2023_15_LAC_LV,2571,pass,5.0,8.0,3.0,LV,3.0,1593.0,8.0,46.0,11:33,10:47,,42.0,0.0,1.0,8.0,"3 CB, 1 DE, 2 DT, 1 ILB, 1 NT, 1 OLB, 2 SS",CB;CB;CB;DE;DT;DT;ILB;NT;OLB;SS;SS,11,5,4,ZONE_COVERAGE,COVER_4,False,00-0029685;00-0036604;00-0037255;00-0038579;00-0038040;00-0033290;00-0037322;00-0039066;00-0031381;00-0034983;00-0034960,Greg Van Roten;Jordan Meredith;Dylan Parham;Aidan O'Connell;Zamir White;Jermaine Eluemunor;Thayer Munford;Michael Mayer;Davante Adams;Hunter Renfrow;Jakobi Meyers,00-0033697;00-0036617;00-0037307;00-0039111;00-0032763;00-0037375;00-0036441;00-0038614;00-0035591;00-0034790;00-0036380,Michael Davis;Asante Samuel;Ja'Sir Taylor;Tuli Tuipulotu;Austin Johnson;Christopher Hinton;Kenneth Murray;Scott Matlock;Justin Hollins;Derwin James;Alohi Gilman
2023_15_LAC_LV,2596,pass,3.0,3.0,0.0,LV,3.0,1547.0,3.0,5.0,10:47,10:42,,48.0,0.0,2.0,3.0,"2 CB, 1 DE, 2 DT, 2 ILB, 1 NT, 1 OLB, 2 SS",CB;CB;DE;DT;DT;ILB;ILB;NT;OLB;SS;SS,11,5,4,MAN_COVERAGE,COVER_1,False,00-0035726;00-0029685;00-0036604;00-0037255;00-0038579;00-0038040;00-0033290;00-0036163;00-0037322;00-0031381;00-0034960,Jakob Johnson;Greg Van Roten;Jordan Meredith;Dylan Parham;Aidan O'Connell;Zamir White;Jermaine Eluemunor;Justin Herron;Thayer Munford;Davante Adams;Jakobi Meyers,00-0033697;00-0036617;00-0039111;00-0032763;00-0037375;00-0031554;00-0036441;00-0038614;00-0035591;00-0034790;00-0036380,Michael Davis;Asante Samuel;Tuli Tuipulotu;Austin Johnson;Christopher Hinton;Eric Kendricks;Kenneth Murray;Scott Matlock;Justin Hollins;Derwin James;Alohi Gilman
2023_15_LAC_LV,2619,extra_point,0.0,15.0,15.0,LV,3.0,1542.0,15.0,0.0,10:42,10:42,,49.0,0.0,,0.0,"2 CB, 1 DE, 4 DT, 1 FS, 1 ILB, 1 NT, 1 SS",CB;CB;DE;DT;DT;DT;DT;FS;ILB;NT;SS,11,0,0,,,False,00-0033381;00-0029685;00-0036604;00-0037255;00-0034161;00-0035757;00-0035190;00-0033290;00-0034763;00-0037322;00-0039066,Adam Butler;Greg Van Roten;Jordan Meredith;Dylan Parham;Daniel Carlson;Jacob Bobenmoyer;A.J. Cole;Jermaine Eluemunor;Brandon Parker;Thayer Munford;Michael Mayer,00-0033697;00-0036617;00-0039111;00-0032763;00-0032671;00-0034810;00-0037375;00-0036302;00-0036648;00-0038614;00-0036380,Michael Davis;Asante Samuel;Tuli Tuipulotu;Austin Johnson;Morgan Fox;Sebastian Joseph;Christopher Hinton;Jaylinn Hawkins;Nick Niemann;Scott Matlock;Alohi Gilman
2023_15_LAC_LV,2634,kickoff,0.0,35.0,35.0,LAC,3.0,1542.0,35.0,5.0,10:42,10:37,,49.0,0.0,,0.0,"1 CB, 1 FS, 1 K, 3 OLB, 2 RB, 1 SS, 1 TE, 1 WR",CB;FS;K;OLB;OLB;OLB;RB;RB;SS;TE;WR,11,0,0,,,False,00-0036302;00-0038866;00-0036648;00-0038553;00-0035984;00-0036370;00-0031870;00-0032394;00-0032725;00-0037475;00-0038573,Jaylinn Hawkins;A.J. Finley;Nick Niemann;Daiyan Henley;Blake Lynch;Joshua Kelley;Dean Marlowe;Nick Vannett;Stephen Anderson;Stone Smartt;Derius Davis,00-0035783;00-0037512;00-0034161;00-0035076;00-0037517;00-0038617;00-0029239;00-0032104;00-0038602;00-0035562;00-0036527,Tyler Hall;Isaiah Pola-Mao;Daniel Carlson;Curtis Bolton;Luke Masterson;Amari Burney;Brandon Bolden;Ameer Abdullah;Christopher Smith;Jesper Horsted;D.J. Turner
2023_15_LAC_LV,2664,pass,79.0,79.0,0.0,LAC,3.0,1537.0,79.0,10.0,10:37,10:27,,49.0,6.0,1.0,10.0,"3 CB, 2 DE, 2 DT, 1 FS, 1 MLB, 1 OLB, 1 SS",CB;CB;CB;DE;DE;DT;DT;FS;MLB;OLB;SS,11,5,4,MAN_COVERAGE,COVER_1,False,00-0034436;00-0037818;00-0037295;00-0035282;00-0033699;00-0035688;00-0037009;00-0033895;00-0035414;00-0036988;00-0038544,Will Clapp;Zion Johnson;Jamaree Salyer;Easton Stick;Austin Ekeler;Trey Pipkins;Rashawn Slater;Gerald Everett;Jalen Guyton;Josh Palmer;Quentin Johnston,00-0036375;00-0036871;00-0038039;00-0034973;00-0036989;00-0030070;00-0035674;00-0036962;00-0036990;00-0034720;00-0034993,Amik Robertson;Nate Hobbs;Jack Jones;Maxx Crosby;Malcolm Koonce;John Jenkins;Jerry Tillery;Trevon Moehrig;Divine Deablo;Robert Spillane;Marcus Epps
2023_15_LAC_LV,2685,extra_point,0.0,15.0,15.0,LAC,3.0,1527.0,15.0,0.0,10:27,10:27,,49.0,7.0,,0.0,"1 CB, 3 DE, 3 DT, 2 OLB, 1 RB, 1 SS",CB;DE;DE;DE;DT;DT;DT;OLB;OLB;RB;SS,11,0,0,,,False,00-0034436;00-0036636;00-0037818;00-0037295;00-0038595;00-0037224;00-0028845;00-0034162;00-0037009;00-0036584;00-0032394,Will Clapp;Brenden Jaimes;Zion Johnson;Jamaree Salyer;Jordan McFadden;Cameron Dicker;Josh Harris;J.K. Scott;Rashawn Slater;Foster Sarell;Nick Vannett,00-0036375;00-0036989;00-0036878;00-0038541;00-0030070;00-0034387;00-0035674;00-0035076;00-0037517;00-0029239;00-0038602,Amik Robertson;Malcolm Koonce;Janarius Robinson;Tyree Wilson;John Jenkins;Bilal Nichols;Jerry Tillery;Curtis Bolton;Luke Masterson;Brandon Bolden;Christopher Smith
2023_15_LAC_LV,2700,kickoff,0.0,35.0,35.0,LV,3.0,1527.0,35.0,0.0,10:27,10:27,,49.0,7.0,,0.0,"1 CB, 2 FS, 2 ILB, 1 K, 2 OLB, 2 SS, 1 TE",CB;FS;FS;ILB;ILB;K;OLB;OLB;SS;SS;TE,11,0,0,,,False,00-0035726;00-0037512;00-0035076;00-0037517;00-0038617;00-0029239;00-0032104;00-0038602;00-0035562;00-0031763;00-0036527,Jakob Johnson;Isaiah Pola-Mao;Curtis Bolton;Luke Masterson;Amari Burney;Brandon Bolden;Ameer Abdullah;Christopher Smith;Jesper Horsted;DeAndre Carter;D.J. Turner,00-0037307;00-0036302;00-0038866;00-0036648;00-0038553;00-0037224;00-0035984;00-0038865;00-0031870;00-0036380;00-0032725,Ja'Sir Taylor;Jaylinn Hawkins;A.J. Finley;Nick Niemann;Daiyan Henley;Cameron Dicker;Blake Lynch;Andrew Farmer;Dean Marlowe;Alohi Gilman;Stephen Anderson
2023_15_LAC_LV,2716,run,4.0,75.0,71.0,LV,3.0,1527.0,75.0,42.0,10:27,9:45,,49.0,7.0,1.0,10.0,"3 CB, 1 DE, 2 DT, 2 ILB, 1 OLB, 2 SS",CB;CB;CB;DE;DT;DT;ILB;ILB;OLB;SS;SS,11,6,0,,,False,00-0031561;00-0036604;00-0037255;00-0038579;00-0038040;00-0033290;00-0037322;00-0032392;00-0034983;00-0034960;00-0038563,Hroniss Grasu;Jordan Meredith;Dylan Parham;Aidan O'Connell;Zamir White;Jermaine Eluemunor;Thayer Munford;Austin Hooper;Hunter Renfrow;Jakobi Meyers;Tre Tucker,00-0033697;00-0036617;00-0037307;00-0039111;00-0034810;00-0037375;00-0031554;00-0036441;00-0035591;00-0034790;00-0036380,Michael Davis;Asante Samuel;Ja'Sir Taylor;Tuli Tuipulotu;Sebastian Joseph;Christopher Hinton;Eric Kendricks;Kenneth Murray;Justin Hollins;Derwin James;Alohi Gilman
2023_15_LAC_LV,2738,run,2.0,71.0,69.0,LV,3.0,1485.0,71.0,42.0,9:45,9:03,,49.0,7.0,2.0,6.0,"3 CB, 1 DE, 2 DT, 2 ILB, 1 OLB, 2 SS",CB;CB;CB;DE;DT;DT;ILB;ILB;OLB;SS;SS,11,6,0,,,False,00-0031561;00-0036604;00-0037255;00-0038579;00-0038040;00-0033290;00-0037322;00-0032392;00-0034983;00-0034960;00-0038563,Hroniss Grasu;Jordan Meredith;Dylan Parham;Aidan O'Connell;Zamir White;Jermaine Eluemunor;Thayer Munford;Austin Hooper;Hunter Renfrow;Jakobi Meyers;Tre Tucker,00-0033697;00-0036617;00-0037307;00-0039111;00-0034810;00-0037375;00-0031554;00-0036441;00-0035591;00-0034790;00-0036380,Michael Davis;Asante Samuel;Ja'Sir Taylor;Tuli Tuipulotu;Sebastian Joseph;Christopher Hinton;Eric Kendricks;Kenneth Murray;Justin Hollins;Derwin James;Alohi Gilman
2023_15_LAC_LV,2760,pass,-6.0,69.0,75.0,LV,3.0,1443.0,69.0,37.0,9:03,8:26,,49.0,7.0,3.0,4.0,"2 CB, 2 DE, 1 DT, 1 FS, 2 ILB, 1 OLB, 2 SS",CB;CB;DE;DE;DT;FS;ILB;ILB;OLB;SS;SS,11,5,5,MAN_COVERAGE,COVER_1,True,00-0031561;00-0036604;00-0037255;00-0038579;00-0032104;00-0033290;00-0037322;00-0039066;00-0031381;00-0034960;00-0038563,Hroniss Grasu;Jordan Meredith;Dylan Parham;Aidan O'Connell;Ameer Abdullah;Jermaine Eluemunor;Thayer Munford;Michael Mayer;Davante Adams;Jakobi Meyers;Tre Tucker,00-0033697;00-0036617;00-0031040;00-0039111;00-0032671;00-0036302;00-0031554;00-0036441;00-0035591;00-0034790;00-0036380,Michael Davis;Asante Samuel;Khalil Mack;Tuli Tuipulotu;Morgan Fox;Jaylinn Hawkins;Eric Kendricks;Kenneth Murray;Justin Hollins;Derwin James;Alohi Gilman
2023_15_LAC_LV,2780,punt,0.0,75.0,75.0,LV,3.0,1406.0,75.0,13.0,8:26,8:13,,49.0,7.0,4.0,10.0,"2 CB, 1 FS, 2 ILB, 2 OLB, 1 SS, 2 TE, 1 WR",CB;CB;FS;ILB;ILB;OLB;OLB;SS;TE;TE;WR,11,0,0,,,False,00-0036989;00-0035726;00-0037512;00-0035757;00-0035076;00-0037517;00-0035190;00-0029239;00-0032104;00-0035562;00-0036527,Malcolm Koonce;Jakob Johnson;Isaiah Pola-Mao;Jacob Bobenmoyer;Curtis Bolton;Luke Masterson;A.J. Cole;Brandon Bolden;Ameer Abdullah;Jesper Horsted;D.J. Turner,00-0033697;00-0037307;00-0038866;00-0036648;00-0038553;00-0035591;00-0035984;00-0031870;00-0032725;00-0037475;00-0038573,Michael Davis;Ja'Sir Taylor;A.J. Finley;Nick Niemann;Daiyan Henley;Justin Hollins;Blake Lynch;Dean Marlowe;Stephen Anderson;Stone Smartt;Derius Davis
2023_15_LAC_LV,2806,pass,4.0,90.0,86.0,LAC,3.0,1393.0,90.0,20.0,8:13,7:53,,49.0,7.0,1.0,10.0,"3 CB, 2 DE, 2 DT, 1 FS, 1 MLB, 1 OLB, 1 SS",CB;CB;CB;DE;DE;DT;DT;FS;MLB;OLB;SS,11,6,4,ZONE_COVERAGE,COVER_2,False,00-0034436;00-0037818;00-0037295;00-0035282;00-0033699;00-0035688;00-0037009;00-0033895;00-0032543;00-0036988;00-0038544,Will Clapp;Zion Johnson;Jamaree Salyer;Easton Stick;Austin Ekeler;Trey Pipkins;Rashawn Slater;Gerald Everett;Alex Erickson;Josh Palmer;Quentin Johnston,00-0036375;00-0036871;00-0038039;00-0034973;00-0038541;00-0030070;00-0034387;00-0036962;00-0036990;00-0034720;00-0034993,Amik Robertson;Nate Hobbs;Jack Jones;Maxx Crosby;Tyree Wilson;John Jenkins;Bilal Nichols;Trevon Moehrig;Divine Deablo;Robert Spillane;Marcus Epps
2023_15_LAC_LV,2838,run,2.0,86.0,84.0,LAC,3.0,1373.0,86.0,37.0,7:53,7:16,,49.0,7.0,2.0,6.0,"3 CB, 2 DE, 2 DT, 1 FS, 1 MLB, 1 OLB, 1 SS",CB;CB;CB;DE;DE;DT;DT;FS;MLB;OLB;SS,11,6,0,,,False,00-0034436;00-0037818;00-0037295;00-0035282;00-0033699;00-0035688;00-0037009;00-0037475;00-0032543;00-0036988;00-0038544,Will Clapp;Zion Johnson;Jamaree Salyer;Easton Stick;Austin Ekeler;Trey Pipkins;Rashawn Slater;Stone Smartt;Alex Erickson;Josh Palmer;Quentin Johnston,00-0036375;00-0036871;00-0038039;00-0034973;00-0038541;00-0030070;00-0034387;00-0036962;00-0036990;00-0034720;00-0034993,Amik Robertson;Nate Hobbs;Jack Jones;Maxx Crosby;Tyree Wilson;John Jenkins;Bilal Nichols;Trevon Moehrig;Divine Deablo;Robert Spillane;Marcus Epps
2023_15_LAC_LV,2860,pass,2.0,84.0,82.0,LAC,3.0,1336.0,84.0,39.0,7:16,6:37,,49.0,7.0,3.0,4.0,"3 CB, 3 DE, 1 DT, 1 FS, 1 MLB, 1 OLB, 1 SS",CB;CB;CB;DE;DE;DE;DT;FS;MLB;OLB;SS,11,6,4,ZONE_COVERAGE,COVER_2,True,00-0034436;00-0037818;00-0037295;00-0035282;00-0036370;00-0035688;00-0037009;00-0033895;00-0035414;00-0036988;00-0038544,Will Clapp;Zion Johnson;Jamaree Salyer;Easton Stick;Joshua Kelley;Trey Pipkins;Rashawn Slater;Gerald Everett;Jalen Guyton;Josh Palmer;Quentin Johnston,00-0036375;00-0036871;00-0038039;00-0034973;00-0036989;00-0038541;00-0033381;00-0036962;00-0036990;00-0034720;00-0034993,Amik Robertson;Nate Hobbs;Jack Jones;Maxx Crosby;Malcolm Koonce;Tyree Wilson;Adam Butler;Trevon Moehrig;Divine Deablo;Robert Spillane;Marcus Epps
2023_15_LAC_LV,2895,punt,0.0,82.0,82.0,LAC,3.0,1297.0,82.0,8.0,6:37,6:29,,49.0,7.0,4.0,2.0,"2 CB, 3 DE, 2 DT, 2 OLB, 1 RB, 1 WR",CB;CB;DE;DE;DE;DT;DT;OLB;OLB;RB;WR,11,0,0,,,False,00-0037307;00-0039111;00-0038866;00-0036648;00-0038553;00-0028845;00-0035984;00-0034162;00-0031870;00-0032394;00-0032725,Ja'Sir Taylor;Tuli Tuipulotu;A.J. Finley;Nick Niemann;Daiyan Henley;Josh Harris;Blake Lynch;J.K. Scott;Dean Marlowe;Nick Vannett;Stephen Anderson,00-0035783;00-0039072;00-0036989;00-0036878;00-0038541;00-0030070;00-0034387;00-0035076;00-0037517;00-0029239;00-0031763,Tyler Hall;Jakorian Bennett;Malcolm Koonce;Janarius Robinson;Tyree Wilson;John Jenkins;Bilal Nichols;Curtis Bolton;Luke Masterson;Brandon Bolden;DeAndre Carter
2023_15_LAC_LV,2915,run,5.0,78.0,73.0,LV,3.0,1289.0,78.0,37.0,6:29,5:52,,49.0,7.0,1.0,10.0,"2 CB, 2 DT, 2 ILB, 1 NT, 2 OLB, 2 SS",CB;CB;DT;DT;ILB;ILB;NT;OLB;OLB;SS;SS,11,7,0,,,False,00-0031561;00-0035726;00-0036604;00-0037255;00-0038579;00-0038040;00-0033290;00-0037322;00-0039066;00-0034960;00-0038563,Hroniss Grasu;Jakob Johnson;Jordan Meredith;Dylan Parham;Aidan O'Connell;Zamir White;Jermaine Eluemunor;Thayer Munford;Michael Mayer;Jakobi Meyers;Tre Tucker,00-0033697;00-0036617;00-0032763;00-0037375;00-0031554;00-0036441;00-0038614;00-0035591;00-0038865;00-0034790;00-0036380,Michael Davis;Asante Samuel;Austin Johnson;Christopher Hinton;Eric Kendricks;Kenneth Murray;Scott Matlock;Justin Hollins;Andrew Farmer;Derwin James;Alohi Gilman
2023_15_LAC_LV,2944,pass,0.0,73.0,73.0,LV,3.0,1252.0,73.0,5.0,5:52,5:47,,49.0,7.0,2.0,5.0,"2 CB, 2 DT, 2 ILB, 1 NT, 2 OLB, 2 SS",CB;CB;DT;DT;ILB;ILB;NT;OLB;OLB;SS;SS,11,4,5,MAN_COVERAGE,COVER_1,True,00-0031561;00-0035726;00-0036604;00-0037255;00-0038579;00-0038040;00-0033290;00-0037322;00-0039066;00-0031381;00-0034960,Hroniss Grasu;Jakob Johnson;Jordan Meredith;Dylan Parham;Aidan O'Connell;Zamir White;Jermaine Eluemunor;Thayer Munford;Michael Mayer;Davante Adams;Jakobi Meyers,00-0033697;00-0036617;00-0032763;00-0037375;00-0031554;00-0036441;00-0038614;00-0035591;00-0038865;00-0034790;00-0036380,Michael Davis;Asante Samuel;Austin Johnson;Christopher Hinton;Eric Kendricks;Kenneth Murray;Scott Matlock;Justin Hollins;Andrew Farmer;Derwin James;Alohi Gilman
2023_15_LAC_LV,2967,pass,5.0,73.0,68.0,LV,3.0,1247.0,73.0,44.0,5:47,5:03,,49.0,7.0,3.0,5.0,"3 CB, 2 DE, 1 DT, 1 FS, 2 ILB, 2 SS",CB;CB;CB;DE;DE;DT;FS;ILB;ILB;SS;SS,11,3,4,MAN_COVERAGE,COVER_1,False,00-0031561;00-0036604;00-0037255;00-0038579;00-0032104;00-0033290;00-0037322;00-0039066;00-0031381;00-0034983;00-0034960,Hroniss Grasu;Jordan Meredith;Dylan Parham;Aidan O'Connell;Ameer Abdullah;Jermaine Eluemunor;Thayer Munford;Michael Mayer;Davante Adams;Hunter Renfrow;Jakobi Meyers,00-0033697;00-0036617;00-0037307;00-0031040;00-0039111;00-0032671;00-0036302;00-0031554;00-0036441;00-0034790;00-0036380,Michael Davis;Asante Samuel;Ja'Sir Taylor;Khalil Mack;Tuli Tuipulotu;Morgan Fox;Jaylinn Hawkins;Eric Kendricks;Kenneth Murray;Derwin James;Alohi Gilman
2023_15_LAC_LV,2992,pass,0.0,68.0,68.0,LV,3.0,1203.0,68.0,5.0,5:03,4:58,,49.0,7.0,1.0,10.0,"3 CB, 2 DE, 1 DT, 2 ILB, 1 NT, 2 SS",CB;CB;CB;DE;DE;DT;ILB;ILB;NT;SS;SS,11,5,4,MAN_COVERAGE,COVER_1,False,00-0031561;00-0036604;00-0037255;00-0038579;00-0038040;00-0033290;00-0037322;00-0032392;00-0031381;00-0034983;00-0034960,Hroniss Grasu;Jordan Meredith;Dylan Parham;Aidan O'Connell;Zamir White;Jermaine Eluemunor;Thayer Munford;Austin Hooper;Davante Adams;Hunter Renfrow;Jakobi Meyers,00-0033697;00-0036617;00-0037307;00-0031040;00-0039111;00-0032763;00-0031554;00-0036441;00-0038614;00-0034790;00-0036380,Michael Davis;Asante Samuel;Ja'Sir Taylor;Khalil Mack;Tuli Tuipulotu;Austin Johnson;Eric Kendricks;Kenneth Murray;Scott Matlock;Derwin James;Alohi Gilman
2023_15_LAC_LV,3015,run,2.0,68.0,66.0,LV,3.0,1198.0,68.0,44.0,4:58,4:14,,49.0,7.0,2.0,10.0,"3 CB, 2 DE, 1 DT, 2 ILB, 1 NT, 2 SS",CB;CB;CB;DE;DE;DT;ILB;ILB;NT;SS;SS,11,6,0,,,False,00-0031561;00-0036604;00-0037255;00-0038579;00-0038040;00-0033290;00-0037322;00-0032392;00-0031381;00-0034983;00-0038563,Hroniss Grasu;Jordan Meredith;Dylan Parham;Aidan O'Connell;Zamir White;Jermaine Eluemunor;Thayer Munford;Austin Hooper;Davante Adams;Hunter Renfrow;Tre Tucker,00-0033697;00-0036617;00-0037307;00-0031040;00-0039111;00-0032763;00-0031554;00-0036441;00-0038614;00-0034790;00-0036380,Michael Davis;Asante Samuel;Ja'Sir Taylor;Khalil Mack;Tuli Tuipulotu;Austin Johnson;Eric Kendricks;Kenneth Murray;Scott Matlock;Derwin James;Alohi Gilman
2023_15_LAC_LV,3037,pass,5.0,66.0,61.0,LV,3.0,1154.0,66.0,40.0,4:14,3:34,,49.0,7.0,3.0,8.0,"2 CB, 2 DE, 1 DT, 1 FS, 2 ILB, 1 OLB, 2 SS",CB;CB;DE;DE;DT;FS;ILB;ILB;OLB;SS;SS,11,6,4,ZONE_COVERAGE,COVER_2,False,00-0031561;00-0036604;00-0037255;00-0038579;00-0032104;00-0033290;00-0037322;00-0032392;00-0031381;00-0034960;00-0038563,Hroniss Grasu;Jordan Meredith;Dylan Parham;Aidan O'Connell;Ameer Abdullah;Jermaine Eluemunor;Thayer Munford;Austin Hooper;Davante Adams;Jakobi Meyers;Tre Tucker,00-0033697;00-0036617;00-0031040;00-0039111;00-0032671;00-0036302;00-0031554;00-0036441;00-0035591;00-0034790;00-0036380,Michael Davis;Asante Samuel;Khalil Mack;Tuli Tuipulotu;Morgan Fox;Jaylinn Hawkins;Eric Kendricks;Kenneth Murray;Justin Hollins;Derwin James;Alohi Gilman
2023_15_LAC_LV,3062,punt,0.0,61.0,61.0,LV,3.0,1114.0,61.0,7.0,3:34,3:27,,49.0,7.0,4.0,3.0,"2 CB, 1 FS, 2 ILB, 2 OLB, 1 SS, 2 TE, 1 WR",CB;CB;FS;ILB;ILB;OLB;OLB;SS;TE;TE;WR,11,0,0,,,False,00-0036989;00-0035726;00-0037512;00-0035757;00-0035076;00-0037517;00-0035190;00-0029239;00-0032104;00-0035562;00-0036527,Malcolm Koonce;Jakob Johnson;Isaiah Pola-Mao;Jacob Bobenmoyer;Curtis Bolton;Luke Masterson;A.J. Cole;Brandon Bolden;Ameer Abdullah;Jesper Horsted;D.J. Turner,00-0033697;00-0037307;00-0038866;00-0036648;00-0038553;00-0035591;00-0035984;00-0031870;00-0032725;00-0037475;00-0038573,Michael Davis;Ja'Sir Taylor;A.J. Finley;Nick Niemann;Daiyan Henley;Justin Hollins;Blake Lynch;Dean Marlowe;Stephen Anderson;Stone Smartt;Derius Davis
2023_15_LAC_LV,3081,run,5.0,80.0,75.0,LAC,3.0,1107.0,80.0,32.0,3:27,2:55,,49.0,7.0,1.0,10.0,"3 CB, 2 DE, 2 DT, 1 FS, 1 MLB, 1 OLB, 1 SS",CB;CB;CB;DE;DE;DT;DT;FS;MLB;OLB;SS,11,7,0,,,False,00-0034436;00-0037818;00-0037295;00-0035282;00-0038045;00-0035688;00-0037009;00-0033895;00-0032543;00-0035414;00-0038544,Will Clapp;Zion Johnson;Jamaree Salyer;Easton Stick;Isaiah Spiller;Trey Pipkins;Rashawn Slater;Gerald Everett;Alex Erickson;Jalen Guyton;Quentin Johnston,00-0036871;00-0038039;00-0039072;00-0036878;00-0038541;00-0034387;00-0035674;00-0036962;00-0036990;00-0034720;00-0034993,Nate Hobbs;Jack Jones;Jakorian Bennett;Janarius Robinson;Tyree Wilson;Bilal Nichols;Jerry Tillery;Trevon Moehrig;Divine Deablo;Robert Spillane;Marcus Epps
2023_15_LAC_LV,3115,pass,4.0,75.0,71.0,LAC,3.0,1075.0,75.0,35.0,2:55,2:20,,49.0,7.0,2.0,5.0,"3 CB, 2 DE, 2 DT, 1 FS, 1 MLB, 1 OLB, 1 SS",CB;CB;CB;DE;DE;DT;DT;FS;MLB;OLB;SS,11,6,4,ZONE_COVERAGE,COVER_2,False,00-0034436;00-0037818;00-0037295;00-0035282;00-0038045;00-0035688;00-0037009;00-0033895;00-0032543;00-0036988;00-0038544,Will Clapp;Zion Johnson;Jamaree Salyer;Easton Stick;Isaiah Spiller;Trey Pipkins;Rashawn Slater;Gerald Everett;Alex Erickson;Josh Palmer;Quentin Johnston,00-0036871;00-0038039;00-0039072;00-0036878;00-0038541;00-0034387;00-0035674;00-0036962;00-0036990;00-0034720;00-0034993,Nate Hobbs;Jack Jones;Jakorian Bennett;Janarius Robinson;Tyree Wilson;Bilal Nichols;Jerry Tillery;Trevon Moehrig;Divine Deablo;Robert Spillane;Marcus Epps
2023_15_LAC_LV,3140,run,2.0,71.0,69.0,LAC,3.0,1040.0,71.0,36.0,2:20,1:44,,49.0,7.0,3.0,1.0,"3 CB, 2 DE, 2 DT, 1 FS, 1 MLB, 1 OLB, 1 SS",CB;CB;CB;DE;DE;DT;DT;FS;MLB;OLB;SS,11,7,0,,,False,00-0034436;00-0037818;00-0037295;00-0035282;00-0038045;00-0035688;00-0037009;00-0032394;00-0033895;00-0035414;00-0038544,Will Clapp;Zion Johnson;Jamaree Salyer;Easton Stick;Isaiah Spiller;Trey Pipkins;Rashawn Slater;Nick Vannett;Gerald Everett;Jalen Guyton;Quentin Johnston,00-0036871;00-0038039;00-0039072;00-0036989;00-0038541;00-0034387;00-0035674;00-0036962;00-0036990;00-0034720;00-0034993,Nate Hobbs;Jack Jones;Jakorian Bennett;Malcolm Koonce;Tyree Wilson;Bilal Nichols;Jerry Tillery;Trevon Moehrig;Divine Deablo;Robert Spillane;Marcus Epps
2023_15_LAC_LV,3162,pass,12.0,69.0,57.0,LAC,3.0,1004.0,69.0,40.0,1:44,1:04,,49.0,7.0,1.0,10.0,"3 CB, 2 DE, 2 DT, 1 FS, 1 MLB, 1 OLB, 1 SS",CB;CB;CB;DE;DE;DT;DT;FS;MLB;OLB;SS,11,6,4,MAN_COVERAGE,COVER_1,False,00-0034436;00-0037818;00-0037295;00-0035282;00-0033699;00-0035688;00-0037009;00-0037475;00-0032543;00-0036988;00-0038544,Will Clapp;Zion Johnson;Jamaree Salyer;Easton Stick;Austin Ekeler;Trey Pipkins;Rashawn Slater;Stone Smartt;Alex Erickson;Josh Palmer;Quentin Johnston,00-0036871;00-0038039;00-0039072;00-0036989;00-0038541;00-0034387;00-0035674;00-0036962;00-0036990;00-0034720;00-0034993,Nate Hobbs;Jack Jones;Jakorian Bennett;Malcolm Koonce;Tyree Wilson;Bilal Nichols;Jerry Tillery;Trevon Moehrig;Divine Deablo;Robert Spillane;Marcus Epps
2023_15_LAC_LV,3187,pass,0.0,57.0,57.0,LAC,3.0,964.0,57.0,6.0,1:04,0:58,,49.0,7.0,1.0,10.0,"3 CB, 2 DE, 2 DT, 1 FS, 1 MLB, 1 OLB, 1 SS",CB;CB;CB;DE;DE;DT;DT;FS;MLB;OLB;SS,11,5,4,MAN_COVERAGE,COVER_1,True,00-0034436;00-0037818;00-0037295;00-0035282;00-0033699;00-0035688;00-0037009;00-0037475;00-0035414;00-0036988;00-0038544,Will Clapp;Zion Johnson;Jamaree Salyer;Easton Stick;Austin Ekeler;Trey Pipkins;Rashawn Slater;Stone Smartt;Jalen Guyton;Josh Palmer;Quentin Johnston,00-0036871;00-0038039;00-0039072;00-0034973;00-0036989;00-0034387;00-0035674;00-0036962;00-0036990;00-0034720;00-0034993,Nate Hobbs;Jack Jones;Jakorian Bennett;Maxx Crosby;Malcolm Koonce;Bilal Nichols;Jerry Tillery;Trevon Moehrig;Divine Deablo;Robert Spillane;Marcus Epps
2023_15_LAC_LV,3210,pass,6.0,57.0,51.0,LAC,3.0,958.0,57.0,24.0,0:58,0:34,,49.0,7.0,2.0,10.0,"3 CB, 3 DE, 1 DT, 1 FS, 1 MLB, 1 OLB, 1 SS",CB;CB;CB;DE;DE;DE;DT;FS;MLB;OLB;SS,11,4,4,ZONE_COVERAGE,COVER_4,False,00-0034436;00-0037818;00-0037295;00-0035282;00-0036370;00-0035688;00-0037009;00-0033895;00-0037475;00-0035414;00-0038544,Will Clapp;Zion Johnson;Jamaree Salyer;Easton Stick;Joshua Kelley;Trey Pipkins;Rashawn Slater;Gerald Everett;Stone Smartt;Jalen Guyton;Quentin Johnston,00-0036871;00-0038039;00-0039072;00-0034973;00-0036989;00-0038541;00-0033381;00-0036962;00-0036990;00-0034720;00-0034993,Nate Hobbs;Jack Jones;Jakorian Bennett;Maxx Crosby;Malcolm Koonce;Tyree Wilson;Adam Butler;Trevon Moehrig;Divine Deablo;Robert Spillane;Marcus Epps
2023_15_LAC_LV,3235,pass,5.0,51.0,46.0,LAC,3.0,934.0,51.0,22.0,0:34,0:12,,49.0,7.0,3.0,4.0,"3 CB, 2 DE, 2 DT, 1 FS, 1 MLB, 1 OLB, 1 SS",CB;CB;CB;DE;DE;DT;DT;FS;MLB;OLB;SS,11,7,4,ZONE_COVERAGE,COVER_3,False,00-0034436;00-0037818;00-0037295;00-0035282;00-0036370;00-0035688;00-0037009;00-0037475;00-0032543;00-0035414;00-0036988,Will Clapp;Zion Johnson;Jamaree Salyer;Easton Stick;Joshua Kelley;Trey Pipkins;Rashawn Slater;Stone Smartt;Alex Erickson;Jalen Guyton;Josh Palmer,00-0036871;00-0038039;00-0039072;00-0034973;00-0036989;00-0030070;00-0033381;00-0036962;00-0036990;00-0034720;00-0034993,Nate Hobbs;Jack Jones;Jakorian Bennett;Maxx Crosby;Malcolm Koonce;John Jenkins;Adam Butler;Trevon Moehrig;Divine Deablo;Robert Spillane;Marcus Epps
2023_15_LAC_LV,3260,turnover,-10.0,46.0,56.0,LAC,3.0,912.0,46.0,12.0,0:12,0:00,,55.0,7.0,1.0,10.0,"3 CB, 2 DE, 2 DT, 1 FS, 1 MLB, 1 OLB, 1 SS",CB;CB;CB;DE;DE;DT;DT;FS;MLB;OLB;SS,11,6,4,ZONE_COVERAGE,COVER_4,True,00-0034436;00-0037818;00-0037295;00-0035282;00-0036370;00-0035688;00-0037009;00-0037475;00-0032543;00-0035414;00-0036988,Will Clapp;Zion Johnson;Jamaree Salyer;Easton Stick;Joshua Kelley;Trey Pipkins;Rashawn Slater;Stone Smartt;Alex Erickson;Jalen Guyton;Josh Palmer,00-0036871;00-0038039;00-0039072;00-0034973;00-0036989;00-0030070;00-0033381;00-0036962;00-0036990;00-0034720;00-0034993,Nate Hobbs;Jack Jones;Jakorian Bennett;Maxx Crosby;Malcolm Koonce;John Jenkins;Adam Butler;Trevon Moehrig;Divine Deablo;Robert Spillane;Marcus Epps
2023_15_LAC_LV,3298,extra_point,0.0,15.0,15.0,LV,3.0,900.0,15.0,0.0,0:00,0:00,,56.0,7.0,,0.0,"2 CB, 1 DE, 4 DT, 1 FS, 1 ILB, 1 NT, 1 SS",CB;CB;DE;DT;DT;DT;DT;FS;ILB;NT;SS,11,0,0,,,False,00-0031561;00-0033381;00-0036604;00-0037255;00-0034161;00-0035757;00-0035190;00-0033290;00-0034763;00-0037322;00-0039066,Hroniss Grasu;Adam Butler;Jordan Meredith;Dylan Parham;Daniel Carlson;Jacob Bobenmoyer;A.J. Cole;Jermaine Eluemunor;Brandon Parker;Thayer Munford;Michael Mayer,00-0033697;00-0036617;00-0039111;00-0032763;00-0032671;00-0034810;00-0037375;00-0036302;00-0036648;00-0038614;00-0036380,Michael Davis;Asante Samuel;Tuli Tuipulotu;Austin Johnson;Morgan Fox;Sebastian Joseph;Christopher Hinton;Jaylinn Hawkins;Nick Niemann;Scott Matlock;Alohi Gilman
2023_15_LAC_LV,3313,start_quarter_4,,,,LAC,3.0,900.0,,0.0,0:00,0:00,,56.0,7.0,,0.0,,,,,,,,,,,,
2023_15_LAC_LV,3331,kickoff,0.0,35.0,35.0,LAC,4.0,900.0,35.0,0.0,15:00,15:00,,56.0,7.0,,0.0,"1 CB, 1 FS, 1 K, 3 OLB, 2 RB, 1 SS, 1 TE, 1 WR",CB;FS;K;OLB;OLB;OLB;RB;RB;SS;TE;WR,11,0,0,,,False,00-0036302;00-0038866;00-0036648;00-0038553;00-0035984;00-0036370;00-0031870;00-0032394;00-0032725;00-0037475;00-0038573,Jaylinn Hawkins;A.J. Finley;Nick Niemann;Daiyan Henley;Blake Lynch;Joshua Kelley;Dean Marlowe;Nick Vannett;Stephen Anderson;Stone Smartt;Derius Davis,00-0035783;00-0037512;00-0034161;00-0035076;00-0037517;00-0038617;00-0029239;00-0032104;00-0038602;00-0035562;00-0036527,Tyler Hall;Isaiah Pola-Mao;Daniel Carlson;Curtis Bolton;Luke Masterson;Amari Burney;Brandon Bolden;Ameer Abdullah;Christopher Smith;Jesper Horsted;D.J. Turner
2023_15_LAC_LV,3347,run,-3.0,75.0,78.0,LAC,4.0,900.0,75.0,25.0,15:00,14:35,,56.0,7.0,1.0,10.0,"3 CB, 2 DE, 2 DT, 1 FS, 1 MLB, 1 OLB, 1 SS",CB;CB;CB;DE;DE;DT;DT;FS;MLB;OLB;SS,11,7,0,,,False,00-0034436;00-0037818;00-0037295;00-0035282;00-0038045;00-0035688;00-0037009;00-0032394;00-0033895;00-0035414;00-0038544,Will Clapp;Zion Johnson;Jamaree Salyer;Easton Stick;Isaiah Spiller;Trey Pipkins;Rashawn Slater;Nick Vannett;Gerald Everett;Jalen Guyton;Quentin Johnston,00-0036375;00-0036871;00-0038039;00-0034973;00-0038541;00-0033381;00-0035674;00-0036962;00-0036990;00-0034720;00-0034993,Amik Robertson;Nate Hobbs;Jack Jones;Maxx Crosby;Tyree Wilson;Adam Butler;Jerry Tillery;Trevon Moehrig;Divine Deablo;Robert Spillane;Marcus Epps
2023_15_LAC_LV,3372,turnover,0.0,78.0,78.0,LAC,4.0,875.0,78.0,4.0,14:35,14:31,,62.0,7.0,2.0,13.0,"3 CB, 3 DE, 1 DT, 1 FS, 1 MLB, 1 OLB, 1 SS",CB;CB;CB;DE;DE;DE;DT;FS;MLB;OLB;SS,11,6,6,MAN_COVERAGE,COVER_0,False,00-0036636;00-0037818;00-0037295;00-0035282;00-0033699;00-0035688;00-0037009;00-0037475;00-0032543;00-0036988;00-0038544,Brenden Jaimes;Zion Johnson;Jamaree Salyer;Easton Stick;Austin Ekeler;Trey Pipkins;Rashawn Slater;Stone Smartt;Alex Erickson;Josh Palmer;Quentin Johnston,00-0036375;00-0036871;00-0038039;00-0034973;00-0036989;00-0038541;00-0033381;00-0036962;00-0036990;00-0034720;00-0034993,Amik Robertson;Nate Hobbs;Jack Jones;Maxx Crosby;Malcolm Koonce;Tyree Wilson;Adam Butler;Trevon Moehrig;Divine Deablo;Robert Spillane;Marcus Epps
2023_15_LAC_LV,3402,extra_point,0.0,15.0,15.0,LV,4.0,871.0,15.0,0.0,14:31,14:31,,63.0,7.0,,0.0,"2 CB, 1 DE, 4 DT, 1 FS, 1 ILB, 1 NT, 1 SS",CB;CB;DE;DT;DT;DT;DT;FS;ILB;NT;SS,11,0,0,,,False,00-0031561;00-0033381;00-0036604;00-0037255;00-0034161;00-0035757;00-0035190;00-0033290;00-0034763;00-0037322;00-0039066,Hroniss Grasu;Adam Butler;Jordan Meredith;Dylan Parham;Daniel Carlson;Jacob Bobenmoyer;A.J. Cole;Jermaine Eluemunor;Brandon Parker;Thayer Munford;Michael Mayer,00-0033697;00-0036617;00-0039111;00-0032763;00-0032671;00-0034810;00-0037375;00-0036302;00-0036648;00-0038614;00-0036380,Michael Davis;Asante Samuel;Tuli Tuipulotu;Austin Johnson;Morgan Fox;Sebastian Joseph;Christopher Hinton;Jaylinn Hawkins;Nick Niemann;Scott Matlock;Alohi Gilman
2023_15_LAC_LV,3417,kickoff,0.0,35.0,35.0,LAC,4.0,871.0,35.0,0.0,14:31,14:31,,63.0,7.0,,0.0,"1 CB, 1 FS, 1 K, 3 OLB, 2 RB, 1 SS, 1 TE, 1 WR",CB;FS;K;OLB;OLB;OLB;RB;RB;SS;TE;WR,11,0,0,,,False,00-0036302;00-0038866;00-0036648;00-0038553;00-0035984;00-0036370;00-0031870;00-0032394;00-0032725;00-0037475;00-0038573,Jaylinn Hawkins;A.J. Finley;Nick Niemann;Daiyan Henley;Blake Lynch;Joshua Kelley;Dean Marlowe;Nick Vannett;Stephen Anderson;Stone Smartt;Derius Davis,00-0035783;00-0037512;00-0034161;00-0035076;00-0037517;00-0038617;00-0029239;00-0032104;00-0038602;00-0035562;00-0036527,Tyler Hall;Isaiah Pola-Mao;Daniel Carlson;Curtis Bolton;Luke Masterson;Amari Burney;Brandon Bolden;Ameer Abdullah;Christopher Smith;Jesper Horsted;D.J. Turner
2023_15_LAC_LV,3433,run,1.0,75.0,74.0,LAC,4.0,871.0,75.0,24.0,14:31,14:07,,63.0,7.0,1.0,10.0,"3 CB, 2 DE, 2 DT, 1 FS, 1 MLB, 1 OLB, 1 SS",CB;CB;CB;DE;DE;DT;DT;FS;MLB;OLB;SS,11,6,0,,,False,00-0036636;00-0037818;00-0037295;00-0035282;00-0038045;00-0035688;00-0037009;00-0032394;00-0033895;00-0035414;00-0038544,Brenden Jaimes;Zion Johnson;Jamaree Salyer;Easton Stick;Isaiah Spiller;Trey Pipkins;Rashawn Slater;Nick Vannett;Gerald Everett;Jalen Guyton;Quentin Johnston,00-0036375;00-0035783;00-0039072;00-0036878;00-0038541;00-0034387;00-0035674;00-0037512;00-0036990;00-0037517;00-0038602,Amik Robertson;Tyler Hall;Jakorian Bennett;Janarius Robinson;Tyree Wilson;Bilal Nichols;Jerry Tillery;Isaiah Pola-Mao;Divine Deablo;Luke Masterson;Christopher Smith
2023_15_LAC_LV,3458,run,5.0,74.0,69.0,LAC,4.0,847.0,74.0,0.0,14:07,14:07,,63.0,7.0,2.0,9.0,"3 CB, 2 DE, 2 DT, 1 FS, 2 OLB, 1 SS",CB;CB;CB;DE;DE;DT;DT;FS;OLB;OLB;SS,11,6,0,,,False,00-0036636;00-0037818;00-0037295;00-0035282;00-0038045;00-0035688;00-0037009;00-0037475;00-0032543;00-0036988;00-0038544,Brenden Jaimes;Zion Johnson;Jamaree Salyer;Easton Stick;Isaiah Spiller;Trey Pipkins;Rashawn Slater;Stone Smartt;Alex Erickson;Josh Palmer;Quentin Johnston,00-0036375;00-0035783;00-0039072;00-0036878;00-0038541;00-0033381;00-0034387;00-0037512;00-0035076;00-0037517;00-0038602,Amik Robertson;Tyler Hall;Jakorian Bennett;Janarius Robinson;Tyree Wilson;Adam Butler;Bilal Nichols;Isaiah Pola-Mao;Curtis Bolton;Luke Masterson;Christopher Smith
2023_15_LAC_LV,3477,timeout,0.0,,,,4.0,847.0,,35.0,14:07,13:32,LV,63.0,7.0,,0.0,,,,,,,,,,,,
2023_15_LAC_LV,3494,pass,5.0,69.0,64.0,LAC,4.0,812.0,69.0,36.0,13:32,12:56,,63.0,7.0,3.0,4.0,"3 CB, 2 DE, 2 DT, 1 FS, 2 OLB, 1 SS",CB;CB;CB;DE;DE;DT;DT;FS;OLB;OLB;SS,11,6,4,ZONE_COVERAGE,COVER_2,False,00-0036636;00-0037818;00-0037295;00-0035282;00-0036370;00-0035688;00-0037009;00-0037475;00-0032543;00-0036988;00-0038544,Brenden Jaimes;Zion Johnson;Jamaree Salyer;Easton Stick;Joshua Kelley;Trey Pipkins;Rashawn Slater;Stone Smartt;Alex Erickson;Josh Palmer;Quentin Johnston,00-0036375;00-0035783;00-0039072;00-0036878;00-0038541;00-0033381;00-0034387;00-0037512;00-0035076;00-0037517;00-0038602,Amik Robertson;Tyler Hall;Jakorian Bennett;Janarius Robinson;Tyree Wilson;Adam Butler;Bilal Nichols;Isaiah Pola-Mao;Curtis Bolton;Luke Masterson;Christopher Smith
2023_15_LAC_LV,3519,run,1.0,64.0,63.0,LAC,4.0,776.0,64.0,41.0,12:56,12:15,,63.0,7.0,1.0,10.0,"3 CB, 2 DE, 2 DT, 1 FS, 2 OLB, 1 SS",CB;CB;CB;DE;DE;DT;DT;FS;OLB;OLB;SS,11,6,0,,,False,00-0036636;00-0037818;00-0037295;00-0035282;00-0036370;00-0035688;00-0037009;00-0037475;00-0032543;00-0036988;00-0038544,Brenden Jaimes;Zion Johnson;Jamaree Salyer;Easton Stick;Joshua Kelley;Trey Pipkins;Rashawn Slater;Stone Smartt;Alex Erickson;Josh Palmer;Quentin Johnston,00-0036375;00-0035783;00-0039072;00-0036878;00-0038541;00-0033381;00-0035674;00-0037512;00-0035076;00-0037517;00-0038602,Amik Robertson;Tyler Hall;Jakorian Bennett;Janarius Robinson;Tyree Wilson;Adam Butler;Jerry Tillery;Isaiah Pola-Mao;Curtis Bolton;Luke Masterson;Christopher Smith
2023_15_LAC_LV,3541,run,4.0,63.0,59.0,LAC,4.0,735.0,63.0,42.0,12:15,11:33,,63.0,7.0,2.0,9.0,"3 CB, 2 DE, 2 DT, 1 FS, 2 OLB, 1 SS",CB;CB;CB;DE;DE;DT;DT;FS;OLB;OLB;SS,11,6,0,,,False,00-0036636;00-0037818;00-0037295;00-0035282;00-0038045;00-0035688;00-0037009;00-0033895;00-0032543;00-0036988;00-0038544,Brenden Jaimes;Zion Johnson;Jamaree Salyer;Easton Stick;Isaiah Spiller;Trey Pipkins;Rashawn Slater;Gerald Everett;Alex Erickson;Josh Palmer;Quentin Johnston,00-0036375;00-0035783;00-0039072;00-0036878;00-0038541;00-0033381;00-0035674;00-0037512;00-0035076;00-0037517;00-0038602,Amik Robertson;Tyler Hall;Jakorian Bennett;Janarius Robinson;Tyree Wilson;Adam Butler;Jerry Tillery;Isaiah Pola-Mao;Curtis Bolton;Luke Masterson;Christopher Smith
2023_15_LAC_LV,3563,run,9.0,59.0,50.0,LAC,4.0,693.0,59.0,46.0,11:33,10:47,,63.0,7.0,3.0,5.0,"3 CB, 2 DE, 2 DT, 1 FS, 2 OLB, 1 SS",CB;CB;CB;DE;DE;DT;DT;FS;OLB;OLB;SS,11,5,4,ZONE_COVERAGE,COMBO,True,00-0036636;00-0037818;00-0037295;00-0035282;00-0036370;00-0035688;00-0037009;00-0033895;00-0032543;00-0036988;00-0038544,Brenden Jaimes;Zion Johnson;Jamaree Salyer;Easton Stick;Joshua Kelley;Trey Pipkins;Rashawn Slater;Gerald Everett;Alex Erickson;Josh Palmer;Quentin Johnston,00-0036375;00-0035783;00-0039072;00-0036878;00-0038541;00-0033381;00-0035674;00-0037512;00-0035076;00-0037517;00-0038602,Amik Robertson;Tyler Hall;Jakorian Bennett;Janarius Robinson;Tyree Wilson;Adam Butler;Jerry Tillery;Isaiah Pola-Mao;Curtis Bolton;Luke Masterson;Christopher Smith
2023_15_LAC_LV,3585,pass,0.0,50.0,50.0,LAC,4.0,647.0,50.0,4.0,10:47,10:43,,63.0,7.0,1.0,10.0,"3 CB, 2 DE, 2 DT, 1 FS, 2 OLB, 1 SS",CB;CB;CB;DE;DE;DT;DT;FS;OLB;OLB;SS,11,5,4,ZONE_COVERAGE,COVER_4,False,00-0036636;00-0037818;00-0037295;00-0035282;00-0036370;00-0035688;00-0037009;00-0032394;00-0036988;00-0038544;00-0038573,Brenden Jaimes;Zion Johnson;Jamaree Salyer;Easton Stick;Joshua Kelley;Trey Pipkins;Rashawn Slater;Nick Vannett;Josh Palmer;Quentin Johnston;Derius Davis,00-0036375;00-0035783;00-0039072;00-0036989;00-0036878;00-0030070;00-0034387;00-0037512;00-0035076;00-0037517;00-0038602,Amik Robertson;Tyler Hall;Jakorian Bennett;Malcolm Koonce;Janarius Robinson;John Jenkins;Bilal Nichols;Isaiah Pola-Mao;Curtis Bolton;Luke Masterson;Christopher Smith
2023_15_LAC_LV,3608,pass,12.0,50.0,38.0,LAC,4.0,643.0,50.0,39.0,10:43,10:04,,63.0,7.0,2.0,10.0,"3 CB, 2 DE, 2 DT, 1 FS, 2 OLB, 1 SS",CB;CB;CB;DE;DE;DT;DT;FS;OLB;OLB;SS,11,6,4,ZONE_COVERAGE,COVER_2,False,00-0036636;00-0037818;00-0037295;00-0035282;00-0033699;00-0035688;00-0037009;00-0032394;00-0032543;00-0036988;00-0038544,Brenden Jaimes;Zion Johnson;Jamaree Salyer;Easton Stick;Austin Ekeler;Trey Pipkins;Rashawn Slater;Nick Vannett;Alex Erickson;Josh Palmer;Quentin Johnston,00-0036375;00-0035783;00-0039072;00-0036989;00-0036878;00-0034387;00-0035674;00-0037512;00-0035076;00-0037517;00-0038602,Amik Robertson;Tyler Hall;Jakorian Bennett;Malcolm Koonce;Janarius Robinson;Bilal Nichols;Jerry Tillery;Isaiah Pola-Mao;Curtis Bolton;Luke Masterson;Christopher Smith
2023_15_LAC_LV,3633,run,0.0,38.0,38.0,LAC,4.0,604.0,38.0,39.0,10:04,9:25,,63.0,7.0,1.0,10.0,"3 CB, 2 DE, 2 DT, 1 FS, 2 OLB, 1 SS",CB;CB;CB;DE;DE;DT;DT;FS;OLB;OLB;SS,11,6,0,,,False,00-0036636;00-0037818;00-0037295;00-0035282;00-0038045;00-0035688;00-0037009;00-0032394;00-0035414;00-0036988;00-0038544,Brenden Jaimes;Zion Johnson;Jamaree Salyer;Easton Stick;Isaiah Spiller;Trey Pipkins;Rashawn Slater;Nick Vannett;Jalen Guyton;Josh Palmer;Quentin Johnston,00-0036375;00-0035783;00-0039072;00-0036989;00-0036878;00-0034387;00-0035674;00-0037512;00-0035076;00-0037517;00-0038602,Amik Robertson;Tyler Hall;Jakorian Bennett;Malcolm Koonce;Janarius Robinson;Bilal Nichols;Jerry Tillery;Isaiah Pola-Mao;Curtis Bolton;Luke Masterson;Christopher Smith
2023_15_LAC_LV,3655,pass,25.0,38.0,13.0,LAC,4.0,565.0,38.0,42.0,9:25,8:43,,63.0,7.0,2.0,10.0,"3 CB, 2 DE, 2 DT, 1 FS, 2 OLB, 1 SS",CB;CB;CB;DE;DE;DT;DT;FS;OLB;OLB;SS,11,5,4,ZONE_COVERAGE,COVER_3,False,00-0036636;00-0037818;00-0037295;00-0035282;00-0036370;00-0035688;00-0037009;00-0033895;00-0035414;00-0036988;00-0038544,Brenden Jaimes;Zion Johnson;Jamaree Salyer;Easton Stick;Joshua Kelley;Trey Pipkins;Rashawn Slater;Gerald Everett;Jalen Guyton;Josh Palmer;Quentin Johnston,00-0036375;00-0035783;00-0039072;00-0036878;00-0038541;00-0033381;00-0035674;00-0037512;00-0035076;00-0037517;00-0038602,Amik Robertson;Tyler Hall;Jakorian Bennett;Janarius Robinson;Tyree Wilson;Adam Butler;Jerry Tillery;Isaiah Pola-Mao;Curtis Bolton;Luke Masterson;Christopher Smith
2023_15_LAC_LV,3680,pass,13.0,13.0,0.0,LAC,4.0,523.0,13.0,4.0,8:43,8:39,,63.0,13.0,1.0,10.0,"3 CB, 2 DE, 2 DT, 1 FS, 2 OLB, 1 SS",CB;CB;CB;DE;DE;DT;DT;FS;OLB;OLB;SS,11,6,4,MAN_COVERAGE,COVER_1,False,00-0036636;00-0037818;00-0037295;00-0035282;00-0038045;00-0035688;00-0037009;00-0033895;00-0032543;00-0036988;00-0038544,Brenden Jaimes;Zion Johnson;Jamaree Salyer;Easton Stick;Isaiah Spiller;Trey Pipkins;Rashawn Slater;Gerald Everett;Alex Erickson;Josh Palmer;Quentin Johnston,00-0036375;00-0035783;00-0039072;00-0036878;00-0038541;00-0033381;00-0035674;00-0037512;00-0035076;00-0037517;00-0038602,Amik Robertson;Tyler Hall;Jakorian Bennett;Janarius Robinson;Tyree Wilson;Adam Butler;Jerry Tillery;Isaiah Pola-Mao;Curtis Bolton;Luke Masterson;Christopher Smith
2023_15_LAC_LV,3701,extra_point,0.0,15.0,15.0,LAC,4.0,519.0,15.0,0.0,8:39,8:39,,63.0,14.0,,0.0,"1 CB, 3 DE, 3 DT, 2 OLB, 1 RB, 1 SS",CB;DE;DE;DE;DT;DT;DT;OLB;OLB;RB;SS,11,0,0,,,False,00-0036636;00-0037818;00-0037295;00-0038595;00-0037224;00-0028845;00-0038614;00-0034162;00-0037009;00-0036584;00-0032394,Brenden Jaimes;Zion Johnson;Jamaree Salyer;Jordan McFadden;Cameron Dicker;Josh Harris;Scott Matlock;J.K. Scott;Rashawn Slater;Foster Sarell;Nick Vannett,00-0036375;00-0036989;00-0036878;00-0038541;00-0030070;00-0034387;00-0035674;00-0035076;00-0037517;00-0029239;00-0038602,Amik Robertson;Malcolm Koonce;Janarius Robinson;Tyree Wilson;John Jenkins;Bilal Nichols;Jerry Tillery;Curtis Bolton;Luke Masterson;Brandon Bolden;Christopher Smith
2023_15_LAC_LV,3716,kickoff,0.0,35.0,35.0,LV,4.0,519.0,35.0,5.0,8:39,8:34,,63.0,14.0,,0.0,"1 CB, 2 FS, 2 ILB, 1 K, 2 OLB, 2 SS, 1 TE",CB;FS;FS;ILB;ILB;K;OLB;OLB;SS;SS;TE,11,0,0,,,False,00-0035726;00-0037512;00-0035076;00-0037517;00-0038617;00-0029239;00-0032104;00-0038602;00-0035562;00-0031763;00-0036527,Jakob Johnson;Isaiah Pola-Mao;Curtis Bolton;Luke Masterson;Amari Burney;Brandon Bolden;Ameer Abdullah;Christopher Smith;Jesper Horsted;DeAndre Carter;D.J. Turner,00-0037307;00-0036302;00-0038866;00-0036648;00-0038553;00-0037224;00-0035984;00-0038865;00-0031870;00-0036380;00-0032725,Ja'Sir Taylor;Jaylinn Hawkins;A.J. Finley;Nick Niemann;Daiyan Henley;Cameron Dicker;Blake Lynch;Andrew Farmer;Dean Marlowe;Alohi Gilman;Stephen Anderson
2023_15_LAC_LV,3746,pass,7.0,77.0,70.0,LV,4.0,514.0,77.0,37.0,8:34,7:57,,63.0,14.0,1.0,10.0,"3 CB, 2 DT, 2 ILB, 2 OLB, 2 SS",CB;CB;CB;DT;DT;ILB;ILB;OLB;OLB;SS;SS,11,6,4,ZONE_COVERAGE,COVER_4,False,00-0031561;00-0036604;00-0037255;00-0038579;00-0038040;00-0033290;00-0037322;00-0032392;00-0031381;00-0034983;00-0034960,Hroniss Grasu;Jordan Meredith;Dylan Parham;Aidan O'Connell;Zamir White;Jermaine Eluemunor;Thayer Munford;Austin Hooper;Davante Adams;Hunter Renfrow;Jakobi Meyers,00-0033697;00-0036617;00-0037307;00-0034810;00-0037375;00-0031554;00-0036441;00-0035591;00-0038865;00-0034790;00-0036380,Michael Davis;Asante Samuel;Ja'Sir Taylor;Sebastian Joseph;Christopher Hinton;Eric Kendricks;Kenneth Murray;Justin Hollins;Andrew Farmer;Derwin James;Alohi Gilman
2023_15_LAC_LV,3771,pass,0.0,70.0,70.0,LV,4.0,477.0,70.0,7.0,7:57,7:50,,63.0,14.0,2.0,3.0,"3 CB, 2 DT, 2 ILB, 2 OLB, 2 SS",CB;CB;CB;DT;DT;ILB;ILB;OLB;OLB;SS;SS,11,6,4,MAN_COVERAGE,COVER_0,True,00-0031561;00-0036604;00-0037255;00-0038579;00-0038040;00-0033290;00-0037322;00-0032392;00-0031381;00-0034983;00-0034960,Hroniss Grasu;Jordan Meredith;Dylan Parham;Aidan O'Connell;Zamir White;Jermaine Eluemunor;Thayer Munford;Austin Hooper;Davante Adams;Hunter Renfrow;Jakobi Meyers,00-0033697;00-0036617;00-0037307;00-0034810;00-0037375;00-0031554;00-0036441;00-0035591;00-0038865;00-0034790;00-0036380,Michael Davis;Asante Samuel;Ja'Sir Taylor;Sebastian Joseph;Christopher Hinton;Eric Kendricks;Kenneth Murray;Justin Hollins;Andrew Farmer;Derwin James;Alohi Gilman
2023_15_LAC_LV,3794,run,2.0,70.0,68.0,LV,4.0,470.0,70.0,40.0,7:50,7:10,,63.0,14.0,3.0,3.0,"3 CB, 2 DT, 2 ILB, 2 OLB, 2 SS",CB;CB;CB;DT;DT;ILB;ILB;OLB;OLB;SS;SS,11,7,0,,,False,00-0031561;00-0036604;00-0037255;00-0038579;00-0032104;00-0033290;00-0037322;00-0032392;00-0034983;00-0034960;00-0038563,Hroniss Grasu;Jordan Meredith;Dylan Parham;Aidan O'Connell;Ameer Abdullah;Jermaine Eluemunor;Thayer Munford;Austin Hooper;Hunter Renfrow;Jakobi Meyers;Tre Tucker,00-0033697;00-0036617;00-0037307;00-0032671;00-0034810;00-0031554;00-0036441;00-0035591;00-0038865;00-0034790;00-0036380,Michael Davis;Asante Samuel;Ja'Sir Taylor;Morgan Fox;Sebastian Joseph;Eric Kendricks;Kenneth Murray;Justin Hollins;Andrew Farmer;Derwin James;Alohi Gilman
2023_15_LAC_LV,3816,punt,0.0,68.0,68.0,LV,4.0,430.0,68.0,17.0,7:10,6:53,,63.0,14.0,4.0,1.0,"2 CB, 1 FS, 2 ILB, 2 OLB, 1 SS, 2 TE, 1 WR",CB;CB;FS;ILB;ILB;OLB;OLB;SS;TE;TE;WR,11,0,0,,,False,00-0035783;00-0036989;00-0035726;00-0037512;00-0035757;00-0035076;00-0037517;00-0035190;00-0029239;00-0035562;00-0036527,Tyler Hall;Malcolm Koonce;Jakob Johnson;Isaiah Pola-Mao;Jacob Bobenmoyer;Curtis Bolton;Luke Masterson;A.J. Cole;Brandon Bolden;Jesper Horsted;D.J. Turner,00-0033697;00-0037307;00-0038866;00-0036648;00-0038553;00-0035591;00-0035984;00-0031870;00-0032725;00-0037475;00-0038573,Michael Davis;Ja'Sir Taylor;A.J. Finley;Nick Niemann;Daiyan Henley;Justin Hollins;Blake Lynch;Dean Marlowe;Stephen Anderson;Stone Smartt;Derius Davis
2023_15_LAC_LV,3849,pass,0.0,55.0,55.0,LAC,4.0,413.0,55.0,3.0,6:53,6:50,,63.0,14.0,1.0,10.0,"3 CB, 2 DE, 2 DT, 1 FS, 2 OLB, 1 SS",CB;CB;CB;DE;DE;DT;DT;FS;OLB;OLB;SS,11,6,4,ZONE_COVERAGE,COVER_2,False,00-0036636;00-0037818;00-0037295;00-0035282;00-0038045;00-0035688;00-0037009;00-0033895;00-0035414;00-0036988;00-0038544,Brenden Jaimes;Zion Johnson;Jamaree Salyer;Easton Stick;Isaiah Spiller;Trey Pipkins;Rashawn Slater;Gerald Everett;Jalen Guyton;Josh Palmer;Quentin Johnston,00-0035783;00-0038039;00-0039072;00-0036989;00-0038541;00-0034387;00-0035674;00-0037512;00-0037517;00-0038617;00-0038602,Tyler Hall;Jack Jones;Jakorian Bennett;Malcolm Koonce;Tyree Wilson;Bilal Nichols;Jerry Tillery;Isaiah Pola-Mao;Luke Masterson;Amari Burney;Christopher Smith
2023_15_LAC_LV,3879,run,5.0,55.0,50.0,LAC,4.0,410.0,55.0,37.0,6:50,6:13,,63.0,14.0,2.0,10.0,"3 CB, 2 DE, 2 DT, 1 FS, 2 OLB, 1 SS",CB;CB;CB;DE;DE;DT;DT;FS;OLB;OLB;SS,11,6,0,,,False,00-0036636;00-0037818;00-0037295;00-0035282;00-0038045;00-0035688;00-0037009;00-0033895;00-0035414;00-0036988;00-0038544,Brenden Jaimes;Zion Johnson;Jamaree Salyer;Easton Stick;Isaiah Spiller;Trey Pipkins;Rashawn Slater;Gerald Everett;Jalen Guyton;Josh Palmer;Quentin Johnston,00-0035783;00-0038039;00-0039072;00-0036989;00-0038541;00-0033381;00-0035674;00-0037512;00-0037517;00-0038617;00-0038602,Tyler Hall;Jack Jones;Jakorian Bennett;Malcolm Koonce;Tyree Wilson;Adam Butler;Jerry Tillery;Isaiah Pola-Mao;Luke Masterson;Amari Burney;Christopher Smith
2023_15_LAC_LV,3901,pass,7.0,50.0,43.0,LAC,4.0,373.0,50.0,40.0,6:13,5:33,,63.0,14.0,3.0,5.0,"3 CB, 2 DE, 2 DT, 1 FS, 2 OLB, 1 SS",CB;CB;CB;DE;DE;DT;DT;FS;OLB;OLB;SS,11,6,4,MAN_COVERAGE,COVER_1,False,00-0036636;00-0037818;00-0037295;00-0035282;00-0036370;00-0035688;00-0037009;00-0033895;00-0035414;00-0036988;00-0038544,Brenden Jaimes;Zion Johnson;Jamaree Salyer;Easton Stick;Joshua Kelley;Trey Pipkins;Rashawn Slater;Gerald Everett;Jalen Guyton;Josh Palmer;Quentin Johnston,00-0035783;00-0038039;00-0039072;00-0036989;00-0038541;00-0033381;00-0035674;00-0037512;00-0037517;00-0038617;00-0038602,Tyler Hall;Jack Jones;Jakorian Bennett;Malcolm Koonce;Tyree Wilson;Adam Butler;Jerry Tillery;Isaiah Pola-Mao;Luke Masterson;Amari Burney;Christopher Smith
2023_15_LAC_LV,3926,run,6.0,43.0,37.0,LAC,4.0,333.0,43.0,34.0,5:33,4:59,,63.0,14.0,1.0,10.0,"3 CB, 2 DE, 2 DT, 1 FS, 2 OLB, 1 SS",CB;CB;CB;DE;DE;DT;DT;FS;OLB;OLB;SS,11,6,0,,,False,00-0036636;00-0037818;00-0037295;00-0035282;00-0036370;00-0035688;00-0037009;00-0032394;00-0032543;00-0035414;00-0038544,Brenden Jaimes;Zion Johnson;Jamaree Salyer;Easton Stick;Joshua Kelley;Trey Pipkins;Rashawn Slater;Nick Vannett;Alex Erickson;Jalen Guyton;Quentin Johnston,00-0035783;00-0038039;00-0039072;00-0036989;00-0038541;00-0033381;00-0034387;00-0037512;00-0037517;00-0038617;00-0038602,Tyler Hall;Jack Jones;Jakorian Bennett;Malcolm Koonce;Tyree Wilson;Adam Butler;Bilal Nichols;Isaiah Pola-Mao;Luke Masterson;Amari Burney;Christopher Smith
2023_15_LAC_LV,3948,run,11.0,37.0,26.0,LAC,4.0,299.0,37.0,6.0,4:59,4:53,,63.0,14.0,2.0,4.0,"3 CB, 2 DE, 2 DT, 1 FS, 2 OLB, 1 SS",CB;CB;CB;DE;DE;DT;DT;FS;OLB;OLB;SS,11,6,0,,,False,00-0036636;00-0037818;00-0037295;00-0035282;00-0036370;00-0035688;00-0037009;00-0032394;00-0032543;00-0035414;00-0038544,Brenden Jaimes;Zion Johnson;Jamaree Salyer;Easton Stick;Joshua Kelley;Trey Pipkins;Rashawn Slater;Nick Vannett;Alex Erickson;Jalen Guyton;Quentin Johnston,00-0035783;00-0038039;00-0039072;00-0036989;00-0038541;00-0033381;00-0034387;00-0037512;00-0037517;00-0038617;00-0038602,Tyler Hall;Jack Jones;Jakorian Bennett;Malcolm Koonce;Tyree Wilson;Adam Butler;Bilal Nichols;Isaiah Pola-Mao;Luke Masterson;Amari Burney;Christopher Smith
2023_15_LAC_LV,3970,pass,2.0,26.0,24.0,LAC,4.0,293.0,26.0,43.0,4:53,4:10,,63.0,14.0,1.0,10.0,"3 CB, 2 DE, 2 DT, 1 FS, 2 OLB, 1 SS",CB;CB;CB;DE;DE;DT;DT;FS;OLB;OLB;SS,11,6,4,MAN_COVERAGE,COVER_1,False,00-0036636;00-0037818;00-0037295;00-0035282;00-0038045;00-0035688;00-0037009;00-0032394;00-0033895;00-0035414;00-0038544,Brenden Jaimes;Zion Johnson;Jamaree Salyer;Easton Stick;Isaiah Spiller;Trey Pipkins;Rashawn Slater;Nick Vannett;Gerald Everett;Jalen Guyton;Quentin Johnston,00-0035783;00-0038039;00-0039072;00-0036878;00-0038541;00-0033381;00-0034387;00-0037512;00-0037517;00-0038617;00-0038602,Tyler Hall;Jack Jones;Jakorian Bennett;Janarius Robinson;Tyree Wilson;Adam Butler;Bilal Nichols;Isaiah Pola-Mao;Luke Masterson;Amari Burney;Christopher Smith
2023_15_LAC_LV,3995,no_play,0.0,24.0,24.0,LAC,4.0,250.0,24.0,0.0,4:10,4:10,,63.0,14.0,2.0,8.0,"3 CB, 2 DE, 2 DT, 1 FS, 2 OLB, 1 SS",CB;CB;CB;DE;DE;DT;DT;FS;OLB;OLB;SS,11,0,0,,,False,00-0036636;00-0037818;00-0037295;00-0035282;00-0038045;00-0035688;00-0037009;00-0032394;00-0032543;00-0036988;00-0038544,Brenden Jaimes;Zion Johnson;Jamaree Salyer;Easton Stick;Isaiah Spiller;Trey Pipkins;Rashawn Slater;Nick Vannett;Alex Erickson;Josh Palmer;Quentin Johnston,00-0035783;00-0038039;00-0039072;00-0036878;00-0038541;00-0033381;00-0034387;00-0037512;00-0037517;00-0038617;00-0038602,Tyler Hall;Jack Jones;Jakorian Bennett;Janarius Robinson;Tyree Wilson;Adam Butler;Bilal Nichols;Isaiah Pola-Mao;Luke Masterson;Amari Burney;Christopher Smith
2023_15_LAC_LV,4019,run,6.0,19.0,13.0,LAC,4.0,250.0,19.0,31.0,4:10,3:39,,63.0,14.0,2.0,3.0,"3 CB, 2 DE, 2 DT, 1 FS, 2 OLB, 1 SS",CB;CB;CB;DE;DE;DT;DT;FS;OLB;OLB;SS,11,5,0,,,False,00-0036636;00-0037818;00-0037295;00-0035282;00-0038045;00-0035688;00-0037009;00-0032394;00-0032543;00-0036988;00-0038544,Brenden Jaimes;Zion Johnson;Jamaree Salyer;Easton Stick;Isaiah Spiller;Trey Pipkins;Rashawn Slater;Nick Vannett;Alex Erickson;Josh Palmer;Quentin Johnston,00-0035783;00-0038039;00-0039072;00-0036878;00-0038541;00-0033381;00-0034387;00-0037512;00-0037517;00-0038617;00-0038602,Tyler Hall;Jack Jones;Jakorian Bennett;Janarius Robinson;Tyree Wilson;Adam Butler;Bilal Nichols;Isaiah Pola-Mao;Luke Masterson;Amari Burney;Christopher Smith
2023_15_LAC_LV,4041,run,7.0,13.0,6.0,LAC,4.0,219.0,13.0,18.0,3:39,3:21,,63.0,14.0,1.0,10.0,"3 CB, 2 DE, 2 DT, 1 FS, 2 OLB, 1 SS",CB;CB;CB;DE;DE;DT;DT;FS;OLB;OLB;SS,11,6,0,,,False,00-0036636;00-0037818;00-0037295;00-0035282;00-0038045;00-0035688;00-0037009;00-0037475;00-0032543;00-0036988;00-0038544,Brenden Jaimes;Zion Johnson;Jamaree Salyer;Easton Stick;Isaiah Spiller;Trey Pipkins;Rashawn Slater;Stone Smartt;Alex Erickson;Josh Palmer;Quentin Johnston,00-0035783;00-0038039;00-0039072;00-0036878;00-0038541;00-0033381;00-0034387;00-0037512;00-0037517;00-0038617;00-0038602,Tyler Hall;Jack Jones;Jakorian Bennett;Janarius Robinson;Tyree Wilson;Adam Butler;Bilal Nichols;Isaiah Pola-Mao;Luke Masterson;Amari Burney;Christopher Smith
2023_15_LAC_LV,4063,run,0.0,6.0,6.0,LAC,4.0,201.0,6.0,0.0,3:21,3:21,,63.0,14.0,2.0,3.0,"3 CB, 2 DE, 2 DT, 1 FS, 2 OLB, 1 SS",CB;CB;CB;DE;DE;DT;DT;FS;OLB;OLB;SS,11,6,0,,,False,00-0036636;00-0037818;00-0037295;00-0035282;00-0038045;00-0035688;00-0037009;00-0037475;00-0032543;00-0036988;00-0038544,Brenden Jaimes;Zion Johnson;Jamaree Salyer;Easton Stick;Isaiah Spiller;Trey Pipkins;Rashawn Slater;Stone Smartt;Alex Erickson;Josh Palmer;Quentin Johnston,00-0035783;00-0038039;00-0039072;00-0036878;00-0038541;00-0033381;00-0035674;00-0037512;00-0037517;00-0038617;00-0038602,Tyler Hall;Jack Jones;Jakorian Bennett;Janarius Robinson;Tyree Wilson;Adam Butler;Jerry Tillery;Isaiah Pola-Mao;Luke Masterson;Amari Burney;Christopher Smith
2023_15_LAC_LV,4075,timeout,0.0,,,,4.0,201.0,,39.0,3:21,2:42,LV,63.0,14.0,,0.0,,,,,,,,,,,,
2023_15_LAC_LV,4092,pass,6.0,6.0,0.0,LAC,4.0,162.0,6.0,4.0,2:42,2:38,,63.0,20.0,3.0,3.0,"3 CB, 2 DE, 2 DT, 1 FS, 2 OLB, 1 SS",CB;CB;CB;DE;DE;DT;DT;FS;OLB;OLB;SS,11,6,4,ZONE_COVERAGE,COVER_4,False,00-0036636;00-0037818;00-0037295;00-0035282;00-0038045;00-0035688;00-0037009;00-0033895;00-0032543;00-0036988;00-0038544,Brenden Jaimes;Zion Johnson;Jamaree Salyer;Easton Stick;Isaiah Spiller;Trey Pipkins;Rashawn Slater;Gerald Everett;Alex Erickson;Josh Palmer;Quentin Johnston,00-0035783;00-0038039;00-0039072;00-0036878;00-0038541;00-0033381;00-0035674;00-0037512;00-0037517;00-0038617;00-0038602,Tyler Hall;Jack Jones;Jakorian Bennett;Janarius Robinson;Tyree Wilson;Adam Butler;Jerry Tillery;Isaiah Pola-Mao;Luke Masterson;Amari Burney;Christopher Smith
2023_15_LAC_LV,4113,extra_point,0.0,15.0,15.0,LAC,4.0,158.0,15.0,0.0,2:38,2:38,,63.0,21.0,,0.0,"1 CB, 3 DE, 3 DT, 2 OLB, 1 RB, 1 SS",CB;DE;DE;DE;DT;DT;DT;OLB;OLB;RB;SS,11,0,0,,,False,00-0036636;00-0037818;00-0037295;00-0038595;00-0037224;00-0028845;00-0038614;00-0034162;00-0037009;00-0036584;00-0032394,Brenden Jaimes;Zion Johnson;Jamaree Salyer;Jordan McFadden;Cameron Dicker;Josh Harris;Scott Matlock;J.K. Scott;Rashawn Slater;Foster Sarell;Nick Vannett,00-0036375;00-0036989;00-0036878;00-0038541;00-0030070;00-0034387;00-0035674;00-0035076;00-0037517;00-0029239;00-0038602,Amik Robertson;Malcolm Koonce;Janarius Robinson;Tyree Wilson;John Jenkins;Bilal Nichols;Jerry Tillery;Curtis Bolton;Luke Masterson;Brandon Bolden;Christopher Smith
2023_15_LAC_LV,4128,kickoff,0.0,35.0,35.0,LV,4.0,158.0,35.0,0.0,2:38,2:38,,63.0,21.0,,0.0,"1 CB, 2 FS, 2 ILB, 1 K, 2 OLB, 2 SS, 1 TE",CB;FS;FS;ILB;ILB;K;OLB;OLB;SS;SS;TE,11,0,0,,,False,00-0035726;00-0037512;00-0035076;00-0037517;00-0038617;00-0029239;00-0032104;00-0038602;00-0035562;00-0031763;00-0036527,Jakob Johnson;Isaiah Pola-Mao;Curtis Bolton;Luke Masterson;Amari Burney;Brandon Bolden;Ameer Abdullah;Christopher Smith;Jesper Horsted;DeAndre Carter;D.J. Turner,00-0037307;00-0036302;00-0038866;00-0036648;00-0038553;00-0037224;00-0035984;00-0038865;00-0031870;00-0036380;00-0032725,Ja'Sir Taylor;Jaylinn Hawkins;A.J. Finley;Nick Niemann;Daiyan Henley;Cameron Dicker;Blake Lynch;Andrew Farmer;Dean Marlowe;Alohi Gilman;Stephen Anderson
2023_15_LAC_LV,4144,run,7.0,75.0,68.0,LV,4.0,158.0,75.0,38.0,2:38,2:00,,63.0,21.0,1.0,10.0,"2 CB, 2 DT, 2 FS, 2 ILB, 1 NT, 2 OLB",CB;CB;DT;DT;FS;FS;ILB;ILB;NT;OLB;OLB,11,7,0,,,False,00-0031561;00-0035726;00-0036604;00-0037255;00-0038579;00-0038040;00-0034763;00-0036163;00-0032392;00-0036527;00-0038563,Hroniss Grasu;Jakob Johnson;Jordan Meredith;Dylan Parham;Aidan O'Connell;Zamir White;Brandon Parker;Justin Herron;Austin Hooper;D.J. Turner;Tre Tucker,00-0036617;00-0037307;00-0032763;00-0037375;00-0036302;00-0038866;00-0036648;00-0038553;00-0038614;00-0035591;00-0038865,Asante Samuel;Ja'Sir Taylor;Austin Johnson;Christopher Hinton;Jaylinn Hawkins;A.J. Finley;Nick Niemann;Daiyan Henley;Scott Matlock;Justin Hollins;Andrew Farmer
2023_15_LAC_LV,4166,run,1.0,68.0,67.0,LV,4.0,120.0,68.0,41.0,2:00,1:19,,63.0,21.0,2.0,3.0,"2 CB, 2 DT, 2 FS, 2 ILB, 1 NT, 2 OLB",CB;CB;DT;DT;FS;FS;ILB;ILB;NT;OLB;OLB,11,8,0,,,False,00-0031561;00-0035726;00-0036604;00-0037255;00-0038579;00-0038040;00-0034763;00-0036163;00-0032392;00-0036527;00-0038563,Hroniss Grasu;Jakob Johnson;Jordan Meredith;Dylan Parham;Aidan O'Connell;Zamir White;Brandon Parker;Justin Herron;Austin Hooper;D.J. Turner;Tre Tucker,00-0036617;00-0037307;00-0032763;00-0037375;00-0036302;00-0038866;00-0036648;00-0038553;00-0038614;00-0035591;00-0038865,Asante Samuel;Ja'Sir Taylor;Austin Johnson;Christopher Hinton;Jaylinn Hawkins;A.J. Finley;Nick Niemann;Daiyan Henley;Scott Matlock;Justin Hollins;Andrew Farmer
2023_15_LAC_LV,4195,run,1.0,67.0,66.0,LV,4.0,79.0,67.0,42.0,1:19,0:37,,63.0,21.0,3.0,2.0,"2 CB, 2 DT, 2 FS, 2 ILB, 1 NT, 2 OLB",CB;CB;DT;DT;FS;FS;ILB;ILB;NT;OLB;OLB,11,7,0,,,False,00-0031561;00-0035726;00-0036604;00-0037255;00-0038579;00-0038040;00-0034763;00-0036163;00-0032392;00-0036527;00-0038563,Hroniss Grasu;Jakob Johnson;Jordan Meredith;Dylan Parham;Aidan O'Connell;Zamir White;Brandon Parker;Justin Herron;Austin Hooper;D.J. Turner;Tre Tucker,00-0036617;00-0037307;00-0034810;00-0037375;00-0036302;00-0038866;00-0036648;00-0038553;00-0038614;00-0035591;00-0038865,Asante Samuel;Ja'Sir Taylor;Sebastian Joseph;Christopher Hinton;Jaylinn Hawkins;A.J. Finley;Nick Niemann;Daiyan Henley;Scott Matlock;Justin Hollins;Andrew Farmer
2023_15_LAC_LV,4217,punt,0.0,66.0,66.0,LV,4.0,37.0,66.0,6.0,0:37,0:31,,63.0,21.0,4.0,1.0,"2 CB, 1 FS, 2 ILB, 2 OLB, 1 SS, 2 TE, 1 WR",CB;CB;FS;ILB;ILB;OLB;OLB;SS;TE;TE;WR,11,0,0,,,False,00-0036989;00-0035726;00-0037512;00-0035757;00-0035076;00-0037517;00-0035190;00-0029239;00-0032104;00-0035562;00-0036527,Malcolm Koonce;Jakob Johnson;Isaiah Pola-Mao;Jacob Bobenmoyer;Curtis Bolton;Luke Masterson;A.J. Cole;Brandon Bolden;Ameer Abdullah;Jesper Horsted;D.J. Turner,00-0033697;00-0037307;00-0038866;00-0036648;00-0038553;00-0035591;00-0035984;00-0031870;00-0032725;00-0037475;00-0038573,Michael Davis;Ja'Sir Taylor;A.J. Finley;Nick Niemann;Daiyan Henley;Justin Hollins;Blake Lynch;Dean Marlowe;Stephen Anderson;Stone Smartt;Derius Davis
2023_15_LAC_LV,4236,run,4.0,78.0,74.0,LAC,4.0,31.0,78.0,31.0,0:31,0:00,,63.0,21.0,1.0,10.0,"3 CB, 2 DE, 2 DT, 1 FS, 2 OLB, 1 SS",CB;CB;CB;DE;DE;DT;DT;FS;OLB;OLB;SS,11,7,0,,,False,00-0036636;00-0037818;00-0037295;00-0035282;00-0038045;00-0035688;00-0037009;00-0033895;00-0032543;00-0035414;00-0038544,Brenden Jaimes;Zion Johnson;Jamaree Salyer;Easton Stick;Isaiah Spiller;Trey Pipkins;Rashawn Slater;Gerald Everett;Alex Erickson;Jalen Guyton;Quentin Johnston,00-0035783;00-0038039;00-0039072;00-0036878;00-0038541;00-0033381;00-0034387;00-0037512;00-0037517;00-0038617;00-0038602,Tyler Hall;Jack Jones;Jakorian Bennett;Janarius Robinson;Tyree Wilson;Adam Butler;Bilal Nichols;Isaiah Pola-Mao;Luke Masterson;Amari Burney;Christopher Smith
2023_15_LAC_LV,4258,end_game,,,,LAC,4.0,0.0,,0.0,0:00,0:00,,63.0,21.0,,0.0,,,,,,,,,,,,
