game_id,play_id,play_type,yards_gained,starting_yard,ending_yard,posteam,qtr,game_seconds_remaining,yardline_100,time_of_play,time_on_clock_start,time_on_clock_end,timeout_team,home_team_score,away_team_score,down,yds_to_go,defense_personnel,defense_positions,n_defense,defenders_in_box,number_of_pass_rushers,defense_man_zone_type,defense_coverage_type,was_pressure,offense_player_ids,offense_player_names,defense_player_ids,defense_player_names
2023_12_CAR_TEN,1,start_quarter_1,,,,,1.0,3600.0,,0.0,15:00,15:00,,0.0,0.0,,0.0,,,,,,,,,,,,
2023_12_CAR_TEN,39,kickoff,0.0,35.0,35.0,TEN,1.0,3600.0,35.0,5.0,15:00,14:55,,0.0,0.0,,0.0,"2 CB, 1 ILB, 1 K, 2 OLB, 2 SS, 1 TE, 2 WR",CB;CB;ILB;K;OLB;OLB;SS;SS;TE;WR;WR,11,0,0,,,False,00-0038848;00-0036395;00-0037493;00-0033659;00-0037000;00-0037596;00-0035413;00-0039032;00-0035259;00-0038589;00-0038632,Anthony Kendall;K'Von Wallace;Mike Brown;Joseph Jones;Monty Rice;Jack Gibbens;Luke Gifford;Tyjae Spears;Trevon Wesco;Josh Whyle;Colton Dowell,00-0036152;00-0038877;00-0034500;00-0034173;00-0037043;00-0038782;00-0036037;00-0038587;00-0036438;00-0036268;00-0036635,Lamar Jackson;D'Shawn Jamison;Tae Davis;Eddy Pineiro;Amare Barno;Eku Leota;Sam Franklin;Jammie Robinson;Stephen Sullivan;Laviska Shenault;Ihmir Smith-Marsette
2023_12_CAR_TEN,62,pass,19.0,80.0,61.0,TEN,1.0,3595.0,80.0,38.0,14:55,14:17,,0.0,0.0,1.0,10.0,"2 CB, 2 DE, 1 DT, 1 FS, 2 ILB, 2 OLB, 1 SS",CB;CB;DE;DE;DT;FS;ILB;ILB;OLB;OLB;SS,11,6,4,ZONE_COVERAGE,COVER_3,True,00-0033221;00-0036171;00-0039152;00-0032764;00-0036619;00-0039034;00-0038607;00-0035259;00-0030564;00-0032398;00-0036182,Daniel Brunskill;Aaron Brewer;Will Levis;Derrick Henry;Dillon Radunz;Peter Skoronski;Jaelyn Duncan;Trevon Wesco;DeAndre Hopkins;Chris Moore;Nick Westbrook-Ikhine,00-0034356;00-0035665;00-0031795;00-0036220;00-0035409;00-0033579;00-0032437;00-0034302;00-0034382;00-0035713;00-0032939,Donte Jackson;David Long;DeShawn Williams;Derrick Brown;Shy Tuttle;Xavier Woods;Kamu Grugier-Hill;Frankie Luvu;Marquis Haynes;Brian Burns;Vonn Bell
2023_12_CAR_TEN,87,pass,0.0,61.0,61.0,TEN,1.0,3557.0,61.0,8.0,14:17,14:09,,0.0,0.0,1.0,10.0,"2 CB, 2 DE, 1 DT, 1 FS, 2 ILB, 2 OLB, 1 SS",CB;CB;DE;DE;DT;FS;ILB;ILB;OLB;OLB;SS,11,4,3,ZONE_COVERAGE,COVER_6,False,00-0033221;00-0036171;00-0039152;00-0032764;00-0036619;00-0039034;00-0038607;00-0035259;00-0030564;00-0032398;00-0036182,Daniel Brunskill;Aaron Brewer;Will Levis;Derrick Henry;Dillon Radunz;Peter Skoronski;Jaelyn Duncan;Trevon Wesco;DeAndre Hopkins;Chris Moore;Nick Westbrook-Ikhine,00-0034356;00-0035665;00-0031795;00-0036220;00-0035409;00-0033579;00-0032437;00-0034302;00-0034382;00-0035713;00-0032939,Donte Jackson;David Long;DeShawn Williams;Derrick Brown;Shy Tuttle;Xavier Woods;Kamu Grugier-Hill;Frankie Luvu;Marquis Haynes;Brian Burns;Vonn Bell
2023_12_CAR_TEN,110,run,1.0,61.0,60.0,TEN,1.0,3549.0,61.0,42.0,14:09,13:27,,0.0,0.0,2.0,10.0,"3 CB, 2 DE, 1 FS, 2 ILB, 2 OLB, 1 SS",CB;CB;CB;DE;DE;FS;ILB;ILB;OLB;OLB;SS,11,7,0,,,False,00-0033221;00-0036171;00-0039152;00-0032764;00-0036619;00-0039034;00-0038607;00-0035259;00-0038589;00-0032398;00-0036182,Daniel Brunskill;Aaron Brewer;Will Levis;Derrick Henry;Dillon Radunz;Peter Skoronski;Jaelyn Duncan;Trevon Wesco;Josh Whyle;Chris Moore;Nick Westbrook-Ikhine,00-0031785;00-0034356;00-0035665;00-0031795;00-0036220;00-0033579;00-0032388;00-0034302;00-0034382;00-0035713;00-0032939,Troy Hill;Donte Jackson;David Long;DeShawn Williams;Derrick Brown;Xavier Woods;Deion Jones;Frankie Luvu;Marquis Haynes;Brian Burns;Vonn Bell
2023_12_CAR_TEN,132,pass,0.0,60.0,60.0,TEN,1.0,3507.0,60.0,6.0,13:27,13:21,,0.0,0.0,3.0,9.0,"3 CB, 1 DE, 1 FS, 1 ILB, 3 OLB, 2 SS",CB;CB;CB;DE;FS;ILB;OLB;OLB;OLB;SS;SS,11,6,5,MAN_COVERAGE,COVER_1,True,00-0033221;00-0036171;00-0039152;00-0039032;00-0036619;00-0039034;00-0038607;00-0037809;00-0030564;00-0032398;00-0037273,Daniel Brunskill;Aaron Brewer;Will Levis;Tyjae Spears;Dillon Radunz;Peter Skoronski;Jaelyn Duncan;Chigoziem Okonkwo;DeAndre Hopkins;Chris Moore;Kyle Philips,00-0031785;00-0034356;00-0035665;00-0036220;00-0033579;00-0034302;00-0034382;00-0035713;00-0037043;00-0032939;00-0038587,Troy Hill;Donte Jackson;David Long;Derrick Brown;Xavier Woods;Frankie Luvu;Marquis Haynes;Brian Burns;Amare Barno;Vonn Bell;Jammie Robinson
2023_12_CAR_TEN,155,punt,0.0,60.0,60.0,TEN,1.0,3501.0,60.0,7.0,13:21,13:14,,0.0,0.0,4.0,9.0,"2 CB, 1 ILB, 3 OLB, 2 SS, 1 TE, 2 WR",CB;CB;ILB;OLB;OLB;OLB;SS;SS;TE;WR;WR,11,0,0,,,False,00-0038848;00-0035632;00-0033659;00-0037596;00-0027557;00-0035413;00-0037607;00-0034193;00-0037809;00-0038589;00-0038632,Anthony Kendall;Amani Hooker;Joseph Jones;Jack Gibbens;Morgan Cox;Luke Gifford;Ryan Stonehouse;Kevin Rader;Chigoziem Okonkwo;Josh Whyle;Colton Dowell,00-0036152;00-0038877;00-0034500;00-0037043;00-0038535;00-0038782;00-0036037;00-0038587;00-0036438;00-0036268;00-0036635,Lamar Jackson;D'Shawn Jamison;Tae Davis;Amare Barno;D.J. Johnson;Eku Leota;Sam Franklin;Jammie Robinson;Stephen Sullivan;Laviska Shenault;Ihmir Smith-Marsette
2023_12_CAR_TEN,173,pass,22.0,80.0,58.0,CAR,1.0,3494.0,80.0,34.0,13:14,12:40,,0.0,0.0,1.0,10.0,"2 CB, 2 DE, 2 DT, 2 FS, 2 ILB, 1 OLB",CB;CB;DE;DE;DT;DT;FS;FS;ILB;ILB;OLB,11,7,4,ZONE_COVERAGE,COVER_2,False,00-0034281;00-0038536;00-0039150;00-0036555;00-0033284;00-0035743;00-0037229;00-0034365;00-0037005;00-0030035;00-0039062,Bradley Bozeman;Chandler Zavala;Bryce Young;Chuba Hubbard;Taylor Moton;Brett Toth;Ikem Ekwonu;Ian Thomas;Tommy Tremble;Adam Thielen;Jonathan Mingo,00-0035239;00-0036416;00-0031254;00-0038850;00-0035643;00-0036181;00-0035632;00-0036395;00-0035166;00-0037596;00-0034828,Sean Murphy-Bunting;Kristian Fulton;Denico Autry;T.K. McLendon;Jeffery Simmons;Teair Tart;Amani Hooker;K'Von Wallace;Azeez Al-Shaair;Jack Gibbens;Harold Landry
2023_12_CAR_TEN,210,run,8.0,58.0,50.0,CAR,1.0,3460.0,58.0,40.0,12:40,12:00,,0.0,0.0,1.0,10.0,"2 CB, 2 DE, 2 DT, 2 FS, 2 ILB, 1 OLB",CB;CB;DE;DE;DT;DT;FS;FS;ILB;ILB;OLB,11,8,0,,,False,00-0034281;00-0038536;00-0039150;00-0036555;00-0033284;00-0035743;00-0037229;00-0034365;00-0037005;00-0030035;00-0039062,Bradley Bozeman;Chandler Zavala;Bryce Young;Chuba Hubbard;Taylor Moton;Brett Toth;Ikem Ekwonu;Ian Thomas;Tommy Tremble;Adam Thielen;Jonathan Mingo,00-0035239;00-0036416;00-0031254;00-0038850;00-0035643;00-0036181;00-0035632;00-0036395;00-0035166;00-0037596;00-0034828,Sean Murphy-Bunting;Kristian Fulton;Denico Autry;T.K. McLendon;Jeffery Simmons;Teair Tart;Amani Hooker;K'Von Wallace;Azeez Al-Shaair;Jack Gibbens;Harold Landry
2023_12_CAR_TEN,232,run,1.0,50.0,49.0,CAR,1.0,3420.0,50.0,47.0,12:00,11:13,,0.0,0.0,2.0,2.0,"2 CB, 2 DE, 2 DT, 2 FS, 2 ILB, 1 OLB",CB;CB;DE;DE;DT;DT;FS;FS;ILB;ILB;OLB,11,8,0,,,False,00-0034281;00-0038536;00-0039150;00-0035243;00-0033284;00-0035743;00-0037229;00-0034365;00-0037005;00-0030035;00-0039062,Bradley Bozeman;Chandler Zavala;Bryce Young;Miles Sanders;Taylor Moton;Brett Toth;Ikem Ekwonu;Ian Thomas;Tommy Tremble;Adam Thielen;Jonathan Mingo,00-0035239;00-0036416;00-0031254;00-0038850;00-0035643;00-0036181;00-0035632;00-0036395;00-0035166;00-0037596;00-0034828,Sean Murphy-Bunting;Kristian Fulton;Denico Autry;T.K. McLendon;Jeffery Simmons;Teair Tart;Amani Hooker;K'Von Wallace;Azeez Al-Shaair;Jack Gibbens;Harold Landry
2023_12_CAR_TEN,254,run,-8.0,49.0,57.0,CAR,1.0,3373.0,49.0,52.0,11:13,10:21,,0.0,0.0,3.0,1.0,"3 CB, 1 DE, 2 DT, 2 FS, 2 ILB, 1 OLB",CB;CB;CB;DE;DT;DT;FS;FS;ILB;ILB;OLB,11,8,0,,,False,00-0034281;00-0038536;00-0039150;00-0035243;00-0033284;00-0035743;00-0037229;00-0037005;00-0030035;00-0034777;00-0039062,Bradley Bozeman;Chandler Zavala;Bryce Young;Miles Sanders;Taylor Moton;Brett Toth;Ikem Ekwonu;Tommy Tremble;Adam Thielen;D.J. Chark;Jonathan Mingo,00-0035239;00-0036416;00-0038125;00-0031254;00-0035643;00-0036181;00-0035632;00-0036395;00-0035166;00-0037596;00-0034825,Sean Murphy-Bunting;Kristian Fulton;Roger McCreary;Denico Autry;Jeffery Simmons;Teair Tart;Amani Hooker;K'Von Wallace;Azeez Al-Shaair;Jack Gibbens;Arden Key
2023_12_CAR_TEN,276,punt,0.0,57.0,57.0,CAR,1.0,3321.0,57.0,11.0,10:21,10:10,,0.0,0.0,4.0,9.0,"3 CB, 2 FS, 2 ILB, 1 OLB, 1 TE, 2 WR",CB;CB;CB;FS;FS;ILB;ILB;OLB;TE;WR;WR,11,0,0,,,False,00-0032437;00-0034500;00-0026027;00-0037043;00-0028872;00-0036037;00-0038587;00-0038475;00-0034365;00-0036438;00-0037005,Kamu Grugier-Hill;Tae Davis;J.J. Jansen;Amare Barno;Johnny Hekker;Sam Franklin;Jammie Robinson;Alex Cook;Ian Thomas;Stephen Sullivan;Tommy Tremble,00-0037593;00-0038848;00-0038961;00-0036395;00-0037493;00-0033659;00-0037000;00-0035413;00-0034193;00-0036182;00-0038632,Tre Avery;Anthony Kendall;Eric Garror;K'Von Wallace;Mike Brown;Joseph Jones;Monty Rice;Luke Gifford;Kevin Rader;Nick Westbrook-Ikhine;Colton Dowell
2023_12_CAR_TEN,313,run,5.0,91.0,86.0,TEN,1.0,3310.0,91.0,37.0,10:10,9:33,,0.0,0.0,1.0,10.0,"2 CB, 2 DE, 1 DT, 1 FS, 2 ILB, 2 OLB, 1 SS",CB;CB;DE;DE;DT;FS;ILB;ILB;OLB;OLB;SS,11,8,0,,,False,00-0033221;00-0036171;00-0039152;00-0032764;00-0036619;00-0039034;00-0038607;00-0035259;00-0038589;00-0032398;00-0036182,Daniel Brunskill;Aaron Brewer;Will Levis;Derrick Henry;Dillon Radunz;Peter Skoronski;Jaelyn Duncan;Trevon Wesco;Josh Whyle;Chris Moore;Nick Westbrook-Ikhine,00-0034356;00-0035665;00-0031795;00-0036220;00-0035409;00-0033579;00-0032437;00-0034302;00-0035713;00-0038535;00-0032939,Donte Jackson;David Long;DeShawn Williams;Derrick Brown;Shy Tuttle;Xavier Woods;Kamu Grugier-Hill;Frankie Luvu;Brian Burns;D.J. Johnson;Vonn Bell
2023_12_CAR_TEN,342,pass,7.0,86.0,79.0,TEN,1.0,3273.0,86.0,36.0,9:33,8:57,,0.0,0.0,2.0,5.0,"2 CB, 2 DE, 1 DT, 1 FS, 2 ILB, 2 OLB, 1 SS",CB;CB;DE;DE;DT;FS;ILB;ILB;OLB;OLB;SS,11,7,5,MAN_COVERAGE,COVER_1,False,00-0033221;00-0036171;00-0039152;00-0032764;00-0036619;00-0039034;00-0038607;00-0035259;00-0037809;00-0030564;00-0036182,Daniel Brunskill;Aaron Brewer;Will Levis;Derrick Henry;Dillon Radunz;Peter Skoronski;Jaelyn Duncan;Trevon Wesco;Chigoziem Okonkwo;DeAndre Hopkins;Nick Westbrook-Ikhine,00-0034356;00-0035665;00-0031795;00-0036220;00-0035409;00-0033579;00-0032437;00-0034302;00-0035713;00-0038535;00-0032939,Donte Jackson;David Long;DeShawn Williams;Derrick Brown;Shy Tuttle;Xavier Woods;Kamu Grugier-Hill;Frankie Luvu;Brian Burns;D.J. Johnson;Vonn Bell
2023_12_CAR_TEN,372,run,4.0,79.0,75.0,TEN,1.0,3237.0,79.0,46.0,8:57,8:11,,0.0,0.0,1.0,10.0,"3 CB, 2 DE, 1 DT, 1 FS, 1 ILB, 2 OLB, 1 SS",CB;CB;CB;DE;DE;DT;FS;ILB;OLB;OLB;SS,11,7,0,,,False,00-0033221;00-0036171;00-0039152;00-0032764;00-0039032;00-0036619;00-0039034;00-0038607;00-0037809;00-0032398;00-0036182,Daniel Brunskill;Aaron Brewer;Will Levis;Derrick Henry;Tyjae Spears;Dillon Radunz;Peter Skoronski;Jaelyn Duncan;Chigoziem Okonkwo;Chris Moore;Nick Westbrook-Ikhine,00-0031785;00-0034356;00-0035665;00-0031795;00-0036220;00-0035409;00-0033579;00-0034302;00-0035713;00-0038535;00-0032939,Troy Hill;Donte Jackson;David Long;DeShawn Williams;Derrick Brown;Shy Tuttle;Xavier Woods;Frankie Luvu;Brian Burns;D.J. Johnson;Vonn Bell
2023_12_CAR_TEN,394,pass,-1.0,75.0,76.0,TEN,1.0,3191.0,75.0,46.0,8:11,7:25,,0.0,0.0,2.0,6.0,"2 CB, 2 DE, 1 DT, 1 FS, 2 ILB, 2 OLB, 1 SS",CB;CB;DE;DE;DT;FS;ILB;ILB;OLB;OLB;SS,11,6,4,ZONE_COVERAGE,COMBO,True,00-0033221;00-0036171;00-0039152;00-0032764;00-0036619;00-0039034;00-0038607;00-0035259;00-0030564;00-0032398;00-0036182,Daniel Brunskill;Aaron Brewer;Will Levis;Derrick Henry;Dillon Radunz;Peter Skoronski;Jaelyn Duncan;Trevon Wesco;DeAndre Hopkins;Chris Moore;Nick Westbrook-Ikhine,00-0034356;00-0035665;00-0031795;00-0036220;00-0035409;00-0033579;00-0032437;00-0034302;00-0035713;00-0038535;00-0032939,Donte Jackson;David Long;DeShawn Williams;Derrick Brown;Shy Tuttle;Xavier Woods;Kamu Grugier-Hill;Frankie Luvu;Brian Burns;D.J. Johnson;Vonn Bell
2023_12_CAR_TEN,414,no_play,0.0,76.0,76.0,TEN,1.0,3145.0,76.0,16.0,7:25,7:09,,0.0,0.0,3.0,7.0,"3 CB, 1 DE, 1 FS, 2 ILB, 2 OLB, 2 SS",CB;CB;CB;DE;FS;ILB;ILB;OLB;OLB;SS;SS,11,0,0,,,False,00-0033221;00-0036171;00-0039152;00-0039032;00-0036619;00-0039034;00-0038607;00-0037809;00-0030564;00-0032398;00-0037273,Daniel Brunskill;Aaron Brewer;Will Levis;Tyjae Spears;Dillon Radunz;Peter Skoronski;Jaelyn Duncan;Chigoziem Okonkwo;DeAndre Hopkins;Chris Moore;Kyle Philips,00-0031785;00-0034356;00-0035665;00-0036220;00-0033579;00-0032388;00-0034302;00-0034382;00-0035713;00-0032939;00-0038587,Troy Hill;Donte Jackson;David Long;Derrick Brown;Xavier Woods;Deion Jones;Frankie Luvu;Marquis Haynes;Brian Burns;Vonn Bell;Jammie Robinson
2023_12_CAR_TEN,438,pass,11.0,81.0,70.0,TEN,1.0,3129.0,81.0,44.0,7:09,6:25,,0.0,0.0,3.0,12.0,"3 CB, 1 DE, 1 FS, 2 ILB, 2 OLB, 2 SS",CB;CB;CB;DE;FS;ILB;ILB;OLB;OLB;SS;SS,11,5,4,MAN_COVERAGE,2_MAN,False,00-0033221;00-0036171;00-0039152;00-0039032;00-0036619;00-0039034;00-0038607;00-0037809;00-0030564;00-0032398;00-0036182,Daniel Brunskill;Aaron Brewer;Will Levis;Tyjae Spears;Dillon Radunz;Peter Skoronski;Jaelyn Duncan;Chigoziem Okonkwo;DeAndre Hopkins;Chris Moore;Nick Westbrook-Ikhine,00-0031785;00-0034356;00-0035665;00-0036220;00-0033579;00-0032388;00-0034302;00-0034382;00-0035713;00-0032939;00-0038587,Troy Hill;Donte Jackson;David Long;Derrick Brown;Xavier Woods;Deion Jones;Frankie Luvu;Marquis Haynes;Brian Burns;Vonn Bell;Jammie Robinson
2023_12_CAR_TEN,463,run,3.0,70.0,67.0,TEN,1.0,3085.0,70.0,42.0,6:25,5:43,,0.0,0.0,4.0,1.0,"2 CB, 2 DE, 1 DT, 1 FS, 2 ILB, 2 OLB, 1 SS",CB;CB;DE;DE;DT;FS;ILB;ILB;OLB;OLB;SS,11,11,0,,,False,00-0033221;00-0035643;00-0036171;00-0039152;00-0032764;00-0036619;00-0039034;00-0038607;00-0035259;00-0037809;00-0036182,Daniel Brunskill;Jeffery Simmons;Aaron Brewer;Will Levis;Derrick Henry;Dillon Radunz;Peter Skoronski;Jaelyn Duncan;Trevon Wesco;Chigoziem Okonkwo;Nick Westbrook-Ikhine,00-0034356;00-0035665;00-0031795;00-0036220;00-0035409;00-0033579;00-0032437;00-0034302;00-0035713;00-0038535;00-0032939,Donte Jackson;David Long;DeShawn Williams;Derrick Brown;Shy Tuttle;Xavier Woods;Kamu Grugier-Hill;Frankie Luvu;Brian Burns;D.J. Johnson;Vonn Bell
2023_12_CAR_TEN,485,pass,7.0,67.0,60.0,TEN,1.0,3043.0,67.0,41.0,5:43,5:02,,0.0,0.0,1.0,10.0,"2 CB, 2 DE, 1 DT, 1 FS, 2 ILB, 2 OLB, 1 SS",CB;CB;DE;DE;DT;FS;ILB;ILB;OLB;OLB;SS,11,6,6,MAN_COVERAGE,COVER_1,False,00-0033221;00-0036171;00-0039152;00-0032764;00-0036619;00-0039034;00-0038607;00-0034193;00-0035259;00-0032398;00-0036182,Daniel Brunskill;Aaron Brewer;Will Levis;Derrick Henry;Dillon Radunz;Peter Skoronski;Jaelyn Duncan;Kevin Rader;Trevon Wesco;Chris Moore;Nick Westbrook-Ikhine,00-0034356;00-0035665;00-0036220;00-0037203;00-0034723;00-0033579;00-0032437;00-0034302;00-0038535;00-0038782;00-0032939,Donte Jackson;David Long;Derrick Brown;LaBryan Ray;Nick Thurman;Xavier Woods;Kamu Grugier-Hill;Frankie Luvu;D.J. Johnson;Eku Leota;Vonn Bell
2023_12_CAR_TEN,510,run,0.0,60.0,60.0,TEN,1.0,3002.0,60.0,45.0,5:02,4:17,,0.0,0.0,2.0,3.0,"2 CB, 2 DE, 1 DT, 1 FS, 2 ILB, 2 OLB, 1 SS",CB;CB;DE;DE;DT;FS;ILB;ILB;OLB;OLB;SS,11,8,0,,,False,00-0033221;00-0036171;00-0039152;00-0032764;00-0036619;00-0039034;00-0038607;00-0035259;00-0038589;00-0030564;00-0036182,Daniel Brunskill;Aaron Brewer;Will Levis;Derrick Henry;Dillon Radunz;Peter Skoronski;Jaelyn Duncan;Trevon Wesco;Josh Whyle;DeAndre Hopkins;Nick Westbrook-Ikhine,00-0034356;00-0035665;00-0033913;00-0037203;00-0034723;00-0033579;00-0032437;00-0034302;00-0038535;00-0038782;00-0032939,Donte Jackson;David Long;Chris Wormley;LaBryan Ray;Nick Thurman;Xavier Woods;Kamu Grugier-Hill;Frankie Luvu;D.J. Johnson;Eku Leota;Vonn Bell
2023_12_CAR_TEN,532,pass,12.0,60.0,48.0,TEN,1.0,2957.0,60.0,42.0,4:17,3:35,,0.0,0.0,3.0,3.0,"3 CB, 2 DE, 1 DT, 1 FS, 1 ILB, 2 OLB, 1 SS",CB;CB;CB;DE;DE;DT;FS;ILB;OLB;OLB;SS,11,6,4,MAN_COVERAGE,COVER_1,False,00-0033221;00-0036171;00-0039152;00-0039032;00-0036619;00-0039034;00-0038607;00-0038589;00-0030564;00-0032398;00-0037273,Daniel Brunskill;Aaron Brewer;Will Levis;Tyjae Spears;Dillon Radunz;Peter Skoronski;Jaelyn Duncan;Josh Whyle;DeAndre Hopkins;Chris Moore;Kyle Philips,00-0031785;00-0034356;00-0035665;00-0033913;00-0037203;00-0034723;00-0033579;00-0034302;00-0035713;00-0038535;00-0032939,Troy Hill;Donte Jackson;David Long;Chris Wormley;LaBryan Ray;Nick Thurman;Xavier Woods;Frankie Luvu;Brian Burns;D.J. Johnson;Vonn Bell
2023_12_CAR_TEN,562,pass,11.0,48.0,37.0,TEN,1.0,2915.0,48.0,38.0,3:35,2:57,,0.0,0.0,1.0,10.0,"2 CB, 2 DE, 1 DT, 1 FS, 2 ILB, 2 OLB, 1 SS",CB;CB;DE;DE;DT;FS;ILB;ILB;OLB;OLB;SS,11,5,3,MAN_COVERAGE,2_MAN,False,00-0033221;00-0036171;00-0039152;00-0039032;00-0036619;00-0039034;00-0038607;00-0037809;00-0038589;00-0032398;00-0036182,Daniel Brunskill;Aaron Brewer;Will Levis;Tyjae Spears;Dillon Radunz;Peter Skoronski;Jaelyn Duncan;Chigoziem Okonkwo;Josh Whyle;Chris Moore;Nick Westbrook-Ikhine,00-0034356;00-0035665;00-0033913;00-0037203;00-0034723;00-0033579;00-0032437;00-0034302;00-0035713;00-0038782;00-0032939,Donte Jackson;David Long;Chris Wormley;LaBryan Ray;Nick Thurman;Xavier Woods;Kamu Grugier-Hill;Frankie Luvu;Brian Burns;Eku Leota;Vonn Bell
2023_12_CAR_TEN,587,pass,7.0,37.0,30.0,TEN,1.0,2877.0,37.0,21.0,2:57,2:36,,0.0,0.0,1.0,10.0,"2 CB, 2 DE, 1 DT, 1 FS, 2 ILB, 2 OLB, 1 SS",CB;CB;DE;DE;DT;FS;ILB;ILB;OLB;OLB;SS,11,7,4,MAN_COVERAGE,COVER_1,False,00-0033221;00-0036171;00-0039152;00-0032764;00-0036619;00-0039034;00-0038607;00-0035259;00-0038589;00-0032398;00-0036182,Daniel Brunskill;Aaron Brewer;Will Levis;Derrick Henry;Dillon Radunz;Peter Skoronski;Jaelyn Duncan;Trevon Wesco;Josh Whyle;Chris Moore;Nick Westbrook-Ikhine,00-0034356;00-0035665;00-0036220;00-0037203;00-0034723;00-0033579;00-0032437;00-0034302;00-0035713;00-0038782;00-0032939,Donte Jackson;David Long;Derrick Brown;LaBryan Ray;Nick Thurman;Xavier Woods;Kamu Grugier-Hill;Frankie Luvu;Brian Burns;Eku Leota;Vonn Bell
2023_12_CAR_TEN,612,run,4.0,30.0,26.0,TEN,1.0,2856.0,30.0,40.0,2:36,1:56,,0.0,0.0,2.0,3.0,"2 CB, 2 DE, 1 DT, 1 FS, 2 ILB, 2 OLB, 1 SS",CB;CB;DE;DE;DT;FS;ILB;ILB;OLB;OLB;SS,11,8,0,,,False,00-0033221;00-0036171;00-0039152;00-0032764;00-0036619;00-0039034;00-0038607;00-0035259;00-0038589;00-0032398;00-0036182,Daniel Brunskill;Aaron Brewer;Will Levis;Derrick Henry;Dillon Radunz;Peter Skoronski;Jaelyn Duncan;Trevon Wesco;Josh Whyle;Chris Moore;Nick Westbrook-Ikhine,00-0034356;00-0035665;00-0036220;00-0037203;00-0034723;00-0033579;00-0032437;00-0034302;00-0034382;00-0035713;00-0032939,Donte Jackson;David Long;Derrick Brown;LaBryan Ray;Nick Thurman;Xavier Woods;Kamu Grugier-Hill;Frankie Luvu;Marquis Haynes;Brian Burns;Vonn Bell
2023_12_CAR_TEN,634,pass,25.0,26.0,1.0,TEN,1.0,2816.0,26.0,41.0,1:56,1:15,,0.0,0.0,1.0,10.0,"2 CB, 2 DE, 1 DT, 1 FS, 2 ILB, 2 OLB, 1 SS",CB;CB;DE;DE;DT;FS;ILB;ILB;OLB;OLB;SS,11,7,4,ZONE_COVERAGE,COVER_3,True,00-0033221;00-0036171;00-0039152;00-0032764;00-0036619;00-0039034;00-0038607;00-0035259;00-0037809;00-0030564;00-0036182,Daniel Brunskill;Aaron Brewer;Will Levis;Derrick Henry;Dillon Radunz;Peter Skoronski;Jaelyn Duncan;Trevon Wesco;Chigoziem Okonkwo;DeAndre Hopkins;Nick Westbrook-Ikhine,00-0034356;00-0035665;00-0036220;00-0037203;00-0035409;00-0033579;00-0032437;00-0034302;00-0034382;00-0035713;00-0032939,Donte Jackson;David Long;Derrick Brown;LaBryan Ray;Shy Tuttle;Xavier Woods;Kamu Grugier-Hill;Frankie Luvu;Marquis Haynes;Brian Burns;Vonn Bell
2023_12_CAR_TEN,664,run,0.0,1.0,1.0,TEN,1.0,2775.0,1.0,0.0,1:15,1:15,,0.0,0.0,1.0,1.0,"2 CB, 4 DE, 2 DT, 1 FS, 1 ILB, 1 SS",CB;CB;DE;DE;DE;DE;DT;DT;FS;ILB;SS,11,11,0,,,False,00-0033221;00-0035643;00-0036171;00-0039152;00-0032764;00-0036619;00-0039034;00-0038607;00-0035259;00-0037809;00-0038589,Daniel Brunskill;Jeffery Simmons;Aaron Brewer;Will Levis;Derrick Henry;Dillon Radunz;Peter Skoronski;Jaelyn Duncan;Trevon Wesco;Chigoziem Okonkwo;Josh Whyle,00-0031785;00-0034356;00-0031795;00-0033913;00-0036220;00-0037203;00-0034723;00-0035409;00-0033579;00-0034302;00-0032939,Troy Hill;Donte Jackson;DeShawn Williams;Chris Wormley;Derrick Brown;LaBryan Ray;Nick Thurman;Shy Tuttle;Xavier Woods;Frankie Luvu;Vonn Bell
2023_12_CAR_TEN,676,timeout,0.0,,,,1.0,2775.0,,35.0,1:15,0:40,TEN,0.0,0.0,,0.0,,,,,,,,,,,,
2023_12_CAR_TEN,693,run,1.0,1.0,0.0,TEN,1.0,2740.0,1.0,6.0,0:40,0:34,,6.0,0.0,2.0,1.0,"2 CB, 4 DE, 2 DT, 1 FS, 1 ILB, 1 SS",CB;CB;DE;DE;DE;DE;DT;DT;FS;ILB;SS,11,11,0,,,False,00-0033221;00-0036171;00-0039152;00-0032764;00-0036619;00-0039034;00-0038607;00-0035259;00-0038589;00-0032398;00-0036182,Daniel Brunskill;Aaron Brewer;Will Levis;Derrick Henry;Dillon Radunz;Peter Skoronski;Jaelyn Duncan;Trevon Wesco;Josh Whyle;Chris Moore;Nick Westbrook-Ikhine,00-0031785;00-0034356;00-0031795;00-0033913;00-0036220;00-0037203;00-0034723;00-0035409;00-0033579;00-0034302;00-0032939,Troy Hill;Donte Jackson;DeShawn Williams;Chris Wormley;Derrick Brown;LaBryan Ray;Nick Thurman;Shy Tuttle;Xavier Woods;Frankie Luvu;Vonn Bell
2023_12_CAR_TEN,716,extra_point,0.0,15.0,15.0,TEN,1.0,2734.0,15.0,0.0,0:34,0:34,,7.0,0.0,,0.0,"2 CB, 1 DE, 2 DT, 2 ILB, 2 OLB, 2 SS",CB;CB;DE;DT;DT;ILB;ILB;OLB;OLB;SS;SS,11,0,0,,,False,00-0033793;00-0035764;00-0025565;00-0027557;00-0037607;00-0035233;00-0036619;00-0039034;00-0038607;00-0034193;00-0035259,Corey Levin;Calvin Throckmorton;Nick Folk;Morgan Cox;Ryan Stonehouse;Andre Dillard;Dillon Radunz;Peter Skoronski;Jaelyn Duncan;Kevin Rader;Trevon Wesco,00-0031785;00-0035665;00-0036220;00-0034723;00-0035409;00-0032437;00-0034302;00-0037043;00-0038535;00-0036037;00-0038475,Troy Hill;David Long;Derrick Brown;Nick Thurman;Shy Tuttle;Kamu Grugier-Hill;Frankie Luvu;Amare Barno;D.J. Johnson;Sam Franklin;Alex Cook
2023_12_CAR_TEN,731,kickoff,0.0,35.0,35.0,CAR,1.0,2734.0,35.0,4.0,0:34,0:30,,7.0,0.0,,0.0,"2 CB, 1 FS, 3 ILB, 1 K, 1 OLB, 2 TE, 1 WR",CB;CB;FS;ILB;ILB;ILB;K;OLB;TE;TE;WR,11,0,0,,,False,00-0036152;00-0038877;00-0032437;00-0034500;00-0038782;00-0036037;00-0038587;00-0038475;00-0034365;00-0036438;00-0037005,Lamar Jackson;D'Shawn Jamison;Kamu Grugier-Hill;Tae Davis;Eku Leota;Sam Franklin;Jammie Robinson;Alex Cook;Ian Thomas;Stephen Sullivan;Tommy Tremble,00-0037593;00-0038848;00-0036395;00-0033659;00-0037000;00-0037596;00-0025565;00-0035413;00-0034193;00-0037809;00-0038632,Tre Avery;Anthony Kendall;K'Von Wallace;Joseph Jones;Monty Rice;Jack Gibbens;Nick Folk;Luke Gifford;Kevin Rader;Chigoziem Okonkwo;Colton Dowell
2023_12_CAR_TEN,766,pass,14.0,79.0,65.0,CAR,1.0,2730.0,79.0,30.0,0:30,0:00,,7.0,0.0,1.0,10.0,"3 CB, 1 DE, 2 DT, 2 FS, 2 ILB, 1 OLB",CB;CB;CB;DE;DT;DT;FS;FS;ILB;ILB;OLB,11,6,4,ZONE_COVERAGE,COVER_2,False,00-0034281;00-0038536;00-0039150;00-0035243;00-0033284;00-0035743;00-0037229;00-0034365;00-0037005;00-0036635;00-0039062,Bradley Bozeman;Chandler Zavala;Bryce Young;Miles Sanders;Taylor Moton;Brett Toth;Ikem Ekwonu;Ian Thomas;Tommy Tremble;Ihmir Smith-Marsette;Jonathan Mingo,00-0035239;00-0036416;00-0038125;00-0031254;00-0032463;00-0035643;00-0035632;00-0036395;00-0035166;00-0037596;00-0034825,Sean Murphy-Bunting;Kristian Fulton;Roger McCreary;Denico Autry;Kyle Peko;Jeffery Simmons;Amani Hooker;K'Von Wallace;Azeez Al-Shaair;Jack Gibbens;Arden Key
2023_12_CAR_TEN,791,start_quarter_2,,,,CAR,1.0,2700.0,,0.0,0:00,0:00,,7.0,0.0,,0.0,,,,,,,,,,,,
2023_12_CAR_TEN,811,run,2.0,65.0,63.0,CAR,2.0,2700.0,65.0,36.0,15:00,14:24,,7.0,0.0,1.0,10.0,"3 CB, 1 DE, 2 DT, 2 FS, 2 ILB, 1 OLB",CB;CB;CB;DE;DT;DT;FS;FS;ILB;ILB;OLB,11,7,0,,,False,00-0034281;00-0038536;00-0039150;00-0035243;00-0033284;00-0035743;00-0037229;00-0037005;00-0030035;00-0036635;00-0039062,Bradley Bozeman;Chandler Zavala;Bryce Young;Miles Sanders;Taylor Moton;Brett Toth;Ikem Ekwonu;Tommy Tremble;Adam Thielen;Ihmir Smith-Marsette;Jonathan Mingo,00-0035239;00-0036416;00-0038125;00-0031254;00-0032463;00-0035643;00-0035632;00-0036395;00-0035166;00-0037596;00-0034825,Sean Murphy-Bunting;Kristian Fulton;Roger McCreary;Denico Autry;Kyle Peko;Jeffery Simmons;Amani Hooker;K'Von Wallace;Azeez Al-Shaair;Jack Gibbens;Arden Key
2023_12_CAR_TEN,833,run,3.0,63.0,60.0,CAR,2.0,2664.0,63.0,43.0,14:24,13:41,,7.0,0.0,2.0,8.0,"3 CB, 1 DE, 2 DT, 2 FS, 2 ILB, 1 OLB",CB;CB;CB;DE;DT;DT;FS;FS;ILB;ILB;OLB,11,7,0,,,False,00-0034281;00-0038536;00-0039150;00-0036555;00-0033284;00-0035743;00-0037229;00-0037005;00-0030035;00-0034777;00-0039062,Bradley Bozeman;Chandler Zavala;Bryce Young;Chuba Hubbard;Taylor Moton;Brett Toth;Ikem Ekwonu;Tommy Tremble;Adam Thielen;D.J. Chark;Jonathan Mingo,00-0035239;00-0036416;00-0038125;00-0031254;00-0032463;00-0035643;00-0035632;00-0036395;00-0035166;00-0037596;00-0034825,Sean Murphy-Bunting;Kristian Fulton;Roger McCreary;Denico Autry;Kyle Peko;Jeffery Simmons;Amani Hooker;K'Von Wallace;Azeez Al-Shaair;Jack Gibbens;Arden Key
2023_12_CAR_TEN,855,no_play,0.0,60.0,60.0,CAR,2.0,2621.0,60.0,7.0,13:41,13:34,,7.0,0.0,3.0,5.0,"4 CB, 1 DE, 1 DT, 2 FS, 1 ILB, 2 OLB",CB;CB;CB;CB;DE;DT;FS;FS;ILB;OLB;OLB,11,5,4,MAN_COVERAGE,COVER_1,True,00-0034281;00-0038536;00-0039150;00-0036555;00-0033284;00-0035743;00-0037229;00-0037005;00-0030035;00-0034777;00-0039062,Bradley Bozeman;Chandler Zavala;Bryce Young;Chuba Hubbard;Taylor Moton;Brett Toth;Ikem Ekwonu;Tommy Tremble;Adam Thielen;D.J. Chark;Jonathan Mingo,00-0035239;00-0036416;00-0036992;00-0038125;00-0031254;00-0035643;00-0035632;00-0036395;00-0035166;00-0034828;00-0034825,Sean Murphy-Bunting;Kristian Fulton;Elijah Molden;Roger McCreary;Denico Autry;Jeffery Simmons;Amani Hooker;K'Von Wallace;Azeez Al-Shaair;Harold Landry;Arden Key
2023_12_CAR_TEN,878,pass,0.0,55.0,55.0,CAR,2.0,2614.0,55.0,6.0,13:34,13:28,,7.0,0.0,1.0,10.0,"3 CB, 2 DT, 2 FS, 2 ILB, 2 OLB",CB;CB;CB;DT;DT;FS;FS;ILB;ILB;OLB;OLB,11,6,5,ZONE_COVERAGE,COVER_4,False,00-0034281;00-0038536;00-0039150;00-0036555;00-0033284;00-0035743;00-0037229;00-0034365;00-0037005;00-0030035;00-0039062,Bradley Bozeman;Chandler Zavala;Bryce Young;Chuba Hubbard;Taylor Moton;Brett Toth;Ikem Ekwonu;Ian Thomas;Tommy Tremble;Adam Thielen;Jonathan Mingo,00-0035239;00-0036416;00-0038125;00-0036289;00-0036181;00-0035632;00-0036395;00-0035166;00-0037596;00-0034828;00-0034825,Sean Murphy-Bunting;Kristian Fulton;Roger McCreary;Ross Blacklock;Teair Tart;Amani Hooker;K'Von Wallace;Azeez Al-Shaair;Jack Gibbens;Harold Landry;Arden Key
2023_12_CAR_TEN,913,run,0.0,55.0,55.0,CAR,2.0,2608.0,55.0,44.0,13:28,12:44,,7.0,0.0,2.0,10.0,"3 CB, 2 DT, 2 FS, 2 ILB, 2 OLB",CB;CB;CB;DT;DT;FS;FS;ILB;ILB;OLB;OLB,11,7,0,,,False,00-0034281;00-0038536;00-0039150;00-0035243;00-0033284;00-0035743;00-0037229;00-0037005;00-0030035;00-0034777;00-0039062,Bradley Bozeman;Chandler Zavala;Bryce Young;Miles Sanders;Taylor Moton;Brett Toth;Ikem Ekwonu;Tommy Tremble;Adam Thielen;D.J. Chark;Jonathan Mingo,00-0035239;00-0036416;00-0038125;00-0036289;00-0036181;00-0035632;00-0036395;00-0035166;00-0037596;00-0034828;00-0034825,Sean Murphy-Bunting;Kristian Fulton;Roger McCreary;Ross Blacklock;Teair Tart;Amani Hooker;K'Von Wallace;Azeez Al-Shaair;Jack Gibbens;Harold Landry;Arden Key
2023_12_CAR_TEN,935,run,11.0,55.0,44.0,CAR,2.0,2564.0,55.0,44.0,12:44,12:00,,7.0,0.0,3.0,10.0,"4 CB, 1 DE, 1 DT, 2 FS, 1 ILB, 2 OLB",CB;CB;CB;CB;DE;DT;FS;FS;ILB;OLB;OLB,11,5,4,MAN_COVERAGE,COVER_1,True,00-0034281;00-0038536;00-0039150;00-0036555;00-0033284;00-0035743;00-0037229;00-0037005;00-0030035;00-0034777;00-0039062,Bradley Bozeman;Chandler Zavala;Bryce Young;Chuba Hubbard;Taylor Moton;Brett Toth;Ikem Ekwonu;Tommy Tremble;Adam Thielen;D.J. Chark;Jonathan Mingo,00-0035239;00-0036416;00-0036992;00-0038125;00-0031254;00-0035643;00-0035632;00-0036395;00-0035166;00-0034828;00-0034825,Sean Murphy-Bunting;Kristian Fulton;Elijah Molden;Roger McCreary;Denico Autry;Jeffery Simmons;Amani Hooker;K'Von Wallace;Azeez Al-Shaair;Harold Landry;Arden Key
2023_12_CAR_TEN,957,run,3.0,44.0,41.0,CAR,2.0,2520.0,44.0,41.0,12:00,11:19,,7.0,0.0,1.0,10.0,"2 CB, 2 DE, 2 DT, 2 FS, 2 ILB, 1 OLB",CB;CB;DE;DE;DT;DT;FS;FS;ILB;ILB;OLB,11,8,0,,,False,00-0034281;00-0038536;00-0039150;00-0036555;00-0033284;00-0035743;00-0037229;00-0034365;00-0036438;00-0037005;00-0039062,Bradley Bozeman;Chandler Zavala;Bryce Young;Chuba Hubbard;Taylor Moton;Brett Toth;Ikem Ekwonu;Ian Thomas;Stephen Sullivan;Tommy Tremble;Jonathan Mingo,00-0035239;00-0036416;00-0031254;00-0038850;00-0035643;00-0036181;00-0035632;00-0036395;00-0035166;00-0037596;00-0034828,Sean Murphy-Bunting;Kristian Fulton;Denico Autry;T.K. McLendon;Jeffery Simmons;Teair Tart;Amani Hooker;K'Von Wallace;Azeez Al-Shaair;Jack Gibbens;Harold Landry
2023_12_CAR_TEN,979,run,2.0,41.0,39.0,CAR,2.0,2479.0,41.0,23.0,11:19,10:56,,7.0,0.0,2.0,7.0,"3 CB, 2 DT, 2 FS, 2 ILB, 2 OLB",CB;CB;CB;DT;DT;FS;FS;ILB;ILB;OLB;OLB,11,9,0,,,False,00-0034281;00-0038536;00-0039150;00-0035243;00-0033284;00-0035743;00-0037229;00-0034365;00-0036438;00-0030035;00-0039062,Bradley Bozeman;Chandler Zavala;Bryce Young;Miles Sanders;Taylor Moton;Brett Toth;Ikem Ekwonu;Ian Thomas;Stephen Sullivan;Adam Thielen;Jonathan Mingo,00-0035239;00-0036416;00-0038125;00-0035643;00-0036181;00-0035632;00-0036395;00-0035166;00-0037596;00-0034828;00-0036938,Sean Murphy-Bunting;Kristian Fulton;Roger McCreary;Jeffery Simmons;Teair Tart;Amani Hooker;K'Von Wallace;Azeez Al-Shaair;Jack Gibbens;Harold Landry;Rashad Weaver
2023_12_CAR_TEN,1011,run,2.0,39.0,37.0,CAR,2.0,2456.0,39.0,40.0,10:56,10:16,,7.0,0.0,3.0,5.0,"4 CB, 1 DE, 1 DT, 2 FS, 1 ILB, 2 OLB",CB;CB;CB;CB;DE;DT;FS;FS;ILB;OLB;OLB,11,7,0,,,False,00-0034281;00-0037297;00-0039150;00-0036555;00-0033284;00-0035743;00-0037229;00-0037005;00-0030035;00-0034777;00-0039062,Bradley Bozeman;Cade Mays;Bryce Young;Chuba Hubbard;Taylor Moton;Brett Toth;Ikem Ekwonu;Tommy Tremble;Adam Thielen;D.J. Chark;Jonathan Mingo,00-0035239;00-0036416;00-0036992;00-0038125;00-0031254;00-0035643;00-0035632;00-0036395;00-0035166;00-0034828;00-0034825,Sean Murphy-Bunting;Kristian Fulton;Elijah Molden;Roger McCreary;Denico Autry;Jeffery Simmons;Amani Hooker;K'Von Wallace;Azeez Al-Shaair;Harold Landry;Arden Key
2023_12_CAR_TEN,1040,timeout,13.0,37.0,24.0,CAR,2.0,2416.0,37.0,21.0,10:16,9:55,TEN,7.0,0.0,4.0,3.0,"4 CB, 1 DE, 1 DT, 2 FS, 1 ILB, 2 OLB",CB;CB;CB;CB;DE;DT;FS;FS;ILB;OLB;OLB,11,5,3,ZONE_COVERAGE,COVER_4,False,00-0034281;00-0037297;00-0039150;00-0036555;00-0033284;00-0035743;00-0037229;00-0036438;00-0030035;00-0034777;00-0039062,Bradley Bozeman;Cade Mays;Bryce Young;Chuba Hubbard;Taylor Moton;Brett Toth;Ikem Ekwonu;Stephen Sullivan;Adam Thielen;D.J. Chark;Jonathan Mingo,00-0035239;00-0036416;00-0036992;00-0038125;00-0031254;00-0035643;00-0035632;00-0036395;00-0035166;00-0034828;00-0034825,Sean Murphy-Bunting;Kristian Fulton;Elijah Molden;Roger McCreary;Denico Autry;Jeffery Simmons;Amani Hooker;K'Von Wallace;Azeez Al-Shaair;Harold Landry;Arden Key
2023_12_CAR_TEN,1117,no_play,0.0,24.0,24.0,CAR,2.0,2395.0,24.0,18.0,9:55,9:37,,7.0,0.0,1.0,10.0,"2 CB, 1 DE, 3 DT, 2 FS, 2 ILB, 1 OLB",CB;CB;DE;DT;DT;DT;FS;FS;ILB;ILB;OLB,11,8,0,,,False,00-0034281;00-0037297;00-0039150;00-0035243;00-0033284;00-0035743;00-0037229;00-0034365;00-0037005;00-0030035;00-0039062,Bradley Bozeman;Cade Mays;Bryce Young;Miles Sanders;Taylor Moton;Brett Toth;Ikem Ekwonu;Ian Thomas;Tommy Tremble;Adam Thielen;Jonathan Mingo,00-0035239;00-0036416;00-0031254;00-0032463;00-0035643;00-0036181;00-0035632;00-0036395;00-0035166;00-0037596;00-0034828,Sean Murphy-Bunting;Kristian Fulton;Denico Autry;Kyle Peko;Jeffery Simmons;Teair Tart;Amani Hooker;K'Von Wallace;Azeez Al-Shaair;Jack Gibbens;Harold Landry
2023_12_CAR_TEN,1150,pass,2.0,34.0,32.0,CAR,2.0,2377.0,34.0,34.0,9:37,9:03,,7.0,0.0,1.0,20.0,"3 CB, 1 DE, 2 DT, 2 FS, 2 ILB, 1 OLB",CB;CB;CB;DE;DT;DT;FS;FS;ILB;ILB;OLB,11,6,4,MAN_COVERAGE,COVER_1,False,00-0034281;00-0037297;00-0039150;00-0036555;00-0033284;00-0035743;00-0037229;00-0037005;00-0030035;00-0034777;00-0039062,Bradley Bozeman;Cade Mays;Bryce Young;Chuba Hubbard;Taylor Moton;Brett Toth;Ikem Ekwonu;Tommy Tremble;Adam Thielen;D.J. Chark;Jonathan Mingo,00-0035239;00-0036416;00-0038125;00-0031254;00-0035643;00-0036181;00-0035632;00-0036395;00-0035166;00-0037596;00-0034828,Sean Murphy-Bunting;Kristian Fulton;Roger McCreary;Denico Autry;Jeffery Simmons;Teair Tart;Amani Hooker;K'Von Wallace;Azeez Al-Shaair;Jack Gibbens;Harold Landry
2023_12_CAR_TEN,1180,pass,0.0,32.0,32.0,CAR,2.0,2343.0,32.0,4.0,9:03,8:59,,7.0,0.0,2.0,18.0,"3 CB, 1 DE, 1 DT, 2 FS, 2 ILB, 2 OLB",CB;CB;CB;DE;DT;FS;FS;ILB;ILB;OLB;OLB,11,6,4,MAN_COVERAGE,COVER_1,True,00-0034281;00-0037297;00-0039150;00-0036555;00-0033284;00-0035743;00-0037229;00-0037005;00-0030035;00-0034777;00-0039062,Bradley Bozeman;Cade Mays;Bryce Young;Chuba Hubbard;Taylor Moton;Brett Toth;Ikem Ekwonu;Tommy Tremble;Adam Thielen;D.J. Chark;Jonathan Mingo,00-0035239;00-0036416;00-0038125;00-0031254;00-0035643;00-0035632;00-0036395;00-0035166;00-0037596;00-0034828;00-0034825,Sean Murphy-Bunting;Kristian Fulton;Roger McCreary;Denico Autry;Jeffery Simmons;Amani Hooker;K'Von Wallace;Azeez Al-Shaair;Jack Gibbens;Harold Landry;Arden Key
2023_12_CAR_TEN,1203,pass,0.0,32.0,32.0,CAR,2.0,2339.0,32.0,3.0,8:59,8:56,,7.0,0.0,3.0,18.0,"4 CB, 1 DE, 1 DT, 2 FS, 1 ILB, 2 OLB",CB;CB;CB;CB;DE;DT;FS;FS;ILB;OLB;OLB,11,4,4,ZONE_COVERAGE,COVER_6,True,00-0034281;00-0037297;00-0039150;00-0035243;00-0033284;00-0035743;00-0037229;00-0037005;00-0030035;00-0034777;00-0039062,Bradley Bozeman;Cade Mays;Bryce Young;Miles Sanders;Taylor Moton;Brett Toth;Ikem Ekwonu;Tommy Tremble;Adam Thielen;D.J. Chark;Jonathan Mingo,00-0035239;00-0036416;00-0036992;00-0038125;00-0031254;00-0035643;00-0035632;00-0036395;00-0035166;00-0034828;00-0034825,Sean Murphy-Bunting;Kristian Fulton;Elijah Molden;Roger McCreary;Denico Autry;Jeffery Simmons;Amani Hooker;K'Von Wallace;Azeez Al-Shaair;Harold Landry;Arden Key
2023_12_CAR_TEN,1226,field_goal,0.0,32.0,32.0,CAR,2.0,2336.0,32.0,5.0,8:56,8:51,,7.0,3.0,4.0,18.0,"2 CB, 1 DE, 2 DT, 2 FS, 1 ILB, 3 OLB",CB;CB;DE;DT;DT;FS;FS;ILB;OLB;OLB;OLB,11,0,0,,,False,00-0037297;00-0038775;00-0034173;00-0026027;00-0028872;00-0033284;00-0033946;00-0035743;00-0037229;00-0034365;00-0037005,Cade Mays;Nash Jensen;Eddy Pineiro;J.J. Jansen;Johnny Hekker;Taylor Moton;David Sharpe;Brett Toth;Ikem Ekwonu;Ian Thomas;Tommy Tremble,00-0037593;00-0038848;00-0031254;00-0032463;00-0035643;00-0035632;00-0037493;00-0035166;00-0034825;00-0035413;00-0036938,Tre Avery;Anthony Kendall;Denico Autry;Kyle Peko;Jeffery Simmons;Amani Hooker;Mike Brown;Azeez Al-Shaair;Arden Key;Luke Gifford;Rashad Weaver
2023_12_CAR_TEN,1246,kickoff,0.0,35.0,35.0,TEN,2.0,2331.0,35.0,7.0,8:51,8:44,,7.0,3.0,,0.0,"2 CB, 1 ILB, 1 K, 2 OLB, 3 SS, 1 TE, 1 WR",CB;CB;ILB;K;OLB;OLB;SS;SS;SS;TE;WR,11,0,0,,,False,00-0038848;00-0036395;00-0037493;00-0033659;00-0037000;00-0037596;00-0035413;00-0039032;00-0035259;00-0038589;00-0038632,Anthony Kendall;K'Von Wallace;Mike Brown;Joseph Jones;Monty Rice;Jack Gibbens;Luke Gifford;Tyjae Spears;Trevon Wesco;Josh Whyle;Colton Dowell,00-0036152;00-0038877;00-0034500;00-0034173;00-0037043;00-0038782;00-0036037;00-0038587;00-0038475;00-0036438;00-0036635,Lamar Jackson;D'Shawn Jamison;Tae Davis;Eddy Pineiro;Amare Barno;Eku Leota;Sam Franklin;Jammie Robinson;Alex Cook;Stephen Sullivan;Ihmir Smith-Marsette
2023_12_CAR_TEN,1281,run,-4.0,68.0,72.0,TEN,2.0,2324.0,68.0,46.0,8:44,7:58,,7.0,3.0,1.0,10.0,"3 CB, 2 DE, 1 DT, 1 FS, 1 ILB, 2 OLB, 1 SS",CB;CB;CB;DE;DE;DT;FS;ILB;OLB;OLB;SS,11,8,0,,,False,00-0033221;00-0036171;00-0039152;00-0032764;00-0036619;00-0039034;00-0038607;00-0035259;00-0037809;00-0032398;00-0036182,Daniel Brunskill;Aaron Brewer;Will Levis;Derrick Henry;Dillon Radunz;Peter Skoronski;Jaelyn Duncan;Trevon Wesco;Chigoziem Okonkwo;Chris Moore;Nick Westbrook-Ikhine,00-0031785;00-0034356;00-0035665;00-0036220;00-0037203;00-0035409;00-0033579;00-0034302;00-0035713;00-0037043;00-0032939,Troy Hill;Donte Jackson;David Long;Derrick Brown;LaBryan Ray;Shy Tuttle;Xavier Woods;Frankie Luvu;Brian Burns;Amare Barno;Vonn Bell
2023_12_CAR_TEN,1303,pass,0.0,72.0,72.0,TEN,2.0,2278.0,72.0,44.0,7:58,7:14,,7.0,3.0,2.0,14.0,"3 CB, 2 DE, 1 FS, 2 ILB, 2 OLB, 1 SS",CB;CB;CB;DE;DE;FS;ILB;ILB;OLB;OLB;SS,11,4,4,MAN_COVERAGE,2_MAN,False,00-0033221;00-0036171;00-0039152;00-0032764;00-0036619;00-0039034;00-0038607;00-0038589;00-0030564;00-0032398;00-0036182,Daniel Brunskill;Aaron Brewer;Will Levis;Derrick Henry;Dillon Radunz;Peter Skoronski;Jaelyn Duncan;Josh Whyle;DeAndre Hopkins;Chris Moore;Nick Westbrook-Ikhine,00-0031785;00-0034356;00-0035665;00-0036220;00-0037203;00-0033579;00-0032388;00-0034302;00-0035713;00-0037043;00-0032939,Troy Hill;Donte Jackson;David Long;Derrick Brown;LaBryan Ray;Xavier Woods;Deion Jones;Frankie Luvu;Brian Burns;Amare Barno;Vonn Bell
2023_12_CAR_TEN,1328,pass,-3.0,72.0,75.0,TEN,2.0,2234.0,72.0,28.0,7:14,6:46,,7.0,3.0,3.0,14.0,"3 CB, 1 DE, 1 FS, 1 ILB, 3 OLB, 2 SS",CB;CB;CB;DE;FS;ILB;OLB;OLB;OLB;SS;SS,11,6,4,ZONE_COVERAGE,COVER_2,False,00-0033221;00-0036171;00-0039152;00-0039032;00-0036619;00-0039034;00-0038607;00-0037809;00-0032398;00-0036182;00-0037273,Daniel Brunskill;Aaron Brewer;Will Levis;Tyjae Spears;Dillon Radunz;Peter Skoronski;Jaelyn Duncan;Chigoziem Okonkwo;Chris Moore;Nick Westbrook-Ikhine;Kyle Philips,00-0031785;00-0034356;00-0035665;00-0036220;00-0033579;00-0034302;00-0034382;00-0035713;00-0037043;00-0032939;00-0038587,Troy Hill;Donte Jackson;David Long;Derrick Brown;Xavier Woods;Frankie Luvu;Marquis Haynes;Brian Burns;Amare Barno;Vonn Bell;Jammie Robinson
2023_12_CAR_TEN,1353,punt,0.0,75.0,75.0,TEN,2.0,2206.0,75.0,14.0,6:46,6:32,,7.0,3.0,4.0,17.0,"2 CB, 1 DE, 1 ILB, 2 OLB, 3 SS, 1 TE, 1 WR",CB;CB;DE;ILB;OLB;OLB;SS;SS;SS;TE;WR,11,0,0,,,False,00-0038848;00-0035632;00-0033659;00-0037596;00-0027557;00-0035413;00-0037607;00-0034193;00-0037809;00-0038589;00-0038632,Anthony Kendall;Amani Hooker;Joseph Jones;Jack Gibbens;Morgan Cox;Luke Gifford;Ryan Stonehouse;Kevin Rader;Chigoziem Okonkwo;Josh Whyle;Colton Dowell,00-0036152;00-0038877;00-0037203;00-0034500;00-0037043;00-0038782;00-0036037;00-0038587;00-0038475;00-0036438;00-0036635,Lamar Jackson;D'Shawn Jamison;LaBryan Ray;Tae Davis;Amare Barno;Eku Leota;Sam Franklin;Jammie Robinson;Alex Cook;Stephen Sullivan;Ihmir Smith-Marsette
2023_12_CAR_TEN,1382,run,4.0,96.0,92.0,CAR,2.0,2192.0,96.0,35.0,6:32,5:57,,7.0,3.0,1.0,10.0,"3 CB, 3 DT, 1 FS, 2 ILB, 2 OLB",CB;CB;CB;DT;DT;DT;FS;ILB;ILB;OLB;OLB,11,8,0,,,False,00-0034281;00-0037297;00-0039150;00-0036555;00-0033284;00-0035743;00-0037229;00-0034365;00-0037005;00-0030035;00-0039062,Bradley Bozeman;Cade Mays;Bryce Young;Chuba Hubbard;Taylor Moton;Brett Toth;Ikem Ekwonu;Ian Thomas;Tommy Tremble;Adam Thielen;Jonathan Mingo,00-0035239;00-0036416;00-0036992;00-0032463;00-0036289;00-0036181;00-0035632;00-0035166;00-0037000;00-0034828;00-0036938,Sean Murphy-Bunting;Kristian Fulton;Elijah Molden;Kyle Peko;Ross Blacklock;Teair Tart;Amani Hooker;Azeez Al-Shaair;Monty Rice;Harold Landry;Rashad Weaver
2023_12_CAR_TEN,1411,run,4.0,92.0,88.0,CAR,2.0,2157.0,92.0,44.0,5:57,5:13,,7.0,3.0,2.0,6.0,"4 CB, 2 DT, 1 FS, 2 ILB, 2 OLB",CB;CB;CB;CB;DT;DT;FS;ILB;ILB;OLB;OLB,11,8,0,,,False,00-0034281;00-0037297;00-0039150;00-0035243;00-0033284;00-0035743;00-0037229;00-0034365;00-0037005;00-0030035;00-0039062,Bradley Bozeman;Cade Mays;Bryce Young;Miles Sanders;Taylor Moton;Brett Toth;Ikem Ekwonu;Ian Thomas;Tommy Tremble;Adam Thielen;Jonathan Mingo,00-0035239;00-0036416;00-0036992;00-0038125;00-0036289;00-0036181;00-0035632;00-0035166;00-0037000;00-0034828;00-0036938,Sean Murphy-Bunting;Kristian Fulton;Elijah Molden;Roger McCreary;Ross Blacklock;Teair Tart;Amani Hooker;Azeez Al-Shaair;Monty Rice;Harold Landry;Rashad Weaver
2023_12_CAR_TEN,1433,run,3.0,88.0,85.0,CAR,2.0,2113.0,88.0,40.0,5:13,4:33,,7.0,3.0,3.0,2.0,"4 CB, 2 DT, 1 FS, 2 ILB, 2 OLB",CB;CB;CB;CB;DT;DT;FS;ILB;ILB;OLB;OLB,11,9,0,,,False,00-0034281;00-0037297;00-0039150;00-0035243;00-0033284;00-0035743;00-0037229;00-0037005;00-0030035;00-0034777;00-0039062,Bradley Bozeman;Cade Mays;Bryce Young;Miles Sanders;Taylor Moton;Brett Toth;Ikem Ekwonu;Tommy Tremble;Adam Thielen;D.J. Chark;Jonathan Mingo,00-0035239;00-0036416;00-0036992;00-0038125;00-0036289;00-0036181;00-0035632;00-0035166;00-0037000;00-0034828;00-0036938,Sean Murphy-Bunting;Kristian Fulton;Elijah Molden;Roger McCreary;Ross Blacklock;Teair Tart;Amani Hooker;Azeez Al-Shaair;Monty Rice;Harold Landry;Rashad Weaver
2023_12_CAR_TEN,1455,pass,0.0,85.0,85.0,CAR,2.0,2073.0,85.0,6.0,4:33,4:27,,7.0,3.0,1.0,10.0,"3 CB, 1 DE, 2 DT, 1 FS, 2 ILB, 2 OLB",CB;CB;CB;DE;DT;DT;FS;ILB;ILB;OLB;OLB,11,6,5,ZONE_COVERAGE,COVER_3,True,00-0034281;00-0037297;00-0039150;00-0036555;00-0033284;00-0035743;00-0037229;00-0034365;00-0037005;00-0036635;00-0039062,Bradley Bozeman;Cade Mays;Bryce Young;Chuba Hubbard;Taylor Moton;Brett Toth;Ikem Ekwonu;Ian Thomas;Tommy Tremble;Ihmir Smith-Marsette;Jonathan Mingo,00-0035239;00-0036416;00-0036992;00-0038850;00-0032463;00-0035643;00-0035632;00-0035166;00-0037000;00-0034828;00-0036938,Sean Murphy-Bunting;Kristian Fulton;Elijah Molden;T.K. McLendon;Kyle Peko;Jeffery Simmons;Amani Hooker;Azeez Al-Shaair;Monty Rice;Harold Landry;Rashad Weaver
2023_12_CAR_TEN,1478,pass,0.0,85.0,85.0,CAR,2.0,2067.0,85.0,4.0,4:27,4:23,,7.0,3.0,2.0,10.0,"4 CB, 1 DE, 1 DT, 1 FS, 2 ILB, 2 OLB",CB;CB;CB;CB;DE;DT;FS;ILB;ILB;OLB;OLB,11,6,4,ZONE_COVERAGE,COMBO,False,00-0034281;00-0037297;00-0039150;00-0036555;00-0033284;00-0035743;00-0037229;00-0034365;00-0030035;00-0034777;00-0039062,Bradley Bozeman;Cade Mays;Bryce Young;Chuba Hubbard;Taylor Moton;Brett Toth;Ikem Ekwonu;Ian Thomas;Adam Thielen;D.J. Chark;Jonathan Mingo,00-0035239;00-0036416;00-0036992;00-0038125;00-0031254;00-0035643;00-0035632;00-0035166;00-0037000;00-0034828;00-0034825,Sean Murphy-Bunting;Kristian Fulton;Elijah Molden;Roger McCreary;Denico Autry;Jeffery Simmons;Amani Hooker;Azeez Al-Shaair;Monty Rice;Harold Landry;Arden Key
2023_12_CAR_TEN,1501,pass,15.0,85.0,70.0,CAR,2.0,2063.0,85.0,47.0,4:23,3:36,,7.0,3.0,3.0,10.0,"4 CB, 1 DE, 1 DT, 2 FS, 3 OLB",CB;CB;CB;CB;DE;DT;FS;FS;OLB;OLB;OLB,11,5,5,MAN_COVERAGE,COVER_1,False,00-0034281;00-0037297;00-0039150;00-0036555;00-0033284;00-0035743;00-0037229;00-0036438;00-0030035;00-0034777;00-0039062,Bradley Bozeman;Cade Mays;Bryce Young;Chuba Hubbard;Taylor Moton;Brett Toth;Ikem Ekwonu;Stephen Sullivan;Adam Thielen;D.J. Chark;Jonathan Mingo,00-0035239;00-0036416;00-0036992;00-0038125;00-0031254;00-0035643;00-0035632;00-0036395;00-0034828;00-0034825;00-0036938,Sean Murphy-Bunting;Kristian Fulton;Elijah Molden;Roger McCreary;Denico Autry;Jeffery Simmons;Amani Hooker;K'Von Wallace;Harold Landry;Arden Key;Rashad Weaver
2023_12_CAR_TEN,1526,no_play,0.0,70.0,70.0,CAR,2.0,2016.0,70.0,24.0,3:36,3:12,,7.0,3.0,1.0,10.0,"4 CB, 1 DE, 2 DT, 1 FS, 2 ILB, 1 OLB",CB;CB;CB;CB;DE;DT;DT;FS;ILB;ILB;OLB,11,0,0,,,False,00-0034281;00-0037297;00-0039150;00-0036555;00-0033284;00-0035743;00-0037229;00-0034365;00-0037005;00-0030035;00-0039062,Bradley Bozeman;Cade Mays;Bryce Young;Chuba Hubbard;Taylor Moton;Brett Toth;Ikem Ekwonu;Ian Thomas;Tommy Tremble;Adam Thielen;Jonathan Mingo,00-0035239;00-0036416;00-0036992;00-0038125;00-0031254;00-0035643;00-0036181;00-0035632;00-0035166;00-0037000;00-0034825,Sean Murphy-Bunting;Kristian Fulton;Elijah Molden;Roger McCreary;Denico Autry;Jeffery Simmons;Teair Tart;Amani Hooker;Azeez Al-Shaair;Monty Rice;Arden Key
2023_12_CAR_TEN,1550,turnover,-8.0,75.0,83.0,CAR,2.0,1992.0,75.0,6.0,3:12,3:06,,7.0,3.0,1.0,15.0,"4 CB, 1 DE, 2 DT, 1 FS, 2 ILB, 1 OLB",CB;CB;CB;CB;DE;DT;DT;FS;ILB;ILB;OLB,11,6,4,MAN_COVERAGE,2_MAN,True,00-0034281;00-0037297;00-0039150;00-0036555;00-0033284;00-0035743;00-0037229;00-0034365;00-0036438;00-0030035;00-0036635,Bradley Bozeman;Cade Mays;Bryce Young;Chuba Hubbard;Taylor Moton;Brett Toth;Ikem Ekwonu;Ian Thomas;Stephen Sullivan;Adam Thielen;Ihmir Smith-Marsette,00-0035239;00-0036416;00-0036992;00-0038125;00-0031254;00-0035643;00-0036181;00-0035632;00-0035166;00-0037000;00-0034825,Sean Murphy-Bunting;Kristian Fulton;Elijah Molden;Roger McCreary;Denico Autry;Jeffery Simmons;Teair Tart;Amani Hooker;Azeez Al-Shaair;Monty Rice;Arden Key
2023_12_CAR_TEN,1580,pass,5.0,15.0,10.0,TEN,2.0,1986.0,15.0,34.0,3:06,2:32,,7.0,3.0,1.0,10.0,"3 CB, 2 DE, 1 DT, 1 FS, 1 ILB, 2 OLB, 1 SS",CB;CB;CB;DE;DE;DT;FS;ILB;OLB;OLB;SS,11,6,5,ZONE_COVERAGE,COVER_3,True,00-0033221;00-0036171;00-0039152;00-0032764;00-0039032;00-0036619;00-0039034;00-0038607;00-0037809;00-0032398;00-0036182,Daniel Brunskill;Aaron Brewer;Will Levis;Derrick Henry;Tyjae Spears;Dillon Radunz;Peter Skoronski;Jaelyn Duncan;Chigoziem Okonkwo;Chris Moore;Nick Westbrook-Ikhine,00-0031785;00-0034356;00-0035665;00-0031795;00-0036220;00-0034723;00-0033579;00-0034302;00-0034382;00-0035713;00-0032939,Troy Hill;Donte Jackson;David Long;DeShawn Williams;Derrick Brown;Nick Thurman;Xavier Woods;Frankie Luvu;Marquis Haynes;Brian Burns;Vonn Bell
2023_12_CAR_TEN,1605,run,10.0,10.0,0.0,TEN,2.0,1952.0,10.0,5.0,2:32,2:27,,13.0,3.0,2.0,5.0,"2 CB, 2 DE, 1 DT, 1 FS, 2 ILB, 2 OLB, 1 SS",CB;CB;DE;DE;DT;FS;ILB;ILB;OLB;OLB;SS,11,8,0,,,False,00-0033221;00-0036171;00-0039152;00-0032764;00-0036619;00-0039034;00-0038607;00-0035259;00-0038589;00-0030564;00-0036182,Daniel Brunskill;Aaron Brewer;Will Levis;Derrick Henry;Dillon Radunz;Peter Skoronski;Jaelyn Duncan;Trevon Wesco;Josh Whyle;DeAndre Hopkins;Nick Westbrook-Ikhine,00-0034356;00-0035665;00-0031795;00-0036220;00-0034723;00-0033579;00-0032437;00-0034302;00-0034382;00-0035713;00-0032939,Donte Jackson;David Long;DeShawn Williams;Derrick Brown;Nick Thurman;Xavier Woods;Kamu Grugier-Hill;Frankie Luvu;Marquis Haynes;Brian Burns;Vonn Bell
2023_12_CAR_TEN,1628,extra_point,0.0,15.0,15.0,TEN,2.0,1947.0,15.0,0.0,2:27,2:27,,14.0,3.0,,0.0,"2 CB, 1 DE, 2 DT, 2 ILB, 2 OLB, 2 SS",CB;CB;DE;DT;DT;ILB;ILB;OLB;OLB;SS;SS,11,0,0,,,False,00-0033793;00-0035764;00-0025565;00-0027557;00-0037607;00-0035233;00-0036619;00-0039034;00-0038607;00-0034193;00-0035259,Corey Levin;Calvin Throckmorton;Nick Folk;Morgan Cox;Ryan Stonehouse;Andre Dillard;Dillon Radunz;Peter Skoronski;Jaelyn Duncan;Kevin Rader;Trevon Wesco,00-0031785;00-0035665;00-0036220;00-0034723;00-0035409;00-0032437;00-0034302;00-0035713;00-0038782;00-0036037;00-0038475,Troy Hill;David Long;Derrick Brown;Nick Thurman;Shy Tuttle;Kamu Grugier-Hill;Frankie Luvu;Brian Burns;Eku Leota;Sam Franklin;Alex Cook
2023_12_CAR_TEN,1643,kickoff,0.0,35.0,35.0,CAR,2.0,1947.0,35.0,6.0,2:27,2:21,,14.0,3.0,,0.0,"2 CB, 1 FS, 3 ILB, 1 K, 1 OLB, 2 TE, 1 WR",CB;CB;FS;ILB;ILB;ILB;K;OLB;TE;TE;WR,11,0,0,,,False,00-0036152;00-0038877;00-0032437;00-0034500;00-0038782;00-0036037;00-0038587;00-0038475;00-0034365;00-0036438;00-0037005,Lamar Jackson;D'Shawn Jamison;Kamu Grugier-Hill;Tae Davis;Eku Leota;Sam Franklin;Jammie Robinson;Alex Cook;Ian Thomas;Stephen Sullivan;Tommy Tremble,00-0037593;00-0038848;00-0036395;00-0033659;00-0037000;00-0037596;00-0025565;00-0035413;00-0034193;00-0037809;00-0038632,Tre Avery;Anthony Kendall;K'Von Wallace;Joseph Jones;Monty Rice;Jack Gibbens;Nick Folk;Luke Gifford;Kevin Rader;Chigoziem Okonkwo;Colton Dowell
2023_12_CAR_TEN,1666,pass,0.0,80.0,80.0,CAR,2.0,1941.0,80.0,19.0,2:21,2:02,,14.0,3.0,1.0,10.0,"4 CB, 1 DE, 1 DT, 2 FS, 1 ILB, 2 OLB",CB;CB;CB;CB;DE;DT;FS;FS;ILB;OLB;OLB,11,6,4,ZONE_COVERAGE,COVER_3,False,00-0034281;00-0037297;00-0039150;00-0036555;00-0033284;00-0035743;00-0037229;00-0037005;00-0030035;00-0034777;00-0039062,Bradley Bozeman;Cade Mays;Bryce Young;Chuba Hubbard;Taylor Moton;Brett Toth;Ikem Ekwonu;Tommy Tremble;Adam Thielen;D.J. Chark;Jonathan Mingo,00-0035239;00-0036416;00-0036992;00-0038125;00-0031254;00-0035643;00-0035632;00-0036395;00-0035166;00-0034828;00-0034825,Sean Murphy-Bunting;Kristian Fulton;Elijah Molden;Roger McCreary;Denico Autry;Jeffery Simmons;Amani Hooker;K'Von Wallace;Azeez Al-Shaair;Harold Landry;Arden Key
2023_12_CAR_TEN,1691,pass,6.0,80.0,74.0,CAR,2.0,1922.0,80.0,4.0,2:02,1:58,,14.0,3.0,2.0,10.0,"4 CB, 1 DE, 1 DT, 2 FS, 1 ILB, 2 OLB",CB;CB;CB;CB;DE;DT;FS;FS;ILB;OLB;OLB,11,4,4,ZONE_COVERAGE,COVER_2,False,00-0034281;00-0037297;00-0039150;00-0036555;00-0033284;00-0035743;00-0037229;00-0037005;00-0030035;00-0034777;00-0039062,Bradley Bozeman;Cade Mays;Bryce Young;Chuba Hubbard;Taylor Moton;Brett Toth;Ikem Ekwonu;Tommy Tremble;Adam Thielen;D.J. Chark;Jonathan Mingo,00-0035239;00-0036416;00-0036992;00-0038125;00-0031254;00-0035643;00-0035632;00-0036395;00-0035166;00-0034828;00-0034825,Sean Murphy-Bunting;Kristian Fulton;Elijah Molden;Roger McCreary;Denico Autry;Jeffery Simmons;Amani Hooker;K'Von Wallace;Azeez Al-Shaair;Harold Landry;Arden Key
2023_12_CAR_TEN,1716,pass,0.0,74.0,74.0,CAR,2.0,1918.0,74.0,12.0,1:58,1:46,,14.0,3.0,3.0,4.0,"4 CB, 1 DE, 1 DT, 2 FS, 1 ILB, 2 OLB",CB;CB;CB;CB;DE;DT;FS;FS;ILB;OLB;OLB,11,5,4,MAN_COVERAGE,COVER_1,True,00-0034281;00-0037297;00-0039150;00-0036555;00-0033284;00-0035743;00-0037229;00-0036438;00-0030035;00-0034777;00-0039062,Bradley Bozeman;Cade Mays;Bryce Young;Chuba Hubbard;Taylor Moton;Brett Toth;Ikem Ekwonu;Stephen Sullivan;Adam Thielen;D.J. Chark;Jonathan Mingo,00-0035239;00-0036416;00-0036992;00-0038125;00-0031254;00-0035643;00-0035632;00-0036395;00-0035166;00-0034828;00-0036938,Sean Murphy-Bunting;Kristian Fulton;Elijah Molden;Roger McCreary;Denico Autry;Jeffery Simmons;Amani Hooker;K'Von Wallace;Azeez Al-Shaair;Harold Landry;Rashad Weaver
2023_12_CAR_TEN,1746,punt,0.0,74.0,74.0,CAR,2.0,1906.0,74.0,7.0,1:46,1:39,,14.0,3.0,4.0,4.0,"3 CB, 1 DE, 2 DT, 2 FS, 2 ILB, 1 OLB",CB;CB;CB;DE;DT;DT;FS;FS;ILB;ILB;OLB,11,0,0,,,False,00-0032437;00-0034500;00-0026027;00-0028872;00-0036555;00-0036037;00-0038475;00-0034365;00-0036438;00-0037005;00-0036635,Kamu Grugier-Hill;Tae Davis;J.J. Jansen;Johnny Hekker;Chuba Hubbard;Sam Franklin;Alex Cook;Ian Thomas;Stephen Sullivan;Tommy Tremble;Ihmir Smith-Marsette,00-0037593;00-0038848;00-0038961;00-0038850;00-0032463;00-0035643;00-0035632;00-0036395;00-0033659;00-0037596;00-0034825,Tre Avery;Anthony Kendall;Eric Garror;T.K. McLendon;Kyle Peko;Jeffery Simmons;Amani Hooker;K'Von Wallace;Joseph Jones;Jack Gibbens;Arden Key
2023_12_CAR_TEN,1774,run,8.0,67.0,59.0,TEN,2.0,1899.0,67.0,6.0,1:39,1:33,,14.0,3.0,1.0,10.0,"3 CB, 2 DE, 1 FS, 2 ILB, 2 OLB, 1 SS",CB;CB;CB;DE;DE;FS;ILB;ILB;OLB;OLB;SS,11,7,0,,,False,00-0033221;00-0036171;00-0039152;00-0039032;00-0036619;00-0039034;00-0038607;00-0037809;00-0030564;00-0032398;00-0037273,Daniel Brunskill;Aaron Brewer;Will Levis;Tyjae Spears;Dillon Radunz;Peter Skoronski;Jaelyn Duncan;Chigoziem Okonkwo;DeAndre Hopkins;Chris Moore;Kyle Philips,00-0031785;00-0034356;00-0035665;00-0031795;00-0036220;00-0033579;00-0032388;00-0034302;00-0034382;00-0035713;00-0038475,Troy Hill;Donte Jackson;David Long;DeShawn Williams;Derrick Brown;Xavier Woods;Deion Jones;Frankie Luvu;Marquis Haynes;Brian Burns;Alex Cook
2023_12_CAR_TEN,1801,run,-2.0,59.0,61.0,TEN,2.0,1893.0,59.0,28.0,1:33,1:05,,14.0,3.0,2.0,2.0,"3 CB, 2 DE, 1 FS, 2 ILB, 2 OLB, 1 SS",CB;CB;CB;DE;DE;FS;ILB;ILB;OLB;OLB;SS,11,7,0,,,False,00-0033221;00-0036171;00-0039152;00-0039032;00-0036619;00-0039034;00-0038607;00-0037809;00-0030564;00-0032398;00-0037273,Daniel Brunskill;Aaron Brewer;Will Levis;Tyjae Spears;Dillon Radunz;Peter Skoronski;Jaelyn Duncan;Chigoziem Okonkwo;DeAndre Hopkins;Chris Moore;Kyle Philips,00-0031785;00-0034356;00-0035665;00-0031795;00-0036220;00-0033579;00-0032388;00-0034302;00-0034382;00-0035713;00-0038475,Troy Hill;Donte Jackson;David Long;DeShawn Williams;Derrick Brown;Xavier Woods;Deion Jones;Frankie Luvu;Marquis Haynes;Brian Burns;Alex Cook
2023_12_CAR_TEN,1823,pass,0.0,61.0,61.0,TEN,2.0,1865.0,61.0,5.0,1:05,1:00,,14.0,3.0,3.0,4.0,"3 CB, 2 DE, 1 FS, 2 ILB, 2 OLB, 1 SS",CB;CB;CB;DE;DE;FS;ILB;ILB;OLB;OLB;SS,11,6,4,MAN_COVERAGE,COVER_1,True,00-0033221;00-0036171;00-0039152;00-0039032;00-0036619;00-0039034;00-0038607;00-0037809;00-0030564;00-0032398;00-0037273,Daniel Brunskill;Aaron Brewer;Will Levis;Tyjae Spears;Dillon Radunz;Peter Skoronski;Jaelyn Duncan;Chigoziem Okonkwo;DeAndre Hopkins;Chris Moore;Kyle Philips,00-0031785;00-0034356;00-0035665;00-0031795;00-0036220;00-0033579;00-0032388;00-0034302;00-0034382;00-0035713;00-0038475,Troy Hill;Donte Jackson;David Long;DeShawn Williams;Derrick Brown;Xavier Woods;Deion Jones;Frankie Luvu;Marquis Haynes;Brian Burns;Alex Cook
2023_12_CAR_TEN,1857,punt,0.0,61.0,61.0,TEN,2.0,1860.0,61.0,0.0,1:00,1:00,,14.0,3.0,4.0,4.0,"2 CB, 2 DE, 1 DT, 1 ILB, 2 OLB, 2 SS, 1 WR",CB;CB;DE;DE;DT;ILB;OLB;OLB;SS;SS;WR,11,0,0,,,False,00-0038848;00-0035632;00-0033659;00-0037596;00-0027557;00-0035413;00-0037607;00-0034193;00-0037809;00-0038589;00-0038632,Anthony Kendall;Amani Hooker;Joseph Jones;Jack Gibbens;Morgan Cox;Luke Gifford;Ryan Stonehouse;Kevin Rader;Chigoziem Okonkwo;Josh Whyle;Colton Dowell,00-0035665;00-0038877;00-0031795;00-0036220;00-0035409;00-0034302;00-0037043;00-0038782;00-0036037;00-0038587;00-0036635,David Long;D'Shawn Jamison;DeShawn Williams;Derrick Brown;Shy Tuttle;Frankie Luvu;Amare Barno;Eku Leota;Sam Franklin;Jammie Robinson;Ihmir Smith-Marsette
2023_12_CAR_TEN,1869,timeout,0.0,,,,2.0,1860.0,,10.0,1:00,0:50,TEN,14.0,3.0,,0.0,,,,,,,,,,,,
2023_12_CAR_TEN,1897,pass,8.0,90.0,82.0,CAR,2.0,1850.0,90.0,7.0,0:50,0:43,,14.0,3.0,1.0,10.0,"4 CB, 1 DE, 1 DT, 2 FS, 1 ILB, 2 OLB",CB;CB;CB;CB;DE;DT;FS;FS;ILB;OLB;OLB,11,5,4,MAN_COVERAGE,COVER_1,False,00-0034281;00-0037297;00-0039150;00-0036555;00-0033284;00-0035743;00-0037229;00-0036438;00-0030035;00-0034777;00-0039062,Bradley Bozeman;Cade Mays;Bryce Young;Chuba Hubbard;Taylor Moton;Brett Toth;Ikem Ekwonu;Stephen Sullivan;Adam Thielen;D.J. Chark;Jonathan Mingo,00-0035239;00-0036416;00-0036992;00-0038125;00-0031254;00-0035643;00-0035632;00-0036395;00-0035166;00-0034828;00-0034825,Sean Murphy-Bunting;Kristian Fulton;Elijah Molden;Roger McCreary;Denico Autry;Jeffery Simmons;Amani Hooker;K'Von Wallace;Azeez Al-Shaair;Harold Landry;Arden Key
2023_12_CAR_TEN,1922,pass,0.0,82.0,82.0,CAR,2.0,1843.0,82.0,0.0,0:43,0:43,,14.0,3.0,2.0,2.0,"4 CB, 1 DE, 1 DT, 2 FS, 1 ILB, 2 OLB",CB;CB;CB;CB;DE;DT;FS;FS;ILB;OLB;OLB,11,4,4,ZONE_COVERAGE,COVER_3,False,00-0034281;00-0037297;00-0039150;00-0036555;00-0033284;00-0035743;00-0037229;00-0036438;00-0030035;00-0034777;00-0039062,Bradley Bozeman;Cade Mays;Bryce Young;Chuba Hubbard;Taylor Moton;Brett Toth;Ikem Ekwonu;Stephen Sullivan;Adam Thielen;D.J. Chark;Jonathan Mingo,00-0035239;00-0036416;00-0036992;00-0038125;00-0031254;00-0035643;00-0035632;00-0036395;00-0035166;00-0034828;00-0034825,Sean Murphy-Bunting;Kristian Fulton;Elijah Molden;Roger McCreary;Denico Autry;Jeffery Simmons;Amani Hooker;K'Von Wallace;Azeez Al-Shaair;Harold Landry;Arden Key
2023_12_CAR_TEN,1934,timeout,0.0,,,,2.0,1843.0,,5.0,0:43,0:38,CAR,14.0,3.0,,0.0,,,,,,,,,,,,
2023_12_CAR_TEN,1952,pass,0.0,82.0,82.0,CAR,2.0,1838.0,82.0,3.0,0:38,0:35,,14.0,3.0,3.0,2.0,"4 CB, 1 DE, 1 DT, 2 FS, 1 ILB, 2 OLB",CB;CB;CB;CB;DE;DT;FS;FS;ILB;OLB;OLB,11,5,4,MAN_COVERAGE,COVER_1,False,00-0034281;00-0037297;00-0039150;00-0036555;00-0033284;00-0035743;00-0037229;00-0036438;00-0030035;00-0034777;00-0039062,Bradley Bozeman;Cade Mays;Bryce Young;Chuba Hubbard;Taylor Moton;Brett Toth;Ikem Ekwonu;Stephen Sullivan;Adam Thielen;D.J. Chark;Jonathan Mingo,00-0035239;00-0036416;00-0036992;00-0038125;00-0031254;00-0035643;00-0035632;00-0036395;00-0035166;00-0034828;00-0034825,Sean Murphy-Bunting;Kristian Fulton;Elijah Molden;Roger McCreary;Denico Autry;Jeffery Simmons;Amani Hooker;K'Von Wallace;Azeez Al-Shaair;Harold Landry;Arden Key
2023_12_CAR_TEN,1975,punt,0.0,82.0,82.0,CAR,2.0,1835.0,82.0,7.0,0:35,0:28,,14.0,3.0,4.0,2.0,"3 CB, 1 DE, 2 DT, 2 FS, 2 ILB, 1 OLB",CB;CB;CB;DE;DT;DT;FS;FS;ILB;ILB;OLB,11,0,0,,,False,00-0038877;00-0032437;00-0034500;00-0026027;00-0028872;00-0036037;00-0038587;00-0038475;00-0034365;00-0036438;00-0037005,D'Shawn Jamison;Kamu Grugier-Hill;Tae Davis;J.J. Jansen;Johnny Hekker;Sam Franklin;Jammie Robinson;Alex Cook;Ian Thomas;Stephen Sullivan;Tommy Tremble,00-0037593;00-0038848;00-0038961;00-0038850;00-0032463;00-0035643;00-0035632;00-0036395;00-0033659;00-0037596;00-0034825,Tre Avery;Anthony Kendall;Eric Garror;T.K. McLendon;Kyle Peko;Jeffery Simmons;Amani Hooker;K'Von Wallace;Joseph Jones;Jack Gibbens;Arden Key
2023_12_CAR_TEN,1995,pass,0.0,62.0,62.0,TEN,2.0,1828.0,62.0,7.0,0:28,0:21,,14.0,3.0,1.0,10.0,"3 CB, 1 DE, 1 FS, 2 ILB, 2 OLB, 2 SS",CB;CB;CB;DE;FS;ILB;ILB;OLB;OLB;SS;SS,11,6,4,ZONE_COVERAGE,COVER_2,True,00-0033221;00-0036171;00-0039152;00-0039032;00-0036619;00-0039034;00-0038607;00-0037809;00-0030564;00-0036182;00-0037273,Daniel Brunskill;Aaron Brewer;Will Levis;Tyjae Spears;Dillon Radunz;Peter Skoronski;Jaelyn Duncan;Chigoziem Okonkwo;DeAndre Hopkins;Nick Westbrook-Ikhine;Kyle Philips,00-0031785;00-0034356;00-0035665;00-0036220;00-0033579;00-0032388;00-0034302;00-0034382;00-0035713;00-0038587;00-0038475,Troy Hill;Donte Jackson;David Long;Derrick Brown;Xavier Woods;Deion Jones;Frankie Luvu;Marquis Haynes;Brian Burns;Jammie Robinson;Alex Cook
2023_12_CAR_TEN,2018,pass,9.0,62.0,53.0,TEN,2.0,1821.0,62.0,7.0,0:21,0:14,,14.0,3.0,2.0,10.0,"3 CB, 2 DE, 1 FS, 1 ILB, 2 OLB, 2 SS",CB;CB;CB;DE;DE;FS;ILB;OLB;OLB;SS;SS,11,5,4,ZONE_COVERAGE,COVER_2,False,00-0033221;00-0036171;00-0039152;00-0039032;00-0036619;00-0039034;00-0038607;00-0037809;00-0030564;00-0032398;00-0036182,Daniel Brunskill;Aaron Brewer;Will Levis;Tyjae Spears;Dillon Radunz;Peter Skoronski;Jaelyn Duncan;Chigoziem Okonkwo;DeAndre Hopkins;Chris Moore;Nick Westbrook-Ikhine,00-0031785;00-0034356;00-0035665;00-0031795;00-0036220;00-0033579;00-0034302;00-0034382;00-0035713;00-0038587;00-0038475,Troy Hill;Donte Jackson;David Long;DeShawn Williams;Derrick Brown;Xavier Woods;Frankie Luvu;Marquis Haynes;Brian Burns;Jammie Robinson;Alex Cook
2023_12_CAR_TEN,2059,pass,18.0,53.0,35.0,TEN,2.0,1814.0,53.0,0.0,0:14,0:14,,14.0,3.0,3.0,1.0,"3 CB, 1 FS, 2 ILB, 2 OLB, 3 SS",CB;CB;CB;FS;ILB;ILB;OLB;OLB;SS;SS;SS,11,2,2,ZONE_COVERAGE,COMBO,False,00-0033221;00-0036171;00-0039152;00-0039032;00-0036619;00-0039034;00-0038607;00-0037809;00-0030564;00-0036182;00-0037273,Daniel Brunskill;Aaron Brewer;Will Levis;Tyjae Spears;Dillon Radunz;Peter Skoronski;Jaelyn Duncan;Chigoziem Okonkwo;DeAndre Hopkins;Nick Westbrook-Ikhine;Kyle Philips,00-0031785;00-0034356;00-0035665;00-0033579;00-0032437;00-0034302;00-0034382;00-0035713;00-0036037;00-0038587;00-0038475,Troy Hill;Donte Jackson;David Long;Xavier Woods;Kamu Grugier-Hill;Frankie Luvu;Marquis Haynes;Brian Burns;Sam Franklin;Jammie Robinson;Alex Cook
2023_12_CAR_TEN,2080,timeout,0.0,,,,2.0,1814.0,,10.0,0:14,0:04,CAR,14.0,3.0,,0.0,,,,,,,,,,,,
2023_12_CAR_TEN,2100,qb_spike,0.0,35.0,35.0,TEN,2.0,1804.0,35.0,1.0,0:04,0:03,,14.0,3.0,1.0,10.0,"3 CB, 1 FS, 2 ILB, 2 OLB, 3 SS",CB;CB;CB;FS;ILB;ILB;OLB;OLB;SS;SS;SS,11,0,0,,,False,00-0033221;00-0036171;00-0039152;00-0039032;00-0036619;00-0039034;00-0038607;00-0037809;00-0030564;00-0036182;00-0037273,Daniel Brunskill;Aaron Brewer;Will Levis;Tyjae Spears;Dillon Radunz;Peter Skoronski;Jaelyn Duncan;Chigoziem Okonkwo;DeAndre Hopkins;Nick Westbrook-Ikhine;Kyle Philips,00-0031785;00-0034356;00-0035665;00-0033579;00-0032437;00-0034302;00-0034382;00-0035713;00-0036037;00-0038587;00-0038475,Troy Hill;Donte Jackson;David Long;Xavier Woods;Kamu Grugier-Hill;Frankie Luvu;Marquis Haynes;Brian Burns;Sam Franklin;Jammie Robinson;Alex Cook
2023_12_CAR_TEN,2123,field_goal,0.0,35.0,35.0,TEN,2.0,1803.0,35.0,0.0,0:03,0:03,,17.0,3.0,2.0,10.0,"1 CB, 1 DE, 2 DT, 2 ILB, 2 OLB, 1 RB, 2 SS",CB;DE;DT;DT;ILB;ILB;OLB;OLB;RB;SS;SS,11,0,0,,,False,00-0033793;00-0035764;00-0025565;00-0027557;00-0037607;00-0035233;00-0036619;00-0039034;00-0038607;00-0034193;00-0038589,Corey Levin;Calvin Throckmorton;Nick Folk;Morgan Cox;Ryan Stonehouse;Andre Dillard;Dillon Radunz;Peter Skoronski;Jaelyn Duncan;Kevin Rader;Josh Whyle,00-0035665;00-0036220;00-0034723;00-0035409;00-0032437;00-0034302;00-0035713;00-0038782;00-0035243;00-0036037;00-0038475,David Long;Derrick Brown;Nick Thurman;Shy Tuttle;Kamu Grugier-Hill;Frankie Luvu;Brian Burns;Eku Leota;Miles Sanders;Sam Franklin;Alex Cook
2023_12_CAR_TEN,2135,timeout,0.0,,,,2.0,1803.0,,3.0,0:03,0:00,CAR,14.0,3.0,,0.0,,,,,,,,,,,,
2023_12_CAR_TEN,2150,start_quarter_3,,,,,2.0,1800.0,,0.0,0:00,0:00,,17.0,3.0,,0.0,,,,,,,,,,,,
2023_12_CAR_TEN,2168,kickoff,0.0,35.0,35.0,CAR,3.0,1800.0,35.0,7.0,15:00,14:53,,17.0,3.0,,0.0,"2 CB, 1 FS, 3 ILB, 1 K, 1 OLB, 2 TE, 1 WR",CB;CB;FS;ILB;ILB;ILB;K;OLB;TE;TE;WR,11,0,0,,,False,00-0036152;00-0032437;00-0034500;00-0038782;00-0036037;00-0038587;00-0038475;00-0034365;00-0036438;00-0037005;00-0036268,Lamar Jackson;Kamu Grugier-Hill;Tae Davis;Eku Leota;Sam Franklin;Jammie Robinson;Alex Cook;Ian Thomas;Stephen Sullivan;Tommy Tremble;Laviska Shenault,00-0037593;00-0038848;00-0036395;00-0033659;00-0037000;00-0037596;00-0025565;00-0035413;00-0034193;00-0037809;00-0038632,Tre Avery;Anthony Kendall;K'Von Wallace;Joseph Jones;Monty Rice;Jack Gibbens;Nick Folk;Luke Gifford;Kevin Rader;Chigoziem Okonkwo;Colton Dowell
2023_12_CAR_TEN,2191,run,4.0,67.0,63.0,CAR,3.0,1793.0,67.0,40.0,14:53,14:13,,17.0,3.0,1.0,10.0,"3 CB, 1 DE, 2 DT, 2 FS, 2 ILB, 1 OLB",CB;CB;CB;DE;DT;DT;FS;FS;ILB;ILB;OLB,11,7,0,,,False,00-0034281;00-0037297;00-0039150;00-0035243;00-0033284;00-0035743;00-0037229;00-0037005;00-0034777;00-0036635;00-0039062,Bradley Bozeman;Cade Mays;Bryce Young;Miles Sanders;Taylor Moton;Brett Toth;Ikem Ekwonu;Tommy Tremble;D.J. Chark;Ihmir Smith-Marsette;Jonathan Mingo,00-0035239;00-0036416;00-0038125;00-0031254;00-0035643;00-0036181;00-0035632;00-0036395;00-0035166;00-0037000;00-0034825,Sean Murphy-Bunting;Kristian Fulton;Roger McCreary;Denico Autry;Jeffery Simmons;Teair Tart;Amani Hooker;K'Von Wallace;Azeez Al-Shaair;Monty Rice;Arden Key
2023_12_CAR_TEN,2213,run,-2.0,63.0,65.0,CAR,3.0,1753.0,63.0,42.0,14:13,13:31,,17.0,3.0,2.0,6.0,"3 CB, 1 DE, 2 DT, 2 FS, 2 ILB, 1 OLB",CB;CB;CB;DE;DT;DT;FS;FS;ILB;ILB;OLB,11,8,0,,,False,00-0034281;00-0037297;00-0039150;00-0035243;00-0033284;00-0035743;00-0037229;00-0037005;00-0034777;00-0036635;00-0039062,Bradley Bozeman;Cade Mays;Bryce Young;Miles Sanders;Taylor Moton;Brett Toth;Ikem Ekwonu;Tommy Tremble;D.J. Chark;Ihmir Smith-Marsette;Jonathan Mingo,00-0035239;00-0036416;00-0038125;00-0031254;00-0035643;00-0036181;00-0035632;00-0036395;00-0035166;00-0037000;00-0034825,Sean Murphy-Bunting;Kristian Fulton;Roger McCreary;Denico Autry;Jeffery Simmons;Teair Tart;Amani Hooker;K'Von Wallace;Azeez Al-Shaair;Monty Rice;Arden Key
2023_12_CAR_TEN,2235,no_play,0.0,65.0,65.0,CAR,3.0,1711.0,65.0,4.0,13:31,13:27,,17.0,3.0,3.0,8.0,"4 CB, 1 DE, 1 DT, 2 FS, 1 ILB, 2 OLB",CB;CB;CB;CB;DE;DT;FS;FS;ILB;OLB;OLB,11,5,5,MAN_COVERAGE,COVER_1,True,00-0034281;00-0037297;00-0039150;00-0036555;00-0033284;00-0035743;00-0037229;00-0036438;00-0030035;00-0034777;00-0039062,Bradley Bozeman;Cade Mays;Bryce Young;Chuba Hubbard;Taylor Moton;Brett Toth;Ikem Ekwonu;Stephen Sullivan;Adam Thielen;D.J. Chark;Jonathan Mingo,00-0035239;00-0036416;00-0036992;00-0038125;00-0031254;00-0035643;00-0035632;00-0036395;00-0035166;00-0034828;00-0034825,Sean Murphy-Bunting;Kristian Fulton;Elijah Molden;Roger McCreary;Denico Autry;Jeffery Simmons;Amani Hooker;K'Von Wallace;Azeez Al-Shaair;Harold Landry;Arden Key
2023_12_CAR_TEN,2258,pass,9.0,60.0,51.0,CAR,3.0,1707.0,60.0,39.0,13:27,12:48,,17.0,3.0,1.0,10.0,"3 CB, 1 DE, 2 DT, 2 FS, 2 ILB, 1 OLB",CB;CB;CB;DE;DT;DT;FS;FS;ILB;ILB;OLB,11,6,4,ZONE_COVERAGE,COVER_6,True,00-0034281;00-0037297;00-0039150;00-0035243;00-0033284;00-0035743;00-0037229;00-0034365;00-0037005;00-0030035;00-0039062,Bradley Bozeman;Cade Mays;Bryce Young;Miles Sanders;Taylor Moton;Brett Toth;Ikem Ekwonu;Ian Thomas;Tommy Tremble;Adam Thielen;Jonathan Mingo,00-0035239;00-0036416;00-0038125;00-0031254;00-0032463;00-0035643;00-0035632;00-0036395;00-0035166;00-0037000;00-0034825,Sean Murphy-Bunting;Kristian Fulton;Roger McCreary;Denico Autry;Kyle Peko;Jeffery Simmons;Amani Hooker;K'Von Wallace;Azeez Al-Shaair;Monty Rice;Arden Key
2023_12_CAR_TEN,2295,run,-3.0,51.0,54.0,CAR,3.0,1668.0,51.0,40.0,12:48,12:08,,17.0,3.0,2.0,1.0,"3 CB, 1 DE, 2 DT, 2 FS, 2 ILB, 1 OLB",CB;CB;CB;DE;DT;DT;FS;FS;ILB;ILB;OLB,11,8,0,,,False,00-0034281;00-0037297;00-0039150;00-0035243;00-0033284;00-0035743;00-0037229;00-0034365;00-0037005;00-0030035;00-0039062,Bradley Bozeman;Cade Mays;Bryce Young;Miles Sanders;Taylor Moton;Brett Toth;Ikem Ekwonu;Ian Thomas;Tommy Tremble;Adam Thielen;Jonathan Mingo,00-0035239;00-0036416;00-0038125;00-0031254;00-0032463;00-0035643;00-0035632;00-0036395;00-0035166;00-0037000;00-0034825,Sean Murphy-Bunting;Kristian Fulton;Roger McCreary;Denico Autry;Kyle Peko;Jeffery Simmons;Amani Hooker;K'Von Wallace;Azeez Al-Shaair;Monty Rice;Arden Key
2023_12_CAR_TEN,2317,run,6.0,54.0,48.0,CAR,3.0,1628.0,54.0,34.0,12:08,11:34,,17.0,3.0,3.0,4.0,"4 CB, 1 DE, 1 DT, 2 FS, 1 ILB, 2 OLB",CB;CB;CB;CB;DE;DT;FS;FS;ILB;OLB;OLB,11,5,4,MAN_COVERAGE,COVER_1,True,00-0034281;00-0037297;00-0039150;00-0035243;00-0033284;00-0035743;00-0037229;00-0037005;00-0030035;00-0034777;00-0039062,Bradley Bozeman;Cade Mays;Bryce Young;Miles Sanders;Taylor Moton;Brett Toth;Ikem Ekwonu;Tommy Tremble;Adam Thielen;D.J. Chark;Jonathan Mingo,00-0035239;00-0036416;00-0036992;00-0038125;00-0031254;00-0035643;00-0035632;00-0036395;00-0035166;00-0034828;00-0034825,Sean Murphy-Bunting;Kristian Fulton;Elijah Molden;Roger McCreary;Denico Autry;Jeffery Simmons;Amani Hooker;K'Von Wallace;Azeez Al-Shaair;Harold Landry;Arden Key
2023_12_CAR_TEN,2344,run,-4.0,48.0,52.0,CAR,3.0,1594.0,48.0,38.0,11:34,10:56,,17.0,3.0,1.0,10.0,"3 CB, 2 DT, 2 FS, 2 ILB, 2 OLB",CB;CB;CB;DT;DT;FS;FS;ILB;ILB;OLB;OLB,11,7,0,,,False,00-0034281;00-0037297;00-0039150;00-0036555;00-0033284;00-0035743;00-0037229;00-0037005;00-0030035;00-0034777;00-0039062,Bradley Bozeman;Cade Mays;Bryce Young;Chuba Hubbard;Taylor Moton;Brett Toth;Ikem Ekwonu;Tommy Tremble;Adam Thielen;D.J. Chark;Jonathan Mingo,00-0035239;00-0036416;00-0038125;00-0032463;00-0036289;00-0035632;00-0036395;00-0035166;00-0037000;00-0034828;00-0036938,Sean Murphy-Bunting;Kristian Fulton;Roger McCreary;Kyle Peko;Ross Blacklock;Amani Hooker;K'Von Wallace;Azeez Al-Shaair;Monty Rice;Harold Landry;Rashad Weaver
2023_12_CAR_TEN,2366,no_play,0.0,52.0,52.0,CAR,3.0,1556.0,52.0,4.0,10:56,10:52,,17.0,3.0,2.0,14.0,"3 CB, 2 DT, 2 FS, 2 ILB, 2 OLB",CB;CB;CB;DT;DT;FS;FS;ILB;ILB;OLB;OLB,11,6,5,MAN_COVERAGE,COVER_1,False,00-0034281;00-0037297;00-0039150;00-0036555;00-0033284;00-0035743;00-0037229;00-0037005;00-0030035;00-0034777;00-0039062,Bradley Bozeman;Cade Mays;Bryce Young;Chuba Hubbard;Taylor Moton;Brett Toth;Ikem Ekwonu;Tommy Tremble;Adam Thielen;D.J. Chark;Jonathan Mingo,00-0035239;00-0036416;00-0038125;00-0032463;00-0036289;00-0035632;00-0036395;00-0035166;00-0037000;00-0034828;00-0036938,Sean Murphy-Bunting;Kristian Fulton;Roger McCreary;Kyle Peko;Ross Blacklock;Amani Hooker;K'Von Wallace;Azeez Al-Shaair;Monty Rice;Harold Landry;Rashad Weaver
2023_12_CAR_TEN,2400,pass,25.0,38.0,13.0,CAR,3.0,1552.0,38.0,42.0,10:52,10:10,,17.0,3.0,1.0,10.0,"3 CB, 2 DT, 2 FS, 2 ILB, 2 OLB",CB;CB;CB;DT;DT;FS;FS;ILB;ILB;OLB;OLB,11,6,4,ZONE_COVERAGE,COVER_6,False,00-0034281;00-0037297;00-0039150;00-0036555;00-0033284;00-0035743;00-0037229;00-0037005;00-0030035;00-0034777;00-0036268,Bradley Bozeman;Cade Mays;Bryce Young;Chuba Hubbard;Taylor Moton;Brett Toth;Ikem Ekwonu;Tommy Tremble;Adam Thielen;D.J. Chark;Laviska Shenault,00-0035239;00-0036416;00-0038125;00-0032463;00-0036289;00-0035632;00-0036395;00-0035166;00-0037000;00-0034828;00-0036938,Sean Murphy-Bunting;Kristian Fulton;Roger McCreary;Kyle Peko;Ross Blacklock;Amani Hooker;K'Von Wallace;Azeez Al-Shaair;Monty Rice;Harold Landry;Rashad Weaver
2023_12_CAR_TEN,2425,run,6.0,13.0,7.0,CAR,3.0,1510.0,13.0,41.0,10:10,9:29,,17.0,3.0,1.0,10.0,"2 CB, 1 DE, 2 DT, 2 FS, 2 ILB, 2 OLB",CB;CB;DE;DT;DT;FS;FS;ILB;ILB;OLB;OLB,11,7,5,ZONE_COVERAGE,COVER_3,True,00-0034281;00-0037297;00-0039150;00-0036555;00-0033284;00-0035743;00-0037229;00-0034365;00-0037005;00-0030035;00-0039062,Bradley Bozeman;Cade Mays;Bryce Young;Chuba Hubbard;Taylor Moton;Brett Toth;Ikem Ekwonu;Ian Thomas;Tommy Tremble;Adam Thielen;Jonathan Mingo,00-0035239;00-0036416;00-0038850;00-0035643;00-0036181;00-0035632;00-0036395;00-0035166;00-0037000;00-0034828;00-0036938,Sean Murphy-Bunting;Kristian Fulton;T.K. McLendon;Jeffery Simmons;Teair Tart;Amani Hooker;K'Von Wallace;Azeez Al-Shaair;Monty Rice;Harold Landry;Rashad Weaver
2023_12_CAR_TEN,2452,run,3.0,7.0,4.0,CAR,3.0,1469.0,7.0,38.0,9:29,8:51,,17.0,3.0,2.0,4.0,"3 CB, 1 DE, 2 DT, 2 FS, 2 ILB, 1 OLB",CB;CB;CB;DE;DT;DT;FS;FS;ILB;ILB;OLB,11,10,0,,,False,00-0034281;00-0037297;00-0039150;00-0036555;00-0033284;00-0035743;00-0037229;00-0037005;00-0030035;00-0034777;00-0039062,Bradley Bozeman;Cade Mays;Bryce Young;Chuba Hubbard;Taylor Moton;Brett Toth;Ikem Ekwonu;Tommy Tremble;Adam Thielen;D.J. Chark;Jonathan Mingo,00-0035239;00-0036416;00-0038125;00-0031254;00-0035643;00-0036181;00-0035632;00-0036395;00-0035166;00-0037000;00-0034825,Sean Murphy-Bunting;Kristian Fulton;Roger McCreary;Denico Autry;Jeffery Simmons;Teair Tart;Amani Hooker;K'Von Wallace;Azeez Al-Shaair;Monty Rice;Arden Key
2023_12_CAR_TEN,2474,run,-1.0,4.0,5.0,CAR,3.0,1431.0,4.0,42.0,8:51,8:09,,17.0,3.0,3.0,1.0,"3 CB, 1 DE, 2 DT, 2 FS, 2 ILB, 1 OLB",CB;CB;CB;DE;DT;DT;FS;FS;ILB;ILB;OLB,11,11,0,,,False,00-0034281;00-0037297;00-0039150;00-0036555;00-0033284;00-0035743;00-0037229;00-0037005;00-0030035;00-0034777;00-0039062,Bradley Bozeman;Cade Mays;Bryce Young;Chuba Hubbard;Taylor Moton;Brett Toth;Ikem Ekwonu;Tommy Tremble;Adam Thielen;D.J. Chark;Jonathan Mingo,00-0035239;00-0036416;00-0038125;00-0031254;00-0035643;00-0036181;00-0035632;00-0036395;00-0035166;00-0037000;00-0034825,Sean Murphy-Bunting;Kristian Fulton;Roger McCreary;Denico Autry;Jeffery Simmons;Teair Tart;Amani Hooker;K'Von Wallace;Azeez Al-Shaair;Monty Rice;Arden Key
2023_12_CAR_TEN,2496,run,5.0,5.0,0.0,CAR,3.0,1389.0,5.0,3.0,8:09,8:06,,17.0,9.0,4.0,2.0,"3 CB, 1 DE, 2 DT, 2 FS, 2 ILB, 1 OLB",CB;CB;CB;DE;DT;DT;FS;FS;ILB;ILB;OLB,11,10,0,,,False,00-0034281;00-0037297;00-0039150;00-0036555;00-0033284;00-0035743;00-0037229;00-0034365;00-0036438;00-0037005;00-0030035,Bradley Bozeman;Cade Mays;Bryce Young;Chuba Hubbard;Taylor Moton;Brett Toth;Ikem Ekwonu;Ian Thomas;Stephen Sullivan;Tommy Tremble;Adam Thielen,00-0035239;00-0036416;00-0038125;00-0031254;00-0035643;00-0036181;00-0035632;00-0036395;00-0035166;00-0037000;00-0034825,Sean Murphy-Bunting;Kristian Fulton;Roger McCreary;Denico Autry;Jeffery Simmons;Teair Tart;Amani Hooker;K'Von Wallace;Azeez Al-Shaair;Monty Rice;Arden Key
2023_12_CAR_TEN,2519,extra_point,0.0,15.0,15.0,CAR,3.0,1386.0,15.0,0.0,8:06,8:06,,17.0,10.0,,0.0,"2 CB, 1 DE, 2 DT, 2 FS, 1 ILB, 3 OLB",CB;CB;DE;DT;DT;FS;FS;ILB;OLB;OLB;OLB,11,0,0,,,False,00-0037297;00-0038775;00-0034173;00-0026027;00-0028872;00-0033284;00-0033946;00-0035743;00-0037229;00-0034365;00-0037005,Cade Mays;Nash Jensen;Eddy Pineiro;J.J. Jansen;Johnny Hekker;Taylor Moton;David Sharpe;Brett Toth;Ikem Ekwonu;Ian Thomas;Tommy Tremble,00-0037593;00-0038848;00-0031254;00-0032463;00-0035643;00-0035632;00-0037493;00-0035166;00-0034825;00-0035413;00-0036938,Tre Avery;Anthony Kendall;Denico Autry;Kyle Peko;Jeffery Simmons;Amani Hooker;Mike Brown;Azeez Al-Shaair;Arden Key;Luke Gifford;Rashad Weaver
2023_12_CAR_TEN,2534,kickoff,0.0,35.0,35.0,TEN,3.0,1386.0,35.0,6.0,8:06,8:00,,17.0,10.0,,0.0,"2 CB, 1 ILB, 1 K, 2 OLB, 2 SS, 1 TE, 2 WR",CB;CB;ILB;K;OLB;OLB;SS;SS;TE;WR;WR,11,0,0,,,False,00-0038848;00-0036395;00-0037493;00-0033659;00-0037000;00-0037596;00-0035413;00-0035259;00-0038589;00-0032398;00-0038632,Anthony Kendall;K'Von Wallace;Mike Brown;Joseph Jones;Monty Rice;Jack Gibbens;Luke Gifford;Trevon Wesco;Josh Whyle;Chris Moore;Colton Dowell,00-0036152;00-0038877;00-0034500;00-0034173;00-0037043;00-0038782;00-0036037;00-0038587;00-0036438;00-0036268;00-0036635,Lamar Jackson;D'Shawn Jamison;Tae Davis;Eddy Pineiro;Amare Barno;Eku Leota;Sam Franklin;Jammie Robinson;Stephen Sullivan;Laviska Shenault;Ihmir Smith-Marsette
2023_12_CAR_TEN,2569,run,15.0,79.0,64.0,TEN,3.0,1380.0,79.0,48.0,8:00,7:12,,17.0,10.0,1.0,10.0,"2 CB, 2 DE, 1 DT, 1 FS, 2 ILB, 2 OLB, 1 SS",CB;CB;DE;DE;DT;FS;ILB;ILB;OLB;OLB;SS,11,7,0,,,False,00-0033221;00-0036171;00-0039152;00-0032764;00-0036619;00-0039034;00-0038607;00-0035259;00-0037809;00-0032398;00-0036182,Daniel Brunskill;Aaron Brewer;Will Levis;Derrick Henry;Dillon Radunz;Peter Skoronski;Jaelyn Duncan;Trevon Wesco;Chigoziem Okonkwo;Chris Moore;Nick Westbrook-Ikhine,00-0034356;00-0035665;00-0031795;00-0036220;00-0035409;00-0033579;00-0032437;00-0034302;00-0034382;00-0035713;00-0038475,Donte Jackson;David Long;DeShawn Williams;Derrick Brown;Shy Tuttle;Xavier Woods;Kamu Grugier-Hill;Frankie Luvu;Marquis Haynes;Brian Burns;Alex Cook
2023_12_CAR_TEN,2591,pass,6.0,64.0,58.0,TEN,3.0,1332.0,64.0,40.0,7:12,6:32,,17.0,10.0,1.0,10.0,"2 CB, 2 DE, 1 DT, 1 FS, 2 ILB, 2 OLB, 1 SS",CB;CB;DE;DE;DT;FS;ILB;ILB;OLB;OLB;SS,11,6,4,ZONE_COVERAGE,COVER_3,False,00-0033221;00-0036171;00-0039152;00-0032764;00-0036619;00-0039034;00-0038607;00-0035259;00-0037809;00-0032398;00-0036182,Daniel Brunskill;Aaron Brewer;Will Levis;Derrick Henry;Dillon Radunz;Peter Skoronski;Jaelyn Duncan;Trevon Wesco;Chigoziem Okonkwo;Chris Moore;Nick Westbrook-Ikhine,00-0034356;00-0035665;00-0031795;00-0036220;00-0034723;00-0033579;00-0032437;00-0034302;00-0034382;00-0035713;00-0038475,Donte Jackson;David Long;DeShawn Williams;Derrick Brown;Nick Thurman;Xavier Woods;Kamu Grugier-Hill;Frankie Luvu;Marquis Haynes;Brian Burns;Alex Cook
2023_12_CAR_TEN,2619,run,1.0,58.0,57.0,TEN,3.0,1292.0,58.0,42.0,6:32,5:50,,17.0,10.0,2.0,4.0,"2 CB, 2 DE, 1 DT, 1 FS, 2 ILB, 2 OLB, 1 SS",CB;CB;DE;DE;DT;FS;ILB;ILB;OLB;OLB;SS,11,7,0,,,False,00-0033221;00-0036171;00-0039152;00-0032764;00-0036619;00-0039034;00-0038607;00-0035259;00-0038589;00-0032398;00-0036182,Daniel Brunskill;Aaron Brewer;Will Levis;Derrick Henry;Dillon Radunz;Peter Skoronski;Jaelyn Duncan;Trevon Wesco;Josh Whyle;Chris Moore;Nick Westbrook-Ikhine,00-0034356;00-0038877;00-0031795;00-0036220;00-0035409;00-0033579;00-0032437;00-0034302;00-0035713;00-0037043;00-0038475,Donte Jackson;D'Shawn Jamison;DeShawn Williams;Derrick Brown;Shy Tuttle;Xavier Woods;Kamu Grugier-Hill;Frankie Luvu;Brian Burns;Amare Barno;Alex Cook
2023_12_CAR_TEN,2641,no_play,0.0,57.0,57.0,TEN,3.0,1250.0,57.0,15.0,5:50,5:35,,17.0,10.0,3.0,3.0,"3 CB, 2 DE, 1 DT, 1 FS, 1 ILB, 2 OLB, 1 SS",CB;CB;CB;DE;DE;DT;FS;ILB;OLB;OLB;SS,11,0,0,,,False,00-0033221;00-0036171;00-0039152;00-0039032;00-0036619;00-0039034;00-0038607;00-0037809;00-0030564;00-0032398;00-0036182,Daniel Brunskill;Aaron Brewer;Will Levis;Tyjae Spears;Dillon Radunz;Peter Skoronski;Jaelyn Duncan;Chigoziem Okonkwo;DeAndre Hopkins;Chris Moore;Nick Westbrook-Ikhine,00-0031785;00-0034356;00-0038877;00-0031795;00-0036220;00-0035409;00-0033579;00-0034302;00-0035713;00-0037043;00-0038475,Troy Hill;Donte Jackson;D'Shawn Jamison;DeShawn Williams;Derrick Brown;Shy Tuttle;Xavier Woods;Frankie Luvu;Brian Burns;Amare Barno;Alex Cook
2023_12_CAR_TEN,2665,pass,0.0,62.0,62.0,TEN,3.0,1235.0,62.0,6.0,5:35,5:29,,17.0,10.0,3.0,8.0,"3 CB, 1 DE, 1 FS, 1 ILB, 3 OLB, 2 SS",CB;CB;CB;DE;FS;ILB;OLB;OLB;OLB;SS;SS,11,6,5,MAN_COVERAGE,COVER_1,False,00-0033221;00-0036171;00-0039152;00-0039032;00-0036619;00-0039034;00-0038607;00-0037809;00-0030564;00-0032398;00-0036182,Daniel Brunskill;Aaron Brewer;Will Levis;Tyjae Spears;Dillon Radunz;Peter Skoronski;Jaelyn Duncan;Chigoziem Okonkwo;DeAndre Hopkins;Chris Moore;Nick Westbrook-Ikhine,00-0031785;00-0034356;00-0038877;00-0036220;00-0033579;00-0034302;00-0034382;00-0035713;00-0037043;00-0038587;00-0038475,Troy Hill;Donte Jackson;D'Shawn Jamison;Derrick Brown;Xavier Woods;Frankie Luvu;Marquis Haynes;Brian Burns;Amare Barno;Jammie Robinson;Alex Cook
2023_12_CAR_TEN,2688,punt,0.0,62.0,62.0,TEN,3.0,1229.0,62.0,9.0,5:29,5:20,,17.0,10.0,4.0,8.0,"2 CB, 1 DE, 1 ILB, 2 OLB, 2 SS, 1 TE, 2 WR",CB;CB;DE;ILB;OLB;OLB;SS;SS;TE;WR;WR,11,0,0,,,False,00-0038848;00-0035632;00-0033659;00-0037596;00-0027557;00-0035413;00-0037607;00-0034193;00-0037809;00-0038589;00-0038632,Anthony Kendall;Amani Hooker;Joseph Jones;Jack Gibbens;Morgan Cox;Luke Gifford;Ryan Stonehouse;Kevin Rader;Chigoziem Okonkwo;Josh Whyle;Colton Dowell,00-0036152;00-0038877;00-0037203;00-0034500;00-0037043;00-0038782;00-0036037;00-0038587;00-0036438;00-0036268;00-0036635,Lamar Jackson;D'Shawn Jamison;LaBryan Ray;Tae Davis;Amare Barno;Eku Leota;Sam Franklin;Jammie Robinson;Stephen Sullivan;Laviska Shenault;Ihmir Smith-Marsette
2023_12_CAR_TEN,2719,pass,8.0,88.0,80.0,CAR,3.0,1220.0,88.0,36.0,5:20,4:44,,17.0,10.0,1.0,10.0,"3 CB, 1 DE, 2 DT, 2 FS, 2 ILB, 1 OLB",CB;CB;CB;DE;DT;DT;FS;FS;ILB;ILB;OLB,11,6,4,ZONE_COVERAGE,COVER_3,False,00-0034281;00-0037297;00-0039150;00-0035243;00-0033284;00-0035743;00-0037229;00-0037005;00-0030035;00-0034777;00-0036268,Bradley Bozeman;Cade Mays;Bryce Young;Miles Sanders;Taylor Moton;Brett Toth;Ikem Ekwonu;Tommy Tremble;Adam Thielen;D.J. Chark;Laviska Shenault,00-0035239;00-0036416;00-0038125;00-0031254;00-0035643;00-0036181;00-0035632;00-0036395;00-0037000;00-0037596;00-0034825,Sean Murphy-Bunting;Kristian Fulton;Roger McCreary;Denico Autry;Jeffery Simmons;Teair Tart;Amani Hooker;K'Von Wallace;Monty Rice;Jack Gibbens;Arden Key
2023_12_CAR_TEN,2751,run,6.0,80.0,74.0,CAR,3.0,1184.0,80.0,36.0,4:44,4:08,,17.0,10.0,2.0,2.0,"3 CB, 1 DE, 2 DT, 2 FS, 2 ILB, 1 OLB",CB;CB;CB;DE;DT;DT;FS;FS;ILB;ILB;OLB,11,7,0,,,False,00-0034281;00-0037297;00-0039150;00-0035243;00-0033284;00-0035743;00-0037229;00-0037005;00-0030035;00-0034777;00-0039062,Bradley Bozeman;Cade Mays;Bryce Young;Miles Sanders;Taylor Moton;Brett Toth;Ikem Ekwonu;Tommy Tremble;Adam Thielen;D.J. Chark;Jonathan Mingo,00-0035239;00-0036416;00-0038125;00-0031254;00-0035643;00-0036181;00-0035632;00-0036395;00-0037000;00-0037596;00-0034825,Sean Murphy-Bunting;Kristian Fulton;Roger McCreary;Denico Autry;Jeffery Simmons;Teair Tart;Amani Hooker;K'Von Wallace;Monty Rice;Jack Gibbens;Arden Key
2023_12_CAR_TEN,2773,pass,-7.0,74.0,81.0,CAR,3.0,1148.0,74.0,22.0,4:08,3:46,,17.0,10.0,1.0,10.0,"3 CB, 1 DE, 2 DT, 2 FS, 2 ILB, 1 OLB",CB;CB;CB;DE;DT;DT;FS;FS;ILB;ILB;OLB,11,6,4,ZONE_COVERAGE,COVER_3,True,00-0034281;00-0037297;00-0039150;00-0036555;00-0033284;00-0035743;00-0037229;00-0037005;00-0030035;00-0034777;00-0039062,Bradley Bozeman;Cade Mays;Bryce Young;Chuba Hubbard;Taylor Moton;Brett Toth;Ikem Ekwonu;Tommy Tremble;Adam Thielen;D.J. Chark;Jonathan Mingo,00-0035239;00-0036416;00-0038125;00-0031254;00-0035643;00-0036181;00-0035632;00-0036395;00-0037000;00-0037596;00-0034825,Sean Murphy-Bunting;Kristian Fulton;Roger McCreary;Denico Autry;Jeffery Simmons;Teair Tart;Amani Hooker;K'Von Wallace;Monty Rice;Jack Gibbens;Arden Key
2023_12_CAR_TEN,2796,pass,7.0,81.0,74.0,CAR,3.0,1126.0,81.0,40.0,3:46,3:06,,17.0,10.0,2.0,17.0,"4 CB, 1 DE, 1 DT, 2 FS, 1 ILB, 2 OLB",CB;CB;CB;CB;DE;DT;FS;FS;ILB;OLB;OLB,11,5,4,ZONE_COVERAGE,COVER_3,False,00-0034281;00-0038775;00-0039150;00-0036555;00-0033284;00-0035743;00-0037229;00-0037005;00-0030035;00-0034777;00-0039062,Bradley Bozeman;Nash Jensen;Bryce Young;Chuba Hubbard;Taylor Moton;Brett Toth;Ikem Ekwonu;Tommy Tremble;Adam Thielen;D.J. Chark;Jonathan Mingo,00-0035239;00-0036416;00-0036992;00-0038125;00-0031254;00-0035643;00-0035632;00-0036395;00-0037596;00-0034828;00-0034825,Sean Murphy-Bunting;Kristian Fulton;Elijah Molden;Roger McCreary;Denico Autry;Jeffery Simmons;Amani Hooker;K'Von Wallace;Jack Gibbens;Harold Landry;Arden Key
2023_12_CAR_TEN,2828,pass,10.0,74.0,64.0,CAR,3.0,1086.0,74.0,42.0,3:06,2:24,,17.0,10.0,3.0,10.0,"4 CB, 1 DE, 1 DT, 2 FS, 1 ILB, 2 OLB",CB;CB;CB;CB;DE;DT;FS;FS;ILB;OLB;OLB,11,5,4,ZONE_COVERAGE,COVER_3,False,00-0034281;00-0038775;00-0039150;00-0036555;00-0033284;00-0035743;00-0037229;00-0036438;00-0030035;00-0034777;00-0039062,Bradley Bozeman;Nash Jensen;Bryce Young;Chuba Hubbard;Taylor Moton;Brett Toth;Ikem Ekwonu;Stephen Sullivan;Adam Thielen;D.J. Chark;Jonathan Mingo,00-0035239;00-0036416;00-0036992;00-0038125;00-0031254;00-0035643;00-0035632;00-0036395;00-0037596;00-0034828;00-0034825,Sean Murphy-Bunting;Kristian Fulton;Elijah Molden;Roger McCreary;Denico Autry;Jeffery Simmons;Amani Hooker;K'Von Wallace;Jack Gibbens;Harold Landry;Arden Key
2023_12_CAR_TEN,2853,run,15.0,64.0,49.0,CAR,3.0,1044.0,64.0,34.0,2:24,1:50,,17.0,10.0,1.0,10.0,"3 CB, 2 DT, 2 FS, 2 ILB, 2 OLB",CB;CB;CB;DT;DT;FS;FS;ILB;ILB;OLB;OLB,11,8,0,,,False,00-0034281;00-0038775;00-0039150;00-0036555;00-0033284;00-0035743;00-0037229;00-0034365;00-0037005;00-0034777;00-0039062,Bradley Bozeman;Nash Jensen;Bryce Young;Chuba Hubbard;Taylor Moton;Brett Toth;Ikem Ekwonu;Ian Thomas;Tommy Tremble;D.J. Chark;Jonathan Mingo,00-0035239;00-0036416;00-0038125;00-0032463;00-0036289;00-0035632;00-0036395;00-0037000;00-0037596;00-0034828;00-0036938,Sean Murphy-Bunting;Kristian Fulton;Roger McCreary;Kyle Peko;Ross Blacklock;Amani Hooker;K'Von Wallace;Monty Rice;Jack Gibbens;Harold Landry;Rashad Weaver
2023_12_CAR_TEN,2875,run,0.0,49.0,49.0,CAR,3.0,1010.0,49.0,35.0,1:50,1:15,,17.0,10.0,1.0,10.0,"3 CB, 2 DT, 2 FS, 2 ILB, 2 OLB",CB;CB;CB;DT;DT;FS;FS;ILB;ILB;OLB;OLB,11,7,0,,,False,00-0034281;00-0038775;00-0039150;00-0036555;00-0033284;00-0035743;00-0037229;00-0034365;00-0037005;00-0034777;00-0039062,Bradley Bozeman;Nash Jensen;Bryce Young;Chuba Hubbard;Taylor Moton;Brett Toth;Ikem Ekwonu;Ian Thomas;Tommy Tremble;D.J. Chark;Jonathan Mingo,00-0035239;00-0036416;00-0038125;00-0032463;00-0036289;00-0035632;00-0036395;00-0037000;00-0037596;00-0034828;00-0036938,Sean Murphy-Bunting;Kristian Fulton;Roger McCreary;Kyle Peko;Ross Blacklock;Amani Hooker;K'Von Wallace;Monty Rice;Jack Gibbens;Harold Landry;Rashad Weaver
2023_12_CAR_TEN,2897,pass,0.0,49.0,49.0,CAR,3.0,975.0,49.0,5.0,1:15,1:10,,17.0,10.0,2.0,10.0,"3 CB, 2 DT, 2 FS, 2 ILB, 2 OLB",CB;CB;CB;DT;DT;FS;FS;ILB;ILB;OLB;OLB,11,6,4,ZONE_COVERAGE,COVER_3,True,00-0034281;00-0038775;00-0039150;00-0035243;00-0033284;00-0035743;00-0037229;00-0034365;00-0036438;00-0037005;00-0030035,Bradley Bozeman;Nash Jensen;Bryce Young;Miles Sanders;Taylor Moton;Brett Toth;Ikem Ekwonu;Ian Thomas;Stephen Sullivan;Tommy Tremble;Adam Thielen,00-0035239;00-0036416;00-0038125;00-0032463;00-0036289;00-0035632;00-0036395;00-0037000;00-0037596;00-0034828;00-0036938,Sean Murphy-Bunting;Kristian Fulton;Roger McCreary;Kyle Peko;Ross Blacklock;Amani Hooker;K'Von Wallace;Monty Rice;Jack Gibbens;Harold Landry;Rashad Weaver
2023_12_CAR_TEN,2920,pass,-9.0,49.0,58.0,CAR,3.0,970.0,49.0,38.0,1:10,0:32,,17.0,10.0,3.0,10.0,"4 CB, 1 DE, 1 DT, 2 FS, 3 OLB",CB;CB;CB;CB;DE;DT;FS;FS;OLB;OLB;OLB,11,5,4,MAN_COVERAGE,COVER_1,True,00-0034281;00-0038775;00-0039150;00-0035243;00-0033284;00-0035743;00-0037229;00-0036438;00-0030035;00-0034777;00-0039062,Bradley Bozeman;Nash Jensen;Bryce Young;Miles Sanders;Taylor Moton;Brett Toth;Ikem Ekwonu;Stephen Sullivan;Adam Thielen;D.J. Chark;Jonathan Mingo,00-0035239;00-0036416;00-0036992;00-0038125;00-0031254;00-0035643;00-0035632;00-0036395;00-0034828;00-0034825;00-0036938,Sean Murphy-Bunting;Kristian Fulton;Elijah Molden;Roger McCreary;Denico Autry;Jeffery Simmons;Amani Hooker;K'Von Wallace;Harold Landry;Arden Key;Rashad Weaver
2023_12_CAR_TEN,2940,punt,0.0,58.0,58.0,CAR,3.0,932.0,58.0,8.0,0:32,0:24,,17.0,10.0,4.0,19.0,"3 CB, 2 FS, 2 ILB, 1 OLB, 1 TE, 2 WR",CB;CB;CB;FS;FS;ILB;ILB;OLB;TE;WR;WR,11,0,0,,,False,00-0038877;00-0032437;00-0034500;00-0026027;00-0028872;00-0036037;00-0038587;00-0038475;00-0034365;00-0036438;00-0037005,D'Shawn Jamison;Kamu Grugier-Hill;Tae Davis;J.J. Jansen;Johnny Hekker;Sam Franklin;Jammie Robinson;Alex Cook;Ian Thomas;Stephen Sullivan;Tommy Tremble,00-0037593;00-0038848;00-0038961;00-0036395;00-0037493;00-0033659;00-0037000;00-0035413;00-0034193;00-0036182;00-0038632,Tre Avery;Anthony Kendall;Eric Garror;K'Von Wallace;Mike Brown;Joseph Jones;Monty Rice;Luke Gifford;Kevin Rader;Nick Westbrook-Ikhine;Colton Dowell
2023_12_CAR_TEN,2967,pass,19.0,80.0,61.0,TEN,3.0,924.0,80.0,24.0,0:24,0:00,,17.0,10.0,1.0,10.0,"2 CB, 2 DE, 1 DT, 1 FS, 2 ILB, 2 OLB, 1 SS",CB;CB;DE;DE;DT;FS;ILB;ILB;OLB;OLB;SS,11,7,4,ZONE_COVERAGE,COVER_3,False,00-0033221;00-0036171;00-0039152;00-0032764;00-0036619;00-0039034;00-0038607;00-0035259;00-0038589;00-0030564;00-0032398,Daniel Brunskill;Aaron Brewer;Will Levis;Derrick Henry;Dillon Radunz;Peter Skoronski;Jaelyn Duncan;Trevon Wesco;Josh Whyle;DeAndre Hopkins;Chris Moore,00-0034356;00-0035665;00-0036220;00-0037203;00-0034723;00-0033579;00-0032437;00-0034302;00-0035713;00-0038782;00-0038475,Donte Jackson;David Long;Derrick Brown;LaBryan Ray;Nick Thurman;Xavier Woods;Kamu Grugier-Hill;Frankie Luvu;Brian Burns;Eku Leota;Alex Cook
2023_12_CAR_TEN,3009,start_quarter_4,,,,TEN,3.0,900.0,,0.0,0:00,0:00,,17.0,10.0,,0.0,,,,,,,,,,,,
2023_12_CAR_TEN,3029,pass,0.0,61.0,61.0,TEN,4.0,900.0,61.0,6.0,15:00,14:54,,17.0,10.0,1.0,10.0,"2 CB, 2 DE, 1 DT, 1 FS, 2 ILB, 2 OLB, 1 SS",CB;CB;DE;DE;DT;FS;ILB;ILB;OLB;OLB;SS,11,7,5,MAN_COVERAGE,COVER_1,False,00-0033221;00-0036171;00-0039152;00-0032764;00-0036619;00-0039034;00-0038607;00-0035259;00-0038589;00-0030564;00-0032398,Daniel Brunskill;Aaron Brewer;Will Levis;Derrick Henry;Dillon Radunz;Peter Skoronski;Jaelyn Duncan;Trevon Wesco;Josh Whyle;DeAndre Hopkins;Chris Moore,00-0034356;00-0035665;00-0036220;00-0037203;00-0034723;00-0033579;00-0032437;00-0034302;00-0035713;00-0037043;00-0038475,Donte Jackson;David Long;Derrick Brown;LaBryan Ray;Nick Thurman;Xavier Woods;Kamu Grugier-Hill;Frankie Luvu;Brian Burns;Amare Barno;Alex Cook
2023_12_CAR_TEN,3052,run,6.0,61.0,55.0,TEN,4.0,894.0,61.0,44.0,14:54,14:10,,17.0,10.0,2.0,10.0,"2 CB, 2 DE, 1 DT, 1 FS, 2 ILB, 2 OLB, 1 SS",CB;CB;DE;DE;DT;FS;ILB;ILB;OLB;OLB;SS,11,7,0,,,False,00-0033221;00-0036171;00-0039152;00-0032764;00-0036619;00-0039034;00-0038607;00-0035259;00-0038589;00-0036182;00-0038632,Daniel Brunskill;Aaron Brewer;Will Levis;Derrick Henry;Dillon Radunz;Peter Skoronski;Jaelyn Duncan;Trevon Wesco;Josh Whyle;Nick Westbrook-Ikhine;Colton Dowell,00-0034356;00-0035665;00-0036220;00-0037203;00-0034723;00-0033579;00-0032437;00-0034302;00-0035713;00-0037043;00-0038475,Donte Jackson;David Long;Derrick Brown;LaBryan Ray;Nick Thurman;Xavier Woods;Kamu Grugier-Hill;Frankie Luvu;Brian Burns;Amare Barno;Alex Cook
2023_12_CAR_TEN,3074,pass,0.0,55.0,55.0,TEN,4.0,850.0,55.0,3.0,14:10,14:07,,17.0,10.0,3.0,4.0,"3 CB, 1 DE, 1 DT, 1 FS, 2 ILB, 2 OLB, 1 SS",CB;CB;CB;DE;DT;FS;ILB;ILB;OLB;OLB;SS,11,6,4,ZONE_COVERAGE,COVER_2,False,00-0033221;00-0036171;00-0039152;00-0039032;00-0036619;00-0039034;00-0038607;00-0037809;00-0030564;00-0032398;00-0036182,Daniel Brunskill;Aaron Brewer;Will Levis;Tyjae Spears;Dillon Radunz;Peter Skoronski;Jaelyn Duncan;Chigoziem Okonkwo;DeAndre Hopkins;Chris Moore;Nick Westbrook-Ikhine,00-0031785;00-0034356;00-0035665;00-0036220;00-0034723;00-0033579;00-0032388;00-0034302;00-0034382;00-0035713;00-0038475,Troy Hill;Donte Jackson;David Long;Derrick Brown;Nick Thurman;Xavier Woods;Deion Jones;Frankie Luvu;Marquis Haynes;Brian Burns;Alex Cook
2023_12_CAR_TEN,3097,punt,0.0,55.0,55.0,TEN,4.0,847.0,55.0,7.0,14:07,14:00,,17.0,10.0,4.0,4.0,"2 CB, 2 DE, 1 DT, 1 ILB, 2 OLB, 2 SS, 1 WR",CB;CB;DE;DE;DT;ILB;OLB;OLB;SS;SS;WR,11,0,0,,,False,00-0035632;00-0033659;00-0037596;00-0027557;00-0035413;00-0037607;00-0034193;00-0037809;00-0038589;00-0032398;00-0036182,Amani Hooker;Joseph Jones;Jack Gibbens;Morgan Cox;Luke Gifford;Ryan Stonehouse;Kevin Rader;Chigoziem Okonkwo;Josh Whyle;Chris Moore;Nick Westbrook-Ikhine,00-0035665;00-0038877;00-0031795;00-0036220;00-0035409;00-0034302;00-0037043;00-0038782;00-0036037;00-0038587;00-0036635,David Long;D'Shawn Jamison;DeShawn Williams;Derrick Brown;Shy Tuttle;Frankie Luvu;Amare Barno;Eku Leota;Sam Franklin;Jammie Robinson;Ihmir Smith-Marsette
2023_12_CAR_TEN,3117,run,1.0,89.0,88.0,CAR,4.0,840.0,89.0,39.0,14:00,13:21,,17.0,10.0,1.0,10.0,"4 CB, 2 DT, 1 FS, 2 ILB, 2 OLB",CB;CB;CB;CB;DT;DT;FS;ILB;ILB;OLB;OLB,11,8,0,,,False,00-0034281;00-0038775;00-0039150;00-0036555;00-0033284;00-0035743;00-0037229;00-0034365;00-0037005;00-0030035;00-0039062,Bradley Bozeman;Nash Jensen;Bryce Young;Chuba Hubbard;Taylor Moton;Brett Toth;Ikem Ekwonu;Ian Thomas;Tommy Tremble;Adam Thielen;Jonathan Mingo,00-0035239;00-0036416;00-0036992;00-0038125;00-0036289;00-0036181;00-0035632;00-0035166;00-0037596;00-0034828;00-0036938,Sean Murphy-Bunting;Kristian Fulton;Elijah Molden;Roger McCreary;Ross Blacklock;Teair Tart;Amani Hooker;Azeez Al-Shaair;Jack Gibbens;Harold Landry;Rashad Weaver
2023_12_CAR_TEN,3146,run,15.0,88.0,73.0,CAR,4.0,801.0,88.0,13.0,13:21,13:08,,17.0,10.0,2.0,9.0,"4 CB, 1 DE, 1 DT, 1 FS, 2 ILB, 2 OLB",CB;CB;CB;CB;DE;DT;FS;ILB;ILB;OLB;OLB,11,7,0,,,False,00-0034281;00-0038775;00-0039150;00-0035243;00-0033284;00-0035743;00-0037229;00-0037005;00-0030035;00-0034777;00-0039062,Bradley Bozeman;Nash Jensen;Bryce Young;Miles Sanders;Taylor Moton;Brett Toth;Ikem Ekwonu;Tommy Tremble;Adam Thielen;D.J. Chark;Jonathan Mingo,00-0035239;00-0036416;00-0036992;00-0038125;00-0031254;00-0035643;00-0035632;00-0035166;00-0037596;00-0034828;00-0034825,Sean Murphy-Bunting;Kristian Fulton;Elijah Molden;Roger McCreary;Denico Autry;Jeffery Simmons;Amani Hooker;Azeez Al-Shaair;Jack Gibbens;Harold Landry;Arden Key
2023_12_CAR_TEN,3179,no_play,0.0,73.0,73.0,CAR,4.0,788.0,73.0,6.0,13:08,13:02,,17.0,10.0,1.0,10.0,"4 CB, 2 DT, 1 FS, 2 ILB, 2 OLB",CB;CB;CB;CB;DT;DT;FS;ILB;ILB;OLB;OLB,11,7,4,MAN_COVERAGE,COVER_1,False,00-0034281;00-0038775;00-0039150;00-0035243;00-0033284;00-0035743;00-0037229;00-0034365;00-0037005;00-0034777;00-0039062,Bradley Bozeman;Nash Jensen;Bryce Young;Miles Sanders;Taylor Moton;Brett Toth;Ikem Ekwonu;Ian Thomas;Tommy Tremble;D.J. Chark;Jonathan Mingo,00-0035239;00-0036416;00-0036992;00-0038125;00-0035643;00-0036181;00-0035632;00-0035166;00-0037596;00-0034828;00-0036938,Sean Murphy-Bunting;Kristian Fulton;Elijah Molden;Roger McCreary;Jeffery Simmons;Teair Tart;Amani Hooker;Azeez Al-Shaair;Jack Gibbens;Harold Landry;Rashad Weaver
2023_12_CAR_TEN,3213,run,4.0,68.0,64.0,CAR,4.0,782.0,68.0,39.0,13:02,12:23,,17.0,10.0,1.0,10.0,"4 CB, 2 DT, 1 FS, 2 ILB, 2 OLB",CB;CB;CB;CB;DT;DT;FS;ILB;ILB;OLB;OLB,11,7,0,,,False,00-0034281;00-0038775;00-0039150;00-0035243;00-0033284;00-0035743;00-0037229;00-0037005;00-0030035;00-0034777;00-0039062,Bradley Bozeman;Nash Jensen;Bryce Young;Miles Sanders;Taylor Moton;Brett Toth;Ikem Ekwonu;Tommy Tremble;Adam Thielen;D.J. Chark;Jonathan Mingo,00-0035239;00-0036416;00-0036992;00-0038125;00-0032463;00-0035643;00-0035632;00-0035166;00-0037596;00-0034828;00-0036938,Sean Murphy-Bunting;Kristian Fulton;Elijah Molden;Roger McCreary;Kyle Peko;Jeffery Simmons;Amani Hooker;Azeez Al-Shaair;Jack Gibbens;Harold Landry;Rashad Weaver
2023_12_CAR_TEN,3235,no_play,0.0,64.0,64.0,CAR,4.0,743.0,64.0,25.0,12:23,11:58,,17.0,10.0,2.0,6.0,"4 CB, 2 DT, 1 FS, 2 ILB, 2 OLB",CB;CB;CB;CB;DT;DT;FS;ILB;ILB;OLB;OLB,11,6,4,ZONE_COVERAGE,COVER_3,False,00-0034281;00-0038775;00-0039150;00-0035243;00-0033284;00-0035743;00-0037229;00-0037005;00-0030035;00-0034777;00-0036635,Bradley Bozeman;Nash Jensen;Bryce Young;Miles Sanders;Taylor Moton;Brett Toth;Ikem Ekwonu;Tommy Tremble;Adam Thielen;D.J. Chark;Ihmir Smith-Marsette,00-0035239;00-0036416;00-0036992;00-0038125;00-0032463;00-0035643;00-0035632;00-0035166;00-0037596;00-0034828;00-0036938,Sean Murphy-Bunting;Kristian Fulton;Elijah Molden;Roger McCreary;Kyle Peko;Jeffery Simmons;Amani Hooker;Azeez Al-Shaair;Jack Gibbens;Harold Landry;Rashad Weaver
2023_12_CAR_TEN,3273,pass,0.0,74.0,74.0,CAR,4.0,718.0,74.0,13.0,11:58,11:45,,17.0,10.0,2.0,16.0,"4 CB, 2 DT, 1 FS, 2 ILB, 2 OLB",CB;CB;CB;CB;DT;DT;FS;ILB;ILB;OLB;OLB,11,6,4,MAN_COVERAGE,COVER_1,True,00-0034281;00-0038775;00-0039150;00-0036555;00-0033284;00-0035743;00-0037229;00-0037005;00-0030035;00-0034777;00-0039062,Bradley Bozeman;Nash Jensen;Bryce Young;Chuba Hubbard;Taylor Moton;Brett Toth;Ikem Ekwonu;Tommy Tremble;Adam Thielen;D.J. Chark;Jonathan Mingo,00-0035239;00-0036416;00-0036992;00-0038125;00-0032463;00-0035643;00-0035632;00-0035166;00-0037596;00-0034828;00-0036938,Sean Murphy-Bunting;Kristian Fulton;Elijah Molden;Roger McCreary;Kyle Peko;Jeffery Simmons;Amani Hooker;Azeez Al-Shaair;Jack Gibbens;Harold Landry;Rashad Weaver
2023_12_CAR_TEN,3296,pass,0.0,74.0,74.0,CAR,4.0,705.0,74.0,3.0,11:45,11:42,,17.0,10.0,3.0,16.0,"4 CB, 1 DE, 1 DT, 2 FS, 1 ILB, 2 OLB",CB;CB;CB;CB;DE;DT;FS;FS;ILB;OLB;OLB,11,4,4,ZONE_COVERAGE,COVER_2,False,00-0034281;00-0038775;00-0039150;00-0036555;00-0033284;00-0035743;00-0037229;00-0037005;00-0030035;00-0034777;00-0039062,Bradley Bozeman;Nash Jensen;Bryce Young;Chuba Hubbard;Taylor Moton;Brett Toth;Ikem Ekwonu;Tommy Tremble;Adam Thielen;D.J. Chark;Jonathan Mingo,00-0035239;00-0036416;00-0036992;00-0038125;00-0031254;00-0035643;00-0035632;00-0036395;00-0035166;00-0034828;00-0034825,Sean Murphy-Bunting;Kristian Fulton;Elijah Molden;Roger McCreary;Denico Autry;Jeffery Simmons;Amani Hooker;K'Von Wallace;Azeez Al-Shaair;Harold Landry;Arden Key
2023_12_CAR_TEN,3319,punt,0.0,74.0,74.0,CAR,4.0,702.0,74.0,9.0,11:42,11:33,,17.0,10.0,4.0,16.0,"3 CB, 2 FS, 2 ILB, 1 OLB, 1 TE, 2 WR",CB;CB;CB;FS;FS;ILB;ILB;OLB;TE;WR;WR,11,0,0,,,False,00-0038877;00-0032437;00-0034500;00-0026027;00-0028872;00-0036037;00-0038587;00-0038475;00-0034365;00-0036438;00-0037005,D'Shawn Jamison;Kamu Grugier-Hill;Tae Davis;J.J. Jansen;Johnny Hekker;Sam Franklin;Jammie Robinson;Alex Cook;Ian Thomas;Stephen Sullivan;Tommy Tremble,00-0037593;00-0038848;00-0038961;00-0036395;00-0037493;00-0033659;00-0037000;00-0035413;00-0034193;00-0036182;00-0038632,Tre Avery;Anthony Kendall;Eric Garror;K'Von Wallace;Mike Brown;Joseph Jones;Monty Rice;Luke Gifford;Kevin Rader;Nick Westbrook-Ikhine;Colton Dowell
2023_12_CAR_TEN,3355,pass,22.0,74.0,52.0,TEN,4.0,693.0,74.0,35.0,11:33,10:58,,17.0,10.0,1.0,10.0,"2 CB, 2 DE, 1 DT, 1 FS, 2 ILB, 2 OLB, 1 SS",CB;CB;DE;DE;DT;FS;ILB;ILB;OLB;OLB;SS,11,7,5,MAN_COVERAGE,COVER_1,False,00-0033221;00-0036171;00-0039152;00-0032764;00-0036619;00-0039034;00-0038607;00-0035259;00-0030564;00-0032398;00-0036182,Daniel Brunskill;Aaron Brewer;Will Levis;Derrick Henry;Dillon Radunz;Peter Skoronski;Jaelyn Duncan;Trevon Wesco;DeAndre Hopkins;Chris Moore;Nick Westbrook-Ikhine,00-0034356;00-0035665;00-0033913;00-0037203;00-0035409;00-0033579;00-0032437;00-0034302;00-0035713;00-0037043;00-0038475,Donte Jackson;David Long;Chris Wormley;LaBryan Ray;Shy Tuttle;Xavier Woods;Kamu Grugier-Hill;Frankie Luvu;Brian Burns;Amare Barno;Alex Cook
2023_12_CAR_TEN,3387,run,5.0,52.0,47.0,TEN,4.0,658.0,52.0,40.0,10:58,10:18,,17.0,10.0,1.0,10.0,"2 CB, 2 DE, 1 DT, 1 FS, 2 ILB, 2 OLB, 1 SS",CB;CB;DE;DE;DT;FS;ILB;ILB;OLB;OLB;SS,11,7,0,,,False,00-0033221;00-0036171;00-0039152;00-0032764;00-0036619;00-0039034;00-0038607;00-0035259;00-0037809;00-0032398;00-0036182,Daniel Brunskill;Aaron Brewer;Will Levis;Derrick Henry;Dillon Radunz;Peter Skoronski;Jaelyn Duncan;Trevon Wesco;Chigoziem Okonkwo;Chris Moore;Nick Westbrook-Ikhine,00-0034356;00-0035665;00-0033913;00-0037203;00-0035409;00-0033579;00-0032437;00-0034302;00-0035713;00-0037043;00-0038475,Donte Jackson;David Long;Chris Wormley;LaBryan Ray;Shy Tuttle;Xavier Woods;Kamu Grugier-Hill;Frankie Luvu;Brian Burns;Amare Barno;Alex Cook
2023_12_CAR_TEN,3409,pass,0.0,47.0,47.0,TEN,4.0,618.0,47.0,5.0,10:18,10:13,,17.0,10.0,2.0,5.0,"2 CB, 2 DE, 1 DT, 1 FS, 2 ILB, 2 OLB, 1 SS",CB;CB;DE;DE;DT;FS;ILB;ILB;OLB;OLB;SS,11,7,5,ZONE_COVERAGE,COVER_3,True,00-0033221;00-0036171;00-0039152;00-0032764;00-0036619;00-0039034;00-0038607;00-0035259;00-0038589;00-0030564;00-0036182,Daniel Brunskill;Aaron Brewer;Will Levis;Derrick Henry;Dillon Radunz;Peter Skoronski;Jaelyn Duncan;Trevon Wesco;Josh Whyle;DeAndre Hopkins;Nick Westbrook-Ikhine,00-0034356;00-0035665;00-0036220;00-0037203;00-0035409;00-0033579;00-0032437;00-0034302;00-0034382;00-0035713;00-0038475,Donte Jackson;David Long;Derrick Brown;LaBryan Ray;Shy Tuttle;Xavier Woods;Kamu Grugier-Hill;Frankie Luvu;Marquis Haynes;Brian Burns;Alex Cook
2023_12_CAR_TEN,3432,pass,0.0,47.0,47.0,TEN,4.0,613.0,47.0,5.0,10:13,10:08,,17.0,10.0,3.0,5.0,"3 CB, 2 DE, 1 FS, 2 ILB, 2 OLB, 1 SS",CB;CB;CB;DE;DE;FS;ILB;ILB;OLB;OLB;SS,11,6,4,MAN_COVERAGE,COVER_1,False,00-0033221;00-0036171;00-0039152;00-0039032;00-0036619;00-0039034;00-0038607;00-0037809;00-0030564;00-0032398;00-0037273,Daniel Brunskill;Aaron Brewer;Will Levis;Tyjae Spears;Dillon Radunz;Peter Skoronski;Jaelyn Duncan;Chigoziem Okonkwo;DeAndre Hopkins;Chris Moore;Kyle Philips,00-0031785;00-0034356;00-0035665;00-0031795;00-0036220;00-0033579;00-0032388;00-0034302;00-0034382;00-0035713;00-0038475,Troy Hill;Donte Jackson;David Long;DeShawn Williams;Derrick Brown;Xavier Woods;Deion Jones;Frankie Luvu;Marquis Haynes;Brian Burns;Alex Cook
2023_12_CAR_TEN,3455,punt,0.0,47.0,47.0,TEN,4.0,608.0,47.0,7.0,10:08,10:01,,17.0,10.0,4.0,5.0,"2 CB, 1 DE, 1 ILB, 2 OLB, 1 RB, 2 SS, 1 TE, 1 WR",CB;CB;DE;ILB;OLB;OLB;RB;SS;SS;TE;WR,11,0,0,,,False,00-0035632;00-0033659;00-0037596;00-0027557;00-0035413;00-0037607;00-0034193;00-0037809;00-0038589;00-0032398;00-0036182,Amani Hooker;Joseph Jones;Jack Gibbens;Morgan Cox;Luke Gifford;Ryan Stonehouse;Kevin Rader;Chigoziem Okonkwo;Josh Whyle;Chris Moore;Nick Westbrook-Ikhine,00-0036152;00-0038877;00-0037203;00-0034500;00-0037043;00-0038782;00-0036555;00-0036037;00-0038587;00-0036438;00-0036635,Lamar Jackson;D'Shawn Jamison;LaBryan Ray;Tae Davis;Amare Barno;Eku Leota;Chuba Hubbard;Sam Franklin;Jammie Robinson;Stephen Sullivan;Ihmir Smith-Marsette
2023_12_CAR_TEN,3475,run,3.0,91.0,88.0,CAR,4.0,601.0,91.0,31.0,10:01,9:30,,17.0,10.0,1.0,10.0,"3 CB, 1 DE, 2 DT, 2 FS, 2 ILB, 1 OLB",CB;CB;CB;DE;DT;DT;FS;FS;ILB;ILB;OLB,11,9,0,,,False,00-0034281;00-0038775;00-0039150;00-0036555;00-0033284;00-0035743;00-0037229;00-0037005;00-0030035;00-0034777;00-0039062,Bradley Bozeman;Nash Jensen;Bryce Young;Chuba Hubbard;Taylor Moton;Brett Toth;Ikem Ekwonu;Tommy Tremble;Adam Thielen;D.J. Chark;Jonathan Mingo,00-0035239;00-0036416;00-0038125;00-0031254;00-0035643;00-0036181;00-0035632;00-0036395;00-0035166;00-0037596;00-0034825,Sean Murphy-Bunting;Kristian Fulton;Roger McCreary;Denico Autry;Jeffery Simmons;Teair Tart;Amani Hooker;K'Von Wallace;Azeez Al-Shaair;Jack Gibbens;Arden Key
2023_12_CAR_TEN,3509,run,3.0,88.0,85.0,CAR,4.0,570.0,88.0,40.0,9:30,8:50,,17.0,10.0,2.0,7.0,"3 CB, 1 DE, 2 DT, 2 FS, 2 ILB, 1 OLB",CB;CB;CB;DE;DT;DT;FS;FS;ILB;ILB;OLB,11,7,0,,,False,00-0034281;00-0038775;00-0039150;00-0036555;00-0033284;00-0035743;00-0037229;00-0037005;00-0030035;00-0034777;00-0039062,Bradley Bozeman;Nash Jensen;Bryce Young;Chuba Hubbard;Taylor Moton;Brett Toth;Ikem Ekwonu;Tommy Tremble;Adam Thielen;D.J. Chark;Jonathan Mingo,00-0035239;00-0036416;00-0038125;00-0031254;00-0035643;00-0036181;00-0035632;00-0036395;00-0035166;00-0037596;00-0034825,Sean Murphy-Bunting;Kristian Fulton;Roger McCreary;Denico Autry;Jeffery Simmons;Teair Tart;Amani Hooker;K'Von Wallace;Azeez Al-Shaair;Jack Gibbens;Arden Key
2023_12_CAR_TEN,3531,pass,24.0,85.0,61.0,CAR,4.0,530.0,85.0,29.0,8:50,8:21,,17.0,10.0,3.0,4.0,"4 CB, 1 DE, 1 DT, 2 FS, 1 ILB, 2 OLB",CB;CB;CB;CB;DE;DT;FS;FS;ILB;OLB;OLB,11,6,3,ZONE_COVERAGE,COVER_3,False,00-0034281;00-0038775;00-0039150;00-0036555;00-0033284;00-0035743;00-0037229;00-0036438;00-0030035;00-0034777;00-0039062,Bradley Bozeman;Nash Jensen;Bryce Young;Chuba Hubbard;Taylor Moton;Brett Toth;Ikem Ekwonu;Stephen Sullivan;Adam Thielen;D.J. Chark;Jonathan Mingo,00-0035239;00-0036416;00-0036992;00-0038125;00-0031254;00-0035643;00-0035632;00-0036395;00-0035166;00-0034828;00-0034825,Sean Murphy-Bunting;Kristian Fulton;Elijah Molden;Roger McCreary;Denico Autry;Jeffery Simmons;Amani Hooker;K'Von Wallace;Azeez Al-Shaair;Harold Landry;Arden Key
2023_12_CAR_TEN,3561,no_play,0.0,61.0,61.0,CAR,4.0,501.0,61.0,15.0,8:21,8:06,,17.0,10.0,1.0,10.0,"3 CB, 1 DE, 2 DT, 2 FS, 2 ILB, 1 OLB",CB;CB;CB;DE;DT;DT;FS;FS;ILB;ILB;OLB,11,5,4,ZONE_COVERAGE,COVER_3,False,00-0034281;00-0038775;00-0039150;00-0036555;00-0033284;00-0035743;00-0037229;00-0036438;00-0030035;00-0034777;00-0039062,Bradley Bozeman;Nash Jensen;Bryce Young;Chuba Hubbard;Taylor Moton;Brett Toth;Ikem Ekwonu;Stephen Sullivan;Adam Thielen;D.J. Chark;Jonathan Mingo,00-0035239;00-0036416;00-0038125;00-0031254;00-0035643;00-0036181;00-0035632;00-0036395;00-0035166;00-0037596;00-0034825,Sean Murphy-Bunting;Kristian Fulton;Roger McCreary;Denico Autry;Jeffery Simmons;Teair Tart;Amani Hooker;K'Von Wallace;Azeez Al-Shaair;Jack Gibbens;Arden Key
2023_12_CAR_TEN,3594,pass,19.0,71.0,52.0,CAR,4.0,486.0,71.0,35.0,8:06,7:31,,17.0,10.0,1.0,20.0,"3 CB, 2 DT, 2 FS, 2 ILB, 2 OLB",CB;CB;CB;DT;DT;FS;FS;ILB;ILB;OLB;OLB,11,5,4,ZONE_COVERAGE,COVER_3,False,00-0034281;00-0038775;00-0039150;00-0035243;00-0033284;00-0035743;00-0037229;00-0036438;00-0030035;00-0034777;00-0039062,Bradley Bozeman;Nash Jensen;Bryce Young;Miles Sanders;Taylor Moton;Brett Toth;Ikem Ekwonu;Stephen Sullivan;Adam Thielen;D.J. Chark;Jonathan Mingo,00-0035239;00-0036416;00-0038125;00-0035643;00-0036181;00-0035632;00-0036395;00-0035166;00-0037596;00-0034828;00-0036938,Sean Murphy-Bunting;Kristian Fulton;Roger McCreary;Jeffery Simmons;Teair Tart;Amani Hooker;K'Von Wallace;Azeez Al-Shaair;Jack Gibbens;Harold Landry;Rashad Weaver
2023_12_CAR_TEN,3619,run,4.0,52.0,48.0,CAR,4.0,451.0,52.0,32.0,7:31,6:59,,17.0,10.0,2.0,1.0,"3 CB, 2 DT, 2 FS, 2 ILB, 2 OLB",CB;CB;CB;DT;DT;FS;FS;ILB;ILB;OLB;OLB,11,6,0,,,False,00-0034281;00-0038775;00-0039150;00-0035243;00-0033284;00-0035743;00-0037229;00-0037005;00-0030035;00-0034777;00-0039062,Bradley Bozeman;Nash Jensen;Bryce Young;Miles Sanders;Taylor Moton;Brett Toth;Ikem Ekwonu;Tommy Tremble;Adam Thielen;D.J. Chark;Jonathan Mingo,00-0035239;00-0036416;00-0038125;00-0032463;00-0035643;00-0035632;00-0036395;00-0035166;00-0037596;00-0034828;00-0036938,Sean Murphy-Bunting;Kristian Fulton;Roger McCreary;Kyle Peko;Jeffery Simmons;Amani Hooker;K'Von Wallace;Azeez Al-Shaair;Jack Gibbens;Harold Landry;Rashad Weaver
2023_12_CAR_TEN,3641,pass,0.0,48.0,48.0,CAR,4.0,419.0,48.0,4.0,6:59,6:55,,17.0,10.0,1.0,10.0,"3 CB, 2 DT, 2 FS, 2 ILB, 2 OLB",CB;CB;CB;DT;DT;FS;FS;ILB;ILB;OLB;OLB,11,7,6,MAN_COVERAGE,COVER_1,True,00-0034281;00-0038775;00-0039150;00-0035243;00-0033284;00-0035743;00-0037229;00-0037005;00-0030035;00-0034777;00-0039062,Bradley Bozeman;Nash Jensen;Bryce Young;Miles Sanders;Taylor Moton;Brett Toth;Ikem Ekwonu;Tommy Tremble;Adam Thielen;D.J. Chark;Jonathan Mingo,00-0035239;00-0036416;00-0038125;00-0032463;00-0035643;00-0035632;00-0036395;00-0035166;00-0037596;00-0034828;00-0036938,Sean Murphy-Bunting;Kristian Fulton;Roger McCreary;Kyle Peko;Jeffery Simmons;Amani Hooker;K'Von Wallace;Azeez Al-Shaair;Jack Gibbens;Harold Landry;Rashad Weaver
2023_12_CAR_TEN,3664,run,-4.0,48.0,52.0,CAR,4.0,415.0,48.0,46.0,6:55,6:09,,17.0,10.0,2.0,10.0,"3 CB, 2 DT, 2 FS, 2 ILB, 2 OLB",CB;CB;CB;DT;DT;FS;FS;ILB;ILB;OLB;OLB,11,7,0,,,False,00-0034281;00-0038775;00-0039150;00-0035243;00-0033284;00-0035743;00-0037229;00-0034365;00-0030035;00-0034777;00-0039062,Bradley Bozeman;Nash Jensen;Bryce Young;Miles Sanders;Taylor Moton;Brett Toth;Ikem Ekwonu;Ian Thomas;Adam Thielen;D.J. Chark;Jonathan Mingo,00-0035239;00-0036416;00-0038125;00-0032463;00-0035643;00-0035632;00-0036395;00-0035166;00-0037596;00-0034828;00-0036938,Sean Murphy-Bunting;Kristian Fulton;Roger McCreary;Kyle Peko;Jeffery Simmons;Amani Hooker;K'Von Wallace;Azeez Al-Shaair;Jack Gibbens;Harold Landry;Rashad Weaver
2023_12_CAR_TEN,3686,pass,0.0,52.0,52.0,CAR,4.0,369.0,52.0,7.0,6:09,6:02,,17.0,10.0,3.0,14.0,"4 CB, 1 DE, 1 DT, 2 FS, 1 ILB, 2 OLB",CB;CB;CB;CB;DE;DT;FS;FS;ILB;OLB;OLB,11,5,4,MAN_COVERAGE,COVER_1,True,00-0034281;00-0038775;00-0039150;00-0036555;00-0033284;00-0035743;00-0037229;00-0034365;00-0030035;00-0034777;00-0039062,Bradley Bozeman;Nash Jensen;Bryce Young;Chuba Hubbard;Taylor Moton;Brett Toth;Ikem Ekwonu;Ian Thomas;Adam Thielen;D.J. Chark;Jonathan Mingo,00-0035239;00-0036416;00-0036992;00-0038125;00-0031254;00-0035643;00-0035632;00-0036395;00-0035166;00-0034828;00-0034825,Sean Murphy-Bunting;Kristian Fulton;Elijah Molden;Roger McCreary;Denico Autry;Jeffery Simmons;Amani Hooker;K'Von Wallace;Azeez Al-Shaair;Harold Landry;Arden Key
2023_12_CAR_TEN,3709,punt,0.0,52.0,52.0,CAR,4.0,362.0,52.0,8.0,6:02,5:54,,17.0,10.0,4.0,14.0,"3 CB, 1 DE, 2 DT, 2 FS, 2 ILB, 1 OLB",CB;CB;CB;DE;DT;DT;FS;FS;ILB;ILB;OLB,11,0,0,,,False,00-0038877;00-0032437;00-0034500;00-0026027;00-0028872;00-0036555;00-0036037;00-0038587;00-0038475;00-0034365;00-0036438,D'Shawn Jamison;Kamu Grugier-Hill;Tae Davis;J.J. Jansen;Johnny Hekker;Chuba Hubbard;Sam Franklin;Jammie Robinson;Alex Cook;Ian Thomas;Stephen Sullivan,00-0037593;00-0038848;00-0038961;00-0038850;00-0032463;00-0035643;00-0035632;00-0036395;00-0033659;00-0037596;00-0036938,Tre Avery;Anthony Kendall;Eric Garror;T.K. McLendon;Kyle Peko;Jeffery Simmons;Amani Hooker;K'Von Wallace;Joseph Jones;Jack Gibbens;Rashad Weaver
2023_12_CAR_TEN,3738,run,1.0,84.0,83.0,TEN,4.0,354.0,84.0,43.0,5:54,5:11,,17.0,10.0,1.0,10.0,"3 CB, 2 DE, 1 DT, 1 FS, 1 ILB, 2 OLB, 1 SS",CB;CB;CB;DE;DE;DT;FS;ILB;OLB;OLB;SS,11,7,0,,,False,00-0033221;00-0036171;00-0039152;00-0032764;00-0036619;00-0039034;00-0038607;00-0035259;00-0032398;00-0036182;00-0037273,Daniel Brunskill;Aaron Brewer;Will Levis;Derrick Henry;Dillon Radunz;Peter Skoronski;Jaelyn Duncan;Trevon Wesco;Chris Moore;Nick Westbrook-Ikhine;Kyle Philips,00-0031785;00-0034356;00-0035665;00-0033913;00-0036220;00-0035409;00-0033579;00-0034302;00-0035713;00-0037043;00-0038475,Troy Hill;Donte Jackson;David Long;Chris Wormley;Derrick Brown;Shy Tuttle;Xavier Woods;Frankie Luvu;Brian Burns;Amare Barno;Alex Cook
2023_12_CAR_TEN,3760,pass,9.0,83.0,74.0,TEN,4.0,311.0,83.0,16.0,5:11,4:55,,17.0,10.0,2.0,9.0,"3 CB, 2 DE, 1 DT, 1 FS, 1 ILB, 2 OLB, 1 SS",CB;CB;CB;DE;DE;DT;FS;ILB;OLB;OLB;SS,11,6,4,ZONE_COVERAGE,COVER_2,False,00-0033221;00-0036171;00-0039152;00-0032764;00-0036619;00-0039034;00-0038607;00-0035259;00-0038589;00-0030564;00-0036182,Daniel Brunskill;Aaron Brewer;Will Levis;Derrick Henry;Dillon Radunz;Peter Skoronski;Jaelyn Duncan;Trevon Wesco;Josh Whyle;DeAndre Hopkins;Nick Westbrook-Ikhine,00-0031785;00-0034356;00-0035665;00-0033913;00-0036220;00-0035409;00-0033579;00-0034302;00-0035713;00-0037043;00-0038475,Troy Hill;Donte Jackson;David Long;Chris Wormley;Derrick Brown;Shy Tuttle;Xavier Woods;Frankie Luvu;Brian Burns;Amare Barno;Alex Cook
2023_12_CAR_TEN,3790,run,2.0,74.0,72.0,TEN,4.0,295.0,74.0,44.0,4:55,4:11,,17.0,10.0,1.0,10.0,"3 CB, 2 DE, 1 DT, 1 FS, 1 ILB, 2 OLB, 1 SS",CB;CB;CB;DE;DE;DT;FS;ILB;OLB;OLB;SS,11,8,0,,,False,00-0033221;00-0036171;00-0039152;00-0032764;00-0036619;00-0039034;00-0038607;00-0035259;00-0038589;00-0030564;00-0036182,Daniel Brunskill;Aaron Brewer;Will Levis;Derrick Henry;Dillon Radunz;Peter Skoronski;Jaelyn Duncan;Trevon Wesco;Josh Whyle;DeAndre Hopkins;Nick Westbrook-Ikhine,00-0031785;00-0034356;00-0035665;00-0036220;00-0037203;00-0035409;00-0033579;00-0034302;00-0035713;00-0037043;00-0038475,Troy Hill;Donte Jackson;David Long;Derrick Brown;LaBryan Ray;Shy Tuttle;Xavier Woods;Frankie Luvu;Brian Burns;Amare Barno;Alex Cook
2023_12_CAR_TEN,3812,run,18.0,72.0,54.0,TEN,4.0,251.0,72.0,48.0,4:11,3:23,,17.0,10.0,2.0,8.0,"3 CB, 2 DE, 1 FS, 2 ILB, 2 OLB, 1 SS",CB;CB;CB;DE;DE;FS;ILB;ILB;OLB;OLB;SS,11,7,0,,,False,00-0033221;00-0036171;00-0039152;00-0032764;00-0036619;00-0039034;00-0038607;00-0035259;00-0038589;00-0030564;00-0036182,Daniel Brunskill;Aaron Brewer;Will Levis;Derrick Henry;Dillon Radunz;Peter Skoronski;Jaelyn Duncan;Trevon Wesco;Josh Whyle;DeAndre Hopkins;Nick Westbrook-Ikhine,00-0031785;00-0034356;00-0035665;00-0036220;00-0037203;00-0033579;00-0032388;00-0034302;00-0034382;00-0035713;00-0038475,Troy Hill;Donte Jackson;David Long;Derrick Brown;LaBryan Ray;Xavier Woods;Deion Jones;Frankie Luvu;Marquis Haynes;Brian Burns;Alex Cook
2023_12_CAR_TEN,3834,run,2.0,54.0,52.0,TEN,4.0,203.0,54.0,6.0,3:23,3:17,,17.0,10.0,1.0,10.0,"2 CB, 2 DE, 1 DT, 1 FS, 2 ILB, 2 OLB, 1 SS",CB;CB;DE;DE;DT;FS;ILB;ILB;OLB;OLB;SS,11,8,0,,,False,00-0033221;00-0036171;00-0039152;00-0032764;00-0036619;00-0039034;00-0038607;00-0035259;00-0037809;00-0032398;00-0036182,Daniel Brunskill;Aaron Brewer;Will Levis;Derrick Henry;Dillon Radunz;Peter Skoronski;Jaelyn Duncan;Trevon Wesco;Chigoziem Okonkwo;Chris Moore;Nick Westbrook-Ikhine,00-0034356;00-0035665;00-0036220;00-0037203;00-0034723;00-0033579;00-0032437;00-0034302;00-0034382;00-0035713;00-0038475,Donte Jackson;David Long;Derrick Brown;LaBryan Ray;Nick Thurman;Xavier Woods;Kamu Grugier-Hill;Frankie Luvu;Marquis Haynes;Brian Burns;Alex Cook
2023_12_CAR_TEN,3856,run,3.0,52.0,49.0,TEN,4.0,197.0,52.0,0.0,3:17,3:17,,17.0,10.0,2.0,8.0,"2 CB, 2 DE, 1 DT, 1 FS, 2 ILB, 2 OLB, 1 SS",CB;CB;DE;DE;DT;FS;ILB;ILB;OLB;OLB;SS,11,8,0,,,False,00-0033221;00-0036171;00-0039152;00-0032764;00-0036619;00-0039034;00-0038607;00-0034193;00-0035259;00-0030564;00-0036182,Daniel Brunskill;Aaron Brewer;Will Levis;Derrick Henry;Dillon Radunz;Peter Skoronski;Jaelyn Duncan;Kevin Rader;Trevon Wesco;DeAndre Hopkins;Nick Westbrook-Ikhine,00-0034356;00-0035665;00-0036220;00-0037203;00-0034723;00-0033579;00-0032437;00-0034302;00-0035713;00-0037043;00-0038475,Donte Jackson;David Long;Derrick Brown;LaBryan Ray;Nick Thurman;Xavier Woods;Kamu Grugier-Hill;Frankie Luvu;Brian Burns;Amare Barno;Alex Cook
2023_12_CAR_TEN,3868,timeout,0.0,,,,4.0,197.0,,6.0,3:17,3:11,CAR,17.0,10.0,,0.0,,,,,,,,,,,,
2023_12_CAR_TEN,3885,no_play,0.0,49.0,49.0,TEN,4.0,191.0,49.0,0.0,3:11,3:11,,17.0,10.0,3.0,5.0,"3 CB, 2 DE, 1 FS, 2 ILB, 2 OLB, 1 SS",CB;CB;CB;DE;DE;FS;ILB;ILB;OLB;OLB;SS,11,0,0,,,False,00-0033221;00-0036171;00-0039152;00-0039032;00-0036619;00-0039034;00-0038607;00-0037809;00-0030564;00-0032398;00-0037273,Daniel Brunskill;Aaron Brewer;Will Levis;Tyjae Spears;Dillon Radunz;Peter Skoronski;Jaelyn Duncan;Chigoziem Okonkwo;DeAndre Hopkins;Chris Moore;Kyle Philips,00-0031785;00-0034356;00-0035665;00-0031795;00-0036220;00-0033579;00-0032388;00-0034302;00-0034382;00-0035713;00-0038475,Troy Hill;Donte Jackson;David Long;DeShawn Williams;Derrick Brown;Xavier Woods;Deion Jones;Frankie Luvu;Marquis Haynes;Brian Burns;Alex Cook
2023_12_CAR_TEN,3897,timeout,0.0,,,,4.0,191.0,,0.0,3:11,3:11,CAR,17.0,10.0,,0.0,,,,,,,,,,,,
2023_12_CAR_TEN,3916,pass,1.0,54.0,53.0,TEN,4.0,191.0,54.0,5.0,3:11,3:06,,17.0,10.0,3.0,10.0,"3 CB, 1 DE, 1 FS, 2 ILB, 2 OLB, 2 SS",CB;CB;CB;DE;FS;ILB;ILB;OLB;OLB;SS;SS,11,5,4,MAN_COVERAGE,COVER_1,False,00-0033221;00-0036171;00-0039152;00-0039032;00-0036619;00-0039034;00-0038607;00-0038589;00-0030564;00-0032398;00-0037273,Daniel Brunskill;Aaron Brewer;Will Levis;Tyjae Spears;Dillon Radunz;Peter Skoronski;Jaelyn Duncan;Josh Whyle;DeAndre Hopkins;Chris Moore;Kyle Philips,00-0031785;00-0034356;00-0035665;00-0036220;00-0033579;00-0032388;00-0034302;00-0034382;00-0035713;00-0038587;00-0038475,Troy Hill;Donte Jackson;David Long;Derrick Brown;Xavier Woods;Deion Jones;Frankie Luvu;Marquis Haynes;Brian Burns;Jammie Robinson;Alex Cook
2023_12_CAR_TEN,3945,punt,0.0,53.0,53.0,TEN,4.0,186.0,53.0,0.0,3:06,3:06,,17.0,10.0,4.0,9.0,"2 CB, 1 DE, 1 ILB, 2 OLB, 3 SS, 1 TE, 1 WR",CB;CB;DE;ILB;OLB;OLB;SS;SS;SS;TE;WR,11,0,0,,,False,00-0035632;00-0033659;00-0037596;00-0027557;00-0035413;00-0037607;00-0034193;00-0037809;00-0038589;00-0032398;00-0036182,Amani Hooker;Joseph Jones;Jack Gibbens;Morgan Cox;Luke Gifford;Ryan Stonehouse;Kevin Rader;Chigoziem Okonkwo;Josh Whyle;Chris Moore;Nick Westbrook-Ikhine,00-0036152;00-0038877;00-0037203;00-0034500;00-0037043;00-0038782;00-0036037;00-0038587;00-0038475;00-0036438;00-0036635,Lamar Jackson;D'Shawn Jamison;LaBryan Ray;Tae Davis;Amare Barno;Eku Leota;Sam Franklin;Jammie Robinson;Alex Cook;Stephen Sullivan;Ihmir Smith-Marsette
2023_12_CAR_TEN,3957,timeout,0.0,,,,4.0,186.0,,9.0,3:06,2:57,CAR,17.0,10.0,,0.0,,,,,,,,,,,,
2023_12_CAR_TEN,3979,pass,3.0,80.0,77.0,CAR,4.0,177.0,80.0,5.0,2:57,2:52,,17.0,10.0,1.0,10.0,"4 CB, 1 DE, 1 DT, 2 FS, 1 ILB, 2 OLB",CB;CB;CB;CB;DE;DT;FS;FS;ILB;OLB;OLB,11,4,4,ZONE_COVERAGE,COVER_3,False,00-0034281;00-0038775;00-0039150;00-0036555;00-0033284;00-0035743;00-0037229;00-0036438;00-0030035;00-0034777;00-0039062,Bradley Bozeman;Nash Jensen;Bryce Young;Chuba Hubbard;Taylor Moton;Brett Toth;Ikem Ekwonu;Stephen Sullivan;Adam Thielen;D.J. Chark;Jonathan Mingo,00-0035239;00-0036416;00-0036992;00-0038125;00-0031254;00-0035643;00-0035632;00-0036395;00-0035166;00-0034828;00-0034825,Sean Murphy-Bunting;Kristian Fulton;Elijah Molden;Roger McCreary;Denico Autry;Jeffery Simmons;Amani Hooker;K'Von Wallace;Azeez Al-Shaair;Harold Landry;Arden Key
2023_12_CAR_TEN,4009,pass,-8.0,77.0,85.0,CAR,4.0,172.0,77.0,31.0,2:52,2:21,,17.0,10.0,2.0,7.0,"4 CB, 1 DE, 1 DT, 2 FS, 1 ILB, 2 OLB",CB;CB;CB;CB;DE;DT;FS;FS;ILB;OLB;OLB,11,4,4,MAN_COVERAGE,COVER_1,True,00-0034281;00-0038775;00-0039150;00-0036555;00-0033284;00-0035743;00-0037229;00-0036438;00-0030035;00-0034777;00-0039062,Bradley Bozeman;Nash Jensen;Bryce Young;Chuba Hubbard;Taylor Moton;Brett Toth;Ikem Ekwonu;Stephen Sullivan;Adam Thielen;D.J. Chark;Jonathan Mingo,00-0035239;00-0036416;00-0036992;00-0038125;00-0031254;00-0035643;00-0035632;00-0036395;00-0035166;00-0034828;00-0034825,Sean Murphy-Bunting;Kristian Fulton;Elijah Molden;Roger McCreary;Denico Autry;Jeffery Simmons;Amani Hooker;K'Von Wallace;Azeez Al-Shaair;Harold Landry;Arden Key
2023_12_CAR_TEN,4029,pass,9.0,85.0,76.0,CAR,4.0,141.0,85.0,21.0,2:21,2:00,,17.0,10.0,3.0,15.0,"4 CB, 1 DE, 1 DT, 2 FS, 1 ILB, 2 OLB",CB;CB;CB;CB;DE;DT;FS;FS;ILB;OLB;OLB,11,4,4,ZONE_COVERAGE,COVER_3,False,00-0034281;00-0038775;00-0039150;00-0036555;00-0033284;00-0035743;00-0037229;00-0034365;00-0030035;00-0034777;00-0039062,Bradley Bozeman;Nash Jensen;Bryce Young;Chuba Hubbard;Taylor Moton;Brett Toth;Ikem Ekwonu;Ian Thomas;Adam Thielen;D.J. Chark;Jonathan Mingo,00-0035239;00-0036416;00-0036992;00-0038125;00-0031254;00-0035643;00-0035632;00-0036395;00-0035166;00-0034828;00-0034825,Sean Murphy-Bunting;Kristian Fulton;Elijah Molden;Roger McCreary;Denico Autry;Jeffery Simmons;Amani Hooker;K'Von Wallace;Azeez Al-Shaair;Harold Landry;Arden Key
2023_12_CAR_TEN,4054,pass,0.0,76.0,76.0,CAR,4.0,120.0,76.0,5.0,2:00,1:55,,17.0,10.0,4.0,6.0,"4 CB, 1 DE, 1 DT, 2 FS, 1 ILB, 2 OLB",CB;CB;CB;CB;DE;DT;FS;FS;ILB;OLB;OLB,11,5,5,MAN_COVERAGE,COVER_1,True,00-0034281;00-0038775;00-0039150;00-0036555;00-0033284;00-0035743;00-0037229;00-0036438;00-0030035;00-0034777;00-0039062,Bradley Bozeman;Nash Jensen;Bryce Young;Chuba Hubbard;Taylor Moton;Brett Toth;Ikem Ekwonu;Stephen Sullivan;Adam Thielen;D.J. Chark;Jonathan Mingo,00-0035239;00-0036416;00-0036992;00-0038125;00-0031254;00-0035643;00-0035632;00-0036395;00-0035166;00-0034828;00-0034825,Sean Murphy-Bunting;Kristian Fulton;Elijah Molden;Roger McCreary;Denico Autry;Jeffery Simmons;Amani Hooker;K'Von Wallace;Azeez Al-Shaair;Harold Landry;Arden Key
2023_12_CAR_TEN,4086,qb_kneel,-1.0,24.0,25.0,TEN,4.0,115.0,24.0,42.0,1:55,1:13,,17.0,10.0,1.0,10.0,"2 CB, 2 DE, 1 DT, 1 FS, 2 ILB, 2 OLB, 1 SS",CB;CB;DE;DE;DT;FS;ILB;ILB;OLB;OLB;SS,11,0,0,,,False,00-0033221;00-0036171;00-0039152;00-0039032;00-0036619;00-0039034;00-0038607;00-0034193;00-0035259;00-0037809;00-0038632,Daniel Brunskill;Aaron Brewer;Will Levis;Tyjae Spears;Dillon Radunz;Peter Skoronski;Jaelyn Duncan;Kevin Rader;Trevon Wesco;Chigoziem Okonkwo;Colton Dowell,00-0034356;00-0035665;00-0036220;00-0037203;00-0035409;00-0033579;00-0032437;00-0034302;00-0035713;00-0037043;00-0038475,Donte Jackson;David Long;Derrick Brown;LaBryan Ray;Shy Tuttle;Xavier Woods;Kamu Grugier-Hill;Frankie Luvu;Brian Burns;Amare Barno;Alex Cook
2023_12_CAR_TEN,4108,qb_kneel,-1.0,25.0,26.0,TEN,4.0,73.0,25.0,37.0,1:13,0:36,,17.0,10.0,2.0,11.0,"2 CB, 2 DE, 1 DT, 1 FS, 2 ILB, 2 OLB, 1 SS",CB;CB;DE;DE;DT;FS;ILB;ILB;OLB;OLB;SS,11,0,0,,,False,00-0033221;00-0036171;00-0039152;00-0039032;00-0036619;00-0039034;00-0038607;00-0034193;00-0035259;00-0037809;00-0038632,Daniel Brunskill;Aaron Brewer;Will Levis;Tyjae Spears;Dillon Radunz;Peter Skoronski;Jaelyn Duncan;Kevin Rader;Trevon Wesco;Chigoziem Okonkwo;Colton Dowell,00-0034356;00-0035665;00-0036220;00-0037203;00-0035409;00-0033579;00-0032437;00-0034302;00-0035713;00-0037043;00-0038475,Donte Jackson;David Long;Derrick Brown;LaBryan Ray;Shy Tuttle;Xavier Woods;Kamu Grugier-Hill;Frankie Luvu;Brian Burns;Amare Barno;Alex Cook
2023_12_CAR_TEN,4130,qb_kneel,-1.0,26.0,27.0,TEN,4.0,36.0,26.0,36.0,0:36,0:00,,17.0,10.0,3.0,12.0,"2 CB, 2 DE, 1 DT, 1 FS, 2 ILB, 2 OLB, 1 SS",CB;CB;DE;DE;DT;FS;ILB;ILB;OLB;OLB;SS,11,0,0,,,False,00-0033221;00-0036171;00-0039152;00-0039032;00-0036619;00-0039034;00-0038607;00-0034193;00-0035259;00-0037809;00-0038632,Daniel Brunskill;Aaron Brewer;Will Levis;Tyjae Spears;Dillon Radunz;Peter Skoronski;Jaelyn Duncan;Kevin Rader;Trevon Wesco;Chigoziem Okonkwo;Colton Dowell,00-0034356;00-0035665;00-0036220;00-0037203;00-0035409;00-0033579;00-0032437;00-0034302;00-0035713;00-0037043;00-0038475,Donte Jackson;David Long;Derrick Brown;LaBryan Ray;Shy Tuttle;Xavier Woods;Kamu Grugier-Hill;Frankie Luvu;Brian Burns;Amare Barno;Alex Cook
2023_12_CAR_TEN,4153,end_game,,,,TEN,4.0,0.0,,0.0,0:00,0:00,,17.0,10.0,,0.0,,,,,,,,,,,,
