game_id,play_id,play_type,yards_gained,starting_yard,ending_yard,time_of_play,time_on_clock_start,time_on_clock_end,timeout_team,home_team_score,away_team_score,down,yds_to_go,defense_personnel,defense_positions,n_defense,defenders_in_box,number_of_pass_rushers,defense_man_zone_type,defense_coverage_type,was_pressure,offense_player_ids,offense_player_names,defense_player_ids,defense_player_names
2019_10_SEA_SF,1,start_quarter_1,,,,0.0,15:00,15:00,,0.0,0.0,,0.0,,,0,,,,,,,,,
2019_10_SEA_SF,36,kickoff,0.0,35.0,35.0,0.0,15:00,15:00,,0.0,0.0,,0.0,,;;;;;;;;;;,11,,,,,,00-0028292;00-0029329;00-0034755;00-0030484;00-0035142;00-0035594;00-0035143;00-0034867;00-0035139;00-0031492;00-0035672,Nick Bellore;Neiko Thorpe;Shaquem Griffin;Jamar Taylor;Ugo Amadi;Travis Homer;Ben Burr-Kirven;Malik Turner;Marquise Blair;Jason Myers;Cody Barton,00-0033307;00-0034286;00-0032413;00-0031298;00-0035166;00-0034730;00-0031961;00-0034263;00-0033973;00-0031687;00-0028903,Kendrick Bourne;Richie James;Ronald Blair;Jimmie Ward;Azeez Al-Shaair;Marcell Harris;Mark Nzeocha;Tarvarius Moore;Elijah Lee;Raheem Mostert;Garrett Celek
2019_10_SEA_SF,51,run,1.0,75.0,74.0,41.0,15:00,14:19,,0.0,0.0,1.0,10.0,"4 DL, 3 LB, 4 DB",;;;;;;;;;;,11,8,,,,,00-0027685;00-0028177;00-0032234;00-0035719;00-0031345;00-0029892;00-0032058;00-0031238;00-0034073;00-0025415;00-0034847,Emmanuel Sanders;Mike Person;Laken Tomlinson;Deebo Samuel Sr.;Jimmy Garoppolo;Kyle Juszczyk;Tevin Coleman;Weston Richburg;Ross Dwelley;Joe Staley;Mike McGlinchey,00-0033926;00-0034756;00-0032387;00-0031364;00-0032416;00-0030161;00-0031608;00-0029409;00-0029255;00-0028037;00-0034234,Shaquill Griffin;Tre Flowers;Jarran Reed;Jadeveon Clowney;Quinton Jefferson;Bradley McDougald;Quandre Diggs;Mychal Kendricks;Bobby Wagner;K.J. Wright;Poona Ford
2019_10_SEA_SF,72,run,-1.0,74.0,75.0,34.0,14:19,13:45,,0.0,0.0,2.0,9.0,"4 DL, 3 LB, 4 DB",;;;;;;;;;;,11,7,,,,,00-0027685;00-0028177;00-0032234;00-0031345;00-0035719;00-0029892;00-0032058;00-0031238;00-0034073;00-0025415;00-0034847,Emmanuel Sanders;Mike Person;Laken Tomlinson;Jimmy Garoppolo;Deebo Samuel Sr.;Kyle Juszczyk;Tevin Coleman;Weston Richburg;Ross Dwelley;Joe Staley;Mike McGlinchey,00-0033926;00-0034756;00-0032387;00-0031364;00-0032416;00-0030161;00-0031608;00-0029409;00-0029255;00-0028037;00-0034234,Shaquill Griffin;Tre Flowers;Jarran Reed;Jadeveon Clowney;Quinton Jefferson;Bradley McDougald;Quandre Diggs;Mychal Kendricks;Bobby Wagner;K.J. Wright;Poona Ford
2019_10_SEA_SF,93,pass,16.0,75.0,59.0,47.0,13:45,12:58,,0.0,0.0,3.0,10.0,"4 DL, 2 LB, 5 DB",;;;;;;;;;;,11,7,4,MAN_COVERAGE,COVER_1,False,00-0027685;00-0033307;00-0028177;00-0032234;00-0031345;00-0035719;00-0032058;00-0031238;00-0034073;00-0025415;00-0034847,Emmanuel Sanders;Kendrick Bourne;Mike Person;Laken Tomlinson;Jimmy Garoppolo;Deebo Samuel Sr.;Tevin Coleman;Weston Richburg;Ross Dwelley;Joe Staley;Mike McGlinchey,00-0030484;00-0033926;00-0034756;00-0032387;00-0031364;00-0032416;00-0030161;00-0030059;00-0031608;00-0029255;00-0028037,Jamar Taylor;Shaquill Griffin;Tre Flowers;Jarran Reed;Jadeveon Clowney;Quinton Jefferson;Bradley McDougald;Ezekiel Ansah;Quandre Diggs;Bobby Wagner;K.J. Wright
2019_10_SEA_SF,117,no_play,0.0,59.0,59.0,20.0,12:58,12:38,,0.0,0.0,1.0,10.0,"4 DL, 3 LB, 4 DB",;;;;;;;;;;,11,,,,,,00-0029892;00-0034847;00-0028903;00-0032058;00-0025415;00-0028177;00-0027685;00-0030068;00-0031345;00-0032234;00-0031238,Kyle Juszczyk;Mike McGlinchey;Garrett Celek;Tevin Coleman;Joe Staley;Mike Person;Emmanuel Sanders;Marquise Goodwin;Jimmy Garoppolo;Laken Tomlinson;Weston Richburg,00-0029255;00-0032387;00-0031608;00-0031364;00-0034234;00-0030161;00-0028037;00-0033926;00-0032416;00-0029409;00-0034756,Bobby Wagner;Jarran Reed;Quandre Diggs;Jadeveon Clowney;Poona Ford;Bradley McDougald;K.J. Wright;Shaquill Griffin;Quinton Jefferson;Mychal Kendricks;Tre Flowers
2019_10_SEA_SF,144,pass,0.0,54.0,54.0,5.0,12:38,12:33,,0.0,0.0,1.0,5.0,"4 DL, 3 LB, 4 DB",;;;;;;;;;;,11,8,4,ZONE_COVERAGE,COVER_3,True,00-0029892;00-0034847;00-0028903;00-0032058;00-0025415;00-0028177;00-0027685;00-0030068;00-0031238;00-0031345;00-0032234,Kyle Juszczyk;Mike McGlinchey;Garrett Celek;Tevin Coleman;Joe Staley;Mike Person;Emmanuel Sanders;Marquise Goodwin;Weston Richburg;Jimmy Garoppolo;Laken Tomlinson,00-0029255;00-0031608;00-0031364;00-0034234;00-0030161;00-0028037;00-0033926;00-0027723;00-0032416;00-0029409;00-0034756,Bobby Wagner;Quandre Diggs;Jadeveon Clowney;Poona Ford;Bradley McDougald;K.J. Wright;Shaquill Griffin;Al Woods;Quinton Jefferson;Mychal Kendricks;Tre Flowers
2019_10_SEA_SF,166,pass,0.0,54.0,54.0,6.0,12:33,12:27,,0.0,0.0,2.0,5.0,"4 DL, 3 LB, 4 DB",;;;;;;;;;;,11,8,4,MAN_COVERAGE,COVER_1,True,00-0029892;00-0034847;00-0028903;00-0032058;00-0025415;00-0028177;00-0027685;00-0030068;00-0031345;00-0032234;00-0031238,Kyle Juszczyk;Mike McGlinchey;Garrett Celek;Tevin Coleman;Joe Staley;Mike Person;Emmanuel Sanders;Marquise Goodwin;Jimmy Garoppolo;Laken Tomlinson;Weston Richburg,00-0029255;00-0031608;00-0031364;00-0034234;00-0030161;00-0028037;00-0033926;00-0027723;00-0033024;00-0029409;00-0034756,Bobby Wagner;Quandre Diggs;Jadeveon Clowney;Poona Ford;Bradley McDougald;K.J. Wright;Shaquill Griffin;Al Woods;Branden Jackson;Mychal Kendricks;Tre Flowers
2019_10_SEA_SF,188,no_play,0.0,54.0,54.0,8.0,12:27,12:19,,0.0,0.0,3.0,5.0,"4 DL, 2 LB, 5 DB",;;;;;;;;;;,11,6,,,,,00-0034847;00-0034073;00-0032058;00-0025415;00-0033307;00-0035719;00-0028177;00-0027685;00-0031345;00-0031238;00-0032234,Mike McGlinchey;Ross Dwelley;Tevin Coleman;Joe Staley;Kendrick Bourne;Deebo Samuel Sr.;Mike Person;Emmanuel Sanders;Jimmy Garoppolo;Weston Richburg;Laken Tomlinson,00-0029255;00-0032387;00-0031608;00-0031364;00-0030161;00-0028037;00-0033926;00-0032416;00-0030484;00-0030059;00-0034756,Bobby Wagner;Jarran Reed;Quandre Diggs;Jadeveon Clowney;Bradley McDougald;K.J. Wright;Shaquill Griffin;Quinton Jefferson;Jamar Taylor;Ezekiel Ansah;Tre Flowers
2019_10_SEA_SF,225,pass,0.0,49.0,49.0,3.0,12:19,12:16,,0.0,0.0,1.0,10.0,"4 DL, 3 LB, 4 DB",;;;;;;;;;;,11,7,4,MAN_COVERAGE,COVER_1,False,00-0029892;00-0033308;00-0034847;00-0034073;00-0025415;00-0035719;00-0028177;00-0027685;00-0031345;00-0032234;00-0031238,Kyle Juszczyk;Matt Breida;Mike McGlinchey;Ross Dwelley;Joe Staley;Deebo Samuel Sr.;Mike Person;Emmanuel Sanders;Jimmy Garoppolo;Laken Tomlinson;Weston Richburg,00-0029255;00-0031608;00-0034831;00-0034234;00-0030161;00-0028037;00-0033926;00-0027723;00-0033024;00-0029409;00-0034756,Bobby Wagner;Quandre Diggs;Rasheem Green;Poona Ford;Bradley McDougald;K.J. Wright;Shaquill Griffin;Al Woods;Branden Jackson;Mychal Kendricks;Tre Flowers
2019_10_SEA_SF,247,run,4.0,49.0,45.0,32.0,12:16,11:44,,0.0,0.0,2.0,10.0,"4 DL, 3 LB, 4 DB",;;;;;;;;;;,11,7,,,,,00-0029892;00-0033308;00-0034847;00-0034073;00-0025415;00-0028177;00-0027685;00-0030068;00-0031345;00-0032234;00-0031238,Kyle Juszczyk;Matt Breida;Mike McGlinchey;Ross Dwelley;Joe Staley;Mike Person;Emmanuel Sanders;Marquise Goodwin;Jimmy Garoppolo;Laken Tomlinson;Weston Richburg,00-0029255;00-0031608;00-0034831;00-0034234;00-0030161;00-0028037;00-0033926;00-0027723;00-0033024;00-0029409;00-0034756,Bobby Wagner;Quandre Diggs;Rasheem Green;Poona Ford;Bradley McDougald;K.J. Wright;Shaquill Griffin;Al Woods;Branden Jackson;Mychal Kendricks;Tre Flowers
2019_10_SEA_SF,273,no_play,0.0,45.0,45.0,31.0,11:44,11:13,,0.0,0.0,3.0,6.0,"4 DL, 2 LB, 5 DB",;;;;;;;;;;,11,7,,,,,00-0034847;00-0034073;00-0032058;00-0025415;00-0033307;00-0035719;00-0028177;00-0027685;00-0031345;00-0031238;00-0032234,Mike McGlinchey;Ross Dwelley;Tevin Coleman;Joe Staley;Kendrick Bourne;Deebo Samuel Sr.;Mike Person;Emmanuel Sanders;Jimmy Garoppolo;Weston Richburg;Laken Tomlinson,00-0029255;00-0032387;00-0031608;00-0031364;00-0030161;00-0033926;00-0032416;00-0030484;00-0029409;00-0030059;00-0034756,Bobby Wagner;Jarran Reed;Quandre Diggs;Jadeveon Clowney;Bradley McDougald;Shaquill Griffin;Quinton Jefferson;Jamar Taylor;Mychal Kendricks;Ezekiel Ansah;Tre Flowers
2019_10_SEA_SF,308,pass,-2.0,40.0,42.0,46.0,11:13,10:27,,0.0,0.0,1.0,10.0,"4 DL, 3 LB, 4 DB",;;;;;;;;;;,11,7,5,,,,00-0033308;00-0034847;00-0034073;00-0025415;00-0033307;00-0035719;00-0028177;00-0027685;00-0031345;00-0032234;00-0031238,Matt Breida;Mike McGlinchey;Ross Dwelley;Joe Staley;Kendrick Bourne;Deebo Samuel Sr.;Mike Person;Emmanuel Sanders;Jimmy Garoppolo;Laken Tomlinson;Weston Richburg,00-0029255;00-0032387;00-0031608;00-0031364;00-0030161;00-0028037;00-0033926;00-0027723;00-0032416;00-0029409;00-0034756,Bobby Wagner;Jarran Reed;Quandre Diggs;Jadeveon Clowney;Bradley McDougald;K.J. Wright;Shaquill Griffin;Al Woods;Quinton Jefferson;Mychal Kendricks;Tre Flowers
2019_10_SEA_SF,327,pass,12.0,42.0,30.0,41.0,10:27,9:46,,0.0,0.0,2.0,12.0,"4 DL, 3 LB, 4 DB",;;;;;;;;;;,11,7,5,MAN_COVERAGE,COVER_1,False,00-0033308;00-0034847;00-0034073;00-0025415;00-0033307;00-0035719;00-0028177;00-0027685;00-0031345;00-0032234;00-0031238,Matt Breida;Mike McGlinchey;Ross Dwelley;Joe Staley;Kendrick Bourne;Deebo Samuel Sr.;Mike Person;Emmanuel Sanders;Jimmy Garoppolo;Laken Tomlinson;Weston Richburg,00-0032387;00-0029255;00-0031608;00-0031364;00-0030161;00-0028037;00-0033926;00-0027723;00-0032416;00-0029409;00-0034756,Jarran Reed;Bobby Wagner;Quandre Diggs;Jadeveon Clowney;Bradley McDougald;K.J. Wright;Shaquill Griffin;Al Woods;Quinton Jefferson;Mychal Kendricks;Tre Flowers
2019_10_SEA_SF,355,pass,5.0,30.0,25.0,38.0,9:46,9:08,,0.0,0.0,1.0,10.0,"4 DL, 3 LB, 4 DB",;;;;;;;;;;,11,7,4,ZONE_COVERAGE,COVER_4,False,00-0033308;00-0034847;00-0034073;00-0025415;00-0033307;00-0028177;00-0027685;00-0030068;00-0031345;00-0031238;00-0032234,Matt Breida;Mike McGlinchey;Ross Dwelley;Joe Staley;Kendrick Bourne;Mike Person;Emmanuel Sanders;Marquise Goodwin;Jimmy Garoppolo;Weston Richburg;Laken Tomlinson,00-0029255;00-0032387;00-0031608;00-0031364;00-0030161;00-0028037;00-0033926;00-0027723;00-0033024;00-0029409;00-0034756,Bobby Wagner;Jarran Reed;Quandre Diggs;Jadeveon Clowney;Bradley McDougald;K.J. Wright;Shaquill Griffin;Al Woods;Branden Jackson;Mychal Kendricks;Tre Flowers
2019_10_SEA_SF,379,run,0.0,25.0,25.0,39.0,9:08,8:29,,0.0,0.0,2.0,5.0,"4 DL, 3 LB, 4 DB",;;;;;;;;;;,11,7,,,,,00-0033308;00-0034847;00-0034073;00-0025415;00-0033307;00-0035719;00-0028177;00-0027685;00-0031345;00-0032234;00-0031238,Matt Breida;Mike McGlinchey;Ross Dwelley;Joe Staley;Kendrick Bourne;Deebo Samuel Sr.;Mike Person;Emmanuel Sanders;Jimmy Garoppolo;Laken Tomlinson;Weston Richburg,00-0032387;00-0029255;00-0031608;00-0034831;00-0034234;00-0030161;00-0028037;00-0033926;00-0033024;00-0029409;00-0034756,Jarran Reed;Bobby Wagner;Quandre Diggs;Rasheem Green;Poona Ford;Bradley McDougald;K.J. Wright;Shaquill Griffin;Branden Jackson;Mychal Kendricks;Tre Flowers
2019_10_SEA_SF,404,pass,0.0,25.0,25.0,5.0,8:29,8:24,,0.0,0.0,3.0,5.0,"4 DL, 2 LB, 5 DB",;;;;;;;;;;,11,7,6,MAN_COVERAGE,COVER_1,True,00-0034847;00-0034073;00-0032058;00-0025415;00-0033307;00-0028177;00-0027685;00-0030068;00-0031345;00-0032234;00-0031238,Mike McGlinchey;Ross Dwelley;Tevin Coleman;Joe Staley;Kendrick Bourne;Mike Person;Emmanuel Sanders;Marquise Goodwin;Jimmy Garoppolo;Laken Tomlinson;Weston Richburg,00-0029255;00-0032387;00-0031608;00-0031364;00-0030161;00-0028037;00-0033926;00-0032416;00-0030484;00-0030059;00-0034756,Bobby Wagner;Jarran Reed;Quandre Diggs;Jadeveon Clowney;Bradley McDougald;K.J. Wright;Shaquill Griffin;Quinton Jefferson;Jamar Taylor;Ezekiel Ansah;Tre Flowers
2019_10_SEA_SF,426,field_goal,0.0,25.0,25.0,5.0,8:24,8:19,,3.0,0.0,4.0,5.0,,;;;;;;;;;;,11,,,,,,00-0034847;00-0033221;00-0028374;00-0035358;00-0028177;00-0032164;00-0032378;00-0034941;00-0033297;00-0032234;00-0031238,Mike McGlinchey;Daniel Brunskill;Kyle Nelson;Chase McLaughlin;Mike Person;Arik Armstead;DeForest Buckner;Mitch Wishnowsky;D.J. Jones;Laken Tomlinson;Weston Richburg,00-0032387;00-0029255;00-0034831;00-0034234;00-0030161;00-0028037;00-0033926;00-0032416;00-0029409;00-0035139;00-0034756,Jarran Reed;Bobby Wagner;Rasheem Green;Poona Ford;Bradley McDougald;K.J. Wright;Shaquill Griffin;Quinton Jefferson;Mychal Kendricks;Marquise Blair;Tre Flowers
2019_10_SEA_SF,449,kickoff,0.0,35.0,35.0,0.0,8:19,8:19,,3.0,0.0,,0.0,,;;;;;;;;;;,11,,,,,,00-0032057;00-0031687;00-0034730;00-0031961;00-0033973;00-0034384;00-0034941;00-0035166;00-0034263;00-0031298;00-0034286,Jaquiski Tartt;Raheem Mostert;Marcell Harris;Mark Nzeocha;Elijah Lee;D.J. Reed;Mitch Wishnowsky;Azeez Al-Shaair;Tarvarius Moore;Jimmie Ward;Richie James,00-0034867;00-0034755;00-0035142;00-0032211;00-0030089;00-0033387;00-0035672;00-0033589;00-0028292;00-0029329;00-0035143,Malik Turner;Shaquem Griffin;Ugo Amadi;Tyler Lockett;Luke Willson;Jacob Hollister;Cody Barton;David Moore;Nick Bellore;Neiko Thorpe;Ben Burr-Kirven
2019_10_SEA_SF,464,run,3.0,75.0,72.0,38.0,8:19,7:41,,3.0,0.0,1.0,10.0,"4 DL, 2 LB, 5 DB",;;;;;;;;;;,11,6,,,,,00-0030505;00-0032384;00-0026166;00-0032211;00-0030089;00-0029263;00-0033589;00-0033594;00-0032443;00-0035640;00-0027869,D.J. Fluker;Germain Ifedi;Duane Brown;Tyler Lockett;Luke Willson;Russell Wilson;David Moore;Chris Carson;Joey Hunt;DK Metcalf;Mike Iupati,00-0032057;00-0035717;00-0032164;00-0032378;00-0034815;00-0028092;00-0034096;00-0031253;00-0034982;00-0031298;00-0033297,Jaquiski Tartt;Nick Bosa;Arik Armstead;DeForest Buckner;Fred Warner;Richard Sherman;Emmanuel Moseley;K'Waun Williams;Dre Greenlaw;Jimmie Ward;D.J. Jones
2019_10_SEA_SF,485,pass,5.0,72.0,67.0,38.0,7:41,7:03,,3.0,0.0,2.0,7.0,"4 DL, 2 LB, 5 DB",;;;;;;;;;;,11,7,4,ZONE_COVERAGE,COVER_3,False,00-0030505;00-0032384;00-0032211;00-0026166;00-0029263;00-0030089;00-0033387;00-0033594;00-0032443;00-0035640;00-0027869,D.J. Fluker;Germain Ifedi;Tyler Lockett;Duane Brown;Russell Wilson;Luke Willson;Jacob Hollister;Chris Carson;Joey Hunt;DK Metcalf;Mike Iupati,00-0032057;00-0035717;00-0032164;00-0032378;00-0034815;00-0028092;00-0034096;00-0031253;00-0034982;00-0031298;00-0033297,Jaquiski Tartt;Nick Bosa;Arik Armstead;DeForest Buckner;Fred Warner;Richard Sherman;Emmanuel Moseley;K'Waun Williams;Dre Greenlaw;Jimmie Ward;D.J. Jones
2019_10_SEA_SF,509,pass,-7.0,67.0,74.0,39.0,7:03,6:24,,3.0,0.0,3.0,2.0,"4 DL, 2 LB, 5 DB",;;;;;;;;;;,11,7,7,,,,00-0034867;00-0030505;00-0032384;00-0026166;00-0032211;00-0030089;00-0029263;00-0033594;00-0032443;00-0035640;00-0027869,Malik Turner;D.J. Fluker;Germain Ifedi;Duane Brown;Tyler Lockett;Luke Willson;Russell Wilson;Chris Carson;Joey Hunt;DK Metcalf;Mike Iupati,00-0032057;00-0035717;00-0032164;00-0032378;00-0034815;00-0028092;00-0034096;00-0031253;00-0034982;00-0031298;00-0033297,Jaquiski Tartt;Nick Bosa;Arik Armstead;DeForest Buckner;Fred Warner;Richard Sherman;Emmanuel Moseley;K'Waun Williams;Dre Greenlaw;Jimmie Ward;D.J. Jones
2019_10_SEA_SF,532,punt,0.0,74.0,74.0,7.0,6:24,6:17,,3.0,0.0,4.0,9.0,,;;;;;;;;;;,11,,,,,,00-0035142;00-0030089;00-0033387;00-0035594;00-0035672;00-0034160;00-0033024;00-0031156;00-0029329;00-0028292;00-0035143,Ugo Amadi;Luke Willson;Jacob Hollister;Travis Homer;Cody Barton;Michael Dickson;Branden Jackson;Tyler Ott;Neiko Thorpe;Nick Bellore;Ben Burr-Kirven,00-0032057;00-0028903;00-0033307;00-0034730;00-0031961;00-0033973;00-0034384;00-0034096;00-0035166;00-0034263;00-0034286,Jaquiski Tartt;Garrett Celek;Kendrick Bourne;Marcell Harris;Mark Nzeocha;Elijah Lee;D.J. Reed;Emmanuel Moseley;Azeez Al-Shaair;Tarvarius Moore;Richie James
2019_10_SEA_SF,550,pass,30.0,83.0,53.0,29.0,6:17,5:48,,3.0,0.0,1.0,10.0,"4 DL, 3 LB, 4 DB",;;;;;;;;;;,11,8,4,MAN_COVERAGE,COVER_1,False,00-0034847;00-0028903;00-0034073;00-0032058;00-0025415;00-0035719;00-0028177;00-0027685;00-0032234;00-0031238;00-0031345,Mike McGlinchey;Garrett Celek;Ross Dwelley;Tevin Coleman;Joe Staley;Deebo Samuel Sr.;Mike Person;Emmanuel Sanders;Laken Tomlinson;Weston Richburg;Jimmy Garoppolo,00-0029255;00-0031608;00-0034831;00-0034234;00-0030161;00-0028037;00-0033926;00-0027723;00-0033024;00-0029409;00-0034756,Bobby Wagner;Quandre Diggs;Rasheem Green;Poona Ford;Bradley McDougald;K.J. Wright;Shaquill Griffin;Al Woods;Branden Jackson;Mychal Kendricks;Tre Flowers
2019_10_SEA_SF,578,no_play,0.0,53.0,53.0,10.0,5:48,5:38,,3.0,0.0,1.0,10.0,"4 DL, 3 LB, 4 DB",;;;;;;;;;;,11,,,,,,00-0034847;00-0028903;00-0034073;00-0032058;00-0025415;00-0035719;00-0028177;00-0027685;00-0031345;00-0032234;00-0031238,Mike McGlinchey;Garrett Celek;Ross Dwelley;Tevin Coleman;Joe Staley;Deebo Samuel Sr.;Mike Person;Emmanuel Sanders;Jimmy Garoppolo;Laken Tomlinson;Weston Richburg,00-0029255;00-0031608;00-0034831;00-0034234;00-0030161;00-0028037;00-0033926;00-0027723;00-0033024;00-0029329;00-0029409,Bobby Wagner;Quandre Diggs;Rasheem Green;Poona Ford;Bradley McDougald;K.J. Wright;Shaquill Griffin;Al Woods;Branden Jackson;Neiko Thorpe;Mychal Kendricks
2019_10_SEA_SF,605,run,22.0,48.0,26.0,35.0,5:38,5:03,,3.0,0.0,1.0,5.0,"4 DL, 3 LB, 4 DB",;;;;;;;;;;,11,8,,,,,00-0029892;00-0034847;00-0034073;00-0032058;00-0025415;00-0035719;00-0028177;00-0027685;00-0031345;00-0031238;00-0032234,Kyle Juszczyk;Mike McGlinchey;Ross Dwelley;Tevin Coleman;Joe Staley;Deebo Samuel Sr.;Mike Person;Emmanuel Sanders;Jimmy Garoppolo;Weston Richburg;Laken Tomlinson,00-0029255;00-0031608;00-0034831;00-0034234;00-0030161;00-0028037;00-0033926;00-0027723;00-0033024;00-0029329;00-0029409,Bobby Wagner;Quandre Diggs;Rasheem Green;Poona Ford;Bradley McDougald;K.J. Wright;Shaquill Griffin;Al Woods;Branden Jackson;Neiko Thorpe;Mychal Kendricks
2019_10_SEA_SF,626,run,2.0,26.0,24.0,40.0,5:03,4:23,,3.0,0.0,1.0,10.0,"4 DL, 3 LB, 4 DB",;;;;;;;;;;,11,8,,,,,00-0029892;00-0034847;00-0034073;00-0032058;00-0025415;00-0035719;00-0028177;00-0027685;00-0032234;00-0031238;00-0031345,Kyle Juszczyk;Mike McGlinchey;Ross Dwelley;Tevin Coleman;Joe Staley;Deebo Samuel Sr.;Mike Person;Emmanuel Sanders;Laken Tomlinson;Weston Richburg;Jimmy Garoppolo,00-0029255;00-0031608;00-0034831;00-0034234;00-0030161;00-0028037;00-0033926;00-0027723;00-0033024;00-0029329;00-0029409,Bobby Wagner;Quandre Diggs;Rasheem Green;Poona Ford;Bradley McDougald;K.J. Wright;Shaquill Griffin;Al Woods;Branden Jackson;Neiko Thorpe;Mychal Kendricks
2019_10_SEA_SF,647,pass,12.0,24.0,12.0,43.0,4:23,3:40,,3.0,0.0,2.0,8.0,"4 DL, 3 LB, 4 DB",;;;;;;;;;;,11,7,5,ZONE_COVERAGE,COVER_3,True,00-0029892;00-0033308;00-0034847;00-0034073;00-0025415;00-0035719;00-0028177;00-0027685;00-0031345;00-0032234;00-0031238,Kyle Juszczyk;Matt Breida;Mike McGlinchey;Ross Dwelley;Joe Staley;Deebo Samuel Sr.;Mike Person;Emmanuel Sanders;Jimmy Garoppolo;Laken Tomlinson;Weston Richburg,00-0029255;00-0031608;00-0034831;00-0034234;00-0030161;00-0028037;00-0033926;00-0027723;00-0033024;00-0029329;00-0029409,Bobby Wagner;Quandre Diggs;Rasheem Green;Poona Ford;Bradley McDougald;K.J. Wright;Shaquill Griffin;Al Woods;Branden Jackson;Neiko Thorpe;Mychal Kendricks
2019_10_SEA_SF,671,timeout,0.0,,,0.0,3:40,3:40,SF,3.0,0.0,,0.0,,,0,,,,,,,,,
2019_10_SEA_SF,692,run,3.0,12.0,9.0,37.0,3:40,3:03,,3.0,0.0,1.0,10.0,"4 DL, 3 LB, 4 DB",;;;;;;;;;;,11,8,,,,,00-0029892;00-0033308;00-0034847;00-0034073;00-0025415;00-0033307;00-0035719;00-0028177;00-0031345;00-0032234;00-0031238,Kyle Juszczyk;Matt Breida;Mike McGlinchey;Ross Dwelley;Joe Staley;Kendrick Bourne;Deebo Samuel Sr.;Mike Person;Jimmy Garoppolo;Laken Tomlinson;Weston Richburg,00-0032387;00-0029255;00-0031608;00-0034831;00-0034234;00-0030161;00-0028037;00-0033926;00-0029329;00-0032416;00-0029409,Jarran Reed;Bobby Wagner;Quandre Diggs;Rasheem Green;Poona Ford;Bradley McDougald;K.J. Wright;Shaquill Griffin;Neiko Thorpe;Quinton Jefferson;Mychal Kendricks
2019_10_SEA_SF,713,no_play,0.0,9.0,9.0,21.0,3:03,2:42,,3.0,0.0,2.0,7.0,"4 DL, 3 LB, 4 DB",;;;;;;;;;;,11,,,,,,00-0029892;00-0033308;00-0034847;00-0034073;00-0025415;00-0033307;00-0035719;00-0028177;00-0031345;00-0032234;00-0031238,Kyle Juszczyk;Matt Breida;Mike McGlinchey;Ross Dwelley;Joe Staley;Kendrick Bourne;Deebo Samuel Sr.;Mike Person;Jimmy Garoppolo;Laken Tomlinson;Weston Richburg,00-0032387;00-0029255;00-0031608;00-0034831;00-0034234;00-0030161;00-0028037;00-0033926;00-0029329;00-0032416;00-0029409,Jarran Reed;Bobby Wagner;Quandre Diggs;Rasheem Green;Poona Ford;Bradley McDougald;K.J. Wright;Shaquill Griffin;Neiko Thorpe;Quinton Jefferson;Mychal Kendricks
2019_10_SEA_SF,736,pass,4.0,14.0,10.0,35.0,2:42,2:07,,3.0,0.0,2.0,12.0,"4 DL, 3 LB, 4 DB",;;;;;;;;;;,11,7,6,ZONE_COVERAGE,COVER_3,False,00-0029892;00-0033308;00-0034847;00-0034073;00-0025415;00-0033307;00-0035719;00-0028177;00-0031345;00-0032234;00-0031238,Kyle Juszczyk;Matt Breida;Mike McGlinchey;Ross Dwelley;Joe Staley;Kendrick Bourne;Deebo Samuel Sr.;Mike Person;Jimmy Garoppolo;Laken Tomlinson;Weston Richburg,00-0029255;00-0032387;00-0031608;00-0031364;00-0034234;00-0030161;00-0028037;00-0033926;00-0029329;00-0032416;00-0029409,Bobby Wagner;Jarran Reed;Quandre Diggs;Jadeveon Clowney;Poona Ford;Bradley McDougald;K.J. Wright;Shaquill Griffin;Neiko Thorpe;Quinton Jefferson;Mychal Kendricks
2019_10_SEA_SF,773,pass,10.0,10.0,0.0,4.0,2:07,2:03,,9.0,0.0,3.0,8.0,"4 DL, 2 LB, 5 DB",;;;;;;;;;;,11,6,5,MAN_COVERAGE,COVER_1,False,00-0034847;00-0034073;00-0032058;00-0025415;00-0033307;00-0035719;00-0028177;00-0027685;00-0031345;00-0032234;00-0031238,Mike McGlinchey;Ross Dwelley;Tevin Coleman;Joe Staley;Kendrick Bourne;Deebo Samuel Sr.;Mike Person;Emmanuel Sanders;Jimmy Garoppolo;Laken Tomlinson;Weston Richburg,00-0029255;00-0032387;00-0031608;00-0031364;00-0030161;00-0028037;00-0033926;00-0032416;00-0030484;00-0030059;00-0034756,Bobby Wagner;Jarran Reed;Quandre Diggs;Jadeveon Clowney;Bradley McDougald;K.J. Wright;Shaquill Griffin;Quinton Jefferson;Jamar Taylor;Ezekiel Ansah;Tre Flowers
2019_10_SEA_SF,802,extra_point,0.0,15.0,15.0,0.0,2:03,2:03,,10.0,0.0,,0.0,,;;;;;;;;;;,11,,,,,,00-0034847;00-0033221;00-0028374;00-0035358;00-0028177;00-0032164;00-0032378;00-0034941;00-0033297;00-0032234;00-0031238,Mike McGlinchey;Daniel Brunskill;Kyle Nelson;Chase McLaughlin;Mike Person;Arik Armstead;DeForest Buckner;Mitch Wishnowsky;D.J. Jones;Laken Tomlinson;Weston Richburg,00-0032387;00-0029255;00-0034831;00-0034234;00-0030161;00-0028037;00-0033926;00-0032416;00-0029409;00-0035139;00-0034756,Jarran Reed;Bobby Wagner;Rasheem Green;Poona Ford;Bradley McDougald;K.J. Wright;Shaquill Griffin;Quinton Jefferson;Mychal Kendricks;Marquise Blair;Tre Flowers
2019_10_SEA_SF,818,kickoff,0.0,35.0,35.0,6.0,2:03,1:57,,10.0,0.0,,0.0,,;;;;;;;;;;,11,,,,,,00-0032057;00-0031687;00-0034730;00-0031961;00-0033973;00-0034384;00-0034941;00-0035166;00-0034263;00-0031298;00-0034286,Jaquiski Tartt;Raheem Mostert;Marcell Harris;Mark Nzeocha;Elijah Lee;D.J. Reed;Mitch Wishnowsky;Azeez Al-Shaair;Tarvarius Moore;Jimmie Ward;Richie James,00-0034755;00-0034867;00-0035142;00-0032211;00-0030089;00-0033387;00-0035672;00-0033589;00-0029329;00-0028292;00-0035143,Shaquem Griffin;Malik Turner;Ugo Amadi;Tyler Lockett;Luke Willson;Jacob Hollister;Cody Barton;David Moore;Neiko Thorpe;Nick Bellore;Ben Burr-Kirven
2019_10_SEA_SF,840,run,2.0,71.0,69.0,31.0,1:57,1:26,,10.0,0.0,1.0,10.0,"4 DL, 3 LB, 4 DB",;;;;;;;;;;,11,8,,,,,00-0030505;00-0032384;00-0032211;00-0026166;00-0029263;00-0030089;00-0032466;00-0029664;00-0033594;00-0032443;00-0027869,D.J. Fluker;Germain Ifedi;Tyler Lockett;Duane Brown;Russell Wilson;Luke Willson;George Fant;Josh Gordon;Chris Carson;Joey Hunt;Mike Iupati,00-0032057;00-0035717;00-0032164;00-0032378;00-0034815;00-0028092;00-0034096;00-0035166;00-0034982;00-0031298;00-0033297,Jaquiski Tartt;Nick Bosa;Arik Armstead;DeForest Buckner;Fred Warner;Richard Sherman;Emmanuel Moseley;Azeez Al-Shaair;Dre Greenlaw;Jimmie Ward;D.J. Jones
2019_10_SEA_SF,861,run,2.0,69.0,67.0,41.0,1:26,0:45,,10.0,0.0,2.0,8.0,"4 DL, 2 LB, 5 DB",;;;;;;;;;;,11,6,,,,,00-0034867;00-0030505;00-0032384;00-0026166;00-0029263;00-0030089;00-0033589;00-0033594;00-0032443;00-0035640;00-0027869,Malik Turner;D.J. Fluker;Germain Ifedi;Duane Brown;Russell Wilson;Luke Willson;David Moore;Chris Carson;Joey Hunt;DK Metcalf;Mike Iupati,00-0032057;00-0035717;00-0032164;00-0032378;00-0034815;00-0028092;00-0034096;00-0031253;00-0034982;00-0031298;00-0033297,Jaquiski Tartt;Nick Bosa;Arik Armstead;DeForest Buckner;Fred Warner;Richard Sherman;Emmanuel Moseley;K'Waun Williams;Dre Greenlaw;Jimmie Ward;D.J. Jones
2019_10_SEA_SF,882,pass,0.0,67.0,67.0,5.0,0:45,0:40,,10.0,0.0,3.0,6.0,"4 DL, 2 LB, 5 DB",;;;;;;;;;;,11,6,4,ZONE_COVERAGE,COVER_3,False,00-0030505;00-0032384;00-0032211;00-0026166;00-0029263;00-0033387;00-0033589;00-0033594;00-0032443;00-0035640;00-0027869,D.J. Fluker;Germain Ifedi;Tyler Lockett;Duane Brown;Russell Wilson;Jacob Hollister;David Moore;Chris Carson;Joey Hunt;DK Metcalf;Mike Iupati,00-0031297;00-0032057;00-0035717;00-0032164;00-0032378;00-0034815;00-0028092;00-0034096;00-0031253;00-0034982;00-0031298,Dee Ford;Jaquiski Tartt;Nick Bosa;Arik Armstead;DeForest Buckner;Fred Warner;Richard Sherman;Emmanuel Moseley;K'Waun Williams;Dre Greenlaw;Jimmie Ward
2019_10_SEA_SF,904,punt,0.0,67.0,67.0,9.0,0:40,0:31,,10.0,0.0,4.0,6.0,,;;;;;;;;;;,11,,,,,,00-0035142;00-0030089;00-0033387;00-0035594;00-0035672;00-0034160;00-0033024;00-0031156;00-0029329;00-0028292;00-0035143,Ugo Amadi;Luke Willson;Jacob Hollister;Travis Homer;Cody Barton;Michael Dickson;Branden Jackson;Tyler Ott;Neiko Thorpe;Nick Bellore;Ben Burr-Kirven,00-0028903;00-0033307;00-0031687;00-0034730;00-0031961;00-0033973;00-0034384;00-0034096;00-0035166;00-0034263;00-0034286,Garrett Celek;Kendrick Bourne;Raheem Mostert;Marcell Harris;Mark Nzeocha;Elijah Lee;D.J. Reed;Emmanuel Moseley;Azeez Al-Shaair;Tarvarius Moore;Richie James
2019_10_SEA_SF,929,run,0.0,74.0,74.0,31.0,0:31,0:00,,10.0,0.0,1.0,10.0,"4 DL, 3 LB, 4 DB",;;;;;;;;;;,11,6,,,,,00-0029892;00-0033308;00-0034847;00-0028903;00-0025415;00-0035719;00-0028177;00-0027685;00-0031345;00-0032234;00-0031238,Kyle Juszczyk;Matt Breida;Mike McGlinchey;Garrett Celek;Joe Staley;Deebo Samuel Sr.;Mike Person;Emmanuel Sanders;Jimmy Garoppolo;Laken Tomlinson;Weston Richburg,00-0029255;00-0032387;00-0031608;00-0031364;00-0030161;00-0028037;00-0033926;00-0027723;00-0032416;00-0029409;00-0034756,Bobby Wagner;Jarran Reed;Quandre Diggs;Jadeveon Clowney;Bradley McDougald;K.J. Wright;Shaquill Griffin;Al Woods;Quinton Jefferson;Mychal Kendricks;Tre Flowers
2019_10_SEA_SF,950,start_quarter_2,,,,0.0,0:00,0:00,,10.0,0.0,,0.0,,,0,,,,,,,,,
2019_10_SEA_SF,967,pass,2.0,74.0,72.0,40.0,15:00,14:20,,10.0,0.0,2.0,10.0,"4 DL, 3 LB, 4 DB",;;;;;;;;;;,11,7,4,ZONE_COVERAGE,COVER_3,False,00-0029892;00-0033308;00-0034847;00-0028903;00-0025415;00-0035719;00-0028177;00-0027685;00-0031345;00-0032234;00-0031238,Kyle Juszczyk;Matt Breida;Mike McGlinchey;Garrett Celek;Joe Staley;Deebo Samuel Sr.;Mike Person;Emmanuel Sanders;Jimmy Garoppolo;Laken Tomlinson;Weston Richburg,00-0032387;00-0029255;00-0031608;00-0031364;00-0030161;00-0028037;00-0033926;00-0027723;00-0032416;00-0029409;00-0034756,Jarran Reed;Bobby Wagner;Quandre Diggs;Jadeveon Clowney;Bradley McDougald;K.J. Wright;Shaquill Griffin;Al Woods;Quinton Jefferson;Mychal Kendricks;Tre Flowers
2019_10_SEA_SF,995,pass,5.0,72.0,67.0,42.0,14:20,13:38,,10.0,0.0,3.0,8.0,"3 DL, 3 LB, 5 DB",;;;;;;;;;;,11,7,4,ZONE_COVERAGE,COVER_3,False,00-0034847;00-0034073;00-0032058;00-0025415;00-0033307;00-0035719;00-0028177;00-0027685;00-0031345;00-0032234;00-0031238,Mike McGlinchey;Ross Dwelley;Tevin Coleman;Joe Staley;Kendrick Bourne;Deebo Samuel Sr.;Mike Person;Emmanuel Sanders;Jimmy Garoppolo;Laken Tomlinson;Weston Richburg,00-0029255;00-0032387;00-0034755;00-0031608;00-0031364;00-0030161;00-0028037;00-0033926;00-0032416;00-0030484;00-0034756,Bobby Wagner;Jarran Reed;Shaquem Griffin;Quandre Diggs;Jadeveon Clowney;Bradley McDougald;K.J. Wright;Shaquill Griffin;Quinton Jefferson;Jamar Taylor;Tre Flowers
2019_10_SEA_SF,1023,punt,0.0,67.0,67.0,11.0,13:38,13:27,,10.0,0.0,4.0,3.0,,;;;;;;;;;;,11,,,,,,00-0029892;00-0028903;00-0028374;00-0031687;00-0034730;00-0031961;00-0033973;00-0034941;00-0030068;00-0034263;00-0034982,Kyle Juszczyk;Garrett Celek;Kyle Nelson;Raheem Mostert;Marcell Harris;Mark Nzeocha;Elijah Lee;Mitch Wishnowsky;Marquise Goodwin;Tarvarius Moore;Dre Greenlaw,00-0034867;00-0035142;00-0032211;00-0033387;00-0035594;00-0035672;00-0033589;00-0029329;00-0028292;00-0035143;00-0035139,Malik Turner;Ugo Amadi;Tyler Lockett;Jacob Hollister;Travis Homer;Cody Barton;David Moore;Neiko Thorpe;Nick Bellore;Ben Burr-Kirven;Marquise Blair
2019_10_SEA_SF,1066,pass,8.0,60.0,52.0,37.0,13:27,12:50,,10.0,0.0,1.0,10.0,"4 DL, 2 LB, 5 DB",;;;;;;;;;;,11,7,3,ZONE_COVERAGE,COVER_3,False,00-0030505;00-0032384;00-0026166;00-0032211;00-0029263;00-0029664;00-0033594;00-0032443;00-0028292;00-0035640;00-0027869,D.J. Fluker;Germain Ifedi;Duane Brown;Tyler Lockett;Russell Wilson;Josh Gordon;Chris Carson;Joey Hunt;Nick Bellore;DK Metcalf;Mike Iupati,00-0032057;00-0035717;00-0032164;00-0032378;00-0034815;00-0028092;00-0034096;00-0031253;00-0034982;00-0031298;00-0033297,Jaquiski Tartt;Nick Bosa;Arik Armstead;DeForest Buckner;Fred Warner;Richard Sherman;Emmanuel Moseley;K'Waun Williams;Dre Greenlaw;Jimmie Ward;D.J. Jones
2019_10_SEA_SF,1094,pass,13.0,52.0,39.0,30.0,12:50,12:20,,10.0,0.0,2.0,2.0,"4 DL, 3 LB, 4 DB",;;;;;;;;;;,11,6,4,ZONE_COVERAGE,COVER_4,False,00-0030505;00-0032384;00-0032211;00-0026166;00-0029263;00-0030089;00-0033387;00-0033594;00-0032443;00-0035640;00-0027869,D.J. Fluker;Germain Ifedi;Tyler Lockett;Duane Brown;Russell Wilson;Luke Willson;Jacob Hollister;Chris Carson;Joey Hunt;DK Metcalf;Mike Iupati,00-0032057;00-0035717;00-0032164;00-0032378;00-0034815;00-0028092;00-0034096;00-0035166;00-0034982;00-0031298;00-0033297,Jaquiski Tartt;Nick Bosa;Arik Armstead;DeForest Buckner;Fred Warner;Richard Sherman;Emmanuel Moseley;Azeez Al-Shaair;Dre Greenlaw;Jimmie Ward;D.J. Jones
2019_10_SEA_SF,1122,no_play,0.0,39.0,39.0,21.0,12:20,11:59,,10.0,0.0,1.0,10.0,"4 DL, 2 LB, 5 DB",;;;;;;;;;;,11,,,,,,00-0030505;00-0032384;00-0032211;00-0026166;00-0029263;00-0033387;00-0029664;00-0033594;00-0032443;00-0035640;00-0027869,D.J. Fluker;Germain Ifedi;Tyler Lockett;Duane Brown;Russell Wilson;Jacob Hollister;Josh Gordon;Chris Carson;Joey Hunt;DK Metcalf;Mike Iupati,00-0032057;00-0035717;00-0032164;00-0032378;00-0034815;00-0028092;00-0034096;00-0031253;00-0034982;00-0031298;00-0033297,Jaquiski Tartt;Nick Bosa;Arik Armstead;DeForest Buckner;Fred Warner;Richard Sherman;Emmanuel Moseley;K'Waun Williams;Dre Greenlaw;Jimmie Ward;D.J. Jones
2019_10_SEA_SF,1145,pass,0.0,44.0,44.0,7.0,11:59,11:52,,10.0,0.0,1.0,15.0,"4 DL, 3 LB, 4 DB",;;;;;;;;;;,11,6,4,ZONE_COVERAGE,COVER_4,True,00-0030505;00-0032384;00-0032211;00-0026166;00-0029263;00-0030089;00-0033387;00-0033594;00-0032443;00-0035640;00-0027869,D.J. Fluker;Germain Ifedi;Tyler Lockett;Duane Brown;Russell Wilson;Luke Willson;Jacob Hollister;Chris Carson;Joey Hunt;DK Metcalf;Mike Iupati,00-0032057;00-0035717;00-0032164;00-0032378;00-0034815;00-0028092;00-0034096;00-0035166;00-0034982;00-0031298;00-0033297,Jaquiski Tartt;Nick Bosa;Arik Armstead;DeForest Buckner;Fred Warner;Richard Sherman;Emmanuel Moseley;Azeez Al-Shaair;Dre Greenlaw;Jimmie Ward;D.J. Jones
2019_10_SEA_SF,1167,run,11.0,44.0,33.0,29.0,11:52,11:23,,10.0,0.0,2.0,15.0,"4 DL, 2 LB, 5 DB",;;;;;;;;;;,11,6,4,,,,00-0030505;00-0032384;00-0026166;00-0032211;00-0030089;00-0029263;00-0029664;00-0033594;00-0032443;00-0035640;00-0027869,D.J. Fluker;Germain Ifedi;Duane Brown;Tyler Lockett;Luke Willson;Russell Wilson;Josh Gordon;Chris Carson;Joey Hunt;DK Metcalf;Mike Iupati,00-0031297;00-0032057;00-0035717;00-0032164;00-0032378;00-0034815;00-0028092;00-0034096;00-0031253;00-0034982;00-0031298,Dee Ford;Jaquiski Tartt;Nick Bosa;Arik Armstead;DeForest Buckner;Fred Warner;Richard Sherman;Emmanuel Moseley;K'Waun Williams;Dre Greenlaw;Jimmie Ward
2019_10_SEA_SF,1188,pass,-9.0,33.0,42.0,37.0,11:23,10:46,,10.0,0.0,3.0,4.0,"4 DL, 2 LB, 5 DB",;;;;;;;;;;,11,6,6,,,,00-0030505;00-0032384;00-0026166;00-0032211;00-0030089;00-0029263;00-0029664;00-0033594;00-0032443;00-0035640;00-0027869,D.J. Fluker;Germain Ifedi;Duane Brown;Tyler Lockett;Luke Willson;Russell Wilson;Josh Gordon;Chris Carson;Joey Hunt;DK Metcalf;Mike Iupati,00-0031297;00-0032057;00-0035717;00-0032164;00-0032378;00-0034815;00-0028092;00-0034096;00-0031253;00-0034982;00-0031298,Dee Ford;Jaquiski Tartt;Nick Bosa;Arik Armstead;DeForest Buckner;Fred Warner;Richard Sherman;Emmanuel Moseley;K'Waun Williams;Dre Greenlaw;Jimmie Ward
2019_10_SEA_SF,1207,punt,0.0,42.0,42.0,7.0,10:46,10:39,,10.0,0.0,4.0,13.0,,;;;;;;;;;;,11,,,,,,00-0035142;00-0030089;00-0033387;00-0035594;00-0035672;00-0034160;00-0033024;00-0031156;00-0029329;00-0028292;00-0035143,Ugo Amadi;Luke Willson;Jacob Hollister;Travis Homer;Cody Barton;Michael Dickson;Branden Jackson;Tyler Ott;Neiko Thorpe;Nick Bellore;Ben Burr-Kirven,00-0031297;00-0035717;00-0032164;00-0032378;00-0034815;00-0034096;00-0031253;00-0034263;00-0034982;00-0031298;00-0034286,Dee Ford;Nick Bosa;Arik Armstead;DeForest Buckner;Fred Warner;Emmanuel Moseley;K'Waun Williams;Tarvarius Moore;Dre Greenlaw;Jimmie Ward;Richie James
2019_10_SEA_SF,1237,pass,19.0,92.0,73.0,28.0,10:39,10:11,,10.0,0.0,1.0,10.0,"4 DL, 3 LB, 4 DB",;;;;;;;;;;,11,8,5,ZONE_COVERAGE,COVER_3,False,00-0029892;00-0034847;00-0034073;00-0032058;00-0025415;00-0035719;00-0028177;00-0027685;00-0031345;00-0032234;00-0031238,Kyle Juszczyk;Mike McGlinchey;Ross Dwelley;Tevin Coleman;Joe Staley;Deebo Samuel Sr.;Mike Person;Emmanuel Sanders;Jimmy Garoppolo;Laken Tomlinson;Weston Richburg,00-0029255;00-0031608;00-0031364;00-0034234;00-0030161;00-0028037;00-0033926;00-0027723;00-0033024;00-0029409;00-0034756,Bobby Wagner;Quandre Diggs;Jadeveon Clowney;Poona Ford;Bradley McDougald;K.J. Wright;Shaquill Griffin;Al Woods;Branden Jackson;Mychal Kendricks;Tre Flowers
2019_10_SEA_SF,1261,pass,0.0,73.0,73.0,4.0,10:11,10:07,,10.0,0.0,1.0,10.0,"4 DL, 3 LB, 4 DB",;;;;;;;;;;,11,8,4,ZONE_COVERAGE,COVER_3,True,00-0029892;00-0034847;00-0034073;00-0032058;00-0025415;00-0035719;00-0028177;00-0027685;00-0031345;00-0032234;00-0031238,Kyle Juszczyk;Mike McGlinchey;Ross Dwelley;Tevin Coleman;Joe Staley;Deebo Samuel Sr.;Mike Person;Emmanuel Sanders;Jimmy Garoppolo;Laken Tomlinson;Weston Richburg,00-0029255;00-0031608;00-0031364;00-0034234;00-0030161;00-0028037;00-0033926;00-0027723;00-0033024;00-0029409;00-0034756,Bobby Wagner;Quandre Diggs;Jadeveon Clowney;Poona Ford;Bradley McDougald;K.J. Wright;Shaquill Griffin;Al Woods;Branden Jackson;Mychal Kendricks;Tre Flowers
2019_10_SEA_SF,1287,run,2.0,73.0,71.0,36.0,10:07,9:31,,10.0,0.0,2.0,10.0,"4 DL, 3 LB, 4 DB",;;;;;;;;;;,11,8,,,,,00-0029892;00-0028903;00-0034847;00-0032058;00-0025415;00-0033307;00-0028177;00-0030068;00-0031345;00-0032234;00-0031238,Kyle Juszczyk;Garrett Celek;Mike McGlinchey;Tevin Coleman;Joe Staley;Kendrick Bourne;Mike Person;Marquise Goodwin;Jimmy Garoppolo;Laken Tomlinson;Weston Richburg,00-0032387;00-0029255;00-0031608;00-0031364;00-0034234;00-0030161;00-0028037;00-0033926;00-0033024;00-0029409;00-0034756,Jarran Reed;Bobby Wagner;Quandre Diggs;Jadeveon Clowney;Poona Ford;Bradley McDougald;K.J. Wright;Shaquill Griffin;Branden Jackson;Mychal Kendricks;Tre Flowers
2019_10_SEA_SF,1308,pass,8.0,71.0,63.0,47.0,9:31,8:44,,10.0,0.0,3.0,8.0,"3 DL, 3 LB, 5 DB",;;;;;;;;;;,11,6,4,ZONE_COVERAGE,COVER_2,True,00-0034847;00-0034073;00-0032058;00-0034860;00-0025415;00-0033307;00-0028177;00-0030068;00-0031345;00-0032234;00-0031238,Mike McGlinchey;Ross Dwelley;Tevin Coleman;Dante Pettis;Joe Staley;Kendrick Bourne;Mike Person;Marquise Goodwin;Jimmy Garoppolo;Laken Tomlinson;Weston Richburg,00-0029255;00-0032387;00-0034755;00-0031608;00-0031364;00-0030161;00-0028037;00-0033926;00-0032416;00-0030484;00-0034756,Bobby Wagner;Jarran Reed;Shaquem Griffin;Quandre Diggs;Jadeveon Clowney;Bradley McDougald;K.J. Wright;Shaquill Griffin;Quinton Jefferson;Jamar Taylor;Tre Flowers
2019_10_SEA_SF,1332,run,7.0,63.0,56.0,44.0,8:44,8:00,,10.0,0.0,1.0,10.0,"4 DL, 3 LB, 4 DB",;;;;;;;;;;,11,8,,,,,00-0029892;00-0033308;00-0034847;00-0028903;00-0034073;00-0025415;00-0028177;00-0030068;00-0031345;00-0032234;00-0031238,Kyle Juszczyk;Matt Breida;Mike McGlinchey;Garrett Celek;Ross Dwelley;Joe Staley;Mike Person;Marquise Goodwin;Jimmy Garoppolo;Laken Tomlinson;Weston Richburg,00-0029255;00-0031608;00-0031364;00-0034234;00-0030161;00-0028037;00-0033926;00-0027723;00-0032416;00-0029409;00-0034756,Bobby Wagner;Quandre Diggs;Jadeveon Clowney;Poona Ford;Bradley McDougald;K.J. Wright;Shaquill Griffin;Al Woods;Quinton Jefferson;Mychal Kendricks;Tre Flowers
2019_10_SEA_SF,1357,timeout,0.0,,,0.0,8:00,8:00,SF,10.0,0.0,,0.0,,,0,,,,,,,,,
2019_10_SEA_SF,1378,run,0.0,56.0,56.0,36.0,8:00,7:24,,10.0,0.0,2.0,3.0,"4 DL, 3 LB, 4 DB",;;;;;;;;;;,11,8,,,,,00-0029892;00-0033308;00-0034847;00-0028903;00-0034073;00-0025415;00-0028177;00-0030068;00-0031345;00-0032234;00-0027282,Kyle Juszczyk;Matt Breida;Mike McGlinchey;Garrett Celek;Ross Dwelley;Joe Staley;Mike Person;Marquise Goodwin;Jimmy Garoppolo;Laken Tomlinson;Ben Garland,00-0029255;00-0031608;00-0034831;00-0034234;00-0030161;00-0028037;00-0033926;00-0027723;00-0033024;00-0029409;00-0034756,Bobby Wagner;Quandre Diggs;Rasheem Green;Poona Ford;Bradley McDougald;K.J. Wright;Shaquill Griffin;Al Woods;Branden Jackson;Mychal Kendricks;Tre Flowers
2019_10_SEA_SF,1399,pass,0.0,56.0,56.0,6.0,7:24,7:18,,10.0,0.0,3.0,3.0,"3 DL, 3 LB, 5 DB",;;;;;;;;;;,11,7,4,ZONE_COVERAGE,COVER_3,False,00-0034847;00-0034073;00-0032058;00-0034860;00-0025415;00-0033307;00-0035719;00-0028177;00-0031345;00-0032234;00-0027282,Mike McGlinchey;Ross Dwelley;Tevin Coleman;Dante Pettis;Joe Staley;Kendrick Bourne;Deebo Samuel Sr.;Mike Person;Jimmy Garoppolo;Laken Tomlinson;Ben Garland,00-0031608;00-0034755;00-0029255;00-0031364;00-0030161;00-0028037;00-0033926;00-0027723;00-0032416;00-0030484;00-0034756,Quandre Diggs;Shaquem Griffin;Bobby Wagner;Jadeveon Clowney;Bradley McDougald;K.J. Wright;Shaquill Griffin;Al Woods;Quinton Jefferson;Jamar Taylor;Tre Flowers
2019_10_SEA_SF,1421,punt,0.0,56.0,56.0,9.0,7:18,7:09,,10.0,0.0,4.0,3.0,,;;;;;;;;;;,11,,,,,,00-0029892;00-0032057;00-0028903;00-0028374;00-0031687;00-0034730;00-0031961;00-0033973;00-0034941;00-0034263;00-0034982,Kyle Juszczyk;Jaquiski Tartt;Garrett Celek;Kyle Nelson;Raheem Mostert;Marcell Harris;Mark Nzeocha;Elijah Lee;Mitch Wishnowsky;Tarvarius Moore;Dre Greenlaw,00-0034867;00-0035142;00-0032211;00-0033387;00-0035594;00-0035672;00-0033589;00-0029329;00-0028292;00-0035143;00-0035139,Malik Turner;Ugo Amadi;Tyler Lockett;Jacob Hollister;Travis Homer;Cody Barton;David Moore;Neiko Thorpe;Nick Bellore;Ben Burr-Kirven;Marquise Blair
2019_10_SEA_SF,1439,run,4.0,83.0,79.0,40.0,7:09,6:29,,10.0,0.0,1.0,10.0,"4 DL, 3 LB, 4 DB",;;;;;;;;;;,11,6,,,,,00-0030505;00-0032384;00-0026166;00-0032211;00-0030089;00-0029263;00-0032466;00-0033594;00-0032443;00-0035640;00-0027869,D.J. Fluker;Germain Ifedi;Duane Brown;Tyler Lockett;Luke Willson;Russell Wilson;George Fant;Chris Carson;Joey Hunt;DK Metcalf;Mike Iupati,00-0032057;00-0035717;00-0033870;00-0032378;00-0034815;00-0028092;00-0032413;00-0034096;00-0035166;00-0034982;00-0031298,Jaquiski Tartt;Nick Bosa;Solomon Thomas;DeForest Buckner;Fred Warner;Richard Sherman;Ronald Blair;Emmanuel Moseley;Azeez Al-Shaair;Dre Greenlaw;Jimmie Ward
2019_10_SEA_SF,1460,run,3.0,79.0,76.0,44.0,6:29,5:45,,10.0,0.0,2.0,6.0,"4 DL, 2 LB, 5 DB",;;;;;;;;;;,11,6,,,,,00-0030505;00-0032384;00-0032211;00-0026166;00-0029263;00-0033387;00-0029664;00-0033594;00-0032443;00-0035640;00-0027869,D.J. Fluker;Germain Ifedi;Tyler Lockett;Duane Brown;Russell Wilson;Jacob Hollister;Josh Gordon;Chris Carson;Joey Hunt;DK Metcalf;Mike Iupati,00-0032057;00-0035717;00-0033870;00-0032378;00-0034815;00-0032413;00-0028092;00-0034096;00-0031253;00-0034982;00-0031298,Jaquiski Tartt;Nick Bosa;Solomon Thomas;DeForest Buckner;Fred Warner;Ronald Blair;Richard Sherman;Emmanuel Moseley;K'Waun Williams;Dre Greenlaw;Jimmie Ward
2019_10_SEA_SF,1481,pass,8.0,76.0,68.0,32.0,5:45,5:13,,10.0,0.0,3.0,3.0,"4 DL, 2 LB, 5 DB",;;;;;;;;;;,11,6,6,MAN_COVERAGE,COVER_1,False,00-0034867;00-0030505;00-0032384;00-0026166;00-0032211;00-0029263;00-0033387;00-0033594;00-0032443;00-0035640;00-0027869,Malik Turner;D.J. Fluker;Germain Ifedi;Duane Brown;Tyler Lockett;Russell Wilson;Jacob Hollister;Chris Carson;Joey Hunt;DK Metcalf;Mike Iupati,00-0031297;00-0032057;00-0035717;00-0032164;00-0032378;00-0034815;00-0028092;00-0034096;00-0031253;00-0034982;00-0031298,Dee Ford;Jaquiski Tartt;Nick Bosa;Arik Armstead;DeForest Buckner;Fred Warner;Richard Sherman;Emmanuel Moseley;K'Waun Williams;Dre Greenlaw;Jimmie Ward
2019_10_SEA_SF,1505,pass,9.0,68.0,59.0,37.0,5:13,4:36,,10.0,0.0,1.0,10.0,"4 DL, 3 LB, 4 DB",;;;;;;;;;;,11,7,4,ZONE_COVERAGE,COVER_4,False,00-0030505;00-0032384;00-0032211;00-0026166;00-0029263;00-0030089;00-0033387;00-0033594;00-0032443;00-0035640;00-0027869,D.J. Fluker;Germain Ifedi;Tyler Lockett;Duane Brown;Russell Wilson;Luke Willson;Jacob Hollister;Chris Carson;Joey Hunt;DK Metcalf;Mike Iupati,00-0032057;00-0035717;00-0033870;00-0032164;00-0032378;00-0034815;00-0028092;00-0034096;00-0035166;00-0034982;00-0031298,Jaquiski Tartt;Nick Bosa;Solomon Thomas;Arik Armstead;DeForest Buckner;Fred Warner;Richard Sherman;Emmanuel Moseley;Azeez Al-Shaair;Dre Greenlaw;Jimmie Ward
2019_10_SEA_SF,1533,run,0.0,59.0,59.0,44.0,4:36,3:52,,10.0,0.0,2.0,1.0,"4 DL, 3 LB, 4 DB",;;;;;;;;;;,11,6,,,,,00-0030505;00-0032384;00-0026166;00-0032211;00-0030089;00-0029263;00-0032466;00-0033594;00-0032443;00-0035640;00-0027869,D.J. Fluker;Germain Ifedi;Duane Brown;Tyler Lockett;Luke Willson;Russell Wilson;George Fant;Chris Carson;Joey Hunt;DK Metcalf;Mike Iupati,00-0032057;00-0035717;00-0033870;00-0032164;00-0032378;00-0034815;00-0028092;00-0034096;00-0035166;00-0034982;00-0031298,Jaquiski Tartt;Nick Bosa;Solomon Thomas;Arik Armstead;DeForest Buckner;Fred Warner;Richard Sherman;Emmanuel Moseley;Azeez Al-Shaair;Dre Greenlaw;Jimmie Ward
2019_10_SEA_SF,1558,pass,0.0,59.0,59.0,4.0,3:52,3:48,,10.0,0.0,3.0,1.0,"4 DL, 2 LB, 5 DB",;;;;;;;;;;,11,6,6,MAN_COVERAGE,COVER_1,True,00-0034867;00-0030505;00-0032384;00-0026166;00-0030089;00-0029263;00-0033589;00-0033594;00-0032443;00-0035640;00-0027869,Malik Turner;D.J. Fluker;Germain Ifedi;Duane Brown;Luke Willson;Russell Wilson;David Moore;Chris Carson;Joey Hunt;DK Metcalf;Mike Iupati,00-0032057;00-0035717;00-0033870;00-0032164;00-0032378;00-0034815;00-0028092;00-0034096;00-0031253;00-0034982;00-0031298,Jaquiski Tartt;Nick Bosa;Solomon Thomas;Arik Armstead;DeForest Buckner;Fred Warner;Richard Sherman;Emmanuel Moseley;K'Waun Williams;Dre Greenlaw;Jimmie Ward
2019_10_SEA_SF,1580,punt,0.0,59.0,59.0,10.0,3:48,3:38,,10.0,0.0,4.0,1.0,,;;;;;;;;;;,11,,,,,,00-0035142;00-0030089;00-0033387;00-0035594;00-0035672;00-0034160;00-0033024;00-0031156;00-0029329;00-0028292;00-0035143,Ugo Amadi;Luke Willson;Jacob Hollister;Travis Homer;Cody Barton;Michael Dickson;Branden Jackson;Tyler Ott;Neiko Thorpe;Nick Bellore;Ben Burr-Kirven,00-0035717;00-0034860;00-0033870;00-0032164;00-0032378;00-0034815;00-0034096;00-0031253;00-0034263;00-0034982;00-0031298,Nick Bosa;Dante Pettis;Solomon Thomas;Arik Armstead;DeForest Buckner;Fred Warner;Emmanuel Moseley;K'Waun Williams;Tarvarius Moore;Dre Greenlaw;Jimmie Ward
2019_10_SEA_SF,1597,run,3.0,80.0,77.0,41.0,3:38,2:57,,10.0,0.0,1.0,10.0,"4 DL, 3 LB, 4 DB",;;;;;;;;;;,11,7,,,,,00-0034847;00-0034073;00-0032058;00-0034860;00-0025415;00-0033307;00-0035719;00-0028177;00-0031345;00-0032234;00-0027282,Mike McGlinchey;Ross Dwelley;Tevin Coleman;Dante Pettis;Joe Staley;Kendrick Bourne;Deebo Samuel Sr.;Mike Person;Jimmy Garoppolo;Laken Tomlinson;Ben Garland,00-0032387;00-0029255;00-0031608;00-0031364;00-0034234;00-0030161;00-0028037;00-0033926;00-0032416;00-0029409;00-0034756,Jarran Reed;Bobby Wagner;Quandre Diggs;Jadeveon Clowney;Poona Ford;Bradley McDougald;K.J. Wright;Shaquill Griffin;Quinton Jefferson;Mychal Kendricks;Tre Flowers
2019_10_SEA_SF,1618,turnover,-13.0,77.0,90.0,6.0,2:57,2:51,,10.0,6.0,2.0,7.0,"4 DL, 3 LB, 4 DB",;;;;;;;;;;,11,6,4,,,,00-0033307;00-0034860;00-0028177;00-0032234;00-0031345;00-0035719;00-0032058;00-0027282;00-0034073;00-0025415;00-0034847,Kendrick Bourne;Dante Pettis;Mike Person;Laken Tomlinson;Jimmy Garoppolo;Deebo Samuel Sr.;Tevin Coleman;Ben Garland;Ross Dwelley;Joe Staley;Mike McGlinchey,00-0033926;00-0034756;00-0032387;00-0031364;00-0032416;00-0030161;00-0031608;00-0029409;00-0029255;00-0028037;00-0034234,Shaquill Griffin;Tre Flowers;Jarran Reed;Jadeveon Clowney;Quinton Jefferson;Bradley McDougald;Quandre Diggs;Mychal Kendricks;Bobby Wagner;K.J. Wright;Poona Ford
2019_10_SEA_SF,1655,extra_point,0.0,15.0,15.0,0.0,2:51,2:51,,10.0,7.0,,0.0,,;;;;;;;;;;,11,,,,,,00-0033740;00-0030505;00-0032384;00-0034729;00-0030089;00-0032466;00-0033387;00-0034160;00-0031156;00-0031492;00-0027869,Jordan Roos;D.J. Fluker;Germain Ifedi;Jamarco Jones;Luke Willson;George Fant;Jacob Hollister;Michael Dickson;Tyler Ott;Jason Myers;Mike Iupati,00-0032057;00-0033870;00-0031961;00-0032164;00-0032378;00-0033973;00-0033010;00-0034096;00-0035166;00-0034263;00-0031298,Jaquiski Tartt;Solomon Thomas;Mark Nzeocha;Arik Armstead;DeForest Buckner;Elijah Lee;Sheldon Day;Emmanuel Moseley;Azeez Al-Shaair;Tarvarius Moore;Jimmie Ward
2019_10_SEA_SF,1671,kickoff,0.0,35.0,35.0,0.0,2:51,2:51,,10.0,7.0,,0.0,,;;;;;;;;;;,11,,,,,,00-0034867;00-0034755;00-0035142;00-0035594;00-0035672;00-0029329;00-0028292;00-0030484;00-0035143;00-0031492;00-0035139,Malik Turner;Shaquem Griffin;Ugo Amadi;Travis Homer;Cody Barton;Neiko Thorpe;Nick Bellore;Jamar Taylor;Ben Burr-Kirven;Jason Myers;Marquise Blair,00-0028903;00-0033307;00-0031687;00-0034730;00-0031961;00-0033973;00-0032413;00-0035166;00-0034263;00-0031298;00-0034286,Garrett Celek;Kendrick Bourne;Raheem Mostert;Marcell Harris;Mark Nzeocha;Elijah Lee;Ronald Blair;Azeez Al-Shaair;Tarvarius Moore;Jimmie Ward;Richie James
2019_10_SEA_SF,1686,run,1.0,75.0,74.0,41.0,2:51,2:10,,10.0,7.0,1.0,10.0,"4 DL, 3 LB, 4 DB",;;;;;;;;;;,11,8,,,,,00-0029892;00-0033308;00-0034847;00-0034073;00-0025415;00-0033307;00-0035719;00-0028177;00-0027282;00-0031345;00-0032234,Kyle Juszczyk;Matt Breida;Mike McGlinchey;Ross Dwelley;Joe Staley;Kendrick Bourne;Deebo Samuel Sr.;Mike Person;Ben Garland;Jimmy Garoppolo;Laken Tomlinson,00-0029255;00-0031608;00-0034831;00-0034234;00-0030161;00-0028037;00-0033926;00-0027723;00-0032416;00-0029409;00-0034756,Bobby Wagner;Quandre Diggs;Rasheem Green;Poona Ford;Bradley McDougald;K.J. Wright;Shaquill Griffin;Al Woods;Quinton Jefferson;Mychal Kendricks;Tre Flowers
2019_10_SEA_SF,1707,pass,0.0,74.0,74.0,5.0,2:10,2:05,,10.0,7.0,2.0,9.0,"4 DL, 3 LB, 4 DB",;;;;;;;;;;,11,7,4,ZONE_COVERAGE,COVER_3,True,00-0029892;00-0033308;00-0034847;00-0034073;00-0025415;00-0033307;00-0035719;00-0028177;00-0031345;00-0027282;00-0032234,Kyle Juszczyk;Matt Breida;Mike McGlinchey;Ross Dwelley;Joe Staley;Kendrick Bourne;Deebo Samuel Sr.;Mike Person;Jimmy Garoppolo;Ben Garland;Laken Tomlinson,00-0029255;00-0032387;00-0031608;00-0031364;00-0034234;00-0030161;00-0028037;00-0033926;00-0032416;00-0029409;00-0034756,Bobby Wagner;Jarran Reed;Quandre Diggs;Jadeveon Clowney;Poona Ford;Bradley McDougald;K.J. Wright;Shaquill Griffin;Quinton Jefferson;Mychal Kendricks;Tre Flowers
2019_10_SEA_SF,1729,no_play,0.0,74.0,74.0,0.0,2:05,2:05,,10.0,7.0,3.0,9.0,"3 DL, 3 LB, 5 DB",;;;;;;;;;;,11,,,,,,00-0034847;00-0034073;00-0034860;00-0025415;00-0033307;00-0031687;00-0028177;00-0030068;00-0031345;00-0027282;00-0032234,Mike McGlinchey;Ross Dwelley;Dante Pettis;Joe Staley;Kendrick Bourne;Raheem Mostert;Mike Person;Marquise Goodwin;Jimmy Garoppolo;Ben Garland;Laken Tomlinson,00-0029255;00-0032387;00-0034755;00-0031608;00-0031364;00-0030161;00-0028037;00-0033926;00-0032416;00-0030484;00-0034756,Bobby Wagner;Jarran Reed;Shaquem Griffin;Quandre Diggs;Jadeveon Clowney;Bradley McDougald;K.J. Wright;Shaquill Griffin;Quinton Jefferson;Jamar Taylor;Tre Flowers
2019_10_SEA_SF,1752,pass,0.0,79.0,79.0,6.0,2:05,1:59,,10.0,7.0,3.0,14.0,"3 DL, 3 LB, 5 DB",;;;;;;;;;;,11,5,4,ZONE_COVERAGE,COVER_6,False,00-0034847;00-0034073;00-0034860;00-0025415;00-0033307;00-0035719;00-0031687;00-0028177;00-0031345;00-0032234;00-0027282,Mike McGlinchey;Ross Dwelley;Dante Pettis;Joe Staley;Kendrick Bourne;Deebo Samuel Sr.;Raheem Mostert;Mike Person;Jimmy Garoppolo;Laken Tomlinson;Ben Garland,00-0029255;00-0032387;00-0034755;00-0031608;00-0031364;00-0030161;00-0028037;00-0033926;00-0032416;00-0030484;00-0034756,Bobby Wagner;Jarran Reed;Shaquem Griffin;Quandre Diggs;Jadeveon Clowney;Bradley McDougald;K.J. Wright;Shaquill Griffin;Quinton Jefferson;Jamar Taylor;Tre Flowers
2019_10_SEA_SF,1796,punt,0.0,79.0,79.0,12.0,1:59,1:47,,10.0,7.0,4.0,14.0,,;;;;;;;;;;,11,,,,,,00-0029892;00-0032057;00-0028903;00-0028374;00-0031687;00-0034730;00-0031961;00-0033973;00-0034941;00-0034263;00-0034982,Kyle Juszczyk;Jaquiski Tartt;Garrett Celek;Kyle Nelson;Raheem Mostert;Marcell Harris;Mark Nzeocha;Elijah Lee;Mitch Wishnowsky;Tarvarius Moore;Dre Greenlaw,00-0034867;00-0035142;00-0032211;00-0033387;00-0035594;00-0035672;00-0033589;00-0029329;00-0028292;00-0035143;00-0035139,Malik Turner;Ugo Amadi;Tyler Lockett;Jacob Hollister;Travis Homer;Cody Barton;David Moore;Neiko Thorpe;Nick Bellore;Ben Burr-Kirven;Marquise Blair
2019_10_SEA_SF,1826,pass,4.0,39.0,35.0,6.0,1:47,1:41,,10.0,7.0,1.0,10.0,"4 DL, 3 LB, 4 DB",;;;;;;;;;;,11,7,4,ZONE_COVERAGE,COVER_3,False,00-0030505;00-0032384;00-0032211;00-0026166;00-0029263;00-0030089;00-0032466;00-0033594;00-0032443;00-0035640;00-0027869,D.J. Fluker;Germain Ifedi;Tyler Lockett;Duane Brown;Russell Wilson;Luke Willson;George Fant;Chris Carson;Joey Hunt;DK Metcalf;Mike Iupati,00-0031297;00-0032057;00-0035717;00-0032164;00-0032378;00-0034815;00-0028092;00-0034096;00-0035166;00-0034982;00-0031298,Dee Ford;Jaquiski Tartt;Nick Bosa;Arik Armstead;DeForest Buckner;Fred Warner;Richard Sherman;Emmanuel Moseley;Azeez Al-Shaair;Dre Greenlaw;Jimmie Ward
2019_10_SEA_SF,1855,run,8.0,35.0,27.0,29.0,1:41,1:12,,10.0,7.0,2.0,6.0,"4 DL, 3 LB, 4 DB",;;;;;;;;;;,11,6,,,,,00-0030505;00-0032384;00-0032211;00-0026166;00-0029263;00-0032466;00-0033387;00-0033594;00-0032443;00-0035640;00-0027869,D.J. Fluker;Germain Ifedi;Tyler Lockett;Duane Brown;Russell Wilson;George Fant;Jacob Hollister;Chris Carson;Joey Hunt;DK Metcalf;Mike Iupati,00-0031297;00-0032057;00-0035717;00-0032164;00-0032378;00-0034815;00-0028092;00-0034096;00-0035166;00-0034982;00-0031298,Dee Ford;Jaquiski Tartt;Nick Bosa;Arik Armstead;DeForest Buckner;Fred Warner;Richard Sherman;Emmanuel Moseley;Azeez Al-Shaair;Dre Greenlaw;Jimmie Ward
2019_10_SEA_SF,1887,turnover,25.0,27.0,2.0,8.0,1:12,1:04,,10.0,7.0,1.0,10.0,"4 DL, 2 LB, 5 DB",;;;;;;;;;;,11,6,5,ZONE_COVERAGE,COVER_3,False,00-0027869;00-0033387;00-0033594;00-0035640;00-0032211;00-0029263;00-0033589;00-0032443;00-0026166;00-0030505;00-0032384,Mike Iupati;Jacob Hollister;Chris Carson;DK Metcalf;Tyler Lockett;Russell Wilson;David Moore;Joey Hunt;Duane Brown;D.J. Fluker;Germain Ifedi,00-0032378;00-0031297;00-0031298;00-0035717;00-0028092;00-0031253;00-0034096;00-0032057;00-0032164;00-0034815;00-0034982,DeForest Buckner;Dee Ford;Jimmie Ward;Nick Bosa;Richard Sherman;K'Waun Williams;Emmanuel Moseley;Jaquiski Tartt;Arik Armstead;Fred Warner;Dre Greenlaw
2019_10_SEA_SF,1980,run,3.0,98.0,95.0,4.0,1:04,1:00,,10.0,7.0,1.0,10.0,"4 DL, 3 LB, 4 DB",;;;;;;;;;;,11,7,,,,,00-0029892;00-0034847;00-0028903;00-0032058;00-0025415;00-0033307;00-0035719;00-0028177;00-0031345;00-0032234;00-0027282,Kyle Juszczyk;Mike McGlinchey;Garrett Celek;Tevin Coleman;Joe Staley;Kendrick Bourne;Deebo Samuel Sr.;Mike Person;Jimmy Garoppolo;Laken Tomlinson;Ben Garland,00-0029255;00-0031608;00-0034831;00-0034234;00-0030161;00-0028037;00-0033926;00-0027723;00-0033024;00-0029409;00-0034756,Bobby Wagner;Quandre Diggs;Rasheem Green;Poona Ford;Bradley McDougald;K.J. Wright;Shaquill Griffin;Al Woods;Branden Jackson;Mychal Kendricks;Tre Flowers
2019_10_SEA_SF,2001,pass,17.0,95.0,78.0,20.0,1:00,0:40,,10.0,7.0,2.0,7.0,"4 DL, 3 LB, 4 DB",;;;;;;;;;;,11,6,4,ZONE_COVERAGE,COVER_3,False,00-0033308;00-0034847;00-0034073;00-0034860;00-0025415;00-0033307;00-0035719;00-0028177;00-0031345;00-0032234;00-0027282,Matt Breida;Mike McGlinchey;Ross Dwelley;Dante Pettis;Joe Staley;Kendrick Bourne;Deebo Samuel Sr.;Mike Person;Jimmy Garoppolo;Laken Tomlinson;Ben Garland,00-0029255;00-0031608;00-0034831;00-0034234;00-0030161;00-0028037;00-0033926;00-0027723;00-0033024;00-0029409;00-0034756,Bobby Wagner;Quandre Diggs;Rasheem Green;Poona Ford;Bradley McDougald;K.J. Wright;Shaquill Griffin;Al Woods;Branden Jackson;Mychal Kendricks;Tre Flowers
2019_10_SEA_SF,2025,timeout,0.0,,,0.0,0:40,0:40,SEA,10.0,7.0,,0.0,,,0,,,,,,,,,
2019_10_SEA_SF,2046,qb_kneel,-1.0,78.0,79.0,40.0,0:40,0:00,,10.0,7.0,1.0,10.0,"4 DL, 3 LB, 4 DB",;;;;;;;;;;,11,8,,,,,00-0029892;00-0033308;00-0034847;00-0028903;00-0034073;00-0025415;00-0028177;00-0031345;00-0032234;00-0027282,Kyle Juszczyk;Matt Breida;Mike McGlinchey;Garrett Celek;Ross Dwelley;Joe Staley;Mike Person;Jimmy Garoppolo;Laken Tomlinson;Ben Garland,00-0032387;00-0029255;00-0031608;00-0031364;00-0030161;00-0028037;00-0033926;00-0027723;00-0032416;00-0029409;00-0034756,Jarran Reed;Bobby Wagner;Quandre Diggs;Jadeveon Clowney;Bradley McDougald;K.J. Wright;Shaquill Griffin;Al Woods;Quinton Jefferson;Mychal Kendricks;Tre Flowers
2019_10_SEA_SF,2067,start_quarter_3,,,,-60.0,0:00,1:00,,10.0,7.0,,0.0,,,0,,,,,,,,,
2019_10_SEA_SF,2084,timeout,0.0,,,60.0,1:00,0:00,SEA,10.0,7.0,,0.0,,,0,,,,,,,,,
2019_10_SEA_SF,2095,kickoff,0.0,35.0,35.0,4.0,15:00,14:56,,10.0,7.0,,0.0,,;;;;;;;;;;,11,,,,,,00-0032057;00-0031687;00-0034730;00-0031961;00-0033973;00-0034384;00-0034941;00-0035166;00-0034263;00-0031298;00-0034286,Jaquiski Tartt;Raheem Mostert;Marcell Harris;Mark Nzeocha;Elijah Lee;D.J. Reed;Mitch Wishnowsky;Azeez Al-Shaair;Tarvarius Moore;Jimmie Ward;Richie James,00-0034755;00-0034867;00-0035142;00-0032211;00-0033387;00-0035672;00-0033589;00-0033024;00-0029329;00-0028292;00-0035143,Shaquem Griffin;Malik Turner;Ugo Amadi;Tyler Lockett;Jacob Hollister;Cody Barton;David Moore;Branden Jackson;Neiko Thorpe;Nick Bellore;Ben Burr-Kirven
2019_10_SEA_SF,2117,run,9.0,78.0,69.0,32.0,14:56,14:24,,10.0,7.0,1.0,10.0,"4 DL, 2 LB, 5 DB",;;;;;;;;;;,11,6,,,,,00-0030505;00-0034867;00-0032384;00-0026166;00-0032211;00-0029263;00-0033387;00-0033594;00-0032443;00-0035640;00-0027869,D.J. Fluker;Malik Turner;Germain Ifedi;Duane Brown;Tyler Lockett;Russell Wilson;Jacob Hollister;Chris Carson;Joey Hunt;DK Metcalf;Mike Iupati,00-0032057;00-0035717;00-0032164;00-0032378;00-0033010;00-0034815;00-0028092;00-0034096;00-0031253;00-0034982;00-0031298,Jaquiski Tartt;Nick Bosa;Arik Armstead;DeForest Buckner;Sheldon Day;Fred Warner;Richard Sherman;Emmanuel Moseley;K'Waun Williams;Dre Greenlaw;Jimmie Ward
2019_10_SEA_SF,2147,run,0.0,69.0,69.0,35.0,14:24,13:49,,10.0,7.0,2.0,1.0,"4 DL, 2 LB, 5 DB",;;;;;;;;;;,11,6,,,,,00-0034867;00-0030505;00-0032384;00-0026166;00-0029263;00-0033387;00-0033589;00-0033594;00-0032443;00-0035640;00-0027869,Malik Turner;D.J. Fluker;Germain Ifedi;Duane Brown;Russell Wilson;Jacob Hollister;David Moore;Chris Carson;Joey Hunt;DK Metcalf;Mike Iupati,00-0032057;00-0035717;00-0032164;00-0032378;00-0033010;00-0034815;00-0028092;00-0034096;00-0031253;00-0034982;00-0031298,Jaquiski Tartt;Nick Bosa;Arik Armstead;DeForest Buckner;Sheldon Day;Fred Warner;Richard Sherman;Emmanuel Moseley;K'Waun Williams;Dre Greenlaw;Jimmie Ward
2019_10_SEA_SF,2168,run,6.0,69.0,63.0,27.0,13:49,13:22,,10.0,7.0,3.0,1.0,"5 DL, 1 LB, 5 DB",;;;;;;;;;;,11,6,,,,,00-0030505;00-0032384;00-0032211;00-0026166;00-0029263;00-0033387;00-0033589;00-0033594;00-0032443;00-0035640;00-0027869,D.J. Fluker;Germain Ifedi;Tyler Lockett;Duane Brown;Russell Wilson;Jacob Hollister;David Moore;Chris Carson;Joey Hunt;DK Metcalf;Mike Iupati,00-0032057;00-0033870;00-0032164;00-0032378;00-0033010;00-0034815;00-0032413;00-0028092;00-0034096;00-0031253;00-0031298,Jaquiski Tartt;Solomon Thomas;Arik Armstead;DeForest Buckner;Sheldon Day;Fred Warner;Ronald Blair;Richard Sherman;Emmanuel Moseley;K'Waun Williams;Jimmie Ward
2019_10_SEA_SF,2194,pass,14.0,63.0,49.0,36.0,13:22,12:46,,10.0,7.0,1.0,10.0,"4 DL, 2 LB, 5 DB",;;;;;;;;;;,11,6,4,ZONE_COVERAGE,COVER_4,False,00-0034867;00-0030505;00-0034750;00-0032384;00-0032211;00-0026166;00-0029263;00-0032466;00-0032443;00-0035640;00-0027869,Malik Turner;D.J. Fluker;Rashaad Penny;Germain Ifedi;Tyler Lockett;Duane Brown;Russell Wilson;George Fant;Joey Hunt;DK Metcalf;Mike Iupati,00-0032057;00-0035717;00-0032164;00-0032378;00-0033010;00-0034815;00-0028092;00-0034096;00-0031253;00-0034982;00-0031298,Jaquiski Tartt;Nick Bosa;Arik Armstead;DeForest Buckner;Sheldon Day;Fred Warner;Richard Sherman;Emmanuel Moseley;K'Waun Williams;Dre Greenlaw;Jimmie Ward
2019_10_SEA_SF,2219,run,2.0,49.0,47.0,37.0,12:46,12:09,,10.0,7.0,1.0,10.0,"4 DL, 3 LB, 4 DB",;;;;;;;;;;,11,6,,,,,00-0030505;00-0034750;00-0032384;00-0032211;00-0026166;00-0029263;00-0032466;00-0033387;00-0032443;00-0035640;00-0027869,D.J. Fluker;Rashaad Penny;Germain Ifedi;Tyler Lockett;Duane Brown;Russell Wilson;George Fant;Jacob Hollister;Joey Hunt;DK Metcalf;Mike Iupati,00-0032057;00-0035717;00-0032164;00-0032378;00-0033973;00-0033010;00-0034815;00-0028092;00-0034096;00-0034982;00-0031298,Jaquiski Tartt;Nick Bosa;Arik Armstead;DeForest Buckner;Elijah Lee;Sheldon Day;Fred Warner;Richard Sherman;Emmanuel Moseley;Dre Greenlaw;Jimmie Ward
2019_10_SEA_SF,2244,turnover,0.0,47.0,47.0,8.0,12:09,12:01,,10.0,7.0,2.0,8.0,"4 DL, 2 LB, 5 DB",;;;;;;;;;;,11,6,,,,,00-0027869;00-0033387;00-0035640;00-0032211;00-0029263;00-0032443;00-0034750;00-0026166;00-0030505;00-0034867;00-0032384,Mike Iupati;Jacob Hollister;DK Metcalf;Tyler Lockett;Russell Wilson;Joey Hunt;Rashaad Penny;Duane Brown;D.J. Fluker;Malik Turner;Germain Ifedi,00-0032378;00-0033010;00-0032413;00-0031298;00-0035717;00-0028092;00-0031253;00-0034096;00-0032057;00-0034815;00-0034982,DeForest Buckner;Sheldon Day;Ronald Blair;Jimmie Ward;Nick Bosa;Richard Sherman;K'Waun Williams;Emmanuel Moseley;Jaquiski Tartt;Fred Warner;Dre Greenlaw
2019_10_SEA_SF,2281,no_play,0.0,56.0,56.0,24.0,12:01,11:37,,10.0,7.0,1.0,10.0,"4 DL, 3 LB, 4 DB",;;;;;;;;;;,11,7,,,,,00-0029892;00-0034847;00-0034073;00-0032058;00-0025415;00-0033307;00-0035719;00-0028177;00-0031345;00-0032234;00-0031238,Kyle Juszczyk;Mike McGlinchey;Ross Dwelley;Tevin Coleman;Joe Staley;Kendrick Bourne;Deebo Samuel Sr.;Mike Person;Jimmy Garoppolo;Laken Tomlinson;Weston Richburg,00-0032387;00-0029255;00-0031608;00-0031364;00-0034234;00-0030161;00-0028037;00-0033926;00-0032416;00-0029409;00-0034756,Jarran Reed;Bobby Wagner;Quandre Diggs;Jadeveon Clowney;Poona Ford;Bradley McDougald;K.J. Wright;Shaquill Griffin;Quinton Jefferson;Mychal Kendricks;Tre Flowers
2019_10_SEA_SF,2321,run,4.0,41.0,37.0,41.0,11:37,10:56,,10.0,7.0,1.0,10.0,"4 DL, 3 LB, 4 DB",;;;;;;;;;;,11,8,,,,,00-0029892;00-0034847;00-0034073;00-0032058;00-0025415;00-0033307;00-0035719;00-0028177;00-0031345;00-0032234;00-0031238,Kyle Juszczyk;Mike McGlinchey;Ross Dwelley;Tevin Coleman;Joe Staley;Kendrick Bourne;Deebo Samuel Sr.;Mike Person;Jimmy Garoppolo;Laken Tomlinson;Weston Richburg,00-0032387;00-0029255;00-0031608;00-0031364;00-0034234;00-0030161;00-0028037;00-0033926;00-0032416;00-0029409;00-0034756,Jarran Reed;Bobby Wagner;Quandre Diggs;Jadeveon Clowney;Poona Ford;Bradley McDougald;K.J. Wright;Shaquill Griffin;Quinton Jefferson;Mychal Kendricks;Tre Flowers
2019_10_SEA_SF,2346,pass,-5.0,37.0,42.0,44.0,10:56,10:12,,10.0,7.0,2.0,6.0,"4 DL, 3 LB, 4 DB",;;;;;;;;;;,11,7,4,,,,00-0029892;00-0034847;00-0034073;00-0032058;00-0025415;00-0033307;00-0035719;00-0028177;00-0031345;00-0032234;00-0031238,Kyle Juszczyk;Mike McGlinchey;Ross Dwelley;Tevin Coleman;Joe Staley;Kendrick Bourne;Deebo Samuel Sr.;Mike Person;Jimmy Garoppolo;Laken Tomlinson;Weston Richburg,00-0032387;00-0029255;00-0031608;00-0031364;00-0034234;00-0030161;00-0028037;00-0033926;00-0032416;00-0029409;00-0034756,Jarran Reed;Bobby Wagner;Quandre Diggs;Jadeveon Clowney;Poona Ford;Bradley McDougald;K.J. Wright;Shaquill Griffin;Quinton Jefferson;Mychal Kendricks;Tre Flowers
2019_10_SEA_SF,2365,pass,9.0,42.0,33.0,7.0,10:12,10:05,,10.0,7.0,3.0,11.0,"3 DL, 3 LB, 5 DB",;;;;;;;;;;,11,5,4,ZONE_COVERAGE,COVER_2,False,00-0034847;00-0034073;00-0034860;00-0025415;00-0033307;00-0035719;00-0031687;00-0028177;00-0031345;00-0031238;00-0032234,Mike McGlinchey;Ross Dwelley;Dante Pettis;Joe Staley;Kendrick Bourne;Deebo Samuel Sr.;Raheem Mostert;Mike Person;Jimmy Garoppolo;Weston Richburg;Laken Tomlinson,00-0029255;00-0032387;00-0034755;00-0031608;00-0031364;00-0030161;00-0028037;00-0033926;00-0030484;00-0030059;00-0034756,Bobby Wagner;Jarran Reed;Shaquem Griffin;Quandre Diggs;Jadeveon Clowney;Bradley McDougald;K.J. Wright;Shaquill Griffin;Jamar Taylor;Ezekiel Ansah;Tre Flowers
2019_10_SEA_SF,2398,pass,0.0,33.0,33.0,3.0,10:05,10:02,,10.0,7.0,4.0,2.0,"4 DL, 2 LB, 5 DB",;;;;;;;;;;,11,7,6,MAN_COVERAGE,COVER_1,False,00-0034847;00-0034073;00-0032058;00-0034860;00-0025415;00-0033307;00-0035719;00-0028177;00-0031345;00-0031238;00-0032234,Mike McGlinchey;Ross Dwelley;Tevin Coleman;Dante Pettis;Joe Staley;Kendrick Bourne;Deebo Samuel Sr.;Mike Person;Jimmy Garoppolo;Weston Richburg;Laken Tomlinson,00-0029255;00-0032387;00-0031608;00-0031364;00-0030161;00-0028037;00-0033926;00-0027723;00-0032416;00-0030484;00-0034756,Bobby Wagner;Jarran Reed;Quandre Diggs;Jadeveon Clowney;Bradley McDougald;K.J. Wright;Shaquill Griffin;Al Woods;Quinton Jefferson;Jamar Taylor;Tre Flowers
2019_10_SEA_SF,2420,pass,7.0,67.0,60.0,33.0,10:02,9:29,,10.0,7.0,1.0,10.0,"4 DL, 2 LB, 5 DB",;;;;;;;;;;,11,7,5,ZONE_COVERAGE,COVER_3,False,00-0030505;00-0032384;00-0026166;00-0032211;00-0029263;00-0033387;00-0029664;00-0033594;00-0032443;00-0035640;00-0027869,D.J. Fluker;Germain Ifedi;Duane Brown;Tyler Lockett;Russell Wilson;Jacob Hollister;Josh Gordon;Chris Carson;Joey Hunt;DK Metcalf;Mike Iupati,00-0032057;00-0033870;00-0032164;00-0033010;00-0034815;00-0028092;00-0032413;00-0034096;00-0031253;00-0034982;00-0031298,Jaquiski Tartt;Solomon Thomas;Arik Armstead;Sheldon Day;Fred Warner;Richard Sherman;Ronald Blair;Emmanuel Moseley;K'Waun Williams;Dre Greenlaw;Jimmie Ward
2019_10_SEA_SF,2444,pass,7.0,60.0,53.0,36.0,9:29,8:53,,10.0,7.0,2.0,3.0,"4 DL, 2 LB, 5 DB",;;;;;;;;;;,11,6,3,ZONE_COVERAGE,COVER_4,False,00-0030505;00-0032384;00-0026166;00-0032211;00-0029263;00-0033387;00-0029664;00-0033594;00-0032443;00-0035640;00-0027869,D.J. Fluker;Germain Ifedi;Duane Brown;Tyler Lockett;Russell Wilson;Jacob Hollister;Josh Gordon;Chris Carson;Joey Hunt;DK Metcalf;Mike Iupati,00-0032057;00-0033870;00-0032164;00-0033010;00-0034815;00-0028092;00-0032413;00-0034096;00-0031253;00-0034982;00-0031298,Jaquiski Tartt;Solomon Thomas;Arik Armstead;Sheldon Day;Fred Warner;Richard Sherman;Ronald Blair;Emmanuel Moseley;K'Waun Williams;Dre Greenlaw;Jimmie Ward
2019_10_SEA_SF,2472,pass,0.0,53.0,53.0,7.0,8:53,8:46,,10.0,7.0,1.0,10.0,"4 DL, 3 LB, 4 DB",;;;;;;;;;;,11,6,4,ZONE_COVERAGE,COVER_4,True,00-0030505;00-0032384;00-0032211;00-0026166;00-0029263;00-0032466;00-0033387;00-0029664;00-0033594;00-0032443;00-0027869,D.J. Fluker;Germain Ifedi;Tyler Lockett;Duane Brown;Russell Wilson;George Fant;Jacob Hollister;Josh Gordon;Chris Carson;Joey Hunt;Mike Iupati,00-0032057;00-0033870;00-0032164;00-0033973;00-0033010;00-0034815;00-0032413;00-0028092;00-0034096;00-0034982;00-0031298,Jaquiski Tartt;Solomon Thomas;Arik Armstead;Elijah Lee;Sheldon Day;Fred Warner;Ronald Blair;Richard Sherman;Emmanuel Moseley;Dre Greenlaw;Jimmie Ward
2019_10_SEA_SF,2498,pass,5.0,53.0,48.0,44.0,8:46,8:02,,10.0,7.0,2.0,10.0,"4 DL, 2 LB, 5 DB",;;;;;;;;;;,11,6,5,ZONE_COVERAGE,COVER_3,False,00-0030505;00-0032384;00-0032211;00-0026166;00-0029263;00-0033387;00-0029664;00-0033594;00-0032443;00-0035640;00-0027869,D.J. Fluker;Germain Ifedi;Tyler Lockett;Duane Brown;Russell Wilson;Jacob Hollister;Josh Gordon;Chris Carson;Joey Hunt;DK Metcalf;Mike Iupati,00-0032057;00-0033870;00-0032164;00-0033010;00-0034815;00-0032413;00-0028092;00-0034096;00-0031253;00-0034982;00-0031298,Jaquiski Tartt;Solomon Thomas;Arik Armstead;Sheldon Day;Fred Warner;Ronald Blair;Richard Sherman;Emmanuel Moseley;K'Waun Williams;Dre Greenlaw;Jimmie Ward
2019_10_SEA_SF,2525,pass,-9.0,48.0,57.0,40.0,8:02,7:22,,10.0,7.0,3.0,5.0,"4 DL, 2 LB, 5 DB",;;;;;;;;;;,11,7,5,,,,00-0030505;00-0032384;00-0032211;00-0026166;00-0029263;00-0033387;00-0029664;00-0033594;00-0032443;00-0035640;00-0027869,D.J. Fluker;Germain Ifedi;Tyler Lockett;Duane Brown;Russell Wilson;Jacob Hollister;Josh Gordon;Chris Carson;Joey Hunt;DK Metcalf;Mike Iupati,00-0031297;00-0032057;00-0035717;00-0032164;00-0032378;00-0034815;00-0028092;00-0034096;00-0031253;00-0034982;00-0031298,Dee Ford;Jaquiski Tartt;Nick Bosa;Arik Armstead;DeForest Buckner;Fred Warner;Richard Sherman;Emmanuel Moseley;K'Waun Williams;Dre Greenlaw;Jimmie Ward
2019_10_SEA_SF,2548,no_play,0.0,57.0,57.0,8.0,7:22,7:14,,10.0,7.0,4.0,14.0,,;;;;;;;;;;,11,,,,,,00-0034755;00-0035142;00-0033387;00-0035594;00-0035672;00-0034160;00-0033024;00-0031156;00-0029329;00-0028292;00-0035143,Shaquem Griffin;Ugo Amadi;Jacob Hollister;Travis Homer;Cody Barton;Michael Dickson;Branden Jackson;Tyler Ott;Neiko Thorpe;Nick Bellore;Ben Burr-Kirven,00-0028903;00-0033307;00-0031687;00-0034730;00-0031961;00-0033973;00-0032413;00-0034384;00-0034096;00-0034263;00-0034286,Garrett Celek;Kendrick Bourne;Raheem Mostert;Marcell Harris;Mark Nzeocha;Elijah Lee;Ronald Blair;D.J. Reed;Emmanuel Moseley;Tarvarius Moore;Richie James
2019_10_SEA_SF,2589,punt,0.0,52.0,52.0,7.0,7:14,7:07,,10.0,7.0,4.0,9.0,,;;;;;;;;;;,11,,,,,,00-0034755;00-0035142;00-0033387;00-0035594;00-0035672;00-0034160;00-0033024;00-0031156;00-0029329;00-0028292;00-0035143,Shaquem Griffin;Ugo Amadi;Jacob Hollister;Travis Homer;Cody Barton;Michael Dickson;Branden Jackson;Tyler Ott;Neiko Thorpe;Nick Bellore;Ben Burr-Kirven,00-0028903;00-0033307;00-0031687;00-0034730;00-0031961;00-0033973;00-0032413;00-0034384;00-0034096;00-0034263;00-0034286,Garrett Celek;Kendrick Bourne;Raheem Mostert;Marcell Harris;Mark Nzeocha;Elijah Lee;Ronald Blair;D.J. Reed;Emmanuel Moseley;Tarvarius Moore;Richie James
2019_10_SEA_SF,2607,run,3.0,70.0,67.0,39.0,7:07,6:28,,10.0,7.0,1.0,10.0,"4 DL, 3 LB, 4 DB",;;;;;;;;;;,11,8,,,,,00-0029892;00-0033308;00-0034847;00-0034073;00-0025415;00-0033307;00-0035719;00-0028177;00-0031345;00-0032234;00-0031238,Kyle Juszczyk;Matt Breida;Mike McGlinchey;Ross Dwelley;Joe Staley;Kendrick Bourne;Deebo Samuel Sr.;Mike Person;Jimmy Garoppolo;Laken Tomlinson;Weston Richburg,00-0029255;00-0031608;00-0034831;00-0034234;00-0030161;00-0028037;00-0033926;00-0027723;00-0032416;00-0029409;00-0034756,Bobby Wagner;Quandre Diggs;Rasheem Green;Poona Ford;Bradley McDougald;K.J. Wright;Shaquill Griffin;Al Woods;Quinton Jefferson;Mychal Kendricks;Tre Flowers
2019_10_SEA_SF,2628,pass,8.0,67.0,59.0,9.0,6:28,6:19,,10.0,7.0,2.0,7.0,"4 DL, 3 LB, 4 DB",;;;;;;;;;;,11,7,4,ZONE_COVERAGE,COVER_6,False,00-0033308;00-0034847;00-0034073;00-0034860;00-0025415;00-0033307;00-0035719;00-0028177;00-0031345;00-0032234;00-0031238,Matt Breida;Mike McGlinchey;Ross Dwelley;Dante Pettis;Joe Staley;Kendrick Bourne;Deebo Samuel Sr.;Mike Person;Jimmy Garoppolo;Laken Tomlinson;Weston Richburg,00-0029255;00-0031608;00-0034831;00-0034234;00-0030161;00-0028037;00-0033926;00-0027723;00-0032416;00-0029409;00-0034756,Bobby Wagner;Quandre Diggs;Rasheem Green;Poona Ford;Bradley McDougald;K.J. Wright;Shaquill Griffin;Al Woods;Quinton Jefferson;Mychal Kendricks;Tre Flowers
2019_10_SEA_SF,2710,turnover,0.0,59.0,59.0,12.0,6:19,6:07,,10.0,7.0,1.0,10.0,"4 DL, 3 LB, 4 DB",;;;;;;;;;;,11,7,7,MAN_COVERAGE,COVER_1,True,00-0033308;00-0034847;00-0034073;00-0025415;00-0033307;00-0035719;00-0028177;00-0030068;00-0031345;00-0032234;00-0031238,Matt Breida;Mike McGlinchey;Ross Dwelley;Joe Staley;Kendrick Bourne;Deebo Samuel Sr.;Mike Person;Marquise Goodwin;Jimmy Garoppolo;Laken Tomlinson;Weston Richburg,00-0032387;00-0029255;00-0031608;00-0031364;00-0030161;00-0028037;00-0033926;00-0027723;00-0033024;00-0029409;00-0034756,Jarran Reed;Bobby Wagner;Quandre Diggs;Jadeveon Clowney;Bradley McDougald;K.J. Wright;Shaquill Griffin;Al Woods;Branden Jackson;Mychal Kendricks;Tre Flowers
2019_10_SEA_SF,2736,run,-1.0,16.0,17.0,41.0,6:07,5:26,,10.0,7.0,1.0,10.0,"4 DL, 2 LB, 5 DB",;;;;;;;;;;,11,6,,,,,00-0034867;00-0030505;00-0032384;00-0032211;00-0026166;00-0029263;00-0033387;00-0033594;00-0032443;00-0035640;00-0027869,Malik Turner;D.J. Fluker;Germain Ifedi;Tyler Lockett;Duane Brown;Russell Wilson;Jacob Hollister;Chris Carson;Joey Hunt;DK Metcalf;Mike Iupati,00-0032057;00-0035717;00-0033870;00-0032164;00-0032378;00-0034815;00-0028092;00-0034096;00-0031253;00-0034982;00-0031298,Jaquiski Tartt;Nick Bosa;Solomon Thomas;Arik Armstead;DeForest Buckner;Fred Warner;Richard Sherman;Emmanuel Moseley;K'Waun Williams;Dre Greenlaw;Jimmie Ward
2019_10_SEA_SF,2773,run,14.0,17.0,3.0,42.0,5:26,4:44,,10.0,7.0,2.0,11.0,"4 DL, 2 LB, 5 DB",;;;;;;;;;;,11,6,4,,,,00-0030505;00-0032384;00-0026166;00-0032211;00-0029263;00-0033387;00-0029664;00-0033594;00-0032443;00-0035640;00-0027869,D.J. Fluker;Germain Ifedi;Duane Brown;Tyler Lockett;Russell Wilson;Jacob Hollister;Josh Gordon;Chris Carson;Joey Hunt;DK Metcalf;Mike Iupati,00-0032057;00-0035717;00-0033870;00-0032164;00-0032378;00-0034815;00-0028092;00-0034096;00-0031253;00-0034982;00-0031298,Jaquiski Tartt;Nick Bosa;Solomon Thomas;Arik Armstead;DeForest Buckner;Fred Warner;Richard Sherman;Emmanuel Moseley;K'Waun Williams;Dre Greenlaw;Jimmie Ward
2019_10_SEA_SF,2794,pass,3.0,3.0,0.0,7.0,4:44,4:37,,10.0,13.0,1.0,3.0,"5 DL, 1 LB, 5 DB",;;;;;;;;;;,11,8,6,MAN_COVERAGE,COVER_0,True,00-0030505;00-0032384;00-0032211;00-0026166;00-0029263;00-0033387;00-0033589;00-0033594;00-0032443;00-0035640;00-0027869,D.J. Fluker;Germain Ifedi;Tyler Lockett;Duane Brown;Russell Wilson;Jacob Hollister;David Moore;Chris Carson;Joey Hunt;DK Metcalf;Mike Iupati,00-0032057;00-0033870;00-0032164;00-0032378;00-0033010;00-0034815;00-0032413;00-0028092;00-0034096;00-0031253;00-0031298,Jaquiski Tartt;Solomon Thomas;Arik Armstead;DeForest Buckner;Sheldon Day;Fred Warner;Ronald Blair;Richard Sherman;Emmanuel Moseley;K'Waun Williams;Jimmie Ward
2019_10_SEA_SF,2819,extra_point,0.0,15.0,15.0,0.0,4:37,4:37,,10.0,14.0,,0.0,,;;;;;;;;;;,11,,,,,,00-0030505;00-0033740;00-0032384;00-0034729;00-0032466;00-0033387;00-0034160;00-0033024;00-0031156;00-0031492;00-0027869,D.J. Fluker;Jordan Roos;Germain Ifedi;Jamarco Jones;George Fant;Jacob Hollister;Michael Dickson;Branden Jackson;Tyler Ott;Jason Myers;Mike Iupati,00-0032057;00-0033870;00-0034730;00-0031961;00-0032164;00-0032378;00-0033973;00-0033010;00-0034815;00-0034096;00-0034263,Jaquiski Tartt;Solomon Thomas;Marcell Harris;Mark Nzeocha;Arik Armstead;DeForest Buckner;Elijah Lee;Sheldon Day;Fred Warner;Emmanuel Moseley;Tarvarius Moore
2019_10_SEA_SF,2835,kickoff,0.0,35.0,35.0,0.0,4:37,4:37,,10.0,14.0,,0.0,,;;;;;;;;;;,11,,,,,,00-0034755;00-0034867;00-0035142;00-0035594;00-0035672;00-0029329;00-0028292;00-0030484;00-0035143;00-0035139;00-0031492,Shaquem Griffin;Malik Turner;Ugo Amadi;Travis Homer;Cody Barton;Neiko Thorpe;Nick Bellore;Jamar Taylor;Ben Burr-Kirven;Marquise Blair;Jason Myers,00-0028903;00-0034860;00-0033307;00-0033870;00-0031687;00-0034730;00-0031961;00-0033973;00-0032413;00-0034263;00-0034286,Garrett Celek;Dante Pettis;Kendrick Bourne;Solomon Thomas;Raheem Mostert;Marcell Harris;Mark Nzeocha;Elijah Lee;Ronald Blair;Tarvarius Moore;Richie James
2019_10_SEA_SF,2850,no_play,0.0,75.0,75.0,17.0,4:37,4:20,,10.0,14.0,1.0,10.0,"4 DL, 3 LB, 4 DB",;;;;;;;;;;,11,7,,,,,00-0029892;00-0034847;00-0034073;00-0032058;00-0025415;00-0033307;00-0035719;00-0028177;00-0031345;00-0032234;00-0031238,Kyle Juszczyk;Mike McGlinchey;Ross Dwelley;Tevin Coleman;Joe Staley;Kendrick Bourne;Deebo Samuel Sr.;Mike Person;Jimmy Garoppolo;Laken Tomlinson;Weston Richburg,00-0029255;00-0031608;00-0031364;00-0034234;00-0030161;00-0028037;00-0033926;00-0027723;00-0032416;00-0029409;00-0034756,Bobby Wagner;Quandre Diggs;Jadeveon Clowney;Poona Ford;Bradley McDougald;K.J. Wright;Shaquill Griffin;Al Woods;Quinton Jefferson;Mychal Kendricks;Tre Flowers
2019_10_SEA_SF,2880,pass,0.0,60.0,60.0,6.0,4:20,4:14,,10.0,14.0,1.0,10.0,"4 DL, 3 LB, 4 DB",;;;;;;;;;;,11,8,6,ZONE_COVERAGE,COVER_3,True,00-0029892;00-0034847;00-0034073;00-0032058;00-0025415;00-0033307;00-0035719;00-0028177;00-0031345;00-0031238;00-0032234,Kyle Juszczyk;Mike McGlinchey;Ross Dwelley;Tevin Coleman;Joe Staley;Kendrick Bourne;Deebo Samuel Sr.;Mike Person;Jimmy Garoppolo;Weston Richburg;Laken Tomlinson,00-0029255;00-0031608;00-0031364;00-0034234;00-0030161;00-0028037;00-0033926;00-0027723;00-0032416;00-0029409;00-0034756,Bobby Wagner;Quandre Diggs;Jadeveon Clowney;Poona Ford;Bradley McDougald;K.J. Wright;Shaquill Griffin;Al Woods;Quinton Jefferson;Mychal Kendricks;Tre Flowers
2019_10_SEA_SF,2902,pass,2.0,60.0,58.0,28.0,4:14,3:46,,10.0,14.0,2.0,10.0,"4 DL, 3 LB, 4 DB",;;;;;;;;;;,11,6,3,ZONE_COVERAGE,COVER_4,False,00-0034847;00-0034073;00-0034860;00-0032058;00-0025415;00-0033307;00-0035719;00-0028177;00-0031345;00-0031238;00-0032234,Mike McGlinchey;Ross Dwelley;Dante Pettis;Tevin Coleman;Joe Staley;Kendrick Bourne;Deebo Samuel Sr.;Mike Person;Jimmy Garoppolo;Weston Richburg;Laken Tomlinson,00-0029255;00-0031608;00-0031364;00-0034234;00-0030161;00-0028037;00-0033926;00-0027723;00-0032416;00-0029409;00-0034756,Bobby Wagner;Quandre Diggs;Jadeveon Clowney;Poona Ford;Bradley McDougald;K.J. Wright;Shaquill Griffin;Al Woods;Quinton Jefferson;Mychal Kendricks;Tre Flowers
2019_10_SEA_SF,2937,turnover,-8.0,68.0,76.0,7.0,3:46,3:39,,10.0,14.0,2.0,18.0,"4 DL, 3 LB, 4 DB",;;;;;;;;;;,11,6,4,,,,00-0033307;00-0034860;00-0028177;00-0032234;00-0031345;00-0035719;00-0031238;00-0034073;00-0025415;00-0031687;00-0034847,Kendrick Bourne;Dante Pettis;Mike Person;Laken Tomlinson;Jimmy Garoppolo;Deebo Samuel Sr.;Weston Richburg;Ross Dwelley;Joe Staley;Raheem Mostert;Mike McGlinchey,00-0033926;00-0034756;00-0032387;00-0031364;00-0033024;00-0030161;00-0031608;00-0029409;00-0029255;00-0028037;00-0034234,Shaquill Griffin;Tre Flowers;Jarran Reed;Jadeveon Clowney;Branden Jackson;Bradley McDougald;Quandre Diggs;Mychal Kendricks;Bobby Wagner;K.J. Wright;Poona Ford
2019_10_SEA_SF,2970,run,4.0,24.0,20.0,40.0,3:39,2:59,,10.0,14.0,1.0,10.0,"4 DL, 3 LB, 4 DB",;;;;;;;;;;,11,6,,,,,00-0027869;00-0033387;00-0032466;00-0033594;00-0035640;00-0032211;00-0029263;00-0032443;00-0026166;00-0030505;00-0032384,Mike Iupati;Jacob Hollister;George Fant;Chris Carson;DK Metcalf;Tyler Lockett;Russell Wilson;Joey Hunt;Duane Brown;D.J. Fluker;Germain Ifedi,00-0032378;00-0033010;00-0035717;00-0028092;00-0034096;00-0034263;00-0032057;00-0033973;00-0032164;00-0034982;00-0034815,DeForest Buckner;Sheldon Day;Nick Bosa;Richard Sherman;Emmanuel Moseley;Tarvarius Moore;Jaquiski Tartt;Elijah Lee;Arik Armstead;Dre Greenlaw;Fred Warner
2019_10_SEA_SF,2991,pass,10.0,20.0,10.0,42.0,2:59,2:17,,10.0,14.0,2.0,6.0,"4 DL, 2 LB, 5 DB",;;;;;;;;;;,11,6,4,ZONE_COVERAGE,COVER_3,False,00-0027869;00-0033387;00-0033594;00-0035640;00-0032211;00-0029263;00-0032443;00-0026166;00-0030505;00-0034867;00-0032384,Mike Iupati;Jacob Hollister;Chris Carson;DK Metcalf;Tyler Lockett;Russell Wilson;Joey Hunt;Duane Brown;D.J. Fluker;Malik Turner;Germain Ifedi,00-0033010;00-0032378;00-0031298;00-0035717;00-0028092;00-0031253;00-0034096;00-0032057;00-0032164;00-0034815;00-0034982,Sheldon Day;DeForest Buckner;Jimmie Ward;Nick Bosa;Richard Sherman;K'Waun Williams;Emmanuel Moseley;Jaquiski Tartt;Arik Armstead;Fred Warner;Dre Greenlaw
2019_10_SEA_SF,3019,run,9.0,10.0,1.0,31.0,2:17,1:46,,10.0,14.0,1.0,10.0,"4 DL, 2 LB, 5 DB",;;;;;;;;;;,11,6,,,,,00-0030505;00-0032384;00-0032211;00-0026166;00-0029263;00-0033387;00-0033589;00-0033594;00-0032443;00-0035640;00-0027869,D.J. Fluker;Germain Ifedi;Tyler Lockett;Duane Brown;Russell Wilson;Jacob Hollister;David Moore;Chris Carson;Joey Hunt;DK Metcalf;Mike Iupati,00-0032057;00-0035717;00-0032164;00-0032378;00-0033010;00-0034815;00-0028092;00-0034096;00-0031253;00-0034982;00-0031298,Jaquiski Tartt;Nick Bosa;Arik Armstead;DeForest Buckner;Sheldon Day;Fred Warner;Richard Sherman;Emmanuel Moseley;K'Waun Williams;Dre Greenlaw;Jimmie Ward
2019_10_SEA_SF,3040,timeout,0.0,,,0.0,1:46,1:46,SEA,10.0,14.0,,0.0,,,0,,,,,,,,,
2019_10_SEA_SF,3057,run,1.0,1.0,0.0,4.0,1:46,1:42,,10.0,20.0,2.0,1.0,"5 DL, 2 LB, 4 DB",;;;;;;;;;;,11,9,,,,,00-0030505;00-0032384;00-0032211;00-0026166;00-0029263;00-0032466;00-0033387;00-0033594;00-0032443;00-0035640;00-0027869,D.J. Fluker;Germain Ifedi;Tyler Lockett;Duane Brown;Russell Wilson;George Fant;Jacob Hollister;Chris Carson;Joey Hunt;DK Metcalf;Mike Iupati,00-0032057;00-0033870;00-0032164;00-0032378;00-0033010;00-0034815;00-0032413;00-0028092;00-0034096;00-0034982;00-0031298,Jaquiski Tartt;Solomon Thomas;Arik Armstead;DeForest Buckner;Sheldon Day;Fred Warner;Ronald Blair;Richard Sherman;Emmanuel Moseley;Dre Greenlaw;Jimmie Ward
2019_10_SEA_SF,3079,extra_point,0.0,15.0,15.0,0.0,1:42,1:42,,10.0,21.0,,0.0,,;;;;;;;;;;,11,,,,,,00-0027869;00-0033387;00-0032466;00-0034160;00-0033024;00-0033740;00-0030505;00-0031156;00-0031492;00-0032384;00-0034729,Mike Iupati;Jacob Hollister;George Fant;Michael Dickson;Branden Jackson;Jordan Roos;D.J. Fluker;Tyler Ott;Jason Myers;Germain Ifedi;Jamarco Jones,00-0032378;00-0033010;00-0031298;00-0033870;00-0034096;00-0031961;00-0034263;00-0033973;00-0032057;00-0032164;00-0034815,DeForest Buckner;Sheldon Day;Jimmie Ward;Solomon Thomas;Emmanuel Moseley;Mark Nzeocha;Tarvarius Moore;Elijah Lee;Jaquiski Tartt;Arik Armstead;Fred Warner
2019_10_SEA_SF,3095,kickoff,0.0,35.0,35.0,0.0,1:42,1:42,,10.0,21.0,,0.0,,;;;;;;;;;;,11,,,,,,00-0034867;00-0034755;00-0035142;00-0035594;00-0035672;00-0029329;00-0028292;00-0030484;00-0035143;00-0031492;00-0035139,Malik Turner;Shaquem Griffin;Ugo Amadi;Travis Homer;Cody Barton;Neiko Thorpe;Nick Bellore;Jamar Taylor;Ben Burr-Kirven;Jason Myers;Marquise Blair,00-0028903;00-0033307;00-0033870;00-0031687;00-0034730;00-0031961;00-0033973;00-0032413;00-0034263;00-0031298;00-0034286,Garrett Celek;Kendrick Bourne;Solomon Thomas;Raheem Mostert;Marcell Harris;Mark Nzeocha;Elijah Lee;Ronald Blair;Tarvarius Moore;Jimmie Ward;Richie James
2019_10_SEA_SF,3110,pass,8.0,75.0,67.0,43.0,1:42,0:59,,10.0,21.0,1.0,10.0,"4 DL, 3 LB, 4 DB",;;;;;;;;;;,11,6,4,ZONE_COVERAGE,COVER_3,False,00-0029892;00-0033308;00-0034847;00-0034073;00-0025415;00-0033307;00-0035719;00-0028177;00-0032234;00-0031345;00-0031238,Kyle Juszczyk;Matt Breida;Mike McGlinchey;Ross Dwelley;Joe Staley;Kendrick Bourne;Deebo Samuel Sr.;Mike Person;Laken Tomlinson;Jimmy Garoppolo;Weston Richburg,00-0029255;00-0031608;00-0031364;00-0034234;00-0030161;00-0028037;00-0033926;00-0027723;00-0032416;00-0029409;00-0034756,Bobby Wagner;Quandre Diggs;Jadeveon Clowney;Poona Ford;Bradley McDougald;K.J. Wright;Shaquill Griffin;Al Woods;Quinton Jefferson;Mychal Kendricks;Tre Flowers
2019_10_SEA_SF,3134,run,1.0,67.0,66.0,38.0,0:59,0:21,,10.0,21.0,2.0,2.0,"4 DL, 3 LB, 4 DB",;;;;;;;;;;,11,8,,,,,00-0025415;00-0028177;00-0029892;00-0031238;00-0031345;00-0032234;00-0033307;00-0033308;00-0034847;00-0034073;00-0035719,Joe Staley;Mike Person;Kyle Juszczyk;Weston Richburg;Jimmy Garoppolo;Laken Tomlinson;Kendrick Bourne;Matt Breida;Mike McGlinchey;Ross Dwelley;Deebo Samuel Sr.,00-0027723;00-0028037;00-0029409;00-0029255;00-0030161;00-0031364;00-0031608;00-0032416;00-0033926;00-0034756;00-0034234,Al Woods;K.J. Wright;Mychal Kendricks;Bobby Wagner;Bradley McDougald;Jadeveon Clowney;Quandre Diggs;Quinton Jefferson;Shaquill Griffin;Tre Flowers;Poona Ford
2019_10_SEA_SF,3159,run,2.0,66.0,64.0,21.0,0:21,0:00,,10.0,21.0,3.0,1.0,"4 DL, 3 LB, 4 DB",;;;;;;;;;;,11,8,,,,,00-0029892;00-0034847;00-0034073;00-0032058;00-0025415;00-0033307;00-0035719;00-0028177;00-0031345;00-0032234;00-0031238,Kyle Juszczyk;Mike McGlinchey;Ross Dwelley;Tevin Coleman;Joe Staley;Kendrick Bourne;Deebo Samuel Sr.;Mike Person;Jimmy Garoppolo;Laken Tomlinson;Weston Richburg,00-0029255;00-0031608;00-0031364;00-0034234;00-0030161;00-0028037;00-0033926;00-0027723;00-0032416;00-0029409;00-0034756,Bobby Wagner;Quandre Diggs;Jadeveon Clowney;Poona Ford;Bradley McDougald;K.J. Wright;Shaquill Griffin;Al Woods;Quinton Jefferson;Mychal Kendricks;Tre Flowers
2019_10_SEA_SF,3180,start_quarter_4,,,,0.0,0:00,0:00,,10.0,21.0,,0.0,,,0,,,,,,,,,
2019_10_SEA_SF,3197,pass,0.0,64.0,64.0,4.0,15:00,14:56,,10.0,21.0,1.0,10.0,"4 DL, 3 LB, 4 DB",;;;;;;;;;;,11,6,3,MAN_COVERAGE,COVER_1,False,00-0033308;00-0034847;00-0034073;00-0025415;00-0033307;00-0035719;00-0028177;00-0030443;00-0031345;00-0032234;00-0031238,Matt Breida;Mike McGlinchey;Ross Dwelley;Joe Staley;Kendrick Bourne;Deebo Samuel Sr.;Mike Person;Levine Toilolo;Jimmy Garoppolo;Laken Tomlinson;Weston Richburg,00-0032387;00-0029255;00-0031608;00-0031364;00-0030161;00-0028037;00-0033926;00-0027723;00-0033024;00-0029409;00-0034756,Jarran Reed;Bobby Wagner;Quandre Diggs;Jadeveon Clowney;Bradley McDougald;K.J. Wright;Shaquill Griffin;Al Woods;Branden Jackson;Mychal Kendricks;Tre Flowers
2019_10_SEA_SF,3219,run,-1.0,64.0,65.0,38.0,14:56,14:18,,10.0,21.0,2.0,10.0,"4 DL, 3 LB, 4 DB",;;;;;;;;;;,11,7,,,,,00-0033308;00-0034847;00-0034073;00-0034860;00-0025415;00-0033307;00-0035719;00-0028177;00-0031345;00-0032234;00-0031238,Matt Breida;Mike McGlinchey;Ross Dwelley;Dante Pettis;Joe Staley;Kendrick Bourne;Deebo Samuel Sr.;Mike Person;Jimmy Garoppolo;Laken Tomlinson;Weston Richburg,00-0032387;00-0029255;00-0031608;00-0031364;00-0030161;00-0028037;00-0033926;00-0027723;00-0033024;00-0029409;00-0034756,Jarran Reed;Bobby Wagner;Quandre Diggs;Jadeveon Clowney;Bradley McDougald;K.J. Wright;Shaquill Griffin;Al Woods;Branden Jackson;Mychal Kendricks;Tre Flowers
2019_10_SEA_SF,3240,pass,0.0,65.0,65.0,4.0,14:18,14:14,,10.0,21.0,3.0,11.0,"4 DL, 2 LB, 5 DB",;;;;;;;;;;,11,5,4,ZONE_COVERAGE,COVER_6,False,00-0034847;00-0034073;00-0034860;00-0025415;00-0033307;00-0035719;00-0031687;00-0028177;00-0031345;00-0032234;00-0031238,Mike McGlinchey;Ross Dwelley;Dante Pettis;Joe Staley;Kendrick Bourne;Deebo Samuel Sr.;Raheem Mostert;Mike Person;Jimmy Garoppolo;Laken Tomlinson;Weston Richburg,00-0029255;00-0032387;00-0031608;00-0031364;00-0030161;00-0028037;00-0033926;00-0032416;00-0030484;00-0030059;00-0034756,Bobby Wagner;Jarran Reed;Quandre Diggs;Jadeveon Clowney;Bradley McDougald;K.J. Wright;Shaquill Griffin;Quinton Jefferson;Jamar Taylor;Ezekiel Ansah;Tre Flowers
2019_10_SEA_SF,3262,punt,0.0,65.0,65.0,10.0,14:14,14:04,,10.0,21.0,4.0,11.0,,;;;;;;;;;;,11,,,,,,00-0029892;00-0032057;00-0028903;00-0028374;00-0031687;00-0034730;00-0031961;00-0033973;00-0034941;00-0034263;00-0034982,Kyle Juszczyk;Jaquiski Tartt;Garrett Celek;Kyle Nelson;Raheem Mostert;Marcell Harris;Mark Nzeocha;Elijah Lee;Mitch Wishnowsky;Tarvarius Moore;Dre Greenlaw,00-0034867;00-0035142;00-0032211;00-0033387;00-0035594;00-0035672;00-0033589;00-0029329;00-0028292;00-0035143;00-0035139,Malik Turner;Ugo Amadi;Tyler Lockett;Jacob Hollister;Travis Homer;Cody Barton;David Moore;Neiko Thorpe;Nick Bellore;Ben Burr-Kirven;Marquise Blair
2019_10_SEA_SF,3279,run,6.0,80.0,74.0,27.0,14:04,13:37,,10.0,21.0,1.0,10.0,"4 DL, 2 LB, 5 DB",;;;;;;;;;;,11,7,4,,,,00-0030505;00-0032384;00-0032211;00-0026166;00-0029263;00-0033387;00-0029664;00-0033594;00-0032443;00-0035640;00-0027869,D.J. Fluker;Germain Ifedi;Tyler Lockett;Duane Brown;Russell Wilson;Jacob Hollister;Josh Gordon;Chris Carson;Joey Hunt;DK Metcalf;Mike Iupati,00-0032057;00-0035717;00-0033870;00-0032164;00-0032378;00-0034815;00-0028092;00-0034096;00-0031253;00-0034982;00-0031298,Jaquiski Tartt;Nick Bosa;Solomon Thomas;Arik Armstead;DeForest Buckner;Fred Warner;Richard Sherman;Emmanuel Moseley;K'Waun Williams;Dre Greenlaw;Jimmie Ward
2019_10_SEA_SF,3303,run,6.0,74.0,68.0,46.0,13:37,12:51,,10.0,21.0,2.0,4.0,"4 DL, 2 LB, 5 DB",;;;;;;;;;;,11,7,,,,,00-0034867;00-0030505;00-0032384;00-0026166;00-0032211;00-0029263;00-0033387;00-0033594;00-0032443;00-0035640;00-0027869,Malik Turner;D.J. Fluker;Germain Ifedi;Duane Brown;Tyler Lockett;Russell Wilson;Jacob Hollister;Chris Carson;Joey Hunt;DK Metcalf;Mike Iupati,00-0032057;00-0035717;00-0032164;00-0032378;00-0033010;00-0034815;00-0028092;00-0034096;00-0031253;00-0034982;00-0031298,Jaquiski Tartt;Nick Bosa;Arik Armstead;DeForest Buckner;Sheldon Day;Fred Warner;Richard Sherman;Emmanuel Moseley;K'Waun Williams;Dre Greenlaw;Jimmie Ward
2019_10_SEA_SF,3324,run,3.0,68.0,65.0,39.0,12:51,12:12,,10.0,21.0,1.0,10.0,"4 DL, 2 LB, 5 DB",;;;;;;;;;;,11,7,,,,,00-0034867;00-0030505;00-0032384;00-0032211;00-0026166;00-0029263;00-0032466;00-0033594;00-0032443;00-0035640;00-0027869,Malik Turner;D.J. Fluker;Germain Ifedi;Tyler Lockett;Duane Brown;Russell Wilson;George Fant;Chris Carson;Joey Hunt;DK Metcalf;Mike Iupati,00-0032057;00-0035717;00-0032164;00-0032378;00-0033010;00-0034815;00-0028092;00-0034096;00-0031253;00-0034982;00-0031298,Jaquiski Tartt;Nick Bosa;Arik Armstead;DeForest Buckner;Sheldon Day;Fred Warner;Richard Sherman;Emmanuel Moseley;K'Waun Williams;Dre Greenlaw;Jimmie Ward
2019_10_SEA_SF,3345,turnover,-12.0,65.0,77.0,11.0,12:12,12:01,,16.0,21.0,2.0,7.0,"4 DL, 2 LB, 5 DB",;;;;;;;;;;,11,6,5,,,,00-0027869;00-0033387;00-0033594;00-0035640;00-0032211;00-0029263;00-0032443;00-0026166;00-0030505;00-0032384;00-0029664,Mike Iupati;Jacob Hollister;Chris Carson;DK Metcalf;Tyler Lockett;Russell Wilson;Joey Hunt;Duane Brown;D.J. Fluker;Germain Ifedi;Josh Gordon,00-0032378;00-0033010;00-0031298;00-0035717;00-0028092;00-0031253;00-0034096;00-0032057;00-0032164;00-0034815;00-0034982,DeForest Buckner;Sheldon Day;Jimmie Ward;Nick Bosa;Richard Sherman;K'Waun Williams;Emmanuel Moseley;Jaquiski Tartt;Arik Armstead;Fred Warner;Dre Greenlaw
2019_10_SEA_SF,3398,pass,2.0,2.0,0.0,0.0,12:01,12:01,,18.0,21.0,,0.0,"4 DL, 3 LB, 4 DB",;;;;;;;;;;,11,7,,,,,00-0034847;00-0034073;00-0034860;00-0032058;00-0025415;00-0033307;00-0035719;00-0028177;00-0031345;00-0031238;00-0032234,Mike McGlinchey;Ross Dwelley;Dante Pettis;Tevin Coleman;Joe Staley;Kendrick Bourne;Deebo Samuel Sr.;Mike Person;Jimmy Garoppolo;Weston Richburg;Laken Tomlinson,00-0029255;00-0032387;00-0031608;00-0031364;00-0034234;00-0030161;00-0028037;00-0033926;00-0032416;00-0029409;00-0034756,Bobby Wagner;Jarran Reed;Quandre Diggs;Jadeveon Clowney;Poona Ford;Bradley McDougald;K.J. Wright;Shaquill Griffin;Quinton Jefferson;Mychal Kendricks;Tre Flowers
2019_10_SEA_SF,3412,kickoff,0.0,35.0,35.0,0.0,12:01,12:01,,18.0,21.0,,0.0,,;;;;;;;;;;,11,,,,,,00-0031687;00-0034730;00-0031961;00-0033973;00-0034384;00-0034941;00-0034096;00-0031253;00-0034263;00-0031298;00-0034286,Raheem Mostert;Marcell Harris;Mark Nzeocha;Elijah Lee;D.J. Reed;Mitch Wishnowsky;Emmanuel Moseley;K'Waun Williams;Tarvarius Moore;Jimmie Ward;Richie James,00-0034755;00-0034867;00-0035142;00-0032211;00-0033387;00-0035672;00-0033589;00-0033024;00-0029329;00-0028292;00-0035143,Shaquem Griffin;Malik Turner;Ugo Amadi;Tyler Lockett;Jacob Hollister;Cody Barton;David Moore;Branden Jackson;Neiko Thorpe;Nick Bellore;Ben Burr-Kirven
2019_10_SEA_SF,3427,pass,5.0,75.0,70.0,41.0,12:01,11:20,,18.0,21.0,1.0,10.0,"4 DL, 2 LB, 5 DB",;;;;;;;;;;,11,7,4,ZONE_COVERAGE,COVER_3,False,00-0030505;00-0032384;00-0026166;00-0032211;00-0029263;00-0033387;00-0033589;00-0033594;00-0032443;00-0035640;00-0027869,D.J. Fluker;Germain Ifedi;Duane Brown;Tyler Lockett;Russell Wilson;Jacob Hollister;David Moore;Chris Carson;Joey Hunt;DK Metcalf;Mike Iupati,00-0031297;00-0032057;00-0032378;00-0033010;00-0034815;00-0028092;00-0032413;00-0034096;00-0031253;00-0034982;00-0031298,Dee Ford;Jaquiski Tartt;DeForest Buckner;Sheldon Day;Fred Warner;Richard Sherman;Ronald Blair;Emmanuel Moseley;K'Waun Williams;Dre Greenlaw;Jimmie Ward
2019_10_SEA_SF,3451,run,2.0,70.0,68.0,47.0,11:20,10:33,,18.0,21.0,2.0,5.0,"4 DL, 2 LB, 5 DB",;;;;;;;;;;,11,7,,,,,00-0030505;00-0032384;00-0026166;00-0032211;00-0029263;00-0033387;00-0033589;00-0033594;00-0032443;00-0035640;00-0027869,D.J. Fluker;Germain Ifedi;Duane Brown;Tyler Lockett;Russell Wilson;Jacob Hollister;David Moore;Chris Carson;Joey Hunt;DK Metcalf;Mike Iupati,00-0031297;00-0032057;00-0032378;00-0033010;00-0034815;00-0032413;00-0028092;00-0034096;00-0031253;00-0034982;00-0031298,Dee Ford;Jaquiski Tartt;DeForest Buckner;Sheldon Day;Fred Warner;Ronald Blair;Richard Sherman;Emmanuel Moseley;K'Waun Williams;Dre Greenlaw;Jimmie Ward
2019_10_SEA_SF,3476,timeout,0.0,,,0.0,10:33,10:33,SEA,18.0,21.0,,0.0,,,0,,,,,,,,,
2019_10_SEA_SF,3493,pass,0.0,68.0,68.0,2.0,10:33,10:31,,18.0,21.0,3.0,3.0,"4 DL, 2 LB, 5 DB",;;;;;;;;;;,11,6,5,MAN_COVERAGE,COVER_1,False,00-0030505;00-0032384;00-0032211;00-0026166;00-0029263;00-0033387;00-0033589;00-0033594;00-0032443;00-0035640;00-0027869,D.J. Fluker;Germain Ifedi;Tyler Lockett;Duane Brown;Russell Wilson;Jacob Hollister;David Moore;Chris Carson;Joey Hunt;DK Metcalf;Mike Iupati,00-0031297;00-0032057;00-0035717;00-0032164;00-0032378;00-0034815;00-0028092;00-0034096;00-0031253;00-0034982;00-0031298,Dee Ford;Jaquiski Tartt;Nick Bosa;Arik Armstead;DeForest Buckner;Fred Warner;Richard Sherman;Emmanuel Moseley;K'Waun Williams;Dre Greenlaw;Jimmie Ward
2019_10_SEA_SF,3515,punt,0.0,68.0,68.0,9.0,10:31,10:22,,18.0,21.0,4.0,3.0,,;;;;;;;;;;,11,,,,,,00-0035142;00-0033387;00-0035594;00-0035672;00-0034160;00-0028037;00-0033024;00-0031156;00-0029329;00-0028292;00-0035143,Ugo Amadi;Jacob Hollister;Travis Homer;Cody Barton;Michael Dickson;K.J. Wright;Branden Jackson;Tyler Ott;Neiko Thorpe;Nick Bellore;Ben Burr-Kirven,00-0028903;00-0033307;00-0031687;00-0034730;00-0031961;00-0033973;00-0032413;00-0034384;00-0034096;00-0034263;00-0034286,Garrett Celek;Kendrick Bourne;Raheem Mostert;Marcell Harris;Mark Nzeocha;Elijah Lee;Ronald Blair;D.J. Reed;Emmanuel Moseley;Tarvarius Moore;Richie James
2019_10_SEA_SF,3563,run,4.0,69.0,65.0,40.0,10:22,9:42,,18.0,21.0,1.0,10.0,"4 DL, 3 LB, 4 DB",;;;;;;;;;;,11,6,,,,,00-0029892;00-0034847;00-0032058;00-0025415;00-0033307;00-0035719;00-0028177;00-0030443;00-0031238;00-0031345;00-0032234,Kyle Juszczyk;Mike McGlinchey;Tevin Coleman;Joe Staley;Kendrick Bourne;Deebo Samuel Sr.;Mike Person;Levine Toilolo;Weston Richburg;Jimmy Garoppolo;Laken Tomlinson,00-0029255;00-0031608;00-0031364;00-0034234;00-0030161;00-0028037;00-0033926;00-0027723;00-0032416;00-0029409;00-0034756,Bobby Wagner;Quandre Diggs;Jadeveon Clowney;Poona Ford;Bradley McDougald;K.J. Wright;Shaquill Griffin;Al Woods;Quinton Jefferson;Mychal Kendricks;Tre Flowers
2019_10_SEA_SF,3584,pass,24.0,65.0,41.0,39.0,9:42,9:03,,18.0,21.0,2.0,6.0,"4 DL, 3 LB, 4 DB",;;;;;;;;;;,11,7,5,ZONE_COVERAGE,COVER_3,False,00-0029892;00-0034847;00-0034073;00-0032058;00-0025415;00-0035719;00-0028177;00-0030443;00-0031345;00-0031238;00-0032234,Kyle Juszczyk;Mike McGlinchey;Ross Dwelley;Tevin Coleman;Joe Staley;Deebo Samuel Sr.;Mike Person;Levine Toilolo;Jimmy Garoppolo;Weston Richburg;Laken Tomlinson,00-0029255;00-0031608;00-0031364;00-0034234;00-0030161;00-0028037;00-0033926;00-0027723;00-0032416;00-0029409;00-0034756,Bobby Wagner;Quandre Diggs;Jadeveon Clowney;Poona Ford;Bradley McDougald;K.J. Wright;Shaquill Griffin;Al Woods;Quinton Jefferson;Mychal Kendricks;Tre Flowers
2019_10_SEA_SF,3608,run,8.0,41.0,33.0,45.0,9:03,8:18,,18.0,21.0,1.0,10.0,"4 DL, 3 LB, 4 DB",;;;;;;;;;;,11,7,,,,,00-0029892;00-0034847;00-0034073;00-0034860;00-0025415;00-0031687;00-0028177;00-0030443;00-0031345;00-0032234;00-0031238,Kyle Juszczyk;Mike McGlinchey;Ross Dwelley;Dante Pettis;Joe Staley;Raheem Mostert;Mike Person;Levine Toilolo;Jimmy Garoppolo;Laken Tomlinson;Weston Richburg,00-0032387;00-0029255;00-0031608;00-0031364;00-0034234;00-0030161;00-0028037;00-0033926;00-0032416;00-0029409;00-0034756,Jarran Reed;Bobby Wagner;Quandre Diggs;Jadeveon Clowney;Poona Ford;Bradley McDougald;K.J. Wright;Shaquill Griffin;Quinton Jefferson;Mychal Kendricks;Tre Flowers
2019_10_SEA_SF,3633,pass,10.0,33.0,23.0,37.0,8:18,7:41,,18.0,21.0,2.0,2.0,"4 DL, 3 LB, 4 DB",;;;;;;;;;;,11,8,5,MAN_COVERAGE,COVER_1,False,00-0029892;00-0034847;00-0034860;00-0034073;00-0025415;00-0031687;00-0028177;00-0030443;00-0031238;00-0031345;00-0032234,Kyle Juszczyk;Mike McGlinchey;Dante Pettis;Ross Dwelley;Joe Staley;Raheem Mostert;Mike Person;Levine Toilolo;Weston Richburg;Jimmy Garoppolo;Laken Tomlinson,00-0032387;00-0029255;00-0031608;00-0031364;00-0034234;00-0030161;00-0028037;00-0033926;00-0033024;00-0029409;00-0034756,Jarran Reed;Bobby Wagner;Quandre Diggs;Jadeveon Clowney;Poona Ford;Bradley McDougald;K.J. Wright;Shaquill Griffin;Branden Jackson;Mychal Kendricks;Tre Flowers
2019_10_SEA_SF,3657,run,7.0,23.0,16.0,32.0,7:41,7:09,,18.0,21.0,1.0,10.0,"4 DL, 3 LB, 4 DB",;;;;;;;;;;,11,8,,,,,00-0029892;00-0034847;00-0034073;00-0034860;00-0025415;00-0031687;00-0028177;00-0030443;00-0031345;00-0032234;00-0031238,Kyle Juszczyk;Mike McGlinchey;Ross Dwelley;Dante Pettis;Joe Staley;Raheem Mostert;Mike Person;Levine Toilolo;Jimmy Garoppolo;Laken Tomlinson;Weston Richburg,00-0029255;00-0032387;00-0031608;00-0031364;00-0034234;00-0030161;00-0028037;00-0033926;00-0033024;00-0029409;00-0034756,Bobby Wagner;Jarran Reed;Quandre Diggs;Jadeveon Clowney;Poona Ford;Bradley McDougald;K.J. Wright;Shaquill Griffin;Branden Jackson;Mychal Kendricks;Tre Flowers
2019_10_SEA_SF,3682,pass,-5.0,16.0,21.0,43.0,7:09,6:26,,18.0,21.0,2.0,3.0,"4 DL, 3 LB, 4 DB",;;;;;;;;;;,11,6,3,,,,00-0034847;00-0034073;00-0032058;00-0025415;00-0033307;00-0035719;00-0028177;00-0030443;00-0031345;00-0032234;00-0031238,Mike McGlinchey;Ross Dwelley;Tevin Coleman;Joe Staley;Kendrick Bourne;Deebo Samuel Sr.;Mike Person;Levine Toilolo;Jimmy Garoppolo;Laken Tomlinson;Weston Richburg,00-0029255;00-0031608;00-0032387;00-0031364;00-0030161;00-0035672;00-0033926;00-0027723;00-0032416;00-0029409;00-0034756,Bobby Wagner;Quandre Diggs;Jarran Reed;Jadeveon Clowney;Bradley McDougald;Cody Barton;Shaquill Griffin;Al Woods;Quinton Jefferson;Mychal Kendricks;Tre Flowers
2019_10_SEA_SF,3705,pass,0.0,21.0,21.0,5.0,6:26,6:21,,18.0,21.0,3.0,8.0,"4 DL, 2 LB, 5 DB",;;;;;;;;;;,11,7,5,ZONE_COVERAGE,COVER_3,True,00-0034847;00-0034073;00-0034860;00-0032058;00-0025415;00-0033307;00-0035719;00-0028177;00-0031345;00-0032234;00-0031238,Mike McGlinchey;Ross Dwelley;Dante Pettis;Tevin Coleman;Joe Staley;Kendrick Bourne;Deebo Samuel Sr.;Mike Person;Jimmy Garoppolo;Laken Tomlinson;Weston Richburg,00-0029255;00-0032387;00-0031608;00-0031364;00-0030161;00-0033926;00-0032416;00-0030484;00-0029409;00-0030059;00-0034756,Bobby Wagner;Jarran Reed;Quandre Diggs;Jadeveon Clowney;Bradley McDougald;Shaquill Griffin;Quinton Jefferson;Jamar Taylor;Mychal Kendricks;Ezekiel Ansah;Tre Flowers
2019_10_SEA_SF,3727,field_goal,0.0,21.0,21.0,4.0,6:21,6:17,,21.0,21.0,4.0,8.0,,;;;;;;;;;;,11,,,,,,00-0034847;00-0033221;00-0028374;00-0035358;00-0028177;00-0032164;00-0032378;00-0033010;00-0034941;00-0032234;00-0031238,Mike McGlinchey;Daniel Brunskill;Kyle Nelson;Chase McLaughlin;Mike Person;Arik Armstead;DeForest Buckner;Sheldon Day;Mitch Wishnowsky;Laken Tomlinson;Weston Richburg,00-0032387;00-0029255;00-0034831;00-0034234;00-0030161;00-0035672;00-0033926;00-0032416;00-0029409;00-0035139;00-0034756,Jarran Reed;Bobby Wagner;Rasheem Green;Poona Ford;Bradley McDougald;Cody Barton;Shaquill Griffin;Quinton Jefferson;Mychal Kendricks;Marquise Blair;Tre Flowers
2019_10_SEA_SF,3746,kickoff,0.0,35.0,35.0,0.0,6:17,6:17,,21.0,21.0,,0.0,,;;;;;;;;;;,11,,,,,,00-0032057;00-0031687;00-0034730;00-0031961;00-0033973;00-0034384;00-0034941;00-0031253;00-0034263;00-0031298;00-0034286,Jaquiski Tartt;Raheem Mostert;Marcell Harris;Mark Nzeocha;Elijah Lee;D.J. Reed;Mitch Wishnowsky;K'Waun Williams;Tarvarius Moore;Jimmie Ward;Richie James,00-0034755;00-0034867;00-0035142;00-0032211;00-0033387;00-0035672;00-0033589;00-0033024;00-0029329;00-0028292;00-0035143,Shaquem Griffin;Malik Turner;Ugo Amadi;Tyler Lockett;Jacob Hollister;Cody Barton;David Moore;Branden Jackson;Neiko Thorpe;Nick Bellore;Ben Burr-Kirven
2019_10_SEA_SF,3761,pass,8.0,75.0,67.0,20.0,6:17,5:57,,21.0,21.0,1.0,10.0,"4 DL, 2 LB, 5 DB",;;;;;;;;;;,11,7,4,ZONE_COVERAGE,COVER_4,False,00-0030505;00-0032384;00-0026166;00-0032211;00-0029263;00-0033387;00-0029664;00-0033594;00-0032443;00-0035640;00-0027869,D.J. Fluker;Germain Ifedi;Duane Brown;Tyler Lockett;Russell Wilson;Jacob Hollister;Josh Gordon;Chris Carson;Joey Hunt;DK Metcalf;Mike Iupati,00-0032057;00-0035717;00-0033870;00-0032164;00-0032378;00-0034815;00-0028092;00-0034096;00-0031253;00-0034982;00-0031298,Jaquiski Tartt;Nick Bosa;Solomon Thomas;Arik Armstead;DeForest Buckner;Fred Warner;Richard Sherman;Emmanuel Moseley;K'Waun Williams;Dre Greenlaw;Jimmie Ward
2019_10_SEA_SF,3789,run,1.0,67.0,66.0,42.0,5:57,5:15,,21.0,21.0,2.0,2.0,"4 DL, 2 LB, 5 DB",;;;;;;;;;;,11,7,,,,,00-0030505;00-0032384;00-0026166;00-0032211;00-0029263;00-0033387;00-0029664;00-0033594;00-0032443;00-0035640;00-0027869,D.J. Fluker;Germain Ifedi;Duane Brown;Tyler Lockett;Russell Wilson;Jacob Hollister;Josh Gordon;Chris Carson;Joey Hunt;DK Metcalf;Mike Iupati,00-0032057;00-0035717;00-0033870;00-0032164;00-0032378;00-0034815;00-0028092;00-0034384;00-0034096;00-0034982;00-0031298,Jaquiski Tartt;Nick Bosa;Solomon Thomas;Arik Armstead;DeForest Buckner;Fred Warner;Richard Sherman;D.J. Reed;Emmanuel Moseley;Dre Greenlaw;Jimmie Ward
2019_10_SEA_SF,3814,run,2.0,66.0,64.0,39.0,5:15,4:36,,21.0,21.0,3.0,1.0,"4 DL, 2 LB, 5 DB",;;;;;;;;;;,11,7,,,,,00-0034867;00-0030505;00-0032384;00-0032211;00-0026166;00-0029263;00-0032466;00-0033594;00-0032443;00-0035640;00-0027869,Malik Turner;D.J. Fluker;Germain Ifedi;Tyler Lockett;Duane Brown;Russell Wilson;George Fant;Chris Carson;Joey Hunt;DK Metcalf;Mike Iupati,00-0032057;00-0035717;00-0033870;00-0032164;00-0032378;00-0034815;00-0034384;00-0028092;00-0034096;00-0034982;00-0031298,Jaquiski Tartt;Nick Bosa;Solomon Thomas;Arik Armstead;DeForest Buckner;Fred Warner;D.J. Reed;Richard Sherman;Emmanuel Moseley;Dre Greenlaw;Jimmie Ward
2019_10_SEA_SF,3835,pass,11.0,64.0,53.0,7.0,4:36,4:29,,21.0,21.0,1.0,10.0,"4 DL, 2 LB, 5 DB",;;;;;;;;;;,11,6,4,ZONE_COVERAGE,COVER_4,False,00-0034867;00-0030505;00-0032384;00-0026166;00-0032211;00-0029263;00-0033387;00-0033594;00-0032443;00-0035640;00-0027869,Malik Turner;D.J. Fluker;Germain Ifedi;Duane Brown;Tyler Lockett;Russell Wilson;Jacob Hollister;Chris Carson;Joey Hunt;DK Metcalf;Mike Iupati,00-0032057;00-0035717;00-0033870;00-0032164;00-0032378;00-0034815;00-0028092;00-0034096;00-0031253;00-0031298;00-0034982,Jaquiski Tartt;Nick Bosa;Solomon Thomas;Arik Armstead;DeForest Buckner;Fred Warner;Richard Sherman;Emmanuel Moseley;K'Waun Williams;Jimmie Ward;Dre Greenlaw
2019_10_SEA_SF,3864,run,5.0,53.0,48.0,44.0,4:29,3:45,,21.0,21.0,1.0,10.0,"4 DL, 2 LB, 5 DB",;;;;;;;;;;,11,7,4,,,,00-0034867;00-0030505;00-0032384;00-0032211;00-0026166;00-0029263;00-0032466;00-0033594;00-0032443;00-0035640;00-0027869,Malik Turner;D.J. Fluker;Germain Ifedi;Tyler Lockett;Duane Brown;Russell Wilson;George Fant;Chris Carson;Joey Hunt;DK Metcalf;Mike Iupati,00-0032057;00-0032164;00-0032378;00-0033010;00-0034815;00-0032413;00-0028092;00-0034096;00-0031253;00-0034982;00-0031298,Jaquiski Tartt;Arik Armstead;DeForest Buckner;Sheldon Day;Fred Warner;Ronald Blair;Richard Sherman;Emmanuel Moseley;K'Waun Williams;Dre Greenlaw;Jimmie Ward
2019_10_SEA_SF,3889,run,-1.0,48.0,49.0,33.0,3:45,3:12,,21.0,21.0,2.0,5.0,"4 DL, 2 LB, 5 DB",;;;;;;;;;;,11,6,4,,,,00-0030505;00-0032384;00-0032211;00-0026166;00-0029263;00-0032466;00-0029664;00-0033594;00-0032443;00-0035640;00-0027869,D.J. Fluker;Germain Ifedi;Tyler Lockett;Duane Brown;Russell Wilson;George Fant;Josh Gordon;Chris Carson;Joey Hunt;DK Metcalf;Mike Iupati,00-0032057;00-0032164;00-0032378;00-0033010;00-0034815;00-0032413;00-0028092;00-0034096;00-0031253;00-0034982;00-0031298,Jaquiski Tartt;Arik Armstead;DeForest Buckner;Sheldon Day;Fred Warner;Ronald Blair;Richard Sherman;Emmanuel Moseley;K'Waun Williams;Dre Greenlaw;Jimmie Ward
2019_10_SEA_SF,3910,pass,13.0,49.0,36.0,40.0,3:12,2:32,,21.0,21.0,3.0,6.0,"4 DL, 2 LB, 5 DB",;;;;;;;;;;,11,6,4,MAN_COVERAGE,COVER_1,False,00-0030505;00-0032384;00-0032211;00-0026166;00-0029263;00-0033387;00-0029664;00-0033594;00-0032443;00-0035640;00-0027869,D.J. Fluker;Germain Ifedi;Tyler Lockett;Duane Brown;Russell Wilson;Jacob Hollister;Josh Gordon;Chris Carson;Joey Hunt;DK Metcalf;Mike Iupati,00-0031297;00-0032057;00-0035717;00-0032164;00-0032378;00-0034815;00-0028092;00-0034096;00-0031253;00-0034982;00-0031298,Dee Ford;Jaquiski Tartt;Nick Bosa;Arik Armstead;DeForest Buckner;Fred Warner;Richard Sherman;Emmanuel Moseley;K'Waun Williams;Dre Greenlaw;Jimmie Ward
2019_10_SEA_SF,3938,run,4.0,36.0,32.0,32.0,2:32,2:00,,21.0,21.0,1.0,10.0,"4 DL, 3 LB, 4 DB",;;;;;;;;;;,11,6,,,,,00-0030505;00-0032384;00-0032211;00-0026166;00-0029263;00-0032466;00-0033387;00-0033594;00-0032443;00-0035640;00-0027869,D.J. Fluker;Germain Ifedi;Tyler Lockett;Duane Brown;Russell Wilson;George Fant;Jacob Hollister;Chris Carson;Joey Hunt;DK Metcalf;Mike Iupati,00-0032057;00-0035717;00-0032164;00-0032378;00-0033973;00-0033010;00-0034815;00-0028092;00-0034096;00-0034982;00-0031298,Jaquiski Tartt;Nick Bosa;Arik Armstead;DeForest Buckner;Elijah Lee;Sheldon Day;Fred Warner;Richard Sherman;Emmanuel Moseley;Dre Greenlaw;Jimmie Ward
2019_10_SEA_SF,3980,run,5.0,32.0,27.0,5.0,2:00,1:55,,21.0,21.0,2.0,6.0,"4 DL, 2 LB, 5 DB",;;;;;;;;;;,11,7,,,,,00-0034867;00-0030505;00-0032384;00-0026166;00-0032211;00-0029263;00-0033387;00-0033594;00-0032443;00-0035640;00-0027869,Malik Turner;D.J. Fluker;Germain Ifedi;Duane Brown;Tyler Lockett;Russell Wilson;Jacob Hollister;Chris Carson;Joey Hunt;DK Metcalf;Mike Iupati,00-0032057;00-0035717;00-0032164;00-0032378;00-0033010;00-0034815;00-0028092;00-0034096;00-0031253;00-0034982;00-0031298,Jaquiski Tartt;Nick Bosa;Arik Armstead;DeForest Buckner;Sheldon Day;Fred Warner;Richard Sherman;Emmanuel Moseley;K'Waun Williams;Dre Greenlaw;Jimmie Ward
2019_10_SEA_SF,4001,timeout,0.0,,,0.0,1:55,1:55,SF,21.0,21.0,,0.0,,,0,,,,,,,,,
2019_10_SEA_SF,4018,run,-1.0,27.0,28.0,6.0,1:55,1:49,,21.0,21.0,3.0,1.0,"5 DL, 1 LB, 5 DB",;;;;;;;;;;,11,7,,,,,00-0034867;00-0030505;00-0032384;00-0026166;00-0032211;00-0029263;00-0033387;00-0033594;00-0032443;00-0035640;00-0027869,Malik Turner;D.J. Fluker;Germain Ifedi;Duane Brown;Tyler Lockett;Russell Wilson;Jacob Hollister;Chris Carson;Joey Hunt;DK Metcalf;Mike Iupati,00-0032057;00-0035717;00-0033870;00-0032164;00-0032378;00-0033010;00-0034815;00-0028092;00-0034096;00-0031253;00-0031298,Jaquiski Tartt;Nick Bosa;Solomon Thomas;Arik Armstead;DeForest Buckner;Sheldon Day;Fred Warner;Richard Sherman;Emmanuel Moseley;K'Waun Williams;Jimmie Ward
2019_10_SEA_SF,4039,timeout,0.0,,,0.0,1:49,1:49,SF,21.0,21.0,,0.0,,,0,,,,,,,,,
2019_10_SEA_SF,4056,timeout,0.0,,,0.0,1:49,1:49,SEA,21.0,21.0,,0.0,,,0,,,,,,,,,
2019_10_SEA_SF,4080,field_goal,0.0,28.0,28.0,4.0,1:49,1:45,,21.0,24.0,4.0,2.0,,;;;;;;;;;;,11,,,,,,00-0030505;00-0033740;00-0032384;00-0034729;00-0032466;00-0033387;00-0034160;00-0033024;00-0031156;00-0031492;00-0027869,D.J. Fluker;Jordan Roos;Germain Ifedi;Jamarco Jones;George Fant;Jacob Hollister;Michael Dickson;Branden Jackson;Tyler Ott;Jason Myers;Mike Iupati,00-0032057;00-0033870;00-0031961;00-0032164;00-0032378;00-0033973;00-0033010;00-0034815;00-0034096;00-0034263;00-0031298,Jaquiski Tartt;Solomon Thomas;Mark Nzeocha;Arik Armstead;DeForest Buckner;Elijah Lee;Sheldon Day;Fred Warner;Emmanuel Moseley;Tarvarius Moore;Jimmie Ward
2019_10_SEA_SF,4099,kickoff,0.0,35.0,35.0,6.0,1:45,1:39,,21.0,24.0,,0.0,,;;;;;;;;;;,11,,,,,,00-0034755;00-0034867;00-0035142;00-0035594;00-0035672;00-0029329;00-0028292;00-0030484;00-0035143;00-0035139;00-0031492,Shaquem Griffin;Malik Turner;Ugo Amadi;Travis Homer;Cody Barton;Neiko Thorpe;Nick Bellore;Jamar Taylor;Ben Burr-Kirven;Marquise Blair;Jason Myers,00-0028903;00-0033307;00-0033870;00-0031687;00-0034730;00-0031961;00-0033973;00-0034263;00-0034982;00-0031298;00-0034286,Garrett Celek;Kendrick Bourne;Solomon Thomas;Raheem Mostert;Marcell Harris;Mark Nzeocha;Elijah Lee;Tarvarius Moore;Dre Greenlaw;Jimmie Ward;Richie James
2019_10_SEA_SF,4123,pass,0.0,74.0,74.0,3.0,1:39,1:36,,21.0,24.0,1.0,10.0,"4 DL, 2 LB, 5 DB",;;;;;;;;;;,11,6,4,ZONE_COVERAGE,COVER_4,False,00-0034847;00-0034073;00-0032058;00-0034860;00-0025415;00-0033307;00-0035719;00-0028177;00-0031345;00-0032234;00-0031238,Mike McGlinchey;Ross Dwelley;Tevin Coleman;Dante Pettis;Joe Staley;Kendrick Bourne;Deebo Samuel Sr.;Mike Person;Jimmy Garoppolo;Laken Tomlinson;Weston Richburg,00-0032387;00-0029255;00-0031608;00-0031364;00-0030161;00-0028037;00-0033926;00-0032416;00-0030484;00-0030059;00-0034756,Jarran Reed;Bobby Wagner;Quandre Diggs;Jadeveon Clowney;Bradley McDougald;K.J. Wright;Shaquill Griffin;Quinton Jefferson;Jamar Taylor;Ezekiel Ansah;Tre Flowers
2019_10_SEA_SF,4145,pass,0.0,74.0,74.0,5.0,1:36,1:31,,21.0,24.0,2.0,10.0,"4 DL, 2 LB, 5 DB",;;;;;;;;;;,11,6,4,MAN_COVERAGE,2_MAN,False,00-0034847;00-0034073;00-0032058;00-0034860;00-0025415;00-0033307;00-0035719;00-0028177;00-0031345;00-0032234;00-0031238,Mike McGlinchey;Ross Dwelley;Tevin Coleman;Dante Pettis;Joe Staley;Kendrick Bourne;Deebo Samuel Sr.;Mike Person;Jimmy Garoppolo;Laken Tomlinson;Weston Richburg,00-0032387;00-0029255;00-0031608;00-0031364;00-0030161;00-0028037;00-0033926;00-0032416;00-0030484;00-0030059;00-0034756,Jarran Reed;Bobby Wagner;Quandre Diggs;Jadeveon Clowney;Bradley McDougald;K.J. Wright;Shaquill Griffin;Quinton Jefferson;Jamar Taylor;Ezekiel Ansah;Tre Flowers
2019_10_SEA_SF,4167,no_play,0.0,74.0,74.0,0.0,1:31,1:31,,21.0,24.0,3.0,10.0,"4 DL, 2 LB, 5 DB",;;;;;;;;;;,11,,,,,,00-0034847;00-0034073;00-0032058;00-0034860;00-0025415;00-0033307;00-0035719;00-0028177;00-0031345;00-0032234;00-0031238,Mike McGlinchey;Ross Dwelley;Tevin Coleman;Dante Pettis;Joe Staley;Kendrick Bourne;Deebo Samuel Sr.;Mike Person;Jimmy Garoppolo;Laken Tomlinson;Weston Richburg,00-0032387;00-0029255;00-0031608;00-0031364;00-0030161;00-0028037;00-0033926;00-0032416;00-0030484;00-0030059;00-0034756,Jarran Reed;Bobby Wagner;Quandre Diggs;Jadeveon Clowney;Bradley McDougald;K.J. Wright;Shaquill Griffin;Quinton Jefferson;Jamar Taylor;Ezekiel Ansah;Tre Flowers
2019_10_SEA_SF,4190,pass,5.0,69.0,64.0,15.0,1:31,1:16,,21.0,24.0,3.0,5.0,"3 DL, 3 LB, 5 DB",;;;;;;;;;;,11,6,4,ZONE_COVERAGE,COVER_3,False,00-0034847;00-0034073;00-0032058;00-0034860;00-0025415;00-0033307;00-0035719;00-0028177;00-0031345;00-0032234;00-0031238,Mike McGlinchey;Ross Dwelley;Tevin Coleman;Dante Pettis;Joe Staley;Kendrick Bourne;Deebo Samuel Sr.;Mike Person;Jimmy Garoppolo;Laken Tomlinson;Weston Richburg,00-0034755;00-0032387;00-0029255;00-0031608;00-0031364;00-0030161;00-0028037;00-0033926;00-0032416;00-0030484;00-0034756,Shaquem Griffin;Jarran Reed;Bobby Wagner;Quandre Diggs;Jadeveon Clowney;Bradley McDougald;K.J. Wright;Shaquill Griffin;Quinton Jefferson;Jamar Taylor;Tre Flowers
2019_10_SEA_SF,4214,pass,0.0,64.0,64.0,6.0,1:16,1:10,,21.0,24.0,1.0,10.0,"3 DL, 3 LB, 5 DB",;;;;;;;;;;,11,6,4,ZONE_COVERAGE,COVER_3,True,00-0034847;00-0034073;00-0032058;00-0034860;00-0025415;00-0033307;00-0035719;00-0028177;00-0031345;00-0032234;00-0031238,Mike McGlinchey;Ross Dwelley;Tevin Coleman;Dante Pettis;Joe Staley;Kendrick Bourne;Deebo Samuel Sr.;Mike Person;Jimmy Garoppolo;Laken Tomlinson;Weston Richburg,00-0034755;00-0032387;00-0029255;00-0031608;00-0031364;00-0030161;00-0028037;00-0033926;00-0032416;00-0030484;00-0034756,Shaquem Griffin;Jarran Reed;Bobby Wagner;Quandre Diggs;Jadeveon Clowney;Bradley McDougald;K.J. Wright;Shaquill Griffin;Quinton Jefferson;Jamar Taylor;Tre Flowers
2019_10_SEA_SF,4240,pass,16.0,64.0,48.0,21.0,1:10,0:49,,21.0,24.0,2.0,10.0,"3 DL, 3 LB, 5 DB",;;;;;;;;;;,11,5,4,ZONE_COVERAGE,COVER_2,False,00-0034847;00-0034073;00-0032058;00-0034860;00-0025415;00-0033307;00-0035719;00-0028177;00-0031345;00-0032234;00-0031238,Mike McGlinchey;Ross Dwelley;Tevin Coleman;Dante Pettis;Joe Staley;Kendrick Bourne;Deebo Samuel Sr.;Mike Person;Jimmy Garoppolo;Laken Tomlinson;Weston Richburg,00-0034755;00-0032387;00-0029255;00-0031608;00-0031364;00-0030161;00-0028037;00-0033926;00-0033024;00-0030484;00-0034756,Shaquem Griffin;Jarran Reed;Bobby Wagner;Quandre Diggs;Jadeveon Clowney;Bradley McDougald;K.J. Wright;Shaquill Griffin;Branden Jackson;Jamar Taylor;Tre Flowers
2019_10_SEA_SF,4264,pass,6.0,48.0,42.0,24.0,0:49,0:25,,21.0,24.0,1.0,10.0,"3 DL, 3 LB, 5 DB",;;;;;;;;;;,11,6,4,ZONE_COVERAGE,COVER_3,False,00-0034847;00-0034073;00-0034860;00-0032058;00-0025415;00-0033307;00-0035719;00-0028177;00-0031345;00-0031238;00-0032234,Mike McGlinchey;Ross Dwelley;Dante Pettis;Tevin Coleman;Joe Staley;Kendrick Bourne;Deebo Samuel Sr.;Mike Person;Jimmy Garoppolo;Weston Richburg;Laken Tomlinson,00-0029255;00-0032387;00-0034755;00-0031608;00-0031364;00-0030161;00-0028037;00-0033926;00-0033024;00-0030484;00-0034756,Bobby Wagner;Jarran Reed;Shaquem Griffin;Quandre Diggs;Jadeveon Clowney;Bradley McDougald;K.J. Wright;Shaquill Griffin;Branden Jackson;Jamar Taylor;Tre Flowers
2019_10_SEA_SF,4296,pass,5.0,42.0,37.0,7.0,0:25,0:18,,21.0,24.0,2.0,4.0,"4 DL, 2 LB, 5 DB",;;;;;;;;;;,11,5,4,ZONE_COVERAGE,COVER_3,False,00-0034860;00-0033307;00-0028177;00-0032234;00-0035719;00-0031345;00-0032058;00-0031238;00-0034073;00-0025415;00-0034847,Dante Pettis;Kendrick Bourne;Mike Person;Laken Tomlinson;Deebo Samuel Sr.;Jimmy Garoppolo;Tevin Coleman;Weston Richburg;Ross Dwelley;Joe Staley;Mike McGlinchey,00-0030484;00-0033926;00-0034756;00-0032387;00-0031364;00-0033024;00-0030161;00-0031608;00-0030059;00-0029255;00-0028037,Jamar Taylor;Shaquill Griffin;Tre Flowers;Jarran Reed;Jadeveon Clowney;Branden Jackson;Bradley McDougald;Quandre Diggs;Ezekiel Ansah;Bobby Wagner;K.J. Wright
2019_10_SEA_SF,4320,timeout,0.0,,,0.0,0:18,0:18,SF,21.0,24.0,,0.0,,,0,,,,,,,,,
2019_10_SEA_SF,4337,pass,8.0,37.0,29.0,11.0,0:18,0:07,,21.0,24.0,1.0,10.0,"4 DL, 2 LB, 5 DB",;;;;;;;;;;,11,6,5,ZONE_COVERAGE,COVER_3,False,00-0034847;00-0034073;00-0034860;00-0025415;00-0033307;00-0035719;00-0031687;00-0028177;00-0031345;00-0032234;00-0031238,Mike McGlinchey;Ross Dwelley;Dante Pettis;Joe Staley;Kendrick Bourne;Deebo Samuel Sr.;Raheem Mostert;Mike Person;Jimmy Garoppolo;Laken Tomlinson;Weston Richburg,00-0029255;00-0031608;00-0031364;00-0030161;00-0028037;00-0033926;00-0033024;00-0032416;00-0030484;00-0030059;00-0034756,Bobby Wagner;Quandre Diggs;Jadeveon Clowney;Bradley McDougald;K.J. Wright;Shaquill Griffin;Branden Jackson;Quinton Jefferson;Jamar Taylor;Ezekiel Ansah;Tre Flowers
2019_10_SEA_SF,4365,qb_spike,0.0,29.0,29.0,1.0,0:07,0:06,,21.0,24.0,2.0,2.0,"4 DL, 2 LB, 5 DB",;;;;;;;;;;,11,7,0,ZONE_COVERAGE,COVER_3,,00-0034847;00-0034073;00-0034860;00-0025415;00-0033307;00-0035719;00-0031687;00-0028177;00-0031345;00-0032234;00-0031238,Mike McGlinchey;Ross Dwelley;Dante Pettis;Joe Staley;Kendrick Bourne;Deebo Samuel Sr.;Raheem Mostert;Mike Person;Jimmy Garoppolo;Laken Tomlinson;Weston Richburg,00-0029255;00-0031608;00-0031364;00-0030161;00-0028037;00-0033926;00-0033024;00-0032416;00-0030484;00-0030059;00-0034756,Bobby Wagner;Quandre Diggs;Jadeveon Clowney;Bradley McDougald;K.J. Wright;Shaquill Griffin;Branden Jackson;Quinton Jefferson;Jamar Taylor;Ezekiel Ansah;Tre Flowers
2019_10_SEA_SF,4387,field_goal,0.0,29.0,29.0,5.0,0:06,0:01,,24.0,24.0,3.0,2.0,,;;;;;;;;;;,11,,,,,,00-0034847;00-0033221;00-0028374;00-0035358;00-0028177;00-0032164;00-0032378;00-0033010;00-0034941;00-0032234;00-0031238,Mike McGlinchey;Daniel Brunskill;Kyle Nelson;Chase McLaughlin;Mike Person;Arik Armstead;DeForest Buckner;Sheldon Day;Mitch Wishnowsky;Laken Tomlinson;Weston Richburg,00-0032387;00-0029255;00-0034831;00-0034234;00-0030161;00-0028037;00-0033926;00-0032416;00-0029409;00-0035139;00-0034756,Jarran Reed;Bobby Wagner;Rasheem Green;Poona Ford;Bradley McDougald;K.J. Wright;Shaquill Griffin;Quinton Jefferson;Mychal Kendricks;Marquise Blair;Tre Flowers
2019_10_SEA_SF,4406,kickoff,0.0,35.0,35.0,1.0,0:01,0:00,,24.0,24.0,,0.0,,;;;;;;;;;;,11,,,,,,00-0032057;00-0035358;00-0031687;00-0034730;00-0031961;00-0033973;00-0034384;00-0031253;00-0034263;00-0031298;00-0034286,Jaquiski Tartt;Chase McLaughlin;Raheem Mostert;Marcell Harris;Mark Nzeocha;Elijah Lee;D.J. Reed;K'Waun Williams;Tarvarius Moore;Jimmie Ward;Richie James,00-0034755;00-0034867;00-0035142;00-0032211;00-0033387;00-0035672;00-0033589;00-0033024;00-0029329;00-0028292;00-0035143,Shaquem Griffin;Malik Turner;Ugo Amadi;Tyler Lockett;Jacob Hollister;Cody Barton;David Moore;Branden Jackson;Neiko Thorpe;Nick Bellore;Ben Burr-Kirven
2019_10_SEA_SF,4428,start_quarter_5,,,,0.0,0:00,0:00,,24.0,24.0,,0.0,,,0,,,,,,,,,
2019_10_SEA_SF,4449,kickoff,0.0,35.0,35.0,0.0,10:00,10:00,,24.0,24.0,,0.0,,;;;;;;;;;;,11,,,,,,00-0032057;00-0031687;00-0034730;00-0031961;00-0033973;00-0034384;00-0034941;00-0031253;00-0034263;00-0031298;00-0034286,Jaquiski Tartt;Raheem Mostert;Marcell Harris;Mark Nzeocha;Elijah Lee;D.J. Reed;Mitch Wishnowsky;K'Waun Williams;Tarvarius Moore;Jimmie Ward;Richie James,00-0034755;00-0034867;00-0035142;00-0033387;00-0035594;00-0035672;00-0033589;00-0033024;00-0029329;00-0028292;00-0035143,Shaquem Griffin;Malik Turner;Ugo Amadi;Jacob Hollister;Travis Homer;Cody Barton;David Moore;Branden Jackson;Neiko Thorpe;Nick Bellore;Ben Burr-Kirven
2019_10_SEA_SF,4464,pass,7.0,75.0,68.0,25.0,10:00,9:35,,24.0,24.0,1.0,10.0,"4 DL, 2 LB, 5 DB",;;;;;;;;;;,11,6,4,ZONE_COVERAGE,COVER_4,True,00-0034867;00-0030505;00-0032384;00-0026166;00-0029263;00-0033387;00-0033589;00-0033594;00-0032443;00-0035640;00-0027869,Malik Turner;D.J. Fluker;Germain Ifedi;Duane Brown;Russell Wilson;Jacob Hollister;David Moore;Chris Carson;Joey Hunt;DK Metcalf;Mike Iupati,00-0032057;00-0035717;00-0033870;00-0032164;00-0032378;00-0034815;00-0028092;00-0034096;00-0031253;00-0034982;00-0031298,Jaquiski Tartt;Nick Bosa;Solomon Thomas;Arik Armstead;DeForest Buckner;Fred Warner;Richard Sherman;Emmanuel Moseley;K'Waun Williams;Dre Greenlaw;Jimmie Ward
2019_10_SEA_SF,4493,pass,0.0,68.0,68.0,4.0,9:35,9:31,,24.0,24.0,2.0,3.0,"4 DL, 2 LB, 5 DB",;;;;;;;;;;,11,7,4,MAN_COVERAGE,COVER_1,False,00-0034867;00-0030505;00-0032384;00-0026166;00-0029263;00-0033387;00-0033589;00-0033594;00-0032443;00-0035640;00-0027869,Malik Turner;D.J. Fluker;Germain Ifedi;Duane Brown;Russell Wilson;Jacob Hollister;David Moore;Chris Carson;Joey Hunt;DK Metcalf;Mike Iupati,00-0032057;00-0035717;00-0033870;00-0032164;00-0032378;00-0034815;00-0028092;00-0034096;00-0031253;00-0034982;00-0031298,Jaquiski Tartt;Nick Bosa;Solomon Thomas;Arik Armstead;DeForest Buckner;Fred Warner;Richard Sherman;Emmanuel Moseley;K'Waun Williams;Dre Greenlaw;Jimmie Ward
2019_10_SEA_SF,4519,pass,14.0,68.0,54.0,27.0,9:31,9:04,,24.0,24.0,3.0,3.0,"4 DL, 2 LB, 5 DB",;;;;;;;;;;,11,6,5,MAN_COVERAGE,COVER_1,False,00-0034867;00-0030505;00-0032384;00-0026166;00-0029263;00-0033387;00-0029664;00-0033594;00-0032443;00-0035640;00-0027869,Malik Turner;D.J. Fluker;Germain Ifedi;Duane Brown;Russell Wilson;Jacob Hollister;Josh Gordon;Chris Carson;Joey Hunt;DK Metcalf;Mike Iupati,00-0031297;00-0032057;00-0035717;00-0032164;00-0032378;00-0034815;00-0028092;00-0034096;00-0031253;00-0034982;00-0031298,Dee Ford;Jaquiski Tartt;Nick Bosa;Arik Armstead;DeForest Buckner;Fred Warner;Richard Sherman;Emmanuel Moseley;K'Waun Williams;Dre Greenlaw;Jimmie Ward
2019_10_SEA_SF,4543,pass,0.0,54.0,54.0,4.0,9:04,9:00,,24.0,24.0,1.0,10.0,"4 DL, 2 LB, 5 DB",;;;;;;;;;;,11,6,4,ZONE_COVERAGE,COVER_4,False,00-0034867;00-0030505;00-0032384;00-0026166;00-0029263;00-0033387;00-0029664;00-0033594;00-0032443;00-0035640;00-0027869,Malik Turner;D.J. Fluker;Germain Ifedi;Duane Brown;Russell Wilson;Jacob Hollister;Josh Gordon;Chris Carson;Joey Hunt;DK Metcalf;Mike Iupati,00-0032057;00-0035717;00-0033870;00-0032164;00-0032378;00-0034815;00-0028092;00-0034096;00-0031253;00-0034982;00-0031298,Jaquiski Tartt;Nick Bosa;Solomon Thomas;Arik Armstead;DeForest Buckner;Fred Warner;Richard Sherman;Emmanuel Moseley;K'Waun Williams;Dre Greenlaw;Jimmie Ward
2019_10_SEA_SF,4569,pass,-6.0,54.0,60.0,48.0,9:00,8:12,,24.0,24.0,2.0,10.0,"4 DL, 2 LB, 5 DB",;;;;;;;;;;,11,6,4,,,,00-0034867;00-0030505;00-0032384;00-0026166;00-0029263;00-0033387;00-0029664;00-0033594;00-0032443;00-0035640;00-0027869,Malik Turner;D.J. Fluker;Germain Ifedi;Duane Brown;Russell Wilson;Jacob Hollister;Josh Gordon;Chris Carson;Joey Hunt;DK Metcalf;Mike Iupati,00-0031297;00-0032057;00-0035717;00-0032164;00-0032378;00-0034815;00-0028092;00-0034096;00-0031253;00-0034982;00-0031298,Dee Ford;Jaquiski Tartt;Nick Bosa;Arik Armstead;DeForest Buckner;Fred Warner;Richard Sherman;Emmanuel Moseley;K'Waun Williams;Dre Greenlaw;Jimmie Ward
2019_10_SEA_SF,4597,pass,28.0,60.0,32.0,66.0,8:12,7:06,,24.0,24.0,3.0,16.0,"4 DL, 2 LB, 5 DB",;;;;;;;;;;,11,5,4,ZONE_COVERAGE,COVER_4,True,00-0034867;00-0030505;00-0032384;00-0026166;00-0029263;00-0033387;00-0033589;00-0033594;00-0032443;00-0035640;00-0027869,Malik Turner;D.J. Fluker;Germain Ifedi;Duane Brown;Russell Wilson;Jacob Hollister;David Moore;Chris Carson;Joey Hunt;DK Metcalf;Mike Iupati,00-0031297;00-0032057;00-0035717;00-0032164;00-0032378;00-0034815;00-0028092;00-0034096;00-0031253;00-0034982;00-0031298,Dee Ford;Jaquiski Tartt;Nick Bosa;Arik Armstead;DeForest Buckner;Fred Warner;Richard Sherman;Emmanuel Moseley;K'Waun Williams;Dre Greenlaw;Jimmie Ward
2019_10_SEA_SF,4680,pass,13.0,32.0,19.0,35.0,7:06,6:31,,24.0,24.0,1.0,10.0,"4 DL, 2 LB, 5 DB",;;;;;;;;;;,11,6,4,ZONE_COVERAGE,COVER_4,True,00-0034867;00-0030505;00-0032384;00-0026166;00-0029263;00-0033387;00-0033589;00-0033594;00-0032443;00-0035640;00-0027869,Malik Turner;D.J. Fluker;Germain Ifedi;Duane Brown;Russell Wilson;Jacob Hollister;David Moore;Chris Carson;Joey Hunt;DK Metcalf;Mike Iupati,00-0031297;00-0032057;00-0033870;00-0032164;00-0032378;00-0034815;00-0028092;00-0034096;00-0031253;00-0034982;00-0031298,Dee Ford;Jaquiski Tartt;Solomon Thomas;Arik Armstead;DeForest Buckner;Fred Warner;Richard Sherman;Emmanuel Moseley;K'Waun Williams;Dre Greenlaw;Jimmie Ward
2019_10_SEA_SF,4713,run,5.0,19.0,14.0,42.0,6:31,5:49,,24.0,24.0,1.0,10.0,"4 DL, 2 LB, 5 DB",;;;;;;;;;;,11,7,,,,,00-0034867;00-0030505;00-0032384;00-0026166;00-0029263;00-0033387;00-0033589;00-0033594;00-0032443;00-0035640;00-0027869,Malik Turner;D.J. Fluker;Germain Ifedi;Duane Brown;Russell Wilson;Jacob Hollister;David Moore;Chris Carson;Joey Hunt;DK Metcalf;Mike Iupati,00-0031297;00-0032057;00-0033870;00-0032164;00-0032378;00-0034815;00-0028092;00-0034096;00-0031253;00-0034982;00-0031298,Dee Ford;Jaquiski Tartt;Solomon Thomas;Arik Armstead;DeForest Buckner;Fred Warner;Richard Sherman;Emmanuel Moseley;K'Waun Williams;Dre Greenlaw;Jimmie Ward
2019_10_SEA_SF,4738,turnover,0.0,14.0,14.0,15.0,5:49,5:34,,24.0,24.0,2.0,5.0,"4 DL, 2 LB, 5 DB",;;;;;;;;;;,11,5,5,ZONE_COVERAGE,COVER_3,False,00-0034867;00-0030505;00-0032384;00-0026166;00-0029263;00-0033387;00-0029664;00-0033594;00-0032443;00-0035640;00-0027869,Malik Turner;D.J. Fluker;Germain Ifedi;Duane Brown;Russell Wilson;Jacob Hollister;Josh Gordon;Chris Carson;Joey Hunt;DK Metcalf;Mike Iupati,00-0032057;00-0035717;00-0033870;00-0032164;00-0032378;00-0034815;00-0028092;00-0034096;00-0031253;00-0034982;00-0031298,Jaquiski Tartt;Nick Bosa;Solomon Thomas;Arik Armstead;DeForest Buckner;Fred Warner;Richard Sherman;Emmanuel Moseley;K'Waun Williams;Dre Greenlaw;Jimmie Ward
2019_10_SEA_SF,4769,run,4.0,49.0,45.0,36.0,5:34,4:58,,24.0,24.0,1.0,10.0,"4 DL, 3 LB, 4 DB",;;;;;;;;;;,11,7,,,,,00-0029892;00-0034847;00-0034073;00-0025415;00-0035719;00-0031687;00-0028177;00-0030443;00-0031345;00-0032234;00-0031238,Kyle Juszczyk;Mike McGlinchey;Ross Dwelley;Joe Staley;Deebo Samuel Sr.;Raheem Mostert;Mike Person;Levine Toilolo;Jimmy Garoppolo;Laken Tomlinson;Weston Richburg,00-0032387;00-0029255;00-0031608;00-0031364;00-0034234;00-0030161;00-0028037;00-0033926;00-0032416;00-0029409;00-0034756,Jarran Reed;Bobby Wagner;Quandre Diggs;Jadeveon Clowney;Poona Ford;Bradley McDougald;K.J. Wright;Shaquill Griffin;Quinton Jefferson;Mychal Kendricks;Tre Flowers
2019_10_SEA_SF,4794,pass,0.0,45.0,45.0,6.0,4:58,4:52,,24.0,24.0,2.0,6.0,"4 DL, 3 LB, 4 DB",;;;;;;;;;;,11,8,4,ZONE_COVERAGE,COVER_3,True,00-0034847;00-0034073;00-0025415;00-0033307;00-0035719;00-0031687;00-0028177;00-0030443;00-0031238;00-0031345;00-0032234,Mike McGlinchey;Ross Dwelley;Joe Staley;Kendrick Bourne;Deebo Samuel Sr.;Raheem Mostert;Mike Person;Levine Toilolo;Weston Richburg;Jimmy Garoppolo;Laken Tomlinson,00-0032387;00-0029255;00-0031608;00-0031364;00-0034234;00-0030161;00-0028037;00-0033926;00-0032416;00-0029409;00-0034756,Jarran Reed;Bobby Wagner;Quandre Diggs;Jadeveon Clowney;Poona Ford;Bradley McDougald;K.J. Wright;Shaquill Griffin;Quinton Jefferson;Mychal Kendricks;Tre Flowers
2019_10_SEA_SF,4816,timeout,0.0,,,0.0,4:52,4:52,SF,24.0,24.0,,0.0,,,0,,,,,,,,,
2019_10_SEA_SF,4833,pass,7.0,45.0,38.0,4.0,4:52,4:48,,24.0,24.0,3.0,6.0,"3 DL, 3 LB, 5 DB",;;;;;;;;;;,11,6,4,ZONE_COVERAGE,COVER_3,False,00-0034847;00-0034073;00-0034860;00-0025415;00-0033307;00-0035719;00-0031687;00-0028177;00-0031345;00-0031238;00-0032234,Mike McGlinchey;Ross Dwelley;Dante Pettis;Joe Staley;Kendrick Bourne;Deebo Samuel Sr.;Raheem Mostert;Mike Person;Jimmy Garoppolo;Weston Richburg;Laken Tomlinson,00-0029255;00-0032387;00-0034755;00-0031608;00-0031364;00-0030161;00-0028037;00-0033926;00-0032416;00-0030484;00-0034756,Bobby Wagner;Jarran Reed;Shaquem Griffin;Quandre Diggs;Jadeveon Clowney;Bradley McDougald;K.J. Wright;Shaquill Griffin;Quinton Jefferson;Jamar Taylor;Tre Flowers
2019_10_SEA_SF,4866,run,8.0,38.0,30.0,38.0,4:48,4:10,,24.0,24.0,1.0,10.0,"4 DL, 3 LB, 4 DB",;;;;;;;;;;,11,8,,,,,00-0029892;00-0034847;00-0034073;00-0025415;00-0035719;00-0031687;00-0028177;00-0030443;00-0031345;00-0031238;00-0032234,Kyle Juszczyk;Mike McGlinchey;Ross Dwelley;Joe Staley;Deebo Samuel Sr.;Raheem Mostert;Mike Person;Levine Toilolo;Jimmy Garoppolo;Weston Richburg;Laken Tomlinson,00-0029255;00-0032387;00-0031608;00-0031364;00-0034234;00-0030161;00-0028037;00-0033926;00-0032416;00-0029409;00-0034756,Bobby Wagner;Jarran Reed;Quandre Diggs;Jadeveon Clowney;Poona Ford;Bradley McDougald;K.J. Wright;Shaquill Griffin;Quinton Jefferson;Mychal Kendricks;Tre Flowers
2019_10_SEA_SF,4887,run,0.0,30.0,30.0,44.0,4:10,3:26,,24.0,24.0,2.0,2.0,"4 DL, 3 LB, 4 DB",;;;;;;;;;;,11,8,,,,,00-0029892;00-0034847;00-0034073;00-0025415;00-0035719;00-0031687;00-0028177;00-0030443;00-0031345;00-0032234;00-0031238,Kyle Juszczyk;Mike McGlinchey;Ross Dwelley;Joe Staley;Deebo Samuel Sr.;Raheem Mostert;Mike Person;Levine Toilolo;Jimmy Garoppolo;Laken Tomlinson;Weston Richburg,00-0032387;00-0029255;00-0031608;00-0031364;00-0034234;00-0030161;00-0028037;00-0033926;00-0032416;00-0029409;00-0034756,Jarran Reed;Bobby Wagner;Quandre Diggs;Jadeveon Clowney;Poona Ford;Bradley McDougald;K.J. Wright;Shaquill Griffin;Quinton Jefferson;Mychal Kendricks;Tre Flowers
2019_10_SEA_SF,4908,run,1.0,30.0,29.0,16.0,3:26,3:10,,24.0,24.0,3.0,2.0,"4 DL, 3 LB, 4 DB",;;;;;;;;;;,11,7,,,,,00-0034847;00-0034073;00-0025415;00-0033307;00-0035719;00-0031687;00-0028177;00-0030443;00-0031345;00-0032234;00-0031238,Mike McGlinchey;Ross Dwelley;Joe Staley;Kendrick Bourne;Deebo Samuel Sr.;Raheem Mostert;Mike Person;Levine Toilolo;Jimmy Garoppolo;Laken Tomlinson;Weston Richburg,00-0029255;00-0031608;00-0031364;00-0034234;00-0030161;00-0028037;00-0033926;00-0027723;00-0032416;00-0029409;00-0034756,Bobby Wagner;Quandre Diggs;Jadeveon Clowney;Poona Ford;Bradley McDougald;K.J. Wright;Shaquill Griffin;Al Woods;Quinton Jefferson;Mychal Kendricks;Tre Flowers
2019_10_SEA_SF,4966,timeout,0.0,,,0.0,3:10,3:10,SEA,24.0,24.0,,0.0,,,0,,,,,,,,,
2019_10_SEA_SF,4989,field_goal,0.0,29.0,29.0,4.0,3:10,3:06,,24.0,24.0,4.0,1.0,,;;;;;;;;;;,11,,,,,,00-0034847;00-0033221;00-0028374;00-0035358;00-0028177;00-0032164;00-0032378;00-0033010;00-0034941;00-0032234;00-0031238,Mike McGlinchey;Daniel Brunskill;Kyle Nelson;Chase McLaughlin;Mike Person;Arik Armstead;DeForest Buckner;Sheldon Day;Mitch Wishnowsky;Laken Tomlinson;Weston Richburg,00-0029255;00-0032387;00-0034831;00-0034234;00-0030161;00-0028037;00-0033926;00-0032416;00-0029409;00-0035139;00-0034756,Bobby Wagner;Jarran Reed;Rasheem Green;Poona Ford;Bradley McDougald;K.J. Wright;Shaquill Griffin;Quinton Jefferson;Mychal Kendricks;Marquise Blair;Tre Flowers
2019_10_SEA_SF,5009,run,7.0,63.0,56.0,29.0,3:06,2:37,,24.0,24.0,1.0,10.0,"4 DL, 2 LB, 5 DB",;;;;;;;;;;,11,6,,,,,00-0034867;00-0030505;00-0032384;00-0026166;00-0029263;00-0033387;00-0033589;00-0033594;00-0032443;00-0035640;00-0027869,Malik Turner;D.J. Fluker;Germain Ifedi;Duane Brown;Russell Wilson;Jacob Hollister;David Moore;Chris Carson;Joey Hunt;DK Metcalf;Mike Iupati,00-0032057;00-0035717;00-0033870;00-0032164;00-0032378;00-0034815;00-0028092;00-0034096;00-0031253;00-0034982;00-0031298,Jaquiski Tartt;Nick Bosa;Solomon Thomas;Arik Armstead;DeForest Buckner;Fred Warner;Richard Sherman;Emmanuel Moseley;K'Waun Williams;Dre Greenlaw;Jimmie Ward
2019_10_SEA_SF,5030,run,1.0,56.0,55.0,37.0,2:37,2:00,,24.0,24.0,2.0,3.0,"4 DL, 2 LB, 5 DB",;;;;;;;;;;,11,6,,,,,00-0034867;00-0030505;00-0032384;00-0026166;00-0029263;00-0033387;00-0033589;00-0033594;00-0032443;00-0035640;00-0027869,Malik Turner;D.J. Fluker;Germain Ifedi;Duane Brown;Russell Wilson;Jacob Hollister;David Moore;Chris Carson;Joey Hunt;DK Metcalf;Mike Iupati,00-0032057;00-0035717;00-0033870;00-0032164;00-0032378;00-0034815;00-0028092;00-0034096;00-0031253;00-0034982;00-0031298,Jaquiski Tartt;Nick Bosa;Solomon Thomas;Arik Armstead;DeForest Buckner;Fred Warner;Richard Sherman;Emmanuel Moseley;K'Waun Williams;Dre Greenlaw;Jimmie Ward
2019_10_SEA_SF,5068,timeout,0.0,,,0.0,2:00,2:00,SEA,24.0,24.0,,0.0,,,0,,,,,,,,,
2019_10_SEA_SF,5085,pass,0.0,55.0,55.0,3.0,2:00,1:57,,24.0,24.0,3.0,2.0,"4 DL, 2 LB, 5 DB",;;;;;;;;;;,11,8,6,MAN_COVERAGE,COVER_1,False,00-0034867;00-0030505;00-0032384;00-0026166;00-0029263;00-0033387;00-0033589;00-0033594;00-0032443;00-0035640;00-0027869,Malik Turner;D.J. Fluker;Germain Ifedi;Duane Brown;Russell Wilson;Jacob Hollister;David Moore;Chris Carson;Joey Hunt;DK Metcalf;Mike Iupati,00-0032057;00-0035717;00-0033870;00-0032164;00-0032378;00-0034815;00-0028092;00-0034096;00-0031253;00-0034982;00-0031298,Jaquiski Tartt;Nick Bosa;Solomon Thomas;Arik Armstead;DeForest Buckner;Fred Warner;Richard Sherman;Emmanuel Moseley;K'Waun Williams;Dre Greenlaw;Jimmie Ward
2019_10_SEA_SF,5107,punt,0.0,55.0,55.0,7.0,1:57,1:50,,24.0,24.0,4.0,2.0,,;;;;;;;;;;,11,,,,,,00-0035142;00-0033387;00-0035594;00-0035672;00-0034160;00-0033024;00-0031156;00-0029329;00-0028292;00-0029409;00-0035143,Ugo Amadi;Jacob Hollister;Travis Homer;Cody Barton;Michael Dickson;Branden Jackson;Tyler Ott;Neiko Thorpe;Nick Bellore;Mychal Kendricks;Ben Burr-Kirven,00-0035717;00-0033870;00-0032164;00-0032378;00-0034815;00-0034384;00-0031253;00-0034263;00-0034982;00-0031298;00-0034286,Nick Bosa;Solomon Thomas;Arik Armstead;DeForest Buckner;Fred Warner;D.J. Reed;K'Waun Williams;Tarvarius Moore;Dre Greenlaw;Jimmie Ward;Richie James
2019_10_SEA_SF,5126,pass,0.0,80.0,80.0,4.0,1:50,1:46,,24.0,24.0,1.0,10.0,"3 DL, 3 LB, 5 DB",;;;;;;;;;;,11,5,4,ZONE_COVERAGE,COVER_6,False,00-0034847;00-0034073;00-0034860;00-0025415;00-0033307;00-0035719;00-0031687;00-0028177;00-0031345;00-0032234;00-0031238,Mike McGlinchey;Ross Dwelley;Dante Pettis;Joe Staley;Kendrick Bourne;Deebo Samuel Sr.;Raheem Mostert;Mike Person;Jimmy Garoppolo;Laken Tomlinson;Weston Richburg,00-0034755;00-0032387;00-0029255;00-0031608;00-0031364;00-0030161;00-0028037;00-0033926;00-0032416;00-0030484;00-0034756,Shaquem Griffin;Jarran Reed;Bobby Wagner;Quandre Diggs;Jadeveon Clowney;Bradley McDougald;K.J. Wright;Shaquill Griffin;Quinton Jefferson;Jamar Taylor;Tre Flowers
2019_10_SEA_SF,5148,pass,0.0,80.0,80.0,4.0,1:46,1:42,,24.0,24.0,2.0,10.0,"3 DL, 3 LB, 5 DB",;;;;;;;;;;,11,5,4,ZONE_COVERAGE,COVER_3,True,00-0034847;00-0034860;00-0034073;00-0025415;00-0033307;00-0035719;00-0031687;00-0028177;00-0031345;00-0032234;00-0031238,Mike McGlinchey;Dante Pettis;Ross Dwelley;Joe Staley;Kendrick Bourne;Deebo Samuel Sr.;Raheem Mostert;Mike Person;Jimmy Garoppolo;Laken Tomlinson;Weston Richburg,00-0034755;00-0032387;00-0029255;00-0031608;00-0031364;00-0030161;00-0028037;00-0033926;00-0032416;00-0030484;00-0034756,Shaquem Griffin;Jarran Reed;Bobby Wagner;Quandre Diggs;Jadeveon Clowney;Bradley McDougald;K.J. Wright;Shaquill Griffin;Quinton Jefferson;Jamar Taylor;Tre Flowers
2019_10_SEA_SF,5170,pass,0.0,80.0,80.0,6.0,1:42,1:36,,24.0,24.0,3.0,10.0,"3 DL, 3 LB, 5 DB",;;;;;;;;;;,11,5,4,ZONE_COVERAGE,COVER_3,False,00-0034847;00-0034073;00-0034860;00-0025415;00-0033307;00-0035719;00-0031687;00-0028177;00-0031345;00-0032234;00-0031238,Mike McGlinchey;Ross Dwelley;Dante Pettis;Joe Staley;Kendrick Bourne;Deebo Samuel Sr.;Raheem Mostert;Mike Person;Jimmy Garoppolo;Laken Tomlinson;Weston Richburg,00-0029255;00-0032387;00-0034755;00-0031608;00-0031364;00-0030161;00-0028037;00-0033926;00-0027723;00-0030484;00-0034756,Bobby Wagner;Jarran Reed;Shaquem Griffin;Quandre Diggs;Jadeveon Clowney;Bradley McDougald;K.J. Wright;Shaquill Griffin;Al Woods;Jamar Taylor;Tre Flowers
2019_10_SEA_SF,5192,punt,0.0,80.0,80.0,11.0,1:36,1:25,,24.0,24.0,4.0,10.0,,;;;;;;;;;;,11,,,,,,00-0029892;00-0032057;00-0028903;00-0028374;00-0031687;00-0034730;00-0031961;00-0033973;00-0034941;00-0034263;00-0034982,Kyle Juszczyk;Jaquiski Tartt;Garrett Celek;Kyle Nelson;Raheem Mostert;Marcell Harris;Mark Nzeocha;Elijah Lee;Mitch Wishnowsky;Tarvarius Moore;Dre Greenlaw,00-0034867;00-0035142;00-0033387;00-0035594;00-0035672;00-0033589;00-0029329;00-0028292;00-0030484;00-0035143;00-0035139,Malik Turner;Ugo Amadi;Jacob Hollister;Travis Homer;Cody Barton;David Moore;Neiko Thorpe;Nick Bellore;Jamar Taylor;Ben Burr-Kirven;Marquise Blair
2019_10_SEA_SF,5217,pass,3.0,64.0,61.0,4.0,1:25,1:21,,24.0,24.0,1.0,10.0,"4 DL, 2 LB, 5 DB",;;;;;;;;;;,11,5,4,ZONE_COVERAGE,COVER_6,False,00-0034867;00-0030505;00-0032384;00-0026166;00-0029263;00-0033387;00-0029664;00-0033594;00-0032443;00-0035640;00-0027869,Malik Turner;D.J. Fluker;Germain Ifedi;Duane Brown;Russell Wilson;Jacob Hollister;Josh Gordon;Chris Carson;Joey Hunt;DK Metcalf;Mike Iupati,00-0031297;00-0032057;00-0035717;00-0032164;00-0032378;00-0034815;00-0028092;00-0034096;00-0031253;00-0034982;00-0031298,Dee Ford;Jaquiski Tartt;Nick Bosa;Arik Armstead;DeForest Buckner;Fred Warner;Richard Sherman;Emmanuel Moseley;K'Waun Williams;Dre Greenlaw;Jimmie Ward
2019_10_SEA_SF,5250,pass,4.0,61.0,57.0,5.0,1:21,1:16,,24.0,24.0,2.0,7.0,"4 DL, 2 LB, 5 DB",;;;;;;;;;;,11,6,4,ZONE_COVERAGE,COVER_6,False,00-0034867;00-0030505;00-0032384;00-0026166;00-0029263;00-0033387;00-0029664;00-0033594;00-0032443;00-0035640;00-0027869,Malik Turner;D.J. Fluker;Germain Ifedi;Duane Brown;Russell Wilson;Jacob Hollister;Josh Gordon;Chris Carson;Joey Hunt;DK Metcalf;Mike Iupati,00-0031297;00-0032057;00-0035717;00-0032164;00-0032378;00-0034815;00-0028092;00-0034096;00-0031253;00-0034982;00-0031298,Dee Ford;Jaquiski Tartt;Nick Bosa;Arik Armstead;DeForest Buckner;Fred Warner;Richard Sherman;Emmanuel Moseley;K'Waun Williams;Dre Greenlaw;Jimmie Ward
2019_10_SEA_SF,5279,run,18.0,57.0,39.0,26.0,1:16,0:50,,24.0,24.0,3.0,3.0,"4 DL, 2 LB, 5 DB",;;;;;;;;;;,11,5,6,,,,00-0034867;00-0030505;00-0032384;00-0026166;00-0029263;00-0033387;00-0029664;00-0033594;00-0032443;00-0035640;00-0027869,Malik Turner;D.J. Fluker;Germain Ifedi;Duane Brown;Russell Wilson;Jacob Hollister;Josh Gordon;Chris Carson;Joey Hunt;DK Metcalf;Mike Iupati,00-0031297;00-0032057;00-0035717;00-0032164;00-0032378;00-0034815;00-0028092;00-0034096;00-0031253;00-0034982;00-0031298,Dee Ford;Jaquiski Tartt;Nick Bosa;Arik Armstead;DeForest Buckner;Fred Warner;Richard Sherman;Emmanuel Moseley;K'Waun Williams;Dre Greenlaw;Jimmie Ward
2019_10_SEA_SF,5304,pass,8.0,39.0,31.0,19.0,0:50,0:31,,24.0,24.0,1.0,10.0,"4 DL, 2 LB, 5 DB",;;;;;;;;;;,11,6,3,ZONE_COVERAGE,COVER_4,False,00-0034867;00-0030505;00-0032384;00-0026166;00-0029263;00-0033387;00-0029664;00-0033594;00-0032443;00-0035640;00-0027869,Malik Turner;D.J. Fluker;Germain Ifedi;Duane Brown;Russell Wilson;Jacob Hollister;Josh Gordon;Chris Carson;Joey Hunt;DK Metcalf;Mike Iupati,00-0031297;00-0032057;00-0035717;00-0032164;00-0032378;00-0034815;00-0028092;00-0034096;00-0031253;00-0034982;00-0031298,Dee Ford;Jaquiski Tartt;Nick Bosa;Arik Armstead;DeForest Buckner;Fred Warner;Richard Sherman;Emmanuel Moseley;K'Waun Williams;Dre Greenlaw;Jimmie Ward
2019_10_SEA_SF,5332,run,7.0,31.0,24.0,26.0,0:31,0:05,,24.0,24.0,2.0,2.0,"4 DL, 2 LB, 5 DB",;;;;;;;;;;,11,6,,,,,00-0034867;00-0030505;00-0032384;00-0026166;00-0029263;00-0033387;00-0029664;00-0033594;00-0032443;00-0035640;00-0027869,Malik Turner;D.J. Fluker;Germain Ifedi;Duane Brown;Russell Wilson;Jacob Hollister;Josh Gordon;Chris Carson;Joey Hunt;DK Metcalf;Mike Iupati,00-0031297;00-0032057;00-0035717;00-0032164;00-0032378;00-0034815;00-0028092;00-0034096;00-0031253;00-0034982;00-0031298,Dee Ford;Jaquiski Tartt;Nick Bosa;Arik Armstead;DeForest Buckner;Fred Warner;Richard Sherman;Emmanuel Moseley;K'Waun Williams;Dre Greenlaw;Jimmie Ward
2019_10_SEA_SF,5357,qb_spike,0.0,24.0,24.0,1.0,0:05,0:04,,24.0,24.0,1.0,10.0,"4 DL, 2 LB, 5 DB",;;;;;;;;;;,11,7,0,MAN_COVERAGE,COVER_1,,00-0034867;00-0030505;00-0032384;00-0026166;00-0029263;00-0033387;00-0029664;00-0033594;00-0032443;00-0035640;00-0027869,Malik Turner;D.J. Fluker;Germain Ifedi;Duane Brown;Russell Wilson;Jacob Hollister;Josh Gordon;Chris Carson;Joey Hunt;DK Metcalf;Mike Iupati,00-0031297;00-0032057;00-0035717;00-0032164;00-0032378;00-0034815;00-0028092;00-0034096;00-0031253;00-0034982;00-0031298,Dee Ford;Jaquiski Tartt;Nick Bosa;Arik Armstead;DeForest Buckner;Fred Warner;Richard Sherman;Emmanuel Moseley;K'Waun Williams;Dre Greenlaw;Jimmie Ward
2019_10_SEA_SF,5379,timeout,0.0,,,0.0,0:04,0:04,SF,24.0,24.0,,0.0,,,0,,,,,,,,,
2019_10_SEA_SF,5403,field_goal,0.0,24.0,24.0,4.0,0:04,0:00,,24.0,27.0,2.0,10.0,,;;;;;;;;;;,11,,,,,,00-0033740;00-0030505;00-0032384;00-0034729;00-0033387;00-0032466;00-0034160;00-0033024;00-0031156;00-0031492;00-0027869,Jordan Roos;D.J. Fluker;Germain Ifedi;Jamarco Jones;Jacob Hollister;George Fant;Michael Dickson;Branden Jackson;Tyler Ott;Jason Myers;Mike Iupati,00-0032057;00-0033870;00-0031961;00-0032164;00-0032378;00-0033973;00-0033010;00-0034815;00-0034096;00-0034263;00-0031298,Jaquiski Tartt;Solomon Thomas;Mark Nzeocha;Arik Armstead;DeForest Buckner;Elijah Lee;Sheldon Day;Fred Warner;Emmanuel Moseley;Tarvarius Moore;Jimmie Ward
2019_10_SEA_SF,5422,end_game,,,,0.0,0:00,0:00,,24.0,27.0,,0.0,,,0,,,,,,,,,
