game_id,play_id,play_type,yards_gained,starting_yard,ending_yard,posteam,qtr,game_seconds_remaining,yardline_100,time_of_play,time_on_clock_start,time_on_clock_end,timeout_team,home_team_score,away_team_score,down,yds_to_go,defense_personnel,defense_positions,n_defense,defenders_in_box,number_of_pass_rushers,defense_man_zone_type,defense_coverage_type,was_pressure,offense_player_ids,offense_player_names,defense_player_ids,defense_player_names
2019_10_BUF_CLE,1,start_quarter_1,,,,,1.0,3600.0,,0.0,15:00,15:00,,0.0,0.0,,0.0,,,0,,,,,,,,,
2019_10_BUF_CLE,36,kickoff,0.0,35.0,35.0,CLE,1.0,3600.0,35.0,0.0,15:00,15:00,,0.0,0.0,,0.0,,;;;;;;;;;;,11,,,,,,00-0029061;00-0034539;00-0034510;00-0030114;00-0035306;00-0023259;00-0031209;00-0034391;00-0031548;00-0035290;00-0025944,Julian Stanford;Corey Thompson;Robert Foster;Jordan Poyer;Darryl Johnson;Lorenzo Alexander;Senorise Perry;Siran Neal;Kevin Johnson;Jaquan Johnson;Steven Hauschka,00-0034835;00-0030155;00-0035039;00-0034253;00-0034488;00-0034854;00-0031120;00-0035628;00-0035646;00-0034500;00-0034977,Malik Jefferson;Demetrius Harris;Stephen Carlson;Dontrell Hilliard;Tavierre Thomas;KhaDarel Hodge;Adarius Taylor;D'Ernest Johnson;Sione Takitaki;Tae Davis;Sheldrick Redwine
2019_10_BUF_CLE,59,pass,0.0,75.0,75.0,CLE,1.0,3600.0,75.0,6.0,15:00,14:54,,0.0,0.0,1.0,10.0,"4 DL, 3 LB, 4 DB",;;;;;;;;;;,11,7,4,ZONE_COVERAGE,COVER_6,True,00-0030076;00-0035039;00-0031386;00-0030155;00-0031382;00-0034855;00-0031235;00-0029963;00-0034791;00-0034399;00-0031426,JC Tretter;Stephen Carlson;Greg Robinson;Demetrius Harris;Jarvis Landry;Baker Mayfield;Odell Beckham Jr.;Chris Hubbard;Nick Chubb;Wyatt Teller;Joel Bitonio,00-0030455;00-0031300;00-0031557;00-0033884;00-0030090;00-0034673;00-0034514;00-0033571;00-0023259;00-0027881;00-0030114,Star Lotulelei;Trent Murphy;Jordan Phillips;Tre'Davious White;Micah Hyde;Tremaine Edmunds;Levi Wallace;Matt Milano;Lorenzo Alexander;Jerry Hughes;Jordan Poyer
2019_10_BUF_CLE,81,run,21.0,75.0,54.0,CLE,1.0,3594.0,75.0,36.0,14:54,14:18,,0.0,0.0,2.0,10.0,"4 DL, 2 LB, 5 DB",;;;;;;;;;;,11,6,,,,,00-0030076;00-0035039;00-0031386;00-0031382;00-0034855;00-0031235;00-0029963;00-0034791;00-0033923;00-0034399;00-0031426,JC Tretter;Stephen Carlson;Greg Robinson;Jarvis Landry;Baker Mayfield;Odell Beckham Jr.;Chris Hubbard;Nick Chubb;Kareem Hunt;Wyatt Teller;Joel Bitonio,00-0030455;00-0031300;00-0031557;00-0033884;00-0030090;00-0034673;00-0034514;00-0033571;00-0034376;00-0027881;00-0030114,Star Lotulelei;Trent Murphy;Jordan Phillips;Tre'Davious White;Micah Hyde;Tremaine Edmunds;Levi Wallace;Matt Milano;Taron Johnson;Jerry Hughes;Jordan Poyer
2019_10_BUF_CLE,102,pass,12.0,54.0,42.0,CLE,1.0,3558.0,54.0,38.0,14:18,13:40,,0.0,0.0,1.0,10.0,"4 DL, 3 LB, 4 DB",;;;;;;;;;;,11,7,4,ZONE_COVERAGE,COVER_3,False,00-0030076;00-0031386;00-0030155;00-0031382;00-0034855;00-0033439;00-0031235;00-0029963;00-0034791;00-0034399;00-0031426,JC Tretter;Greg Robinson;Demetrius Harris;Jarvis Landry;Baker Mayfield;Pharaoh Brown;Odell Beckham Jr.;Chris Hubbard;Nick Chubb;Wyatt Teller;Joel Bitonio,00-0030455;00-0031300;00-0033884;00-0030090;00-0034673;00-0034514;00-0035230;00-0033571;00-0023259;00-0027881;00-0030114,Star Lotulelei;Trent Murphy;Tre'Davious White;Micah Hyde;Tremaine Edmunds;Levi Wallace;Ed Oliver;Matt Milano;Lorenzo Alexander;Jerry Hughes;Jordan Poyer
2019_10_BUF_CLE,126,pass,7.0,42.0,35.0,CLE,1.0,3520.0,42.0,42.0,13:40,12:58,,0.0,0.0,1.0,10.0,"4 DL, 2 LB, 5 DB",;;;;;;;;;;,11,6,5,ZONE_COVERAGE,COVER_3,False,00-0030076;00-0031386;00-0031382;00-0034855;00-0031235;00-0034253;00-0029963;00-0034791;00-0033923;00-0034399;00-0031426,JC Tretter;Greg Robinson;Jarvis Landry;Baker Mayfield;Odell Beckham Jr.;Dontrell Hilliard;Chris Hubbard;Nick Chubb;Kareem Hunt;Wyatt Teller;Joel Bitonio,00-0030455;00-0031300;00-0033884;00-0030090;00-0034673;00-0034514;00-0035230;00-0033571;00-0034376;00-0027881;00-0030114,Star Lotulelei;Trent Murphy;Tre'Davious White;Micah Hyde;Tremaine Edmunds;Levi Wallace;Ed Oliver;Matt Milano;Taron Johnson;Jerry Hughes;Jordan Poyer
2019_10_BUF_CLE,156,pass,18.0,35.0,17.0,CLE,1.0,3478.0,35.0,45.0,12:58,12:13,,0.0,0.0,2.0,3.0,"4 DL, 2 LB, 5 DB",;;;;;;;;;;,11,7,5,MAN_COVERAGE,COVER_1,False,00-0030076;00-0031386;00-0030155;00-0031382;00-0034855;00-0031235;00-0034854;00-0029963;00-0034791;00-0034399;00-0031426,JC Tretter;Greg Robinson;Demetrius Harris;Jarvis Landry;Baker Mayfield;Odell Beckham Jr.;KhaDarel Hodge;Chris Hubbard;Nick Chubb;Wyatt Teller;Joel Bitonio,00-0030455;00-0031300;00-0033884;00-0030090;00-0034673;00-0034514;00-0035230;00-0033571;00-0034376;00-0027881;00-0030114,Star Lotulelei;Trent Murphy;Tre'Davious White;Micah Hyde;Tremaine Edmunds;Levi Wallace;Ed Oliver;Matt Milano;Taron Johnson;Jerry Hughes;Jordan Poyer
2019_10_BUF_CLE,180,pass,17.0,17.0,0.0,CLE,1.0,3433.0,17.0,4.0,12:13,12:09,,6.0,0.0,1.0,10.0,"4 DL, 2 LB, 5 DB",;;;;;;;;;;,11,7,5,ZONE_COVERAGE,COVER_4,False,00-0030076;00-0031386;00-0030155;00-0031382;00-0034855;00-0032977;00-0031235;00-0029963;00-0034791;00-0034399;00-0031426,JC Tretter;Greg Robinson;Demetrius Harris;Jarvis Landry;Baker Mayfield;Rashard Higgins;Odell Beckham Jr.;Chris Hubbard;Nick Chubb;Wyatt Teller;Joel Bitonio,00-0030455;00-0031300;00-0031557;00-0033884;00-0030090;00-0034673;00-0034514;00-0033571;00-0034376;00-0027881;00-0030114,Star Lotulelei;Trent Murphy;Jordan Phillips;Tre'Davious White;Micah Hyde;Tremaine Edmunds;Levi Wallace;Matt Milano;Taron Johnson;Jerry Hughes;Jordan Poyer
2019_10_BUF_CLE,216,extra_point,0.0,30.0,30.0,CLE,1.0,3429.0,30.0,0.0,12:09,12:09,,6.0,0.0,,0.0,,;;;;;;;;;;,11,,,,,,00-0035042;00-0030076;00-0031386;00-0030155;00-0030094;00-0029008;00-0035145;00-0029963;00-0030792;00-0034399;00-0031426,Jamie Gillan;JC Tretter;Greg Robinson;Demetrius Harris;Eric Kush;Charley Hughlett;Austin Seibert;Chris Hubbard;Justin McCray;Wyatt Teller;Joel Bitonio,00-0031548;00-0030455;00-0031557;00-0033884;00-0030090;00-0034673;00-0033096;00-0035230;00-0035306;00-0023259;00-0030114,Kevin Johnson;Star Lotulelei;Jordan Phillips;Tre'Davious White;Micah Hyde;Tremaine Edmunds;Shaq Lawson;Ed Oliver;Darryl Johnson;Lorenzo Alexander;Jordan Poyer
2019_10_BUF_CLE,262,kickoff,0.0,35.0,35.0,BUF,1.0,3429.0,35.0,5.0,12:09,12:04,,6.0,0.0,,0.0,,;;;;;;;;;;,11,,,,,,00-0034500;00-0031120;00-0035145;00-0034977;00-0034253;00-0034854;00-0031097;00-0032403;00-0035628;00-0034488;00-0034835,Tae Davis;Adarius Taylor;Austin Seibert;Sheldrick Redwine;Dontrell Hilliard;KhaDarel Hodge;Terrance Mitchell;Juston Burris;D'Ernest Johnson;Tavierre Thomas;Malik Jefferson,00-0032214;00-0028581;00-0031209;00-0027691;00-0027835;00-0035290;00-0034539;00-0034391;00-0035306;00-0029061;00-0034510,Tyler Kroft;Patrick DiMarco;Senorise Perry;Andre Roberts;Kurt Coleman;Jaquan Johnson;Corey Thompson;Siran Neal;Darryl Johnson;Julian Stanford;Robert Foster
2019_10_BUF_CLE,284,no_play,0.0,80.0,80.0,BUF,1.0,3424.0,80.0,6.0,12:04,11:58,,6.0,0.0,1.0,10.0,"4 DL, 2 LB, 5 DB",;;;;;;;;;;,11,7,,,,,00-0031051;00-0023500;00-0032043;00-0032214;00-0032151;00-0033904;00-0028097;00-0031936;00-0034857;00-0035238;00-0034510,John Brown;Frank Gore;Quinton Spain;Tyler Kroft;Jon Feliciano;Dion Dawkins;Lee Smith;Mitch Morse;Josh Allen;Cody Ford;Robert Foster,00-0032251;00-0035638;00-0030573;00-0035144;00-0033868;00-0033905;00-0027676;00-0034856;00-0032403;00-0033125;00-0034770,Damarious Randall;Greedy Williams;Sheldon Richardson;Mack Wilson;Myles Garrett;Larry Ogunjobi;Morgan Burnett;Denzel Ward;Juston Burris;Joe Schobert;Chad Thomas
2019_10_BUF_CLE,317,pass,2.0,45.0,43.0,BUF,1.0,3418.0,45.0,39.0,11:58,11:19,,6.0,0.0,1.0,10.0,"4 DL, 3 LB, 4 DB",;;;;;;;;;;,11,7,4,ZONE_COVERAGE,COVER_3,False,00-0031051;00-0023500;00-0032043;00-0028581;00-0032151;00-0033904;00-0029000;00-0028097;00-0031936;00-0034857;00-0035238,John Brown;Frank Gore;Quinton Spain;Patrick DiMarco;Jon Feliciano;Dion Dawkins;Cole Beasley;Lee Smith;Mitch Morse;Josh Allen;Cody Ford,00-0032251;00-0035638;00-0035646;00-0030573;00-0035144;00-0033868;00-0033905;00-0027676;00-0034856;00-0033125;00-0033598,Damarious Randall;Greedy Williams;Sione Takitaki;Sheldon Richardson;Mack Wilson;Myles Garrett;Larry Ogunjobi;Morgan Burnett;Denzel Ward;Joe Schobert;Eli Ankou
2019_10_BUF_CLE,341,run,4.0,43.0,39.0,BUF,1.0,3379.0,43.0,39.0,11:19,10:40,,6.0,0.0,2.0,8.0,"4 DL, 2 LB, 5 DB",;;;;;;;;;;,11,6,,,,,00-0031051;00-0032043;00-0035250;00-0032151;00-0033904;00-0029000;00-0033466;00-0031936;00-0034857;00-0035238;00-0035689,John Brown;Quinton Spain;Devin Singletary;Jon Feliciano;Dion Dawkins;Cole Beasley;Isaiah McKenzie;Mitch Morse;Josh Allen;Cody Ford;Dawson Knox,00-0032251;00-0035638;00-0030573;00-0035144;00-0033868;00-0033905;00-0027676;00-0031269;00-0034856;00-0033125;00-0034770,Damarious Randall;Greedy Williams;Sheldon Richardson;Mack Wilson;Myles Garrett;Larry Ogunjobi;Morgan Burnett;T.J. Carrie;Denzel Ward;Joe Schobert;Chad Thomas
2019_10_BUF_CLE,362,pass,0.0,39.0,39.0,BUF,1.0,3340.0,39.0,4.0,10:40,10:36,,6.0,0.0,3.0,4.0,"4 DL, 2 LB, 5 DB",;;;;;;;;;;,11,6,5,MAN_COVERAGE,COVER_1,False,00-0031051;00-0032043;00-0035250;00-0032151;00-0033904;00-0029000;00-0033466;00-0031936;00-0034857;00-0035238;00-0035689,John Brown;Quinton Spain;Devin Singletary;Jon Feliciano;Dion Dawkins;Cole Beasley;Isaiah McKenzie;Mitch Morse;Josh Allen;Cody Ford;Dawson Knox,00-0032251;00-0035638;00-0030573;00-0035144;00-0033868;00-0033905;00-0027676;00-0031269;00-0034856;00-0033125;00-0034770,Damarious Randall;Greedy Williams;Sheldon Richardson;Mack Wilson;Myles Garrett;Larry Ogunjobi;Morgan Burnett;T.J. Carrie;Denzel Ward;Joe Schobert;Chad Thomas
2019_10_BUF_CLE,384,pass,0.0,39.0,39.0,BUF,1.0,3336.0,39.0,4.0,10:36,10:32,,6.0,0.0,4.0,4.0,"4 DL, 2 LB, 5 DB",;;;;;;;;;;,11,5,5,MAN_COVERAGE,COVER_1,True,00-0031051;00-0032043;00-0035250;00-0032151;00-0033904;00-0029000;00-0033466;00-0031936;00-0034857;00-0035238;00-0035689,John Brown;Quinton Spain;Devin Singletary;Jon Feliciano;Dion Dawkins;Cole Beasley;Isaiah McKenzie;Mitch Morse;Josh Allen;Cody Ford;Dawson Knox,00-0032251;00-0035638;00-0030573;00-0035144;00-0033868;00-0033905;00-0027676;00-0031269;00-0034856;00-0033125;00-0034770,Damarious Randall;Greedy Williams;Sheldon Richardson;Mack Wilson;Myles Garrett;Larry Ogunjobi;Morgan Burnett;T.J. Carrie;Denzel Ward;Joe Schobert;Chad Thomas
2019_10_BUF_CLE,423,run,-2.0,61.0,63.0,CLE,1.0,3332.0,61.0,36.0,10:32,9:56,,6.0,0.0,1.0,10.0,"4 DL, 3 LB, 4 DB",;;;;;;;;;;,11,7,,,,,00-0030076;00-0031386;00-0030155;00-0031382;00-0034855;00-0033439;00-0031235;00-0029963;00-0034791;00-0034399;00-0031426,JC Tretter;Greg Robinson;Demetrius Harris;Jarvis Landry;Baker Mayfield;Pharaoh Brown;Odell Beckham Jr.;Chris Hubbard;Nick Chubb;Wyatt Teller;Joel Bitonio,00-0030455;00-0031300;00-0031557;00-0033884;00-0030090;00-0034673;00-0033096;00-0034514;00-0033571;00-0023259;00-0030114,Star Lotulelei;Trent Murphy;Jordan Phillips;Tre'Davious White;Micah Hyde;Tremaine Edmunds;Shaq Lawson;Levi Wallace;Matt Milano;Lorenzo Alexander;Jordan Poyer
2019_10_BUF_CLE,444,pass,2.0,63.0,61.0,CLE,1.0,3296.0,63.0,40.0,9:56,9:16,,6.0,0.0,2.0,12.0,"4 DL, 2 LB, 5 DB",;;;;;;;;;;,11,6,4,ZONE_COVERAGE,COVER_4,False,00-0030076;00-0035039;00-0031386;00-0031382;00-0034855;00-0032977;00-0031235;00-0029963;00-0033923;00-0034399;00-0031426,JC Tretter;Stephen Carlson;Greg Robinson;Jarvis Landry;Baker Mayfield;Rashard Higgins;Odell Beckham Jr.;Chris Hubbard;Kareem Hunt;Wyatt Teller;Joel Bitonio,00-0030455;00-0031300;00-0031557;00-0033884;00-0030090;00-0034673;00-0033096;00-0034514;00-0033571;00-0034376;00-0030114,Star Lotulelei;Trent Murphy;Jordan Phillips;Tre'Davious White;Micah Hyde;Tremaine Edmunds;Shaq Lawson;Levi Wallace;Matt Milano;Taron Johnson;Jordan Poyer
2019_10_BUF_CLE,468,pass,12.0,61.0,49.0,CLE,1.0,3256.0,61.0,43.0,9:16,8:33,,6.0,0.0,3.0,10.0,"3 DL, 3 LB, 5 DB",;;;;;;;;;;,11,7,4,MAN_COVERAGE,2_MAN,False,00-0030076;00-0031386;00-0030155;00-0031382;00-0034855;00-0032977;00-0031235;00-0029963;00-0033923;00-0034399;00-0031426,JC Tretter;Greg Robinson;Demetrius Harris;Jarvis Landry;Baker Mayfield;Rashard Higgins;Odell Beckham Jr.;Chris Hubbard;Kareem Hunt;Wyatt Teller;Joel Bitonio,00-0031548;00-0031300;00-0031557;00-0033884;00-0030090;00-0034673;00-0033096;00-0034514;00-0033571;00-0023259;00-0030114,Kevin Johnson;Trent Murphy;Jordan Phillips;Tre'Davious White;Micah Hyde;Tremaine Edmunds;Shaq Lawson;Levi Wallace;Matt Milano;Lorenzo Alexander;Jordan Poyer
2019_10_BUF_CLE,492,run,8.0,49.0,41.0,CLE,1.0,3213.0,49.0,42.0,8:33,7:51,,6.0,0.0,1.0,10.0,"4 DL, 2 LB, 5 DB",;;;;;;;;;;,11,6,,,,,00-0030076;00-0035039;00-0031386;00-0031382;00-0034855;00-0031235;00-0029963;00-0034791;00-0033923;00-0034399;00-0031426,JC Tretter;Stephen Carlson;Greg Robinson;Jarvis Landry;Baker Mayfield;Odell Beckham Jr.;Chris Hubbard;Nick Chubb;Kareem Hunt;Wyatt Teller;Joel Bitonio,00-0033884;00-0030090;00-0034673;00-0034514;00-0035230;00-0033571;00-0035306;00-0034376;00-0027881;00-0030114;00-0027956,Tre'Davious White;Micah Hyde;Tremaine Edmunds;Levi Wallace;Ed Oliver;Matt Milano;Darryl Johnson;Taron Johnson;Jerry Hughes;Jordan Poyer;Corey Liuget
2019_10_BUF_CLE,513,pass,0.0,41.0,41.0,CLE,1.0,3171.0,41.0,4.0,7:51,7:47,,6.0,0.0,2.0,2.0,"4 DL, 2 LB, 5 DB",;;;;;;;;;;,11,7,4,ZONE_COVERAGE,COVER_3,True,00-0030076;00-0031386;00-0031382;00-0034855;00-0032977;00-0031235;00-0029963;00-0034791;00-0033923;00-0034399;00-0031426,JC Tretter;Greg Robinson;Jarvis Landry;Baker Mayfield;Rashard Higgins;Odell Beckham Jr.;Chris Hubbard;Nick Chubb;Kareem Hunt;Wyatt Teller;Joel Bitonio,00-0033884;00-0030090;00-0034673;00-0034514;00-0035230;00-0033571;00-0035306;00-0034376;00-0027881;00-0030114;00-0027956,Tre'Davious White;Micah Hyde;Tremaine Edmunds;Levi Wallace;Ed Oliver;Matt Milano;Darryl Johnson;Taron Johnson;Jerry Hughes;Jordan Poyer;Corey Liuget
2019_10_BUF_CLE,535,pass,0.0,41.0,41.0,CLE,1.0,3167.0,41.0,3.0,7:47,7:44,,6.0,0.0,3.0,2.0,"4 DL, 2 LB, 5 DB",;;;;;;;;;;,11,6,4,ZONE_COVERAGE,COVER_3,False,00-0030076;00-0031386;00-0030155;00-0031382;00-0034855;00-0032977;00-0031235;00-0029963;00-0034791;00-0034399;00-0031426,JC Tretter;Greg Robinson;Demetrius Harris;Jarvis Landry;Baker Mayfield;Rashard Higgins;Odell Beckham Jr.;Chris Hubbard;Nick Chubb;Wyatt Teller;Joel Bitonio,00-0030455;00-0031300;00-0031557;00-0033884;00-0030090;00-0034673;00-0034514;00-0033571;00-0034376;00-0027881;00-0030114,Star Lotulelei;Trent Murphy;Jordan Phillips;Tre'Davious White;Micah Hyde;Tremaine Edmunds;Levi Wallace;Matt Milano;Taron Johnson;Jerry Hughes;Jordan Poyer
2019_10_BUF_CLE,573,pass,16.0,41.0,25.0,CLE,1.0,3164.0,41.0,35.0,7:44,7:09,,6.0,0.0,4.0,2.0,"4 DL, 2 LB, 5 DB",;;;;;;;;;;,11,5,3,MAN_COVERAGE,COVER_1,False,00-0030076;00-0031386;00-0030155;00-0031382;00-0034855;00-0032977;00-0031235;00-0029963;00-0034791;00-0034399;00-0031426,JC Tretter;Greg Robinson;Demetrius Harris;Jarvis Landry;Baker Mayfield;Rashard Higgins;Odell Beckham Jr.;Chris Hubbard;Nick Chubb;Wyatt Teller;Joel Bitonio,00-0030455;00-0031300;00-0031557;00-0033884;00-0030090;00-0034673;00-0034514;00-0033571;00-0034376;00-0027881;00-0030114,Star Lotulelei;Trent Murphy;Jordan Phillips;Tre'Davious White;Micah Hyde;Tremaine Edmunds;Levi Wallace;Matt Milano;Taron Johnson;Jerry Hughes;Jordan Poyer
2019_10_BUF_CLE,597,run,24.0,25.0,1.0,CLE,1.0,3129.0,25.0,49.0,7:09,6:20,,6.0,0.0,1.0,10.0,"4 DL, 2 LB, 5 DB",;;;;;;;;;;,11,6,,,,,00-0030076;00-0035039;00-0031386;00-0031382;00-0034855;00-0031235;00-0029963;00-0034791;00-0033923;00-0034399;00-0031426,JC Tretter;Stephen Carlson;Greg Robinson;Jarvis Landry;Baker Mayfield;Odell Beckham Jr.;Chris Hubbard;Nick Chubb;Kareem Hunt;Wyatt Teller;Joel Bitonio,00-0030455;00-0031300;00-0031557;00-0033884;00-0030090;00-0034673;00-0033096;00-0034514;00-0033571;00-0034376;00-0030114,Star Lotulelei;Trent Murphy;Jordan Phillips;Tre'Davious White;Micah Hyde;Tremaine Edmunds;Shaq Lawson;Levi Wallace;Matt Milano;Taron Johnson;Jordan Poyer
2019_10_BUF_CLE,618,no_play,0.0,1.0,1.0,CLE,1.0,3080.0,1.0,4.0,6:20,6:16,,6.0,0.0,1.0,1.0,"6 DL, 3 LB, 2 DB",;;;;;;;;;;,11,10,,,,,00-0030076;00-0035039;00-0031386;00-0034855;00-0033439;00-0031235;00-0029963;00-0030792;00-0034791;00-0034399;00-0031426,JC Tretter;Stephen Carlson;Greg Robinson;Baker Mayfield;Pharaoh Brown;Odell Beckham Jr.;Chris Hubbard;Justin McCray;Nick Chubb;Wyatt Teller;Joel Bitonio,00-0030455;00-0031300;00-0031557;00-0034673;00-0033096;00-0027835;00-0035230;00-0033571;00-0023259;00-0030114;00-0027956,Star Lotulelei;Trent Murphy;Jordan Phillips;Tremaine Edmunds;Shaq Lawson;Kurt Coleman;Ed Oliver;Matt Milano;Lorenzo Alexander;Jordan Poyer;Corey Liuget
2019_10_BUF_CLE,661,run,-1.0,1.0,2.0,CLE,1.0,3076.0,1.0,44.0,6:16,5:32,,6.0,0.0,1.0,1.0,"6 DL, 3 LB, 2 DB",;;;;;;;;;;,11,11,,,,,00-0030076;00-0035039;00-0031386;00-0030155;00-0034855;00-0033439;00-0029963;00-0030792;00-0034791;00-0034399;00-0031426,JC Tretter;Stephen Carlson;Greg Robinson;Demetrius Harris;Baker Mayfield;Pharaoh Brown;Chris Hubbard;Justin McCray;Nick Chubb;Wyatt Teller;Joel Bitonio,00-0030455;00-0031300;00-0031557;00-0034673;00-0027835;00-0033096;00-0035230;00-0033571;00-0023259;00-0030114;00-0027956,Star Lotulelei;Trent Murphy;Jordan Phillips;Tremaine Edmunds;Kurt Coleman;Shaq Lawson;Ed Oliver;Matt Milano;Lorenzo Alexander;Jordan Poyer;Corey Liuget
2019_10_BUF_CLE,687,run,1.0,2.0,1.0,CLE,1.0,3032.0,2.0,41.0,5:32,4:51,,6.0,0.0,2.0,2.0,"4 DL, 3 LB, 4 DB",;;;;;;;;;;,11,9,,,,,00-0030076;00-0031386;00-0030155;00-0031382;00-0034855;00-0033439;00-0031235;00-0029963;00-0034791;00-0034399;00-0031426,JC Tretter;Greg Robinson;Demetrius Harris;Jarvis Landry;Baker Mayfield;Pharaoh Brown;Odell Beckham Jr.;Chris Hubbard;Nick Chubb;Wyatt Teller;Joel Bitonio,00-0030455;00-0031300;00-0031557;00-0033884;00-0030090;00-0034673;00-0033096;00-0034514;00-0033571;00-0023259;00-0030114,Star Lotulelei;Trent Murphy;Jordan Phillips;Tre'Davious White;Micah Hyde;Tremaine Edmunds;Shaq Lawson;Levi Wallace;Matt Milano;Lorenzo Alexander;Jordan Poyer
2019_10_BUF_CLE,709,no_play,0.0,1.0,1.0,CLE,1.0,2991.0,1.0,6.0,4:51,4:45,,6.0,0.0,3.0,1.0,"6 DL, 3 LB, 2 DB",;;;;;;;;;;,11,,,,,,00-0030076;00-0035039;00-0031386;00-0034855;00-0033439;00-0031235;00-0029963;00-0030792;00-0034791;00-0034399;00-0031426,JC Tretter;Stephen Carlson;Greg Robinson;Baker Mayfield;Pharaoh Brown;Odell Beckham Jr.;Chris Hubbard;Justin McCray;Nick Chubb;Wyatt Teller;Joel Bitonio,00-0030455;00-0031300;00-0031557;00-0033884;00-0034673;00-0033096;00-0027835;00-0035230;00-0033571;00-0023259;00-0027956,Star Lotulelei;Trent Murphy;Jordan Phillips;Tre'Davious White;Tremaine Edmunds;Shaq Lawson;Kurt Coleman;Ed Oliver;Matt Milano;Lorenzo Alexander;Corey Liuget
2019_10_BUF_CLE,744,run,0.0,1.0,1.0,CLE,1.0,2985.0,1.0,41.0,4:45,4:04,,6.0,0.0,1.0,1.0,"4 DL, 3 LB, 4 DB",;;;;;;;;;;,11,9,,,,,00-0030076;00-0031386;00-0030155;00-0031382;00-0034855;00-0033439;00-0031235;00-0029963;00-0034791;00-0034399;00-0031426,JC Tretter;Greg Robinson;Demetrius Harris;Jarvis Landry;Baker Mayfield;Pharaoh Brown;Odell Beckham Jr.;Chris Hubbard;Nick Chubb;Wyatt Teller;Joel Bitonio,00-0030455;00-0031300;00-0031557;00-0033884;00-0030090;00-0034673;00-0033096;00-0034514;00-0033571;00-0023259;00-0030114,Star Lotulelei;Trent Murphy;Jordan Phillips;Tre'Davious White;Micah Hyde;Tremaine Edmunds;Shaq Lawson;Levi Wallace;Matt Milano;Lorenzo Alexander;Jordan Poyer
2019_10_BUF_CLE,765,pass,0.0,1.0,1.0,CLE,1.0,2944.0,1.0,4.0,4:04,4:00,,6.0,0.0,2.0,1.0,"4 DL, 3 LB, 4 DB",;;;;;;;;;;,11,9,7,MAN_COVERAGE,COVER_0,False,00-0030076;00-0031386;00-0030155;00-0031382;00-0034855;00-0033439;00-0031235;00-0029963;00-0034791;00-0034399;00-0031426,JC Tretter;Greg Robinson;Demetrius Harris;Jarvis Landry;Baker Mayfield;Pharaoh Brown;Odell Beckham Jr.;Chris Hubbard;Nick Chubb;Wyatt Teller;Joel Bitonio,00-0030455;00-0031300;00-0031557;00-0033884;00-0030090;00-0034673;00-0033096;00-0034514;00-0033571;00-0023259;00-0030114,Star Lotulelei;Trent Murphy;Jordan Phillips;Tre'Davious White;Micah Hyde;Tremaine Edmunds;Shaq Lawson;Levi Wallace;Matt Milano;Lorenzo Alexander;Jordan Poyer
2019_10_BUF_CLE,787,run,0.0,1.0,1.0,CLE,1.0,2940.0,1.0,42.0,4:00,3:18,,6.0,0.0,3.0,1.0,"4 DL, 3 LB, 4 DB",;;;;;;;;;;,11,9,,,,,00-0030076;00-0031386;00-0030155;00-0031382;00-0034855;00-0033439;00-0031235;00-0029963;00-0034791;00-0034399;00-0031426,JC Tretter;Greg Robinson;Demetrius Harris;Jarvis Landry;Baker Mayfield;Pharaoh Brown;Odell Beckham Jr.;Chris Hubbard;Nick Chubb;Wyatt Teller;Joel Bitonio,00-0030455;00-0031300;00-0031557;00-0033884;00-0030090;00-0034673;00-0033096;00-0034514;00-0033571;00-0023259;00-0030114,Star Lotulelei;Trent Murphy;Jordan Phillips;Tre'Davious White;Micah Hyde;Tremaine Edmunds;Shaq Lawson;Levi Wallace;Matt Milano;Lorenzo Alexander;Jordan Poyer
2019_10_BUF_CLE,808,run,-2.0,1.0,3.0,CLE,1.0,2898.0,1.0,5.0,3:18,3:13,,6.0,0.0,4.0,1.0,"6 DL, 3 LB, 2 DB",;;;;;;;;;;,11,11,,,,,00-0030076;00-0035039;00-0031386;00-0030155;00-0034855;00-0033439;00-0029963;00-0030792;00-0034791;00-0034399;00-0031426,JC Tretter;Stephen Carlson;Greg Robinson;Demetrius Harris;Baker Mayfield;Pharaoh Brown;Chris Hubbard;Justin McCray;Nick Chubb;Wyatt Teller;Joel Bitonio,00-0030455;00-0031300;00-0031557;00-0034673;00-0027835;00-0033096;00-0035230;00-0033571;00-0023259;00-0030114;00-0027956,Star Lotulelei;Trent Murphy;Jordan Phillips;Tremaine Edmunds;Kurt Coleman;Shaq Lawson;Ed Oliver;Matt Milano;Lorenzo Alexander;Jordan Poyer;Corey Liuget
2019_10_BUF_CLE,846,run,2.0,97.0,95.0,BUF,1.0,2893.0,97.0,37.0,3:13,2:36,,6.0,0.0,1.0,10.0,"4 DL, 3 LB, 4 DB",;;;;;;;;;;,11,8,,,,,00-0023500;00-0032043;00-0028581;00-0027691;00-0032151;00-0033904;00-0028097;00-0031936;00-0034857;00-0035238;00-0035689,Frank Gore;Quinton Spain;Patrick DiMarco;Andre Roberts;Jon Feliciano;Dion Dawkins;Lee Smith;Mitch Morse;Josh Allen;Cody Ford;Dawson Knox,00-0032251;00-0035646;00-0030573;00-0035144;00-0033868;00-0033905;00-0027676;00-0031269;00-0034856;00-0033125;00-0033598,Damarious Randall;Sione Takitaki;Sheldon Richardson;Mack Wilson;Myles Garrett;Larry Ogunjobi;Morgan Burnett;T.J. Carrie;Denzel Ward;Joe Schobert;Eli Ankou
2019_10_BUF_CLE,867,run,4.0,95.0,91.0,BUF,1.0,2856.0,95.0,43.0,2:36,1:53,,6.0,0.0,2.0,8.0,"4 DL, 2 LB, 5 DB",;;;;;;;;;;,11,6,,,,,00-0031051;00-0023500;00-0032043;00-0032214;00-0032151;00-0033904;00-0029000;00-0028097;00-0031936;00-0034857;00-0035238,John Brown;Frank Gore;Quinton Spain;Tyler Kroft;Jon Feliciano;Dion Dawkins;Cole Beasley;Lee Smith;Mitch Morse;Josh Allen;Cody Ford,00-0032251;00-0035638;00-0030573;00-0035144;00-0033868;00-0033905;00-0027676;00-0034856;00-0032403;00-0033125;00-0034770,Damarious Randall;Greedy Williams;Sheldon Richardson;Mack Wilson;Myles Garrett;Larry Ogunjobi;Morgan Burnett;Denzel Ward;Juston Burris;Joe Schobert;Chad Thomas
2019_10_BUF_CLE,888,pass,0.0,91.0,91.0,BUF,1.0,2813.0,91.0,3.0,1:53,1:50,,6.0,0.0,3.0,4.0,"4 DL, 2 LB, 5 DB",;;;;;;;;;;,11,5,6,MAN_COVERAGE,COVER_1,False,00-0031051;00-0032043;00-0035250;00-0032151;00-0033904;00-0029000;00-0033466;00-0031936;00-0034857;00-0035238;00-0035689,John Brown;Quinton Spain;Devin Singletary;Jon Feliciano;Dion Dawkins;Cole Beasley;Isaiah McKenzie;Mitch Morse;Josh Allen;Cody Ford;Dawson Knox,00-0032251;00-0035638;00-0030573;00-0035144;00-0033868;00-0033905;00-0027676;00-0031269;00-0034856;00-0033125;00-0034770,Damarious Randall;Greedy Williams;Sheldon Richardson;Mack Wilson;Myles Garrett;Larry Ogunjobi;Morgan Burnett;T.J. Carrie;Denzel Ward;Joe Schobert;Chad Thomas
2019_10_BUF_CLE,910,punt,0.0,91.0,91.0,BUF,1.0,2810.0,91.0,11.0,1:50,1:39,,6.0,0.0,4.0,4.0,,;;;;;;;;;;,11,,,,,,00-0034721;00-0031548;00-0032497;00-0028581;00-0031209;00-0027835;00-0034539;00-0034391;00-0033571;00-0023259;00-0029061,Corey Bojorquez;Kevin Johnson;Reid Ferguson;Patrick DiMarco;Senorise Perry;Kurt Coleman;Corey Thompson;Siran Neal;Matt Milano;Lorenzo Alexander;Julian Stanford,00-0034500;00-0031120;00-0035646;00-0034977;00-0034854;00-0034253;00-0031097;00-0032403;00-0035628;00-0034488;00-0034835,Tae Davis;Adarius Taylor;Sione Takitaki;Sheldrick Redwine;KhaDarel Hodge;Dontrell Hilliard;Terrance Mitchell;Juston Burris;D'Ernest Johnson;Tavierre Thomas;Malik Jefferson
2019_10_BUF_CLE,957,run,1.0,73.0,72.0,CLE,1.0,2799.0,73.0,39.0,1:39,1:00,,6.0,0.0,1.0,10.0,"4 DL, 2 LB, 5 DB",;;;;;;;;;;,11,7,,,,,00-0030076;00-0031386;00-0030155;00-0031382;00-0034855;00-0032977;00-0031235;00-0029963;00-0034791;00-0034399;00-0031426,JC Tretter;Greg Robinson;Demetrius Harris;Jarvis Landry;Baker Mayfield;Rashard Higgins;Odell Beckham Jr.;Chris Hubbard;Nick Chubb;Wyatt Teller;Joel Bitonio,00-0031300;00-0033884;00-0030090;00-0034673;00-0035230;00-0034514;00-0033571;00-0034376;00-0027881;00-0030114;00-0027956,Trent Murphy;Tre'Davious White;Micah Hyde;Tremaine Edmunds;Ed Oliver;Levi Wallace;Matt Milano;Taron Johnson;Jerry Hughes;Jordan Poyer;Corey Liuget
2019_10_BUF_CLE,978,pass,4.0,72.0,68.0,CLE,1.0,2760.0,72.0,45.0,1:00,0:15,,6.0,0.0,2.0,9.0,"4 DL, 2 LB, 5 DB",;;;;;;;;;;,11,7,4,ZONE_COVERAGE,COVER_3,False,00-0030076;00-0031386;00-0031382;00-0034855;00-0032977;00-0031235;00-0029963;00-0034791;00-0033923;00-0034399;00-0031426,JC Tretter;Greg Robinson;Jarvis Landry;Baker Mayfield;Rashard Higgins;Odell Beckham Jr.;Chris Hubbard;Nick Chubb;Kareem Hunt;Wyatt Teller;Joel Bitonio,00-0031300;00-0033884;00-0030090;00-0034673;00-0034514;00-0035230;00-0033571;00-0034376;00-0027881;00-0030114;00-0027956,Trent Murphy;Tre'Davious White;Micah Hyde;Tremaine Edmunds;Levi Wallace;Ed Oliver;Matt Milano;Taron Johnson;Jerry Hughes;Jordan Poyer;Corey Liuget
2019_10_BUF_CLE,1002,pass,3.0,68.0,65.0,CLE,1.0,2715.0,68.0,15.0,0:15,0:00,,6.0,0.0,3.0,5.0,"3 DL, 3 LB, 5 DB",;;;;;;;;;;,11,6,4,ZONE_COVERAGE,COVER_3,False,00-0030076;00-0035039;00-0031386;00-0031382;00-0034855;00-0031235;00-0029963;00-0034791;00-0033923;00-0034399;00-0031426,JC Tretter;Stephen Carlson;Greg Robinson;Jarvis Landry;Baker Mayfield;Odell Beckham Jr.;Chris Hubbard;Nick Chubb;Kareem Hunt;Wyatt Teller;Joel Bitonio,00-0031548;00-0031300;00-0031557;00-0033884;00-0030090;00-0034673;00-0034514;00-0033571;00-0023259;00-0027881;00-0030114,Kevin Johnson;Trent Murphy;Jordan Phillips;Tre'Davious White;Micah Hyde;Tremaine Edmunds;Levi Wallace;Matt Milano;Lorenzo Alexander;Jerry Hughes;Jordan Poyer
2019_10_BUF_CLE,1026,start_quarter_2,,,,CLE,1.0,2700.0,,0.0,0:00,0:00,,6.0,0.0,,0.0,,,0,,,,,,,,,
2019_10_BUF_CLE,1043,punt,0.0,65.0,65.0,CLE,2.0,2700.0,65.0,11.0,15:00,14:49,,6.0,0.0,4.0,2.0,,;;;;;;;;;;,11,,,,,,00-0034500;00-0035042;00-0035039;00-0031120;00-0035646;00-0035144;00-0029008;00-0034253;00-0034854;00-0035628;00-0034488,Tae Davis;Jamie Gillan;Stephen Carlson;Adarius Taylor;Sione Takitaki;Mack Wilson;Charley Hughlett;Dontrell Hilliard;KhaDarel Hodge;D'Ernest Johnson;Tavierre Thomas,00-0031548;00-0031300;00-0031557;00-0033884;00-0034673;00-0027691;00-0034514;00-0033571;00-0023259;00-0027881;00-0030114,Kevin Johnson;Trent Murphy;Jordan Phillips;Tre'Davious White;Tremaine Edmunds;Andre Roberts;Levi Wallace;Matt Milano;Lorenzo Alexander;Jerry Hughes;Jordan Poyer
2019_10_BUF_CLE,1068,run,9.0,76.0,67.0,BUF,2.0,2689.0,76.0,21.0,14:49,14:28,,6.0,0.0,1.0,10.0,"4 DL, 2 LB, 5 DB",;;;;;;;;;;,11,7,,,,,00-0031051;00-0032043;00-0029709;00-0035250;00-0027691;00-0032151;00-0033904;00-0033466;00-0031936;00-0034857;00-0035689,John Brown;Quinton Spain;Ty Nsekhe;Devin Singletary;Andre Roberts;Jon Feliciano;Dion Dawkins;Isaiah McKenzie;Mitch Morse;Josh Allen;Dawson Knox,00-0032251;00-0035638;00-0030573;00-0035144;00-0033868;00-0033905;00-0027676;00-0031269;00-0034856;00-0033125;00-0034770,Damarious Randall;Greedy Williams;Sheldon Richardson;Mack Wilson;Myles Garrett;Larry Ogunjobi;Morgan Burnett;T.J. Carrie;Denzel Ward;Joe Schobert;Chad Thomas
2019_10_BUF_CLE,1109,run,3.0,67.0,64.0,BUF,2.0,2668.0,67.0,44.0,14:28,13:44,,6.0,0.0,2.0,1.0,"4 DL, 2 LB, 5 DB",;;;;;;;;;;,11,6,,,,,00-0023500;00-0032043;00-0029709;00-0032214;00-0032151;00-0033904;00-0028097;00-0031936;00-0034857;00-0035689;00-0034510,Frank Gore;Quinton Spain;Ty Nsekhe;Tyler Kroft;Jon Feliciano;Dion Dawkins;Lee Smith;Mitch Morse;Josh Allen;Dawson Knox;Robert Foster,00-0032251;00-0035638;00-0030573;00-0035144;00-0033868;00-0033905;00-0027676;00-0034856;00-0032403;00-0033125;00-0034770,Damarious Randall;Greedy Williams;Sheldon Richardson;Mack Wilson;Myles Garrett;Larry Ogunjobi;Morgan Burnett;Denzel Ward;Juston Burris;Joe Schobert;Chad Thomas
2019_10_BUF_CLE,1130,run,12.0,64.0,52.0,BUF,2.0,2624.0,64.0,41.0,13:44,13:03,,6.0,0.0,1.0,10.0,"4 DL, 3 LB, 4 DB",;;;;;;;;;;,11,6,5,,,,00-0031051;00-0032043;00-0029709;00-0035250;00-0028581;00-0032151;00-0033904;00-0029000;00-0031936;00-0034857;00-0035689,John Brown;Quinton Spain;Ty Nsekhe;Devin Singletary;Patrick DiMarco;Jon Feliciano;Dion Dawkins;Cole Beasley;Mitch Morse;Josh Allen;Dawson Knox,00-0032251;00-0035638;00-0035646;00-0030573;00-0035144;00-0033868;00-0033905;00-0027676;00-0034856;00-0033125;00-0033598,Damarious Randall;Greedy Williams;Sione Takitaki;Sheldon Richardson;Mack Wilson;Myles Garrett;Larry Ogunjobi;Morgan Burnett;Denzel Ward;Joe Schobert;Eli Ankou
2019_10_BUF_CLE,1151,pass,0.0,52.0,52.0,BUF,2.0,2583.0,52.0,5.0,13:03,12:58,,6.0,0.0,1.0,10.0,"4 DL, 3 LB, 4 DB",;;;;;;;;;;,11,7,4,ZONE_COVERAGE,COVER_4,False,00-0031051;00-0023500;00-0032043;00-0029709;00-0028581;00-0032151;00-0033904;00-0028097;00-0031936;00-0034857;00-0035689,John Brown;Frank Gore;Quinton Spain;Ty Nsekhe;Patrick DiMarco;Jon Feliciano;Dion Dawkins;Lee Smith;Mitch Morse;Josh Allen;Dawson Knox,00-0032251;00-0035646;00-0030573;00-0035144;00-0033868;00-0033905;00-0027676;00-0031269;00-0034856;00-0033125;00-0034770,Damarious Randall;Sione Takitaki;Sheldon Richardson;Mack Wilson;Myles Garrett;Larry Ogunjobi;Morgan Burnett;T.J. Carrie;Denzel Ward;Joe Schobert;Chad Thomas
2019_10_BUF_CLE,1173,run,8.0,52.0,44.0,BUF,2.0,2578.0,52.0,43.0,12:58,12:15,,6.0,0.0,2.0,10.0,"4 DL, 2 LB, 5 DB",;;;;;;;;;;,11,6,,,,,00-0031051;00-0032043;00-0029709;00-0035250;00-0032214;00-0032151;00-0033904;00-0029000;00-0031936;00-0034857;00-0034510,John Brown;Quinton Spain;Ty Nsekhe;Devin Singletary;Tyler Kroft;Jon Feliciano;Dion Dawkins;Cole Beasley;Mitch Morse;Josh Allen;Robert Foster,00-0032251;00-0035638;00-0030573;00-0035144;00-0033868;00-0033905;00-0027676;00-0031269;00-0034856;00-0033125;00-0034770,Damarious Randall;Greedy Williams;Sheldon Richardson;Mack Wilson;Myles Garrett;Larry Ogunjobi;Morgan Burnett;T.J. Carrie;Denzel Ward;Joe Schobert;Chad Thomas
2019_10_BUF_CLE,1194,pass,12.0,44.0,32.0,BUF,2.0,2535.0,44.0,43.0,12:15,11:32,,6.0,0.0,3.0,2.0,"4 DL, 2 LB, 5 DB",;;;;;;;;;;,11,7,5,MAN_COVERAGE,COVER_1,False,00-0031051;00-0032043;00-0029709;00-0035250;00-0032151;00-0033904;00-0029000;00-0033466;00-0031936;00-0034857;00-0035689,John Brown;Quinton Spain;Ty Nsekhe;Devin Singletary;Jon Feliciano;Dion Dawkins;Cole Beasley;Isaiah McKenzie;Mitch Morse;Josh Allen;Dawson Knox,00-0032251;00-0035638;00-0030573;00-0035144;00-0033868;00-0033905;00-0027676;00-0031269;00-0034856;00-0033125;00-0034770,Damarious Randall;Greedy Williams;Sheldon Richardson;Mack Wilson;Myles Garrett;Larry Ogunjobi;Morgan Burnett;T.J. Carrie;Denzel Ward;Joe Schobert;Chad Thomas
2019_10_BUF_CLE,1218,pass,20.0,32.0,12.0,BUF,2.0,2492.0,32.0,43.0,11:32,10:49,,6.0,0.0,1.0,10.0,"4 DL, 2 LB, 5 DB",;;;;;;;;;;,11,6,5,ZONE_COVERAGE,COVER_3,False,00-0031051;00-0023500;00-0032043;00-0029709;00-0032214;00-0032151;00-0033904;00-0028097;00-0031936;00-0034857;00-0034510,John Brown;Frank Gore;Quinton Spain;Ty Nsekhe;Tyler Kroft;Jon Feliciano;Dion Dawkins;Lee Smith;Mitch Morse;Josh Allen;Robert Foster,00-0033501;00-0032251;00-0035638;00-0035144;00-0033868;00-0033905;00-0027676;00-0034856;00-0032403;00-0033125;00-0034770,Devaroe Lawrence;Damarious Randall;Greedy Williams;Mack Wilson;Myles Garrett;Larry Ogunjobi;Morgan Burnett;Denzel Ward;Juston Burris;Joe Schobert;Chad Thomas
2019_10_BUF_CLE,1242,run,2.0,12.0,10.0,BUF,2.0,2449.0,12.0,36.0,10:49,10:13,,6.0,0.0,1.0,10.0,"4 DL, 3 LB, 4 DB",;;;;;;;;;;,11,8,,,,,00-0031051;00-0023500;00-0032043;00-0029709;00-0028581;00-0027691;00-0032151;00-0033904;00-0028097;00-0031936;00-0034857,John Brown;Frank Gore;Quinton Spain;Ty Nsekhe;Patrick DiMarco;Andre Roberts;Jon Feliciano;Dion Dawkins;Lee Smith;Mitch Morse;Josh Allen,00-0033501;00-0032251;00-0035638;00-0035646;00-0035144;00-0033868;00-0033905;00-0027676;00-0034856;00-0033125;00-0033598,Devaroe Lawrence;Damarious Randall;Greedy Williams;Sione Takitaki;Mack Wilson;Myles Garrett;Larry Ogunjobi;Morgan Burnett;Denzel Ward;Joe Schobert;Eli Ankou
2019_10_BUF_CLE,1263,run,10.0,10.0,0.0,BUF,2.0,2413.0,10.0,4.0,10:13,10:09,,6.0,6.0,2.0,8.0,"4 DL, 2 LB, 5 DB",;;;;;;;;;;,11,5,,,,,00-0031051;00-0032043;00-0029709;00-0035250;00-0032214;00-0032151;00-0033904;00-0029000;00-0033466;00-0031936;00-0034857,John Brown;Quinton Spain;Ty Nsekhe;Devin Singletary;Tyler Kroft;Jon Feliciano;Dion Dawkins;Cole Beasley;Isaiah McKenzie;Mitch Morse;Josh Allen,00-0033501;00-0032251;00-0035638;00-0035144;00-0033868;00-0033905;00-0027676;00-0031269;00-0034856;00-0033125;00-0034770,Devaroe Lawrence;Damarious Randall;Greedy Williams;Mack Wilson;Myles Garrett;Larry Ogunjobi;Morgan Burnett;T.J. Carrie;Denzel Ward;Joe Schobert;Chad Thomas
2019_10_BUF_CLE,1285,extra_point,0.0,15.0,15.0,BUF,2.0,2409.0,15.0,0.0,10:09,10:09,,6.0,7.0,,0.0,,;;;;;;;;;;,11,,,,,,00-0034721;00-0032043;00-0029709;00-0025944;00-0032497;00-0031300;00-0032151;00-0033904;00-0028097;00-0031047;00-0035238,Corey Bojorquez;Quinton Spain;Ty Nsekhe;Steven Hauschka;Reid Ferguson;Trent Murphy;Jon Feliciano;Dion Dawkins;Lee Smith;Spencer Long;Cody Ford,00-0033501;00-0031120;00-0032251;00-0035144;00-0033868;00-0033905;00-0027676;00-0034856;00-0033125;00-0034488;00-0034770,Devaroe Lawrence;Adarius Taylor;Damarious Randall;Mack Wilson;Myles Garrett;Larry Ogunjobi;Morgan Burnett;Denzel Ward;Joe Schobert;Tavierre Thomas;Chad Thomas
2019_10_BUF_CLE,1301,kickoff,0.0,35.0,35.0,CLE,2.0,2409.0,35.0,5.0,10:09,10:04,,6.0,7.0,,0.0,,;;;;;;;;;;,11,,,,,,00-0031548;00-0025944;00-0031209;00-0035290;00-0034539;00-0034391;00-0035306;00-0023259;00-0030114;00-0029061;00-0034510,Kevin Johnson;Steven Hauschka;Senorise Perry;Jaquan Johnson;Corey Thompson;Siran Neal;Darryl Johnson;Lorenzo Alexander;Jordan Poyer;Julian Stanford;Robert Foster,00-0034500;00-0035039;00-0031120;00-0030155;00-0035646;00-0034977;00-0034253;00-0034854;00-0035628;00-0034488;00-0034835,Tae Davis;Stephen Carlson;Adarius Taylor;Demetrius Harris;Sione Takitaki;Sheldrick Redwine;Dontrell Hilliard;KhaDarel Hodge;D'Ernest Johnson;Tavierre Thomas;Malik Jefferson
2019_10_BUF_CLE,1329,pass,0.0,77.0,77.0,CLE,2.0,2404.0,77.0,7.0,10:04,9:57,,6.0,7.0,1.0,10.0,"4 DL, 3 LB, 4 DB",;;;;;;;;;;,11,7,4,ZONE_COVERAGE,COVER_2,True,00-0030076;00-0031386;00-0030155;00-0031382;00-0034855;00-0033439;00-0031235;00-0029963;00-0034791;00-0034399;00-0031426,JC Tretter;Greg Robinson;Demetrius Harris;Jarvis Landry;Baker Mayfield;Pharaoh Brown;Odell Beckham Jr.;Chris Hubbard;Nick Chubb;Wyatt Teller;Joel Bitonio,00-0030455;00-0031557;00-0033884;00-0030090;00-0034673;00-0033096;00-0034514;00-0033571;00-0023259;00-0027881;00-0030114,Star Lotulelei;Jordan Phillips;Tre'Davious White;Micah Hyde;Tremaine Edmunds;Shaq Lawson;Levi Wallace;Matt Milano;Lorenzo Alexander;Jerry Hughes;Jordan Poyer
2019_10_BUF_CLE,1351,run,6.0,77.0,71.0,CLE,2.0,2397.0,77.0,42.0,9:57,9:15,,6.0,7.0,2.0,10.0,"4 DL, 2 LB, 5 DB",;;;;;;;;;;,11,6,,,,,00-0030076;00-0031386;00-0030155;00-0031382;00-0034855;00-0031235;00-0034854;00-0029963;00-0034791;00-0034399;00-0031426,JC Tretter;Greg Robinson;Demetrius Harris;Jarvis Landry;Baker Mayfield;Odell Beckham Jr.;KhaDarel Hodge;Chris Hubbard;Nick Chubb;Wyatt Teller;Joel Bitonio,00-0030455;00-0031557;00-0033884;00-0030090;00-0034673;00-0033096;00-0034514;00-0033571;00-0034376;00-0027881;00-0030114,Star Lotulelei;Jordan Phillips;Tre'Davious White;Micah Hyde;Tremaine Edmunds;Shaq Lawson;Levi Wallace;Matt Milano;Taron Johnson;Jerry Hughes;Jordan Poyer
2019_10_BUF_CLE,1372,pass,16.0,71.0,55.0,CLE,2.0,2355.0,71.0,46.0,9:15,8:29,,6.0,7.0,3.0,4.0,"4 DL, 2 LB, 5 DB",;;;;;;;;;;,11,7,4,ZONE_COVERAGE,COVER_3,False,00-0030076;00-0031386;00-0031382;00-0034855;00-0032977;00-0031235;00-0029963;00-0034791;00-0033923;00-0034399;00-0031426,JC Tretter;Greg Robinson;Jarvis Landry;Baker Mayfield;Rashard Higgins;Odell Beckham Jr.;Chris Hubbard;Nick Chubb;Kareem Hunt;Wyatt Teller;Joel Bitonio,00-0031548;00-0030455;00-0031557;00-0033884;00-0030090;00-0034673;00-0033096;00-0034514;00-0033571;00-0027881;00-0030114,Kevin Johnson;Star Lotulelei;Jordan Phillips;Tre'Davious White;Micah Hyde;Tremaine Edmunds;Shaq Lawson;Levi Wallace;Matt Milano;Jerry Hughes;Jordan Poyer
2019_10_BUF_CLE,1396,run,16.0,55.0,39.0,CLE,2.0,2309.0,55.0,41.0,8:29,7:48,,6.0,7.0,1.0,10.0,"4 DL, 3 LB, 4 DB",;;;;;;;;;;,11,7,,,,,00-0030076;00-0035039;00-0031386;00-0031382;00-0034855;00-0031235;00-0029963;00-0034791;00-0033923;00-0034399;00-0031426,JC Tretter;Stephen Carlson;Greg Robinson;Jarvis Landry;Baker Mayfield;Odell Beckham Jr.;Chris Hubbard;Nick Chubb;Kareem Hunt;Wyatt Teller;Joel Bitonio,00-0033884;00-0034673;00-0030090;00-0033096;00-0034514;00-0035230;00-0033571;00-0023259;00-0027881;00-0030114;00-0027956,Tre'Davious White;Tremaine Edmunds;Micah Hyde;Shaq Lawson;Levi Wallace;Ed Oliver;Matt Milano;Lorenzo Alexander;Jerry Hughes;Jordan Poyer;Corey Liuget
2019_10_BUF_CLE,1417,pass,10.0,39.0,29.0,CLE,2.0,2268.0,39.0,43.0,7:48,7:05,,6.0,7.0,1.0,10.0,"4 DL, 2 LB, 5 DB",;;;;;;;;;;,11,7,5,ZONE_COVERAGE,COVER_3,False,00-0030076;00-0031386;00-0030155;00-0031382;00-0034855;00-0031235;00-0034854;00-0029963;00-0034791;00-0034399;00-0031426,JC Tretter;Greg Robinson;Demetrius Harris;Jarvis Landry;Baker Mayfield;Odell Beckham Jr.;KhaDarel Hodge;Chris Hubbard;Nick Chubb;Wyatt Teller;Joel Bitonio,00-0033884;00-0030090;00-0034673;00-0033096;00-0034514;00-0035230;00-0033571;00-0034376;00-0027881;00-0030114;00-0027956,Tre'Davious White;Micah Hyde;Tremaine Edmunds;Shaq Lawson;Levi Wallace;Ed Oliver;Matt Milano;Taron Johnson;Jerry Hughes;Jordan Poyer;Corey Liuget
2019_10_BUF_CLE,1441,pass,0.0,29.0,29.0,CLE,2.0,2225.0,29.0,5.0,7:05,7:00,,6.0,7.0,1.0,10.0,"4 DL, 2 LB, 5 DB",;;;;;;;;;;,11,6,5,MAN_COVERAGE,COVER_1,True,00-0030076;00-0031386;00-0030155;00-0031382;00-0034855;00-0031235;00-0034854;00-0029963;00-0034791;00-0034399;00-0031426,JC Tretter;Greg Robinson;Demetrius Harris;Jarvis Landry;Baker Mayfield;Odell Beckham Jr.;KhaDarel Hodge;Chris Hubbard;Nick Chubb;Wyatt Teller;Joel Bitonio,00-0033884;00-0030090;00-0034673;00-0033096;00-0034514;00-0035230;00-0033571;00-0034376;00-0027881;00-0030114;00-0027956,Tre'Davious White;Micah Hyde;Tremaine Edmunds;Shaq Lawson;Levi Wallace;Ed Oliver;Matt Milano;Taron Johnson;Jerry Hughes;Jordan Poyer;Corey Liuget
2019_10_BUF_CLE,1463,run,12.0,29.0,17.0,CLE,2.0,2220.0,29.0,39.0,7:00,6:21,,6.0,7.0,2.0,10.0,"4 DL, 3 LB, 4 DB",;;;;;;;;;;,11,7,,,,,00-0030076;00-0035039;00-0031386;00-0031382;00-0034855;00-0031235;00-0029963;00-0034791;00-0033923;00-0034399;00-0031426,JC Tretter;Stephen Carlson;Greg Robinson;Jarvis Landry;Baker Mayfield;Odell Beckham Jr.;Chris Hubbard;Nick Chubb;Kareem Hunt;Wyatt Teller;Joel Bitonio,00-0030455;00-0031300;00-0031557;00-0033884;00-0030090;00-0034673;00-0034514;00-0033571;00-0023259;00-0027881;00-0030114,Star Lotulelei;Trent Murphy;Jordan Phillips;Tre'Davious White;Micah Hyde;Tremaine Edmunds;Levi Wallace;Matt Milano;Lorenzo Alexander;Jerry Hughes;Jordan Poyer
2019_10_BUF_CLE,1484,pass,5.0,17.0,12.0,CLE,2.0,2181.0,17.0,32.0,6:21,5:49,,6.0,7.0,1.0,10.0,"4 DL, 2 LB, 5 DB",;;;;;;;;;;,11,7,3,ZONE_COVERAGE,COVER_3,False,00-0030076;00-0031386;00-0031382;00-0034855;00-0031235;00-0034253;00-0029963;00-0034854;00-0033923;00-0034399;00-0031426,JC Tretter;Greg Robinson;Jarvis Landry;Baker Mayfield;Odell Beckham Jr.;Dontrell Hilliard;Chris Hubbard;KhaDarel Hodge;Kareem Hunt;Wyatt Teller;Joel Bitonio,00-0030455;00-0031300;00-0031557;00-0033884;00-0030090;00-0034673;00-0034514;00-0033571;00-0034376;00-0027881;00-0030114,Star Lotulelei;Trent Murphy;Jordan Phillips;Tre'Davious White;Micah Hyde;Tremaine Edmunds;Levi Wallace;Matt Milano;Taron Johnson;Jerry Hughes;Jordan Poyer
2019_10_BUF_CLE,1518,run,9.0,12.0,3.0,CLE,2.0,2149.0,12.0,41.0,5:49,5:08,,6.0,7.0,2.0,5.0,"4 DL, 2 LB, 5 DB",;;;;;;;;;;,11,7,,,,,00-0030076;00-0031386;00-0031382;00-0034855;00-0031235;00-0034253;00-0034854;00-0029963;00-0033923;00-0034399;00-0031426,JC Tretter;Greg Robinson;Jarvis Landry;Baker Mayfield;Odell Beckham Jr.;Dontrell Hilliard;KhaDarel Hodge;Chris Hubbard;Kareem Hunt;Wyatt Teller;Joel Bitonio,00-0030455;00-0031300;00-0031557;00-0033884;00-0030090;00-0034673;00-0034514;00-0033571;00-0034376;00-0027881;00-0030114,Star Lotulelei;Trent Murphy;Jordan Phillips;Tre'Davious White;Micah Hyde;Tremaine Edmunds;Levi Wallace;Matt Milano;Taron Johnson;Jerry Hughes;Jordan Poyer
2019_10_BUF_CLE,1539,pass,2.0,3.0,1.0,CLE,2.0,2108.0,3.0,43.0,5:08,4:25,,6.0,7.0,1.0,3.0,"4 DL, 2 LB, 5 DB",;;;;;;;;;;,11,8,4,MAN_COVERAGE,COVER_0,False,00-0030076;00-0031386;00-0031382;00-0034855;00-0031235;00-0034253;00-0029963;00-0034854;00-0033923;00-0034399;00-0031426,JC Tretter;Greg Robinson;Jarvis Landry;Baker Mayfield;Odell Beckham Jr.;Dontrell Hilliard;Chris Hubbard;KhaDarel Hodge;Kareem Hunt;Wyatt Teller;Joel Bitonio,00-0030455;00-0031300;00-0031557;00-0033884;00-0030090;00-0034673;00-0034514;00-0033571;00-0034376;00-0027881;00-0030114,Star Lotulelei;Trent Murphy;Jordan Phillips;Tre'Davious White;Micah Hyde;Tremaine Edmunds;Levi Wallace;Matt Milano;Taron Johnson;Jerry Hughes;Jordan Poyer
2019_10_BUF_CLE,1563,run,-2.0,1.0,3.0,CLE,2.0,2065.0,1.0,44.0,4:25,3:41,,6.0,7.0,2.0,1.0,"4 DL, 3 LB, 4 DB",;;;;;;;;;;,11,8,,,,,00-0030076;00-0031386;00-0031382;00-0034855;00-0033439;00-0031235;00-0029963;00-0034791;00-0033923;00-0034399;00-0031426,JC Tretter;Greg Robinson;Jarvis Landry;Baker Mayfield;Pharaoh Brown;Odell Beckham Jr.;Chris Hubbard;Nick Chubb;Kareem Hunt;Wyatt Teller;Joel Bitonio,00-0030455;00-0031300;00-0031557;00-0033884;00-0030090;00-0034673;00-0034514;00-0033571;00-0023259;00-0027881;00-0030114,Star Lotulelei;Trent Murphy;Jordan Phillips;Tre'Davious White;Micah Hyde;Tremaine Edmunds;Levi Wallace;Matt Milano;Lorenzo Alexander;Jerry Hughes;Jordan Poyer
2019_10_BUF_CLE,1589,pass,0.0,3.0,3.0,CLE,2.0,2021.0,3.0,3.0,3:41,3:38,,6.0,7.0,3.0,3.0,"4 DL, 2 LB, 5 DB",;;;;;;;;;;,11,8,3,MAN_COVERAGE,COVER_0,False,00-0030076;00-0031386;00-0031382;00-0034855;00-0032977;00-0031235;00-0029963;00-0034791;00-0033923;00-0034399;00-0031426,JC Tretter;Greg Robinson;Jarvis Landry;Baker Mayfield;Rashard Higgins;Odell Beckham Jr.;Chris Hubbard;Nick Chubb;Kareem Hunt;Wyatt Teller;Joel Bitonio,00-0030455;00-0031300;00-0031557;00-0033884;00-0030090;00-0034673;00-0034514;00-0033571;00-0034376;00-0027881;00-0030114,Star Lotulelei;Trent Murphy;Jordan Phillips;Tre'Davious White;Micah Hyde;Tremaine Edmunds;Levi Wallace;Matt Milano;Taron Johnson;Jerry Hughes;Jordan Poyer
2019_10_BUF_CLE,1611,no_play,0.0,3.0,3.0,CLE,2.0,2018.0,3.0,0.0,3:38,3:38,,6.0,7.0,4.0,3.0,"4 DL, 3 LB, 4 DB",;;;;;;;;;;,11,,,,,,00-0030076;00-0031386;00-0030155;00-0031382;00-0034855;00-0033439;00-0031235;00-0029963;00-0034791;00-0034399;00-0031426,JC Tretter;Greg Robinson;Demetrius Harris;Jarvis Landry;Baker Mayfield;Pharaoh Brown;Odell Beckham Jr.;Chris Hubbard;Nick Chubb;Wyatt Teller;Joel Bitonio,00-0030455;00-0031300;00-0031557;00-0033884;00-0030090;00-0034673;00-0034514;00-0033571;00-0023259;00-0027881;00-0030114,Star Lotulelei;Trent Murphy;Jordan Phillips;Tre'Davious White;Micah Hyde;Tremaine Edmunds;Levi Wallace;Matt Milano;Lorenzo Alexander;Jerry Hughes;Jordan Poyer
2019_10_BUF_CLE,1635,field_goal,0.0,8.0,8.0,CLE,2.0,2018.0,8.0,3.0,3:38,3:35,,9.0,7.0,4.0,8.0,,;;;;;;;;;;,11,,,,,,00-0035042;00-0030076;00-0031386;00-0030155;00-0030094;00-0029008;00-0035145;00-0029963;00-0030792;00-0034399;00-0031426,Jamie Gillan;JC Tretter;Greg Robinson;Demetrius Harris;Eric Kush;Charley Hughlett;Austin Seibert;Chris Hubbard;Justin McCray;Wyatt Teller;Joel Bitonio,00-0031548;00-0030455;00-0031557;00-0033884;00-0030090;00-0034673;00-0033096;00-0035230;00-0035306;00-0023259;00-0030114,Kevin Johnson;Star Lotulelei;Jordan Phillips;Tre'Davious White;Micah Hyde;Tremaine Edmunds;Shaq Lawson;Ed Oliver;Darryl Johnson;Lorenzo Alexander;Jordan Poyer
2019_10_BUF_CLE,1654,kickoff,0.0,35.0,35.0,BUF,2.0,2015.0,35.0,7.0,3:35,3:28,,9.0,7.0,,0.0,,;;;;;;;;;;,11,,,,,,00-0034500;00-0031120;00-0035145;00-0034977;00-0034253;00-0034854;00-0031097;00-0032403;00-0035628;00-0034488;00-0034835,Tae Davis;Adarius Taylor;Austin Seibert;Sheldrick Redwine;Dontrell Hilliard;KhaDarel Hodge;Terrance Mitchell;Juston Burris;D'Ernest Johnson;Tavierre Thomas;Malik Jefferson,00-0032214;00-0028581;00-0031209;00-0027691;00-0027835;00-0035290;00-0034539;00-0034391;00-0035306;00-0029061;00-0034510,Tyler Kroft;Patrick DiMarco;Senorise Perry;Andre Roberts;Kurt Coleman;Jaquan Johnson;Corey Thompson;Siran Neal;Darryl Johnson;Julian Stanford;Robert Foster
2019_10_BUF_CLE,1676,pass,0.0,74.0,74.0,BUF,2.0,2008.0,74.0,6.0,3:28,3:22,,9.0,7.0,1.0,10.0,"4 DL, 3 LB, 4 DB",;;;;;;;;;;,11,6,4,ZONE_COVERAGE,COVER_3,True,00-0032043;00-0029709;00-0035250;00-0028581;00-0032151;00-0033904;00-0029000;00-0028097;00-0031936;00-0034857;00-0035689,Quinton Spain;Ty Nsekhe;Devin Singletary;Patrick DiMarco;Jon Feliciano;Dion Dawkins;Cole Beasley;Lee Smith;Mitch Morse;Josh Allen;Dawson Knox,00-0032251;00-0035646;00-0030573;00-0035144;00-0033868;00-0033905;00-0027676;00-0031269;00-0034856;00-0033125;00-0033598,Damarious Randall;Sione Takitaki;Sheldon Richardson;Mack Wilson;Myles Garrett;Larry Ogunjobi;Morgan Burnett;T.J. Carrie;Denzel Ward;Joe Schobert;Eli Ankou
2019_10_BUF_CLE,1698,pass,8.0,74.0,66.0,BUF,2.0,2002.0,74.0,46.0,3:22,2:36,,9.0,7.0,2.0,10.0,"4 DL, 2 LB, 5 DB",;;;;;;;;;;,11,6,4,ZONE_COVERAGE,COVER_3,False,00-0031051;00-0032043;00-0029709;00-0035250;00-0032214;00-0032151;00-0033904;00-0029000;00-0033466;00-0031936;00-0034857,John Brown;Quinton Spain;Ty Nsekhe;Devin Singletary;Tyler Kroft;Jon Feliciano;Dion Dawkins;Cole Beasley;Isaiah McKenzie;Mitch Morse;Josh Allen,00-0032251;00-0035638;00-0030573;00-0035144;00-0033868;00-0033905;00-0027676;00-0031269;00-0034856;00-0033125;00-0034770,Damarious Randall;Greedy Williams;Sheldon Richardson;Mack Wilson;Myles Garrett;Larry Ogunjobi;Morgan Burnett;T.J. Carrie;Denzel Ward;Joe Schobert;Chad Thomas
2019_10_BUF_CLE,1722,pass,26.0,66.0,40.0,BUF,2.0,1956.0,66.0,36.0,2:36,2:00,,9.0,7.0,3.0,2.0,"4 DL, 2 LB, 5 DB",;;;;;;;;;;,11,6,6,MAN_COVERAGE,COVER_1,False,00-0031051;00-0023500;00-0032043;00-0029709;00-0032214;00-0032151;00-0033904;00-0029000;00-0031936;00-0034857;00-0034510,John Brown;Frank Gore;Quinton Spain;Ty Nsekhe;Tyler Kroft;Jon Feliciano;Dion Dawkins;Cole Beasley;Mitch Morse;Josh Allen;Robert Foster,00-0032251;00-0035638;00-0030573;00-0035144;00-0033868;00-0033905;00-0027676;00-0031269;00-0034856;00-0033125;00-0034770,Damarious Randall;Greedy Williams;Sheldon Richardson;Mack Wilson;Myles Garrett;Larry Ogunjobi;Morgan Burnett;T.J. Carrie;Denzel Ward;Joe Schobert;Chad Thomas
2019_10_BUF_CLE,1767,pass,0.0,40.0,40.0,BUF,2.0,1920.0,40.0,5.0,2:00,1:55,,9.0,7.0,1.0,10.0,"4 DL, 3 LB, 4 DB",;;;;;;;;;;,11,7,4,ZONE_COVERAGE,COVER_6,True,00-0031051;00-0023500;00-0032043;00-0029709;00-0032214;00-0028581;00-0032151;00-0033904;00-0033466;00-0031936;00-0034857,John Brown;Frank Gore;Quinton Spain;Ty Nsekhe;Tyler Kroft;Patrick DiMarco;Jon Feliciano;Dion Dawkins;Isaiah McKenzie;Mitch Morse;Josh Allen,00-0032251;00-0035638;00-0035646;00-0030573;00-0035144;00-0033868;00-0033905;00-0027676;00-0034856;00-0033125;00-0033598,Damarious Randall;Greedy Williams;Sione Takitaki;Sheldon Richardson;Mack Wilson;Myles Garrett;Larry Ogunjobi;Morgan Burnett;Denzel Ward;Joe Schobert;Eli Ankou
2019_10_BUF_CLE,1796,timeout,0.0,,,,2.0,1915.0,,1.0,1:55,1:54,BUF,9.0,7.0,,0.0,,,0,,,,,,,,,
2019_10_BUF_CLE,1813,pass,7.0,40.0,33.0,BUF,2.0,1914.0,40.0,39.0,1:54,1:15,,9.0,7.0,2.0,10.0,"4 DL, 2 LB, 5 DB",;;;;;;;;;;,11,6,4,ZONE_COVERAGE,COVER_3,False,00-0031051;00-0032043;00-0029709;00-0035250;00-0032214;00-0027691;00-0032151;00-0033904;00-0029000;00-0031936;00-0034857,John Brown;Quinton Spain;Ty Nsekhe;Devin Singletary;Tyler Kroft;Andre Roberts;Jon Feliciano;Dion Dawkins;Cole Beasley;Mitch Morse;Josh Allen,00-0032251;00-0035638;00-0030573;00-0035144;00-0033868;00-0033905;00-0027676;00-0031269;00-0034856;00-0033125;00-0034770,Damarious Randall;Greedy Williams;Sheldon Richardson;Mack Wilson;Myles Garrett;Larry Ogunjobi;Morgan Burnett;T.J. Carrie;Denzel Ward;Joe Schobert;Chad Thomas
2019_10_BUF_CLE,1837,no_play,0.0,33.0,33.0,BUF,2.0,1875.0,33.0,6.0,1:15,1:09,,9.0,7.0,3.0,3.0,"4 DL, 2 LB, 5 DB",;;;;;;;;;;,11,6,,,,,00-0031051;00-0023500;00-0032043;00-0029709;00-0032214;00-0032151;00-0033904;00-0029000;00-0031936;00-0034857;00-0034510,John Brown;Frank Gore;Quinton Spain;Ty Nsekhe;Tyler Kroft;Jon Feliciano;Dion Dawkins;Cole Beasley;Mitch Morse;Josh Allen;Robert Foster,00-0032251;00-0035638;00-0030573;00-0035144;00-0033868;00-0033905;00-0027676;00-0031269;00-0034856;00-0033125;00-0034770,Damarious Randall;Greedy Williams;Sheldon Richardson;Mack Wilson;Myles Garrett;Larry Ogunjobi;Morgan Burnett;T.J. Carrie;Denzel Ward;Joe Schobert;Chad Thomas
2019_10_BUF_CLE,1869,pass,16.0,43.0,27.0,BUF,2.0,1869.0,43.0,27.0,1:09,0:42,,9.0,7.0,3.0,13.0,"4 DL, 2 LB, 5 DB",;;;;;;;;;;,11,5,4,ZONE_COVERAGE,COVER_3,False,00-0031051;00-0032043;00-0029709;00-0035250;00-0032214;00-0032151;00-0033904;00-0033466;00-0031936;00-0034857;00-0034510,John Brown;Quinton Spain;Ty Nsekhe;Devin Singletary;Tyler Kroft;Jon Feliciano;Dion Dawkins;Isaiah McKenzie;Mitch Morse;Josh Allen;Robert Foster,00-0032251;00-0035638;00-0030573;00-0035144;00-0033868;00-0033905;00-0027676;00-0031269;00-0034856;00-0033125;00-0034770,Damarious Randall;Greedy Williams;Sheldon Richardson;Mack Wilson;Myles Garrett;Larry Ogunjobi;Morgan Burnett;T.J. Carrie;Denzel Ward;Joe Schobert;Chad Thomas
2019_10_BUF_CLE,1893,pass,11.0,27.0,16.0,BUF,2.0,1842.0,27.0,8.0,0:42,0:34,,9.0,7.0,1.0,10.0,"4 DL, 2 LB, 5 DB",;;;;;;;;;;,11,6,4,ZONE_COVERAGE,COVER_4,False,00-0031051;00-0032043;00-0029709;00-0035250;00-0032214;00-0032151;00-0033904;00-0029000;00-0033466;00-0031936;00-0034857,John Brown;Quinton Spain;Ty Nsekhe;Devin Singletary;Tyler Kroft;Jon Feliciano;Dion Dawkins;Cole Beasley;Isaiah McKenzie;Mitch Morse;Josh Allen,00-0032251;00-0035638;00-0030573;00-0035144;00-0033868;00-0033905;00-0027676;00-0031269;00-0034856;00-0033125;00-0034770,Damarious Randall;Greedy Williams;Sheldon Richardson;Mack Wilson;Myles Garrett;Larry Ogunjobi;Morgan Burnett;T.J. Carrie;Denzel Ward;Joe Schobert;Chad Thomas
2019_10_BUF_CLE,1917,timeout,0.0,,,,2.0,1834.0,,0.0,0:34,0:34,BUF,9.0,7.0,,0.0,,,0,,,,,,,,,
2019_10_BUF_CLE,1934,pass,0.0,16.0,16.0,BUF,2.0,1834.0,16.0,4.0,0:34,0:30,,9.0,7.0,1.0,10.0,"4 DL, 2 LB, 5 DB",;;;;;;;;;;,11,6,4,ZONE_COVERAGE,COVER_3,True,00-0031051;00-0032043;00-0029709;00-0035250;00-0032214;00-0032151;00-0033904;00-0029000;00-0033466;00-0031936;00-0034857,John Brown;Quinton Spain;Ty Nsekhe;Devin Singletary;Tyler Kroft;Jon Feliciano;Dion Dawkins;Cole Beasley;Isaiah McKenzie;Mitch Morse;Josh Allen,00-0032251;00-0035638;00-0030573;00-0035144;00-0033868;00-0033905;00-0027676;00-0031269;00-0034856;00-0033125;00-0034770,Damarious Randall;Greedy Williams;Sheldon Richardson;Mack Wilson;Myles Garrett;Larry Ogunjobi;Morgan Burnett;T.J. Carrie;Denzel Ward;Joe Schobert;Chad Thomas
2019_10_BUF_CLE,1956,pass,0.0,16.0,16.0,BUF,2.0,1830.0,16.0,4.0,0:30,0:26,,9.0,7.0,2.0,10.0,"4 DL, 2 LB, 5 DB",;;;;;;;;;;,11,6,4,ZONE_COVERAGE,COVER_4,False,00-0031051;00-0032043;00-0029709;00-0035250;00-0032151;00-0033904;00-0029000;00-0033466;00-0031936;00-0034857;00-0035689,John Brown;Quinton Spain;Ty Nsekhe;Devin Singletary;Jon Feliciano;Dion Dawkins;Cole Beasley;Isaiah McKenzie;Mitch Morse;Josh Allen;Dawson Knox,00-0032251;00-0035638;00-0030573;00-0035144;00-0033868;00-0033905;00-0027676;00-0031269;00-0034856;00-0033125;00-0034770,Damarious Randall;Greedy Williams;Sheldon Richardson;Mack Wilson;Myles Garrett;Larry Ogunjobi;Morgan Burnett;T.J. Carrie;Denzel Ward;Joe Schobert;Chad Thomas
2019_10_BUF_CLE,1978,pass,0.0,16.0,16.0,BUF,2.0,1826.0,16.0,6.0,0:26,0:20,,9.0,7.0,3.0,10.0,"4 DL, 2 LB, 5 DB",;;;;;;;;;;,11,6,5,ZONE_COVERAGE,COVER_4,True,00-0031051;00-0032043;00-0029709;00-0035250;00-0032151;00-0033904;00-0029000;00-0033466;00-0031936;00-0034857;00-0035689,John Brown;Quinton Spain;Ty Nsekhe;Devin Singletary;Jon Feliciano;Dion Dawkins;Cole Beasley;Isaiah McKenzie;Mitch Morse;Josh Allen;Dawson Knox,00-0032251;00-0035638;00-0030573;00-0033868;00-0035144;00-0033905;00-0027676;00-0031269;00-0034856;00-0033125;00-0034770,Damarious Randall;Greedy Williams;Sheldon Richardson;Myles Garrett;Mack Wilson;Larry Ogunjobi;Morgan Burnett;T.J. Carrie;Denzel Ward;Joe Schobert;Chad Thomas
2019_10_BUF_CLE,2000,field_goal,0.0,16.0,16.0,BUF,2.0,1820.0,16.0,3.0,0:20,0:17,,9.0,7.0,4.0,10.0,,;;;;;;;;;;,11,,,,,,00-0034721;00-0032043;00-0029709;00-0025944;00-0032497;00-0031300;00-0032151;00-0033904;00-0028097;00-0031047;00-0035238,Corey Bojorquez;Quinton Spain;Ty Nsekhe;Steven Hauschka;Reid Ferguson;Trent Murphy;Jon Feliciano;Dion Dawkins;Lee Smith;Spencer Long;Cody Ford,00-0031120;00-0032251;00-0030573;00-0035144;00-0033868;00-0033905;00-0027676;00-0034856;00-0033125;00-0034488;00-0034770,Adarius Taylor;Damarious Randall;Sheldon Richardson;Mack Wilson;Myles Garrett;Larry Ogunjobi;Morgan Burnett;Denzel Ward;Joe Schobert;Tavierre Thomas;Chad Thomas
2019_10_BUF_CLE,2020,run,9.0,76.0,67.0,CLE,2.0,1817.0,76.0,9.0,0:17,0:08,,9.0,7.0,1.0,10.0,"3 DL, 3 LB, 5 DB",;;;;;;;;;;,11,5,,,,,00-0030076;00-0031386;00-0030155;00-0031382;00-0034855;00-0032977;00-0031235;00-0029963;00-0033923;00-0034399;00-0031426,JC Tretter;Greg Robinson;Demetrius Harris;Jarvis Landry;Baker Mayfield;Rashard Higgins;Odell Beckham Jr.;Chris Hubbard;Kareem Hunt;Wyatt Teller;Joel Bitonio,00-0030455;00-0031300;00-0033884;00-0030090;00-0034673;00-0034514;00-0033571;00-0034376;00-0023259;00-0027881;00-0030114,Star Lotulelei;Trent Murphy;Tre'Davious White;Micah Hyde;Tremaine Edmunds;Levi Wallace;Matt Milano;Taron Johnson;Lorenzo Alexander;Jerry Hughes;Jordan Poyer
2019_10_BUF_CLE,2041,timeout,0.0,,,,2.0,1808.0,,0.0,0:08,0:08,CLE,9.0,7.0,,0.0,,,0,,,,,,,,,
2019_10_BUF_CLE,2058,run,2.0,67.0,65.0,CLE,2.0,1808.0,67.0,6.0,0:08,0:02,,9.0,7.0,2.0,1.0,"3 DL, 3 LB, 5 DB",;;;;;;;;;;,11,4,4,,,,00-0030076;00-0031386;00-0030155;00-0031382;00-0034855;00-0032977;00-0031235;00-0029963;00-0033923;00-0034399;00-0031426,JC Tretter;Greg Robinson;Demetrius Harris;Jarvis Landry;Baker Mayfield;Rashard Higgins;Odell Beckham Jr.;Chris Hubbard;Kareem Hunt;Wyatt Teller;Joel Bitonio,00-0031300;00-0031557;00-0033884;00-0030090;00-0034673;00-0034514;00-0033571;00-0034376;00-0023259;00-0027881;00-0030114,Trent Murphy;Jordan Phillips;Tre'Davious White;Micah Hyde;Tremaine Edmunds;Levi Wallace;Matt Milano;Taron Johnson;Lorenzo Alexander;Jerry Hughes;Jordan Poyer
2019_10_BUF_CLE,2079,timeout,0.0,,,,2.0,1802.0,,0.0,0:02,0:02,CLE,9.0,7.0,,0.0,,,0,,,,,,,,,
2019_10_BUF_CLE,2096,timeout,0.0,,,,2.0,1802.0,,0.0,0:02,0:02,BUF,9.0,7.0,,0.0,,,0,,,,,,,,,
2019_10_BUF_CLE,2113,run,8.0,65.0,57.0,CLE,2.0,1802.0,65.0,2.0,0:02,0:00,,9.0,7.0,1.0,10.0,"3 DL, 3 LB, 5 DB",;;;;;;;;;;,11,4,,,,,00-0030076;00-0031386;00-0030155;00-0031382;00-0034855;00-0032977;00-0031235;00-0029963;00-0033923;00-0034399;00-0031426,JC Tretter;Greg Robinson;Demetrius Harris;Jarvis Landry;Baker Mayfield;Rashard Higgins;Odell Beckham Jr.;Chris Hubbard;Kareem Hunt;Wyatt Teller;Joel Bitonio,00-0031300;00-0031557;00-0033884;00-0030090;00-0034673;00-0034514;00-0033571;00-0034376;00-0023259;00-0027881;00-0030114,Trent Murphy;Jordan Phillips;Tre'Davious White;Micah Hyde;Tremaine Edmunds;Levi Wallace;Matt Milano;Taron Johnson;Lorenzo Alexander;Jerry Hughes;Jordan Poyer
2019_10_BUF_CLE,2134,start_quarter_3,,,,,2.0,1800.0,,0.0,0:00,0:00,,9.0,7.0,,0.0,,,0,,,,,,,,,
2019_10_BUF_CLE,2151,kickoff,0.0,35.0,35.0,BUF,3.0,1800.0,35.0,6.0,15:00,14:54,,9.0,7.0,,0.0,,;;;;;;;;;;,11,,,,,,00-0034500;00-0031120;00-0035145;00-0034977;00-0034253;00-0034854;00-0031097;00-0032403;00-0035628;00-0034488;00-0034835,Tae Davis;Adarius Taylor;Austin Seibert;Sheldrick Redwine;Dontrell Hilliard;KhaDarel Hodge;Terrance Mitchell;Juston Burris;D'Ernest Johnson;Tavierre Thomas;Malik Jefferson,00-0032214;00-0028581;00-0031209;00-0027691;00-0027835;00-0035290;00-0034539;00-0034391;00-0035306;00-0029061;00-0034510,Tyler Kroft;Patrick DiMarco;Senorise Perry;Andre Roberts;Kurt Coleman;Jaquan Johnson;Corey Thompson;Siran Neal;Darryl Johnson;Julian Stanford;Robert Foster
2019_10_BUF_CLE,2173,run,1.0,77.0,76.0,BUF,3.0,1794.0,77.0,39.0,14:54,14:15,,9.0,7.0,1.0,10.0,"4 DL, 2 LB, 5 DB",;;;;;;;;;;,11,7,,,,,00-0031051;00-0032043;00-0035250;00-0032151;00-0033904;00-0029000;00-0033466;00-0031936;00-0034857;00-0035238;00-0035689,John Brown;Quinton Spain;Devin Singletary;Jon Feliciano;Dion Dawkins;Cole Beasley;Isaiah McKenzie;Mitch Morse;Josh Allen;Cody Ford;Dawson Knox,00-0032251;00-0035638;00-0030573;00-0035144;00-0033868;00-0033905;00-0027676;00-0031269;00-0034856;00-0033125;00-0034770,Damarious Randall;Greedy Williams;Sheldon Richardson;Mack Wilson;Myles Garrett;Larry Ogunjobi;Morgan Burnett;T.J. Carrie;Denzel Ward;Joe Schobert;Chad Thomas
2019_10_BUF_CLE,2194,pass,16.0,76.0,60.0,BUF,3.0,1755.0,76.0,37.0,14:15,13:38,,9.0,7.0,2.0,9.0,"4 DL, 3 LB, 4 DB",;;;;;;;;;;,11,5,4,ZONE_COVERAGE,COVER_3,False,00-0031051;00-0023500;00-0032043;00-0032214;00-0028581;00-0032151;00-0029000;00-0033904;00-0031936;00-0034857;00-0035238,John Brown;Frank Gore;Quinton Spain;Tyler Kroft;Patrick DiMarco;Jon Feliciano;Cole Beasley;Dion Dawkins;Mitch Morse;Josh Allen;Cody Ford,00-0032251;00-0035638;00-0035646;00-0030573;00-0035144;00-0033868;00-0033905;00-0027676;00-0034856;00-0033125;00-0033598,Damarious Randall;Greedy Williams;Sione Takitaki;Sheldon Richardson;Mack Wilson;Myles Garrett;Larry Ogunjobi;Morgan Burnett;Denzel Ward;Joe Schobert;Eli Ankou
2019_10_BUF_CLE,2218,pass,0.0,60.0,60.0,BUF,3.0,1718.0,60.0,6.0,13:38,13:32,,9.0,7.0,1.0,10.0,"4 DL, 2 LB, 5 DB",;;;;;;;;;;,11,6,5,ZONE_COVERAGE,COVER_3,False,00-0031051;00-0023500;00-0032043;00-0027691;00-0032151;00-0033904;00-0029000;00-0028097;00-0031936;00-0034857;00-0035238,John Brown;Frank Gore;Quinton Spain;Andre Roberts;Jon Feliciano;Dion Dawkins;Cole Beasley;Lee Smith;Mitch Morse;Josh Allen;Cody Ford,00-0032251;00-0035638;00-0030573;00-0033868;00-0035144;00-0033905;00-0027676;00-0031269;00-0034856;00-0033125;00-0034770,Damarious Randall;Greedy Williams;Sheldon Richardson;Myles Garrett;Mack Wilson;Larry Ogunjobi;Morgan Burnett;T.J. Carrie;Denzel Ward;Joe Schobert;Chad Thomas
2019_10_BUF_CLE,2240,run,10.0,60.0,50.0,BUF,3.0,1712.0,60.0,34.0,13:32,12:58,,9.0,7.0,2.0,10.0,"4 DL, 2 LB, 5 DB",;;;;;;;;;;,11,7,,,,,00-0031051;00-0032043;00-0035250;00-0027691;00-0032151;00-0033904;00-0033466;00-0031936;00-0034857;00-0035238;00-0035689,John Brown;Quinton Spain;Devin Singletary;Andre Roberts;Jon Feliciano;Dion Dawkins;Isaiah McKenzie;Mitch Morse;Josh Allen;Cody Ford;Dawson Knox,00-0032251;00-0035638;00-0030573;00-0035144;00-0033868;00-0033905;00-0027676;00-0031269;00-0034856;00-0033125;00-0034770,Damarious Randall;Greedy Williams;Sheldon Richardson;Mack Wilson;Myles Garrett;Larry Ogunjobi;Morgan Burnett;T.J. Carrie;Denzel Ward;Joe Schobert;Chad Thomas
2019_10_BUF_CLE,2261,run,4.0,50.0,46.0,BUF,3.0,1678.0,50.0,42.0,12:58,12:16,,9.0,7.0,1.0,10.0,"4 DL, 2 LB, 5 DB",;;;;;;;;;;,11,7,,,,,00-0031051;00-0032043;00-0035250;00-0032151;00-0033904;00-0029000;00-0033466;00-0031936;00-0034857;00-0035238;00-0035689,John Brown;Quinton Spain;Devin Singletary;Jon Feliciano;Dion Dawkins;Cole Beasley;Isaiah McKenzie;Mitch Morse;Josh Allen;Cody Ford;Dawson Knox,00-0033501;00-0032251;00-0035638;00-0031264;00-0035144;00-0033905;00-0027676;00-0031269;00-0034856;00-0033125;00-0034770,Devaroe Lawrence;Damarious Randall;Greedy Williams;Chris Smith;Mack Wilson;Larry Ogunjobi;Morgan Burnett;T.J. Carrie;Denzel Ward;Joe Schobert;Chad Thomas
2019_10_BUF_CLE,2287,run,2.0,46.0,44.0,BUF,3.0,1636.0,46.0,31.0,12:16,11:45,,9.0,7.0,2.0,6.0,"4 DL, 2 LB, 5 DB",;;;;;;;;;;,11,7,,,,,00-0031051;00-0032043;00-0035250;00-0032151;00-0033904;00-0029000;00-0033466;00-0031936;00-0034857;00-0035238;00-0035689,John Brown;Quinton Spain;Devin Singletary;Jon Feliciano;Dion Dawkins;Cole Beasley;Isaiah McKenzie;Mitch Morse;Josh Allen;Cody Ford;Dawson Knox,00-0033501;00-0032251;00-0035638;00-0035144;00-0031264;00-0033905;00-0027676;00-0031269;00-0034856;00-0033125;00-0034770,Devaroe Lawrence;Damarious Randall;Greedy Williams;Mack Wilson;Chris Smith;Larry Ogunjobi;Morgan Burnett;T.J. Carrie;Denzel Ward;Joe Schobert;Chad Thomas
2019_10_BUF_CLE,2309,pass,-6.0,44.0,50.0,BUF,3.0,1605.0,44.0,36.0,11:45,11:09,,9.0,7.0,3.0,4.0,"4 DL, 2 LB, 5 DB",;;;;;;;;;;,11,6,5,,,,00-0031051;00-0032043;00-0035250;00-0032151;00-0033904;00-0029000;00-0033466;00-0031936;00-0034857;00-0035238;00-0035689,John Brown;Quinton Spain;Devin Singletary;Jon Feliciano;Dion Dawkins;Cole Beasley;Isaiah McKenzie;Mitch Morse;Josh Allen;Cody Ford;Dawson Knox,00-0032251;00-0035638;00-0030573;00-0035144;00-0033868;00-0033905;00-0027676;00-0031269;00-0034856;00-0033125;00-0034770,Damarious Randall;Greedy Williams;Sheldon Richardson;Mack Wilson;Myles Garrett;Larry Ogunjobi;Morgan Burnett;T.J. Carrie;Denzel Ward;Joe Schobert;Chad Thomas
2019_10_BUF_CLE,2328,punt,0.0,50.0,50.0,BUF,3.0,1569.0,50.0,9.0,11:09,11:00,,9.0,7.0,4.0,10.0,,;;;;;;;;;,10,,,,,,00-0034721;00-0031548;00-0032497;00-0028581;00-0031209;00-0027835;00-0034539;00-0034391;00-0033571;00-0023259;00-0029061,Corey Bojorquez;Kevin Johnson;Reid Ferguson;Patrick DiMarco;Senorise Perry;Kurt Coleman;Corey Thompson;Siran Neal;Matt Milano;Lorenzo Alexander;Julian Stanford,00-0031120;00-0035638;00-0030573;00-0035144;00-0033868;00-0033905;00-0027676;00-0034253;00-0034856;00-0033125,Adarius Taylor;Greedy Williams;Sheldon Richardson;Mack Wilson;Myles Garrett;Larry Ogunjobi;Morgan Burnett;Dontrell Hilliard;Denzel Ward;Joe Schobert
2019_10_BUF_CLE,2355,pass,-8.0,92.0,100.0,CLE,3.0,1560.0,92.0,7.0,11:00,10:53,,9.0,9.0,1.0,10.0,"4 DL, 2 LB, 5 DB",;;;;;;;;;;,11,6,5,,,,00-0030076;00-0031386;00-0031382;00-0034855;00-0031235;00-0034253;00-0029963;00-0034791;00-0033923;00-0034399;00-0031426,JC Tretter;Greg Robinson;Jarvis Landry;Baker Mayfield;Odell Beckham Jr.;Dontrell Hilliard;Chris Hubbard;Nick Chubb;Kareem Hunt;Wyatt Teller;Joel Bitonio,00-0030455;00-0031300;00-0031557;00-0033884;00-0030090;00-0034673;00-0034514;00-0033571;00-0034376;00-0027881;00-0030114,Star Lotulelei;Trent Murphy;Jordan Phillips;Tre'Davious White;Micah Hyde;Tremaine Edmunds;Levi Wallace;Matt Milano;Taron Johnson;Jerry Hughes;Jordan Poyer
2019_10_BUF_CLE,2386,kickoff,0.0,20.0,20.0,BUF,3.0,1553.0,20.0,4.0,10:53,10:49,,9.0,9.0,,0.0,,;;;;;;;;;;,11,,,,,,00-0034500;00-0035042;00-0031120;00-0034977;00-0034854;00-0034253;00-0031097;00-0032403;00-0035628;00-0034488;00-0034835,Tae Davis;Jamie Gillan;Adarius Taylor;Sheldrick Redwine;KhaDarel Hodge;Dontrell Hilliard;Terrance Mitchell;Juston Burris;D'Ernest Johnson;Tavierre Thomas;Malik Jefferson,00-0032214;00-0030090;00-0027691;00-0027835;00-0035290;00-0034539;00-0029000;00-0034391;00-0035306;00-0029061;00-0034510,Tyler Kroft;Micah Hyde;Andre Roberts;Kurt Coleman;Jaquan Johnson;Corey Thompson;Cole Beasley;Siran Neal;Darryl Johnson;Julian Stanford;Robert Foster
2019_10_BUF_CLE,2413,no_play,0.0,69.0,69.0,BUF,3.0,1549.0,69.0,2.0,10:49,10:47,,9.0,9.0,1.0,10.0,"4 DL, 2 LB, 5 DB",;;;;;;;;;;,11,,,,,,00-0031051;00-0023500;00-0032043;00-0032214;00-0032151;00-0033904;00-0028097;00-0031936;00-0034857;00-0035238;00-0034510,John Brown;Frank Gore;Quinton Spain;Tyler Kroft;Jon Feliciano;Dion Dawkins;Lee Smith;Mitch Morse;Josh Allen;Cody Ford;Robert Foster,00-0033501;00-0032251;00-0035638;00-0035144;00-0033868;00-0031264;00-0033905;00-0027676;00-0034856;00-0032403;00-0033125,Devaroe Lawrence;Damarious Randall;Greedy Williams;Mack Wilson;Myles Garrett;Chris Smith;Larry Ogunjobi;Morgan Burnett;Denzel Ward;Juston Burris;Joe Schobert
2019_10_BUF_CLE,2436,no_play,0.0,74.0,74.0,BUF,3.0,1547.0,74.0,25.0,10:47,10:22,,9.0,9.0,1.0,15.0,"4 DL, 2 LB, 5 DB",;;;;;;;;;;,11,6,,,,,00-0031051;00-0032043;00-0035250;00-0032214;00-0032151;00-0033904;00-0029000;00-0031936;00-0034857;00-0035238;00-0035689,John Brown;Quinton Spain;Devin Singletary;Tyler Kroft;Jon Feliciano;Dion Dawkins;Cole Beasley;Mitch Morse;Josh Allen;Cody Ford;Dawson Knox,00-0033501;00-0032251;00-0035638;00-0035144;00-0033868;00-0031264;00-0033905;00-0027676;00-0034856;00-0032403;00-0033125,Devaroe Lawrence;Damarious Randall;Greedy Williams;Mack Wilson;Myles Garrett;Chris Smith;Larry Ogunjobi;Morgan Burnett;Denzel Ward;Juston Burris;Joe Schobert
2019_10_BUF_CLE,2457,run,6.0,84.0,78.0,BUF,3.0,1522.0,84.0,40.0,10:22,9:42,,9.0,9.0,1.0,25.0,"4 DL, 2 LB, 5 DB",;;;;;;;;;;,11,6,,,,,00-0031051;00-0032043;00-0035250;00-0027691;00-0032151;00-0033904;00-0033466;00-0031936;00-0034857;00-0035238;00-0035689,John Brown;Quinton Spain;Devin Singletary;Andre Roberts;Jon Feliciano;Dion Dawkins;Isaiah McKenzie;Mitch Morse;Josh Allen;Cody Ford;Dawson Knox,00-0033501;00-0032251;00-0035638;00-0035144;00-0031264;00-0033868;00-0033905;00-0027676;00-0031269;00-0034856;00-0033125,Devaroe Lawrence;Damarious Randall;Greedy Williams;Mack Wilson;Chris Smith;Myles Garrett;Larry Ogunjobi;Morgan Burnett;T.J. Carrie;Denzel Ward;Joe Schobert
2019_10_BUF_CLE,2490,pass,16.0,78.0,62.0,BUF,3.0,1482.0,78.0,38.0,9:42,9:04,,9.0,9.0,2.0,19.0,"4 DL, 2 LB, 5 DB",;;;;;;;;;;,11,6,4,ZONE_COVERAGE,COVER_4,False,00-0031051;00-0032043;00-0035250;00-0027691;00-0032151;00-0033904;00-0031936;00-0034857;00-0035238;00-0034510;00-0035689,John Brown;Quinton Spain;Devin Singletary;Andre Roberts;Jon Feliciano;Dion Dawkins;Mitch Morse;Josh Allen;Cody Ford;Robert Foster;Dawson Knox,00-0033501;00-0032251;00-0035638;00-0035144;00-0031264;00-0033868;00-0033905;00-0027676;00-0031269;00-0034856;00-0033125,Devaroe Lawrence;Damarious Randall;Greedy Williams;Mack Wilson;Chris Smith;Myles Garrett;Larry Ogunjobi;Morgan Burnett;T.J. Carrie;Denzel Ward;Joe Schobert
2019_10_BUF_CLE,2519,pass,0.0,62.0,62.0,BUF,3.0,1444.0,62.0,7.0,9:04,8:57,,9.0,9.0,3.0,3.0,"4 DL, 2 LB, 5 DB",;;;;;;;;;;,11,5,4,MAN_COVERAGE,COVER_1,False,00-0031051;00-0032043;00-0035250;00-0032151;00-0033904;00-0029000;00-0031936;00-0034857;00-0035238;00-0035689;00-0034510,John Brown;Quinton Spain;Devin Singletary;Jon Feliciano;Dion Dawkins;Cole Beasley;Mitch Morse;Josh Allen;Cody Ford;Dawson Knox;Robert Foster,00-0032251;00-0035638;00-0030573;00-0035144;00-0033868;00-0033905;00-0027676;00-0031269;00-0034856;00-0033125;00-0034770,Damarious Randall;Greedy Williams;Sheldon Richardson;Mack Wilson;Myles Garrett;Larry Ogunjobi;Morgan Burnett;T.J. Carrie;Denzel Ward;Joe Schobert;Chad Thomas
2019_10_BUF_CLE,2541,punt,0.0,62.0,62.0,BUF,3.0,1437.0,62.0,7.0,8:57,8:50,,9.0,9.0,4.0,3.0,,;;;;;;;;;;,11,,,,,,00-0034721;00-0031548;00-0032497;00-0028581;00-0031209;00-0027835;00-0034539;00-0034391;00-0033571;00-0023259;00-0029061,Corey Bojorquez;Kevin Johnson;Reid Ferguson;Patrick DiMarco;Senorise Perry;Kurt Coleman;Corey Thompson;Siran Neal;Matt Milano;Lorenzo Alexander;Julian Stanford,00-0034500;00-0031120;00-0035646;00-0034977;00-0034854;00-0034253;00-0031097;00-0032403;00-0035628;00-0034488;00-0034835,Tae Davis;Adarius Taylor;Sione Takitaki;Sheldrick Redwine;KhaDarel Hodge;Dontrell Hilliard;Terrance Mitchell;Juston Burris;D'Ernest Johnson;Tavierre Thomas;Malik Jefferson
2019_10_BUF_CLE,2577,run,3.0,85.0,82.0,CLE,3.0,1430.0,85.0,36.0,8:50,8:14,,9.0,9.0,1.0,10.0,"4 DL, 2 LB, 5 DB",;;;;;;;;;;,11,7,,,,,00-0030076;00-0031386;00-0031382;00-0034855;00-0032977;00-0031235;00-0029963;00-0033923;00-0034791;00-0034399;00-0031426,JC Tretter;Greg Robinson;Jarvis Landry;Baker Mayfield;Rashard Higgins;Odell Beckham Jr.;Chris Hubbard;Kareem Hunt;Nick Chubb;Wyatt Teller;Joel Bitonio,00-0030455;00-0031300;00-0033884;00-0030090;00-0034673;00-0034514;00-0035230;00-0033571;00-0034376;00-0027881;00-0030114,Star Lotulelei;Trent Murphy;Tre'Davious White;Micah Hyde;Tremaine Edmunds;Levi Wallace;Ed Oliver;Matt Milano;Taron Johnson;Jerry Hughes;Jordan Poyer
2019_10_BUF_CLE,2598,no_play,0.0,82.0,82.0,CLE,3.0,1394.0,82.0,6.0,8:14,8:08,,9.0,9.0,2.0,7.0,"4 DL, 2 LB, 5 DB",;;;;;;;;;;,11,6,,,,,00-0030076;00-0031386;00-0030155;00-0031382;00-0034855;00-0032977;00-0031235;00-0029963;00-0034791;00-0034399;00-0031426,JC Tretter;Greg Robinson;Demetrius Harris;Jarvis Landry;Baker Mayfield;Rashard Higgins;Odell Beckham Jr.;Chris Hubbard;Nick Chubb;Wyatt Teller;Joel Bitonio,00-0030455;00-0031300;00-0033884;00-0030090;00-0034673;00-0034514;00-0035230;00-0033571;00-0034376;00-0027881;00-0030114,Star Lotulelei;Trent Murphy;Tre'Davious White;Micah Hyde;Tremaine Edmunds;Levi Wallace;Ed Oliver;Matt Milano;Taron Johnson;Jerry Hughes;Jordan Poyer
2019_10_BUF_CLE,2631,pass,10.0,77.0,67.0,CLE,3.0,1388.0,77.0,30.0,8:08,7:38,,9.0,9.0,2.0,2.0,"4 DL, 2 LB, 5 DB",;;;;;;;;;;,11,7,5,ZONE_COVERAGE,COVER_3,False,00-0030076;00-0031386;00-0031382;00-0034855;00-0032977;00-0031235;00-0029963;00-0034791;00-0033923;00-0034399;00-0031426,JC Tretter;Greg Robinson;Jarvis Landry;Baker Mayfield;Rashard Higgins;Odell Beckham Jr.;Chris Hubbard;Nick Chubb;Kareem Hunt;Wyatt Teller;Joel Bitonio,00-0031300;00-0031557;00-0033884;00-0030090;00-0034673;00-0034514;00-0033571;00-0034376;00-0027881;00-0030114;00-0027956,Trent Murphy;Jordan Phillips;Tre'Davious White;Micah Hyde;Tremaine Edmunds;Levi Wallace;Matt Milano;Taron Johnson;Jerry Hughes;Jordan Poyer;Corey Liuget
2019_10_BUF_CLE,2655,pass,19.0,67.0,48.0,CLE,3.0,1358.0,67.0,45.0,7:38,6:53,,9.0,9.0,1.0,10.0,"4 DL, 2 LB, 5 DB",;;;;;;;;;;,11,6,4,ZONE_COVERAGE,COVER_3,False,00-0030076;00-0031386;00-0031382;00-0034855;00-0032977;00-0031235;00-0029963;00-0033923;00-0034791;00-0034399;00-0031426,JC Tretter;Greg Robinson;Jarvis Landry;Baker Mayfield;Rashard Higgins;Odell Beckham Jr.;Chris Hubbard;Kareem Hunt;Nick Chubb;Wyatt Teller;Joel Bitonio,00-0031300;00-0031557;00-0033884;00-0030090;00-0034673;00-0034514;00-0033571;00-0034376;00-0027881;00-0030114;00-0027956,Trent Murphy;Jordan Phillips;Tre'Davious White;Micah Hyde;Tremaine Edmunds;Levi Wallace;Matt Milano;Taron Johnson;Jerry Hughes;Jordan Poyer;Corey Liuget
2019_10_BUF_CLE,2685,run,0.0,48.0,48.0,CLE,3.0,1313.0,48.0,41.0,6:53,6:12,,9.0,9.0,1.0,10.0,"4 DL, 3 LB, 4 DB",;;;;;;;;;;,11,6,,,,,00-0030076;00-0035039;00-0031386;00-0031382;00-0034855;00-0031235;00-0029963;00-0034791;00-0033923;00-0034399;00-0031426,JC Tretter;Stephen Carlson;Greg Robinson;Jarvis Landry;Baker Mayfield;Odell Beckham Jr.;Chris Hubbard;Nick Chubb;Kareem Hunt;Wyatt Teller;Joel Bitonio,00-0031557;00-0033884;00-0030090;00-0034673;00-0033096;00-0034514;00-0033571;00-0023259;00-0027881;00-0030114;00-0027956,Jordan Phillips;Tre'Davious White;Micah Hyde;Tremaine Edmunds;Shaq Lawson;Levi Wallace;Matt Milano;Lorenzo Alexander;Jerry Hughes;Jordan Poyer;Corey Liuget
2019_10_BUF_CLE,2706,pass,1.0,48.0,47.0,CLE,3.0,1272.0,48.0,47.0,6:12,5:25,,9.0,9.0,2.0,10.0,"4 DL, 2 LB, 5 DB",;;;;;;;;;;,11,6,4,ZONE_COVERAGE,COVER_3,False,00-0030076;00-0031386;00-0031382;00-0034855;00-0032977;00-0031235;00-0034253;00-0029963;00-0034791;00-0034399;00-0031426,JC Tretter;Greg Robinson;Jarvis Landry;Baker Mayfield;Rashard Higgins;Odell Beckham Jr.;Dontrell Hilliard;Chris Hubbard;Nick Chubb;Wyatt Teller;Joel Bitonio,00-0030455;00-0031557;00-0033884;00-0030090;00-0034673;00-0033096;00-0034514;00-0033571;00-0034376;00-0027881;00-0030114,Star Lotulelei;Jordan Phillips;Tre'Davious White;Micah Hyde;Tremaine Edmunds;Shaq Lawson;Levi Wallace;Matt Milano;Taron Johnson;Jerry Hughes;Jordan Poyer
2019_10_BUF_CLE,2730,pass,14.0,47.0,33.0,CLE,3.0,1225.0,47.0,44.0,5:25,4:41,,9.0,9.0,3.0,9.0,"3 DL, 3 LB, 5 DB",;;;;;;;;;;,11,6,4,ZONE_COVERAGE,COVER_2,False,00-0030076;00-0031386;00-0030155;00-0031382;00-0034855;00-0032977;00-0031235;00-0034253;00-0029963;00-0034399;00-0031426,JC Tretter;Greg Robinson;Demetrius Harris;Jarvis Landry;Baker Mayfield;Rashard Higgins;Odell Beckham Jr.;Dontrell Hilliard;Chris Hubbard;Wyatt Teller;Joel Bitonio,00-0031548;00-0031300;00-0031557;00-0033884;00-0030090;00-0034673;00-0034514;00-0033571;00-0023259;00-0027881;00-0030114,Kevin Johnson;Trent Murphy;Jordan Phillips;Tre'Davious White;Micah Hyde;Tremaine Edmunds;Levi Wallace;Matt Milano;Lorenzo Alexander;Jerry Hughes;Jordan Poyer
2019_10_BUF_CLE,2763,run,4.0,33.0,29.0,CLE,3.0,1181.0,33.0,39.0,4:41,4:02,,9.0,9.0,1.0,10.0,"4 DL, 2 LB, 5 DB",;;;;;;;;;;,11,6,,,,,00-0029963;00-0033923;00-0032977;00-0030076;00-0031386;00-0031382;00-0031426;00-0034855;00-0031235;00-0034791;00-0034399,Chris Hubbard;Kareem Hunt;Rashard Higgins;JC Tretter;Greg Robinson;Jarvis Landry;Joel Bitonio;Baker Mayfield;Odell Beckham Jr.;Nick Chubb;Wyatt Teller,00-0027956;00-0034673;00-0030114;00-0033884;00-0034514;00-0030090;00-0033096;00-0034376;00-0035230;00-0033571;00-0031300,Corey Liuget;Tremaine Edmunds;Jordan Poyer;Tre'Davious White;Levi Wallace;Micah Hyde;Shaq Lawson;Taron Johnson;Ed Oliver;Matt Milano;Trent Murphy
2019_10_BUF_CLE,2784,pass,0.0,29.0,29.0,CLE,3.0,1142.0,29.0,5.0,4:02,3:57,,9.0,9.0,2.0,6.0,"4 DL, 3 LB, 4 DB",;;;;;;;;;;,11,7,5,MAN_COVERAGE,COVER_1,False,00-0030076;00-0035039;00-0031386;00-0031382;00-0034855;00-0031235;00-0029963;00-0034791;00-0033923;00-0034399;00-0031426,JC Tretter;Stephen Carlson;Greg Robinson;Jarvis Landry;Baker Mayfield;Odell Beckham Jr.;Chris Hubbard;Nick Chubb;Kareem Hunt;Wyatt Teller;Joel Bitonio,00-0031300;00-0033884;00-0030090;00-0034673;00-0033096;00-0034514;00-0035230;00-0033571;00-0023259;00-0030114;00-0027956,Trent Murphy;Tre'Davious White;Micah Hyde;Tremaine Edmunds;Shaq Lawson;Levi Wallace;Ed Oliver;Matt Milano;Lorenzo Alexander;Jordan Poyer;Corey Liuget
2019_10_BUF_CLE,2806,pass,0.0,29.0,29.0,CLE,3.0,1137.0,29.0,4.0,3:57,3:53,,9.0,9.0,3.0,6.0,"3 DL, 3 LB, 5 DB",;;;;;;;;;;,11,5,6,MAN_COVERAGE,COVER_1,False,00-0030076;00-0031386;00-0030155;00-0031382;00-0034855;00-0032977;00-0031235;00-0034253;00-0029963;00-0034399;00-0031426,JC Tretter;Greg Robinson;Demetrius Harris;Jarvis Landry;Baker Mayfield;Rashard Higgins;Odell Beckham Jr.;Dontrell Hilliard;Chris Hubbard;Wyatt Teller;Joel Bitonio,00-0031548;00-0031300;00-0031557;00-0033884;00-0030090;00-0034673;00-0033096;00-0034514;00-0033571;00-0023259;00-0030114,Kevin Johnson;Trent Murphy;Jordan Phillips;Tre'Davious White;Micah Hyde;Tremaine Edmunds;Shaq Lawson;Levi Wallace;Matt Milano;Lorenzo Alexander;Jordan Poyer
2019_10_BUF_CLE,2828,field_goal,0.0,29.0,29.0,CLE,3.0,1133.0,29.0,4.0,3:53,3:49,,12.0,9.0,4.0,6.0,,;;;;;;;;;;,11,,,,,,00-0030076;00-0035042;00-0031386;00-0030155;00-0030094;00-0029008;00-0035145;00-0029963;00-0030792;00-0034399;00-0031426,JC Tretter;Jamie Gillan;Greg Robinson;Demetrius Harris;Eric Kush;Charley Hughlett;Austin Seibert;Chris Hubbard;Justin McCray;Wyatt Teller;Joel Bitonio,00-0031548;00-0030455;00-0031557;00-0033884;00-0030090;00-0034673;00-0033096;00-0035230;00-0035306;00-0023259;00-0030114,Kevin Johnson;Star Lotulelei;Jordan Phillips;Tre'Davious White;Micah Hyde;Tremaine Edmunds;Shaq Lawson;Ed Oliver;Darryl Johnson;Lorenzo Alexander;Jordan Poyer
2019_10_BUF_CLE,2847,kickoff,0.0,35.0,35.0,BUF,3.0,1129.0,35.0,5.0,3:49,3:44,,12.0,9.0,,0.0,,;;;;;;;;;;,11,,,,,,00-0034500;00-0031120;00-0035145;00-0034977;00-0034253;00-0034854;00-0031097;00-0032403;00-0035628;00-0034488;00-0034835,Tae Davis;Adarius Taylor;Austin Seibert;Sheldrick Redwine;Dontrell Hilliard;KhaDarel Hodge;Terrance Mitchell;Juston Burris;D'Ernest Johnson;Tavierre Thomas;Malik Jefferson,00-0032214;00-0028581;00-0031209;00-0027691;00-0027835;00-0035290;00-0034539;00-0034391;00-0035306;00-0029061;00-0034510,Tyler Kroft;Patrick DiMarco;Senorise Perry;Andre Roberts;Kurt Coleman;Jaquan Johnson;Corey Thompson;Siran Neal;Darryl Johnson;Julian Stanford;Robert Foster
2019_10_BUF_CLE,2869,pass,6.0,75.0,69.0,BUF,3.0,1124.0,75.0,40.0,3:44,3:04,,12.0,9.0,1.0,10.0,"4 DL, 2 LB, 5 DB",;;;;;;;;;;,11,6,4,ZONE_COVERAGE,COVER_3,False,00-0031051;00-0032043;00-0029709;00-0035250;00-0032214;00-0032151;00-0033904;00-0029000;00-0031936;00-0034857;00-0034510,John Brown;Quinton Spain;Ty Nsekhe;Devin Singletary;Tyler Kroft;Jon Feliciano;Dion Dawkins;Cole Beasley;Mitch Morse;Josh Allen;Robert Foster,00-0033501;00-0032251;00-0035638;00-0035144;00-0031264;00-0033905;00-0027676;00-0031269;00-0034856;00-0033125;00-0034770,Devaroe Lawrence;Damarious Randall;Greedy Williams;Mack Wilson;Chris Smith;Larry Ogunjobi;Morgan Burnett;T.J. Carrie;Denzel Ward;Joe Schobert;Chad Thomas
2019_10_BUF_CLE,2893,pass,12.0,69.0,57.0,BUF,3.0,1084.0,69.0,39.0,3:04,2:25,,12.0,9.0,2.0,4.0,"4 DL, 2 LB, 5 DB",;;;;;;;;;;,11,7,3,MAN_COVERAGE,COVER_1,False,00-0031051;00-0032043;00-0029709;00-0035250;00-0032214;00-0032151;00-0033904;00-0029000;00-0031936;00-0034857;00-0034510,John Brown;Quinton Spain;Ty Nsekhe;Devin Singletary;Tyler Kroft;Jon Feliciano;Dion Dawkins;Cole Beasley;Mitch Morse;Josh Allen;Robert Foster,00-0033501;00-0032251;00-0035638;00-0035144;00-0033868;00-0031264;00-0033905;00-0027676;00-0031269;00-0034856;00-0033125,Devaroe Lawrence;Damarious Randall;Greedy Williams;Mack Wilson;Myles Garrett;Chris Smith;Larry Ogunjobi;Morgan Burnett;T.J. Carrie;Denzel Ward;Joe Schobert
2019_10_BUF_CLE,2917,pass,0.0,57.0,57.0,BUF,3.0,1045.0,57.0,5.0,2:25,2:20,,12.0,9.0,1.0,10.0,"4 DL, 2 LB, 5 DB",;;;;;;;;;;,11,7,5,MAN_COVERAGE,COVER_1,False,00-0031051;00-0023500;00-0032043;00-0029709;00-0032214;00-0032151;00-0033904;00-0028097;00-0031936;00-0034857;00-0034510,John Brown;Frank Gore;Quinton Spain;Ty Nsekhe;Tyler Kroft;Jon Feliciano;Dion Dawkins;Lee Smith;Mitch Morse;Josh Allen;Robert Foster,00-0033501;00-0032251;00-0035638;00-0035144;00-0033868;00-0031264;00-0033905;00-0027676;00-0034856;00-0032403;00-0033125,Devaroe Lawrence;Damarious Randall;Greedy Williams;Mack Wilson;Myles Garrett;Chris Smith;Larry Ogunjobi;Morgan Burnett;Denzel Ward;Juston Burris;Joe Schobert
2019_10_BUF_CLE,2939,no_play,0.0,57.0,57.0,BUF,3.0,1040.0,57.0,7.0,2:20,2:13,,12.0,9.0,2.0,10.0,"4 DL, 2 LB, 5 DB",;;;;;;;;;;,11,6,,,,,00-0031051;00-0032043;00-0029709;00-0035250;00-0027691;00-0032151;00-0033904;00-0033466;00-0031936;00-0034857;00-0035689,John Brown;Quinton Spain;Ty Nsekhe;Devin Singletary;Andre Roberts;Jon Feliciano;Dion Dawkins;Isaiah McKenzie;Mitch Morse;Josh Allen;Dawson Knox,00-0032251;00-0035638;00-0030573;00-0035144;00-0033868;00-0033905;00-0027676;00-0031269;00-0034856;00-0033125;00-0034770,Damarious Randall;Greedy Williams;Sheldon Richardson;Mack Wilson;Myles Garrett;Larry Ogunjobi;Morgan Burnett;T.J. Carrie;Denzel Ward;Joe Schobert;Chad Thomas
2019_10_BUF_CLE,2973,pass,6.0,42.0,36.0,BUF,3.0,1033.0,42.0,38.0,2:13,1:35,,12.0,9.0,1.0,10.0,"4 DL, 2 LB, 5 DB",;;;;;;;;;;,11,7,4,ZONE_COVERAGE,COVER_3,True,00-0031051;00-0032043;00-0029709;00-0035250;00-0032151;00-0033904;00-0029000;00-0033466;00-0031936;00-0034857;00-0035689,John Brown;Quinton Spain;Ty Nsekhe;Devin Singletary;Jon Feliciano;Dion Dawkins;Cole Beasley;Isaiah McKenzie;Mitch Morse;Josh Allen;Dawson Knox,00-0032251;00-0035638;00-0030573;00-0035144;00-0033868;00-0033905;00-0027676;00-0031269;00-0034856;00-0033125;00-0034770,Damarious Randall;Greedy Williams;Sheldon Richardson;Mack Wilson;Myles Garrett;Larry Ogunjobi;Morgan Burnett;T.J. Carrie;Denzel Ward;Joe Schobert;Chad Thomas
2019_10_BUF_CLE,3001,run,0.0,36.0,36.0,BUF,3.0,995.0,36.0,40.0,1:35,0:55,,12.0,9.0,2.0,4.0,"4 DL, 2 LB, 5 DB",;;;;;;;;;;,11,7,,,,,00-0031051;00-0032043;00-0029709;00-0035250;00-0027691;00-0032151;00-0033904;00-0033466;00-0031936;00-0034857;00-0035689,John Brown;Quinton Spain;Ty Nsekhe;Devin Singletary;Andre Roberts;Jon Feliciano;Dion Dawkins;Isaiah McKenzie;Mitch Morse;Josh Allen;Dawson Knox,00-0032251;00-0035638;00-0030573;00-0035144;00-0033868;00-0033905;00-0027676;00-0031269;00-0034856;00-0033125;00-0034770,Damarious Randall;Greedy Williams;Sheldon Richardson;Mack Wilson;Myles Garrett;Larry Ogunjobi;Morgan Burnett;T.J. Carrie;Denzel Ward;Joe Schobert;Chad Thomas
2019_10_BUF_CLE,3022,no_play,,36.0,,BUF,3.0,955.0,36.0,19.0,0:55,0:36,,12.0,9.0,3.0,4.0,"4 DL, 2 LB, 5 DB",;;;;;;;;;;,11,6,,,,,00-0031051;00-0032043;00-0029709;00-0035250;00-0032214;00-0032151;00-0033904;00-0029000;00-0033466;00-0031936;00-0034857,John Brown;Quinton Spain;Ty Nsekhe;Devin Singletary;Tyler Kroft;Jon Feliciano;Dion Dawkins;Cole Beasley;Isaiah McKenzie;Mitch Morse;Josh Allen,00-0032251;00-0035638;00-0030573;00-0035144;00-0033868;00-0033905;00-0027676;00-0031269;00-0034856;00-0033125;00-0034770,Damarious Randall;Greedy Williams;Sheldon Richardson;Mack Wilson;Myles Garrett;Larry Ogunjobi;Morgan Burnett;T.J. Carrie;Denzel Ward;Joe Schobert;Chad Thomas
2019_10_BUF_CLE,3054,pass,0.0,36.0,36.0,BUF,3.0,936.0,36.0,33.0,0:36,0:03,,12.0,9.0,3.0,4.0,"4 DL, 2 LB, 5 DB",;;;;;;;;;;,11,6,4,MAN_COVERAGE,COVER_1,False,00-0031051;00-0032043;00-0029709;00-0035250;00-0032214;00-0032151;00-0033904;00-0029000;00-0033466;00-0031936;00-0034857,John Brown;Quinton Spain;Ty Nsekhe;Devin Singletary;Tyler Kroft;Jon Feliciano;Dion Dawkins;Cole Beasley;Isaiah McKenzie;Mitch Morse;Josh Allen,00-0032251;00-0035638;00-0030573;00-0035144;00-0033868;00-0033905;00-0027676;00-0031269;00-0034856;00-0033125;00-0034770,Damarious Randall;Greedy Williams;Sheldon Richardson;Mack Wilson;Myles Garrett;Larry Ogunjobi;Morgan Burnett;T.J. Carrie;Denzel Ward;Joe Schobert;Chad Thomas
2019_10_BUF_CLE,3078,timeout,0.0,,,,3.0,903.0,,1.0,0:03,0:02,CLE,12.0,9.0,,0.0,,,0,,,,,,,,,
2019_10_BUF_CLE,3095,pass,0.0,36.0,36.0,BUF,3.0,902.0,36.0,2.0,0:02,0:00,,12.0,9.0,4.0,4.0,"4 DL, 2 LB, 5 DB",;;;;;;;;;;,11,5,4,MAN_COVERAGE,COVER_1,True,00-0031051;00-0032043;00-0029709;00-0035250;00-0032151;00-0033904;00-0029000;00-0033466;00-0031936;00-0034857;00-0035689,John Brown;Quinton Spain;Ty Nsekhe;Devin Singletary;Jon Feliciano;Dion Dawkins;Cole Beasley;Isaiah McKenzie;Mitch Morse;Josh Allen;Dawson Knox,00-0032251;00-0035638;00-0030573;00-0035144;00-0033868;00-0033905;00-0027676;00-0031269;00-0034856;00-0033125;00-0034770,Damarious Randall;Greedy Williams;Sheldon Richardson;Mack Wilson;Myles Garrett;Larry Ogunjobi;Morgan Burnett;T.J. Carrie;Denzel Ward;Joe Schobert;Chad Thomas
2019_10_BUF_CLE,3117,start_quarter_4,,,,CLE,3.0,900.0,,0.0,0:00,0:00,,12.0,9.0,,0.0,,,0,,,,,,,,,
2019_10_BUF_CLE,3134,run,4.0,64.0,60.0,CLE,4.0,900.0,64.0,40.0,15:00,14:20,,12.0,9.0,1.0,10.0,"4 DL, 3 LB, 4 DB",;;;;;;;;;;,11,7,,,,,00-0030076;00-0035039;00-0031386;00-0031382;00-0034855;00-0031235;00-0029963;00-0034791;00-0033923;00-0034399;00-0031426,JC Tretter;Stephen Carlson;Greg Robinson;Jarvis Landry;Baker Mayfield;Odell Beckham Jr.;Chris Hubbard;Nick Chubb;Kareem Hunt;Wyatt Teller;Joel Bitonio,00-0030455;00-0031557;00-0033884;00-0030090;00-0034673;00-0033096;00-0034514;00-0033571;00-0023259;00-0027881;00-0030114,Star Lotulelei;Jordan Phillips;Tre'Davious White;Micah Hyde;Tremaine Edmunds;Shaq Lawson;Levi Wallace;Matt Milano;Lorenzo Alexander;Jerry Hughes;Jordan Poyer
2019_10_BUF_CLE,3171,pass,-3.0,60.0,63.0,CLE,4.0,860.0,60.0,41.0,14:20,13:39,,12.0,9.0,2.0,6.0,"4 DL, 2 LB, 5 DB",;;;;;;;;;;,11,6,3,MAN_COVERAGE,COVER_1,False,00-0030076;00-0031386;00-0031382;00-0034855;00-0032977;00-0031235;00-0029963;00-0034791;00-0033923;00-0034399;00-0031426,JC Tretter;Greg Robinson;Jarvis Landry;Baker Mayfield;Rashard Higgins;Odell Beckham Jr.;Chris Hubbard;Nick Chubb;Kareem Hunt;Wyatt Teller;Joel Bitonio,00-0030455;00-0031557;00-0033884;00-0030090;00-0034673;00-0033096;00-0034514;00-0033571;00-0034376;00-0027881;00-0030114,Star Lotulelei;Jordan Phillips;Tre'Davious White;Micah Hyde;Tremaine Edmunds;Shaq Lawson;Levi Wallace;Matt Milano;Taron Johnson;Jerry Hughes;Jordan Poyer
2019_10_BUF_CLE,3195,pass,0.0,63.0,63.0,CLE,4.0,819.0,63.0,5.0,13:39,13:34,,12.0,9.0,3.0,9.0,"3 DL, 3 LB, 5 DB",;;;;;;;;;;,11,6,4,MAN_COVERAGE,2_MAN,False,00-0030076;00-0031386;00-0031382;00-0034855;00-0032977;00-0031235;00-0029963;00-0034791;00-0033923;00-0034399;00-0031426,JC Tretter;Greg Robinson;Jarvis Landry;Baker Mayfield;Rashard Higgins;Odell Beckham Jr.;Chris Hubbard;Nick Chubb;Kareem Hunt;Wyatt Teller;Joel Bitonio,00-0031548;00-0031300;00-0031557;00-0033884;00-0030090;00-0034673;00-0034514;00-0033571;00-0023259;00-0027881;00-0030114,Kevin Johnson;Trent Murphy;Jordan Phillips;Tre'Davious White;Micah Hyde;Tremaine Edmunds;Levi Wallace;Matt Milano;Lorenzo Alexander;Jerry Hughes;Jordan Poyer
2019_10_BUF_CLE,3217,punt,0.0,63.0,63.0,CLE,4.0,814.0,63.0,7.0,13:34,13:27,,12.0,9.0,4.0,9.0,,;;;;;;;;;;,11,,,,,,00-0034500;00-0035042;00-0031120;00-0035039;00-0035646;00-0029008;00-0034253;00-0034854;00-0035628;00-0034488;00-0034835,Tae Davis;Jamie Gillan;Adarius Taylor;Stephen Carlson;Sione Takitaki;Charley Hughlett;Dontrell Hilliard;KhaDarel Hodge;D'Ernest Johnson;Tavierre Thomas;Malik Jefferson,00-0031548;00-0031209;00-0027691;00-0035290;00-0034539;00-0034391;00-0035306;00-0034376;00-0023259;00-0029061;00-0034510,Kevin Johnson;Senorise Perry;Andre Roberts;Jaquan Johnson;Corey Thompson;Siran Neal;Darryl Johnson;Taron Johnson;Lorenzo Alexander;Julian Stanford;Robert Foster
2019_10_BUF_CLE,3236,run,3.0,84.0,81.0,BUF,4.0,807.0,84.0,40.0,13:27,12:47,,12.0,9.0,1.0,10.0,"4 DL, 2 LB, 5 DB",;;;;;;;;;;,11,6,,,,,00-0031051;00-0023500;00-0032043;00-0029709;00-0032214;00-0032151;00-0033904;00-0028097;00-0031936;00-0034857;00-0035689,John Brown;Frank Gore;Quinton Spain;Ty Nsekhe;Tyler Kroft;Jon Feliciano;Dion Dawkins;Lee Smith;Mitch Morse;Josh Allen;Dawson Knox,00-0032251;00-0035638;00-0030573;00-0033868;00-0035144;00-0033905;00-0027676;00-0034856;00-0032403;00-0033125;00-0034770,Damarious Randall;Greedy Williams;Sheldon Richardson;Myles Garrett;Mack Wilson;Larry Ogunjobi;Morgan Burnett;Denzel Ward;Juston Burris;Joe Schobert;Chad Thomas
2019_10_BUF_CLE,3257,pass,17.0,81.0,64.0,BUF,4.0,767.0,81.0,24.0,12:47,12:23,,12.0,9.0,2.0,7.0,"4 DL, 2 LB, 5 DB",;;;;;;;;;;,11,6,4,ZONE_COVERAGE,COVER_3,False,00-0031051;00-0023500;00-0032043;00-0029709;00-0032214;00-0032151;00-0033904;00-0028097;00-0031936;00-0034857;00-0034510,John Brown;Frank Gore;Quinton Spain;Ty Nsekhe;Tyler Kroft;Jon Feliciano;Dion Dawkins;Lee Smith;Mitch Morse;Josh Allen;Robert Foster,00-0032251;00-0035638;00-0030573;00-0033868;00-0035144;00-0033905;00-0027676;00-0034856;00-0032403;00-0033125;00-0034770,Damarious Randall;Greedy Williams;Sheldon Richardson;Myles Garrett;Mack Wilson;Larry Ogunjobi;Morgan Burnett;Denzel Ward;Juston Burris;Joe Schobert;Chad Thomas
2019_10_BUF_CLE,3286,pass,0.0,64.0,64.0,BUF,4.0,743.0,64.0,3.0,12:23,12:20,,12.0,9.0,1.0,10.0,"4 DL, 2 LB, 5 DB",;;;;;;;;;;,11,7,6,MAN_COVERAGE,COVER_1,True,00-0031051;00-0032043;00-0029709;00-0035250;00-0032151;00-0033904;00-0029000;00-0033466;00-0031936;00-0034857;00-0035689,John Brown;Quinton Spain;Ty Nsekhe;Devin Singletary;Jon Feliciano;Dion Dawkins;Cole Beasley;Isaiah McKenzie;Mitch Morse;Josh Allen;Dawson Knox,00-0032251;00-0035638;00-0030573;00-0035144;00-0033868;00-0033905;00-0027676;00-0031269;00-0034856;00-0033125;00-0034770,Damarious Randall;Greedy Williams;Sheldon Richardson;Mack Wilson;Myles Garrett;Larry Ogunjobi;Morgan Burnett;T.J. Carrie;Denzel Ward;Joe Schobert;Chad Thomas
2019_10_BUF_CLE,3308,pass,4.0,64.0,60.0,BUF,4.0,740.0,64.0,43.0,12:20,11:37,,12.0,9.0,2.0,10.0,"4 DL, 2 LB, 5 DB",;;;;;;;;;;,11,6,4,ZONE_COVERAGE,COVER_3,False,00-0031051;00-0023500;00-0032043;00-0029709;00-0032214;00-0032151;00-0033904;00-0028097;00-0031936;00-0034857;00-0034510,John Brown;Frank Gore;Quinton Spain;Ty Nsekhe;Tyler Kroft;Jon Feliciano;Dion Dawkins;Lee Smith;Mitch Morse;Josh Allen;Robert Foster,00-0032251;00-0035638;00-0030573;00-0035144;00-0031264;00-0033905;00-0027676;00-0034856;00-0032403;00-0033125;00-0034770,Damarious Randall;Greedy Williams;Sheldon Richardson;Mack Wilson;Chris Smith;Larry Ogunjobi;Morgan Burnett;Denzel Ward;Juston Burris;Joe Schobert;Chad Thomas
2019_10_BUF_CLE,3332,pass,0.0,60.0,60.0,BUF,4.0,697.0,60.0,5.0,11:37,11:32,,12.0,9.0,3.0,6.0,"4 DL, 2 LB, 5 DB",;;;;;;;;;;,11,6,5,MAN_COVERAGE,COVER_0,True,00-0031051;00-0023500;00-0032043;00-0029709;00-0027691;00-0032151;00-0033904;00-0029000;00-0031936;00-0034857;00-0035689,John Brown;Frank Gore;Quinton Spain;Ty Nsekhe;Andre Roberts;Jon Feliciano;Dion Dawkins;Cole Beasley;Mitch Morse;Josh Allen;Dawson Knox,00-0032251;00-0035638;00-0030573;00-0035144;00-0033868;00-0031264;00-0027676;00-0031269;00-0034856;00-0033125;00-0034770,Damarious Randall;Greedy Williams;Sheldon Richardson;Mack Wilson;Myles Garrett;Chris Smith;Morgan Burnett;T.J. Carrie;Denzel Ward;Joe Schobert;Chad Thomas
2019_10_BUF_CLE,3354,punt,0.0,60.0,60.0,BUF,4.0,692.0,60.0,7.0,11:32,11:25,,12.0,9.0,4.0,6.0,,;;;;;;;;;;,11,,,,,,00-0034721;00-0031548;00-0032497;00-0028581;00-0031209;00-0027835;00-0034539;00-0034391;00-0033571;00-0023259;00-0029061,Corey Bojorquez;Kevin Johnson;Reid Ferguson;Patrick DiMarco;Senorise Perry;Kurt Coleman;Corey Thompson;Siran Neal;Matt Milano;Lorenzo Alexander;Julian Stanford,00-0034500;00-0031120;00-0035646;00-0034977;00-0034253;00-0034854;00-0031097;00-0032403;00-0035628;00-0034488;00-0034835,Tae Davis;Adarius Taylor;Sione Takitaki;Sheldrick Redwine;Dontrell Hilliard;KhaDarel Hodge;Terrance Mitchell;Juston Burris;D'Ernest Johnson;Tavierre Thomas;Malik Jefferson
2019_10_BUF_CLE,3390,pass,12.0,85.0,73.0,CLE,4.0,685.0,85.0,30.0,11:25,10:55,,12.0,9.0,1.0,10.0,"4 DL, 2 LB, 5 DB",;;;;;;;;;;,11,7,4,MAN_COVERAGE,COVER_1,False,00-0030076;00-0031386;00-0031382;00-0034855;00-0032977;00-0031235;00-0029963;00-0033923;00-0034791;00-0034399;00-0031426,JC Tretter;Greg Robinson;Jarvis Landry;Baker Mayfield;Rashard Higgins;Odell Beckham Jr.;Chris Hubbard;Kareem Hunt;Nick Chubb;Wyatt Teller;Joel Bitonio,00-0030455;00-0031300;00-0031557;00-0033884;00-0030090;00-0034673;00-0033096;00-0034514;00-0033571;00-0034376;00-0030114,Star Lotulelei;Trent Murphy;Jordan Phillips;Tre'Davious White;Micah Hyde;Tremaine Edmunds;Shaq Lawson;Levi Wallace;Matt Milano;Taron Johnson;Jordan Poyer
2019_10_BUF_CLE,3419,run,6.0,73.0,67.0,CLE,4.0,655.0,73.0,40.0,10:55,10:15,,12.0,9.0,1.0,10.0,"4 DL, 2 LB, 5 DB",;;;;;;;;;;,11,6,,,,,00-0030076;00-0031386;00-0031382;00-0034855;00-0032977;00-0031235;00-0029963;00-0034791;00-0033923;00-0034399;00-0031426,JC Tretter;Greg Robinson;Jarvis Landry;Baker Mayfield;Rashard Higgins;Odell Beckham Jr.;Chris Hubbard;Nick Chubb;Kareem Hunt;Wyatt Teller;Joel Bitonio,00-0030455;00-0031300;00-0031557;00-0033884;00-0034673;00-0030090;00-0033096;00-0034514;00-0033571;00-0034376;00-0030114,Star Lotulelei;Trent Murphy;Jordan Phillips;Tre'Davious White;Tremaine Edmunds;Micah Hyde;Shaq Lawson;Levi Wallace;Matt Milano;Taron Johnson;Jordan Poyer
2019_10_BUF_CLE,3440,pass,0.0,67.0,67.0,CLE,4.0,615.0,67.0,6.0,10:15,10:09,,12.0,9.0,2.0,4.0,"4 DL, 3 LB, 4 DB",;;;;;;;;;;,11,7,6,MAN_COVERAGE,COVER_1,False,00-0029963;00-0030076;00-0030155;00-0035039;00-0031386;00-0031382;00-0031426;00-0034855;00-0031235;00-0034791;00-0034399,Chris Hubbard;JC Tretter;Demetrius Harris;Stephen Carlson;Greg Robinson;Jarvis Landry;Joel Bitonio;Baker Mayfield;Odell Beckham Jr.;Nick Chubb;Wyatt Teller,00-0034673;00-0030114;00-0033884;00-0034514;00-0030090;00-0033096;00-0023259;00-0033571;00-0030455;00-0031557;00-0031300,Tremaine Edmunds;Jordan Poyer;Tre'Davious White;Levi Wallace;Micah Hyde;Shaq Lawson;Lorenzo Alexander;Matt Milano;Star Lotulelei;Jordan Phillips;Trent Murphy
2019_10_BUF_CLE,3462,pass,-9.0,67.0,76.0,CLE,4.0,609.0,67.0,46.0,10:09,9:23,,12.0,9.0,3.0,4.0,"4 DL, 2 LB, 5 DB",;;;;;;;;;;,11,6,5,,,,00-0030076;00-0031386;00-0030155;00-0031382;00-0034855;00-0032977;00-0031235;00-0029963;00-0034791;00-0034399;00-0031426,JC Tretter;Greg Robinson;Demetrius Harris;Jarvis Landry;Baker Mayfield;Rashard Higgins;Odell Beckham Jr.;Chris Hubbard;Nick Chubb;Wyatt Teller;Joel Bitonio,00-0031548;00-0030455;00-0031557;00-0033884;00-0030090;00-0034673;00-0033096;00-0034514;00-0033571;00-0027881;00-0030114,Kevin Johnson;Star Lotulelei;Jordan Phillips;Tre'Davious White;Micah Hyde;Tremaine Edmunds;Shaq Lawson;Levi Wallace;Matt Milano;Jerry Hughes;Jordan Poyer
2019_10_BUF_CLE,3481,punt,0.0,76.0,76.0,CLE,4.0,563.0,76.0,13.0,9:23,9:10,,12.0,9.0,4.0,13.0,,;;;;;;;;;;,11,,,,,,00-0034500;00-0035042;00-0035039;00-0031120;00-0035646;00-0029008;00-0034253;00-0034854;00-0035628;00-0034488;00-0034835,Tae Davis;Jamie Gillan;Stephen Carlson;Adarius Taylor;Sione Takitaki;Charley Hughlett;Dontrell Hilliard;KhaDarel Hodge;D'Ernest Johnson;Tavierre Thomas;Malik Jefferson,00-0031548;00-0031209;00-0027691;00-0035290;00-0034539;00-0034391;00-0035306;00-0034376;00-0023259;00-0029061;00-0034510,Kevin Johnson;Senorise Perry;Andre Roberts;Jaquan Johnson;Corey Thompson;Siran Neal;Darryl Johnson;Taron Johnson;Lorenzo Alexander;Julian Stanford;Robert Foster
2019_10_BUF_CLE,3523,pass,21.0,48.0,27.0,BUF,4.0,550.0,48.0,39.0,9:10,8:31,,12.0,9.0,1.0,10.0,"4 DL, 2 LB, 5 DB",;;;;;;;;;;,11,7,5,MAN_COVERAGE,COVER_1,False,00-0031051;00-0023500;00-0032043;00-0027691;00-0032151;00-0033904;00-0033466;00-0031936;00-0034857;00-0035238;00-0035689,John Brown;Frank Gore;Quinton Spain;Andre Roberts;Jon Feliciano;Dion Dawkins;Isaiah McKenzie;Mitch Morse;Josh Allen;Cody Ford;Dawson Knox,00-0033501;00-0032251;00-0035638;00-0035144;00-0033868;00-0033905;00-0027676;00-0031269;00-0034856;00-0033125;00-0034770,Devaroe Lawrence;Damarious Randall;Greedy Williams;Mack Wilson;Myles Garrett;Larry Ogunjobi;Morgan Burnett;T.J. Carrie;Denzel Ward;Joe Schobert;Chad Thomas
2019_10_BUF_CLE,3547,no_play,0.0,27.0,27.0,BUF,4.0,511.0,27.0,27.0,8:31,8:04,,12.0,9.0,1.0,10.0,"4 DL, 2 LB, 5 DB",;;;;;;;;;;,11,7,,,,,00-0031051;00-0023500;00-0032043;00-0032214;00-0032151;00-0033904;00-0028097;00-0033466;00-0031936;00-0034857;00-0035238,John Brown;Frank Gore;Quinton Spain;Tyler Kroft;Jon Feliciano;Dion Dawkins;Lee Smith;Isaiah McKenzie;Mitch Morse;Josh Allen;Cody Ford,00-0033501;00-0032251;00-0035638;00-0035144;00-0033868;00-0033905;00-0027676;00-0034856;00-0032403;00-0033125;00-0034770,Devaroe Lawrence;Damarious Randall;Greedy Williams;Mack Wilson;Myles Garrett;Larry Ogunjobi;Morgan Burnett;Denzel Ward;Juston Burris;Joe Schobert;Chad Thomas
2019_10_BUF_CLE,3579,pass,26.0,37.0,11.0,BUF,4.0,484.0,37.0,47.0,8:04,7:17,,12.0,9.0,1.0,20.0,"4 DL, 2 LB, 5 DB",;;;;;;;;;;,11,4,4,ZONE_COVERAGE,COVER_3,False,00-0031051;00-0032043;00-0035250;00-0032151;00-0033904;00-0029000;00-0031936;00-0034857;00-0035238;00-0035689;00-0034510,John Brown;Quinton Spain;Devin Singletary;Jon Feliciano;Dion Dawkins;Cole Beasley;Mitch Morse;Josh Allen;Cody Ford;Dawson Knox;Robert Foster,00-0033501;00-0032251;00-0035638;00-0035144;00-0033868;00-0033905;00-0027676;00-0031269;00-0034856;00-0033125;00-0034770,Devaroe Lawrence;Damarious Randall;Greedy Williams;Mack Wilson;Myles Garrett;Larry Ogunjobi;Morgan Burnett;T.J. Carrie;Denzel Ward;Joe Schobert;Chad Thomas
2019_10_BUF_CLE,3603,pass,0.0,11.0,11.0,BUF,4.0,437.0,11.0,5.0,7:17,7:12,,12.0,9.0,1.0,10.0,"4 DL, 3 LB, 4 DB",;;;;;;;;;;,11,7,5,MAN_COVERAGE,COVER_1,False,00-0031051;00-0032043;00-0035250;00-0028581;00-0032151;00-0033904;00-0029000;00-0031936;00-0034857;00-0035238;00-0035689,John Brown;Quinton Spain;Devin Singletary;Patrick DiMarco;Jon Feliciano;Dion Dawkins;Cole Beasley;Mitch Morse;Josh Allen;Cody Ford;Dawson Knox,00-0032251;00-0035638;00-0035646;00-0030573;00-0035144;00-0033868;00-0033905;00-0027676;00-0034856;00-0033125;00-0033598,Damarious Randall;Greedy Williams;Sione Takitaki;Sheldon Richardson;Mack Wilson;Myles Garrett;Larry Ogunjobi;Morgan Burnett;Denzel Ward;Joe Schobert;Eli Ankou
2019_10_BUF_CLE,3625,run,0.0,11.0,11.0,BUF,4.0,432.0,11.0,43.0,7:12,6:29,,12.0,9.0,2.0,10.0,"4 DL, 2 LB, 5 DB",;;;;;;;;;;,11,6,4,,,,00-0031051;00-0032043;00-0035250;00-0032151;00-0033904;00-0029000;00-0033466;00-0031936;00-0034857;00-0035238;00-0035689,John Brown;Quinton Spain;Devin Singletary;Jon Feliciano;Dion Dawkins;Cole Beasley;Isaiah McKenzie;Mitch Morse;Josh Allen;Cody Ford;Dawson Knox,00-0032251;00-0035638;00-0030573;00-0035144;00-0033868;00-0033905;00-0027676;00-0031269;00-0034856;00-0033125;00-0034770,Damarious Randall;Greedy Williams;Sheldon Richardson;Mack Wilson;Myles Garrett;Larry Ogunjobi;Morgan Burnett;T.J. Carrie;Denzel Ward;Joe Schobert;Chad Thomas
2019_10_BUF_CLE,3646,run,3.0,11.0,8.0,BUF,4.0,389.0,11.0,42.0,6:29,5:47,,12.0,9.0,3.0,10.0,"4 DL, 2 LB, 5 DB",;;;;;;;;;;,11,6,4,,,,00-0031051;00-0032043;00-0035250;00-0027691;00-0032151;00-0033904;00-0029000;00-0031936;00-0034857;00-0035238;00-0035689,John Brown;Quinton Spain;Devin Singletary;Andre Roberts;Jon Feliciano;Dion Dawkins;Cole Beasley;Mitch Morse;Josh Allen;Cody Ford;Dawson Knox,00-0032251;00-0035638;00-0030573;00-0035144;00-0033868;00-0033905;00-0027676;00-0031269;00-0034856;00-0033125;00-0034770,Damarious Randall;Greedy Williams;Sheldon Richardson;Mack Wilson;Myles Garrett;Larry Ogunjobi;Morgan Burnett;T.J. Carrie;Denzel Ward;Joe Schobert;Chad Thomas
2019_10_BUF_CLE,3686,run,0.0,1.0,1.0,BUF,4.0,347.0,1.0,13.0,5:47,5:34,,12.0,9.0,1.0,1.0,"4 DL, 3 LB, 4 DB",;;;;;;;;;;,11,8,,,,,00-0023500;00-0032043;00-0029709;00-0028581;00-0032151;00-0033904;00-0028097;00-0031936;00-0034857;00-0035238;00-0035689,Frank Gore;Quinton Spain;Ty Nsekhe;Patrick DiMarco;Jon Feliciano;Dion Dawkins;Lee Smith;Mitch Morse;Josh Allen;Cody Ford;Dawson Knox,00-0033501;00-0032251;00-0035646;00-0035144;00-0033868;00-0033905;00-0027676;00-0031269;00-0034856;00-0033125;00-0033598,Devaroe Lawrence;Damarious Randall;Sione Takitaki;Mack Wilson;Myles Garrett;Larry Ogunjobi;Morgan Burnett;T.J. Carrie;Denzel Ward;Joe Schobert;Eli Ankou
2019_10_BUF_CLE,3739,run,1.0,1.0,0.0,BUF,4.0,334.0,1.0,8.0,5:34,5:26,,12.0,15.0,2.0,1.0,"6 DL, 3 LB, 2 DB",;;;;;;;;;;,11,10,,,,,00-0023500;00-0032043;00-0032214;00-0028581;00-0032151;00-0033904;00-0028097;00-0031936;00-0034857;00-0035238;00-0035689,Frank Gore;Quinton Spain;Tyler Kroft;Patrick DiMarco;Jon Feliciano;Dion Dawkins;Lee Smith;Mitch Morse;Josh Allen;Cody Ford;Dawson Knox,00-0033501;00-0032251;00-0035646;00-0030573;00-0035144;00-0033868;00-0033905;00-0027676;00-0033125;00-0034770;00-0033598,Devaroe Lawrence;Damarious Randall;Sione Takitaki;Sheldon Richardson;Mack Wilson;Myles Garrett;Larry Ogunjobi;Morgan Burnett;Joe Schobert;Chad Thomas;Eli Ankou
2019_10_BUF_CLE,3770,extra_point,0.0,15.0,15.0,BUF,4.0,326.0,15.0,0.0,5:26,5:26,,12.0,16.0,,0.0,,;;;;;;;;;;,11,,,,,,00-0034721;00-0032043;00-0029709;00-0025944;00-0032497;00-0031300;00-0032151;00-0033904;00-0028097;00-0031047;00-0035238,Corey Bojorquez;Quinton Spain;Ty Nsekhe;Steven Hauschka;Reid Ferguson;Trent Murphy;Jon Feliciano;Dion Dawkins;Lee Smith;Spencer Long;Cody Ford,00-0031120;00-0032251;00-0030573;00-0035144;00-0033868;00-0033905;00-0027676;00-0034856;00-0033125;00-0034488;00-0034770,Adarius Taylor;Damarious Randall;Sheldon Richardson;Mack Wilson;Myles Garrett;Larry Ogunjobi;Morgan Burnett;Denzel Ward;Joe Schobert;Tavierre Thomas;Chad Thomas
2019_10_BUF_CLE,3786,kickoff,0.0,35.0,35.0,CLE,4.0,326.0,35.0,5.0,5:26,5:21,,12.0,16.0,,0.0,,;;;;;;;;;;,11,,,,,,00-0031548;00-0025944;00-0031209;00-0035290;00-0034539;00-0034391;00-0035306;00-0023259;00-0030114;00-0029061;00-0034510,Kevin Johnson;Steven Hauschka;Senorise Perry;Jaquan Johnson;Corey Thompson;Siran Neal;Darryl Johnson;Lorenzo Alexander;Jordan Poyer;Julian Stanford;Robert Foster,00-0034500;00-0031120;00-0035039;00-0030155;00-0035646;00-0034977;00-0034253;00-0034854;00-0035628;00-0034488;00-0034835,Tae Davis;Adarius Taylor;Stephen Carlson;Demetrius Harris;Sione Takitaki;Sheldrick Redwine;Dontrell Hilliard;KhaDarel Hodge;D'Ernest Johnson;Tavierre Thomas;Malik Jefferson
2019_10_BUF_CLE,3808,pass,1.0,82.0,81.0,CLE,4.0,321.0,82.0,43.0,5:21,4:38,,12.0,16.0,1.0,10.0,"4 DL, 2 LB, 5 DB",;;;;;;;;;;,11,7,5,MAN_COVERAGE,COVER_1,False,00-0030076;00-0031386;00-0031382;00-0034855;00-0032977;00-0031235;00-0029963;00-0034791;00-0033923;00-0034399;00-0031426,JC Tretter;Greg Robinson;Jarvis Landry;Baker Mayfield;Rashard Higgins;Odell Beckham Jr.;Chris Hubbard;Nick Chubb;Kareem Hunt;Wyatt Teller;Joel Bitonio,00-0030455;00-0031300;00-0033884;00-0030090;00-0034673;00-0034514;00-0035230;00-0033571;00-0034376;00-0027881;00-0030114,Star Lotulelei;Trent Murphy;Tre'Davious White;Micah Hyde;Tremaine Edmunds;Levi Wallace;Ed Oliver;Matt Milano;Taron Johnson;Jerry Hughes;Jordan Poyer
2019_10_BUF_CLE,3832,pass,13.0,81.0,68.0,CLE,4.0,278.0,81.0,4.0,4:38,4:34,,12.0,16.0,2.0,9.0,"4 DL, 2 LB, 5 DB",;;;;;;;;;;,11,7,4,MAN_COVERAGE,COVER_1,False,00-0030076;00-0031386;00-0031382;00-0034855;00-0032977;00-0033439;00-0031235;00-0029963;00-0034791;00-0034399;00-0031426,JC Tretter;Greg Robinson;Jarvis Landry;Baker Mayfield;Rashard Higgins;Pharaoh Brown;Odell Beckham Jr.;Chris Hubbard;Nick Chubb;Wyatt Teller;Joel Bitonio,00-0030455;00-0031300;00-0033884;00-0030090;00-0034673;00-0034514;00-0035230;00-0033571;00-0034376;00-0027881;00-0030114,Star Lotulelei;Trent Murphy;Tre'Davious White;Micah Hyde;Tremaine Edmunds;Levi Wallace;Ed Oliver;Matt Milano;Taron Johnson;Jerry Hughes;Jordan Poyer
2019_10_BUF_CLE,3856,pass,3.0,68.0,65.0,CLE,4.0,274.0,68.0,45.0,4:34,3:49,,12.0,16.0,1.0,10.0,"4 DL, 2 LB, 5 DB",;;;;;;;;;;,11,6,4,MAN_COVERAGE,COVER_1,False,00-0030076;00-0031386;00-0030155;00-0031382;00-0034855;00-0032977;00-0031235;00-0029963;00-0033923;00-0034399;00-0031426,JC Tretter;Greg Robinson;Demetrius Harris;Jarvis Landry;Baker Mayfield;Rashard Higgins;Odell Beckham Jr.;Chris Hubbard;Kareem Hunt;Wyatt Teller;Joel Bitonio,00-0030455;00-0031300;00-0033884;00-0030090;00-0034673;00-0034514;00-0035230;00-0033571;00-0034376;00-0027881;00-0030114,Star Lotulelei;Trent Murphy;Tre'Davious White;Micah Hyde;Tremaine Edmunds;Levi Wallace;Ed Oliver;Matt Milano;Taron Johnson;Jerry Hughes;Jordan Poyer
2019_10_BUF_CLE,3886,pass,0.0,65.0,65.0,CLE,4.0,229.0,65.0,1.0,3:49,3:48,,12.0,16.0,2.0,7.0,"4 DL, 3 LB, 4 DB",;;;;;;;;;;,11,7,5,MAN_COVERAGE,COVER_1,False,00-0030076;00-0035039;00-0031386;00-0031382;00-0034855;00-0031235;00-0029963;00-0034791;00-0033923;00-0034399;00-0031426,JC Tretter;Stephen Carlson;Greg Robinson;Jarvis Landry;Baker Mayfield;Odell Beckham Jr.;Chris Hubbard;Nick Chubb;Kareem Hunt;Wyatt Teller;Joel Bitonio,00-0030455;00-0031300;00-0033884;00-0030090;00-0034673;00-0034514;00-0035230;00-0033571;00-0023259;00-0027881;00-0030114,Star Lotulelei;Trent Murphy;Tre'Davious White;Micah Hyde;Tremaine Edmunds;Levi Wallace;Ed Oliver;Matt Milano;Lorenzo Alexander;Jerry Hughes;Jordan Poyer
2019_10_BUF_CLE,3959,pass,9.0,65.0,56.0,CLE,4.0,228.0,65.0,37.0,3:48,3:11,,12.0,16.0,3.0,7.0,"3 DL, 3 LB, 5 DB",;;;;;;;;;;,11,6,5,MAN_COVERAGE,COVER_1,False,00-0030076;00-0031386;00-0030155;00-0031382;00-0034855;00-0032977;00-0031235;00-0029963;00-0033923;00-0034399;00-0031426,JC Tretter;Greg Robinson;Demetrius Harris;Jarvis Landry;Baker Mayfield;Rashard Higgins;Odell Beckham Jr.;Chris Hubbard;Kareem Hunt;Wyatt Teller;Joel Bitonio,00-0031548;00-0031300;00-0031557;00-0033884;00-0030090;00-0034673;00-0034514;00-0033571;00-0023259;00-0027881;00-0030114,Kevin Johnson;Trent Murphy;Jordan Phillips;Tre'Davious White;Micah Hyde;Tremaine Edmunds;Levi Wallace;Matt Milano;Lorenzo Alexander;Jerry Hughes;Jordan Poyer
2019_10_BUF_CLE,3983,run,21.0,56.0,35.0,CLE,4.0,191.0,56.0,48.0,3:11,2:23,,12.0,16.0,1.0,10.0,"4 DL, 2 LB, 5 DB",;;;;;;;;;;,11,6,,,,,00-0030076;00-0031386;00-0031382;00-0034855;00-0032977;00-0031235;00-0029963;00-0034791;00-0033923;00-0034399;00-0031426,JC Tretter;Greg Robinson;Jarvis Landry;Baker Mayfield;Rashard Higgins;Odell Beckham Jr.;Chris Hubbard;Nick Chubb;Kareem Hunt;Wyatt Teller;Joel Bitonio,00-0031300;00-0031557;00-0033884;00-0030090;00-0034673;00-0034514;00-0033571;00-0034376;00-0027881;00-0030114;00-0027956,Trent Murphy;Jordan Phillips;Tre'Davious White;Micah Hyde;Tremaine Edmunds;Levi Wallace;Matt Milano;Taron Johnson;Jerry Hughes;Jordan Poyer;Corey Liuget
2019_10_BUF_CLE,4004,timeout,0.0,,,,4.0,143.0,,0.0,2:23,2:23,CLE,12.0,16.0,,0.0,,,0,,,,,,,,,
2019_10_BUF_CLE,4021,pass,4.0,35.0,31.0,CLE,4.0,143.0,35.0,23.0,2:23,2:00,,12.0,16.0,1.0,10.0,"4 DL, 2 LB, 5 DB",;;;;;;;;;;,11,6,5,MAN_COVERAGE,COVER_1,False,00-0030076;00-0031386;00-0030155;00-0031382;00-0034855;00-0032977;00-0031235;00-0029963;00-0034791;00-0034399;00-0031426,JC Tretter;Greg Robinson;Demetrius Harris;Jarvis Landry;Baker Mayfield;Rashard Higgins;Odell Beckham Jr.;Chris Hubbard;Nick Chubb;Wyatt Teller;Joel Bitonio,00-0030455;00-0031300;00-0031557;00-0033884;00-0030090;00-0034673;00-0033096;00-0034514;00-0033571;00-0034376;00-0030114,Star Lotulelei;Trent Murphy;Jordan Phillips;Tre'Davious White;Micah Hyde;Tremaine Edmunds;Shaq Lawson;Levi Wallace;Matt Milano;Taron Johnson;Jordan Poyer
2019_10_BUF_CLE,4062,timeout,0.0,,,,4.0,120.0,,0.0,2:00,2:00,BUF,12.0,16.0,,0.0,,,0,,,,,,,,,
2019_10_BUF_CLE,4079,pass,24.0,31.0,7.0,CLE,4.0,120.0,31.0,10.0,2:00,1:50,,12.0,16.0,2.0,6.0,"4 DL, 3 LB, 4 DB",;;;;;;;;;;,11,7,6,MAN_COVERAGE,COVER_1,True,00-0030076;00-0031386;00-0031382;00-0034855;00-0033439;00-0031235;00-0029963;00-0034791;00-0033923;00-0034399;00-0031426,JC Tretter;Greg Robinson;Jarvis Landry;Baker Mayfield;Pharaoh Brown;Odell Beckham Jr.;Chris Hubbard;Nick Chubb;Kareem Hunt;Wyatt Teller;Joel Bitonio,00-0030455;00-0031557;00-0033884;00-0030090;00-0034673;00-0033096;00-0034514;00-0033571;00-0023259;00-0027881;00-0030114,Star Lotulelei;Jordan Phillips;Tre'Davious White;Micah Hyde;Tremaine Edmunds;Shaq Lawson;Levi Wallace;Matt Milano;Lorenzo Alexander;Jerry Hughes;Jordan Poyer
2019_10_BUF_CLE,4103,run,0.0,7.0,7.0,CLE,4.0,110.0,7.0,2.0,1:50,1:48,,12.0,16.0,1.0,7.0,"4 DL, 3 LB, 4 DB",;;;;;;;;;;,11,8,,,,,00-0030076;00-0031386;00-0030155;00-0031382;00-0034855;00-0033439;00-0031235;00-0029963;00-0034791;00-0034399;00-0031426,JC Tretter;Greg Robinson;Demetrius Harris;Jarvis Landry;Baker Mayfield;Pharaoh Brown;Odell Beckham Jr.;Chris Hubbard;Nick Chubb;Wyatt Teller;Joel Bitonio,00-0030455;00-0031557;00-0033884;00-0034673;00-0030090;00-0033096;00-0034514;00-0033571;00-0023259;00-0027881;00-0030114,Star Lotulelei;Jordan Phillips;Tre'Davious White;Tremaine Edmunds;Micah Hyde;Shaq Lawson;Levi Wallace;Matt Milano;Lorenzo Alexander;Jerry Hughes;Jordan Poyer
2019_10_BUF_CLE,4124,timeout,0.0,,,,4.0,108.0,,0.0,1:48,1:48,BUF,12.0,16.0,,0.0,,,0,,,,,,,,,
2019_10_BUF_CLE,4141,pass,7.0,7.0,0.0,CLE,4.0,108.0,7.0,4.0,1:48,1:44,,18.0,16.0,2.0,7.0,"4 DL, 2 LB, 5 DB",;;;;;;;;;;,11,7,7,MAN_COVERAGE,COVER_0,False,00-0030076;00-0031386;00-0030155;00-0031382;00-0034855;00-0032977;00-0031235;00-0029963;00-0034791;00-0034399;00-0031426,JC Tretter;Greg Robinson;Demetrius Harris;Jarvis Landry;Baker Mayfield;Rashard Higgins;Odell Beckham Jr.;Chris Hubbard;Nick Chubb;Wyatt Teller;Joel Bitonio,00-0030455;00-0031300;00-0031557;00-0033884;00-0030090;00-0034673;00-0034514;00-0033571;00-0034376;00-0027881;00-0030114,Star Lotulelei;Trent Murphy;Jordan Phillips;Tre'Davious White;Micah Hyde;Tremaine Edmunds;Levi Wallace;Matt Milano;Taron Johnson;Jerry Hughes;Jordan Poyer
2019_10_BUF_CLE,4172,extra_point,0.0,15.0,15.0,CLE,4.0,104.0,15.0,0.0,1:44,1:44,,19.0,16.0,,0.0,,;;;;;;;;;;,11,,,,,,00-0035042;00-0030076;00-0031386;00-0030155;00-0030094;00-0029008;00-0035145;00-0029963;00-0030792;00-0034399;00-0031426,Jamie Gillan;JC Tretter;Greg Robinson;Demetrius Harris;Eric Kush;Charley Hughlett;Austin Seibert;Chris Hubbard;Justin McCray;Wyatt Teller;Joel Bitonio,00-0031548;00-0030455;00-0031557;00-0033884;00-0030090;00-0034673;00-0033096;00-0035230;00-0035306;00-0023259;00-0030114,Kevin Johnson;Star Lotulelei;Jordan Phillips;Tre'Davious White;Micah Hyde;Tremaine Edmunds;Shaq Lawson;Ed Oliver;Darryl Johnson;Lorenzo Alexander;Jordan Poyer
2019_10_BUF_CLE,4188,kickoff,0.0,35.0,35.0,BUF,4.0,104.0,35.0,0.0,1:44,1:44,,19.0,16.0,,0.0,,;;;;;;;;;;,11,,,,,,00-0034500;00-0031120;00-0035145;00-0034977;00-0034854;00-0034253;00-0031097;00-0032403;00-0035628;00-0034488;00-0034835,Tae Davis;Adarius Taylor;Austin Seibert;Sheldrick Redwine;KhaDarel Hodge;Dontrell Hilliard;Terrance Mitchell;Juston Burris;D'Ernest Johnson;Tavierre Thomas;Malik Jefferson,00-0032214;00-0028581;00-0031209;00-0027691;00-0027835;00-0035290;00-0034539;00-0034391;00-0035306;00-0029061;00-0034510,Tyler Kroft;Patrick DiMarco;Senorise Perry;Andre Roberts;Kurt Coleman;Jaquan Johnson;Corey Thompson;Siran Neal;Darryl Johnson;Julian Stanford;Robert Foster
2019_10_BUF_CLE,4203,pass,0.0,75.0,75.0,BUF,4.0,104.0,75.0,5.0,1:44,1:39,,19.0,16.0,1.0,10.0,"4 DL, 2 LB, 5 DB",;;;;;;;;;;,11,6,4,ZONE_COVERAGE,COVER_3,True,00-0031051;00-0032043;00-0029709;00-0035250;00-0032151;00-0033904;00-0029000;00-0033466;00-0031936;00-0034857;00-0035689,John Brown;Quinton Spain;Ty Nsekhe;Devin Singletary;Jon Feliciano;Dion Dawkins;Cole Beasley;Isaiah McKenzie;Mitch Morse;Josh Allen;Dawson Knox,00-0032251;00-0035638;00-0030573;00-0035144;00-0033868;00-0033905;00-0027676;00-0031269;00-0034856;00-0033125;00-0034770,Damarious Randall;Greedy Williams;Sheldon Richardson;Mack Wilson;Myles Garrett;Larry Ogunjobi;Morgan Burnett;T.J. Carrie;Denzel Ward;Joe Schobert;Chad Thomas
2019_10_BUF_CLE,4225,pass,2.0,75.0,73.0,BUF,4.0,99.0,75.0,5.0,1:39,1:34,,19.0,16.0,2.0,10.0,"4 DL, 2 LB, 5 DB",;;;;;;;;;;,11,6,5,ZONE_COVERAGE,COVER_3,False,00-0031051;00-0032043;00-0029709;00-0035250;00-0032151;00-0029000;00-0033904;00-0033466;00-0031936;00-0034857;00-0035689,John Brown;Quinton Spain;Ty Nsekhe;Devin Singletary;Jon Feliciano;Cole Beasley;Dion Dawkins;Isaiah McKenzie;Mitch Morse;Josh Allen;Dawson Knox,00-0032251;00-0035638;00-0030573;00-0035144;00-0033868;00-0033905;00-0027676;00-0031269;00-0034856;00-0033125;00-0034770,Damarious Randall;Greedy Williams;Sheldon Richardson;Mack Wilson;Myles Garrett;Larry Ogunjobi;Morgan Burnett;T.J. Carrie;Denzel Ward;Joe Schobert;Chad Thomas
2019_10_BUF_CLE,4249,pass,21.0,73.0,52.0,BUF,4.0,94.0,73.0,25.0,1:34,1:09,,19.0,16.0,3.0,8.0,"4 DL, 2 LB, 5 DB",;;;;;;;;;;,11,6,5,ZONE_COVERAGE,COVER_3,False,00-0031051;00-0032043;00-0029709;00-0035250;00-0032151;00-0033904;00-0029000;00-0033466;00-0031936;00-0034857;00-0035689,John Brown;Quinton Spain;Ty Nsekhe;Devin Singletary;Jon Feliciano;Dion Dawkins;Cole Beasley;Isaiah McKenzie;Mitch Morse;Josh Allen;Dawson Knox,00-0032251;00-0035638;00-0030573;00-0033868;00-0035144;00-0033905;00-0027676;00-0031269;00-0034856;00-0033125;00-0034770,Damarious Randall;Greedy Williams;Sheldon Richardson;Myles Garrett;Mack Wilson;Larry Ogunjobi;Morgan Burnett;T.J. Carrie;Denzel Ward;Joe Schobert;Chad Thomas
2019_10_BUF_CLE,4273,pass,11.0,52.0,41.0,BUF,4.0,69.0,52.0,4.0,1:09,1:05,,19.0,16.0,1.0,10.0,"4 DL, 2 LB, 5 DB",;;;;;;;;;;,11,6,5,ZONE_COVERAGE,COVER_3,False,00-0031051;00-0029709;00-0032043;00-0035250;00-0032151;00-0033904;00-0029000;00-0033466;00-0031936;00-0034857;00-0035689,John Brown;Ty Nsekhe;Quinton Spain;Devin Singletary;Jon Feliciano;Dion Dawkins;Cole Beasley;Isaiah McKenzie;Mitch Morse;Josh Allen;Dawson Knox,00-0032251;00-0035638;00-0030573;00-0033868;00-0035144;00-0033905;00-0027676;00-0031269;00-0034856;00-0033125;00-0034770,Damarious Randall;Greedy Williams;Sheldon Richardson;Myles Garrett;Mack Wilson;Larry Ogunjobi;Morgan Burnett;T.J. Carrie;Denzel Ward;Joe Schobert;Chad Thomas
2019_10_BUF_CLE,4307,pass,0.0,41.0,41.0,BUF,4.0,65.0,41.0,6.0,1:05,0:59,,19.0,16.0,1.0,10.0,"4 DL, 2 LB, 5 DB",;;;;;;;;;;,11,6,6,MAN_COVERAGE,COVER_0,False,00-0031051;00-0032043;00-0029709;00-0035250;00-0032214;00-0032151;00-0033904;00-0029000;00-0033466;00-0031936;00-0034857,John Brown;Quinton Spain;Ty Nsekhe;Devin Singletary;Tyler Kroft;Jon Feliciano;Dion Dawkins;Cole Beasley;Isaiah McKenzie;Mitch Morse;Josh Allen,00-0032251;00-0035638;00-0030573;00-0035144;00-0033868;00-0033905;00-0027676;00-0031269;00-0034856;00-0033125;00-0034770,Damarious Randall;Greedy Williams;Sheldon Richardson;Mack Wilson;Myles Garrett;Larry Ogunjobi;Morgan Burnett;T.J. Carrie;Denzel Ward;Joe Schobert;Chad Thomas
2019_10_BUF_CLE,4342,pass,6.0,41.0,35.0,BUF,4.0,59.0,41.0,33.0,0:59,0:26,,19.0,16.0,2.0,10.0,"4 DL, 2 LB, 5 DB",;;;;;;;;;;,11,7,5,ZONE_COVERAGE,COVER_4,True,00-0031051;00-0032043;00-0029709;00-0035250;00-0032214;00-0032151;00-0033904;00-0029000;00-0033466;00-0031936;00-0034857,John Brown;Quinton Spain;Ty Nsekhe;Devin Singletary;Tyler Kroft;Jon Feliciano;Dion Dawkins;Cole Beasley;Isaiah McKenzie;Mitch Morse;Josh Allen,00-0032251;00-0035638;00-0030573;00-0035144;00-0033868;00-0033905;00-0027676;00-0031269;00-0034856;00-0033125;00-0034770,Damarious Randall;Greedy Williams;Sheldon Richardson;Mack Wilson;Myles Garrett;Larry Ogunjobi;Morgan Burnett;T.J. Carrie;Denzel Ward;Joe Schobert;Chad Thomas
2019_10_BUF_CLE,4366,pass,0.0,35.0,35.0,BUF,4.0,26.0,35.0,4.0,0:26,0:22,,19.0,16.0,3.0,4.0,"4 DL, 2 LB, 5 DB",;;;;;;;;;;,11,7,7,MAN_COVERAGE,COVER_0,True,00-0031051;00-0032043;00-0029709;00-0035250;00-0032214;00-0032151;00-0033904;00-0029000;00-0033466;00-0031936;00-0034857,John Brown;Quinton Spain;Ty Nsekhe;Devin Singletary;Tyler Kroft;Jon Feliciano;Dion Dawkins;Cole Beasley;Isaiah McKenzie;Mitch Morse;Josh Allen,00-0032251;00-0035638;00-0030573;00-0035144;00-0033868;00-0033905;00-0027676;00-0031269;00-0034856;00-0033125;00-0034770,Damarious Randall;Greedy Williams;Sheldon Richardson;Mack Wilson;Myles Garrett;Larry Ogunjobi;Morgan Burnett;T.J. Carrie;Denzel Ward;Joe Schobert;Chad Thomas
2019_10_BUF_CLE,4388,timeout,0.0,,,,4.0,22.0,,0.0,0:22,0:22,BUF,19.0,16.0,,0.0,,,0,,,,,,,,,
2019_10_BUF_CLE,4405,field_goal,0.0,35.0,35.0,BUF,4.0,22.0,35.0,5.0,0:22,0:17,,19.0,16.0,4.0,4.0,,;;;;;;;;;;,11,,,,,,00-0034721;00-0032043;00-0029709;00-0025944;00-0032497;00-0031300;00-0032151;00-0033904;00-0028097;00-0031047;00-0035238,Corey Bojorquez;Quinton Spain;Ty Nsekhe;Steven Hauschka;Reid Ferguson;Trent Murphy;Jon Feliciano;Dion Dawkins;Lee Smith;Spencer Long;Cody Ford,00-0031120;00-0032251;00-0030573;00-0035144;00-0033868;00-0033905;00-0027676;00-0034856;00-0033125;00-0034488;00-0034770,Adarius Taylor;Damarious Randall;Sheldon Richardson;Mack Wilson;Myles Garrett;Larry Ogunjobi;Morgan Burnett;Denzel Ward;Joe Schobert;Tavierre Thomas;Chad Thomas
2019_10_BUF_CLE,4425,qb_kneel,-1.0,57.0,58.0,CLE,4.0,17.0,57.0,17.0,0:17,0:00,,19.0,16.0,1.0,10.0,"4 DL, 3 LB, 4 DB",;;;;;;;;;;,11,9,,,,,00-0030076;00-0035039;00-0031386;00-0030155;00-0034855;00-0033439;00-0029963;00-0035628;00-0034273;00-0034399;00-0031426,JC Tretter;Stephen Carlson;Greg Robinson;Demetrius Harris;Baker Mayfield;Pharaoh Brown;Chris Hubbard;D'Ernest Johnson;Damion Ratley;Wyatt Teller;Joel Bitonio,00-0030455;00-0033884;00-0030090;00-0034673;00-0034514;00-0035230;00-0033571;00-0035306;00-0023259;00-0027881;00-0030114,Star Lotulelei;Tre'Davious White;Micah Hyde;Tremaine Edmunds;Levi Wallace;Ed Oliver;Matt Milano;Darryl Johnson;Lorenzo Alexander;Jerry Hughes;Jordan Poyer
2019_10_BUF_CLE,4446,end_game,,,,CLE,4.0,0.0,,0.0,0:00,0:00,,19.0,16.0,,0.0,,,0,,,,,,,,,
