game_id,play_id,play_type,yards_gained,starting_yard,ending_yard,time_of_play,time_on_clock_start,time_on_clock_end,timeout_team,home_team_score,away_team_score,down,yds_to_go,defense_personnel,defense_positions,n_defense,defenders_in_box,number_of_pass_rushers,defense_man_zone_type,defense_coverage_type,was_pressure,offense_player_ids,offense_player_names,defense_player_ids,defense_player_names
2018_08_SF_ARI,1,start_quarter_1,,,,0.0,15:00,15:00,,0.0,0.0,,0.0,,,0,,,,,,,,,
2018_08_SF_ARI,36,kickoff,0.0,35.0,35.0,6.0,15:00,14:54,,0.0,0.0,,0.0,,;;;;;;;;;;,11,,,,,,00-0034490;00-0029520;00-0032809;00-0029068;00-0032769;00-0034473;00-0004091;00-0033792;00-0030385;00-0033890;00-0031366,Ezekiel Turner;Eddie Pleasant;Joe Walker;Derrick Coleman;Brandon Williams;Dennis Gardeck;Phil Dawson;Rudy Ford;Gerald Hodges;Budda Baker;Deone Bucannon,00-0028903;00-0034073;00-0033307;00-0031687;00-0031267;00-0032479;00-0028180;00-0031961;00-0033973;00-0034263;00-0034286,Garrett Celek;Ross Dwelley;Kendrick Bourne;Raheem Mostert;Antone Exum;Tyvis Powell;Malcolm Smith;Mark Nzeocha;Elijah Lee;Tarvarius Moore;Richie James
2018_08_SF_ARI,58,run,-2.0,80.0,82.0,37.0,14:54,14:17,,0.0,0.0,1.0,10.0,"4 DL, 3 LB, 4 DB",;;;;;;;;;;,11,7,,,,,00-0029892;00-0033308;00-0034847;00-0025415;00-0033307;00-0033936;00-0028177;00-0033317;00-0030068;00-0033288;00-0032234,Kyle Juszczyk;Matt Breida;Mike McGlinchey;Joe Staley;Kendrick Bourne;C.J. Beathard;Mike Person;Erik Magnuson;Marquise Goodwin;George Kittle;Laken Tomlinson,00-0029585;00-0031262;00-0032761;00-0027943;00-0032127;00-0033875;00-0024421;00-0032131;00-0028278;00-0033890;00-0031366,Chandler Jones;Bene' Benwikere;Robert Nkemdiche;Patrick Peterson;Markus Golden;Haason Reddick;Antoine Bethea;Rodney Gunter;Josh Bynes;Budda Baker;Deone Bucannon
2018_08_SF_ARI,79,run,6.0,82.0,76.0,44.0,14:17,13:33,,0.0,0.0,2.0,12.0,"4 DL, 2 LB, 5 DB",;;;;;;;;;;,11,6,,,,,00-0029892;00-0033308;00-0034847;00-0025415;00-0033936;00-0033307;00-0028177;00-0030068;00-0033317;00-0033288;00-0032234,Kyle Juszczyk;Matt Breida;Mike McGlinchey;Joe Staley;C.J. Beathard;Kendrick Bourne;Mike Person;Marquise Goodwin;Erik Magnuson;George Kittle;Laken Tomlinson,00-0029585;00-0031262;00-0032761;00-0027943;00-0032127;00-0033875;00-0024421;00-0030484;00-0032131;00-0028278;00-0033890,Chandler Jones;Bene' Benwikere;Robert Nkemdiche;Patrick Peterson;Markus Golden;Haason Reddick;Antoine Bethea;Jamar Taylor;Rodney Gunter;Josh Bynes;Budda Baker
2018_08_SF_ARI,100,timeout,0.0,,,0.0,13:33,13:33,SF,0.0,0.0,,0.0,,,0,,,,,,,,,
2018_08_SF_ARI,117,pass,-8.0,76.0,84.0,35.0,13:33,12:58,,0.0,0.0,3.0,6.0,"4 DL, 2 LB, 5 DB",;;;;;;;;;;,11,6,4,,,,00-0029892;00-0034847;00-0025415;00-0033936;00-0033307;00-0028177;00-0030068;00-0033317;00-0033288;00-0033292;00-0032234,Kyle Juszczyk;Mike McGlinchey;Joe Staley;C.J. Beathard;Kendrick Bourne;Mike Person;Marquise Goodwin;Erik Magnuson;George Kittle;Trent Taylor;Laken Tomlinson,00-0029585;00-0031262;00-0032761;00-0027943;00-0032127;00-0033875;00-0024421;00-0030484;00-0032131;00-0028278;00-0033890,Chandler Jones;Bene' Benwikere;Robert Nkemdiche;Patrick Peterson;Markus Golden;Haason Reddick;Antoine Bethea;Jamar Taylor;Rodney Gunter;Josh Bynes;Budda Baker
2018_08_SF_ARI,136,punt,0.0,84.0,84.0,8.0,12:58,12:50,,0.0,0.0,4.0,14.0,,;;;;;;;;;;,11,,,,,,00-0029892;00-0032057;00-0032065;00-0028903;00-0028374;00-0031267;00-0031687;00-0031961;00-0033973;00-0031175;00-0034263,Kyle Juszczyk;Jaquiski Tartt;Bradley Pinion;Garrett Celek;Kyle Nelson;Antone Exum;Raheem Mostert;Mark Nzeocha;Elijah Lee;Cassius Marsh;Tarvarius Moore,00-0034490;00-0029520;00-0032809;00-0031262;00-0034775;00-0029068;00-0032769;00-0034473;00-0033792;00-0030385;00-0031884,Ezekiel Turner;Eddie Pleasant;Joe Walker;Bene' Benwikere;Christian Kirk;Derrick Coleman;Brandon Williams;Dennis Gardeck;Rudy Ford;Gerald Hodges;Gabe Holmes
2018_08_SF_ARI,155,run,0.0,64.0,64.0,42.0,12:50,12:08,,0.0,0.0,1.0,10.0,"4 DL, 2 LB, 5 DB",;;;;;;;;;;,11,7,,,,,00-0029762;00-0034785;00-0033933;00-0026982;00-0034775;00-0032222;00-0033611;00-0022921;00-0034343;00-0032187;00-0027869,John Wetzel;Mason Cole;Chad Williams;Andre Smith;Christian Kirk;D.J. Humphries;Ricky Seals-Jones;Larry Fitzgerald;Josh Rosen;David Johnson;Mike Iupati,00-0032057;00-0033870;00-0033783;00-0033887;00-0032164;00-0032378;00-0027684;00-0034815;00-0028092;00-0031253;00-0031298,Jaquiski Tartt;Solomon Thomas;Ahkello Witherspoon;Reuben Foster;Arik Armstead;DeForest Buckner;Earl Mitchell;Fred Warner;Richard Sherman;K'Waun Williams;Jimmie Ward
2018_08_SF_ARI,176,pass,0.0,64.0,64.0,4.0,12:08,12:04,,0.0,0.0,2.0,10.0,"4 DL, 2 LB, 5 DB",;;;;;;;;;;,11,7,5,MAN_COVERAGE,COVER_1,False,00-0029762;00-0034785;00-0033933;00-0026982;00-0034775;00-0032222;00-0033611;00-0022921;00-0034343;00-0032187;00-0027869,John Wetzel;Mason Cole;Chad Williams;Andre Smith;Christian Kirk;D.J. Humphries;Ricky Seals-Jones;Larry Fitzgerald;Josh Rosen;David Johnson;Mike Iupati,00-0032057;00-0033870;00-0033783;00-0033887;00-0032378;00-0034815;00-0032413;00-0028092;00-0031253;00-0031175;00-0031298,Jaquiski Tartt;Solomon Thomas;Ahkello Witherspoon;Reuben Foster;DeForest Buckner;Fred Warner;Ronald Blair;Richard Sherman;K'Waun Williams;Cassius Marsh;Jimmie Ward
2018_08_SF_ARI,198,pass,-1.0,64.0,65.0,39.0,12:04,11:25,,0.0,0.0,3.0,10.0,"3 DL, 3 LB, 5 DB",;;;;;;;;;;,11,7,5,ZONE_COVERAGE,COVER_3,False,00-0029762;00-0034785;00-0033933;00-0026982;00-0034775;00-0032222;00-0033611;00-0022921;00-0034343;00-0032187;00-0027869,John Wetzel;Mason Cole;Chad Williams;Andre Smith;Christian Kirk;D.J. Humphries;Ricky Seals-Jones;Larry Fitzgerald;Josh Rosen;David Johnson;Mike Iupati,00-0032057;00-0028180;00-0033783;00-0033887;00-0032164;00-0032378;00-0034815;00-0028092;00-0031253;00-0031175;00-0031298,Jaquiski Tartt;Malcolm Smith;Ahkello Witherspoon;Reuben Foster;Arik Armstead;DeForest Buckner;Fred Warner;Richard Sherman;K'Waun Williams;Cassius Marsh;Jimmie Ward
2018_08_SF_ARI,222,punt,0.0,65.0,65.0,11.0,11:25,11:14,,0.0,0.0,4.0,11.0,,;;;;;;;;;;,11,,,,,,00-0034681;00-0034490;00-0032809;00-0022824;00-0028946;00-0029068;00-0032769;00-0034473;00-0033875;00-0033792;00-0030385,Chase Edmonds;Ezekiel Turner;Joe Walker;Andy Lee;Aaron Brewer;Derrick Coleman;Brandon Williams;Dennis Gardeck;Haason Reddick;Rudy Ford;Gerald Hodges,00-0034073;00-0031687;00-0031267;00-0032479;00-0031961;00-0033783;00-0033973;00-0034384;00-0031175;00-0034263;00-0034286,Ross Dwelley;Raheem Mostert;Antone Exum;Tyvis Powell;Mark Nzeocha;Ahkello Witherspoon;Elijah Lee;D.J. Reed;Cassius Marsh;Tarvarius Moore;Richie James
2018_08_SF_ARI,269,pass,8.0,75.0,67.0,31.0,11:14,10:43,,0.0,0.0,1.0,10.0,"4 DL, 3 LB, 4 DB",;;;;;;;;;;,11,7,5,ZONE_COVERAGE,COVER_3,False,00-0029892;00-0033308;00-0034847;00-0025415;00-0033936;00-0033307;00-0028177;00-0030068;00-0033317;00-0033288;00-0032234,Kyle Juszczyk;Matt Breida;Mike McGlinchey;Joe Staley;C.J. Beathard;Kendrick Bourne;Mike Person;Marquise Goodwin;Erik Magnuson;George Kittle;Laken Tomlinson,00-0029585;00-0031262;00-0032761;00-0027943;00-0033875;00-0024421;00-0032131;00-0028278;00-0033890;00-0030380;00-0031366,Chandler Jones;Bene' Benwikere;Robert Nkemdiche;Patrick Peterson;Haason Reddick;Antoine Bethea;Rodney Gunter;Josh Bynes;Budda Baker;Benson Mayowa;Deone Bucannon
2018_08_SF_ARI,298,pass,3.0,67.0,64.0,38.0,10:43,10:05,,0.0,0.0,2.0,2.0,"4 DL, 3 LB, 4 DB",;;;;;;;;;;,11,7,3,MAN_COVERAGE,COVER_1,False,00-0029892;00-0033308;00-0034847;00-0025415;00-0033936;00-0033307;00-0028177;00-0030068;00-0033317;00-0033288;00-0032234,Kyle Juszczyk;Matt Breida;Mike McGlinchey;Joe Staley;C.J. Beathard;Kendrick Bourne;Mike Person;Marquise Goodwin;Erik Magnuson;George Kittle;Laken Tomlinson,00-0029585;00-0031262;00-0032761;00-0027943;00-0033875;00-0024421;00-0032131;00-0028278;00-0033890;00-0030380;00-0031366,Chandler Jones;Bene' Benwikere;Robert Nkemdiche;Patrick Peterson;Haason Reddick;Antoine Bethea;Rodney Gunter;Josh Bynes;Budda Baker;Benson Mayowa;Deone Bucannon
2018_08_SF_ARI,322,run,3.0,64.0,61.0,41.0,10:05,9:24,,0.0,0.0,1.0,10.0,"4 DL, 2 LB, 5 DB",;;;;;;;;;;,11,8,,,,,00-0033308;00-0034847;00-0028903;00-0025415;00-0033936;00-0033307;00-0028177;00-0033317;00-0030068;00-0033288;00-0032234,Matt Breida;Mike McGlinchey;Garrett Celek;Joe Staley;C.J. Beathard;Kendrick Bourne;Mike Person;Erik Magnuson;Marquise Goodwin;George Kittle;Laken Tomlinson,00-0029585;00-0031262;00-0032761;00-0027943;00-0033875;00-0024421;00-0030484;00-0032131;00-0028278;00-0033890;00-0030380,Chandler Jones;Bene' Benwikere;Robert Nkemdiche;Patrick Peterson;Haason Reddick;Antoine Bethea;Jamar Taylor;Rodney Gunter;Josh Bynes;Budda Baker;Benson Mayowa
2018_08_SF_ARI,343,run,1.0,61.0,60.0,48.0,9:24,8:36,,0.0,0.0,2.0,7.0,"4 DL, 3 LB, 4 DB",;;;;;;;;;;,11,7,4,,,,00-0029892;00-0034847;00-0025415;00-0033936;00-0033307;00-0028177;00-0029141;00-0033317;00-0030068;00-0033288;00-0032234,Kyle Juszczyk;Mike McGlinchey;Joe Staley;C.J. Beathard;Kendrick Bourne;Mike Person;Alfred Morris;Erik Magnuson;Marquise Goodwin;George Kittle;Laken Tomlinson,00-0029585;00-0031262;00-0032761;00-0027943;00-0033875;00-0024421;00-0032131;00-0028278;00-0033890;00-0030380;00-0031366,Chandler Jones;Bene' Benwikere;Robert Nkemdiche;Patrick Peterson;Haason Reddick;Antoine Bethea;Rodney Gunter;Josh Bynes;Budda Baker;Benson Mayowa;Deone Bucannon
2018_08_SF_ARI,364,no_play,0.0,60.0,60.0,18.0,8:36,8:18,,0.0,0.0,3.0,6.0,"4 DL, 2 LB, 5 DB",;;;;;;;;;;,11,7,,,,,00-0029892;00-0034847;00-0025415;00-0033936;00-0033307;00-0028177;00-0030068;00-0033317;00-0033288;00-0033292;00-0032234,Kyle Juszczyk;Mike McGlinchey;Joe Staley;C.J. Beathard;Kendrick Bourne;Mike Person;Marquise Goodwin;Erik Magnuson;George Kittle;Trent Taylor;Laken Tomlinson,00-0029585;00-0031262;00-0032761;00-0027943;00-0033875;00-0024421;00-0030484;00-0032131;00-0028278;00-0033890;00-0030380,Chandler Jones;Bene' Benwikere;Robert Nkemdiche;Patrick Peterson;Haason Reddick;Antoine Bethea;Jamar Taylor;Rodney Gunter;Josh Bynes;Budda Baker;Benson Mayowa
2018_08_SF_ARI,394,run,4.0,55.0,51.0,43.0,8:18,7:35,,0.0,0.0,3.0,1.0,"4 DL, 3 LB, 4 DB",;;;;;;;;;;,11,8,,,,,00-0029892;00-0033308;00-0034847;00-0028903;00-0025415;00-0033936;00-0028177;00-0030068;00-0033317;00-0033288;00-0032234,Kyle Juszczyk;Matt Breida;Mike McGlinchey;Garrett Celek;Joe Staley;C.J. Beathard;Mike Person;Marquise Goodwin;Erik Magnuson;George Kittle;Laken Tomlinson,00-0029585;00-0031914;00-0031262;00-0032761;00-0027943;00-0033875;00-0024421;00-0028278;00-0033890;00-0030380;00-0031366,Chandler Jones;Olsen Pierre;Bene' Benwikere;Robert Nkemdiche;Patrick Peterson;Haason Reddick;Antoine Bethea;Josh Bynes;Budda Baker;Benson Mayowa;Deone Bucannon
2018_08_SF_ARI,415,no_play,0.0,51.0,51.0,27.0,7:35,7:08,,0.0,0.0,1.0,10.0,"4 DL, 3 LB, 4 DB",;;;;;;;;;;,11,,,,,,00-0029892;00-0033308;00-0034847;00-0025415;00-0033307;00-0033936;00-0033306;00-0028177;00-0033317;00-0033288;00-0032234,Kyle Juszczyk;Matt Breida;Mike McGlinchey;Joe Staley;Kendrick Bourne;C.J. Beathard;Victor Bolden;Mike Person;Erik Magnuson;George Kittle;Laken Tomlinson,00-0029585;00-0031262;00-0031914;00-0032761;00-0027943;00-0033875;00-0024421;00-0028278;00-0033890;00-0030380;00-0031366,Chandler Jones;Bene' Benwikere;Olsen Pierre;Robert Nkemdiche;Patrick Peterson;Haason Reddick;Antoine Bethea;Josh Bynes;Budda Baker;Benson Mayowa;Deone Bucannon
2018_08_SF_ARI,438,run,10.0,56.0,46.0,37.0,7:08,6:31,,0.0,0.0,1.0,15.0,"4 DL, 3 LB, 4 DB",;;;;;;;;;;,11,6,,,,,00-0029892;00-0033308;00-0034847;00-0025415;00-0033307;00-0033936;00-0028177;00-0030068;00-0033317;00-0033288;00-0032234,Kyle Juszczyk;Matt Breida;Mike McGlinchey;Joe Staley;Kendrick Bourne;C.J. Beathard;Mike Person;Marquise Goodwin;Erik Magnuson;George Kittle;Laken Tomlinson,00-0029585;00-0031914;00-0031262;00-0032761;00-0027943;00-0033875;00-0024421;00-0028278;00-0033890;00-0030380;00-0031366,Chandler Jones;Olsen Pierre;Bene' Benwikere;Robert Nkemdiche;Patrick Peterson;Haason Reddick;Antoine Bethea;Josh Bynes;Budda Baker;Benson Mayowa;Deone Bucannon
2018_08_SF_ARI,459,run,9.0,46.0,37.0,28.0,6:31,6:03,,0.0,0.0,2.0,5.0,"4 DL, 3 LB, 4 DB",;;;;;;;;;;,11,7,,,,,00-0029892;00-0033308;00-0034847;00-0025415;00-0033936;00-0033307;00-0028177;00-0033317;00-0030068;00-0033288;00-0032234,Kyle Juszczyk;Matt Breida;Mike McGlinchey;Joe Staley;C.J. Beathard;Kendrick Bourne;Mike Person;Erik Magnuson;Marquise Goodwin;George Kittle;Laken Tomlinson,00-0029585;00-0031262;00-0031914;00-0027943;00-0032127;00-0033875;00-0024421;00-0032131;00-0028278;00-0033890;00-0031366,Chandler Jones;Bene' Benwikere;Olsen Pierre;Patrick Peterson;Markus Golden;Haason Reddick;Antoine Bethea;Rodney Gunter;Josh Bynes;Budda Baker;Deone Bucannon
2018_08_SF_ARI,480,pass,-9.0,37.0,46.0,43.0,6:03,5:20,,0.0,0.0,1.0,10.0,"4 DL, 3 LB, 4 DB",;;;;;;;;;;,11,8,5,,,,00-0029892;00-0033308;00-0034847;00-0028903;00-0025415;00-0033936;00-0028177;00-0030068;00-0033317;00-0033288;00-0032234,Kyle Juszczyk;Matt Breida;Mike McGlinchey;Garrett Celek;Joe Staley;C.J. Beathard;Mike Person;Marquise Goodwin;Erik Magnuson;George Kittle;Laken Tomlinson,00-0029585;00-0031914;00-0031262;00-0027943;00-0032127;00-0033875;00-0024421;00-0032131;00-0028278;00-0033890;00-0031366,Chandler Jones;Olsen Pierre;Bene' Benwikere;Patrick Peterson;Markus Golden;Haason Reddick;Antoine Bethea;Rodney Gunter;Josh Bynes;Budda Baker;Deone Bucannon
2018_08_SF_ARI,499,pass,0.0,46.0,46.0,4.0,5:20,5:16,,0.0,0.0,2.0,19.0,"4 DL, 2 LB, 5 DB",;;;;;;;;;;,11,5,4,ZONE_COVERAGE,COVER_4,False,00-0029892;00-0034847;00-0025415;00-0033936;00-0033307;00-0031687;00-0033306;00-0028177;00-0033317;00-0033288;00-0032234,Kyle Juszczyk;Mike McGlinchey;Joe Staley;C.J. Beathard;Kendrick Bourne;Raheem Mostert;Victor Bolden;Mike Person;Erik Magnuson;George Kittle;Laken Tomlinson,00-0029585;00-0031262;00-0031914;00-0027943;00-0032127;00-0033875;00-0024421;00-0030484;00-0032131;00-0028278;00-0033890,Chandler Jones;Bene' Benwikere;Olsen Pierre;Patrick Peterson;Markus Golden;Haason Reddick;Antoine Bethea;Jamar Taylor;Rodney Gunter;Josh Bynes;Budda Baker
2018_08_SF_ARI,521,pass,0.0,46.0,46.0,5.0,5:16,5:11,,0.0,0.0,3.0,19.0,"3 DL, 3 LB, 5 DB",;;;;;;;;;;,11,4,4,ZONE_COVERAGE,COVER_4,False,00-0034847;00-0025415;00-0033936;00-0033307;00-0031687;00-0028177;00-0033317;00-0030068;00-0033292;00-0033288;00-0032234,Mike McGlinchey;Joe Staley;C.J. Beathard;Kendrick Bourne;Raheem Mostert;Mike Person;Erik Magnuson;Marquise Goodwin;Trent Taylor;George Kittle;Laken Tomlinson,00-0029585;00-0031262;00-0027943;00-0032127;00-0033875;00-0024421;00-0030484;00-0032131;00-0028278;00-0033890;00-0031366,Chandler Jones;Bene' Benwikere;Patrick Peterson;Markus Golden;Haason Reddick;Antoine Bethea;Jamar Taylor;Rodney Gunter;Josh Bynes;Budda Baker;Deone Bucannon
2018_08_SF_ARI,543,punt,0.0,46.0,46.0,7.0,5:11,5:04,,0.0,0.0,4.0,19.0,,;;;;;;;;;;,11,,,,,,00-0029892;00-0032057;00-0032065;00-0028903;00-0028374;00-0031687;00-0031267;00-0031961;00-0033973;00-0031175;00-0034263,Kyle Juszczyk;Jaquiski Tartt;Bradley Pinion;Garrett Celek;Kyle Nelson;Raheem Mostert;Antone Exum;Mark Nzeocha;Elijah Lee;Cassius Marsh;Tarvarius Moore,00-0034490;00-0029520;00-0032809;00-0031262;00-0034775;00-0029068;00-0032769;00-0034473;00-0033792;00-0030385;00-0031884,Ezekiel Turner;Eddie Pleasant;Joe Walker;Bene' Benwikere;Christian Kirk;Derrick Coleman;Brandon Williams;Dennis Gardeck;Rudy Ford;Gerald Hodges;Gabe Holmes
2018_08_SF_ARI,579,pass,0.0,95.0,95.0,6.0,5:04,4:58,,0.0,0.0,1.0,10.0,"4 DL, 2 LB, 5 DB",;;;;;;;;;;,11,7,4,ZONE_COVERAGE,COVER_3,True,00-0029762;00-0034785;00-0026982;00-0034775;00-0027873;00-0032222;00-0032112;00-0022921;00-0032187;00-0034343;00-0027869,John Wetzel;Mason Cole;Andre Smith;Christian Kirk;Jermaine Gresham;D.J. Humphries;J.J. Nelson;Larry Fitzgerald;David Johnson;Josh Rosen;Mike Iupati,00-0032057;00-0033870;00-0033887;00-0033783;00-0033010;00-0027684;00-0034815;00-0032413;00-0028092;00-0031253;00-0031298,Jaquiski Tartt;Solomon Thomas;Reuben Foster;Ahkello Witherspoon;Sheldon Day;Earl Mitchell;Fred Warner;Ronald Blair;Richard Sherman;K'Waun Williams;Jimmie Ward
2018_08_SF_ARI,601,run,3.0,95.0,92.0,41.0,4:58,4:17,,0.0,0.0,2.0,10.0,"4 DL, 3 LB, 4 DB",;;;;;;;;;;,11,8,,,,,00-0029762;00-0034785;00-0026982;00-0027873;00-0032222;00-0033611;00-0031884;00-0022921;00-0034343;00-0032187;00-0027869,John Wetzel;Mason Cole;Andre Smith;Jermaine Gresham;D.J. Humphries;Ricky Seals-Jones;Gabe Holmes;Larry Fitzgerald;Josh Rosen;David Johnson;Mike Iupati,00-0032057;00-0033870;00-0028180;00-0033887;00-0033783;00-0032378;00-0033010;00-0034815;00-0028092;00-0032413;00-0031298,Jaquiski Tartt;Solomon Thomas;Malcolm Smith;Reuben Foster;Ahkello Witherspoon;DeForest Buckner;Sheldon Day;Fred Warner;Richard Sherman;Ronald Blair;Jimmie Ward
2018_08_SF_ARI,622,pass,0.0,92.0,92.0,10.0,4:17,4:07,,0.0,2.0,3.0,7.0,"4 DL, 2 LB, 5 DB",;;;;;;;;;;,11,6,4,ZONE_COVERAGE,COVER_2,True,00-0029762;00-0034785;00-0033933;00-0026982;00-0034775;00-0032222;00-0033611;00-0022921;00-0032187;00-0034343;00-0027869,John Wetzel;Mason Cole;Chad Williams;Andre Smith;Christian Kirk;D.J. Humphries;Ricky Seals-Jones;Larry Fitzgerald;David Johnson;Josh Rosen;Mike Iupati,00-0032057;00-0033870;00-0033783;00-0033887;00-0032378;00-0034815;00-0032413;00-0028092;00-0031253;00-0031175;00-0031298,Jaquiski Tartt;Solomon Thomas;Ahkello Witherspoon;Reuben Foster;DeForest Buckner;Fred Warner;Ronald Blair;Richard Sherman;K'Waun Williams;Cassius Marsh;Jimmie Ward
2018_08_SF_ARI,686,kickoff,0.0,20.0,20.0,7.0,4:07,4:00,,0.0,2.0,,0.0,,;;;;;;;;;;,11,,,,,,00-0034490;00-0029520;00-0022824;00-0032809;00-0029068;00-0032769;00-0034473;00-0033792;00-0030385;00-0033890;00-0031366,Ezekiel Turner;Eddie Pleasant;Andy Lee;Joe Walker;Derrick Coleman;Brandon Williams;Dennis Gardeck;Rudy Ford;Gerald Hodges;Budda Baker;Deone Bucannon,00-0034073;00-0033307;00-0031687;00-0031267;00-0032479;00-0028180;00-0031961;00-0033973;00-0034263;00-0033292;00-0034286,Ross Dwelley;Kendrick Bourne;Raheem Mostert;Antone Exum;Tyvis Powell;Malcolm Smith;Mark Nzeocha;Elijah Lee;Tarvarius Moore;Trent Taylor;Richie James
2018_08_SF_ARI,724,run,2.0,57.0,55.0,35.0,4:00,3:25,,0.0,2.0,1.0,10.0,"4 DL, 3 LB, 4 DB",;;;;;;;;;;,11,6,,,,,00-0029892;00-0033308;00-0034847;00-0025415;00-0033936;00-0033307;00-0028177;00-0030068;00-0033317;00-0033288;00-0032234,Kyle Juszczyk;Matt Breida;Mike McGlinchey;Joe Staley;C.J. Beathard;Kendrick Bourne;Mike Person;Marquise Goodwin;Erik Magnuson;George Kittle;Laken Tomlinson,00-0031262;00-0032761;00-0031081;00-0027943;00-0032127;00-0033875;00-0024421;00-0032131;00-0028278;00-0033890;00-0031366,Bene' Benwikere;Robert Nkemdiche;Zach Moore;Patrick Peterson;Markus Golden;Haason Reddick;Antoine Bethea;Rodney Gunter;Josh Bynes;Budda Baker;Deone Bucannon
2018_08_SF_ARI,745,run,6.0,55.0,49.0,45.0,3:25,2:40,,0.0,2.0,2.0,8.0,"4 DL, 3 LB, 4 DB",;;;;;;;;;;,11,7,,,,,00-0029892;00-0033308;00-0034847;00-0025415;00-0033936;00-0033307;00-0028177;00-0030068;00-0033317;00-0033288;00-0032234,Kyle Juszczyk;Matt Breida;Mike McGlinchey;Joe Staley;C.J. Beathard;Kendrick Bourne;Mike Person;Marquise Goodwin;Erik Magnuson;George Kittle;Laken Tomlinson,00-0031262;00-0032761;00-0031081;00-0027943;00-0032127;00-0033875;00-0024421;00-0032131;00-0028278;00-0033890;00-0031366,Bene' Benwikere;Robert Nkemdiche;Zach Moore;Patrick Peterson;Markus Golden;Haason Reddick;Antoine Bethea;Rodney Gunter;Josh Bynes;Budda Baker;Deone Bucannon
2018_08_SF_ARI,766,pass,-5.0,49.0,54.0,37.0,2:40,2:03,,0.0,2.0,3.0,2.0,"4 DL, 2 LB, 5 DB",;;;;;;;;;;,11,7,4,,,,00-0034847;00-0025415;00-0033936;00-0033307;00-0031687;00-0028177;00-0033317;00-0030068;00-0033292;00-0033288;00-0032234,Mike McGlinchey;Joe Staley;C.J. Beathard;Kendrick Bourne;Raheem Mostert;Mike Person;Erik Magnuson;Marquise Goodwin;Trent Taylor;George Kittle;Laken Tomlinson,00-0031262;00-0032761;00-0031081;00-0027943;00-0032127;00-0033875;00-0024421;00-0030484;00-0032131;00-0028278;00-0033890,Bene' Benwikere;Robert Nkemdiche;Zach Moore;Patrick Peterson;Markus Golden;Haason Reddick;Antoine Bethea;Jamar Taylor;Rodney Gunter;Josh Bynes;Budda Baker
2018_08_SF_ARI,785,punt,0.0,54.0,54.0,7.0,2:03,1:56,,0.0,2.0,4.0,7.0,,;;;;;;;;;;,11,,,,,,00-0029892;00-0032065;00-0032057;00-0028903;00-0028374;00-0031267;00-0032479;00-0031961;00-0033973;00-0031175;00-0034263,Kyle Juszczyk;Bradley Pinion;Jaquiski Tartt;Garrett Celek;Kyle Nelson;Antone Exum;Tyvis Powell;Mark Nzeocha;Elijah Lee;Cassius Marsh;Tarvarius Moore,00-0034490;00-0029520;00-0032809;00-0031262;00-0034775;00-0029068;00-0032769;00-0034473;00-0033792;00-0030385;00-0031884,Ezekiel Turner;Eddie Pleasant;Joe Walker;Bene' Benwikere;Christian Kirk;Derrick Coleman;Brandon Williams;Dennis Gardeck;Rudy Ford;Gerald Hodges;Gabe Holmes
2018_08_SF_ARI,821,no_play,0.0,91.0,91.0,0.0,1:56,1:56,,0.0,2.0,1.0,10.0,"4 DL, 3 LB, 4 DB",;;;;;;;;;;,11,,,,,,00-0029762;00-0034785;00-0026982;00-0034775;00-0027873;00-0032222;00-0033611;00-0022921;00-0034343;00-0032187;00-0027869,John Wetzel;Mason Cole;Andre Smith;Christian Kirk;Jermaine Gresham;D.J. Humphries;Ricky Seals-Jones;Larry Fitzgerald;Josh Rosen;David Johnson;Mike Iupati,00-0032057;00-0033870;00-0028180;00-0033783;00-0033887;00-0032164;00-0032378;00-0027684;00-0034815;00-0028092;00-0031298,Jaquiski Tartt;Solomon Thomas;Malcolm Smith;Ahkello Witherspoon;Reuben Foster;Arik Armstead;DeForest Buckner;Earl Mitchell;Fred Warner;Richard Sherman;Jimmie Ward
2018_08_SF_ARI,844,run,7.0,95.0,88.0,34.0,1:56,1:22,,0.0,2.0,1.0,14.0,"4 DL, 3 LB, 4 DB",;;;;;;;;;;,11,8,,,,,00-0029762;00-0034785;00-0026982;00-0034775;00-0027873;00-0032222;00-0033611;00-0022921;00-0034343;00-0032187;00-0027869,John Wetzel;Mason Cole;Andre Smith;Christian Kirk;Jermaine Gresham;D.J. Humphries;Ricky Seals-Jones;Larry Fitzgerald;Josh Rosen;David Johnson;Mike Iupati,00-0032057;00-0033870;00-0028180;00-0033887;00-0033783;00-0032164;00-0032378;00-0027684;00-0034815;00-0028092;00-0031298,Jaquiski Tartt;Solomon Thomas;Malcolm Smith;Reuben Foster;Ahkello Witherspoon;Arik Armstead;DeForest Buckner;Earl Mitchell;Fred Warner;Richard Sherman;Jimmie Ward
2018_08_SF_ARI,865,run,8.0,88.0,80.0,39.0,1:22,0:43,,0.0,2.0,2.0,7.0,"4 DL, 2 LB, 5 DB",;;;;;;;;;;,11,6,,,,,00-0029762;00-0034785;00-0026982;00-0034775;00-0027873;00-0032222;00-0032112;00-0022921;00-0034343;00-0032187;00-0027869,John Wetzel;Mason Cole;Andre Smith;Christian Kirk;Jermaine Gresham;D.J. Humphries;J.J. Nelson;Larry Fitzgerald;Josh Rosen;David Johnson;Mike Iupati,00-0032057;00-0033887;00-0033783;00-0032164;00-0032378;00-0027684;00-0034815;00-0028092;00-0031253;00-0031175;00-0031298,Jaquiski Tartt;Reuben Foster;Ahkello Witherspoon;Arik Armstead;DeForest Buckner;Earl Mitchell;Fred Warner;Richard Sherman;K'Waun Williams;Cassius Marsh;Jimmie Ward
2018_08_SF_ARI,886,pass,12.0,80.0,68.0,43.0,0:43,0:00,,0.0,2.0,1.0,10.0,"4 DL, 3 LB, 4 DB",;;;;;;;;;;,11,8,4,ZONE_COVERAGE,COVER_3,False,00-0034681;00-0029762;00-0034785;00-0033933;00-0026982;00-0027873;00-0032222;00-0033611;00-0022921;00-0034343;00-0027869,Chase Edmonds;John Wetzel;Mason Cole;Chad Williams;Andre Smith;Jermaine Gresham;D.J. Humphries;Ricky Seals-Jones;Larry Fitzgerald;Josh Rosen;Mike Iupati,00-0032057;00-0033870;00-0028180;00-0033783;00-0033887;00-0032164;00-0032378;00-0027684;00-0034815;00-0028092;00-0031298,Jaquiski Tartt;Solomon Thomas;Malcolm Smith;Ahkello Witherspoon;Reuben Foster;Arik Armstead;DeForest Buckner;Earl Mitchell;Fred Warner;Richard Sherman;Jimmie Ward
2018_08_SF_ARI,915,start_quarter_2,,,,0.0,0:00,0:00,,0.0,2.0,,0.0,,,0,,,,,,,,,
2018_08_SF_ARI,932,pass,0.0,68.0,68.0,42.0,15:00,14:18,,0.0,2.0,1.0,10.0,"4 DL, 2 LB, 5 DB",;;;;;;;;;;,11,7,4,ZONE_COVERAGE,COVER_3,False,00-0029762;00-0034785;00-0033933;00-0026982;00-0034775;00-0027873;00-0032222;00-0022921;00-0034343;00-0032187;00-0027869,John Wetzel;Mason Cole;Chad Williams;Andre Smith;Christian Kirk;Jermaine Gresham;D.J. Humphries;Larry Fitzgerald;Josh Rosen;David Johnson;Mike Iupati,00-0032057;00-0033870;00-0033887;00-0033783;00-0032378;00-0033010;00-0034815;00-0032413;00-0028092;00-0031253;00-0031298,Jaquiski Tartt;Solomon Thomas;Reuben Foster;Ahkello Witherspoon;DeForest Buckner;Sheldon Day;Fred Warner;Ronald Blair;Richard Sherman;K'Waun Williams;Jimmie Ward
2018_08_SF_ARI,956,run,3.0,68.0,65.0,40.0,14:18,13:38,,0.0,2.0,2.0,10.0,"4 DL, 2 LB, 5 DB",;;;;;;;;;;,11,7,,,,,00-0029762;00-0034785;00-0033933;00-0026982;00-0034775;00-0032222;00-0033611;00-0022921;00-0034343;00-0032187;00-0027869,John Wetzel;Mason Cole;Chad Williams;Andre Smith;Christian Kirk;D.J. Humphries;Ricky Seals-Jones;Larry Fitzgerald;Josh Rosen;David Johnson;Mike Iupati,00-0032057;00-0033870;00-0033783;00-0033887;00-0032378;00-0033010;00-0034815;00-0032413;00-0028092;00-0031253;00-0031298,Jaquiski Tartt;Solomon Thomas;Ahkello Witherspoon;Reuben Foster;DeForest Buckner;Sheldon Day;Fred Warner;Ronald Blair;Richard Sherman;K'Waun Williams;Jimmie Ward
2018_08_SF_ARI,977,no_play,0.0,65.0,65.0,6.0,13:38,13:32,,0.0,2.0,3.0,7.0,"4 DL, 2 LB, 5 DB",;;;;;;;;;;,11,6,,,,,00-0029762;00-0034785;00-0033933;00-0026982;00-0032222;00-0032112;00-0033611;00-0022921;00-0034343;00-0032187;00-0027869,John Wetzel;Mason Cole;Chad Williams;Andre Smith;D.J. Humphries;J.J. Nelson;Ricky Seals-Jones;Larry Fitzgerald;Josh Rosen;David Johnson;Mike Iupati,00-0032057;00-0033870;00-0033783;00-0033887;00-0032378;00-0034815;00-0032413;00-0028092;00-0031253;00-0031175;00-0031298,Jaquiski Tartt;Solomon Thomas;Ahkello Witherspoon;Reuben Foster;DeForest Buckner;Fred Warner;Ronald Blair;Richard Sherman;K'Waun Williams;Cassius Marsh;Jimmie Ward
2018_08_SF_ARI,1010,pass,14.0,39.0,25.0,46.0,13:32,12:46,,0.0,2.0,1.0,10.0,"4 DL, 2 LB, 5 DB",;;;;;;;;;;,11,7,7,MAN_COVERAGE,COVER_1,False,00-0029762;00-0034785;00-0033933;00-0026982;00-0034775;00-0027873;00-0032222;00-0022921;00-0034343;00-0032187;00-0027869,John Wetzel;Mason Cole;Chad Williams;Andre Smith;Christian Kirk;Jermaine Gresham;D.J. Humphries;Larry Fitzgerald;Josh Rosen;David Johnson;Mike Iupati,00-0032057;00-0033887;00-0033783;00-0032164;00-0033010;00-0027684;00-0034815;00-0028092;00-0031253;00-0031175;00-0031298,Jaquiski Tartt;Reuben Foster;Ahkello Witherspoon;Arik Armstead;Sheldon Day;Earl Mitchell;Fred Warner;Richard Sherman;K'Waun Williams;Cassius Marsh;Jimmie Ward
2018_08_SF_ARI,1034,pass,-3.0,25.0,28.0,41.0,12:46,12:05,,0.0,2.0,1.0,10.0,"4 DL, 3 LB, 4 DB",;;;;;;;;;;,11,8,4,,,,00-0029762;00-0034785;00-0026982;00-0027873;00-0029068;00-0032222;00-0033611;00-0022921;00-0034343;00-0032187;00-0027869,John Wetzel;Mason Cole;Andre Smith;Jermaine Gresham;Derrick Coleman;D.J. Humphries;Ricky Seals-Jones;Larry Fitzgerald;Josh Rosen;David Johnson;Mike Iupati,00-0032057;00-0028180;00-0033783;00-0033887;00-0032164;00-0033010;00-0027684;00-0034815;00-0032413;00-0028092;00-0031298,Jaquiski Tartt;Malcolm Smith;Ahkello Witherspoon;Reuben Foster;Arik Armstead;Sheldon Day;Earl Mitchell;Fred Warner;Ronald Blair;Richard Sherman;Jimmie Ward
2018_08_SF_ARI,1053,pass,15.0,28.0,13.0,48.0,12:05,11:17,,0.0,2.0,2.0,13.0,"4 DL, 2 LB, 5 DB",;;;;;;;;;;,11,5,4,ZONE_COVERAGE,COVER_3,False,00-0029762;00-0034785;00-0033933;00-0026982;00-0034775;00-0032222;00-0033611;00-0022921;00-0032187;00-0034343;00-0027869,John Wetzel;Mason Cole;Chad Williams;Andre Smith;Christian Kirk;D.J. Humphries;Ricky Seals-Jones;Larry Fitzgerald;David Johnson;Josh Rosen;Mike Iupati,00-0032057;00-0033870;00-0033887;00-0033783;00-0032378;00-0034815;00-0032413;00-0028092;00-0031253;00-0031175;00-0031298,Jaquiski Tartt;Solomon Thomas;Reuben Foster;Ahkello Witherspoon;DeForest Buckner;Fred Warner;Ronald Blair;Richard Sherman;K'Waun Williams;Cassius Marsh;Jimmie Ward
2018_08_SF_ARI,1077,pass,5.0,13.0,8.0,38.0,11:17,10:39,,0.0,2.0,1.0,10.0,"4 DL, 2 LB, 5 DB",;;;;;;;;;;,11,6,4,ZONE_COVERAGE,COVER_3,False,00-0029762;00-0034785;00-0033933;00-0026982;00-0034775;00-0032222;00-0033611;00-0022921;00-0034343;00-0032187;00-0027869,John Wetzel;Mason Cole;Chad Williams;Andre Smith;Christian Kirk;D.J. Humphries;Ricky Seals-Jones;Larry Fitzgerald;Josh Rosen;David Johnson;Mike Iupati,00-0031267;00-0033783;00-0033887;00-0032164;00-0032378;00-0027684;00-0034815;00-0028092;00-0031253;00-0031175;00-0031298,Antone Exum;Ahkello Witherspoon;Reuben Foster;Arik Armstead;DeForest Buckner;Earl Mitchell;Fred Warner;Richard Sherman;K'Waun Williams;Cassius Marsh;Jimmie Ward
2018_08_SF_ARI,1101,pass,0.0,8.0,8.0,5.0,10:39,10:34,,0.0,2.0,2.0,5.0,"4 DL, 3 LB, 4 DB",;;;;;;;;;;,11,7,4,ZONE_COVERAGE,COVER_2,False,00-0029762;00-0034785;00-0033933;00-0026982;00-0027873;00-0032222;00-0033611;00-0022921;00-0034343;00-0032187;00-0027869,John Wetzel;Mason Cole;Chad Williams;Andre Smith;Jermaine Gresham;D.J. Humphries;Ricky Seals-Jones;Larry Fitzgerald;Josh Rosen;David Johnson;Mike Iupati,00-0032057;00-0033870;00-0028180;00-0033783;00-0033887;00-0032164;00-0032378;00-0027684;00-0034815;00-0028092;00-0031298,Jaquiski Tartt;Solomon Thomas;Malcolm Smith;Ahkello Witherspoon;Reuben Foster;Arik Armstead;DeForest Buckner;Earl Mitchell;Fred Warner;Richard Sherman;Jimmie Ward
2018_08_SF_ARI,1123,pass,0.0,8.0,8.0,7.0,10:34,10:27,,0.0,2.0,3.0,5.0,"4 DL, 2 LB, 5 DB",;;;;;;;;;;,11,6,4,ZONE_COVERAGE,COVER_4,True,00-0029762;00-0034785;00-0033933;00-0026982;00-0034775;00-0032222;00-0033611;00-0022921;00-0032187;00-0034343;00-0027869,John Wetzel;Mason Cole;Chad Williams;Andre Smith;Christian Kirk;D.J. Humphries;Ricky Seals-Jones;Larry Fitzgerald;David Johnson;Josh Rosen;Mike Iupati,00-0032057;00-0033870;00-0033783;00-0033887;00-0032378;00-0034815;00-0032413;00-0028092;00-0031253;00-0031175;00-0031298,Jaquiski Tartt;Solomon Thomas;Ahkello Witherspoon;Reuben Foster;DeForest Buckner;Fred Warner;Ronald Blair;Richard Sherman;K'Waun Williams;Cassius Marsh;Jimmie Ward
2018_08_SF_ARI,1145,no_play,0.0,8.0,8.0,0.0,10:27,10:27,,0.0,2.0,4.0,5.0,,;;;;;;;;;;,11,,,,,,00-0029762;00-0022824;00-0026982;00-0032192;00-0028946;00-0027873;00-0032222;00-0004091;00-0032131;00-0031884;00-0027869,John Wetzel;Andy Lee;Andre Smith;Daniel Munyer;Aaron Brewer;Jermaine Gresham;D.J. Humphries;Phil Dawson;Rodney Gunter;Gabe Holmes;Mike Iupati,00-0032057;00-0033870;00-0033783;00-0031961;00-0032378;00-0033973;00-0027684;00-0034815;00-0031175;00-0034263;00-0031298,Jaquiski Tartt;Solomon Thomas;Ahkello Witherspoon;Mark Nzeocha;DeForest Buckner;Elijah Lee;Earl Mitchell;Fred Warner;Cassius Marsh;Tarvarius Moore;Jimmie Ward
2018_08_SF_ARI,1186,field_goal,0.0,13.0,13.0,4.0,10:27,10:23,,3.0,2.0,4.0,10.0,,;;;;;;;;;;,11,,,,,,00-0029762;00-0022824;00-0026982;00-0032192;00-0028946;00-0027873;00-0032222;00-0004091;00-0032131;00-0031884;00-0027869,John Wetzel;Andy Lee;Andre Smith;Daniel Munyer;Aaron Brewer;Jermaine Gresham;D.J. Humphries;Phil Dawson;Rodney Gunter;Gabe Holmes;Mike Iupati,00-0032057;00-0033870;00-0031961;00-0033783;00-0032378;00-0033973;00-0027684;00-0034815;00-0031175;00-0034263;00-0031298,Jaquiski Tartt;Solomon Thomas;Mark Nzeocha;Ahkello Witherspoon;DeForest Buckner;Elijah Lee;Earl Mitchell;Fred Warner;Cassius Marsh;Tarvarius Moore;Jimmie Ward
2018_08_SF_ARI,1220,kickoff,0.0,35.0,35.0,0.0,10:23,10:23,,3.0,2.0,,0.0,,;;;;;;;;;;,11,,,,,,00-0034490;00-0029520;00-0032809;00-0029068;00-0032769;00-0034473;00-0004091;00-0033792;00-0030385;00-0033890;00-0031366,Ezekiel Turner;Eddie Pleasant;Joe Walker;Derrick Coleman;Brandon Williams;Dennis Gardeck;Phil Dawson;Rudy Ford;Gerald Hodges;Budda Baker;Deone Bucannon,00-0028903;00-0034073;00-0033307;00-0031687;00-0031267;00-0032479;00-0028180;00-0031961;00-0033973;00-0034263;00-0034286,Garrett Celek;Ross Dwelley;Kendrick Bourne;Raheem Mostert;Antone Exum;Tyvis Powell;Malcolm Smith;Mark Nzeocha;Elijah Lee;Tarvarius Moore;Richie James
2018_08_SF_ARI,1235,run,0.0,75.0,75.0,36.0,10:23,9:47,,3.0,2.0,1.0,10.0,"4 DL, 3 LB, 4 DB",;;;;;;;;;;,11,7,,,,,00-0029892;00-0034847;00-0034860;00-0025415;00-0033936;00-0028177;00-0029141;00-0030068;00-0033317;00-0033288;00-0032234,Kyle Juszczyk;Mike McGlinchey;Dante Pettis;Joe Staley;C.J. Beathard;Mike Person;Alfred Morris;Marquise Goodwin;Erik Magnuson;George Kittle;Laken Tomlinson,00-0029585;00-0031262;00-0032761;00-0027943;00-0033875;00-0024421;00-0032131;00-0028278;00-0033890;00-0030380;00-0031366,Chandler Jones;Bene' Benwikere;Robert Nkemdiche;Patrick Peterson;Haason Reddick;Antoine Bethea;Rodney Gunter;Josh Bynes;Budda Baker;Benson Mayowa;Deone Bucannon
2018_08_SF_ARI,1256,pass,20.0,75.0,55.0,40.0,9:47,9:07,,3.0,2.0,2.0,10.0,"4 DL, 2 LB, 5 DB",;;;;;;;;;;,11,8,4,ZONE_COVERAGE,COVER_3,False,00-0034847;00-0028903;00-0034860;00-0025415;00-0033936;00-0028177;00-0029141;00-0033317;00-0030068;00-0033288;00-0032234,Mike McGlinchey;Garrett Celek;Dante Pettis;Joe Staley;C.J. Beathard;Mike Person;Alfred Morris;Erik Magnuson;Marquise Goodwin;George Kittle;Laken Tomlinson,00-0029585;00-0031262;00-0032761;00-0027943;00-0033875;00-0024421;00-0030484;00-0032131;00-0028278;00-0033890;00-0030380,Chandler Jones;Bene' Benwikere;Robert Nkemdiche;Patrick Peterson;Haason Reddick;Antoine Bethea;Jamar Taylor;Rodney Gunter;Josh Bynes;Budda Baker;Benson Mayowa
2018_08_SF_ARI,1280,no_play,0.0,55.0,55.0,21.0,9:07,8:46,,3.0,2.0,1.0,10.0,"4 DL, 3 LB, 4 DB",;;;;;;;;;;,11,,,,,,00-0029892;00-0034847;00-0034860;00-0025415;00-0033936;00-0028177;00-0029141;00-0030068;00-0033317;00-0033288;00-0032234,Kyle Juszczyk;Mike McGlinchey;Dante Pettis;Joe Staley;C.J. Beathard;Mike Person;Alfred Morris;Marquise Goodwin;Erik Magnuson;George Kittle;Laken Tomlinson,00-0029585;00-0031262;00-0032761;00-0027943;00-0033875;00-0024421;00-0032131;00-0028278;00-0033890;00-0030380;00-0031366,Chandler Jones;Bene' Benwikere;Robert Nkemdiche;Patrick Peterson;Haason Reddick;Antoine Bethea;Rodney Gunter;Josh Bynes;Budda Baker;Benson Mayowa;Deone Bucannon
2018_08_SF_ARI,1303,pass,0.0,60.0,60.0,5.0,8:46,8:41,,3.0,2.0,1.0,15.0,"4 DL, 3 LB, 4 DB",;;;;;;;;;;,11,7,6,MAN_COVERAGE,COVER_1,True,00-0029892;00-0034847;00-0034860;00-0025415;00-0033936;00-0028177;00-0029141;00-0030068;00-0033317;00-0033288;00-0032234,Kyle Juszczyk;Mike McGlinchey;Dante Pettis;Joe Staley;C.J. Beathard;Mike Person;Alfred Morris;Marquise Goodwin;Erik Magnuson;George Kittle;Laken Tomlinson,00-0029585;00-0031262;00-0032761;00-0027943;00-0033875;00-0024421;00-0032131;00-0028278;00-0033890;00-0030380;00-0031366,Chandler Jones;Bene' Benwikere;Robert Nkemdiche;Patrick Peterson;Haason Reddick;Antoine Bethea;Rodney Gunter;Josh Bynes;Budda Baker;Benson Mayowa;Deone Bucannon
2018_08_SF_ARI,1325,run,3.0,60.0,57.0,41.0,8:41,8:00,,3.0,2.0,2.0,15.0,"4 DL, 2 LB, 5 DB",;;;;;;;;;;,11,6,4,,,,00-0029892;00-0034847;00-0025415;00-0033936;00-0033307;00-0033306;00-0028177;00-0029141;00-0033317;00-0033288;00-0032234,Kyle Juszczyk;Mike McGlinchey;Joe Staley;C.J. Beathard;Kendrick Bourne;Victor Bolden;Mike Person;Alfred Morris;Erik Magnuson;George Kittle;Laken Tomlinson,00-0029585;00-0031262;00-0032761;00-0027943;00-0033875;00-0024421;00-0030484;00-0032131;00-0028278;00-0033890;00-0030380,Chandler Jones;Bene' Benwikere;Robert Nkemdiche;Patrick Peterson;Haason Reddick;Antoine Bethea;Jamar Taylor;Rodney Gunter;Josh Bynes;Budda Baker;Benson Mayowa
2018_08_SF_ARI,1351,timeout,0.0,,,0.0,8:00,8:00,SF,3.0,2.0,,0.0,,,0,,,,,,,,,
2018_08_SF_ARI,1368,pass,0.0,57.0,57.0,6.0,8:00,7:54,,3.0,2.0,3.0,12.0,"4 DL, 2 LB, 5 DB",;;;;;;;;;;,11,7,6,ZONE_COVERAGE,COVER_3,False,00-0029892;00-0034847;00-0034860;00-0025415;00-0033936;00-0033307;00-0028177;00-0033317;00-0030068;00-0033288;00-0032234,Kyle Juszczyk;Mike McGlinchey;Dante Pettis;Joe Staley;C.J. Beathard;Kendrick Bourne;Mike Person;Erik Magnuson;Marquise Goodwin;George Kittle;Laken Tomlinson,00-0029585;00-0031262;00-0031914;00-0027943;00-0033875;00-0024421;00-0030484;00-0032131;00-0028278;00-0033890;00-0030380,Chandler Jones;Bene' Benwikere;Olsen Pierre;Patrick Peterson;Haason Reddick;Antoine Bethea;Jamar Taylor;Rodney Gunter;Josh Bynes;Budda Baker;Benson Mayowa
2018_08_SF_ARI,1390,punt,0.0,57.0,57.0,7.0,7:54,7:47,,3.0,2.0,4.0,12.0,,;;;;;;;;;;,11,,,,,,00-0029892;00-0032065;00-0032057;00-0028903;00-0028374;00-0031687;00-0031267;00-0031961;00-0033973;00-0031175;00-0034263,Kyle Juszczyk;Bradley Pinion;Jaquiski Tartt;Garrett Celek;Kyle Nelson;Raheem Mostert;Antone Exum;Mark Nzeocha;Elijah Lee;Cassius Marsh;Tarvarius Moore,00-0034490;00-0029520;00-0032809;00-0034775;00-0029068;00-0032769;00-0027943;00-0034473;00-0033792;00-0030385;00-0031884,Ezekiel Turner;Eddie Pleasant;Joe Walker;Christian Kirk;Derrick Coleman;Brandon Williams;Patrick Peterson;Dennis Gardeck;Rudy Ford;Gerald Hodges;Gabe Holmes
2018_08_SF_ARI,1408,run,5.0,79.0,74.0,37.0,7:47,7:10,,3.0,2.0,1.0,10.0,"4 DL, 3 LB, 4 DB",;;;;;;;;;;,11,8,,,,,00-0034681;00-0029762;00-0034785;00-0033933;00-0026982;00-0027873;00-0032222;00-0033611;00-0022921;00-0034343;00-0027869,Chase Edmonds;John Wetzel;Mason Cole;Chad Williams;Andre Smith;Jermaine Gresham;D.J. Humphries;Ricky Seals-Jones;Larry Fitzgerald;Josh Rosen;Mike Iupati,00-0032057;00-0033870;00-0028180;00-0033887;00-0033783;00-0032164;00-0033010;00-0027684;00-0034815;00-0028092;00-0031298,Jaquiski Tartt;Solomon Thomas;Malcolm Smith;Reuben Foster;Ahkello Witherspoon;Arik Armstead;Sheldon Day;Earl Mitchell;Fred Warner;Richard Sherman;Jimmie Ward
2018_08_SF_ARI,1429,run,4.0,74.0,70.0,43.0,7:10,6:27,,3.0,2.0,2.0,5.0,"4 DL, 3 LB, 4 DB",;;;;;;;;;;,11,7,,,,,00-0034681;00-0029762;00-0034785;00-0033933;00-0026982;00-0027873;00-0032222;00-0031884;00-0022921;00-0034343;00-0027869,Chase Edmonds;John Wetzel;Mason Cole;Chad Williams;Andre Smith;Jermaine Gresham;D.J. Humphries;Gabe Holmes;Larry Fitzgerald;Josh Rosen;Mike Iupati,00-0032057;00-0033870;00-0028180;00-0033783;00-0033887;00-0032164;00-0033010;00-0027684;00-0034815;00-0028092;00-0031298,Jaquiski Tartt;Solomon Thomas;Malcolm Smith;Ahkello Witherspoon;Reuben Foster;Arik Armstead;Sheldon Day;Earl Mitchell;Fred Warner;Richard Sherman;Jimmie Ward
2018_08_SF_ARI,1450,timeout,0.0,,,0.0,6:27,6:27,ARI,3.0,2.0,,0.0,,,0,,,,,,,,,
2018_08_SF_ARI,1467,no_play,0.0,70.0,70.0,0.0,6:27,6:27,,3.0,2.0,3.0,1.0,"4 DL, 2 LB, 5 DB",;;;;;;;;;;,11,,,,,,00-0029762;00-0034785;00-0033933;00-0026982;00-0034775;00-0032222;00-0033611;00-0022921;00-0034343;00-0032187;00-0027869,John Wetzel;Mason Cole;Chad Williams;Andre Smith;Christian Kirk;D.J. Humphries;Ricky Seals-Jones;Larry Fitzgerald;Josh Rosen;David Johnson;Mike Iupati,00-0032057;00-0033887;00-0033783;00-0032164;00-0032378;00-0034815;00-0032413;00-0028092;00-0031253;00-0031175;00-0031298,Jaquiski Tartt;Reuben Foster;Ahkello Witherspoon;Arik Armstead;DeForest Buckner;Fred Warner;Ronald Blair;Richard Sherman;K'Waun Williams;Cassius Marsh;Jimmie Ward
2018_08_SF_ARI,1490,turnover,0.0,75.0,75.0,14.0,6:27,6:13,,3.0,2.0,3.0,6.0,"4 DL, 2 LB, 5 DB",;;;;;;;;;;,11,7,4,ZONE_COVERAGE,COVER_3,False,00-0029762;00-0034785;00-0033933;00-0026982;00-0034775;00-0032222;00-0033611;00-0022921;00-0032187;00-0034343;00-0027869,John Wetzel;Mason Cole;Chad Williams;Andre Smith;Christian Kirk;D.J. Humphries;Ricky Seals-Jones;Larry Fitzgerald;David Johnson;Josh Rosen;Mike Iupati,00-0032057;00-0033887;00-0033783;00-0032164;00-0032378;00-0034815;00-0032413;00-0028092;00-0031253;00-0031175;00-0031298,Jaquiski Tartt;Reuben Foster;Ahkello Witherspoon;Arik Armstead;DeForest Buckner;Fred Warner;Ronald Blair;Richard Sherman;K'Waun Williams;Cassius Marsh;Jimmie Ward
2018_08_SF_ARI,1526,run,-5.0,12.0,17.0,48.0,6:13,5:25,,3.0,2.0,1.0,10.0,"4 DL, 3 LB, 4 DB",;;;;;;;;;;,11,8,,,,,00-0029892;00-0033308;00-0034847;00-0028903;00-0025415;00-0033936;00-0028177;00-0033317;00-0030068;00-0033288;00-0032234,Kyle Juszczyk;Matt Breida;Mike McGlinchey;Garrett Celek;Joe Staley;C.J. Beathard;Mike Person;Erik Magnuson;Marquise Goodwin;George Kittle;Laken Tomlinson,00-0031262;00-0032761;00-0031081;00-0027943;00-0032127;00-0033875;00-0024421;00-0032131;00-0028278;00-0033890;00-0031366,Bene' Benwikere;Robert Nkemdiche;Zach Moore;Patrick Peterson;Markus Golden;Haason Reddick;Antoine Bethea;Rodney Gunter;Josh Bynes;Budda Baker;Deone Bucannon
2018_08_SF_ARI,1547,pass,8.0,17.0,9.0,42.0,5:25,4:43,,3.0,2.0,2.0,15.0,"4 DL, 2 LB, 5 DB",;;;;;;;;;;,11,6,4,ZONE_COVERAGE,COVER_4,False,00-0033308;00-0034847;00-0025415;00-0033936;00-0033307;00-0028177;00-0030068;00-0033317;00-0033288;00-0033292;00-0032234,Matt Breida;Mike McGlinchey;Joe Staley;C.J. Beathard;Kendrick Bourne;Mike Person;Marquise Goodwin;Erik Magnuson;George Kittle;Trent Taylor;Laken Tomlinson,00-0029585;00-0031262;00-0032761;00-0027943;00-0032127;00-0033875;00-0024421;00-0030484;00-0032131;00-0028278;00-0033890,Chandler Jones;Bene' Benwikere;Robert Nkemdiche;Patrick Peterson;Markus Golden;Haason Reddick;Antoine Bethea;Jamar Taylor;Rodney Gunter;Josh Bynes;Budda Baker
2018_08_SF_ARI,1571,pass,0.0,9.0,9.0,7.0,4:43,4:36,,3.0,2.0,3.0,7.0,"4 DL, 2 LB, 5 DB",;;;;;;;;;;,11,6,3,ZONE_COVERAGE,COVER_2,False,00-0029892;00-0034847;00-0025415;00-0033936;00-0033307;00-0028177;00-0033317;00-0030068;00-0033292;00-0033288;00-0032234,Kyle Juszczyk;Mike McGlinchey;Joe Staley;C.J. Beathard;Kendrick Bourne;Mike Person;Erik Magnuson;Marquise Goodwin;Trent Taylor;George Kittle;Laken Tomlinson,00-0029585;00-0031262;00-0032761;00-0027943;00-0032127;00-0033875;00-0024421;00-0030484;00-0032131;00-0028278;00-0033890,Chandler Jones;Bene' Benwikere;Robert Nkemdiche;Patrick Peterson;Markus Golden;Haason Reddick;Antoine Bethea;Jamar Taylor;Rodney Gunter;Josh Bynes;Budda Baker
2018_08_SF_ARI,1593,field_goal,0.0,9.0,9.0,4.0,4:36,4:32,,3.0,5.0,4.0,7.0,,;;;;;;;;;;,11,,,,,,00-0032065;00-0034847;00-0030899;00-0028374;00-0025415;00-0033151;00-0032164;00-0032378;00-0032413;00-0023252;00-0032234,Bradley Pinion;Mike McGlinchey;Garry Gilliam;Kyle Nelson;Joe Staley;Joshua Garnett;Arik Armstead;DeForest Buckner;Ronald Blair;Robbie Gould;Laken Tomlinson,00-0029585;00-0032809;00-0031262;00-0031914;00-0031081;00-0027943;00-0034473;00-0033792;00-0032131;00-0028278;00-0033890,Chandler Jones;Joe Walker;Bene' Benwikere;Olsen Pierre;Zach Moore;Patrick Peterson;Dennis Gardeck;Rudy Ford;Rodney Gunter;Josh Bynes;Budda Baker
2018_08_SF_ARI,1627,kickoff,0.0,35.0,35.0,0.0,4:32,4:32,,3.0,5.0,,0.0,,;;;;;;;;;;,11,,,,,,00-0032065;00-0034073;00-0031687;00-0031267;00-0033306;00-0032479;00-0031961;00-0033973;00-0034384;00-0034263;00-0033292,Bradley Pinion;Ross Dwelley;Raheem Mostert;Antone Exum;Victor Bolden;Tyvis Powell;Mark Nzeocha;Elijah Lee;D.J. Reed;Tarvarius Moore;Trent Taylor,00-0034681;00-0034490;00-0033789;00-0029520;00-0032809;00-0029068;00-0034473;00-0033792;00-0030385;00-0031884;00-0031366,Chase Edmonds;Ezekiel Turner;T.J. Logan;Eddie Pleasant;Joe Walker;Derrick Coleman;Dennis Gardeck;Rudy Ford;Gerald Hodges;Gabe Holmes;Deone Bucannon
2018_08_SF_ARI,1642,pass,15.0,75.0,60.0,42.0,4:32,3:50,,3.0,5.0,1.0,10.0,"4 DL, 3 LB, 4 DB",;;;;;;;;;;,11,8,4,ZONE_COVERAGE,COVER_3,False,00-0029762;00-0034785;00-0026982;00-0027873;00-0032222;00-0032112;00-0033611;00-0022921;00-0032187;00-0034343;00-0027869,John Wetzel;Mason Cole;Andre Smith;Jermaine Gresham;D.J. Humphries;J.J. Nelson;Ricky Seals-Jones;Larry Fitzgerald;David Johnson;Josh Rosen;Mike Iupati,00-0032057;00-0033870;00-0028180;00-0033887;00-0033783;00-0032164;00-0032378;00-0027684;00-0034815;00-0028092;00-0031298,Jaquiski Tartt;Solomon Thomas;Malcolm Smith;Reuben Foster;Ahkello Witherspoon;Arik Armstead;DeForest Buckner;Earl Mitchell;Fred Warner;Richard Sherman;Jimmie Ward
2018_08_SF_ARI,1666,pass,-7.0,60.0,67.0,40.0,3:50,3:10,,3.0,5.0,1.0,10.0,"4 DL, 3 LB, 4 DB",;;;;;;;;;;,11,7,6,,,,00-0029762;00-0034785;00-0026982;00-0034775;00-0027873;00-0032222;00-0033611;00-0022921;00-0034343;00-0032187;00-0027869,John Wetzel;Mason Cole;Andre Smith;Christian Kirk;Jermaine Gresham;D.J. Humphries;Ricky Seals-Jones;Larry Fitzgerald;Josh Rosen;David Johnson;Mike Iupati,00-0032057;00-0033870;00-0028180;00-0033783;00-0032164;00-0032378;00-0033973;00-0027684;00-0034815;00-0028092;00-0031298,Jaquiski Tartt;Solomon Thomas;Malcolm Smith;Ahkello Witherspoon;Arik Armstead;DeForest Buckner;Elijah Lee;Earl Mitchell;Fred Warner;Richard Sherman;Jimmie Ward
2018_08_SF_ARI,1685,run,5.0,67.0,62.0,44.0,3:10,2:26,,3.0,5.0,2.0,17.0,"4 DL, 2 LB, 5 DB",;;;;;;;;;;,11,7,,,,,00-0029762;00-0034785;00-0033933;00-0026982;00-0034775;00-0032222;00-0033611;00-0022921;00-0034343;00-0032187;00-0027869,John Wetzel;Mason Cole;Chad Williams;Andre Smith;Christian Kirk;D.J. Humphries;Ricky Seals-Jones;Larry Fitzgerald;Josh Rosen;David Johnson;Mike Iupati,00-0032057;00-0033783;00-0032164;00-0032378;00-0033973;00-0033010;00-0034815;00-0028092;00-0031253;00-0031175;00-0031298,Jaquiski Tartt;Ahkello Witherspoon;Arik Armstead;DeForest Buckner;Elijah Lee;Sheldon Day;Fred Warner;Richard Sherman;K'Waun Williams;Cassius Marsh;Jimmie Ward
2018_08_SF_ARI,1706,pass,14.0,62.0,48.0,27.0,2:26,1:59,,3.0,5.0,3.0,12.0,"3 DL, 3 LB, 5 DB",;;;;;;;;;;,11,7,3,ZONE_COVERAGE,COVER_3,False,00-0029762;00-0034785;00-0033933;00-0026982;00-0034775;00-0032222;00-0033611;00-0022921;00-0034343;00-0032187;00-0027869,John Wetzel;Mason Cole;Chad Williams;Andre Smith;Christian Kirk;D.J. Humphries;Ricky Seals-Jones;Larry Fitzgerald;Josh Rosen;David Johnson;Mike Iupati,00-0032057;00-0028180;00-0033783;00-0032164;00-0032378;00-0033973;00-0034815;00-0028092;00-0031253;00-0031175;00-0031298,Jaquiski Tartt;Malcolm Smith;Ahkello Witherspoon;Arik Armstead;DeForest Buckner;Elijah Lee;Fred Warner;Richard Sherman;K'Waun Williams;Cassius Marsh;Jimmie Ward
2018_08_SF_ARI,1747,pass,12.0,48.0,36.0,6.0,1:59,1:53,,3.0,5.0,1.0,10.0,"4 DL, 2 LB, 5 DB",;;;;;;;;;;,11,7,4,ZONE_COVERAGE,COVER_3,False,00-0029762;00-0034785;00-0026982;00-0034775;00-0032222;00-0032112;00-0033611;00-0022921;00-0034343;00-0032187;00-0027869,John Wetzel;Mason Cole;Andre Smith;Christian Kirk;D.J. Humphries;J.J. Nelson;Ricky Seals-Jones;Larry Fitzgerald;Josh Rosen;David Johnson;Mike Iupati,00-0032057;00-0033870;00-0033783;00-0033973;00-0033010;00-0027684;00-0034815;00-0028092;00-0032413;00-0031253;00-0031298,Jaquiski Tartt;Solomon Thomas;Ahkello Witherspoon;Elijah Lee;Sheldon Day;Earl Mitchell;Fred Warner;Richard Sherman;Ronald Blair;K'Waun Williams;Jimmie Ward
2018_08_SF_ARI,1783,timeout,0.0,,,0.0,1:53,1:53,SF,3.0,5.0,,0.0,,,0,,,,,,,,,
2018_08_SF_ARI,1800,run,-1.0,36.0,37.0,25.0,1:53,1:28,,3.0,5.0,1.0,10.0,"4 DL, 2 LB, 5 DB",;;;;;;;;;;,11,7,,,,,00-0029762;00-0034785;00-0033933;00-0026982;00-0034775;00-0032222;00-0033611;00-0022921;00-0034343;00-0032187;00-0027869,John Wetzel;Mason Cole;Chad Williams;Andre Smith;Christian Kirk;D.J. Humphries;Ricky Seals-Jones;Larry Fitzgerald;Josh Rosen;David Johnson;Mike Iupati,00-0031267;00-0033783;00-0033973;00-0033010;00-0027684;00-0034815;00-0032413;00-0028092;00-0031253;00-0031175;00-0031298,Antone Exum;Ahkello Witherspoon;Elijah Lee;Sheldon Day;Earl Mitchell;Fred Warner;Ronald Blair;Richard Sherman;K'Waun Williams;Cassius Marsh;Jimmie Ward
2018_08_SF_ARI,1821,pass,0.0,37.0,37.0,3.0,1:28,1:25,,3.0,5.0,2.0,11.0,"4 DL, 2 LB, 5 DB",;;;;;;;;;;,11,6,5,MAN_COVERAGE,COVER_1,False,00-0029762;00-0034785;00-0033933;00-0026982;00-0034775;00-0032222;00-0033611;00-0022921;00-0034343;00-0032187;00-0027869,John Wetzel;Mason Cole;Chad Williams;Andre Smith;Christian Kirk;D.J. Humphries;Ricky Seals-Jones;Larry Fitzgerald;Josh Rosen;David Johnson;Mike Iupati,00-0031267;00-0033783;00-0032378;00-0033973;00-0033010;00-0034815;00-0028092;00-0032413;00-0031253;00-0031175;00-0031298,Antone Exum;Ahkello Witherspoon;DeForest Buckner;Elijah Lee;Sheldon Day;Fred Warner;Richard Sherman;Ronald Blair;K'Waun Williams;Cassius Marsh;Jimmie Ward
2018_08_SF_ARI,1847,pass,-9.0,37.0,46.0,44.0,1:25,0:41,,3.0,5.0,3.0,11.0,"3 DL, 3 LB, 5 DB",;;;;;;;;;;,11,5,4,,,,00-0029762;00-0034785;00-0033933;00-0026982;00-0034775;00-0032222;00-0033611;00-0022921;00-0034343;00-0032187;00-0027869,John Wetzel;Mason Cole;Chad Williams;Andre Smith;Christian Kirk;D.J. Humphries;Ricky Seals-Jones;Larry Fitzgerald;Josh Rosen;David Johnson;Mike Iupati,00-0031267;00-0028180;00-0032164;00-0032378;00-0033973;00-0034815;00-0028092;00-0031253;00-0031175;00-0034263;00-0031298,Antone Exum;Malcolm Smith;Arik Armstead;DeForest Buckner;Elijah Lee;Fred Warner;Richard Sherman;K'Waun Williams;Cassius Marsh;Tarvarius Moore;Jimmie Ward
2018_08_SF_ARI,1866,punt,0.0,46.0,46.0,6.0,0:41,0:35,,3.0,5.0,4.0,20.0,,;;;;;;;;;;,11,,,,,,00-0034681;00-0034490;00-0029520;00-0032809;00-0022824;00-0028946;00-0029068;00-0034473;00-0033875;00-0033792;00-0030385,Chase Edmonds;Ezekiel Turner;Eddie Pleasant;Joe Walker;Andy Lee;Aaron Brewer;Derrick Coleman;Dennis Gardeck;Haason Reddick;Rudy Ford;Gerald Hodges,00-0034073;00-0031267;00-0031687;00-0032479;00-0031961;00-0033783;00-0033973;00-0034384;00-0031175;00-0034263;00-0034286,Ross Dwelley;Antone Exum;Raheem Mostert;Tyvis Powell;Mark Nzeocha;Ahkello Witherspoon;Elijah Lee;D.J. Reed;Cassius Marsh;Tarvarius Moore;Richie James
2018_08_SF_ARI,1885,run,3.0,92.0,89.0,4.0,0:35,0:31,,3.0,5.0,1.0,10.0,"4 DL, 3 LB, 4 DB",;;;;;;;;;;,11,7,,,,,00-0029892;00-0033308;00-0028903;00-0034847;00-0025415;00-0033936;00-0033307;00-0028177;00-0030068;00-0033317;00-0032234,Kyle Juszczyk;Matt Breida;Garrett Celek;Mike McGlinchey;Joe Staley;C.J. Beathard;Kendrick Bourne;Mike Person;Marquise Goodwin;Erik Magnuson;Laken Tomlinson,00-0029585;00-0031262;00-0031914;00-0032761;00-0027943;00-0032127;00-0033875;00-0024421;00-0028278;00-0033890;00-0031366,Chandler Jones;Bene' Benwikere;Olsen Pierre;Robert Nkemdiche;Patrick Peterson;Markus Golden;Haason Reddick;Antoine Bethea;Josh Bynes;Budda Baker;Deone Bucannon
2018_08_SF_ARI,1906,timeout,0.0,,,0.0,0:31,0:31,ARI,3.0,5.0,,0.0,,,0,,,,,,,,,
2018_08_SF_ARI,1923,run,4.0,89.0,85.0,31.0,0:31,0:00,,3.0,5.0,2.0,7.0,"4 DL, 3 LB, 4 DB",;;;;;;;;;;,11,7,,,,,00-0029892;00-0033308;00-0034847;00-0025415;00-0033936;00-0033307;00-0028177;00-0033317;00-0030068;00-0033288;00-0032234,Kyle Juszczyk;Matt Breida;Mike McGlinchey;Joe Staley;C.J. Beathard;Kendrick Bourne;Mike Person;Erik Magnuson;Marquise Goodwin;George Kittle;Laken Tomlinson,00-0029585;00-0031914;00-0031262;00-0032761;00-0027943;00-0032127;00-0033875;00-0024421;00-0028278;00-0033890;00-0031366,Chandler Jones;Olsen Pierre;Bene' Benwikere;Robert Nkemdiche;Patrick Peterson;Markus Golden;Haason Reddick;Antoine Bethea;Josh Bynes;Budda Baker;Deone Bucannon
2018_08_SF_ARI,1944,start_quarter_3,,,,0.0,0:00,0:00,,3.0,5.0,,0.0,,,0,,,,,,,,,
2018_08_SF_ARI,1970,kickoff,0.0,35.0,35.0,0.0,15:00,15:00,,3.0,5.0,,0.0,,;;;;;;;;;;,11,,,,,,00-0032065;00-0034073;00-0033307;00-0031267;00-0031687;00-0033306;00-0032479;00-0031961;00-0034384;00-0034263;00-0033292,Bradley Pinion;Ross Dwelley;Kendrick Bourne;Antone Exum;Raheem Mostert;Victor Bolden;Tyvis Powell;Mark Nzeocha;D.J. Reed;Tarvarius Moore;Trent Taylor,00-0034681;00-0034490;00-0033789;00-0029520;00-0032809;00-0029068;00-0034473;00-0033792;00-0030385;00-0031884;00-0031366,Chase Edmonds;Ezekiel Turner;T.J. Logan;Eddie Pleasant;Joe Walker;Derrick Coleman;Dennis Gardeck;Rudy Ford;Gerald Hodges;Gabe Holmes;Deone Bucannon
2018_08_SF_ARI,1985,run,1.0,75.0,74.0,36.0,15:00,14:24,,3.0,5.0,1.0,10.0,"4 DL, 2 LB, 5 DB",;;;;;;;;;;,11,7,,,,,00-0029762;00-0034785;00-0026982;00-0034775;00-0027873;00-0032222;00-0032112;00-0022921;00-0032187;00-0034343;00-0027869,John Wetzel;Mason Cole;Andre Smith;Christian Kirk;Jermaine Gresham;D.J. Humphries;J.J. Nelson;Larry Fitzgerald;David Johnson;Josh Rosen;Mike Iupati,00-0033870;00-0031267;00-0033783;00-0032164;00-0032378;00-0033973;00-0027684;00-0034815;00-0028092;00-0031253;00-0031298,Solomon Thomas;Antone Exum;Ahkello Witherspoon;Arik Armstead;DeForest Buckner;Elijah Lee;Earl Mitchell;Fred Warner;Richard Sherman;K'Waun Williams;Jimmie Ward
2018_08_SF_ARI,2006,run,3.0,74.0,71.0,41.0,14:24,13:43,,3.0,5.0,2.0,9.0,"4 DL, 2 LB, 5 DB",;;;;;;;;;;,11,6,,,,,00-0029762;00-0034785;00-0033933;00-0026982;00-0034775;00-0027873;00-0032222;00-0022921;00-0032187;00-0034343;00-0027869,John Wetzel;Mason Cole;Chad Williams;Andre Smith;Christian Kirk;Jermaine Gresham;D.J. Humphries;Larry Fitzgerald;David Johnson;Josh Rosen;Mike Iupati,00-0031267;00-0033783;00-0032164;00-0032378;00-0033973;00-0027684;00-0034815;00-0028092;00-0031253;00-0031175;00-0031298,Antone Exum;Ahkello Witherspoon;Arik Armstead;DeForest Buckner;Elijah Lee;Earl Mitchell;Fred Warner;Richard Sherman;K'Waun Williams;Cassius Marsh;Jimmie Ward
2018_08_SF_ARI,2027,pass,0.0,71.0,71.0,4.0,13:43,13:39,,3.0,5.0,3.0,6.0,"4 DL, 2 LB, 5 DB",;;;;;;;;;;,11,6,4,ZONE_COVERAGE,COVER_3,True,00-0029762;00-0034785;00-0033933;00-0026982;00-0034775;00-0032222;00-0033611;00-0022921;00-0034343;00-0032187;00-0027869,John Wetzel;Mason Cole;Chad Williams;Andre Smith;Christian Kirk;D.J. Humphries;Ricky Seals-Jones;Larry Fitzgerald;Josh Rosen;David Johnson;Mike Iupati,00-0031267;00-0033783;00-0032164;00-0032378;00-0033973;00-0034815;00-0028092;00-0032413;00-0031253;00-0031175;00-0031298,Antone Exum;Ahkello Witherspoon;Arik Armstead;DeForest Buckner;Elijah Lee;Fred Warner;Richard Sherman;Ronald Blair;K'Waun Williams;Cassius Marsh;Jimmie Ward
2018_08_SF_ARI,2049,punt,0.0,71.0,71.0,10.0,13:39,13:29,,3.0,5.0,4.0,6.0,,;;;;;;;;;,10,,,,,,00-0034681;00-0034490;00-0022824;00-0032809;00-0028946;00-0029068;00-0032769;00-0034473;00-0033875;00-0033792;00-0030385,Chase Edmonds;Ezekiel Turner;Andy Lee;Joe Walker;Aaron Brewer;Derrick Coleman;Brandon Williams;Dennis Gardeck;Haason Reddick;Rudy Ford;Gerald Hodges,00-0034073;00-0031687;00-0031267;00-0033306;00-0032479;00-0033783;00-0031961;00-0034384;00-0034263;00-0034286,Ross Dwelley;Raheem Mostert;Antone Exum;Victor Bolden;Tyvis Powell;Ahkello Witherspoon;Mark Nzeocha;D.J. Reed;Tarvarius Moore;Richie James
2018_08_SF_ARI,2091,no_play,0.0,71.0,71.0,26.0,13:29,13:03,,3.0,5.0,1.0,10.0,"4 DL, 3 LB, 4 DB",;;;;;;;;;;,11,8,,,,,00-0029892;00-0033308;00-0034847;00-0025415;00-0033307;00-0033936;00-0028177;00-0030068;00-0033317;00-0033288;00-0032234,Kyle Juszczyk;Matt Breida;Mike McGlinchey;Joe Staley;Kendrick Bourne;C.J. Beathard;Mike Person;Marquise Goodwin;Erik Magnuson;George Kittle;Laken Tomlinson,00-0029585;00-0031262;00-0032761;00-0027943;00-0032127;00-0033875;00-0024421;00-0032131;00-0028278;00-0033890;00-0031366,Chandler Jones;Bene' Benwikere;Robert Nkemdiche;Patrick Peterson;Markus Golden;Haason Reddick;Antoine Bethea;Rodney Gunter;Josh Bynes;Budda Baker;Deone Bucannon
2018_08_SF_ARI,2123,pass,7.0,56.0,49.0,36.0,13:03,12:27,,3.0,5.0,1.0,10.0,"4 DL, 3 LB, 4 DB",;;;;;;;;;;,11,6,5,ZONE_COVERAGE,COVER_3,False,00-0029892;00-0033308;00-0034847;00-0025415;00-0033936;00-0033307;00-0028177;00-0030068;00-0033317;00-0033288;00-0032234,Kyle Juszczyk;Matt Breida;Mike McGlinchey;Joe Staley;C.J. Beathard;Kendrick Bourne;Mike Person;Marquise Goodwin;Erik Magnuson;George Kittle;Laken Tomlinson,00-0029585;00-0031262;00-0032761;00-0027943;00-0032127;00-0033875;00-0024421;00-0032131;00-0028278;00-0033890;00-0031366,Chandler Jones;Bene' Benwikere;Robert Nkemdiche;Patrick Peterson;Markus Golden;Haason Reddick;Antoine Bethea;Rodney Gunter;Josh Bynes;Budda Baker;Deone Bucannon
2018_08_SF_ARI,2147,run,-1.0,49.0,50.0,41.0,12:27,11:46,,3.0,5.0,2.0,3.0,"4 DL, 3 LB, 4 DB",;;;;;;;;;;,11,8,,,,,00-0029892;00-0033308;00-0034847;00-0025415;00-0033307;00-0033936;00-0028177;00-0030068;00-0033317;00-0033288;00-0032234,Kyle Juszczyk;Matt Breida;Mike McGlinchey;Joe Staley;Kendrick Bourne;C.J. Beathard;Mike Person;Marquise Goodwin;Erik Magnuson;George Kittle;Laken Tomlinson,00-0029585;00-0031262;00-0032761;00-0027943;00-0032127;00-0033875;00-0024421;00-0032131;00-0028278;00-0033890;00-0031366,Chandler Jones;Bene' Benwikere;Robert Nkemdiche;Patrick Peterson;Markus Golden;Haason Reddick;Antoine Bethea;Rodney Gunter;Josh Bynes;Budda Baker;Deone Bucannon
2018_08_SF_ARI,2168,pass,0.0,50.0,50.0,3.0,11:46,11:43,,3.0,5.0,3.0,4.0,"4 DL, 2 LB, 5 DB",;;;;;;;;;;,11,5,3,ZONE_COVERAGE,COVER_2,False,00-0033308;00-0034847;00-0025415;00-0033936;00-0033307;00-0028177;00-0030068;00-0033317;00-0033288;00-0033292;00-0032234,Matt Breida;Mike McGlinchey;Joe Staley;C.J. Beathard;Kendrick Bourne;Mike Person;Marquise Goodwin;Erik Magnuson;George Kittle;Trent Taylor;Laken Tomlinson,00-0029585;00-0031262;00-0032761;00-0027943;00-0032127;00-0033875;00-0024421;00-0030484;00-0032131;00-0028278;00-0033890,Chandler Jones;Bene' Benwikere;Robert Nkemdiche;Patrick Peterson;Markus Golden;Haason Reddick;Antoine Bethea;Jamar Taylor;Rodney Gunter;Josh Bynes;Budda Baker
2018_08_SF_ARI,2190,punt,0.0,50.0,50.0,6.0,11:43,11:37,,3.0,5.0,4.0,4.0,,;;;;;;;;;;,11,,,,,,00-0029892;00-0032065;00-0028903;00-0028374;00-0031687;00-0031267;00-0031961;00-0033973;00-0034815;00-0034263;00-0031175,Kyle Juszczyk;Bradley Pinion;Garrett Celek;Kyle Nelson;Raheem Mostert;Antone Exum;Mark Nzeocha;Elijah Lee;Fred Warner;Tarvarius Moore;Cassius Marsh,00-0034490;00-0029520;00-0032809;00-0034775;00-0029068;00-0032769;00-0027943;00-0034473;00-0033792;00-0030385;00-0031884,Ezekiel Turner;Eddie Pleasant;Joe Walker;Christian Kirk;Derrick Coleman;Brandon Williams;Patrick Peterson;Dennis Gardeck;Rudy Ford;Gerald Hodges;Gabe Holmes
2018_08_SF_ARI,2226,run,7.0,86.0,79.0,43.0,11:37,10:54,,3.0,5.0,1.0,10.0,"4 DL, 2 LB, 5 DB",;;;;;;;;;;,11,7,,,,,00-0029762;00-0034785;00-0026982;00-0034775;00-0027873;00-0032222;00-0032112;00-0022921;00-0034343;00-0032187;00-0027869,John Wetzel;Mason Cole;Andre Smith;Christian Kirk;Jermaine Gresham;D.J. Humphries;J.J. Nelson;Larry Fitzgerald;Josh Rosen;David Johnson;Mike Iupati,00-0033870;00-0031267;00-0028180;00-0033783;00-0033010;00-0027684;00-0034815;00-0028092;00-0032413;00-0031253;00-0031298,Solomon Thomas;Antone Exum;Malcolm Smith;Ahkello Witherspoon;Sheldon Day;Earl Mitchell;Fred Warner;Richard Sherman;Ronald Blair;K'Waun Williams;Jimmie Ward
2018_08_SF_ARI,2247,run,0.0,79.0,79.0,42.0,10:54,10:12,,3.0,5.0,2.0,3.0,"4 DL, 2 LB, 5 DB",;;;;;;;;;;,11,7,,,,,00-0029762;00-0034785;00-0033933;00-0026982;00-0034775;00-0027873;00-0032222;00-0022921;00-0034343;00-0032187;00-0027869,John Wetzel;Mason Cole;Chad Williams;Andre Smith;Christian Kirk;Jermaine Gresham;D.J. Humphries;Larry Fitzgerald;Josh Rosen;David Johnson;Mike Iupati,00-0033870;00-0031267;00-0028180;00-0033783;00-0033010;00-0027684;00-0034815;00-0028092;00-0032413;00-0031253;00-0031298,Solomon Thomas;Antone Exum;Malcolm Smith;Ahkello Witherspoon;Sheldon Day;Earl Mitchell;Fred Warner;Richard Sherman;Ronald Blair;K'Waun Williams;Jimmie Ward
2018_08_SF_ARI,2268,run,3.0,79.0,76.0,44.0,10:12,9:28,,3.0,5.0,3.0,3.0,"4 DL, 2 LB, 5 DB",;;;;;;;;;;,11,5,3,,,,00-0029762;00-0034785;00-0033933;00-0026982;00-0034775;00-0032222;00-0033611;00-0022921;00-0032187;00-0034343;00-0027869,John Wetzel;Mason Cole;Chad Williams;Andre Smith;Christian Kirk;D.J. Humphries;Ricky Seals-Jones;Larry Fitzgerald;David Johnson;Josh Rosen;Mike Iupati,00-0031267;00-0028180;00-0033783;00-0032378;00-0033010;00-0034815;00-0032413;00-0028092;00-0031253;00-0031175;00-0031298,Antone Exum;Malcolm Smith;Ahkello Witherspoon;DeForest Buckner;Sheldon Day;Fred Warner;Ronald Blair;Richard Sherman;K'Waun Williams;Cassius Marsh;Jimmie Ward
2018_08_SF_ARI,2289,run,2.0,76.0,74.0,39.0,9:28,8:49,,3.0,5.0,1.0,10.0,"4 DL, 2 LB, 5 DB",;;;;;;;;;;,11,7,,,,,00-0029762;00-0034785;00-0033933;00-0026982;00-0034775;00-0032222;00-0033611;00-0022921;00-0034343;00-0032187;00-0027869,John Wetzel;Mason Cole;Chad Williams;Andre Smith;Christian Kirk;D.J. Humphries;Ricky Seals-Jones;Larry Fitzgerald;Josh Rosen;David Johnson;Mike Iupati,00-0031267;00-0028180;00-0033783;00-0032164;00-0032378;00-0027684;00-0034815;00-0028092;00-0031253;00-0031175;00-0031298,Antone Exum;Malcolm Smith;Ahkello Witherspoon;Arik Armstead;DeForest Buckner;Earl Mitchell;Fred Warner;Richard Sherman;K'Waun Williams;Cassius Marsh;Jimmie Ward
2018_08_SF_ARI,2310,pass,0.0,74.0,74.0,6.0,8:49,8:43,,3.0,5.0,2.0,8.0,"4 DL, 2 LB, 5 DB",;;;;;;;;;;,11,6,4,ZONE_COVERAGE,COVER_3,False,00-0034681;00-0029762;00-0034785;00-0033933;00-0026982;00-0034775;00-0032222;00-0022921;00-0032187;00-0034343;00-0027869,Chase Edmonds;John Wetzel;Mason Cole;Chad Williams;Andre Smith;Christian Kirk;D.J. Humphries;Larry Fitzgerald;David Johnson;Josh Rosen;Mike Iupati,00-0031267;00-0028180;00-0033783;00-0032164;00-0032378;00-0027684;00-0034815;00-0028092;00-0031253;00-0031175;00-0031298,Antone Exum;Malcolm Smith;Ahkello Witherspoon;Arik Armstead;DeForest Buckner;Earl Mitchell;Fred Warner;Richard Sherman;K'Waun Williams;Cassius Marsh;Jimmie Ward
2018_08_SF_ARI,2332,timeout,0.0,,,0.0,8:43,8:43,ARI,3.0,5.0,,0.0,,,0,,,,,,,,,
2018_08_SF_ARI,2349,pass,5.0,74.0,69.0,37.0,8:43,8:06,,3.0,5.0,3.0,8.0,"3 DL, 3 LB, 5 DB",;;;;;;;;;;,11,5,4,ZONE_COVERAGE,COVER_3,False,00-0029762;00-0034785;00-0033933;00-0026982;00-0034775;00-0027873;00-0032222;00-0022921;00-0032187;00-0034343;00-0027869,John Wetzel;Mason Cole;Chad Williams;Andre Smith;Christian Kirk;Jermaine Gresham;D.J. Humphries;Larry Fitzgerald;David Johnson;Josh Rosen;Mike Iupati,00-0031267;00-0028180;00-0033783;00-0032164;00-0032378;00-0033973;00-0034815;00-0028092;00-0031253;00-0031175;00-0031298,Antone Exum;Malcolm Smith;Ahkello Witherspoon;Arik Armstead;DeForest Buckner;Elijah Lee;Fred Warner;Richard Sherman;K'Waun Williams;Cassius Marsh;Jimmie Ward
2018_08_SF_ARI,2377,punt,0.0,69.0,69.0,10.0,8:06,7:56,,3.0,5.0,4.0,3.0,,;;;;;;;;;;,11,,,,,,00-0034681;00-0034490;00-0032809;00-0022824;00-0028946;00-0029068;00-0032769;00-0034473;00-0033875;00-0033792;00-0030385,Chase Edmonds;Ezekiel Turner;Joe Walker;Andy Lee;Aaron Brewer;Derrick Coleman;Brandon Williams;Dennis Gardeck;Haason Reddick;Rudy Ford;Gerald Hodges,00-0034073;00-0034860;00-0031687;00-0031267;00-0032479;00-0031961;00-0033783;00-0033973;00-0034384;00-0031175;00-0034263,Ross Dwelley;Dante Pettis;Raheem Mostert;Antone Exum;Tyvis Powell;Mark Nzeocha;Ahkello Witherspoon;Elijah Lee;D.J. Reed;Cassius Marsh;Tarvarius Moore
2018_08_SF_ARI,2423,pass,0.0,70.0,70.0,4.0,7:56,7:52,,3.0,5.0,1.0,10.0,"4 DL, 3 LB, 4 DB",;;;;;;;;;;,11,7,6,MAN_COVERAGE,COVER_1,False,00-0029892;00-0034847;00-0025415;00-0033307;00-0033936;00-0031687;00-0028177;00-0033317;00-0030068;00-0033288;00-0032234,Kyle Juszczyk;Mike McGlinchey;Joe Staley;Kendrick Bourne;C.J. Beathard;Raheem Mostert;Mike Person;Erik Magnuson;Marquise Goodwin;George Kittle;Laken Tomlinson,00-0029585;00-0031914;00-0031262;00-0027943;00-0033875;00-0024421;00-0032131;00-0028278;00-0033890;00-0030380;00-0031366,Chandler Jones;Olsen Pierre;Bene' Benwikere;Patrick Peterson;Haason Reddick;Antoine Bethea;Rodney Gunter;Josh Bynes;Budda Baker;Benson Mayowa;Deone Bucannon
2018_08_SF_ARI,2445,pass,0.0,70.0,70.0,4.0,7:52,7:48,,3.0,5.0,2.0,10.0,"4 DL, 3 LB, 4 DB",;;;;;;;;;;,11,8,6,MAN_COVERAGE,COVER_1,True,00-0029892;00-0034847;00-0025415;00-0033936;00-0033307;00-0031687;00-0028177;00-0030068;00-0033317;00-0033288;00-0032234,Kyle Juszczyk;Mike McGlinchey;Joe Staley;C.J. Beathard;Kendrick Bourne;Raheem Mostert;Mike Person;Marquise Goodwin;Erik Magnuson;George Kittle;Laken Tomlinson,00-0029585;00-0031914;00-0031262;00-0027943;00-0033875;00-0024421;00-0032131;00-0028278;00-0033890;00-0030380;00-0031366,Chandler Jones;Olsen Pierre;Bene' Benwikere;Patrick Peterson;Haason Reddick;Antoine Bethea;Rodney Gunter;Josh Bynes;Budda Baker;Benson Mayowa;Deone Bucannon
2018_08_SF_ARI,2467,pass,11.0,70.0,59.0,31.0,7:48,7:17,,3.0,5.0,3.0,10.0,"4 DL, 2 LB, 5 DB",;;;;;;;;;;,11,6,4,ZONE_COVERAGE,COVER_3,True,00-0029892;00-0034847;00-0028903;00-0025415;00-0033936;00-0033307;00-0028177;00-0030068;00-0033317;00-0033288;00-0032234,Kyle Juszczyk;Mike McGlinchey;Garrett Celek;Joe Staley;C.J. Beathard;Kendrick Bourne;Mike Person;Marquise Goodwin;Erik Magnuson;George Kittle;Laken Tomlinson,00-0029585;00-0031914;00-0031262;00-0032761;00-0027943;00-0033875;00-0024421;00-0030484;00-0028278;00-0033890;00-0030380,Chandler Jones;Olsen Pierre;Bene' Benwikere;Robert Nkemdiche;Patrick Peterson;Haason Reddick;Antoine Bethea;Jamar Taylor;Josh Bynes;Budda Baker;Benson Mayowa
2018_08_SF_ARI,2502,run,4.0,59.0,55.0,40.0,7:17,6:37,,3.0,5.0,1.0,10.0,"4 DL, 2 LB, 5 DB",;;;;;;;;;;,11,6,,,,,00-0034847;00-0028903;00-0025415;00-0033936;00-0033307;00-0031687;00-0033306;00-0028177;00-0033317;00-0033292;00-0032234,Mike McGlinchey;Garrett Celek;Joe Staley;C.J. Beathard;Kendrick Bourne;Raheem Mostert;Victor Bolden;Mike Person;Erik Magnuson;Trent Taylor;Laken Tomlinson,00-0029585;00-0031262;00-0031914;00-0032761;00-0027943;00-0033875;00-0024421;00-0030484;00-0028278;00-0033890;00-0030380,Chandler Jones;Bene' Benwikere;Olsen Pierre;Robert Nkemdiche;Patrick Peterson;Haason Reddick;Antoine Bethea;Jamar Taylor;Josh Bynes;Budda Baker;Benson Mayowa
2018_08_SF_ARI,2523,pass,0.0,55.0,55.0,5.0,6:37,6:32,,3.0,5.0,2.0,6.0,"4 DL, 3 LB, 4 DB",;;;;;;;;;;,11,7,5,MAN_COVERAGE,COVER_1,True,00-0029892;00-0034847;00-0028903;00-0025415;00-0033936;00-0033307;00-0031687;00-0028177;00-0030068;00-0033317;00-0032234,Kyle Juszczyk;Mike McGlinchey;Garrett Celek;Joe Staley;C.J. Beathard;Kendrick Bourne;Raheem Mostert;Mike Person;Marquise Goodwin;Erik Magnuson;Laken Tomlinson,00-0029585;00-0031914;00-0031262;00-0032761;00-0027943;00-0032127;00-0033875;00-0024421;00-0028278;00-0033890;00-0031366,Chandler Jones;Olsen Pierre;Bene' Benwikere;Robert Nkemdiche;Patrick Peterson;Markus Golden;Haason Reddick;Antoine Bethea;Josh Bynes;Budda Baker;Deone Bucannon
2018_08_SF_ARI,2545,pass,55.0,55.0,0.0,10.0,6:32,6:22,,3.0,11.0,3.0,6.0,"4 DL, 2 LB, 5 DB",;;;;;;;;;;,11,6,6,MAN_COVERAGE,COVER_1,False,00-0029892;00-0034847;00-0028903;00-0025415;00-0033936;00-0033307;00-0028177;00-0030068;00-0033317;00-0033292;00-0032234,Kyle Juszczyk;Mike McGlinchey;Garrett Celek;Joe Staley;C.J. Beathard;Kendrick Bourne;Mike Person;Marquise Goodwin;Erik Magnuson;Trent Taylor;Laken Tomlinson,00-0029585;00-0031262;00-0032761;00-0027943;00-0032127;00-0033875;00-0024421;00-0030484;00-0032131;00-0028278;00-0033890,Chandler Jones;Bene' Benwikere;Robert Nkemdiche;Patrick Peterson;Markus Golden;Haason Reddick;Antoine Bethea;Jamar Taylor;Rodney Gunter;Josh Bynes;Budda Baker
2018_08_SF_ARI,2576,extra_point,0.0,15.0,15.0,0.0,6:22,6:22,,3.0,12.0,,0.0,,;;;;;;;;;;,11,,,,,,00-0032065;00-0030899;00-0034847;00-0025415;00-0033151;00-0028374;00-0032164;00-0032378;00-0032413;00-0023252;00-0032234,Bradley Pinion;Garry Gilliam;Mike McGlinchey;Joe Staley;Joshua Garnett;Kyle Nelson;Arik Armstead;DeForest Buckner;Ronald Blair;Robbie Gould;Laken Tomlinson,00-0029585;00-0032809;00-0031262;00-0031914;00-0031081;00-0027943;00-0034473;00-0033792;00-0032131;00-0028278;00-0033890,Chandler Jones;Joe Walker;Bene' Benwikere;Olsen Pierre;Zach Moore;Patrick Peterson;Dennis Gardeck;Rudy Ford;Rodney Gunter;Josh Bynes;Budda Baker
2018_08_SF_ARI,2607,kickoff,0.0,35.0,35.0,0.0,6:22,6:22,,3.0,12.0,,0.0,,;;;;;;;;;;,11,,,,,,00-0032065;00-0034073;00-0031687;00-0031267;00-0033306;00-0032479;00-0031961;00-0034384;00-0034263;00-0033292;00-0034286,Bradley Pinion;Ross Dwelley;Raheem Mostert;Antone Exum;Victor Bolden;Tyvis Powell;Mark Nzeocha;D.J. Reed;Tarvarius Moore;Trent Taylor;Richie James,00-0034681;00-0034490;00-0033789;00-0029520;00-0032809;00-0029068;00-0034473;00-0033792;00-0030385;00-0031884;00-0031366,Chase Edmonds;Ezekiel Turner;T.J. Logan;Eddie Pleasant;Joe Walker;Derrick Coleman;Dennis Gardeck;Rudy Ford;Gerald Hodges;Gabe Holmes;Deone Bucannon
2018_08_SF_ARI,2622,pass,11.0,75.0,64.0,39.0,6:22,5:43,,3.0,12.0,1.0,10.0,"4 DL, 3 LB, 4 DB",;;;;;;;;;;,11,8,3,ZONE_COVERAGE,COVER_3,False,00-0029762;00-0034785;00-0033933;00-0026982;00-0027873;00-0032222;00-0031884;00-0022921;00-0034343;00-0032187;00-0027869,John Wetzel;Mason Cole;Chad Williams;Andre Smith;Jermaine Gresham;D.J. Humphries;Gabe Holmes;Larry Fitzgerald;Josh Rosen;David Johnson;Mike Iupati,00-0033870;00-0031267;00-0028180;00-0033783;00-0032378;00-0033973;00-0027684;00-0034815;00-0032413;00-0028092;00-0031298,Solomon Thomas;Antone Exum;Malcolm Smith;Ahkello Witherspoon;DeForest Buckner;Elijah Lee;Earl Mitchell;Fred Warner;Ronald Blair;Richard Sherman;Jimmie Ward
2018_08_SF_ARI,2646,run,2.0,64.0,62.0,38.0,5:43,5:05,,3.0,12.0,1.0,10.0,"4 DL, 2 LB, 5 DB",;;;;;;;;;;,11,7,,,,,00-0029762;00-0034785;00-0033933;00-0026982;00-0034775;00-0027873;00-0032222;00-0022921;00-0032187;00-0034343;00-0027869,John Wetzel;Mason Cole;Chad Williams;Andre Smith;Christian Kirk;Jermaine Gresham;D.J. Humphries;Larry Fitzgerald;David Johnson;Josh Rosen;Mike Iupati,00-0033870;00-0031267;00-0033783;00-0032378;00-0033973;00-0027684;00-0034815;00-0028092;00-0032413;00-0031253;00-0031298,Solomon Thomas;Antone Exum;Ahkello Witherspoon;DeForest Buckner;Elijah Lee;Earl Mitchell;Fred Warner;Richard Sherman;Ronald Blair;K'Waun Williams;Jimmie Ward
2018_08_SF_ARI,2667,pass,0.0,62.0,62.0,4.0,5:05,5:01,,3.0,12.0,2.0,8.0,"4 DL, 3 LB, 4 DB",;;;;;;;;;;,11,8,4,ZONE_COVERAGE,COVER_3,False,00-0029762;00-0034785;00-0026982;00-0027873;00-0032222;00-0032112;00-0033611;00-0022921;00-0032187;00-0034343;00-0027869,John Wetzel;Mason Cole;Andre Smith;Jermaine Gresham;D.J. Humphries;J.J. Nelson;Ricky Seals-Jones;Larry Fitzgerald;David Johnson;Josh Rosen;Mike Iupati,00-0033870;00-0031267;00-0028180;00-0033783;00-0032164;00-0032378;00-0033973;00-0033010;00-0034815;00-0028092;00-0031298,Solomon Thomas;Antone Exum;Malcolm Smith;Ahkello Witherspoon;Arik Armstead;DeForest Buckner;Elijah Lee;Sheldon Day;Fred Warner;Richard Sherman;Jimmie Ward
2018_08_SF_ARI,2689,pass,0.0,62.0,62.0,4.0,5:01,4:57,,3.0,12.0,3.0,8.0,"4 DL, 2 LB, 5 DB",;;;;;;;;;;,11,5,5,MAN_COVERAGE,COVER_1,True,00-0029762;00-0034785;00-0033933;00-0026982;00-0034775;00-0032222;00-0033611;00-0022921;00-0032187;00-0034343;00-0027869,John Wetzel;Mason Cole;Chad Williams;Andre Smith;Christian Kirk;D.J. Humphries;Ricky Seals-Jones;Larry Fitzgerald;David Johnson;Josh Rosen;Mike Iupati,00-0031267;00-0033783;00-0032164;00-0032378;00-0033973;00-0034815;00-0032413;00-0028092;00-0031253;00-0031175;00-0031298,Antone Exum;Ahkello Witherspoon;Arik Armstead;DeForest Buckner;Elijah Lee;Fred Warner;Ronald Blair;Richard Sherman;K'Waun Williams;Cassius Marsh;Jimmie Ward
2018_08_SF_ARI,2711,punt,0.0,62.0,62.0,10.0,4:57,4:47,,3.0,12.0,4.0,8.0,,;;;;;;;;;;,11,,,,,,00-0034681;00-0034490;00-0022824;00-0032809;00-0028946;00-0029068;00-0032769;00-0034473;00-0033875;00-0033792;00-0030385,Chase Edmonds;Ezekiel Turner;Andy Lee;Joe Walker;Aaron Brewer;Derrick Coleman;Brandon Williams;Dennis Gardeck;Haason Reddick;Rudy Ford;Gerald Hodges,00-0034073;00-0031267;00-0031687;00-0032479;00-0031961;00-0033783;00-0033973;00-0034384;00-0031175;00-0034263;00-0034286,Ross Dwelley;Antone Exum;Raheem Mostert;Tyvis Powell;Mark Nzeocha;Ahkello Witherspoon;Elijah Lee;D.J. Reed;Cassius Marsh;Tarvarius Moore;Richie James
2018_08_SF_ARI,2736,run,14.0,75.0,61.0,41.0,4:47,4:06,,3.0,12.0,1.0,10.0,"4 DL, 2 LB, 5 DB",;;;;;;;;;;,11,7,,,,,00-0034847;00-0028903;00-0025415;00-0033936;00-0033307;00-0031687;00-0028177;00-0033317;00-0030068;00-0033288;00-0032234,Mike McGlinchey;Garrett Celek;Joe Staley;C.J. Beathard;Kendrick Bourne;Raheem Mostert;Mike Person;Erik Magnuson;Marquise Goodwin;George Kittle;Laken Tomlinson,00-0031262;00-0032761;00-0031081;00-0027943;00-0033875;00-0024421;00-0030484;00-0032131;00-0028278;00-0033890;00-0030380,Bene' Benwikere;Robert Nkemdiche;Zach Moore;Patrick Peterson;Haason Reddick;Antoine Bethea;Jamar Taylor;Rodney Gunter;Josh Bynes;Budda Baker;Benson Mayowa
2018_08_SF_ARI,2757,pass,13.0,61.0,48.0,36.0,4:06,3:30,,3.0,12.0,1.0,10.0,"4 DL, 3 LB, 4 DB",;;;;;;;;;;,11,8,5,MAN_COVERAGE,COVER_1,False,00-0029892;00-0033308;00-0034847;00-0025415;00-0033936;00-0033307;00-0028177;00-0030068;00-0033317;00-0033288;00-0032234,Kyle Juszczyk;Matt Breida;Mike McGlinchey;Joe Staley;C.J. Beathard;Kendrick Bourne;Mike Person;Marquise Goodwin;Erik Magnuson;George Kittle;Laken Tomlinson,00-0031262;00-0032761;00-0031081;00-0027943;00-0033875;00-0024421;00-0032131;00-0028278;00-0033890;00-0030380;00-0031366,Bene' Benwikere;Robert Nkemdiche;Zach Moore;Patrick Peterson;Haason Reddick;Antoine Bethea;Rodney Gunter;Josh Bynes;Budda Baker;Benson Mayowa;Deone Bucannon
2018_08_SF_ARI,2781,run,0.0,48.0,48.0,38.0,3:30,2:52,,3.0,12.0,1.0,10.0,"4 DL, 2 LB, 5 DB",;;;;;;;;;;,11,8,,,,,00-0034847;00-0028903;00-0034860;00-0025415;00-0033936;00-0028177;00-0029141;00-0030068;00-0033317;00-0033288;00-0032234,Mike McGlinchey;Garrett Celek;Dante Pettis;Joe Staley;C.J. Beathard;Mike Person;Alfred Morris;Marquise Goodwin;Erik Magnuson;George Kittle;Laken Tomlinson,00-0031262;00-0032761;00-0031081;00-0027943;00-0033875;00-0024421;00-0030484;00-0032131;00-0028278;00-0033890;00-0030380,Bene' Benwikere;Robert Nkemdiche;Zach Moore;Patrick Peterson;Haason Reddick;Antoine Bethea;Jamar Taylor;Rodney Gunter;Josh Bynes;Budda Baker;Benson Mayowa
2018_08_SF_ARI,2807,run,26.0,48.0,22.0,48.0,2:52,2:04,,3.0,12.0,2.0,10.0,"4 DL, 2 LB, 5 DB",;;;;;;;;;;,11,6,,,,,00-0034847;00-0034860;00-0025415;00-0033936;00-0028177;00-0029141;00-0033317;00-0030068;00-0033292;00-0033288;00-0032234,Mike McGlinchey;Dante Pettis;Joe Staley;C.J. Beathard;Mike Person;Alfred Morris;Erik Magnuson;Marquise Goodwin;Trent Taylor;George Kittle;Laken Tomlinson,00-0029585;00-0031262;00-0032761;00-0027943;00-0033875;00-0024421;00-0030484;00-0032131;00-0028278;00-0033890;00-0030380,Chandler Jones;Bene' Benwikere;Robert Nkemdiche;Patrick Peterson;Haason Reddick;Antoine Bethea;Jamar Taylor;Rodney Gunter;Josh Bynes;Budda Baker;Benson Mayowa
2018_08_SF_ARI,2829,run,2.0,22.0,20.0,35.0,2:04,1:29,,3.0,12.0,1.0,10.0,"4 DL, 3 LB, 4 DB",;;;;;;;;;;,11,7,,,,,00-0029892;00-0033308;00-0034847;00-0028903;00-0025415;00-0033936;00-0028177;00-0030068;00-0033317;00-0033288;00-0032234,Kyle Juszczyk;Matt Breida;Mike McGlinchey;Garrett Celek;Joe Staley;C.J. Beathard;Mike Person;Marquise Goodwin;Erik Magnuson;George Kittle;Laken Tomlinson,00-0029585;00-0031914;00-0031262;00-0027943;00-0033875;00-0024421;00-0032131;00-0028278;00-0033890;00-0030380;00-0031366,Chandler Jones;Olsen Pierre;Bene' Benwikere;Patrick Peterson;Haason Reddick;Antoine Bethea;Rodney Gunter;Josh Bynes;Budda Baker;Benson Mayowa;Deone Bucannon
2018_08_SF_ARI,2850,run,6.0,20.0,14.0,15.0,1:29,1:14,,3.0,12.0,2.0,8.0,"4 DL, 3 LB, 4 DB",;;;;;;;;;;,11,8,,,,,00-0029892;00-0033308;00-0034847;00-0028903;00-0025415;00-0033936;00-0028177;00-0030068;00-0033317;00-0033288;00-0032234,Kyle Juszczyk;Matt Breida;Mike McGlinchey;Garrett Celek;Joe Staley;C.J. Beathard;Mike Person;Marquise Goodwin;Erik Magnuson;George Kittle;Laken Tomlinson,00-0029585;00-0031914;00-0031262;00-0027943;00-0033875;00-0024421;00-0032131;00-0028278;00-0033890;00-0030380;00-0031366,Chandler Jones;Olsen Pierre;Bene' Benwikere;Patrick Peterson;Haason Reddick;Antoine Bethea;Rodney Gunter;Josh Bynes;Budda Baker;Benson Mayowa;Deone Bucannon
2018_08_SF_ARI,2874,pass,10.0,14.0,4.0,39.0,1:14,0:35,,3.0,12.0,3.0,2.0,"4 DL, 3 LB, 4 DB",;;;;;;;;;;,11,8,4,ZONE_COVERAGE,COVER_3,False,00-0029892;00-0033308;00-0034847;00-0028903;00-0025415;00-0033936;00-0028177;00-0030068;00-0033317;00-0033288;00-0032234,Kyle Juszczyk;Matt Breida;Mike McGlinchey;Garrett Celek;Joe Staley;C.J. Beathard;Mike Person;Marquise Goodwin;Erik Magnuson;George Kittle;Laken Tomlinson,00-0029585;00-0031262;00-0031081;00-0027943;00-0032127;00-0033875;00-0033792;00-0032131;00-0028278;00-0033890;00-0031366,Chandler Jones;Bene' Benwikere;Zach Moore;Patrick Peterson;Markus Golden;Haason Reddick;Rudy Ford;Rodney Gunter;Josh Bynes;Budda Baker;Deone Bucannon
2018_08_SF_ARI,2898,run,0.0,4.0,4.0,35.0,0:35,0:00,,3.0,12.0,1.0,4.0,"4 DL, 3 LB, 4 DB",;;;;;;;;;;,11,7,,,,,00-0029892;00-0033308;00-0034847;00-0025415;00-0033936;00-0033307;00-0028177;00-0030068;00-0033317;00-0033288;00-0032234,Kyle Juszczyk;Matt Breida;Mike McGlinchey;Joe Staley;C.J. Beathard;Kendrick Bourne;Mike Person;Marquise Goodwin;Erik Magnuson;George Kittle;Laken Tomlinson,00-0029585;00-0031262;00-0032761;00-0027943;00-0032127;00-0033875;00-0033792;00-0032131;00-0028278;00-0033890;00-0031366,Chandler Jones;Bene' Benwikere;Robert Nkemdiche;Patrick Peterson;Markus Golden;Haason Reddick;Rudy Ford;Rodney Gunter;Josh Bynes;Budda Baker;Deone Bucannon
2018_08_SF_ARI,2919,start_quarter_4,,,,0.0,0:00,0:00,,3.0,12.0,,0.0,,,0,,,,,,,,,
2018_08_SF_ARI,2936,run,-2.0,4.0,6.0,40.0,15:00,14:20,,3.0,12.0,2.0,4.0,"4 DL, 3 LB, 4 DB",;;;;;;;;;;,11,9,,,,,00-0029892;00-0033308;00-0034847;00-0025415;00-0033936;00-0033307;00-0028177;00-0030068;00-0033317;00-0033288;00-0032234,Kyle Juszczyk;Matt Breida;Mike McGlinchey;Joe Staley;C.J. Beathard;Kendrick Bourne;Mike Person;Marquise Goodwin;Erik Magnuson;George Kittle;Laken Tomlinson,00-0029585;00-0031262;00-0032761;00-0027943;00-0032127;00-0033875;00-0024421;00-0032131;00-0028278;00-0033890;00-0031366,Chandler Jones;Bene' Benwikere;Robert Nkemdiche;Patrick Peterson;Markus Golden;Haason Reddick;Antoine Bethea;Rodney Gunter;Josh Bynes;Budda Baker;Deone Bucannon
2018_08_SF_ARI,2957,run,4.0,6.0,2.0,43.0,14:20,13:37,,3.0,12.0,3.0,6.0,"4 DL, 2 LB, 5 DB",;;;;;;;;;;,11,5,,,,,00-0033308;00-0034847;00-0025415;00-0033936;00-0033307;00-0028177;00-0030068;00-0033317;00-0033288;00-0033292;00-0032234,Matt Breida;Mike McGlinchey;Joe Staley;C.J. Beathard;Kendrick Bourne;Mike Person;Marquise Goodwin;Erik Magnuson;George Kittle;Trent Taylor;Laken Tomlinson,00-0029585;00-0031262;00-0032761;00-0027943;00-0032127;00-0033875;00-0024421;00-0030484;00-0032131;00-0028278;00-0033890,Chandler Jones;Bene' Benwikere;Robert Nkemdiche;Patrick Peterson;Markus Golden;Haason Reddick;Antoine Bethea;Jamar Taylor;Rodney Gunter;Josh Bynes;Budda Baker
2018_08_SF_ARI,2978,field_goal,0.0,2.0,2.0,4.0,13:37,13:33,,3.0,15.0,4.0,2.0,,;;;;;;;;;;,11,,,,,,00-0032065;00-0034847;00-0030899;00-0028374;00-0033151;00-0025415;00-0032164;00-0032378;00-0032413;00-0023252;00-0032234,Bradley Pinion;Mike McGlinchey;Garry Gilliam;Kyle Nelson;Joshua Garnett;Joe Staley;Arik Armstead;DeForest Buckner;Ronald Blair;Robbie Gould;Laken Tomlinson,00-0029585;00-0032809;00-0031914;00-0031262;00-0031081;00-0027943;00-0034473;00-0033792;00-0032131;00-0028278;00-0033890,Chandler Jones;Joe Walker;Olsen Pierre;Bene' Benwikere;Zach Moore;Patrick Peterson;Dennis Gardeck;Rudy Ford;Rodney Gunter;Josh Bynes;Budda Baker
2018_08_SF_ARI,3012,kickoff,0.0,35.0,35.0,0.0,13:33,13:33,,3.0,15.0,,0.0,,;;;;;;;;;;,11,,,,,,00-0032065;00-0034073;00-0034860;00-0031267;00-0033306;00-0032479;00-0031961;00-0034384;00-0034263;00-0033292;00-0034286,Bradley Pinion;Ross Dwelley;Dante Pettis;Antone Exum;Victor Bolden;Tyvis Powell;Mark Nzeocha;D.J. Reed;Tarvarius Moore;Trent Taylor;Richie James,00-0034681;00-0034490;00-0033789;00-0029520;00-0032809;00-0029068;00-0034473;00-0033792;00-0030385;00-0031884;00-0031366,Chase Edmonds;Ezekiel Turner;T.J. Logan;Eddie Pleasant;Joe Walker;Derrick Coleman;Dennis Gardeck;Rudy Ford;Gerald Hodges;Gabe Holmes;Deone Bucannon
2018_08_SF_ARI,3027,pass,3.0,75.0,72.0,38.0,13:33,12:55,,3.0,15.0,1.0,10.0,"4 DL, 3 LB, 4 DB",;;;;;;;;;;,11,8,4,ZONE_COVERAGE,COVER_3,False,00-0029762;00-0034785;00-0026982;00-0027873;00-0032222;00-0032112;00-0033611;00-0022921;00-0034343;00-0032187;00-0027869,John Wetzel;Mason Cole;Andre Smith;Jermaine Gresham;D.J. Humphries;J.J. Nelson;Ricky Seals-Jones;Larry Fitzgerald;Josh Rosen;David Johnson;Mike Iupati,00-0033870;00-0031267;00-0028180;00-0033783;00-0032164;00-0032378;00-0033973;00-0027684;00-0034815;00-0028092;00-0031298,Solomon Thomas;Antone Exum;Malcolm Smith;Ahkello Witherspoon;Arik Armstead;DeForest Buckner;Elijah Lee;Earl Mitchell;Fred Warner;Richard Sherman;Jimmie Ward
2018_08_SF_ARI,3051,run,3.0,72.0,69.0,39.0,12:55,12:16,,3.0,15.0,2.0,7.0,"4 DL, 2 LB, 5 DB",;;;;;;;;;;,11,6,,,,,00-0029762;00-0034785;00-0033933;00-0026982;00-0034775;00-0032222;00-0033611;00-0022921;00-0034343;00-0032187;00-0027869,John Wetzel;Mason Cole;Chad Williams;Andre Smith;Christian Kirk;D.J. Humphries;Ricky Seals-Jones;Larry Fitzgerald;Josh Rosen;David Johnson;Mike Iupati,00-0033870;00-0031267;00-0028180;00-0033783;00-0032164;00-0032378;00-0027684;00-0034815;00-0028092;00-0031253;00-0031298,Solomon Thomas;Antone Exum;Malcolm Smith;Ahkello Witherspoon;Arik Armstead;DeForest Buckner;Earl Mitchell;Fred Warner;Richard Sherman;K'Waun Williams;Jimmie Ward
2018_08_SF_ARI,3072,pass,6.0,69.0,63.0,26.0,12:16,11:50,,3.0,15.0,3.0,4.0,"4 DL, 2 LB, 5 DB",;;;;;;;;;;,11,6,4,ZONE_COVERAGE,COVER_3,False,00-0029762;00-0034785;00-0026982;00-0034775;00-0027873;00-0032222;00-0033611;00-0022921;00-0032187;00-0034343;00-0027869,John Wetzel;Mason Cole;Andre Smith;Christian Kirk;Jermaine Gresham;D.J. Humphries;Ricky Seals-Jones;Larry Fitzgerald;David Johnson;Josh Rosen;Mike Iupati,00-0033870;00-0031267;00-0028180;00-0033783;00-0032378;00-0034815;00-0032413;00-0028092;00-0031253;00-0031175;00-0031298,Solomon Thomas;Antone Exum;Malcolm Smith;Ahkello Witherspoon;DeForest Buckner;Fred Warner;Ronald Blair;Richard Sherman;K'Waun Williams;Cassius Marsh;Jimmie Ward
2018_08_SF_ARI,3099,pass,37.0,63.0,26.0,36.0,11:50,11:14,,3.0,15.0,1.0,10.0,"4 DL, 3 LB, 4 DB",;;;;;;;;;;,11,7,6,ZONE_COVERAGE,COVER_3,True,00-0029762;00-0034785;00-0026982;00-0034775;00-0027873;00-0032222;00-0033611;00-0022921;00-0034343;00-0032187;00-0027869,John Wetzel;Mason Cole;Andre Smith;Christian Kirk;Jermaine Gresham;D.J. Humphries;Ricky Seals-Jones;Larry Fitzgerald;Josh Rosen;David Johnson;Mike Iupati,00-0033870;00-0032479;00-0028180;00-0033783;00-0032164;00-0032378;00-0033973;00-0027684;00-0034815;00-0028092;00-0031298,Solomon Thomas;Tyvis Powell;Malcolm Smith;Ahkello Witherspoon;Arik Armstead;DeForest Buckner;Elijah Lee;Earl Mitchell;Fred Warner;Richard Sherman;Jimmie Ward
2018_08_SF_ARI,3134,pass,0.0,13.0,13.0,3.0,11:14,11:11,,3.0,15.0,1.0,10.0,"4 DL, 2 LB, 5 DB",;;;;;;;;;;,11,5,4,MAN_COVERAGE,COVER_1,False,00-0029762;00-0033789;00-0034785;00-0033933;00-0026982;00-0034775;00-0032222;00-0033611;00-0022921;00-0034343;00-0027869,John Wetzel;T.J. Logan;Mason Cole;Chad Williams;Andre Smith;Christian Kirk;D.J. Humphries;Ricky Seals-Jones;Larry Fitzgerald;Josh Rosen;Mike Iupati,00-0032479;00-0028180;00-0033783;00-0032164;00-0032378;00-0027684;00-0034815;00-0028092;00-0031253;00-0031175;00-0031298,Tyvis Powell;Malcolm Smith;Ahkello Witherspoon;Arik Armstead;DeForest Buckner;Earl Mitchell;Fred Warner;Richard Sherman;K'Waun Williams;Cassius Marsh;Jimmie Ward
2018_08_SF_ARI,3156,pass,13.0,13.0,0.0,5.0,11:11,11:06,,9.0,15.0,2.0,10.0,"4 DL, 3 LB, 4 DB",;;;;;;;;;;,11,6,4,ZONE_COVERAGE,COVER_4,True,00-0029762;00-0034785;00-0033933;00-0026982;00-0027873;00-0032222;00-0033611;00-0022921;00-0032187;00-0034343;00-0027869,John Wetzel;Mason Cole;Chad Williams;Andre Smith;Jermaine Gresham;D.J. Humphries;Ricky Seals-Jones;Larry Fitzgerald;David Johnson;Josh Rosen;Mike Iupati,00-0033870;00-0032479;00-0028180;00-0033783;00-0032164;00-0032378;00-0033973;00-0027684;00-0034815;00-0028092;00-0031298,Solomon Thomas;Tyvis Powell;Malcolm Smith;Ahkello Witherspoon;Arik Armstead;DeForest Buckner;Elijah Lee;Earl Mitchell;Fred Warner;Richard Sherman;Jimmie Ward
2018_08_SF_ARI,3176,extra_point,0.0,15.0,15.0,0.0,11:06,11:06,,10.0,15.0,,0.0,,;;;;;;;;;;,11,,,,,,00-0029762;00-0022824;00-0026982;00-0032192;00-0028946;00-0027873;00-0032222;00-0004091;00-0032131;00-0031884;00-0027869,John Wetzel;Andy Lee;Andre Smith;Daniel Munyer;Aaron Brewer;Jermaine Gresham;D.J. Humphries;Phil Dawson;Rodney Gunter;Gabe Holmes;Mike Iupati,00-0033870;00-0032479;00-0033783;00-0031961;00-0032378;00-0033973;00-0027684;00-0034815;00-0031175;00-0034263;00-0031298,Solomon Thomas;Tyvis Powell;Ahkello Witherspoon;Mark Nzeocha;DeForest Buckner;Elijah Lee;Earl Mitchell;Fred Warner;Cassius Marsh;Tarvarius Moore;Jimmie Ward
2018_08_SF_ARI,3207,kickoff,0.0,35.0,35.0,0.0,11:06,11:06,,10.0,15.0,,0.0,,;;;;;;;;;;,11,,,,,,00-0034490;00-0029520;00-0032809;00-0029068;00-0032769;00-0034473;00-0004091;00-0033792;00-0030385;00-0033890;00-0031366,Ezekiel Turner;Eddie Pleasant;Joe Walker;Derrick Coleman;Brandon Williams;Dennis Gardeck;Phil Dawson;Rudy Ford;Gerald Hodges;Budda Baker;Deone Bucannon,00-0028903;00-0034073;00-0031687;00-0033306;00-0032479;00-0028180;00-0031961;00-0033973;00-0034263;00-0031298;00-0034286,Garrett Celek;Ross Dwelley;Raheem Mostert;Victor Bolden;Tyvis Powell;Malcolm Smith;Mark Nzeocha;Elijah Lee;Tarvarius Moore;Jimmie Ward;Richie James
2018_08_SF_ARI,3222,pass,10.0,75.0,65.0,39.0,11:06,10:27,,10.0,15.0,1.0,10.0,"4 DL, 3 LB, 4 DB",;;;;;;;;;;,11,8,6,MAN_COVERAGE,COVER_1,True,00-0029892;00-0033308;00-0034847;00-0025415;00-0033936;00-0033307;00-0028177;00-0030068;00-0033317;00-0033288;00-0032234,Kyle Juszczyk;Matt Breida;Mike McGlinchey;Joe Staley;C.J. Beathard;Kendrick Bourne;Mike Person;Marquise Goodwin;Erik Magnuson;George Kittle;Laken Tomlinson,00-0029585;00-0031262;00-0032761;00-0027943;00-0032127;00-0033875;00-0024421;00-0032131;00-0028278;00-0033890;00-0031366,Chandler Jones;Bene' Benwikere;Robert Nkemdiche;Patrick Peterson;Markus Golden;Haason Reddick;Antoine Bethea;Rodney Gunter;Josh Bynes;Budda Baker;Deone Bucannon
2018_08_SF_ARI,3246,run,4.0,65.0,61.0,41.0,10:27,9:46,,10.0,15.0,1.0,10.0,"4 DL, 3 LB, 4 DB",;;;;;;;;;;,11,8,,,,,00-0029892;00-0033308;00-0034847;00-0025415;00-0033936;00-0033307;00-0028177;00-0030068;00-0033317;00-0033288;00-0032234,Kyle Juszczyk;Matt Breida;Mike McGlinchey;Joe Staley;C.J. Beathard;Kendrick Bourne;Mike Person;Marquise Goodwin;Erik Magnuson;George Kittle;Laken Tomlinson,00-0029585;00-0031262;00-0032761;00-0027943;00-0032127;00-0033875;00-0024421;00-0032131;00-0028278;00-0033890;00-0031366,Chandler Jones;Bene' Benwikere;Robert Nkemdiche;Patrick Peterson;Markus Golden;Haason Reddick;Antoine Bethea;Rodney Gunter;Josh Bynes;Budda Baker;Deone Bucannon
2018_08_SF_ARI,3267,no_play,0.0,61.0,61.0,20.0,9:46,9:26,,10.0,15.0,2.0,6.0,"4 DL, 2 LB, 5 DB",;;;;;;;;;;,11,6,,,,,00-0033308;00-0034847;00-0028903;00-0025415;00-0033936;00-0033307;00-0033306;00-0028177;00-0033317;00-0033288;00-0032234,Matt Breida;Mike McGlinchey;Garrett Celek;Joe Staley;C.J. Beathard;Kendrick Bourne;Victor Bolden;Mike Person;Erik Magnuson;George Kittle;Laken Tomlinson,00-0029585;00-0031262;00-0032761;00-0027943;00-0032127;00-0033875;00-0024421;00-0030484;00-0032131;00-0028278;00-0033890,Chandler Jones;Bene' Benwikere;Robert Nkemdiche;Patrick Peterson;Markus Golden;Haason Reddick;Antoine Bethea;Jamar Taylor;Rodney Gunter;Josh Bynes;Budda Baker
2018_08_SF_ARI,3299,pass,15.0,71.0,56.0,43.0,9:26,8:43,,10.0,15.0,2.0,16.0,"4 DL, 2 LB, 5 DB",;;;;;;;;;;,11,7,4,ZONE_COVERAGE,COVER_3,True,00-0034847;00-0025415;00-0033936;00-0033307;00-0031687;00-0028177;00-0030068;00-0033317;00-0033288;00-0033292;00-0032234,Mike McGlinchey;Joe Staley;C.J. Beathard;Kendrick Bourne;Raheem Mostert;Mike Person;Marquise Goodwin;Erik Magnuson;George Kittle;Trent Taylor;Laken Tomlinson,00-0029585;00-0031262;00-0032761;00-0027943;00-0032127;00-0033875;00-0024421;00-0030484;00-0032131;00-0028278;00-0033890,Chandler Jones;Bene' Benwikere;Robert Nkemdiche;Patrick Peterson;Markus Golden;Haason Reddick;Antoine Bethea;Jamar Taylor;Rodney Gunter;Josh Bynes;Budda Baker
2018_08_SF_ARI,3323,run,1.0,56.0,55.0,45.0,8:43,7:58,,10.0,15.0,3.0,1.0,"4 DL, 2 LB, 5 DB",;;;;;;;;;;,11,8,,,,,00-0028903;00-0034847;00-0025415;00-0033936;00-0033307;00-0031687;00-0028177;00-0030068;00-0033317;00-0033288;00-0032234,Garrett Celek;Mike McGlinchey;Joe Staley;C.J. Beathard;Kendrick Bourne;Raheem Mostert;Mike Person;Marquise Goodwin;Erik Magnuson;George Kittle;Laken Tomlinson,00-0029585;00-0031262;00-0032761;00-0027943;00-0032127;00-0033875;00-0024421;00-0030484;00-0032131;00-0028278;00-0033890,Chandler Jones;Bene' Benwikere;Robert Nkemdiche;Patrick Peterson;Markus Golden;Haason Reddick;Antoine Bethea;Jamar Taylor;Rodney Gunter;Josh Bynes;Budda Baker
2018_08_SF_ARI,3344,pass,0.0,55.0,55.0,8.0,7:58,7:50,,10.0,15.0,1.0,10.0,"4 DL, 3 LB, 4 DB",;;;;;;;;;;,11,8,4,ZONE_COVERAGE,COVER_3,True,00-0029892;00-0034847;00-0028903;00-0025415;00-0033936;00-0028177;00-0029141;00-0033317;00-0030068;00-0033288;00-0032234,Kyle Juszczyk;Mike McGlinchey;Garrett Celek;Joe Staley;C.J. Beathard;Mike Person;Alfred Morris;Erik Magnuson;Marquise Goodwin;George Kittle;Laken Tomlinson,00-0029585;00-0031914;00-0031262;00-0027943;00-0033875;00-0024421;00-0032131;00-0028278;00-0033890;00-0030380;00-0031366,Chandler Jones;Olsen Pierre;Bene' Benwikere;Patrick Peterson;Haason Reddick;Antoine Bethea;Rodney Gunter;Josh Bynes;Budda Baker;Benson Mayowa;Deone Bucannon
2018_08_SF_ARI,3366,run,-2.0,55.0,57.0,42.0,7:50,7:08,,10.0,15.0,2.0,10.0,"4 DL, 2 LB, 5 DB",;;;;;;;;;;,11,7,,,,,00-0034847;00-0028903;00-0025415;00-0033936;00-0033307;00-0033306;00-0028177;00-0029141;00-0033317;00-0033288;00-0032234,Mike McGlinchey;Garrett Celek;Joe Staley;C.J. Beathard;Kendrick Bourne;Victor Bolden;Mike Person;Alfred Morris;Erik Magnuson;George Kittle;Laken Tomlinson,00-0029585;00-0031262;00-0031914;00-0027943;00-0033875;00-0024421;00-0030484;00-0032131;00-0028278;00-0033890;00-0030380,Chandler Jones;Bene' Benwikere;Olsen Pierre;Patrick Peterson;Haason Reddick;Antoine Bethea;Jamar Taylor;Rodney Gunter;Josh Bynes;Budda Baker;Benson Mayowa
2018_08_SF_ARI,3387,pass,0.0,57.0,57.0,9.0,7:08,6:59,,10.0,15.0,3.0,12.0,"4 DL, 2 LB, 5 DB",;;;;;;;;;;,11,6,4,ZONE_COVERAGE,COVER_4,True,00-0029892;00-0034847;00-0025415;00-0033936;00-0033307;00-0028177;00-0033317;00-0030068;00-0033292;00-0033288;00-0032234,Kyle Juszczyk;Mike McGlinchey;Joe Staley;C.J. Beathard;Kendrick Bourne;Mike Person;Erik Magnuson;Marquise Goodwin;Trent Taylor;George Kittle;Laken Tomlinson,00-0029585;00-0031914;00-0031262;00-0027943;00-0033875;00-0024421;00-0030484;00-0032131;00-0028278;00-0033890;00-0030380,Chandler Jones;Olsen Pierre;Bene' Benwikere;Patrick Peterson;Haason Reddick;Antoine Bethea;Jamar Taylor;Rodney Gunter;Josh Bynes;Budda Baker;Benson Mayowa
2018_08_SF_ARI,3409,punt,0.0,57.0,57.0,7.0,6:59,6:52,,10.0,15.0,4.0,12.0,,;;;;;;;;;;,11,,,,,,00-0029892;00-0032065;00-0028903;00-0028374;00-0031687;00-0032479;00-0031961;00-0033973;00-0034815;00-0031175;00-0034263,Kyle Juszczyk;Bradley Pinion;Garrett Celek;Kyle Nelson;Raheem Mostert;Tyvis Powell;Mark Nzeocha;Elijah Lee;Fred Warner;Cassius Marsh;Tarvarius Moore,00-0034490;00-0029520;00-0032809;00-0034775;00-0029068;00-0032769;00-0027943;00-0034473;00-0033792;00-0030385;00-0031884,Ezekiel Turner;Eddie Pleasant;Joe Walker;Christian Kirk;Derrick Coleman;Brandon Williams;Patrick Peterson;Dennis Gardeck;Rudy Ford;Gerald Hodges;Gabe Holmes
2018_08_SF_ARI,3428,run,8.0,83.0,75.0,41.0,6:52,6:11,,10.0,15.0,1.0,10.0,"4 DL, 2 LB, 5 DB",;;;;;;;;;;,11,6,,,,,00-0029762;00-0034785;00-0033933;00-0026982;00-0032222;00-0032112;00-0033611;00-0022921;00-0034343;00-0032187;00-0027869,John Wetzel;Mason Cole;Chad Williams;Andre Smith;D.J. Humphries;J.J. Nelson;Ricky Seals-Jones;Larry Fitzgerald;Josh Rosen;David Johnson;Mike Iupati,00-0033870;00-0032479;00-0033783;00-0032378;00-0033973;00-0033010;00-0034815;00-0032413;00-0028092;00-0031253;00-0031298,Solomon Thomas;Tyvis Powell;Ahkello Witherspoon;DeForest Buckner;Elijah Lee;Sheldon Day;Fred Warner;Ronald Blair;Richard Sherman;K'Waun Williams;Jimmie Ward
2018_08_SF_ARI,3449,run,13.0,75.0,62.0,40.0,6:11,5:31,,10.0,15.0,2.0,2.0,"4 DL, 2 LB, 5 DB",;;;;;;;;;;,11,6,,,,,00-0029762;00-0034785;00-0033933;00-0026982;00-0034775;00-0027873;00-0032222;00-0022921;00-0032187;00-0034343;00-0027869,John Wetzel;Mason Cole;Chad Williams;Andre Smith;Christian Kirk;Jermaine Gresham;D.J. Humphries;Larry Fitzgerald;David Johnson;Josh Rosen;Mike Iupati,00-0033870;00-0032479;00-0033783;00-0032378;00-0033973;00-0033010;00-0034815;00-0032413;00-0028092;00-0031253;00-0031298,Solomon Thomas;Tyvis Powell;Ahkello Witherspoon;DeForest Buckner;Elijah Lee;Sheldon Day;Fred Warner;Ronald Blair;Richard Sherman;K'Waun Williams;Jimmie Ward
2018_08_SF_ARI,3470,run,3.0,62.0,59.0,27.0,5:31,5:04,,10.0,15.0,1.0,10.0,"4 DL, 2 LB, 5 DB",;;;;;;;;;;,11,6,,,,,00-0029762;00-0034785;00-0033933;00-0026982;00-0034775;00-0027873;00-0032222;00-0022921;00-0032187;00-0034343;00-0027869,John Wetzel;Mason Cole;Chad Williams;Andre Smith;Christian Kirk;Jermaine Gresham;D.J. Humphries;Larry Fitzgerald;David Johnson;Josh Rosen;Mike Iupati,00-0033870;00-0032479;00-0033783;00-0032164;00-0032378;00-0033973;00-0027684;00-0034815;00-0028092;00-0031253;00-0031298,Solomon Thomas;Tyvis Powell;Ahkello Witherspoon;Arik Armstead;DeForest Buckner;Elijah Lee;Earl Mitchell;Fred Warner;Richard Sherman;K'Waun Williams;Jimmie Ward
2018_08_SF_ARI,3502,run,9.0,69.0,60.0,8.0,5:04,4:56,,10.0,15.0,1.0,17.0,"4 DL, 2 LB, 5 DB",;;;;;;;;;;,11,6,4,,,,00-0034681;00-0029762;00-0034785;00-0033933;00-0026982;00-0034775;00-0032222;00-0033611;00-0022921;00-0034343;00-0027869,Chase Edmonds;John Wetzel;Mason Cole;Chad Williams;Andre Smith;Christian Kirk;D.J. Humphries;Ricky Seals-Jones;Larry Fitzgerald;Josh Rosen;Mike Iupati,00-0032479;00-0033783;00-0032164;00-0032378;00-0033973;00-0027684;00-0034815;00-0028092;00-0031253;00-0031175;00-0031298,Tyvis Powell;Ahkello Witherspoon;Arik Armstead;DeForest Buckner;Elijah Lee;Earl Mitchell;Fred Warner;Richard Sherman;K'Waun Williams;Cassius Marsh;Jimmie Ward
2018_08_SF_ARI,3533,turnover,13.0,60.0,47.0,12.0,4:56,4:44,,10.0,15.0,2.0,8.0,"4 DL, 2 LB, 5 DB",;;;;;;;;;;,11,6,5,MAN_COVERAGE,COVER_1,False,00-0027869;00-0027873;00-0034775;00-0032112;00-0034785;00-0029762;00-0026982;00-0022921;00-0034681;00-0032222;00-0034343,Mike Iupati;Jermaine Gresham;Christian Kirk;J.J. Nelson;Mason Cole;John Wetzel;Andre Smith;Larry Fitzgerald;Chase Edmonds;D.J. Humphries;Josh Rosen,00-0027684;00-0032378;00-0032413;00-0031298;00-0028092;00-0031253;00-0033783;00-0032479;00-0033973;00-0031175;00-0034815,Earl Mitchell;DeForest Buckner;Ronald Blair;Jimmie Ward;Richard Sherman;K'Waun Williams;Ahkello Witherspoon;Tyvis Powell;Elijah Lee;Cassius Marsh;Fred Warner
2018_08_SF_ARI,3606,run,2.0,70.0,68.0,38.0,4:44,4:06,,10.0,15.0,1.0,10.0,"4 DL, 3 LB, 4 DB",;;;;;;;;;;,11,8,,,,,00-0029892;00-0033308;00-0034847;00-0028903;00-0025415;00-0033936;00-0033307;00-0028177;00-0030068;00-0033317;00-0032234,Kyle Juszczyk;Matt Breida;Mike McGlinchey;Garrett Celek;Joe Staley;C.J. Beathard;Kendrick Bourne;Mike Person;Marquise Goodwin;Erik Magnuson;Laken Tomlinson,00-0029585;00-0031262;00-0032761;00-0027943;00-0032127;00-0033875;00-0024421;00-0032131;00-0028278;00-0033890;00-0031366,Chandler Jones;Bene' Benwikere;Robert Nkemdiche;Patrick Peterson;Markus Golden;Haason Reddick;Antoine Bethea;Rodney Gunter;Josh Bynes;Budda Baker;Deone Bucannon
2018_08_SF_ARI,3627,run,1.0,68.0,67.0,7.0,4:06,3:59,,10.0,15.0,2.0,8.0,"4 DL, 2 LB, 5 DB",;;;;;;;;;;,11,8,,,,,00-0033308;00-0034847;00-0028903;00-0025415;00-0033936;00-0033307;00-0028177;00-0030068;00-0033317;00-0033288;00-0032234,Matt Breida;Mike McGlinchey;Garrett Celek;Joe Staley;C.J. Beathard;Kendrick Bourne;Mike Person;Marquise Goodwin;Erik Magnuson;George Kittle;Laken Tomlinson,00-0029585;00-0031262;00-0032761;00-0027943;00-0032127;00-0033875;00-0024421;00-0030484;00-0032131;00-0028278;00-0033890,Chandler Jones;Bene' Benwikere;Robert Nkemdiche;Patrick Peterson;Markus Golden;Haason Reddick;Antoine Bethea;Jamar Taylor;Rodney Gunter;Josh Bynes;Budda Baker
2018_08_SF_ARI,3665,run,2.0,62.0,60.0,43.0,3:59,3:16,,10.0,15.0,1.0,10.0,"4 DL, 2 LB, 5 DB",;;;;;;;;;;,11,6,,,,,00-0034847;00-0028903;00-0025415;00-0033936;00-0033307;00-0028177;00-0029141;00-0033317;00-0030068;00-0033288;00-0032234,Mike McGlinchey;Garrett Celek;Joe Staley;C.J. Beathard;Kendrick Bourne;Mike Person;Alfred Morris;Erik Magnuson;Marquise Goodwin;George Kittle;Laken Tomlinson,00-0029585;00-0031914;00-0031262;00-0032761;00-0027943;00-0032127;00-0033875;00-0024421;00-0030484;00-0028278;00-0033890,Chandler Jones;Olsen Pierre;Bene' Benwikere;Robert Nkemdiche;Patrick Peterson;Markus Golden;Haason Reddick;Antoine Bethea;Jamar Taylor;Josh Bynes;Budda Baker
2018_08_SF_ARI,3686,run,2.0,60.0,58.0,43.0,3:16,2:33,,10.0,15.0,2.0,8.0,"4 DL, 3 LB, 4 DB",;;;;;;;;;;,11,8,,,,,00-0029892;00-0034847;00-0028903;00-0025415;00-0033936;00-0033307;00-0028177;00-0029141;00-0033317;00-0030068;00-0032234,Kyle Juszczyk;Mike McGlinchey;Garrett Celek;Joe Staley;C.J. Beathard;Kendrick Bourne;Mike Person;Alfred Morris;Erik Magnuson;Marquise Goodwin;Laken Tomlinson,00-0029585;00-0031262;00-0032761;00-0027943;00-0032127;00-0033875;00-0024421;00-0032131;00-0028278;00-0033890;00-0031366,Chandler Jones;Bene' Benwikere;Robert Nkemdiche;Patrick Peterson;Markus Golden;Haason Reddick;Antoine Bethea;Rodney Gunter;Josh Bynes;Budda Baker;Deone Bucannon
2018_08_SF_ARI,3707,pass,-8.0,58.0,66.0,10.0,2:33,2:23,,10.0,15.0,3.0,6.0,"4 DL, 2 LB, 5 DB",;;;;;;;;;;,11,7,7,,,,00-0029892;00-0034847;00-0025415;00-0033307;00-0033936;00-0028177;00-0033317;00-0030068;00-0033292;00-0033288;00-0032234,Kyle Juszczyk;Mike McGlinchey;Joe Staley;Kendrick Bourne;C.J. Beathard;Mike Person;Erik Magnuson;Marquise Goodwin;Trent Taylor;George Kittle;Laken Tomlinson,00-0029585;00-0031262;00-0032761;00-0027943;00-0032127;00-0033875;00-0024421;00-0030484;00-0032131;00-0028278;00-0033890,Chandler Jones;Bene' Benwikere;Robert Nkemdiche;Patrick Peterson;Markus Golden;Haason Reddick;Antoine Bethea;Jamar Taylor;Rodney Gunter;Josh Bynes;Budda Baker
2018_08_SF_ARI,3726,timeout,0.0,,,0.0,2:23,2:23,ARI,10.0,15.0,,0.0,,,0,,,,,,,,,
2018_08_SF_ARI,3743,punt,0.0,66.0,66.0,7.0,2:23,2:16,,10.0,15.0,4.0,14.0,,;;;;;;;;;;,11,,,,,,00-0029892;00-0032065;00-0028903;00-0028374;00-0031687;00-0032479;00-0031961;00-0033973;00-0034815;00-0031175;00-0034263,Kyle Juszczyk;Bradley Pinion;Garrett Celek;Kyle Nelson;Raheem Mostert;Tyvis Powell;Mark Nzeocha;Elijah Lee;Fred Warner;Cassius Marsh;Tarvarius Moore,00-0034490;00-0029520;00-0032809;00-0031262;00-0034775;00-0029068;00-0032769;00-0034473;00-0033792;00-0030385;00-0031884,Ezekiel Turner;Eddie Pleasant;Joe Walker;Bene' Benwikere;Christian Kirk;Derrick Coleman;Brandon Williams;Dennis Gardeck;Rudy Ford;Gerald Hodges;Gabe Holmes
2018_08_SF_ARI,3761,pass,0.0,73.0,73.0,5.0,2:16,2:11,,10.0,15.0,1.0,10.0,"4 DL, 2 LB, 5 DB",;;;;;;;;;;,11,6,5,MAN_COVERAGE,COVER_1,True,00-0034681;00-0029762;00-0034785;00-0033933;00-0026982;00-0034775;00-0032222;00-0033611;00-0022921;00-0034343;00-0027869,Chase Edmonds;John Wetzel;Mason Cole;Chad Williams;Andre Smith;Christian Kirk;D.J. Humphries;Ricky Seals-Jones;Larry Fitzgerald;Josh Rosen;Mike Iupati,00-0033870;00-0032479;00-0028180;00-0033783;00-0032378;00-0034815;00-0028092;00-0032413;00-0031253;00-0031175;00-0031298,Solomon Thomas;Tyvis Powell;Malcolm Smith;Ahkello Witherspoon;DeForest Buckner;Fred Warner;Richard Sherman;Ronald Blair;K'Waun Williams;Cassius Marsh;Jimmie Ward
2018_08_SF_ARI,3783,pass,0.0,73.0,73.0,4.0,2:11,2:07,,10.0,15.0,2.0,10.0,"4 DL, 2 LB, 5 DB",;;;;;;;;;;,11,5,4,ZONE_COVERAGE,COVER_3,False,00-0034681;00-0029762;00-0034785;00-0033933;00-0026982;00-0034775;00-0032222;00-0033611;00-0022921;00-0034343;00-0027869,Chase Edmonds;John Wetzel;Mason Cole;Chad Williams;Andre Smith;Christian Kirk;D.J. Humphries;Ricky Seals-Jones;Larry Fitzgerald;Josh Rosen;Mike Iupati,00-0033870;00-0032479;00-0028180;00-0033783;00-0032378;00-0034815;00-0032413;00-0028092;00-0031253;00-0031175;00-0031298,Solomon Thomas;Tyvis Powell;Malcolm Smith;Ahkello Witherspoon;DeForest Buckner;Fred Warner;Ronald Blair;Richard Sherman;K'Waun Williams;Cassius Marsh;Jimmie Ward
2018_08_SF_ARI,3805,pass,11.0,73.0,62.0,7.0,2:07,2:00,,10.0,15.0,3.0,10.0,"4 DL, 2 LB, 5 DB",;;;;;;;;;;,11,5,4,MAN_COVERAGE,COVER_1,False,00-0034681;00-0029762;00-0034785;00-0033933;00-0026982;00-0034775;00-0032222;00-0033611;00-0022921;00-0034343;00-0027869,Chase Edmonds;John Wetzel;Mason Cole;Chad Williams;Andre Smith;Christian Kirk;D.J. Humphries;Ricky Seals-Jones;Larry Fitzgerald;Josh Rosen;Mike Iupati,00-0033870;00-0028180;00-0032479;00-0033783;00-0032378;00-0034815;00-0028092;00-0032413;00-0031253;00-0031175;00-0031298,Solomon Thomas;Malcolm Smith;Tyvis Powell;Ahkello Witherspoon;DeForest Buckner;Fred Warner;Richard Sherman;Ronald Blair;K'Waun Williams;Cassius Marsh;Jimmie Ward
2018_08_SF_ARI,3846,pass,20.0,62.0,42.0,20.0,2:00,1:40,,10.0,15.0,1.0,10.0,"4 DL, 2 LB, 5 DB",;;;;;;;;;;,11,5,4,ZONE_COVERAGE,COVER_3,False,00-0034681;00-0029762;00-0034785;00-0026982;00-0034775;00-0032222;00-0032112;00-0033611;00-0022921;00-0034343;00-0027869,Chase Edmonds;John Wetzel;Mason Cole;Andre Smith;Christian Kirk;D.J. Humphries;J.J. Nelson;Ricky Seals-Jones;Larry Fitzgerald;Josh Rosen;Mike Iupati,00-0032479;00-0028180;00-0033783;00-0032164;00-0032378;00-0034815;00-0028092;00-0032413;00-0031253;00-0031175;00-0031298,Tyvis Powell;Malcolm Smith;Ahkello Witherspoon;Arik Armstead;DeForest Buckner;Fred Warner;Richard Sherman;Ronald Blair;K'Waun Williams;Cassius Marsh;Jimmie Ward
2018_08_SF_ARI,3870,pass,0.0,42.0,42.0,4.0,1:40,1:36,,10.0,15.0,1.0,10.0,"4 DL, 2 LB, 5 DB",;;;;;;;;;;,11,6,5,ZONE_COVERAGE,COVER_3,False,00-0034681;00-0029762;00-0034785;00-0026982;00-0034775;00-0032222;00-0032112;00-0033611;00-0022921;00-0034343;00-0027869,Chase Edmonds;John Wetzel;Mason Cole;Andre Smith;Christian Kirk;D.J. Humphries;J.J. Nelson;Ricky Seals-Jones;Larry Fitzgerald;Josh Rosen;Mike Iupati,00-0032479;00-0028180;00-0033783;00-0032164;00-0032378;00-0034815;00-0028092;00-0032413;00-0031253;00-0031175;00-0031298,Tyvis Powell;Malcolm Smith;Ahkello Witherspoon;Arik Armstead;DeForest Buckner;Fred Warner;Richard Sherman;Ronald Blair;K'Waun Williams;Cassius Marsh;Jimmie Ward
2018_08_SF_ARI,3892,pass,19.0,42.0,23.0,7.0,1:36,1:29,,10.0,15.0,2.0,10.0,"4 DL, 2 LB, 5 DB",;;;;;;;;;;,11,5,5,MAN_COVERAGE,COVER_1,False,00-0034681;00-0029762;00-0034785;00-0026982;00-0034775;00-0032222;00-0032112;00-0033611;00-0022921;00-0034343;00-0027869,Chase Edmonds;John Wetzel;Mason Cole;Andre Smith;Christian Kirk;D.J. Humphries;J.J. Nelson;Ricky Seals-Jones;Larry Fitzgerald;Josh Rosen;Mike Iupati,00-0032479;00-0028180;00-0033783;00-0032164;00-0032378;00-0034815;00-0028092;00-0032413;00-0031253;00-0031175;00-0031298,Tyvis Powell;Malcolm Smith;Ahkello Witherspoon;Arik Armstead;DeForest Buckner;Fred Warner;Richard Sherman;Ronald Blair;K'Waun Williams;Cassius Marsh;Jimmie Ward
2018_08_SF_ARI,3916,pass,0.0,23.0,23.0,5.0,1:29,1:24,,10.0,15.0,1.0,10.0,"4 DL, 2 LB, 5 DB",;;;;;;;;;;,11,6,4,ZONE_COVERAGE,COVER_3,False,00-0034681;00-0029762;00-0034785;00-0026982;00-0034775;00-0027873;00-0032222;00-0032112;00-0022921;00-0034343;00-0027869,Chase Edmonds;John Wetzel;Mason Cole;Andre Smith;Christian Kirk;Jermaine Gresham;D.J. Humphries;J.J. Nelson;Larry Fitzgerald;Josh Rosen;Mike Iupati,00-0032479;00-0028180;00-0033783;00-0032164;00-0032378;00-0034815;00-0032413;00-0028092;00-0031253;00-0031175;00-0031298,Tyvis Powell;Malcolm Smith;Ahkello Witherspoon;Arik Armstead;DeForest Buckner;Fred Warner;Ronald Blair;Richard Sherman;K'Waun Williams;Cassius Marsh;Jimmie Ward
2018_08_SF_ARI,3938,no_play,0.0,23.0,23.0,0.0,1:24,1:24,,10.0,15.0,2.0,10.0,"4 DL, 2 LB, 5 DB",;;;;;;;;;;,11,,,,,,00-0034681;00-0029762;00-0034785;00-0026982;00-0034775;00-0032222;00-0032112;00-0033611;00-0022921;00-0034343;00-0027869,Chase Edmonds;John Wetzel;Mason Cole;Andre Smith;Christian Kirk;D.J. Humphries;J.J. Nelson;Ricky Seals-Jones;Larry Fitzgerald;Josh Rosen;Mike Iupati,00-0032479;00-0028180;00-0033783;00-0032164;00-0032378;00-0034815;00-0032413;00-0028092;00-0031253;00-0031175;00-0031298,Tyvis Powell;Malcolm Smith;Ahkello Witherspoon;Arik Armstead;DeForest Buckner;Fred Warner;Ronald Blair;Richard Sherman;K'Waun Williams;Cassius Marsh;Jimmie Ward
2018_08_SF_ARI,3961,pass,13.0,28.0,15.0,26.0,1:24,0:58,,10.0,15.0,2.0,15.0,"4 DL, 2 LB, 5 DB",;;;;;;;;;;,11,5,5,MAN_COVERAGE,2_MAN,False,00-0029762;00-0034785;00-0033933;00-0026982;00-0032222;00-0032112;00-0033611;00-0022921;00-0034343;00-0032187;00-0027869,John Wetzel;Mason Cole;Chad Williams;Andre Smith;D.J. Humphries;J.J. Nelson;Ricky Seals-Jones;Larry Fitzgerald;Josh Rosen;David Johnson;Mike Iupati,00-0032479;00-0028180;00-0033783;00-0032164;00-0032378;00-0034815;00-0032413;00-0028092;00-0031253;00-0031175;00-0031298,Tyvis Powell;Malcolm Smith;Ahkello Witherspoon;Arik Armstead;DeForest Buckner;Fred Warner;Ronald Blair;Richard Sherman;K'Waun Williams;Cassius Marsh;Jimmie Ward
2018_08_SF_ARI,3985,pass,7.0,15.0,8.0,8.0,0:58,0:50,,10.0,15.0,3.0,2.0,"4 DL, 2 LB, 5 DB",;;;;;;;;;;,11,6,4,MAN_COVERAGE,COVER_1,False,00-0029762;00-0034785;00-0033933;00-0026982;00-0032222;00-0032112;00-0033611;00-0022921;00-0034343;00-0032187;00-0027869,John Wetzel;Mason Cole;Chad Williams;Andre Smith;D.J. Humphries;J.J. Nelson;Ricky Seals-Jones;Larry Fitzgerald;Josh Rosen;David Johnson;Mike Iupati,00-0032479;00-0028180;00-0033783;00-0032164;00-0032378;00-0034815;00-0032413;00-0028092;00-0031253;00-0031175;00-0031298,Tyvis Powell;Malcolm Smith;Ahkello Witherspoon;Arik Armstead;DeForest Buckner;Fred Warner;Ronald Blair;Richard Sherman;K'Waun Williams;Cassius Marsh;Jimmie Ward
2018_08_SF_ARI,4009,timeout,0.0,,,0.0,0:50,0:50,SF,10.0,15.0,,0.0,,,0,,,,,,,,,
2018_08_SF_ARI,4026,pass,0.0,8.0,8.0,5.0,0:50,0:45,,10.0,15.0,1.0,8.0,"4 DL, 2 LB, 5 DB",;;;;;;;;;;,11,6,4,ZONE_COVERAGE,COVER_4,False,00-0029762;00-0034785;00-0033933;00-0026982;00-0027873;00-0032222;00-0033611;00-0022921;00-0032187;00-0034343;00-0027869,John Wetzel;Mason Cole;Chad Williams;Andre Smith;Jermaine Gresham;D.J. Humphries;Ricky Seals-Jones;Larry Fitzgerald;David Johnson;Josh Rosen;Mike Iupati,00-0032479;00-0028180;00-0033783;00-0032378;00-0033010;00-0034815;00-0032413;00-0028092;00-0031253;00-0031175;00-0031298,Tyvis Powell;Malcolm Smith;Ahkello Witherspoon;DeForest Buckner;Sheldon Day;Fred Warner;Ronald Blair;Richard Sherman;K'Waun Williams;Cassius Marsh;Jimmie Ward
2018_08_SF_ARI,4048,pass,-1.0,8.0,9.0,6.0,0:45,0:39,,10.0,15.0,2.0,8.0,"4 DL, 2 LB, 5 DB",;;;;;;;;;;,11,6,4,ZONE_COVERAGE,COVER_4,False,00-0029762;00-0034785;00-0033933;00-0026982;00-0034775;00-0032222;00-0033611;00-0022921;00-0032187;00-0034343;00-0027869,John Wetzel;Mason Cole;Chad Williams;Andre Smith;Christian Kirk;D.J. Humphries;Ricky Seals-Jones;Larry Fitzgerald;David Johnson;Josh Rosen;Mike Iupati,00-0032479;00-0028180;00-0033783;00-0032378;00-0033010;00-0034815;00-0032413;00-0028092;00-0031253;00-0031175;00-0031298,Tyvis Powell;Malcolm Smith;Ahkello Witherspoon;DeForest Buckner;Sheldon Day;Fred Warner;Ronald Blair;Richard Sherman;K'Waun Williams;Cassius Marsh;Jimmie Ward
2018_08_SF_ARI,4072,pass,9.0,9.0,0.0,5.0,0:39,0:34,,16.0,15.0,3.0,9.0,"4 DL, 2 LB, 5 DB",;;;;;;;;;;,11,6,4,ZONE_COVERAGE,COVER_4,False,00-0029762;00-0034785;00-0033933;00-0026982;00-0034775;00-0032222;00-0033611;00-0022921;00-0032187;00-0034343;00-0027869,John Wetzel;Mason Cole;Chad Williams;Andre Smith;Christian Kirk;D.J. Humphries;Ricky Seals-Jones;Larry Fitzgerald;David Johnson;Josh Rosen;Mike Iupati,00-0032479;00-0028180;00-0033783;00-0032378;00-0033010;00-0034815;00-0032413;00-0028092;00-0031253;00-0031175;00-0031298,Tyvis Powell;Malcolm Smith;Ahkello Witherspoon;DeForest Buckner;Sheldon Day;Fred Warner;Ronald Blair;Richard Sherman;K'Waun Williams;Cassius Marsh;Jimmie Ward
2018_08_SF_ARI,4092,pass,2.0,2.0,0.0,0.0,0:34,0:34,,18.0,15.0,,0.0,"4 DL, 2 LB, 5 DB",;;;;;;;;;;,11,6,,,,,00-0029762;00-0034785;00-0033933;00-0026982;00-0034775;00-0027873;00-0032222;00-0022921;00-0034343;00-0032187;00-0027869,John Wetzel;Mason Cole;Chad Williams;Andre Smith;Christian Kirk;Jermaine Gresham;D.J. Humphries;Larry Fitzgerald;Josh Rosen;David Johnson;Mike Iupati,00-0032479;00-0028180;00-0033783;00-0032378;00-0033010;00-0034815;00-0032413;00-0028092;00-0031253;00-0031175;00-0031298,Tyvis Powell;Malcolm Smith;Ahkello Witherspoon;DeForest Buckner;Sheldon Day;Fred Warner;Ronald Blair;Richard Sherman;K'Waun Williams;Cassius Marsh;Jimmie Ward
2018_08_SF_ARI,4106,kickoff,0.0,35.0,35.0,0.0,0:34,0:34,,18.0,15.0,,0.0,,;;;;;;;;;;,11,,,,,,00-0034490;00-0032809;00-0029068;00-0032769;00-0027943;00-0034473;00-0033792;00-0004091;00-0030385;00-0033890;00-0031366,Ezekiel Turner;Joe Walker;Derrick Coleman;Brandon Williams;Patrick Peterson;Dennis Gardeck;Rudy Ford;Phil Dawson;Gerald Hodges;Budda Baker;Deone Bucannon,00-0028903;00-0034073;00-0031687;00-0033306;00-0032479;00-0028180;00-0031961;00-0033973;00-0034263;00-0031298;00-0034286,Garrett Celek;Ross Dwelley;Raheem Mostert;Victor Bolden;Tyvis Powell;Malcolm Smith;Mark Nzeocha;Elijah Lee;Tarvarius Moore;Jimmie Ward;Richie James
2018_08_SF_ARI,4121,pass,0.0,75.0,75.0,7.0,0:34,0:27,,18.0,15.0,1.0,10.0,"3 DL, 3 LB, 5 DB",;;;;;;;;;;,11,5,4,MAN_COVERAGE,2_MAN,False,00-0034847;00-0025415;00-0033936;00-0033307;00-0031687;00-0028177;00-0030068;00-0033317;00-0033288;00-0033292;00-0032234,Mike McGlinchey;Joe Staley;C.J. Beathard;Kendrick Bourne;Raheem Mostert;Mike Person;Marquise Goodwin;Erik Magnuson;George Kittle;Trent Taylor;Laken Tomlinson,00-0029585;00-0031262;00-0032761;00-0027943;00-0032127;00-0033875;00-0024421;00-0030484;00-0028278;00-0033890;00-0031366,Chandler Jones;Bene' Benwikere;Robert Nkemdiche;Patrick Peterson;Markus Golden;Haason Reddick;Antoine Bethea;Jamar Taylor;Josh Bynes;Budda Baker;Deone Bucannon
2018_08_SF_ARI,4143,pass,19.0,75.0,56.0,4.0,0:27,0:23,,18.0,15.0,2.0,10.0,"3 DL, 3 LB, 5 DB",;;;;;;;;;;,11,6,4,MAN_COVERAGE,2_MAN,False,00-0034847;00-0025415;00-0033936;00-0033307;00-0031687;00-0028177;00-0033317;00-0030068;00-0033292;00-0033288;00-0032234,Mike McGlinchey;Joe Staley;C.J. Beathard;Kendrick Bourne;Raheem Mostert;Mike Person;Erik Magnuson;Marquise Goodwin;Trent Taylor;George Kittle;Laken Tomlinson,00-0029585;00-0031262;00-0032761;00-0027943;00-0032127;00-0033875;00-0024421;00-0030484;00-0028278;00-0033890;00-0031366,Chandler Jones;Bene' Benwikere;Robert Nkemdiche;Patrick Peterson;Markus Golden;Haason Reddick;Antoine Bethea;Jamar Taylor;Josh Bynes;Budda Baker;Deone Bucannon
2018_08_SF_ARI,4172,pass,7.0,56.0,49.0,5.0,0:23,0:18,,18.0,15.0,1.0,10.0,"3 DL, 3 LB, 5 DB",;;;;;;;;;;,11,6,5,ZONE_COVERAGE,COVER_3,False,00-0029892;00-0034847;00-0025415;00-0033936;00-0033307;00-0028177;00-0030068;00-0033317;00-0033288;00-0033292;00-0032234,Kyle Juszczyk;Mike McGlinchey;Joe Staley;C.J. Beathard;Kendrick Bourne;Mike Person;Marquise Goodwin;Erik Magnuson;George Kittle;Trent Taylor;Laken Tomlinson,00-0029585;00-0031262;00-0032761;00-0027943;00-0033875;00-0024421;00-0030484;00-0028278;00-0033890;00-0030380;00-0031366,Chandler Jones;Bene' Benwikere;Robert Nkemdiche;Patrick Peterson;Haason Reddick;Antoine Bethea;Jamar Taylor;Josh Bynes;Budda Baker;Benson Mayowa;Deone Bucannon
2018_08_SF_ARI,4235,pass,4.0,49.0,45.0,8.0,0:18,0:10,,18.0,15.0,2.0,3.0,"3 DL, 3 LB, 5 DB",;;;;;;;;;;,11,6,5,ZONE_COVERAGE,COVER_3,True,00-0029892;00-0034847;00-0034860;00-0025415;00-0033936;00-0033307;00-0028177;00-0033317;00-0030068;00-0033288;00-0032234,Kyle Juszczyk;Mike McGlinchey;Dante Pettis;Joe Staley;C.J. Beathard;Kendrick Bourne;Mike Person;Erik Magnuson;Marquise Goodwin;George Kittle;Laken Tomlinson,00-0029585;00-0031262;00-0032761;00-0027943;00-0033875;00-0024421;00-0030484;00-0028278;00-0033890;00-0030380;00-0031366,Chandler Jones;Bene' Benwikere;Robert Nkemdiche;Patrick Peterson;Haason Reddick;Antoine Bethea;Jamar Taylor;Josh Bynes;Budda Baker;Benson Mayowa;Deone Bucannon
2018_08_SF_ARI,4259,timeout,0.0,,,0.0,0:10,0:10,SF,18.0,15.0,,0.0,,,0,,,,,,,,,
2018_08_SF_ARI,4276,pass,0.0,45.0,45.0,3.0,0:10,0:07,,18.0,15.0,1.0,10.0,"3 DL, 3 LB, 5 DB",;;;;;;;;;;,11,5,5,MAN_COVERAGE,2_MAN,False,00-0029892;00-0034847;00-0025415;00-0033936;00-0033307;00-0028177;00-0030068;00-0033317;00-0033288;00-0033292;00-0032234,Kyle Juszczyk;Mike McGlinchey;Joe Staley;C.J. Beathard;Kendrick Bourne;Mike Person;Marquise Goodwin;Erik Magnuson;George Kittle;Trent Taylor;Laken Tomlinson,00-0029585;00-0031262;00-0027943;00-0032127;00-0033875;00-0024421;00-0030484;00-0032131;00-0028278;00-0033890;00-0031366,Chandler Jones;Bene' Benwikere;Patrick Peterson;Markus Golden;Haason Reddick;Antoine Bethea;Jamar Taylor;Rodney Gunter;Josh Bynes;Budda Baker;Deone Bucannon
2018_08_SF_ARI,4298,pass,0.0,45.0,45.0,7.0,0:07,0:00,,18.0,15.0,2.0,10.0,"3 DL, 3 LB, 5 DB",;;;;;;;;;;,11,5,4,MAN_COVERAGE,2_MAN,True,00-0029892;00-0034847;00-0025415;00-0033936;00-0033307;00-0028177;00-0030068;00-0033317;00-0033288;00-0033292;00-0032234,Kyle Juszczyk;Mike McGlinchey;Joe Staley;C.J. Beathard;Kendrick Bourne;Mike Person;Marquise Goodwin;Erik Magnuson;George Kittle;Trent Taylor;Laken Tomlinson,00-0029585;00-0031262;00-0027943;00-0032127;00-0033875;00-0024421;00-0030484;00-0032131;00-0028278;00-0033890;00-0031366,Chandler Jones;Bene' Benwikere;Patrick Peterson;Markus Golden;Haason Reddick;Antoine Bethea;Jamar Taylor;Rodney Gunter;Josh Bynes;Budda Baker;Deone Bucannon
2018_08_SF_ARI,4329,end_game,,,,0.0,0:00,0:00,,18.0,15.0,,0.0,,,0,,,,,,,,,
