game_id,play_id,play_type,yards_gained,starting_yard,ending_yard,time_of_play,time_on_clock_start,time_on_clock_end,timeout_team,home_team_score,away_team_score,down,yds_to_go,defense_personnel,defense_positions,n_defense,defenders_in_box,number_of_pass_rushers,defense_man_zone_type,defense_coverage_type,was_pressure,offense_player_ids,offense_player_names,defense_player_ids,defense_player_names
2020_12_HOU_DET,1,start_quarter_1,,,,0.0,15:00,15:00,,0.0,0.0,,0.0,,,0,,,,,,,,,
2020_12_HOU_DET,43,kickoff,0.0,35.0,35.0,6.0,15:00,14:54,,0.0,0.0,,0.0,,;;;;;;;;;;,11,,,,,,00-0033572;00-0033557;00-0033779;00-0032454;00-0032399;00-0034745;00-0033539;00-0035156;00-0035655;00-0034171;00-0035327,Jamal Agnew;Jalen Reeves-Maybin;Dee Virgin;Jayron Kearse;Miles Killebrew;Tracy Walker III;Jarrad Davis;Jack Fox;Will Harris;Jason Cabinda;C.J. Moore,00-0034421;00-0034594;00-0035415;00-0034449;00-0033439;00-0031015;00-0035660;00-0036224;00-0034792;00-0036069;00-0032393,Peter Kalambayi;A.J. Moore;Nate Hall;Buddy Howell;Pharaoh Brown;Phillip Gaines;Kahale Warring;Jonathan Greenard;Cornell Armstrong;Scottie Phillips;C.J. Prosise
2020_12_HOU_DET,68,run,3.0,78.0,75.0,34.0,14:54,14:20,,0.0,0.0,1.0,10.0,"3 DL, 3 LB, 5 DB",;;;;;;;;;;,11,8,,,,,00-0035245;00-0029738;00-0032380;00-0033537;00-0035234;00-0032257;00-0031236;00-0030997;00-0034364;00-0032969;00-0033127,Max Scharping;Darren Fells;Laremy Tunsil;Deshaun Watson;Tytus Howard;Duke Johnson;Brandin Cooks;Zach Fulton;Jordan Akins;Nick Martin;Will Fuller,00-0030562;00-0032143;00-0032655;00-0033058;00-0030421;00-0031130;00-0035270;00-0032454;00-0036238;00-0035655;00-0030383,Desmond Trufant;Danny Shelton;Romeo Okwara;Reggie Ragland;Jamie Collins;Christian Jones;Amani Oruwariye;Jayron Kearse;John Penisini;Will Harris;Duron Harmon
2020_12_HOU_DET,89,pass,0.0,75.0,75.0,8.0,14:20,14:12,,0.0,0.0,2.0,7.0,"3 DL, 3 LB, 5 DB",;;;;;;;;;;,11,7,4,ZONE_COVERAGE,COVER_2,False,00-0035245;00-0034366;00-0032380;00-0033537;00-0035234;00-0032257;00-0031236;00-0034364;00-0030997;00-0032969;00-0033127,Max Scharping;Keke Coutee;Laremy Tunsil;Deshaun Watson;Tytus Howard;Duke Johnson;Brandin Cooks;Jordan Akins;Zach Fulton;Nick Martin;Will Fuller,00-0030562;00-0032143;00-0031796;00-0035240;00-0032655;00-0033058;00-0030421;00-0035270;00-0032454;00-0036238;00-0030383,Desmond Trufant;Danny Shelton;Justin Coleman;Jahlani Tavai;Romeo Okwara;Reggie Ragland;Jamie Collins;Amani Oruwariye;Jayron Kearse;John Penisini;Duron Harmon
2020_12_HOU_DET,111,pass,10.0,75.0,65.0,34.0,14:12,13:38,,0.0,0.0,3.0,7.0,"3 DL, 2 LB, 6 DB",;;;;;;;;;;,11,6,6,MAN_COVERAGE,COVER_1,True,00-0035245;00-0034366;00-0032380;00-0033537;00-0035234;00-0032257;00-0031236;00-0030997;00-0034364;00-0032969;00-0033127,Max Scharping;Keke Coutee;Laremy Tunsil;Deshaun Watson;Tytus Howard;Duke Johnson;Brandin Cooks;Zach Fulton;Jordan Akins;Nick Martin;Will Fuller,00-0030562;00-0030500;00-0031796;00-0032655;00-0030421;00-0035270;00-0027701;00-0032454;00-0034745;00-0033539;00-0030383,Desmond Trufant;Nick Williams;Justin Coleman;Romeo Okwara;Jamie Collins;Amani Oruwariye;Everson Griffen;Jayron Kearse;Tracy Walker III;Jarrad Davis;Duron Harmon
2020_12_HOU_DET,135,pass,11.0,65.0,54.0,48.0,13:38,12:50,,0.0,0.0,1.0,10.0,"3 DL, 3 LB, 5 DB",;;;;;;;;;;,11,7,4,ZONE_COVERAGE,COVER_3,False,00-0035245;00-0032380;00-0033537;00-0035234;00-0032257;00-0031236;00-0034364;00-0030997;00-0032969;00-0033127;00-0035660,Max Scharping;Laremy Tunsil;Deshaun Watson;Tytus Howard;Duke Johnson;Brandin Cooks;Jordan Akins;Zach Fulton;Nick Martin;Will Fuller;Kahale Warring,00-0030562;00-0032143;00-0032655;00-0033058;00-0030421;00-0031130;00-0035270;00-0032454;00-0036238;00-0035655;00-0030383,Desmond Trufant;Danny Shelton;Romeo Okwara;Reggie Ragland;Jamie Collins;Christian Jones;Amani Oruwariye;Jayron Kearse;John Penisini;Will Harris;Duron Harmon
2020_12_HOU_DET,159,pass,0.0,54.0,54.0,4.0,12:50,12:46,,0.0,0.0,1.0,10.0,"3 DL, 3 LB, 5 DB",;;;;;;;;;;,11,5,5,ZONE_COVERAGE,COVER_6,True,00-0035245;00-0032380;00-0033537;00-0035234;00-0032257;00-0031236;00-0034364;00-0030997;00-0032969;00-0033127;00-0035660,Max Scharping;Laremy Tunsil;Deshaun Watson;Tytus Howard;Duke Johnson;Brandin Cooks;Jordan Akins;Zach Fulton;Nick Martin;Will Fuller;Kahale Warring,00-0030562;00-0032143;00-0032655;00-0033058;00-0030421;00-0031130;00-0035270;00-0032454;00-0036238;00-0035655;00-0030383,Desmond Trufant;Danny Shelton;Romeo Okwara;Reggie Ragland;Jamie Collins;Christian Jones;Amani Oruwariye;Jayron Kearse;John Penisini;Will Harris;Duron Harmon
2020_12_HOU_DET,181,run,0.0,54.0,54.0,42.0,12:46,12:04,,0.0,0.0,2.0,10.0,"3 DL, 3 LB, 5 DB",;;;;;;;;;;,11,8,,,,,00-0035245;00-0029738;00-0032380;00-0033537;00-0035234;00-0032257;00-0031236;00-0033439;00-0030997;00-0032969;00-0033127,Max Scharping;Darren Fells;Laremy Tunsil;Deshaun Watson;Tytus Howard;Duke Johnson;Brandin Cooks;Pharaoh Brown;Zach Fulton;Nick Martin;Will Fuller,00-0030562;00-0032143;00-0032655;00-0033058;00-0030421;00-0031130;00-0035270;00-0032454;00-0036238;00-0035655;00-0030383,Desmond Trufant;Danny Shelton;Romeo Okwara;Reggie Ragland;Jamie Collins;Christian Jones;Amani Oruwariye;Jayron Kearse;John Penisini;Will Harris;Duron Harmon
2020_12_HOU_DET,202,pass,-2.0,54.0,56.0,46.0,12:04,11:18,,0.0,0.0,3.0,10.0,"3 DL, 2 LB, 6 DB",;;;;;;;;;;,11,5,4,,,,00-0035245;00-0034366;00-0032380;00-0033537;00-0035234;00-0032257;00-0031236;00-0030997;00-0034364;00-0032969;00-0033127,Max Scharping;Keke Coutee;Laremy Tunsil;Deshaun Watson;Tytus Howard;Duke Johnson;Brandin Cooks;Zach Fulton;Jordan Akins;Nick Martin;Will Fuller,00-0030562;00-0030500;00-0031796;00-0032655;00-0030421;00-0027701;00-0035270;00-0032454;00-0034745;00-0033539;00-0030383,Desmond Trufant;Nick Williams;Justin Coleman;Romeo Okwara;Jamie Collins;Everson Griffen;Amani Oruwariye;Jayron Kearse;Tracy Walker III;Jarrad Davis;Duron Harmon
2020_12_HOU_DET,221,punt,0.0,56.0,56.0,8.0,11:18,11:10,,0.0,0.0,4.0,12.0,,;;;;;;;;;;,11,,,,,,00-0034421;00-0034435;00-0034594;00-0035415;00-0034449;00-0033547;00-0032094;00-0029692;00-0027224;00-0034361;00-0032393,Peter Kalambayi;Keion Crossen;A.J. Moore;Nate Hall;Buddy Howell;Zach Cunningham;Tyrell Adams;Bryan Anger;Jon Weeks;Justin Reid;C.J. Prosise,00-0033572;00-0033557;00-0031796;00-0032655;00-0033779;00-0032399;00-0034745;00-0033539;00-0035655;00-0034171;00-0035327,Jamal Agnew;Jalen Reeves-Maybin;Justin Coleman;Romeo Okwara;Dee Virgin;Miles Killebrew;Tracy Walker III;Jarrad Davis;Will Harris;Jason Cabinda;C.J. Moore
2020_12_HOU_DET,240,run,1.0,85.0,84.0,35.0,11:10,10:35,,0.0,0.0,1.0,10.0,"3 DL, 3 LB, 5 DB",;;;;;;;;;;,11,6,,,,,00-0032381;00-0036258;00-0033572;00-0030083;00-0033094;00-0035229;00-0034390;00-0034345;00-0029293;00-0026498;00-0025394,Taylor Decker;Jonah Jackson;Jamal Agnew;Oday Aboushi;Marvin Hall;T.J. Hockenson;Tyrell Crosby;Frank Ragnow;Marvin Jones;Matthew Stafford;Adrian Peterson,00-0033038;00-0032758;00-0027949;00-0033547;00-0032094;00-0035244;00-0033563;00-0034361;00-0031372;00-0031127;00-0029643,Eric Murray;Vernon Hargreaves III;J.J. Watt;Zach Cunningham;Tyrell Adams;Lonnie Johnson;Carlos Watkins;Justin Reid;Bradley Roby;Brandon Dunn;Whitney Mercilus
2020_12_HOU_DET,261,run,0.0,84.0,84.0,41.0,10:35,9:54,,0.0,0.0,2.0,9.0,"4 DL, 3 LB, 4 DB",;;;;;;;;;;,11,7,,,,,00-0032381;00-0036258;00-0030083;00-0035229;00-0034390;00-0034345;00-0026498;00-0029632;00-0025394;00-0034171;00-0032135,Taylor Decker;Jonah Jackson;Oday Aboushi;T.J. Hockenson;Tyrell Crosby;Frank Ragnow;Matthew Stafford;Mohamed Sanu;Adrian Peterson;Jason Cabinda;Jesse James,00-0033038;00-0032758;00-0027949;00-0033547;00-0032094;00-0033563;00-0035279;00-0034361;00-0031372;00-0031127;00-0029643,Eric Murray;Vernon Hargreaves III;J.J. Watt;Zach Cunningham;Tyrell Adams;Carlos Watkins;Charles Omenihu;Justin Reid;Bradley Roby;Brandon Dunn;Whitney Mercilus
2020_12_HOU_DET,282,pass,10.0,84.0,74.0,46.0,9:54,9:08,,0.0,0.0,3.0,9.0,"3 DL, 2 LB, 6 DB",;;;;;;;;;;,11,6,5,ZONE_COVERAGE,COVER_3,True,00-0032381;00-0036258;00-0033572;00-0030083;00-0033094;00-0035229;00-0034390;00-0034345;00-0029293;00-0026498;00-0034349,Taylor Decker;Jonah Jackson;Jamal Agnew;Oday Aboushi;Marvin Hall;T.J. Hockenson;Tyrell Crosby;Frank Ragnow;Marvin Jones;Matthew Stafford;Kerryon Johnson,00-0033038;00-0034163;00-0032758;00-0034594;00-0027949;00-0032094;00-0035244;00-0035279;00-0034361;00-0031372;00-0029643,Eric Murray;Jacob Martin;Vernon Hargreaves III;A.J. Moore;J.J. Watt;Tyrell Adams;Lonnie Johnson;Charles Omenihu;Justin Reid;Bradley Roby;Whitney Mercilus
2020_12_HOU_DET,306,pass,6.0,74.0,68.0,33.0,9:08,8:35,,0.0,0.0,1.0,10.0,"4 DL, 3 LB, 4 DB",;;;;;;;;;;,11,8,4,ZONE_COVERAGE,COVER_3,False,00-0032381;00-0036258;00-0035539;00-0030083;00-0033094;00-0034390;00-0034345;00-0029293;00-0026498;00-0034349;00-0032135,Taylor Decker;Jonah Jackson;Isaac Nauta;Oday Aboushi;Marvin Hall;Tyrell Crosby;Frank Ragnow;Marvin Jones;Matthew Stafford;Kerryon Johnson;Jesse James,00-0033038;00-0032758;00-0027949;00-0033547;00-0032094;00-0033563;00-0035279;00-0034361;00-0031372;00-0031127;00-0029643,Eric Murray;Vernon Hargreaves III;J.J. Watt;Zach Cunningham;Tyrell Adams;Carlos Watkins;Charles Omenihu;Justin Reid;Bradley Roby;Brandon Dunn;Whitney Mercilus
2020_12_HOU_DET,335,pass,51.0,68.0,17.0,52.0,8:35,7:43,,0.0,0.0,2.0,4.0,"3 DL, 3 LB, 5 DB",;;;;;;;;;;,11,6,4,MAN_COVERAGE,COVER_1,False,00-0032381;00-0036258;00-0033572;00-0030083;00-0035229;00-0034390;00-0036277;00-0034345;00-0029293;00-0026498;00-0034349,Taylor Decker;Jonah Jackson;Jamal Agnew;Oday Aboushi;T.J. Hockenson;Tyrell Crosby;Quintez Cephus;Frank Ragnow;Marvin Jones;Matthew Stafford;Kerryon Johnson,00-0033038;00-0032758;00-0027949;00-0033547;00-0032094;00-0035244;00-0033563;00-0034361;00-0031372;00-0031127;00-0029643,Eric Murray;Vernon Hargreaves III;J.J. Watt;Zach Cunningham;Tyrell Adams;Lonnie Johnson;Carlos Watkins;Justin Reid;Bradley Roby;Brandon Dunn;Whitney Mercilus
2020_12_HOU_DET,363,no_play,0.0,17.0,17.0,5.0,7:43,7:38,,0.0,0.0,1.0,10.0,"3 DL, 4 LB, 4 DB",;;;;;;;;;;,11,8,,,,,00-0032381;00-0036258;00-0030083;00-0033094;00-0034390;00-0034345;00-0029293;00-0026498;00-0025394;00-0034171;00-0032135,Taylor Decker;Jonah Jackson;Oday Aboushi;Marvin Hall;Tyrell Crosby;Frank Ragnow;Marvin Jones;Matthew Stafford;Adrian Peterson;Jason Cabinda;Jesse James,00-0033038;00-0032758;00-0036289;00-0033547;00-0032094;00-0033563;00-0034361;00-0031372;00-0036224;00-0031127;00-0029643,Eric Murray;Vernon Hargreaves III;Ross Blacklock;Zach Cunningham;Tyrell Adams;Carlos Watkins;Justin Reid;Bradley Roby;Jonathan Greenard;Brandon Dunn;Whitney Mercilus
2020_12_HOU_DET,396,run,1.0,2.0,1.0,41.0,7:38,6:57,,0.0,0.0,1.0,2.0,"5 DL, 4 LB, 2 DB",;;;;;;;;;;,11,11,,,,,00-0032381;00-0036258;00-0030083;00-0035229;00-0034390;00-0034345;00-0026498;00-0025394;00-0034171;00-0035328;00-0032135,Taylor Decker;Jonah Jackson;Oday Aboushi;T.J. Hockenson;Tyrell Crosby;Frank Ragnow;Matthew Stafford;Adrian Peterson;Jason Cabinda;Matt Nelson;Jesse James,00-0034421;00-0033038;00-0027949;00-0036289;00-0033547;00-0032094;00-0033563;00-0035279;00-0034361;00-0031127;00-0029643,Peter Kalambayi;Eric Murray;J.J. Watt;Ross Blacklock;Zach Cunningham;Tyrell Adams;Carlos Watkins;Charles Omenihu;Justin Reid;Brandon Dunn;Whitney Mercilus
2020_12_HOU_DET,419,run,1.0,1.0,0.0,3.0,6:57,6:54,,6.0,0.0,2.0,1.0,"5 DL, 4 LB, 2 DB",;;;;;;;;;;,11,11,,,,,00-0032381;00-0036258;00-0030083;00-0035229;00-0034390;00-0034345;00-0026498;00-0025394;00-0034171;00-0035328;00-0032135,Taylor Decker;Jonah Jackson;Oday Aboushi;T.J. Hockenson;Tyrell Crosby;Frank Ragnow;Matthew Stafford;Adrian Peterson;Jason Cabinda;Matt Nelson;Jesse James,00-0034421;00-0033038;00-0027949;00-0036289;00-0033547;00-0032094;00-0033563;00-0035279;00-0034361;00-0031127;00-0029643,Peter Kalambayi;Eric Murray;J.J. Watt;Ross Blacklock;Zach Cunningham;Tyrell Adams;Carlos Watkins;Charles Omenihu;Justin Reid;Brandon Dunn;Whitney Mercilus
2020_12_HOU_DET,441,extra_point,0.0,15.0,15.0,0.0,6:54,6:54,,7.0,0.0,,0.0,,;;;;;;;;;;,11,,,,,,00-0036258;00-0030083;00-0032418;00-0032655;00-0034390;00-0022455;00-0034345;00-0023853;00-0035156;00-0035328;00-0032135,Jonah Jackson;Oday Aboushi;Joe Dahl;Romeo Okwara;Tyrell Crosby;Don Muhlbach;Frank Ragnow;Matt Prater;Jack Fox;Matt Nelson;Jesse James,00-0034421;00-0034435;00-0033038;00-0034594;00-0036289;00-0033547;00-0035244;00-0033563;00-0035279;00-0031127;00-0027956,Peter Kalambayi;Keion Crossen;Eric Murray;A.J. Moore;Ross Blacklock;Zach Cunningham;Lonnie Johnson;Carlos Watkins;Charles Omenihu;Brandon Dunn;Corey Liuget
2020_12_HOU_DET,457,kickoff,0.0,35.0,35.0,0.0,6:54,6:54,,7.0,0.0,,0.0,,;;;;;;;;;;,11,,,,,,00-0033572;00-0033557;00-0033779;00-0032454;00-0032399;00-0034745;00-0033539;00-0035156;00-0035655;00-0034171;00-0035327,Jamal Agnew;Jalen Reeves-Maybin;Dee Virgin;Jayron Kearse;Miles Killebrew;Tracy Walker III;Jarrad Davis;Jack Fox;Will Harris;Jason Cabinda;C.J. Moore,00-0034421;00-0034594;00-0035415;00-0034449;00-0033439;00-0031015;00-0035660;00-0036224;00-0034792;00-0036069;00-0032393,Peter Kalambayi;A.J. Moore;Nate Hall;Buddy Howell;Pharaoh Brown;Phillip Gaines;Kahale Warring;Jonathan Greenard;Cornell Armstrong;Scottie Phillips;C.J. Prosise
2020_12_HOU_DET,475,run,12.0,75.0,63.0,39.0,6:54,6:15,,7.0,0.0,1.0,10.0,"3 DL, 3 LB, 5 DB",;;;;;;;;;;,11,7,4,,,,00-0035245;00-0029738;00-0032380;00-0033537;00-0035234;00-0032257;00-0031236;00-0033439;00-0030997;00-0032969;00-0033127,Max Scharping;Darren Fells;Laremy Tunsil;Deshaun Watson;Tytus Howard;Duke Johnson;Brandin Cooks;Pharaoh Brown;Zach Fulton;Nick Martin;Will Fuller,00-0030562;00-0030500;00-0033058;00-0030421;00-0031130;00-0027701;00-0035270;00-0032454;00-0036238;00-0035655;00-0030383,Desmond Trufant;Nick Williams;Reggie Ragland;Jamie Collins;Christian Jones;Everson Griffen;Amani Oruwariye;Jayron Kearse;John Penisini;Will Harris;Duron Harmon
2020_12_HOU_DET,496,run,8.0,63.0,55.0,44.0,6:15,5:31,,7.0,0.0,1.0,10.0,"3 DL, 3 LB, 5 DB",;;;;;;;;;;,11,7,,,,,00-0035245;00-0029738;00-0032380;00-0033537;00-0035234;00-0032257;00-0031236;00-0033439;00-0030997;00-0032969;00-0033127,Max Scharping;Darren Fells;Laremy Tunsil;Deshaun Watson;Tytus Howard;Duke Johnson;Brandin Cooks;Pharaoh Brown;Zach Fulton;Nick Martin;Will Fuller,00-0030562;00-0030500;00-0033058;00-0030421;00-0031130;00-0027701;00-0035270;00-0032454;00-0036238;00-0035655;00-0030383,Desmond Trufant;Nick Williams;Reggie Ragland;Jamie Collins;Christian Jones;Everson Griffen;Amani Oruwariye;Jayron Kearse;John Penisini;Will Harris;Duron Harmon
2020_12_HOU_DET,517,no_play,0.0,55.0,55.0,25.0,5:31,5:06,,7.0,0.0,2.0,2.0,"3 DL, 3 LB, 5 DB",;;;;;;;;;;,11,8,,,,,00-0035245;00-0029738;00-0032380;00-0033537;00-0035234;00-0032257;00-0031236;00-0033439;00-0030997;00-0032969;00-0033127,Max Scharping;Darren Fells;Laremy Tunsil;Deshaun Watson;Tytus Howard;Duke Johnson;Brandin Cooks;Pharaoh Brown;Zach Fulton;Nick Martin;Will Fuller,00-0030562;00-0030500;00-0033058;00-0030421;00-0031130;00-0027701;00-0035270;00-0032454;00-0036238;00-0035655;00-0030383,Desmond Trufant;Nick Williams;Reggie Ragland;Jamie Collins;Christian Jones;Everson Griffen;Amani Oruwariye;Jayron Kearse;John Penisini;Will Harris;Duron Harmon
2020_12_HOU_DET,549,pass,0.0,65.0,65.0,4.0,5:06,5:02,,7.0,0.0,2.0,12.0,"3 DL, 3 LB, 5 DB",;;;;;;;;;;,11,6,4,MAN_COVERAGE,COVER_1,False,00-0035245;00-0029738;00-0032380;00-0033537;00-0035234;00-0032257;00-0034081;00-0031236;00-0033439;00-0030997;00-0032969,Max Scharping;Darren Fells;Laremy Tunsil;Deshaun Watson;Tytus Howard;Duke Johnson;Steven Mitchell;Brandin Cooks;Pharaoh Brown;Zach Fulton;Nick Martin,00-0030562;00-0030500;00-0033058;00-0030421;00-0031130;00-0027701;00-0035270;00-0032454;00-0036238;00-0035655;00-0030383,Desmond Trufant;Nick Williams;Reggie Ragland;Jamie Collins;Christian Jones;Everson Griffen;Amani Oruwariye;Jayron Kearse;John Penisini;Will Harris;Duron Harmon
2020_12_HOU_DET,571,pass,0.0,65.0,65.0,8.0,5:02,4:54,,7.0,0.0,3.0,12.0,"3 DL, 2 LB, 6 DB",;;;;;;;;;;,11,5,4,MAN_COVERAGE,COVER_1,True,00-0035245;00-0034366;00-0032380;00-0033537;00-0035234;00-0032257;00-0031236;00-0030997;00-0034364;00-0032969;00-0033127,Max Scharping;Keke Coutee;Laremy Tunsil;Deshaun Watson;Tytus Howard;Duke Johnson;Brandin Cooks;Zach Fulton;Jordan Akins;Nick Martin;Will Fuller,00-0030562;00-0030500;00-0031796;00-0032655;00-0030421;00-0027701;00-0035270;00-0032454;00-0034745;00-0033539;00-0030383,Desmond Trufant;Nick Williams;Justin Coleman;Romeo Okwara;Jamie Collins;Everson Griffen;Amani Oruwariye;Jayron Kearse;Tracy Walker III;Jarrad Davis;Duron Harmon
2020_12_HOU_DET,593,punt,0.0,65.0,65.0,9.0,4:54,4:45,,7.0,0.0,4.0,12.0,,;;;;;;;;;;,11,,,,,,00-0034421;00-0034435;00-0034594;00-0035415;00-0034449;00-0033547;00-0032094;00-0029692;00-0027224;00-0034361;00-0032393,Peter Kalambayi;Keion Crossen;A.J. Moore;Nate Hall;Buddy Howell;Zach Cunningham;Tyrell Adams;Bryan Anger;Jon Weeks;Justin Reid;C.J. Prosise,00-0033572;00-0033557;00-0031796;00-0032655;00-0033779;00-0032399;00-0034745;00-0033539;00-0035655;00-0034171;00-0035327,Jamal Agnew;Jalen Reeves-Maybin;Justin Coleman;Romeo Okwara;Dee Virgin;Miles Killebrew;Tracy Walker III;Jarrad Davis;Will Harris;Jason Cabinda;C.J. Moore
2020_12_HOU_DET,612,turnover,0.0,75.0,75.0,7.0,4:45,4:38,,7.0,6.0,1.0,10.0,"4 DL, 3 LB, 4 DB",;;;;;;;;;;,11,8,5,ZONE_COVERAGE,COVER_3,False,00-0032381;00-0036258;00-0030083;00-0035229;00-0034390;00-0036277;00-0034345;00-0029293;00-0026498;00-0025394;00-0034171,Taylor Decker;Jonah Jackson;Oday Aboushi;T.J. Hockenson;Tyrell Crosby;Quintez Cephus;Frank Ragnow;Marvin Jones;Matthew Stafford;Adrian Peterson;Jason Cabinda,00-0033038;00-0032758;00-0027949;00-0033547;00-0032094;00-0033563;00-0035279;00-0034361;00-0031372;00-0027956;00-0029643,Eric Murray;Vernon Hargreaves III;J.J. Watt;Zach Cunningham;Tyrell Adams;Carlos Watkins;Charles Omenihu;Justin Reid;Bradley Roby;Corey Liuget;Whitney Mercilus
2020_12_HOU_DET,639,no_play,0.0,15.0,15.0,0.0,4:38,4:38,,7.0,6.0,,0.0,"4 DL, 3 LB, 4 DB",;;;;;;;;;;,11,,,,,,00-0035245;00-0031031;00-0029738;00-0032380;00-0035234;00-0033439;00-0032726;00-0029692;00-0030997;00-0027224;00-0029546,Max Scharping;Brent Qvale;Darren Fells;Laremy Tunsil;Tytus Howard;Pharaoh Brown;Ka'imi Fairbairn;Bryan Anger;Zach Fulton;Jon Weeks;Senio Kelemete,00-0030500;00-0031796;00-0032143;00-0033557;00-0032655;00-0031130;00-0033779;00-0027701;00-0032399;00-0033539;00-0030383,Nick Williams;Justin Coleman;Danny Shelton;Jalen Reeves-Maybin;Romeo Okwara;Christian Jones;Dee Virgin;Everson Griffen;Miles Killebrew;Jarrad Davis;Duron Harmon
2020_12_HOU_DET,673,extra_point,0.0,20.0,20.0,0.0,4:38,4:38,,7.0,6.0,,0.0,,;;;;;;;;;;,11,,,,,,00-0035245;00-0031031;00-0029738;00-0032380;00-0035234;00-0033439;00-0032726;00-0029692;00-0030997;00-0027224;00-0029546,Max Scharping;Brent Qvale;Darren Fells;Laremy Tunsil;Tytus Howard;Pharaoh Brown;Ka'imi Fairbairn;Bryan Anger;Zach Fulton;Jon Weeks;Senio Kelemete,00-0030500;00-0031796;00-0032143;00-0033557;00-0032655;00-0031130;00-0033779;00-0027701;00-0032399;00-0033539;00-0030383,Nick Williams;Justin Coleman;Danny Shelton;Jalen Reeves-Maybin;Romeo Okwara;Christian Jones;Dee Virgin;Everson Griffen;Miles Killebrew;Jarrad Davis;Duron Harmon
2020_12_HOU_DET,689,kickoff,0.0,35.0,35.0,6.0,4:38,4:32,,7.0,6.0,,0.0,,;;;;;;;;;;,11,,,,,,00-0036304;00-0034421;00-0034435;00-0034594;00-0035415;00-0034449;00-0032726;00-0035244;00-0036224;00-0034792;00-0036069,John Reid;Peter Kalambayi;Keion Crossen;A.J. Moore;Nate Hall;Buddy Howell;Ka'imi Fairbairn;Lonnie Johnson;Jonathan Greenard;Cornell Armstrong;Scottie Phillips,00-0033572;00-0033557;00-0035539;00-0035240;00-0036277;00-0032399;00-0035655;00-0034171;00-0032975;00-0035327;00-0032135,Jamal Agnew;Jalen Reeves-Maybin;Isaac Nauta;Jahlani Tavai;Quintez Cephus;Miles Killebrew;Will Harris;Jason Cabinda;Jonathan Williams;C.J. Moore;Jesse James
2020_12_HOU_DET,711,turnover,5.0,77.0,72.0,8.0,4:32,4:24,,7.0,6.0,1.0,10.0,"4 DL, 3 LB, 4 DB",;;;;;;;;;;,11,8,,,,,00-0036258;00-0032135;00-0035539;00-0032381;00-0034345;00-0034390;00-0035229;00-0026498;00-0032975;00-0029632;00-0030083,Jonah Jackson;Jesse James;Isaac Nauta;Taylor Decker;Frank Ragnow;Tyrell Crosby;T.J. Hockenson;Matthew Stafford;Jonathan Williams;Mohamed Sanu;Oday Aboushi,00-0036289;00-0032094;00-0033038;00-0027956;00-0032758;00-0033547;00-0031372;00-0031127;00-0034361;00-0027949;00-0029643,Ross Blacklock;Tyrell Adams;Eric Murray;Corey Liuget;Vernon Hargreaves III;Zach Cunningham;Bradley Roby;Brandon Dunn;Justin Reid;J.J. Watt;Whitney Mercilus
2020_12_HOU_DET,748,pass,14.0,30.0,16.0,41.0,4:24,3:43,,7.0,6.0,1.0,10.0,"3 DL, 3 LB, 5 DB",;;;;;;;;;;,11,7,4,ZONE_COVERAGE,COVER_3,False,00-0035245;00-0029738;00-0032380;00-0033537;00-0035234;00-0032257;00-0031236;00-0033439;00-0030997;00-0032969;00-0033127,Max Scharping;Darren Fells;Laremy Tunsil;Deshaun Watson;Tytus Howard;Duke Johnson;Brandin Cooks;Pharaoh Brown;Zach Fulton;Nick Martin;Will Fuller,00-0030562;00-0030500;00-0032143;00-0032655;00-0033058;00-0030421;00-0031130;00-0035270;00-0032454;00-0035655;00-0030383,Desmond Trufant;Nick Williams;Danny Shelton;Romeo Okwara;Reggie Ragland;Jamie Collins;Christian Jones;Amani Oruwariye;Jayron Kearse;Will Harris;Duron Harmon
2020_12_HOU_DET,772,no_play,0.0,16.0,16.0,6.0,3:43,3:37,,7.0,6.0,1.0,10.0,"3 DL, 3 LB, 5 DB",;;;;;;;;;;,11,8,,,,,00-0035245;00-0029738;00-0032380;00-0033537;00-0035234;00-0032257;00-0031236;00-0033439;00-0030997;00-0032969;00-0033127,Max Scharping;Darren Fells;Laremy Tunsil;Deshaun Watson;Tytus Howard;Duke Johnson;Brandin Cooks;Pharaoh Brown;Zach Fulton;Nick Martin;Will Fuller,00-0030562;00-0030500;00-0032143;00-0032655;00-0033058;00-0030421;00-0031130;00-0035270;00-0032454;00-0035655;00-0030383,Desmond Trufant;Nick Williams;Danny Shelton;Romeo Okwara;Reggie Ragland;Jamie Collins;Christian Jones;Amani Oruwariye;Jayron Kearse;Will Harris;Duron Harmon
2020_12_HOU_DET,805,run,-1.0,1.0,2.0,34.0,3:37,3:03,,7.0,6.0,1.0,1.0,"3 DL, 3 LB, 5 DB",;;;;;;;;;;,11,8,,,,,00-0035245;00-0029738;00-0032380;00-0033537;00-0035234;00-0031236;00-0033439;00-0030997;00-0032969;00-0033127;00-0032393,Max Scharping;Darren Fells;Laremy Tunsil;Deshaun Watson;Tytus Howard;Brandin Cooks;Pharaoh Brown;Zach Fulton;Nick Martin;Will Fuller;C.J. Prosise,00-0030562;00-0030500;00-0032143;00-0032655;00-0033058;00-0030421;00-0031130;00-0035270;00-0032454;00-0035655;00-0030383,Desmond Trufant;Nick Williams;Danny Shelton;Romeo Okwara;Reggie Ragland;Jamie Collins;Christian Jones;Amani Oruwariye;Jayron Kearse;Will Harris;Duron Harmon
2020_12_HOU_DET,826,pass,2.0,2.0,0.0,5.0,3:03,2:58,,7.0,12.0,2.0,2.0,"3 DL, 3 LB, 5 DB",;;;;;;;;;;,11,7,3,MAN_COVERAGE,COVER_0,False,00-0035245;00-0034366;00-0032380;00-0033537;00-0035234;00-0031236;00-0033439;00-0030997;00-0032969;00-0033127;00-0032393,Max Scharping;Keke Coutee;Laremy Tunsil;Deshaun Watson;Tytus Howard;Brandin Cooks;Pharaoh Brown;Zach Fulton;Nick Martin;Will Fuller;C.J. Prosise,00-0030562;00-0030500;00-0032143;00-0031796;00-0035240;00-0032655;00-0033058;00-0030421;00-0035270;00-0032454;00-0030383,Desmond Trufant;Nick Williams;Danny Shelton;Justin Coleman;Jahlani Tavai;Romeo Okwara;Reggie Ragland;Jamie Collins;Amani Oruwariye;Jayron Kearse;Duron Harmon
2020_12_HOU_DET,851,extra_point,0.0,15.0,15.0,0.0,2:58,2:58,,7.0,13.0,,0.0,,;;;;;;;;;;,11,,,,,,00-0035245;00-0031031;00-0029738;00-0032380;00-0035234;00-0033439;00-0032726;00-0029692;00-0030997;00-0027224;00-0029546,Max Scharping;Brent Qvale;Darren Fells;Laremy Tunsil;Tytus Howard;Pharaoh Brown;Ka'imi Fairbairn;Bryan Anger;Zach Fulton;Jon Weeks;Senio Kelemete,00-0030500;00-0031796;00-0032143;00-0033557;00-0032655;00-0031130;00-0033779;00-0027701;00-0032399;00-0033539;00-0030383,Nick Williams;Justin Coleman;Danny Shelton;Jalen Reeves-Maybin;Romeo Okwara;Christian Jones;Dee Virgin;Everson Griffen;Miles Killebrew;Jarrad Davis;Duron Harmon
2020_12_HOU_DET,867,kickoff,0.0,35.0,35.0,7.0,2:58,2:51,,7.0,13.0,,0.0,,;;;;;;;;;;,11,,,,,,00-0036304;00-0034421;00-0034435;00-0034594;00-0035415;00-0034449;00-0032726;00-0035244;00-0036224;00-0034792;00-0036069,John Reid;Peter Kalambayi;Keion Crossen;A.J. Moore;Nate Hall;Buddy Howell;Ka'imi Fairbairn;Lonnie Johnson;Jonathan Greenard;Cornell Armstrong;Scottie Phillips,00-0033572;00-0033557;00-0035539;00-0035240;00-0036277;00-0032399;00-0035655;00-0034171;00-0032975;00-0035327;00-0032135,Jamal Agnew;Jalen Reeves-Maybin;Isaac Nauta;Jahlani Tavai;Quintez Cephus;Miles Killebrew;Will Harris;Jason Cabinda;Jonathan Williams;C.J. Moore;Jesse James
2020_12_HOU_DET,889,run,8.0,78.0,70.0,35.0,2:51,2:16,,7.0,13.0,1.0,10.0,"5 DL, 2 LB, 4 DB",;;;;;;;;;;,11,7,,,,,00-0032381;00-0036258;00-0030083;00-0033094;00-0035229;00-0034390;00-0034345;00-0029293;00-0026498;00-0034349;00-0034171,Taylor Decker;Jonah Jackson;Oday Aboushi;Marvin Hall;T.J. Hockenson;Tyrell Crosby;Frank Ragnow;Marvin Jones;Matthew Stafford;Kerryon Johnson;Jason Cabinda,00-0033038;00-0034163;00-0032758;00-0027949;00-0036289;00-0033547;00-0032094;00-0034361;00-0031372;00-0031127;00-0027956,Eric Murray;Jacob Martin;Vernon Hargreaves III;J.J. Watt;Ross Blacklock;Zach Cunningham;Tyrell Adams;Justin Reid;Bradley Roby;Brandon Dunn;Corey Liuget
2020_12_HOU_DET,910,run,3.0,70.0,67.0,39.0,2:16,1:37,,7.0,13.0,2.0,2.0,"5 DL, 2 LB, 4 DB",;;;;;;;;;;,11,7,,,,,00-0032381;00-0036258;00-0030083;00-0033094;00-0035229;00-0034390;00-0034345;00-0026498;00-0029632;00-0034349;00-0032135,Taylor Decker;Jonah Jackson;Oday Aboushi;Marvin Hall;T.J. Hockenson;Tyrell Crosby;Frank Ragnow;Matthew Stafford;Mohamed Sanu;Kerryon Johnson;Jesse James,00-0033038;00-0034163;00-0032758;00-0027949;00-0036289;00-0033547;00-0032094;00-0034361;00-0031372;00-0031127;00-0027956,Eric Murray;Jacob Martin;Vernon Hargreaves III;J.J. Watt;Ross Blacklock;Zach Cunningham;Tyrell Adams;Justin Reid;Bradley Roby;Brandon Dunn;Corey Liuget
2020_12_HOU_DET,931,pass,17.0,67.0,50.0,42.0,1:37,0:55,,7.0,13.0,1.0,10.0,"4 DL, 2 LB, 5 DB",;;;;;;;;;;,11,5,5,ZONE_COVERAGE,COVER_3,False,00-0032381;00-0036258;00-0033572;00-0030083;00-0033094;00-0035229;00-0034390;00-0034345;00-0029293;00-0026498;00-0034349,Taylor Decker;Jonah Jackson;Jamal Agnew;Oday Aboushi;Marvin Hall;T.J. Hockenson;Tyrell Crosby;Frank Ragnow;Marvin Jones;Matthew Stafford;Kerryon Johnson,00-0033038;00-0034163;00-0032758;00-0027949;00-0036289;00-0033547;00-0032094;00-0035244;00-0034361;00-0031372;00-0031127,Eric Murray;Jacob Martin;Vernon Hargreaves III;J.J. Watt;Ross Blacklock;Zach Cunningham;Tyrell Adams;Lonnie Johnson;Justin Reid;Bradley Roby;Brandon Dunn
2020_12_HOU_DET,955,pass,16.0,50.0,34.0,37.0,0:55,0:18,,7.0,13.0,1.0,10.0,"3 DL, 3 LB, 5 DB",;;;;;;;;;;,11,6,3,ZONE_COVERAGE,COVER_3,False,00-0032381;00-0036258;00-0033572;00-0030083;00-0034390;00-0036277;00-0034345;00-0029293;00-0026498;00-0034349;00-0032135,Taylor Decker;Jonah Jackson;Jamal Agnew;Oday Aboushi;Tyrell Crosby;Quintez Cephus;Frank Ragnow;Marvin Jones;Matthew Stafford;Kerryon Johnson;Jesse James,00-0033038;00-0034163;00-0032758;00-0036289;00-0033547;00-0032094;00-0035244;00-0034361;00-0031372;00-0036224;00-0031127,Eric Murray;Jacob Martin;Vernon Hargreaves III;Ross Blacklock;Zach Cunningham;Tyrell Adams;Lonnie Johnson;Justin Reid;Bradley Roby;Jonathan Greenard;Brandon Dunn
2020_12_HOU_DET,979,run,7.0,34.0,27.0,18.0,0:18,0:00,,7.0,13.0,1.0,10.0,"4 DL, 3 LB, 4 DB",;;;;;;;;;;,11,8,,,,,00-0032381;00-0036258;00-0035539;00-0030083;00-0033094;00-0034390;00-0034345;00-0029293;00-0026498;00-0034349;00-0032135,Taylor Decker;Jonah Jackson;Isaac Nauta;Oday Aboushi;Marvin Hall;Tyrell Crosby;Frank Ragnow;Marvin Jones;Matthew Stafford;Kerryon Johnson;Jesse James,00-0033038;00-0034163;00-0032758;00-0033547;00-0032094;00-0033563;00-0035279;00-0034361;00-0031372;00-0036224;00-0027956,Eric Murray;Jacob Martin;Vernon Hargreaves III;Zach Cunningham;Tyrell Adams;Carlos Watkins;Charles Omenihu;Justin Reid;Bradley Roby;Jonathan Greenard;Corey Liuget
2020_12_HOU_DET,1000,start_quarter_2,,,,0.0,0:00,0:00,,7.0,13.0,,0.0,,,0,,,,,,,,,
2020_12_HOU_DET,1019,turnover,4.0,27.0,23.0,6.0,15:00,14:54,,7.0,13.0,2.0,3.0,"3 DL, 3 LB, 5 DB",;;;;;;;;;;,11,6,,,,,00-0034349;00-0036258;00-0032135;00-0029293;00-0032381;00-0034345;00-0034390;00-0033572;00-0026498;00-0030083;00-0036277,Kerryon Johnson;Jonah Jackson;Jesse James;Marvin Jones;Taylor Decker;Frank Ragnow;Tyrell Crosby;Jamal Agnew;Matthew Stafford;Oday Aboushi;Quintez Cephus,00-0032094;00-0033038;00-0032758;00-0033547;00-0031372;00-0031127;00-0034361;00-0033563;00-0027949;00-0029643;00-0035244,Tyrell Adams;Eric Murray;Vernon Hargreaves III;Zach Cunningham;Bradley Roby;Brandon Dunn;Justin Reid;Carlos Watkins;J.J. Watt;Whitney Mercilus;Lonnie Johnson
2020_12_HOU_DET,1040,turnover,4.0,79.0,75.0,4.0,14:54,14:50,,7.0,13.0,1.0,10.0,"3 DL, 3 LB, 5 DB",;;;;;;;;;;,11,7,,,,,00-0032380;00-0032969;00-0030997;00-0033127;00-0032393;00-0033537;00-0033439;00-0034366;00-0031236;00-0035234;00-0035245,Laremy Tunsil;Nick Martin;Zach Fulton;Will Fuller;C.J. Prosise;Deshaun Watson;Pharaoh Brown;Keke Coutee;Brandin Cooks;Tytus Howard;Max Scharping,00-0030562;00-0030421;00-0033058;00-0030383;00-0034745;00-0031796;00-0035240;00-0027701;00-0032143;00-0035270;00-0036238,Desmond Trufant;Jamie Collins;Reggie Ragland;Duron Harmon;Tracy Walker III;Justin Coleman;Jahlani Tavai;Everson Griffen;Danny Shelton;Amani Oruwariye;John Penisini
2020_12_HOU_DET,1119,pass,14.0,26.0,12.0,30.0,14:50,14:20,,7.0,13.0,1.0,10.0,"4 DL, 3 LB, 4 DB",;;;;;;;;;;,11,8,5,MAN_COVERAGE,COVER_1,False,00-0032381;00-0036258;00-0030083;00-0033094;00-0035229;00-0034390;00-0034345;00-0029293;00-0026498;00-0034349;00-0032135,Taylor Decker;Jonah Jackson;Oday Aboushi;Marvin Hall;T.J. Hockenson;Tyrell Crosby;Frank Ragnow;Marvin Jones;Matthew Stafford;Kerryon Johnson;Jesse James,00-0033038;00-0032758;00-0027949;00-0033547;00-0032094;00-0033563;00-0035279;00-0034361;00-0031372;00-0031127;00-0029643,Eric Murray;Vernon Hargreaves III;J.J. Watt;Zach Cunningham;Tyrell Adams;Carlos Watkins;Charles Omenihu;Justin Reid;Bradley Roby;Brandon Dunn;Whitney Mercilus
2020_12_HOU_DET,1148,run,2.0,12.0,10.0,38.0,14:20,13:42,,7.0,13.0,1.0,10.0,"3 DL, 3 LB, 5 DB",;;;;;;;;;;,11,7,,,,,00-0032381;00-0036258;00-0030083;00-0033094;00-0034390;00-0034345;00-0029293;00-0026498;00-0029632;00-0034349;00-0032135,Taylor Decker;Jonah Jackson;Oday Aboushi;Marvin Hall;Tyrell Crosby;Frank Ragnow;Marvin Jones;Matthew Stafford;Mohamed Sanu;Kerryon Johnson;Jesse James,00-0033038;00-0032758;00-0027949;00-0033547;00-0032094;00-0035244;00-0033563;00-0034361;00-0031372;00-0031127;00-0029643,Eric Murray;Vernon Hargreaves III;J.J. Watt;Zach Cunningham;Tyrell Adams;Lonnie Johnson;Carlos Watkins;Justin Reid;Bradley Roby;Brandon Dunn;Whitney Mercilus
2020_12_HOU_DET,1169,no_play,0.0,10.0,10.0,7.0,13:42,13:35,,7.0,13.0,2.0,8.0,"4 DL, 3 LB, 4 DB",;;;;;;;;;;,11,7,,,,,00-0032381;00-0036258;00-0030083;00-0035229;00-0034390;00-0034345;00-0029293;00-0026498;00-0032975;00-0034171;00-0032135,Taylor Decker;Jonah Jackson;Oday Aboushi;T.J. Hockenson;Tyrell Crosby;Frank Ragnow;Marvin Jones;Matthew Stafford;Jonathan Williams;Jason Cabinda;Jesse James,00-0033038;00-0032758;00-0027949;00-0033547;00-0032094;00-0033563;00-0035279;00-0034361;00-0031372;00-0031127;00-0029643,Eric Murray;Vernon Hargreaves III;J.J. Watt;Zach Cunningham;Tyrell Adams;Carlos Watkins;Charles Omenihu;Justin Reid;Bradley Roby;Brandon Dunn;Whitney Mercilus
2020_12_HOU_DET,1202,run,4.0,5.0,1.0,35.0,13:35,13:00,,7.0,13.0,1.0,5.0,"4 DL, 3 LB, 4 DB",;;;;;;;;;;,11,8,,,,,00-0032381;00-0036258;00-0033572;00-0030083;00-0033094;00-0035229;00-0034390;00-0034345;00-0026498;00-0025394;00-0032135,Taylor Decker;Jonah Jackson;Jamal Agnew;Oday Aboushi;Marvin Hall;T.J. Hockenson;Tyrell Crosby;Frank Ragnow;Matthew Stafford;Adrian Peterson;Jesse James,00-0033038;00-0032758;00-0027949;00-0033547;00-0032094;00-0033563;00-0035279;00-0034361;00-0031372;00-0031127;00-0029643,Eric Murray;Vernon Hargreaves III;J.J. Watt;Zach Cunningham;Tyrell Adams;Carlos Watkins;Charles Omenihu;Justin Reid;Bradley Roby;Brandon Dunn;Whitney Mercilus
2020_12_HOU_DET,1223,run,1.0,1.0,0.0,4.0,13:00,12:56,,13.0,13.0,2.0,1.0,"5 DL, 4 LB, 2 DB",;;;;;;;;;;,11,11,,,,,00-0032381;00-0036258;00-0030083;00-0035229;00-0034390;00-0034345;00-0026498;00-0025394;00-0034171;00-0035328;00-0032135,Taylor Decker;Jonah Jackson;Oday Aboushi;T.J. Hockenson;Tyrell Crosby;Frank Ragnow;Matthew Stafford;Adrian Peterson;Jason Cabinda;Matt Nelson;Jesse James,00-0034421;00-0033038;00-0027949;00-0036289;00-0033547;00-0032094;00-0033563;00-0035279;00-0034361;00-0031127;00-0029643,Peter Kalambayi;Eric Murray;J.J. Watt;Ross Blacklock;Zach Cunningham;Tyrell Adams;Carlos Watkins;Charles Omenihu;Justin Reid;Brandon Dunn;Whitney Mercilus
2020_12_HOU_DET,1247,extra_point,0.0,15.0,15.0,0.0,12:56,12:56,,14.0,13.0,,0.0,,;;;;;;;;;;,11,,,,,,00-0036258;00-0030083;00-0032418;00-0032655;00-0034390;00-0022455;00-0034345;00-0023853;00-0035156;00-0035328;00-0032135,Jonah Jackson;Oday Aboushi;Joe Dahl;Romeo Okwara;Tyrell Crosby;Don Muhlbach;Frank Ragnow;Matt Prater;Jack Fox;Matt Nelson;Jesse James,00-0034421;00-0034435;00-0033038;00-0034594;00-0036289;00-0033547;00-0035244;00-0033563;00-0035279;00-0031127;00-0027956,Peter Kalambayi;Keion Crossen;Eric Murray;A.J. Moore;Ross Blacklock;Zach Cunningham;Lonnie Johnson;Carlos Watkins;Charles Omenihu;Brandon Dunn;Corey Liuget
2020_12_HOU_DET,1263,kickoff,0.0,35.0,35.0,0.0,12:56,12:56,,14.0,13.0,,0.0,,;;;;;;;;;;,11,,,,,,00-0033572;00-0033557;00-0033779;00-0032454;00-0032399;00-0034745;00-0033539;00-0035156;00-0035655;00-0034171;00-0035327,Jamal Agnew;Jalen Reeves-Maybin;Dee Virgin;Jayron Kearse;Miles Killebrew;Tracy Walker III;Jarrad Davis;Jack Fox;Will Harris;Jason Cabinda;C.J. Moore,00-0034421;00-0034594;00-0035415;00-0034449;00-0033439;00-0031015;00-0035660;00-0036224;00-0034792;00-0036069;00-0032393,Peter Kalambayi;A.J. Moore;Nate Hall;Buddy Howell;Pharaoh Brown;Phillip Gaines;Kahale Warring;Jonathan Greenard;Cornell Armstrong;Scottie Phillips;C.J. Prosise
2020_12_HOU_DET,1291,no_play,0.0,60.0,60.0,5.0,12:56,12:51,,14.0,13.0,1.0,10.0,"3 DL, 3 LB, 5 DB",;;;;;;;;;;,11,8,,,,,00-0035245;00-0032380;00-0033537;00-0035234;00-0032257;00-0031236;00-0034364;00-0030997;00-0032969;00-0033127;00-0035660,Max Scharping;Laremy Tunsil;Deshaun Watson;Tytus Howard;Duke Johnson;Brandin Cooks;Jordan Akins;Zach Fulton;Nick Martin;Will Fuller;Kahale Warring,00-0030562;00-0032143;00-0035240;00-0030421;00-0031130;00-0035270;00-0027701;00-0036238;00-0034745;00-0035655;00-0030383,Desmond Trufant;Danny Shelton;Jahlani Tavai;Jamie Collins;Christian Jones;Amani Oruwariye;Everson Griffen;John Penisini;Tracy Walker III;Will Harris;Duron Harmon
2020_12_HOU_DET,1330,run,11.0,45.0,34.0,25.0,12:51,12:26,,14.0,13.0,1.0,10.0,"3 DL, 3 LB, 5 DB",;;;;;;;;;;,11,8,4,,,,00-0035245;00-0029738;00-0032380;00-0033537;00-0035234;00-0032257;00-0031236;00-0033439;00-0030997;00-0032969;00-0033127,Max Scharping;Darren Fells;Laremy Tunsil;Deshaun Watson;Tytus Howard;Duke Johnson;Brandin Cooks;Pharaoh Brown;Zach Fulton;Nick Martin;Will Fuller,00-0030562;00-0032143;00-0035240;00-0030421;00-0031130;00-0035270;00-0027701;00-0036238;00-0034745;00-0035655;00-0030383,Desmond Trufant;Danny Shelton;Jahlani Tavai;Jamie Collins;Christian Jones;Amani Oruwariye;Everson Griffen;John Penisini;Tracy Walker III;Will Harris;Duron Harmon
2020_12_HOU_DET,1351,run,5.0,34.0,29.0,32.0,12:26,11:54,,14.0,13.0,1.0,10.0,"3 DL, 3 LB, 5 DB",;;;;;;;;;;,11,7,,,,,00-0029738;00-0032380;00-0032969;00-0030997;00-0033127;00-0032257;00-0033537;00-0033439;00-0035245;00-0035234;00-0031236,Darren Fells;Laremy Tunsil;Nick Martin;Zach Fulton;Will Fuller;Duke Johnson;Deshaun Watson;Pharaoh Brown;Max Scharping;Tytus Howard;Brandin Cooks,00-0030562;00-0030421;00-0034745;00-0030383;00-0035240;00-0032143;00-0027701;00-0035655;00-0035270;00-0031130;00-0036238,Desmond Trufant;Jamie Collins;Tracy Walker III;Duron Harmon;Jahlani Tavai;Danny Shelton;Everson Griffen;Will Harris;Amani Oruwariye;Christian Jones;John Penisini
2020_12_HOU_DET,1372,run,4.0,29.0,25.0,43.0,11:54,11:11,,14.0,13.0,2.0,5.0,"3 DL, 3 LB, 5 DB",;;;;;;;;;;,11,7,,,,,00-0035245;00-0034366;00-0032380;00-0033537;00-0035234;00-0032257;00-0031236;00-0030997;00-0034364;00-0032969;00-0033127,Max Scharping;Keke Coutee;Laremy Tunsil;Deshaun Watson;Tytus Howard;Duke Johnson;Brandin Cooks;Zach Fulton;Jordan Akins;Nick Martin;Will Fuller,00-0030562;00-0032143;00-0031796;00-0035240;00-0030421;00-0031130;00-0027701;00-0035270;00-0036238;00-0034745;00-0030383,Desmond Trufant;Danny Shelton;Justin Coleman;Jahlani Tavai;Jamie Collins;Christian Jones;Everson Griffen;Amani Oruwariye;John Penisini;Tracy Walker III;Duron Harmon
2020_12_HOU_DET,1393,run,2.0,25.0,23.0,39.0,11:11,10:32,,14.0,13.0,3.0,1.0,"4 DL, 3 LB, 4 DB",;;;;;;;;;;,11,7,,,,,00-0035245;00-0029738;00-0032380;00-0033537;00-0035234;00-0032257;00-0031236;00-0030997;00-0034364;00-0032969;00-0033127,Max Scharping;Darren Fells;Laremy Tunsil;Deshaun Watson;Tytus Howard;Duke Johnson;Brandin Cooks;Zach Fulton;Jordan Akins;Nick Martin;Will Fuller,00-0030562;00-0030500;00-0035240;00-0030421;00-0031130;00-0035455;00-0027701;00-0035270;00-0036238;00-0034745;00-0030383,Desmond Trufant;Nick Williams;Jahlani Tavai;Jamie Collins;Christian Jones;Albert Huggins;Everson Griffen;Amani Oruwariye;John Penisini;Tracy Walker III;Duron Harmon
2020_12_HOU_DET,1418,no_play,0.0,23.0,23.0,8.0,10:32,10:24,,14.0,13.0,1.0,10.0,"3 DL, 3 LB, 5 DB",;;;;;;;;;;,11,8,,,,,00-0035245;00-0029738;00-0032380;00-0033537;00-0035234;00-0032257;00-0031236;00-0030997;00-0034364;00-0032969;00-0033127,Max Scharping;Darren Fells;Laremy Tunsil;Deshaun Watson;Tytus Howard;Duke Johnson;Brandin Cooks;Zach Fulton;Jordan Akins;Nick Martin;Will Fuller,00-0030562;00-0030500;00-0035240;00-0032655;00-0030421;00-0031130;00-0035270;00-0036238;00-0034745;00-0035655;00-0030383,Desmond Trufant;Nick Williams;Jahlani Tavai;Romeo Okwara;Jamie Collins;Christian Jones;Amani Oruwariye;John Penisini;Tracy Walker III;Will Harris;Duron Harmon
2020_12_HOU_DET,1454,pass,33.0,33.0,0.0,6.0,10:24,10:18,,14.0,19.0,1.0,20.0,"3 DL, 3 LB, 5 DB",;;;;;;;;;;,11,4,5,MAN_COVERAGE,COVER_1,False,00-0035245;00-0034366;00-0032380;00-0033537;00-0035234;00-0032257;00-0031236;00-0033439;00-0030997;00-0032969;00-0033127,Max Scharping;Keke Coutee;Laremy Tunsil;Deshaun Watson;Tytus Howard;Duke Johnson;Brandin Cooks;Pharaoh Brown;Zach Fulton;Nick Martin;Will Fuller,00-0030562;00-0030500;00-0031796;00-0035240;00-0032655;00-0030421;00-0031130;00-0035270;00-0036238;00-0034745;00-0030383,Desmond Trufant;Nick Williams;Justin Coleman;Jahlani Tavai;Romeo Okwara;Jamie Collins;Christian Jones;Amani Oruwariye;John Penisini;Tracy Walker III;Duron Harmon
2020_12_HOU_DET,1479,extra_point,0.0,15.0,15.0,0.0,10:18,10:18,,14.0,20.0,,0.0,,;;;;;;;;;;,11,,,,,,00-0035245;00-0031031;00-0029738;00-0032380;00-0035234;00-0033439;00-0032726;00-0029692;00-0030997;00-0027224;00-0029546,Max Scharping;Brent Qvale;Darren Fells;Laremy Tunsil;Tytus Howard;Pharaoh Brown;Ka'imi Fairbairn;Bryan Anger;Zach Fulton;Jon Weeks;Senio Kelemete,00-0030500;00-0031796;00-0033557;00-0032655;00-0031130;00-0033779;00-0027701;00-0036238;00-0032399;00-0033539;00-0030383,Nick Williams;Justin Coleman;Jalen Reeves-Maybin;Romeo Okwara;Christian Jones;Dee Virgin;Everson Griffen;John Penisini;Miles Killebrew;Jarrad Davis;Duron Harmon
2020_12_HOU_DET,1495,kickoff,0.0,35.0,35.0,0.0,10:18,10:18,,14.0,20.0,,0.0,,;;;;;;;;;;,11,,,,,,00-0036304;00-0034421;00-0034435;00-0034594;00-0035415;00-0034449;00-0032726;00-0035244;00-0036224;00-0034792;00-0036069,John Reid;Peter Kalambayi;Keion Crossen;A.J. Moore;Nate Hall;Buddy Howell;Ka'imi Fairbairn;Lonnie Johnson;Jonathan Greenard;Cornell Armstrong;Scottie Phillips,00-0033572;00-0033557;00-0035539;00-0035240;00-0036277;00-0032399;00-0035655;00-0034171;00-0032975;00-0035327;00-0032135,Jamal Agnew;Jalen Reeves-Maybin;Isaac Nauta;Jahlani Tavai;Quintez Cephus;Miles Killebrew;Will Harris;Jason Cabinda;Jonathan Williams;C.J. Moore;Jesse James
2020_12_HOU_DET,1510,run,0.0,75.0,75.0,43.0,10:18,9:35,,14.0,20.0,1.0,10.0,"4 DL, 3 LB, 4 DB",;;;;;;;;;;,11,7,,,,,00-0032381;00-0036258;00-0035539;00-0030083;00-0033094;00-0034390;00-0034345;00-0026498;00-0029632;00-0025394;00-0032135,Taylor Decker;Jonah Jackson;Isaac Nauta;Oday Aboushi;Marvin Hall;Tyrell Crosby;Frank Ragnow;Matthew Stafford;Mohamed Sanu;Adrian Peterson;Jesse James,00-0033038;00-0032758;00-0027949;00-0033547;00-0032094;00-0033563;00-0034361;00-0031372;00-0031127;00-0027956;00-0029643,Eric Murray;Vernon Hargreaves III;J.J. Watt;Zach Cunningham;Tyrell Adams;Carlos Watkins;Justin Reid;Bradley Roby;Brandon Dunn;Corey Liuget;Whitney Mercilus
2020_12_HOU_DET,1531,pass,12.0,75.0,63.0,37.0,9:35,8:58,,14.0,20.0,2.0,10.0,"3 DL, 3 LB, 5 DB",;;;;;;;;;;,11,7,4,ZONE_COVERAGE,COVER_3,False,00-0032381;00-0036258;00-0033572;00-0030083;00-0033094;00-0034390;00-0034345;00-0029293;00-0026498;00-0032975;00-0032135,Taylor Decker;Jonah Jackson;Jamal Agnew;Oday Aboushi;Marvin Hall;Tyrell Crosby;Frank Ragnow;Marvin Jones;Matthew Stafford;Jonathan Williams;Jesse James,00-0033038;00-0032758;00-0027949;00-0033547;00-0032094;00-0035244;00-0033563;00-0034361;00-0031372;00-0027956;00-0029643,Eric Murray;Vernon Hargreaves III;J.J. Watt;Zach Cunningham;Tyrell Adams;Lonnie Johnson;Carlos Watkins;Justin Reid;Bradley Roby;Corey Liuget;Whitney Mercilus
2020_12_HOU_DET,1555,pass,0.0,63.0,63.0,7.0,8:58,8:51,,14.0,20.0,1.0,10.0,"4 DL, 3 LB, 4 DB",;;;;;;;;;;,11,6,4,ZONE_COVERAGE,COVER_2,False,00-0032381;00-0036258;00-0030083;00-0033094;00-0035229;00-0034390;00-0034345;00-0029293;00-0026498;00-0025394;00-0032135,Taylor Decker;Jonah Jackson;Oday Aboushi;Marvin Hall;T.J. Hockenson;Tyrell Crosby;Frank Ragnow;Marvin Jones;Matthew Stafford;Adrian Peterson;Jesse James,00-0033038;00-0032758;00-0027949;00-0033547;00-0032094;00-0033563;00-0034361;00-0031372;00-0031127;00-0027956;00-0029643,Eric Murray;Vernon Hargreaves III;J.J. Watt;Zach Cunningham;Tyrell Adams;Carlos Watkins;Justin Reid;Bradley Roby;Brandon Dunn;Corey Liuget;Whitney Mercilus
2020_12_HOU_DET,1581,run,-2.0,63.0,65.0,42.0,8:51,8:09,,14.0,20.0,2.0,10.0,"3 DL, 3 LB, 5 DB",;;;;;;;;;;,11,6,,,,,00-0032381;00-0036258;00-0030083;00-0033094;00-0035229;00-0034390;00-0034345;00-0029293;00-0026498;00-0029632;00-0025394,Taylor Decker;Jonah Jackson;Oday Aboushi;Marvin Hall;T.J. Hockenson;Tyrell Crosby;Frank Ragnow;Marvin Jones;Matthew Stafford;Mohamed Sanu;Adrian Peterson,00-0033038;00-0032758;00-0027949;00-0033547;00-0032094;00-0035244;00-0033563;00-0034361;00-0031372;00-0027956;00-0029643,Eric Murray;Vernon Hargreaves III;J.J. Watt;Zach Cunningham;Tyrell Adams;Lonnie Johnson;Carlos Watkins;Justin Reid;Bradley Roby;Corey Liuget;Whitney Mercilus
2020_12_HOU_DET,1602,pass,12.0,65.0,53.0,19.0,8:09,7:50,,14.0,20.0,3.0,12.0,"3 DL, 2 LB, 6 DB",;;;;;;;;;;,11,6,4,ZONE_COVERAGE,COVER_3,True,00-0032381;00-0036258;00-0030083;00-0033094;00-0035229;00-0034390;00-0034345;00-0029293;00-0026498;00-0029632;00-0034349,Taylor Decker;Jonah Jackson;Oday Aboushi;Marvin Hall;T.J. Hockenson;Tyrell Crosby;Frank Ragnow;Marvin Jones;Matthew Stafford;Mohamed Sanu;Kerryon Johnson,00-0033038;00-0034163;00-0032758;00-0034594;00-0027949;00-0032094;00-0035244;00-0035279;00-0034361;00-0031372;00-0029643,Eric Murray;Jacob Martin;Vernon Hargreaves III;A.J. Moore;J.J. Watt;Tyrell Adams;Lonnie Johnson;Charles Omenihu;Justin Reid;Bradley Roby;Whitney Mercilus
2020_12_HOU_DET,1631,run,3.0,53.0,50.0,40.0,7:50,7:10,,14.0,20.0,1.0,10.0,"3 DL, 3 LB, 5 DB",;;;;;;;;;;,11,5,,,,,00-0032381;00-0036258;00-0030083;00-0033094;00-0035229;00-0034390;00-0034345;00-0029293;00-0026498;00-0029632;00-0034349,Taylor Decker;Jonah Jackson;Oday Aboushi;Marvin Hall;T.J. Hockenson;Tyrell Crosby;Frank Ragnow;Marvin Jones;Matthew Stafford;Mohamed Sanu;Kerryon Johnson,00-0033038;00-0034163;00-0032758;00-0033547;00-0032094;00-0035244;00-0035279;00-0034361;00-0031372;00-0036224;00-0031127,Eric Murray;Jacob Martin;Vernon Hargreaves III;Zach Cunningham;Tyrell Adams;Lonnie Johnson;Charles Omenihu;Justin Reid;Bradley Roby;Jonathan Greenard;Brandon Dunn
2020_12_HOU_DET,1652,run,1.0,50.0,49.0,44.0,7:10,6:26,,14.0,20.0,2.0,7.0,"4 DL, 3 LB, 4 DB",;;;;;;;;;;,11,7,,,,,00-0032381;00-0036258;00-0035539;00-0030083;00-0035229;00-0034390;00-0034345;00-0026498;00-0029632;00-0034349;00-0032135,Taylor Decker;Jonah Jackson;Isaac Nauta;Oday Aboushi;T.J. Hockenson;Tyrell Crosby;Frank Ragnow;Matthew Stafford;Mohamed Sanu;Kerryon Johnson;Jesse James,00-0033038;00-0034163;00-0032758;00-0033547;00-0032094;00-0033563;00-0035279;00-0034361;00-0031372;00-0036224;00-0031127,Eric Murray;Jacob Martin;Vernon Hargreaves III;Zach Cunningham;Tyrell Adams;Carlos Watkins;Charles Omenihu;Justin Reid;Bradley Roby;Jonathan Greenard;Brandon Dunn
2020_12_HOU_DET,1673,pass,0.0,49.0,49.0,4.0,6:26,6:22,,14.0,20.0,3.0,6.0,"3 DL, 2 LB, 6 DB",;;;;;;;;;;,11,6,4,MAN_COVERAGE,COVER_1,False,00-0032381;00-0036258;00-0033572;00-0030083;00-0033094;00-0035229;00-0034390;00-0034345;00-0029293;00-0026498;00-0032975,Taylor Decker;Jonah Jackson;Jamal Agnew;Oday Aboushi;Marvin Hall;T.J. Hockenson;Tyrell Crosby;Frank Ragnow;Marvin Jones;Matthew Stafford;Jonathan Williams,00-0033038;00-0034163;00-0032758;00-0034594;00-0027949;00-0032094;00-0035244;00-0035279;00-0034361;00-0031372;00-0029643,Eric Murray;Jacob Martin;Vernon Hargreaves III;A.J. Moore;J.J. Watt;Tyrell Adams;Lonnie Johnson;Charles Omenihu;Justin Reid;Bradley Roby;Whitney Mercilus
2020_12_HOU_DET,1695,punt,0.0,49.0,49.0,7.0,6:22,6:15,,14.0,20.0,4.0,6.0,,;;;;;;;;;;,11,,,,,,00-0033557;00-0035240;00-0031130;00-0033779;00-0022455;00-0032399;00-0034745;00-0035156;00-0035655;00-0034171;00-0035327,Jalen Reeves-Maybin;Jahlani Tavai;Christian Jones;Dee Virgin;Don Muhlbach;Miles Killebrew;Tracy Walker III;Jack Fox;Will Harris;Jason Cabinda;C.J. Moore,00-0034421;00-0034366;00-0034435;00-0034449;00-0034081;00-0031015;00-0035660;00-0036224;00-0034792;00-0036069;00-0032393,Peter Kalambayi;Keke Coutee;Keion Crossen;Buddy Howell;Steven Mitchell;Phillip Gaines;Kahale Warring;Jonathan Greenard;Cornell Armstrong;Scottie Phillips;C.J. Prosise
2020_12_HOU_DET,1712,pass,12.0,80.0,68.0,30.0,6:15,5:45,,14.0,20.0,1.0,10.0,"3 DL, 3 LB, 5 DB",;;;;;;;;;;,11,7,3,ZONE_COVERAGE,COVER_3,False,00-0035245;00-0034366;00-0032380;00-0033537;00-0035234;00-0032257;00-0031236;00-0033439;00-0030997;00-0032969;00-0033127,Max Scharping;Keke Coutee;Laremy Tunsil;Deshaun Watson;Tytus Howard;Duke Johnson;Brandin Cooks;Pharaoh Brown;Zach Fulton;Nick Martin;Will Fuller,00-0030562;00-0031796;00-0035240;00-0032655;00-0030421;00-0035455;00-0035270;00-0032454;00-0036238;00-0033539;00-0030383,Desmond Trufant;Justin Coleman;Jahlani Tavai;Romeo Okwara;Jamie Collins;Albert Huggins;Amani Oruwariye;Jayron Kearse;John Penisini;Jarrad Davis;Duron Harmon
2020_12_HOU_DET,1740,run,5.0,68.0,63.0,30.0,5:45,5:15,,14.0,20.0,1.0,10.0,"3 DL, 3 LB, 5 DB",;;;;;;;;;;,11,6,,,,,00-0032380;00-0032969;00-0030997;00-0033127;00-0032257;00-0033537;00-0033439;00-0034366;00-0035245;00-0035234;00-0031236,Laremy Tunsil;Nick Martin;Zach Fulton;Will Fuller;Duke Johnson;Deshaun Watson;Pharaoh Brown;Keke Coutee;Max Scharping;Tytus Howard;Brandin Cooks,00-0030562;00-0030421;00-0033539;00-0030383;00-0031796;00-0032454;00-0035240;00-0035455;00-0035270;00-0036238;00-0032655,Desmond Trufant;Jamie Collins;Jarrad Davis;Duron Harmon;Justin Coleman;Jayron Kearse;Jahlani Tavai;Albert Huggins;Amani Oruwariye;John Penisini;Romeo Okwara
2020_12_HOU_DET,1761,pass,37.0,63.0,26.0,28.0,5:15,4:47,,14.0,20.0,2.0,5.0,"3 DL, 3 LB, 5 DB",;;;;;;;;;;,11,7,5,MAN_COVERAGE,COVER_1,False,00-0035245;00-0034366;00-0032380;00-0033537;00-0035234;00-0032257;00-0031236;00-0033439;00-0030997;00-0032969;00-0033127,Max Scharping;Keke Coutee;Laremy Tunsil;Deshaun Watson;Tytus Howard;Duke Johnson;Brandin Cooks;Pharaoh Brown;Zach Fulton;Nick Martin;Will Fuller,00-0030562;00-0031796;00-0035240;00-0032655;00-0030421;00-0035455;00-0035270;00-0032454;00-0036238;00-0033539;00-0030383,Desmond Trufant;Justin Coleman;Jahlani Tavai;Romeo Okwara;Jamie Collins;Albert Huggins;Amani Oruwariye;Jayron Kearse;John Penisini;Jarrad Davis;Duron Harmon
2020_12_HOU_DET,1797,pass,-9.0,26.0,35.0,50.0,4:47,3:57,,14.0,20.0,1.0,10.0,"3 DL, 3 LB, 5 DB",;;;;;;;;;;,11,6,3,,,,00-0035245;00-0029738;00-0032380;00-0033537;00-0035234;00-0032257;00-0031236;00-0030997;00-0034364;00-0032969;00-0033127,Max Scharping;Darren Fells;Laremy Tunsil;Deshaun Watson;Tytus Howard;Duke Johnson;Brandin Cooks;Zach Fulton;Jordan Akins;Nick Martin;Will Fuller,00-0030500;00-0031796;00-0032655;00-0033058;00-0030421;00-0031130;00-0035270;00-0032454;00-0036238;00-0035655;00-0030383,Nick Williams;Justin Coleman;Romeo Okwara;Reggie Ragland;Jamie Collins;Christian Jones;Amani Oruwariye;Jayron Kearse;John Penisini;Will Harris;Duron Harmon
2020_12_HOU_DET,1816,no_play,0.0,35.0,35.0,20.0,3:57,3:37,,14.0,20.0,2.0,19.0,"3 DL, 3 LB, 5 DB",;;;;;;;;;;,11,,,,,,00-0035245;00-0034366;00-0032380;00-0033537;00-0035234;00-0032257;00-0031236;00-0034364;00-0030997;00-0032969;00-0033127,Max Scharping;Keke Coutee;Laremy Tunsil;Deshaun Watson;Tytus Howard;Duke Johnson;Brandin Cooks;Jordan Akins;Zach Fulton;Nick Martin;Will Fuller,00-0030500;00-0031796;00-0035240;00-0032655;00-0033058;00-0030421;00-0035270;00-0032454;00-0036238;00-0034745;00-0030383,Nick Williams;Justin Coleman;Jahlani Tavai;Romeo Okwara;Reggie Ragland;Jamie Collins;Amani Oruwariye;Jayron Kearse;John Penisini;Tracy Walker III;Duron Harmon
2020_12_HOU_DET,1839,pass,27.0,40.0,13.0,39.0,3:37,2:58,,14.0,20.0,2.0,24.0,"3 DL, 3 LB, 5 DB",;;;;;;;;;;,11,7,4,ZONE_COVERAGE,COVER_3,True,00-0035245;00-0034366;00-0032380;00-0033537;00-0035234;00-0032257;00-0031236;00-0034364;00-0030997;00-0032969;00-0033127,Max Scharping;Keke Coutee;Laremy Tunsil;Deshaun Watson;Tytus Howard;Duke Johnson;Brandin Cooks;Jordan Akins;Zach Fulton;Nick Martin;Will Fuller,00-0030500;00-0031796;00-0035240;00-0032655;00-0033058;00-0030421;00-0035270;00-0032454;00-0036238;00-0034745;00-0030383,Nick Williams;Justin Coleman;Jahlani Tavai;Romeo Okwara;Reggie Ragland;Jamie Collins;Amani Oruwariye;Jayron Kearse;John Penisini;Tracy Walker III;Duron Harmon
2020_12_HOU_DET,1863,run,4.0,13.0,9.0,48.0,2:58,2:10,,14.0,20.0,1.0,10.0,"3 DL, 3 LB, 5 DB",;;;;;;;;;;,11,8,5,,,,00-0035245;00-0029738;00-0032380;00-0033537;00-0035234;00-0032257;00-0031236;00-0033439;00-0030997;00-0032969;00-0033127,Max Scharping;Darren Fells;Laremy Tunsil;Deshaun Watson;Tytus Howard;Duke Johnson;Brandin Cooks;Pharaoh Brown;Zach Fulton;Nick Martin;Will Fuller,00-0030500;00-0031796;00-0033058;00-0030421;00-0031130;00-0027701;00-0035270;00-0032454;00-0036238;00-0035655;00-0030383,Nick Williams;Justin Coleman;Reggie Ragland;Jamie Collins;Christian Jones;Everson Griffen;Amani Oruwariye;Jayron Kearse;John Penisini;Will Harris;Duron Harmon
2020_12_HOU_DET,1884,no_play,0.0,9.0,9.0,10.0,2:10,2:00,,14.0,20.0,2.0,6.0,"3 DL, 3 LB, 5 DB",;;;;;;;;;;,11,8,,,,,00-0035245;00-0029738;00-0032380;00-0033537;00-0035234;00-0032257;00-0031236;00-0033439;00-0030997;00-0032969;00-0033127,Max Scharping;Darren Fells;Laremy Tunsil;Deshaun Watson;Tytus Howard;Duke Johnson;Brandin Cooks;Pharaoh Brown;Zach Fulton;Nick Martin;Will Fuller,00-0030500;00-0031796;00-0035240;00-0030421;00-0031130;00-0027701;00-0035270;00-0032454;00-0036238;00-0035655;00-0030383,Nick Williams;Justin Coleman;Jahlani Tavai;Jamie Collins;Christian Jones;Everson Griffen;Amani Oruwariye;Jayron Kearse;John Penisini;Will Harris;Duron Harmon
2020_12_HOU_DET,1936,pass,-4.0,19.0,23.0,6.0,2:00,1:54,,14.0,20.0,2.0,16.0,"3 DL, 3 LB, 5 DB",;;;;;;;;;;,11,7,5,MAN_COVERAGE,COVER_1,False,00-0035245;00-0034366;00-0032380;00-0033537;00-0035234;00-0032257;00-0031236;00-0034364;00-0030997;00-0032969;00-0033127,Max Scharping;Keke Coutee;Laremy Tunsil;Deshaun Watson;Tytus Howard;Duke Johnson;Brandin Cooks;Jordan Akins;Zach Fulton;Nick Martin;Will Fuller,00-0030500;00-0031796;00-0035240;00-0030421;00-0031130;00-0027701;00-0035270;00-0032454;00-0036238;00-0034745;00-0030383,Nick Williams;Justin Coleman;Jahlani Tavai;Jamie Collins;Christian Jones;Everson Griffen;Amani Oruwariye;Jayron Kearse;John Penisini;Tracy Walker III;Duron Harmon
2020_12_HOU_DET,1971,pass,0.0,23.0,23.0,5.0,1:54,1:49,,14.0,20.0,3.0,20.0,"3 DL, 2 LB, 6 DB",;;;;;;;;;;,11,5,5,MAN_COVERAGE,COVER_1,False,00-0035245;00-0034366;00-0032380;00-0033537;00-0035234;00-0032257;00-0031236;00-0030997;00-0034364;00-0032969;00-0033127,Max Scharping;Keke Coutee;Laremy Tunsil;Deshaun Watson;Tytus Howard;Duke Johnson;Brandin Cooks;Zach Fulton;Jordan Akins;Nick Martin;Will Fuller,00-0030500;00-0031796;00-0032655;00-0030421;00-0027701;00-0035270;00-0032454;00-0034745;00-0033539;00-0035655;00-0030383,Nick Williams;Justin Coleman;Romeo Okwara;Jamie Collins;Everson Griffen;Amani Oruwariye;Jayron Kearse;Tracy Walker III;Jarrad Davis;Will Harris;Duron Harmon
2020_12_HOU_DET,1993,field_goal,0.0,23.0,23.0,5.0,1:49,1:44,,14.0,23.0,4.0,20.0,,;;;;;;;;;;,11,,,,,,00-0035245;00-0031031;00-0029738;00-0032380;00-0035234;00-0033439;00-0032726;00-0029692;00-0030997;00-0027224;00-0029546,Max Scharping;Brent Qvale;Darren Fells;Laremy Tunsil;Tytus Howard;Pharaoh Brown;Ka'imi Fairbairn;Bryan Anger;Zach Fulton;Jon Weeks;Senio Kelemete,00-0030500;00-0033557;00-0031796;00-0032655;00-0031130;00-0033779;00-0027701;00-0036238;00-0032399;00-0033539;00-0030383,Nick Williams;Jalen Reeves-Maybin;Justin Coleman;Romeo Okwara;Christian Jones;Dee Virgin;Everson Griffen;John Penisini;Miles Killebrew;Jarrad Davis;Duron Harmon
2020_12_HOU_DET,2012,kickoff,0.0,35.0,35.0,0.0,1:44,1:44,,14.0,23.0,,0.0,,;;;;;;;;;;,11,,,,,,00-0036304;00-0034421;00-0034435;00-0034594;00-0035415;00-0034449;00-0032726;00-0035244;00-0036224;00-0034792;00-0036069,John Reid;Peter Kalambayi;Keion Crossen;A.J. Moore;Nate Hall;Buddy Howell;Ka'imi Fairbairn;Lonnie Johnson;Jonathan Greenard;Cornell Armstrong;Scottie Phillips,00-0033572;00-0033557;00-0035539;00-0035240;00-0036277;00-0032399;00-0035655;00-0034171;00-0032975;00-0035327;00-0032135,Jamal Agnew;Jalen Reeves-Maybin;Isaac Nauta;Jahlani Tavai;Quintez Cephus;Miles Killebrew;Will Harris;Jason Cabinda;Jonathan Williams;C.J. Moore;Jesse James
2020_12_HOU_DET,2027,run,4.0,75.0,71.0,34.0,1:44,1:10,,14.0,23.0,1.0,10.0,"3 DL, 2 LB, 6 DB",;;;;;;;;;;,11,6,,,,,00-0032381;00-0036258;00-0033572;00-0030083;00-0035229;00-0034390;00-0036277;00-0034345;00-0029293;00-0026498;00-0034349,Taylor Decker;Jonah Jackson;Jamal Agnew;Oday Aboushi;T.J. Hockenson;Tyrell Crosby;Quintez Cephus;Frank Ragnow;Marvin Jones;Matthew Stafford;Kerryon Johnson,00-0033038;00-0034163;00-0032758;00-0034594;00-0027949;00-0032094;00-0035244;00-0035279;00-0034361;00-0031372;00-0029643,Eric Murray;Jacob Martin;Vernon Hargreaves III;A.J. Moore;J.J. Watt;Tyrell Adams;Lonnie Johnson;Charles Omenihu;Justin Reid;Bradley Roby;Whitney Mercilus
2020_12_HOU_DET,2048,pass,0.0,71.0,71.0,5.0,1:10,1:05,,14.0,23.0,2.0,6.0,"3 DL, 2 LB, 6 DB",;;;;;;;;;;,11,5,4,MAN_COVERAGE,COVER_1,True,00-0032381;00-0036258;00-0030083;00-0033094;00-0035229;00-0034390;00-0034345;00-0029293;00-0026498;00-0029632;00-0034349,Taylor Decker;Jonah Jackson;Oday Aboushi;Marvin Hall;T.J. Hockenson;Tyrell Crosby;Frank Ragnow;Marvin Jones;Matthew Stafford;Mohamed Sanu;Kerryon Johnson,00-0033038;00-0034163;00-0032758;00-0034594;00-0027949;00-0032094;00-0035244;00-0035279;00-0034361;00-0031372;00-0029643,Eric Murray;Jacob Martin;Vernon Hargreaves III;A.J. Moore;J.J. Watt;Tyrell Adams;Lonnie Johnson;Charles Omenihu;Justin Reid;Bradley Roby;Whitney Mercilus
2020_12_HOU_DET,2070,no_play,0.0,71.0,71.0,7.0,1:05,0:58,,14.0,23.0,3.0,6.0,"3 DL, 2 LB, 6 DB",;;;;;;;;;;,11,5,,,,,00-0032381;00-0036258;00-0033572;00-0030083;00-0033094;00-0035229;00-0034390;00-0034345;00-0029293;00-0026498;00-0034349,Taylor Decker;Jonah Jackson;Jamal Agnew;Oday Aboushi;Marvin Hall;T.J. Hockenson;Tyrell Crosby;Frank Ragnow;Marvin Jones;Matthew Stafford;Kerryon Johnson,00-0033038;00-0034163;00-0032758;00-0034594;00-0027949;00-0032094;00-0035244;00-0035279;00-0034361;00-0031372;00-0029643,Eric Murray;Jacob Martin;Vernon Hargreaves III;A.J. Moore;J.J. Watt;Tyrell Adams;Lonnie Johnson;Charles Omenihu;Justin Reid;Bradley Roby;Whitney Mercilus
2020_12_HOU_DET,2103,pass,20.0,66.0,46.0,7.0,0:58,0:51,,14.0,23.0,1.0,10.0,"3 DL, 2 LB, 6 DB",;;;;;;;;;;,11,6,4,ZONE_COVERAGE,COVER_3,True,00-0032381;00-0036258;00-0033572;00-0030083;00-0035229;00-0034390;00-0036277;00-0034345;00-0029293;00-0026498;00-0034349,Taylor Decker;Jonah Jackson;Jamal Agnew;Oday Aboushi;T.J. Hockenson;Tyrell Crosby;Quintez Cephus;Frank Ragnow;Marvin Jones;Matthew Stafford;Kerryon Johnson,00-0033038;00-0034163;00-0032758;00-0034594;00-0027949;00-0032094;00-0035244;00-0035279;00-0034361;00-0031372;00-0029643,Eric Murray;Jacob Martin;Vernon Hargreaves III;A.J. Moore;J.J. Watt;Tyrell Adams;Lonnie Johnson;Charles Omenihu;Justin Reid;Bradley Roby;Whitney Mercilus
2020_12_HOU_DET,2132,pass,0.0,46.0,46.0,5.0,0:51,0:46,,14.0,23.0,1.0,10.0,"3 DL, 2 LB, 6 DB",;;;;;;;;;;,11,6,4,ZONE_COVERAGE,COVER_3,False,00-0032381;00-0036258;00-0033572;00-0030083;00-0035229;00-0034390;00-0036277;00-0034345;00-0029293;00-0026498;00-0034349,Taylor Decker;Jonah Jackson;Jamal Agnew;Oday Aboushi;T.J. Hockenson;Tyrell Crosby;Quintez Cephus;Frank Ragnow;Marvin Jones;Matthew Stafford;Kerryon Johnson,00-0033038;00-0034163;00-0032758;00-0034594;00-0027949;00-0032094;00-0035244;00-0035279;00-0034361;00-0031372;00-0029643,Eric Murray;Jacob Martin;Vernon Hargreaves III;A.J. Moore;J.J. Watt;Tyrell Adams;Lonnie Johnson;Charles Omenihu;Justin Reid;Bradley Roby;Whitney Mercilus
2020_12_HOU_DET,2154,pass,2.0,46.0,44.0,22.0,0:46,0:24,,14.0,23.0,2.0,10.0,"3 DL, 2 LB, 6 DB",;;;;;;;;;;,11,5,4,ZONE_COVERAGE,COVER_3,False,00-0032381;00-0036258;00-0033572;00-0030083;00-0035229;00-0034390;00-0036277;00-0034345;00-0029293;00-0026498;00-0034349,Taylor Decker;Jonah Jackson;Jamal Agnew;Oday Aboushi;T.J. Hockenson;Tyrell Crosby;Quintez Cephus;Frank Ragnow;Marvin Jones;Matthew Stafford;Kerryon Johnson,00-0033038;00-0034163;00-0032758;00-0034594;00-0027949;00-0032094;00-0035244;00-0035279;00-0034361;00-0031372;00-0029643,Eric Murray;Jacob Martin;Vernon Hargreaves III;A.J. Moore;J.J. Watt;Tyrell Adams;Lonnie Johnson;Charles Omenihu;Justin Reid;Bradley Roby;Whitney Mercilus
2020_12_HOU_DET,2178,pass,-4.0,44.0,48.0,9.0,0:24,0:15,,14.0,23.0,3.0,8.0,"3 DL, 2 LB, 6 DB",;;;;;;;;;;,11,5,4,,,,00-0032381;00-0036258;00-0033572;00-0030083;00-0035229;00-0034390;00-0036277;00-0034345;00-0029293;00-0026498;00-0034349,Taylor Decker;Jonah Jackson;Jamal Agnew;Oday Aboushi;T.J. Hockenson;Tyrell Crosby;Quintez Cephus;Frank Ragnow;Marvin Jones;Matthew Stafford;Kerryon Johnson,00-0033038;00-0034163;00-0032758;00-0034594;00-0027949;00-0032094;00-0035244;00-0035279;00-0034361;00-0031372;00-0029643,Eric Murray;Jacob Martin;Vernon Hargreaves III;A.J. Moore;J.J. Watt;Tyrell Adams;Lonnie Johnson;Charles Omenihu;Justin Reid;Bradley Roby;Whitney Mercilus
2020_12_HOU_DET,2197,timeout,0.0,,,0.0,0:15,0:15,HOU,14.0,23.0,,0.0,,,0,,,,,,,,,
2020_12_HOU_DET,2214,punt,0.0,48.0,48.0,6.0,0:15,0:09,,14.0,23.0,4.0,12.0,,;;;;;;;;;;,11,,,,,,00-0033557;00-0035240;00-0031130;00-0033779;00-0022455;00-0032399;00-0034745;00-0035156;00-0035655;00-0034171;00-0035327,Jalen Reeves-Maybin;Jahlani Tavai;Christian Jones;Dee Virgin;Don Muhlbach;Miles Killebrew;Tracy Walker III;Jack Fox;Will Harris;Jason Cabinda;C.J. Moore,00-0034421;00-0034366;00-0034435;00-0034449;00-0034081;00-0031015;00-0035660;00-0036224;00-0034792;00-0036069;00-0032393,Peter Kalambayi;Keke Coutee;Keion Crossen;Buddy Howell;Steven Mitchell;Phillip Gaines;Kahale Warring;Jonathan Greenard;Cornell Armstrong;Scottie Phillips;C.J. Prosise
2020_12_HOU_DET,2233,qb_kneel,-1.0,91.0,92.0,9.0,0:09,0:00,,14.0,23.0,1.0,10.0,"4 DL, 3 LB, 4 DB",;;;;;;;;;;,11,7,,,,,00-0035245;00-0029738;00-0032380;00-0034449;00-0033537;00-0035234;00-0034081;00-0033439;00-0030997;00-0032969;00-0036069,Max Scharping;Darren Fells;Laremy Tunsil;Buddy Howell;Deshaun Watson;Tytus Howard;Steven Mitchell;Pharaoh Brown;Zach Fulton;Nick Martin;Scottie Phillips,00-0030500;00-0032143;00-0031796;00-0035240;00-0030421;00-0031130;00-0035270;00-0027701;00-0032454;00-0036238;00-0030383,Nick Williams;Danny Shelton;Justin Coleman;Jahlani Tavai;Jamie Collins;Christian Jones;Amani Oruwariye;Everson Griffen;Jayron Kearse;John Penisini;Duron Harmon
2020_12_HOU_DET,2254,start_quarter_3,,,,0.0,0:00,0:00,,14.0,23.0,,0.0,,,0,,,,,,,,,
2020_12_HOU_DET,2273,kickoff,0.0,35.0,35.0,7.0,15:00,14:53,,14.0,23.0,,0.0,,;;;;;;;;;;,11,,,,,,00-0036304;00-0034421;00-0034435;00-0034594;00-0035415;00-0034449;00-0032726;00-0035244;00-0036224;00-0034792;00-0036069,John Reid;Peter Kalambayi;Keion Crossen;A.J. Moore;Nate Hall;Buddy Howell;Ka'imi Fairbairn;Lonnie Johnson;Jonathan Greenard;Cornell Armstrong;Scottie Phillips,00-0033572;00-0033557;00-0035539;00-0035240;00-0036277;00-0032399;00-0035655;00-0034171;00-0032975;00-0035327;00-0032135,Jamal Agnew;Jalen Reeves-Maybin;Isaac Nauta;Jahlani Tavai;Quintez Cephus;Miles Killebrew;Will Harris;Jason Cabinda;Jonathan Williams;C.J. Moore;Jesse James
2020_12_HOU_DET,2295,run,19.0,79.0,60.0,30.0,14:53,14:23,,14.0,23.0,1.0,10.0,"4 DL, 3 LB, 4 DB",;;;;;;;;;;,11,7,,,,,00-0032381;00-0036258;00-0030083;00-0033094;00-0035229;00-0034390;00-0034345;00-0029293;00-0026498;00-0025394;00-0032135,Taylor Decker;Jonah Jackson;Oday Aboushi;Marvin Hall;T.J. Hockenson;Tyrell Crosby;Frank Ragnow;Marvin Jones;Matthew Stafford;Adrian Peterson;Jesse James,00-0033038;00-0032758;00-0027949;00-0036289;00-0033547;00-0032094;00-0033563;00-0034361;00-0031372;00-0031127;00-0029643,Eric Murray;Vernon Hargreaves III;J.J. Watt;Ross Blacklock;Zach Cunningham;Tyrell Adams;Carlos Watkins;Justin Reid;Bradley Roby;Brandon Dunn;Whitney Mercilus
2020_12_HOU_DET,2316,run,11.0,60.0,49.0,39.0,14:23,13:44,,14.0,23.0,1.0,10.0,"3 DL, 3 LB, 5 DB",;;;;;;;;;;,11,7,,,,,00-0032381;00-0036258;00-0033572;00-0030083;00-0033094;00-0035229;00-0034390;00-0034345;00-0029293;00-0026498;00-0025394,Taylor Decker;Jonah Jackson;Jamal Agnew;Oday Aboushi;Marvin Hall;T.J. Hockenson;Tyrell Crosby;Frank Ragnow;Marvin Jones;Matthew Stafford;Adrian Peterson,00-0033038;00-0032758;00-0027949;00-0033547;00-0032094;00-0035244;00-0033563;00-0034361;00-0031372;00-0031127;00-0029643,Eric Murray;Vernon Hargreaves III;J.J. Watt;Zach Cunningham;Tyrell Adams;Lonnie Johnson;Carlos Watkins;Justin Reid;Bradley Roby;Brandon Dunn;Whitney Mercilus
2020_12_HOU_DET,2337,run,4.0,49.0,45.0,37.0,13:44,13:07,,14.0,23.0,1.0,10.0,"4 DL, 3 LB, 4 DB",;;;;;;;;;;,11,8,,,,,00-0032381;00-0036258;00-0035539;00-0030083;00-0035229;00-0034390;00-0034345;00-0026498;00-0029632;00-0025394;00-0032135,Taylor Decker;Jonah Jackson;Isaac Nauta;Oday Aboushi;T.J. Hockenson;Tyrell Crosby;Frank Ragnow;Matthew Stafford;Mohamed Sanu;Adrian Peterson;Jesse James,00-0033038;00-0032758;00-0027949;00-0033547;00-0032094;00-0033563;00-0035279;00-0034361;00-0031372;00-0031127;00-0029643,Eric Murray;Vernon Hargreaves III;J.J. Watt;Zach Cunningham;Tyrell Adams;Carlos Watkins;Charles Omenihu;Justin Reid;Bradley Roby;Brandon Dunn;Whitney Mercilus
2020_12_HOU_DET,2358,run,4.0,45.0,41.0,46.0,13:07,12:21,,14.0,23.0,2.0,6.0,"4 DL, 3 LB, 4 DB",;;;;;;;;;;,11,8,,,,,00-0032381;00-0036258;00-0030083;00-0034390;00-0036277;00-0034345;00-0029293;00-0026498;00-0025394;00-0034171;00-0032135,Taylor Decker;Jonah Jackson;Oday Aboushi;Tyrell Crosby;Quintez Cephus;Frank Ragnow;Marvin Jones;Matthew Stafford;Adrian Peterson;Jason Cabinda;Jesse James,00-0033038;00-0032758;00-0027949;00-0033547;00-0032094;00-0033563;00-0035279;00-0034361;00-0031372;00-0031127;00-0029643,Eric Murray;Vernon Hargreaves III;J.J. Watt;Zach Cunningham;Tyrell Adams;Carlos Watkins;Charles Omenihu;Justin Reid;Bradley Roby;Brandon Dunn;Whitney Mercilus
2020_12_HOU_DET,2379,run,2.0,41.0,39.0,42.0,12:21,11:39,,14.0,23.0,3.0,2.0,"4 DL, 3 LB, 4 DB",;;;;;;;;;;,11,8,,,,,00-0032381;00-0036258;00-0030083;00-0035229;00-0034390;00-0036277;00-0034345;00-0026498;00-0025394;00-0034171;00-0032135,Taylor Decker;Jonah Jackson;Oday Aboushi;T.J. Hockenson;Tyrell Crosby;Quintez Cephus;Frank Ragnow;Matthew Stafford;Adrian Peterson;Jason Cabinda;Jesse James,00-0033038;00-0032758;00-0027949;00-0033547;00-0032094;00-0033563;00-0034361;00-0031372;00-0031127;00-0027956;00-0029643,Eric Murray;Vernon Hargreaves III;J.J. Watt;Zach Cunningham;Tyrell Adams;Carlos Watkins;Justin Reid;Bradley Roby;Brandon Dunn;Corey Liuget;Whitney Mercilus
2020_12_HOU_DET,2400,run,8.0,39.0,31.0,35.0,11:39,11:04,,14.0,23.0,1.0,10.0,"4 DL, 3 LB, 4 DB",;;;;;;;;;;,11,8,,,,,00-0032381;00-0036258;00-0033572;00-0030083;00-0034390;00-0036277;00-0034345;00-0029293;00-0026498;00-0034349;00-0032135,Taylor Decker;Jonah Jackson;Jamal Agnew;Oday Aboushi;Tyrell Crosby;Quintez Cephus;Frank Ragnow;Marvin Jones;Matthew Stafford;Kerryon Johnson;Jesse James,00-0033038;00-0034163;00-0032758;00-0033547;00-0032094;00-0033563;00-0034361;00-0031372;00-0036224;00-0031127;00-0027956,Eric Murray;Jacob Martin;Vernon Hargreaves III;Zach Cunningham;Tyrell Adams;Carlos Watkins;Justin Reid;Bradley Roby;Jonathan Greenard;Brandon Dunn;Corey Liuget
2020_12_HOU_DET,2421,run,3.0,31.0,28.0,37.0,11:04,10:27,,14.0,23.0,2.0,2.0,"4 DL, 3 LB, 4 DB",;;;;;;;;;;,11,8,,,,,00-0032381;00-0036258;00-0033572;00-0030083;00-0033094;00-0034390;00-0034345;00-0029293;00-0026498;00-0034349;00-0032135,Taylor Decker;Jonah Jackson;Jamal Agnew;Oday Aboushi;Marvin Hall;Tyrell Crosby;Frank Ragnow;Marvin Jones;Matthew Stafford;Kerryon Johnson;Jesse James,00-0033038;00-0034163;00-0032758;00-0036289;00-0033547;00-0032094;00-0034361;00-0031372;00-0036224;00-0031127;00-0027956,Eric Murray;Jacob Martin;Vernon Hargreaves III;Ross Blacklock;Zach Cunningham;Tyrell Adams;Justin Reid;Bradley Roby;Jonathan Greenard;Brandon Dunn;Corey Liuget
2020_12_HOU_DET,2442,run,3.0,28.0,25.0,41.0,10:27,9:46,,14.0,23.0,1.0,10.0,"4 DL, 3 LB, 4 DB",;;;;;;;;;;,11,7,,,,,00-0032381;00-0036258;00-0030083;00-0035229;00-0034390;00-0036277;00-0034345;00-0026498;00-0034349;00-0034171;00-0032135,Taylor Decker;Jonah Jackson;Oday Aboushi;T.J. Hockenson;Tyrell Crosby;Quintez Cephus;Frank Ragnow;Matthew Stafford;Kerryon Johnson;Jason Cabinda;Jesse James,00-0034163;00-0033038;00-0032758;00-0036289;00-0033547;00-0032094;00-0034361;00-0031372;00-0036224;00-0031127;00-0027956,Jacob Martin;Eric Murray;Vernon Hargreaves III;Ross Blacklock;Zach Cunningham;Tyrell Adams;Justin Reid;Bradley Roby;Jonathan Greenard;Brandon Dunn;Corey Liuget
2020_12_HOU_DET,2463,run,5.0,25.0,20.0,41.0,9:46,9:05,,14.0,23.0,2.0,7.0,"4 DL, 3 LB, 4 DB",;;;;;;;;;;,11,8,,,,,00-0032381;00-0036258;00-0035539;00-0030083;00-0033094;00-0034390;00-0034345;00-0029293;00-0026498;00-0025394;00-0032135,Taylor Decker;Jonah Jackson;Isaac Nauta;Oday Aboushi;Marvin Hall;Tyrell Crosby;Frank Ragnow;Marvin Jones;Matthew Stafford;Adrian Peterson;Jesse James,00-0033038;00-0032758;00-0027949;00-0033547;00-0032094;00-0035279;00-0034361;00-0031372;00-0031127;00-0027956;00-0029643,Eric Murray;Vernon Hargreaves III;J.J. Watt;Zach Cunningham;Tyrell Adams;Charles Omenihu;Justin Reid;Bradley Roby;Brandon Dunn;Corey Liuget;Whitney Mercilus
2020_12_HOU_DET,2484,run,3.0,20.0,17.0,42.0,9:05,8:23,,14.0,23.0,3.0,2.0,"3 DL, 3 LB, 5 DB",;;;;;;;;;;,11,6,4,,,,00-0032381;00-0036258;00-0033572;00-0030083;00-0033094;00-0034390;00-0034345;00-0029293;00-0026498;00-0034349;00-0032135,Taylor Decker;Jonah Jackson;Jamal Agnew;Oday Aboushi;Marvin Hall;Tyrell Crosby;Frank Ragnow;Marvin Jones;Matthew Stafford;Kerryon Johnson;Jesse James,00-0033038;00-0032758;00-0027949;00-0033547;00-0032094;00-0035244;00-0033563;00-0034361;00-0031372;00-0027956;00-0029643,Eric Murray;Vernon Hargreaves III;J.J. Watt;Zach Cunningham;Tyrell Adams;Lonnie Johnson;Carlos Watkins;Justin Reid;Bradley Roby;Corey Liuget;Whitney Mercilus
2020_12_HOU_DET,2505,timeout,0.0,17.0,17.0,7.0,8:23,8:16,DET,14.0,23.0,1.0,10.0,"3 DL, 3 LB, 5 DB",;;;;;;;;;;,11,7,4,MAN_COVERAGE,COVER_1,False,00-0032381;00-0036258;00-0033572;00-0030083;00-0033094;00-0034390;00-0034345;00-0029293;00-0026498;00-0034349;00-0032135,Taylor Decker;Jonah Jackson;Jamal Agnew;Oday Aboushi;Marvin Hall;Tyrell Crosby;Frank Ragnow;Marvin Jones;Matthew Stafford;Kerryon Johnson;Jesse James,00-0033038;00-0032758;00-0027949;00-0033547;00-0032094;00-0035244;00-0033563;00-0034361;00-0031372;00-0027956;00-0029643,Eric Murray;Vernon Hargreaves III;J.J. Watt;Zach Cunningham;Tyrell Adams;Lonnie Johnson;Carlos Watkins;Justin Reid;Bradley Roby;Corey Liuget;Whitney Mercilus
2020_12_HOU_DET,2548,pass,6.0,17.0,11.0,43.0,8:16,7:33,,14.0,23.0,2.0,10.0,"3 DL, 2 LB, 6 DB",;;;;;;;;;;,11,6,6,MAN_COVERAGE,COVER_1,True,00-0032381;00-0036258;00-0033572;00-0030083;00-0033094;00-0035229;00-0034390;00-0034345;00-0029293;00-0026498;00-0034349,Taylor Decker;Jonah Jackson;Jamal Agnew;Oday Aboushi;Marvin Hall;T.J. Hockenson;Tyrell Crosby;Frank Ragnow;Marvin Jones;Matthew Stafford;Kerryon Johnson,00-0033038;00-0034163;00-0032758;00-0034594;00-0027949;00-0032094;00-0035244;00-0035279;00-0034361;00-0031372;00-0029643,Eric Murray;Jacob Martin;Vernon Hargreaves III;A.J. Moore;J.J. Watt;Tyrell Adams;Lonnie Johnson;Charles Omenihu;Justin Reid;Bradley Roby;Whitney Mercilus
2020_12_HOU_DET,2611,pass,0.0,11.0,11.0,5.0,7:33,7:28,,14.0,23.0,3.0,4.0,"3 DL, 2 LB, 6 DB",;;;;;;;;;;,11,6,4,MAN_COVERAGE,COVER_1,True,00-0032381;00-0036258;00-0033572;00-0030083;00-0035229;00-0034390;00-0036277;00-0034345;00-0029293;00-0026498;00-0034349,Taylor Decker;Jonah Jackson;Jamal Agnew;Oday Aboushi;T.J. Hockenson;Tyrell Crosby;Quintez Cephus;Frank Ragnow;Marvin Jones;Matthew Stafford;Kerryon Johnson,00-0033038;00-0034163;00-0032758;00-0034594;00-0027949;00-0032094;00-0035244;00-0035279;00-0034361;00-0031372;00-0029643,Eric Murray;Jacob Martin;Vernon Hargreaves III;A.J. Moore;J.J. Watt;Tyrell Adams;Lonnie Johnson;Charles Omenihu;Justin Reid;Bradley Roby;Whitney Mercilus
2020_12_HOU_DET,2633,field_goal,0.0,11.0,11.0,4.0,7:28,7:24,,17.0,23.0,4.0,4.0,,;;;;;;;;;;,11,,,,,,00-0036258;00-0030083;00-0032418;00-0032655;00-0034390;00-0022455;00-0034345;00-0023853;00-0035156;00-0035328;00-0032135,Jonah Jackson;Oday Aboushi;Joe Dahl;Romeo Okwara;Tyrell Crosby;Don Muhlbach;Frank Ragnow;Matt Prater;Jack Fox;Matt Nelson;Jesse James,00-0034421;00-0034435;00-0033038;00-0034594;00-0036289;00-0033547;00-0035244;00-0033563;00-0035279;00-0031127;00-0027956,Peter Kalambayi;Keion Crossen;Eric Murray;A.J. Moore;Ross Blacklock;Zach Cunningham;Lonnie Johnson;Carlos Watkins;Charles Omenihu;Brandon Dunn;Corey Liuget
2020_12_HOU_DET,2652,kickoff,0.0,35.0,35.0,0.0,7:24,7:24,,17.0,23.0,,0.0,,;;;;;;;;;;,11,,,,,,00-0033572;00-0033557;00-0033779;00-0032454;00-0032399;00-0034745;00-0033539;00-0035156;00-0035655;00-0034171;00-0035327,Jamal Agnew;Jalen Reeves-Maybin;Dee Virgin;Jayron Kearse;Miles Killebrew;Tracy Walker III;Jarrad Davis;Jack Fox;Will Harris;Jason Cabinda;C.J. Moore,00-0034421;00-0034594;00-0035415;00-0034449;00-0033439;00-0031015;00-0035660;00-0036224;00-0034792;00-0036069;00-0032393,Peter Kalambayi;A.J. Moore;Nate Hall;Buddy Howell;Pharaoh Brown;Phillip Gaines;Kahale Warring;Jonathan Greenard;Cornell Armstrong;Scottie Phillips;C.J. Prosise
2020_12_HOU_DET,2667,pass,10.0,75.0,65.0,39.0,7:24,6:45,,17.0,23.0,1.0,10.0,"3 DL, 3 LB, 5 DB",;;;;;;;;;;,11,6,3,MAN_COVERAGE,2_MAN,False,00-0035245;00-0034366;00-0032380;00-0033537;00-0035234;00-0032257;00-0031236;00-0033439;00-0032969;00-0033127;00-0029546,Max Scharping;Keke Coutee;Laremy Tunsil;Deshaun Watson;Tytus Howard;Duke Johnson;Brandin Cooks;Pharaoh Brown;Nick Martin;Will Fuller;Senio Kelemete,00-0031796;00-0032143;00-0035240;00-0032655;00-0033058;00-0035270;00-0032454;00-0036238;00-0034745;00-0033539;00-0030383,Justin Coleman;Danny Shelton;Jahlani Tavai;Romeo Okwara;Reggie Ragland;Amani Oruwariye;Jayron Kearse;John Penisini;Tracy Walker III;Jarrad Davis;Duron Harmon
2020_12_HOU_DET,2691,run,5.0,65.0,60.0,43.0,6:45,6:02,,17.0,23.0,1.0,10.0,"3 DL, 3 LB, 5 DB",;;;;;;;;;;,11,7,,,,,00-0035245;00-0034366;00-0032380;00-0033537;00-0035234;00-0032257;00-0031236;00-0033439;00-0032969;00-0033127;00-0029546,Max Scharping;Keke Coutee;Laremy Tunsil;Deshaun Watson;Tytus Howard;Duke Johnson;Brandin Cooks;Pharaoh Brown;Nick Martin;Will Fuller;Senio Kelemete,00-0031796;00-0032143;00-0035240;00-0032655;00-0033058;00-0035270;00-0032454;00-0036238;00-0034745;00-0033539;00-0030383,Justin Coleman;Danny Shelton;Jahlani Tavai;Romeo Okwara;Reggie Ragland;Amani Oruwariye;Jayron Kearse;John Penisini;Tracy Walker III;Jarrad Davis;Duron Harmon
2020_12_HOU_DET,2712,pass,38.0,60.0,22.0,48.0,6:02,5:14,,17.0,23.0,2.0,5.0,"3 DL, 3 LB, 5 DB",;;;;;;;;;;,11,8,4,MAN_COVERAGE,COVER_1,False,00-0035245;00-0029738;00-0032380;00-0033537;00-0035234;00-0032257;00-0031236;00-0033439;00-0032969;00-0033127;00-0029546,Max Scharping;Darren Fells;Laremy Tunsil;Deshaun Watson;Tytus Howard;Duke Johnson;Brandin Cooks;Pharaoh Brown;Nick Martin;Will Fuller;Senio Kelemete,00-0031796;00-0032143;00-0035240;00-0032655;00-0033058;00-0035270;00-0032454;00-0036238;00-0033539;00-0035655;00-0030383,Justin Coleman;Danny Shelton;Jahlani Tavai;Romeo Okwara;Reggie Ragland;Amani Oruwariye;Jayron Kearse;John Penisini;Jarrad Davis;Will Harris;Duron Harmon
2020_12_HOU_DET,2736,run,5.0,22.0,17.0,36.0,5:14,4:38,,17.0,23.0,1.0,10.0,"3 DL, 3 LB, 5 DB",;;;;;;;;;;,11,6,,,,,00-0035245;00-0029738;00-0032380;00-0033537;00-0035234;00-0032257;00-0031236;00-0034364;00-0032969;00-0033127;00-0029546,Max Scharping;Darren Fells;Laremy Tunsil;Deshaun Watson;Tytus Howard;Duke Johnson;Brandin Cooks;Jordan Akins;Nick Martin;Will Fuller;Senio Kelemete,00-0031796;00-0032143;00-0035240;00-0032655;00-0033058;00-0035270;00-0032454;00-0036238;00-0033539;00-0035655;00-0030383,Justin Coleman;Danny Shelton;Jahlani Tavai;Romeo Okwara;Reggie Ragland;Amani Oruwariye;Jayron Kearse;John Penisini;Jarrad Davis;Will Harris;Duron Harmon
2020_12_HOU_DET,2757,pass,8.0,17.0,9.0,25.0,4:38,4:13,,17.0,23.0,2.0,5.0,"3 DL, 3 LB, 5 DB",;;;;;;;;;;,11,8,2,MAN_COVERAGE,COVER_1,True,00-0035245;00-0034366;00-0032380;00-0033537;00-0035234;00-0031236;00-0033439;00-0032969;00-0033127;00-0032393;00-0029546,Max Scharping;Keke Coutee;Laremy Tunsil;Deshaun Watson;Tytus Howard;Brandin Cooks;Pharaoh Brown;Nick Martin;Will Fuller;C.J. Prosise;Senio Kelemete,00-0032143;00-0031796;00-0035240;00-0032655;00-0033058;00-0035270;00-0032454;00-0036238;00-0034745;00-0033539;00-0030383,Danny Shelton;Justin Coleman;Jahlani Tavai;Romeo Okwara;Reggie Ragland;Amani Oruwariye;Jayron Kearse;John Penisini;Tracy Walker III;Jarrad Davis;Duron Harmon
2020_12_HOU_DET,2791,run,1.0,9.0,8.0,45.0,4:13,3:28,,17.0,23.0,1.0,9.0,"3 DL, 3 LB, 5 DB",;;;;;;;;;;,11,7,,,,,00-0035245;00-0034366;00-0032380;00-0033537;00-0035234;00-0031236;00-0033439;00-0032969;00-0033127;00-0032393;00-0029546,Max Scharping;Keke Coutee;Laremy Tunsil;Deshaun Watson;Tytus Howard;Brandin Cooks;Pharaoh Brown;Nick Martin;Will Fuller;C.J. Prosise;Senio Kelemete,00-0030500;00-0031796;00-0035240;00-0032655;00-0033058;00-0035270;00-0032454;00-0036238;00-0034745;00-0033539;00-0030383,Nick Williams;Justin Coleman;Jahlani Tavai;Romeo Okwara;Reggie Ragland;Amani Oruwariye;Jayron Kearse;John Penisini;Tracy Walker III;Jarrad Davis;Duron Harmon
2020_12_HOU_DET,2812,pass,0.0,8.0,8.0,9.0,3:28,3:19,,17.0,23.0,2.0,8.0,"3 DL, 3 LB, 5 DB",;;;;;;;;;;,11,7,4,ZONE_COVERAGE,COVER_3,True,00-0035245;00-0032380;00-0033537;00-0035234;00-0031236;00-0034364;00-0032969;00-0033127;00-0035660;00-0032393;00-0029546,Max Scharping;Laremy Tunsil;Deshaun Watson;Tytus Howard;Brandin Cooks;Jordan Akins;Nick Martin;Will Fuller;Kahale Warring;C.J. Prosise;Senio Kelemete,00-0030500;00-0031796;00-0035240;00-0032655;00-0033058;00-0035270;00-0032454;00-0036238;00-0034745;00-0033539;00-0030383,Nick Williams;Justin Coleman;Jahlani Tavai;Romeo Okwara;Reggie Ragland;Amani Oruwariye;Jayron Kearse;John Penisini;Tracy Walker III;Jarrad Davis;Duron Harmon
2020_12_HOU_DET,2845,pass,0.0,8.0,8.0,5.0,3:19,3:14,,17.0,23.0,3.0,8.0,"3 DL, 3 LB, 5 DB",;;;;;;;;;;,11,7,4,MAN_COVERAGE,COVER_1,True,00-0035245;00-0034366;00-0032380;00-0033537;00-0035234;00-0031236;00-0034364;00-0032969;00-0033127;00-0032393;00-0029546,Max Scharping;Keke Coutee;Laremy Tunsil;Deshaun Watson;Tytus Howard;Brandin Cooks;Jordan Akins;Nick Martin;Will Fuller;C.J. Prosise;Senio Kelemete,00-0030500;00-0031796;00-0035240;00-0032655;00-0033058;00-0035270;00-0032454;00-0036238;00-0034745;00-0033539;00-0030383,Nick Williams;Justin Coleman;Jahlani Tavai;Romeo Okwara;Reggie Ragland;Amani Oruwariye;Jayron Kearse;John Penisini;Tracy Walker III;Jarrad Davis;Duron Harmon
2020_12_HOU_DET,2867,field_goal,0.0,8.0,8.0,4.0,3:14,3:10,,17.0,26.0,4.0,8.0,,;;;;;;;;;;,11,,,,,,00-0035245;00-0031031;00-0029738;00-0032380;00-0035234;00-0033439;00-0032726;00-0029692;00-0030997;00-0027224;00-0029546,Max Scharping;Brent Qvale;Darren Fells;Laremy Tunsil;Tytus Howard;Pharaoh Brown;Ka'imi Fairbairn;Bryan Anger;Zach Fulton;Jon Weeks;Senio Kelemete,00-0030500;00-0031796;00-0033557;00-0032655;00-0031130;00-0033779;00-0027701;00-0036238;00-0032399;00-0033539;00-0030383,Nick Williams;Justin Coleman;Jalen Reeves-Maybin;Romeo Okwara;Christian Jones;Dee Virgin;Everson Griffen;John Penisini;Miles Killebrew;Jarrad Davis;Duron Harmon
2020_12_HOU_DET,2892,kickoff,0.0,35.0,35.0,5.0,3:10,3:05,,17.0,26.0,,0.0,,;;;;;;;;;;,11,,,,,,00-0036304;00-0034421;00-0034435;00-0034594;00-0035415;00-0034449;00-0032726;00-0035244;00-0036224;00-0034792;00-0036069,John Reid;Peter Kalambayi;Keion Crossen;A.J. Moore;Nate Hall;Buddy Howell;Ka'imi Fairbairn;Lonnie Johnson;Jonathan Greenard;Cornell Armstrong;Scottie Phillips,00-0033572;00-0033557;00-0035539;00-0035240;00-0036277;00-0032399;00-0035655;00-0034171;00-0032975;00-0035327;00-0032135,Jamal Agnew;Jalen Reeves-Maybin;Isaac Nauta;Jahlani Tavai;Quintez Cephus;Miles Killebrew;Will Harris;Jason Cabinda;Jonathan Williams;C.J. Moore;Jesse James
2020_12_HOU_DET,2914,pass,3.0,72.0,69.0,38.0,3:05,2:27,,17.0,26.0,1.0,10.0,"5 DL, 2 LB, 4 DB",;;;;;;;;;;,11,7,4,ZONE_COVERAGE,COVER_3,False,00-0032381;00-0036258;00-0035539;00-0030083;00-0034390;00-0036277;00-0034345;00-0029293;00-0026498;00-0025394;00-0032135,Taylor Decker;Jonah Jackson;Isaac Nauta;Oday Aboushi;Tyrell Crosby;Quintez Cephus;Frank Ragnow;Marvin Jones;Matthew Stafford;Adrian Peterson;Jesse James,00-0033038;00-0034163;00-0032758;00-0027949;00-0033547;00-0032094;00-0033563;00-0035279;00-0034361;00-0031372;00-0031127,Eric Murray;Jacob Martin;Vernon Hargreaves III;J.J. Watt;Zach Cunningham;Tyrell Adams;Carlos Watkins;Charles Omenihu;Justin Reid;Bradley Roby;Brandon Dunn
2020_12_HOU_DET,2938,no_play,,69.0,,27.0,2:27,2:00,,17.0,26.0,2.0,7.0,"4 DL, 2 LB, 5 DB",;;;;;;;;;;,11,7,,,,,00-0032381;00-0036258;00-0030083;00-0034390;00-0036277;00-0034345;00-0029293;00-0026498;00-0029632;00-0025394;00-0032135,Taylor Decker;Jonah Jackson;Oday Aboushi;Tyrell Crosby;Quintez Cephus;Frank Ragnow;Marvin Jones;Matthew Stafford;Mohamed Sanu;Adrian Peterson;Jesse James,00-0033038;00-0034163;00-0032758;00-0027949;00-0036289;00-0033547;00-0032094;00-0035244;00-0033563;00-0034361;00-0031372,Eric Murray;Jacob Martin;Vernon Hargreaves III;J.J. Watt;Ross Blacklock;Zach Cunningham;Tyrell Adams;Lonnie Johnson;Carlos Watkins;Justin Reid;Bradley Roby
2020_12_HOU_DET,2970,pass,7.0,69.0,62.0,22.0,2:00,1:38,,17.0,26.0,2.0,7.0,"4 DL, 2 LB, 5 DB",;;;;;;;;;;,11,7,5,ZONE_COVERAGE,COVER_3,False,00-0032381;00-0036258;00-0030083;00-0033094;00-0034390;00-0034345;00-0029293;00-0026498;00-0029632;00-0025394;00-0032135,Taylor Decker;Jonah Jackson;Oday Aboushi;Marvin Hall;Tyrell Crosby;Frank Ragnow;Marvin Jones;Matthew Stafford;Mohamed Sanu;Adrian Peterson;Jesse James,00-0033038;00-0034163;00-0032758;00-0027949;00-0036289;00-0033547;00-0032094;00-0035244;00-0033563;00-0034361;00-0031372,Eric Murray;Jacob Martin;Vernon Hargreaves III;J.J. Watt;Ross Blacklock;Zach Cunningham;Tyrell Adams;Lonnie Johnson;Carlos Watkins;Justin Reid;Bradley Roby
2020_12_HOU_DET,2999,run,4.0,62.0,58.0,36.0,1:38,1:02,,17.0,26.0,1.0,10.0,"4 DL, 2 LB, 5 DB",;;;;;;;;;;,11,7,,,,,00-0032381;00-0036258;00-0030083;00-0033094;00-0034390;00-0034345;00-0029293;00-0026498;00-0029632;00-0025394;00-0032135,Taylor Decker;Jonah Jackson;Oday Aboushi;Marvin Hall;Tyrell Crosby;Frank Ragnow;Marvin Jones;Matthew Stafford;Mohamed Sanu;Adrian Peterson;Jesse James,00-0033038;00-0034163;00-0032758;00-0027949;00-0036289;00-0033547;00-0032094;00-0035244;00-0033563;00-0034361;00-0031372,Eric Murray;Jacob Martin;Vernon Hargreaves III;J.J. Watt;Ross Blacklock;Zach Cunningham;Tyrell Adams;Lonnie Johnson;Carlos Watkins;Justin Reid;Bradley Roby
2020_12_HOU_DET,3020,pass,-7.0,58.0,65.0,50.0,1:02,0:12,,17.0,26.0,2.0,6.0,"5 DL, 2 LB, 4 DB",;;;;;;;;;;,11,8,5,,,,00-0032381;00-0036258;00-0030083;00-0034390;00-0036277;00-0034345;00-0029293;00-0026498;00-0025394;00-0034171;00-0032135,Taylor Decker;Jonah Jackson;Oday Aboushi;Tyrell Crosby;Quintez Cephus;Frank Ragnow;Marvin Jones;Matthew Stafford;Adrian Peterson;Jason Cabinda;Jesse James,00-0033038;00-0034163;00-0032758;00-0027949;00-0033547;00-0032094;00-0033563;00-0035279;00-0034361;00-0031372;00-0031127,Eric Murray;Jacob Martin;Vernon Hargreaves III;J.J. Watt;Zach Cunningham;Tyrell Adams;Carlos Watkins;Charles Omenihu;Justin Reid;Bradley Roby;Brandon Dunn
2020_12_HOU_DET,3039,pass,0.0,65.0,65.0,8.0,0:12,0:04,,17.0,26.0,3.0,13.0,"3 DL, 2 LB, 6 DB",;;;;;;;;;;,11,6,4,ZONE_COVERAGE,COVER_3,False,00-0032381;00-0036258;00-0030083;00-0033094;00-0035229;00-0034390;00-0034345;00-0029293;00-0026498;00-0029632;00-0034349,Taylor Decker;Jonah Jackson;Oday Aboushi;Marvin Hall;T.J. Hockenson;Tyrell Crosby;Frank Ragnow;Marvin Jones;Matthew Stafford;Mohamed Sanu;Kerryon Johnson,00-0034163;00-0033038;00-0032758;00-0034594;00-0027949;00-0032094;00-0035244;00-0035279;00-0034361;00-0031372;00-0029643,Jacob Martin;Eric Murray;Vernon Hargreaves III;A.J. Moore;J.J. Watt;Tyrell Adams;Lonnie Johnson;Charles Omenihu;Justin Reid;Bradley Roby;Whitney Mercilus
2020_12_HOU_DET,3075,punt,0.0,65.0,65.0,4.0,0:04,0:00,,17.0,26.0,4.0,13.0,,;;;;;;;;;;,11,,,,,,00-0033572;00-0033557;00-0035240;00-0031130;00-0033779;00-0022455;00-0032399;00-0035156;00-0035655;00-0034171;00-0035327,Jamal Agnew;Jalen Reeves-Maybin;Jahlani Tavai;Christian Jones;Dee Virgin;Don Muhlbach;Miles Killebrew;Jack Fox;Will Harris;Jason Cabinda;C.J. Moore,00-0034421;00-0034435;00-0034449;00-0034081;00-0031015;00-0035660;00-0033127;00-0036224;00-0034792;00-0036069;00-0032393,Peter Kalambayi;Keion Crossen;Buddy Howell;Steven Mitchell;Phillip Gaines;Kahale Warring;Will Fuller;Jonathan Greenard;Cornell Armstrong;Scottie Phillips;C.J. Prosise
2020_12_HOU_DET,3094,start_quarter_4,,,,0.0,0:00,0:00,,17.0,26.0,,0.0,,,0,,,,,,,,,
2020_12_HOU_DET,3113,pass,19.0,85.0,66.0,28.0,15:00,14:32,,17.0,26.0,1.0,10.0,"3 DL, 3 LB, 5 DB",;;;;;;;;;;,11,7,4,ZONE_COVERAGE,COVER_3,False,00-0035245;00-0034366;00-0032380;00-0033537;00-0035234;00-0032257;00-0031236;00-0034364;00-0030997;00-0032969;00-0033127,Max Scharping;Keke Coutee;Laremy Tunsil;Deshaun Watson;Tytus Howard;Duke Johnson;Brandin Cooks;Jordan Akins;Zach Fulton;Nick Martin;Will Fuller,00-0032143;00-0031796;00-0035240;00-0033058;00-0030421;00-0035455;00-0027701;00-0035270;00-0032454;00-0034745;00-0030383,Danny Shelton;Justin Coleman;Jahlani Tavai;Reggie Ragland;Jamie Collins;Albert Huggins;Everson Griffen;Amani Oruwariye;Jayron Kearse;Tracy Walker III;Duron Harmon
2020_12_HOU_DET,3137,pass,18.0,66.0,48.0,41.0,14:32,13:51,,17.0,26.0,1.0,10.0,"3 DL, 3 LB, 5 DB",;;;;;;;;;;,11,6,4,MAN_COVERAGE,COVER_1,True,00-0035245;00-0034366;00-0032380;00-0033537;00-0035234;00-0032257;00-0031236;00-0034364;00-0030997;00-0032969;00-0033127,Max Scharping;Keke Coutee;Laremy Tunsil;Deshaun Watson;Tytus Howard;Duke Johnson;Brandin Cooks;Jordan Akins;Zach Fulton;Nick Martin;Will Fuller,00-0031796;00-0032143;00-0035240;00-0033058;00-0030421;00-0035455;00-0027701;00-0035270;00-0032454;00-0034745;00-0030383,Justin Coleman;Danny Shelton;Jahlani Tavai;Reggie Ragland;Jamie Collins;Albert Huggins;Everson Griffen;Amani Oruwariye;Jayron Kearse;Tracy Walker III;Duron Harmon
2020_12_HOU_DET,3161,pass,9.0,48.0,39.0,47.0,13:51,13:04,,17.0,26.0,1.0,10.0,"3 DL, 3 LB, 5 DB",;;;;;;;;;;,11,6,4,ZONE_COVERAGE,COVER_3,False,00-0035245;00-0034366;00-0032380;00-0033537;00-0035234;00-0032257;00-0034081;00-0031236;00-0034364;00-0030997;00-0032969,Max Scharping;Keke Coutee;Laremy Tunsil;Deshaun Watson;Tytus Howard;Duke Johnson;Steven Mitchell;Brandin Cooks;Jordan Akins;Zach Fulton;Nick Martin,00-0032143;00-0031796;00-0035240;00-0033058;00-0030421;00-0035455;00-0027701;00-0035270;00-0032454;00-0034745;00-0030383,Danny Shelton;Justin Coleman;Jahlani Tavai;Reggie Ragland;Jamie Collins;Albert Huggins;Everson Griffen;Amani Oruwariye;Jayron Kearse;Tracy Walker III;Duron Harmon
2020_12_HOU_DET,3185,pass,0.0,39.0,39.0,8.0,13:04,12:56,,17.0,26.0,2.0,1.0,"3 DL, 3 LB, 5 DB",;;;;;;;;;;,11,8,8,MAN_COVERAGE,COVER_0,True,00-0035245;00-0029738;00-0032380;00-0033537;00-0035234;00-0032257;00-0031236;00-0030997;00-0034364;00-0032969;00-0033127,Max Scharping;Darren Fells;Laremy Tunsil;Deshaun Watson;Tytus Howard;Duke Johnson;Brandin Cooks;Zach Fulton;Jordan Akins;Nick Martin;Will Fuller,00-0032143;00-0031796;00-0033058;00-0030421;00-0031130;00-0035455;00-0027701;00-0035270;00-0032454;00-0035655;00-0030383,Danny Shelton;Justin Coleman;Reggie Ragland;Jamie Collins;Christian Jones;Albert Huggins;Everson Griffen;Amani Oruwariye;Jayron Kearse;Will Harris;Duron Harmon
2020_12_HOU_DET,3207,run,4.0,39.0,35.0,39.0,12:56,12:17,,17.0,26.0,3.0,1.0,"3 DL, 3 LB, 5 DB",;;;;;;;;;;,11,8,,,,,00-0035245;00-0034366;00-0029738;00-0032380;00-0033537;00-0035234;00-0032257;00-0033439;00-0034364;00-0030997;00-0032969,Max Scharping;Keke Coutee;Darren Fells;Laremy Tunsil;Deshaun Watson;Tytus Howard;Duke Johnson;Pharaoh Brown;Jordan Akins;Zach Fulton;Nick Martin,00-0031796;00-0033058;00-0030421;00-0031130;00-0035455;00-0027701;00-0035270;00-0032454;00-0036238;00-0035655;00-0030383,Justin Coleman;Reggie Ragland;Jamie Collins;Christian Jones;Albert Huggins;Everson Griffen;Amani Oruwariye;Jayron Kearse;John Penisini;Will Harris;Duron Harmon
2020_12_HOU_DET,3228,no_play,0.0,35.0,35.0,1.0,12:17,12:16,,17.0,26.0,1.0,10.0,"3 DL, 3 LB, 5 DB",;;;;;;;;;;,11,,,,,,00-0035245;00-0034366;00-0032380;00-0033537;00-0035234;00-0032257;00-0031236;00-0034364;00-0030997;00-0032969;00-0033127,Max Scharping;Keke Coutee;Laremy Tunsil;Deshaun Watson;Tytus Howard;Duke Johnson;Brandin Cooks;Jordan Akins;Zach Fulton;Nick Martin;Will Fuller,00-0030500;00-0031796;00-0035240;00-0033058;00-0030421;00-0027701;00-0035270;00-0032454;00-0036238;00-0034745;00-0030383,Nick Williams;Justin Coleman;Jahlani Tavai;Reggie Ragland;Jamie Collins;Everson Griffen;Amani Oruwariye;Jayron Kearse;John Penisini;Tracy Walker III;Duron Harmon
2020_12_HOU_DET,3251,pass,40.0,40.0,0.0,7.0,12:16,12:09,,17.0,32.0,1.0,15.0,"3 DL, 3 LB, 5 DB",;;;;;;;;;;,11,7,4,MAN_COVERAGE,COVER_1,True,00-0035245;00-0034366;00-0032380;00-0033537;00-0035234;00-0032257;00-0031236;00-0030997;00-0034364;00-0032969;00-0033127,Max Scharping;Keke Coutee;Laremy Tunsil;Deshaun Watson;Tytus Howard;Duke Johnson;Brandin Cooks;Zach Fulton;Jordan Akins;Nick Martin;Will Fuller,00-0030500;00-0031796;00-0035240;00-0033058;00-0030421;00-0027701;00-0035270;00-0032454;00-0036238;00-0034745;00-0030383,Nick Williams;Justin Coleman;Jahlani Tavai;Reggie Ragland;Jamie Collins;Everson Griffen;Amani Oruwariye;Jayron Kearse;John Penisini;Tracy Walker III;Duron Harmon
2020_12_HOU_DET,3276,timeout,0.0,,,0.0,12:09,12:09,HOU,17.0,32.0,,0.0,,,0,,,,,,,,,
2020_12_HOU_DET,3290,pass,2.0,2.0,0.0,0.0,12:09,12:09,,17.0,34.0,,0.0,"3 DL, 3 LB, 5 DB",;;;;;;;;;;,11,9,,,,,00-0035245;00-0034366;00-0032380;00-0033537;00-0035234;00-0032257;00-0031236;00-0033439;00-0030997;00-0032969;00-0033127,Max Scharping;Keke Coutee;Laremy Tunsil;Deshaun Watson;Tytus Howard;Duke Johnson;Brandin Cooks;Pharaoh Brown;Zach Fulton;Nick Martin;Will Fuller,00-0030500;00-0031796;00-0035240;00-0032655;00-0033058;00-0030421;00-0035270;00-0032454;00-0036238;00-0034745;00-0030383,Nick Williams;Justin Coleman;Jahlani Tavai;Romeo Okwara;Reggie Ragland;Jamie Collins;Amani Oruwariye;Jayron Kearse;John Penisini;Tracy Walker III;Duron Harmon
2020_12_HOU_DET,3304,kickoff,0.0,35.0,35.0,0.0,12:09,12:09,,17.0,34.0,,0.0,,;;;;;;;;;;,11,,,,,,00-0036304;00-0034421;00-0034435;00-0034594;00-0035415;00-0034449;00-0032726;00-0035244;00-0036224;00-0034792;00-0036069,John Reid;Peter Kalambayi;Keion Crossen;A.J. Moore;Nate Hall;Buddy Howell;Ka'imi Fairbairn;Lonnie Johnson;Jonathan Greenard;Cornell Armstrong;Scottie Phillips,00-0033572;00-0033557;00-0035539;00-0035240;00-0036277;00-0032399;00-0035655;00-0034171;00-0032975;00-0035327;00-0032135,Jamal Agnew;Jalen Reeves-Maybin;Isaac Nauta;Jahlani Tavai;Quintez Cephus;Miles Killebrew;Will Harris;Jason Cabinda;Jonathan Williams;C.J. Moore;Jesse James
2020_12_HOU_DET,3319,pass,0.0,75.0,75.0,3.0,12:09,12:06,,17.0,34.0,1.0,10.0,"3 DL, 3 LB, 5 DB",;;;;;;;;;;,11,7,5,MAN_COVERAGE,COVER_1,False,00-0032381;00-0036258;00-0030083;00-0033094;00-0035229;00-0034390;00-0034345;00-0029293;00-0026498;00-0029632;00-0034349,Taylor Decker;Jonah Jackson;Oday Aboushi;Marvin Hall;T.J. Hockenson;Tyrell Crosby;Frank Ragnow;Marvin Jones;Matthew Stafford;Mohamed Sanu;Kerryon Johnson,00-0033038;00-0032758;00-0027949;00-0036289;00-0033547;00-0032094;00-0035244;00-0034361;00-0031372;00-0036224;00-0031127,Eric Murray;Vernon Hargreaves III;J.J. Watt;Ross Blacklock;Zach Cunningham;Tyrell Adams;Lonnie Johnson;Justin Reid;Bradley Roby;Jonathan Greenard;Brandon Dunn
2020_12_HOU_DET,3341,pass,9.0,75.0,66.0,33.0,12:06,11:33,,17.0,34.0,2.0,10.0,"3 DL, 3 LB, 5 DB",;;;;;;;;;;,11,6,5,MAN_COVERAGE,COVER_1,False,00-0032381;00-0036258;00-0030083;00-0033094;00-0035229;00-0034390;00-0034345;00-0029293;00-0026498;00-0029632;00-0034349,Taylor Decker;Jonah Jackson;Oday Aboushi;Marvin Hall;T.J. Hockenson;Tyrell Crosby;Frank Ragnow;Marvin Jones;Matthew Stafford;Mohamed Sanu;Kerryon Johnson,00-0033038;00-0032758;00-0027949;00-0036289;00-0033547;00-0032094;00-0035244;00-0034361;00-0031372;00-0036224;00-0031127,Eric Murray;Vernon Hargreaves III;J.J. Watt;Ross Blacklock;Zach Cunningham;Tyrell Adams;Lonnie Johnson;Justin Reid;Bradley Roby;Jonathan Greenard;Brandon Dunn
2020_12_HOU_DET,3370,no_play,0.0,66.0,66.0,31.0,11:33,11:02,,17.0,34.0,3.0,1.0,"3 DL, 3 LB, 5 DB",;;;;;;;;;;,11,6,,,,,00-0032381;00-0036258;00-0030083;00-0033094;00-0035229;00-0034390;00-0034345;00-0029293;00-0026498;00-0029632;00-0034349,Taylor Decker;Jonah Jackson;Oday Aboushi;Marvin Hall;T.J. Hockenson;Tyrell Crosby;Frank Ragnow;Marvin Jones;Matthew Stafford;Mohamed Sanu;Kerryon Johnson,00-0033038;00-0032758;00-0027949;00-0036289;00-0033547;00-0032094;00-0035244;00-0034361;00-0031372;00-0036224;00-0031127,Eric Murray;Vernon Hargreaves III;J.J. Watt;Ross Blacklock;Zach Cunningham;Tyrell Adams;Lonnie Johnson;Justin Reid;Bradley Roby;Jonathan Greenard;Brandon Dunn
2020_12_HOU_DET,3405,pass,10.0,76.0,66.0,38.0,11:02,10:24,,17.0,34.0,3.0,11.0,"2 DL, 2 LB, 7 DB",;;;;;;;;;;,11,5,4,ZONE_COVERAGE,COVER_3,False,00-0032381;00-0036258;00-0030083;00-0033094;00-0034390;00-0034345;00-0029293;00-0026498;00-0029632;00-0034349;00-0032135,Taylor Decker;Jonah Jackson;Oday Aboushi;Marvin Hall;Tyrell Crosby;Frank Ragnow;Marvin Jones;Matthew Stafford;Mohamed Sanu;Kerryon Johnson;Jesse James,00-0036304;00-0033038;00-0034163;00-0032758;00-0034594;00-0027949;00-0032094;00-0035244;00-0034361;00-0031372;00-0029643,John Reid;Eric Murray;Jacob Martin;Vernon Hargreaves III;A.J. Moore;J.J. Watt;Tyrell Adams;Lonnie Johnson;Justin Reid;Bradley Roby;Whitney Mercilus
2020_12_HOU_DET,3429,run,0.0,66.0,66.0,7.0,10:24,10:17,,17.0,34.0,4.0,1.0,"4 DL, 3 LB, 4 DB",;;;;;;;;;;,11,8,,,,,00-0032381;00-0036258;00-0030083;00-0035229;00-0034390;00-0034345;00-0026498;00-0029632;00-0034349;00-0034171;00-0032135,Taylor Decker;Jonah Jackson;Oday Aboushi;T.J. Hockenson;Tyrell Crosby;Frank Ragnow;Matthew Stafford;Mohamed Sanu;Kerryon Johnson;Jason Cabinda;Jesse James,00-0033038;00-0032758;00-0027949;00-0033547;00-0032094;00-0033563;00-0035279;00-0034361;00-0031372;00-0031127;00-0029643,Eric Murray;Vernon Hargreaves III;J.J. Watt;Zach Cunningham;Tyrell Adams;Carlos Watkins;Charles Omenihu;Justin Reid;Bradley Roby;Brandon Dunn;Whitney Mercilus
2020_12_HOU_DET,3450,pass,34.0,34.0,0.0,10.0,10:17,10:07,,17.0,40.0,1.0,10.0,"3 DL, 3 LB, 5 DB",;;;;;;;;;;,11,6,5,ZONE_COVERAGE,COVER_3,False,00-0035245;00-0034366;00-0029738;00-0032380;00-0033537;00-0035234;00-0032257;00-0031236;00-0030997;00-0032969;00-0033127,Max Scharping;Keke Coutee;Darren Fells;Laremy Tunsil;Deshaun Watson;Tytus Howard;Duke Johnson;Brandin Cooks;Zach Fulton;Nick Martin;Will Fuller,00-0032143;00-0031796;00-0035240;00-0032655;00-0030421;00-0031130;00-0035270;00-0032454;00-0036238;00-0034745;00-0030383,Danny Shelton;Justin Coleman;Jahlani Tavai;Romeo Okwara;Jamie Collins;Christian Jones;Amani Oruwariye;Jayron Kearse;John Penisini;Tracy Walker III;Duron Harmon
2020_12_HOU_DET,3479,extra_point,0.0,15.0,15.0,0.0,10:07,10:07,,17.0,41.0,,0.0,,;;;;;;;;;;,11,,,,,,00-0035245;00-0031031;00-0029738;00-0032380;00-0035234;00-0033439;00-0032726;00-0029692;00-0030997;00-0027224;00-0029546,Max Scharping;Brent Qvale;Darren Fells;Laremy Tunsil;Tytus Howard;Pharaoh Brown;Ka'imi Fairbairn;Bryan Anger;Zach Fulton;Jon Weeks;Senio Kelemete,00-0030500;00-0033557;00-0031796;00-0032655;00-0031130;00-0033779;00-0027701;00-0036238;00-0032399;00-0033539;00-0030383,Nick Williams;Jalen Reeves-Maybin;Justin Coleman;Romeo Okwara;Christian Jones;Dee Virgin;Everson Griffen;John Penisini;Miles Killebrew;Jarrad Davis;Duron Harmon
2020_12_HOU_DET,3495,kickoff,0.0,35.0,35.0,0.0,10:07,10:07,,17.0,41.0,,0.0,,;;;;;;;;;;,11,,,,,,00-0036304;00-0034421;00-0034435;00-0034594;00-0035415;00-0034449;00-0032726;00-0035244;00-0036224;00-0034792;00-0036069,John Reid;Peter Kalambayi;Keion Crossen;A.J. Moore;Nate Hall;Buddy Howell;Ka'imi Fairbairn;Lonnie Johnson;Jonathan Greenard;Cornell Armstrong;Scottie Phillips,00-0033572;00-0033557;00-0035539;00-0035240;00-0036277;00-0032399;00-0035655;00-0034171;00-0032975;00-0035327;00-0032135,Jamal Agnew;Jalen Reeves-Maybin;Isaac Nauta;Jahlani Tavai;Quintez Cephus;Miles Killebrew;Will Harris;Jason Cabinda;Jonathan Williams;C.J. Moore;Jesse James
2020_12_HOU_DET,3510,pass,4.0,75.0,71.0,15.0,10:07,9:52,,17.0,41.0,1.0,10.0,"3 DL, 2 LB, 6 DB",;;;;;;;;;;,11,5,4,ZONE_COVERAGE,COVER_3,False,00-0032381;00-0036258;00-0030083;00-0033094;00-0035229;00-0034390;00-0034345;00-0029293;00-0026498;00-0029632;00-0032975,Taylor Decker;Jonah Jackson;Oday Aboushi;Marvin Hall;T.J. Hockenson;Tyrell Crosby;Frank Ragnow;Marvin Jones;Matthew Stafford;Mohamed Sanu;Jonathan Williams,00-0034435;00-0034163;00-0033038;00-0032758;00-0034594;00-0027949;00-0032094;00-0035244;00-0035279;00-0034361;00-0029643,Keion Crossen;Jacob Martin;Eric Murray;Vernon Hargreaves III;A.J. Moore;J.J. Watt;Tyrell Adams;Lonnie Johnson;Charles Omenihu;Justin Reid;Whitney Mercilus
2020_12_HOU_DET,3539,pass,2.0,71.0,69.0,34.0,9:52,9:18,,17.0,41.0,2.0,6.0,"3 DL, 2 LB, 6 DB",;;;;;;;;;;,11,6,4,ZONE_COVERAGE,COVER_3,False,00-0032381;00-0036258;00-0030083;00-0033094;00-0035229;00-0034390;00-0034345;00-0029293;00-0026498;00-0029632;00-0032975,Taylor Decker;Jonah Jackson;Oday Aboushi;Marvin Hall;T.J. Hockenson;Tyrell Crosby;Frank Ragnow;Marvin Jones;Matthew Stafford;Mohamed Sanu;Jonathan Williams,00-0034435;00-0033038;00-0034163;00-0032758;00-0034594;00-0027949;00-0032094;00-0035244;00-0035279;00-0034361;00-0029643,Keion Crossen;Eric Murray;Jacob Martin;Vernon Hargreaves III;A.J. Moore;J.J. Watt;Tyrell Adams;Lonnie Johnson;Charles Omenihu;Justin Reid;Whitney Mercilus
2020_12_HOU_DET,3563,pass,0.0,69.0,69.0,6.0,9:18,9:12,,17.0,41.0,3.0,4.0,"3 DL, 2 LB, 6 DB",;;;;;;;;;;,11,6,3,ZONE_COVERAGE,COVER_2,True,00-0032381;00-0036258;00-0030083;00-0033094;00-0035229;00-0034390;00-0034345;00-0029293;00-0026498;00-0029632;00-0032975,Taylor Decker;Jonah Jackson;Oday Aboushi;Marvin Hall;T.J. Hockenson;Tyrell Crosby;Frank Ragnow;Marvin Jones;Matthew Stafford;Mohamed Sanu;Jonathan Williams,00-0034435;00-0033038;00-0034163;00-0032758;00-0034594;00-0027949;00-0032094;00-0035244;00-0035279;00-0034361;00-0029643,Keion Crossen;Eric Murray;Jacob Martin;Vernon Hargreaves III;A.J. Moore;J.J. Watt;Tyrell Adams;Lonnie Johnson;Charles Omenihu;Justin Reid;Whitney Mercilus
2020_12_HOU_DET,3585,pass,5.0,69.0,64.0,26.0,9:12,8:46,,17.0,41.0,4.0,4.0,"3 DL, 2 LB, 6 DB",;;;;;;;;;;,11,6,4,MAN_COVERAGE,COVER_1,False,00-0032381;00-0036258;00-0030083;00-0033094;00-0035229;00-0034390;00-0034345;00-0029293;00-0026498;00-0029632;00-0032975,Taylor Decker;Jonah Jackson;Oday Aboushi;Marvin Hall;T.J. Hockenson;Tyrell Crosby;Frank Ragnow;Marvin Jones;Matthew Stafford;Mohamed Sanu;Jonathan Williams,00-0034435;00-0034163;00-0033038;00-0034594;00-0032758;00-0027949;00-0032094;00-0035244;00-0035279;00-0034361;00-0029643,Keion Crossen;Jacob Martin;Eric Murray;A.J. Moore;Vernon Hargreaves III;J.J. Watt;Tyrell Adams;Lonnie Johnson;Charles Omenihu;Justin Reid;Whitney Mercilus
2020_12_HOU_DET,3609,pass,10.0,64.0,54.0,25.0,8:46,8:21,,17.0,41.0,1.0,10.0,"3 DL, 2 LB, 6 DB",;;;;;;;;;;,11,5,4,ZONE_COVERAGE,COVER_3,False,00-0032381;00-0036258;00-0030083;00-0033094;00-0035229;00-0034390;00-0034345;00-0029293;00-0026498;00-0029632;00-0032975,Taylor Decker;Jonah Jackson;Oday Aboushi;Marvin Hall;T.J. Hockenson;Tyrell Crosby;Frank Ragnow;Marvin Jones;Matthew Stafford;Mohamed Sanu;Jonathan Williams,00-0034435;00-0033038;00-0034163;00-0032758;00-0034594;00-0027949;00-0032094;00-0035244;00-0035279;00-0034361;00-0029643,Keion Crossen;Eric Murray;Jacob Martin;Vernon Hargreaves III;A.J. Moore;J.J. Watt;Tyrell Adams;Lonnie Johnson;Charles Omenihu;Justin Reid;Whitney Mercilus
2020_12_HOU_DET,3633,pass,9.0,54.0,45.0,29.0,8:21,7:52,,17.0,41.0,1.0,10.0,"3 DL, 2 LB, 6 DB",;;;;;;;;;;,11,5,4,ZONE_COVERAGE,COVER_3,False,00-0032381;00-0036258;00-0030083;00-0035229;00-0033094;00-0034390;00-0034345;00-0029293;00-0026498;00-0029632;00-0032975,Taylor Decker;Jonah Jackson;Oday Aboushi;T.J. Hockenson;Marvin Hall;Tyrell Crosby;Frank Ragnow;Marvin Jones;Matthew Stafford;Mohamed Sanu;Jonathan Williams,00-0034435;00-0033038;00-0034163;00-0032758;00-0034594;00-0027949;00-0032094;00-0035244;00-0035279;00-0034361;00-0036224,Keion Crossen;Eric Murray;Jacob Martin;Vernon Hargreaves III;A.J. Moore;J.J. Watt;Tyrell Adams;Lonnie Johnson;Charles Omenihu;Justin Reid;Jonathan Greenard
2020_12_HOU_DET,3657,pass,0.0,45.0,45.0,4.0,7:52,7:48,,17.0,41.0,2.0,1.0,"3 DL, 2 LB, 6 DB",;;;;;;;;;;,11,6,5,ZONE_COVERAGE,COVER_3,False,00-0032381;00-0036258;00-0033572;00-0030083;00-0033094;00-0035229;00-0034390;00-0034345;00-0029293;00-0026498;00-0034349,Taylor Decker;Jonah Jackson;Jamal Agnew;Oday Aboushi;Marvin Hall;T.J. Hockenson;Tyrell Crosby;Frank Ragnow;Marvin Jones;Matthew Stafford;Kerryon Johnson,00-0034435;00-0034163;00-0033038;00-0032758;00-0034594;00-0035415;00-0027949;00-0035244;00-0033563;00-0034361;00-0036224,Keion Crossen;Jacob Martin;Eric Murray;Vernon Hargreaves III;A.J. Moore;Nate Hall;J.J. Watt;Lonnie Johnson;Carlos Watkins;Justin Reid;Jonathan Greenard
2020_12_HOU_DET,3683,pass,4.0,45.0,41.0,23.0,7:48,7:25,,17.0,41.0,3.0,1.0,"3 DL, 2 LB, 6 DB",;;;;;;;;;;,11,6,4,ZONE_COVERAGE,COVER_4,False,00-0032381;00-0036258;00-0030083;00-0033094;00-0035229;00-0034390;00-0034345;00-0029293;00-0026498;00-0029632;00-0032975,Taylor Decker;Jonah Jackson;Oday Aboushi;Marvin Hall;T.J. Hockenson;Tyrell Crosby;Frank Ragnow;Marvin Jones;Matthew Stafford;Mohamed Sanu;Jonathan Williams,00-0034435;00-0033038;00-0034163;00-0032758;00-0034594;00-0035415;00-0027949;00-0035244;00-0033563;00-0034361;00-0036224,Keion Crossen;Eric Murray;Jacob Martin;Vernon Hargreaves III;A.J. Moore;Nate Hall;J.J. Watt;Lonnie Johnson;Carlos Watkins;Justin Reid;Jonathan Greenard
2020_12_HOU_DET,3707,pass,0.0,41.0,41.0,6.0,7:25,7:19,,17.0,41.0,1.0,10.0,"3 DL, 2 LB, 6 DB",;;;;;;;;;;,11,7,4,ZONE_COVERAGE,COVER_3,False,00-0032381;00-0036258;00-0030083;00-0033094;00-0035229;00-0034390;00-0034345;00-0029293;00-0026498;00-0029632;00-0032975,Taylor Decker;Jonah Jackson;Oday Aboushi;Marvin Hall;T.J. Hockenson;Tyrell Crosby;Frank Ragnow;Marvin Jones;Matthew Stafford;Mohamed Sanu;Jonathan Williams,00-0034435;00-0033038;00-0034163;00-0032758;00-0034594;00-0027949;00-0032094;00-0035244;00-0033563;00-0034361;00-0036224,Keion Crossen;Eric Murray;Jacob Martin;Vernon Hargreaves III;A.J. Moore;J.J. Watt;Tyrell Adams;Lonnie Johnson;Carlos Watkins;Justin Reid;Jonathan Greenard
2020_12_HOU_DET,3732,pass,11.0,41.0,30.0,11.0,7:19,7:08,,17.0,41.0,2.0,10.0,"3 DL, 2 LB, 6 DB",;;;;;;;;;;,11,6,5,ZONE_COVERAGE,COVER_3,False,00-0032381;00-0036258;00-0030083;00-0033094;00-0035229;00-0034390;00-0036277;00-0034345;00-0026498;00-0029632;00-0032975,Taylor Decker;Jonah Jackson;Oday Aboushi;Marvin Hall;T.J. Hockenson;Tyrell Crosby;Quintez Cephus;Frank Ragnow;Matthew Stafford;Mohamed Sanu;Jonathan Williams,00-0034435;00-0033038;00-0034163;00-0032758;00-0034594;00-0027949;00-0032094;00-0035244;00-0033563;00-0034361;00-0029643,Keion Crossen;Eric Murray;Jacob Martin;Vernon Hargreaves III;A.J. Moore;J.J. Watt;Tyrell Adams;Lonnie Johnson;Carlos Watkins;Justin Reid;Whitney Mercilus
2020_12_HOU_DET,3762,pass,16.0,30.0,14.0,31.0,7:08,6:37,,17.0,41.0,1.0,10.0,"3 DL, 2 LB, 6 DB",;;;;;;;;;;,11,5,4,MAN_COVERAGE,COVER_1,False,00-0032381;00-0036258;00-0030083;00-0033094;00-0034390;00-0034345;00-0029293;00-0026498;00-0029632;00-0032975;00-0032135,Taylor Decker;Jonah Jackson;Oday Aboushi;Marvin Hall;Tyrell Crosby;Frank Ragnow;Marvin Jones;Matthew Stafford;Mohamed Sanu;Jonathan Williams;Jesse James,00-0034435;00-0033038;00-0034163;00-0032758;00-0034594;00-0027949;00-0032094;00-0035244;00-0033563;00-0034361;00-0029643,Keion Crossen;Eric Murray;Jacob Martin;Vernon Hargreaves III;A.J. Moore;J.J. Watt;Tyrell Adams;Lonnie Johnson;Carlos Watkins;Justin Reid;Whitney Mercilus
2020_12_HOU_DET,3786,pass,14.0,14.0,0.0,5.0,6:37,6:32,,23.0,41.0,1.0,10.0,"3 DL, 2 LB, 6 DB",;;;;;;;;;;,11,7,6,MAN_COVERAGE,COVER_0,True,00-0032381;00-0036258;00-0030083;00-0033094;00-0034390;00-0034345;00-0029293;00-0026498;00-0029632;00-0032975;00-0032135,Taylor Decker;Jonah Jackson;Oday Aboushi;Marvin Hall;Tyrell Crosby;Frank Ragnow;Marvin Jones;Matthew Stafford;Mohamed Sanu;Jonathan Williams;Jesse James,00-0034435;00-0033038;00-0034163;00-0032758;00-0034594;00-0027949;00-0032094;00-0035244;00-0033563;00-0034361;00-0029643,Keion Crossen;Eric Murray;Jacob Martin;Vernon Hargreaves III;A.J. Moore;J.J. Watt;Tyrell Adams;Lonnie Johnson;Carlos Watkins;Justin Reid;Whitney Mercilus
2020_12_HOU_DET,3811,pass,2.0,2.0,0.0,0.0,6:32,6:32,,25.0,41.0,,0.0,"3 DL, 3 LB, 5 DB",;;;;;;;;;;,11,7,,,,,00-0032381;00-0036258;00-0030083;00-0035229;00-0034390;00-0036277;00-0034345;00-0029293;00-0026498;00-0029632;00-0034349,Taylor Decker;Jonah Jackson;Oday Aboushi;T.J. Hockenson;Tyrell Crosby;Quintez Cephus;Frank Ragnow;Marvin Jones;Matthew Stafford;Mohamed Sanu;Kerryon Johnson,00-0034435;00-0033038;00-0032758;00-0027949;00-0033547;00-0032094;00-0035244;00-0033563;00-0035279;00-0034361;00-0029643,Keion Crossen;Eric Murray;Vernon Hargreaves III;J.J. Watt;Zach Cunningham;Tyrell Adams;Lonnie Johnson;Carlos Watkins;Charles Omenihu;Justin Reid;Whitney Mercilus
2020_12_HOU_DET,3825,kickoff,0.0,35.0,35.0,3.0,6:32,6:29,,25.0,41.0,,0.0,,;;;;;;;;;;,11,,,,,,00-0033572;00-0033557;00-0031796;00-0032454;00-0023853;00-0032399;00-0034745;00-0033539;00-0035655;00-0030383;00-0035327,Jamal Agnew;Jalen Reeves-Maybin;Justin Coleman;Jayron Kearse;Matt Prater;Miles Killebrew;Tracy Walker III;Jarrad Davis;Will Harris;Duron Harmon;C.J. Moore,00-0034421;00-0034366;00-0034435;00-0034594;00-0029738;00-0034449;00-0032094;00-0033439;00-0031015;00-0034364;00-0034361,Peter Kalambayi;Keke Coutee;Keion Crossen;A.J. Moore;Darren Fells;Buddy Howell;Tyrell Adams;Pharaoh Brown;Phillip Gaines;Jordan Akins;Justin Reid
2020_12_HOU_DET,3849,run,7.0,72.0,65.0,44.0,6:29,5:45,,25.0,41.0,1.0,10.0,"4 DL, 3 LB, 4 DB",;;;;;;;;;;,11,7,,,,,00-0035245;00-0034366;00-0029738;00-0032380;00-0033537;00-0035234;00-0034081;00-0034364;00-0030997;00-0032969;00-0032393,Max Scharping;Keke Coutee;Darren Fells;Laremy Tunsil;Deshaun Watson;Tytus Howard;Steven Mitchell;Jordan Akins;Zach Fulton;Nick Martin;C.J. Prosise,00-0030500;00-0031796;00-0035240;00-0032655;00-0030421;00-0031130;00-0035455;00-0035270;00-0032454;00-0036238;00-0030383,Nick Williams;Justin Coleman;Jahlani Tavai;Romeo Okwara;Jamie Collins;Christian Jones;Albert Huggins;Amani Oruwariye;Jayron Kearse;John Penisini;Duron Harmon
2020_12_HOU_DET,3870,run,1.0,65.0,64.0,43.0,5:45,5:02,,25.0,41.0,2.0,3.0,"4 DL, 3 LB, 4 DB",;;;;;;;;;;,11,8,,,,,00-0035245;00-0034366;00-0029738;00-0032380;00-0033537;00-0035234;00-0034081;00-0034364;00-0030997;00-0032969;00-0032393,Max Scharping;Keke Coutee;Darren Fells;Laremy Tunsil;Deshaun Watson;Tytus Howard;Steven Mitchell;Jordan Akins;Zach Fulton;Nick Martin;C.J. Prosise,00-0030500;00-0031796;00-0035240;00-0032655;00-0030421;00-0031130;00-0035455;00-0035270;00-0032454;00-0036238;00-0030383,Nick Williams;Justin Coleman;Jahlani Tavai;Romeo Okwara;Jamie Collins;Christian Jones;Albert Huggins;Amani Oruwariye;Jayron Kearse;John Penisini;Duron Harmon
2020_12_HOU_DET,3891,run,1.0,64.0,63.0,47.0,5:02,4:15,,25.0,41.0,3.0,2.0,"3 DL, 3 LB, 5 DB",;;;;;;;;;;,11,7,,,,,00-0035245;00-0029738;00-0032380;00-0033537;00-0035234;00-0031236;00-0033439;00-0030997;00-0032969;00-0033127;00-0032393,Max Scharping;Darren Fells;Laremy Tunsil;Deshaun Watson;Tytus Howard;Brandin Cooks;Pharaoh Brown;Zach Fulton;Nick Martin;Will Fuller;C.J. Prosise,00-0030500;00-0031796;00-0035240;00-0032655;00-0030421;00-0031130;00-0035270;00-0032454;00-0036238;00-0034745;00-0030383,Nick Williams;Justin Coleman;Jahlani Tavai;Romeo Okwara;Jamie Collins;Christian Jones;Amani Oruwariye;Jayron Kearse;John Penisini;Tracy Walker III;Duron Harmon
2020_12_HOU_DET,3912,no_play,0.0,63.0,63.0,1.0,4:15,4:14,,25.0,41.0,4.0,1.0,,;;;;;;;;;;,11,,,,,,00-0034421;00-0034435;00-0034594;00-0035415;00-0034449;00-0033547;00-0032094;00-0029692;00-0027224;00-0034361;00-0032393,Peter Kalambayi;Keion Crossen;A.J. Moore;Nate Hall;Buddy Howell;Zach Cunningham;Tyrell Adams;Bryan Anger;Jon Weeks;Justin Reid;C.J. Prosise,00-0033572;00-0033557;00-0031796;00-0032655;00-0033779;00-0032399;00-0034745;00-0033539;00-0035655;00-0034171;00-0035327,Jamal Agnew;Jalen Reeves-Maybin;Justin Coleman;Romeo Okwara;Dee Virgin;Miles Killebrew;Tracy Walker III;Jarrad Davis;Will Harris;Jason Cabinda;C.J. Moore
2020_12_HOU_DET,3935,no_play,0.0,67.0,67.0,11.0,4:14,4:03,,25.0,41.0,4.0,5.0,,;;;;;;;;;;,11,,,,,,00-0034421;00-0034435;00-0034594;00-0035415;00-0034449;00-0033547;00-0032094;00-0029692;00-0027224;00-0034361;00-0032393,Peter Kalambayi;Keion Crossen;A.J. Moore;Nate Hall;Buddy Howell;Zach Cunningham;Tyrell Adams;Bryan Anger;Jon Weeks;Justin Reid;C.J. Prosise,00-0033572;00-0033557;00-0031796;00-0032655;00-0033779;00-0032399;00-0034745;00-0033539;00-0035655;00-0034171;00-0035327,Jamal Agnew;Jalen Reeves-Maybin;Justin Coleman;Romeo Okwara;Dee Virgin;Miles Killebrew;Tracy Walker III;Jarrad Davis;Will Harris;Jason Cabinda;C.J. Moore
2020_12_HOU_DET,3965,punt,0.0,63.0,63.0,10.0,4:03,3:53,,25.0,41.0,4.0,1.0,,;;;;;;;;;;,11,,,,,,00-0034421;00-0034594;00-0035415;00-0034449;00-0033547;00-0032094;00-0029692;00-0027224;00-0034361;00-0034792;00-0032393,Peter Kalambayi;A.J. Moore;Nate Hall;Buddy Howell;Zach Cunningham;Tyrell Adams;Bryan Anger;Jon Weeks;Justin Reid;Cornell Armstrong;C.J. Prosise,00-0033572;00-0033557;00-0031796;00-0032655;00-0033779;00-0036277;00-0032399;00-0033539;00-0035655;00-0034171;00-0035327,Jamal Agnew;Jalen Reeves-Maybin;Justin Coleman;Romeo Okwara;Dee Virgin;Quintez Cephus;Miles Killebrew;Jarrad Davis;Will Harris;Jason Cabinda;C.J. Moore
2020_12_HOU_DET,3993,pass,7.0,73.0,66.0,26.0,3:53,3:27,,25.0,41.0,1.0,10.0,"3 DL, 2 LB, 6 DB",;;;;;;;;;;,11,6,4,ZONE_COVERAGE,COVER_2,False,00-0032381;00-0036258;00-0030083;00-0033094;00-0035229;00-0034390;00-0034345;00-0029293;00-0026498;00-0029632;00-0032975,Taylor Decker;Jonah Jackson;Oday Aboushi;Marvin Hall;T.J. Hockenson;Tyrell Crosby;Frank Ragnow;Marvin Jones;Matthew Stafford;Mohamed Sanu;Jonathan Williams,00-0036304;00-0034435;00-0034163;00-0032758;00-0034594;00-0027949;00-0035415;00-0035244;00-0035279;00-0034361;00-0029643,John Reid;Keion Crossen;Jacob Martin;Vernon Hargreaves III;A.J. Moore;J.J. Watt;Nate Hall;Lonnie Johnson;Charles Omenihu;Justin Reid;Whitney Mercilus
2020_12_HOU_DET,4017,pass,0.0,66.0,66.0,6.0,3:27,3:21,,25.0,41.0,2.0,3.0,"3 DL, 2 LB, 6 DB",;;;;;;;;;;,11,6,4,ZONE_COVERAGE,COVER_2,False,00-0032381;00-0036258;00-0030083;00-0033094;00-0035229;00-0034390;00-0034345;00-0029293;00-0026498;00-0029632;00-0032975,Taylor Decker;Jonah Jackson;Oday Aboushi;Marvin Hall;T.J. Hockenson;Tyrell Crosby;Frank Ragnow;Marvin Jones;Matthew Stafford;Mohamed Sanu;Jonathan Williams,00-0036304;00-0034435;00-0034163;00-0032758;00-0034594;00-0027949;00-0035415;00-0035244;00-0035279;00-0034361;00-0029643,John Reid;Keion Crossen;Jacob Martin;Vernon Hargreaves III;A.J. Moore;J.J. Watt;Nate Hall;Lonnie Johnson;Charles Omenihu;Justin Reid;Whitney Mercilus
2020_12_HOU_DET,4039,pass,7.0,66.0,59.0,26.0,3:21,2:55,,25.0,41.0,3.0,3.0,"3 DL, 2 LB, 6 DB",;;;;;;;;;;,11,6,4,ZONE_COVERAGE,COVER_2,False,00-0036258;00-0029293;00-0032381;00-0034345;00-0034390;00-0035229;00-0026498;00-0029632;00-0032975;00-0030083;00-0036277,Jonah Jackson;Marvin Jones;Taylor Decker;Frank Ragnow;Tyrell Crosby;T.J. Hockenson;Matthew Stafford;Mohamed Sanu;Jonathan Williams;Oday Aboushi;Quintez Cephus,00-0032758;00-0036304;00-0034435;00-0035279;00-0035415;00-0034163;00-0034361;00-0034594;00-0027949;00-0029643;00-0035244,Vernon Hargreaves III;John Reid;Keion Crossen;Charles Omenihu;Nate Hall;Jacob Martin;Justin Reid;A.J. Moore;J.J. Watt;Whitney Mercilus;Lonnie Johnson
2020_12_HOU_DET,4063,pass,6.0,59.0,53.0,25.0,2:55,2:30,,25.0,41.0,1.0,10.0,"3 DL, 2 LB, 6 DB",;;;;;;;;;;,11,6,4,ZONE_COVERAGE,COVER_3,False,00-0032381;00-0036258;00-0030083;00-0035229;00-0034390;00-0036277;00-0034345;00-0029293;00-0026498;00-0029632;00-0032975,Taylor Decker;Jonah Jackson;Oday Aboushi;T.J. Hockenson;Tyrell Crosby;Quintez Cephus;Frank Ragnow;Marvin Jones;Matthew Stafford;Mohamed Sanu;Jonathan Williams,00-0036304;00-0034435;00-0034163;00-0034594;00-0032758;00-0035415;00-0027949;00-0035244;00-0035279;00-0034361;00-0029643,John Reid;Keion Crossen;Jacob Martin;A.J. Moore;Vernon Hargreaves III;Nate Hall;J.J. Watt;Lonnie Johnson;Charles Omenihu;Justin Reid;Whitney Mercilus
2020_12_HOU_DET,4087,pass,5.0,53.0,48.0,26.0,2:30,2:04,,25.0,41.0,2.0,4.0,"3 DL, 2 LB, 6 DB",;;;;;;;;;;,11,5,4,ZONE_COVERAGE,COVER_2,False,00-0032381;00-0036258;00-0033572;00-0030083;00-0035229;00-0034390;00-0036277;00-0034345;00-0029293;00-0026498;00-0032975,Taylor Decker;Jonah Jackson;Jamal Agnew;Oday Aboushi;T.J. Hockenson;Tyrell Crosby;Quintez Cephus;Frank Ragnow;Marvin Jones;Matthew Stafford;Jonathan Williams,00-0036304;00-0034435;00-0034163;00-0033038;00-0034594;00-0032758;00-0027949;00-0035415;00-0035244;00-0035279;00-0029643,John Reid;Keion Crossen;Jacob Martin;Eric Murray;A.J. Moore;Vernon Hargreaves III;J.J. Watt;Nate Hall;Lonnie Johnson;Charles Omenihu;Whitney Mercilus
2020_12_HOU_DET,4111,pass,0.0,48.0,48.0,5.0,2:04,1:59,,25.0,41.0,1.0,10.0,"3 DL, 2 LB, 6 DB",;;;;;;;;;;,11,5,4,ZONE_COVERAGE,COVER_2,False,00-0032381;00-0036258;00-0033572;00-0030083;00-0035229;00-0034390;00-0036277;00-0034345;00-0029293;00-0026498;00-0032975,Taylor Decker;Jonah Jackson;Jamal Agnew;Oday Aboushi;T.J. Hockenson;Tyrell Crosby;Quintez Cephus;Frank Ragnow;Marvin Jones;Matthew Stafford;Jonathan Williams,00-0036304;00-0034435;00-0034163;00-0033038;00-0034594;00-0032758;00-0035415;00-0027949;00-0035244;00-0035279;00-0036224,John Reid;Keion Crossen;Jacob Martin;Eric Murray;A.J. Moore;Vernon Hargreaves III;Nate Hall;J.J. Watt;Lonnie Johnson;Charles Omenihu;Jonathan Greenard
2020_12_HOU_DET,4150,pass,-1.0,48.0,49.0,8.0,1:59,1:51,,25.0,41.0,2.0,10.0,"2 DL, 3 LB, 6 DB",;;;;;;;;;;,11,6,5,,,,00-0032381;00-0036258;00-0030083;00-0033094;00-0035229;00-0034390;00-0034345;00-0029293;00-0026498;00-0029632;00-0034349,Taylor Decker;Jonah Jackson;Oday Aboushi;Marvin Hall;T.J. Hockenson;Tyrell Crosby;Frank Ragnow;Marvin Jones;Matthew Stafford;Mohamed Sanu;Kerryon Johnson,00-0036304;00-0034421;00-0034435;00-0033038;00-0034594;00-0032758;00-0035415;00-0027949;00-0035244;00-0035279;00-0029643,John Reid;Peter Kalambayi;Keion Crossen;Eric Murray;A.J. Moore;Vernon Hargreaves III;Nate Hall;J.J. Watt;Lonnie Johnson;Charles Omenihu;Whitney Mercilus
2020_12_HOU_DET,4179,pass,-4.0,49.0,53.0,0.0,1:51,1:51,,25.0,41.0,3.0,11.0,"3 DL, 2 LB, 6 DB",;;;;;;;;;;,11,6,5,,,,00-0032381;00-0036258;00-0030083;00-0035229;00-0034390;00-0036277;00-0034345;00-0029293;00-0026498;00-0029632;00-0034349,Taylor Decker;Jonah Jackson;Oday Aboushi;T.J. Hockenson;Tyrell Crosby;Quintez Cephus;Frank Ragnow;Marvin Jones;Matthew Stafford;Mohamed Sanu;Kerryon Johnson,00-0036304;00-0034435;00-0034163;00-0033038;00-0034594;00-0032758;00-0035415;00-0027949;00-0035244;00-0035279;00-0029643,John Reid;Keion Crossen;Jacob Martin;Eric Murray;A.J. Moore;Vernon Hargreaves III;Nate Hall;J.J. Watt;Lonnie Johnson;Charles Omenihu;Whitney Mercilus
2020_12_HOU_DET,4197,timeout,0.0,,,8.0,1:51,1:43,DET,25.0,41.0,,0.0,,,0,,,,,,,,,
2020_12_HOU_DET,4204,timeout,0.0,,,0.0,1:43,1:43,DET,25.0,41.0,,0.0,,,0,,,,,,,,,
2020_12_HOU_DET,4221,pass,0.0,53.0,53.0,8.0,1:43,1:35,,25.0,41.0,4.0,15.0,"3 DL, 2 LB, 6 DB",;;;;;;;;;;,11,6,5,ZONE_COVERAGE,COVER_3,False,00-0032381;00-0036258;00-0030083;00-0035229;00-0034390;00-0036277;00-0034345;00-0029293;00-0026498;00-0029632;00-0034349,Taylor Decker;Jonah Jackson;Oday Aboushi;T.J. Hockenson;Tyrell Crosby;Quintez Cephus;Frank Ragnow;Marvin Jones;Matthew Stafford;Mohamed Sanu;Kerryon Johnson,00-0036304;00-0034435;00-0034163;00-0033038;00-0032758;00-0034594;00-0027949;00-0035415;00-0035244;00-0033563;00-0029643,John Reid;Keion Crossen;Jacob Martin;Eric Murray;Vernon Hargreaves III;A.J. Moore;J.J. Watt;Nate Hall;Lonnie Johnson;Carlos Watkins;Whitney Mercilus
2020_12_HOU_DET,4259,qb_kneel,-1.0,47.0,48.0,43.0,1:35,0:52,,25.0,41.0,1.0,10.0,"4 DL, 3 LB, 4 DB",;;;;;;;;;;,11,9,,,,,00-0035245;00-0029738;00-0034449;00-0032380;00-0033537;00-0035234;00-0034081;00-0033439;00-0030997;00-0032969;00-0036069,Max Scharping;Darren Fells;Buddy Howell;Laremy Tunsil;Deshaun Watson;Tytus Howard;Steven Mitchell;Pharaoh Brown;Zach Fulton;Nick Martin;Scottie Phillips,00-0030500;00-0031796;00-0035240;00-0032655;00-0031130;00-0035455;00-0035270;00-0032454;00-0036238;00-0033539;00-0030383,Nick Williams;Justin Coleman;Jahlani Tavai;Romeo Okwara;Christian Jones;Albert Huggins;Amani Oruwariye;Jayron Kearse;John Penisini;Jarrad Davis;Duron Harmon
2020_12_HOU_DET,4280,qb_kneel,-1.0,48.0,49.0,25.0,0:52,0:27,,25.0,41.0,2.0,11.0,"4 DL, 3 LB, 4 DB",;;;;;;;;;;,11,8,,,,,00-0035245;00-0029738;00-0034449;00-0032380;00-0033537;00-0035234;00-0034081;00-0033439;00-0030997;00-0032969;00-0036069,Max Scharping;Darren Fells;Buddy Howell;Laremy Tunsil;Deshaun Watson;Tytus Howard;Steven Mitchell;Pharaoh Brown;Zach Fulton;Nick Martin;Scottie Phillips,00-0030500;00-0031796;00-0035240;00-0032655;00-0031130;00-0035455;00-0035270;00-0032454;00-0036238;00-0033539;00-0030383,Nick Williams;Justin Coleman;Jahlani Tavai;Romeo Okwara;Christian Jones;Albert Huggins;Amani Oruwariye;Jayron Kearse;John Penisini;Jarrad Davis;Duron Harmon
2020_12_HOU_DET,4301,qb_kneel,-1.0,49.0,50.0,27.0,0:27,0:00,,25.0,41.0,3.0,12.0,"4 DL, 3 LB, 4 DB",;;;;;;;;;;,11,7,,,,,00-0035245;00-0029738;00-0034449;00-0032380;00-0033537;00-0035234;00-0034081;00-0033439;00-0030997;00-0032969;00-0036069,Max Scharping;Darren Fells;Buddy Howell;Laremy Tunsil;Deshaun Watson;Tytus Howard;Steven Mitchell;Pharaoh Brown;Zach Fulton;Nick Martin;Scottie Phillips,00-0030500;00-0031796;00-0035240;00-0032655;00-0031130;00-0035455;00-0035270;00-0032454;00-0036238;00-0033539;00-0030383,Nick Williams;Justin Coleman;Jahlani Tavai;Romeo Okwara;Christian Jones;Albert Huggins;Amani Oruwariye;Jayron Kearse;John Penisini;Jarrad Davis;Duron Harmon
2020_12_HOU_DET,4322,end_game,,,,0.0,0:00,0:00,,25.0,41.0,,0.0,,,0,,,,,,,,,
